image,augmentation,level,snr_db,left_diff_px,right_diff_px,left_lost,right_lost
0049e5b8-725e21a0.jpg,motion_blur,1,34.44592085329751,12.0,1.0,False,False
0081e27b-17bf4a9e.jpg,motion_blur,1,33.80644094263624,16.0,3.0,False,False
00beeb02-50440dcd.jpg,motion_blur,1,32.63785863644935,4.0,0.0,False,False
00d4b6b7-7d0a60bf.jpg,motion_blur,1,31.727419685620255,88.0,21.0,False,False
01118704-2d838d7f.jpg,motion_blur,1,31.928194544186677,17.0,12.0,False,False
0115917e-14907a6a.jpg,motion_blur,1,34.11967516327224,13.0,4.0,False,False
02188a44-65ad27f3.jpg,motion_blur,1,33.00876867881709,23.0,6.0,False,False
02494b7b-079febf8.jpg,motion_blur,1,33.81631188034625,32.0,18.0,False,False
029ffd50-dc944dba.jpg,motion_blur,1,31.32668088292302,12.0,8.0,False,False
0464a98b-860229d5.jpg,motion_blur,1,29.396703713337242,53.0,4.0,False,False
051aadb7-51aad566.jpg,motion_blur,1,36.25710023168491,20.0,34.0,False,False
051aadb7-e953bc4d.jpg,motion_blur,1,30.76575561618236,0.0,2.0,False,False
05743a9b-747658e7.jpg,motion_blur,1,37.291134589624725,243.0,12.0,False,False
057af272-6f700aef.jpg,motion_blur,1,37.07269917702963,13.0,17.0,False,False
05d62296-30c620d5.jpg,motion_blur,1,32.20862169522035,161.0,1.0,False,False
05e5a68e-f0e05a42.jpg,motion_blur,1,30.6300216946698,124.0,15.0,False,False
05fa6494-8f436d04.jpg,motion_blur,1,31.076484866164257,32.0,5.0,False,False
060039d9-5218402b.jpg,motion_blur,1,32.665346785044356,19.0,15.0,False,False
064aa0d6-f75ff4d5.jpg,motion_blur,1,37.82734525509089,19.0,61.0,False,False
07de5062-ddddcbd7.jpg,motion_blur,1,39.96879986148418,8.0,11.0,False,False
088351d1-30833ddc.jpg,motion_blur,1,32.295454245698764,37.0,311.0,False,False
08a49c01-675d3899.jpg,motion_blur,1,37.51381198857085,2.0,6.0,False,False
08d4285a-4a25b9b6.jpg,motion_blur,1,30.54624110243251,5.0,17.0,False,False
09ac21d6-eefa8ed0.jpg,motion_blur,1,27.139250583212558,26.0,21.0,False,False
0a0a0b1a-7c39d841.jpg,motion_blur,1,38.93639096173193,64.0,9.0,False,False
0af6039a-f3c91319.jpg,motion_blur,1,32.096847599415646,14.0,12.0,False,False
0b2f5d0d-8fddc1fc.jpg,motion_blur,1,31.099165857680898,14.0,17.0,False,False
0b4225f9-bfb10f88.jpg,motion_blur,1,33.81127296795802,11.0,0.0,False,False
0ba08fe3-880ae118.jpg,motion_blur,1,34.455794150478674,1.0,2.0,False,False
0c2f33b9-f94d69b5.jpg,motion_blur,1,34.51637469808373,2.0,16.0,False,False
0c984e6d-2b5d7ee4.jpg,motion_blur,1,36.07368349716209,10.0,24.0,False,False
0cb67a01-7cf1687e.jpg,motion_blur,1,33.086547600414,35.0,22.0,False,False
0cc6f3e8-b4c9e348.jpg,motion_blur,1,30.75339546318586,1.0,4.0,False,False
0cf398b3-ce65ab64.jpg,motion_blur,1,27.330201533201475,4.0,43.0,False,False
0d3ec56a-f4cead6f.jpg,motion_blur,1,34.196019178928715,6.0,2.0,False,False
0d61234a-542010b2.jpg,motion_blur,1,35.8722439638963,41.0,32.0,False,False
0e442b65-b17e0b50.jpg,motion_blur,1,35.77201479118404,2.0,30.0,False,False
0e5c7e92-0d9c60f0.jpg,motion_blur,1,32.029326888070706,31.0,15.0,False,False
0f837def-9646c091.jpg,motion_blur,1,34.048089211564445,18.0,1.0,False,False
0fba84f9-73b520ee.jpg,motion_blur,1,32.94523830806623,20.0,3.0,False,False
101a0964-930eae70.jpg,motion_blur,1,38.857908839730825,0.0,7.0,False,False
10389fe8-433c740c.jpg,motion_blur,1,29.41249097761794,74.0,11.0,False,False
10453a95-40759ac3.jpg,motion_blur,1,33.021293271105954,14.0,0.0,False,False
1072195f-0a161ade.jpg,motion_blur,1,33.00447727540886,2.0,24.0,False,False
1072195f-6cf88b25.jpg,motion_blur,1,35.93727356561993,1.0,8.0,False,False
11513e3d-150058c3.jpg,motion_blur,1,33.6060824921351,7.0,5.0,False,False
1189ae68-1a8ad3c6.jpg,motion_blur,1,35.598917114327776,19.0,45.0,False,False
12076ebb-c07285d7.jpg,motion_blur,1,31.06856360664663,36.0,2.0,False,False
125134e5-7dfc45b9.jpg,motion_blur,1,35.64153590930801,13.0,1.0,False,False
12ae9ab8-794f5adc.jpg,motion_blur,1,31.858657813776272,17.0,6.0,False,False
13f61134-50021e53.jpg,motion_blur,1,34.36856437957261,261.0,10.0,False,False
14eace5a-ddf3b303.jpg,motion_blur,1,38.365773260709936,6.0,2.0,False,False
1608cfe7-32da2c5d.jpg,motion_blur,1,31.552073835064785,4.0,13.0,False,False
162995f1-d2c7d259.jpg,motion_blur,1,36.31860653681632,157.0,15.0,False,False
16b0973f-c07b564a.jpg,motion_blur,1,35.14332475768904,41.0,8.0,False,False
1784d67b-6b223914.jpg,motion_blur,1,35.44102088555213,8.0,2.0,False,False
1784d67b-d76145ce.jpg,motion_blur,1,35.2031933982208,38.0,18.0,False,False
188c58f3-792afc71.jpg,motion_blur,1,32.6868765641445,6.0,131.0,False,False
193f7f3b-84bc7998.jpg,motion_blur,1,36.67302658718151,11.0,12.0,False,False
194058b0-ac0616a6.jpg,motion_blur,1,30.97650511973836,6.0,397.0,False,False
19e56249-09c4bbc6.jpg,motion_blur,1,35.20386880833836,0.0,14.0,False,False
1a71faae-d5f255fd.jpg,motion_blur,1,33.31561987088196,31.0,12.0,False,False
1a8992a7-da5a8510.jpg,motion_blur,1,37.942769040891065,43.0,21.0,False,False
1ac0178c-0b259360.jpg,motion_blur,1,38.21286573293505,631.0,2.0,False,False
1b30f76f-95aa8a06.jpg,motion_blur,1,35.618199342727195,1.0,8.0,False,False
1bda5a26-420ceea6.jpg,motion_blur,1,36.533839989522775,12.0,34.0,False,False
1bf7f3d2-15f95138.jpg,motion_blur,1,33.427215320785024,14.0,11.0,False,False
1c227a12-10e5552c.jpg,motion_blur,1,35.44415951521391,4.0,4.0,False,False
1c227a12-ec67af93.jpg,motion_blur,1,32.22122591584796,1.0,18.0,False,False
1c5e9657-2e2a2863.jpg,motion_blur,1,35.10189360128038,28.0,1.0,False,False
1cb2a89b-4594573e.jpg,motion_blur,1,32.77528090413865,6.0,19.0,False,False
1cf54809-c6daa5a9.jpg,motion_blur,1,27.370632400254085,10.0,3.0,False,False
1d5e05f8-5020f67d.jpg,motion_blur,1,29.872513072388355,5.0,5.0,False,False
1e57ae90-806bc767.jpg,motion_blur,1,36.695219489627945,21.0,1.0,False,False
1f959fdd-6ff63d34.jpg,motion_blur,1,31.55080022933237,2.0,36.0,False,False
1fa65acf-d43367bc.jpg,motion_blur,1,29.609779166409254,6.0,38.0,False,False
20cfadfa-47711496.jpg,motion_blur,1,35.43728060746335,2.0,21.0,False,False
20cfadfa-6f87fdc1.jpg,motion_blur,1,38.47050112599679,8.0,1.0,False,False
225a1858-0e3a4b04.jpg,motion_blur,1,32.82828402546218,50.0,1.0,False,False
22be2f14-59fbdca0.jpg,motion_blur,1,33.22401211485073,9.0,5.0,False,False
23333f35-0cbc3f0f.jpg,motion_blur,1,32.4674572667337,42.0,16.0,False,False
23df146f-64b50e4c.jpg,motion_blur,1,35.278629971126975,0.0,18.0,False,False
24392d7c-998011c2.jpg,motion_blur,1,33.76383345404567,11.0,99.0,False,False
250e7595-b14da270.jpg,motion_blur,1,29.142458032329586,9.0,2.0,False,False
26190b83-39ccb412.jpg,motion_blur,1,31.459940926575705,4.0,10.0,False,False
272d52f6-8aac36b3.jpg,motion_blur,1,29.94777892149361,42.0,10.0,False,False
2752681a-e813599a.jpg,motion_blur,1,33.58290102636235,19.0,34.0,False,False
27645526-f038b033.jpg,motion_blur,1,26.989204722591108,4.0,293.0,False,False
2773af6f-23e23a6b.jpg,motion_blur,1,31.55874166827875,2.0,60.0,False,False
28faf684-03ef4c6e.jpg,motion_blur,1,37.226655294101825,1.0,0.0,False,False
292720ee-d847ee69.jpg,motion_blur,1,41.66910148492575,15.0,3.0,False,False
2b54fe2d-c5b810e6.jpg,motion_blur,1,30.581218566971398,18.0,10.0,False,False
2b605c48-8dfe352b.jpg,motion_blur,1,32.051563373761276,28.0,24.0,False,False
2beccce2-354608e2.jpg,motion_blur,1,33.15899016219457,14.0,57.0,False,False
2c87e51d-aa7a8031.jpg,motion_blur,1,39.68642063374211,16.0,90.0,False,False
2ce0b449-e818dc97.jpg,motion_blur,1,36.27713288246476,8.0,13.0,False,False
2cf976a2-479cd46b.jpg,motion_blur,1,29.4490317589484,18.0,8.0,False,False
2e2fae77-b7497ca0.jpg,motion_blur,1,27.35187160796468,4.0,19.0,False,False
2ead8042-2493c03f.jpg,motion_blur,1,33.83911333417507,0.0,48.0,False,False
2f1864c1-1a17d11c.jpg,motion_blur,1,29.083509418278002,1.0,8.0,False,False
2f879dc0-b09e4824.jpg,motion_blur,1,30.66022951933966,11.0,24.0,False,False
2fc9ad1e-ee4c9e43.jpg,motion_blur,1,36.657332863782564,64.0,11.0,False,False
3050b249-0ffbd6ec.jpg,motion_blur,1,36.59607845308211,5.0,58.0,False,False
314cc010-3eab5c90.jpg,motion_blur,1,35.69727260015635,47.0,0.0,False,False
31765c6b-90b0d612.jpg,motion_blur,1,33.24233224197231,10.0,0.0,False,False
31cf6eba-5c84c636.jpg,motion_blur,1,29.06741580905858,16.0,11.0,False,False
32de2244-122f1783.jpg,motion_blur,1,37.10050209973631,1.0,1.0,False,False
33420085-32996107.jpg,motion_blur,1,39.92751856958463,4.0,3.0,False,False
3430a5e6-00ec38d2.jpg,motion_blur,1,24.988004885242958,9.0,13.0,False,False
35eb46d0-8f7e28a0.jpg,motion_blur,1,38.494282659964554,5.0,4.0,False,False
3735fc3d-69d8b80c.jpg,motion_blur,1,33.049863199047124,25.0,22.0,False,False
3740cd4f-ff1d423d.jpg,motion_blur,1,32.65353200645957,80.0,2.0,False,False
375abba2-9f2ed56c.jpg,motion_blur,1,33.692156718234244,10.0,24.0,False,False
37723e55-31730cf5.jpg,motion_blur,1,30.71628412822126,35.0,8.0,False,False
380a3f8e-ba4f0def.jpg,motion_blur,1,36.5681848756297,3.0,8.0,False,False
385b0f61-1aee12ef.jpg,motion_blur,1,31.792120415998998,33.0,5.0,False,False
3865fea7-b4fe472d.jpg,motion_blur,1,33.63324445275218,24.0,17.0,False,False
38e561dd-8ea8ae2d.jpg,motion_blur,1,32.630932136004205,14.0,4.0,False,False
38ed8d8d-93c48de2.jpg,motion_blur,1,35.31572152310728,20.0,146.0,False,False
38ed8d8d-b1c230ef.jpg,motion_blur,1,35.323189983550236,13.0,9.0,False,False
38ed8d8d-fa50400c.jpg,motion_blur,1,35.83202421364072,1.0,6.0,False,False
3900ad8c-8834019f.jpg,motion_blur,1,34.52587651994261,,19.0,False,False
39ddb110-04604b9c.jpg,motion_blur,1,29.487160795335633,0.0,2.0,False,False
39fc6d1c-6155351d.jpg,motion_blur,1,36.66080995142967,,3.0,False,False
3a278d39-b92df256.jpg,motion_blur,1,32.98120246302599,5.0,4.0,False,False
3a3407a2-df8ea956.jpg,motion_blur,1,30.77111169710879,13.0,1.0,False,False
3ad0c4a7-2a3d544e.jpg,motion_blur,1,31.2616250276886,32.0,11.0,False,False
3b1e1bc1-ee64e36e.jpg,motion_blur,1,27.725748563441684,13.0,13.0,False,False
3b44ef5a-c09e8479.jpg,motion_blur,1,31.349917326373497,169.0,45.0,False,False
3b563c5e-0102edaf.jpg,motion_blur,1,36.57884283387594,2.0,4.0,False,False
3b9716a6-d2566395.jpg,motion_blur,1,33.72282944002853,33.0,3.0,False,False
3c0bbdc2-79baffce.jpg,motion_blur,1,38.64743424147217,26.0,9.0,False,False
3c5752b6-9c0bdf98.jpg,motion_blur,1,28.425528310827968,100.0,119.0,False,False
3c95ae26-68abac3f.jpg,motion_blur,1,32.946907117542864,3.0,17.0,False,False
3e0f1745-a95a63ad.jpg,motion_blur,1,33.411389312567664,18.0,10.0,False,False
3f4eb6a6-9eee52f9.jpg,motion_blur,1,33.62795349356559,35.0,75.0,False,False
3f85a987-1ef4053b.jpg,motion_blur,1,34.75877891143551,1.0,65.0,False,False
3fe1feaa-10126fec.jpg,motion_blur,1,31.852847166415977,34.0,212.0,False,False
3ffdaa26-b394f6f8.jpg,motion_blur,1,29.923425213177307,,17.0,False,False
4027c10d-41d54e9b.jpg,motion_blur,1,36.73773168778308,2.0,1.0,False,False
428e99ea-4166e549.jpg,motion_blur,1,36.31229307263713,7.0,7.0,False,False
42e0dd11-74b81997.jpg,motion_blur,1,41.03265547012757,0.0,26.0,False,False
430395d1-931c959e.jpg,motion_blur,1,30.743152435105785,4.0,,False,False
43126e0d-495d04a5.jpg,motion_blur,1,37.99836134859338,9.0,0.0,False,False
43126e0d-cce96832.jpg,motion_blur,1,35.622614101827196,20.0,58.0,False,False
432f9e20-83a0d96c.jpg,motion_blur,1,32.63577973323078,0.0,0.0,False,False
43c7ed5c-b0690325.jpg,motion_blur,1,33.685837072982316,1.0,51.0,False,False
44cc16d9-d2e06fd6.jpg,motion_blur,1,29.771373660254923,0.0,2.0,False,False
45bafa98-1ee18a2f.jpg,motion_blur,1,35.40926490974951,2.0,39.0,False,False
46d048a1-8f7f385c.jpg,motion_blur,1,35.03268744638813,0.0,46.0,False,False
46f76df9-8bf77914.jpg,motion_blur,1,33.37668195038922,1.0,71.0,False,False
480263a0-5aad7ae9.jpg,motion_blur,1,26.759597045091837,18.0,36.0,False,False
488480d6-b94cf415.jpg,motion_blur,1,31.28403870294436,2.0,7.0,False,False
48ed707e-5062e4c3.jpg,motion_blur,1,32.56556195302292,4.0,17.0,False,False
4a289ff2-7da7feb6.jpg,motion_blur,1,33.69319190093394,,58.0,True,False
4a31f3e3-ac7ed780.jpg,motion_blur,1,34.06174688735522,11.0,11.0,False,False
4b2e1dde-65b54419.jpg,motion_blur,1,32.78060161017771,20.0,11.0,False,False
4d4a590b-4332c5ab.jpg,motion_blur,1,42.30681796068461,8.0,1.0,False,False
5069db50-52f5af30.jpg,motion_blur,1,42.48242460268229,2.0,2.0,False,False
50866f46-30d1f303.jpg,motion_blur,1,30.532083065052895,15.0,12.0,False,False
50b115d6-4b08a666.jpg,motion_blur,1,30.262818808083246,3.0,0.0,False,False
50b2e757-6c7d0f63.jpg,motion_blur,1,32.545928629791185,12.0,28.0,False,False
50d0fd05-8db58ebd.jpg,motion_blur,1,37.271500071594794,1.0,91.0,False,False
510671e9-603795e0.jpg,motion_blur,1,29.770395600014766,38.0,71.0,False,False
514a6d58-0790e0cd.jpg,motion_blur,1,35.09388301842107,0.0,5.0,False,False
5150bb50-300d52ce.jpg,motion_blur,1,33.71784966180026,7.0,21.0,False,False
52799e9e-8c8673f3.jpg,motion_blur,1,33.93734862676835,11.0,3.0,False,False
52bda346-fd8ac6e7.jpg,motion_blur,1,36.26040320728812,2.0,79.0,False,False
534418ba-ee05398f.jpg,motion_blur,1,35.09920486196191,9.0,223.0,False,False
54360b72-e00a3f70.jpg,motion_blur,1,30.49255705522139,50.0,6.0,False,False
554d7cd5-a32486dd.jpg,motion_blur,1,36.33381186326345,0.0,8.0,False,False
559fed19-7893646f.jpg,motion_blur,1,32.160488145686315,3.0,42.0,False,False
57165857-e4d4a47f.jpg,motion_blur,1,35.62818739066067,32.0,1.0,False,False
5795bfe7-a599384a.jpg,motion_blur,1,31.80526831619388,6.0,3.0,False,False
57ac74e2-e86131f1.jpg,motion_blur,1,35.041789428270135,6.0,29.0,False,False
57b495f2-6da6b1e5.jpg,motion_blur,1,41.48850583313764,0.0,54.0,False,False
585443c8-2621a6b1.jpg,motion_blur,1,35.77995180598269,7.0,56.0,False,False
5877b384-2545daf4.jpg,motion_blur,1,30.38214220914273,1.0,16.0,False,False
587bb1bf-1aa00fe5.jpg,motion_blur,1,35.479406283227966,24.0,2.0,False,False
5995c288-2d152172.jpg,motion_blur,1,31.641646543910355,10.0,,False,False
59cde7c7-344bffb1.jpg,motion_blur,1,35.56962093627125,24.0,79.0,False,False
5a8f9b5d-1fdfd2d4.jpg,motion_blur,1,34.04397722262842,3.0,10.0,False,False
5ae83f9c-da990b49.jpg,motion_blur,1,31.837241497370318,3.0,2.0,False,False
5b2b4881-67a6cb87.jpg,motion_blur,1,34.34303426019496,27.0,10.0,False,False
5b2fd56a-37759b05.jpg,motion_blur,1,37.3175419507865,34.0,2.0,False,False
5b4b0b07-2fb56b82.jpg,motion_blur,1,29.870036540356317,1.0,5.0,False,False
5bc44a50-c371c4d0.jpg,motion_blur,1,26.739490305795314,26.0,1.0,False,False
5c4004b7-bf3b7941.jpg,motion_blur,1,35.470084054785,21.0,10.0,False,False
5c534f5f-a76c7f4b.jpg,motion_blur,1,35.37072047439989,15.0,1.0,False,False
5c5dc708-35460444.jpg,motion_blur,1,32.68971513933725,39.0,11.0,False,False
5da6c6b6-76c54605.jpg,motion_blur,1,33.537971357261725,5.0,4.0,False,False
5dc5141c-5890b5b1.jpg,motion_blur,1,37.716339796981075,11.0,4.0,False,False
5dd831da-bd00cf03.jpg,motion_blur,1,31.465540671823334,3.0,2.0,False,False
5dfb063f-7bd23d5c.jpg,motion_blur,1,36.7714214102365,11.0,4.0,False,False
5e0b701e-d443d8c2.jpg,motion_blur,1,31.925560960449566,128.0,5.0,False,False
5e26f49d-0bc53c7e.jpg,motion_blur,1,40.23725520866002,9.0,13.0,False,False
5e26f49d-9271bf00.jpg,motion_blur,1,33.09523868587494,7.0,1.0,False,False
5e625ec3-7b4fc682.jpg,motion_blur,1,39.53633790774158,2.0,3.0,False,False
5f9387ff-330136ae.jpg,motion_blur,1,33.24546812447534,1.0,37.0,False,False
5fa17a25-88b8e6b9.jpg,motion_blur,1,38.555228717439086,0.0,4.0,False,False
5fa422e1-2d8dd765.jpg,motion_blur,1,33.376924411398434,8.0,1.0,False,False
5fb2a702-f56a339c.jpg,motion_blur,1,34.465516257025804,19.0,57.0,False,False
6011831b-0992e205.jpg,motion_blur,1,31.41433374177015,8.0,5.0,False,False
60137cc0-428b8f5b.jpg,motion_blur,1,29.316229971861357,27.0,12.0,False,False
604b5b3e-3c2e6b6b.jpg,motion_blur,1,31.87188748719015,22.0,7.0,False,False
6092f5a2-424550ba.jpg,motion_blur,1,34.910173693779875,33.0,1.0,False,False
60ba25dd-6c0df417.jpg,motion_blur,1,35.35321148463567,7.0,2.0,False,False
60c678e7-4813ae0f.jpg,motion_blur,1,28.33737810820213,34.0,36.0,False,False
614ecada-16b0f8b6.jpg,motion_blur,1,33.65199056177205,22.0,5.0,False,False
61e4ad87-53ceb455.jpg,motion_blur,1,36.14925853404923,14.0,21.0,False,False
6240d7b3-b51b5788.jpg,motion_blur,1,34.307281532203774,14.0,20.0,False,False
62aefb36-b685117f.jpg,motion_blur,1,34.387648926464834,7.0,1.0,False,False
634c1785-3bb9a8a2.jpg,motion_blur,1,40.49088557360486,1.0,9.0,False,False
634c1785-aeb1652f.jpg,motion_blur,1,38.54420997795274,111.0,3.0,False,False
63f73472-028615f1.jpg,motion_blur,1,34.34384464705816,94.0,6.0,False,False
6485ad0a-245d1600.jpg,motion_blur,1,36.12506628230402,5.0,6.0,False,False
648dc925-e359dbec.jpg,motion_blur,1,39.281963979252865,6.0,17.0,False,False
65edc5a1-f309fed7.jpg,motion_blur,1,34.2821086351651,10.0,5.0,False,False
661381d9-1114a810.jpg,motion_blur,1,31.12761459468434,4.0,31.0,False,False
664cb246-f84cfaf4.jpg,motion_blur,1,29.62066869402718,1.0,4.0,False,False
675cf8fa-4b1ce8b9.jpg,motion_blur,1,30.6476212997778,3.0,132.0,False,False
67faeadf-eb09a636.jpg,motion_blur,1,36.79065679627156,2.0,7.0,False,False
691be377-5dbc29ee.jpg,motion_blur,1,36.59344301628822,6.0,5.0,False,False
692f1303-05178963.jpg,motion_blur,1,33.30250829573174,33.0,5.0,False,False
692f9b08-bdbbd729.jpg,motion_blur,1,38.47069612032161,1.0,7.0,False,False
69bfbe31-5ee2a642.jpg,motion_blur,1,30.62232090465351,16.0,22.0,False,False
69cf7667-68f59649.jpg,motion_blur,1,33.060367531118665,3.0,8.0,False,False
69cf7667-7eb40860.jpg,motion_blur,1,33.734770037696634,1.0,10.0,False,False
6a44fb9a-05a3dd18.jpg,motion_blur,1,34.02387410663964,6.0,22.0,False,False
6a793e80-4f5e207f.jpg,motion_blur,1,38.16897758837789,12.0,17.0,False,False
6a82c0d6-b31f6b90.jpg,motion_blur,1,35.72098099136586,1.0,13.0,False,False
6a8d218d-14e4fa28.jpg,motion_blur,1,36.98698942560244,6.0,4.0,False,False
6ad110c3-789e7724.jpg,motion_blur,1,29.89900965067545,13.0,20.0,False,False
6b15392a-3a1699fd.jpg,motion_blur,1,31.86589050076146,33.0,5.0,False,False
6b784eee-0a5a2c89.jpg,motion_blur,1,32.54962827473815,10.0,2.0,False,False
6bb5a881-15e5c2c4.jpg,motion_blur,1,36.897281503464846,17.0,1.0,False,False
6bd41587-d65ba5b4.jpg,motion_blur,1,34.28191287868288,4.0,5.0,False,False
6d0d7bef-fb11b6e1.jpg,motion_blur,1,39.2930386895221,4.0,8.0,False,False
6d57736c-a35808b9.jpg,motion_blur,1,39.34010592629243,1.0,74.0,False,False
6d8a6d94-00a7ad92.jpg,motion_blur,1,36.69030488999323,7.0,1.0,False,False
6eeed3fa-87a1b0c9.jpg,motion_blur,1,36.863782876755955,45.0,18.0,False,False
701992bd-8a457895.jpg,motion_blur,1,36.5921470376741,0.0,14.0,False,False
7171644d-4e74752e.jpg,motion_blur,1,31.62072281486987,0.0,13.0,False,False
7171644d-ee92c71e.jpg,motion_blur,1,35.01041216215101,3.0,15.0,False,False
72f22fa5-8af4615c.jpg,motion_blur,1,30.901562405797165,39.0,6.0,False,False
72fd00fe-aeadfc89.jpg,motion_blur,1,40.58610265058776,35.0,4.0,False,False
730c67a5-563e9b1f.jpg,motion_blur,1,37.794561140366845,21.0,157.0,False,False
738a2bcd-7a6fde0d.jpg,motion_blur,1,37.87335719674569,2.0,153.0,False,False
73aff960-d46366ec.jpg,motion_blur,1,33.113957822930566,25.0,1.0,False,False
73d338d6-edf0b3db.jpg,motion_blur,1,39.02131656626087,10.0,80.0,False,False
75ad1fff-77299093.jpg,motion_blur,1,33.77492978547642,22.0,24.0,False,False
75f5f52c-6b67e736.jpg,motion_blur,1,30.002422505355135,4.0,1.0,False,False
777005a8-14c739ad.jpg,motion_blur,1,36.82022241307827,24.0,86.0,False,False
7771e03b-832e52c0.jpg,motion_blur,1,35.92510510011725,34.0,57.0,False,False
7771e03b-a8f9d50c.jpg,motion_blur,1,30.987037912716193,122.0,18.0,False,False
7797fea2-c37f9856.jpg,motion_blur,1,32.0171909926251,5.0,20.0,False,False
77bdbeb0-edb0613f.jpg,motion_blur,1,37.118381208635306,15.0,18.0,False,False
77dca577-16a39ea0.jpg,motion_blur,1,32.35308785802542,3.0,17.0,False,False
77f810c4-43a39c1f.jpg,motion_blur,1,33.53058729731093,2.0,10.0,False,False
7814206e-8e991d51.jpg,motion_blur,1,37.75675394069399,105.0,6.0,False,False
7814206e-ea2508d0.jpg,motion_blur,1,39.436098526810085,2.0,22.0,False,False
79e177bc-4d5d3acc.jpg,motion_blur,1,31.59044663305188,1.0,2.0,False,False
7aa4ff0f-9d28d8a4.jpg,motion_blur,1,35.44680503351281,3.0,7.0,False,False
7ad1174c-373265eb.jpg,motion_blur,1,32.97925078655661,,,True,True
7b268b98-e0ec16c3.jpg,motion_blur,1,35.25872249742746,4.0,6.0,False,False
7c5a2048-332896ea.jpg,motion_blur,1,32.8228137331171,1.0,0.0,False,False
7c5d50c5-7292de37.jpg,motion_blur,1,35.085484172490546,9.0,6.0,False,False
7d1fe115-936a2f47.jpg,motion_blur,1,37.28036593303748,18.0,30.0,False,False
7dc2914d-a20a969a.jpg,motion_blur,1,39.53249550903451,0.0,1.0,False,False
7e4ab78b-4a62c63e.jpg,motion_blur,1,34.57073137057327,6.0,3.0,False,False
7e590c49-93f03732.jpg,motion_blur,1,30.368379653748896,219.0,3.0,False,False
7ed57d0a-d7bcc13d.jpg,motion_blur,1,30.783909764951517,13.0,8.0,False,False
7f0ef682-c93899df.jpg,motion_blur,1,33.899835463850735,6.0,106.0,False,False
7f4ac354-777de900.jpg,motion_blur,1,30.859864090560713,13.0,17.0,False,False
7f9bdf0d-c0e0061f.jpg,motion_blur,1,29.51517557843931,32.0,20.0,False,False
7fd14da9-a855494b.jpg,motion_blur,1,40.100057689871484,4.0,253.0,False,False
801bff84-a72998c7.jpg,motion_blur,1,30.182952247335827,4.0,23.0,False,False
8073de38-f7eab6ec.jpg,motion_blur,1,33.144200673526534,9.0,26.0,False,False
8082ea05-1a7bcd47.jpg,motion_blur,1,32.362290047667614,6.0,7.0,False,False
80ecebc0-ca9605f4.jpg,motion_blur,1,41.91225969812746,31.0,4.0,False,False
81ec3b39-1951f79e.jpg,motion_blur,1,34.65382766297344,5.0,21.0,False,False
82b14c0c-79b99258.jpg,motion_blur,1,30.269027918327602,10.0,10.0,False,False
82b5fc3b-90cadd1b.jpg,motion_blur,1,30.2010054419437,0.0,13.0,False,False
82f03471-8e304dd5.jpg,motion_blur,1,32.95139674043173,103.0,11.0,False,False
836fa13a-d6058a12.jpg,motion_blur,1,38.997748776858565,11.0,48.0,False,False
84fb3f59-7d5d1fa4.jpg,motion_blur,1,32.08782241920111,144.0,36.0,False,False
8542b4da-7795bcfd.jpg,motion_blur,1,40.7949374700486,4.0,19.0,False,False
85f3f250-1fef85ac.jpg,motion_blur,1,32.0671522364506,9.0,1.0,False,False
87ca2979-d5158824.jpg,motion_blur,1,33.38084115487717,13.0,2.0,False,False
889b7dda-77f16103.jpg,motion_blur,1,30.83885965907796,10.0,1.0,False,False
88dbf01a-d8b35dee.jpg,motion_blur,1,36.029462413557596,12.0,30.0,False,False
897223bc-6938f1ab.jpg,motion_blur,1,33.942059562768996,99.0,8.0,False,False
89b7454d-880eacbd.jpg,motion_blur,1,30.09238668318929,4.0,4.0,False,False
89e85e71-7dd0a7b6.jpg,motion_blur,1,33.067202079389006,5.0,31.0,False,False
8a4fbffe-47866ce9.jpg,motion_blur,1,32.81468896345564,11.0,4.0,False,False
8a76c101-8bcefc32.jpg,motion_blur,1,35.61759974729103,4.0,4.0,False,False
8b7ef6c4-6bbcf25f.jpg,motion_blur,1,32.29382733452348,16.0,30.0,False,False
8bac644e-e0437ead.jpg,motion_blur,1,35.65900971126106,,104.0,False,False
8c94c649-8ba62efa.jpg,motion_blur,1,33.75029715157001,17.0,72.0,False,False
8c9bbaa9-34934b66.jpg,motion_blur,1,37.14330424434763,17.0,41.0,False,False
0049e5b8-725e21a0.jpg,motion_blur,2,30.07517810446255,4.0,12.0,False,False
0081e27b-17bf4a9e.jpg,motion_blur,2,29.20823834673902,7.0,4.0,False,False
00beeb02-50440dcd.jpg,motion_blur,2,27.71726516058397,10.0,21.0,False,False
00d4b6b7-7d0a60bf.jpg,motion_blur,2,26.96693263673907,6.0,6.0,False,False
01118704-2d838d7f.jpg,motion_blur,2,27.410760478137895,4.0,10.0,False,False
0115917e-14907a6a.jpg,motion_blur,2,29.14807828152313,13.0,3.0,False,False
02188a44-65ad27f3.jpg,motion_blur,2,27.96211279830687,20.0,,False,True
02494b7b-079febf8.jpg,motion_blur,2,28.61490809855145,31.0,4.0,False,False
029ffd50-dc944dba.jpg,motion_blur,2,26.63709691255059,17.0,9.0,False,False
0464a98b-860229d5.jpg,motion_blur,2,24.95822559098775,37.0,14.0,False,False
051aadb7-51aad566.jpg,motion_blur,2,31.268264345563082,36.0,65.0,False,False
051aadb7-e953bc4d.jpg,motion_blur,2,25.675025876764373,8.0,1.0,False,False
05743a9b-747658e7.jpg,motion_blur,2,32.20846613688557,251.0,5.0,False,False
057af272-6f700aef.jpg,motion_blur,2,32.411870830486876,12.0,29.0,False,False
05d62296-30c620d5.jpg,motion_blur,2,27.744228509731087,146.0,1.0,False,False
05e5a68e-f0e05a42.jpg,motion_blur,2,25.93195156536561,4.0,6.0,False,False
05fa6494-8f436d04.jpg,motion_blur,2,26.56334580766678,22.0,7.0,False,False
060039d9-5218402b.jpg,motion_blur,2,27.546750399335316,20.0,11.0,False,False
064aa0d6-f75ff4d5.jpg,motion_blur,2,32.845428582448676,72.0,60.0,False,False
07de5062-ddddcbd7.jpg,motion_blur,2,34.9648852145276,7.0,9.0,False,False
088351d1-30833ddc.jpg,motion_blur,2,27.559255246350173,34.0,64.0,False,False
08a49c01-675d3899.jpg,motion_blur,2,32.97943931043601,8.0,4.0,False,False
08d4285a-4a25b9b6.jpg,motion_blur,2,25.617848512505947,2.0,17.0,False,False
09ac21d6-eefa8ed0.jpg,motion_blur,2,22.579330212607132,24.0,10.0,False,False
0a0a0b1a-7c39d841.jpg,motion_blur,2,33.684500788712086,1.0,8.0,False,False
0af6039a-f3c91319.jpg,motion_blur,2,26.909409133271676,31.0,1.0,False,False
0b2f5d0d-8fddc1fc.jpg,motion_blur,2,26.236705788958293,2.0,4.0,False,False
0b4225f9-bfb10f88.jpg,motion_blur,2,29.354721979915045,14.0,22.0,False,False
0ba08fe3-880ae118.jpg,motion_blur,2,29.69159448836855,31.0,13.0,False,False
0c2f33b9-f94d69b5.jpg,motion_blur,2,29.60143075224054,0.0,3.0,False,False
0c984e6d-2b5d7ee4.jpg,motion_blur,2,31.61162047891626,2.0,2.0,False,False
0cb67a01-7cf1687e.jpg,motion_blur,2,28.1168954921432,82.0,40.0,False,False
0cc6f3e8-b4c9e348.jpg,motion_blur,2,26.165762204846274,1.0,4.0,False,False
0cf398b3-ce65ab64.jpg,motion_blur,2,21.934858943527978,21.0,44.0,False,False
0d3ec56a-f4cead6f.jpg,motion_blur,2,29.417210584986183,3.0,1.0,False,False
0d61234a-542010b2.jpg,motion_blur,2,30.227938749581078,6.0,8.0,False,False
0e442b65-b17e0b50.jpg,motion_blur,2,30.912757505157252,0.0,33.0,False,False
0e5c7e92-0d9c60f0.jpg,motion_blur,2,27.39348941458544,3.0,10.0,False,False
0f837def-9646c091.jpg,motion_blur,2,29.422096126337827,4.0,7.0,False,False
0fba84f9-73b520ee.jpg,motion_blur,2,28.23683852893955,9.0,16.0,False,False
101a0964-930eae70.jpg,motion_blur,2,33.78119707086387,1.0,7.0,False,False
10389fe8-433c740c.jpg,motion_blur,2,24.54437048084523,48.0,1.0,False,False
10453a95-40759ac3.jpg,motion_blur,2,28.196298263081715,19.0,4.0,False,False
1072195f-0a161ade.jpg,motion_blur,2,28.024500774434173,2.0,1.0,False,False
1072195f-6cf88b25.jpg,motion_blur,2,31.232059130357996,5.0,3.0,False,False
11513e3d-150058c3.jpg,motion_blur,2,28.658389915311364,0.0,31.0,False,False
1189ae68-1a8ad3c6.jpg,motion_blur,2,30.74537014330574,14.0,10.0,False,False
12076ebb-c07285d7.jpg,motion_blur,2,26.28061828652867,7.0,60.0,False,False
125134e5-7dfc45b9.jpg,motion_blur,2,31.186685634381213,1.0,0.0,False,False
12ae9ab8-794f5adc.jpg,motion_blur,2,26.912127280694467,25.0,16.0,False,False
13f61134-50021e53.jpg,motion_blur,2,29.478419937403935,2.0,16.0,False,False
14eace5a-ddf3b303.jpg,motion_blur,2,33.22451170120582,12.0,55.0,False,False
1608cfe7-32da2c5d.jpg,motion_blur,2,26.68999619787602,1.0,10.0,False,False
162995f1-d2c7d259.jpg,motion_blur,2,31.059789711104962,6.0,30.0,False,False
16b0973f-c07b564a.jpg,motion_blur,2,30.307677887037627,1.0,6.0,False,False
1784d67b-6b223914.jpg,motion_blur,2,30.609402963397685,40.0,1.0,False,False
1784d67b-d76145ce.jpg,motion_blur,2,31.22473831725518,100.0,9.0,False,False
188c58f3-792afc71.jpg,motion_blur,2,28.06030758352296,,1.0,True,False
193f7f3b-84bc7998.jpg,motion_blur,2,32.03123894456358,11.0,30.0,False,False
194058b0-ac0616a6.jpg,motion_blur,2,26.06177939254421,3.0,380.0,False,False
19e56249-09c4bbc6.jpg,motion_blur,2,30.816421180492863,0.0,6.0,False,False
1a71faae-d5f255fd.jpg,motion_blur,2,28.31378272040721,37.0,3.0,False,False
1a8992a7-da5a8510.jpg,motion_blur,2,32.50196407001978,24.0,23.0,False,False
1ac0178c-0b259360.jpg,motion_blur,2,33.67793868957262,2.0,13.0,False,False
1b30f76f-95aa8a06.jpg,motion_blur,2,30.47566084881851,4.0,19.0,False,False
1bda5a26-420ceea6.jpg,motion_blur,2,31.261236497686546,14.0,30.0,False,False
1bf7f3d2-15f95138.jpg,motion_blur,2,28.55111484628823,17.0,2.0,False,False
1c227a12-10e5552c.jpg,motion_blur,2,30.71469088350593,5.0,4.0,False,False
1c227a12-ec67af93.jpg,motion_blur,2,27.954947152835263,8.0,22.0,False,False
1c5e9657-2e2a2863.jpg,motion_blur,2,30.864962269746666,1.0,10.0,False,False
1cb2a89b-4594573e.jpg,motion_blur,2,27.88202202035618,29.0,20.0,False,False
1cf54809-c6daa5a9.jpg,motion_blur,2,22.58940739161591,2.0,23.0,False,False
1d5e05f8-5020f67d.jpg,motion_blur,2,24.791280722761396,1.0,4.0,False,False
1e57ae90-806bc767.jpg,motion_blur,2,31.79289484806901,3.0,2.0,False,False
1f959fdd-6ff63d34.jpg,motion_blur,2,26.824181166030108,0.0,9.0,False,False
1fa65acf-d43367bc.jpg,motion_blur,2,24.73319975792606,17.0,21.0,False,False
20cfadfa-47711496.jpg,motion_blur,2,30.540150024050025,18.0,53.0,False,False
20cfadfa-6f87fdc1.jpg,motion_blur,2,33.53572533513446,10.0,3.0,False,False
225a1858-0e3a4b04.jpg,motion_blur,2,27.682475064325537,38.0,,False,True
22be2f14-59fbdca0.jpg,motion_blur,2,28.622791403394416,18.0,8.0,False,False
23333f35-0cbc3f0f.jpg,motion_blur,2,27.54751845826434,60.0,6.0,False,False
23df146f-64b50e4c.jpg,motion_blur,2,30.24123141523002,3.0,9.0,False,False
24392d7c-998011c2.jpg,motion_blur,2,29.166766735036425,11.0,112.0,False,False
250e7595-b14da270.jpg,motion_blur,2,24.682454176621512,6.0,122.0,False,False
26190b83-39ccb412.jpg,motion_blur,2,26.376153808529175,20.0,10.0,False,False
272d52f6-8aac36b3.jpg,motion_blur,2,24.77945070136069,6.0,23.0,False,False
2752681a-e813599a.jpg,motion_blur,2,28.571331003364442,73.0,19.0,False,False
27645526-f038b033.jpg,motion_blur,2,22.34072276376815,1.0,3.0,False,False
2773af6f-23e23a6b.jpg,motion_blur,2,26.752084026570365,1.0,35.0,False,False
28faf684-03ef4c6e.jpg,motion_blur,2,32.27230581468088,9.0,0.0,False,False
292720ee-d847ee69.jpg,motion_blur,2,36.38471005723978,0.0,7.0,False,False
2b54fe2d-c5b810e6.jpg,motion_blur,2,25.60761688542091,16.0,10.0,False,False
2b605c48-8dfe352b.jpg,motion_blur,2,27.051940539866788,35.0,25.0,False,False
2beccce2-354608e2.jpg,motion_blur,2,28.22526036707046,0.0,22.0,False,False
2c87e51d-aa7a8031.jpg,motion_blur,2,34.491598906583214,12.0,65.0,False,False
2ce0b449-e818dc97.jpg,motion_blur,2,31.295234374544236,0.0,28.0,False,False
2cf976a2-479cd46b.jpg,motion_blur,2,24.76649233808297,17.0,4.0,False,False
2e2fae77-b7497ca0.jpg,motion_blur,2,22.518882062877452,2.0,27.0,False,False
2ead8042-2493c03f.jpg,motion_blur,2,28.62843141338726,0.0,11.0,False,False
2f1864c1-1a17d11c.jpg,motion_blur,2,24.21893693498138,2.0,7.0,False,False
2f879dc0-b09e4824.jpg,motion_blur,2,25.40993442323019,13.0,5.0,False,False
2fc9ad1e-ee4c9e43.jpg,motion_blur,2,31.76372512150745,5.0,7.0,False,False
3050b249-0ffbd6ec.jpg,motion_blur,2,31.4456760297782,4.0,13.0,False,False
314cc010-3eab5c90.jpg,motion_blur,2,31.005634474260994,40.0,0.0,False,False
31765c6b-90b0d612.jpg,motion_blur,2,28.386361572588925,0.0,17.0,False,False
31cf6eba-5c84c636.jpg,motion_blur,2,24.136950597132977,0.0,41.0,False,False
32de2244-122f1783.jpg,motion_blur,2,32.22814978376273,13.0,20.0,False,False
33420085-32996107.jpg,motion_blur,2,35.084448355423646,7.0,29.0,False,False
3430a5e6-00ec38d2.jpg,motion_blur,2,19.69784962914865,66.0,27.0,False,False
35eb46d0-8f7e28a0.jpg,motion_blur,2,33.58565200829419,30.0,3.0,False,False
3735fc3d-69d8b80c.jpg,motion_blur,2,27.815149901029756,25.0,28.0,False,False
3740cd4f-ff1d423d.jpg,motion_blur,2,27.62279877069274,3.0,2.0,False,False
375abba2-9f2ed56c.jpg,motion_blur,2,28.929488979797338,1.0,44.0,False,False
37723e55-31730cf5.jpg,motion_blur,2,25.98031090238186,27.0,14.0,False,False
380a3f8e-ba4f0def.jpg,motion_blur,2,32.07487613033493,10.0,8.0,False,False
385b0f61-1aee12ef.jpg,motion_blur,2,27.871118386461223,45.0,4.0,False,False
3865fea7-b4fe472d.jpg,motion_blur,2,28.455075206511594,21.0,2.0,False,False
38e561dd-8ea8ae2d.jpg,motion_blur,2,27.64092497062982,1.0,1.0,False,False
38ed8d8d-93c48de2.jpg,motion_blur,2,30.332619756043538,7.0,40.0,False,False
38ed8d8d-b1c230ef.jpg,motion_blur,2,30.551937753841408,37.0,2.0,False,False
38ed8d8d-fa50400c.jpg,motion_blur,2,30.967383637036026,26.0,5.0,False,False
3900ad8c-8834019f.jpg,motion_blur,2,29.851376857648827,,172.0,False,False
39ddb110-04604b9c.jpg,motion_blur,2,24.418887000340437,0.0,22.0,False,False
39fc6d1c-6155351d.jpg,motion_blur,2,31.715745770973815,,16.0,False,False
3a278d39-b92df256.jpg,motion_blur,2,27.80507991018729,10.0,37.0,False,False
3a3407a2-df8ea956.jpg,motion_blur,2,25.528935486470502,15.0,7.0,False,False
3ad0c4a7-2a3d544e.jpg,motion_blur,2,26.705152059210228,33.0,3.0,False,False
3b1e1bc1-ee64e36e.jpg,motion_blur,2,23.14634587417949,8.0,4.0,False,False
3b44ef5a-c09e8479.jpg,motion_blur,2,26.234306503957715,65.0,52.0,False,False
3b563c5e-0102edaf.jpg,motion_blur,2,31.155122207045597,2.0,1.0,False,False
3b9716a6-d2566395.jpg,motion_blur,2,28.921758242054313,41.0,4.0,False,False
3c0bbdc2-79baffce.jpg,motion_blur,2,33.40822883050975,3.0,6.0,False,False
3c5752b6-9c0bdf98.jpg,motion_blur,2,24.058463913770378,101.0,81.0,False,False
3c95ae26-68abac3f.jpg,motion_blur,2,28.197670859628236,7.0,15.0,False,False
3e0f1745-a95a63ad.jpg,motion_blur,2,28.85726530137683,1.0,0.0,False,False
3f4eb6a6-9eee52f9.jpg,motion_blur,2,28.919027316368076,3.0,57.0,False,False
3f85a987-1ef4053b.jpg,motion_blur,2,30.054581406903814,0.0,4.0,False,False
3fe1feaa-10126fec.jpg,motion_blur,2,26.725924474258214,39.0,11.0,False,False
3ffdaa26-b394f6f8.jpg,motion_blur,2,24.92371511076822,,15.0,False,False
4027c10d-41d54e9b.jpg,motion_blur,2,31.82378956647138,15.0,2.0,False,False
428e99ea-4166e549.jpg,motion_blur,2,31.291673714173758,1.0,2.0,False,False
42e0dd11-74b81997.jpg,motion_blur,2,36.12401268742737,7.0,11.0,False,False
430395d1-931c959e.jpg,motion_blur,2,27.679546204540003,3.0,,False,False
43126e0d-495d04a5.jpg,motion_blur,2,32.66300219636056,2.0,5.0,False,False
43126e0d-cce96832.jpg,motion_blur,2,30.669178285765533,42.0,45.0,False,False
432f9e20-83a0d96c.jpg,motion_blur,2,27.922854633602597,1.0,1.0,False,False
43c7ed5c-b0690325.jpg,motion_blur,2,28.635428954996307,0.0,35.0,False,False
44cc16d9-d2e06fd6.jpg,motion_blur,2,24.888273649707983,12.0,21.0,False,False
45bafa98-1ee18a2f.jpg,motion_blur,2,30.23662768348585,7.0,27.0,False,False
46d048a1-8f7f385c.jpg,motion_blur,2,30.156947674829595,0.0,0.0,False,False
46f76df9-8bf77914.jpg,motion_blur,2,28.43005817591196,1.0,17.0,False,False
480263a0-5aad7ae9.jpg,motion_blur,2,21.807744509387526,13.0,4.0,False,False
488480d6-b94cf415.jpg,motion_blur,2,26.448970406817857,5.0,2.0,False,False
48ed707e-5062e4c3.jpg,motion_blur,2,28.31003270640565,9.0,14.0,False,False
4a289ff2-7da7feb6.jpg,motion_blur,2,28.777050340531673,23.0,155.0,False,False
4a31f3e3-ac7ed780.jpg,motion_blur,2,29.265765566735986,0.0,2.0,False,False
4b2e1dde-65b54419.jpg,motion_blur,2,28.198685384427634,17.0,21.0,False,False
4d4a590b-4332c5ab.jpg,motion_blur,2,37.2920815602786,1.0,1.0,False,False
5069db50-52f5af30.jpg,motion_blur,2,36.73813434676754,41.0,14.0,False,False
50866f46-30d1f303.jpg,motion_blur,2,26.020522897167737,7.0,22.0,False,False
50b115d6-4b08a666.jpg,motion_blur,2,25.168438662832614,3.0,0.0,False,False
50b2e757-6c7d0f63.jpg,motion_blur,2,27.561880147475716,21.0,8.0,False,False
50d0fd05-8db58ebd.jpg,motion_blur,2,32.14768910289984,10.0,26.0,False,False
510671e9-603795e0.jpg,motion_blur,2,25.346820185277274,33.0,37.0,False,False
514a6d58-0790e0cd.jpg,motion_blur,2,30.108342277227887,2.0,30.0,False,False
5150bb50-300d52ce.jpg,motion_blur,2,28.451170254959344,3.0,18.0,False,False
52799e9e-8c8673f3.jpg,motion_blur,2,29.474274680206808,3.0,14.0,False,False
52bda346-fd8ac6e7.jpg,motion_blur,2,31.089499417910204,0.0,3.0,False,False
534418ba-ee05398f.jpg,motion_blur,2,30.08767050643236,9.0,384.0,False,False
54360b72-e00a3f70.jpg,motion_blur,2,25.99428918479864,33.0,1.0,False,False
554d7cd5-a32486dd.jpg,motion_blur,2,31.510518269148662,0.0,0.0,False,False
559fed19-7893646f.jpg,motion_blur,2,27.315646706314208,6.0,300.0,False,False
57165857-e4d4a47f.jpg,motion_blur,2,30.70267045835425,32.0,17.0,False,False
5795bfe7-a599384a.jpg,motion_blur,2,26.948907468323213,3.0,0.0,False,False
57ac74e2-e86131f1.jpg,motion_blur,2,29.98950879774844,8.0,19.0,False,False
57b495f2-6da6b1e5.jpg,motion_blur,2,36.55471148662753,6.0,32.0,False,False
585443c8-2621a6b1.jpg,motion_blur,2,30.693299969491544,8.0,32.0,False,False
5877b384-2545daf4.jpg,motion_blur,2,25.615501216741727,3.0,1.0,False,False
587bb1bf-1aa00fe5.jpg,motion_blur,2,30.101423790578398,10.0,7.0,False,False
5995c288-2d152172.jpg,motion_blur,2,26.776395299903495,1.0,,False,False
59cde7c7-344bffb1.jpg,motion_blur,2,31.061380428156173,41.0,84.0,False,False
5a8f9b5d-1fdfd2d4.jpg,motion_blur,2,29.213690427006654,12.0,6.0,False,False
5ae83f9c-da990b49.jpg,motion_blur,2,26.75639307282941,2.0,6.0,False,False
5b2b4881-67a6cb87.jpg,motion_blur,2,29.287524713974573,5.0,3.0,False,False
5b2fd56a-37759b05.jpg,motion_blur,2,32.39400760251552,41.0,1.0,False,False
5b4b0b07-2fb56b82.jpg,motion_blur,2,26.02704299496836,14.0,3.0,False,False
5bc44a50-c371c4d0.jpg,motion_blur,2,22.342487513182824,59.0,3.0,False,False
5c4004b7-bf3b7941.jpg,motion_blur,2,30.81197623985958,2.0,2.0,False,False
5c534f5f-a76c7f4b.jpg,motion_blur,2,30.424254590008015,15.0,13.0,False,False
5c5dc708-35460444.jpg,motion_blur,2,27.851686377830646,28.0,21.0,False,False
5da6c6b6-76c54605.jpg,motion_blur,2,28.71913169771343,567.0,1.0,False,False
5dc5141c-5890b5b1.jpg,motion_blur,2,32.67687352004827,2.0,4.0,False,False
5dd831da-bd00cf03.jpg,motion_blur,2,26.586087381424896,11.0,4.0,False,False
5dfb063f-7bd23d5c.jpg,motion_blur,2,31.82219548120818,1.0,7.0,False,False
5e0b701e-d443d8c2.jpg,motion_blur,2,27.126008147571333,172.0,1.0,False,False
5e26f49d-0bc53c7e.jpg,motion_blur,2,35.302390944937834,3.0,24.0,False,False
5e26f49d-9271bf00.jpg,motion_blur,2,27.87246932256352,3.0,0.0,False,False
5e625ec3-7b4fc682.jpg,motion_blur,2,34.605402627839645,30.0,4.0,False,False
5f9387ff-330136ae.jpg,motion_blur,2,28.386633192293765,18.0,1.0,False,False
5fa17a25-88b8e6b9.jpg,motion_blur,2,33.5466864153642,8.0,15.0,False,False
5fa422e1-2d8dd765.jpg,motion_blur,2,28.229386426939406,4.0,11.0,False,False
5fb2a702-f56a339c.jpg,motion_blur,2,29.685435592416276,1.0,75.0,False,False
6011831b-0992e205.jpg,motion_blur,2,26.389850562152187,1.0,5.0,False,False
60137cc0-428b8f5b.jpg,motion_blur,2,24.997993611554115,14.0,6.0,False,False
604b5b3e-3c2e6b6b.jpg,motion_blur,2,26.86734191882139,11.0,6.0,False,False
6092f5a2-424550ba.jpg,motion_blur,2,30.10941292650371,8.0,0.0,False,False
60ba25dd-6c0df417.jpg,motion_blur,2,30.445079031125953,3.0,1.0,False,False
60c678e7-4813ae0f.jpg,motion_blur,2,23.602827987956914,2.0,154.0,False,False
614ecada-16b0f8b6.jpg,motion_blur,2,28.92440245049719,29.0,0.0,False,False
61e4ad87-53ceb455.jpg,motion_blur,2,31.14281166696925,3.0,40.0,False,False
6240d7b3-b51b5788.jpg,motion_blur,2,29.156476108452402,2.0,10.0,False,False
62aefb36-b685117f.jpg,motion_blur,2,29.671842947595994,8.0,2.0,False,False
634c1785-3bb9a8a2.jpg,motion_blur,2,35.708869284753504,6.0,2.0,False,False
634c1785-aeb1652f.jpg,motion_blur,2,33.16252383158207,83.0,3.0,False,False
63f73472-028615f1.jpg,motion_blur,2,29.536325074452037,126.0,23.0,False,False
6485ad0a-245d1600.jpg,motion_blur,2,30.549814749946606,9.0,7.0,False,False
648dc925-e359dbec.jpg,motion_blur,2,34.65650486270421,12.0,41.0,False,False
65edc5a1-f309fed7.jpg,motion_blur,2,29.42160612560108,98.0,9.0,False,False
661381d9-1114a810.jpg,motion_blur,2,26.716639313858664,3.0,10.0,False,False
664cb246-f84cfaf4.jpg,motion_blur,2,24.3730669931613,19.0,4.0,False,False
675cf8fa-4b1ce8b9.jpg,motion_blur,2,25.903556841874718,27.0,143.0,False,False
67faeadf-eb09a636.jpg,motion_blur,2,31.54535902203439,3.0,2.0,False,False
691be377-5dbc29ee.jpg,motion_blur,2,32.3228345804505,8.0,0.0,False,False
692f1303-05178963.jpg,motion_blur,2,28.55660707406624,15.0,0.0,False,False
692f9b08-bdbbd729.jpg,motion_blur,2,33.45106205813845,1.0,2.0,False,False
69bfbe31-5ee2a642.jpg,motion_blur,2,26.139830948997247,10.0,21.0,False,False
69cf7667-68f59649.jpg,motion_blur,2,28.4199448533621,5.0,7.0,False,False
69cf7667-7eb40860.jpg,motion_blur,2,28.651280232580866,12.0,,False,True
6a44fb9a-05a3dd18.jpg,motion_blur,2,29.353271319952768,10.0,22.0,False,False
6a793e80-4f5e207f.jpg,motion_blur,2,33.33273023935044,1.0,25.0,False,False
6a82c0d6-b31f6b90.jpg,motion_blur,2,30.68125478157631,2.0,11.0,False,False
6a8d218d-14e4fa28.jpg,motion_blur,2,32.18289068336597,6.0,11.0,False,False
6ad110c3-789e7724.jpg,motion_blur,2,24.907694437155516,19.0,12.0,False,False
6b15392a-3a1699fd.jpg,motion_blur,2,27.196930093490018,13.0,14.0,False,False
6b784eee-0a5a2c89.jpg,motion_blur,2,27.68569009541168,6.0,1.0,False,False
6bb5a881-15e5c2c4.jpg,motion_blur,2,32.345078920440656,5.0,33.0,False,False
6bd41587-d65ba5b4.jpg,motion_blur,2,29.42939178772102,15.0,1.0,False,False
6d0d7bef-fb11b6e1.jpg,motion_blur,2,34.5394118350102,40.0,9.0,False,False
6d57736c-a35808b9.jpg,motion_blur,2,34.7272867232623,10.0,69.0,False,False
6d8a6d94-00a7ad92.jpg,motion_blur,2,31.6424207411566,14.0,0.0,False,False
6eeed3fa-87a1b0c9.jpg,motion_blur,2,31.782968027259532,1.0,6.0,False,False
701992bd-8a457895.jpg,motion_blur,2,31.424220983813733,6.0,13.0,False,False
7171644d-4e74752e.jpg,motion_blur,2,26.988519551209333,0.0,12.0,False,False
7171644d-ee92c71e.jpg,motion_blur,2,29.9431810988238,5.0,6.0,False,False
72f22fa5-8af4615c.jpg,motion_blur,2,25.615604945248485,6.0,5.0,False,False
72fd00fe-aeadfc89.jpg,motion_blur,2,35.129213588960184,58.0,1.0,False,False
730c67a5-563e9b1f.jpg,motion_blur,2,33.2180556875526,22.0,68.0,False,False
738a2bcd-7a6fde0d.jpg,motion_blur,2,33.094037992013995,0.0,62.0,False,False
73aff960-d46366ec.jpg,motion_blur,2,28.365495315792355,40.0,13.0,False,False
73d338d6-edf0b3db.jpg,motion_blur,2,33.91568438606104,3.0,130.0,False,False
75ad1fff-77299093.jpg,motion_blur,2,29.1534482545481,4.0,5.0,False,False
75f5f52c-6b67e736.jpg,motion_blur,2,24.5128272379119,5.0,12.0,False,False
777005a8-14c739ad.jpg,motion_blur,2,32.120430446153016,2.0,0.0,False,False
7771e03b-832e52c0.jpg,motion_blur,2,31.686432671734394,22.0,56.0,False,False
7771e03b-a8f9d50c.jpg,motion_blur,2,27.30349815535062,111.0,11.0,False,False
7797fea2-c37f9856.jpg,motion_blur,2,27.65624000814001,4.0,26.0,False,False
77bdbeb0-edb0613f.jpg,motion_blur,2,32.350886491393815,4.0,11.0,False,False
77dca577-16a39ea0.jpg,motion_blur,2,27.554270912550738,15.0,11.0,False,False
77f810c4-43a39c1f.jpg,motion_blur,2,29.059812346691864,22.0,37.0,False,False
7814206e-8e991d51.jpg,motion_blur,2,32.63635465975658,18.0,1.0,False,False
7814206e-ea2508d0.jpg,motion_blur,2,34.01877234854034,4.0,12.0,False,False
79e177bc-4d5d3acc.jpg,motion_blur,2,26.561288039814134,3.0,3.0,False,False
7aa4ff0f-9d28d8a4.jpg,motion_blur,2,30.668038322253068,2.0,13.0,False,False
7ad1174c-373265eb.jpg,motion_blur,2,27.922826415111107,17.0,,False,True
7b268b98-e0ec16c3.jpg,motion_blur,2,30.526772858072277,6.0,2.0,False,False
7c5a2048-332896ea.jpg,motion_blur,2,27.963797513683634,4.0,2.0,False,False
7c5d50c5-7292de37.jpg,motion_blur,2,30.555389277826688,14.0,11.0,False,False
7d1fe115-936a2f47.jpg,motion_blur,2,32.5837898957259,3.0,8.0,False,False
7dc2914d-a20a969a.jpg,motion_blur,2,34.25259215970455,2.0,31.0,False,False
7e4ab78b-4a62c63e.jpg,motion_blur,2,29.6263844468041,2.0,7.0,False,False
7e590c49-93f03732.jpg,motion_blur,2,25.193231839419834,2.0,3.0,False,False
7ed57d0a-d7bcc13d.jpg,motion_blur,2,27.2634272077419,74.0,8.0,False,False
7f0ef682-c93899df.jpg,motion_blur,2,28.805619213866898,2.0,129.0,False,False
7f4ac354-777de900.jpg,motion_blur,2,25.88750968164511,21.0,1.0,False,False
7f9bdf0d-c0e0061f.jpg,motion_blur,2,24.561222211694272,27.0,9.0,False,False
7fd14da9-a855494b.jpg,motion_blur,2,35.13762110690365,5.0,217.0,False,False
801bff84-a72998c7.jpg,motion_blur,2,25.59629863178484,1.0,8.0,False,False
8073de38-f7eab6ec.jpg,motion_blur,2,28.19629066472419,13.0,8.0,False,False
8082ea05-1a7bcd47.jpg,motion_blur,2,27.431585463327668,1.0,3.0,False,False
80ecebc0-ca9605f4.jpg,motion_blur,2,37.09652087654074,41.0,0.0,False,False
81ec3b39-1951f79e.jpg,motion_blur,2,29.525900927988708,1.0,23.0,False,False
82b14c0c-79b99258.jpg,motion_blur,2,25.514875063429884,12.0,10.0,False,False
82b5fc3b-90cadd1b.jpg,motion_blur,2,25.09802806045949,0.0,1.0,False,False
82f03471-8e304dd5.jpg,motion_blur,2,27.861869968218436,7.0,19.0,False,False
836fa13a-d6058a12.jpg,motion_blur,2,33.93440181156709,11.0,34.0,False,False
84fb3f59-7d5d1fa4.jpg,motion_blur,2,27.419182382469984,4.0,42.0,False,False
8542b4da-7795bcfd.jpg,motion_blur,2,36.02159193059484,3.0,1.0,False,False
85f3f250-1fef85ac.jpg,motion_blur,2,27.062157060304482,7.0,1.0,False,False
87ca2979-d5158824.jpg,motion_blur,2,28.689025852892986,12.0,2.0,False,False
889b7dda-77f16103.jpg,motion_blur,2,26.091526454429918,8.0,6.0,False,False
88dbf01a-d8b35dee.jpg,motion_blur,2,30.9289887020056,12.0,5.0,False,False
897223bc-6938f1ab.jpg,motion_blur,2,28.938266557123686,26.0,17.0,False,False
89b7454d-880eacbd.jpg,motion_blur,2,24.839233341776186,2.0,3.0,False,False
89e85e71-7dd0a7b6.jpg,motion_blur,2,28.386136045330545,4.0,40.0,False,False
8a4fbffe-47866ce9.jpg,motion_blur,2,27.858154543279525,3.0,0.0,False,False
8a76c101-8bcefc32.jpg,motion_blur,2,30.901498725051084,,5.0,True,False
8b7ef6c4-6bbcf25f.jpg,motion_blur,2,27.451816334269914,14.0,53.0,False,False
8bac644e-e0437ead.jpg,motion_blur,2,30.859071912039433,,77.0,False,False
8c94c649-8ba62efa.jpg,motion_blur,2,28.65350541227074,12.0,29.0,False,False
8c9bbaa9-34934b66.jpg,motion_blur,2,32.132135243719475,2.0,54.0,False,False
0049e5b8-725e21a0.jpg,motion_blur,3,26.961048756875442,8.0,2.0,False,False
0081e27b-17bf4a9e.jpg,motion_blur,3,26.12068856810447,5.0,33.0,False,False
00beeb02-50440dcd.jpg,motion_blur,3,24.30611278630895,6.0,10.0,False,False
00d4b6b7-7d0a60bf.jpg,motion_blur,3,24.127140736375587,0.0,,False,True
01118704-2d838d7f.jpg,motion_blur,3,23.971233892652442,18.0,2.0,False,False
0115917e-14907a6a.jpg,motion_blur,3,25.498573016624153,14.0,8.0,False,False
02188a44-65ad27f3.jpg,motion_blur,3,24.490222102963017,25.0,,False,True
02494b7b-079febf8.jpg,motion_blur,3,24.576764393068757,25.0,2.0,False,False
029ffd50-dc944dba.jpg,motion_blur,3,23.349784535210873,13.0,36.0,False,False
0464a98b-860229d5.jpg,motion_blur,3,22.075876959226992,1.0,1.0,False,False
051aadb7-51aad566.jpg,motion_blur,3,27.928942286571857,,11.0,True,False
051aadb7-e953bc4d.jpg,motion_blur,3,22.49640322136887,1.0,0.0,False,False
05743a9b-747658e7.jpg,motion_blur,3,28.388390329633268,2.0,1.0,False,False
057af272-6f700aef.jpg,motion_blur,3,28.836117423889217,,1.0,True,False
05d62296-30c620d5.jpg,motion_blur,3,24.393605909377246,169.0,,False,True
05e5a68e-f0e05a42.jpg,motion_blur,3,23.135056182471292,124.0,3.0,False,False
05fa6494-8f436d04.jpg,motion_blur,3,23.30808812127756,20.0,7.0,False,False
060039d9-5218402b.jpg,motion_blur,3,23.34843591746575,8.0,2.0,False,False
064aa0d6-f75ff4d5.jpg,motion_blur,3,28.520306240438398,41.0,19.0,False,False
07de5062-ddddcbd7.jpg,motion_blur,3,30.90852855989703,5.0,13.0,False,False
088351d1-30833ddc.jpg,motion_blur,3,24.24160302572279,35.0,,False,True
08a49c01-675d3899.jpg,motion_blur,3,29.832491811077062,69.0,4.0,False,False
08d4285a-4a25b9b6.jpg,motion_blur,3,22.334834275633426,7.0,17.0,False,False
09ac21d6-eefa8ed0.jpg,motion_blur,3,19.209341214604898,8.0,5.0,False,False
0a0a0b1a-7c39d841.jpg,motion_blur,3,29.6639229891719,5.0,7.0,False,False
0af6039a-f3c91319.jpg,motion_blur,3,23.454229967710575,5.0,0.0,False,False
0b2f5d0d-8fddc1fc.jpg,motion_blur,3,22.918964811355313,0.0,1.0,False,False
0b4225f9-bfb10f88.jpg,motion_blur,3,26.51000360721868,23.0,11.0,False,False
0ba08fe3-880ae118.jpg,motion_blur,3,26.303555929399355,13.0,0.0,False,False
0c2f33b9-f94d69b5.jpg,motion_blur,3,26.108730838341337,1.0,34.0,False,False
0c984e6d-2b5d7ee4.jpg,motion_blur,3,28.454290041128665,20.0,25.0,False,False
0cb67a01-7cf1687e.jpg,motion_blur,3,24.68672429222223,171.0,10.0,False,False
0cc6f3e8-b4c9e348.jpg,motion_blur,3,23.218638941846315,1.0,8.0,False,False
0cf398b3-ce65ab64.jpg,motion_blur,3,17.487244135253945,7.0,92.0,False,False
0d3ec56a-f4cead6f.jpg,motion_blur,3,26.300275581966783,11.0,0.0,False,False
0d61234a-542010b2.jpg,motion_blur,3,24.9664623831112,0.0,34.0,False,False
0e442b65-b17e0b50.jpg,motion_blur,3,27.46927787198831,1.0,41.0,False,False
0e5c7e92-0d9c60f0.jpg,motion_blur,3,23.561668713371475,26.0,21.0,False,False
0f837def-9646c091.jpg,motion_blur,3,26.65161576146421,7.0,6.0,False,False
0fba84f9-73b520ee.jpg,motion_blur,3,25.17648188314544,44.0,15.0,False,False
101a0964-930eae70.jpg,motion_blur,3,29.2858829908602,1.0,1.0,False,False
10389fe8-433c740c.jpg,motion_blur,3,21.051827133906645,17.0,26.0,False,False
10453a95-40759ac3.jpg,motion_blur,3,24.85679306262803,28.0,16.0,False,False
1072195f-0a161ade.jpg,motion_blur,3,24.608507217679254,7.0,1.0,False,False
1072195f-6cf88b25.jpg,motion_blur,3,27.96891804377993,15.0,34.0,False,False
11513e3d-150058c3.jpg,motion_blur,3,25.254590548756664,1.0,52.0,False,False
1189ae68-1a8ad3c6.jpg,motion_blur,3,27.291550500889322,10.0,37.0,False,False
12076ebb-c07285d7.jpg,motion_blur,3,22.953715524974022,35.0,21.0,False,False
125134e5-7dfc45b9.jpg,motion_blur,3,28.133012772085557,,,True,True
12ae9ab8-794f5adc.jpg,motion_blur,3,23.869526312085263,41.0,8.0,False,False
13f61134-50021e53.jpg,motion_blur,3,25.704988001646353,14.0,26.0,False,False
14eace5a-ddf3b303.jpg,motion_blur,3,29.39683721334603,2.0,9.0,False,False
1608cfe7-32da2c5d.jpg,motion_blur,3,23.656390227217685,1.0,45.0,False,False
162995f1-d2c7d259.jpg,motion_blur,3,26.524746040678295,13.0,24.0,False,False
16b0973f-c07b564a.jpg,motion_blur,3,26.379306187680157,45.0,12.0,False,False
1784d67b-6b223914.jpg,motion_blur,3,27.172073463063093,27.0,22.0,False,False
1784d67b-d76145ce.jpg,motion_blur,3,28.24738312413097,80.0,21.0,False,False
188c58f3-792afc71.jpg,motion_blur,3,24.725847673879766,13.0,2.0,False,False
193f7f3b-84bc7998.jpg,motion_blur,3,27.642407895843114,3.0,2.0,False,False
194058b0-ac0616a6.jpg,motion_blur,3,22.780564200730527,52.0,,False,True
19e56249-09c4bbc6.jpg,motion_blur,3,27.938093105871452,,,True,True
1a71faae-d5f255fd.jpg,motion_blur,3,24.33729156432951,38.0,2.0,False,False
1a8992a7-da5a8510.jpg,motion_blur,3,27.47620839730738,36.0,18.0,False,False
1ac0178c-0b259360.jpg,motion_blur,3,30.919654504391083,9.0,16.0,False,False
1b30f76f-95aa8a06.jpg,motion_blur,3,26.59398555910324,2.0,20.0,False,False
1bda5a26-420ceea6.jpg,motion_blur,3,26.93279601516892,41.0,19.0,False,False
1bf7f3d2-15f95138.jpg,motion_blur,3,25.07004498653417,17.0,5.0,False,False
1c227a12-10e5552c.jpg,motion_blur,3,27.43435755133782,9.0,4.0,False,False
1c227a12-ec67af93.jpg,motion_blur,3,25.154585029756127,3.0,22.0,False,False
1c5e9657-2e2a2863.jpg,motion_blur,3,27.994916011990437,2.0,,False,True
1cb2a89b-4594573e.jpg,motion_blur,3,24.39863279632125,2.0,2.0,False,False
1cf54809-c6daa5a9.jpg,motion_blur,3,19.56255062882978,15.0,20.0,False,False
1d5e05f8-5020f67d.jpg,motion_blur,3,21.45269862121762,5.0,6.0,False,False
1e57ae90-806bc767.jpg,motion_blur,3,28.346986880471867,31.0,11.0,False,False
1f959fdd-6ff63d34.jpg,motion_blur,3,23.33404740711718,28.0,29.0,False,False
1fa65acf-d43367bc.jpg,motion_blur,3,21.271139706700332,116.0,21.0,False,False
20cfadfa-47711496.jpg,motion_blur,3,26.855893155976393,5.0,6.0,False,False
20cfadfa-6f87fdc1.jpg,motion_blur,3,29.143191440288714,27.0,4.0,False,False
225a1858-0e3a4b04.jpg,motion_blur,3,24.071918854367077,113.0,172.0,False,False
22be2f14-59fbdca0.jpg,motion_blur,3,24.81884907824061,8.0,1.0,False,False
23333f35-0cbc3f0f.jpg,motion_blur,3,24.383531181716428,71.0,10.0,False,False
23df146f-64b50e4c.jpg,motion_blur,3,26.554853356403832,14.0,1.0,False,False
24392d7c-998011c2.jpg,motion_blur,3,25.98760217357114,10.0,,False,True
250e7595-b14da270.jpg,motion_blur,3,21.551706069248432,10.0,2.0,False,False
26190b83-39ccb412.jpg,motion_blur,3,22.924980404539067,4.0,15.0,False,False
272d52f6-8aac36b3.jpg,motion_blur,3,21.064667680176264,19.0,93.0,False,False
2752681a-e813599a.jpg,motion_blur,3,25.15894017506337,20.0,26.0,False,False
27645526-f038b033.jpg,motion_blur,3,19.36113273653257,5.0,18.0,False,False
2773af6f-23e23a6b.jpg,motion_blur,3,23.362099527147677,4.0,37.0,False,False
28faf684-03ef4c6e.jpg,motion_blur,3,28.440607795081448,25.0,0.0,False,False
292720ee-d847ee69.jpg,motion_blur,3,32.364561729230076,1.0,5.0,False,False
2b54fe2d-c5b810e6.jpg,motion_blur,3,21.812136937215442,21.0,13.0,False,False
2b605c48-8dfe352b.jpg,motion_blur,3,23.277408323164025,16.0,24.0,False,False
2beccce2-354608e2.jpg,motion_blur,3,25.069926160201682,3.0,10.0,False,False
2c87e51d-aa7a8031.jpg,motion_blur,3,29.7199419076616,,130.0,True,False
2ce0b449-e818dc97.jpg,motion_blur,3,27.594644892435834,45.0,,False,True
2cf976a2-479cd46b.jpg,motion_blur,3,21.08509295072556,9.0,21.0,False,False
2e2fae77-b7497ca0.jpg,motion_blur,3,19.43748905188667,4.0,21.0,False,False
2ead8042-2493c03f.jpg,motion_blur,3,24.212858485491793,23.0,2.0,False,False
2f1864c1-1a17d11c.jpg,motion_blur,3,20.90967737473342,2.0,0.0,False,False
2f879dc0-b09e4824.jpg,motion_blur,3,21.831932515500725,10.0,14.0,False,False
2fc9ad1e-ee4c9e43.jpg,motion_blur,3,28.249025371479924,0.0,8.0,False,False
3050b249-0ffbd6ec.jpg,motion_blur,3,27.022669805240255,14.0,474.0,False,False
314cc010-3eab5c90.jpg,motion_blur,3,27.509973266548947,34.0,5.0,False,False
31765c6b-90b0d612.jpg,motion_blur,3,24.885312814442567,3.0,1.0,False,False
31cf6eba-5c84c636.jpg,motion_blur,3,20.981194238142486,,14.0,True,False
32de2244-122f1783.jpg,motion_blur,3,28.561538854928127,14.0,11.0,False,False
33420085-32996107.jpg,motion_blur,3,31.03254003029265,4.0,124.0,False,False
3430a5e6-00ec38d2.jpg,motion_blur,3,15.666426808332004,8.0,,False,True
35eb46d0-8f7e28a0.jpg,motion_blur,3,29.5801388560049,0.0,7.0,False,False
3735fc3d-69d8b80c.jpg,motion_blur,3,24.12098366291504,0.0,14.0,False,False
3740cd4f-ff1d423d.jpg,motion_blur,3,23.834249070959217,26.0,18.0,False,False
375abba2-9f2ed56c.jpg,motion_blur,3,25.8226945894766,16.0,1.0,False,False
37723e55-31730cf5.jpg,motion_blur,3,22.643356743114104,,47.0,True,False
380a3f8e-ba4f0def.jpg,motion_blur,3,29.19463923273797,11.0,18.0,False,False
385b0f61-1aee12ef.jpg,motion_blur,3,25.142247794315583,36.0,7.0,False,False
3865fea7-b4fe472d.jpg,motion_blur,3,24.92357622599161,9.0,12.0,False,False
38e561dd-8ea8ae2d.jpg,motion_blur,3,24.248918730623746,2.0,13.0,False,False
38ed8d8d-93c48de2.jpg,motion_blur,3,26.865295865534375,20.0,26.0,False,False
38ed8d8d-b1c230ef.jpg,motion_blur,3,27.171532992341835,37.0,6.0,False,False
38ed8d8d-fa50400c.jpg,motion_blur,3,26.889391026436876,22.0,27.0,False,False
3900ad8c-8834019f.jpg,motion_blur,3,26.60109910199268,,347.0,False,False
39ddb110-04604b9c.jpg,motion_blur,3,21.049068288280914,7.0,8.0,False,False
39fc6d1c-6155351d.jpg,motion_blur,3,28.0639029941203,,0.0,False,False
3a278d39-b92df256.jpg,motion_blur,3,23.911472959371277,7.0,12.0,False,False
3a3407a2-df8ea956.jpg,motion_blur,3,21.989794096171977,23.0,28.0,False,False
3ad0c4a7-2a3d544e.jpg,motion_blur,3,23.406268028638728,3.0,1.0,False,False
3b1e1bc1-ee64e36e.jpg,motion_blur,3,20.79365733509359,3.0,0.0,False,False
3b44ef5a-c09e8479.jpg,motion_blur,3,22.270668584253656,51.0,54.0,False,False
3b563c5e-0102edaf.jpg,motion_blur,3,26.55009604993321,2.0,56.0,False,False
3b9716a6-d2566395.jpg,motion_blur,3,25.922367630651664,12.0,2.0,False,False
3c0bbdc2-79baffce.jpg,motion_blur,3,29.34635577363169,26.0,11.0,False,False
3c5752b6-9c0bdf98.jpg,motion_blur,3,20.866738324395136,,94.0,True,False
3c95ae26-68abac3f.jpg,motion_blur,3,25.030093794214917,16.0,28.0,False,False
3e0f1745-a95a63ad.jpg,motion_blur,3,25.61560678318902,16.0,4.0,False,False
3f4eb6a6-9eee52f9.jpg,motion_blur,3,25.347408295480793,1.0,33.0,False,False
3f85a987-1ef4053b.jpg,motion_blur,3,26.52023069618812,2.0,125.0,False,False
3fe1feaa-10126fec.jpg,motion_blur,3,23.426099054935644,39.0,27.0,False,False
3ffdaa26-b394f6f8.jpg,motion_blur,3,21.47553953848943,,15.0,False,False
4027c10d-41d54e9b.jpg,motion_blur,3,27.37161753982308,14.0,12.0,False,False
428e99ea-4166e549.jpg,motion_blur,3,27.33047104325226,12.0,7.0,False,False
42e0dd11-74b81997.jpg,motion_blur,3,32.01006022683566,,32.0,True,False
430395d1-931c959e.jpg,motion_blur,3,24.808364138392967,24.0,,False,False
43126e0d-495d04a5.jpg,motion_blur,3,28.080128856568514,8.0,2.0,False,False
43126e0d-cce96832.jpg,motion_blur,3,26.959921856788874,51.0,29.0,False,False
432f9e20-83a0d96c.jpg,motion_blur,3,24.443603414675124,4.0,3.0,False,False
43c7ed5c-b0690325.jpg,motion_blur,3,24.86513526043627,2.0,0.0,False,False
44cc16d9-d2e06fd6.jpg,motion_blur,3,20.90792271780025,53.0,29.0,False,False
45bafa98-1ee18a2f.jpg,motion_blur,3,25.651971099524303,5.0,27.0,False,False
46d048a1-8f7f385c.jpg,motion_blur,3,25.979647014163675,0.0,0.0,False,False
46f76df9-8bf77914.jpg,motion_blur,3,25.13707985323515,30.0,32.0,False,False
480263a0-5aad7ae9.jpg,motion_blur,3,18.546318414327956,9.0,10.0,False,False
488480d6-b94cf415.jpg,motion_blur,3,23.09958120069579,16.0,21.0,False,False
48ed707e-5062e4c3.jpg,motion_blur,3,24.892991715563532,6.0,1.0,False,False
4a289ff2-7da7feb6.jpg,motion_blur,3,25.24008022972655,121.0,,False,True
4a31f3e3-ac7ed780.jpg,motion_blur,3,26.069085766665737,10.0,8.0,False,False
4b2e1dde-65b54419.jpg,motion_blur,3,25.05514316253948,15.0,12.0,False,False
4d4a590b-4332c5ab.jpg,motion_blur,3,33.45464177630332,,1.0,True,False
5069db50-52f5af30.jpg,motion_blur,3,31.043195864757095,4.0,3.0,False,False
50866f46-30d1f303.jpg,motion_blur,3,23.070990124698994,30.0,26.0,False,False
50b115d6-4b08a666.jpg,motion_blur,3,21.783165340569365,93.0,10.0,False,False
50b2e757-6c7d0f63.jpg,motion_blur,3,23.862890762768224,6.0,72.0,False,False
50d0fd05-8db58ebd.jpg,motion_blur,3,27.72293041645938,2.0,,False,True
510671e9-603795e0.jpg,motion_blur,3,22.676020363861245,34.0,2.0,False,False
514a6d58-0790e0cd.jpg,motion_blur,3,26.13653160396055,13.0,1.0,False,False
5150bb50-300d52ce.jpg,motion_blur,3,24.8911484926605,6.0,15.0,False,False
52799e9e-8c8673f3.jpg,motion_blur,3,26.05544598393184,24.0,13.0,False,False
52bda346-fd8ac6e7.jpg,motion_blur,3,26.735046415695646,1.0,1.0,False,False
534418ba-ee05398f.jpg,motion_blur,3,26.577123310122595,2.0,383.0,False,False
54360b72-e00a3f70.jpg,motion_blur,3,22.79228021069133,147.0,13.0,False,False
554d7cd5-a32486dd.jpg,motion_blur,3,28.245824329406805,3.0,12.0,False,False
559fed19-7893646f.jpg,motion_blur,3,24.014694378739833,6.0,58.0,False,False
57165857-e4d4a47f.jpg,motion_blur,3,26.641249305986424,32.0,,False,True
5795bfe7-a599384a.jpg,motion_blur,3,23.493025935132728,,6.0,True,False
57ac74e2-e86131f1.jpg,motion_blur,3,26.26437943709864,,14.0,True,False
57b495f2-6da6b1e5.jpg,motion_blur,3,32.332927397664946,4.0,48.0,False,False
585443c8-2621a6b1.jpg,motion_blur,3,27.23016245449514,8.0,42.0,False,False
5877b384-2545daf4.jpg,motion_blur,3,22.287139747293917,1.0,15.0,False,False
587bb1bf-1aa00fe5.jpg,motion_blur,3,25.917571212912662,27.0,9.0,False,False
5995c288-2d152172.jpg,motion_blur,3,23.639600102295432,5.0,,False,False
59cde7c7-344bffb1.jpg,motion_blur,3,27.561076366864285,3.0,8.0,False,False
5a8f9b5d-1fdfd2d4.jpg,motion_blur,3,25.96478597302653,15.0,12.0,False,False
5ae83f9c-da990b49.jpg,motion_blur,3,23.306662547644585,7.0,6.0,False,False
5b2b4881-67a6cb87.jpg,motion_blur,3,25.34579014423305,6.0,7.0,False,False
5b2fd56a-37759b05.jpg,motion_blur,3,28.909151711312404,9.0,0.0,False,False
5b4b0b07-2fb56b82.jpg,motion_blur,3,23.644158284320017,10.0,20.0,False,False
5bc44a50-c371c4d0.jpg,motion_blur,3,19.715457253845337,3.0,59.0,False,False
5c4004b7-bf3b7941.jpg,motion_blur,3,27.424491528825694,34.0,3.0,False,False
5c534f5f-a76c7f4b.jpg,motion_blur,3,26.903410389230885,8.0,2.0,False,False
5c5dc708-35460444.jpg,motion_blur,3,24.29033200209384,32.0,29.0,False,False
5da6c6b6-76c54605.jpg,motion_blur,3,25.230559697806733,,21.0,True,False
5dc5141c-5890b5b1.jpg,motion_blur,3,28.247128078691027,11.0,82.0,False,False
5dd831da-bd00cf03.jpg,motion_blur,3,23.328840296555512,28.0,318.0,False,False
5dfb063f-7bd23d5c.jpg,motion_blur,3,28.01257616300658,9.0,0.0,False,False
5e0b701e-d443d8c2.jpg,motion_blur,3,23.896499377221527,,1.0,True,False
5e26f49d-0bc53c7e.jpg,motion_blur,3,31.368363313488793,8.0,12.0,False,False
5e26f49d-9271bf00.jpg,motion_blur,3,23.989966037544367,1.0,0.0,False,False
5e625ec3-7b4fc682.jpg,motion_blur,3,30.60322634268102,29.0,3.0,False,False
5f9387ff-330136ae.jpg,motion_blur,3,25.06957980893537,16.0,1.0,False,False
5fa17a25-88b8e6b9.jpg,motion_blur,3,29.276527423073805,7.0,3.0,False,False
5fa422e1-2d8dd765.jpg,motion_blur,3,24.29215639611742,18.0,39.0,False,False
5fb2a702-f56a339c.jpg,motion_blur,3,26.351416471375487,10.0,0.0,False,False
6011831b-0992e205.jpg,motion_blur,3,22.897106271879537,5.0,4.0,False,False
60137cc0-428b8f5b.jpg,motion_blur,3,22.798744586922105,2.0,11.0,False,False
604b5b3e-3c2e6b6b.jpg,motion_blur,3,23.11701085047952,14.0,5.0,False,False
6092f5a2-424550ba.jpg,motion_blur,3,26.733610676113745,30.0,3.0,False,False
60ba25dd-6c0df417.jpg,motion_blur,3,27.16667330271806,4.0,2.0,False,False
60c678e7-4813ae0f.jpg,motion_blur,3,20.533875579595037,3.0,,False,True
614ecada-16b0f8b6.jpg,motion_blur,3,25.71298364079376,27.0,4.0,False,False
61e4ad87-53ceb455.jpg,motion_blur,3,27.14553099846202,15.0,21.0,False,False
6240d7b3-b51b5788.jpg,motion_blur,3,25.107278729348334,4.0,1.0,False,False
62aefb36-b685117f.jpg,motion_blur,3,26.639156658540585,0.0,1.0,False,False
634c1785-3bb9a8a2.jpg,motion_blur,3,30.83034022367713,5.0,5.0,False,False
634c1785-aeb1652f.jpg,motion_blur,3,28.67821640163899,231.0,5.0,False,False
63f73472-028615f1.jpg,motion_blur,3,25.75165371185339,27.0,23.0,False,False
6485ad0a-245d1600.jpg,motion_blur,3,26.290256457749386,49.0,16.0,False,False
648dc925-e359dbec.jpg,motion_blur,3,30.57255980904825,16.0,19.0,False,False
65edc5a1-f309fed7.jpg,motion_blur,3,26.23445190153939,25.0,8.0,False,False
661381d9-1114a810.jpg,motion_blur,3,23.32468621726499,2.0,11.0,False,False
664cb246-f84cfaf4.jpg,motion_blur,3,20.627633798050653,72.0,14.0,False,False
675cf8fa-4b1ce8b9.jpg,motion_blur,3,22.76337130888551,8.0,25.0,False,False
67faeadf-eb09a636.jpg,motion_blur,3,26.701959689584434,,2.0,True,False
691be377-5dbc29ee.jpg,motion_blur,3,29.136686270649662,9.0,,False,True
692f1303-05178963.jpg,motion_blur,3,25.116474231460238,19.0,18.0,False,False
692f9b08-bdbbd729.jpg,motion_blur,3,29.5812003029325,4.0,1.0,False,False
69bfbe31-5ee2a642.jpg,motion_blur,3,23.191977725333768,51.0,11.0,False,False
69cf7667-68f59649.jpg,motion_blur,3,25.541576808078933,7.0,1.0,False,False
69cf7667-7eb40860.jpg,motion_blur,3,24.864634237936162,,2.0,True,False
6a44fb9a-05a3dd18.jpg,motion_blur,3,26.328185998534295,10.0,21.0,False,False
6a793e80-4f5e207f.jpg,motion_blur,3,29.578917556596043,1.0,0.0,False,False
6a82c0d6-b31f6b90.jpg,motion_blur,3,26.89452054699302,,16.0,True,False
6a8d218d-14e4fa28.jpg,motion_blur,3,28.938115432952966,,69.0,True,False
6ad110c3-789e7724.jpg,motion_blur,3,21.296133555749485,11.0,16.0,False,False
6b15392a-3a1699fd.jpg,motion_blur,3,23.999478050916238,9.0,5.0,False,False
6b784eee-0a5a2c89.jpg,motion_blur,3,24.18050526335381,6.0,99.0,False,False
6bb5a881-15e5c2c4.jpg,motion_blur,3,29.168911355008028,3.0,,False,True
6bd41587-d65ba5b4.jpg,motion_blur,3,26.003040775677476,22.0,2.0,False,False
6d0d7bef-fb11b6e1.jpg,motion_blur,3,30.35853060574365,103.0,13.0,False,False
6d57736c-a35808b9.jpg,motion_blur,3,31.265741477058775,5.0,73.0,False,False
6d8a6d94-00a7ad92.jpg,motion_blur,3,27.98660265916562,,64.0,True,False
6eeed3fa-87a1b0c9.jpg,motion_blur,3,28.06637978591475,3.0,17.0,False,False
701992bd-8a457895.jpg,motion_blur,3,27.584786198091834,7.0,1.0,False,False
7171644d-4e74752e.jpg,motion_blur,3,23.885943238757182,32.0,9.0,False,False
7171644d-ee92c71e.jpg,motion_blur,3,26.305882508293568,6.0,10.0,False,False
72f22fa5-8af4615c.jpg,motion_blur,3,21.672480136755702,4.0,4.0,False,False
72fd00fe-aeadfc89.jpg,motion_blur,3,30.745820536876508,40.0,5.0,False,False
730c67a5-563e9b1f.jpg,motion_blur,3,29.975942733709218,5.0,1.0,False,False
738a2bcd-7a6fde0d.jpg,motion_blur,3,29.32453006210951,0.0,154.0,False,False
73aff960-d46366ec.jpg,motion_blur,3,25.1817318346589,0.0,15.0,False,False
73d338d6-edf0b3db.jpg,motion_blur,3,29.043867744810747,35.0,233.0,False,False
75ad1fff-77299093.jpg,motion_blur,3,26.139308063963632,,3.0,True,False
75f5f52c-6b67e736.jpg,motion_blur,3,19.326527615034752,5.0,3.0,False,False
777005a8-14c739ad.jpg,motion_blur,3,28.713770804712265,61.0,4.0,False,False
7771e03b-832e52c0.jpg,motion_blur,3,28.01119257664289,8.0,3.0,False,False
7771e03b-a8f9d50c.jpg,motion_blur,3,25.130068476433415,47.0,5.0,False,False
7797fea2-c37f9856.jpg,motion_blur,3,24.835567751399683,44.0,7.0,False,False
77bdbeb0-edb0613f.jpg,motion_blur,3,28.65247457197777,16.0,4.0,False,False
77dca577-16a39ea0.jpg,motion_blur,3,23.88126599114421,1.0,13.0,False,False
77f810c4-43a39c1f.jpg,motion_blur,3,26.1568045637118,1.0,18.0,False,False
7814206e-8e991d51.jpg,motion_blur,3,28.598755578070456,1.0,3.0,False,False
7814206e-ea2508d0.jpg,motion_blur,3,29.425830974724562,5.0,0.0,False,False
79e177bc-4d5d3acc.jpg,motion_blur,3,22.956536665554694,100.0,3.0,False,False
7aa4ff0f-9d28d8a4.jpg,motion_blur,3,27.136494616847912,3.0,10.0,False,False
7ad1174c-373265eb.jpg,motion_blur,3,24.347878010911074,,,True,True
7b268b98-e0ec16c3.jpg,motion_blur,3,27.30845335146434,1.0,9.0,False,False
7c5a2048-332896ea.jpg,motion_blur,3,25.07682899952726,8.0,2.0,False,False
7c5d50c5-7292de37.jpg,motion_blur,3,26.933948928225423,14.0,2.0,False,False
7d1fe115-936a2f47.jpg,motion_blur,3,29.109429230698055,9.0,32.0,False,False
7dc2914d-a20a969a.jpg,motion_blur,3,30.200454619786917,18.0,3.0,False,False
7e4ab78b-4a62c63e.jpg,motion_blur,3,25.915544893333177,4.0,9.0,False,False
7e590c49-93f03732.jpg,motion_blur,3,21.832836230122226,0.0,73.0,False,False
7ed57d0a-d7bcc13d.jpg,motion_blur,3,25.041409447681566,11.0,43.0,False,False
7f0ef682-c93899df.jpg,motion_blur,3,24.510722355232446,0.0,7.0,False,False
7f4ac354-777de900.jpg,motion_blur,3,22.417600475685123,26.0,6.0,False,False
7f9bdf0d-c0e0061f.jpg,motion_blur,3,20.953729341396816,28.0,2.0,False,False
7fd14da9-a855494b.jpg,motion_blur,3,30.962793376367998,10.0,15.0,False,False
801bff84-a72998c7.jpg,motion_blur,3,22.057390309198226,9.0,43.0,False,False
8073de38-f7eab6ec.jpg,motion_blur,3,24.945285035517646,20.0,19.0,False,False
8082ea05-1a7bcd47.jpg,motion_blur,3,24.0101397548902,6.0,3.0,False,False
80ecebc0-ca9605f4.jpg,motion_blur,3,33.39849259341737,56.0,,False,True
81ec3b39-1951f79e.jpg,motion_blur,3,25.784617964989994,2.0,16.0,False,False
82b14c0c-79b99258.jpg,motion_blur,3,22.142165163480982,60.0,1.0,False,False
82b5fc3b-90cadd1b.jpg,motion_blur,3,21.423160542987624,10.0,15.0,False,False
82f03471-8e304dd5.jpg,motion_blur,3,23.893498929203844,3.0,30.0,False,False
836fa13a-d6058a12.jpg,motion_blur,3,30.319336882639043,12.0,50.0,False,False
84fb3f59-7d5d1fa4.jpg,motion_blur,3,24.06733107277022,,42.0,True,False
8542b4da-7795bcfd.jpg,motion_blur,3,31.631045355969782,1.0,0.0,False,False
85f3f250-1fef85ac.jpg,motion_blur,3,23.56840901722054,8.0,6.0,False,False
87ca2979-d5158824.jpg,motion_blur,3,25.410547552282132,33.0,1.0,False,False
889b7dda-77f16103.jpg,motion_blur,3,22.93019180962085,46.0,6.0,False,False
88dbf01a-d8b35dee.jpg,motion_blur,3,27.60463057615545,46.0,3.0,False,False
897223bc-6938f1ab.jpg,motion_blur,3,25.773999382591384,12.0,43.0,False,False
89b7454d-880eacbd.jpg,motion_blur,3,21.467749935029833,28.0,17.0,False,False
89e85e71-7dd0a7b6.jpg,motion_blur,3,24.84854888024752,4.0,20.0,False,False
8a4fbffe-47866ce9.jpg,motion_blur,3,24.26890276921634,,,True,True
8a76c101-8bcefc32.jpg,motion_blur,3,27.469790194976675,8.0,0.0,False,False
8b7ef6c4-6bbcf25f.jpg,motion_blur,3,24.004901887104904,36.0,43.0,False,False
8bac644e-e0437ead.jpg,motion_blur,3,27.439286922410695,,,False,True
8c94c649-8ba62efa.jpg,motion_blur,3,25.04254092143556,27.0,37.0,False,False
8c9bbaa9-34934b66.jpg,motion_blur,3,27.854354808803468,22.0,18.0,False,False
0049e5b8-725e21a0.jpg,motion_blur,4,26.03556322350527,12.0,9.0,False,False
0081e27b-17bf4a9e.jpg,motion_blur,4,25.349475358511118,17.0,15.0,False,False
00beeb02-50440dcd.jpg,motion_blur,4,23.398573356020904,21.0,0.0,False,False
00d4b6b7-7d0a60bf.jpg,motion_blur,4,23.299146172814456,,,True,True
01118704-2d838d7f.jpg,motion_blur,4,23.030770825922936,30.0,18.0,False,False
0115917e-14907a6a.jpg,motion_blur,4,24.513000836051457,10.0,21.0,False,False
02188a44-65ad27f3.jpg,motion_blur,4,23.587135472819313,11.0,,False,True
02494b7b-079febf8.jpg,motion_blur,4,23.545920301968675,34.0,1.0,False,False
029ffd50-dc944dba.jpg,motion_blur,4,22.444769951848325,,35.0,True,False
0464a98b-860229d5.jpg,motion_blur,4,21.286970351411377,137.0,9.0,False,False
051aadb7-51aad566.jpg,motion_blur,4,27.01649321531114,,,True,True
051aadb7-e953bc4d.jpg,motion_blur,4,21.655084770300608,,6.0,True,False
05743a9b-747658e7.jpg,motion_blur,4,27.32211002882544,226.0,3.0,False,False
057af272-6f700aef.jpg,motion_blur,4,27.833643703822034,,2.0,True,False
05d62296-30c620d5.jpg,motion_blur,4,23.559120664504754,118.0,,False,True
05e5a68e-f0e05a42.jpg,motion_blur,4,22.427575080771568,,7.0,True,False
05fa6494-8f436d04.jpg,motion_blur,4,22.507631376506694,37.0,8.0,False,False
060039d9-5218402b.jpg,motion_blur,4,22.179105088292978,17.0,0.0,False,False
064aa0d6-f75ff4d5.jpg,motion_blur,4,27.290734460875026,42.0,19.0,False,False
07de5062-ddddcbd7.jpg,motion_blur,4,29.758062876040334,2.0,,False,True
088351d1-30833ddc.jpg,motion_blur,4,23.37032712117378,54.0,,False,True
08a49c01-675d3899.jpg,motion_blur,4,28.97592143706525,5.0,1.0,False,False
08d4285a-4a25b9b6.jpg,motion_blur,4,21.529644845200654,,2.0,True,False
09ac21d6-eefa8ed0.jpg,motion_blur,4,18.33942327169946,,28.0,True,False
0a0a0b1a-7c39d841.jpg,motion_blur,4,28.542607911655942,4.0,2.0,False,False
0af6039a-f3c91319.jpg,motion_blur,4,22.548582380227575,139.0,5.0,False,False
0b2f5d0d-8fddc1fc.jpg,motion_blur,4,22.02486087164463,12.0,6.0,False,False
0b4225f9-bfb10f88.jpg,motion_blur,4,25.665381568690677,23.0,17.0,False,False
0ba08fe3-880ae118.jpg,motion_blur,4,25.41383604650659,18.0,6.0,False,False
0c2f33b9-f94d69b5.jpg,motion_blur,4,25.15835827132852,,15.0,True,False
0c984e6d-2b5d7ee4.jpg,motion_blur,4,27.55076027602623,,2.0,True,False
0cb67a01-7cf1687e.jpg,motion_blur,4,23.803909792376242,128.0,40.0,False,False
0cc6f3e8-b4c9e348.jpg,motion_blur,4,22.434636526820046,7.0,7.0,False,False
0cf398b3-ce65ab64.jpg,motion_blur,4,16.190044925892913,186.0,,False,True
0d3ec56a-f4cead6f.jpg,motion_blur,4,25.510686000930352,,15.0,True,False
0d61234a-542010b2.jpg,motion_blur,4,23.502063334180107,0.0,15.0,False,False
0e442b65-b17e0b50.jpg,motion_blur,4,26.533124627258474,5.0,47.0,False,False
0e5c7e92-0d9c60f0.jpg,motion_blur,4,22.511024986892355,3.0,9.0,False,False
0f837def-9646c091.jpg,motion_blur,4,25.882669338861845,29.0,7.0,False,False
0fba84f9-73b520ee.jpg,motion_blur,4,24.37973117537449,32.0,1.0,False,False
101a0964-930eae70.jpg,motion_blur,4,27.954858596510874,6.0,6.0,False,False
10389fe8-433c740c.jpg,motion_blur,4,20.108062382273705,,242.0,True,False
10453a95-40759ac3.jpg,motion_blur,4,23.95770571383556,18.0,11.0,False,False
1072195f-0a161ade.jpg,motion_blur,4,23.745414368764912,21.0,26.0,False,False
1072195f-6cf88b25.jpg,motion_blur,4,27.09360253068052,10.0,,False,True
11513e3d-150058c3.jpg,motion_blur,4,24.3525195416424,5.0,136.0,False,False
1189ae68-1a8ad3c6.jpg,motion_blur,4,26.40342401747862,12.0,34.0,False,False
12076ebb-c07285d7.jpg,motion_blur,4,22.102223176249872,,309.0,True,False
125134e5-7dfc45b9.jpg,motion_blur,4,27.323409862635906,4.0,,False,True
12ae9ab8-794f5adc.jpg,motion_blur,4,23.070733070975887,5.0,9.0,False,False
13f61134-50021e53.jpg,motion_blur,4,24.72050355644135,23.0,15.0,False,False
14eace5a-ddf3b303.jpg,motion_blur,4,28.3707518763488,6.0,2.0,False,False
1608cfe7-32da2c5d.jpg,motion_blur,4,22.916423041958957,28.0,54.0,False,False
162995f1-d2c7d259.jpg,motion_blur,4,25.32578148244742,35.0,2.0,False,False
16b0973f-c07b564a.jpg,motion_blur,4,25.332856264384414,14.0,8.0,False,False
1784d67b-6b223914.jpg,motion_blur,4,26.222696776789025,,24.0,True,False
1784d67b-d76145ce.jpg,motion_blur,4,27.274024992725717,45.0,9.0,False,False
188c58f3-792afc71.jpg,motion_blur,4,23.843959330625086,156.0,0.0,False,False
193f7f3b-84bc7998.jpg,motion_blur,4,26.372659994028055,,27.0,True,False
194058b0-ac0616a6.jpg,motion_blur,4,21.91491377434433,18.0,,False,True
19e56249-09c4bbc6.jpg,motion_blur,4,27.11396257388603,,,True,True
1a71faae-d5f255fd.jpg,motion_blur,4,23.358964157790506,31.0,2.0,False,False
1a8992a7-da5a8510.jpg,motion_blur,4,26.005260698847007,30.0,12.0,False,False
1ac0178c-0b259360.jpg,motion_blur,4,30.12573492380296,6.0,,False,True
1b30f76f-95aa8a06.jpg,motion_blur,4,25.53448450873639,10.0,10.0,False,False
1bda5a26-420ceea6.jpg,motion_blur,4,25.66832004770569,0.0,17.0,False,False
1bf7f3d2-15f95138.jpg,motion_blur,4,24.12816256960133,18.0,12.0,False,False
1c227a12-10e5552c.jpg,motion_blur,4,26.632696164906218,62.0,,False,True
1c227a12-ec67af93.jpg,motion_blur,4,24.435656589704372,2.0,28.0,False,False
1c5e9657-2e2a2863.jpg,motion_blur,4,27.035986905470907,,,True,True
1cb2a89b-4594573e.jpg,motion_blur,4,23.46541181188733,15.0,0.0,False,False
1cf54809-c6daa5a9.jpg,motion_blur,4,18.823519968262005,2.0,5.0,False,False
1d5e05f8-5020f67d.jpg,motion_blur,4,20.59949904814431,80.0,,False,True
1e57ae90-806bc767.jpg,motion_blur,4,27.390612339458514,14.0,1.0,False,False
1f959fdd-6ff63d34.jpg,motion_blur,4,22.33938701539241,45.0,3.0,False,False
1fa65acf-d43367bc.jpg,motion_blur,4,20.34338875890662,136.0,44.0,False,False
20cfadfa-47711496.jpg,motion_blur,4,25.834471257169692,42.0,8.0,False,False
20cfadfa-6f87fdc1.jpg,motion_blur,4,27.834632101990987,9.0,5.0,False,False
225a1858-0e3a4b04.jpg,motion_blur,4,23.1635667644133,,,True,True
22be2f14-59fbdca0.jpg,motion_blur,4,23.73419920827058,15.0,2.0,False,False
23333f35-0cbc3f0f.jpg,motion_blur,4,23.598739780150474,71.0,7.0,False,False
23df146f-64b50e4c.jpg,motion_blur,4,25.56679122874336,1.0,16.0,False,False
24392d7c-998011c2.jpg,motion_blur,4,25.128764709910616,11.0,,False,True
250e7595-b14da270.jpg,motion_blur,4,20.671923458861123,38.0,4.0,False,False
26190b83-39ccb412.jpg,motion_blur,4,22.019422205118047,,9.0,True,False
272d52f6-8aac36b3.jpg,motion_blur,4,20.067669346639985,1.0,87.0,False,False
2752681a-e813599a.jpg,motion_blur,4,24.360495085894478,21.0,29.0,False,False
27645526-f038b033.jpg,motion_blur,4,18.60075785861223,2.0,9.0,False,False
2773af6f-23e23a6b.jpg,motion_blur,4,22.485781741287507,1.0,25.0,False,False
28faf684-03ef4c6e.jpg,motion_blur,4,27.373771888089816,7.0,0.0,False,False
292720ee-d847ee69.jpg,motion_blur,4,31.239055604822976,1.0,9.0,False,False
2b54fe2d-c5b810e6.jpg,motion_blur,4,20.80472474113904,3.0,8.0,False,False
2b605c48-8dfe352b.jpg,motion_blur,4,22.233257335429787,2.0,23.0,False,False
2beccce2-354608e2.jpg,motion_blur,4,24.26778012474207,1.0,,False,True
2c87e51d-aa7a8031.jpg,motion_blur,4,28.34828095002557,,,True,True
2ce0b449-e818dc97.jpg,motion_blur,4,26.6960020111598,27.0,,False,True
2cf976a2-479cd46b.jpg,motion_blur,4,20.12526217633699,8.0,1.0,False,False
2e2fae77-b7497ca0.jpg,motion_blur,4,18.707451298612284,22.0,56.0,False,False
2ead8042-2493c03f.jpg,motion_blur,4,22.94555590780158,25.0,7.0,False,False
2f1864c1-1a17d11c.jpg,motion_blur,4,20.046808442504577,2.0,8.0,False,False
2f879dc0-b09e4824.jpg,motion_blur,4,21.071866907669985,18.0,8.0,False,False
2fc9ad1e-ee4c9e43.jpg,motion_blur,4,27.25868644983546,107.0,3.0,False,False
3050b249-0ffbd6ec.jpg,motion_blur,4,25.778777549014666,42.0,,False,True
314cc010-3eab5c90.jpg,motion_blur,4,26.600697902115186,78.0,1.0,False,False
31765c6b-90b0d612.jpg,motion_blur,4,23.920877877514517,7.0,5.0,False,False
31cf6eba-5c84c636.jpg,motion_blur,4,20.214010455954895,,40.0,True,False
32de2244-122f1783.jpg,motion_blur,4,27.59343074486949,27.0,0.0,False,False
33420085-32996107.jpg,motion_blur,4,29.895669792046608,24.0,36.0,False,False
3430a5e6-00ec38d2.jpg,motion_blur,4,14.593446041419577,0.0,,False,True
35eb46d0-8f7e28a0.jpg,motion_blur,4,28.47994324671287,29.0,3.0,False,False
3735fc3d-69d8b80c.jpg,motion_blur,4,23.27896260224511,12.0,44.0,False,False
3740cd4f-ff1d423d.jpg,motion_blur,4,22.842931048315982,8.0,5.0,False,False
375abba2-9f2ed56c.jpg,motion_blur,4,24.989815772892207,194.0,19.0,False,False
37723e55-31730cf5.jpg,motion_blur,4,21.76389120014597,,22.0,True,False
380a3f8e-ba4f0def.jpg,motion_blur,4,28.37656727472251,12.0,16.0,False,False
385b0f61-1aee12ef.jpg,motion_blur,4,24.156034187541977,43.0,20.0,False,False
3865fea7-b4fe472d.jpg,motion_blur,4,24.005850280961564,1.0,17.0,False,False
38e561dd-8ea8ae2d.jpg,motion_blur,4,23.467119315945748,11.0,3.0,False,False
38ed8d8d-93c48de2.jpg,motion_blur,4,25.950589120276234,2.0,11.0,False,False
38ed8d8d-b1c230ef.jpg,motion_blur,4,26.33228255270733,36.0,4.0,False,False
38ed8d8d-fa50400c.jpg,motion_blur,4,25.75129837671508,28.0,34.0,False,False
3900ad8c-8834019f.jpg,motion_blur,4,25.77354193796174,,,False,True
39ddb110-04604b9c.jpg,motion_blur,4,20.248260013856285,,8.0,True,False
39fc6d1c-6155351d.jpg,motion_blur,4,27.021407786546597,,6.0,False,False
3a278d39-b92df256.jpg,motion_blur,4,22.84023879062196,7.0,64.0,False,False
3a3407a2-df8ea956.jpg,motion_blur,4,21.08409791131639,,,True,True
3ad0c4a7-2a3d544e.jpg,motion_blur,4,22.5694592189765,2.0,37.0,False,False
3b1e1bc1-ee64e36e.jpg,motion_blur,4,20.27270525900578,3.0,2.0,False,False
3b44ef5a-c09e8479.jpg,motion_blur,4,21.23343851296706,29.0,,False,True
3b563c5e-0102edaf.jpg,motion_blur,4,25.35733069165504,3.0,55.0,False,False
3b9716a6-d2566395.jpg,motion_blur,4,25.168711890601784,3.0,1.0,False,False
3c0bbdc2-79baffce.jpg,motion_blur,4,28.24802550492251,26.0,3.0,False,False
3c5752b6-9c0bdf98.jpg,motion_blur,4,20.044504507774022,,136.0,True,False
3c95ae26-68abac3f.jpg,motion_blur,4,24.227082655280363,52.0,21.0,False,False
3e0f1745-a95a63ad.jpg,motion_blur,4,24.673114963562355,3.0,4.0,False,False
3f4eb6a6-9eee52f9.jpg,motion_blur,4,24.44243626605758,47.0,94.0,False,False
3f85a987-1ef4053b.jpg,motion_blur,4,25.481613981700242,2.0,,False,True
3fe1feaa-10126fec.jpg,motion_blur,4,22.527599431840667,37.0,385.0,False,False
3ffdaa26-b394f6f8.jpg,motion_blur,4,20.608742693759883,,14.0,False,False
4027c10d-41d54e9b.jpg,motion_blur,4,26.050601591925687,11.0,19.0,False,False
428e99ea-4166e549.jpg,motion_blur,4,26.152474167328155,24.0,13.0,False,False
42e0dd11-74b81997.jpg,motion_blur,4,30.897693558974858,12.0,,False,True
430395d1-931c959e.jpg,motion_blur,4,24.081052591941273,37.0,,False,False
43126e0d-495d04a5.jpg,motion_blur,4,26.806410821857177,3.0,20.0,False,False
43126e0d-cce96832.jpg,motion_blur,4,25.93894552079719,65.0,19.0,False,False
432f9e20-83a0d96c.jpg,motion_blur,4,23.44426541568496,25.0,3.0,False,False
43c7ed5c-b0690325.jpg,motion_blur,4,23.91435095608944,1.0,58.0,False,False
44cc16d9-d2e06fd6.jpg,motion_blur,4,19.82097770211704,34.0,130.0,False,False
45bafa98-1ee18a2f.jpg,motion_blur,4,24.355561358618957,3.0,2.0,False,False
46d048a1-8f7f385c.jpg,motion_blur,4,24.770690738440393,1.0,,False,True
46f76df9-8bf77914.jpg,motion_blur,4,24.29133083776957,30.0,33.0,False,False
480263a0-5aad7ae9.jpg,motion_blur,4,17.694588990533102,69.0,16.0,False,False
488480d6-b94cf415.jpg,motion_blur,4,22.192901802039703,5.0,6.0,False,False
48ed707e-5062e4c3.jpg,motion_blur,4,23.86932375784287,5.0,22.0,False,False
4a289ff2-7da7feb6.jpg,motion_blur,4,24.244702294479616,,,True,True
4a31f3e3-ac7ed780.jpg,motion_blur,4,25.206554221149055,10.0,,False,True
4b2e1dde-65b54419.jpg,motion_blur,4,24.182910022987656,22.0,4.0,False,False
4d4a590b-4332c5ab.jpg,motion_blur,4,32.380799757916506,,9.0,True,False
5069db50-52f5af30.jpg,motion_blur,4,29.507265703894685,145.0,12.0,False,False
50866f46-30d1f303.jpg,motion_blur,4,22.31959002532963,5.0,,False,True
50b115d6-4b08a666.jpg,motion_blur,4,20.93714646705419,70.0,22.0,False,False
50b2e757-6c7d0f63.jpg,motion_blur,4,22.873981177089554,102.0,7.0,False,False
50d0fd05-8db58ebd.jpg,motion_blur,4,26.50001851745252,6.0,7.0,False,False
510671e9-603795e0.jpg,motion_blur,4,22.03143130611233,98.0,7.0,False,False
514a6d58-0790e0cd.jpg,motion_blur,4,25.063998647888436,15.0,8.0,False,False
5150bb50-300d52ce.jpg,motion_blur,4,23.960940342314917,10.0,33.0,False,False
52799e9e-8c8673f3.jpg,motion_blur,4,25.09273443329867,7.0,3.0,False,False
52bda346-fd8ac6e7.jpg,motion_blur,4,25.60307415700254,,7.0,True,False
534418ba-ee05398f.jpg,motion_blur,4,25.642896473107008,10.0,386.0,False,False
54360b72-e00a3f70.jpg,motion_blur,4,21.950771422277256,148.0,179.0,False,False
554d7cd5-a32486dd.jpg,motion_blur,4,27.337397650941302,32.0,1.0,False,False
559fed19-7893646f.jpg,motion_blur,4,23.15204581618066,,52.0,True,False
57165857-e4d4a47f.jpg,motion_blur,4,25.459676801545292,32.0,,False,True
5795bfe7-a599384a.jpg,motion_blur,4,22.51113103111637,,,True,True
57ac74e2-e86131f1.jpg,motion_blur,4,25.257791878703483,532.0,24.0,False,False
57b495f2-6da6b1e5.jpg,motion_blur,4,31.147832635345218,37.0,48.0,False,False
585443c8-2621a6b1.jpg,motion_blur,4,26.354658257825765,3.0,65.0,False,False
5877b384-2545daf4.jpg,motion_blur,4,21.399719452330842,26.0,,False,True
587bb1bf-1aa00fe5.jpg,motion_blur,4,24.775779809547693,35.0,0.0,False,False
5995c288-2d152172.jpg,motion_blur,4,22.867348004353616,,,True,False
59cde7c7-344bffb1.jpg,motion_blur,4,26.599508956606968,3.0,,False,True
5a8f9b5d-1fdfd2d4.jpg,motion_blur,4,25.03790705230657,6.0,96.0,False,False
5ae83f9c-da990b49.jpg,motion_blur,4,22.403566392531822,3.0,6.0,False,False
5b2b4881-67a6cb87.jpg,motion_blur,4,24.212456226127795,38.0,1016.0,False,False
5b2fd56a-37759b05.jpg,motion_blur,4,27.93327385562189,61.0,22.0,False,False
5b4b0b07-2fb56b82.jpg,motion_blur,4,22.826585633843468,2.0,23.0,False,False
5bc44a50-c371c4d0.jpg,motion_blur,4,19.076016947833622,11.0,11.0,False,False
5c4004b7-bf3b7941.jpg,motion_blur,4,26.51706777238372,,41.0,True,False
5c534f5f-a76c7f4b.jpg,motion_blur,4,25.94582174033391,16.0,7.0,False,False
5c5dc708-35460444.jpg,motion_blur,4,23.365769220965895,113.0,12.0,False,False
5da6c6b6-76c54605.jpg,motion_blur,4,24.246748378109807,,,True,True
5dc5141c-5890b5b1.jpg,motion_blur,4,26.870058559517695,32.0,64.0,False,False
5dd831da-bd00cf03.jpg,motion_blur,4,22.50969597578731,41.0,157.0,False,False
5dfb063f-7bd23d5c.jpg,motion_blur,4,26.943589004884238,9.0,1.0,False,False
5e0b701e-d443d8c2.jpg,motion_blur,4,23.028993199478993,,17.0,True,False
5e26f49d-0bc53c7e.jpg,motion_blur,4,30.248566592340687,,14.0,True,False
5e26f49d-9271bf00.jpg,motion_blur,4,23.030207398582423,2.0,39.0,False,False
5e625ec3-7b4fc682.jpg,motion_blur,4,29.456865626435032,30.0,10.0,False,False
5f9387ff-330136ae.jpg,motion_blur,4,24.238463463287296,5.0,5.0,False,False
5fa17a25-88b8e6b9.jpg,motion_blur,4,28.10781028993221,4.0,12.0,False,False
5fa422e1-2d8dd765.jpg,motion_blur,4,23.24418384586163,7.0,32.0,False,False
5fb2a702-f56a339c.jpg,motion_blur,4,25.43985760728489,14.0,9.0,False,False
6011831b-0992e205.jpg,motion_blur,4,22.01639427202824,4.0,,False,True
60137cc0-428b8f5b.jpg,motion_blur,4,22.29422616926517,33.0,0.0,False,False
604b5b3e-3c2e6b6b.jpg,motion_blur,4,22.146433458909556,2.0,2.0,False,False
6092f5a2-424550ba.jpg,motion_blur,4,25.841480448076794,57.0,2.0,False,False
60ba25dd-6c0df417.jpg,motion_blur,4,26.327363470660494,144.0,,False,True
60c678e7-4813ae0f.jpg,motion_blur,4,19.766908514621726,12.0,,False,True
614ecada-16b0f8b6.jpg,motion_blur,4,24.831205553875684,23.0,3.0,False,False
61e4ad87-53ceb455.jpg,motion_blur,4,26.106182315572106,29.0,133.0,False,False
6240d7b3-b51b5788.jpg,motion_blur,4,24.04539210535917,5.0,2.0,False,False
62aefb36-b685117f.jpg,motion_blur,4,25.686627580592752,6.0,15.0,False,False
634c1785-3bb9a8a2.jpg,motion_blur,4,29.258962701249725,36.0,2.0,False,False
634c1785-aeb1652f.jpg,motion_blur,4,27.43016007816798,236.0,10.0,False,False
63f73472-028615f1.jpg,motion_blur,4,24.713084397191384,126.0,15.0,False,False
6485ad0a-245d1600.jpg,motion_blur,4,25.497486796979164,,10.0,True,False
648dc925-e359dbec.jpg,motion_blur,4,29.366886703009435,26.0,11.0,False,False
65edc5a1-f309fed7.jpg,motion_blur,4,25.43846782352867,47.0,6.0,False,False
661381d9-1114a810.jpg,motion_blur,4,22.371831713324287,5.0,3.0,False,False
664cb246-f84cfaf4.jpg,motion_blur,4,19.646967535226764,79.0,19.0,False,False
675cf8fa-4b1ce8b9.jpg,motion_blur,4,21.942915256161434,3.0,12.0,False,False
67faeadf-eb09a636.jpg,motion_blur,4,25.358574193651414,,11.0,True,False
691be377-5dbc29ee.jpg,motion_blur,4,28.230419566301848,8.0,4.0,False,False
692f1303-05178963.jpg,motion_blur,4,24.239128152669103,28.0,25.0,False,False
692f9b08-bdbbd729.jpg,motion_blur,4,28.531607783751454,2.0,37.0,False,False
69bfbe31-5ee2a642.jpg,motion_blur,4,22.424941652301065,15.0,25.0,False,False
69cf7667-68f59649.jpg,motion_blur,4,24.83227822651344,4.0,0.0,False,False
69cf7667-7eb40860.jpg,motion_blur,4,23.953109177430004,,17.0,True,False
6a44fb9a-05a3dd18.jpg,motion_blur,4,25.410378458494623,10.0,1.0,False,False
6a793e80-4f5e207f.jpg,motion_blur,4,28.5499402867135,2.0,146.0,False,False
6a82c0d6-b31f6b90.jpg,motion_blur,4,25.869215362989774,,15.0,True,False
6a8d218d-14e4fa28.jpg,motion_blur,4,28.132378612102464,,,True,True
6ad110c3-789e7724.jpg,motion_blur,4,20.36887245199701,40.0,18.0,False,False
6b15392a-3a1699fd.jpg,motion_blur,4,23.111621105239205,,19.0,True,False
6b784eee-0a5a2c89.jpg,motion_blur,4,23.179107979932336,55.0,,False,True
6bb5a881-15e5c2c4.jpg,motion_blur,4,28.124515451122633,1.0,,False,True
6bd41587-d65ba5b4.jpg,motion_blur,4,25.090863252071372,76.0,1.0,False,False
6d0d7bef-fb11b6e1.jpg,motion_blur,4,28.950545871530693,6.0,39.0,False,False
6d57736c-a35808b9.jpg,motion_blur,4,30.282076196490483,5.0,69.0,False,False
6d8a6d94-00a7ad92.jpg,motion_blur,4,27.028016486912886,,73.0,True,False
6eeed3fa-87a1b0c9.jpg,motion_blur,4,27.08029746279991,23.0,12.0,False,False
701992bd-8a457895.jpg,motion_blur,4,26.557845900168353,2.0,23.0,False,False
7171644d-4e74752e.jpg,motion_blur,4,23.04392283481944,18.0,1.0,False,False
7171644d-ee92c71e.jpg,motion_blur,4,25.34126715105409,34.0,25.0,False,False
72f22fa5-8af4615c.jpg,motion_blur,4,20.687663650123845,9.0,18.0,False,False
72fd00fe-aeadfc89.jpg,motion_blur,4,29.5958530908296,38.0,29.0,False,False
730c67a5-563e9b1f.jpg,motion_blur,4,29.159682764488245,1.0,26.0,False,False
738a2bcd-7a6fde0d.jpg,motion_blur,4,28.223507117103594,6.0,154.0,False,False
73aff960-d46366ec.jpg,motion_blur,4,24.26244815348692,20.0,,False,True
73d338d6-edf0b3db.jpg,motion_blur,4,27.68693523584662,38.0,,False,True
75ad1fff-77299093.jpg,motion_blur,4,25.220761307619707,,1.0,True,False
75f5f52c-6b67e736.jpg,motion_blur,4,17.794481736684812,,,True,True
777005a8-14c739ad.jpg,motion_blur,4,27.756929163431327,38.0,0.0,False,False
7771e03b-832e52c0.jpg,motion_blur,4,26.904155343466304,12.0,38.0,False,False
7771e03b-a8f9d50c.jpg,motion_blur,4,24.394003482376757,93.0,5.0,False,False
7797fea2-c37f9856.jpg,motion_blur,4,24.122559856379393,36.0,16.0,False,False
77bdbeb0-edb0613f.jpg,motion_blur,4,27.626067267581572,5.0,10.0,False,False
77dca577-16a39ea0.jpg,motion_blur,4,22.851273037510328,12.0,1.0,False,False
77f810c4-43a39c1f.jpg,motion_blur,4,25.45835545590082,,,True,True
7814206e-8e991d51.jpg,motion_blur,4,27.42095868284642,5.0,1.0,False,False
7814206e-ea2508d0.jpg,motion_blur,4,28.267574360960793,21.0,28.0,False,False
79e177bc-4d5d3acc.jpg,motion_blur,4,22.042070818535397,22.0,2.0,False,False
7aa4ff0f-9d28d8a4.jpg,motion_blur,4,26.21042290709905,2.0,12.0,False,False
7ad1174c-373265eb.jpg,motion_blur,4,23.3408036880489,,,True,True
7b268b98-e0ec16c3.jpg,motion_blur,4,26.441887449050814,6.0,8.0,False,False
7c5a2048-332896ea.jpg,motion_blur,4,24.252990657541737,5.0,,False,True
7c5d50c5-7292de37.jpg,motion_blur,4,25.876876448684158,34.0,1.0,False,False
7d1fe115-936a2f47.jpg,motion_blur,4,28.034181742036694,7.0,23.0,False,False
7dc2914d-a20a969a.jpg,motion_blur,4,29.150937340300874,,19.0,True,False
7e4ab78b-4a62c63e.jpg,motion_blur,4,24.932269919780037,4.0,,False,True
7e590c49-93f03732.jpg,motion_blur,4,21.04494807433251,,0.0,True,False
7ed57d0a-d7bcc13d.jpg,motion_blur,4,24.11141204577351,22.0,21.0,False,False
7f0ef682-c93899df.jpg,motion_blur,4,23.261923095085635,5.0,3.0,False,False
7f4ac354-777de900.jpg,motion_blur,4,21.53718707161875,13.0,9.0,False,False
7f9bdf0d-c0e0061f.jpg,motion_blur,4,20.02695849596861,1.0,2.0,False,False
7fd14da9-a855494b.jpg,motion_blur,4,29.776978055334645,16.0,20.0,False,False
801bff84-a72998c7.jpg,motion_blur,4,21.10344940787136,10.0,42.0,False,False
8073de38-f7eab6ec.jpg,motion_blur,4,24.111427111129366,7.0,18.0,False,False
8082ea05-1a7bcd47.jpg,motion_blur,4,23.162193056859294,4.0,0.0,False,False
80ecebc0-ca9605f4.jpg,motion_blur,4,32.35784847394395,56.0,9.0,False,False
81ec3b39-1951f79e.jpg,motion_blur,4,24.8241156538979,5.0,25.0,False,False
82b14c0c-79b99258.jpg,motion_blur,4,21.25077113886986,56.0,13.0,False,False
82b5fc3b-90cadd1b.jpg,motion_blur,4,20.445865432432292,,36.0,True,False
82f03471-8e304dd5.jpg,motion_blur,4,22.969178089935177,80.0,11.0,False,False
836fa13a-d6058a12.jpg,motion_blur,4,29.34385209145395,29.0,49.0,False,False
84fb3f59-7d5d1fa4.jpg,motion_blur,4,23.037486824918986,,,True,True
8542b4da-7795bcfd.jpg,motion_blur,4,30.341358202797068,15.0,10.0,False,False
85f3f250-1fef85ac.jpg,motion_blur,4,22.618008855900477,9.0,15.0,False,False
87ca2979-d5158824.jpg,motion_blur,4,24.47644470969226,33.0,2.0,False,False
889b7dda-77f16103.jpg,motion_blur,4,22.06143413641319,19.0,3.0,False,False
88dbf01a-d8b35dee.jpg,motion_blur,4,26.743759836441534,12.0,1.0,False,False
897223bc-6938f1ab.jpg,motion_blur,4,24.91567533201623,4.0,,False,True
89b7454d-880eacbd.jpg,motion_blur,4,20.70781571427711,46.0,,False,True
89e85e71-7dd0a7b6.jpg,motion_blur,4,23.87758552549809,15.0,26.0,False,False
8a4fbffe-47866ce9.jpg,motion_blur,4,23.263315905254565,,,True,True
8a76c101-8bcefc32.jpg,motion_blur,4,26.37307045689459,,,True,True
8b7ef6c4-6bbcf25f.jpg,motion_blur,4,23.123012711075507,23.0,60.0,False,False
8bac644e-e0437ead.jpg,motion_blur,4,26.53299410277262,,,False,True
8c94c649-8ba62efa.jpg,motion_blur,4,24.145895544031358,20.0,14.0,False,False
8c9bbaa9-34934b66.jpg,motion_blur,4,26.675012503923014,5.0,6.0,False,False
0049e5b8-725e21a0.jpg,motion_blur,5,24.689614126809786,14.0,10.0,False,False
0081e27b-17bf4a9e.jpg,motion_blur,5,24.24863819126426,25.0,48.0,False,False
00beeb02-50440dcd.jpg,motion_blur,5,22.12277406425963,,3.0,True,False
00d4b6b7-7d0a60bf.jpg,motion_blur,5,22.130138608414384,162.0,,False,True
01118704-2d838d7f.jpg,motion_blur,5,21.75834995710602,109.0,60.0,False,False
0115917e-14907a6a.jpg,motion_blur,5,23.185643850316005,,26.0,True,False
02188a44-65ad27f3.jpg,motion_blur,5,22.34631944359617,,405.0,True,False
02494b7b-079febf8.jpg,motion_blur,5,22.1740469433084,22.0,14.0,False,False
029ffd50-dc944dba.jpg,motion_blur,5,21.178563350171125,,36.0,True,False
0464a98b-860229d5.jpg,motion_blur,5,20.125998747462134,,26.0,True,False
051aadb7-51aad566.jpg,motion_blur,5,25.75969010063451,,,True,True
051aadb7-e953bc4d.jpg,motion_blur,5,20.500737627201772,,,True,True
05743a9b-747658e7.jpg,motion_blur,5,25.808926489927714,,3.0,True,False
057af272-6f700aef.jpg,motion_blur,5,26.456507396784545,,16.0,True,False
05d62296-30c620d5.jpg,motion_blur,5,22.30327840670524,33.0,,False,True
05e5a68e-f0e05a42.jpg,motion_blur,5,21.384639358352477,,,True,True
05fa6494-8f436d04.jpg,motion_blur,5,21.37069409462093,,3.0,True,False
060039d9-5218402b.jpg,motion_blur,5,20.49267851795523,2.0,,False,True
064aa0d6-f75ff4d5.jpg,motion_blur,5,25.560284344985757,13.0,26.0,False,False
07de5062-ddddcbd7.jpg,motion_blur,5,28.15398265918975,,,True,True
088351d1-30833ddc.jpg,motion_blur,5,22.150712395109018,,,True,True
08a49c01-675d3899.jpg,motion_blur,5,27.729221758579303,35.0,11.0,False,False
08d4285a-4a25b9b6.jpg,motion_blur,5,20.418296192673367,7.0,,False,True
09ac21d6-eefa8ed0.jpg,motion_blur,5,17.178174021922157,,11.0,True,False
0a0a0b1a-7c39d841.jpg,motion_blur,5,26.90144257386672,,2.0,True,False
0af6039a-f3c91319.jpg,motion_blur,5,21.24745619922523,,,True,True
0b2f5d0d-8fddc1fc.jpg,motion_blur,5,20.715545940993042,45.0,104.0,False,False
0b4225f9-bfb10f88.jpg,motion_blur,5,24.407815926775577,,,True,True
0ba08fe3-880ae118.jpg,motion_blur,5,24.15126983651571,12.0,12.0,False,False
0c2f33b9-f94d69b5.jpg,motion_blur,5,23.790174946057473,,26.0,True,False
0c984e6d-2b5d7ee4.jpg,motion_blur,5,26.22710871389444,,30.0,True,False
0cb67a01-7cf1687e.jpg,motion_blur,5,22.578968779629566,88.0,,False,True
0cc6f3e8-b4c9e348.jpg,motion_blur,5,21.290919830800718,142.0,,False,True
0cf398b3-ce65ab64.jpg,motion_blur,5,14.299188687680058,,,True,True
0d3ec56a-f4cead6f.jpg,motion_blur,5,24.39729871332663,,,True,True
0d61234a-542010b2.jpg,motion_blur,5,21.47599234962186,51.0,20.0,False,False
0e442b65-b17e0b50.jpg,motion_blur,5,25.19741094355124,,28.0,True,False
0e5c7e92-0d9c60f0.jpg,motion_blur,5,21.081164456490413,5.0,,False,True
0f837def-9646c091.jpg,motion_blur,5,24.78105965060901,,14.0,True,False
0fba84f9-73b520ee.jpg,motion_blur,5,23.20268614763375,,,True,True
101a0964-930eae70.jpg,motion_blur,5,26.03719724203488,,2.0,True,False
10389fe8-433c740c.jpg,motion_blur,5,18.79290661087364,,,True,True
10453a95-40759ac3.jpg,motion_blur,5,22.75699291423993,50.0,,False,True
1072195f-0a161ade.jpg,motion_blur,5,22.52511594441082,12.0,24.0,False,False
1072195f-6cf88b25.jpg,motion_blur,5,25.850951649071916,38.0,,False,True
11513e3d-150058c3.jpg,motion_blur,5,23.033508672955087,7.0,162.0,False,False
1189ae68-1a8ad3c6.jpg,motion_blur,5,25.24871336449856,,,True,True
12076ebb-c07285d7.jpg,motion_blur,5,20.91006708666262,,309.0,True,False
125134e5-7dfc45b9.jpg,motion_blur,5,26.23502381361897,,,True,True
12ae9ab8-794f5adc.jpg,motion_blur,5,21.82853396137839,,96.0,True,False
13f61134-50021e53.jpg,motion_blur,5,23.380018208504275,415.0,,False,True
14eace5a-ddf3b303.jpg,motion_blur,5,26.905462861178073,,13.0,True,False
1608cfe7-32da2c5d.jpg,motion_blur,5,21.766897609432135,,48.0,True,False
162995f1-d2c7d259.jpg,motion_blur,5,23.724416542218016,,40.0,True,False
16b0973f-c07b564a.jpg,motion_blur,5,23.90231759152349,40.0,3.0,False,False
1784d67b-6b223914.jpg,motion_blur,5,24.935062864095123,,8.0,True,False
1784d67b-d76145ce.jpg,motion_blur,5,25.91735894479939,,,True,True
188c58f3-792afc71.jpg,motion_blur,5,22.58251421848714,21.0,27.0,False,False
193f7f3b-84bc7998.jpg,motion_blur,5,24.710641730378946,,20.0,True,False
194058b0-ac0616a6.jpg,motion_blur,5,20.68232269646834,136.0,118.0,False,False
19e56249-09c4bbc6.jpg,motion_blur,5,26.025340638954127,,,True,True
1a71faae-d5f255fd.jpg,motion_blur,5,22.114300160799214,,86.0,True,False
1a8992a7-da5a8510.jpg,motion_blur,5,23.950414227284973,,,True,True
1ac0178c-0b259360.jpg,motion_blur,5,28.8999772972748,,,True,True
1b30f76f-95aa8a06.jpg,motion_blur,5,24.02323965277285,6.0,,False,True
1bda5a26-420ceea6.jpg,motion_blur,5,23.852944880180715,,,True,True
1bf7f3d2-15f95138.jpg,motion_blur,5,22.795896435824538,,5.0,True,False
1c227a12-10e5552c.jpg,motion_blur,5,25.513884728873755,81.0,,False,True
1c227a12-ec67af93.jpg,motion_blur,5,23.39457527288278,2.0,24.0,False,False
1c5e9657-2e2a2863.jpg,motion_blur,5,25.757248854208505,,,True,True
1cb2a89b-4594573e.jpg,motion_blur,5,22.120642006954547,15.0,,False,True
1cf54809-c6daa5a9.jpg,motion_blur,5,17.82763783817466,324.0,10.0,False,False
1d5e05f8-5020f67d.jpg,motion_blur,5,19.411901610534652,,,True,True
1e57ae90-806bc767.jpg,motion_blur,5,26.014257428056247,53.0,6.0,False,False
1f959fdd-6ff63d34.jpg,motion_blur,5,20.992208720020077,,,True,True
1fa65acf-d43367bc.jpg,motion_blur,5,19.055253186283025,105.0,,False,True
20cfadfa-47711496.jpg,motion_blur,5,24.37125170884908,3.0,33.0,False,False
20cfadfa-6f87fdc1.jpg,motion_blur,5,25.96201171796171,15.0,1.0,False,False
225a1858-0e3a4b04.jpg,motion_blur,5,21.891404465221274,,,True,True
22be2f14-59fbdca0.jpg,motion_blur,5,22.210977081371407,11.0,5.0,False,False
23333f35-0cbc3f0f.jpg,motion_blur,5,22.47491894455434,80.0,,False,True
23df146f-64b50e4c.jpg,motion_blur,5,24.125009329249018,10.0,0.0,False,False
24392d7c-998011c2.jpg,motion_blur,5,23.912580170324865,,,True,True
250e7595-b14da270.jpg,motion_blur,5,19.52788133471802,42.0,,False,True
26190b83-39ccb412.jpg,motion_blur,5,20.692868967836205,,3.0,True,False
272d52f6-8aac36b3.jpg,motion_blur,5,18.582575115583403,,,True,True
2752681a-e813599a.jpg,motion_blur,5,23.221898147108085,30.0,,False,True
27645526-f038b033.jpg,motion_blur,5,17.502224864767577,46.0,7.0,False,False
2773af6f-23e23a6b.jpg,motion_blur,5,21.253452995541117,,49.0,True,False
28faf684-03ef4c6e.jpg,motion_blur,5,25.85629917625163,6.0,11.0,False,False
292720ee-d847ee69.jpg,motion_blur,5,29.621481349229242,2.0,11.0,False,False
2b54fe2d-c5b810e6.jpg,motion_blur,5,19.424459251778337,9.0,8.0,False,False
2b605c48-8dfe352b.jpg,motion_blur,5,20.775063415431177,,14.0,True,False
2beccce2-354608e2.jpg,motion_blur,5,23.059792935929124,,,True,True
2c87e51d-aa7a8031.jpg,motion_blur,5,26.567139430295647,,,True,True
2ce0b449-e818dc97.jpg,motion_blur,5,25.422362265773145,13.0,,False,True
2cf976a2-479cd46b.jpg,motion_blur,5,18.90032267876944,,,True,True
2e2fae77-b7497ca0.jpg,motion_blur,5,17.708017758782354,,,True,True
2ead8042-2493c03f.jpg,motion_blur,5,21.14256112208747,,135.0,True,False
2f1864c1-1a17d11c.jpg,motion_blur,5,18.82009296443163,,,True,True
2f879dc0-b09e4824.jpg,motion_blur,5,20.04595280353427,85.0,4.0,False,False
2fc9ad1e-ee4c9e43.jpg,motion_blur,5,25.80850549442558,86.0,,False,True
3050b249-0ffbd6ec.jpg,motion_blur,5,24.10414957103057,,,True,True
314cc010-3eab5c90.jpg,motion_blur,5,25.393086076780094,,33.0,True,False
31765c6b-90b0d612.jpg,motion_blur,5,22.485457366876954,,,True,True
31cf6eba-5c84c636.jpg,motion_blur,5,19.241100887248855,,2.0,True,False
32de2244-122f1783.jpg,motion_blur,5,26.254156534747658,39.0,4.0,False,False
33420085-32996107.jpg,motion_blur,5,28.288556273346313,54.0,,False,True
3430a5e6-00ec38d2.jpg,motion_blur,5,13.125033739452913,85.0,100.0,False,False
35eb46d0-8f7e28a0.jpg,motion_blur,5,26.937233781694072,5.0,2.0,False,False
3735fc3d-69d8b80c.jpg,motion_blur,5,22.1522119518953,,,True,True
3740cd4f-ff1d423d.jpg,motion_blur,5,21.4571918337718,14.0,42.0,False,False
375abba2-9f2ed56c.jpg,motion_blur,5,23.772762948812094,,,True,True
37723e55-31730cf5.jpg,motion_blur,5,20.515724623997333,,24.0,True,False
380a3f8e-ba4f0def.jpg,motion_blur,5,27.237336016759393,,,True,True
385b0f61-1aee12ef.jpg,motion_blur,5,22.898809504156414,,,True,True
3865fea7-b4fe472d.jpg,motion_blur,5,22.647720657459566,7.0,,False,True
38e561dd-8ea8ae2d.jpg,motion_blur,5,22.429189959796688,10.0,15.0,False,False
38ed8d8d-93c48de2.jpg,motion_blur,5,24.685493869414174,32.0,30.0,False,False
38ed8d8d-b1c230ef.jpg,motion_blur,5,25.08251010232825,36.0,19.0,False,False
38ed8d8d-fa50400c.jpg,motion_blur,5,24.213642110245168,,,True,True
3900ad8c-8834019f.jpg,motion_blur,5,24.592175892995137,,,False,True
39ddb110-04604b9c.jpg,motion_blur,5,19.19212737740513,,75.0,True,False
39fc6d1c-6155351d.jpg,motion_blur,5,25.457082430852385,,3.0,False,False
3a278d39-b92df256.jpg,motion_blur,5,21.32294401624062,,27.0,True,False
3a3407a2-df8ea956.jpg,motion_blur,5,19.7464721573901,,,True,True
3ad0c4a7-2a3d544e.jpg,motion_blur,5,21.421432474207606,,,True,True
3b1e1bc1-ee64e36e.jpg,motion_blur,5,19.515706211711496,,,True,True
3b44ef5a-c09e8479.jpg,motion_blur,5,19.813055039417748,,,True,True
3b563c5e-0102edaf.jpg,motion_blur,5,23.745943595973316,,49.0,True,False
3b9716a6-d2566395.jpg,motion_blur,5,24.086279233649005,,,True,True
3c0bbdc2-79baffce.jpg,motion_blur,5,26.6570411916455,,6.0,True,False
3c5752b6-9c0bdf98.jpg,motion_blur,5,19.00287640446447,,136.0,True,False
3c95ae26-68abac3f.jpg,motion_blur,5,23.106037094839273,0.0,44.0,False,False
3e0f1745-a95a63ad.jpg,motion_blur,5,23.305705591855524,4.0,0.0,False,False
3f4eb6a6-9eee52f9.jpg,motion_blur,5,23.3535066497583,,,True,True
3f85a987-1ef4053b.jpg,motion_blur,5,23.969185199266924,,,True,True
3fe1feaa-10126fec.jpg,motion_blur,5,21.22075185046181,,,True,True
3ffdaa26-b394f6f8.jpg,motion_blur,5,19.4595160634621,,5.0,False,False
4027c10d-41d54e9b.jpg,motion_blur,5,24.206835507285636,,86.0,True,False
428e99ea-4166e549.jpg,motion_blur,5,24.507924269331667,76.0,,False,True
42e0dd11-74b81997.jpg,motion_blur,5,29.379433499447124,,,True,True
430395d1-931c959e.jpg,motion_blur,5,22.83929787270636,57.0,,False,False
43126e0d-495d04a5.jpg,motion_blur,5,25.058136544131095,3.0,,False,True
43126e0d-cce96832.jpg,motion_blur,5,24.52247227446866,,,True,True
432f9e20-83a0d96c.jpg,motion_blur,5,21.9676839716292,,23.0,True,False
43c7ed5c-b0690325.jpg,motion_blur,5,22.571692657010402,5.0,2.0,False,False
44cc16d9-d2e06fd6.jpg,motion_blur,5,18.335613741290516,9.0,,False,True
45bafa98-1ee18a2f.jpg,motion_blur,5,22.55870390657008,,5.0,True,False
46d048a1-8f7f385c.jpg,motion_blur,5,23.04568767080994,,,True,True
46f76df9-8bf77914.jpg,motion_blur,5,23.21074202799943,3.0,7.0,False,False
480263a0-5aad7ae9.jpg,motion_blur,5,16.57699021455802,,,True,True
488480d6-b94cf415.jpg,motion_blur,5,20.911632932588326,,0.0,True,False
48ed707e-5062e4c3.jpg,motion_blur,5,22.49083702570445,,,True,True
4a289ff2-7da7feb6.jpg,motion_blur,5,22.822643870060983,,,True,True
4a31f3e3-ac7ed780.jpg,motion_blur,5,23.932348355881864,,,True,True
4b2e1dde-65b54419.jpg,motion_blur,5,22.960836478585133,,18.0,True,False
4d4a590b-4332c5ab.jpg,motion_blur,5,30.86780577335385,,,True,True
5069db50-52f5af30.jpg,motion_blur,5,27.490663751746194,170.0,9.0,False,False
50866f46-30d1f303.jpg,motion_blur,5,21.291367158061924,,,True,True
50b115d6-4b08a666.jpg,motion_blur,5,19.73396429857115,,,True,True
50b2e757-6c7d0f63.jpg,motion_blur,5,21.488703192758848,,,True,True
50d0fd05-8db58ebd.jpg,motion_blur,5,24.76825168187058,,,True,True
510671e9-603795e0.jpg,motion_blur,5,21.15004833133127,539.0,,False,True
514a6d58-0790e0cd.jpg,motion_blur,5,23.556513508177858,,,True,True
5150bb50-300d52ce.jpg,motion_blur,5,22.81978967660644,2.0,19.0,False,False
52799e9e-8c8673f3.jpg,motion_blur,5,23.763710939201424,16.0,29.0,False,False
52bda346-fd8ac6e7.jpg,motion_blur,5,24.10320590384869,,,True,True
534418ba-ee05398f.jpg,motion_blur,5,24.314533268766855,,,True,True
54360b72-e00a3f70.jpg,motion_blur,5,20.7715092935902,,,True,True
554d7cd5-a32486dd.jpg,motion_blur,5,26.070238495281977,17.0,11.0,False,False
559fed19-7893646f.jpg,motion_blur,5,21.985151071752384,,,True,True
57165857-e4d4a47f.jpg,motion_blur,5,23.82385322681515,11.0,,False,True
5795bfe7-a599384a.jpg,motion_blur,5,21.099346701947464,,,True,True
57ac74e2-e86131f1.jpg,motion_blur,5,23.84668017777221,,16.0,True,False
57b495f2-6da6b1e5.jpg,motion_blur,5,29.43207792825294,48.0,,False,True
585443c8-2621a6b1.jpg,motion_blur,5,25.140581075183942,4.0,90.0,False,False
5877b384-2545daf4.jpg,motion_blur,5,20.1843556034178,19.0,,False,True
587bb1bf-1aa00fe5.jpg,motion_blur,5,23.191331139115604,68.0,,False,True
5995c288-2d152172.jpg,motion_blur,5,21.77382050925221,,,True,False
59cde7c7-344bffb1.jpg,motion_blur,5,25.21453565986822,,,True,True
5a8f9b5d-1fdfd2d4.jpg,motion_blur,5,23.81367646881019,1.0,160.0,False,False
5ae83f9c-da990b49.jpg,motion_blur,5,21.106150594325946,,1.0,True,False
5b2b4881-67a6cb87.jpg,motion_blur,5,22.580872437868457,198.0,,False,True
5b2fd56a-37759b05.jpg,motion_blur,5,26.48890603780003,,2.0,True,False
5b4b0b07-2fb56b82.jpg,motion_blur,5,21.761646013519652,,,True,True
5bc44a50-c371c4d0.jpg,motion_blur,5,18.214803398590128,23.0,,False,True
5c4004b7-bf3b7941.jpg,motion_blur,5,25.252718929747303,,,True,True
5c534f5f-a76c7f4b.jpg,motion_blur,5,24.54344137385136,,,True,True
5c5dc708-35460444.jpg,motion_blur,5,22.094088964372467,,,True,True
5da6c6b6-76c54605.jpg,motion_blur,5,22.84643627728235,,,True,True
5dc5141c-5890b5b1.jpg,motion_blur,5,24.910797290952868,,,True,True
5dd831da-bd00cf03.jpg,motion_blur,5,21.405465492937566,,,True,True
5dfb063f-7bd23d5c.jpg,motion_blur,5,25.488071418023516,23.0,,False,True
5e0b701e-d443d8c2.jpg,motion_blur,5,21.814787038356936,,127.0,True,False
5e26f49d-0bc53c7e.jpg,motion_blur,5,28.58361045418547,,,True,True
5e26f49d-9271bf00.jpg,motion_blur,5,21.727313627934596,,,True,True
5e625ec3-7b4fc682.jpg,motion_blur,5,27.79008522874725,,13.0,True,False
5f9387ff-330136ae.jpg,motion_blur,5,23.078232628802166,,,True,True
5fa17a25-88b8e6b9.jpg,motion_blur,5,26.444047309871962,,5.0,True,False
5fa422e1-2d8dd765.jpg,motion_blur,5,21.7580514423525,,38.0,True,False
5fb2a702-f56a339c.jpg,motion_blur,5,24.109801152935127,14.0,82.0,False,False
6011831b-0992e205.jpg,motion_blur,5,20.8084973312602,9.0,,False,True
60137cc0-428b8f5b.jpg,motion_blur,5,21.548708632455448,,,True,True
604b5b3e-3c2e6b6b.jpg,motion_blur,5,20.76279899143746,41.0,,False,True
6092f5a2-424550ba.jpg,motion_blur,5,24.544794586500046,23.0,,False,True
60ba25dd-6c0df417.jpg,motion_blur,5,25.115992503390526,106.0,,False,True
60c678e7-4813ae0f.jpg,motion_blur,5,18.64492026807719,12.0,,False,True
614ecada-16b0f8b6.jpg,motion_blur,5,23.596640795366305,49.0,,False,True
61e4ad87-53ceb455.jpg,motion_blur,5,24.68260072611745,50.0,,False,True
6240d7b3-b51b5788.jpg,motion_blur,5,22.627667567818065,10.0,13.0,False,False
62aefb36-b685117f.jpg,motion_blur,5,24.223051128064274,,13.0,True,False
634c1785-3bb9a8a2.jpg,motion_blur,5,27.093329555252836,,4.0,True,False
634c1785-aeb1652f.jpg,motion_blur,5,25.668285157229572,239.0,4.0,False,False
63f73472-028615f1.jpg,motion_blur,5,23.18226607416767,103.0,5.0,False,False
6485ad0a-245d1600.jpg,motion_blur,5,24.748123074782885,,25.0,True,False
648dc925-e359dbec.jpg,motion_blur,5,27.65972560624434,1.0,,False,True
65edc5a1-f309fed7.jpg,motion_blur,5,24.291143785454516,,7.0,True,False
661381d9-1114a810.jpg,motion_blur,5,21.009713829377354,,,True,True
664cb246-f84cfaf4.jpg,motion_blur,5,18.34772181536169,,1.0,True,False
675cf8fa-4b1ce8b9.jpg,motion_blur,5,20.806091382832072,6.0,230.0,False,False
67faeadf-eb09a636.jpg,motion_blur,5,23.581139501824676,,7.0,True,False
691be377-5dbc29ee.jpg,motion_blur,5,26.93807023877957,22.0,2.0,False,False
692f1303-05178963.jpg,motion_blur,5,23.078764218378318,,,True,True
692f9b08-bdbbd729.jpg,motion_blur,5,27.022810915539477,15.0,0.0,False,False
69bfbe31-5ee2a642.jpg,motion_blur,5,21.2790956237855,20.0,17.0,False,False
69cf7667-68f59649.jpg,motion_blur,5,23.794253621681854,1.0,2.0,False,False
69cf7667-7eb40860.jpg,motion_blur,5,22.62645873770891,,,True,True
6a44fb9a-05a3dd18.jpg,motion_blur,5,23.992890234164655,2.0,20.0,False,False
6a793e80-4f5e207f.jpg,motion_blur,5,27.08059629465657,9.0,,False,True
6a82c0d6-b31f6b90.jpg,motion_blur,5,24.46701714215559,,,True,True
6a8d218d-14e4fa28.jpg,motion_blur,5,26.955777148751466,,,True,True
6ad110c3-789e7724.jpg,motion_blur,5,19.190989075178106,,,True,True
6b15392a-3a1699fd.jpg,motion_blur,5,21.84823364757623,,9.0,True,False
6b784eee-0a5a2c89.jpg,motion_blur,5,21.834633665359164,,,True,True
6bb5a881-15e5c2c4.jpg,motion_blur,5,26.631009062382542,,,True,True
6bd41587-d65ba5b4.jpg,motion_blur,5,23.71897667781241,,96.0,True,False
6d0d7bef-fb11b6e1.jpg,motion_blur,5,26.679800121280035,499.0,,False,True
6d57736c-a35808b9.jpg,motion_blur,5,28.875169083114752,9.0,82.0,False,False
6d8a6d94-00a7ad92.jpg,motion_blur,5,25.688007712464596,,,True,True
6eeed3fa-87a1b0c9.jpg,motion_blur,5,25.670585724210625,28.0,0.0,False,False
701992bd-8a457895.jpg,motion_blur,5,25.15347353453219,17.0,21.0,False,False
7171644d-4e74752e.jpg,motion_blur,5,21.86622483032084,,21.0,True,False
7171644d-ee92c71e.jpg,motion_blur,5,23.941799197502426,,20.0,True,False
72f22fa5-8af4615c.jpg,motion_blur,5,19.33202263350743,,21.0,True,False
72fd00fe-aeadfc89.jpg,motion_blur,5,28.02268968375074,68.0,,False,True
730c67a5-563e9b1f.jpg,motion_blur,5,28.069921872780192,,,True,True
738a2bcd-7a6fde0d.jpg,motion_blur,5,26.704483507286643,,32.0,True,False
73aff960-d46366ec.jpg,motion_blur,5,22.97395861079138,,,True,True
73d338d6-edf0b3db.jpg,motion_blur,5,25.85057688942857,37.0,,False,True
75ad1fff-77299093.jpg,motion_blur,5,23.940823283865214,,23.0,True,False
75f5f52c-6b67e736.jpg,motion_blur,5,15.70094036265144,,,True,True
777005a8-14c739ad.jpg,motion_blur,5,26.386215555645297,,,True,True
7771e03b-832e52c0.jpg,motion_blur,5,25.33952895974537,,55.0,True,False
7771e03b-a8f9d50c.jpg,motion_blur,5,23.160707142217305,101.0,42.0,False,False
7797fea2-c37f9856.jpg,motion_blur,5,23.076205186132306,,29.0,True,False
77bdbeb0-edb0613f.jpg,motion_blur,5,26.187025881235456,34.0,73.0,False,False
77dca577-16a39ea0.jpg,motion_blur,5,21.47986077384079,57.0,,False,True
77f810c4-43a39c1f.jpg,motion_blur,5,24.520335681088948,,,True,True
7814206e-8e991d51.jpg,motion_blur,5,25.74429487848253,197.0,5.0,False,False
7814206e-ea2508d0.jpg,motion_blur,5,26.73087803563776,,23.0,True,False
79e177bc-4d5d3acc.jpg,motion_blur,5,20.83657716317713,,15.0,True,False
7aa4ff0f-9d28d8a4.jpg,motion_blur,5,24.975115689788836,,,True,True
7ad1174c-373265eb.jpg,motion_blur,5,21.872768963975115,,,True,True
7b268b98-e0ec16c3.jpg,motion_blur,5,25.1995871022158,,1.0,True,False
7c5a2048-332896ea.jpg,motion_blur,5,22.988429643508542,97.0,3.0,False,False
7c5d50c5-7292de37.jpg,motion_blur,5,24.406238106623867,2.0,6.0,False,False
7d1fe115-936a2f47.jpg,motion_blur,5,26.542905365861877,28.0,5.0,False,False
7dc2914d-a20a969a.jpg,motion_blur,5,27.63986621759016,,12.0,True,False
7e4ab78b-4a62c63e.jpg,motion_blur,5,23.54634554805523,,,True,True
7e590c49-93f03732.jpg,motion_blur,5,19.97611974497282,,,True,True
7ed57d0a-d7bcc13d.jpg,motion_blur,5,22.667657616084938,,98.0,True,False
7f0ef682-c93899df.jpg,motion_blur,5,21.566474152794235,,1.0,True,False
7f4ac354-777de900.jpg,motion_blur,5,20.344766355513602,5.0,2.0,False,False
7f9bdf0d-c0e0061f.jpg,motion_blur,5,18.73777217604475,21.0,1.0,False,False
7fd14da9-a855494b.jpg,motion_blur,5,28.0422041970753,32.0,26.0,False,False
801bff84-a72998c7.jpg,motion_blur,5,19.773858006233986,8.0,5.0,False,False
8073de38-f7eab6ec.jpg,motion_blur,5,22.897191570693202,40.0,69.0,False,False
8082ea05-1a7bcd47.jpg,motion_blur,5,21.997642772582747,5.0,4.0,False,False
80ecebc0-ca9605f4.jpg,motion_blur,5,30.87333064155846,,19.0,True,False
81ec3b39-1951f79e.jpg,motion_blur,5,23.475015599871032,,52.0,True,False
82b14c0c-79b99258.jpg,motion_blur,5,20.027478362710877,33.0,14.0,False,False
82b5fc3b-90cadd1b.jpg,motion_blur,5,19.078289353370504,,10.0,True,False
82f03471-8e304dd5.jpg,motion_blur,5,21.639204521849127,121.0,277.0,False,False
836fa13a-d6058a12.jpg,motion_blur,5,27.91686771198335,,9.0,True,False
84fb3f59-7d5d1fa4.jpg,motion_blur,5,21.613313432072964,,,True,True
8542b4da-7795bcfd.jpg,motion_blur,5,28.524140316663548,42.0,5.0,False,False
85f3f250-1fef85ac.jpg,motion_blur,5,21.2151781470746,,,True,True
87ca2979-d5158824.jpg,motion_blur,5,23.144699983061937,,1.0,True,False
889b7dda-77f16103.jpg,motion_blur,5,20.799559191518302,,22.0,True,False
88dbf01a-d8b35dee.jpg,motion_blur,5,25.489873606079797,54.0,64.0,False,False
897223bc-6938f1ab.jpg,motion_blur,5,23.64100465930427,5.0,,False,True
89b7454d-880eacbd.jpg,motion_blur,5,19.66728320967709,,,True,True
89e85e71-7dd0a7b6.jpg,motion_blur,5,22.474726855440473,3.0,21.0,False,False
8a4fbffe-47866ce9.jpg,motion_blur,5,21.807773395129818,,,True,True
8a76c101-8bcefc32.jpg,motion_blur,5,24.8270452763358,,,True,True
8b7ef6c4-6bbcf25f.jpg,motion_blur,5,21.899172324717423,27.0,35.0,False,False
8bac644e-e0437ead.jpg,motion_blur,5,25.255651474120793,,,False,True
8c94c649-8ba62efa.jpg,motion_blur,5,22.911157402026845,13.0,,False,True
8c9bbaa9-34934b66.jpg,motion_blur,5,25.069369936343445,15.0,,False,True
0049e5b8-725e21a0.jpg,motion_blur,6,24.209421900790513,18.0,5.0,False,False
0081e27b-17bf4a9e.jpg,motion_blur,6,23.821785001069962,35.0,1.0,False,False
00beeb02-50440dcd.jpg,motion_blur,6,21.662051220707376,7.0,18.0,False,False
00d4b6b7-7d0a60bf.jpg,motion_blur,6,21.677427724079777,263.0,,False,True
01118704-2d838d7f.jpg,motion_blur,6,21.290095020644053,112.0,40.0,False,False
0115917e-14907a6a.jpg,motion_blur,6,22.69733361041126,,39.0,True,False
02188a44-65ad27f3.jpg,motion_blur,6,21.891243928572955,,,True,True
02494b7b-079febf8.jpg,motion_blur,6,21.668513142532095,,11.0,True,False
029ffd50-dc944dba.jpg,motion_blur,6,20.713794947165,,,True,True
0464a98b-860229d5.jpg,motion_blur,6,19.675378498142393,,24.0,True,False
051aadb7-51aad566.jpg,motion_blur,6,25.28832865594932,,,True,True
051aadb7-e953bc4d.jpg,motion_blur,6,20.10449207604749,,,True,True
05743a9b-747658e7.jpg,motion_blur,6,25.256682031562676,,4.0,True,False
057af272-6f700aef.jpg,motion_blur,6,25.942988386016413,,7.0,True,False
05d62296-30c620d5.jpg,motion_blur,6,21.800181185529127,,,True,True
05e5a68e-f0e05a42.jpg,motion_blur,6,20.976757453387087,,,True,True
05fa6494-8f436d04.jpg,motion_blur,6,20.91475026503694,,27.0,True,False
060039d9-5218402b.jpg,motion_blur,6,19.841070726815776,33.0,,False,True
064aa0d6-f75ff4d5.jpg,motion_blur,6,24.907445087370146,19.0,,False,True
07de5062-ddddcbd7.jpg,motion_blur,6,27.54356530284891,,,True,True
088351d1-30833ddc.jpg,motion_blur,6,21.689507231009728,,64.0,True,False
08a49c01-675d3899.jpg,motion_blur,6,27.244279925830117,,3.0,True,False
08d4285a-4a25b9b6.jpg,motion_blur,6,19.9960626154323,17.0,,False,True
09ac21d6-eefa8ed0.jpg,motion_blur,6,16.763793810054782,,32.0,True,False
0a0a0b1a-7c39d841.jpg,motion_blur,6,26.26557073510249,,,True,True
0af6039a-f3c91319.jpg,motion_blur,6,20.75924460488156,,,True,True
0b2f5d0d-8fddc1fc.jpg,motion_blur,6,20.20861449976058,50.0,166.0,False,False
0b4225f9-bfb10f88.jpg,motion_blur,6,23.967495470869913,,,True,True
0ba08fe3-880ae118.jpg,motion_blur,6,23.656766622664193,,13.0,True,False
0c2f33b9-f94d69b5.jpg,motion_blur,6,23.25412893528419,,33.0,True,False
0c984e6d-2b5d7ee4.jpg,motion_blur,6,25.707600842262277,,,True,True
0cb67a01-7cf1687e.jpg,motion_blur,6,22.120844921227622,65.0,,False,True
0cc6f3e8-b4c9e348.jpg,motion_blur,6,20.86161349711861,,,True,True
0cf398b3-ce65ab64.jpg,motion_blur,6,13.590808458049597,,,True,True
0d3ec56a-f4cead6f.jpg,motion_blur,6,23.97059014109613,,,True,True
0d61234a-542010b2.jpg,motion_blur,6,20.724085778351345,43.0,16.0,False,False
0e442b65-b17e0b50.jpg,motion_blur,6,24.692044116140053,,19.0,True,False
0e5c7e92-0d9c60f0.jpg,motion_blur,6,20.546172456152284,1.0,,False,True
0f837def-9646c091.jpg,motion_blur,6,24.37759599554743,,19.0,True,False
0fba84f9-73b520ee.jpg,motion_blur,6,22.748902203270525,,,True,True
101a0964-930eae70.jpg,motion_blur,6,25.302178220427454,,8.0,True,False
10389fe8-433c740c.jpg,motion_blur,6,18.305272012187523,,,True,True
10453a95-40759ac3.jpg,motion_blur,6,22.316538825547276,52.0,,False,True
1072195f-0a161ade.jpg,motion_blur,6,22.070899940767767,35.0,224.0,False,False
1072195f-6cf88b25.jpg,motion_blur,6,25.378392917511043,10.0,,False,True
11513e3d-150058c3.jpg,motion_blur,6,22.517763317729038,33.0,65.0,False,False
1189ae68-1a8ad3c6.jpg,motion_blur,6,24.837501784857686,,,True,True
12076ebb-c07285d7.jpg,motion_blur,6,20.452201118459467,,309.0,True,False
125134e5-7dfc45b9.jpg,motion_blur,6,25.829790829623708,,,True,True
12ae9ab8-794f5adc.jpg,motion_blur,6,21.33997772116122,,10.0,True,False
13f61134-50021e53.jpg,motion_blur,6,22.88486987788324,,,True,True
14eace5a-ddf3b303.jpg,motion_blur,6,26.362531621477878,,52.0,True,False
1608cfe7-32da2c5d.jpg,motion_blur,6,21.301766459777994,,,True,True
162995f1-d2c7d259.jpg,motion_blur,6,23.15478005418099,,,True,True
16b0973f-c07b564a.jpg,motion_blur,6,23.362601028272433,5.0,11.0,False,False
1784d67b-6b223914.jpg,motion_blur,6,24.46533966025518,,10.0,True,False
1784d67b-d76145ce.jpg,motion_blur,6,25.3754610612426,,,True,True
188c58f3-792afc71.jpg,motion_blur,6,22.096542401767852,2.0,,False,True
193f7f3b-84bc7998.jpg,motion_blur,6,24.140199626219008,,31.0,True,False
194058b0-ac0616a6.jpg,motion_blur,6,20.20377930964131,,,True,True
19e56249-09c4bbc6.jpg,motion_blur,6,25.599444648642205,,,True,True
1a71faae-d5f255fd.jpg,motion_blur,6,21.680364986379843,,,True,True
1a8992a7-da5a8510.jpg,motion_blur,6,23.202230724513186,,,True,True
1ac0178c-0b259360.jpg,motion_blur,6,28.409067045724456,,,True,True
1b30f76f-95aa8a06.jpg,motion_blur,6,23.4494530914256,,,True,True
1bda5a26-420ceea6.jpg,motion_blur,6,23.18872496343308,,,True,True
1bf7f3d2-15f95138.jpg,motion_blur,6,22.297968964259212,,8.0,True,False
1c227a12-10e5552c.jpg,motion_blur,6,25.08896290518246,,,True,True
1c227a12-ec67af93.jpg,motion_blur,6,22.994737170185108,12.0,,False,True
1c5e9657-2e2a2863.jpg,motion_blur,6,25.261327060803165,,,True,True
1cb2a89b-4594573e.jpg,motion_blur,6,21.580834653076867,27.0,,False,True
1cf54809-c6daa5a9.jpg,motion_blur,6,17.4593281793886,210.0,23.0,False,False
1d5e05f8-5020f67d.jpg,motion_blur,6,18.95328635832395,,,True,True
1e57ae90-806bc767.jpg,motion_blur,6,25.488727156282525,0.0,5.0,False,False
1f959fdd-6ff63d34.jpg,motion_blur,6,20.507631856944542,,,True,True
1fa65acf-d43367bc.jpg,motion_blur,6,18.580480743822257,144.0,,False,True
20cfadfa-47711496.jpg,motion_blur,6,23.82007728473894,,13.0,True,False
20cfadfa-6f87fdc1.jpg,motion_blur,6,25.25020301555326,2.0,2.0,False,False
225a1858-0e3a4b04.jpg,motion_blur,6,21.41037745794359,,,True,True
22be2f14-59fbdca0.jpg,motion_blur,6,21.63565541490406,,11.0,True,False
23333f35-0cbc3f0f.jpg,motion_blur,6,22.07102143835109,68.0,,False,True
23df146f-64b50e4c.jpg,motion_blur,6,23.548989484006924,22.0,,False,True
24392d7c-998011c2.jpg,motion_blur,6,23.4486555947893,,,True,True
250e7595-b14da270.jpg,motion_blur,6,19.104935780591052,68.0,,False,True
26190b83-39ccb412.jpg,motion_blur,6,20.192245571840974,,6.0,True,False
272d52f6-8aac36b3.jpg,motion_blur,6,18.01614385313587,,,True,True
2752681a-e813599a.jpg,motion_blur,6,22.77357996071135,,,True,True
27645526-f038b033.jpg,motion_blur,6,17.08811085060927,5.0,7.0,False,False
2773af6f-23e23a6b.jpg,motion_blur,6,20.78403116754523,,,True,True
28faf684-03ef4c6e.jpg,motion_blur,6,25.279468516065933,39.0,13.0,False,False
292720ee-d847ee69.jpg,motion_blur,6,29.016519392928004,,,True,True
2b54fe2d-c5b810e6.jpg,motion_blur,6,18.918619983730284,0.0,16.0,False,False
2b605c48-8dfe352b.jpg,motion_blur,6,20.237292415825507,,26.0,True,False
2beccce2-354608e2.jpg,motion_blur,6,22.593828457209195,,,True,True
2c87e51d-aa7a8031.jpg,motion_blur,6,25.971566978674613,183.0,,False,True
2ce0b449-e818dc97.jpg,motion_blur,6,24.8693479454081,,,True,True
2cf976a2-479cd46b.jpg,motion_blur,6,18.437541046745746,30.0,,False,True
2e2fae77-b7497ca0.jpg,motion_blur,6,17.325859916604045,,,True,True
2ead8042-2493c03f.jpg,motion_blur,6,20.469559841083566,,,True,True
2f1864c1-1a17d11c.jpg,motion_blur,6,18.344127942449614,,,True,True
2f879dc0-b09e4824.jpg,motion_blur,6,19.64864702970975,,15.0,True,False
2fc9ad1e-ee4c9e43.jpg,motion_blur,6,25.238344108741636,,,True,True
3050b249-0ffbd6ec.jpg,motion_blur,6,23.51459980081678,,,True,True
314cc010-3eab5c90.jpg,motion_blur,6,24.947010028151514,,19.0,True,False
31765c6b-90b0d612.jpg,motion_blur,6,21.93874207275556,,,True,True
31cf6eba-5c84c636.jpg,motion_blur,6,18.897205999316455,,,True,True
32de2244-122f1783.jpg,motion_blur,6,25.749892620235574,27.0,6.0,False,False
33420085-32996107.jpg,motion_blur,6,27.67590874406034,22.0,,False,True
3430a5e6-00ec38d2.jpg,motion_blur,6,12.579304531523904,,,True,True
35eb46d0-8f7e28a0.jpg,motion_blur,6,26.35181289653937,55.0,5.0,False,False
3735fc3d-69d8b80c.jpg,motion_blur,6,21.717740210199796,,,True,True
3740cd4f-ff1d423d.jpg,motion_blur,6,20.94701918406659,3.0,,False,True
375abba2-9f2ed56c.jpg,motion_blur,6,23.30366827243394,,,True,True
37723e55-31730cf5.jpg,motion_blur,6,20.035493081197853,,,True,True
380a3f8e-ba4f0def.jpg,motion_blur,6,26.810283601199107,,,True,True
385b0f61-1aee12ef.jpg,motion_blur,6,22.44487651343598,,,True,True
3865fea7-b4fe472d.jpg,motion_blur,6,22.113911933917144,14.0,,False,True
38e561dd-8ea8ae2d.jpg,motion_blur,6,22.030213547787664,4.0,74.0,False,False
38ed8d8d-93c48de2.jpg,motion_blur,6,24.22520849433193,13.0,,False,True
38ed8d8d-b1c230ef.jpg,motion_blur,6,24.58578756048057,60.0,,False,True
38ed8d8d-fa50400c.jpg,motion_blur,6,23.652993487389296,,,True,True
3900ad8c-8834019f.jpg,motion_blur,6,24.15193750786998,,,False,True
39ddb110-04604b9c.jpg,motion_blur,6,18.805573001630474,,67.0,True,False
39fc6d1c-6155351d.jpg,motion_blur,6,24.842127872865895,,,False,True
3a278d39-b92df256.jpg,motion_blur,6,20.751264250182917,,333.0,True,False
3a3407a2-df8ea956.jpg,motion_blur,6,19.216884742435397,,,True,True
3ad0c4a7-2a3d544e.jpg,motion_blur,6,20.985071012160187,156.0,,False,True
3b1e1bc1-ee64e36e.jpg,motion_blur,6,19.20978431524669,,99.0,True,False
3b44ef5a-c09e8479.jpg,motion_blur,6,19.291243985343456,,,True,True
3b563c5e-0102edaf.jpg,motion_blur,6,23.155163823496473,,28.0,True,False
3b9716a6-d2566395.jpg,motion_blur,6,23.665076122901873,,,True,True
3c0bbdc2-79baffce.jpg,motion_blur,6,26.03598619631864,,3.0,True,False
3c5752b6-9c0bdf98.jpg,motion_blur,6,18.633690834694168,,135.0,True,False
3c95ae26-68abac3f.jpg,motion_blur,6,22.68999184406736,3.0,20.0,False,False
3e0f1745-a95a63ad.jpg,motion_blur,6,22.788909971118734,,5.0,True,False
3f4eb6a6-9eee52f9.jpg,motion_blur,6,22.98914455780832,,,True,True
3f85a987-1ef4053b.jpg,motion_blur,6,23.394850118920587,,,True,True
3fe1feaa-10126fec.jpg,motion_blur,6,20.739962065880242,,,True,True
3ffdaa26-b394f6f8.jpg,motion_blur,6,19.053370667021913,,5.0,False,False
4027c10d-41d54e9b.jpg,motion_blur,6,23.540543450799987,,69.0,True,False
428e99ea-4166e549.jpg,motion_blur,6,23.925841751529582,76.0,271.0,False,False
42e0dd11-74b81997.jpg,motion_blur,6,28.80909205323477,19.0,,False,True
430395d1-931c959e.jpg,motion_blur,6,22.385726084827,,,True,False
43126e0d-495d04a5.jpg,motion_blur,6,24.411357840286414,7.0,,False,True
43126e0d-cce96832.jpg,motion_blur,6,23.997065146693952,31.0,,False,True
432f9e20-83a0d96c.jpg,motion_blur,6,21.384100384348077,,,True,True
43c7ed5c-b0690325.jpg,motion_blur,6,22.028273089159562,,9.0,True,False
44cc16d9-d2e06fd6.jpg,motion_blur,6,17.784071396487036,,,True,True
45bafa98-1ee18a2f.jpg,motion_blur,6,21.90977691602733,,26.0,True,False
46d048a1-8f7f385c.jpg,motion_blur,6,22.403640911779963,,,True,True
46f76df9-8bf77914.jpg,motion_blur,6,22.829322594474462,26.0,,False,True
480263a0-5aad7ae9.jpg,motion_blur,6,16.204276035478806,,,True,True
488480d6-b94cf415.jpg,motion_blur,6,20.427349415644834,,5.0,True,False
48ed707e-5062e4c3.jpg,motion_blur,6,21.995183505817963,,,True,True
4a289ff2-7da7feb6.jpg,motion_blur,6,22.299748402736327,,,True,True
4a31f3e3-ac7ed780.jpg,motion_blur,6,23.433143673615376,,,True,True
4b2e1dde-65b54419.jpg,motion_blur,6,22.50501002451621,,,True,True
4d4a590b-4332c5ab.jpg,motion_blur,6,30.29214595567799,,,True,True
5069db50-52f5af30.jpg,motion_blur,6,26.766481726977144,,1.0,True,False
50866f46-30d1f303.jpg,motion_blur,6,20.910525897807887,,,True,True
50b115d6-4b08a666.jpg,motion_blur,6,19.272355481837412,77.0,,False,True
50b2e757-6c7d0f63.jpg,motion_blur,6,20.964270630734866,,,True,True
50d0fd05-8db58ebd.jpg,motion_blur,6,24.104860789202217,,,True,True
510671e9-603795e0.jpg,motion_blur,6,20.8221783016753,6.0,,False,True
514a6d58-0790e0cd.jpg,motion_blur,6,22.979119892276103,,,True,True
5150bb50-300d52ce.jpg,motion_blur,6,22.446897198616096,16.0,32.0,False,False
52799e9e-8c8673f3.jpg,motion_blur,6,23.271720770097048,8.0,23.0,False,False
52bda346-fd8ac6e7.jpg,motion_blur,6,23.547975193359502,,,True,True
534418ba-ee05398f.jpg,motion_blur,6,23.80692445225488,,,True,True
54360b72-e00a3f70.jpg,motion_blur,6,20.324693846318663,,,True,True
554d7cd5-a32486dd.jpg,motion_blur,6,25.622231776809016,,7.0,True,False
559fed19-7893646f.jpg,motion_blur,6,21.574634764388747,,,True,True
57165857-e4d4a47f.jpg,motion_blur,6,23.21619447533804,,,True,True
5795bfe7-a599384a.jpg,motion_blur,6,20.567486063976187,,,True,True
57ac74e2-e86131f1.jpg,motion_blur,6,23.31810486978312,,,True,True
57b495f2-6da6b1e5.jpg,motion_blur,6,28.768386791455903,,,True,True
585443c8-2621a6b1.jpg,motion_blur,6,24.69079568332434,21.0,75.0,False,False
5877b384-2545daf4.jpg,motion_blur,6,19.72735339556471,7.0,,False,True
587bb1bf-1aa00fe5.jpg,motion_blur,6,22.593929733222637,,,True,True
5995c288-2d152172.jpg,motion_blur,6,21.357518636377225,,,True,False
59cde7c7-344bffb1.jpg,motion_blur,6,24.66218210940939,,,True,True
5a8f9b5d-1fdfd2d4.jpg,motion_blur,6,23.353447816675835,367.0,169.0,False,False
5ae83f9c-da990b49.jpg,motion_blur,6,20.60333886784006,,10.0,True,False
5b2b4881-67a6cb87.jpg,motion_blur,6,21.96100287095509,,,True,True
5b2fd56a-37759b05.jpg,motion_blur,6,25.930749429570202,,40.0,True,False
5b4b0b07-2fb56b82.jpg,motion_blur,6,21.369965045650133,,,True,True
5bc44a50-c371c4d0.jpg,motion_blur,6,17.897012538577776,12.0,,False,True
5c4004b7-bf3b7941.jpg,motion_blur,6,24.77708461398368,,,True,True
5c534f5f-a76c7f4b.jpg,motion_blur,6,24.00031205408007,,,True,True
5c5dc708-35460444.jpg,motion_blur,6,21.62023842173258,,,True,True
5da6c6b6-76c54605.jpg,motion_blur,6,22.292315517788044,,,True,True
5dc5141c-5890b5b1.jpg,motion_blur,6,24.22426260920649,,,True,True
5dd831da-bd00cf03.jpg,motion_blur,6,21.01227968685082,,,True,True
5dfb063f-7bd23d5c.jpg,motion_blur,6,24.963266651136273,26.0,,False,True
5e0b701e-d443d8c2.jpg,motion_blur,6,21.353894876759636,,,True,True
5e26f49d-0bc53c7e.jpg,motion_blur,6,27.933309305325118,,,True,True
5e26f49d-9271bf00.jpg,motion_blur,6,21.245453825223525,,,True,True
5e625ec3-7b4fc682.jpg,motion_blur,6,27.146657203895728,,14.0,True,False
5f9387ff-330136ae.jpg,motion_blur,6,22.64586277254611,,,True,True
5fa17a25-88b8e6b9.jpg,motion_blur,6,25.798828341903636,,5.0,True,False
5fa422e1-2d8dd765.jpg,motion_blur,6,21.201699082954228,,,True,True
5fb2a702-f56a339c.jpg,motion_blur,6,23.594914482431953,31.0,104.0,False,False
6011831b-0992e205.jpg,motion_blur,6,20.362084709486716,14.0,,False,True
60137cc0-428b8f5b.jpg,motion_blur,6,21.237474149878814,,,True,True
604b5b3e-3c2e6b6b.jpg,motion_blur,6,20.21888501942997,,,True,True
6092f5a2-424550ba.jpg,motion_blur,6,24.04245457959759,30.0,,False,True
60ba25dd-6c0df417.jpg,motion_blur,6,24.650838648922296,,,True,True
60c678e7-4813ae0f.jpg,motion_blur,6,18.23612503218174,11.0,,False,True
614ecada-16b0f8b6.jpg,motion_blur,6,23.129301835012612,33.0,,False,True
61e4ad87-53ceb455.jpg,motion_blur,6,24.147120612958417,40.0,,False,True
6240d7b3-b51b5788.jpg,motion_blur,6,22.094472422022303,25.0,,False,True
62aefb36-b685117f.jpg,motion_blur,6,23.664129637953412,,9.0,True,False
634c1785-3bb9a8a2.jpg,motion_blur,6,26.36085117257174,,,True,True
634c1785-aeb1652f.jpg,motion_blur,6,24.992662107681642,243.0,8.0,False,False
63f73472-028615f1.jpg,motion_blur,6,22.585581498112468,105.0,,False,True
6485ad0a-245d1600.jpg,motion_blur,6,24.451621147518456,,15.0,True,False
648dc925-e359dbec.jpg,motion_blur,6,26.974064275340332,25.0,,False,True
65edc5a1-f309fed7.jpg,motion_blur,6,23.83794978761706,,21.0,True,False
661381d9-1114a810.jpg,motion_blur,6,20.492378200939136,,,True,True
664cb246-f84cfaf4.jpg,motion_blur,6,17.892325617033983,,11.0,True,False
675cf8fa-4b1ce8b9.jpg,motion_blur,6,20.382406068541847,26.0,230.0,False,False
67faeadf-eb09a636.jpg,motion_blur,6,22.952865807870428,,,True,True
691be377-5dbc29ee.jpg,motion_blur,6,26.437071820253646,482.0,10.0,False,False
692f1303-05178963.jpg,motion_blur,6,22.641983642137117,,,True,True
692f9b08-bdbbd729.jpg,motion_blur,6,26.44752932633247,,9.0,True,False
69bfbe31-5ee2a642.jpg,motion_blur,6,20.78828689162298,20.0,,False,True
69cf7667-68f59649.jpg,motion_blur,6,23.390774741344245,25.0,0.0,False,False
69cf7667-7eb40860.jpg,motion_blur,6,22.111138120866045,,,True,True
6a44fb9a-05a3dd18.jpg,motion_blur,6,23.434031380110927,4.0,14.0,False,False
6a793e80-4f5e207f.jpg,motion_blur,6,26.518181846972546,,,True,True
6a82c0d6-b31f6b90.jpg,motion_blur,6,23.991612301204015,,,True,True
6a8d218d-14e4fa28.jpg,motion_blur,6,26.475637604660918,,,True,True
6ad110c3-789e7724.jpg,motion_blur,6,18.769984073978964,,,True,True
6b15392a-3a1699fd.jpg,motion_blur,6,21.366414429832375,,3.0,True,False
6b784eee-0a5a2c89.jpg,motion_blur,6,21.353374532388752,,,True,True
6bb5a881-15e5c2c4.jpg,motion_blur,6,26.05482002513911,,,True,True
6bd41587-d65ba5b4.jpg,motion_blur,6,23.163595048172276,,,True,True
6d0d7bef-fb11b6e1.jpg,motion_blur,6,25.748600908613064,,,True,True
6d57736c-a35808b9.jpg,motion_blur,6,28.33393713069445,12.0,79.0,False,False
6d8a6d94-00a7ad92.jpg,motion_blur,6,25.17576097736058,,,True,True
6eeed3fa-87a1b0c9.jpg,motion_blur,6,25.121894858297505,9.0,,False,True
701992bd-8a457895.jpg,motion_blur,6,24.637567219136507,14.0,2.0,False,False
7171644d-4e74752e.jpg,motion_blur,6,21.426476903637273,,26.0,True,False
7171644d-ee92c71e.jpg,motion_blur,6,23.410646621501296,,15.0,True,False
72f22fa5-8af4615c.jpg,motion_blur,6,18.80616478351806,,,True,True
72fd00fe-aeadfc89.jpg,motion_blur,6,27.436409391225325,54.0,,False,True
730c67a5-563e9b1f.jpg,motion_blur,6,27.66824334320742,,,True,True
738a2bcd-7a6fde0d.jpg,motion_blur,6,26.14171197757125,,,True,True
73aff960-d46366ec.jpg,motion_blur,6,22.481661535757958,,,True,True
73d338d6-edf0b3db.jpg,motion_blur,6,25.19493557248904,,308.0,True,False
75ad1fff-77299093.jpg,motion_blur,6,23.45910738807032,,,True,True
75f5f52c-6b67e736.jpg,motion_blur,6,14.94066283325764,,,True,True
777005a8-14c739ad.jpg,motion_blur,6,25.869935879968416,,,True,True
7771e03b-832e52c0.jpg,motion_blur,6,24.72409955557064,,,True,True
7771e03b-a8f9d50c.jpg,motion_blur,6,22.63990152549928,90.0,45.0,False,False
7797fea2-c37f9856.jpg,motion_blur,6,22.661414895299355,,,True,True
77bdbeb0-edb0613f.jpg,motion_blur,6,25.64152005929614,42.0,30.0,False,False
77dca577-16a39ea0.jpg,motion_blur,6,21.0003415257564,35.0,,False,True
77f810c4-43a39c1f.jpg,motion_blur,6,24.16995997473936,,,True,True
7814206e-8e991d51.jpg,motion_blur,6,25.135693214058115,,6.0,True,False
7814206e-ea2508d0.jpg,motion_blur,6,26.161363072385882,,34.0,True,False
79e177bc-4d5d3acc.jpg,motion_blur,6,20.37794525402028,,53.0,True,False
7aa4ff0f-9d28d8a4.jpg,motion_blur,6,24.532936863752425,,,True,True
7ad1174c-373265eb.jpg,motion_blur,6,21.31774376219846,,,True,True
7b268b98-e0ec16c3.jpg,motion_blur,6,24.712498383944244,,7.0,True,False
7c5a2048-332896ea.jpg,motion_blur,6,22.518636467982496,,,True,True
7c5d50c5-7292de37.jpg,motion_blur,6,23.842943329647035,4.0,365.0,False,False
7d1fe115-936a2f47.jpg,motion_blur,6,25.97554590934584,203.0,35.0,False,False
7dc2914d-a20a969a.jpg,motion_blur,6,27.04468186671989,,3.0,True,False
7e4ab78b-4a62c63e.jpg,motion_blur,6,23.034719266801456,8.0,,False,True
7e590c49-93f03732.jpg,motion_blur,6,19.54338858088596,,,True,True
7ed57d0a-d7bcc13d.jpg,motion_blur,6,22.107903861915766,,,True,True
7f0ef682-c93899df.jpg,motion_blur,6,20.972432769299047,,7.0,True,False
7f4ac354-777de900.jpg,motion_blur,6,19.911693443715357,,,True,True
7f9bdf0d-c0e0061f.jpg,motion_blur,6,18.240707539308744,10.0,7.0,False,False
7fd14da9-a855494b.jpg,motion_blur,6,27.34850236205893,58.0,,False,True
801bff84-a72998c7.jpg,motion_blur,6,19.280530821582477,,,True,True
8073de38-f7eab6ec.jpg,motion_blur,6,22.43277754159218,11.0,55.0,False,False
8082ea05-1a7bcd47.jpg,motion_blur,6,21.563321880623928,7.0,5.0,False,False
80ecebc0-ca9605f4.jpg,motion_blur,6,30.29836667011015,,,True,True
81ec3b39-1951f79e.jpg,motion_blur,6,22.96549376423529,235.0,,False,True
82b14c0c-79b99258.jpg,motion_blur,6,19.57304822188721,,7.0,True,False
82b5fc3b-90cadd1b.jpg,motion_blur,6,18.572171010594978,,,True,True
82f03471-8e304dd5.jpg,motion_blur,6,21.109241698801533,128.0,,False,True
836fa13a-d6058a12.jpg,motion_blur,6,27.365362998801675,16.0,48.0,False,False
84fb3f59-7d5d1fa4.jpg,motion_blur,6,21.09656939462015,,,True,True
8542b4da-7795bcfd.jpg,motion_blur,6,27.85208860145627,15.0,1.0,False,False
85f3f250-1fef85ac.jpg,motion_blur,6,20.674275540742457,,,True,True
87ca2979-d5158824.jpg,motion_blur,6,22.64098357641757,,1.0,True,False
889b7dda-77f16103.jpg,motion_blur,6,20.31568458503449,,16.0,True,False
88dbf01a-d8b35dee.jpg,motion_blur,6,25.01938088699601,36.0,,False,True
897223bc-6938f1ab.jpg,motion_blur,6,23.220020220874332,,,True,True
89b7454d-880eacbd.jpg,motion_blur,6,19.26456156858805,,,True,True
89e85e71-7dd0a7b6.jpg,motion_blur,6,21.931860043363383,4.0,21.0,False,False
8a4fbffe-47866ce9.jpg,motion_blur,6,21.259353036797812,,,True,True
8a76c101-8bcefc32.jpg,motion_blur,6,24.265299952721605,,,True,True
8b7ef6c4-6bbcf25f.jpg,motion_blur,6,21.436728604726017,25.0,,False,True
8bac644e-e0437ead.jpg,motion_blur,6,24.775921828208247,,,False,True
8c94c649-8ba62efa.jpg,motion_blur,6,22.464153146655942,21.0,,False,True
8c9bbaa9-34934b66.jpg,motion_blur,6,24.486075491504785,11.0,,False,True
0049e5b8-725e21a0.jpg,motion_blur,7,23.81879855667197,28.0,19.0,False,False
0081e27b-17bf4a9e.jpg,motion_blur,7,23.451852692273295,,4.0,True,False
00beeb02-50440dcd.jpg,motion_blur,7,21.27814958618018,36.0,41.0,False,False
00d4b6b7-7d0a60bf.jpg,motion_blur,7,21.27872212931926,,,True,True
01118704-2d838d7f.jpg,motion_blur,7,20.883730604986418,,,True,True
0115917e-14907a6a.jpg,motion_blur,7,22.27403585727923,,39.0,True,False
02188a44-65ad27f3.jpg,motion_blur,7,21.499781917114227,,,True,True
02494b7b-079febf8.jpg,motion_blur,7,21.234829788592926,,0.0,True,False
029ffd50-dc944dba.jpg,motion_blur,7,20.325878856960614,,,True,True
0464a98b-860229d5.jpg,motion_blur,7,19.29047906538041,,,True,True
051aadb7-51aad566.jpg,motion_blur,7,24.88066649721095,,,True,True
051aadb7-e953bc4d.jpg,motion_blur,7,19.77950128196071,,,True,True
05743a9b-747658e7.jpg,motion_blur,7,24.80037597946232,,,True,True
057af272-6f700aef.jpg,motion_blur,7,25.505442803143975,,9.0,True,False
05d62296-30c620d5.jpg,motion_blur,7,21.370532605660784,,,True,True
05e5a68e-f0e05a42.jpg,motion_blur,7,20.614238327523733,,,True,True
05fa6494-8f436d04.jpg,motion_blur,7,20.520392463946003,,24.0,True,False
060039d9-5218402b.jpg,motion_blur,7,19.270917299174496,31.0,,False,True
064aa0d6-f75ff4d5.jpg,motion_blur,7,24.350772149336738,8.0,,False,True
07de5062-ddddcbd7.jpg,motion_blur,7,27.024238512521812,,,True,True
088351d1-30833ddc.jpg,motion_blur,7,21.294323960349786,,76.0,True,False
08a49c01-675d3899.jpg,motion_blur,7,26.824158754961395,,9.0,True,False
08d4285a-4a25b9b6.jpg,motion_blur,7,19.635149190697895,,,True,True
09ac21d6-eefa8ed0.jpg,motion_blur,7,16.417257843186988,,46.0,True,False
0a0a0b1a-7c39d841.jpg,motion_blur,7,25.719241019395007,,0.0,True,False
0af6039a-f3c91319.jpg,motion_blur,7,20.343811980321757,,,True,True
0b2f5d0d-8fddc1fc.jpg,motion_blur,7,19.77341822850733,,181.0,True,False
0b4225f9-bfb10f88.jpg,motion_blur,7,23.601811650897517,,,True,True
0ba08fe3-880ae118.jpg,motion_blur,7,23.221112493917534,,51.0,True,False
0c2f33b9-f94d69b5.jpg,motion_blur,7,22.784465961894366,,16.0,True,False
0c984e6d-2b5d7ee4.jpg,motion_blur,7,25.254006605731732,,,True,True
0cb67a01-7cf1687e.jpg,motion_blur,7,21.727604976501055,,,True,True
0cc6f3e8-b4c9e348.jpg,motion_blur,7,20.496011775215372,,,True,True
0cf398b3-ce65ab64.jpg,motion_blur,7,13.004743028676014,,,True,True
0d3ec56a-f4cead6f.jpg,motion_blur,7,23.595909092713843,,,True,True
0d61234a-542010b2.jpg,motion_blur,7,20.093265705893323,75.0,15.0,False,False
0e442b65-b17e0b50.jpg,motion_blur,7,24.25776469124104,,3.0,True,False
0e5c7e92-0d9c60f0.jpg,motion_blur,7,20.092115249685474,,,True,True
0f837def-9646c091.jpg,motion_blur,7,24.04313364791968,,3.0,True,False
0fba84f9-73b520ee.jpg,motion_blur,7,22.359421635681905,,,True,True
101a0964-930eae70.jpg,motion_blur,7,24.669944720254318,,,True,True
10389fe8-433c740c.jpg,motion_blur,7,17.891482696089376,,,True,True
10453a95-40759ac3.jpg,motion_blur,7,21.938730987474134,,,True,True
1072195f-0a161ade.jpg,motion_blur,7,21.690218843902965,,,True,True
1072195f-6cf88b25.jpg,motion_blur,7,24.96793088829547,33.0,,False,True
11513e3d-150058c3.jpg,motion_blur,7,22.08397549220761,8.0,90.0,False,False
1189ae68-1a8ad3c6.jpg,motion_blur,7,24.492179567180656,,,True,True
12076ebb-c07285d7.jpg,motion_blur,7,20.05511002018993,,313.0,True,False
125134e5-7dfc45b9.jpg,motion_blur,7,25.483340936578323,,,True,True
12ae9ab8-794f5adc.jpg,motion_blur,7,20.921495341626674,,,True,True
13f61134-50021e53.jpg,motion_blur,7,22.462269053443453,,,True,True
14eace5a-ddf3b303.jpg,motion_blur,7,25.903414718054822,,,True,True
1608cfe7-32da2c5d.jpg,motion_blur,7,20.892603419114373,,,True,True
162995f1-d2c7d259.jpg,motion_blur,7,22.68244437778756,,,True,True
16b0973f-c07b564a.jpg,motion_blur,7,22.89481030489665,,55.0,True,False
1784d67b-6b223914.jpg,motion_blur,7,24.056207215524317,,,True,True
1784d67b-d76145ce.jpg,motion_blur,7,24.923238952720176,,,True,True
188c58f3-792afc71.jpg,motion_blur,7,21.673925547277513,8.0,,False,True
193f7f3b-84bc7998.jpg,motion_blur,7,23.673367815245058,,11.0,True,False
194058b0-ac0616a6.jpg,motion_blur,7,19.78634907376726,,,True,True
19e56249-09c4bbc6.jpg,motion_blur,7,25.231765747638942,,,True,True
1a71faae-d5f255fd.jpg,motion_blur,7,21.32127382863245,,,True,True
1a8992a7-da5a8510.jpg,motion_blur,7,22.578832527783163,,,True,True
1ac0178c-0b259360.jpg,motion_blur,7,27.970771785222777,,,True,True
1b30f76f-95aa8a06.jpg,motion_blur,7,22.956705997951865,,,True,True
1bda5a26-420ceea6.jpg,motion_blur,7,22.628362539290805,,,True,True
1bf7f3d2-15f95138.jpg,motion_blur,7,21.86845649263471,,26.0,True,False
1c227a12-10e5552c.jpg,motion_blur,7,24.72682516689979,,,True,True
1c227a12-ec67af93.jpg,motion_blur,7,22.655265195298284,8.0,,False,True
1c5e9657-2e2a2863.jpg,motion_blur,7,24.807220133222458,,,True,True
1cb2a89b-4594573e.jpg,motion_blur,7,21.104214433299763,,,True,True
1cf54809-c6daa5a9.jpg,motion_blur,7,17.140069489399693,,28.0,True,False
1d5e05f8-5020f67d.jpg,motion_blur,7,18.556554548755177,,,True,True
1e57ae90-806bc767.jpg,motion_blur,7,25.031398895483058,37.0,3.0,False,False
1f959fdd-6ff63d34.jpg,motion_blur,7,20.088910795025114,,,True,True
1fa65acf-d43367bc.jpg,motion_blur,7,18.17435881920976,4.0,,False,True
20cfadfa-47711496.jpg,motion_blur,7,23.348531636695892,35.0,,False,True
20cfadfa-6f87fdc1.jpg,motion_blur,7,24.63094097063045,3.0,15.0,False,False
225a1858-0e3a4b04.jpg,motion_blur,7,20.99596273190066,,,True,True
22be2f14-59fbdca0.jpg,motion_blur,7,21.14032039726069,,3.0,True,False
23333f35-0cbc3f0f.jpg,motion_blur,7,21.755574496511414,64.0,,False,True
23df146f-64b50e4c.jpg,motion_blur,7,23.04019268897854,29.0,,False,True
24392d7c-998011c2.jpg,motion_blur,7,23.039093909259613,,,True,True
250e7595-b14da270.jpg,motion_blur,7,18.713518351026643,,,True,True
26190b83-39ccb412.jpg,motion_blur,7,19.766207872723555,,,True,True
272d52f6-8aac36b3.jpg,motion_blur,7,17.529807317852047,,,True,True
2752681a-e813599a.jpg,motion_blur,7,22.387866551896558,,,True,True
27645526-f038b033.jpg,motion_blur,7,16.734614641022432,,,True,True
2773af6f-23e23a6b.jpg,motion_blur,7,20.379357992795384,,,True,True
28faf684-03ef4c6e.jpg,motion_blur,7,24.781506974761065,,15.0,True,False
292720ee-d847ee69.jpg,motion_blur,7,28.514123130495147,,,True,True
2b54fe2d-c5b810e6.jpg,motion_blur,7,18.49129420156441,,2.0,True,False
2b605c48-8dfe352b.jpg,motion_blur,7,19.783079591766416,,23.0,True,False
2beccce2-354608e2.jpg,motion_blur,7,22.19886802089252,,,True,True
2c87e51d-aa7a8031.jpg,motion_blur,7,25.499329117842706,185.0,,False,True
2ce0b449-e818dc97.jpg,motion_blur,7,24.392038099794277,,,True,True
2cf976a2-479cd46b.jpg,motion_blur,7,18.0152797970862,,,True,True
2e2fae77-b7497ca0.jpg,motion_blur,7,16.997861964511372,,,True,True
2ead8042-2493c03f.jpg,motion_blur,7,19.9022161922511,,,True,True
2f1864c1-1a17d11c.jpg,motion_blur,7,17.925373470972804,,,True,True
2f879dc0-b09e4824.jpg,motion_blur,7,19.316573195307413,,20.0,True,False
2fc9ad1e-ee4c9e43.jpg,motion_blur,7,24.735546915978475,,,True,True
3050b249-0ffbd6ec.jpg,motion_blur,7,23.029401528296102,,,True,True
314cc010-3eab5c90.jpg,motion_blur,7,24.548905439348182,,,True,True
31765c6b-90b0d612.jpg,motion_blur,7,21.475765493195805,,,True,True
31cf6eba-5c84c636.jpg,motion_blur,7,18.59860669325669,,,True,True
32de2244-122f1783.jpg,motion_blur,7,25.31378304451989,,0.0,True,False
33420085-32996107.jpg,motion_blur,7,27.150307041065442,,,True,True
3430a5e6-00ec38d2.jpg,motion_blur,7,12.119030719388173,,,True,True
35eb46d0-8f7e28a0.jpg,motion_blur,7,25.849895623679934,,4.0,True,False
3735fc3d-69d8b80c.jpg,motion_blur,7,21.33840169845518,,,True,True
3740cd4f-ff1d423d.jpg,motion_blur,7,20.521728419124358,,,True,True
375abba2-9f2ed56c.jpg,motion_blur,7,22.899066625831615,,,True,True
37723e55-31730cf5.jpg,motion_blur,7,19.616982334098832,,,True,True
380a3f8e-ba4f0def.jpg,motion_blur,7,26.46271134039423,,,True,True
385b0f61-1aee12ef.jpg,motion_blur,7,22.0647670167414,,,True,True
3865fea7-b4fe472d.jpg,motion_blur,7,21.65656167831521,20.0,,False,True
38e561dd-8ea8ae2d.jpg,motion_blur,7,21.67414003734795,7.0,,False,True
38ed8d8d-93c48de2.jpg,motion_blur,7,23.83210045976693,21.0,,False,True
38ed8d8d-b1c230ef.jpg,motion_blur,7,24.159386814122186,,,True,True
38ed8d8d-fa50400c.jpg,motion_blur,7,23.172151011283187,,,True,True
3900ad8c-8834019f.jpg,motion_blur,7,23.772486424862155,,,False,True
39ddb110-04604b9c.jpg,motion_blur,7,18.46862893609108,,,True,True
39fc6d1c-6155351d.jpg,motion_blur,7,24.308840401998847,,,False,True
3a278d39-b92df256.jpg,motion_blur,7,20.2620647420676,,,True,True
3a3407a2-df8ea956.jpg,motion_blur,7,18.753972030197325,,,True,True
3ad0c4a7-2a3d544e.jpg,motion_blur,7,20.610399103829558,,,True,True
3b1e1bc1-ee64e36e.jpg,motion_blur,7,18.934856643777206,,,True,True
3b44ef5a-c09e8479.jpg,motion_blur,7,18.84735224690382,,,True,True
3b563c5e-0102edaf.jpg,motion_blur,7,22.660402545694865,,34.0,True,False
3b9716a6-d2566395.jpg,motion_blur,7,23.29770629412439,,,True,True
3c0bbdc2-79baffce.jpg,motion_blur,7,25.49445333083842,,16.0,True,False
3c5752b6-9c0bdf98.jpg,motion_blur,7,18.315523371939214,,,True,True
3c95ae26-68abac3f.jpg,motion_blur,7,22.341547952931954,,11.0,True,False
3e0f1745-a95a63ad.jpg,motion_blur,7,22.341660890304773,,5.0,True,False
3f4eb6a6-9eee52f9.jpg,motion_blur,7,22.67271240894874,,,True,True
3f85a987-1ef4053b.jpg,motion_blur,7,22.90677712481196,,,True,True
3fe1feaa-10126fec.jpg,motion_blur,7,20.336693470730115,,,True,True
3ffdaa26-b394f6f8.jpg,motion_blur,7,18.719892154479933,,7.0,False,False
4027c10d-41d54e9b.jpg,motion_blur,7,22.990107516548616,,,True,True
428e99ea-4166e549.jpg,motion_blur,7,23.43292257936623,76.0,,False,True
42e0dd11-74b81997.jpg,motion_blur,7,28.32306144128288,,,True,True
430395d1-931c959e.jpg,motion_blur,7,21.957799153768242,,,True,False
43126e0d-495d04a5.jpg,motion_blur,7,23.864552787745545,10.0,,False,True
43126e0d-cce96832.jpg,motion_blur,7,23.54522594632925,,,True,True
432f9e20-83a0d96c.jpg,motion_blur,7,20.860175806991016,,,True,True
43c7ed5c-b0690325.jpg,motion_blur,7,21.54572136137972,,36.0,True,False
44cc16d9-d2e06fd6.jpg,motion_blur,7,17.312397579379674,,,True,True
45bafa98-1ee18a2f.jpg,motion_blur,7,21.376338534180608,,50.0,True,False
46d048a1-8f7f385c.jpg,motion_blur,7,21.86173895865275,,,True,True
46f76df9-8bf77914.jpg,motion_blur,7,22.495369555353214,,,True,True
480263a0-5aad7ae9.jpg,motion_blur,7,15.897245540527008,,327.0,True,False
488480d6-b94cf415.jpg,motion_blur,7,20.010361652861125,1.0,1.0,False,False
48ed707e-5062e4c3.jpg,motion_blur,7,21.573032905172735,,,True,True
4a289ff2-7da7feb6.jpg,motion_blur,7,21.854011167214068,,105.0,True,False
4a31f3e3-ac7ed780.jpg,motion_blur,7,23.00336143680379,,,True,True
4b2e1dde-65b54419.jpg,motion_blur,7,22.11608579493405,,,True,True
4d4a590b-4332c5ab.jpg,motion_blur,7,29.79291292644327,,,True,True
5069db50-52f5af30.jpg,motion_blur,7,26.16442576466163,,,True,True
50866f46-30d1f303.jpg,motion_blur,7,20.576920737608255,,,True,True
50b115d6-4b08a666.jpg,motion_blur,7,18.871542944175832,,185.0,True,False
50b2e757-6c7d0f63.jpg,motion_blur,7,20.507729101794677,,,True,True
50d0fd05-8db58ebd.jpg,motion_blur,7,23.530958056947902,,,True,True
510671e9-603795e0.jpg,motion_blur,7,20.546532425533343,,,True,True
514a6d58-0790e0cd.jpg,motion_blur,7,22.47974695286841,,,True,True
5150bb50-300d52ce.jpg,motion_blur,7,22.109946589818136,58.0,18.0,False,False
52799e9e-8c8673f3.jpg,motion_blur,7,22.856960088547893,2.0,26.0,False,False
52bda346-fd8ac6e7.jpg,motion_blur,7,23.068238600527305,,,True,True
534418ba-ee05398f.jpg,motion_blur,7,23.364110382944343,,,True,True
54360b72-e00a3f70.jpg,motion_blur,7,19.94428608160025,,,True,True
554d7cd5-a32486dd.jpg,motion_blur,7,25.253776558220252,,11.0,True,False
559fed19-7893646f.jpg,motion_blur,7,21.236769090432624,,,True,True
57165857-e4d4a47f.jpg,motion_blur,7,22.691384983573005,,,True,True
5795bfe7-a599384a.jpg,motion_blur,7,20.103923171145436,,,True,True
57ac74e2-e86131f1.jpg,motion_blur,7,22.860855171090403,,,True,True
57b495f2-6da6b1e5.jpg,motion_blur,7,28.199688315643385,,,True,True
585443c8-2621a6b1.jpg,motion_blur,7,24.31039445619494,11.0,28.0,False,False
5877b384-2545daf4.jpg,motion_blur,7,19.332472040193135,43.0,,False,True
587bb1bf-1aa00fe5.jpg,motion_blur,7,22.080489742032015,277.0,,False,True
5995c288-2d152172.jpg,motion_blur,7,21.003933204456786,,,True,False
59cde7c7-344bffb1.jpg,motion_blur,7,24.16352653988861,,,True,True
5a8f9b5d-1fdfd2d4.jpg,motion_blur,7,22.941458209083297,,,True,True
5ae83f9c-da990b49.jpg,motion_blur,7,20.165475236781305,,0.0,True,False
5b2b4881-67a6cb87.jpg,motion_blur,7,21.43579944954785,,,True,True
5b2fd56a-37759b05.jpg,motion_blur,7,25.4492607375292,,,True,True
5b4b0b07-2fb56b82.jpg,motion_blur,7,21.014470240690247,,,True,True
5bc44a50-c371c4d0.jpg,motion_blur,7,17.62539810987128,62.0,,False,True
5c4004b7-bf3b7941.jpg,motion_blur,7,24.36769774969923,,,True,True
5c534f5f-a76c7f4b.jpg,motion_blur,7,23.524955751027825,,,True,True
5c5dc708-35460444.jpg,motion_blur,7,21.212059591362657,,,True,True
5da6c6b6-76c54605.jpg,motion_blur,7,21.79570789633667,,,True,True
5dc5141c-5890b5b1.jpg,motion_blur,7,23.677155943479686,,,True,True
5dd831da-bd00cf03.jpg,motion_blur,7,20.686242426724142,,,True,True
5dfb063f-7bd23d5c.jpg,motion_blur,7,24.523197481181874,0.0,,False,True
5e0b701e-d443d8c2.jpg,motion_blur,7,20.955169449044455,,59.0,True,False
5e26f49d-0bc53c7e.jpg,motion_blur,7,27.368397760403912,,,True,True
5e26f49d-9271bf00.jpg,motion_blur,7,20.833926385636875,,,True,True
5e625ec3-7b4fc682.jpg,motion_blur,7,26.591583406621485,,,True,True
5f9387ff-330136ae.jpg,motion_blur,7,22.281292190613776,,,True,True
5fa17a25-88b8e6b9.jpg,motion_blur,7,25.238481765458186,,,True,True
5fa422e1-2d8dd765.jpg,motion_blur,7,20.73241134997829,175.0,,False,True
5fb2a702-f56a339c.jpg,motion_blur,7,23.15196506558316,9.0,111.0,False,False
6011831b-0992e205.jpg,motion_blur,7,19.980926067115618,17.0,,False,True
60137cc0-428b8f5b.jpg,motion_blur,7,20.97992686372697,,,True,True
604b5b3e-3c2e6b6b.jpg,motion_blur,7,19.742422336507786,,,True,True
6092f5a2-424550ba.jpg,motion_blur,7,23.603595349328653,27.0,,False,True
60ba25dd-6c0df417.jpg,motion_blur,7,24.240344419410746,,,True,True
60c678e7-4813ae0f.jpg,motion_blur,7,17.886574920802417,50.0,,False,True
614ecada-16b0f8b6.jpg,motion_blur,7,22.73057648422865,54.0,,False,True
61e4ad87-53ceb455.jpg,motion_blur,7,23.687451535476562,,,True,True
6240d7b3-b51b5788.jpg,motion_blur,7,21.627416128519283,36.0,,False,True
62aefb36-b685117f.jpg,motion_blur,7,23.170244697857363,,8.0,True,False
634c1785-3bb9a8a2.jpg,motion_blur,7,25.79934488381482,,,True,True
634c1785-aeb1652f.jpg,motion_blur,7,24.405566175165312,,6.0,True,False
63f73472-028615f1.jpg,motion_blur,7,22.067242303883162,118.0,,False,True
6485ad0a-245d1600.jpg,motion_blur,7,24.140972937545126,,6.0,True,False
648dc925-e359dbec.jpg,motion_blur,7,26.36399245287248,21.0,,False,True
65edc5a1-f309fed7.jpg,motion_blur,7,23.439413429335765,,,True,True
661381d9-1114a810.jpg,motion_blur,7,20.049464451368646,,,True,True
664cb246-f84cfaf4.jpg,motion_blur,7,17.5119663028604,,,True,True
675cf8fa-4b1ce8b9.jpg,motion_blur,7,20.024603578991155,,216.0,True,False
67faeadf-eb09a636.jpg,motion_blur,7,22.432062137183024,,,True,True
691be377-5dbc29ee.jpg,motion_blur,7,26.00189778057529,,,True,True
692f1303-05178963.jpg,motion_blur,7,22.272271743466288,,,True,True
692f9b08-bdbbd729.jpg,motion_blur,7,25.96000052478239,,4.0,True,False
69bfbe31-5ee2a642.jpg,motion_blur,7,20.360805380165594,20.0,,False,True
69cf7667-68f59649.jpg,motion_blur,7,23.042533552223517,79.0,,False,True
69cf7667-7eb40860.jpg,motion_blur,7,21.68639892042373,,,True,True
6a44fb9a-05a3dd18.jpg,motion_blur,7,22.960850952358193,1.0,13.0,False,False
6a793e80-4f5e207f.jpg,motion_blur,7,26.031324470440822,1.0,,False,True
6a82c0d6-b31f6b90.jpg,motion_blur,7,23.62659309017193,,,True,True
6a8d218d-14e4fa28.jpg,motion_blur,7,26.059003180653193,,,True,True
6ad110c3-789e7724.jpg,motion_blur,7,18.405836877698228,,,True,True
6b15392a-3a1699fd.jpg,motion_blur,7,20.952001921354505,,6.0,True,False
6b784eee-0a5a2c89.jpg,motion_blur,7,20.952291532615398,,,True,True
6bb5a881-15e5c2c4.jpg,motion_blur,7,25.552908826527364,,,True,True
6bd41587-d65ba5b4.jpg,motion_blur,7,22.676937315798,,,True,True
6d0d7bef-fb11b6e1.jpg,motion_blur,7,24.93111953866461,,,True,True
6d57736c-a35808b9.jpg,motion_blur,7,27.862119007351012,4.0,56.0,False,False
6d8a6d94-00a7ad92.jpg,motion_blur,7,24.725787437393635,,,True,True
6eeed3fa-87a1b0c9.jpg,motion_blur,7,24.644530781171305,27.0,,False,True
701992bd-8a457895.jpg,motion_blur,7,24.191700830691172,14.0,,False,True
7171644d-4e74752e.jpg,motion_blur,7,21.05023451484586,,,True,True
7171644d-ee92c71e.jpg,motion_blur,7,22.959609266139633,,116.0,True,False
72f22fa5-8af4615c.jpg,motion_blur,7,18.352046974598824,,,True,True
72fd00fe-aeadfc89.jpg,motion_blur,7,26.939067411527585,51.0,,False,True
730c67a5-563e9b1f.jpg,motion_blur,7,27.332172211794852,,,True,True
738a2bcd-7a6fde0d.jpg,motion_blur,7,25.650567543397088,,,True,True
73aff960-d46366ec.jpg,motion_blur,7,22.078365452239993,,,True,True
73d338d6-edf0b3db.jpg,motion_blur,7,24.655478180755168,,,True,True
75ad1fff-77299093.jpg,motion_blur,7,23.055439873020962,,,True,True
75f5f52c-6b67e736.jpg,motion_blur,7,14.303837103401477,,,True,True
777005a8-14c739ad.jpg,motion_blur,7,25.435283271862946,,,True,True
7771e03b-832e52c0.jpg,motion_blur,7,24.224499946681554,,,True,True
7771e03b-a8f9d50c.jpg,motion_blur,7,22.2495523100415,99.0,30.0,False,False
7797fea2-c37f9856.jpg,motion_blur,7,22.28877261155922,,,True,True
77bdbeb0-edb0613f.jpg,motion_blur,7,25.169942263321808,,37.0,True,False
77dca577-16a39ea0.jpg,motion_blur,7,20.597945714871436,,,True,True
77f810c4-43a39c1f.jpg,motion_blur,7,23.86608403125935,,,True,True
7814206e-8e991d51.jpg,motion_blur,7,24.62810341622474,,1.0,True,False
7814206e-ea2508d0.jpg,motion_blur,7,25.678242212912355,,26.0,True,False
79e177bc-4d5d3acc.jpg,motion_blur,7,19.97161849065996,,4.0,True,False
7aa4ff0f-9d28d8a4.jpg,motion_blur,7,24.15759634764571,,,True,True
7ad1174c-373265eb.jpg,motion_blur,7,20.846914466204566,,,True,True
7b268b98-e0ec16c3.jpg,motion_blur,7,24.286193440616735,,46.0,True,False
7c5a2048-332896ea.jpg,motion_blur,7,22.110636801327416,,,True,True
7c5d50c5-7292de37.jpg,motion_blur,7,23.351284817075214,1.0,375.0,False,False
7d1fe115-936a2f47.jpg,motion_blur,7,25.491009156762562,26.0,20.0,False,False
7dc2914d-a20a969a.jpg,motion_blur,7,26.523260696087796,,18.0,True,False
7e4ab78b-4a62c63e.jpg,motion_blur,7,22.601567429602923,,,True,True
7e590c49-93f03732.jpg,motion_blur,7,19.15015209454905,,,True,True
7ed57d0a-d7bcc13d.jpg,motion_blur,7,21.632027639621224,78.0,96.0,False,False
7f0ef682-c93899df.jpg,motion_blur,7,20.485076520660918,,,True,True
7f4ac354-777de900.jpg,motion_blur,7,19.545228977924754,,,True,True
7f9bdf0d-c0e0061f.jpg,motion_blur,7,17.808185269974924,,,True,True
7fd14da9-a855494b.jpg,motion_blur,7,26.725067994818197,,,True,True
801bff84-a72998c7.jpg,motion_blur,7,18.86240266173623,,,True,True
8073de38-f7eab6ec.jpg,motion_blur,7,22.041841071583196,,,True,True
8082ea05-1a7bcd47.jpg,motion_blur,7,21.196536431099364,6.0,1.0,False,False
80ecebc0-ca9605f4.jpg,motion_blur,7,29.80654523125598,,,True,True
81ec3b39-1951f79e.jpg,motion_blur,7,22.52361743145391,,,True,True
82b14c0c-79b99258.jpg,motion_blur,7,19.18529465659348,,6.0,True,False
82b5fc3b-90cadd1b.jpg,motion_blur,7,18.14639363937302,,,True,True
82f03471-8e304dd5.jpg,motion_blur,7,20.65711779117985,,,True,True
836fa13a-d6058a12.jpg,motion_blur,7,26.88709286022071,17.0,,False,True
84fb3f59-7d5d1fa4.jpg,motion_blur,7,20.665781604947135,187.0,,False,True
8542b4da-7795bcfd.jpg,motion_blur,7,27.287793600657434,15.0,,False,True
85f3f250-1fef85ac.jpg,motion_blur,7,20.199652284918375,,,True,True
87ca2979-d5158824.jpg,motion_blur,7,22.206262019421793,,,True,True
889b7dda-77f16103.jpg,motion_blur,7,19.910493674544295,,,True,True
88dbf01a-d8b35dee.jpg,motion_blur,7,24.604951497885402,23.0,,False,True
897223bc-6938f1ab.jpg,motion_blur,7,22.858975484036257,,,True,True
89b7454d-880eacbd.jpg,motion_blur,7,18.914088258603172,,,True,True
89e85e71-7dd0a7b6.jpg,motion_blur,7,21.457493514635615,350.0,37.0,False,False
8a4fbffe-47866ce9.jpg,motion_blur,7,20.798130901306084,,,True,True
8a76c101-8bcefc32.jpg,motion_blur,7,23.776451790458864,,,True,True
8b7ef6c4-6bbcf25f.jpg,motion_blur,7,21.036307206219767,,,True,True
8bac644e-e0437ead.jpg,motion_blur,7,24.369632246646663,,,False,True
8c94c649-8ba62efa.jpg,motion_blur,7,22.089372028788187,1.0,,False,True
8c9bbaa9-34934b66.jpg,motion_blur,7,23.995454610436823,,,True,True
0049e5b8-725e21a0.jpg,motion_blur,8,23.187592039172173,,23.0,True,False
0081e27b-17bf4a9e.jpg,motion_blur,8,22.8339618700478,,,True,True
00beeb02-50440dcd.jpg,motion_blur,8,20.62934569339535,,,True,True
00d4b6b7-7d0a60bf.jpg,motion_blur,8,20.614031464033378,,,True,True
01118704-2d838d7f.jpg,motion_blur,8,20.197847262912273,,,True,True
0115917e-14907a6a.jpg,motion_blur,8,21.54724670237644,,17.0,True,False
02188a44-65ad27f3.jpg,motion_blur,8,20.842436111061602,,,True,True
02494b7b-079febf8.jpg,motion_blur,8,20.509253445999477,,,True,True
029ffd50-dc944dba.jpg,motion_blur,8,19.69347558707401,,,True,True
0464a98b-860229d5.jpg,motion_blur,8,18.663123750291195,,,True,True
051aadb7-51aad566.jpg,motion_blur,8,24.2188047957935,,,True,True
051aadb7-e953bc4d.jpg,motion_blur,8,19.23528327173588,,,True,True
05743a9b-747658e7.jpg,motion_blur,8,24.08198872142478,,,True,True
057af272-6f700aef.jpg,motion_blur,8,24.79213875129564,,,True,True
05d62296-30c620d5.jpg,motion_blur,8,20.65151690937189,,,True,True
05e5a68e-f0e05a42.jpg,motion_blur,8,19.977898540740263,,,True,True
05fa6494-8f436d04.jpg,motion_blur,8,19.901138750743876,,,True,True
060039d9-5218402b.jpg,motion_blur,8,18.303611416277057,,,True,True
064aa0d6-f75ff4d5.jpg,motion_blur,8,23.450371817695498,,,True,True
07de5062-ddddcbd7.jpg,motion_blur,8,26.167070328269155,,,True,True
088351d1-30833ddc.jpg,motion_blur,8,20.638346654100282,,,True,True
08a49c01-675d3899.jpg,motion_blur,8,26.12214647843667,,,True,True
08d4285a-4a25b9b6.jpg,motion_blur,8,19.04416098405165,,,True,True
09ac21d6-eefa8ed0.jpg,motion_blur,8,15.862013235688607,,,True,True
0a0a0b1a-7c39d841.jpg,motion_blur,8,24.821394694833337,,,True,True
0af6039a-f3c91319.jpg,motion_blur,8,19.641299856408455,,,True,True
0b2f5d0d-8fddc1fc.jpg,motion_blur,8,19.062896914562494,,,True,True
0b4225f9-bfb10f88.jpg,motion_blur,8,22.980603414288815,,,True,True
0ba08fe3-880ae118.jpg,motion_blur,8,22.47847067365724,,,True,True
0c2f33b9-f94d69b5.jpg,motion_blur,8,22.000803830866985,,,True,True
0c984e6d-2b5d7ee4.jpg,motion_blur,8,24.48950809120731,,,True,True
0cb67a01-7cf1687e.jpg,motion_blur,8,21.073416956746442,66.0,,False,True
0cc6f3e8-b4c9e348.jpg,motion_blur,8,19.892784765195405,,,True,True
0cf398b3-ce65ab64.jpg,motion_blur,8,12.075775275501163,,,True,True
0d3ec56a-f4cead6f.jpg,motion_blur,8,22.953208762338626,,,True,True
0d61234a-542010b2.jpg,motion_blur,8,19.097521481419342,,27.0,True,False
0e442b65-b17e0b50.jpg,motion_blur,8,23.54807419484054,,29.0,True,False
0e5c7e92-0d9c60f0.jpg,motion_blur,8,19.361268696614083,,,True,True
0f837def-9646c091.jpg,motion_blur,8,23.475131019303536,,13.0,True,False
0fba84f9-73b520ee.jpg,motion_blur,8,21.71606077473922,,,True,True
101a0964-930eae70.jpg,motion_blur,8,23.616288128599216,,,True,True
10389fe8-433c740c.jpg,motion_blur,8,17.226211730258342,,,True,True
10453a95-40759ac3.jpg,motion_blur,8,21.303143516999597,,,True,True
1072195f-0a161ade.jpg,motion_blur,8,21.07214930393766,,,True,True
1072195f-6cf88b25.jpg,motion_blur,8,24.27860285546306,,,True,True
11513e3d-150058c3.jpg,motion_blur,8,21.42309548217397,14.0,,False,True
1189ae68-1a8ad3c6.jpg,motion_blur,8,23.91191803938703,,,True,True
12076ebb-c07285d7.jpg,motion_blur,8,19.38882070804337,,,True,True
125134e5-7dfc45b9.jpg,motion_blur,8,24.900930309445254,,,True,True
12ae9ab8-794f5adc.jpg,motion_blur,8,20.22167184058884,,,True,True
13f61134-50021e53.jpg,motion_blur,8,21.753637840386236,,,True,True
14eace5a-ddf3b303.jpg,motion_blur,8,25.140562306651276,,,True,True
1608cfe7-32da2c5d.jpg,motion_blur,8,20.199449049290287,,,True,True
162995f1-d2c7d259.jpg,motion_blur,8,21.914432899873223,,,True,True
16b0973f-c07b564a.jpg,motion_blur,8,22.112406794879902,,,True,True
1784d67b-6b223914.jpg,motion_blur,8,23.3425800267305,,,True,True
1784d67b-d76145ce.jpg,motion_blur,8,24.203309947829524,,,True,True
188c58f3-792afc71.jpg,motion_blur,8,20.97426549346096,0.0,,False,True
193f7f3b-84bc7998.jpg,motion_blur,8,22.922307561030383,,,True,True
194058b0-ac0616a6.jpg,motion_blur,8,19.088985266485373,,,True,True
19e56249-09c4bbc6.jpg,motion_blur,8,24.635133228041113,,,True,True
1a71faae-d5f255fd.jpg,motion_blur,8,20.73737220676861,,,True,True
1a8992a7-da5a8510.jpg,motion_blur,8,21.580833326652424,,,True,True
1ac0178c-0b259360.jpg,motion_blur,8,27.18459457197472,,,True,True
1b30f76f-95aa8a06.jpg,motion_blur,8,22.151255562874713,,,True,True
1bda5a26-420ceea6.jpg,motion_blur,8,21.739243238428298,,,True,True
1bf7f3d2-15f95138.jpg,motion_blur,8,21.146493145058045,,5.0,True,False
1c227a12-10e5552c.jpg,motion_blur,8,24.133183415980405,,,True,True
1c227a12-ec67af93.jpg,motion_blur,8,22.102936384606053,,,True,True
1c5e9657-2e2a2863.jpg,motion_blur,8,24.032948471271624,,,True,True
1cb2a89b-4594573e.jpg,motion_blur,8,20.288759648303678,,,True,True
1cf54809-c6daa5a9.jpg,motion_blur,8,16.605427238714107,,,True,True
1d5e05f8-5020f67d.jpg,motion_blur,8,17.9006694731259,,,True,True
1e57ae90-806bc767.jpg,motion_blur,8,24.256885539714816,,,True,True
1f959fdd-6ff63d34.jpg,motion_blur,8,19.370727336234246,,,True,True
1fa65acf-d43367bc.jpg,motion_blur,8,17.501703675511397,,,True,True
20cfadfa-47711496.jpg,motion_blur,8,22.586537950011838,,,True,True
20cfadfa-6f87fdc1.jpg,motion_blur,8,23.597707293767023,9.0,30.0,False,False
225a1858-0e3a4b04.jpg,motion_blur,8,20.311565651370188,,,True,True
22be2f14-59fbdca0.jpg,motion_blur,8,20.32694457968757,,,True,True
23333f35-0cbc3f0f.jpg,motion_blur,8,21.286320860203347,,,True,True
23df146f-64b50e4c.jpg,motion_blur,8,22.176098970733015,,,True,True
24392d7c-998011c2.jpg,motion_blur,8,22.338154256688078,,,True,True
250e7595-b14da270.jpg,motion_blur,8,17.946493913189503,,,True,True
26190b83-39ccb412.jpg,motion_blur,8,19.064119911655897,,39.0,True,False
272d52f6-8aac36b3.jpg,motion_blur,8,16.712514998560177,,,True,True
2752681a-e813599a.jpg,motion_blur,8,21.754765798508522,,,True,True
27645526-f038b033.jpg,motion_blur,8,16.149813640408432,,,True,True
2773af6f-23e23a6b.jpg,motion_blur,8,19.709873232657046,,,True,True
28faf684-03ef4c6e.jpg,motion_blur,8,23.946232975553695,,3.0,True,False
292720ee-d847ee69.jpg,motion_blur,8,27.699277014800376,,,True,True
2b54fe2d-c5b810e6.jpg,motion_blur,8,17.79419895343273,,,True,True
2b605c48-8dfe352b.jpg,motion_blur,8,19.060409654190885,,,True,True
2beccce2-354608e2.jpg,motion_blur,8,21.557452619187345,,,True,True
2c87e51d-aa7a8031.jpg,motion_blur,8,24.780137005601453,,,True,True
2ce0b449-e818dc97.jpg,motion_blur,8,23.651344602566105,,,True,True
2cf976a2-479cd46b.jpg,motion_blur,8,17.277233399109125,,,True,True
2e2fae77-b7497ca0.jpg,motion_blur,8,16.467356908732945,,,True,True
2ead8042-2493c03f.jpg,motion_blur,8,18.994602947632487,,,True,True
2f1864c1-1a17d11c.jpg,motion_blur,8,17.219054939788847,,,True,True
2f879dc0-b09e4824.jpg,motion_blur,8,18.80604589296933,,16.0,True,False
2fc9ad1e-ee4c9e43.jpg,motion_blur,8,23.882040511797427,,,True,True
3050b249-0ffbd6ec.jpg,motion_blur,8,22.249620204131922,,,True,True
314cc010-3eab5c90.jpg,motion_blur,8,23.870861567250273,,,True,True
31765c6b-90b0d612.jpg,motion_blur,8,20.718394493644553,,,True,True
31cf6eba-5c84c636.jpg,motion_blur,8,18.06516172628897,,,True,True
32de2244-122f1783.jpg,motion_blur,8,24.58547102990048,,2.0,True,False
33420085-32996107.jpg,motion_blur,8,26.27794306617759,,,True,True
3430a5e6-00ec38d2.jpg,motion_blur,8,11.380317373733217,,,True,True
35eb46d0-8f7e28a0.jpg,motion_blur,8,25.016149850867166,,5.0,True,False
3735fc3d-69d8b80c.jpg,motion_blur,8,20.739573784131956,,,True,True
3740cd4f-ff1d423d.jpg,motion_blur,8,19.833823857638517,,,True,True
375abba2-9f2ed56c.jpg,motion_blur,8,22.227615746765856,,,True,True
37723e55-31730cf5.jpg,motion_blur,8,18.916366317592974,,,True,True
380a3f8e-ba4f0def.jpg,motion_blur,8,25.90440120479083,,,True,True
385b0f61-1aee12ef.jpg,motion_blur,8,21.449051653632836,,,True,True
3865fea7-b4fe472d.jpg,motion_blur,8,20.91432692633454,36.0,,False,True
38e561dd-8ea8ae2d.jpg,motion_blur,8,21.05027722899848,,,True,True
38ed8d8d-93c48de2.jpg,motion_blur,8,23.182202901130275,,,True,True
38ed8d8d-b1c230ef.jpg,motion_blur,8,23.446340150414862,,,True,True
38ed8d8d-fa50400c.jpg,motion_blur,8,22.34443659214637,,,True,True
3900ad8c-8834019f.jpg,motion_blur,8,23.11237399166256,,,False,True
39ddb110-04604b9c.jpg,motion_blur,8,17.8994531671676,,,True,True
39fc6d1c-6155351d.jpg,motion_blur,8,23.412325131840312,,,False,True
3a278d39-b92df256.jpg,motion_blur,8,19.477242462771272,,,True,True
3a3407a2-df8ea956.jpg,motion_blur,8,17.980948793432212,,,True,True
3ad0c4a7-2a3d544e.jpg,motion_blur,8,20.009517482974466,,,True,True
3b1e1bc1-ee64e36e.jpg,motion_blur,8,18.453092972393964,,,True,True
3b44ef5a-c09e8479.jpg,motion_blur,8,18.123539305045483,,,True,True
3b563c5e-0102edaf.jpg,motion_blur,8,21.873122747953193,,,True,True
3b9716a6-d2566395.jpg,motion_blur,8,22.69506182935027,,,True,True
3c0bbdc2-79baffce.jpg,motion_blur,8,24.58687578459463,,,True,True
3c5752b6-9c0bdf98.jpg,motion_blur,8,17.7810561063394,,,True,True
3c95ae26-68abac3f.jpg,motion_blur,8,21.79085108262388,,,True,True
3e0f1745-a95a63ad.jpg,motion_blur,8,21.605972826271586,,,True,True
3f4eb6a6-9eee52f9.jpg,motion_blur,8,22.134309848517965,,,True,True
3f85a987-1ef4053b.jpg,motion_blur,8,22.10236734666591,,,True,True
3fe1feaa-10126fec.jpg,motion_blur,8,19.671585100179076,,,True,True
3ffdaa26-b394f6f8.jpg,motion_blur,8,18.191351787783173,,31.0,False,False
4027c10d-41d54e9b.jpg,motion_blur,8,22.137196079955558,,,True,True
428e99ea-4166e549.jpg,motion_blur,8,22.594956777263725,,,True,True
42e0dd11-74b81997.jpg,motion_blur,8,27.524343043415623,,,True,True
430395d1-931c959e.jpg,motion_blur,8,21.294902647750256,,,True,False
43126e0d-495d04a5.jpg,motion_blur,8,22.97964021828815,,,True,True
43126e0d-cce96832.jpg,motion_blur,8,22.794544385952243,,,True,True
432f9e20-83a0d96c.jpg,motion_blur,8,19.955060457658977,,,True,True
43c7ed5c-b0690325.jpg,motion_blur,8,20.722032351518067,,,True,True
44cc16d9-d2e06fd6.jpg,motion_blur,8,16.551720931820796,,,True,True
45bafa98-1ee18a2f.jpg,motion_blur,8,20.551841988946947,,,True,True
46d048a1-8f7f385c.jpg,motion_blur,8,20.993031129853733,,,True,True
46f76df9-8bf77914.jpg,motion_blur,8,21.890759474459905,,,True,True
480263a0-5aad7ae9.jpg,motion_blur,8,15.450418843923359,,,True,True
488480d6-b94cf415.jpg,motion_blur,8,19.3278304362228,,,True,True
48ed707e-5062e4c3.jpg,motion_blur,8,20.883687006210856,,,True,True
4a289ff2-7da7feb6.jpg,motion_blur,8,21.113384090257398,,,True,True
4a31f3e3-ac7ed780.jpg,motion_blur,8,22.304145837652438,,,True,True
4b2e1dde-65b54419.jpg,motion_blur,8,21.46946613100157,,,True,True
4d4a590b-4332c5ab.jpg,motion_blur,8,28.962015510068273,,,True,True
5069db50-52f5af30.jpg,motion_blur,8,25.212303689254494,,,True,True
50866f46-30d1f303.jpg,motion_blur,8,19.993703386004412,,,True,True
50b115d6-4b08a666.jpg,motion_blur,8,18.19964468373717,,,True,True
50b2e757-6c7d0f63.jpg,motion_blur,8,19.70010208516316,,,True,True
50d0fd05-8db58ebd.jpg,motion_blur,8,22.583370967360832,,,True,True
510671e9-603795e0.jpg,motion_blur,8,20.096696345102195,,,True,True
514a6d58-0790e0cd.jpg,motion_blur,8,21.65520758174643,,,True,True
5150bb50-300d52ce.jpg,motion_blur,8,21.510466379278764,,,True,True
52799e9e-8c8673f3.jpg,motion_blur,8,22.1915478359198,5.0,47.0,False,False
52bda346-fd8ac6e7.jpg,motion_blur,8,22.26745390865721,,,True,True
534418ba-ee05398f.jpg,motion_blur,8,22.633757100160867,,,True,True
54360b72-e00a3f70.jpg,motion_blur,8,19.322670124764112,,,True,True
554d7cd5-a32486dd.jpg,motion_blur,8,24.657315513922555,,11.0,True,False
559fed19-7893646f.jpg,motion_blur,8,20.69634626151278,,,True,True
57165857-e4d4a47f.jpg,motion_blur,8,21.808257690152818,,,True,True
5795bfe7-a599384a.jpg,motion_blur,8,19.32455578473747,,,True,True
57ac74e2-e86131f1.jpg,motion_blur,8,22.087230070107697,,,True,True
57b495f2-6da6b1e5.jpg,motion_blur,8,27.25670017990396,,,True,True
585443c8-2621a6b1.jpg,motion_blur,8,23.682887347462696,26.0,,False,True
5877b384-2545daf4.jpg,motion_blur,8,18.676769791445373,,,True,True
587bb1bf-1aa00fe5.jpg,motion_blur,8,21.228397391331168,,,True,True
5995c288-2d152172.jpg,motion_blur,8,20.427535376396854,,,True,False
59cde7c7-344bffb1.jpg,motion_blur,8,23.282404615766662,,,True,True
5a8f9b5d-1fdfd2d4.jpg,motion_blur,8,22.278612031952193,,,True,True
5ae83f9c-da990b49.jpg,motion_blur,8,19.441526498480158,,13.0,True,False
5b2b4881-67a6cb87.jpg,motion_blur,8,20.59089368532197,187.0,,False,True
5b2fd56a-37759b05.jpg,motion_blur,8,24.644606678703084,,,True,True
5b4b0b07-2fb56b82.jpg,motion_blur,8,20.436377238456235,,,True,True
5bc44a50-c371c4d0.jpg,motion_blur,8,17.17821396845914,42.0,,False,True
5c4004b7-bf3b7941.jpg,motion_blur,8,23.685344049877198,,,True,True
5c534f5f-a76c7f4b.jpg,motion_blur,8,22.7214991017649,,,True,True
5c5dc708-35460444.jpg,motion_blur,8,20.535889127543832,,,True,True
5da6c6b6-76c54605.jpg,motion_blur,8,20.907884026139886,,,True,True
5dc5141c-5890b5b1.jpg,motion_blur,8,22.841161702545037,,,True,True
5dd831da-bd00cf03.jpg,motion_blur,8,20.147471069373704,,,True,True
5dfb063f-7bd23d5c.jpg,motion_blur,8,23.801622594750228,,,True,True
5e0b701e-d443d8c2.jpg,motion_blur,8,20.286710320716193,,,True,True
5e26f49d-0bc53c7e.jpg,motion_blur,8,26.399332245597577,,,True,True
5e26f49d-9271bf00.jpg,motion_blur,8,20.15297088757756,,,True,True
5e625ec3-7b4fc682.jpg,motion_blur,8,25.663334305061063,,,True,True
5f9387ff-330136ae.jpg,motion_blur,8,21.699418644811026,,,True,True
5fa17a25-88b8e6b9.jpg,motion_blur,8,24.30535647598242,,,True,True
5fa422e1-2d8dd765.jpg,motion_blur,8,19.967937689423493,,,True,True
5fb2a702-f56a339c.jpg,motion_blur,8,22.40983069930193,,71.0,True,False
6011831b-0992e205.jpg,motion_blur,8,19.36447963052487,12.0,,False,True
60137cc0-428b8f5b.jpg,motion_blur,8,20.59853137452982,,,True,True
604b5b3e-3c2e6b6b.jpg,motion_blur,8,18.961665433758196,,,True,True
6092f5a2-424550ba.jpg,motion_blur,8,22.870608010694543,,,True,True
60ba25dd-6c0df417.jpg,motion_blur,8,23.51829567426023,,,True,True
60c678e7-4813ae0f.jpg,motion_blur,8,17.304978270085464,36.0,,False,True
614ecada-16b0f8b6.jpg,motion_blur,8,22.063467751616148,106.0,,False,True
61e4ad87-53ceb455.jpg,motion_blur,8,22.93776809050413,,,True,True
6240d7b3-b51b5788.jpg,motion_blur,8,20.853106685444484,,,True,True
62aefb36-b685117f.jpg,motion_blur,8,22.328458619885293,,,True,True
634c1785-3bb9a8a2.jpg,motion_blur,8,25.00859536405701,,,True,True
634c1785-aeb1652f.jpg,motion_blur,8,23.42155382132523,,0.0,True,False
63f73472-028615f1.jpg,motion_blur,8,21.209278066665153,,,True,True
6485ad0a-245d1600.jpg,motion_blur,8,23.513799526996117,,,True,True
648dc925-e359dbec.jpg,motion_blur,8,25.326946452325384,,,True,True
65edc5a1-f309fed7.jpg,motion_blur,8,22.756205896556967,,,True,True
661381d9-1114a810.jpg,motion_blur,8,19.320490609840245,,,True,True
664cb246-f84cfaf4.jpg,motion_blur,8,16.887151423502573,,,True,True
675cf8fa-4b1ce8b9.jpg,motion_blur,8,19.44880335175113,,,True,True
67faeadf-eb09a636.jpg,motion_blur,8,21.60163332768731,,,True,True
691be377-5dbc29ee.jpg,motion_blur,8,25.25944994988784,760.0,7.0,False,False
692f1303-05178963.jpg,motion_blur,8,21.673050303851195,,,True,True
692f9b08-bdbbd729.jpg,motion_blur,8,25.175874112547206,,10.0,True,False
69bfbe31-5ee2a642.jpg,motion_blur,8,19.66452105930481,,,True,True
69cf7667-68f59649.jpg,motion_blur,8,22.455414805879464,36.0,16.0,False,False
69cf7667-7eb40860.jpg,motion_blur,8,21.06098722368086,,,True,True
6a44fb9a-05a3dd18.jpg,motion_blur,8,22.20392139103563,29.0,,False,True
6a793e80-4f5e207f.jpg,motion_blur,8,25.21670410549131,,,True,True
6a82c0d6-b31f6b90.jpg,motion_blur,8,23.11303141087553,,,True,True
6a8d218d-14e4fa28.jpg,motion_blur,8,25.41424070210953,,,True,True
6ad110c3-789e7724.jpg,motion_blur,8,17.778879248947995,,,True,True
6b15392a-3a1699fd.jpg,motion_blur,8,20.288852529026904,,,True,True
6b784eee-0a5a2c89.jpg,motion_blur,8,20.308964755601068,,,True,True
6bb5a881-15e5c2c4.jpg,motion_blur,8,24.697054911910733,,,True,True
6bd41587-d65ba5b4.jpg,motion_blur,8,21.877956231331677,,,True,True
6d0d7bef-fb11b6e1.jpg,motion_blur,8,23.559195699367187,,,True,True
6d57736c-a35808b9.jpg,motion_blur,8,27.063856079779903,,70.0,True,False
6d8a6d94-00a7ad92.jpg,motion_blur,8,23.956816487876896,,,True,True
6eeed3fa-87a1b0c9.jpg,motion_blur,8,23.834244586051515,,,True,True
701992bd-8a457895.jpg,motion_blur,8,23.435772448484123,15.0,,False,True
7171644d-4e74752e.jpg,motion_blur,8,20.419666754887885,,,True,True
7171644d-ee92c71e.jpg,motion_blur,8,22.187370538843417,,,True,True
72f22fa5-8af4615c.jpg,motion_blur,8,17.630009661577354,,,True,True
72fd00fe-aeadfc89.jpg,motion_blur,8,26.13659963443455,,,True,True
730c67a5-563e9b1f.jpg,motion_blur,8,26.77180482898395,,,True,True
738a2bcd-7a6fde0d.jpg,motion_blur,8,24.816142447038267,,,True,True
73aff960-d46366ec.jpg,motion_blur,8,21.457496880076953,,,True,True
73d338d6-edf0b3db.jpg,motion_blur,8,23.814388181815783,,,True,True
75ad1fff-77299093.jpg,motion_blur,8,22.391667018878557,,,True,True
75f5f52c-6b67e736.jpg,motion_blur,8,13.275150791823451,,,True,True
777005a8-14c739ad.jpg,motion_blur,8,24.723792138798277,,,True,True
7771e03b-832e52c0.jpg,motion_blur,8,23.416586571174605,,,True,True
7771e03b-a8f9d50c.jpg,motion_blur,8,21.522383768923365,,,True,True
7797fea2-c37f9856.jpg,motion_blur,8,21.66081928020056,,,True,True
77bdbeb0-edb0613f.jpg,motion_blur,8,24.38553306056283,,3.0,True,False
77dca577-16a39ea0.jpg,motion_blur,8,19.935595307984613,,,True,True
77f810c4-43a39c1f.jpg,motion_blur,8,23.350376358077863,,,True,True
7814206e-8e991d51.jpg,motion_blur,8,23.8080911598609,,14.0,True,False
7814206e-ea2508d0.jpg,motion_blur,8,24.89731241930569,,30.0,True,False
79e177bc-4d5d3acc.jpg,motion_blur,8,19.28848224570015,,,True,True
7aa4ff0f-9d28d8a4.jpg,motion_blur,8,23.53228345720108,,,True,True
7ad1174c-373265eb.jpg,motion_blur,8,20.078203078646055,,,True,True
7b268b98-e0ec16c3.jpg,motion_blur,8,23.567688778227698,,,True,True
7c5a2048-332896ea.jpg,motion_blur,8,21.412752554795436,,,True,True
7c5d50c5-7292de37.jpg,motion_blur,8,22.523993379810058,,,True,True
7d1fe115-936a2f47.jpg,motion_blur,8,24.68872987505252,,59.0,True,False
7dc2914d-a20a969a.jpg,motion_blur,8,25.649612137277163,,,True,True
7e4ab78b-4a62c63e.jpg,motion_blur,8,21.89886002111395,,,True,True
7e590c49-93f03732.jpg,motion_blur,8,18.482429021683725,,,True,True
7ed57d0a-d7bcc13d.jpg,motion_blur,8,20.891702689176654,73.0,,False,True
7f0ef682-c93899df.jpg,motion_blur,8,19.704711676441867,,,True,True
7f4ac354-777de900.jpg,motion_blur,8,18.95585883107121,,,True,True
7f9bdf0d-c0e0061f.jpg,motion_blur,8,17.099596831593075,,,True,True
7fd14da9-a855494b.jpg,motion_blur,8,25.64328742231012,,,True,True
801bff84-a72998c7.jpg,motion_blur,8,18.18539021065176,,,True,True
8073de38-f7eab6ec.jpg,motion_blur,8,21.419312529865064,,,True,True
8082ea05-1a7bcd47.jpg,motion_blur,8,20.61803353695435,,,True,True
80ecebc0-ca9605f4.jpg,motion_blur,8,28.98831549156476,,,True,True
81ec3b39-1951f79e.jpg,motion_blur,8,21.76519564870084,,,True,True
82b14c0c-79b99258.jpg,motion_blur,8,18.548177713229688,,,True,True
82b5fc3b-90cadd1b.jpg,motion_blur,8,17.47620001269586,,,True,True
82f03471-8e304dd5.jpg,motion_blur,8,19.933995824620222,,,True,True
836fa13a-d6058a12.jpg,motion_blur,8,26.089882690888103,21.0,,False,True
84fb3f59-7d5d1fa4.jpg,motion_blur,8,19.98188369997869,,,True,True
8542b4da-7795bcfd.jpg,motion_blur,8,26.377816911140734,,,True,True
85f3f250-1fef85ac.jpg,motion_blur,8,19.398840910247273,,,True,True
87ca2979-d5158824.jpg,motion_blur,8,21.48092497115334,,,True,True
889b7dda-77f16103.jpg,motion_blur,8,19.251515500289443,,,True,True
88dbf01a-d8b35dee.jpg,motion_blur,8,23.903730546812334,,,True,True
897223bc-6938f1ab.jpg,motion_blur,8,22.170679035934636,,,True,True
89b7454d-880eacbd.jpg,motion_blur,8,18.352447651687257,,,True,True
89e85e71-7dd0a7b6.jpg,motion_blur,8,20.657161998652896,,33.0,True,False
8a4fbffe-47866ce9.jpg,motion_blur,8,20.066244664860378,,,True,True
8a76c101-8bcefc32.jpg,motion_blur,8,22.944252912318802,,,True,True
8b7ef6c4-6bbcf25f.jpg,motion_blur,8,20.367102539894255,,,True,True
8bac644e-e0437ead.jpg,motion_blur,8,23.707613775647637,,,False,True
8c94c649-8ba62efa.jpg,motion_blur,8,21.481839500210363,,,True,True
8c9bbaa9-34934b66.jpg,motion_blur,8,23.20451444422205,,,True,True
0049e5b8-725e21a0.jpg,motion_blur,9,22.91613392902083,,,True,True
0081e27b-17bf4a9e.jpg,motion_blur,9,22.56903256748245,,,True,True
00beeb02-50440dcd.jpg,motion_blur,9,20.34399779993982,,,True,True
00d4b6b7-7d0a60bf.jpg,motion_blur,9,20.31495863757364,,,True,True
01118704-2d838d7f.jpg,motion_blur,9,19.90512185344398,,66.0,True,False
0115917e-14907a6a.jpg,motion_blur,9,21.224325245238845,,,True,True
02188a44-65ad27f3.jpg,motion_blur,9,20.56341100473686,,,True,True
02494b7b-079febf8.jpg,motion_blur,9,20.197615708463115,,,True,True
029ffd50-dc944dba.jpg,motion_blur,9,19.421557988846637,,,True,True
0464a98b-860229d5.jpg,motion_blur,9,18.403313451977137,,,True,True
051aadb7-51aad566.jpg,motion_blur,9,23.945603465302327,,,True,True
051aadb7-e953bc4d.jpg,motion_blur,9,18.977683399361304,,,True,True
05743a9b-747658e7.jpg,motion_blur,9,23.79072266293423,,,True,True
057af272-6f700aef.jpg,motion_blur,9,24.494503801767355,,,True,True
05d62296-30c620d5.jpg,motion_blur,9,20.349419908383226,,,True,True
05e5a68e-f0e05a42.jpg,motion_blur,9,19.693260146034458,,,True,True
05fa6494-8f436d04.jpg,motion_blur,9,19.660822019143232,,,True,True
060039d9-5218402b.jpg,motion_blur,9,17.887105182861664,,,True,True
064aa0d6-f75ff4d5.jpg,motion_blur,9,23.08441821157004,,,True,True
07de5062-ddddcbd7.jpg,motion_blur,9,25.805167197045876,,,True,True
088351d1-30833ddc.jpg,motion_blur,9,20.358637480831284,,,True,True
08a49c01-675d3899.jpg,motion_blur,9,25.823523444871867,,,True,True
08d4285a-4a25b9b6.jpg,motion_blur,9,18.790996923258035,,,True,True
09ac21d6-eefa8ed0.jpg,motion_blur,9,15.63420826052707,,,True,True
0a0a0b1a-7c39d841.jpg,motion_blur,9,24.44750759135964,,,True,True
0af6039a-f3c91319.jpg,motion_blur,9,19.33259888404439,,,True,True
0b2f5d0d-8fddc1fc.jpg,motion_blur,9,18.77106174624923,,162.0,True,False
0b4225f9-bfb10f88.jpg,motion_blur,9,22.708828527297197,,,True,True
0ba08fe3-880ae118.jpg,motion_blur,9,22.15820365846518,,,True,True
0c2f33b9-f94d69b5.jpg,motion_blur,9,21.669659628978017,,,True,True
0c984e6d-2b5d7ee4.jpg,motion_blur,9,24.159985713569764,,,True,True
0cb67a01-7cf1687e.jpg,motion_blur,9,20.802149613583897,,,True,True
0cc6f3e8-b4c9e348.jpg,motion_blur,9,19.63552884367081,,,True,True
0cf398b3-ce65ab64.jpg,motion_blur,9,11.694153506313576,,,True,True
0d3ec56a-f4cead6f.jpg,motion_blur,9,22.672989434930194,,,True,True
0d61234a-542010b2.jpg,motion_blur,9,18.699395544921583,,4.0,True,False
0e442b65-b17e0b50.jpg,motion_blur,9,23.25133749737166,,,True,True
0e5c7e92-0d9c60f0.jpg,motion_blur,9,19.056953877382238,,,True,True
0f837def-9646c091.jpg,motion_blur,9,23.220037715609244,,1.0,True,False
0fba84f9-73b520ee.jpg,motion_blur,9,21.44519662453571,,,True,True
101a0964-930eae70.jpg,motion_blur,9,23.175776619397958,,,True,True
10389fe8-433c740c.jpg,motion_blur,9,16.9551436941096,,,True,True
10453a95-40759ac3.jpg,motion_blur,9,21.0306882802527,,,True,True
1072195f-0a161ade.jpg,motion_blur,9,20.813065143087115,,,True,True
1072195f-6cf88b25.jpg,motion_blur,9,23.985387900828673,,,True,True
11513e3d-150058c3.jpg,motion_blur,9,21.160845335404698,13.0,,False,True
1189ae68-1a8ad3c6.jpg,motion_blur,9,23.66191692681293,,,True,True
12076ebb-c07285d7.jpg,motion_blur,9,19.10173302449366,,,True,True
125134e5-7dfc45b9.jpg,motion_blur,9,24.647249080483927,,,True,True
12ae9ab8-794f5adc.jpg,motion_blur,9,19.921703264050944,,,True,True
13f61134-50021e53.jpg,motion_blur,9,21.45117102326502,,,True,True
14eace5a-ddf3b303.jpg,motion_blur,9,24.816217842510664,,,True,True
1608cfe7-32da2c5d.jpg,motion_blur,9,19.89943769551155,,,True,True
162995f1-d2c7d259.jpg,motion_blur,9,21.58566406263954,,,True,True
16b0973f-c07b564a.jpg,motion_blur,9,21.77812382989935,,,True,True
1784d67b-6b223914.jpg,motion_blur,9,23.02755992339422,,,True,True
1784d67b-d76145ce.jpg,motion_blur,9,23.90538140730664,,,True,True
188c58f3-792afc71.jpg,motion_blur,9,20.679594170904025,4.0,,False,True
193f7f3b-84bc7998.jpg,motion_blur,9,22.604471429936225,,,True,True
194058b0-ac0616a6.jpg,motion_blur,9,18.79153683113245,,,True,True
19e56249-09c4bbc6.jpg,motion_blur,9,24.385996927207092,,,True,True
1a71faae-d5f255fd.jpg,motion_blur,9,20.49342187857124,,,True,True
1a8992a7-da5a8510.jpg,motion_blur,9,21.170675581537374,,,True,True
1ac0178c-0b259360.jpg,motion_blur,9,26.834124291031983,,,True,True
1b30f76f-95aa8a06.jpg,motion_blur,9,21.81324739873339,,,True,True
1bda5a26-420ceea6.jpg,motion_blur,9,21.393140891044247,,,True,True
1bf7f3d2-15f95138.jpg,motion_blur,9,20.83542838954257,,12.0,True,False
1c227a12-10e5552c.jpg,motion_blur,9,23.885866638819873,,,True,True
1c227a12-ec67af93.jpg,motion_blur,9,21.87198666064576,,,True,True
1c5e9657-2e2a2863.jpg,motion_blur,9,23.712621129345838,,,True,True
1cb2a89b-4594573e.jpg,motion_blur,9,19.937110260904614,,,True,True
1cf54809-c6daa5a9.jpg,motion_blur,9,16.378238334537635,,,True,True
1d5e05f8-5020f67d.jpg,motion_blur,9,17.625811742892875,,,True,True
1e57ae90-806bc767.jpg,motion_blur,9,23.93262616806727,,,True,True
1f959fdd-6ff63d34.jpg,motion_blur,9,19.06224463140466,,,True,True
1fa65acf-d43367bc.jpg,motion_blur,9,17.218637584975653,,,True,True
20cfadfa-47711496.jpg,motion_blur,9,22.27551500067397,,,True,True
20cfadfa-6f87fdc1.jpg,motion_blur,9,23.16480910013449,3.0,26.0,False,False
225a1858-0e3a4b04.jpg,motion_blur,9,20.02042880811782,,,True,True
22be2f14-59fbdca0.jpg,motion_blur,9,19.985962516921784,,,True,True
23333f35-0cbc3f0f.jpg,motion_blur,9,21.09535012229253,,,True,True
23df146f-64b50e4c.jpg,motion_blur,9,21.815274333257143,,,True,True
24392d7c-998011c2.jpg,motion_blur,9,22.03182061917756,,,True,True
250e7595-b14da270.jpg,motion_blur,9,17.6095235717229,,,True,True
26190b83-39ccb412.jpg,motion_blur,9,18.76531130769891,,,True,True
272d52f6-8aac36b3.jpg,motion_blur,9,16.35887738926083,,,True,True
2752681a-e813599a.jpg,motion_blur,9,21.47693113102546,,,True,True
27645526-f038b033.jpg,motion_blur,9,15.90389694579748,21.0,,False,True
2773af6f-23e23a6b.jpg,motion_blur,9,19.427738998470407,,,True,True
28faf684-03ef4c6e.jpg,motion_blur,9,23.591323267510653,,,True,True
292720ee-d847ee69.jpg,motion_blur,9,27.357594252122077,,,True,True
2b54fe2d-c5b810e6.jpg,motion_blur,9,17.49882574972823,,,True,True
2b605c48-8dfe352b.jpg,motion_blur,9,18.76576107013157,,,True,True
2beccce2-354608e2.jpg,motion_blur,9,21.290850664720615,,,True,True
2c87e51d-aa7a8031.jpg,motion_blur,9,24.490207564635412,,,True,True
2ce0b449-e818dc97.jpg,motion_blur,9,23.362809810196367,,,True,True
2cf976a2-479cd46b.jpg,motion_blur,9,16.97051435286598,,,True,True
2e2fae77-b7497ca0.jpg,motion_blur,9,16.23761662743118,,,True,True
2ead8042-2493c03f.jpg,motion_blur,9,18.624323931202273,,,True,True
2f1864c1-1a17d11c.jpg,motion_blur,9,16.920920971039674,,,True,True
2f879dc0-b09e4824.jpg,motion_blur,9,18.59179069282711,,,True,True
2fc9ad1e-ee4c9e43.jpg,motion_blur,9,23.518402247006314,,,True,True
3050b249-0ffbd6ec.jpg,motion_blur,9,21.92572180975748,,,True,True
314cc010-3eab5c90.jpg,motion_blur,9,23.578746630830917,,,True,True
31765c6b-90b0d612.jpg,motion_blur,9,20.402889370902106,,,True,True
31cf6eba-5c84c636.jpg,motion_blur,9,17.829535144051604,,,True,True
32de2244-122f1783.jpg,motion_blur,9,24.27312555469414,,,True,True
33420085-32996107.jpg,motion_blur,9,25.91078357737366,,,True,True
3430a5e6-00ec38d2.jpg,motion_blur,9,11.078118201974558,,,True,True
35eb46d0-8f7e28a0.jpg,motion_blur,9,24.657373756688653,,11.0,True,False
3735fc3d-69d8b80c.jpg,motion_blur,9,20.510414044560072,,,True,True
3740cd4f-ff1d423d.jpg,motion_blur,9,19.531706549041154,,,True,True
375abba2-9f2ed56c.jpg,motion_blur,9,21.93835906360993,,,True,True
37723e55-31730cf5.jpg,motion_blur,9,18.619023852540526,,,True,True
380a3f8e-ba4f0def.jpg,motion_blur,9,25.674060209084203,,,True,True
385b0f61-1aee12ef.jpg,motion_blur,9,21.173130344040064,,,True,True
3865fea7-b4fe472d.jpg,motion_blur,9,20.613469580805788,1.0,,False,True
38e561dd-8ea8ae2d.jpg,motion_blur,9,20.775828497892718,,,True,True
38ed8d8d-93c48de2.jpg,motion_blur,9,22.907824248555585,,,True,True
38ed8d8d-b1c230ef.jpg,motion_blur,9,23.14946749823058,,,True,True
38ed8d8d-fa50400c.jpg,motion_blur,9,21.976712254486806,,,True,True
3900ad8c-8834019f.jpg,motion_blur,9,22.812518512748703,,,False,True
39ddb110-04604b9c.jpg,motion_blur,9,17.660534332429446,,,True,True
39fc6d1c-6155351d.jpg,motion_blur,9,23.030687713082052,,,False,True
3a278d39-b92df256.jpg,motion_blur,9,19.16203069951048,,,True,True
3a3407a2-df8ea956.jpg,motion_blur,9,17.659431938709186,,,True,True
3ad0c4a7-2a3d544e.jpg,motion_blur,9,19.767427209181147,,,True,True
3b1e1bc1-ee64e36e.jpg,motion_blur,9,18.237559772590973,,,True,True
3b44ef5a-c09e8479.jpg,motion_blur,9,17.81964416010355,,,True,True
3b563c5e-0102edaf.jpg,motion_blur,9,21.5532158358039,,,True,True
3b9716a6-d2566395.jpg,motion_blur,9,22.431733538842188,,,True,True
3c0bbdc2-79baffce.jpg,motion_blur,9,24.200196043176145,,,True,True
3c5752b6-9c0bdf98.jpg,motion_blur,9,17.544990617945842,,,True,True
3c95ae26-68abac3f.jpg,motion_blur,9,21.565673031607435,,32.0,True,False
3e0f1745-a95a63ad.jpg,motion_blur,9,21.294230146425505,,,True,True
3f4eb6a6-9eee52f9.jpg,motion_blur,9,21.89968369991272,,,True,True
3f85a987-1ef4053b.jpg,motion_blur,9,21.75808031328325,,,True,True
3fe1feaa-10126fec.jpg,motion_blur,9,19.392661642121578,,,True,True
3ffdaa26-b394f6f8.jpg,motion_blur,9,17.96797091674094,,9.0,False,False
4027c10d-41d54e9b.jpg,motion_blur,9,21.794374036022802,,,True,True
428e99ea-4166e549.jpg,motion_blur,9,22.22163523917523,39.0,,False,True
42e0dd11-74b81997.jpg,motion_blur,9,27.184931470081413,,,True,True
430395d1-931c959e.jpg,motion_blur,9,21.011590100750382,,,True,False
43126e0d-495d04a5.jpg,motion_blur,9,22.614355724831647,,,True,True
43126e0d-cce96832.jpg,motion_blur,9,22.473739505350373,,,True,True
432f9e20-83a0d96c.jpg,motion_blur,9,19.569485930826627,,,True,True
43c7ed5c-b0690325.jpg,motion_blur,9,20.361481097122955,,,True,True
44cc16d9-d2e06fd6.jpg,motion_blur,9,16.243340344331266,,,True,True
45bafa98-1ee18a2f.jpg,motion_blur,9,20.223245382280204,,,True,True
46d048a1-8f7f385c.jpg,motion_blur,9,20.63788616676249,,,True,True
46f76df9-8bf77914.jpg,motion_blur,9,21.615614449602766,,,True,True
480263a0-5aad7ae9.jpg,motion_blur,9,15.289256725084531,,,True,True
488480d6-b94cf415.jpg,motion_blur,9,19.04853568687724,,,True,True
48ed707e-5062e4c3.jpg,motion_blur,9,20.59728930772024,,,True,True
4a289ff2-7da7feb6.jpg,motion_blur,9,20.796509040414772,,,True,True
4a31f3e3-ac7ed780.jpg,motion_blur,9,22.010924995200245,,,True,True
4b2e1dde-65b54419.jpg,motion_blur,9,21.19096474497773,,,True,True
4d4a590b-4332c5ab.jpg,motion_blur,9,28.61395165030059,,,True,True
5069db50-52f5af30.jpg,motion_blur,9,24.830901007776177,,,True,True
50866f46-30d1f303.jpg,motion_blur,9,19.735422009181434,,,True,True
50b115d6-4b08a666.jpg,motion_blur,9,17.911339641746007,,,True,True
50b2e757-6c7d0f63.jpg,motion_blur,9,19.33505743389809,,,True,True
50d0fd05-8db58ebd.jpg,motion_blur,9,22.18883713496708,,,True,True
510671e9-603795e0.jpg,motion_blur,9,19.899514147638783,,,True,True
514a6d58-0790e0cd.jpg,motion_blur,9,21.309554834635037,,,True,True
5150bb50-300d52ce.jpg,motion_blur,9,21.252484047773997,,,True,True
52799e9e-8c8673f3.jpg,motion_blur,9,21.920491689564912,,12.0,True,False
52bda346-fd8ac6e7.jpg,motion_blur,9,21.924278574646713,,,True,True
534418ba-ee05398f.jpg,motion_blur,9,22.32983326614879,,,True,True
54360b72-e00a3f70.jpg,motion_blur,9,19.06189841980548,,,True,True
554d7cd5-a32486dd.jpg,motion_blur,9,24.40601781575137,,,True,True
559fed19-7893646f.jpg,motion_blur,9,20.47392527105279,,,True,True
57165857-e4d4a47f.jpg,motion_blur,9,21.427676237001243,,,True,True
5795bfe7-a599384a.jpg,motion_blur,9,18.99330606944787,,,True,True
57ac74e2-e86131f1.jpg,motion_blur,9,21.75227292349543,,,True,True
57b495f2-6da6b1e5.jpg,motion_blur,9,26.849830949056095,,,True,True
585443c8-2621a6b1.jpg,motion_blur,9,23.42068104871215,,,True,True
5877b384-2545daf4.jpg,motion_blur,9,18.393532773351808,,,True,True
587bb1bf-1aa00fe5.jpg,motion_blur,9,20.861798684087113,,,True,True
5995c288-2d152172.jpg,motion_blur,9,20.181704262316018,,,True,False
59cde7c7-344bffb1.jpg,motion_blur,9,22.891618814599106,,,True,True
5a8f9b5d-1fdfd2d4.jpg,motion_blur,9,21.985778147126034,,,True,True
5ae83f9c-da990b49.jpg,motion_blur,9,19.13860686782664,,2.0,True,False
5b2b4881-67a6cb87.jpg,motion_blur,9,20.245435172486758,,,True,True
5b2fd56a-37759b05.jpg,motion_blur,9,24.306721449091985,,,True,True
5b4b0b07-2fb56b82.jpg,motion_blur,9,20.191228459523757,,,True,True
5bc44a50-c371c4d0.jpg,motion_blur,9,16.98604125422098,74.0,,False,True
5c4004b7-bf3b7941.jpg,motion_blur,9,23.394232518877512,,,True,True
5c534f5f-a76c7f4b.jpg,motion_blur,9,22.377310613437658,,,True,True
5c5dc708-35460444.jpg,motion_blur,9,20.248926504318252,,,True,True
5da6c6b6-76c54605.jpg,motion_blur,9,20.510274245699623,,,True,True
5dc5141c-5890b5b1.jpg,motion_blur,9,22.51106536219044,,,True,True
5dd831da-bd00cf03.jpg,motion_blur,9,19.918625088746765,,,True,True
5dfb063f-7bd23d5c.jpg,motion_blur,9,23.494837516959688,,,True,True
5e0b701e-d443d8c2.jpg,motion_blur,9,20.003060710821817,,,True,True
5e26f49d-0bc53c7e.jpg,motion_blur,9,25.98059859666051,,,True,True
5e26f49d-9271bf00.jpg,motion_blur,9,19.861832972821766,,,True,True
5e625ec3-7b4fc682.jpg,motion_blur,9,25.264294577963845,,,True,True
5f9387ff-330136ae.jpg,motion_blur,9,21.452831312216013,,,True,True
5fa17a25-88b8e6b9.jpg,motion_blur,9,23.90722590934995,,,True,True
5fa422e1-2d8dd765.jpg,motion_blur,9,19.643863818235868,,,True,True
5fb2a702-f56a339c.jpg,motion_blur,9,22.092054198737728,,,True,True
6011831b-0992e205.jpg,motion_blur,9,19.113118359817925,,,True,True
60137cc0-428b8f5b.jpg,motion_blur,9,20.450849663612196,,,True,True
604b5b3e-3c2e6b6b.jpg,motion_blur,9,18.635311469683337,,,True,True
6092f5a2-424550ba.jpg,motion_blur,9,22.56049818263361,,,True,True
60ba25dd-6c0df417.jpg,motion_blur,9,23.197615026752615,,,True,True
60c678e7-4813ae0f.jpg,motion_blur,9,17.07062631205808,,,True,True
614ecada-16b0f8b6.jpg,motion_blur,9,21.78007064549353,105.0,,False,True
61e4ad87-53ceb455.jpg,motion_blur,9,22.626488870809784,,,True,True
6240d7b3-b51b5788.jpg,motion_blur,9,20.5215689695917,,,True,True
62aefb36-b685117f.jpg,motion_blur,9,21.97616429509312,,,True,True
634c1785-3bb9a8a2.jpg,motion_blur,9,24.70891085044895,,,True,True
634c1785-aeb1652f.jpg,motion_blur,9,23.002862957874335,,,True,True
63f73472-028615f1.jpg,motion_blur,9,20.848620852528114,,,True,True
6485ad0a-245d1600.jpg,motion_blur,9,23.22576819486414,,,True,True
648dc925-e359dbec.jpg,motion_blur,9,24.882989226492672,,,True,True
65edc5a1-f309fed7.jpg,motion_blur,9,22.456985558026044,,,True,True
661381d9-1114a810.jpg,motion_blur,9,19.01517603715171,,,True,True
664cb246-f84cfaf4.jpg,motion_blur,9,16.616567280809672,,,True,True
675cf8fa-4b1ce8b9.jpg,motion_blur,9,19.206628509244005,,,True,True
67faeadf-eb09a636.jpg,motion_blur,9,21.259496151840224,,,True,True
691be377-5dbc29ee.jpg,motion_blur,9,24.9419171462825,,16.0,True,False
692f1303-05178963.jpg,motion_blur,9,21.416555799433038,,,True,True
692f9b08-bdbbd729.jpg,motion_blur,9,24.853739350569157,,2.0,True,False
69bfbe31-5ee2a642.jpg,motion_blur,9,19.37232203231282,,,True,True
69cf7667-68f59649.jpg,motion_blur,9,22.202662920712726,,49.0,True,False
69cf7667-7eb40860.jpg,motion_blur,9,20.814020255148385,,,True,True
6a44fb9a-05a3dd18.jpg,motion_blur,9,21.88501533055408,29.0,,False,True
6a793e80-4f5e207f.jpg,motion_blur,9,24.8634570801339,9.0,,False,True
6a82c0d6-b31f6b90.jpg,motion_blur,9,22.912371563225488,,,True,True
6a8d218d-14e4fa28.jpg,motion_blur,9,25.151090960974273,,,True,True
6ad110c3-789e7724.jpg,motion_blur,9,17.50340829605227,,,True,True
6b15392a-3a1699fd.jpg,motion_blur,9,20.01839085356345,,,True,True
6b784eee-0a5a2c89.jpg,motion_blur,9,20.041423990015698,,,True,True
6bb5a881-15e5c2c4.jpg,motion_blur,9,24.317913133417353,,,True,True
6bd41587-d65ba5b4.jpg,motion_blur,9,21.53898836744539,,,True,True
6d0d7bef-fb11b6e1.jpg,motion_blur,9,22.98215095700002,,,True,True
6d57736c-a35808b9.jpg,motion_blur,9,26.730460290898854,,80.0,True,False
6d8a6d94-00a7ad92.jpg,motion_blur,9,23.622930024354613,,,True,True
6eeed3fa-87a1b0c9.jpg,motion_blur,9,23.484868540910902,,,True,True
701992bd-8a457895.jpg,motion_blur,9,23.101749928134172,,,True,True
7171644d-4e74752e.jpg,motion_blur,9,20.148141753416176,,,True,True
7171644d-ee92c71e.jpg,motion_blur,9,21.84530877291326,,,True,True
72f22fa5-8af4615c.jpg,motion_blur,9,17.340295072975,,,True,True
72fd00fe-aeadfc89.jpg,motion_blur,9,25.802468551972172,,,True,True
730c67a5-563e9b1f.jpg,motion_blur,9,26.505629625730137,,,True,True
738a2bcd-7a6fde0d.jpg,motion_blur,9,24.461961372107368,,,True,True
73aff960-d46366ec.jpg,motion_blur,9,21.192526294155343,,,True,True
73d338d6-edf0b3db.jpg,motion_blur,9,23.47692744854188,,,True,True
75ad1fff-77299093.jpg,motion_blur,9,22.111527509673618,,,True,True
75f5f52c-6b67e736.jpg,motion_blur,9,12.851589953655488,,,True,True
777005a8-14c739ad.jpg,motion_blur,9,24.424402176508863,,,True,True
7771e03b-832e52c0.jpg,motion_blur,9,23.090235899514933,,,True,True
7771e03b-a8f9d50c.jpg,motion_blur,9,21.19178344833974,,,True,True
7797fea2-c37f9856.jpg,motion_blur,9,21.395411270668838,,,True,True
77bdbeb0-edb0613f.jpg,motion_blur,9,24.05534672352904,,17.0,True,False
77dca577-16a39ea0.jpg,motion_blur,9,19.654702201312364,,,True,True
77f810c4-43a39c1f.jpg,motion_blur,9,23.124074946645145,,,True,True
7814206e-8e991d51.jpg,motion_blur,9,23.4666185178958,,46.0,True,False
7814206e-ea2508d0.jpg,motion_blur,9,24.57242750828199,,31.0,True,False
79e177bc-4d5d3acc.jpg,motion_blur,9,19.00420518140287,,,True,True
7aa4ff0f-9d28d8a4.jpg,motion_blur,9,23.26488272154641,,,True,True
7ad1174c-373265eb.jpg,motion_blur,9,19.752659319734743,,,True,True
7b268b98-e0ec16c3.jpg,motion_blur,9,23.261529858418186,,,True,True
7c5a2048-332896ea.jpg,motion_blur,9,21.11759317609463,,,True,True
7c5d50c5-7292de37.jpg,motion_blur,9,22.171497904956645,,,True,True
7d1fe115-936a2f47.jpg,motion_blur,9,24.34009080730106,,,True,True
7dc2914d-a20a969a.jpg,motion_blur,9,25.28701601243057,,10.0,True,False
7e4ab78b-4a62c63e.jpg,motion_blur,9,21.609994202929336,,,True,True
7e590c49-93f03732.jpg,motion_blur,9,18.19847502412274,,,True,True
7ed57d0a-d7bcc13d.jpg,motion_blur,9,20.59985521392995,,,True,True
7f0ef682-c93899df.jpg,motion_blur,9,19.37944847628111,,,True,True
7f4ac354-777de900.jpg,motion_blur,9,18.712553252086558,,,True,True
7f9bdf0d-c0e0061f.jpg,motion_blur,9,16.81523912368565,,,True,True
7fd14da9-a855494b.jpg,motion_blur,9,25.17581390503181,,,True,True
801bff84-a72998c7.jpg,motion_blur,9,17.90643131562628,,,True,True
8073de38-f7eab6ec.jpg,motion_blur,9,21.15310078680833,,,True,True
8082ea05-1a7bcd47.jpg,motion_blur,9,20.386052934691147,,,True,True
80ecebc0-ca9605f4.jpg,motion_blur,9,28.641124006034858,,,True,True
81ec3b39-1951f79e.jpg,motion_blur,9,21.425700374439312,,,True,True
82b14c0c-79b99258.jpg,motion_blur,9,18.282522494873948,,,True,True
82b5fc3b-90cadd1b.jpg,motion_blur,9,17.206168257614014,,,True,True
82f03471-8e304dd5.jpg,motion_blur,9,19.621425614354443,,,True,True
836fa13a-d6058a12.jpg,motion_blur,9,25.757972831088306,,,True,True
84fb3f59-7d5d1fa4.jpg,motion_blur,9,19.699280522466083,,,True,True
8542b4da-7795bcfd.jpg,motion_blur,9,25.999229719613133,,,True,True
85f3f250-1fef85ac.jpg,motion_blur,9,19.06394564734815,,,True,True
87ca2979-d5158824.jpg,motion_blur,9,21.17006036715837,,,True,True
889b7dda-77f16103.jpg,motion_blur,9,18.96929253302446,,,True,True
88dbf01a-d8b35dee.jpg,motion_blur,9,23.603350862536068,,,True,True
897223bc-6938f1ab.jpg,motion_blur,9,21.875496579099636,,,True,True
89b7454d-880eacbd.jpg,motion_blur,9,18.137221378090132,,,True,True
89e85e71-7dd0a7b6.jpg,motion_blur,9,20.31504032037808,,29.0,True,False
8a4fbffe-47866ce9.jpg,motion_blur,9,19.77098452344261,,,True,True
8a76c101-8bcefc32.jpg,motion_blur,9,22.585573674357256,,,True,True
8b7ef6c4-6bbcf25f.jpg,motion_blur,9,20.079396828294055,,,True,True
8bac644e-e0437ead.jpg,motion_blur,9,23.437915215061558,,,False,True
8c94c649-8ba62efa.jpg,motion_blur,9,21.230466623318254,,,True,True
8c9bbaa9-34934b66.jpg,motion_blur,9,22.878329474961223,,,True,True
0049e5b8-725e21a0.jpg,low_light,1,9.897121997564378,17.0,0.0,False,False
0081e27b-17bf4a9e.jpg,low_light,1,9.929260081360095,,,True,True
00beeb02-50440dcd.jpg,low_light,1,9.733963371798605,37.0,0.0,False,False
00d4b6b7-7d0a60bf.jpg,low_light,1,10.157787817047685,227.0,230.0,False,False
01118704-2d838d7f.jpg,low_light,1,10.178144384347158,13.0,9.0,False,False
0115917e-14907a6a.jpg,low_light,1,9.41759814589503,87.0,1.0,False,False
02188a44-65ad27f3.jpg,low_light,1,8.842390105580767,6.0,2.0,False,False
02494b7b-079febf8.jpg,low_light,1,9.77076809041045,47.0,4.0,False,False
029ffd50-dc944dba.jpg,low_light,1,9.479153845124843,14.0,25.0,False,False
0464a98b-860229d5.jpg,low_light,1,10.247155410851592,69.0,14.0,False,False
051aadb7-51aad566.jpg,low_light,1,10.161373670362032,32.0,72.0,False,False
051aadb7-e953bc4d.jpg,low_light,1,9.621059295930927,7.0,7.0,False,False
05743a9b-747658e7.jpg,low_light,1,10.47631437672242,22.0,46.0,False,False
057af272-6f700aef.jpg,low_light,1,9.90361566737172,34.0,14.0,False,False
05d62296-30c620d5.jpg,low_light,1,9.974274543268224,139.0,1.0,False,False
05e5a68e-f0e05a42.jpg,low_light,1,9.689382812155154,,,True,True
05fa6494-8f436d04.jpg,low_light,1,9.214389756428943,4.0,17.0,False,False
060039d9-5218402b.jpg,low_light,1,9.764382773673416,21.0,11.0,False,False
064aa0d6-f75ff4d5.jpg,low_light,1,9.776085219065923,96.0,28.0,False,False
07de5062-ddddcbd7.jpg,low_light,1,10.842727826990888,94.0,36.0,False,False
088351d1-30833ddc.jpg,low_light,1,9.977247494931937,42.0,185.0,False,False
08a49c01-675d3899.jpg,low_light,1,9.915652485415896,11.0,28.0,False,False
08d4285a-4a25b9b6.jpg,low_light,1,9.159659535621776,137.0,17.0,False,False
09ac21d6-eefa8ed0.jpg,low_light,1,8.037731052898136,3.0,21.0,False,False
0a0a0b1a-7c39d841.jpg,low_light,1,10.279960787235483,13.0,3.0,False,False
0af6039a-f3c91319.jpg,low_light,1,9.711114214998291,21.0,42.0,False,False
0b2f5d0d-8fddc1fc.jpg,low_light,1,9.597994874802216,11.0,13.0,False,False
0b4225f9-bfb10f88.jpg,low_light,1,10.033430546276376,126.0,27.0,False,False
0ba08fe3-880ae118.jpg,low_light,1,9.31335948465417,3.0,80.0,False,False
0c2f33b9-f94d69b5.jpg,low_light,1,9.6936622224286,37.0,2.0,False,False
0c984e6d-2b5d7ee4.jpg,low_light,1,9.607907390687679,73.0,44.0,False,False
0cb67a01-7cf1687e.jpg,low_light,1,10.463381479055512,3.0,28.0,False,False
0cc6f3e8-b4c9e348.jpg,low_light,1,9.465809912271773,5.0,12.0,False,False
0cf398b3-ce65ab64.jpg,low_light,1,6.303218440978105,8.0,26.0,False,False
0d3ec56a-f4cead6f.jpg,low_light,1,9.721147418599772,18.0,149.0,False,False
0d61234a-542010b2.jpg,low_light,1,7.362069815525163,44.0,39.0,False,False
0e442b65-b17e0b50.jpg,low_light,1,10.452878944619625,26.0,56.0,False,False
0e5c7e92-0d9c60f0.jpg,low_light,1,9.30388904310722,115.0,22.0,False,False
0f837def-9646c091.jpg,low_light,1,10.133504156415329,18.0,1.0,False,False
0fba84f9-73b520ee.jpg,low_light,1,9.882620429698479,28.0,,False,True
101a0964-930eae70.jpg,low_light,1,8.43767773201084,0.0,8.0,False,False
10389fe8-433c740c.jpg,low_light,1,8.66905112229196,94.0,64.0,False,False
10453a95-40759ac3.jpg,low_light,1,9.677332352991098,34.0,28.0,False,False
1072195f-0a161ade.jpg,low_light,1,9.668139489581991,8.0,27.0,False,False
1072195f-6cf88b25.jpg,low_light,1,9.9836047241438,172.0,30.0,False,False
11513e3d-150058c3.jpg,low_light,1,10.276148534373746,3.0,45.0,False,False
1189ae68-1a8ad3c6.jpg,low_light,1,10.053758453762969,16.0,1.0,False,False
12076ebb-c07285d7.jpg,low_light,1,9.640297249782897,40.0,18.0,False,False
125134e5-7dfc45b9.jpg,low_light,1,9.79872475673728,29.0,19.0,False,False
12ae9ab8-794f5adc.jpg,low_light,1,9.553345224621712,28.0,13.0,False,False
13f61134-50021e53.jpg,low_light,1,10.5022392275085,109.0,,False,True
14eace5a-ddf3b303.jpg,low_light,1,10.00847142197938,10.0,71.0,False,False
1608cfe7-32da2c5d.jpg,low_light,1,9.125395364543953,18.0,37.0,False,False
162995f1-d2c7d259.jpg,low_light,1,10.28707271864304,2.0,8.0,False,False
16b0973f-c07b564a.jpg,low_light,1,8.802431581745102,101.0,9.0,False,False
1784d67b-6b223914.jpg,low_light,1,9.978198127723799,7.0,1.0,False,False
1784d67b-d76145ce.jpg,low_light,1,10.235054915413206,51.0,2.0,False,False
188c58f3-792afc71.jpg,low_light,1,8.583329146836377,217.0,127.0,False,False
193f7f3b-84bc7998.jpg,low_light,1,9.92697292510923,7.0,24.0,False,False
194058b0-ac0616a6.jpg,low_light,1,9.667435921528913,2.0,373.0,False,False
19e56249-09c4bbc6.jpg,low_light,1,10.330033023581283,28.0,80.0,False,False
1a71faae-d5f255fd.jpg,low_light,1,10.329933553771514,42.0,6.0,False,False
1a8992a7-da5a8510.jpg,low_light,1,9.955777510149483,46.0,18.0,False,False
1ac0178c-0b259360.jpg,low_light,1,10.638143075005706,123.0,60.0,False,False
1b30f76f-95aa8a06.jpg,low_light,1,10.184219623552961,5.0,205.0,False,False
1bda5a26-420ceea6.jpg,low_light,1,9.838821794491867,20.0,23.0,False,False
1bf7f3d2-15f95138.jpg,low_light,1,9.958173014861176,22.0,95.0,False,False
1c227a12-10e5552c.jpg,low_light,1,10.390334511172805,156.0,8.0,False,False
1c227a12-ec67af93.jpg,low_light,1,10.210371189625407,38.0,,False,True
1c5e9657-2e2a2863.jpg,low_light,1,9.074533104556181,23.0,23.0,False,False
1cb2a89b-4594573e.jpg,low_light,1,10.371711652925551,23.0,236.0,False,False
1cf54809-c6daa5a9.jpg,low_light,1,8.979387622731377,169.0,,False,True
1d5e05f8-5020f67d.jpg,low_light,1,10.384804347554585,7.0,5.0,False,False
1e57ae90-806bc767.jpg,low_light,1,10.795807597088494,,69.0,True,False
1f959fdd-6ff63d34.jpg,low_light,1,9.956837117070052,19.0,5.0,False,False
1fa65acf-d43367bc.jpg,low_light,1,8.926920431906382,173.0,9.0,False,False
20cfadfa-47711496.jpg,low_light,1,9.660329692808867,21.0,50.0,False,False
20cfadfa-6f87fdc1.jpg,low_light,1,10.03228394180594,1.0,1.0,False,False
225a1858-0e3a4b04.jpg,low_light,1,9.655910703276449,63.0,230.0,False,False
22be2f14-59fbdca0.jpg,low_light,1,10.007971467742474,51.0,7.0,False,False
23333f35-0cbc3f0f.jpg,low_light,1,10.287649882610655,70.0,21.0,False,False
23df146f-64b50e4c.jpg,low_light,1,10.628222777587448,6.0,16.0,False,False
24392d7c-998011c2.jpg,low_light,1,10.101312511046919,15.0,200.0,False,False
250e7595-b14da270.jpg,low_light,1,9.857663614390194,3.0,52.0,False,False
26190b83-39ccb412.jpg,low_light,1,9.675353053115202,73.0,7.0,False,False
272d52f6-8aac36b3.jpg,low_light,1,8.529894659211676,50.0,88.0,False,False
2752681a-e813599a.jpg,low_light,1,10.091076635729268,37.0,31.0,False,False
27645526-f038b033.jpg,low_light,1,8.459047773569933,8.0,382.0,False,False
2773af6f-23e23a6b.jpg,low_light,1,9.051795509238111,6.0,4.0,False,False
28faf684-03ef4c6e.jpg,low_light,1,10.617395055467751,8.0,1.0,False,False
292720ee-d847ee69.jpg,low_light,1,10.949603820500789,16.0,10.0,False,False
2b54fe2d-c5b810e6.jpg,low_light,1,8.85412711223061,26.0,0.0,False,False
2b605c48-8dfe352b.jpg,low_light,1,9.469388463624464,20.0,82.0,False,False
2beccce2-354608e2.jpg,low_light,1,9.480902802929302,35.0,295.0,False,False
2c87e51d-aa7a8031.jpg,low_light,1,10.236073423656169,12.0,99.0,False,False
2ce0b449-e818dc97.jpg,low_light,1,10.251126120137082,37.0,39.0,False,False
2cf976a2-479cd46b.jpg,low_light,1,9.547792582545922,30.0,2.0,False,False
2e2fae77-b7497ca0.jpg,low_light,1,9.221274043809064,14.0,7.0,False,False
2ead8042-2493c03f.jpg,low_light,1,8.983528943423224,0.0,8.0,False,False
2f1864c1-1a17d11c.jpg,low_light,1,8.417630612472943,2.0,9.0,False,False
2f879dc0-b09e4824.jpg,low_light,1,10.225058296806345,15.0,20.0,False,False
2fc9ad1e-ee4c9e43.jpg,low_light,1,10.055806593245658,4.0,91.0,False,False
3050b249-0ffbd6ec.jpg,low_light,1,9.980256316929426,20.0,128.0,False,False
314cc010-3eab5c90.jpg,low_light,1,9.672392766192406,43.0,19.0,False,False
31765c6b-90b0d612.jpg,low_light,1,9.538974701300388,3.0,5.0,False,False
31cf6eba-5c84c636.jpg,low_light,1,9.31524884559029,30.0,23.0,False,False
32de2244-122f1783.jpg,low_light,1,10.952456924367668,5.0,7.0,False,False
33420085-32996107.jpg,low_light,1,11.128866998105725,12.0,3.0,False,False
3430a5e6-00ec38d2.jpg,low_light,1,6.8033156000069805,70.0,27.0,False,False
35eb46d0-8f7e28a0.jpg,low_light,1,10.677546345781018,102.0,91.0,False,False
3735fc3d-69d8b80c.jpg,low_light,1,10.136553890966123,23.0,4.0,False,False
3740cd4f-ff1d423d.jpg,low_light,1,8.185390802331046,4.0,25.0,False,False
375abba2-9f2ed56c.jpg,low_light,1,9.752877239247379,11.0,58.0,False,False
37723e55-31730cf5.jpg,low_light,1,8.500597269795577,229.0,33.0,False,False
380a3f8e-ba4f0def.jpg,low_light,1,11.165489500637257,32.0,3.0,False,False
385b0f61-1aee12ef.jpg,low_light,1,9.146033209333687,42.0,176.0,False,False
3865fea7-b4fe472d.jpg,low_light,1,9.471558278465647,41.0,12.0,False,False
38e561dd-8ea8ae2d.jpg,low_light,1,9.681299693857014,34.0,21.0,False,False
38ed8d8d-93c48de2.jpg,low_light,1,10.15092621865405,13.0,6.0,False,False
38ed8d8d-b1c230ef.jpg,low_light,1,9.678575110306888,36.0,226.0,False,False
38ed8d8d-fa50400c.jpg,low_light,1,9.4381064508345,1.0,23.0,False,False
3900ad8c-8834019f.jpg,low_light,1,9.363219594193243,,49.0,False,False
39ddb110-04604b9c.jpg,low_light,1,9.403031029282904,18.0,6.0,False,False
39fc6d1c-6155351d.jpg,low_light,1,9.776709156252116,,268.0,False,False
3a278d39-b92df256.jpg,low_light,1,9.944876229932284,2.0,8.0,False,False
3a3407a2-df8ea956.jpg,low_light,1,9.830198640900603,0.0,7.0,False,False
3ad0c4a7-2a3d544e.jpg,low_light,1,9.218047760522223,2.0,19.0,False,False
3b1e1bc1-ee64e36e.jpg,low_light,1,9.381297820468074,,19.0,True,False
3b44ef5a-c09e8479.jpg,low_light,1,9.470479572670206,92.0,81.0,False,False
3b563c5e-0102edaf.jpg,low_light,1,9.276042318163732,29.0,27.0,False,False
3b9716a6-d2566395.jpg,low_light,1,10.310081543272858,43.0,81.0,False,False
3c0bbdc2-79baffce.jpg,low_light,1,10.222571600478458,2.0,3.0,False,False
3c5752b6-9c0bdf98.jpg,low_light,1,9.95348666859198,90.0,80.0,False,False
3c95ae26-68abac3f.jpg,low_light,1,9.310722738696336,23.0,54.0,False,False
3e0f1745-a95a63ad.jpg,low_light,1,9.294964651510067,1.0,31.0,False,False
3f4eb6a6-9eee52f9.jpg,low_light,1,9.551636775526266,99.0,191.0,False,False
3f85a987-1ef4053b.jpg,low_light,1,9.861659289810323,274.0,263.0,False,False
3fe1feaa-10126fec.jpg,low_light,1,9.76027788754534,,18.0,True,False
3ffdaa26-b394f6f8.jpg,low_light,1,8.790446935987536,,4.0,False,False
4027c10d-41d54e9b.jpg,low_light,1,8.881522087997443,146.0,29.0,False,False
428e99ea-4166e549.jpg,low_light,1,10.37926930229122,15.0,3.0,False,False
42e0dd11-74b81997.jpg,low_light,1,11.199812881027828,1.0,15.0,False,False
430395d1-931c959e.jpg,low_light,1,10.0162877055128,34.0,,False,False
43126e0d-495d04a5.jpg,low_light,1,10.194827423210462,8.0,19.0,False,False
43126e0d-cce96832.jpg,low_light,1,9.688145586602735,30.0,29.0,False,False
432f9e20-83a0d96c.jpg,low_light,1,9.617695410907562,16.0,16.0,False,False
43c7ed5c-b0690325.jpg,low_light,1,9.921816884226581,2.0,26.0,False,False
44cc16d9-d2e06fd6.jpg,low_light,1,9.06854066136771,21.0,48.0,False,False
45bafa98-1ee18a2f.jpg,low_light,1,9.122580192137647,28.0,19.0,False,False
46d048a1-8f7f385c.jpg,low_light,1,9.406417709705513,28.0,2.0,False,False
46f76df9-8bf77914.jpg,low_light,1,9.830687672382506,16.0,1.0,False,False
480263a0-5aad7ae9.jpg,low_light,1,9.24724245168917,,40.0,True,False
488480d6-b94cf415.jpg,low_light,1,9.282377310164819,5.0,5.0,False,False
48ed707e-5062e4c3.jpg,low_light,1,9.858008195496987,9.0,1.0,False,False
4a289ff2-7da7feb6.jpg,low_light,1,9.85715254059037,5.0,266.0,False,False
4a31f3e3-ac7ed780.jpg,low_light,1,9.675037397131213,4.0,214.0,False,False
4b2e1dde-65b54419.jpg,low_light,1,8.828481436839764,21.0,20.0,False,False
4d4a590b-4332c5ab.jpg,low_light,1,10.730655411205287,12.0,2.0,False,False
5069db50-52f5af30.jpg,low_light,1,10.95393361089701,26.0,22.0,False,False
50866f46-30d1f303.jpg,low_light,1,9.983173299081566,9.0,13.0,False,False
50b115d6-4b08a666.jpg,low_light,1,10.018924505867838,192.0,10.0,False,False
50b2e757-6c7d0f63.jpg,low_light,1,10.04111252330179,30.0,21.0,False,False
50d0fd05-8db58ebd.jpg,low_light,1,9.964892964903138,1.0,42.0,False,False
510671e9-603795e0.jpg,low_light,1,9.452218541386232,107.0,59.0,False,False
514a6d58-0790e0cd.jpg,low_light,1,10.17450473432947,6.0,1.0,False,False
5150bb50-300d52ce.jpg,low_light,1,10.19972608531208,27.0,18.0,False,False
52799e9e-8c8673f3.jpg,low_light,1,10.16406450519068,4.0,33.0,False,False
52bda346-fd8ac6e7.jpg,low_light,1,9.308596717735556,3.0,172.0,False,False
534418ba-ee05398f.jpg,low_light,1,9.378384867394832,1.0,408.0,False,False
54360b72-e00a3f70.jpg,low_light,1,9.916868680761562,243.0,10.0,False,False
554d7cd5-a32486dd.jpg,low_light,1,10.697967247919227,10.0,5.0,False,False
559fed19-7893646f.jpg,low_light,1,9.554071425371786,17.0,72.0,False,False
57165857-e4d4a47f.jpg,low_light,1,9.87019009039361,23.0,2.0,False,False
5795bfe7-a599384a.jpg,low_light,1,9.20095752003071,34.0,6.0,False,False
57ac74e2-e86131f1.jpg,low_light,1,9.860043540997522,478.0,122.0,False,False
57b495f2-6da6b1e5.jpg,low_light,1,10.789059525798594,22.0,62.0,False,False
585443c8-2621a6b1.jpg,low_light,1,10.162250396779056,2.0,70.0,False,False
5877b384-2545daf4.jpg,low_light,1,9.35355837487397,4.0,1.0,False,False
587bb1bf-1aa00fe5.jpg,low_light,1,9.899627507900314,63.0,64.0,False,False
5995c288-2d152172.jpg,low_light,1,9.690808502552056,1.0,,False,False
59cde7c7-344bffb1.jpg,low_light,1,10.005495340672523,8.0,54.0,False,False
5a8f9b5d-1fdfd2d4.jpg,low_light,1,10.23718692971464,259.0,4.0,False,False
5ae83f9c-da990b49.jpg,low_light,1,9.74515592115114,21.0,85.0,False,False
5b2b4881-67a6cb87.jpg,low_light,1,9.28036461561458,23.0,7.0,False,False
5b2fd56a-37759b05.jpg,low_light,1,10.253026278715435,71.0,58.0,False,False
5b4b0b07-2fb56b82.jpg,low_light,1,9.671919090813226,,107.0,True,False
5bc44a50-c371c4d0.jpg,low_light,1,9.372920791806422,62.0,,False,True
5c4004b7-bf3b7941.jpg,low_light,1,9.738937877654815,1.0,17.0,False,False
5c534f5f-a76c7f4b.jpg,low_light,1,9.794079231810926,7.0,16.0,False,False
5c5dc708-35460444.jpg,low_light,1,9.192874789342051,33.0,276.0,False,False
5da6c6b6-76c54605.jpg,low_light,1,9.472467791549406,9.0,35.0,False,False
5dc5141c-5890b5b1.jpg,low_light,1,9.846988263509015,8.0,1.0,False,False
5dd831da-bd00cf03.jpg,low_light,1,9.659135253907587,,42.0,True,False
5dfb063f-7bd23d5c.jpg,low_light,1,10.50552190243601,36.0,5.0,False,False
5e0b701e-d443d8c2.jpg,low_light,1,9.795432060409414,143.0,55.0,False,False
5e26f49d-0bc53c7e.jpg,low_light,1,10.860918157706774,11.0,23.0,False,False
5e26f49d-9271bf00.jpg,low_light,1,9.2665165374308,22.0,3.0,False,False
5e625ec3-7b4fc682.jpg,low_light,1,9.861745145724582,16.0,15.0,False,False
5f9387ff-330136ae.jpg,low_light,1,9.345715480027474,81.0,8.0,False,False
5fa17a25-88b8e6b9.jpg,low_light,1,9.766964079811721,14.0,11.0,False,False
5fa422e1-2d8dd765.jpg,low_light,1,8.486493930766779,54.0,29.0,False,False
5fb2a702-f56a339c.jpg,low_light,1,9.729329378787128,19.0,192.0,False,False
6011831b-0992e205.jpg,low_light,1,9.55947979521534,37.0,50.0,False,False
60137cc0-428b8f5b.jpg,low_light,1,9.917820487699835,1.0,144.0,False,False
604b5b3e-3c2e6b6b.jpg,low_light,1,10.038078848776637,42.0,7.0,False,False
6092f5a2-424550ba.jpg,low_light,1,10.202599752006085,45.0,8.0,False,False
60ba25dd-6c0df417.jpg,low_light,1,9.425764758354102,55.0,2.0,False,False
60c678e7-4813ae0f.jpg,low_light,1,9.229373936572664,21.0,292.0,False,False
614ecada-16b0f8b6.jpg,low_light,1,9.603556838368142,32.0,12.0,False,False
61e4ad87-53ceb455.jpg,low_light,1,9.707774841831858,16.0,93.0,False,False
6240d7b3-b51b5788.jpg,low_light,1,10.02003864310699,10.0,11.0,False,False
62aefb36-b685117f.jpg,low_light,1,9.543272945540348,13.0,3.0,False,False
634c1785-3bb9a8a2.jpg,low_light,1,9.491298655526034,0.0,42.0,False,False
634c1785-aeb1652f.jpg,low_light,1,9.331682832216831,102.0,31.0,False,False
63f73472-028615f1.jpg,low_light,1,9.508895242732784,13.0,17.0,False,False
6485ad0a-245d1600.jpg,low_light,1,10.30617575455546,9.0,14.0,False,False
648dc925-e359dbec.jpg,low_light,1,10.880915981666305,4.0,16.0,False,False
65edc5a1-f309fed7.jpg,low_light,1,9.75443231500794,19.0,13.0,False,False
661381d9-1114a810.jpg,low_light,1,9.091258467685394,3.0,84.0,False,False
664cb246-f84cfaf4.jpg,low_light,1,10.004200358936284,21.0,12.0,False,False
675cf8fa-4b1ce8b9.jpg,low_light,1,9.090811904664182,43.0,68.0,False,False
67faeadf-eb09a636.jpg,low_light,1,9.441459611566836,2.0,17.0,False,False
691be377-5dbc29ee.jpg,low_light,1,10.51778136423419,6.0,5.0,False,False
692f1303-05178963.jpg,low_light,1,10.113812980021121,46.0,,False,True
692f9b08-bdbbd729.jpg,low_light,1,10.214802795049444,3.0,11.0,False,False
69bfbe31-5ee2a642.jpg,low_light,1,9.64947536436181,44.0,3.0,False,False
69cf7667-68f59649.jpg,low_light,1,10.170918770213742,38.0,2.0,False,False
69cf7667-7eb40860.jpg,low_light,1,9.52831702050472,14.0,5.0,False,False
6a44fb9a-05a3dd18.jpg,low_light,1,9.946741146564692,18.0,29.0,False,False
6a793e80-4f5e207f.jpg,low_light,1,10.894779246158265,17.0,80.0,False,False
6a82c0d6-b31f6b90.jpg,low_light,1,9.933495108569067,26.0,277.0,False,False
6a8d218d-14e4fa28.jpg,low_light,1,10.681606141813866,5.0,32.0,False,False
6ad110c3-789e7724.jpg,low_light,1,9.264946829442689,23.0,11.0,False,False
6b15392a-3a1699fd.jpg,low_light,1,8.73647207484236,33.0,34.0,False,False
6b784eee-0a5a2c89.jpg,low_light,1,10.086005783277027,17.0,118.0,False,False
6bb5a881-15e5c2c4.jpg,low_light,1,11.340723025383006,26.0,1.0,False,False
6bd41587-d65ba5b4.jpg,low_light,1,9.78996512865596,13.0,13.0,False,False
6d0d7bef-fb11b6e1.jpg,low_light,1,10.252451743802764,4.0,20.0,False,False
6d57736c-a35808b9.jpg,low_light,1,11.128413055627552,8.0,71.0,False,False
6d8a6d94-00a7ad92.jpg,low_light,1,10.003097080864361,39.0,42.0,False,False
6eeed3fa-87a1b0c9.jpg,low_light,1,9.535649840405307,2.0,51.0,False,False
701992bd-8a457895.jpg,low_light,1,10.180002129126082,12.0,3.0,False,False
7171644d-4e74752e.jpg,low_light,1,9.881976740845811,19.0,17.0,False,False
7171644d-ee92c71e.jpg,low_light,1,9.87447161077641,31.0,45.0,False,False
72f22fa5-8af4615c.jpg,low_light,1,10.461855246171492,30.0,27.0,False,False
72fd00fe-aeadfc89.jpg,low_light,1,11.42960976902926,110.0,11.0,False,False
730c67a5-563e9b1f.jpg,low_light,1,11.561585410588213,17.0,55.0,False,False
738a2bcd-7a6fde0d.jpg,low_light,1,10.414371852492392,1.0,44.0,False,False
73aff960-d46366ec.jpg,low_light,1,9.576742069762501,54.0,9.0,False,False
73d338d6-edf0b3db.jpg,low_light,1,10.644546739689984,22.0,4.0,False,False
75ad1fff-77299093.jpg,low_light,1,9.530746910668398,38.0,6.0,False,False
75f5f52c-6b67e736.jpg,low_light,1,5.745687535252855,6.0,15.0,False,False
777005a8-14c739ad.jpg,low_light,1,10.246842030194074,22.0,88.0,False,False
7771e03b-832e52c0.jpg,low_light,1,10.560400784825028,125.0,1.0,False,False
7771e03b-a8f9d50c.jpg,low_light,1,9.824508155923986,139.0,31.0,False,False
7797fea2-c37f9856.jpg,low_light,1,9.780462284475854,18.0,10.0,False,False
77bdbeb0-edb0613f.jpg,low_light,1,9.450387201624991,2.0,8.0,False,False
77dca577-16a39ea0.jpg,low_light,1,9.87990687879742,46.0,21.0,False,False
77f810c4-43a39c1f.jpg,low_light,1,9.540565788769815,27.0,227.0,False,False
7814206e-8e991d51.jpg,low_light,1,10.163710663126558,15.0,8.0,False,False
7814206e-ea2508d0.jpg,low_light,1,10.081235438078673,22.0,107.0,False,False
79e177bc-4d5d3acc.jpg,low_light,1,9.438005915843243,5.0,1.0,False,False
7aa4ff0f-9d28d8a4.jpg,low_light,1,10.953645233081089,65.0,324.0,False,False
7ad1174c-373265eb.jpg,low_light,1,9.39758765665065,,,True,True
7b268b98-e0ec16c3.jpg,low_light,1,10.73027603365896,10.0,0.0,False,False
7c5a2048-332896ea.jpg,low_light,1,10.152239145812223,218.0,166.0,False,False
7c5d50c5-7292de37.jpg,low_light,1,9.56720989843013,135.0,2.0,False,False
7d1fe115-936a2f47.jpg,low_light,1,10.180454349667896,22.0,10.0,False,False
7dc2914d-a20a969a.jpg,low_light,1,10.349601733878629,0.0,18.0,False,False
7e4ab78b-4a62c63e.jpg,low_light,1,10.037730444589574,18.0,106.0,False,False
7e590c49-93f03732.jpg,low_light,1,9.158849172766953,219.0,2.0,False,False
7ed57d0a-d7bcc13d.jpg,low_light,1,9.789831357568701,5.0,19.0,False,False
7f0ef682-c93899df.jpg,low_light,1,9.204545541168763,7.0,169.0,False,False
7f4ac354-777de900.jpg,low_light,1,8.814869208110993,27.0,25.0,False,False
7f9bdf0d-c0e0061f.jpg,low_light,1,8.743438914884555,0.0,178.0,False,False
7fd14da9-a855494b.jpg,low_light,1,10.723410216257136,21.0,150.0,False,False
801bff84-a72998c7.jpg,low_light,1,10.002210724562268,2.0,321.0,False,False
8073de38-f7eab6ec.jpg,low_light,1,9.97814542588233,14.0,16.0,False,False
8082ea05-1a7bcd47.jpg,low_light,1,9.651853628802723,59.0,44.0,False,False
80ecebc0-ca9605f4.jpg,low_light,1,9.805338856380821,354.0,370.0,False,False
81ec3b39-1951f79e.jpg,low_light,1,9.90830532121125,54.0,10.0,False,False
82b14c0c-79b99258.jpg,low_light,1,9.760088231190133,34.0,24.0,False,False
82b5fc3b-90cadd1b.jpg,low_light,1,8.616071186559372,37.0,37.0,False,False
82f03471-8e304dd5.jpg,low_light,1,10.024426830779714,45.0,307.0,False,False
836fa13a-d6058a12.jpg,low_light,1,10.880818814928805,29.0,9.0,False,False
84fb3f59-7d5d1fa4.jpg,low_light,1,8.906263423939292,22.0,69.0,False,False
8542b4da-7795bcfd.jpg,low_light,1,10.974511217021842,91.0,23.0,False,False
85f3f250-1fef85ac.jpg,low_light,1,9.626672067909851,6.0,37.0,False,False
87ca2979-d5158824.jpg,low_light,1,10.39701282523285,37.0,3.0,False,False
889b7dda-77f16103.jpg,low_light,1,8.849803885823778,29.0,3.0,False,False
88dbf01a-d8b35dee.jpg,low_light,1,9.29185543599625,0.0,355.0,False,False
897223bc-6938f1ab.jpg,low_light,1,9.343333296975278,86.0,31.0,False,False
89b7454d-880eacbd.jpg,low_light,1,9.887815054698363,33.0,2.0,False,False
89e85e71-7dd0a7b6.jpg,low_light,1,8.909391127820566,163.0,236.0,False,False
8a4fbffe-47866ce9.jpg,low_light,1,9.552633694780635,37.0,6.0,False,False
8a76c101-8bcefc32.jpg,low_light,1,10.628393531848094,,132.0,True,False
8b7ef6c4-6bbcf25f.jpg,low_light,1,9.417938018064978,33.0,156.0,False,False
8bac644e-e0437ead.jpg,low_light,1,9.9026746324584,,58.0,False,False
8c94c649-8ba62efa.jpg,low_light,1,9.66659299644524,105.0,26.0,False,False
8c9bbaa9-34934b66.jpg,low_light,1,9.318742343955865,15.0,34.0,False,False
0049e5b8-725e21a0.jpg,low_light,2,7.479390963153997,15.0,5.0,False,False
0081e27b-17bf4a9e.jpg,low_light,2,7.495796443172845,,,True,True
00beeb02-50440dcd.jpg,low_light,2,7.4339198388882135,40.0,16.0,False,False
00d4b6b7-7d0a60bf.jpg,low_light,2,7.58553187063624,194.0,8.0,False,False
01118704-2d838d7f.jpg,low_light,2,7.628651432385979,37.0,1.0,False,False
0115917e-14907a6a.jpg,low_light,2,7.166375993414599,13.0,29.0,False,False
02188a44-65ad27f3.jpg,low_light,2,6.765116962179308,12.0,12.0,False,False
02494b7b-079febf8.jpg,low_light,2,7.487512932597637,12.0,13.0,False,False
029ffd50-dc944dba.jpg,low_light,2,7.246326200828646,22.0,115.0,False,False
0464a98b-860229d5.jpg,low_light,2,7.7356494620807,45.0,20.0,False,False
051aadb7-51aad566.jpg,low_light,2,7.620538606658061,30.0,100.0,False,False
051aadb7-e953bc4d.jpg,low_light,2,7.3451264968949275,2.0,14.0,False,False
05743a9b-747658e7.jpg,low_light,2,7.7918799366148095,25.0,5.0,False,False
057af272-6f700aef.jpg,low_light,2,7.495568523632748,3.0,22.0,False,False
05d62296-30c620d5.jpg,low_light,2,7.5438153087169555,98.0,5.0,False,False
05e5a68e-f0e05a42.jpg,low_light,2,7.301887179131615,,,True,True
05fa6494-8f436d04.jpg,low_light,2,7.015444817427843,30.0,11.0,False,False
060039d9-5218402b.jpg,low_light,2,7.3973117832614275,29.0,10.0,False,False
064aa0d6-f75ff4d5.jpg,low_light,2,7.389511522462163,47.0,90.0,False,False
07de5062-ddddcbd7.jpg,low_light,2,8.049780729069528,94.0,11.0,False,False
088351d1-30833ddc.jpg,low_light,2,7.592735860770711,32.0,402.0,False,False
08a49c01-675d3899.jpg,low_light,2,7.474818278286259,3.0,14.0,False,False
08d4285a-4a25b9b6.jpg,low_light,2,7.051040457188057,17.0,22.0,False,False
09ac21d6-eefa8ed0.jpg,low_light,2,6.24842207475781,1.0,2.0,False,False
0a0a0b1a-7c39d841.jpg,low_light,2,7.743626798831307,15.0,11.0,False,False
0af6039a-f3c91319.jpg,low_light,2,7.355243803816835,5.0,40.0,False,False
0b2f5d0d-8fddc1fc.jpg,low_light,2,7.3185099798266915,12.0,18.0,False,False
0b4225f9-bfb10f88.jpg,low_light,2,7.553821396405905,128.0,8.0,False,False
0ba08fe3-880ae118.jpg,low_light,2,7.082776918831737,90.0,33.0,False,False
0c2f33b9-f94d69b5.jpg,low_light,2,7.34104004595269,4.0,20.0,False,False
0c984e6d-2b5d7ee4.jpg,low_light,2,7.264005689936357,72.0,24.0,False,False
0cb67a01-7cf1687e.jpg,low_light,2,7.777812923596132,7.0,15.0,False,False
0cc6f3e8-b4c9e348.jpg,low_light,2,7.17839207547145,15.0,40.0,False,False
0cf398b3-ce65ab64.jpg,low_light,2,5.106551956894812,8.0,29.0,False,False
0d3ec56a-f4cead6f.jpg,low_light,2,7.344728081654814,7.0,128.0,False,False
0d61234a-542010b2.jpg,low_light,2,5.694686719536889,41.0,33.0,False,False
0e442b65-b17e0b50.jpg,low_light,2,7.827184314822424,0.0,56.0,False,False
0e5c7e92-0d9c60f0.jpg,low_light,2,7.103862274587992,12.0,3.0,False,False
0f837def-9646c091.jpg,low_light,2,7.6036900214446,7.0,2.0,False,False
0fba84f9-73b520ee.jpg,low_light,2,7.461548334319873,45.0,,False,True
101a0964-930eae70.jpg,low_light,2,6.4897485547143425,5.0,1.0,False,False
10389fe8-433c740c.jpg,low_light,2,6.6256207383780215,50.0,63.0,False,False
10453a95-40759ac3.jpg,low_light,2,7.3130318792528195,18.0,6.0,False,False
1072195f-0a161ade.jpg,low_light,2,7.319186949123846,132.0,27.0,False,False
1072195f-6cf88b25.jpg,low_light,2,7.52450272670853,11.0,11.0,False,False
11513e3d-150058c3.jpg,low_light,2,7.732840430391519,1.0,18.0,False,False
1189ae68-1a8ad3c6.jpg,low_light,2,7.527279824698793,17.0,16.0,False,False
12076ebb-c07285d7.jpg,low_light,2,7.358852660583375,22.0,18.0,False,False
125134e5-7dfc45b9.jpg,low_light,2,7.382689616132917,15.0,19.0,False,False
12ae9ab8-794f5adc.jpg,low_light,2,7.229461241017464,30.0,6.0,False,False
13f61134-50021e53.jpg,low_light,2,7.815194171313266,132.0,,False,True
14eace5a-ddf3b303.jpg,low_light,2,7.5320280185278605,9.0,36.0,False,False
1608cfe7-32da2c5d.jpg,low_light,2,6.950632771180061,84.0,65.0,False,False
162995f1-d2c7d259.jpg,low_light,2,7.727752646562688,,18.0,True,False
16b0973f-c07b564a.jpg,low_light,2,6.767167026247526,146.0,9.0,False,False
1784d67b-6b223914.jpg,low_light,2,7.513531023910611,6.0,41.0,False,False
1784d67b-d76145ce.jpg,low_light,2,7.6541040975968855,90.0,43.0,False,False
188c58f3-792afc71.jpg,low_light,2,6.617819091006668,418.0,159.0,False,False
193f7f3b-84bc7998.jpg,low_light,2,7.480011997822464,10.0,244.0,False,False
194058b0-ac0616a6.jpg,low_light,2,7.321111547561927,5.0,407.0,False,False
19e56249-09c4bbc6.jpg,low_light,2,7.6569330922862875,22.0,1.0,False,False
1a71faae-d5f255fd.jpg,low_light,2,7.752317226645681,2.0,3.0,False,False
1a8992a7-da5a8510.jpg,low_light,2,7.606128776552206,46.0,10.0,False,False
1ac0178c-0b259360.jpg,low_light,2,7.861288747251235,113.0,1.0,False,False
1b30f76f-95aa8a06.jpg,low_light,2,7.615256728847848,18.0,27.0,False,False
1bda5a26-420ceea6.jpg,low_light,2,7.451027168747598,43.0,14.0,False,False
1bf7f3d2-15f95138.jpg,low_light,2,7.5147515240113725,17.0,91.0,False,False
1c227a12-10e5552c.jpg,low_light,2,7.753199841904114,97.0,5.0,False,False
1c227a12-ec67af93.jpg,low_light,2,7.660497229128925,16.0,69.0,False,False
1c5e9657-2e2a2863.jpg,low_light,2,6.926890593712444,2.0,3.0,False,False
1cb2a89b-4594573e.jpg,low_light,2,7.828430427666007,21.0,269.0,False,False
1cf54809-c6daa5a9.jpg,low_light,2,6.913989470783656,11.0,23.0,False,False
1d5e05f8-5020f67d.jpg,low_light,2,7.781880001819409,18.0,4.0,False,False
1e57ae90-806bc767.jpg,low_light,2,8.032098728376493,,52.0,True,False
1f959fdd-6ff63d34.jpg,low_light,2,7.492134659512666,338.0,0.0,False,False
1fa65acf-d43367bc.jpg,low_light,2,6.821870184735092,75.0,2.0,False,False
20cfadfa-47711496.jpg,low_light,2,7.3013570798563,19.0,47.0,False,False
20cfadfa-6f87fdc1.jpg,low_light,2,7.535165879880871,10.0,7.0,False,False
225a1858-0e3a4b04.jpg,low_light,2,7.400819642458064,86.0,162.0,False,False
22be2f14-59fbdca0.jpg,low_light,2,7.541851554642637,39.0,11.0,False,False
23333f35-0cbc3f0f.jpg,low_light,2,7.695724346721022,71.0,19.0,False,False
23df146f-64b50e4c.jpg,low_light,2,7.896578538879858,3.0,12.0,False,False
24392d7c-998011c2.jpg,low_light,2,7.575334261607944,13.0,190.0,False,False
250e7595-b14da270.jpg,low_light,2,7.439408490773902,6.0,40.0,False,False
26190b83-39ccb412.jpg,low_light,2,7.392485824945355,81.0,2.0,False,False
272d52f6-8aac36b3.jpg,low_light,2,6.590144261645946,14.0,16.0,False,False
2752681a-e813599a.jpg,low_light,2,7.57997104009811,10.0,39.0,False,False
27645526-f038b033.jpg,low_light,2,6.5308517279747775,12.0,275.0,False,False
2773af6f-23e23a6b.jpg,low_light,2,6.901583133916764,6.0,7.0,False,False
28faf684-03ef4c6e.jpg,low_light,2,7.967033449554684,7.0,1.0,False,False
292720ee-d847ee69.jpg,low_light,2,8.057165707156216,16.0,8.0,False,False
2b54fe2d-c5b810e6.jpg,low_light,2,6.747784244216499,21.0,15.0,False,False
2b605c48-8dfe352b.jpg,low_light,2,7.171022192265257,17.0,6.0,False,False
2beccce2-354608e2.jpg,low_light,2,7.194504981318504,3.0,204.0,False,False
2c87e51d-aa7a8031.jpg,low_light,2,7.628770764190142,82.0,139.0,False,False
2ce0b449-e818dc97.jpg,low_light,2,7.633182786114164,261.0,5.0,False,False
2cf976a2-479cd46b.jpg,low_light,2,7.308342151652648,210.0,54.0,False,False
2e2fae77-b7497ca0.jpg,low_light,2,7.015055720154695,6.0,43.0,False,False
2ead8042-2493c03f.jpg,low_light,2,6.9012792054499,23.0,8.0,False,False
2f1864c1-1a17d11c.jpg,low_light,2,6.45267528925157,21.0,5.0,False,False
2f879dc0-b09e4824.jpg,low_light,2,7.65528806146153,31.0,25.0,False,False
2fc9ad1e-ee4c9e43.jpg,low_light,2,7.582651778359869,7.0,32.0,False,False
3050b249-0ffbd6ec.jpg,low_light,2,7.4747929085099845,5.0,113.0,False,False
314cc010-3eab5c90.jpg,low_light,2,7.2827531803260595,0.0,59.0,False,False
31765c6b-90b0d612.jpg,low_light,2,7.228285219715697,13.0,29.0,False,False
31cf6eba-5c84c636.jpg,low_light,2,7.202415014923451,46.0,41.0,False,False
32de2244-122f1783.jpg,low_light,2,8.124271587930044,4.0,18.0,False,False
33420085-32996107.jpg,low_light,2,8.192881196163007,10.0,14.0,False,False
3430a5e6-00ec38d2.jpg,low_light,2,5.44381338031417,73.0,12.0,False,False
35eb46d0-8f7e28a0.jpg,low_light,2,7.926809209251769,24.0,2.0,False,False
3735fc3d-69d8b80c.jpg,low_light,2,7.576672676665782,18.0,42.0,False,False
3740cd4f-ff1d423d.jpg,low_light,2,6.36110062601248,1.0,1.0,False,False
375abba2-9f2ed56c.jpg,low_light,2,7.356982269872705,7.0,108.0,False,False
37723e55-31730cf5.jpg,low_light,2,6.519353046390355,12.0,2.0,False,False
380a3f8e-ba4f0def.jpg,low_light,2,8.186541903862434,37.0,10.0,False,False
385b0f61-1aee12ef.jpg,low_light,2,6.961015730009834,43.0,0.0,False,False
3865fea7-b4fe472d.jpg,low_light,2,7.197977918204933,38.0,16.0,False,False
38e561dd-8ea8ae2d.jpg,low_light,2,7.340394274052395,11.0,3.0,False,False
38ed8d8d-93c48de2.jpg,low_light,2,7.622514973503836,11.0,15.0,False,False
38ed8d8d-b1c230ef.jpg,low_light,2,7.321079385022392,6.0,0.0,False,False
38ed8d8d-fa50400c.jpg,low_light,2,7.165208017510196,22.0,1.0,False,False
3900ad8c-8834019f.jpg,low_light,2,7.132949671265363,,404.0,False,False
39ddb110-04604b9c.jpg,low_light,2,7.169556039224681,0.0,3.0,False,False
39fc6d1c-6155351d.jpg,low_light,2,7.407032148192872,,236.0,False,False
3a278d39-b92df256.jpg,low_light,2,7.501787828524784,3.0,90.0,False,False
3a3407a2-df8ea956.jpg,low_light,2,7.48364979678888,10.0,13.0,False,False
3ad0c4a7-2a3d544e.jpg,low_light,2,7.072996565006261,1.0,24.0,False,False
3b1e1bc1-ee64e36e.jpg,low_light,2,7.139365522350847,15.0,92.0,False,False
3b44ef5a-c09e8479.jpg,low_light,2,7.16492603031784,4.0,77.0,False,False
3b563c5e-0102edaf.jpg,low_light,2,7.096370600094306,26.0,3.0,False,False
3b9716a6-d2566395.jpg,low_light,2,7.693489647586472,132.0,4.0,False,False
3c0bbdc2-79baffce.jpg,low_light,2,7.693937572573172,18.0,4.0,False,False
3c5752b6-9c0bdf98.jpg,low_light,2,7.440099700936507,66.0,78.0,False,False
3c95ae26-68abac3f.jpg,low_light,2,7.050862570131806,4.0,15.0,False,False
3e0f1745-a95a63ad.jpg,low_light,2,7.097651161058822,38.0,11.0,False,False
3f4eb6a6-9eee52f9.jpg,low_light,2,7.233060511687416,100.0,299.0,False,False
3f85a987-1ef4053b.jpg,low_light,2,7.421830352626689,107.0,190.0,False,False
3fe1feaa-10126fec.jpg,low_light,2,7.356316640392708,176.0,20.0,False,False
3ffdaa26-b394f6f8.jpg,low_light,2,6.745793132550075,,14.0,False,False
4027c10d-41d54e9b.jpg,low_light,2,6.7704251705052805,141.0,13.0,False,False
428e99ea-4166e549.jpg,low_light,2,7.7519617234480585,4.0,47.0,False,False
42e0dd11-74b81997.jpg,low_light,2,8.23329196544559,0.0,27.0,False,False
430395d1-931c959e.jpg,low_light,2,7.563369456244643,22.0,,False,False
43126e0d-495d04a5.jpg,low_light,2,7.703794389068511,9.0,2.0,False,False
43126e0d-cce96832.jpg,low_light,2,7.349007522837569,38.0,58.0,False,False
432f9e20-83a0d96c.jpg,low_light,2,7.3938996481484995,61.0,0.0,False,False
43c7ed5c-b0690325.jpg,low_light,2,7.47753793442136,2.0,0.0,False,False
44cc16d9-d2e06fd6.jpg,low_light,2,6.94036162035345,20.0,48.0,False,False
45bafa98-1ee18a2f.jpg,low_light,2,6.9427997272479915,11.0,17.0,False,False
46d048a1-8f7f385c.jpg,low_light,2,7.143840945556486,1.0,20.0,False,False
46f76df9-8bf77914.jpg,low_light,2,7.417088368540447,14.0,0.0,False,False
480263a0-5aad7ae9.jpg,low_light,2,7.021207744310697,,31.0,True,False
488480d6-b94cf415.jpg,low_light,2,7.082013904449679,149.0,10.0,False,False
48ed707e-5062e4c3.jpg,low_light,2,7.392077230747612,2.0,19.0,False,False
4a289ff2-7da7feb6.jpg,low_light,2,7.403030070222756,,235.0,True,False
4a31f3e3-ac7ed780.jpg,low_light,2,7.3179684490776395,6.0,62.0,False,False
4b2e1dde-65b54419.jpg,low_light,2,6.846127430162646,17.0,17.0,False,False
4d4a590b-4332c5ab.jpg,low_light,2,7.944653256684137,21.0,2.0,False,False
5069db50-52f5af30.jpg,low_light,2,8.10033686369047,33.0,24.0,False,False
50866f46-30d1f303.jpg,low_light,2,7.554210450648563,37.0,19.0,False,False
50b115d6-4b08a666.jpg,low_light,2,7.602885833698866,194.0,248.0,False,False
50b2e757-6c7d0f63.jpg,low_light,2,7.528156605777525,32.0,10.0,False,False
50d0fd05-8db58ebd.jpg,low_light,2,7.529718096150622,0.0,100.0,False,False
510671e9-603795e0.jpg,low_light,2,7.206164840019871,103.0,12.0,False,False
514a6d58-0790e0cd.jpg,low_light,2,7.616673792055587,3.0,40.0,False,False
5150bb50-300d52ce.jpg,low_light,2,7.631848010754135,82.0,24.0,False,False
52799e9e-8c8673f3.jpg,low_light,2,7.620610908278702,5.0,36.0,False,False
52bda346-fd8ac6e7.jpg,low_light,2,7.139514890659646,3.0,136.0,False,False
534418ba-ee05398f.jpg,low_light,2,7.157769548611346,10.0,381.0,False,False
54360b72-e00a3f70.jpg,low_light,2,7.50548820573024,256.0,13.0,False,False
554d7cd5-a32486dd.jpg,low_light,2,7.964316006997566,8.0,5.0,False,False
559fed19-7893646f.jpg,low_light,2,7.228247699481042,7.0,75.0,False,False
57165857-e4d4a47f.jpg,low_light,2,7.407867958249504,34.0,7.0,False,False
5795bfe7-a599384a.jpg,low_light,2,6.989911392935052,77.0,0.0,False,False
57ac74e2-e86131f1.jpg,low_light,2,7.430782996322439,177.0,112.0,False,False
57b495f2-6da6b1e5.jpg,low_light,2,8.018647092283153,6.0,59.0,False,False
585443c8-2621a6b1.jpg,low_light,2,7.6440029894103425,34.0,34.0,False,False
5877b384-2545daf4.jpg,low_light,2,7.094592394373583,10.0,18.0,False,False
587bb1bf-1aa00fe5.jpg,low_light,2,7.491604524004942,57.0,43.0,False,False
5995c288-2d152172.jpg,low_light,2,7.323740495702165,3.0,,False,False
59cde7c7-344bffb1.jpg,low_light,2,7.536576100399399,39.0,153.0,False,False
5a8f9b5d-1fdfd2d4.jpg,low_light,2,7.609827188854617,11.0,7.0,False,False
5ae83f9c-da990b49.jpg,low_light,2,7.389309350766165,6.0,52.0,False,False
5b2b4881-67a6cb87.jpg,low_light,2,7.078475505011347,35.0,7.0,False,False
5b2fd56a-37759b05.jpg,low_light,2,7.620401466943562,117.0,25.0,False,False
5b4b0b07-2fb56b82.jpg,low_light,2,7.371086502638277,317.0,107.0,False,False
5bc44a50-c371c4d0.jpg,low_light,2,7.163896064767562,70.0,,False,True
5c4004b7-bf3b7941.jpg,low_light,2,7.445965555789446,23.0,3.0,False,False
5c534f5f-a76c7f4b.jpg,low_light,2,7.374202922851486,15.0,5.0,False,False
5c5dc708-35460444.jpg,low_light,2,7.011863355900372,14.0,158.0,False,False
5da6c6b6-76c54605.jpg,low_light,2,7.171919572372122,8.0,13.0,False,False
5dc5141c-5890b5b1.jpg,low_light,2,7.54651350113734,16.0,4.0,False,False
5dd831da-bd00cf03.jpg,low_light,2,7.289408872267598,10.0,20.0,False,False
5dfb063f-7bd23d5c.jpg,low_light,2,7.789416512453987,2.0,65.0,False,False
5e0b701e-d443d8c2.jpg,low_light,2,7.395097325442532,112.0,13.0,False,False
5e26f49d-0bc53c7e.jpg,low_light,2,7.9844584659947015,9.0,12.0,False,False
5e26f49d-9271bf00.jpg,low_light,2,7.054718284733004,2.0,12.0,False,False
5e625ec3-7b4fc682.jpg,low_light,2,7.403288088603068,21.0,19.0,False,False
5f9387ff-330136ae.jpg,low_light,2,7.085860448668334,9.0,0.0,False,False
5fa17a25-88b8e6b9.jpg,low_light,2,7.365030816814753,5.0,21.0,False,False
5fa422e1-2d8dd765.jpg,low_light,2,6.522359137048954,44.0,3.0,False,False
5fb2a702-f56a339c.jpg,low_light,2,7.374476718619924,22.0,115.0,False,False
6011831b-0992e205.jpg,low_light,2,7.217169385652161,52.0,45.0,False,False
60137cc0-428b8f5b.jpg,low_light,2,7.4510454256941205,2.0,152.0,False,False
604b5b3e-3c2e6b6b.jpg,low_light,2,7.531189307262821,1.0,6.0,False,False
6092f5a2-424550ba.jpg,low_light,2,7.617740696285448,15.0,10.0,False,False
60ba25dd-6c0df417.jpg,low_light,2,7.099993533552364,55.0,2.0,False,False
60c678e7-4813ae0f.jpg,low_light,2,7.016500766719504,2.0,369.0,False,False
614ecada-16b0f8b6.jpg,low_light,2,7.290576701616667,20.0,11.0,False,False
61e4ad87-53ceb455.jpg,low_light,2,7.321565523834886,23.0,148.0,False,False
6240d7b3-b51b5788.jpg,low_light,2,7.517367754294957,1.0,4.0,False,False
62aefb36-b685117f.jpg,low_light,2,7.253174150145478,4.0,2.0,False,False
634c1785-3bb9a8a2.jpg,low_light,2,7.190825880663807,13.0,40.0,False,False
634c1785-aeb1652f.jpg,low_light,2,7.095619248095945,86.0,8.0,False,False
63f73472-028615f1.jpg,low_light,2,7.200898684077723,5.0,19.0,False,False
6485ad0a-245d1600.jpg,low_light,2,7.696425842428749,5.0,4.0,False,False
648dc925-e359dbec.jpg,low_light,2,8.038374830098478,1.0,22.0,False,False
65edc5a1-f309fed7.jpg,low_light,2,7.404278819464038,8.0,6.0,False,False
661381d9-1114a810.jpg,low_light,2,6.9662725646900805,2.0,37.0,False,False
664cb246-f84cfaf4.jpg,low_light,2,7.564319479049001,33.0,16.0,False,False
675cf8fa-4b1ce8b9.jpg,low_light,2,6.984431697484781,72.0,12.0,False,False
67faeadf-eb09a636.jpg,low_light,2,7.207552265944375,7.0,37.0,False,False
691be377-5dbc29ee.jpg,low_light,2,7.8268585400821875,10.0,4.0,False,False
692f1303-05178963.jpg,low_light,2,7.602646777133416,39.0,,False,True
692f9b08-bdbbd729.jpg,low_light,2,7.68550605863206,9.0,7.0,False,False
69bfbe31-5ee2a642.jpg,low_light,2,7.310729893082602,28.0,1.0,False,False
69cf7667-68f59649.jpg,low_light,2,7.637458785602887,18.0,2.0,False,False
69cf7667-7eb40860.jpg,low_light,2,7.210478193154199,5.0,8.0,False,False
6a44fb9a-05a3dd18.jpg,low_light,2,7.50853812205833,9.0,3.0,False,False
6a793e80-4f5e207f.jpg,low_light,2,8.079904984545868,17.0,26.0,False,False
6a82c0d6-b31f6b90.jpg,low_light,2,7.471629413169724,37.0,275.0,False,False
6a8d218d-14e4fa28.jpg,low_light,2,7.941524706942335,1.0,27.0,False,False
6ad110c3-789e7724.jpg,low_light,2,7.133435416095018,11.0,11.0,False,False
6b15392a-3a1699fd.jpg,low_light,2,6.63929607937636,50.0,32.0,False,False
6b784eee-0a5a2c89.jpg,low_light,2,7.553218790113643,1.0,141.0,False,False
6bb5a881-15e5c2c4.jpg,low_light,2,8.341309587237912,4.0,7.0,False,False
6bd41587-d65ba5b4.jpg,low_light,2,7.367817590383066,6.0,14.0,False,False
6d0d7bef-fb11b6e1.jpg,low_light,2,7.646172868865603,12.0,7.0,False,False
6d57736c-a35808b9.jpg,low_light,2,8.146377258511642,34.0,90.0,False,False
6d8a6d94-00a7ad92.jpg,low_light,2,7.500757181298907,61.0,3.0,False,False
6eeed3fa-87a1b0c9.jpg,low_light,2,7.2296594660863,1.0,9.0,False,False
701992bd-8a457895.jpg,low_light,2,7.6265850988910735,2.0,2.0,False,False
7171644d-4e74752e.jpg,low_light,2,7.55656707674707,8.0,21.0,False,False
7171644d-ee92c71e.jpg,low_light,2,7.518643339720103,2.0,6.0,False,False
72f22fa5-8af4615c.jpg,low_light,2,7.820742256129294,36.0,15.0,False,False
72fd00fe-aeadfc89.jpg,low_light,2,8.374687051727209,57.0,11.0,False,False
730c67a5-563e9b1f.jpg,low_light,2,8.398399403774219,20.0,114.0,False,False
738a2bcd-7a6fde0d.jpg,low_light,2,7.732469066738025,7.0,54.0,False,False
73aff960-d46366ec.jpg,low_light,2,7.25736455530869,57.0,10.0,False,False
73d338d6-edf0b3db.jpg,low_light,2,7.901081252092865,37.0,0.0,False,False
75ad1fff-77299093.jpg,low_light,2,7.198581621751664,45.0,29.0,False,False
75f5f52c-6b67e736.jpg,low_light,2,4.6525801086860845,4.0,8.0,False,False
777005a8-14c739ad.jpg,low_light,2,7.687188872528067,23.0,162.0,False,False
7771e03b-832e52c0.jpg,low_light,2,7.855239019393724,,26.0,True,False
7771e03b-a8f9d50c.jpg,low_light,2,7.46160864306725,121.0,46.0,False,False
7797fea2-c37f9856.jpg,low_light,2,7.365262396465724,15.0,22.0,False,False
77bdbeb0-edb0613f.jpg,low_light,2,7.179010869317251,7.0,27.0,False,False
77dca577-16a39ea0.jpg,low_light,2,7.463507404321125,47.0,4.0,False,False
77f810c4-43a39c1f.jpg,low_light,2,7.228107704104833,5.0,40.0,False,False
7814206e-8e991d51.jpg,low_light,2,7.6164551842530495,17.0,7.0,False,False
7814206e-ea2508d0.jpg,low_light,2,7.573620643429048,22.0,102.0,False,False
79e177bc-4d5d3acc.jpg,low_light,2,7.141340514333054,1.0,1.0,False,False
7aa4ff0f-9d28d8a4.jpg,low_light,2,8.133921920633265,69.0,302.0,False,False
7ad1174c-373265eb.jpg,low_light,2,7.120702749227875,67.0,,False,True
7b268b98-e0ec16c3.jpg,low_light,2,8.040090450686105,22.0,70.0,False,False
7c5a2048-332896ea.jpg,low_light,2,7.604921960017915,222.0,553.0,False,False
7c5d50c5-7292de37.jpg,low_light,2,7.247508234698521,14.0,2.0,False,False
7d1fe115-936a2f47.jpg,low_light,2,7.655268554272576,8.0,21.0,False,False
7dc2914d-a20a969a.jpg,low_light,2,7.7445237752966,5.0,16.0,False,False
7e4ab78b-4a62c63e.jpg,low_light,2,7.542123226123581,197.0,161.0,False,False
7e590c49-93f03732.jpg,low_light,2,7.019076563461454,153.0,5.0,False,False
7ed57d0a-d7bcc13d.jpg,low_light,2,7.375599463149111,12.0,28.0,False,False
7f0ef682-c93899df.jpg,low_light,2,7.031063338616812,2.0,124.0,False,False
7f4ac354-777de900.jpg,low_light,2,6.760679386443131,23.0,6.0,False,False
7f9bdf0d-c0e0061f.jpg,low_light,2,6.738072554951242,3.0,90.0,False,False
7fd14da9-a855494b.jpg,low_light,2,7.976572361143034,18.0,38.0,False,False
801bff84-a72998c7.jpg,low_light,2,7.736957892453726,1.0,89.0,False,False
8073de38-f7eab6ec.jpg,low_light,2,7.526712981545347,7.0,16.0,False,False
8082ea05-1a7bcd47.jpg,low_light,2,7.325287053406539,55.0,34.0,False,False
80ecebc0-ca9605f4.jpg,low_light,2,7.398491973317572,367.0,11.0,False,False
81ec3b39-1951f79e.jpg,low_light,2,7.464425253121921,12.0,13.0,False,False
82b14c0c-79b99258.jpg,low_light,2,7.396848163937372,44.0,0.0,False,False
82b5fc3b-90cadd1b.jpg,low_light,2,6.6715202917108165,16.0,13.0,False,False
82f03471-8e304dd5.jpg,low_light,2,7.549458495848387,70.0,290.0,False,False
836fa13a-d6058a12.jpg,low_light,2,8.065992510025055,14.0,83.0,False,False
84fb3f59-7d5d1fa4.jpg,low_light,2,6.9484877962499425,8.0,44.0,False,False
8542b4da-7795bcfd.jpg,low_light,2,8.172865406591562,101.0,0.0,False,False
85f3f250-1fef85ac.jpg,low_light,2,7.3244700711115325,6.0,37.0,False,False
87ca2979-d5158824.jpg,low_light,2,7.780839281254256,26.0,91.0,False,False
889b7dda-77f16103.jpg,low_light,2,6.800892269390319,34.0,2.0,False,False
88dbf01a-d8b35dee.jpg,low_light,2,7.07698803350013,1.0,13.0,False,False
897223bc-6938f1ab.jpg,low_light,2,7.067431991431335,95.0,33.0,False,False
89b7454d-880eacbd.jpg,low_light,2,7.440815147668163,38.0,8.0,False,False
89e85e71-7dd0a7b6.jpg,low_light,2,6.824383860330482,75.0,36.0,False,False
8a4fbffe-47866ce9.jpg,low_light,2,7.257160503115686,8.0,3.0,False,False
8a76c101-8bcefc32.jpg,low_light,2,7.9414000356043175,,62.0,True,False
8b7ef6c4-6bbcf25f.jpg,low_light,2,7.186029987487022,29.0,34.0,False,False
8bac644e-e0437ead.jpg,low_light,2,7.478768783691266,,36.0,False,False
8c94c649-8ba62efa.jpg,low_light,2,7.355882930668443,4.0,18.0,False,False
8c9bbaa9-34934b66.jpg,low_light,2,7.158208418493068,26.0,57.0,False,False
0049e5b8-725e21a0.jpg,low_light,3,5.59024278856865,13.0,15.0,False,False
0081e27b-17bf4a9e.jpg,low_light,3,5.601611978373956,,,True,True
00beeb02-50440dcd.jpg,low_light,3,5.582818673057291,12.0,0.0,False,False
00d4b6b7-7d0a60bf.jpg,low_light,3,5.64396531818332,220.0,26.0,False,False
01118704-2d838d7f.jpg,low_light,3,5.679380437462016,45.0,12.0,False,False
0115917e-14907a6a.jpg,low_light,3,5.385883939812538,71.0,8.0,False,False
02188a44-65ad27f3.jpg,low_light,3,5.1062899827234585,25.0,30.0,False,False
02494b7b-079febf8.jpg,low_light,3,5.612645913710833,5.0,12.0,False,False
029ffd50-dc944dba.jpg,low_light,3,5.453696190562751,37.0,25.0,False,False
0464a98b-860229d5.jpg,low_light,3,5.77013857395584,29.0,15.0,False,False
051aadb7-51aad566.jpg,low_light,3,5.675819925275793,52.0,107.0,False,False
051aadb7-e953bc4d.jpg,low_light,3,5.521255676903715,2.0,0.0,False,False
05743a9b-747658e7.jpg,low_light,3,5.780221560084623,61.0,6.0,False,False
057af272-6f700aef.jpg,low_light,3,5.607214268202979,2.0,8.0,False,False
05d62296-30c620d5.jpg,low_light,3,5.639939069969481,127.0,0.0,False,False
05e5a68e-f0e05a42.jpg,low_light,3,5.459657503301953,,,True,True
05fa6494-8f436d04.jpg,low_light,3,5.276514420523729,30.0,12.0,False,False
060039d9-5218402b.jpg,low_light,3,5.542011255014207,32.0,12.0,False,False
064aa0d6-f75ff4d5.jpg,low_light,3,5.530212330819126,44.0,53.0,False,False
07de5062-ddddcbd7.jpg,low_light,3,5.949975443470306,3.0,1.0,False,False
088351d1-30833ddc.jpg,low_light,3,5.686431278718641,43.0,466.0,False,False
08a49c01-675d3899.jpg,low_light,3,5.583202871040421,2.0,7.0,False,False
08d4285a-4a25b9b6.jpg,low_light,3,5.321044786967459,37.0,2.0,False,False
09ac21d6-eefa8ed0.jpg,low_light,3,4.763334332411367,7.0,6.0,False,False
0a0a0b1a-7c39d841.jpg,low_light,3,5.768937060147921,44.0,4.0,False,False
0af6039a-f3c91319.jpg,low_light,3,5.509825873904216,19.0,41.0,False,False
0b2f5d0d-8fddc1fc.jpg,low_light,3,5.499695073905443,11.0,9.0,False,False
0b4225f9-bfb10f88.jpg,low_light,3,5.637787809269024,143.0,210.0,False,False
0ba08fe3-880ae118.jpg,low_light,3,5.324066422642211,15.0,164.0,False,False
0c2f33b9-f94d69b5.jpg,low_light,3,5.499302564357605,8.0,14.0,False,False
0c984e6d-2b5d7ee4.jpg,low_light,3,5.438574731549799,62.0,7.0,False,False
0cb67a01-7cf1687e.jpg,low_light,3,5.76384334832233,8.0,17.0,False,False
0cc6f3e8-b4c9e348.jpg,low_light,3,5.387782655859361,20.0,101.0,False,False
0cf398b3-ce65ab64.jpg,low_light,3,3.997496701013966,0.0,36.0,False,False
0d3ec56a-f4cead6f.jpg,low_light,3,5.497045940617338,27.0,91.0,False,False
0d61234a-542010b2.jpg,low_light,3,4.344916595674127,2.0,9.0,False,False
0e442b65-b17e0b50.jpg,low_light,3,5.81600488430377,10.0,10.0,False,False
0e5c7e92-0d9c60f0.jpg,low_light,3,5.346898620155245,20.0,22.0,False,False
0f837def-9646c091.jpg,low_light,3,5.666606502897295,8.0,1.0,False,False
0fba84f9-73b520ee.jpg,low_light,3,5.5784928281982555,3.0,137.0,False,False
101a0964-930eae70.jpg,low_light,3,4.920773980579084,10.0,1.0,False,False
10389fe8-433c740c.jpg,low_light,3,5.002269080403271,88.0,58.0,False,False
10453a95-40759ac3.jpg,low_light,3,5.475369445825344,15.0,18.0,False,False
1072195f-0a161ade.jpg,low_light,3,5.483853141190932,113.0,26.0,False,False
1072195f-6cf88b25.jpg,low_light,3,5.616367665092294,100.0,3.0,False,False
11513e3d-150058c3.jpg,low_light,3,5.762887334259611,27.0,81.0,False,False
1189ae68-1a8ad3c6.jpg,low_light,3,5.607077115048417,17.0,46.0,False,False
12076ebb-c07285d7.jpg,low_light,3,5.525938676727575,0.0,40.0,False,False
125134e5-7dfc45b9.jpg,low_light,3,5.5179556748525656,11.0,9.0,False,False
12ae9ab8-794f5adc.jpg,low_light,3,5.416619162551633,29.0,1.0,False,False
13f61134-50021e53.jpg,low_light,3,5.797778071635555,141.0,19.0,False,False
14eace5a-ddf3b303.jpg,low_light,3,5.620213294628888,2.0,33.0,False,False
1608cfe7-32da2c5d.jpg,low_light,3,5.230589911331673,228.0,28.0,False,False
162995f1-d2c7d259.jpg,low_light,3,5.754127121977547,,427.0,True,False
16b0973f-c07b564a.jpg,low_light,3,5.116547752222537,29.0,7.0,False,False
1784d67b-6b223914.jpg,low_light,3,5.610594742336764,42.0,13.0,False,False
1784d67b-d76145ce.jpg,low_light,3,5.695793717133695,62.0,6.0,False,False
188c58f3-792afc71.jpg,low_light,3,5.016087413968746,13.0,9.0,False,False
193f7f3b-84bc7998.jpg,low_light,3,5.588139294192386,12.0,8.0,False,False
194058b0-ac0616a6.jpg,low_light,3,5.484139324264609,10.0,127.0,False,False
19e56249-09c4bbc6.jpg,low_light,3,5.67800364993336,54.0,45.0,False,False
1a71faae-d5f255fd.jpg,low_light,3,5.772141883068653,21.0,4.0,False,False
1a8992a7-da5a8510.jpg,low_light,3,5.696210879344087,42.0,20.0,False,False
1ac0178c-0b259360.jpg,low_light,3,5.814225377035804,107.0,81.0,False,False
1b30f76f-95aa8a06.jpg,low_light,3,5.668899677489474,0.0,63.0,False,False
1bda5a26-420ceea6.jpg,low_light,3,5.577622585414094,16.0,20.0,False,False
1bf7f3d2-15f95138.jpg,low_light,3,5.614994450368509,14.0,107.0,False,False
1c227a12-10e5552c.jpg,low_light,3,5.757042632059115,125.0,2.0,False,False
1c227a12-ec67af93.jpg,low_light,3,5.707904807139252,7.0,26.0,False,False
1c5e9657-2e2a2863.jpg,low_light,3,5.216935175586119,14.0,12.0,False,False
1cb2a89b-4594573e.jpg,low_light,3,5.835448646808676,6.0,274.0,False,False
1cf54809-c6daa5a9.jpg,low_light,3,5.230092188235518,0.0,6.0,False,False
1d5e05f8-5020f67d.jpg,low_light,3,5.789407912139755,22.0,1.0,False,False
1e57ae90-806bc767.jpg,low_light,3,5.952313266044932,50.0,36.0,False,False
1f959fdd-6ff63d34.jpg,low_light,3,5.5950291729545185,319.0,28.0,False,False
1fa65acf-d43367bc.jpg,low_light,3,5.14794317872711,72.0,45.0,False,False
20cfadfa-47711496.jpg,low_light,3,5.467270821184566,44.0,62.0,False,False
20cfadfa-6f87fdc1.jpg,low_light,3,5.615767227110515,23.0,1.0,False,False
225a1858-0e3a4b04.jpg,low_light,3,5.555864795528112,47.0,,False,True
22be2f14-59fbdca0.jpg,low_light,3,5.6309807567663235,40.0,3.0,False,False
23333f35-0cbc3f0f.jpg,low_light,3,5.72445726725001,36.0,13.0,False,False
23df146f-64b50e4c.jpg,low_light,3,5.847972640265853,0.0,1.0,False,False
24392d7c-998011c2.jpg,low_light,3,5.6457467465949325,19.0,144.0,False,False
250e7595-b14da270.jpg,low_light,3,5.561009422597869,12.0,23.0,False,False
26190b83-39ccb412.jpg,low_light,3,5.5565067095552525,76.0,12.0,False,False
272d52f6-8aac36b3.jpg,low_light,3,4.999435833210383,32.0,14.0,False,False
2752681a-e813599a.jpg,low_light,3,5.650728622903919,86.0,34.0,False,False
27645526-f038b033.jpg,low_light,3,4.957576393115381,3.0,266.0,False,False
2773af6f-23e23a6b.jpg,low_light,3,5.196627967376076,7.0,103.0,False,False
28faf684-03ef4c6e.jpg,low_light,3,5.9221439501463715,6.0,11.0,False,False
292720ee-d847ee69.jpg,low_light,3,5.942784626041867,16.0,2.0,False,False
2b54fe2d-c5b810e6.jpg,low_light,3,5.085544113430257,20.0,1.0,False,False
2b605c48-8dfe352b.jpg,low_light,3,5.3779609429586115,19.0,38.0,False,False
2beccce2-354608e2.jpg,low_light,3,5.397564757850009,25.0,195.0,False,False
2c87e51d-aa7a8031.jpg,low_light,3,5.665934097104563,31.0,150.0,False,False
2ce0b449-e818dc97.jpg,low_light,3,5.670472132412893,18.0,6.0,False,False
2cf976a2-479cd46b.jpg,low_light,3,5.499657044048613,,28.0,True,False
2e2fae77-b7497ca0.jpg,low_light,3,5.2728653425269325,15.0,24.0,False,False
2ead8042-2493c03f.jpg,low_light,3,5.2125856146937,42.0,8.0,False,False
2f1864c1-1a17d11c.jpg,low_light,3,4.879675480690066,6.0,5.0,False,False
2f879dc0-b09e4824.jpg,low_light,3,5.697353380331293,14.0,13.0,False,False
2fc9ad1e-ee4c9e43.jpg,low_light,3,5.659804083128545,21.0,8.0,False,False
3050b249-0ffbd6ec.jpg,low_light,3,5.5691395699351585,10.0,121.0,False,False
314cc010-3eab5c90.jpg,low_light,3,5.444271257299516,49.0,19.0,False,False
31765c6b-90b0d612.jpg,low_light,3,5.420469962729574,163.0,140.0,False,False
31cf6eba-5c84c636.jpg,low_light,3,5.445848877988974,1.0,41.0,False,False
32de2244-122f1783.jpg,low_light,3,6.003937134099838,6.0,0.0,False,False
33420085-32996107.jpg,low_light,3,6.0363353334323975,2.0,11.0,False,False
3430a5e6-00ec38d2.jpg,low_light,3,4.228647319083204,88.0,35.0,False,False
35eb46d0-8f7e28a0.jpg,low_light,3,5.872233435077048,30.0,4.0,False,False
3735fc3d-69d8b80c.jpg,low_light,3,5.634236010596485,34.0,74.0,False,False
3740cd4f-ff1d423d.jpg,low_light,3,4.845468125889482,8.0,5.0,False,False
375abba2-9f2ed56c.jpg,low_light,3,5.502000752834357,48.0,7.0,False,False
37723e55-31730cf5.jpg,low_light,3,4.930014113548291,172.0,13.0,False,False
380a3f8e-ba4f0def.jpg,low_light,3,6.0241607833938895,20.0,2.0,False,False
385b0f61-1aee12ef.jpg,low_light,3,5.239510997761748,35.0,12.0,False,False
3865fea7-b4fe472d.jpg,low_light,3,5.402191636676958,50.0,14.0,False,False
38e561dd-8ea8ae2d.jpg,low_light,3,5.502927720125733,2.0,15.0,False,False
38ed8d8d-93c48de2.jpg,low_light,3,5.679569008999632,1.0,320.0,False,False
38ed8d8d-b1c230ef.jpg,low_light,3,5.479742057099481,49.0,22.0,False,False
38ed8d8d-fa50400c.jpg,low_light,3,5.378399448014414,11.0,11.0,False,False
3900ad8c-8834019f.jpg,low_light,3,5.363051111516553,,1.0,False,False
39ddb110-04604b9c.jpg,low_light,3,5.392460489148503,7.0,4.0,False,False
39fc6d1c-6155351d.jpg,low_light,3,5.546345887060653,,2.0,False,False
3a278d39-b92df256.jpg,low_light,3,5.605683524207697,6.0,13.0,False,False
3a3407a2-df8ea956.jpg,low_light,3,5.611122006603316,8.0,13.0,False,False
3ad0c4a7-2a3d544e.jpg,low_light,3,5.334726972030772,11.0,30.0,False,False
3b1e1bc1-ee64e36e.jpg,low_light,3,5.364935269762928,11.0,21.0,False,False
3b44ef5a-c09e8479.jpg,low_light,3,5.379036402104572,37.0,182.0,False,False
3b563c5e-0102edaf.jpg,low_light,3,5.349213548262959,42.0,23.0,False,False
3b9716a6-d2566395.jpg,low_light,3,5.718868085658411,20.0,31.0,False,False
3c0bbdc2-79baffce.jpg,low_light,3,5.735853118359153,0.0,5.0,False,False
3c5752b6-9c0bdf98.jpg,low_light,3,5.54718720854316,92.0,73.0,False,False
3c95ae26-68abac3f.jpg,low_light,3,5.290259723649415,3.0,429.0,False,False
3e0f1745-a95a63ad.jpg,low_light,3,5.341793307180637,2.0,18.0,False,False
3f4eb6a6-9eee52f9.jpg,low_light,3,5.422398434081341,55.0,150.0,False,False
3f85a987-1ef4053b.jpg,low_light,3,5.538261298971802,43.0,181.0,False,False
3fe1feaa-10126fec.jpg,low_light,3,5.501251265787797,198.0,293.0,False,False
3ffdaa26-b394f6f8.jpg,low_light,3,5.103145553624034,,15.0,False,False
4027c10d-41d54e9b.jpg,low_light,3,5.102287892490619,114.0,10.0,False,False
428e99ea-4166e549.jpg,low_light,3,5.761643787265919,16.0,8.0,False,False
42e0dd11-74b81997.jpg,low_light,3,6.065430097403063,15.0,7.0,False,False
430395d1-931c959e.jpg,low_light,3,5.654967024554278,36.0,,False,False
43126e0d-495d04a5.jpg,low_light,3,5.754877337263538,0.0,10.0,False,False
43126e0d-cce96832.jpg,low_light,3,5.505537230099508,36.0,48.0,False,False
432f9e20-83a0d96c.jpg,low_light,3,5.5717013563114035,6.0,2.0,False,False
43c7ed5c-b0690325.jpg,low_light,3,5.584697433815551,0.0,59.0,False,False
44cc16d9-d2e06fd6.jpg,low_light,3,5.23796020109253,17.0,48.0,False,False
45bafa98-1ee18a2f.jpg,low_light,3,5.221427566858497,6.0,2.0,False,False
46d048a1-8f7f385c.jpg,low_light,3,5.364753461917376,1.0,52.0,False,False
46f76df9-8bf77914.jpg,low_light,3,5.545516543346267,31.0,41.0,False,False
480263a0-5aad7ae9.jpg,low_light,3,5.274538746923557,27.0,21.0,False,False
488480d6-b94cf415.jpg,low_light,3,5.332120632493947,319.0,4.0,False,False
48ed707e-5062e4c3.jpg,low_light,3,5.5118215143412455,4.0,24.0,False,False
4a289ff2-7da7feb6.jpg,low_light,3,5.524460092477867,,132.0,True,False
4a31f3e3-ac7ed780.jpg,low_light,3,5.480372357913545,1.0,29.0,False,False
4b2e1dde-65b54419.jpg,low_light,3,5.198194436394038,25.0,3.0,False,False
4d4a590b-4332c5ab.jpg,low_light,3,5.87987781134446,12.0,13.0,False,False
5069db50-52f5af30.jpg,low_light,3,5.9832919098550965,18.0,14.0,False,False
50866f46-30d1f303.jpg,low_light,3,5.648455409382551,22.0,18.0,False,False
50b115d6-4b08a666.jpg,low_light,3,5.692789900522483,145.0,4.0,False,False
50b2e757-6c7d0f63.jpg,low_light,3,5.60850850529119,8.0,6.0,False,False
50d0fd05-8db58ebd.jpg,low_light,3,5.63016490828128,1.0,52.0,False,False
510671e9-603795e0.jpg,low_light,3,5.420087171790067,69.0,33.0,False,False
514a6d58-0790e0cd.jpg,low_light,3,5.6690100903540595,0.0,8.0,False,False
5150bb50-300d52ce.jpg,low_light,3,5.678187730636031,2.0,29.0,False,False
52799e9e-8c8673f3.jpg,low_light,3,5.680553070834293,30.0,3.0,False,False
52bda346-fd8ac6e7.jpg,low_light,3,5.380372174540305,3.0,58.0,False,False
534418ba-ee05398f.jpg,low_light,3,5.384962568700149,9.0,383.0,False,False
54360b72-e00a3f70.jpg,low_light,3,5.614992020048768,29.0,19.0,False,False
554d7cd5-a32486dd.jpg,low_light,3,5.901511169703339,1.0,4.0,False,False
559fed19-7893646f.jpg,low_light,3,5.417847189394601,9.0,110.0,False,False
57165857-e4d4a47f.jpg,low_light,3,5.529675195140063,38.0,4.0,False,False
5795bfe7-a599384a.jpg,low_light,3,5.25573143014542,1.0,4.0,False,False
57ac74e2-e86131f1.jpg,low_light,3,5.551619886590434,4.0,129.0,False,False
57b495f2-6da6b1e5.jpg,low_light,3,5.939447735929267,6.0,36.0,False,False
585443c8-2621a6b1.jpg,low_light,3,5.696946681184722,7.0,15.0,False,False
5877b384-2545daf4.jpg,low_light,3,5.325209377415343,5.0,20.0,False,False
587bb1bf-1aa00fe5.jpg,low_light,3,5.604946983159803,63.0,32.0,False,False
5995c288-2d152172.jpg,low_light,3,5.480481763944147,1.0,,False,False
59cde7c7-344bffb1.jpg,low_light,3,5.62752373852409,11.0,45.0,False,False
5a8f9b5d-1fdfd2d4.jpg,low_light,3,5.649364129913716,272.0,10.0,False,False
5ae83f9c-da990b49.jpg,low_light,3,5.5373542860816185,4.0,99.0,False,False
5b2b4881-67a6cb87.jpg,low_light,3,5.326959639570826,29.0,17.0,False,False
5b2fd56a-37759b05.jpg,low_light,3,5.6564027807818515,4.0,2.0,False,False
5b4b0b07-2fb56b82.jpg,low_light,3,5.536243183439686,95.0,36.0,False,False
5bc44a50-c371c4d0.jpg,low_light,3,5.39518178537074,59.0,6.0,False,False
5c4004b7-bf3b7941.jpg,low_light,3,5.58864021233558,19.0,2.0,False,False
5c534f5f-a76c7f4b.jpg,low_light,3,5.5110117228849065,7.0,27.0,False,False
5c5dc708-35460444.jpg,low_light,3,5.278025170269226,4.0,298.0,False,False
5da6c6b6-76c54605.jpg,low_light,3,5.377667872077165,10.0,10.0,False,False
5dc5141c-5890b5b1.jpg,low_light,3,5.656159743584467,6.0,1.0,False,False
5dd831da-bd00cf03.jpg,low_light,3,5.453512912712117,162.0,12.0,False,False
5dfb063f-7bd23d5c.jpg,low_light,3,5.772337963884829,2.0,36.0,False,False
5e0b701e-d443d8c2.jpg,low_light,3,5.530938652926107,152.0,52.0,False,False
5e26f49d-0bc53c7e.jpg,low_light,3,5.893813571633794,2.0,1043.0,False,False
5e26f49d-9271bf00.jpg,low_light,3,5.30475117069947,39.0,1.0,False,False
5e625ec3-7b4fc682.jpg,low_light,3,5.5257903912166375,32.0,19.0,False,False
5f9387ff-330136ae.jpg,low_light,3,5.318383508674282,121.0,3.0,False,False
5fa17a25-88b8e6b9.jpg,low_light,3,5.504922236038069,8.0,4.0,False,False
5fa422e1-2d8dd765.jpg,low_light,3,4.941206647276394,54.0,32.0,False,False
5fb2a702-f56a339c.jpg,low_light,3,5.524443422547929,1.0,87.0,False,False
6011831b-0992e205.jpg,low_light,3,5.4047329204400585,27.0,50.0,False,False
60137cc0-428b8f5b.jpg,low_light,3,5.559014572317986,11.0,76.0,False,False
604b5b3e-3c2e6b6b.jpg,low_light,3,5.615367127241607,0.0,7.0,False,False
6092f5a2-424550ba.jpg,low_light,3,5.667583449822466,49.0,4.0,False,False
60ba25dd-6c0df417.jpg,low_light,3,5.317410990951222,55.0,1.0,False,False
60c678e7-4813ae0f.jpg,low_light,3,5.272022566612284,1.0,169.0,False,False
614ecada-16b0f8b6.jpg,low_light,3,5.467151073634994,39.0,14.0,False,False
61e4ad87-53ceb455.jpg,low_light,3,5.476855969403483,1.0,57.0,False,False
6240d7b3-b51b5788.jpg,low_light,3,5.604031609104078,6.0,23.0,False,False
62aefb36-b685117f.jpg,low_light,3,5.448037650813172,10.0,3.0,False,False
634c1785-3bb9a8a2.jpg,low_light,3,5.389576907956798,40.0,9.0,False,False
634c1785-aeb1652f.jpg,low_light,3,5.3292082624372785,95.0,18.0,False,False
63f73472-028615f1.jpg,low_light,3,5.399281333493493,16.0,20.0,False,False
6485ad0a-245d1600.jpg,low_light,3,5.723213563769419,11.0,12.0,False,False
648dc925-e359dbec.jpg,low_light,3,5.936605086887294,33.0,4.0,False,False
65edc5a1-f309fed7.jpg,low_light,3,5.552575503105421,1.0,1.0,False,False
661381d9-1114a810.jpg,low_light,3,5.255481495540149,5.0,122.0,False,False
664cb246-f84cfaf4.jpg,low_light,3,5.652850807267031,32.0,1.0,False,False
675cf8fa-4b1ce8b9.jpg,low_light,3,5.27382728065481,42.0,16.0,False,False
67faeadf-eb09a636.jpg,low_light,3,5.418662988769683,5.0,5.0,False,False
691be377-5dbc29ee.jpg,low_light,3,5.803931339537751,8.0,122.0,False,False
692f1303-05178963.jpg,low_light,3,5.670148630185543,0.0,,False,True
692f9b08-bdbbd729.jpg,low_light,3,5.73032982966067,3.0,8.0,False,False
69bfbe31-5ee2a642.jpg,low_light,3,5.477806991894506,38.0,6.0,False,False
69cf7667-68f59649.jpg,low_light,3,5.692785882559479,4.0,13.0,False,False
69cf7667-7eb40860.jpg,low_light,3,5.406038234889188,7.0,9.0,False,False
6a44fb9a-05a3dd18.jpg,low_light,3,5.609554333500352,33.0,24.0,False,False
6a793e80-4f5e207f.jpg,low_light,3,5.972093711394329,14.0,15.0,False,False
6a82c0d6-b31f6b90.jpg,low_light,3,5.575817029242712,31.0,274.0,False,False
6a8d218d-14e4fa28.jpg,low_light,3,5.884522264075479,10.0,3.0,False,False
6ad110c3-789e7724.jpg,low_light,3,5.388368539837041,9.0,12.0,False,False
6b15392a-3a1699fd.jpg,low_light,3,5.000994754150549,7.0,6.0,False,False
6b784eee-0a5a2c89.jpg,low_light,3,5.624116835506301,11.0,305.0,False,False
6bb5a881-15e5c2c4.jpg,low_light,3,6.140185652992113,22.0,5.0,False,False
6bd41587-d65ba5b4.jpg,low_light,3,5.504004586711027,24.0,4.0,False,False
6d0d7bef-fb11b6e1.jpg,low_light,3,5.682312372795497,48.0,7.0,False,False
6d57736c-a35808b9.jpg,low_light,3,5.995943929504265,5.0,74.0,False,False
6d8a6d94-00a7ad92.jpg,low_light,3,5.592118268926964,64.0,114.0,False,False
6eeed3fa-87a1b0c9.jpg,low_light,3,5.423129655288832,16.0,1.0,False,False
701992bd-8a457895.jpg,low_light,3,5.68106565126291,2.0,23.0,False,False
7171644d-4e74752e.jpg,low_light,3,5.672155767901604,3.0,14.0,False,False
7171644d-ee92c71e.jpg,low_light,3,5.633580735094187,31.0,23.0,False,False
72f22fa5-8af4615c.jpg,low_light,3,5.812368178079987,44.0,18.0,False,False
72fd00fe-aeadfc89.jpg,low_light,3,6.154772228388382,32.0,15.0,False,False
730c67a5-563e9b1f.jpg,low_light,3,6.15419967238894,7.0,45.0,False,False
738a2bcd-7a6fde0d.jpg,low_light,3,5.7355525574656845,7.0,60.0,False,False
73aff960-d46366ec.jpg,low_light,3,5.441804466239658,62.0,9.0,False,False
73d338d6-edf0b3db.jpg,low_light,3,5.84796394565571,11.0,1.0,False,False
75ad1fff-77299093.jpg,low_light,3,5.387733954382456,31.0,35.0,False,False
75f5f52c-6b67e736.jpg,low_light,3,3.649889681472823,6.0,17.0,False,False
777005a8-14c739ad.jpg,low_light,3,5.720852090989559,30.0,196.0,False,False
7771e03b-832e52c0.jpg,low_light,3,5.8240714767283555,,12.0,True,False
7771e03b-a8f9d50c.jpg,low_light,3,5.589053086061244,94.0,3.0,False,False
7797fea2-c37f9856.jpg,low_light,3,5.503207019370743,128.0,39.0,False,False
77bdbeb0-edb0613f.jpg,low_light,3,5.391772292140641,18.0,19.0,False,False
77dca577-16a39ea0.jpg,low_light,3,5.5791161112915315,1.0,2.0,False,False
77f810c4-43a39c1f.jpg,low_light,3,5.4201508840342525,19.0,17.0,False,False
7814206e-8e991d51.jpg,low_light,3,5.675013510065345,14.0,8.0,False,False
7814206e-ea2508d0.jpg,low_light,3,5.647029751355852,23.0,85.0,False,False
79e177bc-4d5d3acc.jpg,low_light,3,5.352948702698301,14.0,0.0,False,False
7aa4ff0f-9d28d8a4.jpg,low_light,3,6.018419319820185,3.0,303.0,False,False
7ad1174c-373265eb.jpg,low_light,3,5.342935435192668,68.0,,False,True
7b268b98-e0ec16c3.jpg,low_light,3,5.970328335469102,6.0,0.0,False,False
7c5a2048-332896ea.jpg,low_light,3,5.6597815158704625,226.0,216.0,False,False
7c5d50c5-7292de37.jpg,low_light,3,5.433565137268613,3.0,24.0,False,False
7d1fe115-936a2f47.jpg,low_light,3,5.706213480795336,12.0,7.0,False,False
7dc2914d-a20a969a.jpg,low_light,3,5.756585499728648,14.0,4.0,False,False
7e4ab78b-4a62c63e.jpg,low_light,3,5.6276850927929,100.0,117.0,False,False
7e590c49-93f03732.jpg,low_light,3,5.2921553131353445,171.0,4.0,False,False
7ed57d0a-d7bcc13d.jpg,low_light,3,5.511415099604832,6.0,67.0,False,False
7f0ef682-c93899df.jpg,low_light,3,5.294044599619909,6.0,10.0,False,False
7f4ac354-777de900.jpg,low_light,3,5.107821085332506,4.0,5.0,False,False
7f9bdf0d-c0e0061f.jpg,low_light,3,5.103571400391367,20.0,167.0,False,False
7fd14da9-a855494b.jpg,low_light,3,5.909913208671861,41.0,158.0,False,False
801bff84-a72998c7.jpg,low_light,3,5.806989677943017,1.0,86.0,False,False
8073de38-f7eab6ec.jpg,low_light,3,5.6228065930345235,8.0,29.0,False,False
8082ea05-1a7bcd47.jpg,low_light,3,5.491735019405085,41.0,24.0,False,False
80ecebc0-ca9605f4.jpg,low_light,3,5.532818725929097,380.0,26.0,False,False
81ec3b39-1951f79e.jpg,low_light,3,5.573971712218631,38.0,17.0,False,False
82b14c0c-79b99258.jpg,low_light,3,5.542956979851073,8.0,19.0,False,False
82b5fc3b-90cadd1b.jpg,low_light,3,5.066035734221907,5.0,3.0,False,False
82f03471-8e304dd5.jpg,low_light,3,5.630194024720071,49.0,202.0,False,False
836fa13a-d6058a12.jpg,low_light,3,5.963406162311613,11.0,23.0,False,False
84fb3f59-7d5d1fa4.jpg,low_light,3,5.271882531255087,1.0,64.0,False,False
8542b4da-7795bcfd.jpg,low_light,3,6.048033421516683,2.0,0.0,False,False
85f3f250-1fef85ac.jpg,low_light,3,5.499403586071229,1.0,38.0,False,False
87ca2979-d5158824.jpg,low_light,3,5.783134527632697,34.0,35.0,False,False
889b7dda-77f16103.jpg,low_light,3,5.1438360154549025,50.0,7.0,False,False
88dbf01a-d8b35dee.jpg,low_light,3,5.3185735874355355,59.0,21.0,False,False
897223bc-6938f1ab.jpg,low_light,3,5.296769536372414,80.0,14.0,False,False
89b7454d-880eacbd.jpg,low_light,3,5.5531622103869385,20.0,42.0,False,False
89e85e71-7dd0a7b6.jpg,low_light,3,5.153406775249964,55.0,47.0,False,False
8a4fbffe-47866ce9.jpg,low_light,3,5.4458767285723155,0.0,19.0,False,False
8a76c101-8bcefc32.jpg,low_light,3,5.890751100623049,,115.0,True,False
8b7ef6c4-6bbcf25f.jpg,low_light,3,5.40544127558555,41.0,41.0,False,False
8bac644e-e0437ead.jpg,low_light,3,5.589788192816303,,21.0,False,False
8c94c649-8ba62efa.jpg,low_light,3,5.520052472200363,7.0,20.0,False,False
8c9bbaa9-34934b66.jpg,low_light,3,5.39052508775964,68.0,24.0,False,False
0049e5b8-725e21a0.jpg,low_light,4,4.119066404625576,23.0,13.0,False,False
0081e27b-17bf4a9e.jpg,low_light,4,4.124262688931335,43.0,,False,True
00beeb02-50440dcd.jpg,low_light,4,4.121717838606671,19.0,774.0,False,False
00d4b6b7-7d0a60bf.jpg,low_light,4,4.1460561349081555,126.0,7.0,False,False
01118704-2d838d7f.jpg,low_light,4,4.172005010363009,5.0,1.0,False,False
0115917e-14907a6a.jpg,low_light,4,3.980327655284292,46.0,12.0,False,False
02188a44-65ad27f3.jpg,low_light,4,3.7873126288025025,4.0,21.0,False,False
02494b7b-079febf8.jpg,low_light,4,4.155334682527964,10.0,14.0,False,False
029ffd50-dc944dba.jpg,low_light,4,4.030973839069759,8.0,5.0,False,False
0464a98b-860229d5.jpg,low_light,4,4.241984201017046,20.0,18.0,False,False
051aadb7-51aad566.jpg,low_light,4,4.172369276842782,20.0,63.0,False,False
051aadb7-e953bc4d.jpg,low_light,4,4.080171771380031,2.0,20.0,False,False
05743a9b-747658e7.jpg,low_light,4,4.237806020335797,20.0,15.0,False,False
057af272-6f700aef.jpg,low_light,4,4.130863561077821,50.0,19.0,False,False
05d62296-30c620d5.jpg,low_light,4,4.153784397459683,135.0,4.0,False,False
05e5a68e-f0e05a42.jpg,low_light,4,4.024379341160934,,24.0,True,False
05fa6494-8f436d04.jpg,low_light,4,3.900855731493846,35.0,18.0,False,False
060039d9-5218402b.jpg,low_light,4,4.086173584114954,25.0,14.0,False,False
064aa0d6-f75ff4d5.jpg,low_light,4,4.074541140632768,28.0,42.0,False,False
07de5062-ddddcbd7.jpg,low_light,4,4.3556938479725655,90.0,2.0,False,False
088351d1-30833ddc.jpg,low_light,4,4.194473085734551,12.0,,False,True
08a49c01-675d3899.jpg,low_light,4,4.112761135425351,7.0,5.0,False,False
08d4285a-4a25b9b6.jpg,low_light,4,3.9517241603345106,429.0,18.0,False,False
09ac21d6-eefa8ed0.jpg,low_light,4,3.5616255199053724,3.0,6.0,False,False
0a0a0b1a-7c39d841.jpg,low_light,4,4.241060423007201,34.0,12.0,False,False
0af6039a-f3c91319.jpg,low_light,4,4.062975062360845,8.0,47.0,False,False
0b2f5d0d-8fddc1fc.jpg,low_light,4,4.062810655988521,11.0,12.0,False,False
0b4225f9-bfb10f88.jpg,low_light,4,4.147573584786765,80.0,159.0,False,False
0ba08fe3-880ae118.jpg,low_light,4,3.9367992728687238,15.0,52.0,False,False
0c2f33b9-f94d69b5.jpg,low_light,4,4.055440632012459,11.0,19.0,False,False
0c984e6d-2b5d7ee4.jpg,low_light,4,4.007683202992355,70.0,4.0,False,False
0cb67a01-7cf1687e.jpg,low_light,4,4.22633963593859,17.0,11.0,False,False
0cc6f3e8-b4c9e348.jpg,low_light,4,3.978246824094826,29.0,247.0,False,False
0cf398b3-ce65ab64.jpg,low_light,4,3.0442006556468244,3.0,6.0,False,False
0d3ec56a-f4cead6f.jpg,low_light,4,4.052312354127427,16.0,44.0,False,False
0d61234a-542010b2.jpg,low_light,4,3.2450681586192913,35.0,10.0,False,False
0e442b65-b17e0b50.jpg,low_light,4,4.2707160829887405,7.0,26.0,False,False
0e5c7e92-0d9c60f0.jpg,low_light,4,3.9573668370264996,29.0,31.0,False,False
0f837def-9646c091.jpg,low_light,4,4.164675612820117,7.0,1.0,False,False
0fba84f9-73b520ee.jpg,low_light,4,4.1087736699806845,6.0,45.0,False,False
101a0964-930eae70.jpg,low_light,4,3.661375435253658,2.0,1.0,False,False
10389fe8-433c740c.jpg,low_light,4,3.711178895559699,62.0,42.0,False,False
10453a95-40759ac3.jpg,low_light,4,4.037687670085763,18.0,21.0,False,False
1072195f-0a161ade.jpg,low_light,4,4.045905847984388,5.0,15.0,False,False
1072195f-6cf88b25.jpg,low_light,4,4.135673891534927,35.0,5.0,False,False
11513e3d-150058c3.jpg,low_light,4,4.234464648117916,65.0,90.0,False,False
1189ae68-1a8ad3c6.jpg,low_light,4,4.120510478571845,10.0,38.0,False,False
12076ebb-c07285d7.jpg,low_light,4,4.081941222821677,39.0,38.0,False,False
125134e5-7dfc45b9.jpg,low_light,4,4.0636572343410995,8.0,0.0,False,False
12ae9ab8-794f5adc.jpg,low_light,4,3.998907017825575,1.0,4.0,False,False
13f61134-50021e53.jpg,low_light,4,4.2493877310553945,150.0,,False,True
14eace5a-ddf3b303.jpg,low_light,4,4.136005345939795,4.0,33.0,False,False
1608cfe7-32da2c5d.jpg,low_light,4,3.8672093384480277,11.0,48.0,False,False
162995f1-d2c7d259.jpg,low_light,4,4.227088054141949,45.0,31.0,False,False
16b0973f-c07b564a.jpg,low_light,4,3.799200717229149,101.0,9.0,False,False
1784d67b-6b223914.jpg,low_light,4,4.126323897518595,10.0,12.0,False,False
1784d67b-d76145ce.jpg,low_light,4,4.180341418291647,66.0,10.0,False,False
188c58f3-792afc71.jpg,low_light,4,3.7290500317765245,37.0,184.0,False,False
193f7f3b-84bc7998.jpg,low_light,4,4.11251234705383,22.0,56.0,False,False
194058b0-ac0616a6.jpg,low_light,4,4.0430641613821265,10.0,390.0,False,False
19e56249-09c4bbc6.jpg,low_light,4,4.162558611980676,19.0,77.0,False,False
1a71faae-d5f255fd.jpg,low_light,4,4.238857702329379,9.0,3.0,False,False
1a8992a7-da5a8510.jpg,low_light,4,4.206970333156109,35.0,33.0,False,False
1ac0178c-0b259360.jpg,low_light,4,4.254689154439796,112.0,11.0,False,False
1b30f76f-95aa8a06.jpg,low_light,4,4.162891828385611,1.0,36.0,False,False
1bda5a26-420ceea6.jpg,low_light,4,4.111460756715221,9.0,26.0,False,False
1bf7f3d2-15f95138.jpg,low_light,4,4.134428757473164,13.0,21.0,False,False
1c227a12-10e5552c.jpg,low_light,4,4.224750152852405,35.0,6.0,False,False
1c227a12-ec67af93.jpg,low_light,4,4.19350780967033,3.0,70.0,False,False
1c5e9657-2e2a2863.jpg,low_light,4,3.8628857481931727,35.0,2.0,False,False
1cb2a89b-4594573e.jpg,low_light,4,4.2846039134971345,36.0,81.0,False,False
1cf54809-c6daa5a9.jpg,low_light,4,3.8808258883493254,1.0,14.0,False,False
1d5e05f8-5020f67d.jpg,low_light,4,4.249045392209116,21.0,3.0,False,False
1e57ae90-806bc767.jpg,low_light,4,4.353280501519155,,2.0,True,False
1f959fdd-6ff63d34.jpg,low_light,4,4.118340266976164,22.0,19.0,False,False
1fa65acf-d43367bc.jpg,low_light,4,3.8156616961135983,5.0,41.0,False,False
20cfadfa-47711496.jpg,low_light,4,4.032655796761235,32.0,52.0,False,False
20cfadfa-6f87fdc1.jpg,low_light,4,4.131823121427424,4.0,3.0,False,False
225a1858-0e3a4b04.jpg,low_light,4,4.114994310430643,,,True,True
22be2f14-59fbdca0.jpg,low_light,4,4.1442724835639755,2.0,8.0,False,False
23333f35-0cbc3f0f.jpg,low_light,4,4.201525831619857,71.0,22.0,False,False
23df146f-64b50e4c.jpg,low_light,4,4.287017114481544,7.0,3.0,False,False
24392d7c-998011c2.jpg,low_light,4,4.149235466998564,4.0,120.0,False,False
250e7595-b14da270.jpg,low_light,4,4.0963680430386304,8.0,105.0,False,False
26190b83-39ccb412.jpg,low_light,4,4.1041809592151335,83.0,9.0,False,False
272d52f6-8aac36b3.jpg,low_light,4,3.7229303828765934,67.0,25.0,False,False
2752681a-e813599a.jpg,low_light,4,4.154391540680682,23.0,35.0,False,False
27645526-f038b033.jpg,low_light,4,3.68839290671024,33.0,291.0,False,False
2773af6f-23e23a6b.jpg,low_light,4,3.8466437706627654,4.0,30.0,False,False
28faf684-03ef4c6e.jpg,low_light,4,4.340032015172995,7.0,5.0,False,False
292720ee-d847ee69.jpg,low_light,4,4.341178483482525,17.0,3.0,False,False
2b54fe2d-c5b810e6.jpg,low_light,4,3.767720971720065,23.0,31.0,False,False
2b605c48-8dfe352b.jpg,low_light,4,3.969643042570539,10.0,49.0,False,False
2beccce2-354608e2.jpg,low_light,4,3.9865356938717507,20.0,149.0,False,False
2c87e51d-aa7a8031.jpg,low_light,4,4.15518174751066,76.0,93.0,False,False
2ce0b449-e818dc97.jpg,low_light,4,4.159902988115088,14.0,52.0,False,False
2cf976a2-479cd46b.jpg,low_light,4,4.066458699376732,46.0,17.0,False,False
2e2fae77-b7497ca0.jpg,low_light,4,3.899190811084994,1.0,27.0,False,False
2ead8042-2493c03f.jpg,low_light,4,3.8715852572204277,23.0,17.0,False,False
2f1864c1-1a17d11c.jpg,low_light,4,3.62491511170967,8.0,14.0,False,False
2f879dc0-b09e4824.jpg,low_light,4,4.184817398013447,6.0,4.0,False,False
2fc9ad1e-ee4c9e43.jpg,low_light,4,4.164441263939603,21.0,21.0,False,False
3050b249-0ffbd6ec.jpg,low_light,4,4.094216434965931,7.0,119.0,False,False
314cc010-3eab5c90.jpg,low_light,4,4.01191101360989,46.0,143.0,False,False
31765c6b-90b0d612.jpg,low_light,4,3.9971577052905043,6.0,34.0,False,False
31cf6eba-5c84c636.jpg,low_light,4,4.038503204638355,0.0,18.0,False,False
32de2244-122f1783.jpg,low_light,4,4.393182614025822,5.0,10.0,False,False
33420085-32996107.jpg,low_light,4,4.4072726341224335,2.0,33.0,False,False
3430a5e6-00ec38d2.jpg,low_light,4,3.198292095556682,81.0,35.0,False,False
35eb46d0-8f7e28a0.jpg,low_light,4,4.298123985763046,5.0,4.0,False,False
3735fc3d-69d8b80c.jpg,low_light,4,4.135783285283593,21.0,3.0,False,False
3740cd4f-ff1d423d.jpg,low_light,4,3.6154692413272627,14.0,9.0,False,False
375abba2-9f2ed56c.jpg,low_light,4,4.054455012138965,17.0,25.0,False,False
37723e55-31730cf5.jpg,low_light,4,3.6638435954939643,155.0,13.0,False,False
380a3f8e-ba4f0def.jpg,low_light,4,4.394409848360501,3.0,2.0,False,False
385b0f61-1aee12ef.jpg,low_light,4,3.87634255321107,43.0,1.0,False,False
3865fea7-b4fe472d.jpg,low_light,4,3.9927607575336364,1.0,24.0,False,False
38e561dd-8ea8ae2d.jpg,low_light,4,4.059261325605421,100.0,22.0,False,False
38ed8d8d-93c48de2.jpg,low_light,4,4.17295822311783,3.0,31.0,False,False
38ed8d8d-b1c230ef.jpg,low_light,4,4.042933451938138,34.0,1.0,False,False
38ed8d8d-fa50400c.jpg,low_light,4,3.973390894773321,6.0,56.0,False,False
3900ad8c-8834019f.jpg,low_light,4,3.9661672626455022,,0.0,False,False
39ddb110-04604b9c.jpg,low_light,4,3.98774451761311,7.0,22.0,False,False
39fc6d1c-6155351d.jpg,low_light,4,4.09154368098742,,258.0,False,False
3a278d39-b92df256.jpg,low_light,4,4.126537252957416,98.0,12.0,False,False
3a3407a2-df8ea956.jpg,low_light,4,4.138483426095069,6.0,7.0,False,False
3ad0c4a7-2a3d544e.jpg,low_light,4,3.953617773859822,24.0,43.0,False,False
3b1e1bc1-ee64e36e.jpg,low_light,4,3.966212644628158,16.0,56.0,False,False
3b44ef5a-c09e8479.jpg,low_light,4,3.964739709961985,39.0,122.0,False,False
3b563c5e-0102edaf.jpg,low_light,4,3.958547605910004,8.0,7.0,False,False
3b9716a6-d2566395.jpg,low_light,4,4.200053067124584,120.0,5.0,False,False
3c0bbdc2-79baffce.jpg,low_light,4,4.2163201507231705,0.0,14.0,False,False
3c5752b6-9c0bdf98.jpg,low_light,4,4.0760529033846495,134.0,57.0,False,False
3c95ae26-68abac3f.jpg,low_light,4,3.910156950673549,17.0,25.0,False,False
3e0f1745-a95a63ad.jpg,low_light,4,3.9532993186471845,3.0,13.0,False,False
3f4eb6a6-9eee52f9.jpg,low_light,4,3.999890479856099,78.0,324.0,False,False
3f85a987-1ef4053b.jpg,low_light,4,4.075587821337922,94.0,213.0,False,False
3fe1feaa-10126fec.jpg,low_light,4,4.05334461643509,39.0,410.0,False,False
3ffdaa26-b394f6f8.jpg,low_light,4,3.788590218512468,,14.0,False,False
4027c10d-41d54e9b.jpg,low_light,4,3.781366443726375,97.0,5.0,False,False
428e99ea-4166e549.jpg,low_light,4,4.2262944568728695,5.0,1.0,False,False
42e0dd11-74b81997.jpg,low_light,4,4.425349750386413,17.0,18.0,False,False
430395d1-931c959e.jpg,low_light,4,4.159860016322828,39.0,,False,False
43126e0d-495d04a5.jpg,low_light,4,4.231829038358602,4.0,11.0,False,False
43126e0d-cce96832.jpg,low_light,4,4.061436582568767,39.0,34.0,False,False
432f9e20-83a0d96c.jpg,low_light,4,4.11883122849765,14.0,4.0,False,False
43c7ed5c-b0690325.jpg,low_light,4,4.114086193305414,2.0,19.0,False,False
44cc16d9-d2e06fd6.jpg,low_light,4,3.8828199439942335,,47.0,True,False
45bafa98-1ee18a2f.jpg,low_light,4,3.865125759603666,27.0,108.0,False,False
46d048a1-8f7f385c.jpg,low_light,4,3.9654545408381203,1.0,51.0,False,False
46f76df9-8bf77914.jpg,low_light,4,4.084727631892708,14.0,45.0,False,False
480263a0-5aad7ae9.jpg,low_light,4,3.9002053794343134,5.0,18.0,False,False
488480d6-b94cf415.jpg,low_light,4,3.942649057920261,75.0,17.0,False,False
48ed707e-5062e4c3.jpg,low_light,4,4.0585411358159345,9.0,6.0,False,False
4a289ff2-7da7feb6.jpg,low_light,4,4.063245264724246,,191.0,True,False
4a31f3e3-ac7ed780.jpg,low_light,4,4.04179159498659,9.0,5.0,False,False
4b2e1dde-65b54419.jpg,low_light,4,3.8668350171299766,38.0,5.0,False,False
4d4a590b-4332c5ab.jpg,low_light,4,4.30037751812536,11.0,5.0,False,False
5069db50-52f5af30.jpg,low_light,4,4.374504696604553,14.0,11.0,False,False
50866f46-30d1f303.jpg,low_light,4,4.161322335757978,13.0,20.0,False,False
50b115d6-4b08a666.jpg,low_light,4,4.192060908183259,44.0,253.0,False,False
50b2e757-6c7d0f63.jpg,low_light,4,4.123171985283808,32.0,18.0,False,False
50d0fd05-8db58ebd.jpg,low_light,4,4.143121314212543,9.0,100.0,False,False
510671e9-603795e0.jpg,low_light,4,4.004209653163796,115.0,20.0,False,False
514a6d58-0790e0cd.jpg,low_light,4,4.164843902963317,6.0,14.0,False,False
5150bb50-300d52ce.jpg,low_light,4,4.172104485448339,8.0,12.0,False,False
52799e9e-8c8673f3.jpg,low_light,4,4.1719224412799605,14.0,27.0,False,False
52bda346-fd8ac6e7.jpg,low_light,4,3.9831279119931247,3.0,108.0,False,False
534418ba-ee05398f.jpg,low_light,4,3.9807978223999334,10.0,386.0,False,False
54360b72-e00a3f70.jpg,low_light,4,4.136212439867151,54.0,7.0,False,False
554d7cd5-a32486dd.jpg,low_light,4,4.322758084145477,2.0,2.0,False,False
559fed19-7893646f.jpg,low_light,4,3.997704032506551,2.0,178.0,False,False
57165857-e4d4a47f.jpg,low_light,4,4.067765115780386,30.0,14.0,False,False
5795bfe7-a599384a.jpg,low_light,4,3.885610236918004,21.0,15.0,False,False
57ac74e2-e86131f1.jpg,low_light,4,4.090229446717607,2.0,117.0,False,False
57b495f2-6da6b1e5.jpg,low_light,4,4.346260151912761,1.0,,False,True
585443c8-2621a6b1.jpg,low_light,4,4.186766502290661,2.0,34.0,False,False
5877b384-2545daf4.jpg,low_light,4,3.9355887422769826,13.0,18.0,False,False
587bb1bf-1aa00fe5.jpg,low_light,4,4.132099462188928,21.0,13.0,False,False
5995c288-2d152172.jpg,low_light,4,4.041399298987596,10.0,,False,False
59cde7c7-344bffb1.jpg,low_light,4,4.138739748786828,8.0,57.0,False,False
5a8f9b5d-1fdfd2d4.jpg,low_light,4,4.145100935438627,155.0,3.0,False,False
5ae83f9c-da990b49.jpg,low_light,4,4.0823550153370896,4.0,84.0,False,False
5b2b4881-67a6cb87.jpg,low_light,4,3.9397415467259203,17.0,7.0,False,False
5b2fd56a-37759b05.jpg,low_light,4,4.151828404499573,48.0,159.0,False,False
5b4b0b07-2fb56b82.jpg,low_light,4,4.0870854660715,78.0,24.0,False,False
5bc44a50-c371c4d0.jpg,low_light,4,3.9909797054376583,66.0,2.0,False,False
5c4004b7-bf3b7941.jpg,low_light,4,4.129433279869122,31.0,16.0,False,False
5c534f5f-a76c7f4b.jpg,low_light,4,4.05770362676499,1.0,40.0,False,False
5c5dc708-35460444.jpg,low_light,4,3.9060357228698517,17.0,388.0,False,False
5da6c6b6-76c54605.jpg,low_light,4,3.969211566902394,9.0,14.0,False,False
5dc5141c-5890b5b1.jpg,low_light,4,4.189549118760819,16.0,22.0,False,False
5dd831da-bd00cf03.jpg,low_light,4,4.020465155291161,9.0,18.0,False,False
5dfb063f-7bd23d5c.jpg,low_light,4,4.228322645963602,2.0,1.0,False,False
5e0b701e-d443d8c2.jpg,low_light,4,4.076295746316655,32.0,58.0,False,False
5e26f49d-0bc53c7e.jpg,low_light,4,4.303052495529239,3.0,15.0,False,False
5e26f49d-9271bf00.jpg,low_light,4,3.9223547661215097,4.0,4.0,False,False
5e625ec3-7b4fc682.jpg,low_light,4,4.066474156785235,31.0,18.0,False,False
5f9387ff-330136ae.jpg,low_light,4,3.926957873884392,70.0,2.0,False,False
5fa17a25-88b8e6b9.jpg,low_light,4,4.056087600823225,7.0,1.0,False,False
5fa422e1-2d8dd765.jpg,low_light,4,3.6716174997780686,15.0,14.0,False,False
5fb2a702-f56a339c.jpg,low_light,4,4.072166293305489,21.0,82.0,False,False
6011831b-0992e205.jpg,low_light,4,3.9846553620106477,13.0,29.0,False,False
60137cc0-428b8f5b.jpg,low_light,4,4.0913931001095065,20.0,83.0,False,False
604b5b3e-3c2e6b6b.jpg,low_light,4,4.128505801630794,0.0,11.0,False,False
6092f5a2-424550ba.jpg,low_light,4,4.158913638419154,51.0,3.0,False,False
60ba25dd-6c0df417.jpg,low_light,4,3.9227436607873543,55.0,2.0,False,False
60c678e7-4813ae0f.jpg,low_light,4,3.901914609573857,52.0,368.0,False,False
614ecada-16b0f8b6.jpg,low_light,4,4.034603881539159,17.0,12.0,False,False
61e4ad87-53ceb455.jpg,low_light,4,4.03428860264391,8.0,59.0,False,False
6240d7b3-b51b5788.jpg,low_light,4,4.121682050238268,7.0,25.0,False,False
62aefb36-b685117f.jpg,low_light,4,4.023428117886566,10.0,9.0,False,False
634c1785-3bb9a8a2.jpg,low_light,4,3.979581923899658,3.0,24.0,False,False
634c1785-aeb1652f.jpg,low_light,4,3.9412236070166196,91.0,11.0,False,False
63f73472-028615f1.jpg,low_light,4,3.9841877787874935,11.0,0.0,False,False
6485ad0a-245d1600.jpg,low_light,4,4.197612491176764,4.0,11.0,False,False
648dc925-e359dbec.jpg,low_light,4,4.339591026011712,24.0,18.0,False,False
65edc5a1-f309fed7.jpg,low_light,4,4.094013452711179,0.0,1.0,False,False
661381d9-1114a810.jpg,low_light,4,3.8942717260176574,1.0,26.0,False,False
664cb246-f84cfaf4.jpg,low_light,4,4.163003349589508,8.0,11.0,False,False
675cf8fa-4b1ce8b9.jpg,low_light,4,3.9111114645579956,58.0,8.0,False,False
67faeadf-eb09a636.jpg,low_light,4,4.007742217535134,1.0,4.0,False,False
691be377-5dbc29ee.jpg,low_light,4,4.253515740524097,7.0,3.0,False,False
692f1303-05178963.jpg,low_light,4,4.169313404841049,51.0,,False,True
692f9b08-bdbbd729.jpg,low_light,4,4.212026373621649,3.0,4.0,False,False
69bfbe31-5ee2a642.jpg,low_light,4,4.041212326474376,40.0,5.0,False,False
69cf7667-68f59649.jpg,low_light,4,4.1825073368594525,3.0,5.0,False,False
69cf7667-7eb40860.jpg,low_light,4,3.9900454204645164,15.0,25.0,False,False
6a44fb9a-05a3dd18.jpg,low_light,4,4.129804851154662,22.0,3.0,False,False
6a793e80-4f5e207f.jpg,low_light,4,4.369124782398895,4.0,63.0,False,False
6a82c0d6-b31f6b90.jpg,low_light,4,4.102786192215527,1.0,61.0,False,False
6a8d218d-14e4fa28.jpg,low_light,4,4.308187564571025,10.0,167.0,False,False
6ad110c3-789e7724.jpg,low_light,4,3.9946090567268433,15.0,14.0,False,False
6b15392a-3a1699fd.jpg,low_light,4,3.7045683767468525,2.0,11.0,False,False
6b784eee-0a5a2c89.jpg,low_light,4,4.131710850234489,11.0,277.0,False,False
6bb5a881-15e5c2c4.jpg,low_light,4,4.475736701289183,1.0,6.0,False,False
6bd41587-d65ba5b4.jpg,low_light,4,4.051229050027951,3.0,0.0,False,False
6d0d7bef-fb11b6e1.jpg,low_light,4,4.168986697427298,30.0,7.0,False,False
6d57736c-a35808b9.jpg,low_light,4,4.3724927247620835,0.0,56.0,False,False
6d8a6d94-00a7ad92.jpg,low_light,4,4.111467308857956,60.0,2.0,False,False
6eeed3fa-87a1b0c9.jpg,low_light,4,4.002221480658303,7.0,51.0,False,False
701992bd-8a457895.jpg,low_light,4,4.173565252239683,6.0,24.0,False,False
7171644d-4e74752e.jpg,low_light,4,4.186102762241052,19.0,19.0,False,False
7171644d-ee92c71e.jpg,low_light,4,4.156965926881215,31.0,12.0,False,False
72f22fa5-8af4615c.jpg,low_light,4,4.262992008879772,40.0,19.0,False,False
72fd00fe-aeadfc89.jpg,low_light,4,4.483665303862374,40.0,14.0,False,False
730c67a5-563e9b1f.jpg,low_light,4,4.4752587904649825,1.0,15.0,False,False
738a2bcd-7a6fde0d.jpg,low_light,4,4.20297897699949,1.0,80.0,False,False
73aff960-d46366ec.jpg,low_light,4,4.018567831310792,1.0,3.0,False,False
73d338d6-edf0b3db.jpg,low_light,4,4.28269921961371,37.0,51.0,False,False
75ad1fff-77299093.jpg,low_light,4,3.975340594028242,28.0,26.0,False,False
75f5f52c-6b67e736.jpg,low_light,4,2.7820313437219077,14.0,18.0,False,False
777005a8-14c739ad.jpg,low_light,4,4.206585725281593,81.0,172.0,False,False
7771e03b-832e52c0.jpg,low_light,4,4.266781368394487,,3.0,True,False
7771e03b-a8f9d50c.jpg,low_light,4,4.1205208827090285,105.0,14.0,False,False
7797fea2-c37f9856.jpg,low_light,4,4.051694140514562,19.0,23.0,False,False
77bdbeb0-edb0613f.jpg,low_light,4,3.981765149515012,18.0,18.0,False,False
77dca577-16a39ea0.jpg,low_light,4,4.110088607056158,5.0,14.0,False,False
77f810c4-43a39c1f.jpg,low_light,4,3.999631269214246,39.0,199.0,False,False
7814206e-8e991d51.jpg,low_light,4,4.169037562432897,14.0,6.0,False,False
7814206e-ea2508d0.jpg,low_light,4,4.152250388175031,3.0,99.0,False,False
79e177bc-4d5d3acc.jpg,low_light,4,3.9521154237928573,13.0,1.0,False,False
7aa4ff0f-9d28d8a4.jpg,low_light,4,4.400390238850204,21.0,294.0,False,False
7ad1174c-373265eb.jpg,low_light,4,3.9463118579292447,74.0,256.0,False,False
7b268b98-e0ec16c3.jpg,low_light,4,4.37454614066601,17.0,1.0,False,False
7c5a2048-332896ea.jpg,low_light,4,4.1592574667208835,237.0,492.0,False,False
7c5d50c5-7292de37.jpg,low_light,4,4.0097858162331015,15.0,2.0,False,False
7d1fe115-936a2f47.jpg,low_light,4,4.197100856210082,17.0,25.0,False,False
7dc2914d-a20a969a.jpg,low_light,4,4.227068196671325,3.0,8.0,False,False
7e4ab78b-4a62c63e.jpg,low_light,4,4.13653825586812,9.0,140.0,False,False
7e590c49-93f03732.jpg,low_light,4,3.9217181012709865,157.0,1.0,False,False
7ed57d0a-d7bcc13d.jpg,low_light,4,4.059058589639278,23.0,56.0,False,False
7f0ef682-c93899df.jpg,low_light,4,3.9179549788361174,8.0,50.0,False,False
7f4ac354-777de900.jpg,low_light,4,3.7896194478383123,14.0,18.0,False,False
7f9bdf0d-c0e0061f.jpg,low_light,4,3.7927700110843365,6.0,182.0,False,False
7fd14da9-a855494b.jpg,low_light,4,4.328275698681351,28.0,170.0,False,False
801bff84-a72998c7.jpg,low_light,4,4.30737605321262,5.0,112.0,False,False
8073de38-f7eab6ec.jpg,low_light,4,4.139930321013236,16.0,30.0,False,False
8082ea05-1a7bcd47.jpg,low_light,4,4.0507741497151875,4.0,13.0,False,False
80ecebc0-ca9605f4.jpg,low_light,4,4.077823823903735,407.0,629.0,False,False
81ec3b39-1951f79e.jpg,low_light,4,4.102350228716263,61.0,12.0,False,False
82b14c0c-79b99258.jpg,low_light,4,4.086877100380466,48.0,9.0,False,False
82b5fc3b-90cadd1b.jpg,low_light,4,3.768693440805053,7.0,24.0,False,False
82f03471-8e304dd5.jpg,low_light,4,4.143381692243309,39.0,160.0,False,False
836fa13a-d6058a12.jpg,low_light,4,4.361281231735032,40.0,22.0,False,False
84fb3f59-7d5d1fa4.jpg,low_light,4,3.9332519958342305,1.0,47.0,False,False
8542b4da-7795bcfd.jpg,low_light,4,4.423318847486165,2.0,1.0,False,False
85f3f250-1fef85ac.jpg,low_light,4,4.060729242400543,1.0,32.0,False,False
87ca2979-d5158824.jpg,low_light,4,4.243854023254508,31.0,43.0,False,False
889b7dda-77f16103.jpg,low_light,4,3.820172707142111,50.0,6.0,False,False
88dbf01a-d8b35dee.jpg,low_light,4,3.9364090047671123,58.0,26.0,False,False
897223bc-6938f1ab.jpg,low_light,4,3.9118466155292086,105.0,14.0,False,False
89b7454d-880eacbd.jpg,low_light,4,4.087026391576266,43.0,39.0,False,False
89e85e71-7dd0a7b6.jpg,low_light,4,3.8230115834483596,50.0,90.0,False,False
8a4fbffe-47866ce9.jpg,low_light,4,4.022355741963793,1.0,7.0,False,False
8a76c101-8bcefc32.jpg,low_light,4,4.320944443319265,,47.0,True,False
8b7ef6c4-6bbcf25f.jpg,low_light,4,3.995818817299363,33.0,44.0,False,False
8bac644e-e0437ead.jpg,low_light,4,4.115637026117889,,55.0,False,False
8c94c649-8ba62efa.jpg,low_light,4,4.074503216957036,31.0,32.0,False,False
8c9bbaa9-34934b66.jpg,low_light,4,3.9955515000109325,5.0,35.0,False,False
0049e5b8-725e21a0.jpg,low_light,5,2.94630525073806,11.0,7.0,False,False
0081e27b-17bf4a9e.jpg,low_light,5,2.9508027862750064,11.0,39.0,False,False
00beeb02-50440dcd.jpg,low_light,5,2.9529529298634127,2.0,10.0,False,False
00d4b6b7-7d0a60bf.jpg,low_light,5,2.9594309554085974,26.0,269.0,False,False
01118704-2d838d7f.jpg,low_light,5,2.9808551315906544,10.0,8.0,False,False
0115917e-14907a6a.jpg,low_light,5,2.8565712132214416,37.0,3.0,False,False
02188a44-65ad27f3.jpg,low_light,5,2.7216306855730243,10.0,20.0,False,False
02494b7b-079febf8.jpg,low_light,5,2.9677152973990504,16.0,17.0,False,False
029ffd50-dc944dba.jpg,low_light,5,2.8941083283205016,13.0,52.0,False,False
0464a98b-860229d5.jpg,low_light,5,3.033340230169321,33.0,8.0,False,False
051aadb7-51aad566.jpg,low_light,5,2.9828850287072672,38.0,75.0,False,False
051aadb7-e953bc4d.jpg,low_light,5,2.9238399736300424,3.0,3.0,False,False
05743a9b-747658e7.jpg,low_light,5,3.0231020216821083,20.0,5.0,False,False
057af272-6f700aef.jpg,low_light,5,2.956552983308498,40.0,39.0,False,False
05d62296-30c620d5.jpg,low_light,5,2.971863495325003,9.0,5.0,False,False
05e5a68e-f0e05a42.jpg,low_light,5,2.8826200541523668,233.0,30.0,False,False
05fa6494-8f436d04.jpg,low_light,5,2.802098901047574,19.0,9.0,False,False
060039d9-5218402b.jpg,low_light,5,2.9284565198089507,22.0,12.0,False,False
064aa0d6-f75ff4d5.jpg,low_light,5,2.9199368426112695,36.0,64.0,False,False
07de5062-ddddcbd7.jpg,low_light,5,3.105172163298528,123.0,31.0,False,False
088351d1-30833ddc.jpg,low_light,5,2.9960086594901023,56.0,44.0,False,False
08a49c01-675d3899.jpg,low_light,5,2.9414039445512694,6.0,7.0,False,False
08d4285a-4a25b9b6.jpg,low_light,5,2.834920886506996,429.0,11.0,False,False
09ac21d6-eefa8ed0.jpg,low_light,5,2.568949430313723,4.0,4.0,False,False
0a0a0b1a-7c39d841.jpg,low_light,5,3.028596930136433,24.0,270.0,False,False
0af6039a-f3c91319.jpg,low_light,5,2.910818281253993,1.0,20.0,False,False
0b2f5d0d-8fddc1fc.jpg,low_light,5,2.911921865563489,2.0,34.0,False,False
0b4225f9-bfb10f88.jpg,low_light,5,2.9652068992354237,80.0,22.0,False,False
0ba08fe3-880ae118.jpg,low_light,5,2.826006455940679,15.0,6.0,False,False
0c2f33b9-f94d69b5.jpg,low_light,5,2.906320539194524,36.0,20.0,False,False
0c984e6d-2b5d7ee4.jpg,low_light,5,2.873212804325422,67.0,1.0,False,False
0cb67a01-7cf1687e.jpg,low_light,5,3.0137150254835987,7.0,416.0,False,False
0cc6f3e8-b4c9e348.jpg,low_light,5,2.8522753226426953,18.0,162.0,False,False
0cf398b3-ce65ab64.jpg,low_light,5,2.2206430070752314,21.0,30.0,False,False
0d3ec56a-f4cead6f.jpg,low_light,5,2.9014503525973834,0.0,37.0,False,False
0d61234a-542010b2.jpg,low_light,5,2.347485972329524,17.0,19.0,False,False
0e442b65-b17e0b50.jpg,low_light,5,3.0504948774238168,13.0,31.0,False,False
0e5c7e92-0d9c60f0.jpg,low_light,5,2.8416935267827,8.0,18.0,False,False
0f837def-9646c091.jpg,low_light,5,2.9763364491281985,5.0,2.0,False,False
0fba84f9-73b520ee.jpg,low_light,5,2.942136727546842,11.0,46.0,False,False
101a0964-930eae70.jpg,low_light,5,2.6344782060109724,18.0,8.0,False,False
10389fe8-433c740c.jpg,low_light,5,2.6691388511090732,72.0,8.0,False,False
10453a95-40759ac3.jpg,low_light,5,2.8918489733545187,31.0,3.0,False,False
1072195f-0a161ade.jpg,low_light,5,2.897159220243603,3.0,26.0,False,False
1072195f-6cf88b25.jpg,low_light,5,2.9571476192880226,,5.0,True,False
11513e3d-150058c3.jpg,low_light,5,3.0258263297898234,0.0,70.0,False,False
1189ae68-1a8ad3c6.jpg,low_light,5,2.947019222898726,18.0,41.0,False,False
12076ebb-c07285d7.jpg,low_light,5,2.9242306941334526,11.0,53.0,False,False
125134e5-7dfc45b9.jpg,low_light,5,2.9085544096455793,4.0,4.0,False,False
12ae9ab8-794f5adc.jpg,low_light,5,2.865250039018124,14.0,8.0,False,False
13f61134-50021e53.jpg,low_light,5,3.028293364933321,150.0,,False,True
14eace5a-ddf3b303.jpg,low_light,5,2.9568542765617156,5.0,39.0,False,False
1608cfe7-32da2c5d.jpg,low_light,5,2.7754462910654625,18.0,55.0,False,False
162995f1-d2c7d259.jpg,low_light,5,3.019823381612197,43.0,236.0,False,False
16b0973f-c07b564a.jpg,low_light,5,2.735561218027993,38.0,9.0,False,False
1784d67b-6b223914.jpg,low_light,5,2.9540367967506103,17.0,24.0,False,False
1784d67b-d76145ce.jpg,low_light,5,2.9883020740976747,43.0,12.0,False,False
188c58f3-792afc71.jpg,low_light,5,2.686304270053446,134.0,21.0,False,False
193f7f3b-84bc7998.jpg,low_light,5,2.942751827015711,14.0,3.0,False,False
194058b0-ac0616a6.jpg,low_light,5,2.897928743206715,3.0,395.0,False,False
19e56249-09c4bbc6.jpg,low_light,5,2.9691562897121466,31.0,46.0,False,False
1a71faae-d5f255fd.jpg,low_light,5,3.0264760035733893,14.0,3.0,False,False
1a8992a7-da5a8510.jpg,low_light,5,3.007299961134984,38.0,39.0,False,False
1ac0178c-0b259360.jpg,low_light,5,3.031792837862147,24.0,11.0,False,False
1b30f76f-95aa8a06.jpg,low_light,5,2.97401200010341,4.0,14.0,False,False
1bda5a26-420ceea6.jpg,low_light,5,2.9438937504160796,11.0,25.0,False,False
1bf7f3d2-15f95138.jpg,low_light,5,2.9602559391494188,13.0,16.0,False,False
1c227a12-10e5552c.jpg,low_light,5,3.0182855377793856,9.0,6.0,False,False
1c227a12-ec67af93.jpg,low_light,5,2.996541545206994,3.0,37.0,False,False
1c5e9657-2e2a2863.jpg,low_light,5,2.7742274862491505,28.0,14.0,False,False
1cb2a89b-4594573e.jpg,low_light,5,3.0638395736043647,35.0,53.0,False,False
1cf54809-c6daa5a9.jpg,low_light,5,2.79062732118948,12.0,72.0,False,False
1d5e05f8-5020f67d.jpg,low_light,5,3.0340727510442687,25.0,4.0,False,False
1e57ae90-806bc767.jpg,low_light,5,3.106545536102221,385.0,2.0,False,False
1f959fdd-6ff63d34.jpg,low_light,5,2.9435199975317614,1.0,30.0,False,False
1fa65acf-d43367bc.jpg,low_light,5,2.7438777996764334,55.0,3.0,False,False
20cfadfa-47711496.jpg,low_light,5,2.8904847343217703,27.0,49.0,False,False
20cfadfa-6f87fdc1.jpg,low_light,5,2.955274343118395,2.0,5.0,False,False
225a1858-0e3a4b04.jpg,low_light,5,2.940804556979824,38.0,,False,True
22be2f14-59fbdca0.jpg,low_light,5,2.9636108946740007,38.0,23.0,False,False
23333f35-0cbc3f0f.jpg,low_light,5,3.003019576346175,27.0,21.0,False,False
23df146f-64b50e4c.jpg,low_light,5,3.055185953907654,10.0,2.0,False,False
24392d7c-998011c2.jpg,low_light,5,2.963087547318529,23.0,116.0,False,False
250e7595-b14da270.jpg,low_light,5,2.9316204709731206,0.0,2.0,False,False
26190b83-39ccb412.jpg,low_light,5,2.9435081035888917,6.0,10.0,False,False
272d52f6-8aac36b3.jpg,low_light,5,2.6789373018789844,25.0,21.0,False,False
2752681a-e813599a.jpg,low_light,5,2.969833824788473,11.0,34.0,False,False
27645526-f038b033.jpg,low_light,5,2.659118103029333,5.0,291.0,False,False
2773af6f-23e23a6b.jpg,low_light,5,2.7634384127830365,5.0,58.0,False,False
28faf684-03ef4c6e.jpg,low_light,5,3.1003529372284677,9.0,2.0,False,False
292720ee-d847ee69.jpg,low_light,5,3.091458667338819,16.0,15.0,False,False
2b54fe2d-c5b810e6.jpg,low_light,5,2.707877722401814,23.0,5.0,False,False
2b605c48-8dfe352b.jpg,low_light,5,2.8458974671753845,19.0,1.0,False,False
2beccce2-354608e2.jpg,low_light,5,2.8604426920782178,26.0,196.0,False,False
2c87e51d-aa7a8031.jpg,low_light,5,2.9690299873126964,95.0,,False,True
2ce0b449-e818dc97.jpg,low_light,5,2.9683010215794274,17.0,22.0,False,False
2cf976a2-479cd46b.jpg,low_light,5,2.9162834222836076,36.0,32.0,False,False
2e2fae77-b7497ca0.jpg,low_light,5,2.7992661411641424,,109.0,True,False
2ead8042-2493c03f.jpg,low_light,5,2.781114505398455,1.0,12.0,False,False
2f1864c1-1a17d11c.jpg,low_light,5,2.610322535033567,13.0,14.0,False,False
2f879dc0-b09e4824.jpg,low_light,5,2.9879570527502564,51.0,24.0,False,False
2fc9ad1e-ee4c9e43.jpg,low_light,5,2.9789837515263446,5.0,6.0,False,False
3050b249-0ffbd6ec.jpg,low_light,5,2.9270275657634643,0.0,122.0,False,False
314cc010-3eab5c90.jpg,low_light,5,2.8716632973336074,46.0,5.0,False,False
31765c6b-90b0d612.jpg,low_light,5,2.867591738584507,7.0,5.0,False,False
31cf6eba-5c84c636.jpg,low_light,5,2.89836181280823,1.0,22.0,False,False
32de2244-122f1783.jpg,low_light,5,3.1280489842192516,12.0,10.0,False,False
33420085-32996107.jpg,low_light,5,3.1359553587476254,4.0,27.0,False,False
3430a5e6-00ec38d2.jpg,low_light,5,2.327434911173338,69.0,15.0,False,False
35eb46d0-8f7e28a0.jpg,low_light,5,3.0648258954642538,1.0,2.0,False,False
3735fc3d-69d8b80c.jpg,low_light,5,2.9572686180715664,31.0,3.0,False,False
3740cd4f-ff1d423d.jpg,low_light,5,2.609735048413363,8.0,8.0,False,False
375abba2-9f2ed56c.jpg,low_light,5,2.9024883600212297,6.0,274.0,False,False
37723e55-31730cf5.jpg,low_light,5,2.638210938783612,163.0,6.0,False,False
380a3f8e-ba4f0def.jpg,low_light,5,3.127729139171098,15.0,24.0,False,False
385b0f61-1aee12ef.jpg,low_light,5,2.7838408625017634,45.0,9.0,False,False
3865fea7-b4fe472d.jpg,low_light,5,2.8591305232727477,34.0,24.0,False,False
38e561dd-8ea8ae2d.jpg,low_light,5,2.9073729659901053,3.0,16.0,False,False
38ed8d8d-93c48de2.jpg,low_light,5,2.9845556569987868,16.0,39.0,False,False
38ed8d8d-b1c230ef.jpg,low_light,5,2.8983544584322245,15.0,7.0,False,False
38ed8d8d-fa50400c.jpg,low_light,5,2.8496760400804315,3.0,22.0,False,False
3900ad8c-8834019f.jpg,low_light,5,2.846942577385888,,6.0,False,False
39ddb110-04604b9c.jpg,low_light,5,2.8595679473061075,21.0,16.0,False,False
39fc6d1c-6155351d.jpg,low_light,5,2.9293264264850327,,42.0,False,False
3a278d39-b92df256.jpg,low_light,5,2.952935669698241,7.0,4.0,False,False
3a3407a2-df8ea956.jpg,low_light,5,2.965522100830956,4.0,9.0,False,False
3ad0c4a7-2a3d544e.jpg,low_light,5,2.837714060619932,99.0,39.0,False,False
3b1e1bc1-ee64e36e.jpg,low_light,5,2.846042555089823,20.0,526.0,False,False
3b44ef5a-c09e8479.jpg,low_light,5,2.8410115962562417,12.0,139.0,False,False
3b563c5e-0102edaf.jpg,low_light,5,2.8424858160664783,3.0,3.0,False,False
3b9716a6-d2566395.jpg,low_light,5,2.9979444779156856,9.0,4.0,False,False
3c0bbdc2-79baffce.jpg,low_light,5,3.0159149942478614,0.0,1.0,False,False
3c5752b6-9c0bdf98.jpg,low_light,5,2.911950651480728,99.0,72.0,False,False
3c95ae26-68abac3f.jpg,low_light,5,2.8044185778873416,10.0,26.0,False,False
3e0f1745-a95a63ad.jpg,low_light,5,2.8364028138861226,11.0,9.0,False,False
3f4eb6a6-9eee52f9.jpg,low_light,5,2.867745333460163,57.0,326.0,False,False
3f85a987-1ef4053b.jpg,low_light,5,2.9170696726727963,0.0,144.0,False,False
3fe1feaa-10126fec.jpg,low_light,5,2.902930428902634,23.0,,False,True
3ffdaa26-b394f6f8.jpg,low_light,5,2.726351254322731,,18.0,False,False
4027c10d-41d54e9b.jpg,low_light,5,2.7158446187060763,95.0,20.0,False,False
428e99ea-4166e549.jpg,low_light,5,3.018790338396692,7.0,19.0,False,False
42e0dd11-74b81997.jpg,low_light,5,3.146905559501789,16.0,16.0,False,False
430395d1-931c959e.jpg,low_light,5,2.9745645188817376,33.0,,False,False
43126e0d-495d04a5.jpg,low_light,5,3.026077445021784,3.0,12.0,False,False
43126e0d-cce96832.jpg,low_light,5,2.9111311931492305,38.0,4.0,False,False
432f9e20-83a0d96c.jpg,low_light,5,2.9551643082504264,5.0,7.0,False,False
43c7ed5c-b0690325.jpg,low_light,5,2.9419843217149517,1.0,0.0,False,False
44cc16d9-d2e06fd6.jpg,low_light,5,2.786419023764931,,39.0,True,False
45bafa98-1ee18a2f.jpg,low_light,5,2.7746371701037553,29.0,28.0,False,False
46d048a1-8f7f385c.jpg,low_light,5,2.8438399860432027,31.0,1.0,False,False
46f76df9-8bf77914.jpg,low_light,5,2.9224842983960855,10.0,20.0,False,False
480263a0-5aad7ae9.jpg,low_light,5,2.799093340543977,27.0,34.0,False,False
488480d6-b94cf415.jpg,low_light,5,2.8322533832901775,4.0,11.0,False,False
48ed707e-5062e4c3.jpg,low_light,5,2.901510916037516,9.0,13.0,False,False
4a289ff2-7da7feb6.jpg,low_light,5,2.906445686449248,,113.0,True,False
4a31f3e3-ac7ed780.jpg,low_light,5,2.8954479278085197,15.0,13.0,False,False
4b2e1dde-65b54419.jpg,low_light,5,2.7805684240201627,7.0,18.0,False,False
4d4a590b-4332c5ab.jpg,low_light,5,3.065447986191187,19.0,0.0,False,False
5069db50-52f5af30.jpg,low_light,5,3.1147822771377873,6.0,12.0,False,False
50866f46-30d1f303.jpg,low_light,5,2.9778343108733067,3.0,15.0,False,False
50b115d6-4b08a666.jpg,low_light,5,3.001431544530883,22.0,194.0,False,False
50b2e757-6c7d0f63.jpg,low_light,5,2.948440688052481,3.0,1.0,False,False
50d0fd05-8db58ebd.jpg,low_light,5,2.966344749967873,53.0,66.0,False,False
510671e9-603795e0.jpg,low_light,5,2.87346307518979,102.0,28.0,False,False
514a6d58-0790e0cd.jpg,low_light,5,2.9725374820982813,5.0,12.0,False,False
5150bb50-300d52ce.jpg,low_light,5,2.980307727656462,0.0,23.0,False,False
52799e9e-8c8673f3.jpg,low_light,5,2.983406063652947,30.0,24.0,False,False
52bda346-fd8ac6e7.jpg,low_light,5,2.862567049136429,2.0,92.0,False,False
534418ba-ee05398f.jpg,low_light,5,2.8591694634065763,10.0,382.0,False,False
54360b72-e00a3f70.jpg,low_light,5,2.9589376824828535,15.0,9.0,False,False
554d7cd5-a32486dd.jpg,low_light,5,3.0821578227501165,6.0,4.0,False,False
559fed19-7893646f.jpg,low_light,5,2.865707970664805,2.0,58.0,False,False
57165857-e4d4a47f.jpg,low_light,5,2.91179288443601,32.0,11.0,False,False
5795bfe7-a599384a.jpg,low_light,5,2.7902881027004978,8.0,5.0,False,False
57ac74e2-e86131f1.jpg,low_light,5,2.9252491626066512,4.0,86.0,False,False
57b495f2-6da6b1e5.jpg,low_light,5,3.0971298188019314,8.0,48.0,False,False
585443c8-2621a6b1.jpg,low_light,5,2.995532741447074,10.0,5.0,False,False
5877b384-2545daf4.jpg,low_light,5,2.8232523447751454,6.0,16.0,False,False
587bb1bf-1aa00fe5.jpg,low_light,5,2.9560246459704187,24.0,4.0,False,False
5995c288-2d152172.jpg,low_light,5,2.892913215659968,23.0,,False,False
59cde7c7-344bffb1.jpg,low_light,5,2.9629976382997825,66.0,15.0,False,False
5a8f9b5d-1fdfd2d4.jpg,low_light,5,2.9584837265712594,274.0,5.0,False,False
5ae83f9c-da990b49.jpg,low_light,5,2.92644548137849,10.0,81.0,False,False
5b2b4881-67a6cb87.jpg,low_light,5,2.827165149827957,40.0,7.0,False,False
5b2fd56a-37759b05.jpg,low_light,5,2.962703984859681,8.0,20.0,False,False
5b4b0b07-2fb56b82.jpg,low_light,5,2.930956502761346,7.0,15.0,False,False
5bc44a50-c371c4d0.jpg,low_light,5,2.8643958272070624,58.0,12.0,False,False
5c4004b7-bf3b7941.jpg,low_light,5,2.9590048457732716,20.0,4.0,False,False
5c534f5f-a76c7f4b.jpg,low_light,5,2.904603121052289,15.0,61.0,False,False
5c5dc708-35460444.jpg,low_light,5,2.8049868018983846,24.0,253.0,False,False
5da6c6b6-76c54605.jpg,low_light,5,2.8459239514211583,9.0,2.0,False,False
5dc5141c-5890b5b1.jpg,low_light,5,2.9907052397675304,11.0,6.0,False,False
5dd831da-bd00cf03.jpg,low_light,5,2.8809442038107473,21.0,12.0,False,False
5dfb063f-7bd23d5c.jpg,low_light,5,3.0129404641062143,1.0,3.0,False,False
5e0b701e-d443d8c2.jpg,low_light,5,2.9190573964425974,120.0,13.0,False,False
5e26f49d-0bc53c7e.jpg,low_light,5,3.064653205334627,22.0,0.0,False,False
5e26f49d-9271bf00.jpg,low_light,5,2.816128669453552,26.0,3.0,False,False
5e625ec3-7b4fc682.jpg,low_light,5,2.910327322076947,31.0,9.0,False,False
5f9387ff-330136ae.jpg,low_light,5,2.8177254386498807,74.0,0.0,False,False
5fa17a25-88b8e6b9.jpg,low_light,5,2.899944140332813,8.0,12.0,False,False
5fa422e1-2d8dd765.jpg,low_light,5,2.64533391651826,11.0,14.0,False,False
5fb2a702-f56a339c.jpg,low_light,5,2.9189712506223375,27.0,86.0,False,False
6011831b-0992e205.jpg,low_light,5,2.855145934199557,18.0,35.0,False,False
60137cc0-428b8f5b.jpg,low_light,5,2.925927621936249,26.0,85.0,False,False
604b5b3e-3c2e6b6b.jpg,low_light,5,2.951523650916676,0.0,6.0,False,False
6092f5a2-424550ba.jpg,low_light,5,2.9687009827364603,3.0,0.0,False,False
60ba25dd-6c0df417.jpg,low_light,5,2.8106967262480573,55.0,3.0,False,False
60c678e7-4813ae0f.jpg,low_light,5,2.794455371397433,2.0,112.0,False,False
614ecada-16b0f8b6.jpg,low_light,5,2.892759885557396,15.0,7.0,False,False
61e4ad87-53ceb455.jpg,low_light,5,2.889578480644703,26.0,28.0,False,False
6240d7b3-b51b5788.jpg,low_light,5,2.9476248698919196,9.0,36.0,False,False
62aefb36-b685117f.jpg,low_light,5,2.885802804638306,10.0,1.0,False,False
634c1785-3bb9a8a2.jpg,low_light,5,2.854671474223531,2.0,48.0,False,False
634c1785-aeb1652f.jpg,low_light,5,2.8280655941035464,116.0,3.0,False,False
63f73472-028615f1.jpg,low_light,5,2.8572322134749313,16.0,12.0,False,False
6485ad0a-245d1600.jpg,low_light,5,2.9970080136562283,34.0,10.0,False,False
648dc925-e359dbec.jpg,low_light,5,3.0923298002887307,5.0,20.0,False,False
65edc5a1-f309fed7.jpg,low_light,5,2.9347708627063085,14.0,20.0,False,False
661381d9-1114a810.jpg,low_light,5,2.799157995603518,2.0,30.0,False,False
664cb246-f84cfaf4.jpg,low_light,5,2.9788472789694453,12.0,11.0,False,False
675cf8fa-4b1ce8b9.jpg,low_light,5,2.8099207371462893,62.0,108.0,False,False
67faeadf-eb09a636.jpg,low_light,5,2.872968279958579,0.0,9.0,False,False
691be377-5dbc29ee.jpg,low_light,5,3.0355542382055987,6.0,1.0,False,False
692f1303-05178963.jpg,low_light,5,2.9811115829258608,32.0,,False,True
692f9b08-bdbbd729.jpg,low_light,5,3.00987282797837,2.0,9.0,False,False
69bfbe31-5ee2a642.jpg,low_light,5,2.8964386716364556,20.0,7.0,False,False
69cf7667-68f59649.jpg,low_light,5,2.9919016962704337,1.0,1.0,False,False
69cf7667-7eb40860.jpg,low_light,5,2.858700446994587,1.0,10.0,False,False
6a44fb9a-05a3dd18.jpg,low_light,5,2.9557185768050394,7.0,24.0,False,False
6a793e80-4f5e207f.jpg,low_light,5,3.115848468809474,6.0,61.0,False,False
6a82c0d6-b31f6b90.jpg,low_light,5,2.9362701280257246,10.0,273.0,False,False
6a8d218d-14e4fa28.jpg,low_light,5,3.074483677205113,16.0,17.0,False,False
6ad110c3-789e7724.jpg,low_light,5,2.8664815024192936,6.0,13.0,False,False
6b15392a-3a1699fd.jpg,low_light,5,2.6627480323998776,6.0,11.0,False,False
6b784eee-0a5a2c89.jpg,low_light,5,2.9543154831273704,35.0,63.0,False,False
6bb5a881-15e5c2c4.jpg,low_light,5,3.1832314120952985,24.0,4.0,False,False
6bd41587-d65ba5b4.jpg,low_light,5,2.8998797125290414,15.0,10.0,False,False
6d0d7bef-fb11b6e1.jpg,low_light,5,2.9788035294895234,28.0,17.0,False,False
6d57736c-a35808b9.jpg,low_light,5,3.110375961081964,0.0,72.0,False,False
6d8a6d94-00a7ad92.jpg,low_light,5,2.9416882555713455,29.0,13.0,False,False
6eeed3fa-87a1b0c9.jpg,low_light,5,2.8718759339509523,12.0,10.0,False,False
701992bd-8a457895.jpg,low_light,5,2.9830083897085635,1.0,23.0,False,False
7171644d-4e74752e.jpg,low_light,5,2.997064582088911,10.0,15.0,False,False
7171644d-ee92c71e.jpg,low_light,5,2.974809222937724,4.0,14.0,False,False
72f22fa5-8af4615c.jpg,low_light,5,3.0428551459585123,31.0,11.0,False,False
72fd00fe-aeadfc89.jpg,low_light,5,3.188862651525346,28.0,6.0,False,False
730c67a5-563e9b1f.jpg,low_light,5,3.1794582710172694,3.0,20.0,False,False
738a2bcd-7a6fde0d.jpg,low_light,5,2.999771622039517,0.0,35.0,False,False
73aff960-d46366ec.jpg,low_light,5,2.881348603276035,1.0,2.0,False,False
73d338d6-edf0b3db.jpg,low_light,5,3.0513299156429863,40.0,183.0,False,False
75ad1fff-77299093.jpg,low_light,5,2.847802872694113,19.0,4.0,False,False
75f5f52c-6b67e736.jpg,low_light,5,2.0350365493302522,98.0,0.0,False,False
777005a8-14c739ad.jpg,low_light,5,3.005760492170402,36.0,259.0,False,False
7771e03b-832e52c0.jpg,low_light,5,3.0449584073671088,122.0,2.0,False,False
7771e03b-a8f9d50c.jpg,low_light,5,2.9541290867997065,98.0,61.0,False,False
7797fea2-c37f9856.jpg,low_light,5,2.900252939450527,5.0,8.0,False,False
77bdbeb0-edb0613f.jpg,low_light,5,2.857725766532284,14.0,768.0,False,False
77dca577-16a39ea0.jpg,low_light,5,2.940758982750555,48.0,2.0,False,False
77f810c4-43a39c1f.jpg,low_light,5,2.868450043140565,23.0,303.0,False,False
7814206e-8e991d51.jpg,low_light,5,2.98048074001867,18.0,6.0,False,False
7814206e-ea2508d0.jpg,low_light,5,2.9690633672857345,21.0,158.0,False,False
79e177bc-4d5d3acc.jpg,low_light,5,2.830038728479023,0.0,1.0,False,False
7aa4ff0f-9d28d8a4.jpg,low_light,5,3.137933122855307,7.0,319.0,False,False
7ad1174c-373265eb.jpg,low_light,5,2.831584410373751,72.0,,False,True
7b268b98-e0ec16c3.jpg,low_light,5,3.1245084070327196,4.0,0.0,False,False
7c5a2048-332896ea.jpg,low_light,5,2.9715312262250753,,5.0,True,False
7c5d50c5-7292de37.jpg,low_light,5,2.87639591781111,2.0,1.0,False,False
7d1fe115-936a2f47.jpg,low_light,5,2.998958803454092,18.0,8.0,False,False
7dc2914d-a20a969a.jpg,low_light,5,3.0191993384991105,0.0,7.0,False,False
7e4ab78b-4a62c63e.jpg,low_light,5,2.956744781261624,17.0,137.0,False,False
7e590c49-93f03732.jpg,low_light,5,2.81744753063537,132.0,1.0,False,False
7ed57d0a-d7bcc13d.jpg,low_light,5,2.9054617721580422,16.0,58.0,False,False
7f0ef682-c93899df.jpg,low_light,5,2.814205562009721,8.0,30.0,False,False
7f4ac354-777de900.jpg,low_light,5,2.726442250400318,4.0,18.0,False,False
7f9bdf0d-c0e0061f.jpg,low_light,5,2.7292205419222517,8.0,141.0,False,False
7fd14da9-a855494b.jpg,low_light,5,3.0862567699548187,30.0,78.0,False,False
801bff84-a72998c7.jpg,low_light,5,3.065620147443853,4.0,69.0,False,False
8073de38-f7eab6ec.jpg,low_light,5,2.9618371540063033,8.0,20.0,False,False
8082ea05-1a7bcd47.jpg,low_light,5,2.9039866487317925,18.0,20.0,False,False
80ecebc0-ca9605f4.jpg,low_light,5,2.917627121972637,37.0,22.0,False,False
81ec3b39-1951f79e.jpg,low_light,5,2.9366550347989513,24.0,38.0,False,False
82b14c0c-79b99258.jpg,low_light,5,2.9298215733390625,20.0,3.0,False,False
82b5fc3b-90cadd1b.jpg,low_light,5,2.7182769131182507,8.0,10.0,False,False
82f03471-8e304dd5.jpg,low_light,5,2.9590017932049,22.0,11.0,False,False
836fa13a-d6058a12.jpg,low_light,5,3.106366210873333,41.0,14.0,False,False
84fb3f59-7d5d1fa4.jpg,low_light,5,2.8212125719136187,0.0,64.0,False,False
8542b4da-7795bcfd.jpg,low_light,5,3.1503018417189232,14.0,0.0,False,False
85f3f250-1fef85ac.jpg,low_light,5,2.9102513224001063,0.0,36.0,False,False
87ca2979-d5158824.jpg,low_light,5,3.0336255685344256,31.0,1.0,False,False
889b7dda-77f16103.jpg,low_light,5,2.7447794005901844,52.0,13.0,False,False
88dbf01a-d8b35dee.jpg,low_light,5,2.8235610424282314,0.0,1.0,False,False
897223bc-6938f1ab.jpg,low_light,5,2.803265746754182,86.0,48.0,False,False
89b7454d-880eacbd.jpg,low_light,5,2.9243094012436375,25.0,16.0,False,False
89e85e71-7dd0a7b6.jpg,low_light,5,2.750066423598267,7.0,54.0,False,False
8a4fbffe-47866ce9.jpg,low_light,5,2.8824145877867413,0.0,7.0,False,False
8a76c101-8bcefc32.jpg,low_light,5,3.0811543240835633,,29.0,True,False
8b7ef6c4-6bbcf25f.jpg,low_light,5,2.867392790661501,22.0,54.0,False,False
8bac644e-e0437ead.jpg,low_light,5,2.9458357247062557,,126.0,False,False
8c94c649-8ba62efa.jpg,low_light,5,2.9205096878756813,19.0,74.0,False,False
8c9bbaa9-34934b66.jpg,low_light,5,2.862985293039298,14.0,35.0,False,False
0049e5b8-725e21a0.jpg,low_light,6,1.9841061366644754,12.0,2.0,False,False
0081e27b-17bf4a9e.jpg,low_light,6,1.9851861709010599,2.0,16.0,False,False
00beeb02-50440dcd.jpg,low_light,6,1.9886990740386765,1.0,0.0,False,False
00d4b6b7-7d0a60bf.jpg,low_light,6,1.9907333873891198,55.0,321.0,False,False
01118704-2d838d7f.jpg,low_light,6,2.0042490808771585,2.0,9.0,False,False
0115917e-14907a6a.jpg,low_light,6,1.9233948235642864,5.0,13.0,False,False
02188a44-65ad27f3.jpg,low_light,6,1.8350564382699135,19.0,4.0,False,False
02494b7b-079febf8.jpg,low_light,6,2.005543485357438,15.0,5.0,False,False
029ffd50-dc944dba.jpg,low_light,6,1.9476409296295998,22.0,37.0,False,False
0464a98b-860229d5.jpg,low_light,6,2.0367295534806167,1.0,15.0,False,False
051aadb7-51aad566.jpg,low_light,6,2.0048274592186877,6.0,99.0,False,False
051aadb7-e953bc4d.jpg,low_light,6,1.9688250419829676,5.0,5.0,False,False
05743a9b-747658e7.jpg,low_light,6,2.0301562097686405,228.0,17.0,False,False
057af272-6f700aef.jpg,low_light,6,1.9887135313914104,5.0,1.0,False,False
05d62296-30c620d5.jpg,low_light,6,1.9980960180190868,134.0,6.0,False,False
05e5a68e-f0e05a42.jpg,low_light,6,1.9404357882141765,181.0,29.0,False,False
05fa6494-8f436d04.jpg,low_light,6,1.88799444328223,14.0,1.0,False,False
060039d9-5218402b.jpg,low_light,6,1.96892114638225,23.0,20.0,False,False
064aa0d6-f75ff4d5.jpg,low_light,6,1.9660183489240655,35.0,80.0,False,False
07de5062-ddddcbd7.jpg,low_light,6,2.082459518217447,142.0,31.0,False,False
088351d1-30833ddc.jpg,low_light,6,2.016912468339212,35.0,150.0,False,False
08a49c01-675d3899.jpg,low_light,6,1.9790416946979095,9.0,2.0,False,False
08d4285a-4a25b9b6.jpg,low_light,6,1.914868244262892,,21.0,True,False
09ac21d6-eefa8ed0.jpg,low_light,6,1.7394745260395679,4.0,45.0,False,False
0a0a0b1a-7c39d841.jpg,low_light,6,2.0363820095107483,44.0,10.0,False,False
0af6039a-f3c91319.jpg,low_light,6,1.9596646533488782,6.0,31.0,False,False
0b2f5d0d-8fddc1fc.jpg,low_light,6,1.9606059060416414,0.0,7.0,False,False
0b4225f9-bfb10f88.jpg,low_light,6,1.9944919719152951,83.0,11.0,False,False
0ba08fe3-880ae118.jpg,low_light,6,1.9045489655940873,12.0,14.0,False,False
0c2f33b9-f94d69b5.jpg,low_light,6,1.9548691731780332,1.0,1.0,False,False
0c984e6d-2b5d7ee4.jpg,low_light,6,1.9326927690345181,6.0,23.0,False,False
0cb67a01-7cf1687e.jpg,low_light,6,2.024828590795391,19.0,3.0,False,False
0cc6f3e8-b4c9e348.jpg,low_light,6,1.9214292052681894,9.0,85.0,False,False
0cf398b3-ce65ab64.jpg,low_light,6,1.5088169901732216,5.0,51.0,False,False
0d3ec56a-f4cead6f.jpg,low_light,6,1.9526994245199365,21.0,6.0,False,False
0d61234a-542010b2.jpg,low_light,6,1.5883982285541685,15.0,28.0,False,False
0e442b65-b17e0b50.jpg,low_light,6,2.0468914014430637,10.0,28.0,False,False
0e5c7e92-0d9c60f0.jpg,low_light,6,1.913685808954769,4.0,23.0,False,False
0f837def-9646c091.jpg,low_light,6,2.0013021053374547,11.0,1.0,False,False
0fba84f9-73b520ee.jpg,low_light,6,1.9789973020303855,4.0,25.0,False,False
101a0964-930eae70.jpg,low_light,6,1.7817376317650981,9.0,8.0,False,False
10389fe8-433c740c.jpg,low_light,6,1.8007350767822734,69.0,28.0,False,False
10453a95-40759ac3.jpg,low_light,6,1.9472717272794695,28.0,3.0,False,False
1072195f-0a161ade.jpg,low_light,6,1.9504405744000164,4.0,26.0,False,False
1072195f-6cf88b25.jpg,low_light,6,1.9887267098921164,,8.0,True,False
11513e3d-150058c3.jpg,low_light,6,2.034509365857263,58.0,104.0,False,False
1189ae68-1a8ad3c6.jpg,low_light,6,1.9829701508915756,18.0,37.0,False,False
12076ebb-c07285d7.jpg,low_light,6,1.9696401265540175,40.0,53.0,False,False
125134e5-7dfc45b9.jpg,low_light,6,1.9573507485731612,25.0,2.0,False,False
12ae9ab8-794f5adc.jpg,low_light,6,1.9306764238209115,14.0,0.0,False,False
13f61134-50021e53.jpg,low_light,6,2.0343368568775264,165.0,15.0,False,False
14eace5a-ddf3b303.jpg,low_light,6,1.9891475452362106,4.0,39.0,False,False
1608cfe7-32da2c5d.jpg,low_light,6,1.8715406191843773,9.0,10.0,False,False
162995f1-d2c7d259.jpg,low_light,6,2.0291496554624704,13.0,30.0,False,False
16b0973f-c07b564a.jpg,low_light,6,1.844291849640487,97.0,634.0,False,False
1784d67b-6b223914.jpg,low_light,6,1.985406390318403,42.0,7.0,False,False
1784d67b-d76145ce.jpg,low_light,6,2.0064550990081793,41.0,55.0,False,False
188c58f3-792afc71.jpg,low_light,6,1.8139620278435205,426.0,78.0,False,False
193f7f3b-84bc7998.jpg,low_light,6,1.9791713438807468,5.0,5.0,False,False
194058b0-ac0616a6.jpg,low_light,6,1.9504843160802472,62.0,383.0,False,False
19e56249-09c4bbc6.jpg,low_light,6,1.996579903186895,1.0,59.0,False,False
1a71faae-d5f255fd.jpg,low_light,6,2.0331161498137775,37.0,6.0,False,False
1a8992a7-da5a8510.jpg,low_light,6,2.026410730160211,38.0,39.0,False,False
1ac0178c-0b259360.jpg,low_light,6,2.0366696946173173,10.0,6.0,False,False
1b30f76f-95aa8a06.jpg,low_light,6,1.999344338604464,9.0,8.0,False,False
1bda5a26-420ceea6.jpg,low_light,6,1.981017700964274,8.0,30.0,False,False
1bf7f3d2-15f95138.jpg,low_light,6,1.9901881029573398,19.0,14.0,False,False
1c227a12-10e5552c.jpg,low_light,6,2.0262049750070417,5.0,3.0,False,False
1c227a12-ec67af93.jpg,low_light,6,2.0130152131283374,2.0,19.0,False,False
1c5e9657-2e2a2863.jpg,low_light,6,1.8697080987096102,23.0,13.0,False,False
1cb2a89b-4594573e.jpg,low_light,6,2.0580311694513225,5.0,132.0,False,False
1cf54809-c6daa5a9.jpg,low_light,6,1.8834927720308574,1.0,1.0,False,False
1d5e05f8-5020f67d.jpg,low_light,6,2.0369868214517997,20.0,5.0,False,False
1e57ae90-806bc767.jpg,low_light,6,2.0832763424045955,82.0,3.0,False,False
1f959fdd-6ff63d34.jpg,low_light,6,1.9798604258688834,28.0,25.0,False,False
1fa65acf-d43367bc.jpg,low_light,6,1.8506708376881162,10.0,1.0,False,False
20cfadfa-47711496.jpg,low_light,6,1.944369715992293,26.0,16.0,False,False
20cfadfa-6f87fdc1.jpg,low_light,6,1.9859634619259479,6.0,2.0,False,False
225a1858-0e3a4b04.jpg,low_light,6,1.987622105034654,52.0,,False,True
22be2f14-59fbdca0.jpg,low_light,6,1.9933435779882926,21.0,1.0,False,False
23333f35-0cbc3f0f.jpg,low_light,6,2.0184397158453953,46.0,59.0,False,False
23df146f-64b50e4c.jpg,low_light,6,2.0518415736152633,15.0,2.0,False,False
24392d7c-998011c2.jpg,low_light,6,1.994497799041985,6.0,20.0,False,False
250e7595-b14da270.jpg,low_light,6,1.973297947280472,40.0,5.0,False,False
26190b83-39ccb412.jpg,low_light,6,1.9793981248001733,32.0,4.0,False,False
272d52f6-8aac36b3.jpg,low_light,6,1.8116539889843564,9.0,19.0,False,False
2752681a-e813599a.jpg,low_light,6,1.9973353119858137,15.0,0.0,False,False
27645526-f038b033.jpg,low_light,6,1.7947837087586667,8.0,8.0,False,False
2773af6f-23e23a6b.jpg,low_light,6,1.864125116836067,7.0,52.0,False,False
28faf684-03ef4c6e.jpg,low_light,6,2.077729098177228,12.0,1.0,False,False
292720ee-d847ee69.jpg,low_light,6,2.0737988412689705,1.0,4.0,False,False
2b54fe2d-c5b810e6.jpg,low_light,6,1.826187871873473,6.0,3.0,False,False
2b605c48-8dfe352b.jpg,low_light,6,1.9162559908664631,1.0,14.0,False,False
2beccce2-354608e2.jpg,low_light,6,1.9261778472410058,26.0,23.0,False,False
2c87e51d-aa7a8031.jpg,low_light,6,1.997659856624877,31.0,,False,True
2ce0b449-e818dc97.jpg,low_light,6,1.9956033005294493,38.0,,False,True
2cf976a2-479cd46b.jpg,low_light,6,1.9630897949453296,10.0,4.0,False,False
2e2fae77-b7497ca0.jpg,low_light,6,1.8877803698822495,,9.0,True,False
2ead8042-2493c03f.jpg,low_light,6,1.879405718975757,0.0,27.0,False,False
2f1864c1-1a17d11c.jpg,low_light,6,1.7638470255710472,1.0,32.0,False,False
2f879dc0-b09e4824.jpg,low_light,6,2.0100584709063325,3.0,12.0,False,False
2fc9ad1e-ee4c9e43.jpg,low_light,6,2.003605097594593,4.0,27.0,False,False
3050b249-0ffbd6ec.jpg,low_light,6,1.9683952845948858,9.0,123.0,False,False
314cc010-3eab5c90.jpg,low_light,6,1.9334739539844226,49.0,2.0,False,False
31765c6b-90b0d612.jpg,low_light,6,1.9287820434651817,2.0,104.0,False,False
31cf6eba-5c84c636.jpg,low_light,6,1.9550239642800653,1.0,16.0,False,False
32de2244-122f1783.jpg,low_light,6,2.0982444777610434,5.0,10.0,False,False
33420085-32996107.jpg,low_light,6,2.103062343414629,1.0,8.0,False,False
3430a5e6-00ec38d2.jpg,low_light,6,1.5771762582763769,55.0,13.0,False,False
35eb46d0-8f7e28a0.jpg,low_light,6,2.0556131417244297,1.0,2.0,False,False
3735fc3d-69d8b80c.jpg,low_light,6,1.9904310266085368,14.0,2.0,False,False
3740cd4f-ff1d423d.jpg,low_light,6,1.7635198959509366,3.0,10.0,False,False
375abba2-9f2ed56c.jpg,low_light,6,1.952908898514063,7.0,20.0,False,False
37723e55-31730cf5.jpg,low_light,6,1.7807923789527613,4.0,34.0,False,False
380a3f8e-ba4f0def.jpg,low_light,6,2.0970009480021714,7.0,0.0,False,False
385b0f61-1aee12ef.jpg,low_light,6,1.8768995633606949,45.0,9.0,False,False
3865fea7-b4fe472d.jpg,low_light,6,1.9295210028194607,117.0,15.0,False,False
38e561dd-8ea8ae2d.jpg,low_light,6,1.956576008552201,3.0,3.0,False,False
38ed8d8d-93c48de2.jpg,low_light,6,2.005849705552279,1.0,28.0,False,False
38ed8d8d-b1c230ef.jpg,low_light,6,1.9517478060581064,3.0,21.0,False,False
38ed8d8d-fa50400c.jpg,low_light,6,1.919977503408472,10.0,9.0,False,False
3900ad8c-8834019f.jpg,low_light,6,1.915800009258629,,1.0,False,False
39ddb110-04604b9c.jpg,low_light,6,1.926873075974479,21.0,12.0,False,False
39fc6d1c-6155351d.jpg,low_light,6,1.9718795558988955,,20.0,False,False
3a278d39-b92df256.jpg,low_light,6,1.9862455788628977,4.0,30.0,False,False
3a3407a2-df8ea956.jpg,low_light,6,1.9944688856547244,10.0,5.0,False,False
3ad0c4a7-2a3d544e.jpg,low_light,6,1.9149834056758455,12.0,43.0,False,False
3b1e1bc1-ee64e36e.jpg,low_light,6,1.9178068586466752,1.0,9.0,False,False
3b44ef5a-c09e8479.jpg,low_light,6,1.9148148396027918,46.0,,False,True
3b563c5e-0102edaf.jpg,low_light,6,1.915328719592727,14.0,14.0,False,False
3b9716a6-d2566395.jpg,low_light,6,2.0138069863828107,53.0,17.0,False,False
3c0bbdc2-79baffce.jpg,low_light,6,2.02593737149479,14.0,2.0,False,False
3c5752b6-9c0bdf98.jpg,low_light,6,1.9598080049534157,100.0,69.0,False,False
3c95ae26-68abac3f.jpg,low_light,6,1.8890142731137984,5.0,11.0,False,False
3e0f1745-a95a63ad.jpg,low_light,6,1.9114767039033544,1.0,3.0,False,False
3f4eb6a6-9eee52f9.jpg,low_light,6,1.930462642118084,43.0,232.0,False,False
3f85a987-1ef4053b.jpg,low_light,6,1.963392371498236,0.0,55.0,False,False
3fe1feaa-10126fec.jpg,low_light,6,1.953858131230681,49.0,336.0,False,False
3ffdaa26-b394f6f8.jpg,low_light,6,1.839342583137544,,17.0,False,False
4027c10d-41d54e9b.jpg,low_light,6,1.8326106941972309,46.0,14.0,False,False
428e99ea-4166e549.jpg,low_light,6,2.0287107172644783,6.0,24.0,False,False
42e0dd11-74b81997.jpg,low_light,6,2.1076432425412484,1.0,11.0,False,False
430395d1-931c959e.jpg,low_light,6,2.0003801931531093,11.0,,False,False
43126e0d-495d04a5.jpg,low_light,6,2.0319542265673074,6.0,7.0,False,False
43126e0d-cce96832.jpg,low_light,6,1.9583502003319309,35.0,36.0,False,False
432f9e20-83a0d96c.jpg,low_light,6,1.9879168917496104,7.0,13.0,False,False
43c7ed5c-b0690325.jpg,low_light,6,1.978910789405552,2.0,15.0,False,False
44cc16d9-d2e06fd6.jpg,low_light,6,1.879647775452276,59.0,44.0,False,False
45bafa98-1ee18a2f.jpg,low_light,6,1.8696511703403416,6.0,35.0,False,False
46d048a1-8f7f385c.jpg,low_light,6,1.9146264561354647,1.0,21.0,False,False
46f76df9-8bf77914.jpg,low_light,6,1.969100438941366,7.0,16.0,False,False
480263a0-5aad7ae9.jpg,low_light,6,1.8861209203199516,109.0,25.0,False,False
488480d6-b94cf415.jpg,low_light,6,1.9095947968042508,16.0,21.0,False,False
48ed707e-5062e4c3.jpg,low_light,6,1.9520473629624306,5.0,11.0,False,False
4a289ff2-7da7feb6.jpg,low_light,6,1.9573072482125629,,,True,True
4a31f3e3-ac7ed780.jpg,low_light,6,1.9493911864903155,7.0,23.0,False,False
4b2e1dde-65b54419.jpg,low_light,6,1.8790291275634878,78.0,17.0,False,False
4d4a590b-4332c5ab.jpg,low_light,6,2.0569940232368675,10.0,1.0,False,False
5069db50-52f5af30.jpg,low_light,6,2.0887022126654218,41.0,4.0,False,False
50866f46-30d1f303.jpg,low_light,6,2.001584457661604,7.0,12.0,False,False
50b115d6-4b08a666.jpg,low_light,6,2.0157628041207962,1.0,227.0,False,False
50b2e757-6c7d0f63.jpg,low_light,6,1.9823801881988203,4.0,61.0,False,False
50d0fd05-8db58ebd.jpg,low_light,6,1.9936622650688363,0.0,63.0,False,False
510671e9-603795e0.jpg,low_light,6,1.9353164064168948,50.0,216.0,False,False
514a6d58-0790e0cd.jpg,low_light,6,2.0000715764951154,3.0,32.0,False,False
5150bb50-300d52ce.jpg,low_light,6,2.004360619690435,27.0,19.0,False,False
52799e9e-8c8673f3.jpg,low_light,6,2.005055471145375,16.0,17.0,False,False
52bda346-fd8ac6e7.jpg,low_light,6,1.928592667686297,3.0,12.0,False,False
534418ba-ee05398f.jpg,low_light,6,1.9248204657224344,8.0,380.0,False,False
54360b72-e00a3f70.jpg,low_light,6,1.9899543071682828,220.0,16.0,False,False
554d7cd5-a32486dd.jpg,low_light,6,2.067680051324169,2.0,1.0,False,False
559fed19-7893646f.jpg,low_light,6,1.9303273201968238,6.0,40.0,False,False
57165857-e4d4a47f.jpg,low_light,6,1.9580793552708977,32.0,2.0,False,False
5795bfe7-a599384a.jpg,low_light,6,1.8812505729713718,27.0,0.0,False,False
57ac74e2-e86131f1.jpg,low_light,6,1.9669885441459165,486.0,107.0,False,False
57b495f2-6da6b1e5.jpg,low_light,6,2.0766173430705925,11.0,2.0,False,False
585443c8-2621a6b1.jpg,low_light,6,2.011115786785212,38.0,8.0,False,False
5877b384-2545daf4.jpg,low_light,6,1.9019979415900343,2.0,0.0,False,False
587bb1bf-1aa00fe5.jpg,low_light,6,1.9897434812434605,43.0,5.0,False,False
5995c288-2d152172.jpg,low_light,6,1.9484523914120364,1.0,,False,False
59cde7c7-344bffb1.jpg,low_light,6,1.9917106735991805,43.0,48.0,False,False
5a8f9b5d-1fdfd2d4.jpg,low_light,6,1.9903295025498076,5.0,17.0,False,False
5ae83f9c-da990b49.jpg,low_light,6,1.968199909585136,4.0,21.0,False,False
5b2b4881-67a6cb87.jpg,low_light,6,1.9056819789895576,14.0,19.0,False,False
5b2fd56a-37759b05.jpg,low_light,6,1.9924077077058244,30.0,13.0,False,False
5b4b0b07-2fb56b82.jpg,low_light,6,1.9718811600795303,7.0,10.0,False,False
5bc44a50-c371c4d0.jpg,low_light,6,1.929623777174815,24.0,9.0,False,False
5c4004b7-bf3b7941.jpg,low_light,6,1.9923006330666893,17.0,4.0,False,False
5c534f5f-a76c7f4b.jpg,low_light,6,1.9545376226698876,15.0,52.0,False,False
5c5dc708-35460444.jpg,low_light,6,1.8900872713331127,31.0,304.0,False,False
5da6c6b6-76c54605.jpg,low_light,6,1.9165563923005409,19.0,3.0,False,False
5dc5141c-5890b5b1.jpg,low_light,6,2.0233971573235645,12.0,21.0,False,False
5dd831da-bd00cf03.jpg,low_light,6,1.938367147215986,10.0,5.0,False,False
5dfb063f-7bd23d5c.jpg,low_light,6,2.0253833142513997,12.0,8.0,False,False
5e0b701e-d443d8c2.jpg,low_light,6,1.9642906101080662,229.0,18.0,False,False
5e26f49d-0bc53c7e.jpg,low_light,6,2.0574814233866734,8.0,,False,True
5e26f49d-9271bf00.jpg,low_light,6,1.8976552962268034,31.0,2.0,False,False
5e625ec3-7b4fc682.jpg,low_light,6,1.9596605190653156,32.0,2.0,False,False
5f9387ff-330136ae.jpg,low_light,6,1.8990960073689123,62.0,4.0,False,False
5fa17a25-88b8e6b9.jpg,low_light,6,1.9533110582468138,3.0,4.0,False,False
5fa422e1-2d8dd765.jpg,low_light,6,1.7857779333690307,18.0,14.0,False,False
5fb2a702-f56a339c.jpg,low_light,6,1.9647371231368633,18.0,44.0,False,False
6011831b-0992e205.jpg,low_light,6,1.9240857003995728,2.0,34.0,False,False
60137cc0-428b8f5b.jpg,low_light,6,1.9680969204883305,34.0,98.0,False,False
604b5b3e-3c2e6b6b.jpg,low_light,6,1.9859030152133716,1.0,23.0,False,False
6092f5a2-424550ba.jpg,low_light,6,1.997234638994234,34.0,4.0,False,False
60ba25dd-6c0df417.jpg,low_light,6,1.8938448592618549,47.0,2.0,False,False
60c678e7-4813ae0f.jpg,low_light,6,1.8868175097327444,18.0,,False,True
614ecada-16b0f8b6.jpg,low_light,6,1.9467883589448887,30.0,6.0,False,False
61e4ad87-53ceb455.jpg,low_light,6,1.9441267084811764,17.0,81.0,False,False
6240d7b3-b51b5788.jpg,low_light,6,1.984213951061996,7.0,35.0,False,False
62aefb36-b685117f.jpg,low_light,6,1.9427999104804747,5.0,0.0,False,False
634c1785-3bb9a8a2.jpg,low_light,6,1.9224002414035484,8.0,1.0,False,False
634c1785-aeb1652f.jpg,low_light,6,1.9043251322181436,118.0,11.0,False,False
63f73472-028615f1.jpg,low_light,6,1.9231130377826824,8.0,0.0,False,False
6485ad0a-245d1600.jpg,low_light,6,2.0143059016445557,4.0,6.0,False,False
648dc925-e359dbec.jpg,low_light,6,2.075844969770497,2.0,11.0,False,False
65edc5a1-f309fed7.jpg,low_light,6,1.9746859753972092,17.0,3.0,False,False
661381d9-1114a810.jpg,low_light,6,1.8847177988915886,16.0,6.0,False,False
664cb246-f84cfaf4.jpg,low_light,6,2.0028335478653334,9.0,2.0,False,False
675cf8fa-4b1ce8b9.jpg,low_light,6,1.8948191190083996,3.0,128.0,False,False
67faeadf-eb09a636.jpg,low_light,6,1.9379993411484353,2.0,7.0,False,False
691be377-5dbc29ee.jpg,low_light,6,2.040561625287683,16.0,,False,True
692f1303-05178963.jpg,low_light,6,2.003331820406122,2.0,28.0,False,False
692f9b08-bdbbd729.jpg,low_light,6,2.0230013198856707,2.0,1.0,False,False
69bfbe31-5ee2a642.jpg,low_light,6,1.9490600652645231,24.0,4.0,False,False
69cf7667-68f59649.jpg,low_light,6,2.010835779088303,1.0,0.0,False,False
69cf7667-7eb40860.jpg,low_light,6,1.9256913545971097,5.0,,False,True
6a44fb9a-05a3dd18.jpg,low_light,6,1.9871303513167091,3.0,25.0,False,False
6a793e80-4f5e207f.jpg,low_light,6,2.0905372698250297,37.0,59.0,False,False
6a82c0d6-b31f6b90.jpg,low_light,6,1.9749061100387628,2.0,6.0,False,False
6a8d218d-14e4fa28.jpg,low_light,6,2.061753367918972,9.0,8.0,False,False
6ad110c3-789e7724.jpg,low_light,6,1.9330823289339008,0.0,31.0,False,False
6b15392a-3a1699fd.jpg,low_light,6,1.7976186844112265,1.0,7.0,False,False
6b784eee-0a5a2c89.jpg,low_light,6,1.9866903763836423,33.0,15.0,False,False
6bb5a881-15e5c2c4.jpg,low_light,6,2.1318045336001106,3.0,2.0,False,False
6bd41587-d65ba5b4.jpg,low_light,6,1.9507235969865873,4.0,2.0,False,False
6d0d7bef-fb11b6e1.jpg,low_light,6,2.0015789136950874,17.0,8.0,False,False
6d57736c-a35808b9.jpg,low_light,6,2.0858834545889575,5.0,81.0,False,False
6d8a6d94-00a7ad92.jpg,low_light,6,1.9786250404965424,5.0,1.0,False,False
6eeed3fa-87a1b0c9.jpg,low_light,6,1.933582509569102,6.0,49.0,False,False
701992bd-8a457895.jpg,low_light,6,2.0048727824476447,13.0,2.0,False,False
7171644d-4e74752e.jpg,low_light,6,2.018289944126033,2.0,15.0,False,False
7171644d-ee92c71e.jpg,low_light,6,2.001823790501237,31.0,35.0,False,False
72f22fa5-8af4615c.jpg,low_light,6,2.0438512318519466,19.0,43.0,False,False
72fd00fe-aeadfc89.jpg,low_light,6,2.133012265450011,42.0,4.0,False,False
730c67a5-563e9b1f.jpg,low_light,6,2.1277465516583915,6.0,,False,True
738a2bcd-7a6fde0d.jpg,low_light,6,2.014939840703134,0.0,96.0,False,False
73aff960-d46366ec.jpg,low_light,6,1.938639239060317,1.0,7.0,False,False
73d338d6-edf0b3db.jpg,low_light,6,2.0487837328137344,4.0,136.0,False,False
75ad1fff-77299093.jpg,low_light,6,1.9171030921110606,41.0,13.0,False,False
75f5f52c-6b67e736.jpg,low_light,6,1.3796838499204986,4.0,12.0,False,False
777005a8-14c739ad.jpg,low_light,6,2.0177814590948504,52.0,13.0,False,False
7771e03b-832e52c0.jpg,low_light,6,2.0435611942218745,,70.0,True,False
7771e03b-a8f9d50c.jpg,low_light,6,1.9858800781099948,97.0,40.0,False,False
7797fea2-c37f9856.jpg,low_light,6,1.9520205317722854,31.0,4.0,False,False
77bdbeb0-edb0613f.jpg,low_light,6,1.9238756555511887,6.0,10.0,False,False
77dca577-16a39ea0.jpg,low_light,6,1.9791085454718065,46.0,16.0,False,False
77f810c4-43a39c1f.jpg,low_light,6,1.9309753587191056,0.0,39.0,False,False
7814206e-8e991d51.jpg,low_light,6,2.0019211850705227,1.0,2.0,False,False
7814206e-ea2508d0.jpg,low_light,6,1.996007234048345,5.0,26.0,False,False
79e177bc-4d5d3acc.jpg,low_light,6,1.9083698548327879,4.0,1.0,False,False
7aa4ff0f-9d28d8a4.jpg,low_light,6,2.100369533630051,100.0,310.0,False,False
7ad1174c-373265eb.jpg,low_light,6,1.9066490081915548,155.0,,False,True
7b268b98-e0ec16c3.jpg,low_light,6,2.0916290554375654,6.0,1.0,False,False
7c5a2048-332896ea.jpg,low_light,6,1.9978626020630472,138.0,6.0,False,False
7c5d50c5-7292de37.jpg,low_light,6,1.9356600147147154,7.0,2.0,False,False
7d1fe115-936a2f47.jpg,low_light,6,2.0140202762157267,14.0,6.0,False,False
7dc2914d-a20a969a.jpg,low_light,6,2.027295924605253,12.0,14.0,False,False
7e4ab78b-4a62c63e.jpg,low_light,6,1.98755545011623,4.0,4.0,False,False
7e590c49-93f03732.jpg,low_light,6,1.898434858209839,224.0,4.0,False,False
7ed57d0a-d7bcc13d.jpg,low_light,6,1.9557521862860199,121.0,19.0,False,False
7f0ef682-c93899df.jpg,low_light,6,1.897232367760148,6.0,146.0,False,False
7f4ac354-777de900.jpg,low_light,6,1.8399504671962439,4.0,5.0,False,False
7f9bdf0d-c0e0061f.jpg,low_light,6,1.8421879584734007,10.0,218.0,False,False
7fd14da9-a855494b.jpg,low_light,6,2.0690943673748445,27.0,141.0,False,False
801bff84-a72998c7.jpg,low_light,6,2.0802686974926803,10.0,77.0,False,False
8073de38-f7eab6ec.jpg,low_light,6,1.9919565484684383,16.0,32.0,False,False
8082ea05-1a7bcd47.jpg,low_light,6,1.9540189089345357,19.0,4.0,False,False
80ecebc0-ca9605f4.jpg,low_light,6,1.9641863369757064,69.0,,False,True
81ec3b39-1951f79e.jpg,low_light,6,1.9749007819552535,32.0,26.0,False,False
82b14c0c-79b99258.jpg,low_light,6,1.9694588602732725,12.0,3.0,False,False
82b5fc3b-90cadd1b.jpg,low_light,6,1.8346927479682589,5.0,19.0,False,False
82f03471-8e304dd5.jpg,low_light,6,1.9937754892084656,72.0,17.0,False,False
836fa13a-d6058a12.jpg,low_light,6,2.082007562110583,14.0,6.0,False,False
84fb3f59-7d5d1fa4.jpg,low_light,6,1.9156718555743835,1.0,47.0,False,False
8542b4da-7795bcfd.jpg,low_light,6,2.113109090658593,3.0,1.0,False,False
85f3f250-1fef85ac.jpg,low_light,6,1.9588925372618369,6.0,33.0,False,False
87ca2979-d5158824.jpg,low_light,6,2.0360595132573884,18.0,2.0,False,False
889b7dda-77f16103.jpg,low_light,6,1.8525339351639536,15.0,0.0,False,False
88dbf01a-d8b35dee.jpg,low_light,6,1.90300042682797,2.0,1.0,False,False
897223bc-6938f1ab.jpg,low_light,6,1.8896883827509792,42.0,45.0,False,False
89b7454d-880eacbd.jpg,low_light,6,1.9672349757467886,5.0,22.0,False,False
89e85e71-7dd0a7b6.jpg,low_light,6,1.8536984299453994,34.0,17.0,False,False
8a4fbffe-47866ce9.jpg,low_light,6,1.9420099600918945,2.0,21.0,False,False
8a76c101-8bcefc32.jpg,low_light,6,2.0686125624831235,,19.0,True,False
8b7ef6c4-6bbcf25f.jpg,low_light,6,1.9318445424221895,14.0,53.0,False,False
8bac644e-e0437ead.jpg,low_light,6,1.9813041702936063,,67.0,False,False
8c94c649-8ba62efa.jpg,low_light,6,1.9675121209968014,35.0,56.0,False,False
8c9bbaa9-34934b66.jpg,low_light,6,1.9361051533465676,23.0,23.0,False,False
0049e5b8-725e21a0.jpg,low_light,7,1.218876583234736,10.0,13.0,False,False
0081e27b-17bf4a9e.jpg,low_light,7,1.218848126645133,5.0,4.0,False,False
00beeb02-50440dcd.jpg,low_light,7,1.2222979327929915,11.0,2.0,False,False
00d4b6b7-7d0a60bf.jpg,low_light,7,1.221694860824903,6.0,1.0,False,False
01118704-2d838d7f.jpg,low_light,7,1.2305204010786628,8.0,24.0,False,False
0115917e-14907a6a.jpg,low_light,7,1.1829657408243472,16.0,13.0,False,False
02188a44-65ad27f3.jpg,low_light,7,1.1291074150230958,26.0,58.0,False,False
02494b7b-079febf8.jpg,low_light,7,1.2276671382122408,17.0,22.0,False,False
029ffd50-dc944dba.jpg,low_light,7,1.196764882112475,8.0,50.0,False,False
0464a98b-860229d5.jpg,low_light,7,1.2512212075895948,,17.0,True,False
051aadb7-51aad566.jpg,low_light,7,1.2321370171636516,24.0,,False,True
051aadb7-e953bc4d.jpg,low_light,7,1.210194996714873,7.0,1.0,False,False
05743a9b-747658e7.jpg,low_light,7,1.2473341174314907,220.0,38.0,False,False
057af272-6f700aef.jpg,low_light,7,1.2215775119934533,20.0,3.0,False,False
05d62296-30c620d5.jpg,low_light,7,1.2276659924377489,138.0,4.0,False,False
05e5a68e-f0e05a42.jpg,low_light,7,1.192298211547042,180.0,7.0,False,False
05fa6494-8f436d04.jpg,low_light,7,1.1607043403298363,17.0,14.0,False,False
060039d9-5218402b.jpg,low_light,7,1.2098095992438724,16.0,27.0,False,False
064aa0d6-f75ff4d5.jpg,low_light,7,1.2074900295318083,50.0,55.0,False,False
07de5062-ddddcbd7.jpg,low_light,7,1.278036473835954,0.0,32.0,False,False
088351d1-30833ddc.jpg,low_light,7,1.2375539590552112,50.0,357.0,False,False
08a49c01-675d3899.jpg,low_light,7,1.2161605123897583,4.0,4.0,False,False
08d4285a-4a25b9b6.jpg,low_light,7,1.1736029621633963,,21.0,True,False
09ac21d6-eefa8ed0.jpg,low_light,7,1.0658999981400787,18.0,2.0,False,False
0a0a0b1a-7c39d841.jpg,low_light,7,1.251220584723432,0.0,9.0,False,False
0af6039a-f3c91319.jpg,low_light,7,1.2033138611781165,7.0,0.0,False,False
0b2f5d0d-8fddc1fc.jpg,low_light,7,1.204823572997808,15.0,9.0,False,False
0b4225f9-bfb10f88.jpg,low_light,7,1.2250737233858846,13.0,12.0,False,False
0ba08fe3-880ae118.jpg,low_light,7,1.1692421319548931,0.0,1.0,False,False
0c2f33b9-f94d69b5.jpg,low_light,7,1.2016136704389007,8.0,15.0,False,False
0c984e6d-2b5d7ee4.jpg,low_light,7,1.1891645509574202,4.0,24.0,False,False
0cb67a01-7cf1687e.jpg,low_light,7,1.243912788606551,30.0,,False,True
0cc6f3e8-b4c9e348.jpg,low_light,7,1.1809015039483208,10.0,6.0,False,False
0cf398b3-ce65ab64.jpg,low_light,7,0.9201599331810496,26.0,40.0,False,False
0d3ec56a-f4cead6f.jpg,low_light,7,1.1999980694537549,4.0,14.0,False,False
0d61234a-542010b2.jpg,low_light,7,0.9702365275212437,42.0,22.0,False,False
0e442b65-b17e0b50.jpg,low_light,7,1.25655961421784,27.0,41.0,False,False
0e5c7e92-0d9c60f0.jpg,low_light,7,1.1765889309316306,36.0,,False,True
0f837def-9646c091.jpg,low_light,7,1.229052434712805,3.0,0.0,False,False
0fba84f9-73b520ee.jpg,low_light,7,1.2162313564147105,43.0,8.0,False,False
101a0964-930eae70.jpg,low_light,7,1.0911848281541896,24.0,7.0,False,False
10389fe8-433c740c.jpg,low_light,7,1.1062482973650312,39.0,33.0,False,False
10453a95-40759ac3.jpg,low_light,7,1.196859511045217,28.0,0.0,False,False
1072195f-0a161ade.jpg,low_light,7,1.1991202188333867,4.0,25.0,False,False
1072195f-6cf88b25.jpg,low_light,7,1.222774511821838,,1.0,True,False
11513e3d-150058c3.jpg,low_light,7,1.2490898580801033,1.0,3.0,False,False
1189ae68-1a8ad3c6.jpg,low_light,7,1.2158694292007655,1.0,38.0,False,False
12076ebb-c07285d7.jpg,low_light,7,1.209884100654933,1.0,38.0,False,False
125134e5-7dfc45b9.jpg,low_light,7,1.2036607459785156,2.0,,False,True
12ae9ab8-794f5adc.jpg,low_light,7,1.1865120582875082,16.0,19.0,False,False
13f61134-50021e53.jpg,low_light,7,1.2492660000399622,,24.0,True,False
14eace5a-ddf3b303.jpg,low_light,7,1.2210482063660284,8.0,15.0,False,False
1608cfe7-32da2c5d.jpg,low_light,7,1.1504744383347227,4.0,55.0,False,False
162995f1-d2c7d259.jpg,low_light,7,1.248667870659401,73.0,10.0,False,False
16b0973f-c07b564a.jpg,low_light,7,1.1341615999603674,11.0,454.0,False,False
1784d67b-6b223914.jpg,low_light,7,1.2206754589997162,1.0,27.0,False,False
1784d67b-d76145ce.jpg,low_light,7,1.2322643666390307,61.0,45.0,False,False
188c58f3-792afc71.jpg,low_light,7,1.1146175542736065,3.0,52.0,False,False
193f7f3b-84bc7998.jpg,low_light,7,1.2156937059545794,29.0,3.0,False,False
194058b0-ac0616a6.jpg,low_light,7,1.198293892178644,5.0,125.0,False,False
19e56249-09c4bbc6.jpg,low_light,7,1.2265446086169718,21.0,125.0,False,False
1a71faae-d5f255fd.jpg,low_light,7,1.2501853286837155,109.0,2.0,False,False
1a8992a7-da5a8510.jpg,low_light,7,1.2421712953896067,36.0,37.0,False,False
1ac0178c-0b259360.jpg,low_light,7,1.2490195458524886,,33.0,True,False
1b30f76f-95aa8a06.jpg,low_light,7,1.2284833799618173,2.0,4.0,False,False
1bda5a26-420ceea6.jpg,low_light,7,1.2170746640248062,0.0,31.0,False,False
1bf7f3d2-15f95138.jpg,low_light,7,1.2243132380388642,3.0,11.0,False,False
1c227a12-10e5552c.jpg,low_light,7,1.245139428943707,12.0,3.0,False,False
1c227a12-ec67af93.jpg,low_light,7,1.238127748718071,129.0,17.0,False,False
1c5e9657-2e2a2863.jpg,low_light,7,1.1490385994237515,3.0,2.0,False,False
1cb2a89b-4594573e.jpg,low_light,7,1.2609092444309047,6.0,11.0,False,False
1cf54809-c6daa5a9.jpg,low_light,7,1.1563865274572973,0.0,3.0,False,False
1d5e05f8-5020f67d.jpg,low_light,7,1.2528004616872688,37.0,6.0,False,False
1e57ae90-806bc767.jpg,low_light,7,1.2798770970563564,34.0,7.0,False,False
1f959fdd-6ff63d34.jpg,low_light,7,1.2172740360655834,33.0,40.0,False,False
1fa65acf-d43367bc.jpg,low_light,7,1.1364438046607446,23.0,,False,True
20cfadfa-47711496.jpg,low_light,7,1.1947994652577065,44.0,21.0,False,False
20cfadfa-6f87fdc1.jpg,low_light,7,1.2216163164888436,21.0,2.0,False,False
225a1858-0e3a4b04.jpg,low_light,7,1.216792797260907,322.0,,False,True
22be2f14-59fbdca0.jpg,low_light,7,1.2242205235270986,6.0,0.0,False,False
23333f35-0cbc3f0f.jpg,low_light,7,1.2399569831170485,70.0,,False,True
23df146f-64b50e4c.jpg,low_light,7,1.2601810150162753,21.0,11.0,False,False
24392d7c-998011c2.jpg,low_light,7,1.2244958556303562,4.0,,False,True
250e7595-b14da270.jpg,low_light,7,1.2113306732467461,12.0,15.0,False,False
26190b83-39ccb412.jpg,low_light,7,1.215581452951742,,14.0,True,False
272d52f6-8aac36b3.jpg,low_light,7,1.111385404369779,17.0,,False,True
2752681a-e813599a.jpg,low_light,7,1.2280296781466506,145.0,36.0,False,False
27645526-f038b033.jpg,low_light,7,1.1038660764831558,18.0,530.0,False,False
2773af6f-23e23a6b.jpg,low_light,7,1.1442066498254448,3.0,43.0,False,False
28faf684-03ef4c6e.jpg,low_light,7,1.2774909646404178,2.0,1.0,False,False
292720ee-d847ee69.jpg,low_light,7,1.2722488231165043,1.0,9.0,False,False
2b54fe2d-c5b810e6.jpg,low_light,7,1.1210622166529085,14.0,15.0,False,False
2b605c48-8dfe352b.jpg,low_light,7,1.177867324164785,19.0,2.0,False,False
2beccce2-354608e2.jpg,low_light,7,1.1834308813091803,17.0,21.0,False,False
2c87e51d-aa7a8031.jpg,low_light,7,1.2254222510139814,22.0,,False,True
2ce0b449-e818dc97.jpg,low_light,7,1.2251207276830478,24.0,,False,True
2cf976a2-479cd46b.jpg,low_light,7,1.2064577468726536,60.0,9.0,False,False
2e2fae77-b7497ca0.jpg,low_light,7,1.1578650894771367,10.0,22.0,False,False
2ead8042-2493c03f.jpg,low_light,7,1.1540000293630233,15.0,15.0,False,False
2f1864c1-1a17d11c.jpg,low_light,7,1.0819768132015508,19.0,22.0,False,False
2f879dc0-b09e4824.jpg,low_light,7,1.2334519033263665,16.0,12.0,False,False
2fc9ad1e-ee4c9e43.jpg,low_light,7,1.2308377688992405,8.0,44.0,False,False
3050b249-0ffbd6ec.jpg,low_light,7,1.2088771518769246,10.0,,False,True
314cc010-3eab5c90.jpg,low_light,7,1.18796177787964,12.0,1.0,False,False
31765c6b-90b0d612.jpg,low_light,7,1.1873536563969656,3.0,2.0,False,False
31cf6eba-5c84c636.jpg,low_light,7,1.200719498027998,39.0,19.0,False,False
32de2244-122f1783.jpg,low_light,7,1.2882237236386838,22.0,19.0,False,False
33420085-32996107.jpg,low_light,7,1.2904143374641088,5.0,17.0,False,False
3430a5e6-00ec38d2.jpg,low_light,7,0.9632171984402527,23.0,34.0,False,False
35eb46d0-8f7e28a0.jpg,low_light,7,1.2625047995125325,31.0,4.0,False,False
3735fc3d-69d8b80c.jpg,low_light,7,1.2198477702503316,14.0,3.0,False,False
3740cd4f-ff1d423d.jpg,low_light,7,1.08520848198413,5.0,16.0,False,False
375abba2-9f2ed56c.jpg,low_light,7,1.2007900830642402,31.0,130.0,False,False
37723e55-31730cf5.jpg,low_light,7,1.0939934441691292,71.0,9.0,False,False
380a3f8e-ba4f0def.jpg,low_light,7,1.2864529019594348,1.0,7.0,False,False
385b0f61-1aee12ef.jpg,low_light,7,1.1527892301594191,46.0,7.0,False,False
3865fea7-b4fe472d.jpg,low_light,7,1.1837951333050771,15.0,8.0,False,False
38e561dd-8ea8ae2d.jpg,low_light,7,1.2021882901874337,8.0,6.0,False,False
38ed8d8d-93c48de2.jpg,low_light,7,1.2315868993847692,22.0,120.0,False,False
38ed8d8d-b1c230ef.jpg,low_light,7,1.1975795092226273,12.0,0.0,False,False
38ed8d8d-fa50400c.jpg,low_light,7,1.1784681081875472,18.0,37.0,False,False
3900ad8c-8834019f.jpg,low_light,7,1.1778059584397769,,0.0,False,False
39ddb110-04604b9c.jpg,low_light,7,1.183443869878153,12.0,18.0,False,False
39fc6d1c-6155351d.jpg,low_light,7,1.2110492184809367,,25.0,False,False
3a278d39-b92df256.jpg,low_light,7,1.2212020278320728,5.0,2.0,False,False
3a3407a2-df8ea956.jpg,low_light,7,1.2237293453890417,6.0,,False,True
3ad0c4a7-2a3d544e.jpg,low_light,7,1.1753625674291996,34.0,10.0,False,False
3b1e1bc1-ee64e36e.jpg,low_light,7,1.1784060157037655,11.0,2.0,False,False
3b44ef5a-c09e8479.jpg,low_light,7,1.1747464368754446,44.0,,False,True
3b563c5e-0102edaf.jpg,low_light,7,1.1785000113383854,18.0,7.0,False,False
3b9716a6-d2566395.jpg,low_light,7,1.2381986889200487,91.0,0.0,False,False
3c0bbdc2-79baffce.jpg,low_light,7,1.243699404165675,4.0,0.0,False,False
3c5752b6-9c0bdf98.jpg,low_light,7,1.203795502749268,430.0,108.0,False,False
3c95ae26-68abac3f.jpg,low_light,7,1.1608793847199042,,7.0,True,False
3e0f1745-a95a63ad.jpg,low_light,7,1.1753767312322714,17.0,8.0,False,False
3f4eb6a6-9eee52f9.jpg,low_light,7,1.1863631235235637,13.0,22.0,False,False
3f85a987-1ef4053b.jpg,low_light,7,1.2055253561800587,3.0,1.0,False,False
3fe1feaa-10126fec.jpg,low_light,7,1.1997323097622068,41.0,312.0,False,False
3ffdaa26-b394f6f8.jpg,low_light,7,1.1296948052492775,,3.0,False,False
4027c10d-41d54e9b.jpg,low_light,7,1.1251074878267826,4.0,14.0,False,False
428e99ea-4166e549.jpg,low_light,7,1.245430417888173,13.0,7.0,False,False
42e0dd11-74b81997.jpg,low_light,7,1.2952171560513357,,27.0,True,False
430395d1-931c959e.jpg,low_light,7,1.2296010488561004,35.0,,False,False
43126e0d-495d04a5.jpg,low_light,7,1.2510473219432818,2.0,33.0,False,False
43126e0d-cce96832.jpg,low_light,7,1.2031349167302166,34.0,36.0,False,False
432f9e20-83a0d96c.jpg,low_light,7,1.2212610966297361,2.0,1.0,False,False
43c7ed5c-b0690325.jpg,low_light,7,1.2162503526768471,1.0,49.0,False,False
44cc16d9-d2e06fd6.jpg,low_light,7,1.155948698450444,,40.0,True,False
45bafa98-1ee18a2f.jpg,low_light,7,1.1496617289486477,,34.0,True,False
46d048a1-8f7f385c.jpg,low_light,7,1.176172816194689,0.0,21.0,False,False
46f76df9-8bf77914.jpg,low_light,7,1.2082620222893146,8.0,22.0,False,False
480263a0-5aad7ae9.jpg,low_light,7,1.1593702142643045,4.0,32.0,False,False
488480d6-b94cf415.jpg,low_light,7,1.1734151873784466,16.0,2.0,False,False
48ed707e-5062e4c3.jpg,low_light,7,1.2003232208395869,10.0,,False,True
4a289ff2-7da7feb6.jpg,low_light,7,1.2029903514978042,,,True,True
4a31f3e3-ac7ed780.jpg,low_light,7,1.1985970070026315,1.0,,False,True
4b2e1dde-65b54419.jpg,low_light,7,1.1532563476799411,16.0,5.0,False,False
4d4a590b-4332c5ab.jpg,low_light,7,1.2634054952467233,0.0,13.0,False,False
5069db50-52f5af30.jpg,low_light,7,1.2834060625937487,3.0,,False,True
50866f46-30d1f303.jpg,low_light,7,1.2308208274804633,30.0,7.0,False,False
50b115d6-4b08a666.jpg,low_light,7,1.2372346670128334,16.0,3.0,False,False
50b2e757-6c7d0f63.jpg,low_light,7,1.2173896743409682,7.0,19.0,False,False
50d0fd05-8db58ebd.jpg,low_light,7,1.224383880319945,0.0,57.0,False,False
510671e9-603795e0.jpg,low_light,7,1.1887719367184386,30.0,76.0,False,False
514a6d58-0790e0cd.jpg,low_light,7,1.2283396337000414,10.0,2.0,False,False
5150bb50-300d52ce.jpg,low_light,7,1.2303058455481972,3.0,21.0,False,False
52799e9e-8c8673f3.jpg,low_light,7,1.23213122195797,6.0,7.0,False,False
52bda346-fd8ac6e7.jpg,low_light,7,1.183134416034939,0.0,3.0,False,False
534418ba-ee05398f.jpg,low_light,7,1.1848164849101301,3.0,387.0,False,False
54360b72-e00a3f70.jpg,low_light,7,1.2237271173100874,67.0,6.0,False,False
554d7cd5-a32486dd.jpg,low_light,7,1.2707376342684904,5.0,0.0,False,False
559fed19-7893646f.jpg,low_light,7,1.1850338708979398,3.0,53.0,False,False
57165857-e4d4a47f.jpg,low_light,7,1.2031340841258562,22.0,25.0,False,False
5795bfe7-a599384a.jpg,low_light,7,1.155150234794737,5.0,0.0,False,False
57ac74e2-e86131f1.jpg,low_light,7,1.2104990240607838,478.0,48.0,False,False
57b495f2-6da6b1e5.jpg,low_light,7,1.2767829029250284,2.0,75.0,False,False
585443c8-2621a6b1.jpg,low_light,7,1.2368551295645807,50.0,50.0,False,False
5877b384-2545daf4.jpg,low_light,7,1.1690535418110006,25.0,4.0,False,False
587bb1bf-1aa00fe5.jpg,low_light,7,1.2200531097566178,21.0,4.0,False,False
5995c288-2d152172.jpg,low_light,7,1.1969901122719726,2.0,,False,False
59cde7c7-344bffb1.jpg,low_light,7,1.2222880068463255,,70.0,True,False
5a8f9b5d-1fdfd2d4.jpg,low_light,7,1.221493764437621,93.0,6.0,False,False
5ae83f9c-da990b49.jpg,low_light,7,1.2101170850917131,2.0,38.0,False,False
5b2b4881-67a6cb87.jpg,low_light,7,1.1713445035543144,5.0,19.0,False,False
5b2fd56a-37759b05.jpg,low_light,7,1.2234615937241566,43.0,1.0,False,False
5b4b0b07-2fb56b82.jpg,low_light,7,1.2122800609687157,11.0,6.0,False,False
5bc44a50-c371c4d0.jpg,low_light,7,1.1854816815636853,29.0,1.0,False,False
5c4004b7-bf3b7941.jpg,low_light,7,1.2226739889446703,24.0,3.0,False,False
5c534f5f-a76c7f4b.jpg,low_light,7,1.201697724665456,15.0,5.0,False,False
5c5dc708-35460444.jpg,low_light,7,1.1611205216172482,15.0,7.0,False,False
5da6c6b6-76c54605.jpg,low_light,7,1.1774525074769633,16.0,13.0,False,False
5dc5141c-5890b5b1.jpg,low_light,7,1.2358298050988266,,12.0,True,False
5dd831da-bd00cf03.jpg,low_light,7,1.191895439197179,3.0,1.0,False,False
5dfb063f-7bd23d5c.jpg,low_light,7,1.2425059446309337,12.0,3.0,False,False
5e0b701e-d443d8c2.jpg,low_light,7,1.206900509619106,33.0,17.0,False,False
5e26f49d-0bc53c7e.jpg,low_light,7,1.2638665246620981,4.0,13.0,False,False
5e26f49d-9271bf00.jpg,low_light,7,1.1647318806111915,20.0,4.0,False,False
5e625ec3-7b4fc682.jpg,low_light,7,1.2024979174971298,31.0,11.0,False,False
5f9387ff-330136ae.jpg,low_light,7,1.1658809024353718,62.0,0.0,False,False
5fa17a25-88b8e6b9.jpg,low_light,7,1.1972636749662027,1.0,3.0,False,False
5fa422e1-2d8dd765.jpg,low_light,7,1.0973247241382351,10.0,1.0,False,False
5fb2a702-f56a339c.jpg,low_light,7,1.2069053625302713,17.0,2.0,False,False
6011831b-0992e205.jpg,low_light,7,1.1830335394610525,14.0,20.0,False,False
60137cc0-428b8f5b.jpg,low_light,7,1.2100802393559065,42.0,98.0,False,False
604b5b3e-3c2e6b6b.jpg,low_light,7,1.2182408055420682,12.0,52.0,False,False
6092f5a2-424550ba.jpg,low_light,7,1.2271657166639496,7.0,3.0,False,False
60ba25dd-6c0df417.jpg,low_light,7,1.1631103564633958,108.0,3.0,False,False
60c678e7-4813ae0f.jpg,low_light,7,1.1570169588901085,9.0,,False,True
614ecada-16b0f8b6.jpg,low_light,7,1.1965450951301073,2.0,0.0,False,False
61e4ad87-53ceb455.jpg,low_light,7,1.1951766608101553,3.0,81.0,False,False
6240d7b3-b51b5788.jpg,low_light,7,1.2169290297039401,5.0,17.0,False,False
62aefb36-b685117f.jpg,low_light,7,1.1941242943616064,4.0,0.0,False,False
634c1785-3bb9a8a2.jpg,low_light,7,1.1802863537831327,1.0,,False,True
634c1785-aeb1652f.jpg,low_light,7,1.1714400727751277,127.0,5.0,False,False
63f73472-028615f1.jpg,low_light,7,1.1823519705149572,20.0,6.0,False,False
6485ad0a-245d1600.jpg,low_light,7,1.2370403551581988,1.0,2.0,False,False
648dc925-e359dbec.jpg,low_light,7,1.272183848006955,6.0,17.0,False,False
65edc5a1-f309fed7.jpg,low_light,7,1.21365205269512,11.0,13.0,False,False
661381d9-1114a810.jpg,low_light,7,1.1600632566134381,1.0,6.0,False,False
664cb246-f84cfaf4.jpg,low_light,7,1.2291608451885163,9.0,12.0,False,False
675cf8fa-4b1ce8b9.jpg,low_light,7,1.1631737370007915,13.0,11.0,False,False
67faeadf-eb09a636.jpg,low_light,7,1.1903912788084372,0.0,,False,True
691be377-5dbc29ee.jpg,low_light,7,1.2509984457886256,4.0,3.0,False,False
692f1303-05178963.jpg,low_light,7,1.2313759399683986,33.0,1.0,False,False
692f9b08-bdbbd729.jpg,low_light,7,1.2436787200751132,7.0,1.0,False,False
69bfbe31-5ee2a642.jpg,low_light,7,1.1976402023084836,2.0,0.0,False,False
69cf7667-68f59649.jpg,low_light,7,1.2349896147414239,27.0,0.0,False,False
69cf7667-7eb40860.jpg,low_light,7,1.1838574379988367,2.0,30.0,False,False
6a44fb9a-05a3dd18.jpg,low_light,7,1.2227533990924597,12.0,24.0,False,False
6a793e80-4f5e207f.jpg,low_light,7,1.2802836669042468,18.0,62.0,False,False
6a82c0d6-b31f6b90.jpg,low_light,7,1.212198324207012,0.0,3.0,False,False
6a8d218d-14e4fa28.jpg,low_light,7,1.2668577402021564,,20.0,True,False
6ad110c3-789e7724.jpg,low_light,7,1.1879002813401764,2.0,18.0,False,False
6b15392a-3a1699fd.jpg,low_light,7,1.103590625403663,190.0,24.0,False,False
6b784eee-0a5a2c89.jpg,low_light,7,1.2198785549767468,5.0,,False,True
6bb5a881-15e5c2c4.jpg,low_light,7,1.3093475566359198,4.0,,False,True
6bd41587-d65ba5b4.jpg,low_light,7,1.1978513205736168,26.0,1.0,False,False
6d0d7bef-fb11b6e1.jpg,low_light,7,1.229645717606729,3.0,4.0,False,False
6d57736c-a35808b9.jpg,low_light,7,1.2799405003205466,6.0,75.0,False,False
6d8a6d94-00a7ad92.jpg,low_light,7,1.2151070490848146,16.0,49.0,False,False
6eeed3fa-87a1b0c9.jpg,low_light,7,1.187088207462693,20.0,13.0,False,False
701992bd-8a457895.jpg,low_light,7,1.2319251789695813,9.0,23.0,False,False
7171644d-4e74752e.jpg,low_light,7,1.2373571635588574,6.0,1.0,False,False
7171644d-ee92c71e.jpg,low_light,7,1.2293632773305845,1.0,6.0,False,False
72f22fa5-8af4615c.jpg,low_light,7,1.2549574945825395,5.0,6.0,False,False
72fd00fe-aeadfc89.jpg,low_light,7,1.3107834562039207,62.0,5.0,False,False
730c67a5-563e9b1f.jpg,low_light,7,1.306461987972494,,,True,True
738a2bcd-7a6fde0d.jpg,low_light,7,1.2367019508228436,1.0,28.0,False,False
73aff960-d46366ec.jpg,low_light,7,1.1907426871374869,28.0,1.0,False,False
73d338d6-edf0b3db.jpg,low_light,7,1.2591268585911066,37.0,101.0,False,False
75ad1fff-77299093.jpg,low_light,7,1.178127639506345,12.0,4.0,False,False
75f5f52c-6b67e736.jpg,low_light,7,0.837840341362319,14.0,10.0,False,False
777005a8-14c739ad.jpg,low_light,7,1.2395262883671814,48.0,195.0,False,False
7771e03b-832e52c0.jpg,low_light,7,1.2553086625371999,,25.0,True,False
7771e03b-a8f9d50c.jpg,low_light,7,1.2191634197195502,118.0,21.0,False,False
7797fea2-c37f9856.jpg,low_light,7,1.2003019714840018,44.0,12.0,False,False
77bdbeb0-edb0613f.jpg,low_light,7,1.1826491114828455,1.0,11.0,False,False
77dca577-16a39ea0.jpg,low_light,7,1.2163083248548399,47.0,4.0,False,False
77f810c4-43a39c1f.jpg,low_light,7,1.1871461994980128,25.0,,False,True
7814206e-8e991d51.jpg,low_light,7,1.2303013892403594,0.0,5.0,False,False
7814206e-ea2508d0.jpg,low_light,7,1.225693801861499,2.0,28.0,False,False
79e177bc-4d5d3acc.jpg,low_light,7,1.169939916435022,0.0,0.0,False,False
7aa4ff0f-9d28d8a4.jpg,low_light,7,1.2909841082539413,1.0,306.0,False,False
7ad1174c-373265eb.jpg,low_light,7,1.1716189468509652,,,True,True
7b268b98-e0ec16c3.jpg,low_light,7,1.2853521127434056,1.0,2.0,False,False
7c5a2048-332896ea.jpg,low_light,7,1.2267515858316607,19.0,3.0,False,False
7c5d50c5-7292de37.jpg,low_light,7,1.189708840307712,26.0,3.0,False,False
7d1fe115-936a2f47.jpg,low_light,7,1.2401741822236705,0.0,9.0,False,False
7dc2914d-a20a969a.jpg,low_light,7,1.2468728211135314,8.0,2.0,False,False
7e4ab78b-4a62c63e.jpg,low_light,7,1.22103661941217,0.0,22.0,False,False
7e590c49-93f03732.jpg,low_light,7,1.1663269054604843,5.0,2.0,False,False
7ed57d0a-d7bcc13d.jpg,low_light,7,1.2030643318846566,229.0,0.0,False,False
7f0ef682-c93899df.jpg,low_light,7,1.1637206690483426,4.0,71.0,False,False
7f4ac354-777de900.jpg,low_light,7,1.129361096356076,4.0,18.0,False,False
7f9bdf0d-c0e0061f.jpg,low_light,7,1.130937691979874,4.0,,False,True
7fd14da9-a855494b.jpg,low_light,7,1.2725300785374247,27.0,6.0,False,False
801bff84-a72998c7.jpg,low_light,7,1.272445568640466,9.0,20.0,False,False
8073de38-f7eab6ec.jpg,low_light,7,1.223462079763709,9.0,19.0,False,False
8082ea05-1a7bcd47.jpg,low_light,7,1.2012286282064806,7.0,4.0,False,False
80ecebc0-ca9605f4.jpg,low_light,7,1.2061723390921646,48.0,,False,True
81ec3b39-1951f79e.jpg,low_light,7,1.2136041314018202,0.0,18.0,False,False
82b14c0c-79b99258.jpg,low_light,7,1.2089972108059752,9.0,16.0,False,False
82b5fc3b-90cadd1b.jpg,low_light,7,1.1267796358795343,8.0,17.0,False,False
82f03471-8e304dd5.jpg,low_light,7,1.222469267013324,62.0,12.0,False,False
836fa13a-d6058a12.jpg,low_light,7,1.2789429456727655,8.0,17.0,False,False
84fb3f59-7d5d1fa4.jpg,low_light,7,1.1731059725131507,0.0,44.0,False,False
8542b4da-7795bcfd.jpg,low_light,7,1.2974012157622636,18.0,1.0,False,False
85f3f250-1fef85ac.jpg,low_light,7,1.204029002170527,35.0,,False,True
87ca2979-d5158824.jpg,low_light,7,1.2503993792440924,3.0,14.0,False,False
889b7dda-77f16103.jpg,low_light,7,1.1389842845669098,32.0,1.0,False,False
88dbf01a-d8b35dee.jpg,low_light,7,1.1695458759929793,4.0,1.0,False,False
897223bc-6938f1ab.jpg,low_light,7,1.1602783020133425,113.0,48.0,False,False
89b7454d-880eacbd.jpg,low_light,7,1.2092115420334186,,22.0,True,False
89e85e71-7dd0a7b6.jpg,low_light,7,1.1400278360307432,6.0,20.0,False,False
8a4fbffe-47866ce9.jpg,low_light,7,1.1918815827483609,2.0,4.0,False,False
8a76c101-8bcefc32.jpg,low_light,7,1.2688020076427824,,45.0,True,False
8b7ef6c4-6bbcf25f.jpg,low_light,7,1.1881144509078632,37.0,12.0,False,False
8bac644e-e0437ead.jpg,low_light,7,1.217309365509232,,59.0,False,False
8c94c649-8ba62efa.jpg,low_light,7,1.20566234841172,41.0,,False,True
8c9bbaa9-34934b66.jpg,low_light,7,1.1875008032496666,40.0,22.0,False,False
0049e5b8-725e21a0.jpg,low_light,8,0.6238853719014792,4.0,10.0,False,False
0081e27b-17bf4a9e.jpg,low_light,8,0.6250433964437736,8.0,11.0,False,False
00beeb02-50440dcd.jpg,low_light,8,0.6246580968059475,11.0,10.0,False,False
00d4b6b7-7d0a60bf.jpg,low_light,8,0.6237448166792774,3.0,,False,True
01118704-2d838d7f.jpg,low_light,8,0.629108918545664,4.0,2.0,False,False
0115917e-14907a6a.jpg,low_light,8,0.6044278664681758,3.0,8.0,False,False
02188a44-65ad27f3.jpg,low_light,8,0.5738379449120506,26.0,,False,True
02494b7b-079febf8.jpg,low_light,8,0.6306319172739904,12.0,3.0,False,False
029ffd50-dc944dba.jpg,low_light,8,0.6119365148410917,,6.0,True,False
0464a98b-860229d5.jpg,low_light,8,0.6406782550149338,,17.0,True,False
051aadb7-51aad566.jpg,low_light,8,0.6308241949127019,2.0,,False,True
051aadb7-e953bc4d.jpg,low_light,8,0.6178947718575474,6.0,10.0,False,False
05743a9b-747658e7.jpg,low_light,8,0.6381082012960466,,8.0,True,False
057af272-6f700aef.jpg,low_light,8,0.6259004535223893,40.0,17.0,False,False
05d62296-30c620d5.jpg,low_light,8,0.6274631991970179,92.0,,False,True
05e5a68e-f0e05a42.jpg,low_light,8,0.6092415909748141,,40.0,True,False
05fa6494-8f436d04.jpg,low_light,8,0.5921989952387683,20.0,17.0,False,False
060039d9-5218402b.jpg,low_light,8,0.6174675741992071,2.0,9.0,False,False
064aa0d6-f75ff4d5.jpg,low_light,8,0.6196865754269685,,,True,True
07de5062-ddddcbd7.jpg,low_light,8,0.6559867275456073,,,True,True
088351d1-30833ddc.jpg,low_light,8,0.6341850990896196,31.0,,False,True
08a49c01-675d3899.jpg,low_light,8,0.6227240417759773,49.0,3.0,False,False
08d4285a-4a25b9b6.jpg,low_light,8,0.6024164117163956,,17.0,True,False
09ac21d6-eefa8ed0.jpg,low_light,8,0.5429583091890662,,4.0,True,False
0a0a0b1a-7c39d841.jpg,low_light,8,0.6414587970932286,62.0,7.0,False,False
0af6039a-f3c91319.jpg,low_light,8,0.6160009456620815,127.0,1.0,False,False
0b2f5d0d-8fddc1fc.jpg,low_light,8,0.6156857568171227,22.0,34.0,False,False
0b4225f9-bfb10f88.jpg,low_light,8,0.6287672177880997,26.0,13.0,False,False
0ba08fe3-880ae118.jpg,low_light,8,0.5986093027195759,31.0,1.0,False,False
0c2f33b9-f94d69b5.jpg,low_light,8,0.6150199927425437,6.0,11.0,False,False
0c984e6d-2b5d7ee4.jpg,low_light,8,0.6059852661376087,21.0,24.0,False,False
0cb67a01-7cf1687e.jpg,low_light,8,0.6344265109323887,10.0,,False,True
0cc6f3e8-b4c9e348.jpg,low_light,8,0.6038525471106804,7.0,7.0,False,False
0cf398b3-ce65ab64.jpg,low_light,8,0.4594379482886391,,,True,True
0d3ec56a-f4cead6f.jpg,low_light,8,0.6142845831100886,,12.0,True,False
0d61234a-542010b2.jpg,low_light,8,0.49077381851194485,11.0,21.0,False,False
0e442b65-b17e0b50.jpg,low_light,8,0.6444743687743706,27.0,,False,True
0e5c7e92-0d9c60f0.jpg,low_light,8,0.600404216567352,10.0,0.0,False,False
0f837def-9646c091.jpg,low_light,8,0.6294571199939519,1.0,1.0,False,False
0fba84f9-73b520ee.jpg,low_light,8,0.6232526167854089,6.0,3.0,False,False
101a0964-930eae70.jpg,low_light,8,0.5596362582579754,,8.0,True,False
10389fe8-433c740c.jpg,low_light,8,0.5614438949997638,25.0,,False,True
10453a95-40759ac3.jpg,low_light,8,0.6125393835165471,,6.0,True,False
1072195f-0a161ade.jpg,low_light,8,0.6128941755189772,7.0,22.0,False,False
1072195f-6cf88b25.jpg,low_light,8,0.6251673537820206,,22.0,True,False
11513e3d-150058c3.jpg,low_light,8,0.6391953581130732,0.0,84.0,False,False
1189ae68-1a8ad3c6.jpg,low_light,8,0.6226948426041836,16.0,37.0,False,False
12076ebb-c07285d7.jpg,low_light,8,0.6188458466831193,3.0,53.0,False,False
125134e5-7dfc45b9.jpg,low_light,8,0.6154947091513537,,,True,True
12ae9ab8-794f5adc.jpg,low_light,8,0.6071549204913358,17.0,9.0,False,False
13f61134-50021e53.jpg,low_light,8,0.6395748692031171,51.0,34.0,False,False
14eace5a-ddf3b303.jpg,low_light,8,0.6260179767205264,17.0,,False,True
1608cfe7-32da2c5d.jpg,low_light,8,0.5844626567622209,,25.0,True,False
162995f1-d2c7d259.jpg,low_light,8,0.6388437110165435,4.0,13.0,False,False
16b0973f-c07b564a.jpg,low_light,8,0.5779326112371923,4.0,8.0,False,False
1784d67b-6b223914.jpg,low_light,8,0.6247781039456433,0.0,1.0,False,False
1784d67b-d76145ce.jpg,low_light,8,0.6308731853175987,75.0,5.0,False,False
188c58f3-792afc71.jpg,low_light,8,0.566525738333413,,21.0,True,False
193f7f3b-84bc7998.jpg,low_light,8,0.6212760396368556,,60.0,True,False
194058b0-ac0616a6.jpg,low_light,8,0.611472754583504,1.0,56.0,False,False
19e56249-09c4bbc6.jpg,low_light,8,0.6261090535942198,0.0,,False,True
1a71faae-d5f255fd.jpg,low_light,8,0.6383542708209158,139.0,2.0,False,False
1a8992a7-da5a8510.jpg,low_light,8,0.6391263637083038,,36.0,True,False
1ac0178c-0b259360.jpg,low_light,8,0.638709197301195,,,True,True
1b30f76f-95aa8a06.jpg,low_light,8,0.628927331555106,,19.0,True,False
1bda5a26-420ceea6.jpg,low_light,8,0.6232081647813582,6.0,,False,True
1bf7f3d2-15f95138.jpg,low_light,8,0.62590236637745,3.0,9.0,False,False
1c227a12-10e5552c.jpg,low_light,8,0.6367851355453348,57.0,,False,True
1c227a12-ec67af93.jpg,low_light,8,0.6327749802513306,1.0,,False,True
1c5e9657-2e2a2863.jpg,low_light,8,0.5839074495129956,,,True,True
1cb2a89b-4594573e.jpg,low_light,8,0.6459174861123035,2.0,14.0,False,False
1cf54809-c6daa5a9.jpg,low_light,8,0.5895540701524457,13.0,2.0,False,False
1d5e05f8-5020f67d.jpg,low_light,8,0.6406836962346519,18.0,6.0,False,False
1e57ae90-806bc767.jpg,low_light,8,0.6569092389200021,,16.0,True,False
1f959fdd-6ff63d34.jpg,low_light,8,0.6214649279200493,,0.0,True,False
1fa65acf-d43367bc.jpg,low_light,8,0.5795058507491596,10.0,,False,True
20cfadfa-47711496.jpg,low_light,8,0.6113474250541557,41.0,0.0,False,False
20cfadfa-6f87fdc1.jpg,low_light,8,0.6259815406205491,6.0,1.0,False,False
225a1858-0e3a4b04.jpg,low_light,8,0.6245990407416236,252.0,,False,True
22be2f14-59fbdca0.jpg,low_light,8,0.6269084580862571,,1.0,True,False
23333f35-0cbc3f0f.jpg,low_light,8,0.6345586721131862,30.0,264.0,False,False
23df146f-64b50e4c.jpg,low_light,8,0.6434313677534903,7.0,2.0,False,False
24392d7c-998011c2.jpg,low_light,8,0.6270724781222987,1.0,,False,True
250e7595-b14da270.jpg,low_light,8,0.6209311162865038,5.0,85.0,False,False
26190b83-39ccb412.jpg,low_light,8,0.6216018224706507,5.0,5.0,False,False
272d52f6-8aac36b3.jpg,low_light,8,0.5647573242171469,24.0,,False,True
2752681a-e813599a.jpg,low_light,8,0.6281755796265386,277.0,15.0,False,False
27645526-f038b033.jpg,low_light,8,0.5616490138451993,8.0,84.0,False,False
2773af6f-23e23a6b.jpg,low_light,8,0.5822758556992704,1.0,,False,True
28faf684-03ef4c6e.jpg,low_light,8,0.6537004882970194,220.0,0.0,False,False
292720ee-d847ee69.jpg,low_light,8,0.6518943237920384,1.0,9.0,False,False
2b54fe2d-c5b810e6.jpg,low_light,8,0.5715822267683386,6.0,12.0,False,False
2b605c48-8dfe352b.jpg,low_light,8,0.6008006645437629,43.0,24.0,False,False
2beccce2-354608e2.jpg,low_light,8,0.6036979720867509,5.0,4.0,False,False
2c87e51d-aa7a8031.jpg,low_light,8,0.6269039583793394,183.0,,False,True
2ce0b449-e818dc97.jpg,low_light,8,0.6258472754178266,59.0,,False,True
2cf976a2-479cd46b.jpg,low_light,8,0.6155792455546902,56.0,21.0,False,False
2e2fae77-b7497ca0.jpg,low_light,8,0.5904231769418071,,,True,True
2ead8042-2493c03f.jpg,low_light,8,0.590852957295389,0.0,10.0,False,False
2f1864c1-1a17d11c.jpg,low_light,8,0.5500139309514627,,167.0,True,False
2f879dc0-b09e4824.jpg,low_light,8,0.6311884665487045,28.0,30.0,False,False
2fc9ad1e-ee4c9e43.jpg,low_light,8,0.6322168847595768,7.0,,False,True
3050b249-0ffbd6ec.jpg,low_light,8,0.6172610537535163,11.0,,False,True
314cc010-3eab5c90.jpg,low_light,8,0.6061066839767553,,1.0,True,False
31765c6b-90b0d612.jpg,low_light,8,0.6046222879240302,3.0,4.0,False,False
31cf6eba-5c84c636.jpg,low_light,8,0.6115552266034372,39.0,16.0,False,False
32de2244-122f1783.jpg,low_light,8,0.6593450918915265,,1.0,True,False
33420085-32996107.jpg,low_light,8,0.6607230246639064,9.0,125.0,False,False
3430a5e6-00ec38d2.jpg,low_light,8,0.4829464272647193,1.0,,False,True
35eb46d0-8f7e28a0.jpg,low_light,8,0.6464626242292233,29.0,7.0,False,False
3735fc3d-69d8b80c.jpg,low_light,8,0.6250895182353862,32.0,,False,True
3740cd4f-ff1d423d.jpg,low_light,8,0.5500908350809043,0.0,17.0,False,False
375abba2-9f2ed56c.jpg,low_light,8,0.613118896573187,1.0,656.0,False,False
37723e55-31730cf5.jpg,low_light,8,0.5565493714834685,21.0,,False,True
380a3f8e-ba4f0def.jpg,low_light,8,0.6586089201120973,0.0,17.0,False,False
385b0f61-1aee12ef.jpg,low_light,8,0.5891762149151695,40.0,,False,True
3865fea7-b4fe472d.jpg,low_light,8,0.6064741496790889,25.0,16.0,False,False
38e561dd-8ea8ae2d.jpg,low_light,8,0.6132998122894289,1.0,19.0,False,False
38ed8d8d-93c48de2.jpg,low_light,8,0.6308808604494298,,52.0,True,False
38ed8d8d-b1c230ef.jpg,low_light,8,0.6147782172815945,,,True,True
38ed8d8d-fa50400c.jpg,low_light,8,0.6033736123659551,13.0,4.0,False,False
3900ad8c-8834019f.jpg,low_light,8,0.5990291120748845,,,False,True
39ddb110-04604b9c.jpg,low_light,8,0.6030133936700147,0.0,8.0,False,False
39fc6d1c-6155351d.jpg,low_light,8,0.6211934401669615,,28.0,False,False
3a278d39-b92df256.jpg,low_light,8,0.6249623465527233,7.0,,False,True
3a3407a2-df8ea956.jpg,low_light,8,0.6262167355358221,,10.0,True,False
3ad0c4a7-2a3d544e.jpg,low_light,8,0.601909877939052,4.0,14.0,False,False
3b1e1bc1-ee64e36e.jpg,low_light,8,0.6032367991563867,10.0,,False,True
3b44ef5a-c09e8479.jpg,low_light,8,0.5994004015886738,138.0,,False,True
3b563c5e-0102edaf.jpg,low_light,8,0.600850054767234,15.0,8.0,False,False
3b9716a6-d2566395.jpg,low_light,8,0.6333752664705277,106.0,,False,True
3c0bbdc2-79baffce.jpg,low_light,8,0.6380203988646089,25.0,,False,True
3c5752b6-9c0bdf98.jpg,low_light,8,0.6144147947184883,,261.0,True,False
3c95ae26-68abac3f.jpg,low_light,8,0.5927492442217356,,,True,True
3e0f1745-a95a63ad.jpg,low_light,8,0.6001280325356215,19.0,5.0,False,False
3f4eb6a6-9eee52f9.jpg,low_light,8,0.6068621631079026,11.0,20.0,False,False
3f85a987-1ef4053b.jpg,low_light,8,0.6144581382019685,,18.0,True,False
3fe1feaa-10126fec.jpg,low_light,8,0.6139146510789025,6.0,,False,True
3ffdaa26-b394f6f8.jpg,low_light,8,0.5765754086695631,,3.0,False,False
4027c10d-41d54e9b.jpg,low_light,8,0.5741028109630585,23.0,14.0,False,False
428e99ea-4166e549.jpg,low_light,8,0.6387472897461682,23.0,,False,True
42e0dd11-74b81997.jpg,low_light,8,0.6643462535534806,,15.0,True,False
430395d1-931c959e.jpg,low_light,8,0.6288311482955988,22.0,,False,False
43126e0d-495d04a5.jpg,low_light,8,0.6386457977545412,,,True,True
43126e0d-cce96832.jpg,low_light,8,0.6134885411954767,2.0,27.0,False,False
432f9e20-83a0d96c.jpg,low_light,8,0.6233713936144565,7.0,207.0,False,False
43c7ed5c-b0690325.jpg,low_light,8,0.6194444904415282,1.0,50.0,False,False
44cc16d9-d2e06fd6.jpg,low_light,8,0.5870912177389507,,,True,True
45bafa98-1ee18a2f.jpg,low_light,8,0.5854632540157394,4.0,,False,True
46d048a1-8f7f385c.jpg,low_light,8,0.6004548185227346,0.0,51.0,False,False
46f76df9-8bf77914.jpg,low_light,8,0.6183974352422944,0.0,26.0,False,False
480263a0-5aad7ae9.jpg,low_light,8,0.5901363790363147,,30.0,True,False
488480d6-b94cf415.jpg,low_light,8,0.5998933487370225,92.0,4.0,False,False
48ed707e-5062e4c3.jpg,low_light,8,0.6132625490177428,3.0,46.0,False,False
4a289ff2-7da7feb6.jpg,low_light,8,0.6154999333911323,,85.0,True,False
4a31f3e3-ac7ed780.jpg,low_light,8,0.612894020690609,1.0,,False,True
4b2e1dde-65b54419.jpg,low_light,8,0.5893691046508555,,,True,True
4d4a590b-4332c5ab.jpg,low_light,8,0.6474816994069356,21.0,0.0,False,False
5069db50-52f5af30.jpg,low_light,8,0.6581223302656483,32.0,22.0,False,False
50866f46-30d1f303.jpg,low_light,8,0.6294442521899943,11.0,0.0,False,False
50b115d6-4b08a666.jpg,low_light,8,0.6307904314273473,16.0,183.0,False,False
50b2e757-6c7d0f63.jpg,low_light,8,0.6210094873039534,34.0,8.0,False,False
50d0fd05-8db58ebd.jpg,low_light,8,0.6246647946462518,0.0,36.0,False,False
510671e9-603795e0.jpg,low_light,8,0.606889334279592,351.0,4.0,False,False
514a6d58-0790e0cd.jpg,low_light,8,0.6285615115249211,,11.0,True,False
5150bb50-300d52ce.jpg,low_light,8,0.6310792487802452,26.0,21.0,False,False
52799e9e-8c8673f3.jpg,low_light,8,0.6318173393640796,15.0,27.0,False,False
52bda346-fd8ac6e7.jpg,low_light,8,0.6040696434099839,4.0,,False,True
534418ba-ee05398f.jpg,low_light,8,0.6047290660611205,9.0,,False,True
54360b72-e00a3f70.jpg,low_light,8,0.6253116644339436,267.0,2.0,False,False
554d7cd5-a32486dd.jpg,low_light,8,0.6507516026083627,,5.0,True,False
559fed19-7893646f.jpg,low_light,8,0.6059412162527777,305.0,339.0,False,False
57165857-e4d4a47f.jpg,low_light,8,0.6153198894054629,14.0,12.0,False,False
5795bfe7-a599384a.jpg,low_light,8,0.5905146170571173,21.0,4.0,False,False
57ac74e2-e86131f1.jpg,low_light,8,0.6173027352906629,456.0,15.0,False,False
57b495f2-6da6b1e5.jpg,low_light,8,0.6539205970331351,,59.0,True,False
585443c8-2621a6b1.jpg,low_light,8,0.6326341246439822,,,True,True
5877b384-2545daf4.jpg,low_light,8,0.5979769768540669,1.0,19.0,False,False
587bb1bf-1aa00fe5.jpg,low_light,8,0.6243501267414739,6.0,3.0,False,False
5995c288-2d152172.jpg,low_light,8,0.6125264607574135,14.0,,False,False
59cde7c7-344bffb1.jpg,low_light,8,0.6236794827834309,,,True,True
5a8f9b5d-1fdfd2d4.jpg,low_light,8,0.6251045830452601,14.0,11.0,False,False
5ae83f9c-da990b49.jpg,low_light,8,0.6186119741990452,4.0,8.0,False,False
5b2b4881-67a6cb87.jpg,low_light,8,0.5949397707613943,20.0,4.0,False,False
5b2fd56a-37759b05.jpg,low_light,8,0.6257771426079296,62.0,9.0,False,False
5b4b0b07-2fb56b82.jpg,low_light,8,0.6203616596351542,,3.0,True,False
5bc44a50-c371c4d0.jpg,low_light,8,0.6060458287142823,44.0,26.0,False,False
5c4004b7-bf3b7941.jpg,low_light,8,0.6247317908881216,,,True,True
5c534f5f-a76c7f4b.jpg,low_light,8,0.6139811070820351,15.0,5.0,False,False
5c5dc708-35460444.jpg,low_light,8,0.5924256642188656,,8.0,True,False
5da6c6b6-76c54605.jpg,low_light,8,0.6011264797773339,,13.0,True,False
5dc5141c-5890b5b1.jpg,low_light,8,0.6358218949271113,,,True,True
5dd831da-bd00cf03.jpg,low_light,8,0.6088205839968664,13.0,490.0,False,False
5dfb063f-7bd23d5c.jpg,low_light,8,0.6356312544228325,11.0,15.0,False,False
5e0b701e-d443d8c2.jpg,low_light,8,0.6171665809128164,37.0,15.0,False,False
5e26f49d-0bc53c7e.jpg,low_light,8,0.6469602714424759,5.0,,False,True
5e26f49d-9271bf00.jpg,low_light,8,0.5939227296227588,,30.0,True,False
5e625ec3-7b4fc682.jpg,low_light,8,0.6154409722369494,31.0,0.0,False,False
5f9387ff-330136ae.jpg,low_light,8,0.5952016353950018,,1.0,True,False
5fa17a25-88b8e6b9.jpg,low_light,8,0.610214580053686,0.0,11.0,False,False
5fa422e1-2d8dd765.jpg,low_light,8,0.5575741575310886,27.0,31.0,False,False
5fb2a702-f56a339c.jpg,low_light,8,0.6183985275571382,2.0,100.0,False,False
6011831b-0992e205.jpg,low_light,8,0.6034338409596299,2.0,,False,True
60137cc0-428b8f5b.jpg,low_light,8,0.6180563454335123,10.0,5.0,False,False
604b5b3e-3c2e6b6b.jpg,low_light,8,0.6239408462058437,2.0,12.0,False,False
6092f5a2-424550ba.jpg,low_light,8,0.6265145183077572,35.0,,False,True
60ba25dd-6c0df417.jpg,low_light,8,0.5929360996588743,,2.0,True,False
60c678e7-4813ae0f.jpg,low_light,8,0.5901092110371722,16.0,,False,True
614ecada-16b0f8b6.jpg,low_light,8,0.6129614942522594,14.0,17.0,False,False
61e4ad87-53ceb455.jpg,low_light,8,0.6094149351705722,10.0,4.0,False,False
6240d7b3-b51b5788.jpg,low_light,8,0.6210261397840264,,177.0,True,False
62aefb36-b685117f.jpg,low_light,8,0.6127455491116627,11.0,3.0,False,False
634c1785-3bb9a8a2.jpg,low_light,8,0.6046752817278485,3.0,,False,True
634c1785-aeb1652f.jpg,low_light,8,0.598588725326809,7.0,4.0,False,False
63f73472-028615f1.jpg,low_light,8,0.6040221724089175,14.0,17.0,False,False
6485ad0a-245d1600.jpg,low_light,8,0.6331011418667137,1.0,2.0,False,False
648dc925-e359dbec.jpg,low_light,8,0.6528239599708046,7.0,11.0,False,False
65edc5a1-f309fed7.jpg,low_light,8,0.6211821299796408,,,True,True
661381d9-1114a810.jpg,low_light,8,0.5915304316622754,6.0,9.0,False,False
664cb246-f84cfaf4.jpg,low_light,8,0.6282797842691412,11.0,22.0,False,False
675cf8fa-4b1ce8b9.jpg,low_light,8,0.5927620571336324,16.0,,False,True
67faeadf-eb09a636.jpg,low_light,8,0.6052194271556821,4.0,,False,True
691be377-5dbc29ee.jpg,low_light,8,0.6408790266537674,5.0,,False,True
692f1303-05178963.jpg,low_light,8,0.6301942606742107,24.0,12.0,False,False
692f9b08-bdbbd729.jpg,low_light,8,0.6387828166016096,7.0,23.0,False,False
69bfbe31-5ee2a642.jpg,low_light,8,0.612535871798495,2.0,2.0,False,False
69cf7667-68f59649.jpg,low_light,8,0.6328716883581076,5.0,0.0,False,False
69cf7667-7eb40860.jpg,low_light,8,0.6047013009842167,10.0,10.0,False,False
6a44fb9a-05a3dd18.jpg,low_light,8,0.6247764126977442,29.0,24.0,False,False
6a793e80-4f5e207f.jpg,low_light,8,0.6555002676506526,,103.0,True,False
6a82c0d6-b31f6b90.jpg,low_light,8,0.6208438305568402,1.0,275.0,False,False
6a8d218d-14e4fa28.jpg,low_light,8,0.6472595235142489,,,True,True
6ad110c3-789e7724.jpg,low_light,8,0.6046389192982085,14.0,27.0,False,False
6b15392a-3a1699fd.jpg,low_light,8,0.5615062096406644,31.0,23.0,False,False
6b784eee-0a5a2c89.jpg,low_light,8,0.6229905949269522,3.0,,False,True
6bb5a881-15e5c2c4.jpg,low_light,8,0.6704573454290281,,,True,True
6bd41587-d65ba5b4.jpg,low_light,8,0.6122753743849628,23.0,1.0,False,False
6d0d7bef-fb11b6e1.jpg,low_light,8,0.6282049598793495,349.0,19.0,False,False
6d57736c-a35808b9.jpg,low_light,8,0.6566978091475844,5.0,71.0,False,False
6d8a6d94-00a7ad92.jpg,low_light,8,0.621435220806144,4.0,,False,True
6eeed3fa-87a1b0c9.jpg,low_light,8,0.6083370471415962,,,True,True
701992bd-8a457895.jpg,low_light,8,0.6302295309588718,29.0,0.0,False,False
7171644d-4e74752e.jpg,low_light,8,0.6316026358067486,10.0,17.0,False,False
7171644d-ee92c71e.jpg,low_light,8,0.6277362101484186,36.0,8.0,False,False
72f22fa5-8af4615c.jpg,low_light,8,0.6422299061112541,7.0,,False,True
72fd00fe-aeadfc89.jpg,low_light,8,0.6720527761547244,,5.0,True,False
730c67a5-563e9b1f.jpg,low_light,8,0.6681353065054885,,,True,True
738a2bcd-7a6fde0d.jpg,low_light,8,0.6330107682309705,0.0,,False,True
73aff960-d46366ec.jpg,low_light,8,0.6074744849575555,,,True,True
73d338d6-edf0b3db.jpg,low_light,8,0.642905063344087,38.0,30.0,False,False
75ad1fff-77299093.jpg,low_light,8,0.6010296180896283,,1.0,True,False
75f5f52c-6b67e736.jpg,low_light,8,0.41106373908711497,,2.0,True,False
777005a8-14c739ad.jpg,low_light,8,0.6352797253909848,60.0,,False,True
7771e03b-832e52c0.jpg,low_light,8,0.6428379757123827,,11.0,True,False
7771e03b-a8f9d50c.jpg,low_light,8,0.6222908796381829,123.0,4.0,False,False
7797fea2-c37f9856.jpg,low_light,8,0.6127253995134895,50.0,27.0,False,False
77bdbeb0-edb0613f.jpg,low_light,8,0.6050275971437338,7.0,6.0,False,False
77dca577-16a39ea0.jpg,low_light,8,0.622470478122638,16.0,28.0,False,False
77f810c4-43a39c1f.jpg,low_light,8,0.6077776894890277,,,True,True
7814206e-8e991d51.jpg,low_light,8,0.6297684024355843,21.0,6.0,False,False
7814206e-ea2508d0.jpg,low_light,8,0.6276231884355035,14.0,,False,True
79e177bc-4d5d3acc.jpg,low_light,8,0.5969771898689051,27.0,3.0,False,False
7aa4ff0f-9d28d8a4.jpg,low_light,8,0.6610841960615284,,6.0,True,False
7ad1174c-373265eb.jpg,low_light,8,0.5977331911764494,,,True,True
7b268b98-e0ec16c3.jpg,low_light,8,0.6590765478534555,0.0,2.0,False,False
7c5a2048-332896ea.jpg,low_light,8,0.6280499463602496,,,True,True
7c5d50c5-7292de37.jpg,low_light,8,0.6078187771803696,16.0,1.0,False,False
7d1fe115-936a2f47.jpg,low_light,8,0.6327495694994054,209.0,3.0,False,False
7dc2914d-a20a969a.jpg,low_light,8,0.6374538849638317,19.0,,False,True
7e4ab78b-4a62c63e.jpg,low_light,8,0.6245863096815442,18.0,22.0,False,False
7e590c49-93f03732.jpg,low_light,8,0.5951759775812303,,72.0,True,False
7ed57d0a-d7bcc13d.jpg,low_light,8,0.6136245500470586,17.0,19.0,False,False
7f0ef682-c93899df.jpg,low_light,8,0.5935526199491702,2.0,107.0,False,False
7f4ac354-777de900.jpg,low_light,8,0.5768260403202732,25.0,,False,True
7f9bdf0d-c0e0061f.jpg,low_light,8,0.5783357741884654,27.0,,False,True
7fd14da9-a855494b.jpg,low_light,8,0.6516939119499439,33.0,12.0,False,False
801bff84-a72998c7.jpg,low_light,8,0.6512794030033419,10.0,22.0,False,False
8073de38-f7eab6ec.jpg,low_light,8,0.6253427131655388,4.0,10.0,False,False
8082ea05-1a7bcd47.jpg,low_light,8,0.6159339538595957,36.0,4.0,False,False
80ecebc0-ca9605f4.jpg,low_light,8,0.616476402878017,69.0,,False,True
81ec3b39-1951f79e.jpg,low_light,8,0.6214665246504977,20.0,,False,True
82b14c0c-79b99258.jpg,low_light,8,0.6186862962102821,40.0,5.0,False,False
82b5fc3b-90cadd1b.jpg,low_light,8,0.5738049285129059,7.0,21.0,False,False
82f03471-8e304dd5.jpg,low_light,8,0.6249039244100806,93.0,14.0,False,False
836fa13a-d6058a12.jpg,low_light,8,0.653766285345283,19.0,,False,True
84fb3f59-7d5d1fa4.jpg,low_light,8,0.5989824843135526,155.0,31.0,False,False
8542b4da-7795bcfd.jpg,low_light,8,0.6636227844431406,40.0,2.0,False,False
85f3f250-1fef85ac.jpg,low_light,8,0.6164699811196543,1.0,,False,True
87ca2979-d5158824.jpg,low_light,8,0.6402774269871537,32.0,14.0,False,False
889b7dda-77f16103.jpg,low_light,8,0.5807987434508115,247.0,29.0,False,False
88dbf01a-d8b35dee.jpg,low_light,8,0.5971632511259958,5.0,9.0,False,False
897223bc-6938f1ab.jpg,low_light,8,0.591528333806517,7.0,47.0,False,False
89b7454d-880eacbd.jpg,low_light,8,0.6177264503052082,,,True,True
89e85e71-7dd0a7b6.jpg,low_light,8,0.5810322198368538,0.0,15.0,False,False
8a4fbffe-47866ce9.jpg,low_light,8,0.6104250189794049,5.0,,False,True
8a76c101-8bcefc32.jpg,low_light,8,0.6492203030033035,,16.0,True,False
8b7ef6c4-6bbcf25f.jpg,low_light,8,0.6068712327088234,36.0,24.0,False,False
8bac644e-e0437ead.jpg,low_light,8,0.6229842551276944,,,False,True
8c94c649-8ba62efa.jpg,low_light,8,0.6180470033118991,,,True,True
8c9bbaa9-34934b66.jpg,low_light,8,0.6049906955806482,,17.0,True,False
0049e5b8-725e21a0.jpg,low_light,9,0.1898391661340424,,1.0,True,False
0081e27b-17bf4a9e.jpg,low_light,9,0.18955222813339684,4.0,,False,True
00beeb02-50440dcd.jpg,low_light,9,0.18768344339518836,,0.0,True,False
00d4b6b7-7d0a60bf.jpg,low_light,9,0.19293089140543812,,,True,True
01118704-2d838d7f.jpg,low_light,9,0.19246663815012274,,8.0,True,False
0115917e-14907a6a.jpg,low_light,9,0.1816610361049675,2.0,11.0,False,False
02188a44-65ad27f3.jpg,low_light,9,0.16975280997624284,,,True,True
02494b7b-079febf8.jpg,low_light,9,0.18604423087538918,,,True,True
029ffd50-dc944dba.jpg,low_light,9,0.18412072796557277,,,True,True
0464a98b-860229d5.jpg,low_light,9,0.19400403925851045,,,True,True
051aadb7-51aad566.jpg,low_light,9,0.19300144631516847,,,True,True
051aadb7-e953bc4d.jpg,low_light,9,0.1878538786529986,,,True,True
05743a9b-747658e7.jpg,low_light,9,0.19688520250975258,,0.0,True,False
057af272-6f700aef.jpg,low_light,9,0.18972553913908075,,4.0,True,False
05d62296-30c620d5.jpg,low_light,9,0.19069115584198165,,,True,True
05e5a68e-f0e05a42.jpg,low_light,9,0.18394051222776664,,2.0,True,False
05fa6494-8f436d04.jpg,low_light,9,0.17555621673677418,,,True,True
060039d9-5218402b.jpg,low_light,9,0.1861120358593922,80.0,11.0,False,False
064aa0d6-f75ff4d5.jpg,low_light,9,0.18573368601880585,,,True,True
07de5062-ddddcbd7.jpg,low_light,9,0.20111415550139994,,,True,True
088351d1-30833ddc.jpg,low_light,9,0.19318718617259384,,,True,True
08a49c01-675d3899.jpg,low_light,9,0.18951038173325507,,3.0,True,False
08d4285a-4a25b9b6.jpg,low_light,9,0.1766170526407454,,,True,True
09ac21d6-eefa8ed0.jpg,low_light,9,0.15226453630585965,,,True,True
0a0a0b1a-7c39d841.jpg,low_light,9,0.19624905512457547,1.0,,False,True
0af6039a-f3c91319.jpg,low_light,9,0.18644548715033832,,0.0,True,False
0b2f5d0d-8fddc1fc.jpg,low_light,9,0.1869716313974546,,,True,True
0b4225f9-bfb10f88.jpg,low_light,9,0.19169504827414463,,,True,True
0ba08fe3-880ae118.jpg,low_light,9,0.17824476439415604,,,True,True
0c2f33b9-f94d69b5.jpg,low_light,9,0.18520366181273568,17.0,,False,True
0c984e6d-2b5d7ee4.jpg,low_light,9,0.18396975512378544,,,True,True
0cb67a01-7cf1687e.jpg,low_light,9,0.19488260415418707,133.0,,False,True
0cc6f3e8-b4c9e348.jpg,low_light,9,0.18123537744655552,0.0,61.0,False,False
0cf398b3-ce65ab64.jpg,low_light,9,0.12320229200913091,,,True,True
0d3ec56a-f4cead6f.jpg,low_light,9,0.1862449718983593,,,True,True
0d61234a-542010b2.jpg,low_light,9,0.1310060835013951,,0.0,True,False
0e442b65-b17e0b50.jpg,low_light,9,0.195885278152861,,,True,True
0e5c7e92-0d9c60f0.jpg,low_light,9,0.17834315050230604,4.0,,False,True
0f837def-9646c091.jpg,low_light,9,0.19209956452400218,31.0,,False,True
0fba84f9-73b520ee.jpg,low_light,9,0.18874019964298294,2.0,,False,True
101a0964-930eae70.jpg,low_light,9,0.16014689792059864,,,True,True
10389fe8-433c740c.jpg,low_light,9,0.1644166273081246,,,True,True
10453a95-40759ac3.jpg,low_light,9,0.18504371237864253,,,True,True
1072195f-0a161ade.jpg,low_light,9,0.18515980894618503,9.0,,False,True
1072195f-6cf88b25.jpg,low_light,9,0.19034078434092844,,109.0,True,False
11513e3d-150058c3.jpg,low_light,9,0.1953480711559416,21.0,86.0,False,False
1189ae68-1a8ad3c6.jpg,low_light,9,0.1886579966977523,,,True,True
12076ebb-c07285d7.jpg,low_light,9,0.1874536607950778,6.0,54.0,False,False
125134e5-7dfc45b9.jpg,low_light,9,0.18758800892128286,,,True,True
12ae9ab8-794f5adc.jpg,low_light,9,0.18256188474785648,,,True,True
13f61134-50021e53.jpg,low_light,9,0.20089309012234552,,,True,True
14eace5a-ddf3b303.jpg,low_light,9,0.18986572670656715,0.0,,False,True
1608cfe7-32da2c5d.jpg,low_light,9,0.17658888842367404,,40.0,True,False
162995f1-d2c7d259.jpg,low_light,9,0.19647484833736237,399.0,,False,True
16b0973f-c07b564a.jpg,low_light,9,0.17028357114108178,,9.0,True,False
1784d67b-6b223914.jpg,low_light,9,0.1909800068232761,,,True,True
1784d67b-d76145ce.jpg,low_light,9,0.194547034801167,,,True,True
188c58f3-792afc71.jpg,low_light,9,0.16453141724797507,,,True,True
193f7f3b-84bc7998.jpg,low_light,9,0.18923043802584627,,,True,True
194058b0-ac0616a6.jpg,low_light,9,0.18549569797971818,121.0,,False,True
19e56249-09c4bbc6.jpg,low_light,9,0.19469662865411275,,,True,True
1a71faae-d5f255fd.jpg,low_light,9,0.19598879484281617,,,True,True
1a8992a7-da5a8510.jpg,low_light,9,0.19079412764215956,,,True,True
1ac0178c-0b259360.jpg,low_light,9,0.19959568540744543,,,True,True
1b30f76f-95aa8a06.jpg,low_light,9,0.193401577627082,,,True,True
1bda5a26-420ceea6.jpg,low_light,9,0.18839319702557197,,,True,True
1bf7f3d2-15f95138.jpg,low_light,9,0.1902112734797008,,19.0,True,False
1c227a12-10e5552c.jpg,low_light,9,0.19463755782560993,,,True,True
1c227a12-ec67af93.jpg,low_light,9,0.19324257135675293,14.0,,False,True
1c5e9657-2e2a2863.jpg,low_light,9,0.17408932234364577,,,True,True
1cb2a89b-4594573e.jpg,low_light,9,0.1965382803031563,,,True,True
1cf54809-c6daa5a9.jpg,low_light,9,0.17410415702783122,306.0,3.0,False,False
1d5e05f8-5020f67d.jpg,low_light,9,0.19880234081961298,10.0,,False,True
1e57ae90-806bc767.jpg,low_light,9,0.20476326725079638,,22.0,True,False
1f959fdd-6ff63d34.jpg,low_light,9,0.19042177347643682,,11.0,True,False
1fa65acf-d43367bc.jpg,low_light,9,0.1702303418895118,98.0,,False,True
20cfadfa-47711496.jpg,low_light,9,0.18486646536446827,25.0,14.0,False,False
20cfadfa-6f87fdc1.jpg,low_light,9,0.19153224353959325,4.0,,False,True
225a1858-0e3a4b04.jpg,low_light,9,0.18574771326927444,,,True,True
22be2f14-59fbdca0.jpg,low_light,9,0.19011594740688811,,6.0,True,False
23333f35-0cbc3f0f.jpg,low_light,9,0.1947298005446514,63.0,,False,True
23df146f-64b50e4c.jpg,low_light,9,0.1985564485166594,,,True,True
24392d7c-998011c2.jpg,low_light,9,0.192994076304287,,,True,True
250e7595-b14da270.jpg,low_light,9,0.1883914551242369,89.0,,False,True
26190b83-39ccb412.jpg,low_light,9,0.18589712663879454,,27.0,True,False
272d52f6-8aac36b3.jpg,low_light,9,0.16522080354941537,,,True,True
2752681a-e813599a.jpg,low_light,9,0.19283727034005588,,,True,True
27645526-f038b033.jpg,low_light,9,0.16353917393113507,29.0,,False,True
2773af6f-23e23a6b.jpg,low_light,9,0.17242664467612911,6.0,,False,True
28faf684-03ef4c6e.jpg,low_light,9,0.1999238192243735,,,True,True
292720ee-d847ee69.jpg,low_light,9,0.20144679070859578,,,True,True
2b54fe2d-c5b810e6.jpg,low_light,9,0.16893116443975678,2.0,,False,True
2b605c48-8dfe352b.jpg,low_light,9,0.1812843460506901,,19.0,True,False
2beccce2-354608e2.jpg,low_light,9,0.1803053388435361,,,True,True
2c87e51d-aa7a8031.jpg,low_light,9,0.19325996699663175,185.0,,False,True
2ce0b449-e818dc97.jpg,low_light,9,0.19389930645250505,,,True,True
2cf976a2-479cd46b.jpg,low_light,9,0.18472509023805814,,,True,True
2e2fae77-b7497ca0.jpg,low_light,9,0.17464282783597918,,,True,True
2ead8042-2493c03f.jpg,low_light,9,0.1740879947447788,41.0,,False,True
2f1864c1-1a17d11c.jpg,low_light,9,0.15922870316562743,,,True,True
2f879dc0-b09e4824.jpg,low_light,9,0.19574454736292335,,13.0,True,False
2fc9ad1e-ee4c9e43.jpg,low_light,9,0.19227013099600673,,,True,True
3050b249-0ffbd6ec.jpg,low_light,9,0.18683323661512793,,,True,True
314cc010-3eab5c90.jpg,low_light,9,0.18349269430113332,,,True,True
31765c6b-90b0d612.jpg,low_light,9,0.18294755008616997,,,True,True
31cf6eba-5c84c636.jpg,low_light,9,0.18242501241824718,,,True,True
32de2244-122f1783.jpg,low_light,9,0.20353761467369502,,3.0,True,False
33420085-32996107.jpg,low_light,9,0.20544111127287884,11.0,,False,True
3430a5e6-00ec38d2.jpg,low_light,9,0.13379799217025956,299.0,,False,True
35eb46d0-8f7e28a0.jpg,low_light,9,0.20023686607036378,1.0,1.0,False,False
3735fc3d-69d8b80c.jpg,low_light,9,0.18891999020664824,,,True,True
3740cd4f-ff1d423d.jpg,low_light,9,0.1564295814345995,13.0,16.0,False,False
375abba2-9f2ed56c.jpg,low_light,9,0.1863093132457129,,,True,True
37723e55-31730cf5.jpg,low_light,9,0.16025812134990264,,,True,True
380a3f8e-ba4f0def.jpg,low_light,9,0.20426487392582515,,,True,True
385b0f61-1aee12ef.jpg,low_light,9,0.17505570605921453,,,True,True
3865fea7-b4fe472d.jpg,low_light,9,0.1812301664274416,,,True,True
38e561dd-8ea8ae2d.jpg,low_light,9,0.1871139372822245,4.0,10.0,False,False
38ed8d8d-93c48de2.jpg,low_light,9,0.19177475006312908,,,True,True
38ed8d8d-b1c230ef.jpg,low_light,9,0.18142304870135004,,,True,True
38ed8d8d-fa50400c.jpg,low_light,9,0.1788796405485318,13.0,,False,True
3900ad8c-8834019f.jpg,low_light,9,0.18086296353843584,,,False,True
39ddb110-04604b9c.jpg,low_light,9,0.18182683633010652,1.0,29.0,False,False
39fc6d1c-6155351d.jpg,low_light,9,0.18582156021567364,,6.0,False,False
3a278d39-b92df256.jpg,low_light,9,0.1903424677121272,,,True,True
3a3407a2-df8ea956.jpg,low_light,9,0.1919898189399685,,,True,True
3ad0c4a7-2a3d544e.jpg,low_light,9,0.17870606495974795,185.0,30.0,False,False
3b1e1bc1-ee64e36e.jpg,low_light,9,0.17984478558266873,6.0,,False,True
3b44ef5a-c09e8479.jpg,low_light,9,0.1822059502222194,110.0,,False,True
3b563c5e-0102edaf.jpg,low_light,9,0.18019907393712842,,,True,True
3b9716a6-d2566395.jpg,low_light,9,0.19253931259321305,,,True,True
3c0bbdc2-79baffce.jpg,low_light,9,0.19185364968323237,,,True,True
3c5752b6-9c0bdf98.jpg,low_light,9,0.18959332030265863,,,True,True
3c95ae26-68abac3f.jpg,low_light,9,0.1772990171427402,,,True,True
3e0f1745-a95a63ad.jpg,low_light,9,0.17925588050821686,18.0,43.0,False,False
3f4eb6a6-9eee52f9.jpg,low_light,9,0.18269394308935621,,,True,True
3f85a987-1ef4053b.jpg,low_light,9,0.18589947680652813,,,True,True
3fe1feaa-10126fec.jpg,low_light,9,0.1867129354824391,,,True,True
3ffdaa26-b394f6f8.jpg,low_light,9,0.1671127329968169,,17.0,False,False
4027c10d-41d54e9b.jpg,low_light,9,0.16941516268949408,,13.0,True,False
428e99ea-4166e549.jpg,low_light,9,0.19493920063967646,75.0,,False,True
42e0dd11-74b81997.jpg,low_light,9,0.20907975300154336,,,True,True
430395d1-931c959e.jpg,low_light,9,0.1930406109010554,72.0,,False,False
43126e0d-495d04a5.jpg,low_light,9,0.19679320433754896,,,True,True
43126e0d-cce96832.jpg,low_light,9,0.18511056066838202,56.0,6.0,False,False
432f9e20-83a0d96c.jpg,low_light,9,0.18626760561865358,,,True,True
43c7ed5c-b0690325.jpg,low_light,9,0.18898324725915502,1.0,0.0,False,False
44cc16d9-d2e06fd6.jpg,low_light,9,0.1770891735610752,,,True,True
45bafa98-1ee18a2f.jpg,low_light,9,0.17355363169694107,,,True,True
46d048a1-8f7f385c.jpg,low_light,9,0.18035812800627565,,,True,True
46f76df9-8bf77914.jpg,low_light,9,0.18891610409493942,32.0,28.0,False,False
480263a0-5aad7ae9.jpg,low_light,9,0.17615096871260388,,108.0,True,False
488480d6-b94cf415.jpg,low_light,9,0.17899374346419752,194.0,20.0,False,False
48ed707e-5062e4c3.jpg,low_light,9,0.1874855124628831,,,True,True
4a289ff2-7da7feb6.jpg,low_light,9,0.19104437783795047,120.0,167.0,False,False
4a31f3e3-ac7ed780.jpg,low_light,9,0.18439811876561035,,,True,True
4b2e1dde-65b54419.jpg,low_light,9,0.17192184507045652,,,True,True
4d4a590b-4332c5ab.jpg,low_light,9,0.20168408409264643,,,True,True
5069db50-52f5af30.jpg,low_light,9,0.20388766171796635,,207.0,True,False
50866f46-30d1f303.jpg,low_light,9,0.19036290585775834,31.0,,False,True
50b115d6-4b08a666.jpg,low_light,9,0.19436141829095582,,,True,True
50b2e757-6c7d0f63.jpg,low_light,9,0.189460117962207,,,True,True
50d0fd05-8db58ebd.jpg,low_light,9,0.1908728868256246,4.0,,False,True
510671e9-603795e0.jpg,low_light,9,0.18327737532051694,122.0,143.0,False,False
514a6d58-0790e0cd.jpg,low_light,9,0.19424609413534352,,,True,True
5150bb50-300d52ce.jpg,low_light,9,0.1916998401326488,12.0,9.0,False,False
52799e9e-8c8673f3.jpg,low_light,9,0.19338206318959916,,,True,True
52bda346-fd8ac6e7.jpg,low_light,9,0.1799422506271227,,,True,True
534418ba-ee05398f.jpg,low_light,9,0.1826761584454858,,,True,True
54360b72-e00a3f70.jpg,low_light,9,0.1899010824700848,,35.0,True,False
554d7cd5-a32486dd.jpg,low_light,9,0.20073300356411874,,,True,True
559fed19-7893646f.jpg,low_light,9,0.18172653512190068,,,True,True
57165857-e4d4a47f.jpg,low_light,9,0.18872559167463457,,,True,True
5795bfe7-a599384a.jpg,low_light,9,0.17629791490029767,,481.0,True,False
57ac74e2-e86131f1.jpg,low_light,9,0.18788471199873918,,15.0,True,False
57b495f2-6da6b1e5.jpg,low_light,9,0.2025001186526079,,,True,True
585443c8-2621a6b1.jpg,low_light,9,0.19361606741141485,,,True,True
5877b384-2545daf4.jpg,low_light,9,0.17895155838610152,18.0,,False,True
587bb1bf-1aa00fe5.jpg,low_light,9,0.18804843786543635,246.0,,False,True
5995c288-2d152172.jpg,low_light,9,0.1852645827320273,,,True,False
59cde7c7-344bffb1.jpg,low_light,9,0.19072791458477417,,,True,True
5a8f9b5d-1fdfd2d4.jpg,low_light,9,0.19292038793811916,12.0,2.0,False,False
5ae83f9c-da990b49.jpg,low_light,9,0.18814143222671953,,22.0,True,False
5b2b4881-67a6cb87.jpg,low_light,9,0.1790650519230132,,523.0,True,False
5b2fd56a-37759b05.jpg,low_light,9,0.19364524721260087,62.0,,False,True
5b4b0b07-2fb56b82.jpg,low_light,9,0.1875798782157302,,,True,True
5bc44a50-c371c4d0.jpg,low_light,9,0.18225415206871537,141.0,,False,True
5c4004b7-bf3b7941.jpg,low_light,9,0.18705988430390463,,,True,True
5c534f5f-a76c7f4b.jpg,low_light,9,0.18713997517046985,,,True,True
5c5dc708-35460444.jpg,low_light,9,0.17551290019329466,,,True,True
5da6c6b6-76c54605.jpg,low_light,9,0.18077448233130222,690.0,,False,True
5dc5141c-5890b5b1.jpg,low_light,9,0.1876469963974484,,,True,True
5dd831da-bd00cf03.jpg,low_light,9,0.18393734679102264,,,True,True
5dfb063f-7bd23d5c.jpg,low_light,9,0.19785929464646937,,31.0,True,False
5e0b701e-d443d8c2.jpg,low_light,9,0.18689682569529414,131.0,,False,True
5e26f49d-0bc53c7e.jpg,low_light,9,0.2027596080003266,,,True,True
5e26f49d-9271bf00.jpg,low_light,9,0.17610062171264784,,,True,True
5e625ec3-7b4fc682.jpg,low_light,9,0.18635190877649363,,,True,True
5f9387ff-330136ae.jpg,low_light,9,0.1779755881274914,,,True,True
5fa17a25-88b8e6b9.jpg,low_light,9,0.18854194165300103,47.0,,False,True
5fa422e1-2d8dd765.jpg,low_light,9,0.16252078064376727,51.0,,False,True
5fb2a702-f56a339c.jpg,low_light,9,0.1856007444310218,21.0,,False,True
6011831b-0992e205.jpg,low_light,9,0.18299897586285208,,,True,True
60137cc0-428b8f5b.jpg,low_light,9,0.18783503395302115,,,True,True
604b5b3e-3c2e6b6b.jpg,low_light,9,0.1910443246923577,1.0,66.0,False,False
6092f5a2-424550ba.jpg,low_light,9,0.19390362184040355,22.0,,False,True
60ba25dd-6c0df417.jpg,low_light,9,0.1797596272802745,,,True,True
60c678e7-4813ae0f.jpg,low_light,9,0.17710683509726127,1.0,,False,True
614ecada-16b0f8b6.jpg,low_light,9,0.1838694299637851,0.0,,False,True
61e4ad87-53ceb455.jpg,low_light,9,0.18482048325145745,11.0,,False,True
6240d7b3-b51b5788.jpg,low_light,9,0.18751487372114117,,,True,True
62aefb36-b685117f.jpg,low_light,9,0.18396922108396296,,,True,True
634c1785-3bb9a8a2.jpg,low_light,9,0.17962271491518592,,,True,True
634c1785-aeb1652f.jpg,low_light,9,0.1787282566883282,238.0,,False,True
63f73472-028615f1.jpg,low_light,9,0.1822396438140744,113.0,,False,True
6485ad0a-245d1600.jpg,low_light,9,0.19591840543000472,,,True,True
648dc925-e359dbec.jpg,low_light,9,0.20124930768129126,9.0,,False,True
65edc5a1-f309fed7.jpg,low_light,9,0.18847893886315548,,,True,True
661381d9-1114a810.jpg,low_light,9,0.17673529039467678,5.0,,False,True
664cb246-f84cfaf4.jpg,low_light,9,0.1921161328203713,25.0,,False,True
675cf8fa-4b1ce8b9.jpg,low_light,9,0.17707368932079828,17.0,,False,True
67faeadf-eb09a636.jpg,low_light,9,0.18159438851516443,,,True,True
691be377-5dbc29ee.jpg,low_light,9,0.19730739189494667,,,True,True
692f1303-05178963.jpg,low_light,9,0.1926737212844657,27.0,13.0,False,False
692f9b08-bdbbd729.jpg,low_light,9,0.19479398244921245,13.0,,False,True
69bfbe31-5ee2a642.jpg,low_light,9,0.1843539553521063,55.0,20.0,False,False
69cf7667-68f59649.jpg,low_light,9,0.19396836997646602,21.0,0.0,False,False
69cf7667-7eb40860.jpg,low_light,9,0.18502994454968485,,13.0,True,False
6a44fb9a-05a3dd18.jpg,low_light,9,0.1907124698193474,16.0,0.0,False,False
6a793e80-4f5e207f.jpg,low_light,9,0.2019135552896385,,,True,True
6a82c0d6-b31f6b90.jpg,low_light,9,0.18820195261520287,,,True,True
6a8d218d-14e4fa28.jpg,low_light,9,0.20133216824972253,,,True,True
6ad110c3-789e7724.jpg,low_light,9,0.18143149260759842,,,True,True
6b15392a-3a1699fd.jpg,low_light,9,0.16525519930643823,,,True,True
6b784eee-0a5a2c89.jpg,low_light,9,0.19049868147158716,,,True,True
6bb5a881-15e5c2c4.jpg,low_light,9,0.2092655927316397,,,True,True
6bd41587-d65ba5b4.jpg,low_light,9,0.18647345566350768,,,True,True
6d0d7bef-fb11b6e1.jpg,low_light,9,0.19366683254382025,,,True,True
6d57736c-a35808b9.jpg,low_light,9,0.2064611300416401,,,True,True
6d8a6d94-00a7ad92.jpg,low_light,9,0.1897308410666424,,,True,True
6eeed3fa-87a1b0c9.jpg,low_light,9,0.18157010979834812,,,True,True
701992bd-8a457895.jpg,low_light,9,0.19311690773424459,,24.0,True,False
7171644d-4e74752e.jpg,low_light,9,0.1919260962459511,,,True,True
7171644d-ee92c71e.jpg,low_light,9,0.18995381973107964,,,True,True
72f22fa5-8af4615c.jpg,low_light,9,0.19888860813344783,159.0,,False,True
72fd00fe-aeadfc89.jpg,low_light,9,0.21096288071420569,,,True,True
730c67a5-563e9b1f.jpg,low_light,9,0.20970539399174676,,,True,True
738a2bcd-7a6fde0d.jpg,low_light,9,0.1956541949432,3.0,,False,True
73aff960-d46366ec.jpg,low_light,9,0.1829315260791612,,,True,True
73d338d6-edf0b3db.jpg,low_light,9,0.19861614716965809,,,True,True
75ad1fff-77299093.jpg,low_light,9,0.18199537961525972,,,True,True
75f5f52c-6b67e736.jpg,low_light,9,0.10507596827169861,,,True,True
777005a8-14c739ad.jpg,low_light,9,0.19322709922700967,,,True,True
7771e03b-832e52c0.jpg,low_light,9,0.19837872741544327,,,True,True
7771e03b-a8f9d50c.jpg,low_light,9,0.18772074500962216,,,True,True
7797fea2-c37f9856.jpg,low_light,9,0.18629744261888692,,,True,True
77bdbeb0-edb0613f.jpg,low_light,9,0.1818738725083074,5.0,,False,True
77dca577-16a39ea0.jpg,low_light,9,0.18932249428730782,48.0,,False,True
77f810c4-43a39c1f.jpg,low_light,9,0.1835730592813442,67.0,,False,True
7814206e-8e991d51.jpg,low_light,9,0.19250177514955796,,,True,True
7814206e-ea2508d0.jpg,low_light,9,0.1909403386886307,,,True,True
79e177bc-4d5d3acc.jpg,low_light,9,0.18038810372805428,,14.0,True,False
7aa4ff0f-9d28d8a4.jpg,low_light,9,0.20372450464281727,,8.0,True,False
7ad1174c-373265eb.jpg,low_light,9,0.17938808227791014,,,True,True
7b268b98-e0ec16c3.jpg,low_light,9,0.20049133040056202,0.0,13.0,False,False
7c5a2048-332896ea.jpg,low_light,9,0.1916678887393395,,,True,True
7c5d50c5-7292de37.jpg,low_light,9,0.18312958101941265,,2.0,True,False
7d1fe115-936a2f47.jpg,low_light,9,0.19325510772544643,,36.0,True,False
7dc2914d-a20a969a.jpg,low_light,9,0.19567697999910108,,,True,True
7e4ab78b-4a62c63e.jpg,low_light,9,0.19296676294573117,2.0,,False,True
7e590c49-93f03732.jpg,low_light,9,0.1764280094332936,,,True,True
7ed57d0a-d7bcc13d.jpg,low_light,9,0.18677704049226151,16.0,,False,True
7f0ef682-c93899df.jpg,low_light,9,0.17491655819844923,,,True,True
7f4ac354-777de900.jpg,low_light,9,0.16874025647854615,17.0,,False,True
7f9bdf0d-c0e0061f.jpg,low_light,9,0.168640461950179,14.0,,False,True
7fd14da9-a855494b.jpg,low_light,9,0.2008135710229035,,,True,True
801bff84-a72998c7.jpg,low_light,9,0.19248600103500296,33.0,1.0,False,False
8073de38-f7eab6ec.jpg,low_light,9,0.19056341846399313,,,True,True
8082ea05-1a7bcd47.jpg,low_light,9,0.1863802031996567,7.0,,False,True
80ecebc0-ca9605f4.jpg,low_light,9,0.18669711404988487,,,True,True
81ec3b39-1951f79e.jpg,low_light,9,0.18894529955621883,14.0,,False,True
82b14c0c-79b99258.jpg,low_light,9,0.1876527179881613,,14.0,True,False
82b5fc3b-90cadd1b.jpg,low_light,9,0.16709706573794694,28.0,391.0,False,False
82f03471-8e304dd5.jpg,low_light,9,0.19203795251616174,83.0,139.0,False,False
836fa13a-d6058a12.jpg,low_light,9,0.20281762851735552,,,True,True
84fb3f59-7d5d1fa4.jpg,low_light,9,0.1737690086007963,,,True,True
8542b4da-7795bcfd.jpg,low_light,9,0.20443136916721777,,,True,True
85f3f250-1fef85ac.jpg,low_light,9,0.18544329064100887,,,True,True
87ca2979-d5158824.jpg,low_light,9,0.19455539454777807,,,True,True
889b7dda-77f16103.jpg,low_light,9,0.1703834496550546,,,True,True
88dbf01a-d8b35dee.jpg,low_light,9,0.1775344224447983,,,True,True
897223bc-6938f1ab.jpg,low_light,9,0.17822145401673234,,,True,True
89b7454d-880eacbd.jpg,low_light,9,0.1878221689192894,,,True,True
89e85e71-7dd0a7b6.jpg,low_light,9,0.17033744923424268,2.0,43.0,False,False
8a4fbffe-47866ce9.jpg,low_light,9,0.18286033911012842,,,True,True
8a76c101-8bcefc32.jpg,low_light,9,0.20023000640989463,,,True,True
8b7ef6c4-6bbcf25f.jpg,low_light,9,0.1812089243965801,21.0,45.0,False,False
8bac644e-e0437ead.jpg,low_light,9,0.1888006847342896,,,False,True
8c94c649-8ba62efa.jpg,low_light,9,0.18303915964280287,,,True,True
8c9bbaa9-34934b66.jpg,low_light,9,0.17736734211569,,,True,True
0049e5b8-725e21a0.jpg,rain,1,20.833112571659484,1.0,1.0,False,False
0081e27b-17bf4a9e.jpg,rain,1,21.69732749276838,2.0,36.0,False,False
00beeb02-50440dcd.jpg,rain,1,22.185924959633162,0.0,0.0,False,False
00d4b6b7-7d0a60bf.jpg,rain,1,21.61564178830457,,,True,True
01118704-2d838d7f.jpg,rain,1,23.21723934290803,8.0,10.0,False,False
0115917e-14907a6a.jpg,rain,1,21.830200004927676,13.0,11.0,False,False
02188a44-65ad27f3.jpg,rain,1,23.138106638479282,25.0,,False,True
02494b7b-079febf8.jpg,rain,1,21.532179743720864,9.0,8.0,False,False
029ffd50-dc944dba.jpg,rain,1,22.001903032200506,6.0,6.0,False,False
0464a98b-860229d5.jpg,rain,1,22.609529070561504,47.0,4.0,False,False
051aadb7-51aad566.jpg,rain,1,21.289046170521164,1.0,,False,True
051aadb7-e953bc4d.jpg,rain,1,19.88748646341662,0.0,8.0,False,False
05743a9b-747658e7.jpg,rain,1,23.098543319236935,18.0,1.0,False,False
057af272-6f700aef.jpg,rain,1,23.03220556808276,,32.0,True,False
05d62296-30c620d5.jpg,rain,1,23.07507782403023,119.0,,False,True
05e5a68e-f0e05a42.jpg,rain,1,17.978781191288515,135.0,26.0,False,False
05fa6494-8f436d04.jpg,rain,1,23.35280451477953,22.0,15.0,False,False
060039d9-5218402b.jpg,rain,1,23.03671473914942,28.0,15.0,False,False
064aa0d6-f75ff4d5.jpg,rain,1,21.205086996040055,30.0,66.0,False,False
07de5062-ddddcbd7.jpg,rain,1,22.733559428465114,9.0,35.0,False,False
088351d1-30833ddc.jpg,rain,1,22.30159741065986,40.0,37.0,False,False
08a49c01-675d3899.jpg,rain,1,22.258668408920048,13.0,3.0,False,False
08d4285a-4a25b9b6.jpg,rain,1,21.535397287935254,15.0,6.0,False,False
09ac21d6-eefa8ed0.jpg,rain,1,22.250577526308867,,13.0,True,False
0a0a0b1a-7c39d841.jpg,rain,1,21.503251003306644,1.0,7.0,False,False
0af6039a-f3c91319.jpg,rain,1,22.36478816273649,54.0,0.0,False,False
0b2f5d0d-8fddc1fc.jpg,rain,1,20.8807976761327,14.0,33.0,False,False
0b4225f9-bfb10f88.jpg,rain,1,22.069483790902552,14.0,8.0,False,False
0ba08fe3-880ae118.jpg,rain,1,22.380085217586636,30.0,4.0,False,False
0c2f33b9-f94d69b5.jpg,rain,1,22.355551185476493,4.0,15.0,False,False
0c984e6d-2b5d7ee4.jpg,rain,1,21.87641305191257,7.0,24.0,False,False
0cb67a01-7cf1687e.jpg,rain,1,23.231339816877792,73.0,,False,True
0cc6f3e8-b4c9e348.jpg,rain,1,21.923924031913696,1.0,5.0,False,False
0cf398b3-ce65ab64.jpg,rain,1,12.998303707559671,26.0,91.0,False,False
0d3ec56a-f4cead6f.jpg,rain,1,22.866288728938017,,6.0,True,False
0d61234a-542010b2.jpg,rain,1,22.374057660935662,1.0,11.0,False,False
0e442b65-b17e0b50.jpg,rain,1,23.202166742838966,12.0,9.0,False,False
0e5c7e92-0d9c60f0.jpg,rain,1,22.71710821072526,35.0,10.0,False,False
0f837def-9646c091.jpg,rain,1,21.819735904769765,2.0,3.0,False,False
0fba84f9-73b520ee.jpg,rain,1,22.04478926457832,21.0,1.0,False,False
101a0964-930eae70.jpg,rain,1,17.913475158788966,3.0,1.0,False,False
10389fe8-433c740c.jpg,rain,1,22.691371396539918,10.0,15.0,False,False
10453a95-40759ac3.jpg,rain,1,21.20527527529938,32.0,8.0,False,False
1072195f-0a161ade.jpg,rain,1,21.787137146531535,6.0,22.0,False,False
1072195f-6cf88b25.jpg,rain,1,22.687179835540483,37.0,1.0,False,False
11513e3d-150058c3.jpg,rain,1,21.709887138279353,1.0,84.0,False,False
1189ae68-1a8ad3c6.jpg,rain,1,22.513034813986998,3.0,37.0,False,False
12076ebb-c07285d7.jpg,rain,1,22.17691675816601,36.0,10.0,False,False
125134e5-7dfc45b9.jpg,rain,1,21.549520611124734,,2.0,True,False
12ae9ab8-794f5adc.jpg,rain,1,19.909944768978647,70.0,3.0,False,False
13f61134-50021e53.jpg,rain,1,22.99647288729346,13.0,2.0,False,False
14eace5a-ddf3b303.jpg,rain,1,23.193676215180755,16.0,2.0,False,False
1608cfe7-32da2c5d.jpg,rain,1,22.876527723399708,8.0,53.0,False,False
162995f1-d2c7d259.jpg,rain,1,20.40501085014084,5.0,11.0,False,False
16b0973f-c07b564a.jpg,rain,1,23.007338425522722,37.0,10.0,False,False
1784d67b-6b223914.jpg,rain,1,21.907763413998623,6.0,4.0,False,False
1784d67b-d76145ce.jpg,rain,1,23.545982710372545,55.0,21.0,False,False
188c58f3-792afc71.jpg,rain,1,22.804019819840352,31.0,4.0,False,False
193f7f3b-84bc7998.jpg,rain,1,23.45774143821837,26.0,39.0,False,False
194058b0-ac0616a6.jpg,rain,1,21.289410139284314,4.0,,False,True
19e56249-09c4bbc6.jpg,rain,1,22.802259778712965,,,True,True
1a71faae-d5f255fd.jpg,rain,1,22.995578348469017,4.0,0.0,False,False
1a8992a7-da5a8510.jpg,rain,1,21.95923424265958,26.0,24.0,False,False
1ac0178c-0b259360.jpg,rain,1,22.7839458469291,,35.0,True,False
1b30f76f-95aa8a06.jpg,rain,1,21.462654945173423,7.0,11.0,False,False
1bda5a26-420ceea6.jpg,rain,1,21.452996344261727,0.0,9.0,False,False
1bf7f3d2-15f95138.jpg,rain,1,21.281195863534712,15.0,13.0,False,False
1c227a12-10e5552c.jpg,rain,1,22.697219820058354,5.0,3.0,False,False
1c227a12-ec67af93.jpg,rain,1,22.535204501271746,2.0,17.0,False,False
1c5e9657-2e2a2863.jpg,rain,1,23.04220738853529,,,True,True
1cb2a89b-4594573e.jpg,rain,1,22.406566607261603,27.0,10.0,False,False
1cf54809-c6daa5a9.jpg,rain,1,22.13824012828658,3.0,1.0,False,False
1d5e05f8-5020f67d.jpg,rain,1,20.54267556882049,9.0,1.0,False,False
1e57ae90-806bc767.jpg,rain,1,21.708385485521752,11.0,6.0,False,False
1f959fdd-6ff63d34.jpg,rain,1,22.824230938631963,2.0,15.0,False,False
1fa65acf-d43367bc.jpg,rain,1,21.88152369705591,28.0,15.0,False,False
20cfadfa-47711496.jpg,rain,1,21.896858728552036,31.0,1.0,False,False
20cfadfa-6f87fdc1.jpg,rain,1,22.381710473262167,4.0,0.0,False,False
225a1858-0e3a4b04.jpg,rain,1,21.59266958679796,16.0,,False,True
22be2f14-59fbdca0.jpg,rain,1,22.44475279409012,2.0,10.0,False,False
23333f35-0cbc3f0f.jpg,rain,1,20.790265713467882,63.0,16.0,False,False
23df146f-64b50e4c.jpg,rain,1,22.861948353793075,14.0,0.0,False,False
24392d7c-998011c2.jpg,rain,1,21.09286531118122,2.0,135.0,False,False
250e7595-b14da270.jpg,rain,1,22.069115574785478,3.0,134.0,False,False
26190b83-39ccb412.jpg,rain,1,22.468260312071585,23.0,8.0,False,False
272d52f6-8aac36b3.jpg,rain,1,21.330146177926505,48.0,11.0,False,False
2752681a-e813599a.jpg,rain,1,20.724215065060537,29.0,27.0,False,False
27645526-f038b033.jpg,rain,1,21.0634492611311,5.0,384.0,False,False
2773af6f-23e23a6b.jpg,rain,1,22.751460650647747,7.0,11.0,False,False
28faf684-03ef4c6e.jpg,rain,1,22.700655590976734,5.0,1.0,False,False
292720ee-d847ee69.jpg,rain,1,23.524557297077315,16.0,3.0,False,False
2b54fe2d-c5b810e6.jpg,rain,1,23.204311334270248,19.0,11.0,False,False
2b605c48-8dfe352b.jpg,rain,1,22.67108896663406,10.0,43.0,False,False
2beccce2-354608e2.jpg,rain,1,23.006793522273064,10.0,84.0,False,False
2c87e51d-aa7a8031.jpg,rain,1,21.694695268758473,184.0,,False,True
2ce0b449-e818dc97.jpg,rain,1,23.425899049507603,17.0,,False,True
2cf976a2-479cd46b.jpg,rain,1,22.696772759662032,22.0,10.0,False,False
2e2fae77-b7497ca0.jpg,rain,1,23.242542291889734,9.0,3.0,False,False
2ead8042-2493c03f.jpg,rain,1,18.877942949122357,25.0,0.0,False,False
2f1864c1-1a17d11c.jpg,rain,1,19.43224238216928,0.0,5.0,False,False
2f879dc0-b09e4824.jpg,rain,1,21.307937434915818,13.0,12.0,False,False
2fc9ad1e-ee4c9e43.jpg,rain,1,22.09221048074003,76.0,2.0,False,False
3050b249-0ffbd6ec.jpg,rain,1,23.36457052210308,10.0,38.0,False,False
314cc010-3eab5c90.jpg,rain,1,22.82464497921399,23.0,5.0,False,False
31765c6b-90b0d612.jpg,rain,1,23.618326126143508,3.0,1.0,False,False
31cf6eba-5c84c636.jpg,rain,1,21.796909402091455,39.0,25.0,False,False
32de2244-122f1783.jpg,rain,1,23.21352835362702,10.0,1.0,False,False
33420085-32996107.jpg,rain,1,23.219152878724813,0.0,29.0,False,False
3430a5e6-00ec38d2.jpg,rain,1,17.731081115440162,6.0,65.0,False,False
35eb46d0-8f7e28a0.jpg,rain,1,23.33279912357936,30.0,8.0,False,False
3735fc3d-69d8b80c.jpg,rain,1,23.146640661183145,7.0,37.0,False,False
3740cd4f-ff1d423d.jpg,rain,1,22.856537104844044,26.0,24.0,False,False
375abba2-9f2ed56c.jpg,rain,1,21.848477580650382,3.0,6.0,False,False
37723e55-31730cf5.jpg,rain,1,22.29533728051305,13.0,46.0,False,False
380a3f8e-ba4f0def.jpg,rain,1,23.43222421511468,21.0,16.0,False,False
385b0f61-1aee12ef.jpg,rain,1,19.89415138431617,41.0,4.0,False,False
3865fea7-b4fe472d.jpg,rain,1,20.509623011587212,13.0,1.0,False,False
38e561dd-8ea8ae2d.jpg,rain,1,22.890092756573868,10.0,20.0,False,False
38ed8d8d-93c48de2.jpg,rain,1,23.29201164935084,11.0,56.0,False,False
38ed8d8d-b1c230ef.jpg,rain,1,22.50310042615164,45.0,1.0,False,False
38ed8d8d-fa50400c.jpg,rain,1,22.46171224330088,3.0,23.0,False,False
3900ad8c-8834019f.jpg,rain,1,22.84812071364628,,,False,True
39ddb110-04604b9c.jpg,rain,1,22.671155647962884,7.0,4.0,False,False
39fc6d1c-6155351d.jpg,rain,1,22.366026770455445,,5.0,False,False
3a278d39-b92df256.jpg,rain,1,20.849094833780796,13.0,23.0,False,False
3a3407a2-df8ea956.jpg,rain,1,20.602147530751505,,,True,True
3ad0c4a7-2a3d544e.jpg,rain,1,21.062394654405413,12.0,0.0,False,False
3b1e1bc1-ee64e36e.jpg,rain,1,21.804591786868947,3.0,10.0,False,False
3b44ef5a-c09e8479.jpg,rain,1,22.657549647078664,127.0,41.0,False,False
3b563c5e-0102edaf.jpg,rain,1,22.630080665192406,4.0,59.0,False,False
3b9716a6-d2566395.jpg,rain,1,23.351999739341764,,5.0,True,False
3c0bbdc2-79baffce.jpg,rain,1,20.40173369201025,26.0,4.0,False,False
3c5752b6-9c0bdf98.jpg,rain,1,22.199988970169223,,32.0,True,False
3c95ae26-68abac3f.jpg,rain,1,20.617631644417557,6.0,6.0,False,False
3e0f1745-a95a63ad.jpg,rain,1,20.722262284658886,20.0,2.0,False,False
3f4eb6a6-9eee52f9.jpg,rain,1,23.11492122806639,18.0,16.0,False,False
3f85a987-1ef4053b.jpg,rain,1,23.20445477566838,0.0,3.0,False,False
3fe1feaa-10126fec.jpg,rain,1,21.976679350058987,37.0,12.0,False,False
3ffdaa26-b394f6f8.jpg,rain,1,22.482419406616515,,3.0,False,False
4027c10d-41d54e9b.jpg,rain,1,23.05125622114889,8.0,2.0,False,False
428e99ea-4166e549.jpg,rain,1,22.680425372904143,21.0,4.0,False,False
42e0dd11-74b81997.jpg,rain,1,23.450522313126253,,8.0,True,False
430395d1-931c959e.jpg,rain,1,20.691339989862474,33.0,,False,False
43126e0d-495d04a5.jpg,rain,1,22.587994227236624,5.0,66.0,False,False
43126e0d-cce96832.jpg,rain,1,22.83195206501903,48.0,30.0,False,False
432f9e20-83a0d96c.jpg,rain,1,22.33116480289082,1.0,1.0,False,False
43c7ed5c-b0690325.jpg,rain,1,23.21871139965242,1.0,0.0,False,False
44cc16d9-d2e06fd6.jpg,rain,1,22.930717576144083,29.0,39.0,False,False
45bafa98-1ee18a2f.jpg,rain,1,22.65154702274003,5.0,27.0,False,False
46d048a1-8f7f385c.jpg,rain,1,23.342823305373287,0.0,0.0,False,False
46f76df9-8bf77914.jpg,rain,1,21.30657950125993,4.0,24.0,False,False
480263a0-5aad7ae9.jpg,rain,1,21.618205795931186,1.0,56.0,False,False
488480d6-b94cf415.jpg,rain,1,20.245154939916855,7.0,4.0,False,False
48ed707e-5062e4c3.jpg,rain,1,22.32760486454492,2.0,17.0,False,False
4a289ff2-7da7feb6.jpg,rain,1,22.032932968083013,,102.0,True,False
4a31f3e3-ac7ed780.jpg,rain,1,20.72169394668606,6.0,5.0,False,False
4b2e1dde-65b54419.jpg,rain,1,19.110542598734817,10.0,5.0,False,False
4d4a590b-4332c5ab.jpg,rain,1,23.677088080407923,14.0,12.0,False,False
5069db50-52f5af30.jpg,rain,1,23.638367144864773,42.0,7.0,False,False
50866f46-30d1f303.jpg,rain,1,22.43523811481969,11.0,5.0,False,False
50b115d6-4b08a666.jpg,rain,1,22.000066156550613,,22.0,True,False
50b2e757-6c7d0f63.jpg,rain,1,23.338406794996423,34.0,15.0,False,False
50d0fd05-8db58ebd.jpg,rain,1,22.808950343154464,10.0,3.0,False,False
510671e9-603795e0.jpg,rain,1,22.542633859771023,3.0,5.0,False,False
514a6d58-0790e0cd.jpg,rain,1,21.31501315323979,3.0,0.0,False,False
5150bb50-300d52ce.jpg,rain,1,21.423670766715155,19.0,51.0,False,False
52799e9e-8c8673f3.jpg,rain,1,22.720719662976904,0.0,4.0,False,False
52bda346-fd8ac6e7.jpg,rain,1,22.444835600570027,5.0,2.0,False,False
534418ba-ee05398f.jpg,rain,1,21.73074677879468,9.0,392.0,False,False
54360b72-e00a3f70.jpg,rain,1,21.762117037571773,232.0,13.0,False,False
554d7cd5-a32486dd.jpg,rain,1,23.122752082388317,,7.0,True,False
559fed19-7893646f.jpg,rain,1,22.437856254664638,,65.0,True,False
57165857-e4d4a47f.jpg,rain,1,22.95483712867923,32.0,,False,True
5795bfe7-a599384a.jpg,rain,1,21.887568570204678,25.0,0.0,False,False
57ac74e2-e86131f1.jpg,rain,1,22.939008736917245,461.0,15.0,False,False
57b495f2-6da6b1e5.jpg,rain,1,23.520883259109283,3.0,37.0,False,False
585443c8-2621a6b1.jpg,rain,1,23.205340612687024,3.0,3.0,False,False
5877b384-2545daf4.jpg,rain,1,21.345801647991284,8.0,5.0,False,False
587bb1bf-1aa00fe5.jpg,rain,1,23.135947909331897,30.0,4.0,False,False
5995c288-2d152172.jpg,rain,1,22.371499836466725,9.0,,False,False
59cde7c7-344bffb1.jpg,rain,1,23.165992436121925,2.0,,False,True
5a8f9b5d-1fdfd2d4.jpg,rain,1,17.134071771906406,3.0,9.0,False,False
5ae83f9c-da990b49.jpg,rain,1,21.699987890612377,4.0,6.0,False,False
5b2b4881-67a6cb87.jpg,rain,1,23.237679109211587,9.0,5.0,False,False
5b2fd56a-37759b05.jpg,rain,1,22.268005451378166,4.0,1.0,False,False
5b4b0b07-2fb56b82.jpg,rain,1,22.27109462331178,16.0,12.0,False,False
5bc44a50-c371c4d0.jpg,rain,1,21.030848263351064,17.0,12.0,False,False
5c4004b7-bf3b7941.jpg,rain,1,22.45453769990472,17.0,6.0,False,False
5c534f5f-a76c7f4b.jpg,rain,1,21.118931253614686,7.0,4.0,False,False
5c5dc708-35460444.jpg,rain,1,22.25467525742887,25.0,50.0,False,False
5da6c6b6-76c54605.jpg,rain,1,22.127205362770002,,24.0,True,False
5dc5141c-5890b5b1.jpg,rain,1,21.544811712007387,27.0,20.0,False,False
5dd831da-bd00cf03.jpg,rain,1,21.65347618676552,11.0,334.0,False,False
5dfb063f-7bd23d5c.jpg,rain,1,23.286025287733732,10.0,4.0,False,False
5e0b701e-d443d8c2.jpg,rain,1,21.377008973550964,85.0,1.0,False,False
5e26f49d-0bc53c7e.jpg,rain,1,23.65248331061577,2.0,,False,True
5e26f49d-9271bf00.jpg,rain,1,23.156873481010702,76.0,43.0,False,False
5e625ec3-7b4fc682.jpg,rain,1,22.5106330914581,30.0,3.0,False,False
5f9387ff-330136ae.jpg,rain,1,21.59056605448756,32.0,2.0,False,False
5fa17a25-88b8e6b9.jpg,rain,1,22.66244591089127,18.0,4.0,False,False
5fa422e1-2d8dd765.jpg,rain,1,22.194406177864366,19.0,25.0,False,False
5fb2a702-f56a339c.jpg,rain,1,21.076369503973282,3.0,85.0,False,False
6011831b-0992e205.jpg,rain,1,20.75678590621355,3.0,28.0,False,False
60137cc0-428b8f5b.jpg,rain,1,23.0614733643883,19.0,7.0,False,False
604b5b3e-3c2e6b6b.jpg,rain,1,21.778490909494348,0.0,6.0,False,False
6092f5a2-424550ba.jpg,rain,1,22.24519072040849,26.0,6.0,False,False
60ba25dd-6c0df417.jpg,rain,1,23.16139814887498,75.0,5.0,False,False
60c678e7-4813ae0f.jpg,rain,1,22.61444476912522,41.0,,False,True
614ecada-16b0f8b6.jpg,rain,1,22.216503136261117,31.0,2.0,False,False
61e4ad87-53ceb455.jpg,rain,1,23.273619109724347,9.0,15.0,False,False
6240d7b3-b51b5788.jpg,rain,1,23.03882724137257,7.0,33.0,False,False
62aefb36-b685117f.jpg,rain,1,21.28419828067593,2.0,11.0,False,False
634c1785-3bb9a8a2.jpg,rain,1,22.00319909169807,1.0,9.0,False,False
634c1785-aeb1652f.jpg,rain,1,21.59384427399159,110.0,4.0,False,False
63f73472-028615f1.jpg,rain,1,21.561459562898648,28.0,10.0,False,False
6485ad0a-245d1600.jpg,rain,1,22.62399215378325,15.0,5.0,False,False
648dc925-e359dbec.jpg,rain,1,23.158898344576123,14.0,2.0,False,False
65edc5a1-f309fed7.jpg,rain,1,21.314108223279828,24.0,5.0,False,False
661381d9-1114a810.jpg,rain,1,22.9366175800885,5.0,5.0,False,False
664cb246-f84cfaf4.jpg,rain,1,21.950117783654886,6.0,4.0,False,False
675cf8fa-4b1ce8b9.jpg,rain,1,22.373980368079323,13.0,188.0,False,False
67faeadf-eb09a636.jpg,rain,1,22.72061254849346,,11.0,True,False
691be377-5dbc29ee.jpg,rain,1,22.924193835654883,8.0,3.0,False,False
692f1303-05178963.jpg,rain,1,20.984570022993623,30.0,7.0,False,False
692f9b08-bdbbd729.jpg,rain,1,21.43842334048808,2.0,6.0,False,False
69bfbe31-5ee2a642.jpg,rain,1,22.84265909858363,52.0,20.0,False,False
69cf7667-68f59649.jpg,rain,1,21.83630201378143,3.0,0.0,False,False
69cf7667-7eb40860.jpg,rain,1,19.774325838145927,69.0,15.0,False,False
6a44fb9a-05a3dd18.jpg,rain,1,21.319952820805298,11.0,23.0,False,False
6a793e80-4f5e207f.jpg,rain,1,23.29148973656269,32.0,,False,True
6a82c0d6-b31f6b90.jpg,rain,1,22.133525671355404,,0.0,True,False
6a8d218d-14e4fa28.jpg,rain,1,23.364966593603974,23.0,25.0,False,False
6ad110c3-789e7724.jpg,rain,1,20.847637477041978,4.0,15.0,False,False
6b15392a-3a1699fd.jpg,rain,1,18.457766111961,34.0,41.0,False,False
6b784eee-0a5a2c89.jpg,rain,1,21.992729375858353,6.0,1.0,False,False
6bb5a881-15e5c2c4.jpg,rain,1,23.149336623664816,20.0,,False,True
6bd41587-d65ba5b4.jpg,rain,1,23.092970398045253,22.0,0.0,False,False
6d0d7bef-fb11b6e1.jpg,rain,1,22.596726301618464,283.0,11.0,False,False
6d57736c-a35808b9.jpg,rain,1,23.52382747535408,10.0,69.0,False,False
6d8a6d94-00a7ad92.jpg,rain,1,22.01286698958708,6.0,71.0,False,False
6eeed3fa-87a1b0c9.jpg,rain,1,22.302237637964694,5.0,24.0,False,False
701992bd-8a457895.jpg,rain,1,23.554697981026003,6.0,15.0,False,False
7171644d-4e74752e.jpg,rain,1,21.703341513575527,8.0,4.0,False,False
7171644d-ee92c71e.jpg,rain,1,22.59997460631928,30.0,2.0,False,False
72f22fa5-8af4615c.jpg,rain,1,21.193896154621168,12.0,14.0,False,False
72fd00fe-aeadfc89.jpg,rain,1,23.431402501102898,44.0,8.0,False,False
730c67a5-563e9b1f.jpg,rain,1,23.49040886656176,5.0,,False,True
738a2bcd-7a6fde0d.jpg,rain,1,23.361482033684098,1.0,97.0,False,False
73aff960-d46366ec.jpg,rain,1,23.217097677181116,0.0,,False,True
73d338d6-edf0b3db.jpg,rain,1,23.303137371933612,38.0,18.0,False,False
75ad1fff-77299093.jpg,rain,1,22.150210005972113,,10.0,True,False
75f5f52c-6b67e736.jpg,rain,1,16.20669256996019,9.0,17.0,False,False
777005a8-14c739ad.jpg,rain,1,23.29514571174714,39.0,0.0,False,False
7771e03b-832e52c0.jpg,rain,1,23.47373403015316,,2.0,True,False
7771e03b-a8f9d50c.jpg,rain,1,22.81438163917874,141.0,10.0,False,False
7797fea2-c37f9856.jpg,rain,1,21.025791847527067,27.0,8.0,False,False
77bdbeb0-edb0613f.jpg,rain,1,20.806967493077018,5.0,9.0,False,False
77dca577-16a39ea0.jpg,rain,1,21.992013819071317,46.0,2.0,False,False
77f810c4-43a39c1f.jpg,rain,1,21.952424957801156,24.0,,False,True
7814206e-8e991d51.jpg,rain,1,23.513878680256536,31.0,0.0,False,False
7814206e-ea2508d0.jpg,rain,1,23.541879502914433,6.0,26.0,False,False
79e177bc-4d5d3acc.jpg,rain,1,23.194395255542588,11.0,1.0,False,False
7aa4ff0f-9d28d8a4.jpg,rain,1,22.81095591757838,2.0,9.0,False,False
7ad1174c-373265eb.jpg,rain,1,22.709982595008537,,,True,True
7b268b98-e0ec16c3.jpg,rain,1,22.40847538609538,0.0,7.0,False,False
7c5a2048-332896ea.jpg,rain,1,22.45085735882787,4.0,1.0,False,False
7c5d50c5-7292de37.jpg,rain,1,22.452742415773976,10.0,0.0,False,False
7d1fe115-936a2f47.jpg,rain,1,23.12986295732706,21.0,26.0,False,False
7dc2914d-a20a969a.jpg,rain,1,22.985002504770023,13.0,9.0,False,False
7e4ab78b-4a62c63e.jpg,rain,1,22.595324208359667,10.0,14.0,False,False
7e590c49-93f03732.jpg,rain,1,22.787572432004875,,291.0,True,False
7ed57d0a-d7bcc13d.jpg,rain,1,20.452622952622313,8.0,97.0,False,False
7f0ef682-c93899df.jpg,rain,1,22.903870161856133,0.0,3.0,False,False
7f4ac354-777de900.jpg,rain,1,22.07623320004487,12.0,23.0,False,False
7f9bdf0d-c0e0061f.jpg,rain,1,21.38475380018063,27.0,1.0,False,False
7fd14da9-a855494b.jpg,rain,1,23.09995013801911,24.0,11.0,False,False
801bff84-a72998c7.jpg,rain,1,20.62866088239856,2.0,0.0,False,False
8073de38-f7eab6ec.jpg,rain,1,22.73408254064183,8.0,5.0,False,False
8082ea05-1a7bcd47.jpg,rain,1,21.349425577312175,2.0,1.0,False,False
80ecebc0-ca9605f4.jpg,rain,1,23.14937658588352,68.0,13.0,False,False
81ec3b39-1951f79e.jpg,rain,1,22.37434304349376,1.0,6.0,False,False
82b14c0c-79b99258.jpg,rain,1,22.96844639456051,23.0,11.0,False,False
82b5fc3b-90cadd1b.jpg,rain,1,21.10241527100781,2.0,8.0,False,False
82f03471-8e304dd5.jpg,rain,1,22.619965181360648,6.0,3.0,False,False
836fa13a-d6058a12.jpg,rain,1,23.03654022308063,29.0,13.0,False,False
84fb3f59-7d5d1fa4.jpg,rain,1,20.551296841810025,205.0,28.0,False,False
8542b4da-7795bcfd.jpg,rain,1,23.09903703468664,17.0,16.0,False,False
85f3f250-1fef85ac.jpg,rain,1,22.633735587421743,1.0,2.0,False,False
87ca2979-d5158824.jpg,rain,1,23.231954303422665,0.0,8.0,False,False
889b7dda-77f16103.jpg,rain,1,22.755218020160363,11.0,4.0,False,False
88dbf01a-d8b35dee.jpg,rain,1,22.30895460474592,7.0,4.0,False,False
897223bc-6938f1ab.jpg,rain,1,23.185637387506425,1.0,10.0,False,False
89b7454d-880eacbd.jpg,rain,1,20.943622034666603,25.0,22.0,False,False
89e85e71-7dd0a7b6.jpg,rain,1,21.752870471385613,4.0,31.0,False,False
8a4fbffe-47866ce9.jpg,rain,1,22.959379942462604,0.0,,False,True
8a76c101-8bcefc32.jpg,rain,1,22.742532653614305,,12.0,True,False
8b7ef6c4-6bbcf25f.jpg,rain,1,20.17431322207264,20.0,30.0,False,False
8bac644e-e0437ead.jpg,rain,1,22.953183944672336,,78.0,False,False
8c94c649-8ba62efa.jpg,rain,1,22.739488238516397,57.0,42.0,False,False
8c9bbaa9-34934b66.jpg,rain,1,22.061360994032363,7.0,54.0,False,False
0049e5b8-725e21a0.jpg,rain,2,15.652383535452167,3.0,10.0,False,False
0081e27b-17bf4a9e.jpg,rain,2,16.654395264593166,2.0,3.0,False,False
00beeb02-50440dcd.jpg,rain,2,15.989604615835338,2.0,0.0,False,False
00d4b6b7-7d0a60bf.jpg,rain,2,16.349671198696225,,,True,True
01118704-2d838d7f.jpg,rain,2,18.45076295368463,18.0,9.0,False,False
0115917e-14907a6a.jpg,rain,2,16.110781478357154,7.0,5.0,False,False
02188a44-65ad27f3.jpg,rain,2,16.923550281354178,24.0,,False,True
02494b7b-079febf8.jpg,rain,2,15.818838803628257,9.0,3.0,False,False
029ffd50-dc944dba.jpg,rain,2,15.092035829276899,7.0,11.0,False,False
0464a98b-860229d5.jpg,rain,2,17.308627914469454,49.0,9.0,False,False
051aadb7-51aad566.jpg,rain,2,16.938869254605102,3.0,,False,True
051aadb7-e953bc4d.jpg,rain,2,13.492369699552105,2.0,8.0,False,False
05743a9b-747658e7.jpg,rain,2,19.130828250434917,7.0,2.0,False,False
057af272-6f700aef.jpg,rain,2,17.220039754718602,,4.0,True,False
05d62296-30c620d5.jpg,rain,2,17.377710800316617,1.0,,False,True
05e5a68e-f0e05a42.jpg,rain,2,14.162891310914581,134.0,11.0,False,False
05fa6494-8f436d04.jpg,rain,2,17.541953343855123,24.0,15.0,False,False
060039d9-5218402b.jpg,rain,2,17.6016010180961,3.0,7.0,False,False
064aa0d6-f75ff4d5.jpg,rain,2,16.325637193252575,32.0,69.0,False,False
07de5062-ddddcbd7.jpg,rain,2,21.13584379653975,21.0,34.0,False,False
088351d1-30833ddc.jpg,rain,2,15.251559658563277,32.0,68.0,False,False
08a49c01-675d3899.jpg,rain,2,17.11416790259911,45.0,9.0,False,False
08d4285a-4a25b9b6.jpg,rain,2,14.954187755065448,,6.0,True,False
09ac21d6-eefa8ed0.jpg,rain,2,14.420119150677458,28.0,9.0,False,False
0a0a0b1a-7c39d841.jpg,rain,2,16.660779356690302,0.0,2.0,False,False
0af6039a-f3c91319.jpg,rain,2,16.56402399748044,102.0,1.0,False,False
0b2f5d0d-8fddc1fc.jpg,rain,2,14.042052904424125,2.0,22.0,False,False
0b4225f9-bfb10f88.jpg,rain,2,17.053567304813093,16.0,11.0,False,False
0ba08fe3-880ae118.jpg,rain,2,16.51476385006362,21.0,6.0,False,False
0c2f33b9-f94d69b5.jpg,rain,2,16.87890926144015,4.0,10.0,False,False
0c984e6d-2b5d7ee4.jpg,rain,2,17.021951948095634,1.0,4.0,False,False
0cb67a01-7cf1687e.jpg,rain,2,19.56456055528124,56.0,,False,True
0cc6f3e8-b4c9e348.jpg,rain,2,16.585897990720394,6.0,2.0,False,False
0cf398b3-ce65ab64.jpg,rain,2,2.058675426962201,0.0,111.0,False,False
0d3ec56a-f4cead6f.jpg,rain,2,17.7567095967208,27.0,3.0,False,False
0d61234a-542010b2.jpg,rain,2,12.657042925275675,0.0,27.0,False,False
0e442b65-b17e0b50.jpg,rain,2,19.128590788923802,13.0,1.0,False,False
0e5c7e92-0d9c60f0.jpg,rain,2,16.18677145711116,5.0,22.0,False,False
0f837def-9646c091.jpg,rain,2,17.071531270506327,31.0,0.0,False,False
0fba84f9-73b520ee.jpg,rain,2,16.962557027118432,33.0,9.0,False,False
101a0964-930eae70.jpg,rain,2,12.876546311427457,0.0,0.0,False,False
10389fe8-433c740c.jpg,rain,2,15.988178200647788,1.0,18.0,False,False
10453a95-40759ac3.jpg,rain,2,16.337465334583786,31.0,3.0,False,False
1072195f-0a161ade.jpg,rain,2,16.324536442469654,2.0,3.0,False,False
1072195f-6cf88b25.jpg,rain,2,17.251837789838874,13.0,29.0,False,False
11513e3d-150058c3.jpg,rain,2,16.35882359764217,1.0,95.0,False,False
1189ae68-1a8ad3c6.jpg,rain,2,18.39263436891041,83.0,17.0,False,False
12076ebb-c07285d7.jpg,rain,2,14.89967173545394,36.0,37.0,False,False
125134e5-7dfc45b9.jpg,rain,2,16.66802307578658,,1.0,True,False
12ae9ab8-794f5adc.jpg,rain,2,15.352587543546932,9.0,6.0,False,False
13f61134-50021e53.jpg,rain,2,18.648725932124936,,14.0,True,False
14eace5a-ddf3b303.jpg,rain,2,18.740966063251722,13.0,7.0,False,False
1608cfe7-32da2c5d.jpg,rain,2,16.738879266069283,,0.0,True,False
162995f1-d2c7d259.jpg,rain,2,15.188556715477475,4.0,6.0,False,False
16b0973f-c07b564a.jpg,rain,2,15.863277075591464,22.0,0.0,False,False
1784d67b-6b223914.jpg,rain,2,16.915084575431234,8.0,24.0,False,False
1784d67b-d76145ce.jpg,rain,2,19.235284028928167,74.0,1.0,False,False
188c58f3-792afc71.jpg,rain,2,15.554667789352576,,21.0,True,False
193f7f3b-84bc7998.jpg,rain,2,17.918187515977483,13.0,10.0,False,False
194058b0-ac0616a6.jpg,rain,2,16.03164990615699,14.0,,False,True
19e56249-09c4bbc6.jpg,rain,2,18.939650030585568,,,True,True
1a71faae-d5f255fd.jpg,rain,2,18.22513844219893,36.0,6.0,False,False
1a8992a7-da5a8510.jpg,rain,2,16.404942676949844,35.0,37.0,False,False
1ac0178c-0b259360.jpg,rain,2,19.342062057356525,,49.0,True,False
1b30f76f-95aa8a06.jpg,rain,2,17.3219686080799,1.0,178.0,False,False
1bda5a26-420ceea6.jpg,rain,2,16.065734184794604,0.0,10.0,False,False
1bf7f3d2-15f95138.jpg,rain,2,16.233711313486353,7.0,7.0,False,False
1c227a12-10e5552c.jpg,rain,2,18.35176210081736,5.0,4.0,False,False
1c227a12-ec67af93.jpg,rain,2,17.681104288964274,1.0,18.0,False,False
1c5e9657-2e2a2863.jpg,rain,2,16.511925600859893,,,True,True
1cb2a89b-4594573e.jpg,rain,2,17.127321998061117,9.0,9.0,False,False
1cf54809-c6daa5a9.jpg,rain,2,14.638172133053214,5.0,2.0,False,False
1d5e05f8-5020f67d.jpg,rain,2,15.411881047774667,15.0,7.0,False,False
1e57ae90-806bc767.jpg,rain,2,17.412193957995722,42.0,6.0,False,False
1f959fdd-6ff63d34.jpg,rain,2,17.70359116241156,1.0,24.0,False,False
1fa65acf-d43367bc.jpg,rain,2,15.42085520703304,3.0,4.0,False,False
20cfadfa-47711496.jpg,rain,2,16.571855816544044,35.0,5.0,False,False
20cfadfa-6f87fdc1.jpg,rain,2,17.486924213921494,4.0,4.0,False,False
225a1858-0e3a4b04.jpg,rain,2,15.182212756024105,107.0,,False,True
22be2f14-59fbdca0.jpg,rain,2,17.209468938621587,5.0,11.0,False,False
23333f35-0cbc3f0f.jpg,rain,2,16.272015232844968,61.0,71.0,False,False
23df146f-64b50e4c.jpg,rain,2,18.67520716119263,14.0,7.0,False,False
24392d7c-998011c2.jpg,rain,2,16.488942508620294,24.0,,False,True
250e7595-b14da270.jpg,rain,2,16.54721678001398,3.0,120.0,False,False
26190b83-39ccb412.jpg,rain,2,16.68335624433119,5.0,8.0,False,False
272d52f6-8aac36b3.jpg,rain,2,13.398162009148775,24.0,4.0,False,False
2752681a-e813599a.jpg,rain,2,16.333027069244746,13.0,34.0,False,False
27645526-f038b033.jpg,rain,2,14.310913766601773,7.0,139.0,False,False
2773af6f-23e23a6b.jpg,rain,2,16.434637641251786,6.0,3.0,False,False
28faf684-03ef4c6e.jpg,rain,2,18.65270684058497,7.0,1.0,False,False
292720ee-d847ee69.jpg,rain,2,21.60230717036274,15.0,20.0,False,False
2b54fe2d-c5b810e6.jpg,rain,2,17.00303480118183,10.0,9.0,False,False
2b605c48-8dfe352b.jpg,rain,2,17.384997812461936,35.0,44.0,False,False
2beccce2-354608e2.jpg,rain,2,17.25234707020239,4.0,6.0,False,False
2c87e51d-aa7a8031.jpg,rain,2,17.486465803244727,11.0,,False,True
2ce0b449-e818dc97.jpg,rain,2,20.1571862970426,45.0,67.0,False,False
2cf976a2-479cd46b.jpg,rain,2,15.85474248713326,7.0,23.0,False,False
2e2fae77-b7497ca0.jpg,rain,2,16.938713341013354,7.0,1.0,False,False
2ead8042-2493c03f.jpg,rain,2,13.528534857545655,22.0,0.0,False,False
2f1864c1-1a17d11c.jpg,rain,2,14.063707656073204,1.0,3.0,False,False
2f879dc0-b09e4824.jpg,rain,2,16.235400740338008,28.0,13.0,False,False
2fc9ad1e-ee4c9e43.jpg,rain,2,17.038136064033292,60.0,16.0,False,False
3050b249-0ffbd6ec.jpg,rain,2,19.145827796976064,10.0,22.0,False,False
314cc010-3eab5c90.jpg,rain,2,18.068818113158592,,4.0,True,False
31765c6b-90b0d612.jpg,rain,2,18.139448990040773,6.0,0.0,False,False
31cf6eba-5c84c636.jpg,rain,2,13.669803489701422,37.0,24.0,False,False
32de2244-122f1783.jpg,rain,2,19.013448347113567,30.0,20.0,False,False
33420085-32996107.jpg,rain,2,20.216452622278496,0.0,46.0,False,False
3430a5e6-00ec38d2.jpg,rain,2,6.900918394091208,2.0,71.0,False,False
35eb46d0-8f7e28a0.jpg,rain,2,20.01364958088277,22.0,3.0,False,False
3735fc3d-69d8b80c.jpg,rain,2,19.070627890402303,27.0,,False,True
3740cd4f-ff1d423d.jpg,rain,2,15.042580393608777,26.0,21.0,False,False
375abba2-9f2ed56c.jpg,rain,2,16.980919631262736,19.0,30.0,False,False
37723e55-31730cf5.jpg,rain,2,15.816231694042388,14.0,13.0,False,False
380a3f8e-ba4f0def.jpg,rain,2,21.919838376967903,6.0,16.0,False,False
385b0f61-1aee12ef.jpg,rain,2,14.64756456813076,43.0,3.0,False,False
3865fea7-b4fe472d.jpg,rain,2,15.5856902861556,14.0,1.0,False,False
38e561dd-8ea8ae2d.jpg,rain,2,16.626551188723234,10.0,26.0,False,False
38ed8d8d-93c48de2.jpg,rain,2,18.40877698060702,10.0,14.0,False,False
38ed8d8d-b1c230ef.jpg,rain,2,17.441046381332686,61.0,10.0,False,False
38ed8d8d-fa50400c.jpg,rain,2,16.69135337487408,4.0,1.0,False,False
3900ad8c-8834019f.jpg,rain,2,15.570031502069341,,,False,True
39ddb110-04604b9c.jpg,rain,2,15.326902600469978,17.0,33.0,False,False
39fc6d1c-6155351d.jpg,rain,2,16.896942557364852,,3.0,False,False
3a278d39-b92df256.jpg,rain,2,16.032839889200996,6.0,37.0,False,False
3a3407a2-df8ea956.jpg,rain,2,13.028966100619781,12.0,,False,True
3ad0c4a7-2a3d544e.jpg,rain,2,14.242004621874099,14.0,0.0,False,False
3b1e1bc1-ee64e36e.jpg,rain,2,16.182427405034478,17.0,5.0,False,False
3b44ef5a-c09e8479.jpg,rain,2,16.528565911138426,147.0,,False,True
3b563c5e-0102edaf.jpg,rain,2,15.499941341096985,1.0,31.0,False,False
3b9716a6-d2566395.jpg,rain,2,19.162251073223654,8.0,3.0,False,False
3c0bbdc2-79baffce.jpg,rain,2,16.821560032133405,21.0,8.0,False,False
3c5752b6-9c0bdf98.jpg,rain,2,17.87119953547904,,108.0,True,False
3c95ae26-68abac3f.jpg,rain,2,16.43265548272456,1.0,2.0,False,False
3e0f1745-a95a63ad.jpg,rain,2,14.497676591130622,14.0,4.0,False,False
3f4eb6a6-9eee52f9.jpg,rain,2,17.93429865028942,30.0,95.0,False,False
3f85a987-1ef4053b.jpg,rain,2,18.507390106676198,1.0,1.0,False,False
3fe1feaa-10126fec.jpg,rain,2,16.948372624543232,39.0,,False,True
3ffdaa26-b394f6f8.jpg,rain,2,15.32060681521246,,10.0,False,False
4027c10d-41d54e9b.jpg,rain,2,16.72472676897548,14.0,5.0,False,False
428e99ea-4166e549.jpg,rain,2,18.70660423800755,21.0,7.0,False,False
42e0dd11-74b81997.jpg,rain,2,21.063779363306647,,8.0,True,False
430395d1-931c959e.jpg,rain,2,15.233600446455684,40.0,,False,False
43126e0d-495d04a5.jpg,rain,2,15.89948275503785,3.0,29.0,False,False
43126e0d-cce96832.jpg,rain,2,16.975347211703593,54.0,14.0,False,False
432f9e20-83a0d96c.jpg,rain,2,15.520244933250229,3.0,7.0,False,False
43c7ed5c-b0690325.jpg,rain,2,17.75493038679968,11.0,0.0,False,False
44cc16d9-d2e06fd6.jpg,rain,2,15.166559756429628,50.0,37.0,False,False
45bafa98-1ee18a2f.jpg,rain,2,16.904847958676626,4.0,26.0,False,False
46d048a1-8f7f385c.jpg,rain,2,18.15510340945265,0.0,18.0,False,False
46f76df9-8bf77914.jpg,rain,2,15.909505609407423,3.0,15.0,False,False
480263a0-5aad7ae9.jpg,rain,2,16.051321010188985,4.0,15.0,False,False
488480d6-b94cf415.jpg,rain,2,15.000745884980606,,7.0,True,False
48ed707e-5062e4c3.jpg,rain,2,17.68248255618237,11.0,11.0,False,False
4a289ff2-7da7feb6.jpg,rain,2,16.98862270933941,,73.0,True,False
4a31f3e3-ac7ed780.jpg,rain,2,15.998475378519643,18.0,13.0,False,False
4b2e1dde-65b54419.jpg,rain,2,12.05656980991154,13.0,18.0,False,False
4d4a590b-4332c5ab.jpg,rain,2,20.663736722856076,22.0,15.0,False,False
5069db50-52f5af30.jpg,rain,2,20.607075156062834,34.0,12.0,False,False
50866f46-30d1f303.jpg,rain,2,16.67745563457511,6.0,6.0,False,False
50b115d6-4b08a666.jpg,rain,2,14.207785199445773,13.0,0.0,False,False
50b2e757-6c7d0f63.jpg,rain,2,18.491447482652532,33.0,12.0,False,False
50d0fd05-8db58ebd.jpg,rain,2,16.800799931083198,2.0,0.0,False,False
510671e9-603795e0.jpg,rain,2,15.949599325314331,37.0,18.0,False,False
514a6d58-0790e0cd.jpg,rain,2,16.52155857530287,8.0,7.0,False,False
5150bb50-300d52ce.jpg,rain,2,17.20889385809109,30.0,10.0,False,False
52799e9e-8c8673f3.jpg,rain,2,18.27789915569619,4.0,16.0,False,False
52bda346-fd8ac6e7.jpg,rain,2,15.700689580465099,1.0,17.0,False,False
534418ba-ee05398f.jpg,rain,2,15.738149020583208,6.0,394.0,False,False
54360b72-e00a3f70.jpg,rain,2,15.920635513816151,8.0,8.0,False,False
554d7cd5-a32486dd.jpg,rain,2,19.100056698356624,,2.0,True,False
559fed19-7893646f.jpg,rain,2,17.028168979535547,160.0,53.0,False,False
57165857-e4d4a47f.jpg,rain,2,18.051212772312834,33.0,,False,True
5795bfe7-a599384a.jpg,rain,2,16.271852415070803,21.0,9.0,False,False
57ac74e2-e86131f1.jpg,rain,2,17.736735774422954,,32.0,True,False
57b495f2-6da6b1e5.jpg,rain,2,20.05370413465421,8.0,24.0,False,False
585443c8-2621a6b1.jpg,rain,2,18.605829828022255,36.0,17.0,False,False
5877b384-2545daf4.jpg,rain,2,16.029642978203015,5.0,16.0,False,False
587bb1bf-1aa00fe5.jpg,rain,2,17.391920469798364,30.0,1.0,False,False
5995c288-2d152172.jpg,rain,2,16.784196038997617,9.0,,False,False
59cde7c7-344bffb1.jpg,rain,2,17.599947209067814,25.0,,False,True
5a8f9b5d-1fdfd2d4.jpg,rain,2,13.753829904781803,13.0,7.0,False,False
5ae83f9c-da990b49.jpg,rain,2,16.207626907083295,4.0,6.0,False,False
5b2b4881-67a6cb87.jpg,rain,2,16.683027163536252,1.0,0.0,False,False
5b2fd56a-37759b05.jpg,rain,2,18.3745088314662,62.0,9.0,False,False
5b4b0b07-2fb56b82.jpg,rain,2,16.051454712858774,22.0,40.0,False,False
5bc44a50-c371c4d0.jpg,rain,2,14.051322276377505,31.0,4.0,False,False
5c4004b7-bf3b7941.jpg,rain,2,16.140307022592804,5.0,3.0,False,False
5c534f5f-a76c7f4b.jpg,rain,2,16.365462214634604,7.0,5.0,False,False
5c5dc708-35460444.jpg,rain,2,15.959198979320455,6.0,9.0,False,False
5da6c6b6-76c54605.jpg,rain,2,16.795388797842442,,21.0,True,False
5dc5141c-5890b5b1.jpg,rain,2,15.543820355602696,20.0,81.0,False,False
5dd831da-bd00cf03.jpg,rain,2,17.13033017446254,6.0,335.0,False,False
5dfb063f-7bd23d5c.jpg,rain,2,19.63696455996229,9.0,3.0,False,False
5e0b701e-d443d8c2.jpg,rain,2,16.28177420116406,95.0,16.0,False,False
5e26f49d-0bc53c7e.jpg,rain,2,21.412248290199113,5.0,,False,True
5e26f49d-9271bf00.jpg,rain,2,17.68183517760644,3.0,27.0,False,False
5e625ec3-7b4fc682.jpg,rain,2,17.85778850654988,1.0,2.0,False,False
5f9387ff-330136ae.jpg,rain,2,16.325244069497128,62.0,1.0,False,False
5fa17a25-88b8e6b9.jpg,rain,2,16.81599496725751,8.0,6.0,False,False
5fa422e1-2d8dd765.jpg,rain,2,15.084917675410596,12.0,18.0,False,False
5fb2a702-f56a339c.jpg,rain,2,16.033460366277964,0.0,72.0,False,False
6011831b-0992e205.jpg,rain,2,15.838912158166112,11.0,11.0,False,False
60137cc0-428b8f5b.jpg,rain,2,18.357197866106784,4.0,5.0,False,False
604b5b3e-3c2e6b6b.jpg,rain,2,17.32987937182032,1.0,9.0,False,False
6092f5a2-424550ba.jpg,rain,2,17.398744353447718,24.0,2.0,False,False
60ba25dd-6c0df417.jpg,rain,2,17.800567801086352,68.0,2.0,False,False
60c678e7-4813ae0f.jpg,rain,2,16.168780073115364,14.0,,False,True
614ecada-16b0f8b6.jpg,rain,2,17.084217503669876,21.0,11.0,False,False
61e4ad87-53ceb455.jpg,rain,2,17.599006378996442,1.0,72.0,False,False
6240d7b3-b51b5788.jpg,rain,2,18.79215488062263,5.0,1.0,False,False
62aefb36-b685117f.jpg,rain,2,15.996168649769228,3.0,10.0,False,False
634c1785-3bb9a8a2.jpg,rain,2,17.03671802776576,1.0,0.0,False,False
634c1785-aeb1652f.jpg,rain,2,16.271827838578975,9.0,15.0,False,False
63f73472-028615f1.jpg,rain,2,16.52069890666834,14.0,14.0,False,False
6485ad0a-245d1600.jpg,rain,2,18.167817517901245,17.0,10.0,False,False
648dc925-e359dbec.jpg,rain,2,20.287124429961878,13.0,0.0,False,False
65edc5a1-f309fed7.jpg,rain,2,15.56699795717605,16.0,4.0,False,False
661381d9-1114a810.jpg,rain,2,16.201278505304252,2.0,25.0,False,False
664cb246-f84cfaf4.jpg,rain,2,15.217442902878659,29.0,6.0,False,False
675cf8fa-4b1ce8b9.jpg,rain,2,14.865245141225058,16.0,232.0,False,False
67faeadf-eb09a636.jpg,rain,2,16.31196446685308,,0.0,True,False
691be377-5dbc29ee.jpg,rain,2,18.90498429215306,5.0,5.0,False,False
692f1303-05178963.jpg,rain,2,15.824248913300094,27.0,8.0,False,False
692f9b08-bdbbd729.jpg,rain,2,17.0755526436789,1.0,4.0,False,False
69bfbe31-5ee2a642.jpg,rain,2,17.368010601995437,2.0,29.0,False,False
69cf7667-68f59649.jpg,rain,2,17.059002518563375,5.0,0.0,False,False
69cf7667-7eb40860.jpg,rain,2,13.878289776788218,85.0,15.0,False,False
6a44fb9a-05a3dd18.jpg,rain,2,16.58299108044043,8.0,1.0,False,False
6a793e80-4f5e207f.jpg,rain,2,19.959988949171393,25.0,100.0,False,False
6a82c0d6-b31f6b90.jpg,rain,2,17.482673980163927,,43.0,True,False
6a8d218d-14e4fa28.jpg,rain,2,19.675212017859216,,6.0,True,False
6ad110c3-789e7724.jpg,rain,2,13.170447725290423,6.0,10.0,False,False
6b15392a-3a1699fd.jpg,rain,2,14.126580953504861,40.0,7.0,False,False
6b784eee-0a5a2c89.jpg,rain,2,17.543901006874908,13.0,2.0,False,False
6bb5a881-15e5c2c4.jpg,rain,2,19.565505435316602,0.0,,False,True
6bd41587-d65ba5b4.jpg,rain,2,18.439153086599653,22.0,0.0,False,False
6d0d7bef-fb11b6e1.jpg,rain,2,18.156582685210893,286.0,20.0,False,False
6d57736c-a35808b9.jpg,rain,2,21.51934122652844,6.0,68.0,False,False
6d8a6d94-00a7ad92.jpg,rain,2,17.189749959544756,6.0,83.0,False,False
6eeed3fa-87a1b0c9.jpg,rain,2,17.012502535741906,54.0,50.0,False,False
701992bd-8a457895.jpg,rain,2,19.002678444259193,5.0,0.0,False,False
7171644d-4e74752e.jpg,rain,2,14.039332389406614,20.0,6.0,False,False
7171644d-ee92c71e.jpg,rain,2,16.21094774731494,4.0,29.0,False,False
72f22fa5-8af4615c.jpg,rain,2,16.163890352990947,17.0,18.0,False,False
72fd00fe-aeadfc89.jpg,rain,2,21.495533097310037,56.0,1.0,False,False
730c67a5-563e9b1f.jpg,rain,2,23.260903483603595,21.0,,False,True
738a2bcd-7a6fde0d.jpg,rain,2,20.35581108175502,6.0,1.0,False,False
73aff960-d46366ec.jpg,rain,2,17.406932700075853,23.0,2.0,False,False
73d338d6-edf0b3db.jpg,rain,2,19.84218439452467,43.0,,False,True
75ad1fff-77299093.jpg,rain,2,17.042273265397753,1.0,12.0,False,False
75f5f52c-6b67e736.jpg,rain,2,5.0990478441351765,3.0,15.0,False,False
777005a8-14c739ad.jpg,rain,2,18.785176650495025,61.0,4.0,False,False
7771e03b-832e52c0.jpg,rain,2,19.35796022616166,,25.0,True,False
7771e03b-a8f9d50c.jpg,rain,2,16.733053212738525,104.0,63.0,False,False
7797fea2-c37f9856.jpg,rain,2,16.47062416991745,28.0,19.0,False,False
77bdbeb0-edb0613f.jpg,rain,2,16.02787814064612,36.0,11.0,False,False
77dca577-16a39ea0.jpg,rain,2,16.809352171419047,8.0,5.0,False,False
77f810c4-43a39c1f.jpg,rain,2,16.599828207453356,3.0,,False,True
7814206e-8e991d51.jpg,rain,2,19.137907152807763,13.0,9.0,False,False
7814206e-ea2508d0.jpg,rain,2,18.939039451098843,9.0,25.0,False,False
79e177bc-4d5d3acc.jpg,rain,2,17.57780514267393,1.0,8.0,False,False
7aa4ff0f-9d28d8a4.jpg,rain,2,19.65559579286512,14.0,10.0,False,False
7ad1174c-373265eb.jpg,rain,2,16.894772345612108,,,True,True
7b268b98-e0ec16c3.jpg,rain,2,19.176246497841497,12.0,3.0,False,False
7c5a2048-332896ea.jpg,rain,2,17.839087538900124,1.0,2.0,False,False
7c5d50c5-7292de37.jpg,rain,2,16.799104635513856,20.0,1.0,False,False
7d1fe115-936a2f47.jpg,rain,2,18.224353207158583,16.0,11.0,False,False
7dc2914d-a20a969a.jpg,rain,2,18.943461074801125,13.0,1.0,False,False
7e4ab78b-4a62c63e.jpg,rain,2,16.173419652900282,10.0,,False,True
7e590c49-93f03732.jpg,rain,2,16.121976822879322,2.0,2.0,False,False
7ed57d0a-d7bcc13d.jpg,rain,2,15.877426093200375,227.0,32.0,False,False
7f0ef682-c93899df.jpg,rain,2,16.54824807860882,0.0,8.0,False,False
7f4ac354-777de900.jpg,rain,2,15.754495973462213,22.0,0.0,False,False
7f9bdf0d-c0e0061f.jpg,rain,2,14.972201490541593,8.0,1.0,False,False
7fd14da9-a855494b.jpg,rain,2,19.31181069308568,22.0,64.0,False,False
801bff84-a72998c7.jpg,rain,2,14.705945448767201,0.0,0.0,False,False
8073de38-f7eab6ec.jpg,rain,2,17.018206145963244,17.0,7.0,False,False
8082ea05-1a7bcd47.jpg,rain,2,16.412749396335677,3.0,1.0,False,False
80ecebc0-ca9605f4.jpg,rain,2,17.5186738029947,69.0,6.0,False,False
81ec3b39-1951f79e.jpg,rain,2,17.30290771350139,0.0,20.0,False,False
82b14c0c-79b99258.jpg,rain,2,16.973356380542388,4.0,10.0,False,False
82b5fc3b-90cadd1b.jpg,rain,2,14.07671416503769,8.0,18.0,False,False
82f03471-8e304dd5.jpg,rain,2,17.12043440259786,5.0,17.0,False,False
836fa13a-d6058a12.jpg,rain,2,19.47049834178404,29.0,24.0,False,False
84fb3f59-7d5d1fa4.jpg,rain,2,13.387958292704758,217.0,22.0,False,False
8542b4da-7795bcfd.jpg,rain,2,18.459881555863674,10.0,1.0,False,False
85f3f250-1fef85ac.jpg,rain,2,16.445516700827692,2.0,5.0,False,False
87ca2979-d5158824.jpg,rain,2,19.23562521687506,13.0,3.0,False,False
889b7dda-77f16103.jpg,rain,2,15.055109800526969,44.0,1.0,False,False
88dbf01a-d8b35dee.jpg,rain,2,16.667818340954174,56.0,20.0,False,False
897223bc-6938f1ab.jpg,rain,2,18.213053943050678,7.0,10.0,False,False
89b7454d-880eacbd.jpg,rain,2,16.587831566898835,23.0,22.0,False,False
89e85e71-7dd0a7b6.jpg,rain,2,15.157208690598846,1.0,14.0,False,False
8a4fbffe-47866ce9.jpg,rain,2,16.76615492377578,,,True,True
8a76c101-8bcefc32.jpg,rain,2,17.322803049520456,,5.0,True,False
8b7ef6c4-6bbcf25f.jpg,rain,2,15.050959796254313,36.0,43.0,False,False
8bac644e-e0437ead.jpg,rain,2,18.04816288476651,,67.0,False,False
8c94c649-8ba62efa.jpg,rain,2,16.32120275959514,24.0,24.0,False,False
8c9bbaa9-34934b66.jpg,rain,2,16.80890083923838,20.0,16.0,False,False
0049e5b8-725e21a0.jpg,rain,3,12.139609069368497,9.0,3.0,False,False
0081e27b-17bf4a9e.jpg,rain,3,12.854755710611009,4.0,14.0,False,False
00beeb02-50440dcd.jpg,rain,3,12.008845807593946,3.0,15.0,False,False
00d4b6b7-7d0a60bf.jpg,rain,3,12.301785577661848,,,True,True
01118704-2d838d7f.jpg,rain,3,13.998308302442819,20.0,3.0,False,False
0115917e-14907a6a.jpg,rain,3,12.263426326713624,12.0,22.0,False,False
02188a44-65ad27f3.jpg,rain,3,12.413819303217657,16.0,,False,True
02494b7b-079febf8.jpg,rain,3,11.718203995153853,2.0,4.0,False,False
029ffd50-dc944dba.jpg,rain,3,11.085620447633403,0.0,6.0,False,False
0464a98b-860229d5.jpg,rain,3,13.066120984069636,34.0,16.0,False,False
051aadb7-51aad566.jpg,rain,3,13.406405827621752,1.0,,False,True
051aadb7-e953bc4d.jpg,rain,3,9.97010659438095,2.0,13.0,False,False
05743a9b-747658e7.jpg,rain,3,14.994354808115242,221.0,3.0,False,False
057af272-6f700aef.jpg,rain,3,12.947419297950686,,17.0,True,False
05d62296-30c620d5.jpg,rain,3,12.974395190116816,81.0,,False,True
05e5a68e-f0e05a42.jpg,rain,3,11.118643628197988,137.0,13.0,False,False
05fa6494-8f436d04.jpg,rain,3,13.030088836471982,25.0,16.0,False,False
060039d9-5218402b.jpg,rain,3,13.072812000073629,26.0,11.0,False,False
064aa0d6-f75ff4d5.jpg,rain,3,12.732069422076108,46.0,78.0,False,False
07de5062-ddddcbd7.jpg,rain,3,16.510475551035462,5.0,11.0,False,False
088351d1-30833ddc.jpg,rain,3,11.333564489862509,36.0,60.0,False,False
08a49c01-675d3899.jpg,rain,3,13.22685389259566,42.0,1.0,False,False
08d4285a-4a25b9b6.jpg,rain,3,11.02916945480474,17.0,21.0,False,False
09ac21d6-eefa8ed0.jpg,rain,3,10.0630434676176,25.0,31.0,False,False
0a0a0b1a-7c39d841.jpg,rain,3,13.053189417037025,35.0,0.0,False,False
0af6039a-f3c91319.jpg,rain,3,12.556623955264325,98.0,0.0,False,False
0b2f5d0d-8fddc1fc.jpg,rain,3,10.362409766255684,7.0,33.0,False,False
0b4225f9-bfb10f88.jpg,rain,3,13.323144348360588,13.0,15.0,False,False
0ba08fe3-880ae118.jpg,rain,3,12.446256828552517,30.0,8.0,False,False
0c2f33b9-f94d69b5.jpg,rain,3,12.848061423756407,3.0,25.0,False,False
0c984e6d-2b5d7ee4.jpg,rain,3,13.126698341979282,21.0,17.0,False,False
0cb67a01-7cf1687e.jpg,rain,3,15.142145669778394,86.0,,False,True
0cc6f3e8-b4c9e348.jpg,rain,3,12.649055007863385,7.0,6.0,False,False
0cf398b3-ce65ab64.jpg,rain,3,-1.7788460958444874,22.0,105.0,False,False
0d3ec56a-f4cead6f.jpg,rain,3,13.538777498614005,,16.0,True,False
0d61234a-542010b2.jpg,rain,3,8.354085706214075,0.0,5.0,False,False
0e442b65-b17e0b50.jpg,rain,3,14.684199800967361,26.0,7.0,False,False
0e5c7e92-0d9c60f0.jpg,rain,3,12.059340196228314,3.0,19.0,False,False
0f837def-9646c091.jpg,rain,3,13.326869516532586,8.0,1.0,False,False
0fba84f9-73b520ee.jpg,rain,3,13.103996103458753,3.0,30.0,False,False
101a0964-930eae70.jpg,rain,3,9.50621120130956,4.0,0.0,False,False
10389fe8-433c740c.jpg,rain,3,11.59065747410314,14.0,,False,True
10453a95-40759ac3.jpg,rain,3,12.713802850530048,27.0,2.0,False,False
1072195f-0a161ade.jpg,rain,3,12.465024846593893,3.0,24.0,False,False
1072195f-6cf88b25.jpg,rain,3,13.30831126173053,10.0,0.0,False,False
11513e3d-150058c3.jpg,rain,3,12.644282650742653,0.0,2.0,False,False
1189ae68-1a8ad3c6.jpg,rain,3,14.404943290221897,0.0,37.0,False,False
12076ebb-c07285d7.jpg,rain,3,10.925347022897698,4.0,58.0,False,False
125134e5-7dfc45b9.jpg,rain,3,12.967662972060994,8.0,3.0,False,False
12ae9ab8-794f5adc.jpg,rain,3,11.997370857590443,21.0,15.0,False,False
13f61134-50021e53.jpg,rain,3,14.20494308845237,18.0,29.0,False,False
14eace5a-ddf3b303.jpg,rain,3,14.307178088070856,12.0,,False,True
1608cfe7-32da2c5d.jpg,rain,3,12.271195990052968,1.0,33.0,False,False
162995f1-d2c7d259.jpg,rain,3,11.876615348737422,4.0,28.0,False,False
16b0973f-c07b564a.jpg,rain,3,11.519318333431114,9.0,9.0,False,False
1784d67b-6b223914.jpg,rain,3,13.096434950565934,5.0,4.0,False,False
1784d67b-d76145ce.jpg,rain,3,14.73500548072588,61.0,14.0,False,False
188c58f3-792afc71.jpg,rain,3,11.216190924203783,5.0,0.0,False,False
193f7f3b-84bc7998.jpg,rain,3,13.5168254537308,11.0,1.0,False,False
194058b0-ac0616a6.jpg,rain,3,12.166038051603378,4.0,111.0,False,False
19e56249-09c4bbc6.jpg,rain,3,14.818910192771087,,,True,True
1a71faae-d5f255fd.jpg,rain,3,13.969890943119944,1.0,2.0,False,False
1a8992a7-da5a8510.jpg,rain,3,12.283074825379636,34.0,71.0,False,False
1ac0178c-0b259360.jpg,rain,3,15.218128249137933,,,True,True
1b30f76f-95aa8a06.jpg,rain,3,13.680620224955582,1.0,1.0,False,False
1bda5a26-420ceea6.jpg,rain,3,12.35348825753741,12.0,15.0,False,False
1bf7f3d2-15f95138.jpg,rain,3,12.629550347606333,19.0,28.0,False,False
1c227a12-10e5552c.jpg,rain,3,14.413405237928735,58.0,3.0,False,False
1c227a12-ec67af93.jpg,rain,3,13.776969945809718,3.0,29.0,False,False
1c5e9657-2e2a2863.jpg,rain,3,11.973075875921836,,,True,True
1cb2a89b-4594573e.jpg,rain,3,12.91701055797287,9.0,3.0,False,False
1cf54809-c6daa5a9.jpg,rain,3,10.609243718804436,92.0,0.0,False,False
1d5e05f8-5020f67d.jpg,rain,3,12.013308346838109,6.0,0.0,False,False
1e57ae90-806bc767.jpg,rain,3,14.00140544382317,24.0,6.0,False,False
1f959fdd-6ff63d34.jpg,rain,3,13.481403669907468,30.0,21.0,False,False
1fa65acf-d43367bc.jpg,rain,3,11.359463462013967,95.0,21.0,False,False
20cfadfa-47711496.jpg,rain,3,12.780319625332515,30.0,2.0,False,False
20cfadfa-6f87fdc1.jpg,rain,3,13.64058883942744,3.0,1.0,False,False
225a1858-0e3a4b04.jpg,rain,3,11.281109931646201,328.0,,False,True
22be2f14-59fbdca0.jpg,rain,3,13.190282496530617,28.0,2.0,False,False
23333f35-0cbc3f0f.jpg,rain,3,12.893139854431952,10.0,10.0,False,False
23df146f-64b50e4c.jpg,rain,3,14.649924583871572,15.0,2.0,False,False
24392d7c-998011c2.jpg,rain,3,12.90283830773996,31.0,,False,True
250e7595-b14da270.jpg,rain,3,12.680490115635212,21.0,3.0,False,False
26190b83-39ccb412.jpg,rain,3,12.325135543627015,19.0,10.0,False,False
272d52f6-8aac36b3.jpg,rain,3,9.385312810379649,33.0,9.0,False,False
2752681a-e813599a.jpg,rain,3,12.933385050416302,16.0,31.0,False,False
27645526-f038b033.jpg,rain,3,10.394315148480109,8.0,31.0,False,False
2773af6f-23e23a6b.jpg,rain,3,12.086915076723328,7.0,5.0,False,False
28faf684-03ef4c6e.jpg,rain,3,14.270475339262756,12.0,0.0,False,False
292720ee-d847ee69.jpg,rain,3,16.777781765663352,1.0,4.0,False,False
2b54fe2d-c5b810e6.jpg,rain,3,12.392458207119608,11.0,21.0,False,False
2b605c48-8dfe352b.jpg,rain,3,13.08051313461613,0.0,36.0,False,False
2beccce2-354608e2.jpg,rain,3,12.990914839519549,6.0,16.0,False,False
2c87e51d-aa7a8031.jpg,rain,3,13.882583115599793,46.0,,False,True
2ce0b449-e818dc97.jpg,rain,3,15.166007874951317,2.0,,False,True
2cf976a2-479cd46b.jpg,rain,3,11.64250260046909,5.0,13.0,False,False
2e2fae77-b7497ca0.jpg,rain,3,12.471890973264399,7.0,1.0,False,False
2ead8042-2493c03f.jpg,rain,3,10.074656770160132,23.0,1.0,False,False
2f1864c1-1a17d11c.jpg,rain,3,10.378295182783273,13.0,8.0,False,False
2f879dc0-b09e4824.jpg,rain,3,12.57029623285663,4.0,12.0,False,False
2fc9ad1e-ee4c9e43.jpg,rain,3,13.319161264285075,44.0,13.0,False,False
3050b249-0ffbd6ec.jpg,rain,3,14.67183831918058,1.0,,False,True
314cc010-3eab5c90.jpg,rain,3,13.74736855131776,,6.0,True,False
31765c6b-90b0d612.jpg,rain,3,13.58950418386285,2.0,2.0,False,False
31cf6eba-5c84c636.jpg,rain,3,9.620759705250936,37.0,40.0,False,False
32de2244-122f1783.jpg,rain,3,14.851192228207458,10.0,1.0,False,False
33420085-32996107.jpg,rain,3,16.04766879348182,15.0,29.0,False,False
3430a5e6-00ec38d2.jpg,rain,3,2.9245889993450853,14.0,,False,True
35eb46d0-8f7e28a0.jpg,rain,3,15.417696495145815,7.0,2.0,False,False
3735fc3d-69d8b80c.jpg,rain,3,14.639115518952847,,,True,True
3740cd4f-ff1d423d.jpg,rain,3,10.654886722983578,5.0,2.0,False,False
375abba2-9f2ed56c.jpg,rain,3,13.176258475465595,3.0,15.0,False,False
37723e55-31730cf5.jpg,rain,3,11.575348449090558,28.0,12.0,False,False
380a3f8e-ba4f0def.jpg,rain,3,17.321091192400058,23.0,16.0,False,False
385b0f61-1aee12ef.jpg,rain,3,11.095430551070072,43.0,8.0,False,False
3865fea7-b4fe472d.jpg,rain,3,11.947269036542354,23.0,20.0,False,False
38e561dd-8ea8ae2d.jpg,rain,3,12.331349414232138,10.0,14.0,False,False
38ed8d8d-93c48de2.jpg,rain,3,14.122990254830476,11.0,17.0,False,False
38ed8d8d-b1c230ef.jpg,rain,3,13.450427492322765,32.0,27.0,False,False
38ed8d8d-fa50400c.jpg,rain,3,12.594462330933379,1.0,9.0,False,False
3900ad8c-8834019f.jpg,rain,3,11.377624811394519,,,False,True
39ddb110-04604b9c.jpg,rain,3,11.237204648450376,17.0,6.0,False,False
39fc6d1c-6155351d.jpg,rain,3,13.007310574147454,,3.0,False,False
3a278d39-b92df256.jpg,rain,3,12.557212333091831,2.0,6.0,False,False
3a3407a2-df8ea956.jpg,rain,3,9.296785550754276,9.0,,False,True
3ad0c4a7-2a3d544e.jpg,rain,3,10.511644073889087,41.0,3.0,False,False
3b1e1bc1-ee64e36e.jpg,rain,3,12.32980272394305,1.0,6.0,False,False
3b44ef5a-c09e8479.jpg,rain,3,12.200392924343642,173.0,,False,True
3b563c5e-0102edaf.jpg,rain,3,11.50545617827635,20.0,47.0,False,False
3b9716a6-d2566395.jpg,rain,3,14.869211094523685,8.0,1.0,False,False
3c0bbdc2-79baffce.jpg,rain,3,13.323660418910626,25.0,10.0,False,False
3c5752b6-9c0bdf98.jpg,rain,3,13.647503919701334,,51.0,True,False
3c95ae26-68abac3f.jpg,rain,3,12.648479970084061,8.0,39.0,False,False
3e0f1745-a95a63ad.jpg,rain,3,10.759552469834528,2.0,3.0,False,False
3f4eb6a6-9eee52f9.jpg,rain,3,13.668945342235277,0.0,8.0,False,False
3f85a987-1ef4053b.jpg,rain,3,13.929583731746181,1.0,3.0,False,False
3fe1feaa-10126fec.jpg,rain,3,13.125856218991242,32.0,,False,True
3ffdaa26-b394f6f8.jpg,rain,3,11.139048250470886,,8.0,False,False
4027c10d-41d54e9b.jpg,rain,3,12.269394042010852,5.0,26.0,False,False
428e99ea-4166e549.jpg,rain,3,14.795785476780438,43.0,12.0,False,False
42e0dd11-74b81997.jpg,rain,3,16.666111530880407,4.0,21.0,False,False
430395d1-931c959e.jpg,rain,3,11.724620212792562,46.0,,False,False
43126e0d-495d04a5.jpg,rain,3,11.931908011249853,7.0,107.0,False,False
43126e0d-cce96832.jpg,rain,3,12.556405453955756,46.0,5.0,False,False
432f9e20-83a0d96c.jpg,rain,3,11.299414252901485,2.0,7.0,False,False
43c7ed5c-b0690325.jpg,rain,3,13.262585094666237,1.0,24.0,False,False
44cc16d9-d2e06fd6.jpg,rain,3,10.69636294032593,65.0,39.0,False,False
45bafa98-1ee18a2f.jpg,rain,3,12.588258066277245,3.0,1.0,False,False
46d048a1-8f7f385c.jpg,rain,3,13.485198777236523,1.0,29.0,False,False
46f76df9-8bf77914.jpg,rain,3,12.206807898040825,3.0,24.0,False,False
480263a0-5aad7ae9.jpg,rain,3,12.066675460846954,1.0,4.0,False,False
488480d6-b94cf415.jpg,rain,3,11.545158324644394,6.0,2.0,False,False
48ed707e-5062e4c3.jpg,rain,3,13.60071840777321,14.0,17.0,False,False
4a289ff2-7da7feb6.jpg,rain,3,13.093443976589674,,157.0,True,False
4a31f3e3-ac7ed780.jpg,rain,3,12.505332683660251,19.0,26.0,False,False
4b2e1dde-65b54419.jpg,rain,3,8.566493767277768,17.0,17.0,False,False
4d4a590b-4332c5ab.jpg,rain,3,16.13001531914574,,2.0,True,False
5069db50-52f5af30.jpg,rain,3,16.251052970112173,11.0,3.0,False,False
50866f46-30d1f303.jpg,rain,3,12.706574385103263,20.0,0.0,False,False
50b115d6-4b08a666.jpg,rain,3,10.119512913259598,1.0,7.0,False,False
50b2e757-6c7d0f63.jpg,rain,3,13.986418363876096,31.0,16.0,False,False
50d0fd05-8db58ebd.jpg,rain,3,12.412828531336826,2.0,4.0,False,False
510671e9-603795e0.jpg,rain,3,11.85112407796423,25.0,30.0,False,False
514a6d58-0790e0cd.jpg,rain,3,12.810391755136042,8.0,5.0,False,False
5150bb50-300d52ce.jpg,rain,3,13.650769147714485,29.0,10.0,False,False
52799e9e-8c8673f3.jpg,rain,3,14.335422737036161,1.0,4.0,False,False
52bda346-fd8ac6e7.jpg,rain,3,11.442662050708813,0.0,26.0,False,False
534418ba-ee05398f.jpg,rain,3,11.855593374526464,0.0,380.0,False,False
54360b72-e00a3f70.jpg,rain,3,12.050700094429843,37.0,3.0,False,False
554d7cd5-a32486dd.jpg,rain,3,14.816556193442974,10.0,8.0,False,False
559fed19-7893646f.jpg,rain,3,13.029298738095337,,54.0,True,False
57165857-e4d4a47f.jpg,rain,3,13.806793487810683,37.0,,False,True
5795bfe7-a599384a.jpg,rain,3,12.292132167759434,21.0,4.0,False,False
57ac74e2-e86131f1.jpg,rain,3,13.534750294754838,494.0,31.0,False,False
57b495f2-6da6b1e5.jpg,rain,3,15.668497076680106,4.0,48.0,False,False
585443c8-2621a6b1.jpg,rain,3,14.41231237791192,3.0,13.0,False,False
5877b384-2545daf4.jpg,rain,3,12.244707091850383,4.0,18.0,False,False
587bb1bf-1aa00fe5.jpg,rain,3,12.917353391629353,30.0,2.0,False,False
5995c288-2d152172.jpg,rain,3,12.724965299782294,0.0,,False,False
59cde7c7-344bffb1.jpg,rain,3,13.007286802837868,91.0,,False,True
5a8f9b5d-1fdfd2d4.jpg,rain,3,11.05955288456784,5.0,89.0,False,False
5ae83f9c-da990b49.jpg,rain,3,12.41935134260321,1.0,7.0,False,False
5b2b4881-67a6cb87.jpg,rain,3,12.208554825116229,4.0,4.0,False,False
5b2fd56a-37759b05.jpg,rain,3,14.506400091636731,61.0,2.0,False,False
5b4b0b07-2fb56b82.jpg,rain,3,12.071237178678029,20.0,17.0,False,False
5bc44a50-c371c4d0.jpg,rain,3,10.25203637673454,57.0,6.0,False,False
5c4004b7-bf3b7941.jpg,rain,3,11.923081525340073,19.0,4.0,False,False
5c534f5f-a76c7f4b.jpg,rain,3,12.749341211698468,0.0,5.0,False,False
5c5dc708-35460444.jpg,rain,3,11.895053284227926,83.0,14.0,False,False
5da6c6b6-76c54605.jpg,rain,3,12.776082299655823,,,True,True
5dc5141c-5890b5b1.jpg,rain,3,11.660492766020518,17.0,51.0,False,False
5dd831da-bd00cf03.jpg,rain,3,13.334136802743075,58.0,421.0,False,False
5dfb063f-7bd23d5c.jpg,rain,3,15.17464345774728,12.0,16.0,False,False
5e0b701e-d443d8c2.jpg,rain,3,12.633203275225993,,1.0,True,False
5e26f49d-0bc53c7e.jpg,rain,3,16.619455557084287,5.0,,False,True
5e26f49d-9271bf00.jpg,rain,3,12.968780021794187,5.0,54.0,False,False
5e625ec3-7b4fc682.jpg,rain,3,13.914779537899314,30.0,3.0,False,False
5f9387ff-330136ae.jpg,rain,3,12.408859819397202,28.0,2.0,False,False
5fa17a25-88b8e6b9.jpg,rain,3,12.369418300052374,0.0,6.0,False,False
5fa422e1-2d8dd765.jpg,rain,3,10.875442649818833,7.0,31.0,False,False
5fb2a702-f56a339c.jpg,rain,3,12.472949745832342,27.0,35.0,False,False
6011831b-0992e205.jpg,rain,3,12.228294319571972,1.0,4.0,False,False
60137cc0-428b8f5b.jpg,rain,3,14.073968525747592,24.0,10.0,False,False
604b5b3e-3c2e6b6b.jpg,rain,3,13.42212898382159,24.0,6.0,False,False
6092f5a2-424550ba.jpg,rain,3,13.508547925095577,32.0,7.0,False,False
60ba25dd-6c0df417.jpg,rain,3,13.316900805016804,0.0,0.0,False,False
60c678e7-4813ae0f.jpg,rain,3,11.841111788146826,2.0,,False,True
614ecada-16b0f8b6.jpg,rain,3,13.134256407572831,27.0,13.0,False,False
61e4ad87-53ceb455.jpg,rain,3,13.13019480099693,1.0,14.0,False,False
6240d7b3-b51b5788.jpg,rain,3,14.488151189532434,6.0,6.0,False,False
62aefb36-b685117f.jpg,rain,3,12.337857854755478,2.0,11.0,False,False
634c1785-3bb9a8a2.jpg,rain,3,13.126573890583495,4.0,0.0,False,False
634c1785-aeb1652f.jpg,rain,3,12.449427647828308,65.0,11.0,False,False
63f73472-028615f1.jpg,rain,3,12.741183648069994,21.0,12.0,False,False
6485ad0a-245d1600.jpg,rain,3,14.188715783303973,40.0,4.0,False,False
648dc925-e359dbec.jpg,rain,3,15.993939844350466,9.0,3.0,False,False
65edc5a1-f309fed7.jpg,rain,3,11.870152930531505,31.0,1.0,False,False
661381d9-1114a810.jpg,rain,3,11.871250839636465,1.0,2.0,False,False
664cb246-f84cfaf4.jpg,rain,3,11.26663015836771,22.0,3.0,False,False
675cf8fa-4b1ce8b9.jpg,rain,3,10.6842790270479,0.0,222.0,False,False
67faeadf-eb09a636.jpg,rain,3,11.972378061105918,,11.0,True,False
691be377-5dbc29ee.jpg,rain,3,14.85446701710461,19.0,,False,True
692f1303-05178963.jpg,rain,3,12.278482234432754,37.0,29.0,False,False
692f9b08-bdbbd729.jpg,rain,3,13.591373446518123,2.0,25.0,False,False
69bfbe31-5ee2a642.jpg,rain,3,13.168842938487709,5.0,25.0,False,False
69cf7667-68f59649.jpg,rain,3,13.357525203124903,10.0,1.0,False,False
69cf7667-7eb40860.jpg,rain,3,10.451198608192726,37.0,13.0,False,False
6a44fb9a-05a3dd18.jpg,rain,3,13.01206921754738,13.0,22.0,False,False
6a793e80-4f5e207f.jpg,rain,3,15.561563768876248,1.0,76.0,False,False
6a82c0d6-b31f6b90.jpg,rain,3,13.578902920199463,,15.0,True,False
6a8d218d-14e4fa28.jpg,rain,3,15.297896024949067,,,True,True
6ad110c3-789e7724.jpg,rain,3,9.389545337876694,8.0,12.0,False,False
6b15392a-3a1699fd.jpg,rain,3,10.78355514460554,11.0,11.0,False,False
6b784eee-0a5a2c89.jpg,rain,3,13.670301054147767,4.0,2.0,False,False
6bb5a881-15e5c2c4.jpg,rain,3,15.425162462574288,1.0,,False,True
6bd41587-d65ba5b4.jpg,rain,3,14.001778655201758,20.0,10.0,False,False
6d0d7bef-fb11b6e1.jpg,rain,3,14.080708052487347,494.0,7.0,False,False
6d57736c-a35808b9.jpg,rain,3,17.021856963942824,12.0,69.0,False,False
6d8a6d94-00a7ad92.jpg,rain,3,13.326732049701262,5.0,80.0,False,False
6eeed3fa-87a1b0c9.jpg,rain,3,13.052671792458439,20.0,3.0,False,False
701992bd-8a457895.jpg,rain,3,14.549229009411018,4.0,15.0,False,False
7171644d-4e74752e.jpg,rain,3,10.083556885966253,9.0,14.0,False,False
7171644d-ee92c71e.jpg,rain,3,11.943274750595494,32.0,6.0,False,False
72f22fa5-8af4615c.jpg,rain,3,12.616236089551036,28.0,12.0,False,False
72fd00fe-aeadfc89.jpg,rain,3,17.134780884514033,48.0,10.0,False,False
730c67a5-563e9b1f.jpg,rain,3,18.437576356390625,8.0,,False,True
738a2bcd-7a6fde0d.jpg,rain,3,15.635330347441005,24.0,154.0,False,False
73aff960-d46366ec.jpg,rain,3,12.881712969759644,28.0,,False,True
73d338d6-edf0b3db.jpg,rain,3,15.492124874166798,,,True,True
75ad1fff-77299093.jpg,rain,3,13.011361324947924,10.0,2.0,False,False
75f5f52c-6b67e736.jpg,rain,3,1.1617757757929101,23.0,2.0,False,False
777005a8-14c739ad.jpg,rain,3,14.340690690819294,60.0,5.0,False,False
7771e03b-832e52c0.jpg,rain,3,14.946848424359834,123.0,11.0,False,False
7771e03b-a8f9d50c.jpg,rain,3,12.30272466235692,114.0,9.0,False,False
7797fea2-c37f9856.jpg,rain,3,12.894253366845325,16.0,21.0,False,False
77bdbeb0-edb0613f.jpg,rain,3,12.374900792176168,24.0,2.0,False,False
77dca577-16a39ea0.jpg,rain,3,12.959373101675219,25.0,12.0,False,False
77f810c4-43a39c1f.jpg,rain,3,12.745653526304014,1.0,,False,True
7814206e-8e991d51.jpg,rain,3,14.697966500779902,15.0,5.0,False,False
7814206e-ea2508d0.jpg,rain,3,14.453272542206063,8.0,30.0,False,False
79e177bc-4d5d3acc.jpg,rain,3,12.954302673055217,3.0,1.0,False,False
7aa4ff0f-9d28d8a4.jpg,rain,3,15.288138829605217,1.0,9.0,False,False
7ad1174c-373265eb.jpg,rain,3,12.645200980262029,,,True,True
7b268b98-e0ec16c3.jpg,rain,3,14.800316432015276,0.0,6.0,False,False
7c5a2048-332896ea.jpg,rain,3,13.877549635613299,1.0,,False,True
7c5d50c5-7292de37.jpg,rain,3,12.790582156786988,19.0,23.0,False,False
7d1fe115-936a2f47.jpg,rain,3,14.073721599605424,208.0,20.0,False,False
7dc2914d-a20a969a.jpg,rain,3,14.875758956043551,13.0,17.0,False,False
7e4ab78b-4a62c63e.jpg,rain,3,12.007848686617846,4.0,,False,True
7e590c49-93f03732.jpg,rain,3,11.810978105932968,,5.0,True,False
7ed57d0a-d7bcc13d.jpg,rain,3,12.436958707884937,16.0,97.0,False,False
7f0ef682-c93899df.jpg,rain,3,12.085533674252353,8.0,4.0,False,False
7f4ac354-777de900.jpg,rain,3,11.654008130909295,25.0,11.0,False,False
7f9bdf0d-c0e0061f.jpg,rain,3,10.980872409456428,28.0,1.0,False,False
7fd14da9-a855494b.jpg,rain,3,15.132750731430644,16.0,10.0,False,False
801bff84-a72998c7.jpg,rain,3,10.88306608038357,10.0,45.0,False,False
8073de38-f7eab6ec.jpg,rain,3,12.899254567588617,13.0,7.0,False,False
8082ea05-1a7bcd47.jpg,rain,3,12.747993631224679,3.0,1.0,False,False
80ecebc0-ca9605f4.jpg,rain,3,13.168130117527244,54.0,,False,True
81ec3b39-1951f79e.jpg,rain,3,13.37225509778971,30.0,12.0,False,False
82b14c0c-79b99258.jpg,rain,3,12.584745687031127,9.0,12.0,False,False
82b5fc3b-90cadd1b.jpg,rain,3,10.135127512576172,4.0,23.0,False,False
82f03471-8e304dd5.jpg,rain,3,12.774247092374718,4.0,25.0,False,False
836fa13a-d6058a12.jpg,rain,3,15.005213032799084,23.0,40.0,False,False
84fb3f59-7d5d1fa4.jpg,rain,3,9.596220132228794,208.0,2.0,False,False
8542b4da-7795bcfd.jpg,rain,3,14.270393537340464,8.0,1.0,False,False
85f3f250-1fef85ac.jpg,rain,3,12.320378788138008,6.0,1.0,False,False
87ca2979-d5158824.jpg,rain,3,14.72432094084155,0.0,14.0,False,False
889b7dda-77f16103.jpg,rain,3,10.89958448061016,24.0,3.0,False,False
88dbf01a-d8b35dee.jpg,rain,3,12.552190475738449,2.0,12.0,False,False
897223bc-6938f1ab.jpg,rain,3,13.50581629868693,13.0,,False,True
89b7454d-880eacbd.jpg,rain,3,13.022360436400193,1.0,22.0,False,False
89e85e71-7dd0a7b6.jpg,rain,3,11.21880406821495,4.0,19.0,False,False
8a4fbffe-47866ce9.jpg,rain,3,12.500941931605333,1.0,,False,True
8a76c101-8bcefc32.jpg,rain,3,13.167869351573774,1.0,20.0,False,False
8b7ef6c4-6bbcf25f.jpg,rain,3,11.512625914444472,33.0,52.0,False,False
8bac644e-e0437ead.jpg,rain,3,13.87679600040981,,108.0,False,False
8c94c649-8ba62efa.jpg,rain,3,12.038008572840003,31.0,32.0,False,False
8c9bbaa9-34934b66.jpg,rain,3,12.413117351641548,,1.0,True,False
0049e5b8-725e21a0.jpg,rain,4,9.94829013794963,7.0,6.0,False,False
0081e27b-17bf4a9e.jpg,rain,4,10.496017474351104,12.0,4.0,False,False
00beeb02-50440dcd.jpg,rain,4,9.602072747548531,4.0,2.0,False,False
00d4b6b7-7d0a60bf.jpg,rain,4,9.875402548426294,,,True,True
01118704-2d838d7f.jpg,rain,4,11.418987644245082,21.0,11.0,False,False
0115917e-14907a6a.jpg,rain,4,9.91434023828231,1.0,14.0,False,False
02188a44-65ad27f3.jpg,rain,4,9.78800295577362,9.0,,False,True
02494b7b-079febf8.jpg,rain,4,9.207219035903627,26.0,3.0,False,False
029ffd50-dc944dba.jpg,rain,4,8.694312075982952,6.0,3.0,False,False
0464a98b-860229d5.jpg,rain,4,10.538763644379216,43.0,15.0,False,False
051aadb7-51aad566.jpg,rain,4,11.216030773219217,2.0,,False,True
051aadb7-e953bc4d.jpg,rain,4,7.77751136050127,5.0,1.0,False,False
05743a9b-747658e7.jpg,rain,4,12.556572249918737,,1.0,True,False
057af272-6f700aef.jpg,rain,4,10.483984991988804,,16.0,True,False
05d62296-30c620d5.jpg,rain,4,10.44312133199828,67.0,,False,True
05e5a68e-f0e05a42.jpg,rain,4,9.073428172644649,123.0,5.0,False,False
05fa6494-8f436d04.jpg,rain,4,10.401298464122402,22.0,12.0,False,False
060039d9-5218402b.jpg,rain,4,10.486386662849213,15.0,10.0,False,False
064aa0d6-f75ff4d5.jpg,rain,4,10.522316467638156,42.0,73.0,False,False
07de5062-ddddcbd7.jpg,rain,4,13.82572724347757,,32.0,True,False
088351d1-30833ddc.jpg,rain,4,8.971735606594303,35.0,67.0,False,False
08a49c01-675d3899.jpg,rain,4,10.880197698529457,44.0,3.0,False,False
08d4285a-4a25b9b6.jpg,rain,4,8.612910755242067,25.0,7.0,False,False
09ac21d6-eefa8ed0.jpg,rain,4,7.505205152525397,,5.0,True,False
0a0a0b1a-7c39d841.jpg,rain,4,10.80579864852977,36.0,10.0,False,False
0af6039a-f3c91319.jpg,rain,4,10.16605036219931,10.0,21.0,False,False
0b2f5d0d-8fddc1fc.jpg,rain,4,8.095181331311686,1.0,5.0,False,False
0b4225f9-bfb10f88.jpg,rain,4,11.035774327428307,20.0,0.0,False,False
0ba08fe3-880ae118.jpg,rain,4,10.04668730581378,31.0,8.0,False,False
0c2f33b9-f94d69b5.jpg,rain,4,10.402833662067641,18.0,31.0,False,False
0c984e6d-2b5d7ee4.jpg,rain,4,10.733664690541211,4.0,26.0,False,False
0cb67a01-7cf1687e.jpg,rain,4,12.554338382540331,132.0,,False,True
0cc6f3e8-b4c9e348.jpg,rain,4,10.252233492562013,1.0,1.0,False,False
0cf398b3-ce65ab64.jpg,rain,4,-4.087016844096917,8.0,111.0,False,False
0d3ec56a-f4cead6f.jpg,rain,4,11.064734492636886,,15.0,True,False
0d61234a-542010b2.jpg,rain,4,5.831184581592224,8.0,33.0,False,False
0e442b65-b17e0b50.jpg,rain,4,12.094876672204792,0.0,7.0,False,False
0e5c7e92-0d9c60f0.jpg,rain,4,9.59215469902577,2.0,3.0,False,False
0f837def-9646c091.jpg,rain,4,11.039473221115836,5.0,6.0,False,False
0fba84f9-73b520ee.jpg,rain,4,10.755873448876322,33.0,7.0,False,False
101a0964-930eae70.jpg,rain,4,7.334200131443942,9.0,6.0,False,False
10389fe8-433c740c.jpg,rain,4,9.003818701064747,56.0,,False,True
10453a95-40759ac3.jpg,rain,4,10.476683991014283,47.0,2.0,False,False
1072195f-0a161ade.jpg,rain,4,10.13514828812749,3.0,2.0,False,False
1072195f-6cf88b25.jpg,rain,4,10.958054535090211,7.0,25.0,False,False
11513e3d-150058c3.jpg,rain,4,10.36361136122693,1.0,79.0,False,False
1189ae68-1a8ad3c6.jpg,rain,4,12.0300360253876,7.0,19.0,False,False
12076ebb-c07285d7.jpg,rain,4,8.529759051293691,4.0,59.0,False,False
125134e5-7dfc45b9.jpg,rain,4,10.68666343271958,3.0,8.0,False,False
12ae9ab8-794f5adc.jpg,rain,4,9.894383311417448,18.0,12.0,False,False
13f61134-50021e53.jpg,rain,4,11.695465133318407,415.0,,False,True
14eace5a-ddf3b303.jpg,rain,4,11.744259525757087,16.0,21.0,False,False
1608cfe7-32da2c5d.jpg,rain,4,9.664073279451252,20.0,27.0,False,False
162995f1-d2c7d259.jpg,rain,4,9.784270743223354,30.0,13.0,False,False
16b0973f-c07b564a.jpg,rain,4,8.97571776825702,21.0,1.0,False,False
1784d67b-6b223914.jpg,rain,4,10.78124893501893,1.0,2.0,False,False
1784d67b-d76145ce.jpg,rain,4,12.134913879753837,84.0,16.0,False,False
188c58f3-792afc71.jpg,rain,4,8.664316306594221,2.0,22.0,False,False
193f7f3b-84bc7998.jpg,rain,4,10.983077658089812,10.0,69.0,False,False
194058b0-ac0616a6.jpg,rain,4,9.77657822832996,51.0,,False,True
19e56249-09c4bbc6.jpg,rain,4,12.440128245843896,,,True,True
1a71faae-d5f255fd.jpg,rain,4,11.445038981236,21.0,1.0,False,False
1a8992a7-da5a8510.jpg,rain,4,9.777522836319799,16.0,28.0,False,False
1ac0178c-0b259360.jpg,rain,4,12.785046206218823,,,True,True
1b30f76f-95aa8a06.jpg,rain,4,11.448891722305731,0.0,179.0,False,False
1bda5a26-420ceea6.jpg,rain,4,10.076987500498106,12.0,13.0,False,False
1bf7f3d2-15f95138.jpg,rain,4,10.396376985881888,24.0,11.0,False,False
1c227a12-10e5552c.jpg,rain,4,12.039167088551055,4.0,6.0,False,False
1c227a12-ec67af93.jpg,rain,4,11.41353745578112,3.0,18.0,False,False
1c5e9657-2e2a2863.jpg,rain,4,9.374732462046813,,,True,True
1cb2a89b-4594573e.jpg,rain,4,10.429146768371883,0.0,12.0,False,False
1cf54809-c6daa5a9.jpg,rain,4,8.197046395499596,14.0,2.0,False,False
1d5e05f8-5020f67d.jpg,rain,4,9.897904889675637,3.0,1.0,False,False
1e57ae90-806bc767.jpg,rain,4,11.86636500142016,7.0,22.0,False,False
1f959fdd-6ff63d34.jpg,rain,4,10.981088163203228,1.0,4.0,False,False
1fa65acf-d43367bc.jpg,rain,4,8.911373184605543,49.0,49.0,False,False
20cfadfa-47711496.jpg,rain,4,10.45845328151486,45.0,1.0,False,False
20cfadfa-6f87fdc1.jpg,rain,4,11.366648184799635,12.0,1.0,False,False
225a1858-0e3a4b04.jpg,rain,4,8.901295123124509,,,True,True
22be2f14-59fbdca0.jpg,rain,4,10.77097749034289,6.0,0.0,False,False
23333f35-0cbc3f0f.jpg,rain,4,10.78169730821934,62.0,21.0,False,False
23df146f-64b50e4c.jpg,rain,4,12.302874364914329,19.0,1.0,False,False
24392d7c-998011c2.jpg,rain,4,10.632177704072443,,,True,True
250e7595-b14da270.jpg,rain,4,10.363497595162464,29.0,14.0,False,False
26190b83-39ccb412.jpg,rain,4,9.768272928405318,11.0,6.0,False,False
272d52f6-8aac36b3.jpg,rain,4,6.978543130718467,6.0,9.0,False,False
2752681a-e813599a.jpg,rain,4,10.789692988949732,4.0,22.0,False,False
27645526-f038b033.jpg,rain,4,8.01628032943936,3.0,12.0,False,False
2773af6f-23e23a6b.jpg,rain,4,9.536593773572388,7.0,33.0,False,False
28faf684-03ef4c6e.jpg,rain,4,11.71585934880854,5.0,0.0,False,False
292720ee-d847ee69.jpg,rain,4,14.155988127892998,18.0,10.0,False,False
2b54fe2d-c5b810e6.jpg,rain,4,9.763324368463678,24.0,13.0,False,False
2b605c48-8dfe352b.jpg,rain,4,10.561692211099459,0.0,24.0,False,False
2beccce2-354608e2.jpg,rain,4,10.471590334392877,1.0,8.0,False,False
2c87e51d-aa7a8031.jpg,rain,4,11.695322838874931,,,True,True
2ce0b449-e818dc97.jpg,rain,4,12.394187247132752,12.0,,False,True
2cf976a2-479cd46b.jpg,rain,4,9.149335472580766,39.0,19.0,False,False
2e2fae77-b7497ca0.jpg,rain,4,9.883055234196958,18.0,6.0,False,False
2ead8042-2493c03f.jpg,rain,4,7.874834203938393,25.0,4.0,False,False
2f1864c1-1a17d11c.jpg,rain,4,8.057702115253793,2.0,16.0,False,False
2f879dc0-b09e4824.jpg,rain,4,10.363074082162417,4.0,5.0,False,False
2fc9ad1e-ee4c9e43.jpg,rain,4,11.034247175867957,228.0,20.0,False,False
3050b249-0ffbd6ec.jpg,rain,4,12.083620056548325,,26.0,True,False
314cc010-3eab5c90.jpg,rain,4,11.192043385863466,,0.0,True,False
31765c6b-90b0d612.jpg,rain,4,10.943501411502016,,7.0,True,False
31cf6eba-5c84c636.jpg,rain,4,7.2303397419352455,40.0,1.0,False,False
32de2244-122f1783.jpg,rain,4,12.410737394917353,24.0,21.0,False,False
33420085-32996107.jpg,rain,4,13.638715043755704,2.0,13.0,False,False
3430a5e6-00ec38d2.jpg,rain,4,0.558786334081654,14.0,48.0,False,False
35eb46d0-8f7e28a0.jpg,rain,4,12.843583765944565,30.0,3.0,False,False
3735fc3d-69d8b80c.jpg,rain,4,12.053885233962633,,,True,True
3740cd4f-ff1d423d.jpg,rain,4,8.09550445470771,16.0,12.0,False,False
375abba2-9f2ed56c.jpg,rain,4,10.816663124259671,11.0,108.0,False,False
37723e55-31730cf5.jpg,rain,4,9.03653987306588,7.0,22.0,False,False
380a3f8e-ba4f0def.jpg,rain,4,14.713244190216768,33.0,16.0,False,False
385b0f61-1aee12ef.jpg,rain,4,8.844861732913339,43.0,,False,True
3865fea7-b4fe472d.jpg,rain,4,9.661183397718565,5.0,4.0,False,False
38e561dd-8ea8ae2d.jpg,rain,4,9.81994865687145,12.0,19.0,False,False
38ed8d8d-93c48de2.jpg,rain,4,11.593839930651953,16.0,20.0,False,False
38ed8d8d-b1c230ef.jpg,rain,4,11.048304695934299,36.0,3.0,False,False
38ed8d8d-fa50400c.jpg,rain,4,10.1436016669879,2.0,9.0,False,False
3900ad8c-8834019f.jpg,rain,4,8.947868182739143,,,False,True
39ddb110-04604b9c.jpg,rain,4,8.809431107935144,21.0,12.0,False,False
39fc6d1c-6155351d.jpg,rain,4,10.613146773123884,,15.0,False,False
3a278d39-b92df256.jpg,rain,4,10.407141185758492,6.0,8.0,False,False
3a3407a2-df8ea956.jpg,rain,4,7.041989400219897,41.0,,False,True
3ad0c4a7-2a3d544e.jpg,rain,4,8.210521273209253,,2.0,True,False
3b1e1bc1-ee64e36e.jpg,rain,4,9.955114107028418,9.0,7.0,False,False
3b44ef5a-c09e8479.jpg,rain,4,9.652161098589282,141.0,130.0,False,False
3b563c5e-0102edaf.jpg,rain,4,9.111116886621847,20.0,45.0,False,False
3b9716a6-d2566395.jpg,rain,4,12.36131932176882,,5.0,True,False
3c0bbdc2-79baffce.jpg,rain,4,11.034400990036398,10.0,9.0,False,False
3c5752b6-9c0bdf98.jpg,rain,4,11.133523063504168,,82.0,True,False
3c95ae26-68abac3f.jpg,rain,4,10.280985888902146,,38.0,True,False
3e0f1745-a95a63ad.jpg,rain,4,8.452007205920989,18.0,4.0,False,False
3f4eb6a6-9eee52f9.jpg,rain,4,11.158149905659887,2.0,58.0,False,False
3f85a987-1ef4053b.jpg,rain,4,11.262599859582455,7.0,107.0,False,False
3fe1feaa-10126fec.jpg,rain,4,10.83012745681755,,,True,True
3ffdaa26-b394f6f8.jpg,rain,4,8.656876361322304,,12.0,False,False
4027c10d-41d54e9b.jpg,rain,4,9.668302365857123,16.0,3.0,False,False
428e99ea-4166e549.jpg,rain,4,12.420687435805053,76.0,11.0,False,False
42e0dd11-74b81997.jpg,rain,4,14.134967976214439,11.0,7.0,False,False
430395d1-931c959e.jpg,rain,4,9.526312738796054,28.0,,False,False
43126e0d-495d04a5.jpg,rain,4,9.56076131246348,2.0,40.0,False,False
43126e0d-cce96832.jpg,rain,4,9.998529035242953,32.0,20.0,False,False
432f9e20-83a0d96c.jpg,rain,4,8.810707781747514,0.0,2.0,False,False
43c7ed5c-b0690325.jpg,rain,4,10.67044685598754,1.0,25.0,False,False
44cc16d9-d2e06fd6.jpg,rain,4,8.193988386875425,56.0,84.0,False,False
45bafa98-1ee18a2f.jpg,rain,4,10.032972530751103,5.0,41.0,False,False
46d048a1-8f7f385c.jpg,rain,4,10.817336099713618,0.0,28.0,False,False
46f76df9-8bf77914.jpg,rain,4,9.961262354120596,12.0,33.0,False,False
480263a0-5aad7ae9.jpg,rain,4,9.650219372090712,7.0,5.0,False,False
488480d6-b94cf415.jpg,rain,4,9.37586511438221,13.0,14.0,False,False
48ed707e-5062e4c3.jpg,rain,4,11.191153072791682,22.0,,False,True
4a289ff2-7da7feb6.jpg,rain,4,10.784658205919659,,158.0,True,False
4a31f3e3-ac7ed780.jpg,rain,4,10.301386755671142,1.0,17.0,False,False
4b2e1dde-65b54419.jpg,rain,4,6.378777783013083,7.0,13.0,False,False
4d4a590b-4332c5ab.jpg,rain,4,13.558888043514738,2.0,,False,True
5069db50-52f5af30.jpg,rain,4,13.718888913410856,14.0,9.0,False,False
50866f46-30d1f303.jpg,rain,4,10.302962852171117,31.0,5.0,False,False
50b115d6-4b08a666.jpg,rain,4,7.718940230569084,13.0,243.0,False,False
50b2e757-6c7d0f63.jpg,rain,4,11.388554134565185,35.0,6.0,False,False
50d0fd05-8db58ebd.jpg,rain,4,9.864360375782125,1.0,,False,True
510671e9-603795e0.jpg,rain,4,9.431991515039924,43.0,2.0,False,False
514a6d58-0790e0cd.jpg,rain,4,10.497115374816186,,2.0,True,False
5150bb50-300d52ce.jpg,rain,4,11.45608785651238,38.0,31.0,False,False
52799e9e-8c8673f3.jpg,rain,4,11.968170667548142,5.0,9.0,False,False
52bda346-fd8ac6e7.jpg,rain,4,8.93784314722556,0.0,10.0,False,False
534418ba-ee05398f.jpg,rain,4,9.521725416408291,8.0,399.0,False,False
54360b72-e00a3f70.jpg,rain,4,9.69136843884346,207.0,19.0,False,False
554d7cd5-a32486dd.jpg,rain,4,12.336336009619897,4.0,2.0,False,False
559fed19-7893646f.jpg,rain,4,10.62483065430333,327.0,53.0,False,False
57165857-e4d4a47f.jpg,rain,4,11.33742513349221,36.0,,False,True
5795bfe7-a599384a.jpg,rain,4,9.912902567705665,21.0,0.0,False,False
57ac74e2-e86131f1.jpg,rain,4,11.021792828035386,,22.0,True,False
57b495f2-6da6b1e5.jpg,rain,4,13.116366063861468,2.0,,False,True
585443c8-2621a6b1.jpg,rain,4,11.936682909559213,6.0,32.0,False,False
5877b384-2545daf4.jpg,rain,4,9.938382126590577,3.0,9.0,False,False
587bb1bf-1aa00fe5.jpg,rain,4,10.333854809069036,27.0,4.0,False,False
5995c288-2d152172.jpg,rain,4,10.287835911853154,8.0,,False,False
59cde7c7-344bffb1.jpg,rain,4,10.432286036716569,80.0,11.0,False,False
5a8f9b5d-1fdfd2d4.jpg,rain,4,9.226917443774626,18.0,5.0,False,False
5ae83f9c-da990b49.jpg,rain,4,10.09843807992601,8.0,6.0,False,False
5b2b4881-67a6cb87.jpg,rain,4,9.587679384233208,3.0,5.0,False,False
5b2fd56a-37759b05.jpg,rain,4,12.167772025402524,61.0,,False,True
5b4b0b07-2fb56b82.jpg,rain,4,9.673899648541406,18.0,8.0,False,False
5bc44a50-c371c4d0.jpg,rain,4,7.946283047171261,29.0,5.0,False,False
5c4004b7-bf3b7941.jpg,rain,4,9.427334909772306,3.0,4.0,False,False
5c534f5f-a76c7f4b.jpg,rain,4,10.512977844741185,1.0,5.0,False,False
5c5dc708-35460444.jpg,rain,4,9.444753136765192,32.0,69.0,False,False
5da6c6b6-76c54605.jpg,rain,4,10.367603937140213,,27.0,True,False
5dc5141c-5890b5b1.jpg,rain,4,9.274887334472576,19.0,32.0,False,False
5dd831da-bd00cf03.jpg,rain,4,11.008488093341956,1.0,336.0,False,False
5dfb063f-7bd23d5c.jpg,rain,4,12.582986370409388,4.0,16.0,False,False
5e0b701e-d443d8c2.jpg,rain,4,10.38138484147358,86.0,1.0,False,False
5e26f49d-0bc53c7e.jpg,rain,4,13.938510773931746,2.0,,False,True
5e26f49d-9271bf00.jpg,rain,4,10.284799257639543,2.0,42.0,False,False
5e625ec3-7b4fc682.jpg,rain,4,11.581836599363537,5.0,3.0,False,False
5f9387ff-330136ae.jpg,rain,4,10.037064569492117,27.0,1.0,False,False
5fa17a25-88b8e6b9.jpg,rain,4,9.808207737808953,0.0,7.0,False,False
5fa422e1-2d8dd765.jpg,rain,4,8.393406519140905,3.0,21.0,False,False
5fb2a702-f56a339c.jpg,rain,4,10.26907141832804,18.0,87.0,False,False
6011831b-0992e205.jpg,rain,4,9.969146930573869,1.0,4.0,False,False
60137cc0-428b8f5b.jpg,rain,4,11.567275033954234,5.0,1.0,False,False
604b5b3e-3c2e6b6b.jpg,rain,4,11.048721226153342,1.0,6.0,False,False
6092f5a2-424550ba.jpg,rain,4,11.124547966488937,36.0,2.0,False,False
60ba25dd-6c0df417.jpg,rain,4,10.7567056711454,79.0,2.0,False,False
60c678e7-4813ae0f.jpg,rain,4,9.275964830161648,25.0,,False,True
614ecada-16b0f8b6.jpg,rain,4,10.70850085453994,1.0,6.0,False,False
61e4ad87-53ceb455.jpg,rain,4,10.545665602224705,4.0,10.0,False,False
6240d7b3-b51b5788.jpg,rain,4,11.935306484964345,10.0,7.0,False,False
62aefb36-b685117f.jpg,rain,4,10.034264181303493,17.0,2.0,False,False
634c1785-3bb9a8a2.jpg,rain,4,10.736256289899142,6.0,,False,True
634c1785-aeb1652f.jpg,rain,4,10.094695218621133,235.0,5.0,False,False
63f73472-028615f1.jpg,rain,4,10.41801687674623,30.0,18.0,False,False
6485ad0a-245d1600.jpg,rain,4,11.768969267924398,55.0,12.0,False,False
648dc925-e359dbec.jpg,rain,4,13.512329094795533,10.0,16.0,False,False
65edc5a1-f309fed7.jpg,rain,4,9.58448079920061,73.0,3.0,False,False
661381d9-1114a810.jpg,rain,4,9.35014664758923,0.0,32.0,False,False
664cb246-f84cfaf4.jpg,rain,4,8.912748510602386,0.0,15.0,False,False
675cf8fa-4b1ce8b9.jpg,rain,4,8.214732057547598,45.0,8.0,False,False
67faeadf-eb09a636.jpg,rain,4,9.474874586442164,,9.0,True,False
691be377-5dbc29ee.jpg,rain,4,12.494183016739493,6.0,0.0,False,False
692f1303-05178963.jpg,rain,4,10.065136874536233,32.0,14.0,False,False
692f9b08-bdbbd729.jpg,rain,4,11.367938919611502,11.0,4.0,False,False
69bfbe31-5ee2a642.jpg,rain,4,10.688366471752733,11.0,21.0,False,False
69cf7667-68f59649.jpg,rain,4,11.10214704884607,9.0,1.0,False,False
69cf7667-7eb40860.jpg,rain,4,8.346650012111931,88.0,3.0,False,False
6a44fb9a-05a3dd18.jpg,rain,4,10.792881359808181,1.0,4.0,False,False
6a793e80-4f5e207f.jpg,rain,4,13.001160221639763,1.0,74.0,False,False
6a82c0d6-b31f6b90.jpg,rain,4,11.20144004008959,,11.0,True,False
6a8d218d-14e4fa28.jpg,rain,4,12.759318759131604,,13.0,True,False
6ad110c3-789e7724.jpg,rain,4,7.082864554603435,2.0,21.0,False,False
6b15392a-3a1699fd.jpg,rain,4,8.587911725446222,40.0,4.0,False,False
6b784eee-0a5a2c89.jpg,rain,4,11.28475508443217,5.0,,False,True
6bb5a881-15e5c2c4.jpg,rain,4,13.017521819013037,1.0,,False,True
6bd41587-d65ba5b4.jpg,rain,4,11.36313878487885,15.0,62.0,False,False
6d0d7bef-fb11b6e1.jpg,rain,4,11.652743742320117,41.0,21.0,False,False
6d57736c-a35808b9.jpg,rain,4,14.573966202963856,5.0,78.0,False,False
6d8a6d94-00a7ad92.jpg,rain,4,10.992322125882376,11.0,62.0,False,False
6eeed3fa-87a1b0c9.jpg,rain,4,10.660669808382847,13.0,29.0,False,False
701992bd-8a457895.jpg,rain,4,11.990201772514396,3.0,1.0,False,False
7171644d-4e74752e.jpg,rain,4,7.709739007147832,8.0,8.0,False,False
7171644d-ee92c71e.jpg,rain,4,9.440331944427822,32.0,18.0,False,False
72f22fa5-8af4615c.jpg,rain,4,10.436503783414512,35.0,43.0,False,False
72fd00fe-aeadfc89.jpg,rain,4,14.6207423922625,63.0,11.0,False,False
730c67a5-563e9b1f.jpg,rain,4,15.793842293358047,,,True,True
738a2bcd-7a6fde0d.jpg,rain,4,13.016776983222032,1.0,57.0,False,False
73aff960-d46366ec.jpg,rain,4,10.304373651598663,23.0,5.0,False,False
73d338d6-edf0b3db.jpg,rain,4,12.94494036819362,,,True,True
75ad1fff-77299093.jpg,rain,4,10.61618031782251,,41.0,True,False
75f5f52c-6b67e736.jpg,rain,4,-1.191645322294193,12.0,1.0,False,False
777005a8-14c739ad.jpg,rain,4,11.772142293154397,17.0,232.0,False,False
7771e03b-832e52c0.jpg,rain,4,12.415093709307802,,,True,True
7771e03b-a8f9d50c.jpg,rain,4,9.71771739116097,130.0,17.0,False,False
7797fea2-c37f9856.jpg,rain,4,10.640428466398093,,53.0,True,False
77bdbeb0-edb0613f.jpg,rain,4,10.100208656183876,28.0,13.0,False,False
77dca577-16a39ea0.jpg,rain,4,10.628440490990352,47.0,6.0,False,False
77f810c4-43a39c1f.jpg,rain,4,10.419135321345792,17.0,,False,True
7814206e-8e991d51.jpg,rain,4,12.154459075190971,17.0,7.0,False,False
7814206e-ea2508d0.jpg,rain,4,11.865578978545441,8.0,21.0,False,False
79e177bc-4d5d3acc.jpg,rain,4,10.313301130931585,4.0,7.0,False,False
7aa4ff0f-9d28d8a4.jpg,rain,4,12.747211971282235,2.0,4.0,False,False
7ad1174c-373265eb.jpg,rain,4,10.1585196562982,,,True,True
7b268b98-e0ec16c3.jpg,rain,4,12.208412077352804,1.0,1.0,False,False
7c5a2048-332896ea.jpg,rain,4,11.468684122596592,10.0,,False,True
7c5d50c5-7292de37.jpg,rain,4,10.3960187132298,17.0,7.0,False,False
7d1fe115-936a2f47.jpg,rain,4,11.59321146518547,8.0,7.0,False,False
7dc2914d-a20a969a.jpg,rain,4,12.40168350230092,3.0,34.0,False,False
7e4ab78b-4a62c63e.jpg,rain,4,9.519820748678036,10.0,,False,True
7e590c49-93f03732.jpg,rain,4,9.26139631656678,,2.0,True,False
7ed57d0a-d7bcc13d.jpg,rain,4,10.273052992611177,,76.0,True,False
7f0ef682-c93899df.jpg,rain,4,9.493997690001235,0.0,53.0,False,False
7f4ac354-777de900.jpg,rain,4,9.209095504150595,3.0,1.0,False,False
7f9bdf0d-c0e0061f.jpg,rain,4,8.55830484319447,7.0,1.0,False,False
7fd14da9-a855494b.jpg,rain,4,12.642022068012595,1.0,39.0,False,False
801bff84-a72998c7.jpg,rain,4,8.49638039269228,16.0,25.0,False,False
8073de38-f7eab6ec.jpg,rain,4,10.47718412041029,15.0,16.0,False,False
8082ea05-1a7bcd47.jpg,rain,4,10.47685872580871,1.0,3.0,False,False
80ecebc0-ca9605f4.jpg,rain,4,10.654449359009444,2.0,,False,True
81ec3b39-1951f79e.jpg,rain,4,11.006586391358013,1.0,7.0,False,False
82b14c0c-79b99258.jpg,rain,4,10.043680613212873,35.0,1.0,False,False
82b5fc3b-90cadd1b.jpg,rain,4,7.746547660216837,2.0,8.0,False,False
82f03471-8e304dd5.jpg,rain,4,10.252598129803198,89.0,148.0,False,False
836fa13a-d6058a12.jpg,rain,4,12.47915668766533,18.0,21.0,False,False
84fb3f59-7d5d1fa4.jpg,rain,4,7.274012546827341,129.0,15.0,False,False
8542b4da-7795bcfd.jpg,rain,4,11.814032837979571,5.0,1.0,False,False
85f3f250-1fef85ac.jpg,rain,4,9.85296543821516,4.0,4.0,False,False
87ca2979-d5158824.jpg,rain,4,12.105232708431767,16.0,3.0,False,False
889b7dda-77f16103.jpg,rain,4,8.44271026419086,16.0,5.0,False,False
88dbf01a-d8b35dee.jpg,rain,4,10.078465039550082,2.0,2.0,False,False
897223bc-6938f1ab.jpg,rain,4,10.829677972429995,0.0,45.0,False,False
89b7454d-880eacbd.jpg,rain,4,10.791177822465162,,22.0,True,False
89e85e71-7dd0a7b6.jpg,rain,4,8.838759009042356,3.0,15.0,False,False
8a4fbffe-47866ce9.jpg,rain,4,10.006249814957195,,,True,True
8a76c101-8bcefc32.jpg,rain,4,10.744497419382988,4.0,7.0,False,False
8b7ef6c4-6bbcf25f.jpg,rain,4,9.289468680265806,0.0,17.0,False,False
8bac644e-e0437ead.jpg,rain,4,11.402185486092906,,80.0,False,False
8c94c649-8ba62efa.jpg,rain,4,9.509515049166524,17.0,27.0,False,False
8c9bbaa9-34934b66.jpg,rain,4,9.79819374548375,,65.0,True,False
0049e5b8-725e21a0.jpg,rain,5,8.361132886129043,10.0,8.0,False,False
0081e27b-17bf4a9e.jpg,rain,5,8.774406006511192,7.0,6.0,False,False
00beeb02-50440dcd.jpg,rain,5,7.857619102199126,4.0,2.0,False,False
00d4b6b7-7d0a60bf.jpg,rain,5,8.164864495368452,,,True,True
01118704-2d838d7f.jpg,rain,5,9.619189282160448,26.0,9.0,False,False
0115917e-14907a6a.jpg,rain,5,8.209645711858014,6.0,25.0,False,False
02188a44-65ad27f3.jpg,rain,5,7.9386994782401175,32.0,,False,True
02494b7b-079febf8.jpg,rain,5,7.39153876996765,1.0,4.0,False,False
029ffd50-dc944dba.jpg,rain,5,6.94953231429848,10.0,10.0,False,False
0464a98b-860229d5.jpg,rain,5,8.738780614664368,2.0,13.0,False,False
051aadb7-51aad566.jpg,rain,5,9.609630201183453,7.0,,False,True
051aadb7-e953bc4d.jpg,rain,5,6.156942548114817,1.0,8.0,False,False
05743a9b-747658e7.jpg,rain,5,10.816663794372074,,1.0,True,False
057af272-6f700aef.jpg,rain,5,8.70076962104444,,26.0,True,False
05d62296-30c620d5.jpg,rain,5,8.61822711467642,128.0,28.0,False,False
05e5a68e-f0e05a42.jpg,rain,5,7.546522413197567,,18.0,True,False
05fa6494-8f436d04.jpg,rain,5,8.514835315330446,31.0,12.0,False,False
060039d9-5218402b.jpg,rain,5,8.640943226636477,46.0,12.0,False,False
064aa0d6-f75ff4d5.jpg,rain,5,8.912572187275977,49.0,48.0,False,False
07de5062-ddddcbd7.jpg,rain,5,11.904219323907254,,35.0,True,False
088351d1-30833ddc.jpg,rain,5,7.254837202035192,25.0,16.0,False,False
08a49c01-675d3899.jpg,rain,5,9.20645045656925,44.0,6.0,False,False
08d4285a-4a25b9b6.jpg,rain,5,6.871505579574099,78.0,2.0,False,False
09ac21d6-eefa8ed0.jpg,rain,5,5.670325505074968,14.0,23.0,False,False
0a0a0b1a-7c39d841.jpg,rain,5,9.154098275000536,0.0,2.0,False,False
0af6039a-f3c91319.jpg,rain,5,8.427752644815294,12.0,1.0,False,False
0b2f5d0d-8fddc1fc.jpg,rain,5,6.440855523074784,5.0,3.0,False,False
0b4225f9-bfb10f88.jpg,rain,5,9.376103413147787,24.0,11.0,False,False
0ba08fe3-880ae118.jpg,rain,5,8.301960618798311,13.0,7.0,False,False
0c2f33b9-f94d69b5.jpg,rain,5,8.637970973834312,3.0,3.0,False,False
0c984e6d-2b5d7ee4.jpg,rain,5,8.979017736496829,,29.0,True,False
0cb67a01-7cf1687e.jpg,rain,5,10.749947533329788,57.0,,False,True
0cc6f3e8-b4c9e348.jpg,rain,5,8.522235076271294,1.0,12.0,False,False
0cf398b3-ce65ab64.jpg,rain,5,-5.780366780909944,5.0,112.0,False,False
0d3ec56a-f4cead6f.jpg,rain,5,9.289950643776624,17.0,1.0,False,False
0d61234a-542010b2.jpg,rain,5,4.009674392306176,8.0,18.0,False,False
0e442b65-b17e0b50.jpg,rain,5,10.27512171646984,13.0,16.0,False,False
0e5c7e92-0d9c60f0.jpg,rain,5,7.819549527764003,8.0,13.0,False,False
0f837def-9646c091.jpg,rain,5,9.368811708651334,31.0,0.0,False,False
0fba84f9-73b520ee.jpg,rain,5,9.035182764786716,9.0,4.0,False,False
101a0964-930eae70.jpg,rain,5,5.718314106728237,3.0,0.0,False,False
10389fe8-433c740c.jpg,rain,5,7.159614160480156,35.0,,False,True
10453a95-40759ac3.jpg,rain,5,8.847238796333617,22.0,7.0,False,False
1072195f-0a161ade.jpg,rain,5,8.446470874533475,1.0,22.0,False,False
1072195f-6cf88b25.jpg,rain,5,9.240848658679212,12.0,1.0,False,False
11513e3d-150058c3.jpg,rain,5,8.681366790921462,6.0,96.0,False,False
1189ae68-1a8ad3c6.jpg,rain,5,10.321382546372213,7.0,38.0,False,False
12076ebb-c07285d7.jpg,rain,5,6.802438453808591,18.0,32.0,False,False
125134e5-7dfc45b9.jpg,rain,5,9.006015765527875,,11.0,True,False
12ae9ab8-794f5adc.jpg,rain,5,8.357451787465344,23.0,11.0,False,False
13f61134-50021e53.jpg,rain,5,9.942771981793154,772.0,10.0,False,False
14eace5a-ddf3b303.jpg,rain,5,9.945700133443435,2.0,24.0,False,False
1608cfe7-32da2c5d.jpg,rain,5,7.820715195274878,,40.0,True,False
162995f1-d2c7d259.jpg,rain,5,8.230833529259373,371.0,27.0,False,False
16b0973f-c07b564a.jpg,rain,5,7.145551529510009,34.0,7.0,False,False
1784d67b-6b223914.jpg,rain,5,9.093109205087519,1.0,0.0,False,False
1784d67b-d76145ce.jpg,rain,5,10.293348803012636,,5.0,True,False
188c58f3-792afc71.jpg,rain,5,6.841390399677615,8.0,86.0,False,False
193f7f3b-84bc7998.jpg,rain,5,9.207952970120207,6.0,4.0,False,False
194058b0-ac0616a6.jpg,rain,5,8.05048457760246,114.0,52.0,False,False
19e56249-09c4bbc6.jpg,rain,5,10.801798229108941,,,True,True
1a71faae-d5f255fd.jpg,rain,5,9.664304118733419,23.0,1.0,False,False
1a8992a7-da5a8510.jpg,rain,5,7.971715798425159,23.0,34.0,False,False
1ac0178c-0b259360.jpg,rain,5,11.1094079387274,,,True,True
1b30f76f-95aa8a06.jpg,rain,5,9.855216687884774,4.0,177.0,False,False
1bda5a26-420ceea6.jpg,rain,5,8.407227365894228,3.0,0.0,False,False
1bf7f3d2-15f95138.jpg,rain,5,8.751555248125158,5.0,5.0,False,False
1c227a12-10e5552c.jpg,rain,5,10.319029670250128,40.0,6.0,False,False
1c227a12-ec67af93.jpg,rain,5,9.709229392599543,5.0,15.0,False,False
1c5e9657-2e2a2863.jpg,rain,5,7.517001392456012,,,True,True
1cb2a89b-4594573e.jpg,rain,5,8.606780900910218,4.0,2.0,False,False
1cf54809-c6daa5a9.jpg,rain,5,6.4575985903184225,11.0,2.0,False,False
1d5e05f8-5020f67d.jpg,rain,5,8.323719738482783,8.0,1.0,False,False
1e57ae90-806bc767.jpg,rain,5,10.290466195715876,2.0,4.0,False,False
1f959fdd-6ff63d34.jpg,rain,5,9.231875931832658,2.0,30.0,False,False
1fa65acf-d43367bc.jpg,rain,5,7.133544784533101,114.0,9.0,False,False
20cfadfa-47711496.jpg,rain,5,8.755525872658643,5.0,12.0,False,False
20cfadfa-6f87fdc1.jpg,rain,5,9.733292013589404,3.0,1.0,False,False
225a1858-0e3a4b04.jpg,rain,5,7.155108937768987,14.0,,False,True
22be2f14-59fbdca0.jpg,rain,5,9.037178088367206,3.0,1.0,False,False
23333f35-0cbc3f0f.jpg,rain,5,9.23418949523956,69.0,,False,True
23df146f-64b50e4c.jpg,rain,5,10.620103755772561,27.0,4.0,False,False
24392d7c-998011c2.jpg,rain,5,8.985154943250635,,,True,True
250e7595-b14da270.jpg,rain,5,8.689635106917947,7.0,8.0,False,False
26190b83-39ccb412.jpg,rain,5,7.944114579544753,27.0,2.0,False,False
272d52f6-8aac36b3.jpg,rain,5,5.242819995877509,20.0,336.0,False,False
2752681a-e813599a.jpg,rain,5,9.210299107879653,87.0,156.0,False,False
27645526-f038b033.jpg,rain,5,6.295116803044213,23.0,84.0,False,False
2773af6f-23e23a6b.jpg,rain,5,7.714874344985127,8.0,,False,True
28faf684-03ef4c6e.jpg,rain,5,9.897820232048119,14.0,1.0,False,False
292720ee-d847ee69.jpg,rain,5,12.353351474661636,1.0,12.0,False,False
2b54fe2d-c5b810e6.jpg,rain,5,7.920865703599452,13.0,5.0,False,False
2b605c48-8dfe352b.jpg,rain,5,8.760663948898937,13.0,39.0,False,False
2beccce2-354608e2.jpg,rain,5,8.674551643944069,6.0,7.0,False,False
2c87e51d-aa7a8031.jpg,rain,5,10.118481632230804,,,True,True
2ce0b449-e818dc97.jpg,rain,5,10.530496661209344,21.0,,False,True
2cf976a2-479cd46b.jpg,rain,5,7.368611069980464,46.0,22.0,False,False
2e2fae77-b7497ca0.jpg,rain,5,8.052982000142954,6.0,14.0,False,False
2ead8042-2493c03f.jpg,rain,5,6.240712423351759,26.0,7.0,False,False
2f1864c1-1a17d11c.jpg,rain,5,6.354278957415972,13.0,1.0,False,False
2f879dc0-b09e4824.jpg,rain,5,8.769129643604863,29.0,4.0,False,False
2fc9ad1e-ee4c9e43.jpg,rain,5,9.376429389724441,2.0,12.0,False,False
3050b249-0ffbd6ec.jpg,rain,5,10.250965932930743,,,True,True
314cc010-3eab5c90.jpg,rain,5,9.40400621040196,,0.0,True,False
31765c6b-90b0d612.jpg,rain,5,9.062754789058433,,2.0,True,False
31cf6eba-5c84c636.jpg,rain,5,5.479695926051996,39.0,19.0,False,False
32de2244-122f1783.jpg,rain,5,10.634813265439105,29.0,0.0,False,False
33420085-32996107.jpg,rain,5,11.939376629899991,19.0,124.0,False,False
3430a5e6-00ec38d2.jpg,rain,5,-1.1706852668149694,18.0,68.0,False,False
35eb46d0-8f7e28a0.jpg,rain,5,11.045721245172778,6.0,3.0,False,False
3735fc3d-69d8b80c.jpg,rain,5,10.225517363074381,,,True,True
3740cd4f-ff1d423d.jpg,rain,5,6.259646722212936,1.0,13.0,False,False
375abba2-9f2ed56c.jpg,rain,5,9.107098583133643,10.0,79.0,False,False
37723e55-31730cf5.jpg,rain,5,7.211823868940828,,17.0,True,False
380a3f8e-ba4f0def.jpg,rain,5,12.926404042864005,2.0,18.0,False,False
385b0f61-1aee12ef.jpg,rain,5,7.199468341123035,44.0,,False,True
3865fea7-b4fe472d.jpg,rain,5,7.9783606133622165,14.0,14.0,False,False
38e561dd-8ea8ae2d.jpg,rain,5,8.04083609978621,17.0,19.0,False,False
38ed8d8d-93c48de2.jpg,rain,5,9.782055960167318,9.0,61.0,False,False
38ed8d8d-b1c230ef.jpg,rain,5,9.310433421198468,26.0,3.0,False,False
38ed8d8d-fa50400c.jpg,rain,5,8.378877411329654,4.0,15.0,False,False
3900ad8c-8834019f.jpg,rain,5,7.216801233167569,,,False,True
39ddb110-04604b9c.jpg,rain,5,7.059436012798876,8.0,0.0,False,False
39fc6d1c-6155351d.jpg,rain,5,8.889392420083363,,0.0,False,False
3a278d39-b92df256.jpg,rain,5,8.81294407255229,13.0,34.0,False,False
3a3407a2-df8ea956.jpg,rain,5,5.380807626078702,9.0,,False,True
3ad0c4a7-2a3d544e.jpg,rain,5,6.512358055817908,,16.0,True,False
3b1e1bc1-ee64e36e.jpg,rain,5,8.254202776410942,5.0,15.0,False,False
3b44ef5a-c09e8479.jpg,rain,5,7.831352978321078,147.0,28.0,False,False
3b563c5e-0102edaf.jpg,rain,5,7.375483043347436,9.0,10.0,False,False
3b9716a6-d2566395.jpg,rain,5,10.586659223663757,,1.0,True,False
3c0bbdc2-79baffce.jpg,rain,5,9.335175027627889,26.0,0.0,False,False
3c5752b6-9c0bdf98.jpg,rain,5,9.387127247870435,,132.0,True,False
3c95ae26-68abac3f.jpg,rain,5,8.57437198332654,,,True,True
3e0f1745-a95a63ad.jpg,rain,5,6.756970230412836,17.0,1.0,False,False
3f4eb6a6-9eee52f9.jpg,rain,5,9.342858092259837,13.0,0.0,False,False
3f85a987-1ef4053b.jpg,rain,5,9.375099205612194,,,True,True
3fe1feaa-10126fec.jpg,rain,5,9.145711810117854,,,True,True
3ffdaa26-b394f6f8.jpg,rain,5,6.873031421715918,,3.0,False,False
4027c10d-41d54e9b.jpg,rain,5,7.8231798424867725,1.0,13.0,False,False
428e99ea-4166e549.jpg,rain,5,10.712869159326868,75.0,14.0,False,False
42e0dd11-74b81997.jpg,rain,5,12.359350243009333,13.0,26.0,False,False
430395d1-931c959e.jpg,rain,5,7.897388945707483,22.0,,False,False
43126e0d-495d04a5.jpg,rain,5,7.84677059752344,3.0,4.0,False,False
43126e0d-cce96832.jpg,rain,5,8.182643648214917,54.0,125.0,False,False
432f9e20-83a0d96c.jpg,rain,5,6.993933448965954,3.0,6.0,False,False
43c7ed5c-b0690325.jpg,rain,5,8.819066730530942,3.0,26.0,False,False
44cc16d9-d2e06fd6.jpg,rain,5,6.404208313076253,5.0,14.0,False,False
45bafa98-1ee18a2f.jpg,rain,5,8.214544064553573,10.0,29.0,False,False
46d048a1-8f7f385c.jpg,rain,5,8.96650127996378,0.0,23.0,False,False
46f76df9-8bf77914.jpg,rain,5,8.333254862046285,12.0,83.0,False,False
480263a0-5aad7ae9.jpg,rain,5,7.908237882072494,7.0,18.0,False,False
488480d6-b94cf415.jpg,rain,5,7.773745343658397,,20.0,True,False
48ed707e-5062e4c3.jpg,rain,5,9.472577982640637,19.0,,False,True
4a289ff2-7da7feb6.jpg,rain,5,9.148251597964784,,153.0,True,False
4a31f3e3-ac7ed780.jpg,rain,5,8.667343164528988,4.0,,False,True
4b2e1dde-65b54419.jpg,rain,5,4.742434321212354,25.0,17.0,False,False
4d4a590b-4332c5ab.jpg,rain,5,11.759118432718019,7.0,5.0,False,False
5069db50-52f5af30.jpg,rain,5,11.931408454528265,3.0,10.0,False,False
50866f46-30d1f303.jpg,rain,5,8.572894457173653,30.0,8.0,False,False
50b115d6-4b08a666.jpg,rain,5,5.972088062925847,96.0,8.0,False,False
50b2e757-6c7d0f63.jpg,rain,5,9.555754004862147,36.0,,False,True
50d0fd05-8db58ebd.jpg,rain,5,8.062591866133879,25.0,18.0,False,False
510671e9-603795e0.jpg,rain,5,7.694781020383435,11.0,27.0,False,False
514a6d58-0790e0cd.jpg,rain,5,8.819662985343893,,,True,True
5150bb50-300d52ce.jpg,rain,5,9.869633938042938,20.0,19.0,False,False
52799e9e-8c8673f3.jpg,rain,5,10.26026939750432,2.0,6.0,False,False
52bda346-fd8ac6e7.jpg,rain,5,7.149405362290285,0.0,11.0,False,False
534418ba-ee05398f.jpg,rain,5,7.8137450178403745,2.0,409.0,False,False
54360b72-e00a3f70.jpg,rain,5,7.969053192072858,209.0,11.0,False,False
554d7cd5-a32486dd.jpg,rain,5,10.570135386410675,,10.0,True,False
559fed19-7893646f.jpg,rain,5,8.907859308760715,,440.0,True,False
57165857-e4d4a47f.jpg,rain,5,9.587574934561458,32.0,,False,True
5795bfe7-a599384a.jpg,rain,5,8.18653725310231,21.0,,False,True
57ac74e2-e86131f1.jpg,rain,5,9.241688961881632,,36.0,True,False
57b495f2-6da6b1e5.jpg,rain,5,11.314035519435706,39.0,16.0,False,False
585443c8-2621a6b1.jpg,rain,5,10.156712901845388,8.0,28.0,False,False
5877b384-2545daf4.jpg,rain,5,8.264784011047471,5.0,16.0,False,False
587bb1bf-1aa00fe5.jpg,rain,5,8.508015709900878,28.0,5.0,False,False
5995c288-2d152172.jpg,rain,5,8.544364665356385,3.0,,False,False
59cde7c7-344bffb1.jpg,rain,5,8.585394670624199,69.0,,False,True
5a8f9b5d-1fdfd2d4.jpg,rain,5,7.850257014439151,18.0,2.0,False,False
5ae83f9c-da990b49.jpg,rain,5,8.413225664263708,4.0,16.0,False,False
5b2b4881-67a6cb87.jpg,rain,5,7.734040623641672,11.0,924.0,False,False
5b2fd56a-37759b05.jpg,rain,5,10.537178157660135,,,True,True
5b4b0b07-2fb56b82.jpg,rain,5,7.951138388368406,29.0,24.0,False,False
5bc44a50-c371c4d0.jpg,rain,5,6.239405457472408,50.0,6.0,False,False
5c4004b7-bf3b7941.jpg,rain,5,7.641226638826257,32.0,3.0,False,False
5c534f5f-a76c7f4b.jpg,rain,5,8.889710240576317,10.0,4.0,False,False
5c5dc708-35460444.jpg,rain,5,7.653060646744388,4.0,10.0,False,False
5da6c6b6-76c54605.jpg,rain,5,8.622628180577726,,28.0,True,False
5dc5141c-5890b5b1.jpg,rain,5,7.504212004235926,24.0,21.0,False,False
5dd831da-bd00cf03.jpg,rain,5,9.32217683025171,4.0,285.0,False,False
5dfb063f-7bd23d5c.jpg,rain,5,10.768281284717949,15.0,0.0,False,False
5e0b701e-d443d8c2.jpg,rain,5,8.718316683292572,132.0,14.0,False,False
5e26f49d-0bc53c7e.jpg,rain,5,12.130967521773744,6.0,,False,True
5e26f49d-9271bf00.jpg,rain,5,8.410242599627406,19.0,42.0,False,False
5e625ec3-7b4fc682.jpg,rain,5,9.908143528755097,15.0,2.0,False,False
5f9387ff-330136ae.jpg,rain,5,8.301329201966123,60.0,1.0,False,False
5fa17a25-88b8e6b9.jpg,rain,5,8.033842127021536,1.0,9.0,False,False
5fa422e1-2d8dd765.jpg,rain,5,6.617148508663543,23.0,10.0,False,False
5fb2a702-f56a339c.jpg,rain,5,8.643071479463751,18.0,64.0,False,False
6011831b-0992e205.jpg,rain,5,8.316484392973129,2.0,,False,True
60137cc0-428b8f5b.jpg,rain,5,9.80287642048893,18.0,16.0,False,False
604b5b3e-3c2e6b6b.jpg,rain,5,9.355470107384045,11.0,7.0,False,False
6092f5a2-424550ba.jpg,rain,5,9.420615680568021,37.0,8.0,False,False
60ba25dd-6c0df417.jpg,rain,5,8.95297259206117,91.0,1.0,False,False
60c678e7-4813ae0f.jpg,rain,5,7.488385531508271,2.0,,False,True
614ecada-16b0f8b6.jpg,rain,5,8.957031897813193,16.0,14.0,False,False
61e4ad87-53ceb455.jpg,rain,5,8.74608107127048,9.0,228.0,False,False
6240d7b3-b51b5788.jpg,rain,5,10.126705937972018,9.0,29.0,False,False
62aefb36-b685117f.jpg,rain,5,8.348088213055677,2.0,4.0,False,False
634c1785-3bb9a8a2.jpg,rain,5,9.01496851900098,5.0,,False,True
634c1785-aeb1652f.jpg,rain,5,8.379668438318918,237.0,15.0,False,False
63f73472-028615f1.jpg,rain,5,8.714269776496604,126.0,6.0,False,False
6485ad0a-245d1600.jpg,rain,5,10.028221916513491,48.0,13.0,False,False
648dc925-e359dbec.jpg,rain,5,11.778776282393757,5.0,12.0,False,False
65edc5a1-f309fed7.jpg,rain,5,7.911849215517142,11.0,8.0,False,False
661381d9-1114a810.jpg,rain,5,7.5477825498333,1.0,3.0,False,False
664cb246-f84cfaf4.jpg,rain,5,7.204035244614502,5.0,15.0,False,False
675cf8fa-4b1ce8b9.jpg,rain,5,6.4414188836934745,14.0,45.0,False,False
67faeadf-eb09a636.jpg,rain,5,7.672141526582143,,11.0,True,False
691be377-5dbc29ee.jpg,rain,5,10.820117150875234,8.0,0.0,False,False
692f1303-05178963.jpg,rain,5,8.446494328844823,4.0,17.0,False,False
692f9b08-bdbbd729.jpg,rain,5,9.728512396590375,25.0,7.0,False,False
69bfbe31-5ee2a642.jpg,rain,5,8.923130451871986,6.0,21.0,False,False
69cf7667-68f59649.jpg,rain,5,9.45061334937182,8.0,1.0,False,False
69cf7667-7eb40860.jpg,rain,5,6.8017040651837055,65.0,28.0,False,False
6a44fb9a-05a3dd18.jpg,rain,5,9.170134751829844,8.0,23.0,False,False
6a793e80-4f5e207f.jpg,rain,5,11.159827860325812,1.0,75.0,False,False
6a82c0d6-b31f6b90.jpg,rain,5,9.463883413360023,,26.0,True,False
6a8d218d-14e4fa28.jpg,rain,5,10.939869174537439,2.0,22.0,False,False
6ad110c3-789e7724.jpg,rain,5,5.400718378325829,3.0,9.0,False,False
6b15392a-3a1699fd.jpg,rain,5,6.963404733872563,40.0,0.0,False,False
6b784eee-0a5a2c89.jpg,rain,5,9.570119172287278,74.0,,False,True
6bb5a881-15e5c2c4.jpg,rain,5,11.296927240842393,1.0,,False,True
6bd41587-d65ba5b4.jpg,rain,5,9.514848960159787,12.0,19.0,False,False
6d0d7bef-fb11b6e1.jpg,rain,5,9.929039674662482,453.0,4.0,False,False
6d57736c-a35808b9.jpg,rain,5,12.946090798343393,5.0,65.0,False,False
6d8a6d94-00a7ad92.jpg,rain,5,9.299744753038686,,76.0,True,False
6eeed3fa-87a1b0c9.jpg,rain,5,8.919924890255926,220.0,24.0,False,False
701992bd-8a457895.jpg,rain,5,10.191390786464439,6.0,2.0,False,False
7171644d-4e74752e.jpg,rain,5,5.994537556685737,3.0,12.0,False,False
7171644d-ee92c71e.jpg,rain,5,7.6627680498642174,18.0,11.0,False,False
72f22fa5-8af4615c.jpg,rain,5,8.821705156382793,7.0,17.0,False,False
72fd00fe-aeadfc89.jpg,rain,5,12.870037135786987,55.0,10.0,False,False
730c67a5-563e9b1f.jpg,rain,5,13.989652695036785,,,True,True
738a2bcd-7a6fde0d.jpg,rain,5,11.17429408865272,0.0,154.0,False,False
73aff960-d46366ec.jpg,rain,5,8.47404511646809,25.0,,False,True
73d338d6-edf0b3db.jpg,rain,5,11.168985632822046,,,True,True
75ad1fff-77299093.jpg,rain,5,8.9032629836697,,,True,True
75f5f52c-6b67e736.jpg,rain,5,-2.9068231389109873,18.0,29.0,False,False
777005a8-14c739ad.jpg,rain,5,9.962260825481872,3.0,0.0,False,False
7771e03b-832e52c0.jpg,rain,5,10.620683698385498,,0.0,True,False
7771e03b-a8f9d50c.jpg,rain,5,7.898691173048936,130.0,11.0,False,False
7797fea2-c37f9856.jpg,rain,5,8.988440615774241,,39.0,True,False
77bdbeb0-edb0613f.jpg,rain,5,8.429876934445048,29.0,9.0,False,False
77dca577-16a39ea0.jpg,rain,5,8.931443778664375,47.0,7.0,False,False
77f810c4-43a39c1f.jpg,rain,5,8.74756260164808,1.0,17.0,False,False
7814206e-8e991d51.jpg,rain,5,10.379300615294675,18.0,0.0,False,False
7814206e-ea2508d0.jpg,rain,5,10.029736621132583,22.0,34.0,False,False
79e177bc-4d5d3acc.jpg,rain,5,8.475503366175914,8.0,8.0,False,False
7aa4ff0f-9d28d8a4.jpg,rain,5,10.920353085584454,13.0,13.0,False,False
7ad1174c-373265eb.jpg,rain,5,8.360733169194315,,,True,True
7b268b98-e0ec16c3.jpg,rain,5,10.32076835604614,0.0,0.0,False,False
7c5a2048-332896ea.jpg,rain,5,9.741710468864008,,540.0,True,False
7c5d50c5-7292de37.jpg,rain,5,8.663541717360793,15.0,1.0,False,False
7d1fe115-936a2f47.jpg,rain,5,9.821228483496743,209.0,2.0,False,False
7dc2914d-a20a969a.jpg,rain,5,10.629514294341963,8.0,8.0,False,False
7e4ab78b-4a62c63e.jpg,rain,5,7.751575916294783,5.0,,False,True
7e590c49-93f03732.jpg,rain,5,7.4512093879204135,,1.0,True,False
7ed57d0a-d7bcc13d.jpg,rain,5,8.672753467305217,,97.0,True,False
7f0ef682-c93899df.jpg,rain,5,7.6505696689059635,1.0,8.0,False,False
7f4ac354-777de900.jpg,rain,5,7.428999538896112,26.0,3.0,False,False
7f9bdf0d-c0e0061f.jpg,rain,5,6.800427002683175,27.0,0.0,False,False
7fd14da9-a855494b.jpg,rain,5,10.912490453193062,3.0,37.0,False,False
801bff84-a72998c7.jpg,rain,5,6.748681005624003,23.0,17.0,False,False
8073de38-f7eab6ec.jpg,rain,5,8.735648101869922,9.0,4.0,False,False
8082ea05-1a7bcd47.jpg,rain,5,8.8142717035139,13.0,9.0,False,False
80ecebc0-ca9605f4.jpg,rain,5,8.855662009835182,67.0,,False,True
81ec3b39-1951f79e.jpg,rain,5,9.296855198632446,1.0,3.0,False,False
82b14c0c-79b99258.jpg,rain,5,8.221902472942638,29.0,10.0,False,False
82b5fc3b-90cadd1b.jpg,rain,5,6.006671790986186,2.0,78.0,False,False
82f03471-8e304dd5.jpg,rain,5,8.491844672540873,10.0,,False,True
836fa13a-d6058a12.jpg,rain,5,10.696051595883127,12.0,7.0,False,False
84fb3f59-7d5d1fa4.jpg,rain,5,5.551455769296264,211.0,24.0,False,False
8542b4da-7795bcfd.jpg,rain,5,10.065904710543439,4.0,2.0,False,False
85f3f250-1fef85ac.jpg,rain,5,8.079898644398595,1.0,5.0,False,False
87ca2979-d5158824.jpg,rain,5,10.27270844039843,17.0,5.0,False,False
889b7dda-77f16103.jpg,rain,5,6.674913401407662,21.0,2.0,False,False
88dbf01a-d8b35dee.jpg,rain,5,8.295592875614343,3.0,0.0,False,False
897223bc-6938f1ab.jpg,rain,5,8.959776050301645,2.0,,False,True
89b7454d-880eacbd.jpg,rain,5,9.148275619165718,,,True,True
89e85e71-7dd0a7b6.jpg,rain,5,7.095457459447775,0.0,20.0,False,False
8a4fbffe-47866ce9.jpg,rain,5,8.221297690641627,,,True,True
8a76c101-8bcefc32.jpg,rain,5,9.009287069693878,8.0,7.0,False,False
8b7ef6c4-6bbcf25f.jpg,rain,5,7.64666597809469,16.0,37.0,False,False
8bac644e-e0437ead.jpg,rain,5,9.602369235192906,,76.0,False,False
8c94c649-8ba62efa.jpg,rain,5,7.709722262074921,18.0,36.0,False,False
8c9bbaa9-34934b66.jpg,rain,5,7.927216963801673,,17.0,True,False
0049e5b8-725e21a0.jpg,rain,6,7.180513944865997,13.0,13.0,False,False
0081e27b-17bf4a9e.jpg,rain,6,7.504567096588477,9.0,13.0,False,False
00beeb02-50440dcd.jpg,rain,6,6.566962654910298,4.0,4.0,False,False
00d4b6b7-7d0a60bf.jpg,rain,6,6.90782751048581,,,True,True
01118704-2d838d7f.jpg,rain,6,8.309864464088788,21.0,8.0,False,False
0115917e-14907a6a.jpg,rain,6,6.938330959741952,13.0,28.0,False,False
02188a44-65ad27f3.jpg,rain,6,6.577967423448234,18.0,,False,True
02494b7b-079febf8.jpg,rain,6,6.038576425840166,17.0,3.0,False,False
029ffd50-dc944dba.jpg,rain,6,5.663917302327928,8.0,34.0,False,False
0464a98b-860229d5.jpg,rain,6,7.3957855878341725,61.0,15.0,False,False
051aadb7-51aad566.jpg,rain,6,8.42113297461167,,,True,True
051aadb7-e953bc4d.jpg,rain,6,4.936432847749816,3.0,0.0,False,False
05743a9b-747658e7.jpg,rain,6,9.565499435491539,220.0,1.0,False,False
057af272-6f700aef.jpg,rain,6,7.403150122484824,2.0,5.0,False,False
05d62296-30c620d5.jpg,rain,6,7.327006865590182,136.0,0.0,False,False
05e5a68e-f0e05a42.jpg,rain,6,6.378589351088304,161.0,9.0,False,False
05fa6494-8f436d04.jpg,rain,6,7.141220965283937,13.0,17.0,False,False
060039d9-5218402b.jpg,rain,6,7.3047755040058515,13.0,15.0,False,False
064aa0d6-f75ff4d5.jpg,rain,6,7.702447275692553,38.0,32.0,False,False
07de5062-ddddcbd7.jpg,rain,6,10.53322311752983,19.0,28.0,False,False
088351d1-30833ddc.jpg,rain,6,5.974292917778982,39.0,73.0,False,False
08a49c01-675d3899.jpg,rain,6,7.97374351298065,52.0,6.0,False,False
08d4285a-4a25b9b6.jpg,rain,6,5.568486565514266,9.0,21.0,False,False
09ac21d6-eefa8ed0.jpg,rain,6,4.301977104818904,36.0,26.0,False,False
0a0a0b1a-7c39d841.jpg,rain,6,7.925802053912428,44.0,3.0,False,False
0af6039a-f3c91319.jpg,rain,6,7.144012290771364,4.0,0.0,False,False
0b2f5d0d-8fddc1fc.jpg,rain,6,5.196412715893511,2.0,9.0,False,False
0b4225f9-bfb10f88.jpg,rain,6,8.151361378707064,29.0,9.0,False,False
0ba08fe3-880ae118.jpg,rain,6,7.013834997008519,9.0,19.0,False,False
0c2f33b9-f94d69b5.jpg,rain,6,7.327764570578999,5.0,2.0,False,False
0c984e6d-2b5d7ee4.jpg,rain,6,7.674868953548573,,,True,True
0cb67a01-7cf1687e.jpg,rain,6,9.4679003681395,129.0,,False,True
0cc6f3e8-b4c9e348.jpg,rain,6,7.240977825958571,1.0,6.0,False,False
0cf398b3-ce65ab64.jpg,rain,6,-7.06610169228575,32.0,87.0,False,False
0d3ec56a-f4cead6f.jpg,rain,6,8.002354492023342,20.0,7.0,False,False
0d61234a-542010b2.jpg,rain,6,2.6478475256605583,41.0,24.0,False,False
0e442b65-b17e0b50.jpg,rain,6,8.962470161837308,12.0,,False,True
0e5c7e92-0d9c60f0.jpg,rain,6,6.5036583765702085,35.0,13.0,False,False
0f837def-9646c091.jpg,rain,6,8.144000263345918,7.0,12.0,False,False
0fba84f9-73b520ee.jpg,rain,6,7.761912700941826,3.0,2.0,False,False
101a0964-930eae70.jpg,rain,6,4.49853018265571,3.0,7.0,False,False
10389fe8-433c740c.jpg,rain,6,5.807993454393168,92.0,,False,True
10453a95-40759ac3.jpg,rain,6,7.618410414833839,,9.0,True,False
1072195f-0a161ade.jpg,rain,6,7.193410855617469,3.0,58.0,False,False
1072195f-6cf88b25.jpg,rain,6,7.992651018824021,287.0,28.0,False,False
11513e3d-150058c3.jpg,rain,6,7.438163719023514,6.0,66.0,False,False
1189ae68-1a8ad3c6.jpg,rain,6,9.075243543649327,9.0,,False,True
12076ebb-c07285d7.jpg,rain,6,5.507822090058038,33.0,59.0,False,False
125134e5-7dfc45b9.jpg,rain,6,7.767870076754412,8.0,,False,True
12ae9ab8-794f5adc.jpg,rain,6,7.2014284731166,16.0,9.0,False,False
13f61134-50021e53.jpg,rain,6,8.704135337612854,,82.0,True,False
14eace5a-ddf3b303.jpg,rain,6,8.64371644754403,14.0,,False,True
1608cfe7-32da2c5d.jpg,rain,6,6.483202661059008,,8.0,True,False
162995f1-d2c7d259.jpg,rain,6,7.053880387589069,,59.0,True,False
16b0973f-c07b564a.jpg,rain,6,5.776347569618264,1.0,10.0,False,False
1784d67b-6b223914.jpg,rain,6,7.84913472787912,3.0,1.0,False,False
1784d67b-d76145ce.jpg,rain,6,8.973095289942764,,12.0,True,False
188c58f3-792afc71.jpg,rain,6,5.4874974612870915,13.0,68.0,False,False
193f7f3b-84bc7998.jpg,rain,6,7.924463756595591,5.0,21.0,False,False
194058b0-ac0616a6.jpg,rain,6,6.752168957369027,28.0,344.0,False,False
19e56249-09c4bbc6.jpg,rain,6,9.649474159040786,,,True,True
1a71faae-d5f255fd.jpg,rain,6,8.365276819914722,17.0,4.0,False,False
1a8992a7-da5a8510.jpg,rain,6,6.628951740658068,4.0,13.0,False,False
1ac0178c-0b259360.jpg,rain,6,9.922649404894791,,,True,True
1b30f76f-95aa8a06.jpg,rain,6,8.693413613646092,1.0,181.0,False,False
1bda5a26-420ceea6.jpg,rain,6,7.167543977167185,5.0,12.0,False,False
1bf7f3d2-15f95138.jpg,rain,6,7.5154999944583665,15.0,1.0,False,False
1c227a12-10e5552c.jpg,rain,6,9.06214408434858,15.0,5.0,False,False
1c227a12-ec67af93.jpg,rain,6,8.46715473705819,4.0,17.0,False,False
1c5e9657-2e2a2863.jpg,rain,6,6.173858946943916,,,True,True
1cb2a89b-4594573e.jpg,rain,6,7.268013323958019,27.0,19.0,False,False
1cf54809-c6daa5a9.jpg,rain,6,5.149486360117191,270.0,3.0,False,False
1d5e05f8-5020f67d.jpg,rain,6,7.158788433729796,17.0,4.0,False,False
1e57ae90-806bc767.jpg,rain,6,9.102447086667404,47.0,5.0,False,False
1f959fdd-6ff63d34.jpg,rain,6,7.947464427434181,1.0,19.0,False,False
1fa65acf-d43367bc.jpg,rain,6,5.815935813310773,5.0,,False,True
20cfadfa-47711496.jpg,rain,6,7.5113415028276656,21.0,11.0,False,False
20cfadfa-6f87fdc1.jpg,rain,6,8.536470020795914,12.0,2.0,False,False
225a1858-0e3a4b04.jpg,rain,6,5.849524508020658,36.0,,False,True
22be2f14-59fbdca0.jpg,rain,6,7.7582526787603046,7.0,23.0,False,False
23333f35-0cbc3f0f.jpg,rain,6,8.081938943107534,61.0,,False,True
23df146f-64b50e4c.jpg,rain,6,9.403769561797624,9.0,10.0,False,False
24392d7c-998011c2.jpg,rain,6,7.771439769634426,,,True,True
250e7595-b14da270.jpg,rain,6,7.450432433077346,8.0,100.0,False,False
26190b83-39ccb412.jpg,rain,6,6.6041524560611204,20.0,0.0,False,False
272d52f6-8aac36b3.jpg,rain,6,3.9474054646964456,55.0,8.0,False,False
2752681a-e813599a.jpg,rain,6,8.042564538314863,,17.0,True,False
27645526-f038b033.jpg,rain,6,5.001085080573172,39.0,168.0,False,False
2773af6f-23e23a6b.jpg,rain,6,6.3707725917240365,0.0,,False,True
28faf684-03ef4c6e.jpg,rain,6,8.57255629371664,12.0,2.0,False,False
292720ee-d847ee69.jpg,rain,6,11.124765893397315,11.0,5.0,False,False
2b54fe2d-c5b810e6.jpg,rain,6,6.570140258343942,1.0,16.0,False,False
2b605c48-8dfe352b.jpg,rain,6,7.445185412279982,15.0,8.0,False,False
2beccce2-354608e2.jpg,rain,6,7.354008163268175,,9.0,True,False
2c87e51d-aa7a8031.jpg,rain,6,8.969272205286877,185.0,,False,True
2ce0b449-e818dc97.jpg,rain,6,9.235463215248979,47.0,,False,True
2cf976a2-479cd46b.jpg,rain,6,6.045168728663004,28.0,9.0,False,False
2e2fae77-b7497ca0.jpg,rain,6,6.715657702049832,18.0,,False,True
2ead8042-2493c03f.jpg,rain,6,5.007285222180498,31.0,7.0,False,False
2f1864c1-1a17d11c.jpg,rain,6,5.059007964188886,,19.0,True,False
2f879dc0-b09e4824.jpg,rain,6,7.605504240286792,42.0,6.0,False,False
2fc9ad1e-ee4c9e43.jpg,rain,6,8.140292013793738,41.0,2.0,False,False
3050b249-0ffbd6ec.jpg,rain,6,8.924794017457575,,,True,True
314cc010-3eab5c90.jpg,rain,6,8.10276438290748,,6.0,True,False
31765c6b-90b0d612.jpg,rain,6,7.697658074428713,,10.0,True,False
31cf6eba-5c84c636.jpg,rain,6,4.176995269277692,30.0,0.0,False,False
32de2244-122f1783.jpg,rain,6,9.379111207673002,6.0,0.0,False,False
33420085-32996107.jpg,rain,6,10.748010024465582,2.0,29.0,False,False
3430a5e6-00ec38d2.jpg,rain,6,-2.4778053093970245,21.0,92.0,False,False
35eb46d0-8f7e28a0.jpg,rain,6,9.756987781415656,22.0,3.0,False,False
3735fc3d-69d8b80c.jpg,rain,6,8.903004421020714,340.0,,False,True
3740cd4f-ff1d423d.jpg,rain,6,4.8934613150475315,30.0,8.0,False,False
375abba2-9f2ed56c.jpg,rain,6,7.847154099186431,,101.0,True,False
37723e55-31730cf5.jpg,rain,6,5.861132817236786,,13.0,True,False
380a3f8e-ba4f0def.jpg,rain,6,11.65517263710214,11.0,16.0,False,False
385b0f61-1aee12ef.jpg,rain,6,5.944808222182699,41.0,,False,True
3865fea7-b4fe472d.jpg,rain,6,6.7327538733421335,55.0,13.0,False,False
38e561dd-8ea8ae2d.jpg,rain,6,6.734949710516373,6.0,12.0,False,False
38ed8d8d-93c48de2.jpg,rain,6,8.463943156385346,15.0,8.0,False,False
38ed8d8d-b1c230ef.jpg,rain,6,8.038012712142326,27.0,4.0,False,False
38ed8d8d-fa50400c.jpg,rain,6,7.067687571257907,15.0,30.0,False,False
3900ad8c-8834019f.jpg,rain,6,5.929421242646096,,44.0,False,False
39ddb110-04604b9c.jpg,rain,6,5.764786212394942,35.0,18.0,False,False
39fc6d1c-6155351d.jpg,rain,6,7.608475667546589,,2.0,False,False
3a278d39-b92df256.jpg,rain,6,7.629056102234259,4.0,22.0,False,False
3a3407a2-df8ea956.jpg,rain,6,4.145136680974951,5.0,,False,True
3ad0c4a7-2a3d544e.jpg,rain,6,5.24771382443363,15.0,34.0,False,False
3b1e1bc1-ee64e36e.jpg,rain,6,6.974327633103518,12.0,17.0,False,False
3b44ef5a-c09e8479.jpg,rain,6,6.506783440313133,128.0,33.0,False,False
3b563c5e-0102edaf.jpg,rain,6,6.095982913259752,9.0,29.0,False,False
3b9716a6-d2566395.jpg,rain,6,9.308504455968077,,5.0,True,False
3c0bbdc2-79baffce.jpg,rain,6,8.060567719014308,1.0,3.0,False,False
3c5752b6-9c0bdf98.jpg,rain,6,8.115735056441851,,128.0,True,False
3c95ae26-68abac3f.jpg,rain,6,7.2946014840096565,,,True,True
3e0f1745-a95a63ad.jpg,rain,6,5.488032873676425,15.0,0.0,False,False
3f4eb6a6-9eee52f9.jpg,rain,6,8.03424103824102,2.0,290.0,False,False
3f85a987-1ef4053b.jpg,rain,6,8.001915350926764,,,True,True
3fe1feaa-10126fec.jpg,rain,6,7.8926847564243685,,331.0,True,False
3ffdaa26-b394f6f8.jpg,rain,6,5.546329340197737,,1.0,False,False
4027c10d-41d54e9b.jpg,rain,6,6.473267125583842,1.0,17.0,False,False
428e99ea-4166e549.jpg,rain,6,9.46029362957367,76.0,2.0,False,False
42e0dd11-74b81997.jpg,rain,6,11.092690218112693,5.0,8.0,False,False
430395d1-931c959e.jpg,rain,6,6.677783938628985,59.0,,False,False
43126e0d-495d04a5.jpg,rain,6,6.592395261502753,7.0,51.0,False,False
43126e0d-cce96832.jpg,rain,6,6.848346547843681,34.0,,False,True
432f9e20-83a0d96c.jpg,rain,6,5.650934496688784,4.0,1.0,False,False
43c7ed5c-b0690325.jpg,rain,6,7.509159019441919,1.0,17.0,False,False
44cc16d9-d2e06fd6.jpg,rain,6,5.1018191184155945,7.0,135.0,False,False
45bafa98-1ee18a2f.jpg,rain,6,6.868062850787976,,9.0,True,False
46d048a1-8f7f385c.jpg,rain,6,7.618596749258685,1.0,13.0,False,False
46f76df9-8bf77914.jpg,rain,6,7.129271809334734,1.0,31.0,False,False
480263a0-5aad7ae9.jpg,rain,6,6.606034460259458,5.0,183.0,False,False
488480d6-b94cf415.jpg,rain,6,6.571190951411227,66.0,7.0,False,False
48ed707e-5062e4c3.jpg,rain,6,8.243759192070716,,,True,True
4a289ff2-7da7feb6.jpg,rain,6,7.935394458890519,,72.0,True,False
4a31f3e3-ac7ed780.jpg,rain,6,7.444263660899811,29.0,,False,True
4b2e1dde-65b54419.jpg,rain,6,3.507247579375112,26.0,17.0,False,False
4d4a590b-4332c5ab.jpg,rain,6,10.489229876534614,20.0,17.0,False,False
5069db50-52f5af30.jpg,rain,6,10.661734852009719,4.0,27.0,False,False
50866f46-30d1f303.jpg,rain,6,7.308315910701168,7.0,4.0,False,False
50b115d6-4b08a666.jpg,rain,6,4.677447323430809,37.0,220.0,False,False
50b2e757-6c7d0f63.jpg,rain,6,8.232270289929064,41.0,,False,True
50d0fd05-8db58ebd.jpg,rain,6,6.75311318341024,21.0,3.0,False,False
510671e9-603795e0.jpg,rain,6,6.391062967187059,44.0,1.0,False,False
514a6d58-0790e0cd.jpg,rain,6,7.591553467634209,,,True,True
5150bb50-300d52ce.jpg,rain,6,8.696315696795008,17.0,12.0,False,False
52799e9e-8c8673f3.jpg,rain,6,9.003881482812858,1.0,8.0,False,False
52bda346-fd8ac6e7.jpg,rain,6,5.837049011016404,1.0,9.0,False,False
534418ba-ee05398f.jpg,rain,6,6.5500610748044945,10.0,410.0,False,False
54360b72-e00a3f70.jpg,rain,6,6.686343124452675,179.0,34.0,False,False
554d7cd5-a32486dd.jpg,rain,6,9.303133471876976,,10.0,True,False
559fed19-7893646f.jpg,rain,6,7.6435701933817,217.0,447.0,False,False
57165857-e4d4a47f.jpg,rain,6,8.321757472714197,32.0,,False,True
5795bfe7-a599384a.jpg,rain,6,6.908440953748816,,12.0,True,False
57ac74e2-e86131f1.jpg,rain,6,7.922738425550859,,23.0,True,False
57b495f2-6da6b1e5.jpg,rain,6,10.01891351067596,27.0,59.0,False,False
585443c8-2621a6b1.jpg,rain,6,8.863462481385605,4.0,20.0,False,False
5877b384-2545daf4.jpg,rain,6,7.015290867607856,2.0,20.0,False,False
587bb1bf-1aa00fe5.jpg,rain,6,7.178072302906386,23.0,6.0,False,False
5995c288-2d152172.jpg,rain,6,7.2566741341789465,10.0,,False,False
59cde7c7-344bffb1.jpg,rain,6,7.247534290503274,36.0,,False,True
5a8f9b5d-1fdfd2d4.jpg,rain,6,6.804964822600334,19.0,11.0,False,False
5ae83f9c-da990b49.jpg,rain,6,7.171831783644621,4.0,10.0,False,False
5b2b4881-67a6cb87.jpg,rain,6,6.389773756655959,36.0,2.0,False,False
5b2fd56a-37759b05.jpg,rain,6,9.346863981633698,,,True,True
5b4b0b07-2fb56b82.jpg,rain,6,6.662787588553327,26.0,39.0,False,False
5bc44a50-c371c4d0.jpg,rain,6,4.975941773132126,46.0,15.0,False,False
5c4004b7-bf3b7941.jpg,rain,6,6.308251952363847,1.0,3.0,False,False
5c534f5f-a76c7f4b.jpg,rain,6,7.680396700740392,1.0,4.0,False,False
5c5dc708-35460444.jpg,rain,6,6.339277443073192,,66.0,True,False
5da6c6b6-76c54605.jpg,rain,6,7.330316199194784,,,True,True
5dc5141c-5890b5b1.jpg,rain,6,6.1974176708433015,,89.0,True,False
5dd831da-bd00cf03.jpg,rain,6,8.064720599088368,0.0,374.0,False,False
5dfb063f-7bd23d5c.jpg,rain,6,9.510826343102783,9.0,1.0,False,False
5e0b701e-d443d8c2.jpg,rain,6,7.488823560537144,51.0,30.0,False,False
5e26f49d-0bc53c7e.jpg,rain,6,10.880874168920734,8.0,,False,True
5e26f49d-9271bf00.jpg,rain,6,7.030114141798923,,0.0,True,False
5e625ec3-7b4fc682.jpg,rain,6,8.680671970507507,3.0,1.0,False,False
5f9387ff-330136ae.jpg,rain,6,7.006309989642636,,1.0,True,False
5fa17a25-88b8e6b9.jpg,rain,6,6.72730833628015,11.0,15.0,False,False
5fa422e1-2d8dd765.jpg,rain,6,5.299718898168012,20.0,11.0,False,False
5fb2a702-f56a339c.jpg,rain,6,7.432303591152279,28.0,115.0,False,False
6011831b-0992e205.jpg,rain,6,7.077279552303709,17.0,,False,True
60137cc0-428b8f5b.jpg,rain,6,8.525357732485798,12.0,18.0,False,False
604b5b3e-3c2e6b6b.jpg,rain,6,8.110800362634386,42.0,6.0,False,False
6092f5a2-424550ba.jpg,rain,6,8.20132072598379,38.0,4.0,False,False
60ba25dd-6c0df417.jpg,rain,6,7.638107986027965,,1.0,True,False
60c678e7-4813ae0f.jpg,rain,6,6.1784098480668534,1.0,,False,True
614ecada-16b0f8b6.jpg,rain,6,7.6509608126916495,26.0,7.0,False,False
61e4ad87-53ceb455.jpg,rain,6,7.4264014245890175,13.0,27.0,False,False
6240d7b3-b51b5788.jpg,rain,6,8.824346513099993,,,True,True
62aefb36-b685117f.jpg,rain,6,7.078226807178456,5.0,20.0,False,False
634c1785-3bb9a8a2.jpg,rain,6,7.725476160245043,18.0,,False,True
634c1785-aeb1652f.jpg,rain,6,7.09749206120676,231.0,9.0,False,False
63f73472-028615f1.jpg,rain,6,7.445772321583519,114.0,,False,True
6485ad0a-245d1600.jpg,rain,6,8.766054727564974,45.0,,False,True
648dc925-e359dbec.jpg,rain,6,10.533906958601271,4.0,19.0,False,False
65edc5a1-f309fed7.jpg,rain,6,6.66500917235521,2.0,18.0,False,False
661381d9-1114a810.jpg,rain,6,6.202848208863001,0.0,23.0,False,False
664cb246-f84cfaf4.jpg,rain,6,5.938610125335195,5.0,18.0,False,False
675cf8fa-4b1ce8b9.jpg,rain,6,5.122591523001907,30.0,55.0,False,False
67faeadf-eb09a636.jpg,rain,6,6.359698647968233,,8.0,True,False
691be377-5dbc29ee.jpg,rain,6,9.600921177169058,10.0,1.0,False,False
692f1303-05178963.jpg,rain,6,7.251498443348475,48.0,4.0,False,False
692f9b08-bdbbd729.jpg,rain,6,8.505715469300982,25.0,2.0,False,False
69bfbe31-5ee2a642.jpg,rain,6,7.626136128117929,4.0,2.0,False,False
69cf7667-68f59649.jpg,rain,6,8.22799889551485,4.0,3.0,False,False
69cf7667-7eb40860.jpg,rain,6,5.655633621950978,96.0,5.0,False,False
6a44fb9a-05a3dd18.jpg,rain,6,7.957842494923178,4.0,1.0,False,False
6a793e80-4f5e207f.jpg,rain,6,9.859290096848962,20.0,106.0,False,False
6a82c0d6-b31f6b90.jpg,rain,6,8.187967743486954,,171.0,True,False
6a8d218d-14e4fa28.jpg,rain,6,9.632693107939955,,,True,True
6ad110c3-789e7724.jpg,rain,6,4.149334597129116,24.0,11.0,False,False
6b15392a-3a1699fd.jpg,rain,6,5.725436929824759,33.0,35.0,False,False
6b784eee-0a5a2c89.jpg,rain,6,8.313320115200451,15.0,,False,True
6bb5a881-15e5c2c4.jpg,rain,6,10.068202055996645,5.0,,False,True
6bd41587-d65ba5b4.jpg,rain,6,8.180709381238504,25.0,39.0,False,False
6d0d7bef-fb11b6e1.jpg,rain,6,8.662492936684714,467.0,,False,True
6d57736c-a35808b9.jpg,rain,6,11.79058423204441,10.0,76.0,False,False
6d8a6d94-00a7ad92.jpg,rain,6,8.036605661074205,,76.0,True,False
6eeed3fa-87a1b0c9.jpg,rain,6,7.640938031499545,9.0,0.0,False,False
701992bd-8a457895.jpg,rain,6,8.899641801597403,15.0,25.0,False,False
7171644d-4e74752e.jpg,rain,6,4.703898846394867,4.0,18.0,False,False
7171644d-ee92c71e.jpg,rain,6,6.356990226362101,31.0,20.0,False,False
72f22fa5-8af4615c.jpg,rain,6,7.63505576499094,0.0,1.0,False,False
72fd00fe-aeadfc89.jpg,rain,6,11.608052149234727,60.0,12.0,False,False
730c67a5-563e9b1f.jpg,rain,6,12.744623741092704,,,True,True
738a2bcd-7a6fde0d.jpg,rain,6,9.874059831938425,0.0,41.0,False,False
73aff960-d46366ec.jpg,rain,6,7.158678234163045,7.0,5.0,False,False
73d338d6-edf0b3db.jpg,rain,6,9.883706145887661,,170.0,True,False
75ad1fff-77299093.jpg,rain,6,7.632697883480359,,,True,True
75f5f52c-6b67e736.jpg,rain,6,-4.214177814992673,24.0,27.0,False,False
777005a8-14c739ad.jpg,rain,6,8.669107903425834,11.0,564.0,False,False
7771e03b-832e52c0.jpg,rain,6,9.352199577395329,,,True,True
7771e03b-a8f9d50c.jpg,rain,6,6.542859974873371,129.0,0.0,False,False
7797fea2-c37f9856.jpg,rain,6,7.768030793192221,,33.0,True,False
77bdbeb0-edb0613f.jpg,rain,6,7.183571875428929,36.0,17.0,False,False
77dca577-16a39ea0.jpg,rain,6,7.680781596891028,46.0,8.0,False,False
77f810c4-43a39c1f.jpg,rain,6,7.5074740946012755,8.0,8.0,False,False
7814206e-8e991d51.jpg,rain,6,9.087960427084612,18.0,7.0,False,False
7814206e-ea2508d0.jpg,rain,6,8.714204777648856,19.0,24.0,False,False
79e177bc-4d5d3acc.jpg,rain,6,7.1474033823187195,119.0,6.0,False,False
7aa4ff0f-9d28d8a4.jpg,rain,6,9.602494558831067,14.0,9.0,False,False
7ad1174c-373265eb.jpg,rain,6,7.03066903012583,,,True,True
7b268b98-e0ec16c3.jpg,rain,6,8.958900848734226,6.0,49.0,False,False
7c5a2048-332896ea.jpg,rain,6,8.48075294401945,,,True,True
7c5d50c5-7292de37.jpg,rain,6,7.38737235719504,2.0,9.0,False,False
7d1fe115-936a2f47.jpg,rain,6,8.514509977262094,0.0,2.0,False,False
7dc2914d-a20a969a.jpg,rain,6,9.33889865375884,14.0,,False,True
7e4ab78b-4a62c63e.jpg,rain,6,6.442037368510109,4.0,,False,True
7e590c49-93f03732.jpg,rain,6,6.12288660774994,8.0,1.0,False,False
7ed57d0a-d7bcc13d.jpg,rain,6,7.484537763022572,19.0,97.0,False,False
7f0ef682-c93899df.jpg,rain,6,6.280345988656814,8.0,76.0,False,False
7f4ac354-777de900.jpg,rain,6,6.110808648491747,2.0,3.0,False,False
7f9bdf0d-c0e0061f.jpg,rain,6,5.494168636688067,3.0,7.0,False,False
7fd14da9-a855494b.jpg,rain,6,9.633236086152532,9.0,20.0,False,False
801bff84-a72998c7.jpg,rain,6,5.430857848406234,17.0,14.0,False,False
8073de38-f7eab6ec.jpg,rain,6,7.468850936311398,9.0,5.0,False,False
8082ea05-1a7bcd47.jpg,rain,6,7.5783887241532435,2.0,4.0,False,False
80ecebc0-ca9605f4.jpg,rain,6,7.570120633646578,46.0,,False,True
81ec3b39-1951f79e.jpg,rain,6,8.014689123678261,29.0,25.0,False,False
82b14c0c-79b99258.jpg,rain,6,6.8945305130545425,5.0,0.0,False,False
82b5fc3b-90cadd1b.jpg,rain,6,4.703245733020909,18.0,24.0,False,False
82f03471-8e304dd5.jpg,rain,6,7.199325145913136,3.0,241.0,False,False
836fa13a-d6058a12.jpg,rain,6,9.452867347344808,2.0,58.0,False,False
84fb3f59-7d5d1fa4.jpg,rain,6,4.262237641377959,207.0,29.0,False,False
8542b4da-7795bcfd.jpg,rain,6,8.790490422733301,5.0,4.0,False,False
85f3f250-1fef85ac.jpg,rain,6,6.7721885685974295,2.0,5.0,False,False
87ca2979-d5158824.jpg,rain,6,8.940607604836302,0.0,7.0,False,False
889b7dda-77f16103.jpg,rain,6,5.360361258810044,19.0,5.0,False,False
88dbf01a-d8b35dee.jpg,rain,6,6.976709988371926,12.0,6.0,False,False
897223bc-6938f1ab.jpg,rain,6,7.621114734519892,14.0,,False,True
89b7454d-880eacbd.jpg,rain,6,7.911264686394456,,,True,True
89e85e71-7dd0a7b6.jpg,rain,6,5.797628839530256,1.0,33.0,False,False
8a4fbffe-47866ce9.jpg,rain,6,6.924840808463717,,,True,True
8a76c101-8bcefc32.jpg,rain,6,7.7321776982541675,8.0,2.0,False,False
8b7ef6c4-6bbcf25f.jpg,rain,6,6.41860750910201,17.0,13.0,False,False
8bac644e-e0437ead.jpg,rain,6,8.287800341986713,,91.0,False,False
8c94c649-8ba62efa.jpg,rain,6,6.371521423126762,,32.0,True,False
8c9bbaa9-34934b66.jpg,rain,6,6.544109508698673,,52.0,True,False
0049e5b8-725e21a0.jpg,rain,7,6.243797580226279,68.0,13.0,False,False
0081e27b-17bf4a9e.jpg,rain,7,6.491144828782377,2.0,20.0,False,False
00beeb02-50440dcd.jpg,rain,7,5.52978668479116,1.0,17.0,False,False
00d4b6b7-7d0a60bf.jpg,rain,7,5.9438792969013745,,,True,True
01118704-2d838d7f.jpg,rain,7,7.301885578108541,5.0,12.0,False,False
0115917e-14907a6a.jpg,rain,7,5.932847905673398,0.0,24.0,False,False
02188a44-65ad27f3.jpg,rain,7,5.523901619266127,15.0,,False,True
02494b7b-079febf8.jpg,rain,7,4.963322960752816,359.0,5.0,False,False
029ffd50-dc944dba.jpg,rain,7,4.625858892212547,12.0,9.0,False,False
0464a98b-860229d5.jpg,rain,7,6.333227835553938,,20.0,True,False
051aadb7-51aad566.jpg,rain,7,7.4787628888193955,,,True,True
051aadb7-e953bc4d.jpg,rain,7,3.957266974879725,2.0,2.0,False,False
05743a9b-747658e7.jpg,rain,7,8.603376341769861,215.0,3.0,False,False
057af272-6f700aef.jpg,rain,7,6.373741139116477,,16.0,True,False
05d62296-30c620d5.jpg,rain,7,6.284369807038627,49.0,,False,True
05e5a68e-f0e05a42.jpg,rain,7,5.445214095466752,7.0,45.0,False,False
05fa6494-8f436d04.jpg,rain,7,6.067561163707062,18.0,30.0,False,False
060039d9-5218402b.jpg,rain,7,6.237411754385481,65.0,9.0,False,False
064aa0d6-f75ff4d5.jpg,rain,7,6.741796441488463,34.0,44.0,False,False
07de5062-ddddcbd7.jpg,rain,7,9.432847506747775,,27.0,True,False
088351d1-30833ddc.jpg,rain,7,4.963372502716342,32.0,,False,True
08a49c01-675d3899.jpg,rain,7,7.02182674242666,41.0,6.0,False,False
08d4285a-4a25b9b6.jpg,rain,7,4.524712844469486,,21.0,True,False
09ac21d6-eefa8ed0.jpg,rain,7,3.221579056606116,,30.0,True,False
0a0a0b1a-7c39d841.jpg,rain,7,6.94085772134764,46.0,3.0,False,False
0af6039a-f3c91319.jpg,rain,7,6.122028010507984,6.0,15.0,False,False
0b2f5d0d-8fddc1fc.jpg,rain,7,4.208495958035508,0.0,0.0,False,False
0b4225f9-bfb10f88.jpg,rain,7,7.17958562154741,14.0,23.0,False,False
0ba08fe3-880ae118.jpg,rain,7,5.97992387528647,20.0,1.0,False,False
0c2f33b9-f94d69b5.jpg,rain,7,6.295541545958937,5.0,1.0,False,False
0c984e6d-2b5d7ee4.jpg,rain,7,6.656088831306341,,,True,True
0cb67a01-7cf1687e.jpg,rain,7,8.460328039182873,153.0,,False,True
0cc6f3e8-b4c9e348.jpg,rain,7,6.246042718372778,1.0,10.0,False,False
0cf398b3-ce65ab64.jpg,rain,7,-8.09831086734999,21.0,96.0,False,False
0d3ec56a-f4cead6f.jpg,rain,7,6.989630162439877,,6.0,True,False
0d61234a-542010b2.jpg,rain,7,1.5721169315923063,2.0,33.0,False,False
0e442b65-b17e0b50.jpg,rain,7,7.94556151668059,20.0,,False,True
0e5c7e92-0d9c60f0.jpg,rain,7,5.467773674510974,21.0,7.0,False,False
0f837def-9646c091.jpg,rain,7,7.1824136877633045,30.0,1.0,False,False
0fba84f9-73b520ee.jpg,rain,7,6.746616351407587,,2.0,True,False
101a0964-930eae70.jpg,rain,7,3.526079815296885,6.0,7.0,False,False
10389fe8-433c740c.jpg,rain,7,4.755384833288747,,,True,True
10453a95-40759ac3.jpg,rain,7,6.653635134962696,,,True,True
1072195f-0a161ade.jpg,rain,7,6.201670167541326,6.0,,False,True
1072195f-6cf88b25.jpg,rain,7,7.009257874852931,158.0,,False,True
11513e3d-150058c3.jpg,rain,7,6.450034680100028,0.0,74.0,False,False
1189ae68-1a8ad3c6.jpg,rain,7,8.095013668851912,13.0,,False,True
12076ebb-c07285d7.jpg,rain,7,4.476687961036277,7.0,59.0,False,False
125134e5-7dfc45b9.jpg,rain,7,6.791836865463928,,,True,True
12ae9ab8-794f5adc.jpg,rain,7,6.289157019020893,12.0,27.0,False,False
13f61134-50021e53.jpg,rain,7,7.737936229145184,,120.0,True,False
14eace5a-ddf3b303.jpg,rain,7,7.623336290564713,0.0,,False,True
1608cfe7-32da2c5d.jpg,rain,7,5.445539043870628,,,True,True
162995f1-d2c7d259.jpg,rain,7,6.1216160200401895,403.0,41.0,False,False
16b0973f-c07b564a.jpg,rain,7,4.702619555101907,12.0,1.0,False,False
1784d67b-6b223914.jpg,rain,7,6.848909429447632,32.0,1.0,False,False
1784d67b-d76145ce.jpg,rain,7,7.95057273849012,375.0,,False,True
188c58f3-792afc71.jpg,rain,7,4.415166541799286,,224.0,True,False
193f7f3b-84bc7998.jpg,rain,7,6.917372605242353,20.0,21.0,False,False
194058b0-ac0616a6.jpg,rain,7,5.747389401441975,30.0,396.0,False,False
19e56249-09c4bbc6.jpg,rain,7,8.794595084718702,,,True,True
1a71faae-d5f255fd.jpg,rain,7,7.355015573561414,4.0,2.0,False,False
1a8992a7-da5a8510.jpg,rain,7,5.544306014868168,27.0,28.0,False,False
1ac0178c-0b259360.jpg,rain,7,9.027745545324379,,,True,True
1b30f76f-95aa8a06.jpg,rain,7,7.7887447437833925,2.0,182.0,False,False
1bda5a26-420ceea6.jpg,rain,7,6.168365992168113,0.0,10.0,False,False
1bf7f3d2-15f95138.jpg,rain,7,6.5429529285084795,15.0,29.0,False,False
1c227a12-10e5552c.jpg,rain,7,8.081048389573464,6.0,11.0,False,False
1c227a12-ec67af93.jpg,rain,7,7.475142396666742,4.0,16.0,False,False
1c5e9657-2e2a2863.jpg,rain,7,5.113410784799446,,,True,True
1cb2a89b-4594573e.jpg,rain,7,6.190255855601707,9.0,6.0,False,False
1cf54809-c6daa5a9.jpg,rain,7,4.110864821455649,0.0,2.0,False,False
1d5e05f8-5020f67d.jpg,rain,7,6.227743166766903,1.0,19.0,False,False
1e57ae90-806bc767.jpg,rain,7,8.16543898624755,,8.0,True,False
1f959fdd-6ff63d34.jpg,rain,7,6.94515850339563,16.0,20.0,False,False
1fa65acf-d43367bc.jpg,rain,7,4.764895037870353,106.0,,False,True
20cfadfa-47711496.jpg,rain,7,6.527386982120299,42.0,14.0,False,False
20cfadfa-6f87fdc1.jpg,rain,7,7.577832234468525,14.0,4.0,False,False
225a1858-0e3a4b04.jpg,rain,7,4.813497508510513,75.0,,False,True
22be2f14-59fbdca0.jpg,rain,7,6.7449033210050455,,2.0,True,False
23333f35-0cbc3f0f.jpg,rain,7,7.149060329191556,62.0,,False,True
23df146f-64b50e4c.jpg,rain,7,8.44793730410415,33.0,6.0,False,False
24392d7c-998011c2.jpg,rain,7,6.8415313569800205,,,True,True
250e7595-b14da270.jpg,rain,7,6.475349970699628,5.0,5.0,False,False
26190b83-39ccb412.jpg,rain,7,5.5350000458947255,17.0,9.0,False,False
272d52f6-8aac36b3.jpg,rain,7,2.9186970477900354,6.0,,False,True
2752681a-e813599a.jpg,rain,7,7.108403623575796,280.0,3.0,False,False
27645526-f038b033.jpg,rain,7,3.969803778626721,14.0,5.0,False,False
2773af6f-23e23a6b.jpg,rain,7,5.315152099581759,6.0,,False,True
28faf684-03ef4c6e.jpg,rain,7,7.495842982464178,7.0,4.0,False,False
292720ee-d847ee69.jpg,rain,7,10.188615244780886,,7.0,True,False
2b54fe2d-c5b810e6.jpg,rain,7,5.526460815733211,12.0,8.0,False,False
2b605c48-8dfe352b.jpg,rain,7,6.43029326780845,1.0,11.0,False,False
2beccce2-354608e2.jpg,rain,7,6.315062297421653,83.0,12.0,False,False
2c87e51d-aa7a8031.jpg,rain,7,8.058123496590031,182.0,,False,True
2ce0b449-e818dc97.jpg,rain,7,8.25315606589432,,,True,True
2cf976a2-479cd46b.jpg,rain,7,4.993693938805961,15.0,10.0,False,False
2e2fae77-b7497ca0.jpg,rain,7,5.645756546694578,,,True,True
2ead8042-2493c03f.jpg,rain,7,4.020342418209439,42.0,1.0,False,False
2f1864c1-1a17d11c.jpg,rain,7,4.0401133413774035,,162.0,True,False
2f879dc0-b09e4824.jpg,rain,7,6.6897598265623355,16.0,13.0,False,False
2fc9ad1e-ee4c9e43.jpg,rain,7,7.1552682636650635,72.0,,False,True
3050b249-0ffbd6ec.jpg,rain,7,7.883823837662423,,,True,True
314cc010-3eab5c90.jpg,rain,7,7.085283767431386,,6.0,True,False
31765c6b-90b0d612.jpg,rain,7,6.635760541826441,,,True,True
31cf6eba-5c84c636.jpg,rain,7,3.1314759105909133,4.0,24.0,False,False
32de2244-122f1783.jpg,rain,7,8.375032379520132,28.0,25.0,False,False
33420085-32996107.jpg,rain,7,9.814599045952956,25.0,29.0,False,False
3430a5e6-00ec38d2.jpg,rain,7,-3.519340623569795,13.0,2.0,False,False
35eb46d0-8f7e28a0.jpg,rain,7,8.754947607575915,30.0,1.0,False,False
3735fc3d-69d8b80c.jpg,rain,7,7.881966838827001,,,True,True
3740cd4f-ff1d423d.jpg,rain,7,3.8161983148822975,11.0,23.0,False,False
375abba2-9f2ed56c.jpg,rain,7,6.851921499943325,,97.0,True,False
37723e55-31730cf5.jpg,rain,7,4.787588906568419,,426.0,True,False
380a3f8e-ba4f0def.jpg,rain,7,10.677656149898699,17.0,30.0,False,False
385b0f61-1aee12ef.jpg,rain,7,4.963870946741416,44.0,,False,True
3865fea7-b4fe472d.jpg,rain,7,5.754054655977456,48.0,,False,True
38e561dd-8ea8ae2d.jpg,rain,7,5.7049296758385895,11.0,18.0,False,False
38ed8d8d-93c48de2.jpg,rain,7,7.417115381911302,,36.0,True,False
38ed8d8d-b1c230ef.jpg,rain,7,7.022639546850136,32.0,3.0,False,False
38ed8d8d-fa50400c.jpg,rain,7,6.03872320842623,14.0,8.0,False,False
3900ad8c-8834019f.jpg,rain,7,4.917469793798147,,40.0,False,False
39ddb110-04604b9c.jpg,rain,7,4.747087197761081,0.0,23.0,False,False
39fc6d1c-6155351d.jpg,rain,7,6.583701441528033,,2.0,False,False
3a278d39-b92df256.jpg,rain,7,6.688905106235889,7.0,21.0,False,False
3a3407a2-df8ea956.jpg,rain,7,3.145271001071717,21.0,,False,True
3ad0c4a7-2a3d544e.jpg,rain,7,4.231455605534479,265.0,36.0,False,False
3b1e1bc1-ee64e36e.jpg,rain,7,5.954797109019911,4.0,16.0,False,False
3b44ef5a-c09e8479.jpg,rain,7,5.478770431731052,191.0,131.0,False,False
3b563c5e-0102edaf.jpg,rain,7,5.068365861001607,13.0,43.0,False,False
3b9716a6-d2566395.jpg,rain,7,8.314993747613553,,,True,True
3c0bbdc2-79baffce.jpg,rain,7,7.0416754994705855,0.0,6.0,False,False
3c5752b6-9c0bdf98.jpg,rain,7,7.168925252554169,,26.0,True,False
3c95ae26-68abac3f.jpg,rain,7,6.29371639885105,,,True,True
3e0f1745-a95a63ad.jpg,rain,7,4.4799548218608365,26.0,4.0,False,False
3f4eb6a6-9eee52f9.jpg,rain,7,6.995126294014179,4.0,2.0,False,False
3f85a987-1ef4053b.jpg,rain,7,6.919762957518336,,,True,True
3fe1feaa-10126fec.jpg,rain,7,6.921219722563348,,,True,True
3ffdaa26-b394f6f8.jpg,rain,7,4.486035664699208,,18.0,False,False
4027c10d-41d54e9b.jpg,rain,7,5.4353318966763595,26.0,3.0,False,False
428e99ea-4166e549.jpg,rain,7,8.469109814213313,76.0,87.0,False,False
42e0dd11-74b81997.jpg,rain,7,10.131631245985979,164.0,7.0,False,False
430395d1-931c959e.jpg,rain,7,5.713424455919571,60.0,,False,False
43126e0d-495d04a5.jpg,rain,7,5.566621538536911,6.0,165.0,False,False
43126e0d-cce96832.jpg,rain,7,5.797916955985064,49.0,19.0,False,False
432f9e20-83a0d96c.jpg,rain,7,4.582045137176543,5.0,1.0,False,False
43c7ed5c-b0690325.jpg,rain,7,6.496123101539859,3.0,19.0,False,False
44cc16d9-d2e06fd6.jpg,rain,7,4.065972675095397,38.0,36.0,False,False
45bafa98-1ee18a2f.jpg,rain,7,5.805744930838204,,,True,True
46d048a1-8f7f385c.jpg,rain,7,6.544724958405109,1.0,12.0,False,False
46f76df9-8bf77914.jpg,rain,7,6.17574667165997,3.0,31.0,False,False
480263a0-5aad7ae9.jpg,rain,7,5.582022696233114,,294.0,True,False
488480d6-b94cf415.jpg,rain,7,5.605344784644446,1.0,5.0,False,False
48ed707e-5062e4c3.jpg,rain,7,7.2823709023532714,,,True,True
4a289ff2-7da7feb6.jpg,rain,7,6.997395640357676,,169.0,True,False
4a31f3e3-ac7ed780.jpg,rain,7,6.471443710763339,28.0,,False,True
4b2e1dde-65b54419.jpg,rain,7,2.5152987736809234,12.0,2.0,False,False
4d4a590b-4332c5ab.jpg,rain,7,9.509516271139274,22.0,2.0,False,False
5069db50-52f5af30.jpg,rain,7,9.678952312444451,3.0,9.0,False,False
50866f46-30d1f303.jpg,rain,7,6.287569754313101,7.0,7.0,False,False
50b115d6-4b08a666.jpg,rain,7,3.6472009536084604,9.0,10.0,False,False
50b2e757-6c7d0f63.jpg,rain,7,7.208607777938357,41.0,,False,True
50d0fd05-8db58ebd.jpg,rain,7,5.708807331240244,63.0,5.0,False,False
510671e9-603795e0.jpg,rain,7,5.353702279452422,18.0,17.0,False,False
514a6d58-0790e0cd.jpg,rain,7,6.650600138001018,,,True,True
5150bb50-300d52ce.jpg,rain,7,7.787580611193606,30.0,21.0,False,False
52799e9e-8c8673f3.jpg,rain,7,8.015926909769268,,18.0,True,False
52bda346-fd8ac6e7.jpg,rain,7,4.773482985137028,4.0,,False,True
534418ba-ee05398f.jpg,rain,7,5.544352378420419,7.0,386.0,False,False
54360b72-e00a3f70.jpg,rain,7,5.674073041302439,173.0,6.0,False,False
554d7cd5-a32486dd.jpg,rain,7,8.308502569051164,,10.0,True,False
559fed19-7893646f.jpg,rain,7,6.653924325605627,,437.0,True,False
57165857-e4d4a47f.jpg,rain,7,7.322537993902697,37.0,,False,True
5795bfe7-a599384a.jpg,rain,7,5.896821470454321,,213.0,True,False
57ac74e2-e86131f1.jpg,rain,7,6.907359612696543,,36.0,True,False
57b495f2-6da6b1e5.jpg,rain,7,9.000097853488931,30.0,7.0,False,False
585443c8-2621a6b1.jpg,rain,7,7.839018798552505,10.0,22.0,False,False
5877b384-2545daf4.jpg,rain,7,6.03636111940539,25.0,17.0,False,False
587bb1bf-1aa00fe5.jpg,rain,7,6.1290917490796275,32.0,18.0,False,False
5995c288-2d152172.jpg,rain,7,6.234170788636151,11.0,,False,False
59cde7c7-344bffb1.jpg,rain,7,6.197030038048173,64.0,,False,True
5a8f9b5d-1fdfd2d4.jpg,rain,7,5.9976338644363425,10.0,2.0,False,False
5ae83f9c-da990b49.jpg,rain,7,6.176881172119064,7.0,15.0,False,False
5b2b4881-67a6cb87.jpg,rain,7,5.329234230232672,36.0,5.0,False,False
5b2fd56a-37759b05.jpg,rain,7,8.46135832920882,,,True,True
5b4b0b07-2fb56b82.jpg,rain,7,5.640472695121636,8.0,,False,True
5bc44a50-c371c4d0.jpg,rain,7,3.956594151018585,5.0,6.0,False,False
5c4004b7-bf3b7941.jpg,rain,7,5.2572257884312315,21.0,4.0,False,False
5c534f5f-a76c7f4b.jpg,rain,7,6.7303797860577985,14.0,1.0,False,False
5c5dc708-35460444.jpg,rain,7,5.296304136449646,,105.0,True,False
5da6c6b6-76c54605.jpg,rain,7,6.324070054744338,,,True,True
5dc5141c-5890b5b1.jpg,rain,7,5.1354066896033395,,,True,True
5dd831da-bd00cf03.jpg,rain,7,7.070908014009425,4.0,305.0,False,False
5dfb063f-7bd23d5c.jpg,rain,7,8.570933987236806,12.0,4.0,False,False
5e0b701e-d443d8c2.jpg,rain,7,6.510448210101961,176.0,31.0,False,False
5e26f49d-0bc53c7e.jpg,rain,7,9.952336979845567,,,True,True
5e26f49d-9271bf00.jpg,rain,7,5.967246577352671,,4.0,True,False
5e625ec3-7b4fc682.jpg,rain,7,7.71555747868989,18.0,13.0,False,False
5f9387ff-330136ae.jpg,rain,7,5.993192146683163,,1.0,True,False
5fa17a25-88b8e6b9.jpg,rain,7,5.734779284146726,13.0,7.0,False,False
5fa422e1-2d8dd765.jpg,rain,7,4.247210566089213,9.0,1.0,False,False
5fb2a702-f56a339c.jpg,rain,7,6.465878089795267,7.0,95.0,False,False
6011831b-0992e205.jpg,rain,7,6.10865244017894,19.0,,False,True
60137cc0-428b8f5b.jpg,rain,7,7.521481552142166,12.0,,False,True
604b5b3e-3c2e6b6b.jpg,rain,7,7.130168911149979,42.0,9.0,False,False
6092f5a2-424550ba.jpg,rain,7,7.271073245684555,28.0,,False,True
60ba25dd-6c0df417.jpg,rain,7,6.63531617458018,,2.0,True,False
60c678e7-4813ae0f.jpg,rain,7,5.176510682117012,3.0,,False,True
614ecada-16b0f8b6.jpg,rain,7,6.622484568591434,1.0,8.0,False,False
61e4ad87-53ceb455.jpg,rain,7,6.386565643781902,1.0,116.0,False,False
6240d7b3-b51b5788.jpg,rain,7,7.807619540768181,,,True,True
62aefb36-b685117f.jpg,rain,7,6.060841218445633,7.0,9.0,False,False
634c1785-3bb9a8a2.jpg,rain,7,6.708022720327986,,,True,True
634c1785-aeb1652f.jpg,rain,7,6.089478735848516,231.0,10.0,False,False
63f73472-028615f1.jpg,rain,7,6.447460291853098,117.0,,False,True
6485ad0a-245d1600.jpg,rain,7,7.804296318359748,55.0,,False,True
648dc925-e359dbec.jpg,rain,7,9.57105724369862,1.0,1.0,False,False
65edc5a1-f309fed7.jpg,rain,7,5.668466733301881,5.0,5.0,False,False
661381d9-1114a810.jpg,rain,7,5.137837125455008,6.0,12.0,False,False
664cb246-f84cfaf4.jpg,rain,7,4.929861356072218,1.0,17.0,False,False
675cf8fa-4b1ce8b9.jpg,rain,7,4.084293563741558,28.0,44.0,False,False
67faeadf-eb09a636.jpg,rain,7,5.310091314126902,,10.0,True,False
691be377-5dbc29ee.jpg,rain,7,8.657967133919515,7.0,9.0,False,False
692f1303-05178963.jpg,rain,7,6.283520774711183,168.0,8.0,False,False
692f9b08-bdbbd729.jpg,rain,7,7.536254829305024,5.0,19.0,False,False
69bfbe31-5ee2a642.jpg,rain,7,6.605968893981592,5.0,6.0,False,False
69cf7667-68f59649.jpg,rain,7,7.258546524586919,7.0,2.0,False,False
69cf7667-7eb40860.jpg,rain,7,4.755621499209836,70.0,2.0,False,False
6a44fb9a-05a3dd18.jpg,rain,7,6.9966143823977145,9.0,23.0,False,False
6a793e80-4f5e207f.jpg,rain,7,8.85323996165913,0.0,102.0,False,False
6a82c0d6-b31f6b90.jpg,rain,7,7.17757288770573,,277.0,True,False
6a8d218d-14e4fa28.jpg,rain,7,8.610764253619195,,13.0,True,False
6ad110c3-789e7724.jpg,rain,7,3.12924076710652,8.0,33.0,False,False
6b15392a-3a1699fd.jpg,rain,7,4.764215602672659,,7.0,True,False
6b784eee-0a5a2c89.jpg,rain,7,7.339736254277773,,,True,True
6bb5a881-15e5c2c4.jpg,rain,7,9.10137001755682,2.0,,False,True
6bd41587-d65ba5b4.jpg,rain,7,7.142176668746646,,,True,True
6d0d7bef-fb11b6e1.jpg,rain,7,7.693967076210114,365.0,,False,True
6d57736c-a35808b9.jpg,rain,7,10.924107667025282,6.0,53.0,False,False
6d8a6d94-00a7ad92.jpg,rain,7,7.054838957828117,,78.0,True,False
6eeed3fa-87a1b0c9.jpg,rain,7,6.619456294156915,,33.0,True,False
701992bd-8a457895.jpg,rain,7,7.8880372146972295,7.0,24.0,False,False
7171644d-4e74752e.jpg,rain,7,3.6807595266952617,5.0,4.0,False,False
7171644d-ee92c71e.jpg,rain,7,5.315072433072258,1.0,6.0,False,False
72f22fa5-8af4615c.jpg,rain,7,6.686512170746058,3.0,41.0,False,False
72fd00fe-aeadfc89.jpg,rain,7,10.648193905646918,66.0,10.0,False,False
730c67a5-563e9b1f.jpg,rain,7,11.82589604708707,,,True,True
738a2bcd-7a6fde0d.jpg,rain,7,8.89534576435086,6.0,0.0,False,False
73aff960-d46366ec.jpg,rain,7,6.10511872808711,39.0,,False,True
73d338d6-edf0b3db.jpg,rain,7,8.93184249162353,,,True,True
75ad1fff-77299093.jpg,rain,7,6.648982001875018,,,True,True
75f5f52c-6b67e736.jpg,rain,7,-5.256763169770431,7.0,0.0,False,False
777005a8-14c739ad.jpg,rain,7,7.642361728153181,4.0,0.0,False,False
7771e03b-832e52c0.jpg,rain,7,8.344226590787008,,,True,True
7771e03b-a8f9d50c.jpg,rain,7,5.482509386945727,,2.0,True,False
7797fea2-c37f9856.jpg,rain,7,6.806564550622825,,46.0,True,False
77bdbeb0-edb0613f.jpg,rain,7,6.2047251455836205,37.0,20.0,False,False
77dca577-16a39ea0.jpg,rain,7,6.694714564821878,48.0,13.0,False,False
77f810c4-43a39c1f.jpg,rain,7,6.541908909479366,2.0,,False,True
7814206e-8e991d51.jpg,rain,7,8.074276315050444,15.0,4.0,False,False
7814206e-ea2508d0.jpg,rain,7,7.673763396331696,13.0,46.0,False,False
79e177bc-4d5d3acc.jpg,rain,7,6.122561331993019,107.0,1.0,False,False
7aa4ff0f-9d28d8a4.jpg,rain,7,8.551186472210087,1.0,14.0,False,False
7ad1174c-373265eb.jpg,rain,7,6.004130385976744,,,True,True
7b268b98-e0ec16c3.jpg,rain,7,7.853193594582835,0.0,2.0,False,False
7c5a2048-332896ea.jpg,rain,7,7.4993138966813175,,567.0,True,False
7c5d50c5-7292de37.jpg,rain,7,6.379495771313874,7.0,0.0,False,False
7d1fe115-936a2f47.jpg,rain,7,7.486064442762693,206.0,10.0,False,False
7dc2914d-a20a969a.jpg,rain,7,8.321558857643716,229.0,,False,True
7e4ab78b-4a62c63e.jpg,rain,7,5.424880534093864,7.0,,False,True
7e590c49-93f03732.jpg,rain,7,5.073295707749345,,5.0,True,False
7ed57d0a-d7bcc13d.jpg,rain,7,6.54127631037984,,97.0,True,False
7f0ef682-c93899df.jpg,rain,7,5.204920234843897,,30.0,True,False
7f4ac354-777de900.jpg,rain,7,5.071096370801173,21.0,20.0,False,False
7f9bdf0d-c0e0061f.jpg,rain,7,4.449034710357756,11.0,,False,True
7fd14da9-a855494b.jpg,rain,7,8.620164803452296,13.0,14.0,False,False
801bff84-a72998c7.jpg,rain,7,4.3760599225424945,4.0,14.0,False,False
8073de38-f7eab6ec.jpg,rain,7,6.470034241343516,20.0,12.0,False,False
8082ea05-1a7bcd47.jpg,rain,7,6.593459980190617,2.0,7.0,False,False
80ecebc0-ca9605f4.jpg,rain,7,6.5721332178226675,43.0,,False,True
81ec3b39-1951f79e.jpg,rain,7,7.015275694755921,12.0,,False,True
82b14c0c-79b99258.jpg,rain,7,5.8250633453890455,35.0,19.0,False,False
82b5fc3b-90cadd1b.jpg,rain,7,3.653558443029911,,62.0,True,False
82f03471-8e304dd5.jpg,rain,7,6.183999168591056,2.0,147.0,False,False
836fa13a-d6058a12.jpg,rain,7,8.475032073992688,12.0,,False,True
84fb3f59-7d5d1fa4.jpg,rain,7,3.230478619238303,211.0,46.0,False,False
8542b4da-7795bcfd.jpg,rain,7,7.772479038968395,13.0,14.0,False,False
85f3f250-1fef85ac.jpg,rain,7,5.739736367597214,7.0,2.0,False,False
87ca2979-d5158824.jpg,rain,7,7.888258643088007,2.0,6.0,False,False
889b7dda-77f16103.jpg,rain,7,4.3125339247127865,,4.0,True,False
88dbf01a-d8b35dee.jpg,rain,7,5.9336388423584125,1.0,3.0,False,False
897223bc-6938f1ab.jpg,rain,7,6.571227754186685,13.0,,False,True
89b7454d-880eacbd.jpg,rain,7,6.954217420280877,,,True,True
89e85e71-7dd0a7b6.jpg,rain,7,4.772861758107913,3.0,31.0,False,False
8a4fbffe-47866ce9.jpg,rain,7,5.888937504463962,,,True,True
8a76c101-8bcefc32.jpg,rain,7,6.738475123358145,52.0,18.0,False,False
8b7ef6c4-6bbcf25f.jpg,rain,7,5.445301493195851,18.0,30.0,False,False
8bac644e-e0437ead.jpg,rain,7,7.247240177332726,,82.0,False,False
8c94c649-8ba62efa.jpg,rain,7,5.302714318606894,,217.0,True,False
8c9bbaa9-34934b66.jpg,rain,7,5.464023791526015,,40.0,True,False
0049e5b8-725e21a0.jpg,rain,8,5.477926346862714,13.0,0.0,False,False
0081e27b-17bf4a9e.jpg,rain,8,5.685422140754551,21.0,48.0,False,False
00beeb02-50440dcd.jpg,rain,8,4.682990443010806,5.0,11.0,False,False
00d4b6b7-7d0a60bf.jpg,rain,8,5.167822021968677,,,True,True
01118704-2d838d7f.jpg,rain,8,6.504262737723012,25.0,9.0,False,False
0115917e-14907a6a.jpg,rain,8,5.114018757983574,7.0,23.0,False,False
02188a44-65ad27f3.jpg,rain,8,4.680382736462622,193.0,,False,True
02494b7b-079febf8.jpg,rain,8,4.068494946290402,,6.0,True,False
029ffd50-dc944dba.jpg,rain,8,3.7922986135365697,12.0,8.0,False,False
0464a98b-860229d5.jpg,rain,8,5.449811090986437,,9.0,True,False
051aadb7-51aad566.jpg,rain,8,6.720100811762707,,,True,True
051aadb7-e953bc4d.jpg,rain,8,3.150665300451468,1.0,2.0,False,False
05743a9b-747658e7.jpg,rain,8,7.82722543345605,226.0,11.0,False,False
057af272-6f700aef.jpg,rain,8,5.533051674635592,,1.0,True,False
05d62296-30c620d5.jpg,rain,8,5.4690244230017555,23.0,,False,True
05e5a68e-f0e05a42.jpg,rain,8,4.688830112403712,,,True,True
05fa6494-8f436d04.jpg,rain,8,5.219816237998442,52.0,32.0,False,False
060039d9-5218402b.jpg,rain,8,5.3828181872798595,9.0,29.0,False,False
064aa0d6-f75ff4d5.jpg,rain,8,5.948008435508792,31.0,,False,True
07de5062-ddddcbd7.jpg,rain,8,8.56851978737129,,36.0,True,False
088351d1-30833ddc.jpg,rain,8,4.135685979338268,5.0,34.0,False,False
08a49c01-675d3899.jpg,rain,8,6.235040379195035,53.0,10.0,False,False
08d4285a-4a25b9b6.jpg,rain,8,3.661049894236299,,9.0,True,False
09ac21d6-eefa8ed0.jpg,rain,8,2.332862503020624,,35.0,True,False
0a0a0b1a-7c39d841.jpg,rain,8,6.138996375274842,43.0,3.0,False,False
0af6039a-f3c91319.jpg,rain,8,5.307533088312538,44.0,1.0,False,False
0b2f5d0d-8fddc1fc.jpg,rain,8,3.3860568536341877,4.0,18.0,False,False
0b4225f9-bfb10f88.jpg,rain,8,6.375570238816398,19.0,5.0,False,False
0ba08fe3-880ae118.jpg,rain,8,5.146682353954896,13.0,49.0,False,False
0c2f33b9-f94d69b5.jpg,rain,8,5.456150477201938,2.0,12.0,False,False
0c984e6d-2b5d7ee4.jpg,rain,8,5.849323086512362,,,True,True
0cb67a01-7cf1687e.jpg,rain,8,7.69235922386203,120.0,,False,True
0cc6f3e8-b4c9e348.jpg,rain,8,5.435722589684283,8.0,2.0,False,False
0cf398b3-ce65ab64.jpg,rain,8,-8.953303479820056,18.0,84.0,False,False
0d3ec56a-f4cead6f.jpg,rain,8,6.1641366649822,,4.0,True,False
0d61234a-542010b2.jpg,rain,8,0.697232730593259,1.0,25.0,False,False
0e442b65-b17e0b50.jpg,rain,8,7.0835967576868,9.0,,False,True
0e5c7e92-0d9c60f0.jpg,rain,8,4.626549659299613,35.0,10.0,False,False
0f837def-9646c091.jpg,rain,8,6.404141486919142,31.0,8.0,False,False
0fba84f9-73b520ee.jpg,rain,8,5.924238100888614,,5.0,True,False
101a0964-930eae70.jpg,rain,8,2.7330813813919574,,7.0,True,False
10389fe8-433c740c.jpg,rain,8,3.919707072271572,,,True,True
10453a95-40759ac3.jpg,rain,8,5.850976415386948,,,True,True
1072195f-0a161ade.jpg,rain,8,5.382721527444863,5.0,,False,True
1072195f-6cf88b25.jpg,rain,8,6.2065049639683165,193.0,1.0,False,False
11513e3d-150058c3.jpg,rain,8,5.64574785193018,1.0,49.0,False,False
1189ae68-1a8ad3c6.jpg,rain,8,7.305566512013759,12.0,,False,True
12076ebb-c07285d7.jpg,rain,8,3.6357970017736294,6.0,38.0,False,False
125134e5-7dfc45b9.jpg,rain,8,6.010396157206648,,,True,True
12ae9ab8-794f5adc.jpg,rain,8,5.526833671317646,14.0,25.0,False,False
13f61134-50021e53.jpg,rain,8,6.954160226790017,430.0,,False,True
14eace5a-ddf3b303.jpg,rain,8,6.7797816935653765,1.0,,False,True
1608cfe7-32da2c5d.jpg,rain,8,4.629558874980288,,,True,True
162995f1-d2c7d259.jpg,rain,8,5.344064247935982,345.0,52.0,False,False
16b0973f-c07b564a.jpg,rain,8,3.83789669936637,4.0,1.0,False,False
1784d67b-6b223914.jpg,rain,8,6.053838014831287,1.0,13.0,False,False
1784d67b-d76145ce.jpg,rain,8,7.149947781446611,,,True,True
188c58f3-792afc71.jpg,rain,8,3.538354693153466,,74.0,True,False
193f7f3b-84bc7998.jpg,rain,8,6.098358645364956,27.0,24.0,False,False
194058b0-ac0616a6.jpg,rain,8,4.927659536608211,150.0,,False,True
19e56249-09c4bbc6.jpg,rain,8,8.126180127928233,,,True,True
1a71faae-d5f255fd.jpg,rain,8,6.536184029034837,18.0,1.0,False,False
1a8992a7-da5a8510.jpg,rain,8,4.6843435313245525,4.0,27.0,False,False
1ac0178c-0b259360.jpg,rain,8,8.346483987320475,,,True,True
1b30f76f-95aa8a06.jpg,rain,8,7.066459493325267,18.0,181.0,False,False
1bda5a26-420ceea6.jpg,rain,8,5.36065776987217,8.0,67.0,False,False
1bf7f3d2-15f95138.jpg,rain,8,5.73745076586254,14.0,21.0,False,False
1c227a12-10e5552c.jpg,rain,8,7.288842492718991,21.0,,False,True
1c227a12-ec67af93.jpg,rain,8,6.670033841972291,6.0,25.0,False,False
1c5e9657-2e2a2863.jpg,rain,8,4.2801921694096565,,,True,True
1cb2a89b-4594573e.jpg,rain,8,5.319475118858644,8.0,,False,True
1cf54809-c6daa5a9.jpg,rain,8,3.27729643601299,22.0,99.0,False,False
1d5e05f8-5020f67d.jpg,rain,8,5.4669530119224055,3.0,13.0,False,False
1e57ae90-806bc767.jpg,rain,8,7.396607587354788,,5.0,True,False
1f959fdd-6ff63d34.jpg,rain,8,6.157833917408405,17.0,24.0,False,False
1fa65acf-d43367bc.jpg,rain,8,3.92597862007754,170.0,,False,True
20cfadfa-47711496.jpg,rain,8,5.727530958780106,32.0,9.0,False,False
20cfadfa-6f87fdc1.jpg,rain,8,6.813899525297902,0.0,3.0,False,False
225a1858-0e3a4b04.jpg,rain,8,3.9543249907349445,276.0,,False,True
22be2f14-59fbdca0.jpg,rain,8,5.925459248217595,,7.0,True,False
23333f35-0cbc3f0f.jpg,rain,8,6.395101539614538,61.0,155.0,False,False
23df146f-64b50e4c.jpg,rain,8,7.65747184288633,,7.0,True,False
24392d7c-998011c2.jpg,rain,8,6.107906433005272,,,True,True
250e7595-b14da270.jpg,rain,8,5.679928880830229,6.0,132.0,False,False
26190b83-39ccb412.jpg,rain,8,4.658436177006845,,4.0,True,False
272d52f6-8aac36b3.jpg,rain,8,2.0779320922855677,22.0,,False,True
2752681a-e813599a.jpg,rain,8,6.353369665802306,174.0,8.0,False,False
27645526-f038b033.jpg,rain,8,3.129968901778706,23.0,53.0,False,False
2773af6f-23e23a6b.jpg,rain,8,4.4703729983865355,,,True,True
28faf684-03ef4c6e.jpg,rain,8,6.615143176573255,10.0,7.0,False,False
292720ee-d847ee69.jpg,rain,8,9.44982700980373,,,True,True
2b54fe2d-c5b810e6.jpg,rain,8,4.6861020348904034,1.0,15.0,False,False
2b605c48-8dfe352b.jpg,rain,8,5.61778002484726,1.0,12.0,False,False
2beccce2-354608e2.jpg,rain,8,5.464288168678511,,10.0,True,False
2c87e51d-aa7a8031.jpg,rain,8,7.358636909446656,,,True,True
2ce0b449-e818dc97.jpg,rain,8,7.489210491935908,,,True,True
2cf976a2-479cd46b.jpg,rain,8,4.134729984702582,9.0,29.0,False,False
2e2fae77-b7497ca0.jpg,rain,8,4.79265752175201,,,True,True
2ead8042-2493c03f.jpg,rain,8,3.2052651527392504,1.0,47.0,False,False
2f1864c1-1a17d11c.jpg,rain,8,3.209417695018906,,170.0,True,False
2f879dc0-b09e4824.jpg,rain,8,5.9437568297122825,35.0,12.0,False,False
2fc9ad1e-ee4c9e43.jpg,rain,8,6.346017041026441,14.0,,False,True
3050b249-0ffbd6ec.jpg,rain,8,7.078874069362357,,,True,True
314cc010-3eab5c90.jpg,rain,8,6.281912105311978,,2.0,True,False
31765c6b-90b0d612.jpg,rain,8,5.779903486941293,,,True,True
31cf6eba-5c84c636.jpg,rain,8,2.279852470794012,31.0,17.0,False,False
32de2244-122f1783.jpg,rain,8,7.5574288277767,18.0,1.0,False,False
33420085-32996107.jpg,rain,8,9.067843979125977,6.0,28.0,False,False
3430a5e6-00ec38d2.jpg,rain,8,-4.385903651942783,15.0,38.0,False,False
35eb46d0-8f7e28a0.jpg,rain,8,7.967156234101994,21.0,2.0,False,False
3735fc3d-69d8b80c.jpg,rain,8,7.083960411273419,,,True,True
3740cd4f-ff1d423d.jpg,rain,8,2.933358731930861,1.0,14.0,False,False
375abba2-9f2ed56c.jpg,rain,8,6.061441193562675,,102.0,True,False
37723e55-31730cf5.jpg,rain,8,3.93341453196903,,,True,True
380a3f8e-ba4f0def.jpg,rain,8,9.916688745256991,11.0,,False,True
385b0f61-1aee12ef.jpg,rain,8,4.167596825604783,47.0,,False,True
3865fea7-b4fe472d.jpg,rain,8,4.971469312260832,9.0,,False,True
38e561dd-8ea8ae2d.jpg,rain,8,4.877702663272766,14.0,25.0,False,False
38ed8d8d-93c48de2.jpg,rain,8,6.587255316515948,,0.0,True,False
38ed8d8d-b1c230ef.jpg,rain,8,6.20397348071957,12.0,3.0,False,False
38ed8d8d-fa50400c.jpg,rain,8,5.20707126514801,15.0,13.0,False,False
3900ad8c-8834019f.jpg,rain,8,4.0672546269545125,,,False,True
39ddb110-04604b9c.jpg,rain,8,3.9317517293365984,28.0,23.0,False,False
39fc6d1c-6155351d.jpg,rain,8,5.757902014783458,,6.0,False,False
3a278d39-b92df256.jpg,rain,8,5.922997552787611,8.0,12.0,False,False
3a3407a2-df8ea956.jpg,rain,8,2.3195351369854635,1.0,28.0,False,False
3ad0c4a7-2a3d544e.jpg,rain,8,3.403506190700663,113.0,34.0,False,False
3b1e1bc1-ee64e36e.jpg,rain,8,5.1139812995015514,2.0,12.0,False,False
3b44ef5a-c09e8479.jpg,rain,8,4.674571066399265,143.0,,False,True
3b563c5e-0102edaf.jpg,rain,8,4.228634594172143,1.0,10.0,False,False
3b9716a6-d2566395.jpg,rain,8,7.497310520292225,,,True,True
3c0bbdc2-79baffce.jpg,rain,8,6.201667024823061,27.0,,False,True
3c5752b6-9c0bdf98.jpg,rain,8,6.419050757715202,,70.0,True,False
3c95ae26-68abac3f.jpg,rain,8,5.471003501786573,,,True,True
3e0f1745-a95a63ad.jpg,rain,8,3.6545216634820417,38.0,4.0,False,False
3f4eb6a6-9eee52f9.jpg,rain,8,6.177475122436379,4.0,1.0,False,False
3f85a987-1ef4053b.jpg,rain,8,6.10170632859597,,,True,True
3fe1feaa-10126fec.jpg,rain,8,6.120127396600415,,,True,True
3ffdaa26-b394f6f8.jpg,rain,8,3.616718023424235,,19.0,False,False
4027c10d-41d54e9b.jpg,rain,8,4.602234527336055,3.0,24.0,False,False
428e99ea-4166e549.jpg,rain,8,7.691719996833372,76.0,104.0,False,False
42e0dd11-74b81997.jpg,rain,8,9.383264750881192,14.0,8.0,False,False
430395d1-931c959e.jpg,rain,8,4.927746972081179,52.0,,False,False
43126e0d-495d04a5.jpg,rain,8,4.74974923420911,6.0,50.0,False,False
43126e0d-cce96832.jpg,rain,8,4.972595035699798,47.0,13.0,False,False
432f9e20-83a0d96c.jpg,rain,8,3.7032546009803053,1.0,15.0,False,False
43c7ed5c-b0690325.jpg,rain,8,5.6900245982203534,2.0,59.0,False,False
44cc16d9-d2e06fd6.jpg,rain,8,3.2423908165305724,,46.0,True,False
45bafa98-1ee18a2f.jpg,rain,8,4.948060140485765,,,True,True
46d048a1-8f7f385c.jpg,rain,8,5.683715598361577,1.0,0.0,False,False
46f76df9-8bf77914.jpg,rain,8,5.407157054431265,14.0,52.0,False,False
480263a0-5aad7ae9.jpg,rain,8,4.758818645456423,,45.0,True,False
488480d6-b94cf415.jpg,rain,8,4.8098570187696215,63.0,5.0,False,False
48ed707e-5062e4c3.jpg,rain,8,6.519734428232104,,,True,True
4a289ff2-7da7feb6.jpg,rain,8,6.265424583305407,,80.0,True,False
4a31f3e3-ac7ed780.jpg,rain,8,5.676040090539115,30.0,,False,True
4b2e1dde-65b54419.jpg,rain,8,1.7108641609547839,4.0,3.0,False,False
4d4a590b-4332c5ab.jpg,rain,8,8.747894811035527,,16.0,True,False
5069db50-52f5af30.jpg,rain,8,8.893831559544532,11.0,,False,True
50866f46-30d1f303.jpg,rain,8,5.453879253933688,1.0,10.0,False,False
50b115d6-4b08a666.jpg,rain,8,2.8091751999231995,89.0,9.0,False,False
50b2e757-6c7d0f63.jpg,rain,8,6.4170394520982965,74.0,,False,True
50d0fd05-8db58ebd.jpg,rain,8,4.887267913872638,0.0,3.0,False,False
510671e9-603795e0.jpg,rain,8,4.50126086727688,,22.0,True,False
514a6d58-0790e0cd.jpg,rain,8,5.882878697484973,,,True,True
5150bb50-300d52ce.jpg,rain,8,7.038192265454237,101.0,16.0,False,False
52799e9e-8c8673f3.jpg,rain,8,7.223870235129898,,2.0,True,False
52bda346-fd8ac6e7.jpg,rain,8,3.9014076870375685,0.0,7.0,False,False
534418ba-ee05398f.jpg,rain,8,4.737564759746448,11.0,396.0,False,False
54360b72-e00a3f70.jpg,rain,8,4.874909157407803,4.0,19.0,False,False
554d7cd5-a32486dd.jpg,rain,8,7.496676872964229,,9.0,True,False
559fed19-7893646f.jpg,rain,8,5.855594980383222,,444.0,True,False
57165857-e4d4a47f.jpg,rain,8,6.549820644368226,16.0,,False,True
5795bfe7-a599384a.jpg,rain,8,5.088865232515557,,3.0,True,False
57ac74e2-e86131f1.jpg,rain,8,6.07689272451664,,13.0,True,False
57b495f2-6da6b1e5.jpg,rain,8,8.196993801991724,23.0,48.0,False,False
585443c8-2621a6b1.jpg,rain,8,7.023382452098175,,,True,True
5877b384-2545daf4.jpg,rain,8,5.240570084732646,19.0,41.0,False,False
587bb1bf-1aa00fe5.jpg,rain,8,5.24977864725626,30.0,25.0,False,False
5995c288-2d152172.jpg,rain,8,5.4129308369334765,11.0,,False,False
59cde7c7-344bffb1.jpg,rain,8,5.36834970019429,24.0,,False,True
5a8f9b5d-1fdfd2d4.jpg,rain,8,5.343643512454709,1.0,,False,True
5ae83f9c-da990b49.jpg,rain,8,5.358913858130977,0.0,1.0,False,False
5b2b4881-67a6cb87.jpg,rain,8,4.502940345684347,39.0,2.0,False,False
5b2fd56a-37759b05.jpg,rain,8,7.769419252086848,,,True,True
5b4b0b07-2fb56b82.jpg,rain,8,4.793798687271927,23.0,12.0,False,False
5bc44a50-c371c4d0.jpg,rain,8,3.1379948194549687,27.0,20.0,False,False
5c4004b7-bf3b7941.jpg,rain,8,4.377740836961951,3.0,2.0,False,False
5c534f5f-a76c7f4b.jpg,rain,8,5.977879363227765,,3.0,True,False
5c5dc708-35460444.jpg,rain,8,4.456901689488661,,103.0,True,False
5da6c6b6-76c54605.jpg,rain,8,5.494382928320205,,,True,True
5dc5141c-5890b5b1.jpg,rain,8,4.277306929527965,13.0,,False,True
5dd831da-bd00cf03.jpg,rain,8,6.264652419903898,15.0,,False,True
5dfb063f-7bd23d5c.jpg,rain,8,7.865846126582284,7.0,3.0,False,False
5e0b701e-d443d8c2.jpg,rain,8,5.72086343804035,123.0,25.0,False,False
5e26f49d-0bc53c7e.jpg,rain,8,9.274486117896398,,,True,True
5e26f49d-9271bf00.jpg,rain,8,5.095461873457148,,,True,True
5e625ec3-7b4fc682.jpg,rain,8,6.937693627660487,30.0,8.0,False,False
5f9387ff-330136ae.jpg,rain,8,5.1836033080452895,,8.0,True,False
5fa17a25-88b8e6b9.jpg,rain,8,4.92684097461875,,,True,True
5fa422e1-2d8dd765.jpg,rain,8,3.407003683309492,12.0,41.0,False,False
5fb2a702-f56a339c.jpg,rain,8,5.672977641626965,19.0,10.0,False,False
6011831b-0992e205.jpg,rain,8,5.329929345023227,18.0,,False,True
60137cc0-428b8f5b.jpg,rain,8,6.745117160973939,10.0,,False,True
604b5b3e-3c2e6b6b.jpg,rain,8,6.378988201653492,,7.0,True,False
6092f5a2-424550ba.jpg,rain,8,6.548050674077965,44.0,,False,True
60ba25dd-6c0df417.jpg,rain,8,5.848696363618471,,0.0,True,False
60c678e7-4813ae0f.jpg,rain,8,4.364740827826568,1.0,,False,True
614ecada-16b0f8b6.jpg,rain,8,5.776903829128863,2.0,6.0,False,False
61e4ad87-53ceb455.jpg,rain,8,5.559592031451509,5.0,86.0,False,False
6240d7b3-b51b5788.jpg,rain,8,6.9932798086624945,,,True,True
62aefb36-b685117f.jpg,rain,8,5.23324111087505,9.0,15.0,False,False
634c1785-3bb9a8a2.jpg,rain,8,5.880215207444896,,,True,True
634c1785-aeb1652f.jpg,rain,8,5.263423121022358,231.0,3.0,False,False
63f73472-028615f1.jpg,rain,8,5.644836616346275,,,True,True
6485ad0a-245d1600.jpg,rain,8,7.0231006861129615,54.0,,False,True
648dc925-e359dbec.jpg,rain,8,8.808102829315018,9.0,16.0,False,False
65edc5a1-f309fed7.jpg,rain,8,4.852046783868543,3.0,8.0,False,False
661381d9-1114a810.jpg,rain,8,4.271270830111112,,,True,True
664cb246-f84cfaf4.jpg,rain,8,4.100572829987078,6.0,4.0,False,False
675cf8fa-4b1ce8b9.jpg,rain,8,3.228035533279343,47.0,77.0,False,False
67faeadf-eb09a636.jpg,rain,8,4.454095151440087,5.0,12.0,False,False
691be377-5dbc29ee.jpg,rain,8,7.903125765886195,6.0,3.0,False,False
692f1303-05178963.jpg,rain,8,5.501288267556836,61.0,51.0,False,False
692f9b08-bdbbd729.jpg,rain,8,6.742637996222216,15.0,,False,True
69bfbe31-5ee2a642.jpg,rain,8,5.761603101766165,3.0,5.0,False,False
69cf7667-68f59649.jpg,rain,8,6.475834176254114,3.0,1.0,False,False
69cf7667-7eb40860.jpg,rain,8,4.006267754243917,25.0,6.0,False,False
6a44fb9a-05a3dd18.jpg,rain,8,6.215341310285373,4.0,1.0,False,False
6a793e80-4f5e207f.jpg,rain,8,8.063338116965934,8.0,,False,True
6a82c0d6-b31f6b90.jpg,rain,8,6.367646495368731,,276.0,True,False
6a8d218d-14e4fa28.jpg,rain,8,7.814234660797629,48.0,2.0,False,False
6ad110c3-789e7724.jpg,rain,8,2.2978613222771203,5.0,15.0,False,False
6b15392a-3a1699fd.jpg,rain,8,3.992310824167398,,,True,True
6b784eee-0a5a2c89.jpg,rain,8,6.56041138992944,326.0,,False,True
6bb5a881-15e5c2c4.jpg,rain,8,8.329271262594606,4.0,,False,True
6bd41587-d65ba5b4.jpg,rain,8,6.340322014857145,,,True,True
6d0d7bef-fb11b6e1.jpg,rain,8,6.925484840778269,367.0,,False,True
6d57736c-a35808b9.jpg,rain,8,10.238690578928637,11.0,154.0,False,False
6d8a6d94-00a7ad92.jpg,rain,8,6.259653937244708,,80.0,True,False
6eeed3fa-87a1b0c9.jpg,rain,8,5.805755946829728,,,True,True
701992bd-8a457895.jpg,rain,8,7.074696238855749,12.0,5.0,False,False
7171644d-4e74752e.jpg,rain,8,2.8372206647739864,11.0,17.0,False,False
7171644d-ee92c71e.jpg,rain,8,4.464346884596603,30.0,16.0,False,False
72f22fa5-8af4615c.jpg,rain,8,5.9181070415490575,3.0,10.0,False,False
72fd00fe-aeadfc89.jpg,rain,8,9.859063787656948,,11.0,True,False
730c67a5-563e9b1f.jpg,rain,8,11.17057456106794,,,True,True
738a2bcd-7a6fde0d.jpg,rain,8,8.120324248227726,9.0,1.0,False,False
73aff960-d46366ec.jpg,rain,8,5.260649231081155,14.0,,False,True
73d338d6-edf0b3db.jpg,rain,8,8.145789020192758,,,True,True
75ad1fff-77299093.jpg,rain,8,5.857672515397738,,,True,True
75f5f52c-6b67e736.jpg,rain,8,-6.118347454237403,3.0,28.0,False,False
777005a8-14c739ad.jpg,rain,8,6.830514663208842,10.0,13.0,False,False
7771e03b-832e52c0.jpg,rain,8,7.567661570020112,,,True,True
7771e03b-a8f9d50c.jpg,rain,8,4.599683841107383,,17.0,True,False
7797fea2-c37f9856.jpg,rain,8,6.043961484760868,,22.0,True,False
77bdbeb0-edb0613f.jpg,rain,8,5.409831052142725,36.0,13.0,False,False
77dca577-16a39ea0.jpg,rain,8,5.8861135184965026,10.0,38.0,False,False
77f810c4-43a39c1f.jpg,rain,8,5.747237590980873,25.0,,False,True
7814206e-8e991d51.jpg,rain,8,7.260064125976773,15.0,,False,True
7814206e-ea2508d0.jpg,rain,8,6.806610666899377,,26.0,True,False
79e177bc-4d5d3acc.jpg,rain,8,5.303305644557433,103.0,2.0,False,False
7aa4ff0f-9d28d8a4.jpg,rain,8,7.683311013521727,7.0,12.0,False,False
7ad1174c-373265eb.jpg,rain,8,5.178907569383595,,,True,True
7b268b98-e0ec16c3.jpg,rain,8,6.966863666005645,1.0,1.0,False,False
7c5a2048-332896ea.jpg,rain,8,6.708459409568607,,,True,True
7c5d50c5-7292de37.jpg,rain,8,5.554551502597399,,8.0,True,False
7d1fe115-936a2f47.jpg,rain,8,6.665450338867499,209.0,1.0,False,False
7dc2914d-a20a969a.jpg,rain,8,7.488352365260511,205.0,,False,True
7e4ab78b-4a62c63e.jpg,rain,8,4.60517713921151,6.0,,False,True
7e590c49-93f03732.jpg,rain,8,4.209718269674368,,218.0,True,False
7ed57d0a-d7bcc13d.jpg,rain,8,5.778346051449704,,97.0,True,False
7f0ef682-c93899df.jpg,rain,8,4.330056322162009,,75.0,True,False
7f4ac354-777de900.jpg,rain,8,4.2321107034248255,,,True,True
7f9bdf0d-c0e0061f.jpg,rain,8,3.592573712416934,1.0,,False,True
7fd14da9-a855494b.jpg,rain,8,7.803116166172006,27.0,12.0,False,False
801bff84-a72998c7.jpg,rain,8,3.491062041506765,5.0,45.0,False,False
8073de38-f7eab6ec.jpg,rain,8,5.671558797109858,1.0,5.0,False,False
8082ea05-1a7bcd47.jpg,rain,8,5.783206106347119,9.0,1.0,False,False
80ecebc0-ca9605f4.jpg,rain,8,5.777430784767508,75.0,,False,True
81ec3b39-1951f79e.jpg,rain,8,6.207100342956511,1.0,,False,True
82b14c0c-79b99258.jpg,rain,8,4.965705315301994,25.0,9.0,False,False
82b5fc3b-90cadd1b.jpg,rain,8,2.800387094782486,30.0,133.0,False,False
82f03471-8e304dd5.jpg,rain,8,5.360434112728849,6.0,149.0,False,False
836fa13a-d6058a12.jpg,rain,8,7.677210320736835,5.0,,False,True
84fb3f59-7d5d1fa4.jpg,rain,8,2.3714711300303977,23.0,21.0,False,False
8542b4da-7795bcfd.jpg,rain,8,6.964679210663304,0.0,15.0,False,False
85f3f250-1fef85ac.jpg,rain,8,4.895353632965095,10.0,4.0,False,False
87ca2979-d5158824.jpg,rain,8,7.0389697556188136,10.0,22.0,False,False
889b7dda-77f16103.jpg,rain,8,3.4673141246671624,23.0,4.0,False,False
88dbf01a-d8b35dee.jpg,rain,8,5.097381610746236,4.0,34.0,False,False
897223bc-6938f1ab.jpg,rain,8,5.752448553807926,,,True,True
89b7454d-880eacbd.jpg,rain,8,6.167830448424441,,,True,True
89e85e71-7dd0a7b6.jpg,rain,8,3.9319860790566787,0.0,20.0,False,False
8a4fbffe-47866ce9.jpg,rain,8,5.039684703301452,,,True,True
8a76c101-8bcefc32.jpg,rain,8,5.937817278493929,6.0,19.0,False,False
8b7ef6c4-6bbcf25f.jpg,rain,8,4.648626066829641,37.0,52.0,False,False
8bac644e-e0437ead.jpg,rain,8,6.415900867083235,,,False,True
8c94c649-8ba62efa.jpg,rain,8,4.4279029036716135,,,True,True
8c9bbaa9-34934b66.jpg,rain,8,4.585274367052651,,28.0,True,False
0049e5b8-725e21a0.jpg,rain,9,4.811503564826938,57.0,1.0,False,False
0081e27b-17bf4a9e.jpg,rain,9,4.996725045175442,9.0,38.0,False,False
00beeb02-50440dcd.jpg,rain,9,3.9425055376459825,2.0,2.0,False,False
00d4b6b7-7d0a60bf.jpg,rain,9,4.523918117805306,,,True,True
01118704-2d838d7f.jpg,rain,9,5.807483379992073,5.0,9.0,False,False
0115917e-14907a6a.jpg,rain,9,4.4053744021719385,16.0,21.0,False,False
02188a44-65ad27f3.jpg,rain,9,3.9489832119857358,173.0,,False,True
02494b7b-079febf8.jpg,rain,9,3.3113769979783685,,6.0,True,False
029ffd50-dc944dba.jpg,rain,9,3.0493447497938044,35.0,16.0,False,False
0464a98b-860229d5.jpg,rain,9,4.697331833425008,,10.0,True,False
051aadb7-51aad566.jpg,rain,9,6.059725361803165,,,True,True
051aadb7-e953bc4d.jpg,rain,9,2.4464280647663537,6.0,15.0,False,False
05743a9b-747658e7.jpg,rain,9,7.1752397165243655,215.0,4.0,False,False
057af272-6f700aef.jpg,rain,9,4.795921702069615,77.0,13.0,False,False
05d62296-30c620d5.jpg,rain,9,4.731934239449358,81.0,280.0,False,False
05e5a68e-f0e05a42.jpg,rain,9,4.035975428223638,,,True,True
05fa6494-8f436d04.jpg,rain,9,4.495753860467885,21.0,32.0,False,False
060039d9-5218402b.jpg,rain,9,4.623756624680931,24.0,52.0,False,False
064aa0d6-f75ff4d5.jpg,rain,9,5.255699440496365,34.0,,False,True
07de5062-ddddcbd7.jpg,rain,9,7.808586674542239,,,True,True
088351d1-30833ddc.jpg,rain,9,3.417210971687779,31.0,,False,True
08a49c01-675d3899.jpg,rain,9,5.563418717478591,54.0,4.0,False,False
08d4285a-4a25b9b6.jpg,rain,9,2.9156330976987146,,0.0,True,False
09ac21d6-eefa8ed0.jpg,rain,9,1.5760342702366454,,6.0,True,False
0a0a0b1a-7c39d841.jpg,rain,9,5.426044201830475,0.0,15.0,False,False
0af6039a-f3c91319.jpg,rain,9,4.594093717271875,113.0,0.0,False,False
0b2f5d0d-8fddc1fc.jpg,rain,9,2.674433745832995,154.0,6.0,False,False
0b4225f9-bfb10f88.jpg,rain,9,5.6927716919877,,23.0,True,False
0ba08fe3-880ae118.jpg,rain,9,4.411241424117259,15.0,10.0,False,False
0c2f33b9-f94d69b5.jpg,rain,9,4.740310571728999,11.0,22.0,False,False
0c984e6d-2b5d7ee4.jpg,rain,9,5.165871778651239,,,True,True
0cb67a01-7cf1687e.jpg,rain,9,7.046266522760398,130.0,,False,True
0cc6f3e8-b4c9e348.jpg,rain,9,4.746514897357768,100.0,1.0,False,False
0cf398b3-ce65ab64.jpg,rain,9,-9.695750903039896,29.0,91.0,False,False
0d3ec56a-f4cead6f.jpg,rain,9,5.457939313396398,,2.0,True,False
0d61234a-542010b2.jpg,rain,9,-0.04541913800063627,6.0,2.0,False,False
0e442b65-b17e0b50.jpg,rain,9,6.348098823430034,28.0,,False,True
0e5c7e92-0d9c60f0.jpg,rain,9,3.895342235795765,6.0,15.0,False,False
0f837def-9646c091.jpg,rain,9,5.743252031746671,29.0,1.0,False,False
0fba84f9-73b520ee.jpg,rain,9,5.210709402892447,,43.0,True,False
101a0964-930eae70.jpg,rain,9,2.0517930816189818,,1.0,True,False
10389fe8-433c740c.jpg,rain,9,3.2166751765530996,,,True,True
10453a95-40759ac3.jpg,rain,9,5.160925456717477,,,True,True
1072195f-0a161ade.jpg,rain,9,4.684761902678939,6.0,436.0,False,False
1072195f-6cf88b25.jpg,rain,9,5.502989796358531,,,True,True
11513e3d-150058c3.jpg,rain,9,4.945741003757375,6.0,116.0,False,False
1189ae68-1a8ad3c6.jpg,rain,9,6.622117032060241,,,True,True
12076ebb-c07285d7.jpg,rain,9,2.9047876178472865,3.0,40.0,False,False
125134e5-7dfc45b9.jpg,rain,9,5.352820964242523,,,True,True
12ae9ab8-794f5adc.jpg,rain,9,4.865274681878483,38.0,,False,True
13f61134-50021e53.jpg,rain,9,6.265450587308883,2.0,8.0,False,False
14eace5a-ddf3b303.jpg,rain,9,6.048812369670731,0.0,,False,True
1608cfe7-32da2c5d.jpg,rain,9,3.927704593626671,,,True,True
162995f1-d2c7d259.jpg,rain,9,4.672217251852966,,46.0,True,False
16b0973f-c07b564a.jpg,rain,9,3.084009509671159,,0.0,True,False
1784d67b-6b223914.jpg,rain,9,5.355153177276884,,2.0,True,False
1784d67b-d76145ce.jpg,rain,9,6.473047696728108,,,True,True
188c58f3-792afc71.jpg,rain,9,2.7903922929588365,,,True,True
193f7f3b-84bc7998.jpg,rain,9,5.385592314594677,26.0,40.0,False,False
194058b0-ac0616a6.jpg,rain,9,4.241280168088141,102.0,,False,True
19e56249-09c4bbc6.jpg,rain,9,7.61206936064873,,,True,True
1a71faae-d5f255fd.jpg,rain,9,5.83473885415126,1.0,1.0,False,False
1a8992a7-da5a8510.jpg,rain,9,3.921776047202863,23.0,15.0,False,False
1ac0178c-0b259360.jpg,rain,9,7.774219377095175,,,True,True
1b30f76f-95aa8a06.jpg,rain,9,6.443424710188612,4.0,182.0,False,False
1bda5a26-420ceea6.jpg,rain,9,4.636671494559552,11.0,10.0,False,False
1bf7f3d2-15f95138.jpg,rain,9,5.04725249153755,,14.0,True,False
1c227a12-10e5552c.jpg,rain,9,6.609567862870688,16.0,,False,True
1c227a12-ec67af93.jpg,rain,9,5.974682527624785,56.0,29.0,False,False
1c5e9657-2e2a2863.jpg,rain,9,3.5526027466015626,,,True,True
1cb2a89b-4594573e.jpg,rain,9,4.546573745377044,13.0,9.0,False,False
1cf54809-c6daa5a9.jpg,rain,9,2.5390074937667766,20.0,1.0,False,False
1d5e05f8-5020f67d.jpg,rain,9,4.80304121514954,14.0,2.0,False,False
1e57ae90-806bc767.jpg,rain,9,6.731908075820224,,14.0,True,False
1f959fdd-6ff63d34.jpg,rain,9,5.476772203500882,2.0,24.0,False,False
1fa65acf-d43367bc.jpg,rain,9,3.1883496613170608,412.0,,False,True
20cfadfa-47711496.jpg,rain,9,5.04299255686513,40.0,,False,True
20cfadfa-6f87fdc1.jpg,rain,9,6.138749446137175,19.0,9.0,False,False
225a1858-0e3a4b04.jpg,rain,9,3.2155513793281014,280.0,,False,True
22be2f14-59fbdca0.jpg,rain,9,5.215819856815251,,2.0,True,False
23333f35-0cbc3f0f.jpg,rain,9,5.755987951525048,68.0,342.0,False,False
23df146f-64b50e4c.jpg,rain,9,6.980791771514121,,7.0,True,False
24392d7c-998011c2.jpg,rain,9,5.493774515833686,,,True,True
250e7595-b14da270.jpg,rain,9,4.9885206150577,6.0,126.0,False,False
26190b83-39ccb412.jpg,rain,9,3.8918282879958532,,1.0,True,False
272d52f6-8aac36b3.jpg,rain,9,1.356876562585875,1.0,,False,True
2752681a-e813599a.jpg,rain,9,5.69625796913488,,,True,True
27645526-f038b033.jpg,rain,9,2.408843250245308,33.0,2.0,False,False
2773af6f-23e23a6b.jpg,rain,9,3.7535362705994397,,,True,True
28faf684-03ef4c6e.jpg,rain,9,5.833634583146225,,8.0,True,False
292720ee-d847ee69.jpg,rain,9,8.812163708792442,,359.0,True,False
2b54fe2d-c5b810e6.jpg,rain,9,3.968226609118272,5.0,,False,True
2b605c48-8dfe352b.jpg,rain,9,4.914169337018914,6.0,18.0,False,False
2beccce2-354608e2.jpg,rain,9,4.745060547285355,,,True,True
2c87e51d-aa7a8031.jpg,rain,9,6.785040621843656,184.0,,False,True
2ce0b449-e818dc97.jpg,rain,9,6.851458914167747,,,True,True
2cf976a2-479cd46b.jpg,rain,9,3.3862825430281465,13.0,6.0,False,False
2e2fae77-b7497ca0.jpg,rain,9,4.05899639452231,,,True,True
2ead8042-2493c03f.jpg,rain,9,2.4922208708099154,32.0,18.0,False,False
2f1864c1-1a17d11c.jpg,rain,9,2.515290992277341,,164.0,True,False
2f879dc0-b09e4824.jpg,rain,9,5.2928195679149095,38.0,13.0,False,False
2fc9ad1e-ee4c9e43.jpg,rain,9,5.635765312650564,,,True,True
3050b249-0ffbd6ec.jpg,rain,9,6.396486544922872,,,True,True
314cc010-3eab5c90.jpg,rain,9,5.611123220457475,,5.0,True,False
31765c6b-90b0d612.jpg,rain,9,5.066572320530275,,,True,True
31cf6eba-5c84c636.jpg,rain,9,1.5215534565355022,40.0,41.0,False,False
32de2244-122f1783.jpg,rain,9,6.825632247612785,,,True,True
33420085-32996107.jpg,rain,9,8.406108893214116,13.0,124.0,False,False
3430a5e6-00ec38d2.jpg,rain,9,-5.1348200345387465,5.0,383.0,False,False
35eb46d0-8f7e28a0.jpg,rain,9,7.258933719073877,19.0,8.0,False,False
3735fc3d-69d8b80c.jpg,rain,9,6.43033505533544,,,True,True
3740cd4f-ff1d423d.jpg,rain,9,2.167526783797114,3.0,2.0,False,False
375abba2-9f2ed56c.jpg,rain,9,5.376977568732505,,79.0,True,False
37723e55-31730cf5.jpg,rain,9,3.196172390869037,,,True,True
380a3f8e-ba4f0def.jpg,rain,9,9.273664148504569,,,True,True
385b0f61-1aee12ef.jpg,rain,9,3.489692904632033,39.0,,False,True
3865fea7-b4fe472d.jpg,rain,9,4.290374839815297,18.0,,False,True
38e561dd-8ea8ae2d.jpg,rain,9,4.150900095560686,14.0,22.0,False,False
38ed8d8d-93c48de2.jpg,rain,9,5.881398505182215,,38.0,True,False
38ed8d8d-b1c230ef.jpg,rain,9,5.480266865474038,,12.0,True,False
38ed8d8d-fa50400c.jpg,rain,9,4.4911162935349145,18.0,21.0,False,False
3900ad8c-8834019f.jpg,rain,9,3.3304440384285576,,,False,True
39ddb110-04604b9c.jpg,rain,9,3.2239874399494894,,8.0,True,False
39fc6d1c-6155351d.jpg,rain,9,5.024919949158065,,6.0,False,False
3a278d39-b92df256.jpg,rain,9,5.25397907533541,11.0,132.0,False,False
3a3407a2-df8ea956.jpg,rain,9,1.5940444623894436,1.0,26.0,False,False
3ad0c4a7-2a3d544e.jpg,rain,9,2.6836209823023367,,31.0,True,False
3b1e1bc1-ee64e36e.jpg,rain,9,4.393656551747917,8.0,,False,True
3b44ef5a-c09e8479.jpg,rain,9,4.009459142900262,144.0,,False,True
3b563c5e-0102edaf.jpg,rain,9,3.499323637269935,3.0,29.0,False,False
3b9716a6-d2566395.jpg,rain,9,6.80661222857816,,128.0,True,False
3c0bbdc2-79baffce.jpg,rain,9,5.483928892618517,3.0,,False,True
3c5752b6-9c0bdf98.jpg,rain,9,5.819613534378799,,71.0,True,False
3c95ae26-68abac3f.jpg,rain,9,4.775748556891345,,,True,True
3e0f1745-a95a63ad.jpg,rain,9,2.9457957621483253,2.0,2.0,False,False
3f4eb6a6-9eee52f9.jpg,rain,9,5.4827711523524405,,0.0,True,False
3f85a987-1ef4053b.jpg,rain,9,5.435579024718363,,,True,True
3fe1feaa-10126fec.jpg,rain,9,5.448185789375694,,,True,True
3ffdaa26-b394f6f8.jpg,rain,9,2.865762353185382,,19.0,False,False
4027c10d-41d54e9b.jpg,rain,9,3.8927928997118566,,10.0,True,False
428e99ea-4166e549.jpg,rain,9,7.0146546551916975,76.0,196.0,False,False
42e0dd11-74b81997.jpg,rain,9,8.722547807922018,10.0,19.0,False,False
430395d1-931c959e.jpg,rain,9,4.2613124075620235,23.0,,False,False
43126e0d-495d04a5.jpg,rain,9,4.009698667835573,3.0,59.0,False,False
43126e0d-cce96832.jpg,rain,9,4.238727185593245,55.0,,False,True
432f9e20-83a0d96c.jpg,rain,9,2.9343373340593155,1.0,17.0,False,False
43c7ed5c-b0690325.jpg,rain,9,5.0071560258758385,1.0,2.0,False,False
44cc16d9-d2e06fd6.jpg,rain,9,2.5050609300953317,81.0,40.0,False,False
45bafa98-1ee18a2f.jpg,rain,9,4.2276252587942835,,,True,True
46d048a1-8f7f385c.jpg,rain,9,4.9316734064127825,1.0,51.0,False,False
46f76df9-8bf77914.jpg,rain,9,4.7365029111065375,31.0,31.0,False,False
480263a0-5aad7ae9.jpg,rain,9,4.064088327325998,,288.0,True,False
488480d6-b94cf415.jpg,rain,9,4.1133729981325535,81.0,13.0,False,False
48ed707e-5062e4c3.jpg,rain,9,5.853355243390985,,,True,True
4a289ff2-7da7feb6.jpg,rain,9,5.639669486812579,,76.0,True,False
4a31f3e3-ac7ed780.jpg,rain,9,4.995275346394909,,,True,True
4b2e1dde-65b54419.jpg,rain,9,0.9960657770069172,48.0,16.0,False,False
4d4a590b-4332c5ab.jpg,rain,9,8.08336671508859,,,True,True
5069db50-52f5af30.jpg,rain,9,8.201445967074456,4.0,,False,True
50866f46-30d1f303.jpg,rain,9,4.730323079128566,11.0,6.0,False,False
50b115d6-4b08a666.jpg,rain,9,2.067019806069589,,227.0,True,False
50b2e757-6c7d0f63.jpg,rain,9,5.724069900062023,,317.0,True,False
50d0fd05-8db58ebd.jpg,rain,9,4.143876668771097,2.0,17.0,False,False
510671e9-603795e0.jpg,rain,9,3.774670362644466,4.0,23.0,False,False
514a6d58-0790e0cd.jpg,rain,9,5.260985375151687,,,True,True
5150bb50-300d52ce.jpg,rain,9,6.395318184529765,82.0,10.0,False,False
52799e9e-8c8673f3.jpg,rain,9,6.535906827357102,,,True,True
52bda346-fd8ac6e7.jpg,rain,9,3.146534773239762,0.0,19.0,False,False
534418ba-ee05398f.jpg,rain,9,4.019841262129377,5.0,405.0,False,False
54360b72-e00a3f70.jpg,rain,9,4.177797742643045,25.0,1.0,False,False
554d7cd5-a32486dd.jpg,rain,9,6.783991083892945,,10.0,True,False
559fed19-7893646f.jpg,rain,9,5.153121557926824,24.0,367.0,False,False
57165857-e4d4a47f.jpg,rain,9,5.866527348491277,10.0,,False,True
5795bfe7-a599384a.jpg,rain,9,4.385988168725433,,,True,True
57ac74e2-e86131f1.jpg,rain,9,5.378572206114372,,26.0,True,False
57b495f2-6da6b1e5.jpg,rain,9,7.470816407442319,6.0,59.0,False,False
585443c8-2621a6b1.jpg,rain,9,6.296299576658566,5.0,2.0,False,False
5877b384-2545daf4.jpg,rain,9,4.548213797592876,22.0,10.0,False,False
587bb1bf-1aa00fe5.jpg,rain,9,4.500183831226662,30.0,,False,True
5995c288-2d152172.jpg,rain,9,4.714744369695772,5.0,,False,False
59cde7c7-344bffb1.jpg,rain,9,4.6432855506601225,74.0,,False,True
5a8f9b5d-1fdfd2d4.jpg,rain,9,4.791038063620679,9.0,,False,True
5ae83f9c-da990b49.jpg,rain,9,4.6579789147845965,6.0,2.0,False,False
5b2b4881-67a6cb87.jpg,rain,9,3.787545577998546,577.0,7.0,False,False
5b2fd56a-37759b05.jpg,rain,9,7.190275376609084,,,True,True
5b4b0b07-2fb56b82.jpg,rain,9,4.0628817229181955,18.0,,False,True
5bc44a50-c371c4d0.jpg,rain,9,2.4151428751165622,34.0,2.0,False,False
5c4004b7-bf3b7941.jpg,rain,9,3.611749377684556,27.0,4.0,False,False
5c534f5f-a76c7f4b.jpg,rain,9,5.3210677747899116,21.0,4.0,False,False
5c5dc708-35460444.jpg,rain,9,3.7440121453937842,,103.0,True,False
5da6c6b6-76c54605.jpg,rain,9,4.788197477710799,,,True,True
5dc5141c-5890b5b1.jpg,rain,9,3.519729712214717,,,True,True
5dd831da-bd00cf03.jpg,rain,9,5.5829271446627775,,,True,True
5dfb063f-7bd23d5c.jpg,rain,9,7.291117961047324,2.0,17.0,False,False
5e0b701e-d443d8c2.jpg,rain,9,5.039510849620466,207.0,41.0,False,False
5e26f49d-0bc53c7e.jpg,rain,9,8.739281331561047,,,True,True
5e26f49d-9271bf00.jpg,rain,9,4.356575533343564,,,True,True
5e625ec3-7b4fc682.jpg,rain,9,6.266026882984499,,13.0,True,False
5f9387ff-330136ae.jpg,rain,9,4.496309228925404,,,True,True
5fa17a25-88b8e6b9.jpg,rain,9,4.259487912272281,,,True,True
5fa422e1-2d8dd765.jpg,rain,9,2.685334107529116,21.0,32.0,False,False
5fb2a702-f56a339c.jpg,rain,9,4.97670730712782,21.0,112.0,False,False
6011831b-0992e205.jpg,rain,9,4.675576708823887,,,True,True
60137cc0-428b8f5b.jpg,rain,9,6.061360186331432,6.0,,False,True
604b5b3e-3c2e6b6b.jpg,rain,9,5.701488792543776,49.0,7.0,False,False
6092f5a2-424550ba.jpg,rain,9,5.940027565715243,37.0,,False,True
60ba25dd-6c0df417.jpg,rain,9,5.184320984646438,,6.0,True,False
60c678e7-4813ae0f.jpg,rain,9,3.6801705687091593,2.0,,False,True
614ecada-16b0f8b6.jpg,rain,9,5.060432141597129,52.0,9.0,False,False
61e4ad87-53ceb455.jpg,rain,9,4.863738459452374,2.0,70.0,False,False
6240d7b3-b51b5788.jpg,rain,9,6.290132417134493,,,True,True
62aefb36-b685117f.jpg,rain,9,4.517716279632326,6.0,7.0,False,False
634c1785-3bb9a8a2.jpg,rain,9,5.167409524357006,,,True,True
634c1785-aeb1652f.jpg,rain,9,4.5641587151427085,236.0,2.0,False,False
63f73472-028615f1.jpg,rain,9,4.956668664005704,,,True,True
6485ad0a-245d1600.jpg,rain,9,6.385480196869359,31.0,,False,True
648dc925-e359dbec.jpg,rain,9,8.149503088558411,1.0,5.0,False,False
65edc5a1-f309fed7.jpg,rain,9,4.133690927871997,,32.0,True,False
661381d9-1114a810.jpg,rain,9,3.5237141683491053,,,True,True
664cb246-f84cfaf4.jpg,rain,9,3.3783232264670957,60.0,3.0,False,False
675cf8fa-4b1ce8b9.jpg,rain,9,2.488387090878131,28.0,257.0,False,False
67faeadf-eb09a636.jpg,rain,9,3.713858473864269,,10.0,True,False
691be377-5dbc29ee.jpg,rain,9,7.25071804732951,6.0,9.0,False,False
692f1303-05178963.jpg,rain,9,4.819329523202179,,,True,True
692f9b08-bdbbd729.jpg,rain,9,6.064714345437259,7.0,,False,True
69bfbe31-5ee2a642.jpg,rain,9,5.03017753624853,9.0,3.0,False,False
69cf7667-68f59649.jpg,rain,9,5.789596352589095,26.0,2.0,False,False
69cf7667-7eb40860.jpg,rain,9,3.355351316492825,40.0,5.0,False,False
6a44fb9a-05a3dd18.jpg,rain,9,5.533558639627321,16.0,2.0,False,False
6a793e80-4f5e207f.jpg,rain,9,7.353485484465194,263.0,103.0,False,False
6a82c0d6-b31f6b90.jpg,rain,9,5.676338702212238,,274.0,True,False
6a8d218d-14e4fa28.jpg,rain,9,7.107805417523624,,19.0,True,False
6ad110c3-789e7724.jpg,rain,9,1.5719222365146082,27.0,7.0,False,False
6b15392a-3a1699fd.jpg,rain,9,3.35897367944882,,,True,True
6b784eee-0a5a2c89.jpg,rain,9,5.921547679560371,,,True,True
6bb5a881-15e5c2c4.jpg,rain,9,7.641723386103031,8.0,,False,True
6bd41587-d65ba5b4.jpg,rain,9,5.659177018448707,,,True,True
6d0d7bef-fb11b6e1.jpg,rain,9,6.293791777221306,375.0,,False,True
6d57736c-a35808b9.jpg,rain,9,9.67526662293871,7.0,251.0,False,False
6d8a6d94-00a7ad92.jpg,rain,9,5.605720603765181,,75.0,True,False
6eeed3fa-87a1b0c9.jpg,rain,9,5.0823031537854675,,,True,True
701992bd-8a457895.jpg,rain,9,6.3619684084476225,12.0,5.0,False,False
7171644d-4e74752e.jpg,rain,9,2.0931945583287144,3.0,19.0,False,False
7171644d-ee92c71e.jpg,rain,9,3.71165940193157,9.0,27.0,False,False
72f22fa5-8af4615c.jpg,rain,9,5.2505721879047424,1.0,15.0,False,False
72fd00fe-aeadfc89.jpg,rain,9,9.174493132487477,,3.0,True,False
730c67a5-563e9b1f.jpg,rain,9,10.642626155380617,,,True,True
738a2bcd-7a6fde0d.jpg,rain,9,7.4728030218985175,0.0,,False,True
73aff960-d46366ec.jpg,rain,9,4.518676605211237,0.0,,False,True
73d338d6-edf0b3db.jpg,rain,9,7.533604773705446,,,True,True
75ad1fff-77299093.jpg,rain,9,5.174749737488171,,,True,True
75f5f52c-6b67e736.jpg,rain,9,-6.865101997297494,8.0,12.0,False,False
777005a8-14c739ad.jpg,rain,9,6.1012947068546755,59.0,1.0,False,False
7771e03b-832e52c0.jpg,rain,9,6.8757776602952525,123.0,,False,True
7771e03b-a8f9d50c.jpg,rain,9,3.8488837611003985,,2.0,True,False
7797fea2-c37f9856.jpg,rain,9,5.411706176997168,92.0,,False,True
77bdbeb0-edb0613f.jpg,rain,9,4.720858334029218,28.0,20.0,False,False
77dca577-16a39ea0.jpg,rain,9,5.194258418966031,2.0,38.0,False,False
77f810c4-43a39c1f.jpg,rain,9,5.060070397236782,21.0,,False,True
7814206e-8e991d51.jpg,rain,9,6.544580861626361,24.0,62.0,False,False
7814206e-ea2508d0.jpg,rain,9,6.076353045309533,,26.0,True,False
79e177bc-4d5d3acc.jpg,rain,9,4.623938707287646,107.0,13.0,False,False
7aa4ff0f-9d28d8a4.jpg,rain,9,6.919133437207568,11.0,0.0,False,False
7ad1174c-373265eb.jpg,rain,9,4.485552273225071,,,True,True
7b268b98-e0ec16c3.jpg,rain,9,6.18188936685076,6.0,2.0,False,False
7c5a2048-332896ea.jpg,rain,9,6.033551418581311,,559.0,True,False
7c5d50c5-7292de37.jpg,rain,9,4.8425877386059435,,6.0,True,False
7d1fe115-936a2f47.jpg,rain,9,5.942712937322384,203.0,39.0,False,False
7dc2914d-a20a969a.jpg,rain,9,6.784162467373481,,,True,True
7e4ab78b-4a62c63e.jpg,rain,9,3.907707985640086,35.0,,False,True
7e590c49-93f03732.jpg,rain,9,3.4845071920654345,,20.0,True,False
7ed57d0a-d7bcc13d.jpg,rain,9,5.133801981088969,,87.0,True,False
7f0ef682-c93899df.jpg,rain,9,3.5843778850220085,,46.0,True,False
7f4ac354-777de900.jpg,rain,9,3.5111727702629008,,,True,True
7f9bdf0d-c0e0061f.jpg,rain,9,2.854208293458997,28.0,,False,True
7fd14da9-a855494b.jpg,rain,9,7.073994290371558,64.0,141.0,False,False
801bff84-a72998c7.jpg,rain,9,2.7314103932470575,18.0,26.0,False,False
8073de38-f7eab6ec.jpg,rain,9,4.96733292197903,6.0,5.0,False,False
8082ea05-1a7bcd47.jpg,rain,9,5.083755349669778,1.0,4.0,False,False
80ecebc0-ca9605f4.jpg,rain,9,5.0828478874799625,61.0,,False,True
81ec3b39-1951f79e.jpg,rain,9,5.515326752156017,30.0,,False,True
82b14c0c-79b99258.jpg,rain,9,4.213716557649455,310.0,12.0,False,False
82b5fc3b-90cadd1b.jpg,rain,9,2.059413100698993,,35.0,True,False
82f03471-8e304dd5.jpg,rain,9,4.680765354892461,9.0,133.0,False,False
836fa13a-d6058a12.jpg,rain,9,6.958389933755019,14.0,,False,True
84fb3f59-7d5d1fa4.jpg,rain,9,1.6284426330724457,20.0,46.0,False,False
8542b4da-7795bcfd.jpg,rain,9,6.215962490305801,0.0,1.0,False,False
85f3f250-1fef85ac.jpg,rain,9,4.162846937943969,3.0,11.0,False,False
87ca2979-d5158824.jpg,rain,9,6.289027864555024,33.0,,False,True
889b7dda-77f16103.jpg,rain,9,2.7266723022815667,23.0,3.0,False,False
88dbf01a-d8b35dee.jpg,rain,9,4.372357871338746,74.0,,False,True
897223bc-6938f1ab.jpg,rain,9,5.0666851269630895,,,True,True
89b7454d-880eacbd.jpg,rain,9,5.5171508389707755,,,True,True
89e85e71-7dd0a7b6.jpg,rain,9,3.2052374875900904,2.0,19.0,False,False
8a4fbffe-47866ce9.jpg,rain,9,4.301502086786739,,,True,True
8a76c101-8bcefc32.jpg,rain,9,5.224092988881866,5.0,4.0,False,False
8b7ef6c4-6bbcf25f.jpg,rain,9,3.9555214215088412,15.0,51.0,False,False
8bac644e-e0437ead.jpg,rain,9,5.685990848534056,,,False,True
8c94c649-8ba62efa.jpg,rain,9,3.667043311295866,,,True,True
8c9bbaa9-34934b66.jpg,rain,9,3.8507318438049136,,6.0,True,False
