[baseline] 300 clean images
[0049e5b8-725e21a0.jpg] Left lines: 13, Right lines: 13
[0081e27b-17bf4a9e.jpg] Left lines: 6, Right lines: 17
[00beeb02-50440dcd.jpg] Left lines: 2, Right lines: 1
[00d4b6b7-7d0a60bf.jpg] Left lines: 8, Right lines: 3
[01118704-2d838d7f.jpg] Left lines: 8, Right lines: 6
[0115917e-14907a6a.jpg] Left lines: 10, Right lines: 11
[02188a44-65ad27f3.jpg] Left lines: 33, Right lines: 1
[02494b7b-079febf8.jpg] Left lines: 15, Right lines: 4
[029ffd50-dc944dba.jpg] Left lines: 10, Right lines: 10
[0464a98b-860229d5.jpg] Left lines: 10, Right lines: 30
[051aadb7-51aad566.jpg] Left lines: 6, Right lines: 6
[051aadb7-e953bc4d.jpg] Left lines: 18, Right lines: 16
[05743a9b-747658e7.jpg] Left lines: 13, Right lines: 25
[057af272-6f700aef.jpg] Left lines: 8, Right lines: 10
[05d62296-30c620d5.jpg] Left lines: 12, Right lines: 4
[05e5a68e-f0e05a42.jpg] Left lines: 32, Right lines: 5
[05fa6494-8f436d04.jpg] Left lines: 27, Right lines: 23
[060039d9-5218402b.jpg] Left lines: 29, Right lines: 17
[064aa0d6-f75ff4d5.jpg] Left lines: 9, Right lines: 10
[07de5062-ddddcbd7.jpg] Left lines: 2, Right lines: 4
[088351d1-30833ddc.jpg] Left lines: 17, Right lines: 6
[08a49c01-675d3899.jpg] Left lines: 15, Right lines: 6
[08d4285a-4a25b9b6.jpg] Left lines: 6, Right lines: 13
[09ac21d6-eefa8ed0.jpg] Left lines: 17, Right lines: 14
[0a0a0b1a-7c39d841.jpg] Left lines: 5, Right lines: 12
[0af6039a-f3c91319.jpg] Left lines: 17, Right lines: 7
[0b2f5d0d-8fddc1fc.jpg] Left lines: 18, Right lines: 15
[0b4225f9-bfb10f88.jpg] Left lines: 9, Right lines: 3
[0ba08fe3-880ae118.jpg] Left lines: 5, Right lines: 23
[0c2f33b9-f94d69b5.jpg] Left lines: 26, Right lines: 14
[0c984e6d-2b5d7ee4.jpg] Left lines: 5, Right lines: 6
[0cb67a01-7cf1687e.jpg] Left lines: 11, Right lines: 18
[0cc6f3e8-b4c9e348.jpg] Left lines: 13, Right lines: 36
[0cf398b3-ce65ab64.jpg] Left lines: 7, Right lines: 5
[0d3ec56a-f4cead6f.jpg] Left lines: 8, Right lines: 18
[0d61234a-542010b2.jpg] Left lines: 12, Right lines: 12
[0e442b65-b17e0b50.jpg] Left lines: 11, Right lines: 1
[0e5c7e92-0d9c60f0.jpg] Left lines: 12, Right lines: 13
[0f837def-9646c091.jpg] Left lines: 11, Right lines: 6
[0fba84f9-73b520ee.jpg] Left lines: 16, Right lines: 12
[101a0964-930eae70.jpg] Left lines: 8, Right lines: 12
[10389fe8-433c740c.jpg] Left lines: 22, Right lines: 15
[10453a95-40759ac3.jpg] Left lines: 3, Right lines: 14
[1072195f-0a161ade.jpg] Left lines: 16, Right lines: 18
[1072195f-6cf88b25.jpg] Left lines: 6, Right lines: 11
[11513e3d-150058c3.jpg] Left lines: 8, Right lines: 17
[1189ae68-1a8ad3c6.jpg] Left lines: 13, Right lines: 6
[12076ebb-c07285d7.jpg] Left lines: 6, Right lines: 11
[125134e5-7dfc45b9.jpg] Left lines: 5, Right lines: 17
[12ae9ab8-794f5adc.jpg] Left lines: 13, Right lines: 13
[13f61134-50021e53.jpg] Left lines: 5, Right lines: 4
[14eace5a-ddf3b303.jpg] Left lines: 30, Right lines: 2
[1608cfe7-32da2c5d.jpg] Left lines: 10, Right lines: 9
[162995f1-d2c7d259.jpg] Left lines: 14, Right lines: 14
[16b0973f-c07b564a.jpg] Left lines: 25, Right lines: 4
[1784d67b-6b223914.jpg] Left lines: 11, Right lines: 13
[1784d67b-d76145ce.jpg] Left lines: 9, Right lines: 9
[188c58f3-792afc71.jpg] Left lines: 9, Right lines: 30
[193f7f3b-84bc7998.jpg] Left lines: 9, Right lines: 6
[194058b0-ac0616a6.jpg] Left lines: 23, Right lines: 2
[19e56249-09c4bbc6.jpg] Left lines: 1, Right lines: 6
[1a71faae-d5f255fd.jpg] Left lines: 11, Right lines: 11
[1a8992a7-da5a8510.jpg] Left lines: 4, Right lines: 7
[1ac0178c-0b259360.jpg] Left lines: 1, Right lines: 11
[1b30f76f-95aa8a06.jpg] Left lines: 15, Right lines: 9
[1bda5a26-420ceea6.jpg] Left lines: 15, Right lines: 9
[1bf7f3d2-15f95138.jpg] Left lines: 20, Right lines: 19
[1c227a12-10e5552c.jpg] Left lines: 2, Right lines: 10
[1c227a12-ec67af93.jpg] Left lines: 10, Right lines: 1
[1c5e9657-2e2a2863.jpg] Left lines: 2, Right lines: 9
[1cb2a89b-4594573e.jpg] Left lines: 10, Right lines: 11
[1cf54809-c6daa5a9.jpg] Left lines: 14, Right lines: 16
[1d5e05f8-5020f67d.jpg] Left lines: 26, Right lines: 13
[1e57ae90-806bc767.jpg] Left lines: 8, Right lines: 20
[1f959fdd-6ff63d34.jpg] Left lines: 3, Right lines: 13
[1fa65acf-d43367bc.jpg] Left lines: 21, Right lines: 5
[20cfadfa-47711496.jpg] Left lines: 11, Right lines: 15
[20cfadfa-6f87fdc1.jpg] Left lines: 32, Right lines: 29
[225a1858-0e3a4b04.jpg] Left lines: 7, Right lines: 1
[22be2f14-59fbdca0.jpg] Left lines: 10, Right lines: 24
[23333f35-0cbc3f0f.jpg] Left lines: 4, Right lines: 4
[23df146f-64b50e4c.jpg] Left lines: 20, Right lines: 24
[24392d7c-998011c2.jpg] Left lines: 12, Right lines: 13
[250e7595-b14da270.jpg] Left lines: 20, Right lines: 13
[26190b83-39ccb412.jpg] Left lines: 4, Right lines: 28
[272d52f6-8aac36b3.jpg] Left lines: 15, Right lines: 11
[2752681a-e813599a.jpg] Left lines: 19, Right lines: 7
[27645526-f038b033.jpg] Left lines: 57, Right lines: 3
[2773af6f-23e23a6b.jpg] Left lines: 13, Right lines: 11
[28faf684-03ef4c6e.jpg] Left lines: 9, Right lines: 14
[292720ee-d847ee69.jpg] Left lines: 9, Right lines: 10
[2b54fe2d-c5b810e6.jpg] Left lines: 30, Right lines: 14
[2b605c48-8dfe352b.jpg] Left lines: 18, Right lines: 42
[2beccce2-354608e2.jpg] Left lines: 27, Right lines: 28
[2c87e51d-aa7a8031.jpg] Left lines: 5, Right lines: 1
[2ce0b449-e818dc97.jpg] Left lines: 5, Right lines: 5
[2cf976a2-479cd46b.jpg] Left lines: 7, Right lines: 8
[2e2fae77-b7497ca0.jpg] Left lines: 8, Right lines: 22
[2ead8042-2493c03f.jpg] Left lines: 6, Right lines: 7
[2f1864c1-1a17d11c.jpg] Left lines: 12, Right lines: 13
[2f879dc0-b09e4824.jpg] Left lines: 11, Right lines: 16
[2fc9ad1e-ee4c9e43.jpg] Left lines: 16, Right lines: 4
[3050b249-0ffbd6ec.jpg] Left lines: 6, Right lines: 4
[314cc010-3eab5c90.jpg] Left lines: 8, Right lines: 12
[31765c6b-90b0d612.jpg] Left lines: 11, Right lines: 11
[31cf6eba-5c84c636.jpg] Left lines: 17, Right lines: 7
[32de2244-122f1783.jpg] Left lines: 7, Right lines: 11
[33420085-32996107.jpg] Left lines: 34, Right lines: 12
[3430a5e6-00ec38d2.jpg] Left lines: 15, Right lines: 9
[35eb46d0-8f7e28a0.jpg] Left lines: 15, Right lines: 12
[3735fc3d-69d8b80c.jpg] Left lines: 16, Right lines: 11
[3740cd4f-ff1d423d.jpg] Left lines: 4, Right lines: 14
[375abba2-9f2ed56c.jpg] Left lines: 12, Right lines: 12
[37723e55-31730cf5.jpg] Left lines: 6, Right lines: 6
[380a3f8e-ba4f0def.jpg] Left lines: 22, Right lines: 9
[385b0f61-1aee12ef.jpg] Left lines: 8, Right lines: 8
[3865fea7-b4fe472d.jpg] Left lines: 19, Right lines: 15
[38e561dd-8ea8ae2d.jpg] Left lines: 7, Right lines: 13
[38ed8d8d-93c48de2.jpg] Left lines: 13, Right lines: 6
[38ed8d8d-b1c230ef.jpg] Left lines: 5, Right lines: 4
[38ed8d8d-fa50400c.jpg] Left lines: 9, Right lines: 25
[3900ad8c-8834019f.jpg] Left lines: 0, Right lines: 6
[39ddb110-04604b9c.jpg] Left lines: 1, Right lines: 12
[39fc6d1c-6155351d.jpg] Left lines: 0, Right lines: 16
[3a278d39-b92df256.jpg] Left lines: 20, Right lines: 10
[3a3407a2-df8ea956.jpg] Left lines: 12, Right lines: 6
[3ad0c4a7-2a3d544e.jpg] Left lines: 10, Right lines: 8
[3b1e1bc1-ee64e36e.jpg] Left lines: 12, Right lines: 17
[3b44ef5a-c09e8479.jpg] Left lines: 31, Right lines: 11
[3b563c5e-0102edaf.jpg] Left lines: 3, Right lines: 18
[3b9716a6-d2566395.jpg] Left lines: 15, Right lines: 10
[3c0bbdc2-79baffce.jpg] Left lines: 19, Right lines: 8
[3c5752b6-9c0bdf98.jpg] Left lines: 2, Right lines: 7
[3c95ae26-68abac3f.jpg] Left lines: 9, Right lines: 6
[3e0f1745-a95a63ad.jpg] Left lines: 7, Right lines: 21
[3f4eb6a6-9eee52f9.jpg] Left lines: 15, Right lines: 13
[3f85a987-1ef4053b.jpg] Left lines: 3, Right lines: 3
[3fe1feaa-10126fec.jpg] Left lines: 6, Right lines: 6
[3ffdaa26-b394f6f8.jpg] Left lines: 0, Right lines: 20
[4027c10d-41d54e9b.jpg] Left lines: 6, Right lines: 11
[428e99ea-4166e549.jpg] Left lines: 46, Right lines: 8
[42e0dd11-74b81997.jpg] Left lines: 2, Right lines: 16
[430395d1-931c959e.jpg] Left lines: 9, Right lines: 0
[43126e0d-495d04a5.jpg] Left lines: 10, Right lines: 15
[43126e0d-cce96832.jpg] Left lines: 22, Right lines: 11
[432f9e20-83a0d96c.jpg] Left lines: 17, Right lines: 18
[43c7ed5c-b0690325.jpg] Left lines: 2, Right lines: 5
[44cc16d9-d2e06fd6.jpg] Left lines: 6, Right lines: 6
[45bafa98-1ee18a2f.jpg] Left lines: 1, Right lines: 6
[46d048a1-8f7f385c.jpg] Left lines: 3, Right lines: 8
[46f76df9-8bf77914.jpg] Left lines: 10, Right lines: 15
[480263a0-5aad7ae9.jpg] Left lines: 4, Right lines: 30
[488480d6-b94cf415.jpg] Left lines: 9, Right lines: 18
[48ed707e-5062e4c3.jpg] Left lines: 11, Right lines: 6
[4a289ff2-7da7feb6.jpg] Left lines: 2, Right lines: 1
[4a31f3e3-ac7ed780.jpg] Left lines: 32, Right lines: 6
[4b2e1dde-65b54419.jpg] Left lines: 6, Right lines: 13
[4d4a590b-4332c5ab.jpg] Left lines: 15, Right lines: 7
[5069db50-52f5af30.jpg] Left lines: 22, Right lines: 9
[50866f46-30d1f303.jpg] Left lines: 13, Right lines: 20
[50b115d6-4b08a666.jpg] Left lines: 13, Right lines: 12
[50b2e757-6c7d0f63.jpg] Left lines: 10, Right lines: 17
[50d0fd05-8db58ebd.jpg] Left lines: 2, Right lines: 1
[510671e9-603795e0.jpg] Left lines: 23, Right lines: 35
[514a6d58-0790e0cd.jpg] Left lines: 11, Right lines: 12
[5150bb50-300d52ce.jpg] Left lines: 11, Right lines: 18
[52799e9e-8c8673f3.jpg] Left lines: 8, Right lines: 8
[52bda346-fd8ac6e7.jpg] Left lines: 5, Right lines: 14
[534418ba-ee05398f.jpg] Left lines: 11, Right lines: 10
[54360b72-e00a3f70.jpg] Left lines: 16, Right lines: 33
[554d7cd5-a32486dd.jpg] Left lines: 16, Right lines: 14
[559fed19-7893646f.jpg] Left lines: 2, Right lines: 12
[57165857-e4d4a47f.jpg] Left lines: 1, Right lines: 2
[5795bfe7-a599384a.jpg] Left lines: 5, Right lines: 4
[57ac74e2-e86131f1.jpg] Left lines: 5, Right lines: 33
[57b495f2-6da6b1e5.jpg] Left lines: 5, Right lines: 4
[585443c8-2621a6b1.jpg] Left lines: 7, Right lines: 8
[5877b384-2545daf4.jpg] Left lines: 18, Right lines: 5
[587bb1bf-1aa00fe5.jpg] Left lines: 13, Right lines: 11
[5995c288-2d152172.jpg] Left lines: 13, Right lines: 0
[59cde7c7-344bffb1.jpg] Left lines: 2, Right lines: 2
[5a8f9b5d-1fdfd2d4.jpg] Left lines: 25, Right lines: 14
[5ae83f9c-da990b49.jpg] Left lines: 13, Right lines: 21
[5b2b4881-67a6cb87.jpg] Left lines: 8, Right lines: 1
[5b2fd56a-37759b05.jpg] Left lines: 15, Right lines: 7
[5b4b0b07-2fb56b82.jpg] Left lines: 9, Right lines: 15
[5bc44a50-c371c4d0.jpg] Left lines: 15, Right lines: 10
[5c4004b7-bf3b7941.jpg] Left lines: 15, Right lines: 8
[5c534f5f-a76c7f4b.jpg] Left lines: 14, Right lines: 15
[5c5dc708-35460444.jpg] Left lines: 3, Right lines: 6
[5da6c6b6-76c54605.jpg] Left lines: 1, Right lines: 4
[5dc5141c-5890b5b1.jpg] Left lines: 2, Right lines: 20
[5dd831da-bd00cf03.jpg] Left lines: 13, Right lines: 23
[5dfb063f-7bd23d5c.jpg] Left lines: 12, Right lines: 5
[5e0b701e-d443d8c2.jpg] Left lines: 8, Right lines: 14
[5e26f49d-0bc53c7e.jpg] Left lines: 16, Right lines: 1
[5e26f49d-9271bf00.jpg] Left lines: 10, Right lines: 12
[5e625ec3-7b4fc682.jpg] Left lines: 20, Right lines: 16
[5f9387ff-330136ae.jpg] Left lines: 18, Right lines: 2
[5fa17a25-88b8e6b9.jpg] Left lines: 27, Right lines: 12
[5fa422e1-2d8dd765.jpg] Left lines: 30, Right lines: 4
[5fb2a702-f56a339c.jpg] Left lines: 10, Right lines: 5
[6011831b-0992e205.jpg] Left lines: 16, Right lines: 15
[60137cc0-428b8f5b.jpg] Left lines: 9, Right lines: 1
[604b5b3e-3c2e6b6b.jpg] Left lines: 6, Right lines: 11
[6092f5a2-424550ba.jpg] Left lines: 15, Right lines: 14
[60ba25dd-6c0df417.jpg] Left lines: 7, Right lines: 13
[60c678e7-4813ae0f.jpg] Left lines: 10, Right lines: 12
[614ecada-16b0f8b6.jpg] Left lines: 13, Right lines: 23
[61e4ad87-53ceb455.jpg] Left lines: 32, Right lines: 13
[6240d7b3-b51b5788.jpg] Left lines: 9, Right lines: 10
[62aefb36-b685117f.jpg] Left lines: 25, Right lines: 17
[634c1785-3bb9a8a2.jpg] Left lines: 13, Right lines: 11
[634c1785-aeb1652f.jpg] Left lines: 24, Right lines: 14
[63f73472-028615f1.jpg] Left lines: 21, Right lines: 14
[6485ad0a-245d1600.jpg] Left lines: 18, Right lines: 15
[648dc925-e359dbec.jpg] Left lines: 5, Right lines: 4
[65edc5a1-f309fed7.jpg] Left lines: 17, Right lines: 15
[661381d9-1114a810.jpg] Left lines: 22, Right lines: 3
[664cb246-f84cfaf4.jpg] Left lines: 20, Right lines: 12
[675cf8fa-4b1ce8b9.jpg] Left lines: 24, Right lines: 11
[67faeadf-eb09a636.jpg] Left lines: 7, Right lines: 8
[691be377-5dbc29ee.jpg] Left lines: 1, Right lines: 3
[692f1303-05178963.jpg] Left lines: 5, Right lines: 4
[692f9b08-bdbbd729.jpg] Left lines: 23, Right lines: 5
[69bfbe31-5ee2a642.jpg] Left lines: 28, Right lines: 11
[69cf7667-68f59649.jpg] Left lines: 14, Right lines: 9
[69cf7667-7eb40860.jpg] Left lines: 26, Right lines: 3
[6a44fb9a-05a3dd18.jpg] Left lines: 25, Right lines: 14
[6a793e80-4f5e207f.jpg] Left lines: 8, Right lines: 11
[6a82c0d6-b31f6b90.jpg] Left lines: 1, Right lines: 17
[6a8d218d-14e4fa28.jpg] Left lines: 5, Right lines: 9
[6ad110c3-789e7724.jpg] Left lines: 28, Right lines: 11
[6b15392a-3a1699fd.jpg] Left lines: 32, Right lines: 19
[6b784eee-0a5a2c89.jpg] Left lines: 34, Right lines: 8
[6bb5a881-15e5c2c4.jpg] Left lines: 4, Right lines: 13
[6bd41587-d65ba5b4.jpg] Left lines: 4, Right lines: 4
[6d0d7bef-fb11b6e1.jpg] Left lines: 10, Right lines: 8
[6d57736c-a35808b9.jpg] Left lines: 10, Right lines: 5
[6d8a6d94-00a7ad92.jpg] Left lines: 4, Right lines: 10
[6eeed3fa-87a1b0c9.jpg] Left lines: 8, Right lines: 13
[701992bd-8a457895.jpg] Left lines: 14, Right lines: 11
[7171644d-4e74752e.jpg] Left lines: 5, Right lines: 28
[7171644d-ee92c71e.jpg] Left lines: 13, Right lines: 22
[72f22fa5-8af4615c.jpg] Left lines: 36, Right lines: 15
[72fd00fe-aeadfc89.jpg] Left lines: 21, Right lines: 13
[730c67a5-563e9b1f.jpg] Left lines: 12, Right lines: 10
[738a2bcd-7a6fde0d.jpg] Left lines: 5, Right lines: 5
[73aff960-d46366ec.jpg] Left lines: 3, Right lines: 5
[73d338d6-edf0b3db.jpg] Left lines: 21, Right lines: 20
[75ad1fff-77299093.jpg] Left lines: 1, Right lines: 9
[75f5f52c-6b67e736.jpg] Left lines: 11, Right lines: 7
[777005a8-14c739ad.jpg] Left lines: 10, Right lines: 3
[7771e03b-832e52c0.jpg] Left lines: 5, Right lines: 13
[7771e03b-a8f9d50c.jpg] Left lines: 25, Right lines: 11
[7797fea2-c37f9856.jpg] Left lines: 8, Right lines: 18
[77bdbeb0-edb0613f.jpg] Left lines: 14, Right lines: 10
[77dca577-16a39ea0.jpg] Left lines: 8, Right lines: 7
[77f810c4-43a39c1f.jpg] Left lines: 10, Right lines: 4
[7814206e-8e991d51.jpg] Left lines: 18, Right lines: 10
[7814206e-ea2508d0.jpg] Left lines: 11, Right lines: 10
[79e177bc-4d5d3acc.jpg] Left lines: 19, Right lines: 17
[7aa4ff0f-9d28d8a4.jpg] Left lines: 12, Right lines: 18
[7ad1174c-373265eb.jpg] Left lines: 8, Right lines: 2
[7b268b98-e0ec16c3.jpg] Left lines: 4, Right lines: 2
[7c5a2048-332896ea.jpg] Left lines: 13, Right lines: 10
[7c5d50c5-7292de37.jpg] Left lines: 7, Right lines: 18
[7d1fe115-936a2f47.jpg] Left lines: 7, Right lines: 12
[7dc2914d-a20a969a.jpg] Left lines: 16, Right lines: 8
[7e4ab78b-4a62c63e.jpg] Left lines: 4, Right lines: 12
[7e590c49-93f03732.jpg] Left lines: 1, Right lines: 4
[7ed57d0a-d7bcc13d.jpg] Left lines: 27, Right lines: 27
[7f0ef682-c93899df.jpg] Left lines: 1, Right lines: 10
[7f4ac354-777de900.jpg] Left lines: 12, Right lines: 6
[7f9bdf0d-c0e0061f.jpg] Left lines: 27, Right lines: 5
[7fd14da9-a855494b.jpg] Left lines: 29, Right lines: 11
[801bff84-a72998c7.jpg] Left lines: 31, Right lines: 19
[8073de38-f7eab6ec.jpg] Left lines: 16, Right lines: 19
[8082ea05-1a7bcd47.jpg] Left lines: 14, Right lines: 32
[80ecebc0-ca9605f4.jpg] Left lines: 5, Right lines: 6
[81ec3b39-1951f79e.jpg] Left lines: 14, Right lines: 8
[82b14c0c-79b99258.jpg] Left lines: 17, Right lines: 13
[82b5fc3b-90cadd1b.jpg] Left lines: 8, Right lines: 21
[82f03471-8e304dd5.jpg] Left lines: 3, Right lines: 13
[836fa13a-d6058a12.jpg] Left lines: 9, Right lines: 5
[84fb3f59-7d5d1fa4.jpg] Left lines: 6, Right lines: 18
[8542b4da-7795bcfd.jpg] Left lines: 13, Right lines: 11
[85f3f250-1fef85ac.jpg] Left lines: 14, Right lines: 15
[87ca2979-d5158824.jpg] Left lines: 7, Right lines: 13
[889b7dda-77f16103.jpg] Left lines: 8, Right lines: 13
[88dbf01a-d8b35dee.jpg] Left lines: 11, Right lines: 2
[897223bc-6938f1ab.jpg] Left lines: 11, Right lines: 7
[89b7454d-880eacbd.jpg] Left lines: 9, Right lines: 8
[89e85e71-7dd0a7b6.jpg] Left lines: 30, Right lines: 28
[8a4fbffe-47866ce9.jpg] Left lines: 4, Right lines: 6
[8a76c101-8bcefc32.jpg] Left lines: 2, Right lines: 12
[8b7ef6c4-6bbcf25f.jpg] Left lines: 16, Right lines: 13
[8bac644e-e0437ead.jpg] Left lines: 0, Right lines: 5
[8c94c649-8ba62efa.jpg] Left lines: 1, Right lines: 3
[8c9bbaa9-34934b66.jpg] Left lines: 13, Right lines: 12
[degraded] caching 300 clean images in memory
[degraded] motion_blur level_1 (300 images)
[0049e5b8-725e21a0.jpg] Left lines: 10, Right lines: 11
[0049e5b8-725e21a0.jpg] Left lines: 11, Right lines: 8
[0081e27b-17bf4a9e.jpg] Left lines: 6, Right lines: 26
[0081e27b-17bf4a9e.jpg] Left lines: 22, Right lines: 20
[00beeb02-50440dcd.jpg] Left lines: 2, Right lines: 1
[00beeb02-50440dcd.jpg] Left lines: 2, Right lines: 2
[00d4b6b7-7d0a60bf.jpg] Left lines: 8, Right lines: 0
[00d4b6b7-7d0a60bf.jpg] Left lines: 17, Right lines: 5
[01118704-2d838d7f.jpg] Left lines: 6, Right lines: 8
[01118704-2d838d7f.jpg] Left lines: 13, Right lines: 9
[0115917e-14907a6a.jpg] Left lines: 16, Right lines: 11
[0115917e-14907a6a.jpg] Left lines: 14, Right lines: 12
[02188a44-65ad27f3.jpg] Left lines: 29, Right lines: 0
[02188a44-65ad27f3.jpg] Left lines: 27, Right lines: 1
[02494b7b-079febf8.jpg] Left lines: 15, Right lines: 11
[02494b7b-079febf8.jpg] Left lines: 16, Right lines: 10
[029ffd50-dc944dba.jpg] Left lines: 9, Right lines: 6
[029ffd50-dc944dba.jpg] Left lines: 8, Right lines: 5
[0464a98b-860229d5.jpg] Left lines: 6, Right lines: 32
[0464a98b-860229d5.jpg] Left lines: 8, Right lines: 37
[051aadb7-51aad566.jpg] Left lines: 7, Right lines: 2
[051aadb7-51aad566.jpg] Left lines: 20, Right lines: 6
[051aadb7-e953bc4d.jpg] Left lines: 18, Right lines: 15
[051aadb7-e953bc4d.jpg] Left lines: 19, Right lines: 16
[05743a9b-747658e7.jpg] Left lines: 12, Right lines: 20
[05743a9b-747658e7.jpg] Left lines: 14, Right lines: 32
[057af272-6f700aef.jpg] Left lines: 6, Right lines: 11
[057af272-6f700aef.jpg] Left lines: 17, Right lines: 8
[05d62296-30c620d5.jpg] Left lines: 10, Right lines: 0
[05d62296-30c620d5.jpg] Left lines: 12, Right lines: 4
[05e5a68e-f0e05a42.jpg] Left lines: 14, Right lines: 15
[05e5a68e-f0e05a42.jpg] Left lines: 6, Right lines: 4
[05fa6494-8f436d04.jpg] Left lines: 14, Right lines: 26
[05fa6494-8f436d04.jpg] Left lines: 29, Right lines: 26
[060039d9-5218402b.jpg] Left lines: 21, Right lines: 12
[060039d9-5218402b.jpg] Left lines: 23, Right lines: 12
[064aa0d6-f75ff4d5.jpg] Left lines: 9, Right lines: 8
[064aa0d6-f75ff4d5.jpg] Left lines: 8, Right lines: 7
[07de5062-ddddcbd7.jpg] Left lines: 2, Right lines: 6
[07de5062-ddddcbd7.jpg] Left lines: 2, Right lines: 4
[088351d1-30833ddc.jpg] Left lines: 17, Right lines: 3
[088351d1-30833ddc.jpg] Left lines: 14, Right lines: 9
[08a49c01-675d3899.jpg] Left lines: 10, Right lines: 17
[08a49c01-675d3899.jpg] Left lines: 14, Right lines: 9
[08d4285a-4a25b9b6.jpg] Left lines: 6, Right lines: 12
[08d4285a-4a25b9b6.jpg] Left lines: 6, Right lines: 18
[09ac21d6-eefa8ed0.jpg] Left lines: 17, Right lines: 18
[09ac21d6-eefa8ed0.jpg] Left lines: 17, Right lines: 17
[0a0a0b1a-7c39d841.jpg] Left lines: 5, Right lines: 10
[0a0a0b1a-7c39d841.jpg] Left lines: 11, Right lines: 13
[0af6039a-f3c91319.jpg] Left lines: 14, Right lines: 5
[0af6039a-f3c91319.jpg] Left lines: 19, Right lines: 8
[0b2f5d0d-8fddc1fc.jpg] Left lines: 18, Right lines: 19
[0b2f5d0d-8fddc1fc.jpg] Left lines: 24, Right lines: 14
[0b4225f9-bfb10f88.jpg] Left lines: 11, Right lines: 2
[0b4225f9-bfb10f88.jpg] Left lines: 20, Right lines: 4
[0ba08fe3-880ae118.jpg] Left lines: 5, Right lines: 13
[0ba08fe3-880ae118.jpg] Left lines: 6, Right lines: 19
[0c2f33b9-f94d69b5.jpg] Left lines: 25, Right lines: 15
[0c2f33b9-f94d69b5.jpg] Left lines: 27, Right lines: 11
[0c984e6d-2b5d7ee4.jpg] Left lines: 4, Right lines: 4
[0c984e6d-2b5d7ee4.jpg] Left lines: 6, Right lines: 5
[0cb67a01-7cf1687e.jpg] Left lines: 13, Right lines: 7
[0cb67a01-7cf1687e.jpg] Left lines: 16, Right lines: 9
[0cc6f3e8-b4c9e348.jpg] Left lines: 12, Right lines: 25
[0cc6f3e8-b4c9e348.jpg] Left lines: 18, Right lines: 56
[0cf398b3-ce65ab64.jpg] Left lines: 7, Right lines: 0
[0cf398b3-ce65ab64.jpg] Left lines: 6, Right lines: 11
[0d3ec56a-f4cead6f.jpg] Left lines: 6, Right lines: 15
[0d3ec56a-f4cead6f.jpg] Left lines: 28, Right lines: 14
[0d61234a-542010b2.jpg] Left lines: 12, Right lines: 11
[0d61234a-542010b2.jpg] Left lines: 16, Right lines: 12
[0e442b65-b17e0b50.jpg] Left lines: 10, Right lines: 5
[0e442b65-b17e0b50.jpg] Left lines: 14, Right lines: 7
[0e5c7e92-0d9c60f0.jpg] Left lines: 12, Right lines: 12
[0e5c7e92-0d9c60f0.jpg] Left lines: 10, Right lines: 14
[0f837def-9646c091.jpg] Left lines: 10, Right lines: 6
[0f837def-9646c091.jpg] Left lines: 12, Right lines: 8
[0fba84f9-73b520ee.jpg] Left lines: 14, Right lines: 12
[0fba84f9-73b520ee.jpg] Left lines: 15, Right lines: 11
[101a0964-930eae70.jpg] Left lines: 8, Right lines: 12
[101a0964-930eae70.jpg] Left lines: 8, Right lines: 15
[10389fe8-433c740c.jpg] Left lines: 25, Right lines: 12
[10389fe8-433c740c.jpg] Left lines: 70, Right lines: 17
[10453a95-40759ac3.jpg] Left lines: 4, Right lines: 13
[10453a95-40759ac3.jpg] Left lines: 5, Right lines: 10
[1072195f-0a161ade.jpg] Left lines: 14, Right lines: 16
[1072195f-0a161ade.jpg] Left lines: 14, Right lines: 15
[1072195f-6cf88b25.jpg] Left lines: 5, Right lines: 11
[1072195f-6cf88b25.jpg] Left lines: 10, Right lines: 13
[11513e3d-150058c3.jpg] Left lines: 12, Right lines: 22
[11513e3d-150058c3.jpg] Left lines: 15, Right lines: 16
[1189ae68-1a8ad3c6.jpg] Left lines: 11, Right lines: 9
[1189ae68-1a8ad3c6.jpg] Left lines: 13, Right lines: 8
[12076ebb-c07285d7.jpg] Left lines: 7, Right lines: 9
[12076ebb-c07285d7.jpg] Left lines: 3, Right lines: 8
[125134e5-7dfc45b9.jpg] Left lines: 5, Right lines: 11
[125134e5-7dfc45b9.jpg] Left lines: 17, Right lines: 16
[12ae9ab8-794f5adc.jpg] Left lines: 24, Right lines: 14
[12ae9ab8-794f5adc.jpg] Left lines: 30, Right lines: 14
[13f61134-50021e53.jpg] Left lines: 5, Right lines: 9
[13f61134-50021e53.jpg] Left lines: 9, Right lines: 6
[14eace5a-ddf3b303.jpg] Left lines: 31, Right lines: 4
[14eace5a-ddf3b303.jpg] Left lines: 27, Right lines: 4
[1608cfe7-32da2c5d.jpg] Left lines: 10, Right lines: 10
[1608cfe7-32da2c5d.jpg] Left lines: 8, Right lines: 11
[162995f1-d2c7d259.jpg] Left lines: 14, Right lines: 1
[162995f1-d2c7d259.jpg] Left lines: 14, Right lines: 14
[16b0973f-c07b564a.jpg] Left lines: 26, Right lines: 4
[16b0973f-c07b564a.jpg] Left lines: 24, Right lines: 6
[1784d67b-6b223914.jpg] Left lines: 12, Right lines: 12
[1784d67b-6b223914.jpg] Left lines: 13, Right lines: 13
[1784d67b-d76145ce.jpg] Left lines: 7, Right lines: 11
[1784d67b-d76145ce.jpg] Left lines: 8, Right lines: 10
[188c58f3-792afc71.jpg] Left lines: 3, Right lines: 22
[188c58f3-792afc71.jpg] Left lines: 6, Right lines: 39
[193f7f3b-84bc7998.jpg] Left lines: 5, Right lines: 11
[193f7f3b-84bc7998.jpg] Left lines: 15, Right lines: 12
[194058b0-ac0616a6.jpg] Left lines: 19, Right lines: 0
[194058b0-ac0616a6.jpg] Left lines: 15, Right lines: 3
[19e56249-09c4bbc6.jpg] Left lines: 1, Right lines: 0
[19e56249-09c4bbc6.jpg] Left lines: 1, Right lines: 13
[1a71faae-d5f255fd.jpg] Left lines: 13, Right lines: 14
[1a71faae-d5f255fd.jpg] Left lines: 12, Right lines: 30
[1a8992a7-da5a8510.jpg] Left lines: 5, Right lines: 6
[1a8992a7-da5a8510.jpg] Left lines: 15, Right lines: 7
[1ac0178c-0b259360.jpg] Left lines: 1, Right lines: 6
[1ac0178c-0b259360.jpg] Left lines: 2, Right lines: 13
[1b30f76f-95aa8a06.jpg] Left lines: 14, Right lines: 8
[1b30f76f-95aa8a06.jpg] Left lines: 14, Right lines: 8
[1bda5a26-420ceea6.jpg] Left lines: 14, Right lines: 11
[1bda5a26-420ceea6.jpg] Left lines: 14, Right lines: 9
[1bf7f3d2-15f95138.jpg] Left lines: 14, Right lines: 23
[1bf7f3d2-15f95138.jpg] Left lines: 19, Right lines: 27
[1c227a12-10e5552c.jpg] Left lines: 4, Right lines: 12
[1c227a12-10e5552c.jpg] Left lines: 2, Right lines: 13
[1c227a12-ec67af93.jpg] Left lines: 9, Right lines: 1
[1c227a12-ec67af93.jpg] Left lines: 9, Right lines: 2
[1c5e9657-2e2a2863.jpg] Left lines: 2, Right lines: 8
[1c5e9657-2e2a2863.jpg] Left lines: 8, Right lines: 9
[1cb2a89b-4594573e.jpg] Left lines: 10, Right lines: 11
[1cb2a89b-4594573e.jpg] Left lines: 10, Right lines: 12
[1cf54809-c6daa5a9.jpg] Left lines: 15, Right lines: 13
[1cf54809-c6daa5a9.jpg] Left lines: 9, Right lines: 16
[1d5e05f8-5020f67d.jpg] Left lines: 30, Right lines: 10
[1d5e05f8-5020f67d.jpg] Left lines: 28, Right lines: 12
[1e57ae90-806bc767.jpg] Left lines: 7, Right lines: 22
[1e57ae90-806bc767.jpg] Left lines: 7, Right lines: 21
[1f959fdd-6ff63d34.jpg] Left lines: 3, Right lines: 12
[1f959fdd-6ff63d34.jpg] Left lines: 3, Right lines: 14
[1fa65acf-d43367bc.jpg] Left lines: 18, Right lines: 6
[1fa65acf-d43367bc.jpg] Left lines: 17, Right lines: 10
[20cfadfa-47711496.jpg] Left lines: 22, Right lines: 10
[20cfadfa-47711496.jpg] Left lines: 25, Right lines: 7
[20cfadfa-6f87fdc1.jpg] Left lines: 29, Right lines: 33
[20cfadfa-6f87fdc1.jpg] Left lines: 33, Right lines: 32
[225a1858-0e3a4b04.jpg] Left lines: 6, Right lines: 2
[225a1858-0e3a4b04.jpg] Left lines: 9, Right lines: 1
[22be2f14-59fbdca0.jpg] Left lines: 10, Right lines: 10
[22be2f14-59fbdca0.jpg] Left lines: 10, Right lines: 14
[23333f35-0cbc3f0f.jpg] Left lines: 6, Right lines: 5
[23333f35-0cbc3f0f.jpg] Left lines: 6, Right lines: 2
[23df146f-64b50e4c.jpg] Left lines: 21, Right lines: 25
[23df146f-64b50e4c.jpg] Left lines: 22, Right lines: 28
[24392d7c-998011c2.jpg] Left lines: 15, Right lines: 13
[24392d7c-998011c2.jpg] Left lines: 9, Right lines: 17
[250e7595-b14da270.jpg] Left lines: 18, Right lines: 8
[250e7595-b14da270.jpg] Left lines: 28, Right lines: 10
[26190b83-39ccb412.jpg] Left lines: 3, Right lines: 29
[26190b83-39ccb412.jpg] Left lines: 4, Right lines: 41
[272d52f6-8aac36b3.jpg] Left lines: 15, Right lines: 10
[272d52f6-8aac36b3.jpg] Left lines: 16, Right lines: 11
[2752681a-e813599a.jpg] Left lines: 20, Right lines: 10
[2752681a-e813599a.jpg] Left lines: 16, Right lines: 9
[27645526-f038b033.jpg] Left lines: 56, Right lines: 6
[27645526-f038b033.jpg] Left lines: 39, Right lines: 3
[2773af6f-23e23a6b.jpg] Left lines: 12, Right lines: 12
[2773af6f-23e23a6b.jpg] Left lines: 13, Right lines: 19
[28faf684-03ef4c6e.jpg] Left lines: 10, Right lines: 17
[28faf684-03ef4c6e.jpg] Left lines: 10, Right lines: 16
[292720ee-d847ee69.jpg] Left lines: 8, Right lines: 8
[292720ee-d847ee69.jpg] Left lines: 9, Right lines: 10
[2b54fe2d-c5b810e6.jpg] Left lines: 19, Right lines: 27
[2b54fe2d-c5b810e6.jpg] Left lines: 33, Right lines: 7
[2b605c48-8dfe352b.jpg] Left lines: 14, Right lines: 30
[2b605c48-8dfe352b.jpg] Left lines: 23, Right lines: 39
[2beccce2-354608e2.jpg] Left lines: 20, Right lines: 26
[2beccce2-354608e2.jpg] Left lines: 34, Right lines: 32
[2c87e51d-aa7a8031.jpg] Left lines: 1, Right lines: 9
[2c87e51d-aa7a8031.jpg] Left lines: 14, Right lines: 1
[2ce0b449-e818dc97.jpg] Left lines: 6, Right lines: 0
[2ce0b449-e818dc97.jpg] Left lines: 8, Right lines: 7
[2cf976a2-479cd46b.jpg] Left lines: 6, Right lines: 7
[2cf976a2-479cd46b.jpg] Left lines: 4, Right lines: 7
[2e2fae77-b7497ca0.jpg] Left lines: 11, Right lines: 21
[2e2fae77-b7497ca0.jpg] Left lines: 10, Right lines: 15
[2ead8042-2493c03f.jpg] Left lines: 5, Right lines: 7
[2ead8042-2493c03f.jpg] Left lines: 5, Right lines: 12
[2f1864c1-1a17d11c.jpg] Left lines: 13, Right lines: 16
[2f1864c1-1a17d11c.jpg] Left lines: 14, Right lines: 12
[2f879dc0-b09e4824.jpg] Left lines: 12, Right lines: 15
[2f879dc0-b09e4824.jpg] Left lines: 13, Right lines: 12
[2fc9ad1e-ee4c9e43.jpg] Left lines: 14, Right lines: 5
[2fc9ad1e-ee4c9e43.jpg] Left lines: 17, Right lines: 5
[3050b249-0ffbd6ec.jpg] Left lines: 2, Right lines: 6
[3050b249-0ffbd6ec.jpg] Left lines: 7, Right lines: 5
[314cc010-3eab5c90.jpg] Left lines: 7, Right lines: 12
[314cc010-3eab5c90.jpg] Left lines: 13, Right lines: 14
[31765c6b-90b0d612.jpg] Left lines: 12, Right lines: 13
[31765c6b-90b0d612.jpg] Left lines: 11, Right lines: 11
[31cf6eba-5c84c636.jpg] Left lines: 14, Right lines: 9
[31cf6eba-5c84c636.jpg] Left lines: 17, Right lines: 9
[32de2244-122f1783.jpg] Left lines: 7, Right lines: 13
[32de2244-122f1783.jpg] Left lines: 7, Right lines: 16
[33420085-32996107.jpg] Left lines: 33, Right lines: 8
[33420085-32996107.jpg] Left lines: 39, Right lines: 12
[3430a5e6-00ec38d2.jpg] Left lines: 13, Right lines: 4
[3430a5e6-00ec38d2.jpg] Left lines: 10, Right lines: 12
[35eb46d0-8f7e28a0.jpg] Left lines: 13, Right lines: 16
[35eb46d0-8f7e28a0.jpg] Left lines: 15, Right lines: 18
[3735fc3d-69d8b80c.jpg] Left lines: 18, Right lines: 14
[3735fc3d-69d8b80c.jpg] Left lines: 21, Right lines: 12
[3740cd4f-ff1d423d.jpg] Left lines: 6, Right lines: 13
[3740cd4f-ff1d423d.jpg] Left lines: 16, Right lines: 14
[375abba2-9f2ed56c.jpg] Left lines: 14, Right lines: 14
[375abba2-9f2ed56c.jpg] Left lines: 16, Right lines: 14
[37723e55-31730cf5.jpg] Left lines: 2, Right lines: 4
[37723e55-31730cf5.jpg] Left lines: 10, Right lines: 4
[380a3f8e-ba4f0def.jpg] Left lines: 17, Right lines: 10
[380a3f8e-ba4f0def.jpg] Left lines: 23, Right lines: 9
[385b0f61-1aee12ef.jpg] Left lines: 11, Right lines: 6
[385b0f61-1aee12ef.jpg] Left lines: 8, Right lines: 8
[3865fea7-b4fe472d.jpg] Left lines: 17, Right lines: 18
[3865fea7-b4fe472d.jpg] Left lines: 11, Right lines: 14
[38e561dd-8ea8ae2d.jpg] Left lines: 9, Right lines: 12
[38e561dd-8ea8ae2d.jpg] Left lines: 14, Right lines: 21
[38ed8d8d-93c48de2.jpg] Left lines: 10, Right lines: 7
[38ed8d8d-93c48de2.jpg] Left lines: 14, Right lines: 8
[38ed8d8d-b1c230ef.jpg] Left lines: 4, Right lines: 4
[38ed8d8d-b1c230ef.jpg] Left lines: 5, Right lines: 4
[38ed8d8d-fa50400c.jpg] Left lines: 12, Right lines: 29
[38ed8d8d-fa50400c.jpg] Left lines: 9, Right lines: 30
[3900ad8c-8834019f.jpg] Left lines: 0, Right lines: 5
[3900ad8c-8834019f.jpg] Left lines: 1, Right lines: 10
[39ddb110-04604b9c.jpg] Left lines: 1, Right lines: 11
[39ddb110-04604b9c.jpg] Left lines: 1, Right lines: 15
[39fc6d1c-6155351d.jpg] Left lines: 0, Right lines: 16
[39fc6d1c-6155351d.jpg] Left lines: 5, Right lines: 14
[3a278d39-b92df256.jpg] Left lines: 14, Right lines: 9
[3a278d39-b92df256.jpg] Left lines: 19, Right lines: 10
[3a3407a2-df8ea956.jpg] Left lines: 15, Right lines: 0
[3a3407a2-df8ea956.jpg] Left lines: 10, Right lines: 6
[3ad0c4a7-2a3d544e.jpg] Left lines: 9, Right lines: 2
[3ad0c4a7-2a3d544e.jpg] Left lines: 3, Right lines: 2
[3b1e1bc1-ee64e36e.jpg] Left lines: 11, Right lines: 15
[3b1e1bc1-ee64e36e.jpg] Left lines: 11, Right lines: 14
[3b44ef5a-c09e8479.jpg] Left lines: 21, Right lines: 13
[3b44ef5a-c09e8479.jpg] Left lines: 14, Right lines: 11
[3b563c5e-0102edaf.jpg] Left lines: 3, Right lines: 13
[3b563c5e-0102edaf.jpg] Left lines: 4, Right lines: 15
[3b9716a6-d2566395.jpg] Left lines: 10, Right lines: 9
[3b9716a6-d2566395.jpg] Left lines: 31, Right lines: 15
[3c0bbdc2-79baffce.jpg] Left lines: 20, Right lines: 7
[3c0bbdc2-79baffce.jpg] Left lines: 15, Right lines: 8
[3c5752b6-9c0bdf98.jpg] Left lines: 1, Right lines: 6
[3c5752b6-9c0bdf98.jpg] Left lines: 4, Right lines: 7
[3c95ae26-68abac3f.jpg] Left lines: 9, Right lines: 9
[3c95ae26-68abac3f.jpg] Left lines: 9, Right lines: 7
[3e0f1745-a95a63ad.jpg] Left lines: 8, Right lines: 19
[3e0f1745-a95a63ad.jpg] Left lines: 11, Right lines: 23
[3f4eb6a6-9eee52f9.jpg] Left lines: 16, Right lines: 15
[3f4eb6a6-9eee52f9.jpg] Left lines: 17, Right lines: 17
[3f85a987-1ef4053b.jpg] Left lines: 3, Right lines: 4
[3f85a987-1ef4053b.jpg] Left lines: 3, Right lines: 11
[3fe1feaa-10126fec.jpg] Left lines: 8, Right lines: 4
[3fe1feaa-10126fec.jpg] Left lines: 4, Right lines: 14
[3ffdaa26-b394f6f8.jpg] Left lines: 3, Right lines: 19
[3ffdaa26-b394f6f8.jpg] Left lines: 2, Right lines: 18
[4027c10d-41d54e9b.jpg] Left lines: 5, Right lines: 11
[4027c10d-41d54e9b.jpg] Left lines: 8, Right lines: 16
[428e99ea-4166e549.jpg] Left lines: 40, Right lines: 9
[428e99ea-4166e549.jpg] Left lines: 42, Right lines: 8
[42e0dd11-74b81997.jpg] Left lines: 3, Right lines: 13
[42e0dd11-74b81997.jpg] Left lines: 6, Right lines: 13
[430395d1-931c959e.jpg] Left lines: 14, Right lines: 5
[430395d1-931c959e.jpg] Left lines: 16, Right lines: 8
[43126e0d-495d04a5.jpg] Left lines: 9, Right lines: 15
[43126e0d-495d04a5.jpg] Left lines: 9, Right lines: 21
[43126e0d-cce96832.jpg] Left lines: 20, Right lines: 10
[43126e0d-cce96832.jpg] Left lines: 19, Right lines: 14
[432f9e20-83a0d96c.jpg] Left lines: 20, Right lines: 17
[432f9e20-83a0d96c.jpg] Left lines: 22, Right lines: 19
[43c7ed5c-b0690325.jpg] Left lines: 2, Right lines: 7
[43c7ed5c-b0690325.jpg] Left lines: 2, Right lines: 5
[44cc16d9-d2e06fd6.jpg] Left lines: 4, Right lines: 6
[44cc16d9-d2e06fd6.jpg] Left lines: 5, Right lines: 7
[45bafa98-1ee18a2f.jpg] Left lines: 1, Right lines: 6
[45bafa98-1ee18a2f.jpg] Left lines: 1, Right lines: 8
[46d048a1-8f7f385c.jpg] Left lines: 3, Right lines: 8
[46d048a1-8f7f385c.jpg] Left lines: 3, Right lines: 10
[46f76df9-8bf77914.jpg] Left lines: 13, Right lines: 10
[46f76df9-8bf77914.jpg] Left lines: 11, Right lines: 16
[480263a0-5aad7ae9.jpg] Left lines: 2, Right lines: 30
[480263a0-5aad7ae9.jpg] Left lines: 8, Right lines: 45
[488480d6-b94cf415.jpg] Left lines: 8, Right lines: 17
[488480d6-b94cf415.jpg] Left lines: 2, Right lines: 22
[48ed707e-5062e4c3.jpg] Left lines: 14, Right lines: 5
[48ed707e-5062e4c3.jpg] Left lines: 11, Right lines: 5
[4a289ff2-7da7feb6.jpg] Left lines: 0, Right lines: 1
[4a289ff2-7da7feb6.jpg] Left lines: 0, Right lines: 1
[4a31f3e3-ac7ed780.jpg] Left lines: 32, Right lines: 7
[4a31f3e3-ac7ed780.jpg] Left lines: 27, Right lines: 6
[4b2e1dde-65b54419.jpg] Left lines: 6, Right lines: 12
[4b2e1dde-65b54419.jpg] Left lines: 9, Right lines: 13
[4d4a590b-4332c5ab.jpg] Left lines: 5, Right lines: 7
[4d4a590b-4332c5ab.jpg] Left lines: 17, Right lines: 8
[5069db50-52f5af30.jpg] Left lines: 28, Right lines: 10
[5069db50-52f5af30.jpg] Left lines: 21, Right lines: 9
[50866f46-30d1f303.jpg] Left lines: 14, Right lines: 16
[50866f46-30d1f303.jpg] Left lines: 9, Right lines: 14
[50b115d6-4b08a666.jpg] Left lines: 1, Right lines: 10
[50b115d6-4b08a666.jpg] Left lines: 12, Right lines: 7
[50b2e757-6c7d0f63.jpg] Left lines: 10, Right lines: 21
[50b2e757-6c7d0f63.jpg] Left lines: 9, Right lines: 16
[50d0fd05-8db58ebd.jpg] Left lines: 3, Right lines: 1
[50d0fd05-8db58ebd.jpg] Left lines: 2, Right lines: 3
[510671e9-603795e0.jpg] Left lines: 16, Right lines: 30
[510671e9-603795e0.jpg] Left lines: 13, Right lines: 33
[514a6d58-0790e0cd.jpg] Left lines: 13, Right lines: 10
[514a6d58-0790e0cd.jpg] Left lines: 16, Right lines: 17
[5150bb50-300d52ce.jpg] Left lines: 14, Right lines: 24
[5150bb50-300d52ce.jpg] Left lines: 13, Right lines: 21
[52799e9e-8c8673f3.jpg] Left lines: 9, Right lines: 9
[52799e9e-8c8673f3.jpg] Left lines: 9, Right lines: 7
[52bda346-fd8ac6e7.jpg] Left lines: 4, Right lines: 10
[52bda346-fd8ac6e7.jpg] Left lines: 8, Right lines: 23
[534418ba-ee05398f.jpg] Left lines: 10, Right lines: 8
[534418ba-ee05398f.jpg] Left lines: 11, Right lines: 11
[54360b72-e00a3f70.jpg] Left lines: 23, Right lines: 40
[54360b72-e00a3f70.jpg] Left lines: 19, Right lines: 5
[554d7cd5-a32486dd.jpg] Left lines: 10, Right lines: 14
[554d7cd5-a32486dd.jpg] Left lines: 15, Right lines: 15
[559fed19-7893646f.jpg] Left lines: 3, Right lines: 13
[559fed19-7893646f.jpg] Left lines: 3, Right lines: 8
[57165857-e4d4a47f.jpg] Left lines: 2, Right lines: 2
[57165857-e4d4a47f.jpg] Left lines: 1, Right lines: 5
[5795bfe7-a599384a.jpg] Left lines: 7, Right lines: 4
[5795bfe7-a599384a.jpg] Left lines: 9, Right lines: 24
[57ac74e2-e86131f1.jpg] Left lines: 3, Right lines: 27
[57ac74e2-e86131f1.jpg] Left lines: 7, Right lines: 56
[57b495f2-6da6b1e5.jpg] Left lines: 3, Right lines: 3
[57b495f2-6da6b1e5.jpg] Left lines: 4, Right lines: 2
[585443c8-2621a6b1.jpg] Left lines: 8, Right lines: 7
[585443c8-2621a6b1.jpg] Left lines: 9, Right lines: 6
[5877b384-2545daf4.jpg] Left lines: 25, Right lines: 5
[5877b384-2545daf4.jpg] Left lines: 28, Right lines: 5
[587bb1bf-1aa00fe5.jpg] Left lines: 17, Right lines: 14
[587bb1bf-1aa00fe5.jpg] Left lines: 25, Right lines: 13
[5995c288-2d152172.jpg] Left lines: 12, Right lines: 0
[5995c288-2d152172.jpg] Left lines: 11, Right lines: 0
[59cde7c7-344bffb1.jpg] Left lines: 4, Right lines: 0
[59cde7c7-344bffb1.jpg] Left lines: 4, Right lines: 5
[5a8f9b5d-1fdfd2d4.jpg] Left lines: 26, Right lines: 18
[5a8f9b5d-1fdfd2d4.jpg] Left lines: 20, Right lines: 16
[5ae83f9c-da990b49.jpg] Left lines: 11, Right lines: 14
[5ae83f9c-da990b49.jpg] Left lines: 12, Right lines: 30
[5b2b4881-67a6cb87.jpg] Left lines: 5, Right lines: 2
[5b2b4881-67a6cb87.jpg] Left lines: 13, Right lines: 1
[5b2fd56a-37759b05.jpg] Left lines: 14, Right lines: 0
[5b2fd56a-37759b05.jpg] Left lines: 18, Right lines: 2
[5b4b0b07-2fb56b82.jpg] Left lines: 8, Right lines: 11
[5b4b0b07-2fb56b82.jpg] Left lines: 11, Right lines: 24
[5bc44a50-c371c4d0.jpg] Left lines: 13, Right lines: 14
[5bc44a50-c371c4d0.jpg] Left lines: 12, Right lines: 7
[5c4004b7-bf3b7941.jpg] Left lines: 11, Right lines: 8
[5c4004b7-bf3b7941.jpg] Left lines: 11, Right lines: 8
[5c534f5f-a76c7f4b.jpg] Left lines: 10, Right lines: 12
[5c534f5f-a76c7f4b.jpg] Left lines: 11, Right lines: 17
[5c5dc708-35460444.jpg] Left lines: 2, Right lines: 5
[5c5dc708-35460444.jpg] Left lines: 5, Right lines: 6
[5da6c6b6-76c54605.jpg] Left lines: 2, Right lines: 6
[5da6c6b6-76c54605.jpg] Left lines: 8, Right lines: 7
[5dc5141c-5890b5b1.jpg] Left lines: 1, Right lines: 14
[5dc5141c-5890b5b1.jpg] Left lines: 1, Right lines: 13
[5dd831da-bd00cf03.jpg] Left lines: 15, Right lines: 11
[5dd831da-bd00cf03.jpg] Left lines: 16, Right lines: 34
[5dfb063f-7bd23d5c.jpg] Left lines: 10, Right lines: 8
[5dfb063f-7bd23d5c.jpg] Left lines: 11, Right lines: 7
[5e0b701e-d443d8c2.jpg] Left lines: 9, Right lines: 17
[5e0b701e-d443d8c2.jpg] Left lines: 9, Right lines: 15
[5e26f49d-0bc53c7e.jpg] Left lines: 15, Right lines: 1
[5e26f49d-0bc53c7e.jpg] Left lines: 26, Right lines: 1
[5e26f49d-9271bf00.jpg] Left lines: 10, Right lines: 10
[5e26f49d-9271bf00.jpg] Left lines: 13, Right lines: 13
[5e625ec3-7b4fc682.jpg] Left lines: 17, Right lines: 16
[5e625ec3-7b4fc682.jpg] Left lines: 19, Right lines: 18
[5f9387ff-330136ae.jpg] Left lines: 14, Right lines: 3
[5f9387ff-330136ae.jpg] Left lines: 18, Right lines: 14
[5fa17a25-88b8e6b9.jpg] Left lines: 23, Right lines: 14
[5fa17a25-88b8e6b9.jpg] Left lines: 34, Right lines: 21
[5fa422e1-2d8dd765.jpg] Left lines: 27, Right lines: 4
[5fa422e1-2d8dd765.jpg] Left lines: 31, Right lines: 3
[5fb2a702-f56a339c.jpg] Left lines: 12, Right lines: 5
[5fb2a702-f56a339c.jpg] Left lines: 9, Right lines: 5
[6011831b-0992e205.jpg] Left lines: 15, Right lines: 11
[6011831b-0992e205.jpg] Left lines: 23, Right lines: 18
[60137cc0-428b8f5b.jpg] Left lines: 10, Right lines: 1
[60137cc0-428b8f5b.jpg] Left lines: 10, Right lines: 1
[604b5b3e-3c2e6b6b.jpg] Left lines: 4, Right lines: 9
[604b5b3e-3c2e6b6b.jpg] Left lines: 4, Right lines: 10
[6092f5a2-424550ba.jpg] Left lines: 12, Right lines: 13
[6092f5a2-424550ba.jpg] Left lines: 14, Right lines: 17
[60ba25dd-6c0df417.jpg] Left lines: 6, Right lines: 10
[60ba25dd-6c0df417.jpg] Left lines: 7, Right lines: 12
[60c678e7-4813ae0f.jpg] Left lines: 12, Right lines: 0
[60c678e7-4813ae0f.jpg] Left lines: 7, Right lines: 8
[614ecada-16b0f8b6.jpg] Left lines: 14, Right lines: 22
[614ecada-16b0f8b6.jpg] Left lines: 13, Right lines: 20
[61e4ad87-53ceb455.jpg] Left lines: 33, Right lines: 14
[61e4ad87-53ceb455.jpg] Left lines: 39, Right lines: 9
[6240d7b3-b51b5788.jpg] Left lines: 10, Right lines: 11
[6240d7b3-b51b5788.jpg] Left lines: 9, Right lines: 10
[62aefb36-b685117f.jpg] Left lines: 24, Right lines: 19
[62aefb36-b685117f.jpg] Left lines: 23, Right lines: 25
[634c1785-3bb9a8a2.jpg] Left lines: 11, Right lines: 16
[634c1785-3bb9a8a2.jpg] Left lines: 11, Right lines: 9
[634c1785-aeb1652f.jpg] Left lines: 22, Right lines: 15
[634c1785-aeb1652f.jpg] Left lines: 20, Right lines: 13
[63f73472-028615f1.jpg] Left lines: 20, Right lines: 14
[63f73472-028615f1.jpg] Left lines: 35, Right lines: 17
[6485ad0a-245d1600.jpg] Left lines: 30, Right lines: 13
[6485ad0a-245d1600.jpg] Left lines: 36, Right lines: 13
[648dc925-e359dbec.jpg] Left lines: 21, Right lines: 4
[648dc925-e359dbec.jpg] Left lines: 24, Right lines: 3
[65edc5a1-f309fed7.jpg] Left lines: 14, Right lines: 11
[65edc5a1-f309fed7.jpg] Left lines: 31, Right lines: 20
[661381d9-1114a810.jpg] Left lines: 17, Right lines: 3
[661381d9-1114a810.jpg] Left lines: 20, Right lines: 5
[664cb246-f84cfaf4.jpg] Left lines: 18, Right lines: 14
[664cb246-f84cfaf4.jpg] Left lines: 22, Right lines: 13
[675cf8fa-4b1ce8b9.jpg] Left lines: 24, Right lines: 14
[675cf8fa-4b1ce8b9.jpg] Left lines: 22, Right lines: 14
[67faeadf-eb09a636.jpg] Left lines: 1, Right lines: 8
[67faeadf-eb09a636.jpg] Left lines: 8, Right lines: 8
[691be377-5dbc29ee.jpg] Left lines: 4, Right lines: 2
[691be377-5dbc29ee.jpg] Left lines: 8, Right lines: 10
[692f1303-05178963.jpg] Left lines: 3, Right lines: 2
[692f1303-05178963.jpg] Left lines: 8, Right lines: 3
[692f9b08-bdbbd729.jpg] Left lines: 25, Right lines: 3
[692f9b08-bdbbd729.jpg] Left lines: 25, Right lines: 6
[69bfbe31-5ee2a642.jpg] Left lines: 30, Right lines: 10
[69bfbe31-5ee2a642.jpg] Left lines: 28, Right lines: 13
[69cf7667-68f59649.jpg] Left lines: 14, Right lines: 8
[69cf7667-68f59649.jpg] Left lines: 12, Right lines: 14
[69cf7667-7eb40860.jpg] Left lines: 20, Right lines: 8
[69cf7667-7eb40860.jpg] Left lines: 23, Right lines: 11
[6a44fb9a-05a3dd18.jpg] Left lines: 20, Right lines: 11
[6a44fb9a-05a3dd18.jpg] Left lines: 41, Right lines: 14
[6a793e80-4f5e207f.jpg] Left lines: 8, Right lines: 3
[6a793e80-4f5e207f.jpg] Left lines: 11, Right lines: 10
[6a82c0d6-b31f6b90.jpg] Left lines: 0, Right lines: 19
[6a82c0d6-b31f6b90.jpg] Left lines: 1, Right lines: 22
[6a8d218d-14e4fa28.jpg] Left lines: 4, Right lines: 12
[6a8d218d-14e4fa28.jpg] Left lines: 12, Right lines: 6
[6ad110c3-789e7724.jpg] Left lines: 28, Right lines: 12
[6ad110c3-789e7724.jpg] Left lines: 28, Right lines: 12
[6b15392a-3a1699fd.jpg] Left lines: 22, Right lines: 21
[6b15392a-3a1699fd.jpg] Left lines: 33, Right lines: 17
[6b784eee-0a5a2c89.jpg] Left lines: 30, Right lines: 9
[6b784eee-0a5a2c89.jpg] Left lines: 51, Right lines: 7
[6bb5a881-15e5c2c4.jpg] Left lines: 5, Right lines: 0
[6bb5a881-15e5c2c4.jpg] Left lines: 13, Right lines: 14
[6bd41587-d65ba5b4.jpg] Left lines: 5, Right lines: 5
[6bd41587-d65ba5b4.jpg] Left lines: 5, Right lines: 5
[6d0d7bef-fb11b6e1.jpg] Left lines: 4, Right lines: 6
[6d0d7bef-fb11b6e1.jpg] Left lines: 20, Right lines: 7
[6d57736c-a35808b9.jpg] Left lines: 8, Right lines: 6
[6d57736c-a35808b9.jpg] Left lines: 11, Right lines: 3
[6d8a6d94-00a7ad92.jpg] Left lines: 5, Right lines: 8
[6d8a6d94-00a7ad92.jpg] Left lines: 14, Right lines: 10
[6eeed3fa-87a1b0c9.jpg] Left lines: 6, Right lines: 11
[6eeed3fa-87a1b0c9.jpg] Left lines: 9, Right lines: 12
[701992bd-8a457895.jpg] Left lines: 11, Right lines: 15
[701992bd-8a457895.jpg] Left lines: 14, Right lines: 14
[7171644d-4e74752e.jpg] Left lines: 7, Right lines: 24
[7171644d-4e74752e.jpg] Left lines: 5, Right lines: 26
[7171644d-ee92c71e.jpg] Left lines: 12, Right lines: 23
[7171644d-ee92c71e.jpg] Left lines: 13, Right lines: 25
[72f22fa5-8af4615c.jpg] Left lines: 23, Right lines: 11
[72f22fa5-8af4615c.jpg] Left lines: 38, Right lines: 11
[72fd00fe-aeadfc89.jpg] Left lines: 12, Right lines: 12
[72fd00fe-aeadfc89.jpg] Left lines: 12, Right lines: 14
[730c67a5-563e9b1f.jpg] Left lines: 13, Right lines: 6
[730c67a5-563e9b1f.jpg] Left lines: 13, Right lines: 13
[738a2bcd-7a6fde0d.jpg] Left lines: 5, Right lines: 6
[738a2bcd-7a6fde0d.jpg] Left lines: 5, Right lines: 5
[73aff960-d46366ec.jpg] Left lines: 3, Right lines: 6
[73aff960-d46366ec.jpg] Left lines: 4, Right lines: 10
[73d338d6-edf0b3db.jpg] Left lines: 18, Right lines: 18
[73d338d6-edf0b3db.jpg] Left lines: 22, Right lines: 35
[75ad1fff-77299093.jpg] Left lines: 0, Right lines: 8
[75ad1fff-77299093.jpg] Left lines: 6, Right lines: 11
[75f5f52c-6b67e736.jpg] Left lines: 10, Right lines: 8
[75f5f52c-6b67e736.jpg] Left lines: 11, Right lines: 6
[777005a8-14c739ad.jpg] Left lines: 6, Right lines: 4
[777005a8-14c739ad.jpg] Left lines: 17, Right lines: 4
[7771e03b-832e52c0.jpg] Left lines: 4, Right lines: 12
[7771e03b-832e52c0.jpg] Left lines: 11, Right lines: 11
[7771e03b-a8f9d50c.jpg] Left lines: 20, Right lines: 10
[7771e03b-a8f9d50c.jpg] Left lines: 19, Right lines: 5
[7797fea2-c37f9856.jpg] Left lines: 10, Right lines: 16
[7797fea2-c37f9856.jpg] Left lines: 8, Right lines: 21
[77bdbeb0-edb0613f.jpg] Left lines: 12, Right lines: 11
[77bdbeb0-edb0613f.jpg] Left lines: 15, Right lines: 5
[77dca577-16a39ea0.jpg] Left lines: 10, Right lines: 9
[77dca577-16a39ea0.jpg] Left lines: 7, Right lines: 10
[77f810c4-43a39c1f.jpg] Left lines: 13, Right lines: 3
[77f810c4-43a39c1f.jpg] Left lines: 9, Right lines: 18
[7814206e-8e991d51.jpg] Left lines: 20, Right lines: 8
[7814206e-8e991d51.jpg] Left lines: 20, Right lines: 11
[7814206e-ea2508d0.jpg] Left lines: 7, Right lines: 7
[7814206e-ea2508d0.jpg] Left lines: 25, Right lines: 7
[79e177bc-4d5d3acc.jpg] Left lines: 18, Right lines: 22
[79e177bc-4d5d3acc.jpg] Left lines: 18, Right lines: 18
[7aa4ff0f-9d28d8a4.jpg] Left lines: 13, Right lines: 13
[7aa4ff0f-9d28d8a4.jpg] Left lines: 10, Right lines: 13
[7ad1174c-373265eb.jpg] Left lines: 3, Right lines: 0
[7ad1174c-373265eb.jpg] Left lines: 0, Right lines: 0
[7b268b98-e0ec16c3.jpg] Left lines: 4, Right lines: 5
[7b268b98-e0ec16c3.jpg] Left lines: 3, Right lines: 6
[7c5a2048-332896ea.jpg] Left lines: 13, Right lines: 0
[7c5a2048-332896ea.jpg] Left lines: 14, Right lines: 12
[7c5d50c5-7292de37.jpg] Left lines: 7, Right lines: 15
[7c5d50c5-7292de37.jpg] Left lines: 7, Right lines: 13
[7d1fe115-936a2f47.jpg] Left lines: 12, Right lines: 12
[7d1fe115-936a2f47.jpg] Left lines: 6, Right lines: 12
[7dc2914d-a20a969a.jpg] Left lines: 16, Right lines: 8
[7dc2914d-a20a969a.jpg] Left lines: 17, Right lines: 6
[7e4ab78b-4a62c63e.jpg] Left lines: 3, Right lines: 13
[7e4ab78b-4a62c63e.jpg] Left lines: 1, Right lines: 8
[7e590c49-93f03732.jpg] Left lines: 2, Right lines: 5
[7e590c49-93f03732.jpg] Left lines: 7, Right lines: 3
[7ed57d0a-d7bcc13d.jpg] Left lines: 28, Right lines: 20
[7ed57d0a-d7bcc13d.jpg] Left lines: 23, Right lines: 24
[7f0ef682-c93899df.jpg] Left lines: 1, Right lines: 12
[7f0ef682-c93899df.jpg] Left lines: 2, Right lines: 21
[7f4ac354-777de900.jpg] Left lines: 12, Right lines: 7
[7f4ac354-777de900.jpg] Left lines: 11, Right lines: 5
[7f9bdf0d-c0e0061f.jpg] Left lines: 16, Right lines: 3
[7f9bdf0d-c0e0061f.jpg] Left lines: 26, Right lines: 2
[7fd14da9-a855494b.jpg] Left lines: 29, Right lines: 15
[7fd14da9-a855494b.jpg] Left lines: 26, Right lines: 8
[801bff84-a72998c7.jpg] Left lines: 28, Right lines: 15
[801bff84-a72998c7.jpg] Left lines: 28, Right lines: 25
[8073de38-f7eab6ec.jpg] Left lines: 16, Right lines: 12
[8073de38-f7eab6ec.jpg] Left lines: 21, Right lines: 22
[8082ea05-1a7bcd47.jpg] Left lines: 14, Right lines: 30
[8082ea05-1a7bcd47.jpg] Left lines: 22, Right lines: 35
[80ecebc0-ca9605f4.jpg] Left lines: 2, Right lines: 8
[80ecebc0-ca9605f4.jpg] Left lines: 17, Right lines: 7
[81ec3b39-1951f79e.jpg] Left lines: 17, Right lines: 8
[81ec3b39-1951f79e.jpg] Left lines: 19, Right lines: 11
[82b14c0c-79b99258.jpg] Left lines: 13, Right lines: 13
[82b14c0c-79b99258.jpg] Left lines: 14, Right lines: 15
[82b5fc3b-90cadd1b.jpg] Left lines: 8, Right lines: 18
[82b5fc3b-90cadd1b.jpg] Left lines: 9, Right lines: 26
[82f03471-8e304dd5.jpg] Left lines: 4, Right lines: 9
[82f03471-8e304dd5.jpg] Left lines: 3, Right lines: 12
[836fa13a-d6058a12.jpg] Left lines: 19, Right lines: 4
[836fa13a-d6058a12.jpg] Left lines: 13, Right lines: 9
[84fb3f59-7d5d1fa4.jpg] Left lines: 4, Right lines: 20
[84fb3f59-7d5d1fa4.jpg] Left lines: 9, Right lines: 20
[8542b4da-7795bcfd.jpg] Left lines: 14, Right lines: 15
[8542b4da-7795bcfd.jpg] Left lines: 17, Right lines: 15
[85f3f250-1fef85ac.jpg] Left lines: 15, Right lines: 17
[85f3f250-1fef85ac.jpg] Left lines: 11, Right lines: 13
[87ca2979-d5158824.jpg] Left lines: 4, Right lines: 14
[87ca2979-d5158824.jpg] Left lines: 4, Right lines: 15
[889b7dda-77f16103.jpg] Left lines: 3, Right lines: 12
[889b7dda-77f16103.jpg] Left lines: 2, Right lines: 12
[88dbf01a-d8b35dee.jpg] Left lines: 14, Right lines: 4
[88dbf01a-d8b35dee.jpg] Left lines: 13, Right lines: 3
[897223bc-6938f1ab.jpg] Left lines: 9, Right lines: 7
[897223bc-6938f1ab.jpg] Left lines: 34, Right lines: 5
[89b7454d-880eacbd.jpg] Left lines: 7, Right lines: 5
[89b7454d-880eacbd.jpg] Left lines: 10, Right lines: 17
[89e85e71-7dd0a7b6.jpg] Left lines: 36, Right lines: 27
[89e85e71-7dd0a7b6.jpg] Left lines: 18, Right lines: 26
[8a4fbffe-47866ce9.jpg] Left lines: 3, Right lines: 0
[8a4fbffe-47866ce9.jpg] Left lines: 9, Right lines: 10
[8a76c101-8bcefc32.jpg] Left lines: 0, Right lines: 13
[8a76c101-8bcefc32.jpg] Left lines: 1, Right lines: 17
[8b7ef6c4-6bbcf25f.jpg] Left lines: 16, Right lines: 13
[8b7ef6c4-6bbcf25f.jpg] Left lines: 17, Right lines: 13
[8bac644e-e0437ead.jpg] Left lines: 1, Right lines: 2
[8bac644e-e0437ead.jpg] Left lines: 2, Right lines: 11
[8c94c649-8ba62efa.jpg] Left lines: 5, Right lines: 4
[8c94c649-8ba62efa.jpg] Left lines: 6, Right lines: 5
[8c9bbaa9-34934b66.jpg] Left lines: 10, Right lines: 12
[8c9bbaa9-34934b66.jpg] Left lines: 7, Right lines: 16
[degraded] motion_blur level_2 (300 images)
[0049e5b8-725e21a0.jpg] Left lines: 10, Right lines: 11
[0049e5b8-725e21a0.jpg] Left lines: 9, Right lines: 12
[0081e27b-17bf4a9e.jpg] Left lines: 5, Right lines: 23
[0081e27b-17bf4a9e.jpg] Left lines: 9, Right lines: 24
[00beeb02-50440dcd.jpg] Left lines: 3, Right lines: 2
[00beeb02-50440dcd.jpg] Left lines: 2, Right lines: 3
[00d4b6b7-7d0a60bf.jpg] Left lines: 2, Right lines: 0
[00d4b6b7-7d0a60bf.jpg] Left lines: 6, Right lines: 4
[01118704-2d838d7f.jpg] Left lines: 7, Right lines: 4
[01118704-2d838d7f.jpg] Left lines: 12, Right lines: 3
[0115917e-14907a6a.jpg] Left lines: 15, Right lines: 10
[0115917e-14907a6a.jpg] Left lines: 13, Right lines: 13
[02188a44-65ad27f3.jpg] Left lines: 28, Right lines: 0
[02188a44-65ad27f3.jpg] Left lines: 27, Right lines: 0
[02494b7b-079febf8.jpg] Left lines: 15, Right lines: 12
[02494b7b-079febf8.jpg] Left lines: 13, Right lines: 11
[029ffd50-dc944dba.jpg] Left lines: 9, Right lines: 7
[029ffd50-dc944dba.jpg] Left lines: 10, Right lines: 6
[0464a98b-860229d5.jpg] Left lines: 9, Right lines: 30
[0464a98b-860229d5.jpg] Left lines: 11, Right lines: 34
[051aadb7-51aad566.jpg] Left lines: 4, Right lines: 2
[051aadb7-51aad566.jpg] Left lines: 15, Right lines: 5
[051aadb7-e953bc4d.jpg] Left lines: 13, Right lines: 16
[051aadb7-e953bc4d.jpg] Left lines: 21, Right lines: 14
[05743a9b-747658e7.jpg] Left lines: 13, Right lines: 12
[05743a9b-747658e7.jpg] Left lines: 12, Right lines: 30
[057af272-6f700aef.jpg] Left lines: 0, Right lines: 11
[057af272-6f700aef.jpg] Left lines: 6, Right lines: 12
[05d62296-30c620d5.jpg] Left lines: 11, Right lines: 0
[05d62296-30c620d5.jpg] Left lines: 9, Right lines: 4
[05e5a68e-f0e05a42.jpg] Left lines: 8, Right lines: 10
[05e5a68e-f0e05a42.jpg] Left lines: 14, Right lines: 14
[05fa6494-8f436d04.jpg] Left lines: 11, Right lines: 28
[05fa6494-8f436d04.jpg] Left lines: 10, Right lines: 26
[060039d9-5218402b.jpg] Left lines: 21, Right lines: 13
[060039d9-5218402b.jpg] Left lines: 16, Right lines: 15
[064aa0d6-f75ff4d5.jpg] Left lines: 10, Right lines: 9
[064aa0d6-f75ff4d5.jpg] Left lines: 9, Right lines: 8
[07de5062-ddddcbd7.jpg] Left lines: 2, Right lines: 6
[07de5062-ddddcbd7.jpg] Left lines: 1, Right lines: 4
[088351d1-30833ddc.jpg] Left lines: 13, Right lines: 3
[088351d1-30833ddc.jpg] Left lines: 15, Right lines: 10
[08a49c01-675d3899.jpg] Left lines: 12, Right lines: 12
[08a49c01-675d3899.jpg] Left lines: 14, Right lines: 14
[08d4285a-4a25b9b6.jpg] Left lines: 7, Right lines: 12
[08d4285a-4a25b9b6.jpg] Left lines: 6, Right lines: 17
[09ac21d6-eefa8ed0.jpg] Left lines: 11, Right lines: 17
[09ac21d6-eefa8ed0.jpg] Left lines: 18, Right lines: 16
[0a0a0b1a-7c39d841.jpg] Left lines: 5, Right lines: 2
[0a0a0b1a-7c39d841.jpg] Left lines: 5, Right lines: 11
[0af6039a-f3c91319.jpg] Left lines: 19, Right lines: 5
[0af6039a-f3c91319.jpg] Left lines: 24, Right lines: 7
[0b2f5d0d-8fddc1fc.jpg] Left lines: 17, Right lines: 19
[0b2f5d0d-8fddc1fc.jpg] Left lines: 26, Right lines: 18
[0b4225f9-bfb10f88.jpg] Left lines: 11, Right lines: 3
[0b4225f9-bfb10f88.jpg] Left lines: 14, Right lines: 3
[0ba08fe3-880ae118.jpg] Left lines: 9, Right lines: 18
[0ba08fe3-880ae118.jpg] Left lines: 5, Right lines: 16
[0c2f33b9-f94d69b5.jpg] Left lines: 20, Right lines: 13
[0c2f33b9-f94d69b5.jpg] Left lines: 22, Right lines: 16
[0c984e6d-2b5d7ee4.jpg] Left lines: 5, Right lines: 4
[0c984e6d-2b5d7ee4.jpg] Left lines: 6, Right lines: 4
[0cb67a01-7cf1687e.jpg] Left lines: 15, Right lines: 0
[0cb67a01-7cf1687e.jpg] Left lines: 12, Right lines: 8
[0cc6f3e8-b4c9e348.jpg] Left lines: 11, Right lines: 20
[0cc6f3e8-b4c9e348.jpg] Left lines: 16, Right lines: 45
[0cf398b3-ce65ab64.jpg] Left lines: 7, Right lines: 2
[0cf398b3-ce65ab64.jpg] Left lines: 5, Right lines: 8
[0d3ec56a-f4cead6f.jpg] Left lines: 7, Right lines: 16
[0d3ec56a-f4cead6f.jpg] Left lines: 11, Right lines: 16
[0d61234a-542010b2.jpg] Left lines: 12, Right lines: 13
[0d61234a-542010b2.jpg] Left lines: 17, Right lines: 14
[0e442b65-b17e0b50.jpg] Left lines: 14, Right lines: 2
[0e442b65-b17e0b50.jpg] Left lines: 9, Right lines: 5
[0e5c7e92-0d9c60f0.jpg] Left lines: 13, Right lines: 13
[0e5c7e92-0d9c60f0.jpg] Left lines: 11, Right lines: 11
[0f837def-9646c091.jpg] Left lines: 10, Right lines: 5
[0f837def-9646c091.jpg] Left lines: 11, Right lines: 9
[0fba84f9-73b520ee.jpg] Left lines: 14, Right lines: 10
[0fba84f9-73b520ee.jpg] Left lines: 17, Right lines: 13
[101a0964-930eae70.jpg] Left lines: 7, Right lines: 16
[101a0964-930eae70.jpg] Left lines: 8, Right lines: 13
[10389fe8-433c740c.jpg] Left lines: 20, Right lines: 10
[10389fe8-433c740c.jpg] Left lines: 46, Right lines: 17
[10453a95-40759ac3.jpg] Left lines: 4, Right lines: 14
[10453a95-40759ac3.jpg] Left lines: 4, Right lines: 18
[1072195f-0a161ade.jpg] Left lines: 19, Right lines: 16
[1072195f-0a161ade.jpg] Left lines: 16, Right lines: 10
[1072195f-6cf88b25.jpg] Left lines: 4, Right lines: 13
[1072195f-6cf88b25.jpg] Left lines: 1, Right lines: 17
[11513e3d-150058c3.jpg] Left lines: 7, Right lines: 15
[11513e3d-150058c3.jpg] Left lines: 11, Right lines: 22
[1189ae68-1a8ad3c6.jpg] Left lines: 13, Right lines: 11
[1189ae68-1a8ad3c6.jpg] Left lines: 13, Right lines: 8
[12076ebb-c07285d7.jpg] Left lines: 5, Right lines: 10
[12076ebb-c07285d7.jpg] Left lines: 2, Right lines: 8
[125134e5-7dfc45b9.jpg] Left lines: 6, Right lines: 3
[125134e5-7dfc45b9.jpg] Left lines: 6, Right lines: 16
[12ae9ab8-794f5adc.jpg] Left lines: 21, Right lines: 13
[12ae9ab8-794f5adc.jpg] Left lines: 36, Right lines: 10
[13f61134-50021e53.jpg] Left lines: 2, Right lines: 2
[13f61134-50021e53.jpg] Left lines: 1, Right lines: 10
[14eace5a-ddf3b303.jpg] Left lines: 25, Right lines: 3
[14eace5a-ddf3b303.jpg] Left lines: 30, Right lines: 1
[1608cfe7-32da2c5d.jpg] Left lines: 12, Right lines: 11
[1608cfe7-32da2c5d.jpg] Left lines: 8, Right lines: 12
[162995f1-d2c7d259.jpg] Left lines: 13, Right lines: 19
[162995f1-d2c7d259.jpg] Left lines: 13, Right lines: 7
[16b0973f-c07b564a.jpg] Left lines: 21, Right lines: 5
[16b0973f-c07b564a.jpg] Left lines: 27, Right lines: 7
[1784d67b-6b223914.jpg] Left lines: 10, Right lines: 14
[1784d67b-6b223914.jpg] Left lines: 10, Right lines: 10
[1784d67b-d76145ce.jpg] Left lines: 7, Right lines: 11
[1784d67b-d76145ce.jpg] Left lines: 8, Right lines: 10
[188c58f3-792afc71.jpg] Left lines: 7, Right lines: 17
[188c58f3-792afc71.jpg] Left lines: 0, Right lines: 19
[193f7f3b-84bc7998.jpg] Left lines: 6, Right lines: 11
[193f7f3b-84bc7998.jpg] Left lines: 10, Right lines: 15
[194058b0-ac0616a6.jpg] Left lines: 17, Right lines: 0
[194058b0-ac0616a6.jpg] Left lines: 17, Right lines: 5
[19e56249-09c4bbc6.jpg] Left lines: 0, Right lines: 0
[19e56249-09c4bbc6.jpg] Left lines: 1, Right lines: 3
[1a71faae-d5f255fd.jpg] Left lines: 10, Right lines: 11
[1a71faae-d5f255fd.jpg] Left lines: 12, Right lines: 30
[1a8992a7-da5a8510.jpg] Left lines: 1, Right lines: 9
[1a8992a7-da5a8510.jpg] Left lines: 6, Right lines: 3
[1ac0178c-0b259360.jpg] Left lines: 2, Right lines: 4
[1ac0178c-0b259360.jpg] Left lines: 2, Right lines: 11
[1b30f76f-95aa8a06.jpg] Left lines: 12, Right lines: 8
[1b30f76f-95aa8a06.jpg] Left lines: 15, Right lines: 7
[1bda5a26-420ceea6.jpg] Left lines: 14, Right lines: 2
[1bda5a26-420ceea6.jpg] Left lines: 15, Right lines: 1
[1bf7f3d2-15f95138.jpg] Left lines: 20, Right lines: 17
[1bf7f3d2-15f95138.jpg] Left lines: 19, Right lines: 21
[1c227a12-10e5552c.jpg] Left lines: 3, Right lines: 15
[1c227a12-10e5552c.jpg] Left lines: 3, Right lines: 12
[1c227a12-ec67af93.jpg] Left lines: 9, Right lines: 2
[1c227a12-ec67af93.jpg] Left lines: 10, Right lines: 2
[1c5e9657-2e2a2863.jpg] Left lines: 1, Right lines: 2
[1c5e9657-2e2a2863.jpg] Left lines: 2, Right lines: 8
[1cb2a89b-4594573e.jpg] Left lines: 8, Right lines: 12
[1cb2a89b-4594573e.jpg] Left lines: 9, Right lines: 14
[1cf54809-c6daa5a9.jpg] Left lines: 13, Right lines: 16
[1cf54809-c6daa5a9.jpg] Left lines: 7, Right lines: 16
[1d5e05f8-5020f67d.jpg] Left lines: 24, Right lines: 13
[1d5e05f8-5020f67d.jpg] Left lines: 34, Right lines: 7
[1e57ae90-806bc767.jpg] Left lines: 10, Right lines: 22
[1e57ae90-806bc767.jpg] Left lines: 8, Right lines: 24
[1f959fdd-6ff63d34.jpg] Left lines: 3, Right lines: 15
[1f959fdd-6ff63d34.jpg] Left lines: 4, Right lines: 14
[1fa65acf-d43367bc.jpg] Left lines: 16, Right lines: 8
[1fa65acf-d43367bc.jpg] Left lines: 19, Right lines: 6
[20cfadfa-47711496.jpg] Left lines: 10, Right lines: 15
[20cfadfa-47711496.jpg] Left lines: 21, Right lines: 9
[20cfadfa-6f87fdc1.jpg] Left lines: 25, Right lines: 30
[20cfadfa-6f87fdc1.jpg] Left lines: 25, Right lines: 30
[225a1858-0e3a4b04.jpg] Left lines: 7, Right lines: 0
[225a1858-0e3a4b04.jpg] Left lines: 6, Right lines: 0
[22be2f14-59fbdca0.jpg] Left lines: 9, Right lines: 20
[22be2f14-59fbdca0.jpg] Left lines: 11, Right lines: 12
[23333f35-0cbc3f0f.jpg] Left lines: 7, Right lines: 6
[23333f35-0cbc3f0f.jpg] Left lines: 5, Right lines: 3
[23df146f-64b50e4c.jpg] Left lines: 26, Right lines: 32
[23df146f-64b50e4c.jpg] Left lines: 18, Right lines: 25
[24392d7c-998011c2.jpg] Left lines: 10, Right lines: 12
[24392d7c-998011c2.jpg] Left lines: 10, Right lines: 11
[250e7595-b14da270.jpg] Left lines: 20, Right lines: 8
[250e7595-b14da270.jpg] Left lines: 5, Right lines: 15
[26190b83-39ccb412.jpg] Left lines: 3, Right lines: 22
[26190b83-39ccb412.jpg] Left lines: 2, Right lines: 32
[272d52f6-8aac36b3.jpg] Left lines: 13, Right lines: 9
[272d52f6-8aac36b3.jpg] Left lines: 14, Right lines: 8
[2752681a-e813599a.jpg] Left lines: 17, Right lines: 10
[2752681a-e813599a.jpg] Left lines: 21, Right lines: 10
[27645526-f038b033.jpg] Left lines: 60, Right lines: 6
[27645526-f038b033.jpg] Left lines: 55, Right lines: 3
[2773af6f-23e23a6b.jpg] Left lines: 12, Right lines: 15
[2773af6f-23e23a6b.jpg] Left lines: 20, Right lines: 12
[28faf684-03ef4c6e.jpg] Left lines: 9, Right lines: 16
[28faf684-03ef4c6e.jpg] Left lines: 8, Right lines: 13
[292720ee-d847ee69.jpg] Left lines: 7, Right lines: 9
[292720ee-d847ee69.jpg] Left lines: 6, Right lines: 11
[2b54fe2d-c5b810e6.jpg] Left lines: 22, Right lines: 3
[2b54fe2d-c5b810e6.jpg] Left lines: 22, Right lines: 24
[2b605c48-8dfe352b.jpg] Left lines: 22, Right lines: 30
[2b605c48-8dfe352b.jpg] Left lines: 13, Right lines: 37
[2beccce2-354608e2.jpg] Left lines: 18, Right lines: 5
[2beccce2-354608e2.jpg] Left lines: 25, Right lines: 29
[2c87e51d-aa7a8031.jpg] Left lines: 0, Right lines: 3
[2c87e51d-aa7a8031.jpg] Left lines: 28, Right lines: 9
[2ce0b449-e818dc97.jpg] Left lines: 4, Right lines: 0
[2ce0b449-e818dc97.jpg] Left lines: 7, Right lines: 3
[2cf976a2-479cd46b.jpg] Left lines: 6, Right lines: 6
[2cf976a2-479cd46b.jpg] Left lines: 5, Right lines: 6
[2e2fae77-b7497ca0.jpg] Left lines: 10, Right lines: 21
[2e2fae77-b7497ca0.jpg] Left lines: 10, Right lines: 10
[2ead8042-2493c03f.jpg] Left lines: 6, Right lines: 8
[2ead8042-2493c03f.jpg] Left lines: 5, Right lines: 7
[2f1864c1-1a17d11c.jpg] Left lines: 13, Right lines: 15
[2f1864c1-1a17d11c.jpg] Left lines: 13, Right lines: 14
[2f879dc0-b09e4824.jpg] Left lines: 11, Right lines: 13
[2f879dc0-b09e4824.jpg] Left lines: 10, Right lines: 12
[2fc9ad1e-ee4c9e43.jpg] Left lines: 11, Right lines: 5
[2fc9ad1e-ee4c9e43.jpg] Left lines: 19, Right lines: 4
[3050b249-0ffbd6ec.jpg] Left lines: 3, Right lines: 5
[3050b249-0ffbd6ec.jpg] Left lines: 4, Right lines: 5
[314cc010-3eab5c90.jpg] Left lines: 6, Right lines: 15
[314cc010-3eab5c90.jpg] Left lines: 7, Right lines: 14
[31765c6b-90b0d612.jpg] Left lines: 11, Right lines: 11
[31765c6b-90b0d612.jpg] Left lines: 11, Right lines: 12
[31cf6eba-5c84c636.jpg] Left lines: 12, Right lines: 9
[31cf6eba-5c84c636.jpg] Left lines: 12, Right lines: 6
[32de2244-122f1783.jpg] Left lines: 7, Right lines: 12
[32de2244-122f1783.jpg] Left lines: 5, Right lines: 13
[33420085-32996107.jpg] Left lines: 29, Right lines: 11
[33420085-32996107.jpg] Left lines: 38, Right lines: 12
[3430a5e6-00ec38d2.jpg] Left lines: 12, Right lines: 8
[3430a5e6-00ec38d2.jpg] Left lines: 7, Right lines: 11
[35eb46d0-8f7e28a0.jpg] Left lines: 13, Right lines: 18
[35eb46d0-8f7e28a0.jpg] Left lines: 13, Right lines: 16
[3735fc3d-69d8b80c.jpg] Left lines: 18, Right lines: 12
[3735fc3d-69d8b80c.jpg] Left lines: 16, Right lines: 15
[3740cd4f-ff1d423d.jpg] Left lines: 3, Right lines: 10
[3740cd4f-ff1d423d.jpg] Left lines: 13, Right lines: 11
[375abba2-9f2ed56c.jpg] Left lines: 15, Right lines: 12
[375abba2-9f2ed56c.jpg] Left lines: 15, Right lines: 18
[37723e55-31730cf5.jpg] Left lines: 2, Right lines: 5
[37723e55-31730cf5.jpg] Left lines: 4, Right lines: 5
[380a3f8e-ba4f0def.jpg] Left lines: 15, Right lines: 3
[380a3f8e-ba4f0def.jpg] Left lines: 19, Right lines: 10
[385b0f61-1aee12ef.jpg] Left lines: 4, Right lines: 7
[385b0f61-1aee12ef.jpg] Left lines: 9, Right lines: 7
[3865fea7-b4fe472d.jpg] Left lines: 12, Right lines: 18
[3865fea7-b4fe472d.jpg] Left lines: 13, Right lines: 21
[38e561dd-8ea8ae2d.jpg] Left lines: 8, Right lines: 12
[38e561dd-8ea8ae2d.jpg] Left lines: 7, Right lines: 12
[38ed8d8d-93c48de2.jpg] Left lines: 16, Right lines: 6
[38ed8d8d-93c48de2.jpg] Left lines: 11, Right lines: 6
[38ed8d8d-b1c230ef.jpg] Left lines: 4, Right lines: 4
[38ed8d8d-b1c230ef.jpg] Left lines: 4, Right lines: 4
[38ed8d8d-fa50400c.jpg] Left lines: 10, Right lines: 13
[38ed8d8d-fa50400c.jpg] Left lines: 10, Right lines: 29
[3900ad8c-8834019f.jpg] Left lines: 0, Right lines: 1
[3900ad8c-8834019f.jpg] Left lines: 0, Right lines: 3
[39ddb110-04604b9c.jpg] Left lines: 1, Right lines: 12
[39ddb110-04604b9c.jpg] Left lines: 1, Right lines: 11
[39fc6d1c-6155351d.jpg] Left lines: 0, Right lines: 19
[39fc6d1c-6155351d.jpg] Left lines: 1, Right lines: 18
[3a278d39-b92df256.jpg] Left lines: 14, Right lines: 11
[3a278d39-b92df256.jpg] Left lines: 10, Right lines: 11
[3a3407a2-df8ea956.jpg] Left lines: 13, Right lines: 0
[3a3407a2-df8ea956.jpg] Left lines: 12, Right lines: 7
[3ad0c4a7-2a3d544e.jpg] Left lines: 8, Right lines: 2
[3ad0c4a7-2a3d544e.jpg] Left lines: 7, Right lines: 5
[3b1e1bc1-ee64e36e.jpg] Left lines: 14, Right lines: 16
[3b1e1bc1-ee64e36e.jpg] Left lines: 12, Right lines: 16
[3b44ef5a-c09e8479.jpg] Left lines: 22, Right lines: 10
[3b44ef5a-c09e8479.jpg] Left lines: 23, Right lines: 13
[3b563c5e-0102edaf.jpg] Left lines: 3, Right lines: 10
[3b563c5e-0102edaf.jpg] Left lines: 4, Right lines: 14
[3b9716a6-d2566395.jpg] Left lines: 7, Right lines: 11
[3b9716a6-d2566395.jpg] Left lines: 35, Right lines: 13
[3c0bbdc2-79baffce.jpg] Left lines: 18, Right lines: 7
[3c0bbdc2-79baffce.jpg] Left lines: 15, Right lines: 10
[3c5752b6-9c0bdf98.jpg] Left lines: 0, Right lines: 5
[3c5752b6-9c0bdf98.jpg] Left lines: 4, Right lines: 9
[3c95ae26-68abac3f.jpg] Left lines: 10, Right lines: 9
[3c95ae26-68abac3f.jpg] Left lines: 9, Right lines: 7
[3e0f1745-a95a63ad.jpg] Left lines: 9, Right lines: 18
[3e0f1745-a95a63ad.jpg] Left lines: 12, Right lines: 19
[3f4eb6a6-9eee52f9.jpg] Left lines: 10, Right lines: 18
[3f4eb6a6-9eee52f9.jpg] Left lines: 20, Right lines: 13
[3f85a987-1ef4053b.jpg] Left lines: 3, Right lines: 3
[3f85a987-1ef4053b.jpg] Left lines: 3, Right lines: 5
[3fe1feaa-10126fec.jpg] Left lines: 7, Right lines: 2
[3fe1feaa-10126fec.jpg] Left lines: 3, Right lines: 15
[3ffdaa26-b394f6f8.jpg] Left lines: 1, Right lines: 20
[3ffdaa26-b394f6f8.jpg] Left lines: 3, Right lines: 19
[4027c10d-41d54e9b.jpg] Left lines: 5, Right lines: 12
[4027c10d-41d54e9b.jpg] Left lines: 5, Right lines: 10
[428e99ea-4166e549.jpg] Left lines: 42, Right lines: 5
[428e99ea-4166e549.jpg] Left lines: 42, Right lines: 7
[42e0dd11-74b81997.jpg] Left lines: 4, Right lines: 11
[42e0dd11-74b81997.jpg] Left lines: 5, Right lines: 16
[430395d1-931c959e.jpg] Left lines: 20, Right lines: 7
[430395d1-931c959e.jpg] Left lines: 15, Right lines: 8
[43126e0d-495d04a5.jpg] Left lines: 8, Right lines: 4
[43126e0d-495d04a5.jpg] Left lines: 8, Right lines: 22
[43126e0d-cce96832.jpg] Left lines: 17, Right lines: 8
[43126e0d-cce96832.jpg] Left lines: 23, Right lines: 11
[432f9e20-83a0d96c.jpg] Left lines: 21, Right lines: 16
[432f9e20-83a0d96c.jpg] Left lines: 23, Right lines: 21
[43c7ed5c-b0690325.jpg] Left lines: 2, Right lines: 4
[43c7ed5c-b0690325.jpg] Left lines: 2, Right lines: 5
[44cc16d9-d2e06fd6.jpg] Left lines: 8, Right lines: 7
[44cc16d9-d2e06fd6.jpg] Left lines: 3, Right lines: 6
[45bafa98-1ee18a2f.jpg] Left lines: 2, Right lines: 5
[45bafa98-1ee18a2f.jpg] Left lines: 2, Right lines: 5
[46d048a1-8f7f385c.jpg] Left lines: 3, Right lines: 8
[46d048a1-8f7f385c.jpg] Left lines: 2, Right lines: 7
[46f76df9-8bf77914.jpg] Left lines: 10, Right lines: 15
[46f76df9-8bf77914.jpg] Left lines: 13, Right lines: 13
[480263a0-5aad7ae9.jpg] Left lines: 2, Right lines: 18
[480263a0-5aad7ae9.jpg] Left lines: 6, Right lines: 31
[488480d6-b94cf415.jpg] Left lines: 9, Right lines: 11
[488480d6-b94cf415.jpg] Left lines: 9, Right lines: 13
[48ed707e-5062e4c3.jpg] Left lines: 11, Right lines: 6
[48ed707e-5062e4c3.jpg] Left lines: 12, Right lines: 7
[4a289ff2-7da7feb6.jpg] Left lines: 1, Right lines: 4
[4a289ff2-7da7feb6.jpg] Left lines: 2, Right lines: 2
[4a31f3e3-ac7ed780.jpg] Left lines: 33, Right lines: 5
[4a31f3e3-ac7ed780.jpg] Left lines: 25, Right lines: 6
[4b2e1dde-65b54419.jpg] Left lines: 6, Right lines: 11
[4b2e1dde-65b54419.jpg] Left lines: 9, Right lines: 11
[4d4a590b-4332c5ab.jpg] Left lines: 3, Right lines: 8
[4d4a590b-4332c5ab.jpg] Left lines: 13, Right lines: 8
[5069db50-52f5af30.jpg] Left lines: 18, Right lines: 10
[5069db50-52f5af30.jpg] Left lines: 27, Right lines: 10
[50866f46-30d1f303.jpg] Left lines: 10, Right lines: 13
[50866f46-30d1f303.jpg] Left lines: 10, Right lines: 14
[50b115d6-4b08a666.jpg] Left lines: 5, Right lines: 11
[50b115d6-4b08a666.jpg] Left lines: 10, Right lines: 9
[50b2e757-6c7d0f63.jpg] Left lines: 15, Right lines: 10
[50b2e757-6c7d0f63.jpg] Left lines: 11, Right lines: 14
[50d0fd05-8db58ebd.jpg] Left lines: 4, Right lines: 2
[50d0fd05-8db58ebd.jpg] Left lines: 3, Right lines: 5
[510671e9-603795e0.jpg] Left lines: 13, Right lines: 25
[510671e9-603795e0.jpg] Left lines: 10, Right lines: 38
[514a6d58-0790e0cd.jpg] Left lines: 13, Right lines: 11
[514a6d58-0790e0cd.jpg] Left lines: 14, Right lines: 8
[5150bb50-300d52ce.jpg] Left lines: 17, Right lines: 15
[5150bb50-300d52ce.jpg] Left lines: 15, Right lines: 28
[52799e9e-8c8673f3.jpg] Left lines: 7, Right lines: 8
[52799e9e-8c8673f3.jpg] Left lines: 8, Right lines: 9
[52bda346-fd8ac6e7.jpg] Left lines: 3, Right lines: 12
[52bda346-fd8ac6e7.jpg] Left lines: 3, Right lines: 18
[534418ba-ee05398f.jpg] Left lines: 12, Right lines: 9
[534418ba-ee05398f.jpg] Left lines: 10, Right lines: 10
[54360b72-e00a3f70.jpg] Left lines: 7, Right lines: 37
[54360b72-e00a3f70.jpg] Left lines: 17, Right lines: 26
[554d7cd5-a32486dd.jpg] Left lines: 5, Right lines: 14
[554d7cd5-a32486dd.jpg] Left lines: 15, Right lines: 13
[559fed19-7893646f.jpg] Left lines: 3, Right lines: 10
[559fed19-7893646f.jpg] Left lines: 2, Right lines: 12
[57165857-e4d4a47f.jpg] Left lines: 1, Right lines: 0
[57165857-e4d4a47f.jpg] Left lines: 1, Right lines: 6
[5795bfe7-a599384a.jpg] Left lines: 3, Right lines: 2
[5795bfe7-a599384a.jpg] Left lines: 6, Right lines: 5
[57ac74e2-e86131f1.jpg] Left lines: 0, Right lines: 32
[57ac74e2-e86131f1.jpg] Left lines: 8, Right lines: 38
[57b495f2-6da6b1e5.jpg] Left lines: 3, Right lines: 3
[57b495f2-6da6b1e5.jpg] Left lines: 4, Right lines: 2
[585443c8-2621a6b1.jpg] Left lines: 8, Right lines: 7
[585443c8-2621a6b1.jpg] Left lines: 7, Right lines: 8
[5877b384-2545daf4.jpg] Left lines: 34, Right lines: 9
[5877b384-2545daf4.jpg] Left lines: 31, Right lines: 4
[587bb1bf-1aa00fe5.jpg] Left lines: 5, Right lines: 11
[587bb1bf-1aa00fe5.jpg] Left lines: 18, Right lines: 20
[5995c288-2d152172.jpg] Left lines: 14, Right lines: 0
[5995c288-2d152172.jpg] Left lines: 13, Right lines: 2
[59cde7c7-344bffb1.jpg] Left lines: 2, Right lines: 0
[59cde7c7-344bffb1.jpg] Left lines: 3, Right lines: 4
[5a8f9b5d-1fdfd2d4.jpg] Left lines: 23, Right lines: 17
[5a8f9b5d-1fdfd2d4.jpg] Left lines: 26, Right lines: 23
[5ae83f9c-da990b49.jpg] Left lines: 11, Right lines: 21
[5ae83f9c-da990b49.jpg] Left lines: 13, Right lines: 17
[5b2b4881-67a6cb87.jpg] Left lines: 4, Right lines: 2
[5b2b4881-67a6cb87.jpg] Left lines: 7, Right lines: 2
[5b2fd56a-37759b05.jpg] Left lines: 14, Right lines: 4
[5b2fd56a-37759b05.jpg] Left lines: 18, Right lines: 6
[5b4b0b07-2fb56b82.jpg] Left lines: 8, Right lines: 7
[5b4b0b07-2fb56b82.jpg] Left lines: 11, Right lines: 11
[5bc44a50-c371c4d0.jpg] Left lines: 13, Right lines: 11
[5bc44a50-c371c4d0.jpg] Left lines: 12, Right lines: 11
[5c4004b7-bf3b7941.jpg] Left lines: 9, Right lines: 9
[5c4004b7-bf3b7941.jpg] Left lines: 11, Right lines: 8
[5c534f5f-a76c7f4b.jpg] Left lines: 10, Right lines: 15
[5c534f5f-a76c7f4b.jpg] Left lines: 12, Right lines: 15
[5c5dc708-35460444.jpg] Left lines: 2, Right lines: 7
[5c5dc708-35460444.jpg] Left lines: 2, Right lines: 5
[5da6c6b6-76c54605.jpg] Left lines: 0, Right lines: 3
[5da6c6b6-76c54605.jpg] Left lines: 1, Right lines: 1
[5dc5141c-5890b5b1.jpg] Left lines: 1, Right lines: 9
[5dc5141c-5890b5b1.jpg] Left lines: 1, Right lines: 17
[5dd831da-bd00cf03.jpg] Left lines: 15, Right lines: 5
[5dd831da-bd00cf03.jpg] Left lines: 14, Right lines: 25
[5dfb063f-7bd23d5c.jpg] Left lines: 13, Right lines: 7
[5dfb063f-7bd23d5c.jpg] Left lines: 13, Right lines: 8
[5e0b701e-d443d8c2.jpg] Left lines: 2, Right lines: 14
[5e0b701e-d443d8c2.jpg] Left lines: 8, Right lines: 19
[5e26f49d-0bc53c7e.jpg] Left lines: 4, Right lines: 1
[5e26f49d-0bc53c7e.jpg] Left lines: 8, Right lines: 1
[5e26f49d-9271bf00.jpg] Left lines: 11, Right lines: 10
[5e26f49d-9271bf00.jpg] Left lines: 9, Right lines: 11
[5e625ec3-7b4fc682.jpg] Left lines: 13, Right lines: 16
[5e625ec3-7b4fc682.jpg] Left lines: 16, Right lines: 19
[5f9387ff-330136ae.jpg] Left lines: 15, Right lines: 3
[5f9387ff-330136ae.jpg] Left lines: 17, Right lines: 4
[5fa17a25-88b8e6b9.jpg] Left lines: 22, Right lines: 9
[5fa17a25-88b8e6b9.jpg] Left lines: 27, Right lines: 19
[5fa422e1-2d8dd765.jpg] Left lines: 23, Right lines: 4
[5fa422e1-2d8dd765.jpg] Left lines: 22, Right lines: 5
[5fb2a702-f56a339c.jpg] Left lines: 8, Right lines: 7
[5fb2a702-f56a339c.jpg] Left lines: 10, Right lines: 5
[6011831b-0992e205.jpg] Left lines: 19, Right lines: 10
[6011831b-0992e205.jpg] Left lines: 19, Right lines: 18
[60137cc0-428b8f5b.jpg] Left lines: 11, Right lines: 1
[60137cc0-428b8f5b.jpg] Left lines: 10, Right lines: 1
[604b5b3e-3c2e6b6b.jpg] Left lines: 5, Right lines: 10
[604b5b3e-3c2e6b6b.jpg] Left lines: 12, Right lines: 15
[6092f5a2-424550ba.jpg] Left lines: 17, Right lines: 14
[6092f5a2-424550ba.jpg] Left lines: 16, Right lines: 15
[60ba25dd-6c0df417.jpg] Left lines: 7, Right lines: 7
[60ba25dd-6c0df417.jpg] Left lines: 6, Right lines: 11
[60c678e7-4813ae0f.jpg] Left lines: 12, Right lines: 0
[60c678e7-4813ae0f.jpg] Left lines: 5, Right lines: 7
[614ecada-16b0f8b6.jpg] Left lines: 11, Right lines: 20
[614ecada-16b0f8b6.jpg] Left lines: 16, Right lines: 22
[61e4ad87-53ceb455.jpg] Left lines: 30, Right lines: 6
[61e4ad87-53ceb455.jpg] Left lines: 31, Right lines: 14
[6240d7b3-b51b5788.jpg] Left lines: 5, Right lines: 10
[6240d7b3-b51b5788.jpg] Left lines: 9, Right lines: 11
[62aefb36-b685117f.jpg] Left lines: 21, Right lines: 16
[62aefb36-b685117f.jpg] Left lines: 19, Right lines: 19
[634c1785-3bb9a8a2.jpg] Left lines: 11, Right lines: 13
[634c1785-3bb9a8a2.jpg] Left lines: 11, Right lines: 12
[634c1785-aeb1652f.jpg] Left lines: 22, Right lines: 15
[634c1785-aeb1652f.jpg] Left lines: 24, Right lines: 16
[63f73472-028615f1.jpg] Left lines: 21, Right lines: 15
[63f73472-028615f1.jpg] Left lines: 32, Right lines: 19
[6485ad0a-245d1600.jpg] Left lines: 22, Right lines: 12
[6485ad0a-245d1600.jpg] Left lines: 27, Right lines: 14
[648dc925-e359dbec.jpg] Left lines: 21, Right lines: 5
[648dc925-e359dbec.jpg] Left lines: 23, Right lines: 5
[65edc5a1-f309fed7.jpg] Left lines: 13, Right lines: 16
[65edc5a1-f309fed7.jpg] Left lines: 18, Right lines: 15
[661381d9-1114a810.jpg] Left lines: 13, Right lines: 3
[661381d9-1114a810.jpg] Left lines: 16, Right lines: 4
[664cb246-f84cfaf4.jpg] Left lines: 15, Right lines: 13
[664cb246-f84cfaf4.jpg] Left lines: 26, Right lines: 14
[675cf8fa-4b1ce8b9.jpg] Left lines: 23, Right lines: 12
[675cf8fa-4b1ce8b9.jpg] Left lines: 24, Right lines: 12
[67faeadf-eb09a636.jpg] Left lines: 0, Right lines: 7
[67faeadf-eb09a636.jpg] Left lines: 1, Right lines: 9
[691be377-5dbc29ee.jpg] Left lines: 8, Right lines: 2
[691be377-5dbc29ee.jpg] Left lines: 2, Right lines: 1
[692f1303-05178963.jpg] Left lines: 3, Right lines: 4
[692f1303-05178963.jpg] Left lines: 2, Right lines: 2
[692f9b08-bdbbd729.jpg] Left lines: 24, Right lines: 7
[692f9b08-bdbbd729.jpg] Left lines: 26, Right lines: 6
[69bfbe31-5ee2a642.jpg] Left lines: 24, Right lines: 14
[69bfbe31-5ee2a642.jpg] Left lines: 30, Right lines: 7
[69cf7667-68f59649.jpg] Left lines: 14, Right lines: 7
[69cf7667-68f59649.jpg] Left lines: 13, Right lines: 7
[69cf7667-7eb40860.jpg] Left lines: 15, Right lines: 6
[69cf7667-7eb40860.jpg] Left lines: 17, Right lines: 0
[6a44fb9a-05a3dd18.jpg] Left lines: 21, Right lines: 14
[6a44fb9a-05a3dd18.jpg] Left lines: 28, Right lines: 12
[6a793e80-4f5e207f.jpg] Left lines: 12, Right lines: 0
[6a793e80-4f5e207f.jpg] Left lines: 9, Right lines: 9
[6a82c0d6-b31f6b90.jpg] Left lines: 0, Right lines: 18
[6a82c0d6-b31f6b90.jpg] Left lines: 1, Right lines: 19
[6a8d218d-14e4fa28.jpg] Left lines: 3, Right lines: 10
[6a8d218d-14e4fa28.jpg] Left lines: 12, Right lines: 23
[6ad110c3-789e7724.jpg] Left lines: 34, Right lines: 11
[6ad110c3-789e7724.jpg] Left lines: 30, Right lines: 14
[6b15392a-3a1699fd.jpg] Left lines: 24, Right lines: 16
[6b15392a-3a1699fd.jpg] Left lines: 31, Right lines: 18
[6b784eee-0a5a2c89.jpg] Left lines: 24, Right lines: 6
[6b784eee-0a5a2c89.jpg] Left lines: 23, Right lines: 8
[6bb5a881-15e5c2c4.jpg] Left lines: 6, Right lines: 0
[6bb5a881-15e5c2c4.jpg] Left lines: 6, Right lines: 17
[6bd41587-d65ba5b4.jpg] Left lines: 5, Right lines: 4
[6bd41587-d65ba5b4.jpg] Left lines: 5, Right lines: 4
[6d0d7bef-fb11b6e1.jpg] Left lines: 6, Right lines: 5
[6d0d7bef-fb11b6e1.jpg] Left lines: 16, Right lines: 7
[6d57736c-a35808b9.jpg] Left lines: 10, Right lines: 5
[6d57736c-a35808b9.jpg] Left lines: 11, Right lines: 4
[6d8a6d94-00a7ad92.jpg] Left lines: 6, Right lines: 4
[6d8a6d94-00a7ad92.jpg] Left lines: 7, Right lines: 9
[6eeed3fa-87a1b0c9.jpg] Left lines: 5, Right lines: 12
[6eeed3fa-87a1b0c9.jpg] Left lines: 9, Right lines: 12
[701992bd-8a457895.jpg] Left lines: 13, Right lines: 12
[701992bd-8a457895.jpg] Left lines: 15, Right lines: 14
[7171644d-4e74752e.jpg] Left lines: 6, Right lines: 25
[7171644d-4e74752e.jpg] Left lines: 7, Right lines: 28
[7171644d-ee92c71e.jpg] Left lines: 11, Right lines: 24
[7171644d-ee92c71e.jpg] Left lines: 12, Right lines: 21
[72f22fa5-8af4615c.jpg] Left lines: 23, Right lines: 13
[72f22fa5-8af4615c.jpg] Left lines: 34, Right lines: 12
[72fd00fe-aeadfc89.jpg] Left lines: 6, Right lines: 12
[72fd00fe-aeadfc89.jpg] Left lines: 17, Right lines: 10
[730c67a5-563e9b1f.jpg] Left lines: 15, Right lines: 3
[730c67a5-563e9b1f.jpg] Left lines: 9, Right lines: 14
[738a2bcd-7a6fde0d.jpg] Left lines: 4, Right lines: 6
[738a2bcd-7a6fde0d.jpg] Left lines: 5, Right lines: 6
[73aff960-d46366ec.jpg] Left lines: 4, Right lines: 2
[73aff960-d46366ec.jpg] Left lines: 5, Right lines: 6
[73d338d6-edf0b3db.jpg] Left lines: 17, Right lines: 6
[73d338d6-edf0b3db.jpg] Left lines: 23, Right lines: 21
[75ad1fff-77299093.jpg] Left lines: 0, Right lines: 13
[75ad1fff-77299093.jpg] Left lines: 7, Right lines: 10
[75f5f52c-6b67e736.jpg] Left lines: 11, Right lines: 9
[75f5f52c-6b67e736.jpg] Left lines: 11, Right lines: 7
[777005a8-14c739ad.jpg] Left lines: 6, Right lines: 5
[777005a8-14c739ad.jpg] Left lines: 18, Right lines: 3
[7771e03b-832e52c0.jpg] Left lines: 3, Right lines: 12
[7771e03b-832e52c0.jpg] Left lines: 13, Right lines: 11
[7771e03b-a8f9d50c.jpg] Left lines: 22, Right lines: 10
[7771e03b-a8f9d50c.jpg] Left lines: 18, Right lines: 8
[7797fea2-c37f9856.jpg] Left lines: 11, Right lines: 15
[7797fea2-c37f9856.jpg] Left lines: 8, Right lines: 13
[77bdbeb0-edb0613f.jpg] Left lines: 13, Right lines: 13
[77bdbeb0-edb0613f.jpg] Left lines: 13, Right lines: 3
[77dca577-16a39ea0.jpg] Left lines: 8, Right lines: 9
[77dca577-16a39ea0.jpg] Left lines: 10, Right lines: 9
[77f810c4-43a39c1f.jpg] Left lines: 10, Right lines: 5
[77f810c4-43a39c1f.jpg] Left lines: 7, Right lines: 5
[7814206e-8e991d51.jpg] Left lines: 17, Right lines: 8
[7814206e-8e991d51.jpg] Left lines: 17, Right lines: 6
[7814206e-ea2508d0.jpg] Left lines: 11, Right lines: 10
[7814206e-ea2508d0.jpg] Left lines: 22, Right lines: 9
[79e177bc-4d5d3acc.jpg] Left lines: 17, Right lines: 12
[79e177bc-4d5d3acc.jpg] Left lines: 18, Right lines: 18
[7aa4ff0f-9d28d8a4.jpg] Left lines: 10, Right lines: 16
[7aa4ff0f-9d28d8a4.jpg] Left lines: 13, Right lines: 17
[7ad1174c-373265eb.jpg] Left lines: 1, Right lines: 1
[7ad1174c-373265eb.jpg] Left lines: 9, Right lines: 0
[7b268b98-e0ec16c3.jpg] Left lines: 3, Right lines: 6
[7b268b98-e0ec16c3.jpg] Left lines: 3, Right lines: 4
[7c5a2048-332896ea.jpg] Left lines: 12, Right lines: 1
[7c5a2048-332896ea.jpg] Left lines: 13, Right lines: 13
[7c5d50c5-7292de37.jpg] Left lines: 6, Right lines: 14
[7c5d50c5-7292de37.jpg] Left lines: 7, Right lines: 11
[7d1fe115-936a2f47.jpg] Left lines: 8, Right lines: 8
[7d1fe115-936a2f47.jpg] Left lines: 7, Right lines: 13
[7dc2914d-a20a969a.jpg] Left lines: 15, Right lines: 8
[7dc2914d-a20a969a.jpg] Left lines: 14, Right lines: 8
[7e4ab78b-4a62c63e.jpg] Left lines: 4, Right lines: 3
[7e4ab78b-4a62c63e.jpg] Left lines: 1, Right lines: 7
[7e590c49-93f03732.jpg] Left lines: 0, Right lines: 4
[7e590c49-93f03732.jpg] Left lines: 2, Right lines: 3
[7ed57d0a-d7bcc13d.jpg] Left lines: 13, Right lines: 13
[7ed57d0a-d7bcc13d.jpg] Left lines: 17, Right lines: 16
[7f0ef682-c93899df.jpg] Left lines: 1, Right lines: 12
[7f0ef682-c93899df.jpg] Left lines: 1, Right lines: 14
[7f4ac354-777de900.jpg] Left lines: 11, Right lines: 5
[7f4ac354-777de900.jpg] Left lines: 12, Right lines: 6
[7f9bdf0d-c0e0061f.jpg] Left lines: 15, Right lines: 3
[7f9bdf0d-c0e0061f.jpg] Left lines: 16, Right lines: 5
[7fd14da9-a855494b.jpg] Left lines: 22, Right lines: 11
[7fd14da9-a855494b.jpg] Left lines: 29, Right lines: 11
[801bff84-a72998c7.jpg] Left lines: 32, Right lines: 15
[801bff84-a72998c7.jpg] Left lines: 32, Right lines: 25
[8073de38-f7eab6ec.jpg] Left lines: 13, Right lines: 18
[8073de38-f7eab6ec.jpg] Left lines: 19, Right lines: 12
[8082ea05-1a7bcd47.jpg] Left lines: 10, Right lines: 24
[8082ea05-1a7bcd47.jpg] Left lines: 15, Right lines: 29
[80ecebc0-ca9605f4.jpg] Left lines: 1, Right lines: 7
[80ecebc0-ca9605f4.jpg] Left lines: 6, Right lines: 7
[81ec3b39-1951f79e.jpg] Left lines: 16, Right lines: 8
[81ec3b39-1951f79e.jpg] Left lines: 14, Right lines: 9
[82b14c0c-79b99258.jpg] Left lines: 13, Right lines: 11
[82b14c0c-79b99258.jpg] Left lines: 12, Right lines: 16
[82b5fc3b-90cadd1b.jpg] Left lines: 7, Right lines: 17
[82b5fc3b-90cadd1b.jpg] Left lines: 8, Right lines: 17
[82f03471-8e304dd5.jpg] Left lines: 4, Right lines: 10
[82f03471-8e304dd5.jpg] Left lines: 6, Right lines: 7
[836fa13a-d6058a12.jpg] Left lines: 13, Right lines: 3
[836fa13a-d6058a12.jpg] Left lines: 13, Right lines: 5
[84fb3f59-7d5d1fa4.jpg] Left lines: 1, Right lines: 18
[84fb3f59-7d5d1fa4.jpg] Left lines: 8, Right lines: 14
[8542b4da-7795bcfd.jpg] Left lines: 6, Right lines: 14
[8542b4da-7795bcfd.jpg] Left lines: 16, Right lines: 14
[85f3f250-1fef85ac.jpg] Left lines: 16, Right lines: 14
[85f3f250-1fef85ac.jpg] Left lines: 14, Right lines: 15
[87ca2979-d5158824.jpg] Left lines: 7, Right lines: 12
[87ca2979-d5158824.jpg] Left lines: 6, Right lines: 10
[889b7dda-77f16103.jpg] Left lines: 5, Right lines: 14
[889b7dda-77f16103.jpg] Left lines: 4, Right lines: 17
[88dbf01a-d8b35dee.jpg] Left lines: 18, Right lines: 4
[88dbf01a-d8b35dee.jpg] Left lines: 13, Right lines: 4
[897223bc-6938f1ab.jpg] Left lines: 2, Right lines: 5
[897223bc-6938f1ab.jpg] Left lines: 22, Right lines: 5
[89b7454d-880eacbd.jpg] Left lines: 4, Right lines: 2
[89b7454d-880eacbd.jpg] Left lines: 11, Right lines: 8
[89e85e71-7dd0a7b6.jpg] Left lines: 40, Right lines: 19
[89e85e71-7dd0a7b6.jpg] Left lines: 16, Right lines: 5
[8a4fbffe-47866ce9.jpg] Left lines: 1, Right lines: 1
[8a4fbffe-47866ce9.jpg] Left lines: 5, Right lines: 7
[8a76c101-8bcefc32.jpg] Left lines: 0, Right lines: 16
[8a76c101-8bcefc32.jpg] Left lines: 0, Right lines: 20
[8b7ef6c4-6bbcf25f.jpg] Left lines: 13, Right lines: 12
[8b7ef6c4-6bbcf25f.jpg] Left lines: 16, Right lines: 12
[8bac644e-e0437ead.jpg] Left lines: 1, Right lines: 2
[8bac644e-e0437ead.jpg] Left lines: 3, Right lines: 7
[8c94c649-8ba62efa.jpg] Left lines: 3, Right lines: 5
[8c94c649-8ba62efa.jpg] Left lines: 4, Right lines: 4
[8c9bbaa9-34934b66.jpg] Left lines: 8, Right lines: 12
[8c9bbaa9-34934b66.jpg] Left lines: 11, Right lines: 13
[degraded] motion_blur level_3 (300 images)
[0049e5b8-725e21a0.jpg] Left lines: 12, Right lines: 14
[0049e5b8-725e21a0.jpg] Left lines: 11, Right lines: 11
[0081e27b-17bf4a9e.jpg] Left lines: 5, Right lines: 15
[0081e27b-17bf4a9e.jpg] Left lines: 7, Right lines: 15
[00beeb02-50440dcd.jpg] Left lines: 2, Right lines: 2
[00beeb02-50440dcd.jpg] Left lines: 2, Right lines: 2
[00d4b6b7-7d0a60bf.jpg] Left lines: 1, Right lines: 1
[00d4b6b7-7d0a60bf.jpg] Left lines: 4, Right lines: 0
[01118704-2d838d7f.jpg] Left lines: 8, Right lines: 1
[01118704-2d838d7f.jpg] Left lines: 10, Right lines: 7
[0115917e-14907a6a.jpg] Left lines: 16, Right lines: 9
[0115917e-14907a6a.jpg] Left lines: 16, Right lines: 13
[02188a44-65ad27f3.jpg] Left lines: 30, Right lines: 0
[02188a44-65ad27f3.jpg] Left lines: 26, Right lines: 0
[02494b7b-079febf8.jpg] Left lines: 16, Right lines: 2
[02494b7b-079febf8.jpg] Left lines: 16, Right lines: 5
[029ffd50-dc944dba.jpg] Left lines: 0, Right lines: 9
[029ffd50-dc944dba.jpg] Left lines: 3, Right lines: 9
[0464a98b-860229d5.jpg] Left lines: 0, Right lines: 20
[0464a98b-860229d5.jpg] Left lines: 2, Right lines: 25
[051aadb7-51aad566.jpg] Left lines: 0, Right lines: 0
[051aadb7-51aad566.jpg] Left lines: 0, Right lines: 2
[051aadb7-e953bc4d.jpg] Left lines: 0, Right lines: 0
[051aadb7-e953bc4d.jpg] Left lines: 14, Right lines: 17
[05743a9b-747658e7.jpg] Left lines: 0, Right lines: 11
[05743a9b-747658e7.jpg] Left lines: 12, Right lines: 13
[057af272-6f700aef.jpg] Left lines: 0, Right lines: 10
[057af272-6f700aef.jpg] Left lines: 0, Right lines: 10
[05d62296-30c620d5.jpg] Left lines: 10, Right lines: 0
[05d62296-30c620d5.jpg] Left lines: 7, Right lines: 0
[05e5a68e-f0e05a42.jpg] Left lines: 0, Right lines: 8
[05e5a68e-f0e05a42.jpg] Left lines: 1, Right lines: 18
[05fa6494-8f436d04.jpg] Left lines: 13, Right lines: 17
[05fa6494-8f436d04.jpg] Left lines: 17, Right lines: 28
[060039d9-5218402b.jpg] Left lines: 12, Right lines: 9
[060039d9-5218402b.jpg] Left lines: 21, Right lines: 12
[064aa0d6-f75ff4d5.jpg] Left lines: 8, Right lines: 9
[064aa0d6-f75ff4d5.jpg] Left lines: 8, Right lines: 8
[07de5062-ddddcbd7.jpg] Left lines: 1, Right lines: 0
[07de5062-ddddcbd7.jpg] Left lines: 2, Right lines: 2
[088351d1-30833ddc.jpg] Left lines: 6, Right lines: 5
[088351d1-30833ddc.jpg] Left lines: 16, Right lines: 0
[08a49c01-675d3899.jpg] Left lines: 12, Right lines: 11
[08a49c01-675d3899.jpg] Left lines: 14, Right lines: 11
[08d4285a-4a25b9b6.jpg] Left lines: 7, Right lines: 14
[08d4285a-4a25b9b6.jpg] Left lines: 8, Right lines: 19
[09ac21d6-eefa8ed0.jpg] Left lines: 0, Right lines: 21
[09ac21d6-eefa8ed0.jpg] Left lines: 22, Right lines: 19
[0a0a0b1a-7c39d841.jpg] Left lines: 7, Right lines: 12
[0a0a0b1a-7c39d841.jpg] Left lines: 8, Right lines: 11
[0af6039a-f3c91319.jpg] Left lines: 7, Right lines: 5
[0af6039a-f3c91319.jpg] Left lines: 17, Right lines: 6
[0b2f5d0d-8fddc1fc.jpg] Left lines: 8, Right lines: 15
[0b2f5d0d-8fddc1fc.jpg] Left lines: 23, Right lines: 15
[0b4225f9-bfb10f88.jpg] Left lines: 5, Right lines: 5
[0b4225f9-bfb10f88.jpg] Left lines: 14, Right lines: 5
[0ba08fe3-880ae118.jpg] Left lines: 7, Right lines: 29
[0ba08fe3-880ae118.jpg] Left lines: 6, Right lines: 18
[0c2f33b9-f94d69b5.jpg] Left lines: 1, Right lines: 13
[0c2f33b9-f94d69b5.jpg] Left lines: 11, Right lines: 11
[0c984e6d-2b5d7ee4.jpg] Left lines: 5, Right lines: 5
[0c984e6d-2b5d7ee4.jpg] Left lines: 5, Right lines: 5
[0cb67a01-7cf1687e.jpg] Left lines: 1, Right lines: 0
[0cb67a01-7cf1687e.jpg] Left lines: 8, Right lines: 11
[0cc6f3e8-b4c9e348.jpg] Left lines: 10, Right lines: 7
[0cc6f3e8-b4c9e348.jpg] Left lines: 8, Right lines: 22
[0cf398b3-ce65ab64.jpg] Left lines: 2, Right lines: 2
[0cf398b3-ce65ab64.jpg] Left lines: 7, Right lines: 2
[0d3ec56a-f4cead6f.jpg] Left lines: 0, Right lines: 13
[0d3ec56a-f4cead6f.jpg] Left lines: 6, Right lines: 14
[0d61234a-542010b2.jpg] Left lines: 10, Right lines: 12
[0d61234a-542010b2.jpg] Left lines: 11, Right lines: 22
[0e442b65-b17e0b50.jpg] Left lines: 15, Right lines: 4
[0e442b65-b17e0b50.jpg] Left lines: 15, Right lines: 8
[0e5c7e92-0d9c60f0.jpg] Left lines: 14, Right lines: 13
[0e5c7e92-0d9c60f0.jpg] Left lines: 16, Right lines: 10
[0f837def-9646c091.jpg] Left lines: 3, Right lines: 7
[0f837def-9646c091.jpg] Left lines: 10, Right lines: 8
[0fba84f9-73b520ee.jpg] Left lines: 15, Right lines: 10
[0fba84f9-73b520ee.jpg] Left lines: 15, Right lines: 15
[101a0964-930eae70.jpg] Left lines: 7, Right lines: 14
[101a0964-930eae70.jpg] Left lines: 10, Right lines: 13
[10389fe8-433c740c.jpg] Left lines: 2, Right lines: 0
[10389fe8-433c740c.jpg] Left lines: 12, Right lines: 5
[10453a95-40759ac3.jpg] Left lines: 5, Right lines: 8
[10453a95-40759ac3.jpg] Left lines: 5, Right lines: 9
[1072195f-0a161ade.jpg] Left lines: 14, Right lines: 10
[1072195f-0a161ade.jpg] Left lines: 19, Right lines: 14
[1072195f-6cf88b25.jpg] Left lines: 3, Right lines: 0
[1072195f-6cf88b25.jpg] Left lines: 11, Right lines: 8
[11513e3d-150058c3.jpg] Left lines: 7, Right lines: 10
[11513e3d-150058c3.jpg] Left lines: 13, Right lines: 8
[1189ae68-1a8ad3c6.jpg] Left lines: 12, Right lines: 7
[1189ae68-1a8ad3c6.jpg] Left lines: 13, Right lines: 5
[12076ebb-c07285d7.jpg] Left lines: 5, Right lines: 10
[12076ebb-c07285d7.jpg] Left lines: 4, Right lines: 12
[125134e5-7dfc45b9.jpg] Left lines: 0, Right lines: 0
[125134e5-7dfc45b9.jpg] Left lines: 0, Right lines: 0
[12ae9ab8-794f5adc.jpg] Left lines: 7, Right lines: 11
[12ae9ab8-794f5adc.jpg] Left lines: 29, Right lines: 5
[13f61134-50021e53.jpg] Left lines: 0, Right lines: 10
[13f61134-50021e53.jpg] Left lines: 1, Right lines: 11
[14eace5a-ddf3b303.jpg] Left lines: 14, Right lines: 0
[14eace5a-ddf3b303.jpg] Left lines: 20, Right lines: 1
[1608cfe7-32da2c5d.jpg] Left lines: 1, Right lines: 12
[1608cfe7-32da2c5d.jpg] Left lines: 7, Right lines: 10
[162995f1-d2c7d259.jpg] Left lines: 3, Right lines: 5
[162995f1-d2c7d259.jpg] Left lines: 11, Right lines: 7
[16b0973f-c07b564a.jpg] Left lines: 8, Right lines: 9
[16b0973f-c07b564a.jpg] Left lines: 25, Right lines: 10
[1784d67b-6b223914.jpg] Left lines: 0, Right lines: 12
[1784d67b-6b223914.jpg] Left lines: 13, Right lines: 12
[1784d67b-d76145ce.jpg] Left lines: 7, Right lines: 11
[1784d67b-d76145ce.jpg] Left lines: 6, Right lines: 13
[188c58f3-792afc71.jpg] Left lines: 1, Right lines: 14
[188c58f3-792afc71.jpg] Left lines: 7, Right lines: 15
[193f7f3b-84bc7998.jpg] Left lines: 1, Right lines: 7
[193f7f3b-84bc7998.jpg] Left lines: 1, Right lines: 9
[194058b0-ac0616a6.jpg] Left lines: 8, Right lines: 2
[194058b0-ac0616a6.jpg] Left lines: 10, Right lines: 0
[19e56249-09c4bbc6.jpg] Left lines: 0, Right lines: 0
[19e56249-09c4bbc6.jpg] Left lines: 0, Right lines: 0
[1a71faae-d5f255fd.jpg] Left lines: 14, Right lines: 9
[1a71faae-d5f255fd.jpg] Left lines: 11, Right lines: 18
[1a8992a7-da5a8510.jpg] Left lines: 0, Right lines: 8
[1a8992a7-da5a8510.jpg] Left lines: 2, Right lines: 8
[1ac0178c-0b259360.jpg] Left lines: 0, Right lines: 0
[1ac0178c-0b259360.jpg] Left lines: 2, Right lines: 4
[1b30f76f-95aa8a06.jpg] Left lines: 12, Right lines: 5
[1b30f76f-95aa8a06.jpg] Left lines: 11, Right lines: 9
[1bda5a26-420ceea6.jpg] Left lines: 4, Right lines: 0
[1bda5a26-420ceea6.jpg] Left lines: 12, Right lines: 4
[1bf7f3d2-15f95138.jpg] Left lines: 11, Right lines: 19
[1bf7f3d2-15f95138.jpg] Left lines: 21, Right lines: 19
[1c227a12-10e5552c.jpg] Left lines: 0, Right lines: 9
[1c227a12-10e5552c.jpg] Left lines: 2, Right lines: 16
[1c227a12-ec67af93.jpg] Left lines: 10, Right lines: 1
[1c227a12-ec67af93.jpg] Left lines: 9, Right lines: 1
[1c5e9657-2e2a2863.jpg] Left lines: 0, Right lines: 0
[1c5e9657-2e2a2863.jpg] Left lines: 1, Right lines: 0
[1cb2a89b-4594573e.jpg] Left lines: 10, Right lines: 11
[1cb2a89b-4594573e.jpg] Left lines: 9, Right lines: 10
[1cf54809-c6daa5a9.jpg] Left lines: 9, Right lines: 17
[1cf54809-c6daa5a9.jpg] Left lines: 15, Right lines: 18
[1d5e05f8-5020f67d.jpg] Left lines: 12, Right lines: 0
[1d5e05f8-5020f67d.jpg] Left lines: 24, Right lines: 5
[1e57ae90-806bc767.jpg] Left lines: 10, Right lines: 20
[1e57ae90-806bc767.jpg] Left lines: 8, Right lines: 22
[1f959fdd-6ff63d34.jpg] Left lines: 2, Right lines: 5
[1f959fdd-6ff63d34.jpg] Left lines: 3, Right lines: 12
[1fa65acf-d43367bc.jpg] Left lines: 12, Right lines: 4
[1fa65acf-d43367bc.jpg] Left lines: 12, Right lines: 4
[20cfadfa-47711496.jpg] Left lines: 12, Right lines: 6
[20cfadfa-47711496.jpg] Left lines: 3, Right lines: 6
[20cfadfa-6f87fdc1.jpg] Left lines: 23, Right lines: 32
[20cfadfa-6f87fdc1.jpg] Left lines: 15, Right lines: 30
[225a1858-0e3a4b04.jpg] Left lines: 0, Right lines: 0
[225a1858-0e3a4b04.jpg] Left lines: 5, Right lines: 1
[22be2f14-59fbdca0.jpg] Left lines: 10, Right lines: 13
[22be2f14-59fbdca0.jpg] Left lines: 10, Right lines: 16
[23333f35-0cbc3f0f.jpg] Left lines: 5, Right lines: 6
[23333f35-0cbc3f0f.jpg] Left lines: 5, Right lines: 4
[23df146f-64b50e4c.jpg] Left lines: 13, Right lines: 22
[23df146f-64b50e4c.jpg] Left lines: 28, Right lines: 30
[24392d7c-998011c2.jpg] Left lines: 2, Right lines: 2
[24392d7c-998011c2.jpg] Left lines: 10, Right lines: 0
[250e7595-b14da270.jpg] Left lines: 18, Right lines: 7
[250e7595-b14da270.jpg] Left lines: 10, Right lines: 9
[26190b83-39ccb412.jpg] Left lines: 1, Right lines: 21
[26190b83-39ccb412.jpg] Left lines: 2, Right lines: 24
[272d52f6-8aac36b3.jpg] Left lines: 3, Right lines: 1
[272d52f6-8aac36b3.jpg] Left lines: 8, Right lines: 2
[2752681a-e813599a.jpg] Left lines: 5, Right lines: 12
[2752681a-e813599a.jpg] Left lines: 11, Right lines: 12
[27645526-f038b033.jpg] Left lines: 62, Right lines: 7
[27645526-f038b033.jpg] Left lines: 49, Right lines: 6
[2773af6f-23e23a6b.jpg] Left lines: 3, Right lines: 9
[2773af6f-23e23a6b.jpg] Left lines: 23, Right lines: 15
[28faf684-03ef4c6e.jpg] Left lines: 9, Right lines: 16
[28faf684-03ef4c6e.jpg] Left lines: 13, Right lines: 14
[292720ee-d847ee69.jpg] Left lines: 9, Right lines: 12
[292720ee-d847ee69.jpg] Left lines: 7, Right lines: 14
[2b54fe2d-c5b810e6.jpg] Left lines: 10, Right lines: 6
[2b54fe2d-c5b810e6.jpg] Left lines: 14, Right lines: 20
[2b605c48-8dfe352b.jpg] Left lines: 16, Right lines: 17
[2b605c48-8dfe352b.jpg] Left lines: 14, Right lines: 34
[2beccce2-354608e2.jpg] Left lines: 8, Right lines: 3
[2beccce2-354608e2.jpg] Left lines: 17, Right lines: 9
[2c87e51d-aa7a8031.jpg] Left lines: 5, Right lines: 0
[2c87e51d-aa7a8031.jpg] Left lines: 0, Right lines: 7
[2ce0b449-e818dc97.jpg] Left lines: 2, Right lines: 0
[2ce0b449-e818dc97.jpg] Left lines: 3, Right lines: 0
[2cf976a2-479cd46b.jpg] Left lines: 3, Right lines: 6
[2cf976a2-479cd46b.jpg] Left lines: 7, Right lines: 10
[2e2fae77-b7497ca0.jpg] Left lines: 11, Right lines: 23
[2e2fae77-b7497ca0.jpg] Left lines: 14, Right lines: 12
[2ead8042-2493c03f.jpg] Left lines: 7, Right lines: 6
[2ead8042-2493c03f.jpg] Left lines: 6, Right lines: 7
[2f1864c1-1a17d11c.jpg] Left lines: 13, Right lines: 10
[2f1864c1-1a17d11c.jpg] Left lines: 17, Right lines: 15
[2f879dc0-b09e4824.jpg] Left lines: 12, Right lines: 17
[2f879dc0-b09e4824.jpg] Left lines: 11, Right lines: 14
[2fc9ad1e-ee4c9e43.jpg] Left lines: 6, Right lines: 5
[2fc9ad1e-ee4c9e43.jpg] Left lines: 19, Right lines: 6
[3050b249-0ffbd6ec.jpg] Left lines: 3, Right lines: 2
[3050b249-0ffbd6ec.jpg] Left lines: 3, Right lines: 1
[314cc010-3eab5c90.jpg] Left lines: 0, Right lines: 4
[314cc010-3eab5c90.jpg] Left lines: 7, Right lines: 14
[31765c6b-90b0d612.jpg] Left lines: 8, Right lines: 8
[31765c6b-90b0d612.jpg] Left lines: 9, Right lines: 10
[31cf6eba-5c84c636.jpg] Left lines: 0, Right lines: 9
[31cf6eba-5c84c636.jpg] Left lines: 0, Right lines: 9
[32de2244-122f1783.jpg] Left lines: 6, Right lines: 11
[32de2244-122f1783.jpg] Left lines: 2, Right lines: 12
[33420085-32996107.jpg] Left lines: 10, Right lines: 7
[33420085-32996107.jpg] Left lines: 42, Right lines: 9
[3430a5e6-00ec38d2.jpg] Left lines: 9, Right lines: 6
[3430a5e6-00ec38d2.jpg] Left lines: 7, Right lines: 0
[35eb46d0-8f7e28a0.jpg] Left lines: 15, Right lines: 15
[35eb46d0-8f7e28a0.jpg] Left lines: 17, Right lines: 17
[3735fc3d-69d8b80c.jpg] Left lines: 0, Right lines: 2
[3735fc3d-69d8b80c.jpg] Left lines: 14, Right lines: 17
[3740cd4f-ff1d423d.jpg] Left lines: 6, Right lines: 8
[3740cd4f-ff1d423d.jpg] Left lines: 5, Right lines: 11
[375abba2-9f2ed56c.jpg] Left lines: 4, Right lines: 12
[375abba2-9f2ed56c.jpg] Left lines: 11, Right lines: 10
[37723e55-31730cf5.jpg] Left lines: 0, Right lines: 5
[37723e55-31730cf5.jpg] Left lines: 0, Right lines: 5
[380a3f8e-ba4f0def.jpg] Left lines: 2, Right lines: 3
[380a3f8e-ba4f0def.jpg] Left lines: 20, Right lines: 3
[385b0f61-1aee12ef.jpg] Left lines: 2, Right lines: 7
[385b0f61-1aee12ef.jpg] Left lines: 2, Right lines: 10
[3865fea7-b4fe472d.jpg] Left lines: 12, Right lines: 14
[3865fea7-b4fe472d.jpg] Left lines: 8, Right lines: 18
[38e561dd-8ea8ae2d.jpg] Left lines: 7, Right lines: 15
[38e561dd-8ea8ae2d.jpg] Left lines: 8, Right lines: 15
[38ed8d8d-93c48de2.jpg] Left lines: 5, Right lines: 3
[38ed8d8d-93c48de2.jpg] Left lines: 8, Right lines: 6
[38ed8d8d-b1c230ef.jpg] Left lines: 4, Right lines: 3
[38ed8d8d-b1c230ef.jpg] Left lines: 4, Right lines: 4
[38ed8d8d-fa50400c.jpg] Left lines: 3, Right lines: 11
[38ed8d8d-fa50400c.jpg] Left lines: 9, Right lines: 12
[3900ad8c-8834019f.jpg] Left lines: 1, Right lines: 0
[3900ad8c-8834019f.jpg] Left lines: 1, Right lines: 2
[39ddb110-04604b9c.jpg] Left lines: 1, Right lines: 11
[39ddb110-04604b9c.jpg] Left lines: 1, Right lines: 16
[39fc6d1c-6155351d.jpg] Left lines: 0, Right lines: 8
[39fc6d1c-6155351d.jpg] Left lines: 0, Right lines: 20
[3a278d39-b92df256.jpg] Left lines: 7, Right lines: 8
[3a278d39-b92df256.jpg] Left lines: 11, Right lines: 13
[3a3407a2-df8ea956.jpg] Left lines: 0, Right lines: 0
[3a3407a2-df8ea956.jpg] Left lines: 6, Right lines: 2
[3ad0c4a7-2a3d544e.jpg] Left lines: 4, Right lines: 0
[3ad0c4a7-2a3d544e.jpg] Left lines: 8, Right lines: 4
[3b1e1bc1-ee64e36e.jpg] Left lines: 13, Right lines: 7
[3b1e1bc1-ee64e36e.jpg] Left lines: 13, Right lines: 16
[3b44ef5a-c09e8479.jpg] Left lines: 9, Right lines: 2
[3b44ef5a-c09e8479.jpg] Left lines: 9, Right lines: 5
[3b563c5e-0102edaf.jpg] Left lines: 1, Right lines: 10
[3b563c5e-0102edaf.jpg] Left lines: 2, Right lines: 10
[3b9716a6-d2566395.jpg] Left lines: 0, Right lines: 9
[3b9716a6-d2566395.jpg] Left lines: 4, Right lines: 11
[3c0bbdc2-79baffce.jpg] Left lines: 15, Right lines: 9
[3c0bbdc2-79baffce.jpg] Left lines: 17, Right lines: 10
[3c5752b6-9c0bdf98.jpg] Left lines: 0, Right lines: 2
[3c5752b6-9c0bdf98.jpg] Left lines: 0, Right lines: 4
[3c95ae26-68abac3f.jpg] Left lines: 7, Right lines: 6
[3c95ae26-68abac3f.jpg] Left lines: 8, Right lines: 9
[3e0f1745-a95a63ad.jpg] Left lines: 7, Right lines: 19
[3e0f1745-a95a63ad.jpg] Left lines: 15, Right lines: 18
[3f4eb6a6-9eee52f9.jpg] Left lines: 11, Right lines: 5
[3f4eb6a6-9eee52f9.jpg] Left lines: 12, Right lines: 10
[3f85a987-1ef4053b.jpg] Left lines: 2, Right lines: 0
[3f85a987-1ef4053b.jpg] Left lines: 2, Right lines: 1
[3fe1feaa-10126fec.jpg] Left lines: 5, Right lines: 0
[3fe1feaa-10126fec.jpg] Left lines: 5, Right lines: 9
[3ffdaa26-b394f6f8.jpg] Left lines: 6, Right lines: 20
[3ffdaa26-b394f6f8.jpg] Left lines: 2, Right lines: 19
[4027c10d-41d54e9b.jpg] Left lines: 6, Right lines: 8
[4027c10d-41d54e9b.jpg] Left lines: 6, Right lines: 7
[428e99ea-4166e549.jpg] Left lines: 45, Right lines: 4
[428e99ea-4166e549.jpg] Left lines: 38, Right lines: 4
[42e0dd11-74b81997.jpg] Left lines: 0, Right lines: 0
[42e0dd11-74b81997.jpg] Left lines: 0, Right lines: 15
[430395d1-931c959e.jpg] Left lines: 12, Right lines: 1
[430395d1-931c959e.jpg] Left lines: 15, Right lines: 5
[43126e0d-495d04a5.jpg] Left lines: 10, Right lines: 3
[43126e0d-495d04a5.jpg] Left lines: 8, Right lines: 8
[43126e0d-cce96832.jpg] Left lines: 13, Right lines: 11
[43126e0d-cce96832.jpg] Left lines: 17, Right lines: 10
[432f9e20-83a0d96c.jpg] Left lines: 4, Right lines: 11
[432f9e20-83a0d96c.jpg] Left lines: 11, Right lines: 14
[43c7ed5c-b0690325.jpg] Left lines: 3, Right lines: 8
[43c7ed5c-b0690325.jpg] Left lines: 2, Right lines: 5
[44cc16d9-d2e06fd6.jpg] Left lines: 1, Right lines: 0
[44cc16d9-d2e06fd6.jpg] Left lines: 4, Right lines: 7
[45bafa98-1ee18a2f.jpg] Left lines: 2, Right lines: 6
[45bafa98-1ee18a2f.jpg] Left lines: 2, Right lines: 6
[46d048a1-8f7f385c.jpg] Left lines: 2, Right lines: 5
[46d048a1-8f7f385c.jpg] Left lines: 3, Right lines: 8
[46f76df9-8bf77914.jpg] Left lines: 10, Right lines: 14
[46f76df9-8bf77914.jpg] Left lines: 10, Right lines: 13
[480263a0-5aad7ae9.jpg] Left lines: 5, Right lines: 15
[480263a0-5aad7ae9.jpg] Left lines: 6, Right lines: 25
[488480d6-b94cf415.jpg] Left lines: 3, Right lines: 17
[488480d6-b94cf415.jpg] Left lines: 4, Right lines: 13
[48ed707e-5062e4c3.jpg] Left lines: 1, Right lines: 3
[48ed707e-5062e4c3.jpg] Left lines: 3, Right lines: 8
[4a289ff2-7da7feb6.jpg] Left lines: 0, Right lines: 2
[4a289ff2-7da7feb6.jpg] Left lines: 2, Right lines: 0
[4a31f3e3-ac7ed780.jpg] Left lines: 14, Right lines: 2
[4a31f3e3-ac7ed780.jpg] Left lines: 37, Right lines: 5
[4b2e1dde-65b54419.jpg] Left lines: 6, Right lines: 13
[4b2e1dde-65b54419.jpg] Left lines: 8, Right lines: 14
[4d4a590b-4332c5ab.jpg] Left lines: 0, Right lines: 0
[4d4a590b-4332c5ab.jpg] Left lines: 0, Right lines: 9
[5069db50-52f5af30.jpg] Left lines: 13, Right lines: 10
[5069db50-52f5af30.jpg] Left lines: 23, Right lines: 10
[50866f46-30d1f303.jpg] Left lines: 7, Right lines: 0
[50866f46-30d1f303.jpg] Left lines: 6, Right lines: 4
[50b115d6-4b08a666.jpg] Left lines: 2, Right lines: 6
[50b115d6-4b08a666.jpg] Left lines: 2, Right lines: 10
[50b2e757-6c7d0f63.jpg] Left lines: 10, Right lines: 2
[50b2e757-6c7d0f63.jpg] Left lines: 12, Right lines: 11
[50d0fd05-8db58ebd.jpg] Left lines: 2, Right lines: 0
[50d0fd05-8db58ebd.jpg] Left lines: 2, Right lines: 0
[510671e9-603795e0.jpg] Left lines: 9, Right lines: 18
[510671e9-603795e0.jpg] Left lines: 15, Right lines: 23
[514a6d58-0790e0cd.jpg] Left lines: 11, Right lines: 11
[514a6d58-0790e0cd.jpg] Left lines: 12, Right lines: 11
[5150bb50-300d52ce.jpg] Left lines: 13, Right lines: 15
[5150bb50-300d52ce.jpg] Left lines: 10, Right lines: 14
[52799e9e-8c8673f3.jpg] Left lines: 8, Right lines: 8
[52799e9e-8c8673f3.jpg] Left lines: 8, Right lines: 8
[52bda346-fd8ac6e7.jpg] Left lines: 0, Right lines: 2
[52bda346-fd8ac6e7.jpg] Left lines: 3, Right lines: 12
[534418ba-ee05398f.jpg] Left lines: 10, Right lines: 10
[534418ba-ee05398f.jpg] Left lines: 12, Right lines: 9
[54360b72-e00a3f70.jpg] Left lines: 3, Right lines: 11
[54360b72-e00a3f70.jpg] Left lines: 6, Right lines: 18
[554d7cd5-a32486dd.jpg] Left lines: 0, Right lines: 16
[554d7cd5-a32486dd.jpg] Left lines: 13, Right lines: 14
[559fed19-7893646f.jpg] Left lines: 0, Right lines: 7
[559fed19-7893646f.jpg] Left lines: 1, Right lines: 9
[57165857-e4d4a47f.jpg] Left lines: 2, Right lines: 0
[57165857-e4d4a47f.jpg] Left lines: 1, Right lines: 0
[5795bfe7-a599384a.jpg] Left lines: 0, Right lines: 0
[5795bfe7-a599384a.jpg] Left lines: 0, Right lines: 2
[57ac74e2-e86131f1.jpg] Left lines: 0, Right lines: 18
[57ac74e2-e86131f1.jpg] Left lines: 0, Right lines: 39
[57b495f2-6da6b1e5.jpg] Left lines: 4, Right lines: 2
[57b495f2-6da6b1e5.jpg] Left lines: 4, Right lines: 1
[585443c8-2621a6b1.jpg] Left lines: 8, Right lines: 9
[585443c8-2621a6b1.jpg] Left lines: 7, Right lines: 7
[5877b384-2545daf4.jpg] Left lines: 19, Right lines: 1
[5877b384-2545daf4.jpg] Left lines: 25, Right lines: 4
[587bb1bf-1aa00fe5.jpg] Left lines: 5, Right lines: 11
[587bb1bf-1aa00fe5.jpg] Left lines: 5, Right lines: 11
[5995c288-2d152172.jpg] Left lines: 2, Right lines: 0
[5995c288-2d152172.jpg] Left lines: 3, Right lines: 4
[59cde7c7-344bffb1.jpg] Left lines: 2, Right lines: 0
[59cde7c7-344bffb1.jpg] Left lines: 3, Right lines: 1
[5a8f9b5d-1fdfd2d4.jpg] Left lines: 11, Right lines: 2
[5a8f9b5d-1fdfd2d4.jpg] Left lines: 19, Right lines: 12
[5ae83f9c-da990b49.jpg] Left lines: 6, Right lines: 17
[5ae83f9c-da990b49.jpg] Left lines: 11, Right lines: 13
[5b2b4881-67a6cb87.jpg] Left lines: 2, Right lines: 2
[5b2b4881-67a6cb87.jpg] Left lines: 3, Right lines: 2
[5b2fd56a-37759b05.jpg] Left lines: 19, Right lines: 5
[5b2fd56a-37759b05.jpg] Left lines: 10, Right lines: 7
[5b4b0b07-2fb56b82.jpg] Left lines: 6, Right lines: 0
[5b4b0b07-2fb56b82.jpg] Left lines: 9, Right lines: 8
[5bc44a50-c371c4d0.jpg] Left lines: 7, Right lines: 12
[5bc44a50-c371c4d0.jpg] Left lines: 13, Right lines: 3
[5c4004b7-bf3b7941.jpg] Left lines: 0, Right lines: 0
[5c4004b7-bf3b7941.jpg] Left lines: 10, Right lines: 8
[5c534f5f-a76c7f4b.jpg] Left lines: 12, Right lines: 2
[5c534f5f-a76c7f4b.jpg] Left lines: 9, Right lines: 16
[5c5dc708-35460444.jpg] Left lines: 6, Right lines: 6
[5c5dc708-35460444.jpg] Left lines: 4, Right lines: 7
[5da6c6b6-76c54605.jpg] Left lines: 0, Right lines: 2
[5da6c6b6-76c54605.jpg] Left lines: 0, Right lines: 1
[5dc5141c-5890b5b1.jpg] Left lines: 1, Right lines: 0
[5dc5141c-5890b5b1.jpg] Left lines: 2, Right lines: 3
[5dd831da-bd00cf03.jpg] Left lines: 2, Right lines: 10
[5dd831da-bd00cf03.jpg] Left lines: 1, Right lines: 5
[5dfb063f-7bd23d5c.jpg] Left lines: 11, Right lines: 6
[5dfb063f-7bd23d5c.jpg] Left lines: 11, Right lines: 11
[5e0b701e-d443d8c2.jpg] Left lines: 0, Right lines: 8
[5e0b701e-d443d8c2.jpg] Left lines: 0, Right lines: 11
[5e26f49d-0bc53c7e.jpg] Left lines: 0, Right lines: 0
[5e26f49d-0bc53c7e.jpg] Left lines: 4, Right lines: 1
[5e26f49d-9271bf00.jpg] Left lines: 12, Right lines: 3
[5e26f49d-9271bf00.jpg] Left lines: 11, Right lines: 12
[5e625ec3-7b4fc682.jpg] Left lines: 18, Right lines: 15
[5e625ec3-7b4fc682.jpg] Left lines: 17, Right lines: 17
[5f9387ff-330136ae.jpg] Left lines: 2, Right lines: 2
[5f9387ff-330136ae.jpg] Left lines: 14, Right lines: 2
[5fa17a25-88b8e6b9.jpg] Left lines: 9, Right lines: 5
[5fa17a25-88b8e6b9.jpg] Left lines: 18, Right lines: 11
[5fa422e1-2d8dd765.jpg] Left lines: 15, Right lines: 6
[5fa422e1-2d8dd765.jpg] Left lines: 26, Right lines: 4
[5fb2a702-f56a339c.jpg] Left lines: 12, Right lines: 7
[5fb2a702-f56a339c.jpg] Left lines: 10, Right lines: 8
[6011831b-0992e205.jpg] Left lines: 6, Right lines: 0
[6011831b-0992e205.jpg] Left lines: 11, Right lines: 8
[60137cc0-428b8f5b.jpg] Left lines: 10, Right lines: 2
[60137cc0-428b8f5b.jpg] Left lines: 9, Right lines: 2
[604b5b3e-3c2e6b6b.jpg] Left lines: 15, Right lines: 8
[604b5b3e-3c2e6b6b.jpg] Left lines: 13, Right lines: 8
[6092f5a2-424550ba.jpg] Left lines: 11, Right lines: 10
[6092f5a2-424550ba.jpg] Left lines: 15, Right lines: 15
[60ba25dd-6c0df417.jpg] Left lines: 5, Right lines: 0
[60ba25dd-6c0df417.jpg] Left lines: 6, Right lines: 5
[60c678e7-4813ae0f.jpg] Left lines: 11, Right lines: 0
[60c678e7-4813ae0f.jpg] Left lines: 6, Right lines: 0
[614ecada-16b0f8b6.jpg] Left lines: 14, Right lines: 6
[614ecada-16b0f8b6.jpg] Left lines: 14, Right lines: 27
[61e4ad87-53ceb455.jpg] Left lines: 23, Right lines: 6
[61e4ad87-53ceb455.jpg] Left lines: 40, Right lines: 5
[6240d7b3-b51b5788.jpg] Left lines: 5, Right lines: 10
[6240d7b3-b51b5788.jpg] Left lines: 6, Right lines: 10
[62aefb36-b685117f.jpg] Left lines: 8, Right lines: 10
[62aefb36-b685117f.jpg] Left lines: 25, Right lines: 24
[634c1785-3bb9a8a2.jpg] Left lines: 10, Right lines: 9
[634c1785-3bb9a8a2.jpg] Left lines: 13, Right lines: 13
[634c1785-aeb1652f.jpg] Left lines: 5, Right lines: 16
[634c1785-aeb1652f.jpg] Left lines: 6, Right lines: 14
[63f73472-028615f1.jpg] Left lines: 24, Right lines: 11
[63f73472-028615f1.jpg] Left lines: 16, Right lines: 12
[6485ad0a-245d1600.jpg] Left lines: 5, Right lines: 15
[6485ad0a-245d1600.jpg] Left lines: 4, Right lines: 12
[648dc925-e359dbec.jpg] Left lines: 18, Right lines: 5
[648dc925-e359dbec.jpg] Left lines: 26, Right lines: 7
[65edc5a1-f309fed7.jpg] Left lines: 6, Right lines: 13
[65edc5a1-f309fed7.jpg] Left lines: 18, Right lines: 20
[661381d9-1114a810.jpg] Left lines: 10, Right lines: 5
[661381d9-1114a810.jpg] Left lines: 23, Right lines: 5
[664cb246-f84cfaf4.jpg] Left lines: 4, Right lines: 17
[664cb246-f84cfaf4.jpg] Left lines: 18, Right lines: 12
[675cf8fa-4b1ce8b9.jpg] Left lines: 22, Right lines: 15
[675cf8fa-4b1ce8b9.jpg] Left lines: 23, Right lines: 11
[67faeadf-eb09a636.jpg] Left lines: 0, Right lines: 8
[67faeadf-eb09a636.jpg] Left lines: 0, Right lines: 8
[691be377-5dbc29ee.jpg] Left lines: 3, Right lines: 1
[691be377-5dbc29ee.jpg] Left lines: 3, Right lines: 0
[692f1303-05178963.jpg] Left lines: 0, Right lines: 4
[692f1303-05178963.jpg] Left lines: 1, Right lines: 2
[692f9b08-bdbbd729.jpg] Left lines: 16, Right lines: 8
[692f9b08-bdbbd729.jpg] Left lines: 26, Right lines: 7
[69bfbe31-5ee2a642.jpg] Left lines: 18, Right lines: 10
[69bfbe31-5ee2a642.jpg] Left lines: 25, Right lines: 23
[69cf7667-68f59649.jpg] Left lines: 13, Right lines: 6
[69cf7667-68f59649.jpg] Left lines: 15, Right lines: 6
[69cf7667-7eb40860.jpg] Left lines: 0, Right lines: 8
[69cf7667-7eb40860.jpg] Left lines: 0, Right lines: 7
[6a44fb9a-05a3dd18.jpg] Left lines: 24, Right lines: 12
[6a44fb9a-05a3dd18.jpg] Left lines: 21, Right lines: 14
[6a793e80-4f5e207f.jpg] Left lines: 11, Right lines: 1
[6a793e80-4f5e207f.jpg] Left lines: 13, Right lines: 4
[6a82c0d6-b31f6b90.jpg] Left lines: 0, Right lines: 6
[6a82c0d6-b31f6b90.jpg] Left lines: 0, Right lines: 16
[6a8d218d-14e4fa28.jpg] Left lines: 0, Right lines: 0
[6a8d218d-14e4fa28.jpg] Left lines: 0, Right lines: 10
[6ad110c3-789e7724.jpg] Left lines: 10, Right lines: 10
[6ad110c3-789e7724.jpg] Left lines: 28, Right lines: 14
[6b15392a-3a1699fd.jpg] Left lines: 0, Right lines: 16
[6b15392a-3a1699fd.jpg] Left lines: 3, Right lines: 18
[6b784eee-0a5a2c89.jpg] Left lines: 5, Right lines: 0
[6b784eee-0a5a2c89.jpg] Left lines: 10, Right lines: 8
[6bb5a881-15e5c2c4.jpg] Left lines: 10, Right lines: 0
[6bb5a881-15e5c2c4.jpg] Left lines: 13, Right lines: 0
[6bd41587-d65ba5b4.jpg] Left lines: 5, Right lines: 3
[6bd41587-d65ba5b4.jpg] Left lines: 5, Right lines: 4
[6d0d7bef-fb11b6e1.jpg] Left lines: 2, Right lines: 2
[6d0d7bef-fb11b6e1.jpg] Left lines: 10, Right lines: 6
[6d57736c-a35808b9.jpg] Left lines: 12, Right lines: 7
[6d57736c-a35808b9.jpg] Left lines: 9, Right lines: 7
[6d8a6d94-00a7ad92.jpg] Left lines: 0, Right lines: 1
[6d8a6d94-00a7ad92.jpg] Left lines: 0, Right lines: 4
[6eeed3fa-87a1b0c9.jpg] Left lines: 5, Right lines: 11
[6eeed3fa-87a1b0c9.jpg] Left lines: 10, Right lines: 13
[701992bd-8a457895.jpg] Left lines: 14, Right lines: 13
[701992bd-8a457895.jpg] Left lines: 14, Right lines: 15
[7171644d-4e74752e.jpg] Left lines: 3, Right lines: 26
[7171644d-4e74752e.jpg] Left lines: 9, Right lines: 24
[7171644d-ee92c71e.jpg] Left lines: 12, Right lines: 23
[7171644d-ee92c71e.jpg] Left lines: 12, Right lines: 21
[72f22fa5-8af4615c.jpg] Left lines: 8, Right lines: 12
[72f22fa5-8af4615c.jpg] Left lines: 27, Right lines: 12
[72fd00fe-aeadfc89.jpg] Left lines: 7, Right lines: 3
[72fd00fe-aeadfc89.jpg] Left lines: 8, Right lines: 17
[730c67a5-563e9b1f.jpg] Left lines: 5, Right lines: 1
[730c67a5-563e9b1f.jpg] Left lines: 10, Right lines: 11
[738a2bcd-7a6fde0d.jpg] Left lines: 6, Right lines: 2
[738a2bcd-7a6fde0d.jpg] Left lines: 5, Right lines: 6
[73aff960-d46366ec.jpg] Left lines: 2, Right lines: 0
[73aff960-d46366ec.jpg] Left lines: 5, Right lines: 2
[73d338d6-edf0b3db.jpg] Left lines: 8, Right lines: 0
[73d338d6-edf0b3db.jpg] Left lines: 15, Right lines: 1
[75ad1fff-77299093.jpg] Left lines: 0, Right lines: 3
[75ad1fff-77299093.jpg] Left lines: 0, Right lines: 10
[75f5f52c-6b67e736.jpg] Left lines: 0, Right lines: 0
[75f5f52c-6b67e736.jpg] Left lines: 4, Right lines: 9
[777005a8-14c739ad.jpg] Left lines: 5, Right lines: 3
[777005a8-14c739ad.jpg] Left lines: 5, Right lines: 4
[7771e03b-832e52c0.jpg] Left lines: 0, Right lines: 11
[7771e03b-832e52c0.jpg] Left lines: 5, Right lines: 15
[7771e03b-a8f9d50c.jpg] Left lines: 13, Right lines: 11
[7771e03b-a8f9d50c.jpg] Left lines: 24, Right lines: 11
[7797fea2-c37f9856.jpg] Left lines: 11, Right lines: 10
[7797fea2-c37f9856.jpg] Left lines: 12, Right lines: 14
[77bdbeb0-edb0613f.jpg] Left lines: 12, Right lines: 4
[77bdbeb0-edb0613f.jpg] Left lines: 11, Right lines: 7
[77dca577-16a39ea0.jpg] Left lines: 10, Right lines: 10
[77dca577-16a39ea0.jpg] Left lines: 8, Right lines: 8
[77f810c4-43a39c1f.jpg] Left lines: 1, Right lines: 0
[77f810c4-43a39c1f.jpg] Left lines: 15, Right lines: 7
[7814206e-8e991d51.jpg] Left lines: 18, Right lines: 9
[7814206e-8e991d51.jpg] Left lines: 25, Right lines: 9
[7814206e-ea2508d0.jpg] Left lines: 6, Right lines: 10
[7814206e-ea2508d0.jpg] Left lines: 11, Right lines: 12
[79e177bc-4d5d3acc.jpg] Left lines: 3, Right lines: 8
[79e177bc-4d5d3acc.jpg] Left lines: 4, Right lines: 13
[7aa4ff0f-9d28d8a4.jpg] Left lines: 6, Right lines: 3
[7aa4ff0f-9d28d8a4.jpg] Left lines: 11, Right lines: 12
[7ad1174c-373265eb.jpg] Left lines: 0, Right lines: 0
[7ad1174c-373265eb.jpg] Left lines: 0, Right lines: 0
[7b268b98-e0ec16c3.jpg] Left lines: 4, Right lines: 4
[7b268b98-e0ec16c3.jpg] Left lines: 3, Right lines: 6
[7c5a2048-332896ea.jpg] Left lines: 7, Right lines: 15
[7c5a2048-332896ea.jpg] Left lines: 13, Right lines: 8
[7c5d50c5-7292de37.jpg] Left lines: 7, Right lines: 16
[7c5d50c5-7292de37.jpg] Left lines: 8, Right lines: 13
[7d1fe115-936a2f47.jpg] Left lines: 9, Right lines: 12
[7d1fe115-936a2f47.jpg] Left lines: 9, Right lines: 11
[7dc2914d-a20a969a.jpg] Left lines: 5, Right lines: 9
[7dc2914d-a20a969a.jpg] Left lines: 18, Right lines: 8
[7e4ab78b-4a62c63e.jpg] Left lines: 2, Right lines: 3
[7e4ab78b-4a62c63e.jpg] Left lines: 5, Right lines: 2
[7e590c49-93f03732.jpg] Left lines: 0, Right lines: 3
[7e590c49-93f03732.jpg] Left lines: 1, Right lines: 3
[7ed57d0a-d7bcc13d.jpg] Left lines: 4, Right lines: 11
[7ed57d0a-d7bcc13d.jpg] Left lines: 9, Right lines: 20
[7f0ef682-c93899df.jpg] Left lines: 1, Right lines: 8
[7f0ef682-c93899df.jpg] Left lines: 1, Right lines: 11
[7f4ac354-777de900.jpg] Left lines: 12, Right lines: 8
[7f4ac354-777de900.jpg] Left lines: 12, Right lines: 6
[7f9bdf0d-c0e0061f.jpg] Left lines: 15, Right lines: 1
[7f9bdf0d-c0e0061f.jpg] Left lines: 16, Right lines: 4
[7fd14da9-a855494b.jpg] Left lines: 28, Right lines: 10
[7fd14da9-a855494b.jpg] Left lines: 26, Right lines: 14
[801bff84-a72998c7.jpg] Left lines: 27, Right lines: 17
[801bff84-a72998c7.jpg] Left lines: 39, Right lines: 14
[8073de38-f7eab6ec.jpg] Left lines: 17, Right lines: 2
[8073de38-f7eab6ec.jpg] Left lines: 16, Right lines: 9
[8082ea05-1a7bcd47.jpg] Left lines: 15, Right lines: 25
[8082ea05-1a7bcd47.jpg] Left lines: 13, Right lines: 24
[80ecebc0-ca9605f4.jpg] Left lines: 0, Right lines: 0
[80ecebc0-ca9605f4.jpg] Left lines: 2, Right lines: 0
[81ec3b39-1951f79e.jpg] Left lines: 15, Right lines: 8
[81ec3b39-1951f79e.jpg] Left lines: 12, Right lines: 7
[82b14c0c-79b99258.jpg] Left lines: 13, Right lines: 17
[82b14c0c-79b99258.jpg] Left lines: 21, Right lines: 13
[82b5fc3b-90cadd1b.jpg] Left lines: 0, Right lines: 13
[82b5fc3b-90cadd1b.jpg] Left lines: 1, Right lines: 14
[82f03471-8e304dd5.jpg] Left lines: 3, Right lines: 5
[82f03471-8e304dd5.jpg] Left lines: 4, Right lines: 7
[836fa13a-d6058a12.jpg] Left lines: 12, Right lines: 3
[836fa13a-d6058a12.jpg] Left lines: 10, Right lines: 2
[84fb3f59-7d5d1fa4.jpg] Left lines: 0, Right lines: 0
[84fb3f59-7d5d1fa4.jpg] Left lines: 0, Right lines: 3
[8542b4da-7795bcfd.jpg] Left lines: 6, Right lines: 16
[8542b4da-7795bcfd.jpg] Left lines: 6, Right lines: 15
[85f3f250-1fef85ac.jpg] Left lines: 10, Right lines: 6
[85f3f250-1fef85ac.jpg] Left lines: 12, Right lines: 17
[87ca2979-d5158824.jpg] Left lines: 3, Right lines: 11
[87ca2979-d5158824.jpg] Left lines: 5, Right lines: 11
[889b7dda-77f16103.jpg] Left lines: 3, Right lines: 15
[889b7dda-77f16103.jpg] Left lines: 6, Right lines: 13
[88dbf01a-d8b35dee.jpg] Left lines: 11, Right lines: 3
[88dbf01a-d8b35dee.jpg] Left lines: 13, Right lines: 4
[897223bc-6938f1ab.jpg] Left lines: 2, Right lines: 1
[897223bc-6938f1ab.jpg] Left lines: 5, Right lines: 3
[89b7454d-880eacbd.jpg] Left lines: 3, Right lines: 0
[89b7454d-880eacbd.jpg] Left lines: 4, Right lines: 2
[89e85e71-7dd0a7b6.jpg] Left lines: 28, Right lines: 23
[89e85e71-7dd0a7b6.jpg] Left lines: 23, Right lines: 15
[8a4fbffe-47866ce9.jpg] Left lines: 0, Right lines: 0
[8a4fbffe-47866ce9.jpg] Left lines: 0, Right lines: 0
[8a76c101-8bcefc32.jpg] Left lines: 0, Right lines: 3
[8a76c101-8bcefc32.jpg] Left lines: 1, Right lines: 7
[8b7ef6c4-6bbcf25f.jpg] Left lines: 12, Right lines: 13
[8b7ef6c4-6bbcf25f.jpg] Left lines: 15, Right lines: 11
[8bac644e-e0437ead.jpg] Left lines: 1, Right lines: 0
[8bac644e-e0437ead.jpg] Left lines: 3, Right lines: 0
[8c94c649-8ba62efa.jpg] Left lines: 1, Right lines: 4
[8c94c649-8ba62efa.jpg] Left lines: 6, Right lines: 4
[8c9bbaa9-34934b66.jpg] Left lines: 8, Right lines: 5
[8c9bbaa9-34934b66.jpg] Left lines: 9, Right lines: 12
[degraded] motion_blur level_4 (300 images)
[0049e5b8-725e21a0.jpg] Left lines: 13, Right lines: 11
[0049e5b8-725e21a0.jpg] Left lines: 12, Right lines: 11
[0081e27b-17bf4a9e.jpg] Left lines: 4, Right lines: 16
[0081e27b-17bf4a9e.jpg] Left lines: 13, Right lines: 19
[00beeb02-50440dcd.jpg] Left lines: 3, Right lines: 2
[00beeb02-50440dcd.jpg] Left lines: 3, Right lines: 2
[00d4b6b7-7d0a60bf.jpg] Left lines: 1, Right lines: 0
[00d4b6b7-7d0a60bf.jpg] Left lines: 0, Right lines: 0
[01118704-2d838d7f.jpg] Left lines: 5, Right lines: 0
[01118704-2d838d7f.jpg] Left lines: 14, Right lines: 8
[0115917e-14907a6a.jpg] Left lines: 10, Right lines: 11
[0115917e-14907a6a.jpg] Left lines: 19, Right lines: 12
[02188a44-65ad27f3.jpg] Left lines: 15, Right lines: 0
[02188a44-65ad27f3.jpg] Left lines: 27, Right lines: 0
[02494b7b-079febf8.jpg] Left lines: 12, Right lines: 5
[02494b7b-079febf8.jpg] Left lines: 16, Right lines: 4
[029ffd50-dc944dba.jpg] Left lines: 0, Right lines: 6
[029ffd50-dc944dba.jpg] Left lines: 0, Right lines: 7
[0464a98b-860229d5.jpg] Left lines: 0, Right lines: 20
[0464a98b-860229d5.jpg] Left lines: 3, Right lines: 23
[051aadb7-51aad566.jpg] Left lines: 0, Right lines: 0
[051aadb7-51aad566.jpg] Left lines: 0, Right lines: 0
[051aadb7-e953bc4d.jpg] Left lines: 0, Right lines: 0
[051aadb7-e953bc4d.jpg] Left lines: 0, Right lines: 13
[05743a9b-747658e7.jpg] Left lines: 0, Right lines: 5
[05743a9b-747658e7.jpg] Left lines: 2, Right lines: 11
[057af272-6f700aef.jpg] Left lines: 0, Right lines: 11
[057af272-6f700aef.jpg] Left lines: 0, Right lines: 11
[05d62296-30c620d5.jpg] Left lines: 5, Right lines: 0
[05d62296-30c620d5.jpg] Left lines: 11, Right lines: 0
[05e5a68e-f0e05a42.jpg] Left lines: 0, Right lines: 8
[05e5a68e-f0e05a42.jpg] Left lines: 0, Right lines: 17
[05fa6494-8f436d04.jpg] Left lines: 4, Right lines: 3
[05fa6494-8f436d04.jpg] Left lines: 14, Right lines: 19
[060039d9-5218402b.jpg] Left lines: 8, Right lines: 6
[060039d9-5218402b.jpg] Left lines: 12, Right lines: 13
[064aa0d6-f75ff4d5.jpg] Left lines: 9, Right lines: 8
[064aa0d6-f75ff4d5.jpg] Left lines: 9, Right lines: 7
[07de5062-ddddcbd7.jpg] Left lines: 2, Right lines: 0
[07de5062-ddddcbd7.jpg] Left lines: 2, Right lines: 0
[088351d1-30833ddc.jpg] Left lines: 0, Right lines: 1
[088351d1-30833ddc.jpg] Left lines: 1, Right lines: 0
[08a49c01-675d3899.jpg] Left lines: 1, Right lines: 12
[08a49c01-675d3899.jpg] Left lines: 1, Right lines: 12
[08d4285a-4a25b9b6.jpg] Left lines: 6, Right lines: 6
[08d4285a-4a25b9b6.jpg] Left lines: 0, Right lines: 13
[09ac21d6-eefa8ed0.jpg] Left lines: 0, Right lines: 12
[09ac21d6-eefa8ed0.jpg] Left lines: 0, Right lines: 20
[0a0a0b1a-7c39d841.jpg] Left lines: 8, Right lines: 1
[0a0a0b1a-7c39d841.jpg] Left lines: 12, Right lines: 1
[0af6039a-f3c91319.jpg] Left lines: 4, Right lines: 4
[0af6039a-f3c91319.jpg] Left lines: 5, Right lines: 4
[0b2f5d0d-8fddc1fc.jpg] Left lines: 3, Right lines: 2
[0b2f5d0d-8fddc1fc.jpg] Left lines: 12, Right lines: 17
[0b4225f9-bfb10f88.jpg] Left lines: 3, Right lines: 1
[0b4225f9-bfb10f88.jpg] Left lines: 11, Right lines: 6
[0ba08fe3-880ae118.jpg] Left lines: 9, Right lines: 20
[0ba08fe3-880ae118.jpg] Left lines: 12, Right lines: 12
[0c2f33b9-f94d69b5.jpg] Left lines: 0, Right lines: 13
[0c2f33b9-f94d69b5.jpg] Left lines: 0, Right lines: 12
[0c984e6d-2b5d7ee4.jpg] Left lines: 0, Right lines: 6
[0c984e6d-2b5d7ee4.jpg] Left lines: 0, Right lines: 6
[0cb67a01-7cf1687e.jpg] Left lines: 0, Right lines: 0
[0cb67a01-7cf1687e.jpg] Left lines: 5, Right lines: 4
[0cc6f3e8-b4c9e348.jpg] Left lines: 2, Right lines: 0
[0cc6f3e8-b4c9e348.jpg] Left lines: 11, Right lines: 15
[0cf398b3-ce65ab64.jpg] Left lines: 0, Right lines: 4
[0cf398b3-ce65ab64.jpg] Left lines: 1, Right lines: 0
[0d3ec56a-f4cead6f.jpg] Left lines: 0, Right lines: 0
[0d3ec56a-f4cead6f.jpg] Left lines: 0, Right lines: 15
[0d61234a-542010b2.jpg] Left lines: 13, Right lines: 14
[0d61234a-542010b2.jpg] Left lines: 11, Right lines: 18
[0e442b65-b17e0b50.jpg] Left lines: 9, Right lines: 6
[0e442b65-b17e0b50.jpg] Left lines: 17, Right lines: 2
[0e5c7e92-0d9c60f0.jpg] Left lines: 3, Right lines: 4
[0e5c7e92-0d9c60f0.jpg] Left lines: 12, Right lines: 14
[0f837def-9646c091.jpg] Left lines: 0, Right lines: 5
[0f837def-9646c091.jpg] Left lines: 5, Right lines: 8
[0fba84f9-73b520ee.jpg] Left lines: 4, Right lines: 2
[0fba84f9-73b520ee.jpg] Left lines: 15, Right lines: 7
[101a0964-930eae70.jpg] Left lines: 0, Right lines: 14
[101a0964-930eae70.jpg] Left lines: 9, Right lines: 13
[10389fe8-433c740c.jpg] Left lines: 0, Right lines: 0
[10389fe8-433c740c.jpg] Left lines: 0, Right lines: 3
[10453a95-40759ac3.jpg] Left lines: 3, Right lines: 4
[10453a95-40759ac3.jpg] Left lines: 5, Right lines: 13
[1072195f-0a161ade.jpg] Left lines: 13, Right lines: 5
[1072195f-0a161ade.jpg] Left lines: 15, Right lines: 13
[1072195f-6cf88b25.jpg] Left lines: 0, Right lines: 0
[1072195f-6cf88b25.jpg] Left lines: 6, Right lines: 0
[11513e3d-150058c3.jpg] Left lines: 4, Right lines: 8
[11513e3d-150058c3.jpg] Left lines: 13, Right lines: 13
[1189ae68-1a8ad3c6.jpg] Left lines: 3, Right lines: 4
[1189ae68-1a8ad3c6.jpg] Left lines: 12, Right lines: 5
[12076ebb-c07285d7.jpg] Left lines: 0, Right lines: 4
[12076ebb-c07285d7.jpg] Left lines: 0, Right lines: 7
[125134e5-7dfc45b9.jpg] Left lines: 0, Right lines: 0
[125134e5-7dfc45b9.jpg] Left lines: 1, Right lines: 0
[12ae9ab8-794f5adc.jpg] Left lines: 10, Right lines: 9
[12ae9ab8-794f5adc.jpg] Left lines: 28, Right lines: 9
[13f61134-50021e53.jpg] Left lines: 0, Right lines: 2
[13f61134-50021e53.jpg] Left lines: 1, Right lines: 8
[14eace5a-ddf3b303.jpg] Left lines: 2, Right lines: 2
[14eace5a-ddf3b303.jpg] Left lines: 24, Right lines: 8
[1608cfe7-32da2c5d.jpg] Left lines: 0, Right lines: 6
[1608cfe7-32da2c5d.jpg] Left lines: 1, Right lines: 10
[162995f1-d2c7d259.jpg] Left lines: 0, Right lines: 5
[162995f1-d2c7d259.jpg] Left lines: 4, Right lines: 2
[16b0973f-c07b564a.jpg] Left lines: 7, Right lines: 8
[16b0973f-c07b564a.jpg] Left lines: 9, Right lines: 9
[1784d67b-6b223914.jpg] Left lines: 0, Right lines: 12
[1784d67b-6b223914.jpg] Left lines: 0, Right lines: 9
[1784d67b-d76145ce.jpg] Left lines: 8, Right lines: 11
[1784d67b-d76145ce.jpg] Left lines: 7, Right lines: 12
[188c58f3-792afc71.jpg] Left lines: 3, Right lines: 4
[188c58f3-792afc71.jpg] Left lines: 1, Right lines: 14
[193f7f3b-84bc7998.jpg] Left lines: 0, Right lines: 8
[193f7f3b-84bc7998.jpg] Left lines: 0, Right lines: 6
[194058b0-ac0616a6.jpg] Left lines: 1, Right lines: 0
[194058b0-ac0616a6.jpg] Left lines: 4, Right lines: 0
[19e56249-09c4bbc6.jpg] Left lines: 0, Right lines: 0
[19e56249-09c4bbc6.jpg] Left lines: 0, Right lines: 0
[1a71faae-d5f255fd.jpg] Left lines: 1, Right lines: 5
[1a71faae-d5f255fd.jpg] Left lines: 7, Right lines: 13
[1a8992a7-da5a8510.jpg] Left lines: 0, Right lines: 0
[1a8992a7-da5a8510.jpg] Left lines: 2, Right lines: 9
[1ac0178c-0b259360.jpg] Left lines: 0, Right lines: 0
[1ac0178c-0b259360.jpg] Left lines: 1, Right lines: 0
[1b30f76f-95aa8a06.jpg] Left lines: 13, Right lines: 0
[1b30f76f-95aa8a06.jpg] Left lines: 12, Right lines: 2
[1bda5a26-420ceea6.jpg] Left lines: 0, Right lines: 0
[1bda5a26-420ceea6.jpg] Left lines: 3, Right lines: 2
[1bf7f3d2-15f95138.jpg] Left lines: 2, Right lines: 17
[1bf7f3d2-15f95138.jpg] Left lines: 5, Right lines: 16
[1c227a12-10e5552c.jpg] Left lines: 2, Right lines: 0
[1c227a12-10e5552c.jpg] Left lines: 1, Right lines: 0
[1c227a12-ec67af93.jpg] Left lines: 11, Right lines: 9
[1c227a12-ec67af93.jpg] Left lines: 9, Right lines: 3
[1c5e9657-2e2a2863.jpg] Left lines: 0, Right lines: 0
[1c5e9657-2e2a2863.jpg] Left lines: 0, Right lines: 0
[1cb2a89b-4594573e.jpg] Left lines: 12, Right lines: 0
[1cb2a89b-4594573e.jpg] Left lines: 9, Right lines: 3
[1cf54809-c6daa5a9.jpg] Left lines: 0, Right lines: 11
[1cf54809-c6daa5a9.jpg] Left lines: 12, Right lines: 11
[1d5e05f8-5020f67d.jpg] Left lines: 4, Right lines: 0
[1d5e05f8-5020f67d.jpg] Left lines: 4, Right lines: 0
[1e57ae90-806bc767.jpg] Left lines: 7, Right lines: 5
[1e57ae90-806bc767.jpg] Left lines: 13, Right lines: 22
[1f959fdd-6ff63d34.jpg] Left lines: 0, Right lines: 0
[1f959fdd-6ff63d34.jpg] Left lines: 1, Right lines: 4
[1fa65acf-d43367bc.jpg] Left lines: 1, Right lines: 2
[1fa65acf-d43367bc.jpg] Left lines: 8, Right lines: 2
[20cfadfa-47711496.jpg] Left lines: 4, Right lines: 8
[20cfadfa-47711496.jpg] Left lines: 18, Right lines: 5
[20cfadfa-6f87fdc1.jpg] Left lines: 22, Right lines: 28
[20cfadfa-6f87fdc1.jpg] Left lines: 27, Right lines: 31
[225a1858-0e3a4b04.jpg] Left lines: 0, Right lines: 0
[225a1858-0e3a4b04.jpg] Left lines: 0, Right lines: 0
[22be2f14-59fbdca0.jpg] Left lines: 11, Right lines: 19
[22be2f14-59fbdca0.jpg] Left lines: 10, Right lines: 13
[23333f35-0cbc3f0f.jpg] Left lines: 4, Right lines: 5
[23333f35-0cbc3f0f.jpg] Left lines: 5, Right lines: 1
[23df146f-64b50e4c.jpg] Left lines: 5, Right lines: 6
[23df146f-64b50e4c.jpg] Left lines: 26, Right lines: 26
[24392d7c-998011c2.jpg] Left lines: 3, Right lines: 0
[24392d7c-998011c2.jpg] Left lines: 11, Right lines: 0
[250e7595-b14da270.jpg] Left lines: 6, Right lines: 1
[250e7595-b14da270.jpg] Left lines: 26, Right lines: 8
[26190b83-39ccb412.jpg] Left lines: 1, Right lines: 21
[26190b83-39ccb412.jpg] Left lines: 0, Right lines: 21
[272d52f6-8aac36b3.jpg] Left lines: 2, Right lines: 0
[272d52f6-8aac36b3.jpg] Left lines: 3, Right lines: 1
[2752681a-e813599a.jpg] Left lines: 4, Right lines: 3
[2752681a-e813599a.jpg] Left lines: 10, Right lines: 13
[27645526-f038b033.jpg] Left lines: 8, Right lines: 8
[27645526-f038b033.jpg] Left lines: 36, Right lines: 6
[2773af6f-23e23a6b.jpg] Left lines: 0, Right lines: 1
[2773af6f-23e23a6b.jpg] Left lines: 2, Right lines: 10
[28faf684-03ef4c6e.jpg] Left lines: 6, Right lines: 14
[28faf684-03ef4c6e.jpg] Left lines: 8, Right lines: 13
[292720ee-d847ee69.jpg] Left lines: 3, Right lines: 4
[292720ee-d847ee69.jpg] Left lines: 9, Right lines: 15
[2b54fe2d-c5b810e6.jpg] Left lines: 3, Right lines: 29
[2b54fe2d-c5b810e6.jpg] Left lines: 11, Right lines: 7
[2b605c48-8dfe352b.jpg] Left lines: 5, Right lines: 17
[2b605c48-8dfe352b.jpg] Left lines: 12, Right lines: 25
[2beccce2-354608e2.jpg] Left lines: 1, Right lines: 0
[2beccce2-354608e2.jpg] Left lines: 6, Right lines: 0
[2c87e51d-aa7a8031.jpg] Left lines: 4, Right lines: 0
[2c87e51d-aa7a8031.jpg] Left lines: 0, Right lines: 0
[2ce0b449-e818dc97.jpg] Left lines: 4, Right lines: 0
[2ce0b449-e818dc97.jpg] Left lines: 3, Right lines: 0
[2cf976a2-479cd46b.jpg] Left lines: 3, Right lines: 0
[2cf976a2-479cd46b.jpg] Left lines: 1, Right lines: 4
[2e2fae77-b7497ca0.jpg] Left lines: 3, Right lines: 7
[2e2fae77-b7497ca0.jpg] Left lines: 2, Right lines: 1
[2ead8042-2493c03f.jpg] Left lines: 3, Right lines: 7
[2ead8042-2493c03f.jpg] Left lines: 13, Right lines: 7
[2f1864c1-1a17d11c.jpg] Left lines: 7, Right lines: 2
[2f1864c1-1a17d11c.jpg] Left lines: 12, Right lines: 11
[2f879dc0-b09e4824.jpg] Left lines: 12, Right lines: 19
[2f879dc0-b09e4824.jpg] Left lines: 12, Right lines: 16
[2fc9ad1e-ee4c9e43.jpg] Left lines: 9, Right lines: 0
[2fc9ad1e-ee4c9e43.jpg] Left lines: 7, Right lines: 6
[3050b249-0ffbd6ec.jpg] Left lines: 2, Right lines: 0
[3050b249-0ffbd6ec.jpg] Left lines: 1, Right lines: 0
[314cc010-3eab5c90.jpg] Left lines: 0, Right lines: 1
[314cc010-3eab5c90.jpg] Left lines: 8, Right lines: 4
[31765c6b-90b0d612.jpg] Left lines: 0, Right lines: 0
[31765c6b-90b0d612.jpg] Left lines: 2, Right lines: 4
[31cf6eba-5c84c636.jpg] Left lines: 0, Right lines: 3
[31cf6eba-5c84c636.jpg] Left lines: 0, Right lines: 7
[32de2244-122f1783.jpg] Left lines: 7, Right lines: 10
[32de2244-122f1783.jpg] Left lines: 7, Right lines: 13
[33420085-32996107.jpg] Left lines: 6, Right lines: 7
[33420085-32996107.jpg] Left lines: 23, Right lines: 8
[3430a5e6-00ec38d2.jpg] Left lines: 4, Right lines: 3
[3430a5e6-00ec38d2.jpg] Left lines: 10, Right lines: 0
[35eb46d0-8f7e28a0.jpg] Left lines: 9, Right lines: 17
[35eb46d0-8f7e28a0.jpg] Left lines: 15, Right lines: 18
[3735fc3d-69d8b80c.jpg] Left lines: 0, Right lines: 0
[3735fc3d-69d8b80c.jpg] Left lines: 2, Right lines: 3
[3740cd4f-ff1d423d.jpg] Left lines: 6, Right lines: 8
[3740cd4f-ff1d423d.jpg] Left lines: 6, Right lines: 14
[375abba2-9f2ed56c.jpg] Left lines: 1, Right lines: 11
[375abba2-9f2ed56c.jpg] Left lines: 2, Right lines: 11
[37723e55-31730cf5.jpg] Left lines: 0, Right lines: 5
[37723e55-31730cf5.jpg] Left lines: 0, Right lines: 4
[380a3f8e-ba4f0def.jpg] Left lines: 0, Right lines: 0
[380a3f8e-ba4f0def.jpg] Left lines: 12, Right lines: 4
[385b0f61-1aee12ef.jpg] Left lines: 1, Right lines: 0
[385b0f61-1aee12ef.jpg] Left lines: 1, Right lines: 9
[3865fea7-b4fe472d.jpg] Left lines: 13, Right lines: 7
[3865fea7-b4fe472d.jpg] Left lines: 11, Right lines: 18
[38e561dd-8ea8ae2d.jpg] Left lines: 9, Right lines: 14
[38e561dd-8ea8ae2d.jpg] Left lines: 11, Right lines: 15
[38ed8d8d-93c48de2.jpg] Left lines: 3, Right lines: 3
[38ed8d8d-93c48de2.jpg] Left lines: 5, Right lines: 1
[38ed8d8d-b1c230ef.jpg] Left lines: 4, Right lines: 4
[38ed8d8d-b1c230ef.jpg] Left lines: 4, Right lines: 4
[38ed8d8d-fa50400c.jpg] Left lines: 1, Right lines: 3
[38ed8d8d-fa50400c.jpg] Left lines: 5, Right lines: 14
[3900ad8c-8834019f.jpg] Left lines: 0, Right lines: 0
[3900ad8c-8834019f.jpg] Left lines: 1, Right lines: 0
[39ddb110-04604b9c.jpg] Left lines: 0, Right lines: 11
[39ddb110-04604b9c.jpg] Left lines: 0, Right lines: 13
[39fc6d1c-6155351d.jpg] Left lines: 0, Right lines: 7
[39fc6d1c-6155351d.jpg] Left lines: 0, Right lines: 8
[3a278d39-b92df256.jpg] Left lines: 7, Right lines: 9
[3a278d39-b92df256.jpg] Left lines: 19, Right lines: 10
[3a3407a2-df8ea956.jpg] Left lines: 0, Right lines: 0
[3a3407a2-df8ea956.jpg] Left lines: 0, Right lines: 0
[3ad0c4a7-2a3d544e.jpg] Left lines: 0, Right lines: 1
[3ad0c4a7-2a3d544e.jpg] Left lines: 6, Right lines: 3
[3b1e1bc1-ee64e36e.jpg] Left lines: 10, Right lines: 2
[3b1e1bc1-ee64e36e.jpg] Left lines: 16, Right lines: 13
[3b44ef5a-c09e8479.jpg] Left lines: 2, Right lines: 0
[3b44ef5a-c09e8479.jpg] Left lines: 6, Right lines: 0
[3b563c5e-0102edaf.jpg] Left lines: 0, Right lines: 3
[3b563c5e-0102edaf.jpg] Left lines: 2, Right lines: 12
[3b9716a6-d2566395.jpg] Left lines: 0, Right lines: 8
[3b9716a6-d2566395.jpg] Left lines: 3, Right lines: 10
[3c0bbdc2-79baffce.jpg] Left lines: 3, Right lines: 10
[3c0bbdc2-79baffce.jpg] Left lines: 13, Right lines: 10
[3c5752b6-9c0bdf98.jpg] Left lines: 0, Right lines: 3
[3c5752b6-9c0bdf98.jpg] Left lines: 0, Right lines: 1
[3c95ae26-68abac3f.jpg] Left lines: 4, Right lines: 8
[3c95ae26-68abac3f.jpg] Left lines: 10, Right lines: 7
[3e0f1745-a95a63ad.jpg] Left lines: 1, Right lines: 19
[3e0f1745-a95a63ad.jpg] Left lines: 5, Right lines: 22
[3f4eb6a6-9eee52f9.jpg] Left lines: 1, Right lines: 0
[3f4eb6a6-9eee52f9.jpg] Left lines: 10, Right lines: 4
[3f85a987-1ef4053b.jpg] Left lines: 3, Right lines: 0
[3f85a987-1ef4053b.jpg] Left lines: 3, Right lines: 0
[3fe1feaa-10126fec.jpg] Left lines: 0, Right lines: 0
[3fe1feaa-10126fec.jpg] Left lines: 2, Right lines: 2
[3ffdaa26-b394f6f8.jpg] Left lines: 6, Right lines: 25
[3ffdaa26-b394f6f8.jpg] Left lines: 1, Right lines: 20
[4027c10d-41d54e9b.jpg] Left lines: 0, Right lines: 3
[4027c10d-41d54e9b.jpg] Left lines: 4, Right lines: 7
[428e99ea-4166e549.jpg] Left lines: 34, Right lines: 3
[428e99ea-4166e549.jpg] Left lines: 44, Right lines: 6
[42e0dd11-74b81997.jpg] Left lines: 2, Right lines: 2
[42e0dd11-74b81997.jpg] Left lines: 2, Right lines: 0
[430395d1-931c959e.jpg] Left lines: 9, Right lines: 1
[430395d1-931c959e.jpg] Left lines: 2, Right lines: 4
[43126e0d-495d04a5.jpg] Left lines: 9, Right lines: 0
[43126e0d-495d04a5.jpg] Left lines: 9, Right lines: 2
[43126e0d-cce96832.jpg] Left lines: 2, Right lines: 10
[43126e0d-cce96832.jpg] Left lines: 16, Right lines: 6
[432f9e20-83a0d96c.jpg] Left lines: 0, Right lines: 1
[432f9e20-83a0d96c.jpg] Left lines: 3, Right lines: 16
[43c7ed5c-b0690325.jpg] Left lines: 3, Right lines: 4
[43c7ed5c-b0690325.jpg] Left lines: 3, Right lines: 5
[44cc16d9-d2e06fd6.jpg] Left lines: 0, Right lines: 0
[44cc16d9-d2e06fd6.jpg] Left lines: 7, Right lines: 2
[45bafa98-1ee18a2f.jpg] Left lines: 1, Right lines: 6
[45bafa98-1ee18a2f.jpg] Left lines: 2, Right lines: 7
[46d048a1-8f7f385c.jpg] Left lines: 4, Right lines: 0
[46d048a1-8f7f385c.jpg] Left lines: 4, Right lines: 0
[46f76df9-8bf77914.jpg] Left lines: 12, Right lines: 9
[46f76df9-8bf77914.jpg] Left lines: 11, Right lines: 15
[480263a0-5aad7ae9.jpg] Left lines: 1, Right lines: 13
[480263a0-5aad7ae9.jpg] Left lines: 11, Right lines: 20
[488480d6-b94cf415.jpg] Left lines: 9, Right lines: 18
[488480d6-b94cf415.jpg] Left lines: 2, Right lines: 14
[48ed707e-5062e4c3.jpg] Left lines: 0, Right lines: 1
[48ed707e-5062e4c3.jpg] Left lines: 3, Right lines: 3
[4a289ff2-7da7feb6.jpg] Left lines: 0, Right lines: 0
[4a289ff2-7da7feb6.jpg] Left lines: 0, Right lines: 0
[4a31f3e3-ac7ed780.jpg] Left lines: 0, Right lines: 0
[4a31f3e3-ac7ed780.jpg] Left lines: 37, Right lines: 0
[4b2e1dde-65b54419.jpg] Left lines: 0, Right lines: 8
[4b2e1dde-65b54419.jpg] Left lines: 8, Right lines: 10
[4d4a590b-4332c5ab.jpg] Left lines: 0, Right lines: 0
[4d4a590b-4332c5ab.jpg] Left lines: 0, Right lines: 11
[5069db50-52f5af30.jpg] Left lines: 9, Right lines: 10
[5069db50-52f5af30.jpg] Left lines: 20, Right lines: 10
[50866f46-30d1f303.jpg] Left lines: 0, Right lines: 0
[50866f46-30d1f303.jpg] Left lines: 7, Right lines: 0
[50b115d6-4b08a666.jpg] Left lines: 1, Right lines: 0
[50b115d6-4b08a666.jpg] Left lines: 1, Right lines: 3
[50b2e757-6c7d0f63.jpg] Left lines: 0, Right lines: 3
[50b2e757-6c7d0f63.jpg] Left lines: 1, Right lines: 9
[50d0fd05-8db58ebd.jpg] Left lines: 3, Right lines: 0
[50d0fd05-8db58ebd.jpg] Left lines: 3, Right lines: 1
[510671e9-603795e0.jpg] Left lines: 1, Right lines: 1
[510671e9-603795e0.jpg] Left lines: 15, Right lines: 28
[514a6d58-0790e0cd.jpg] Left lines: 3, Right lines: 2
[514a6d58-0790e0cd.jpg] Left lines: 10, Right lines: 6
[5150bb50-300d52ce.jpg] Left lines: 10, Right lines: 14
[5150bb50-300d52ce.jpg] Left lines: 14, Right lines: 22
[52799e9e-8c8673f3.jpg] Left lines: 8, Right lines: 9
[52799e9e-8c8673f3.jpg] Left lines: 9, Right lines: 10
[52bda346-fd8ac6e7.jpg] Left lines: 0, Right lines: 0
[52bda346-fd8ac6e7.jpg] Left lines: 0, Right lines: 7
[534418ba-ee05398f.jpg] Left lines: 0, Right lines: 2
[534418ba-ee05398f.jpg] Left lines: 13, Right lines: 10
[54360b72-e00a3f70.jpg] Left lines: 1, Right lines: 14
[54360b72-e00a3f70.jpg] Left lines: 1, Right lines: 9
[554d7cd5-a32486dd.jpg] Left lines: 0, Right lines: 16
[554d7cd5-a32486dd.jpg] Left lines: 1, Right lines: 15
[559fed19-7893646f.jpg] Left lines: 0, Right lines: 8
[559fed19-7893646f.jpg] Left lines: 0, Right lines: 9
[57165857-e4d4a47f.jpg] Left lines: 2, Right lines: 0
[57165857-e4d4a47f.jpg] Left lines: 1, Right lines: 0
[5795bfe7-a599384a.jpg] Left lines: 0, Right lines: 0
[5795bfe7-a599384a.jpg] Left lines: 0, Right lines: 0
[57ac74e2-e86131f1.jpg] Left lines: 0, Right lines: 14
[57ac74e2-e86131f1.jpg] Left lines: 5, Right lines: 22
[57b495f2-6da6b1e5.jpg] Left lines: 5, Right lines: 0
[57b495f2-6da6b1e5.jpg] Left lines: 3, Right lines: 1
[585443c8-2621a6b1.jpg] Left lines: 11, Right lines: 8
[585443c8-2621a6b1.jpg] Left lines: 9, Right lines: 8
[5877b384-2545daf4.jpg] Left lines: 10, Right lines: 0
[5877b384-2545daf4.jpg] Left lines: 12, Right lines: 0
[587bb1bf-1aa00fe5.jpg] Left lines: 1, Right lines: 10
[587bb1bf-1aa00fe5.jpg] Left lines: 9, Right lines: 17
[5995c288-2d152172.jpg] Left lines: 0, Right lines: 0
[5995c288-2d152172.jpg] Left lines: 0, Right lines: 0
[59cde7c7-344bffb1.jpg] Left lines: 3, Right lines: 0
[59cde7c7-344bffb1.jpg] Left lines: 1, Right lines: 0
[5a8f9b5d-1fdfd2d4.jpg] Left lines: 5, Right lines: 1
[5a8f9b5d-1fdfd2d4.jpg] Left lines: 12, Right lines: 10
[5ae83f9c-da990b49.jpg] Left lines: 0, Right lines: 15
[5ae83f9c-da990b49.jpg] Left lines: 16, Right lines: 22
[5b2b4881-67a6cb87.jpg] Left lines: 2, Right lines: 1
[5b2b4881-67a6cb87.jpg] Left lines: 3, Right lines: 2
[5b2fd56a-37759b05.jpg] Left lines: 0, Right lines: 3
[5b2fd56a-37759b05.jpg] Left lines: 7, Right lines: 1
[5b4b0b07-2fb56b82.jpg] Left lines: 0, Right lines: 0
[5b4b0b07-2fb56b82.jpg] Left lines: 8, Right lines: 12
[5bc44a50-c371c4d0.jpg] Left lines: 1, Right lines: 4
[5bc44a50-c371c4d0.jpg] Left lines: 11, Right lines: 1
[5c4004b7-bf3b7941.jpg] Left lines: 0, Right lines: 0
[5c4004b7-bf3b7941.jpg] Left lines: 0, Right lines: 2
[5c534f5f-a76c7f4b.jpg] Left lines: 0, Right lines: 0
[5c534f5f-a76c7f4b.jpg] Left lines: 11, Right lines: 2
[5c5dc708-35460444.jpg] Left lines: 2, Right lines: 0
[5c5dc708-35460444.jpg] Left lines: 3, Right lines: 6
[5da6c6b6-76c54605.jpg] Left lines: 0, Right lines: 2
[5da6c6b6-76c54605.jpg] Left lines: 0, Right lines: 0
[5dc5141c-5890b5b1.jpg] Left lines: 0, Right lines: 0
[5dc5141c-5890b5b1.jpg] Left lines: 2, Right lines: 2
[5dd831da-bd00cf03.jpg] Left lines: 4, Right lines: 3
[5dd831da-bd00cf03.jpg] Left lines: 2, Right lines: 2
[5dfb063f-7bd23d5c.jpg] Left lines: 12, Right lines: 0
[5dfb063f-7bd23d5c.jpg] Left lines: 9, Right lines: 8
[5e0b701e-d443d8c2.jpg] Left lines: 0, Right lines: 2
[5e0b701e-d443d8c2.jpg] Left lines: 0, Right lines: 10
[5e26f49d-0bc53c7e.jpg] Left lines: 0, Right lines: 0
[5e26f49d-0bc53c7e.jpg] Left lines: 0, Right lines: 2
[5e26f49d-9271bf00.jpg] Left lines: 2, Right lines: 3
[5e26f49d-9271bf00.jpg] Left lines: 11, Right lines: 12
[5e625ec3-7b4fc682.jpg] Left lines: 13, Right lines: 11
[5e625ec3-7b4fc682.jpg] Left lines: 20, Right lines: 15
[5f9387ff-330136ae.jpg] Left lines: 6, Right lines: 1
[5f9387ff-330136ae.jpg] Left lines: 7, Right lines: 2
[5fa17a25-88b8e6b9.jpg] Left lines: 4, Right lines: 4
[5fa17a25-88b8e6b9.jpg] Left lines: 9, Right lines: 6
[5fa422e1-2d8dd765.jpg] Left lines: 2, Right lines: 6
[5fa422e1-2d8dd765.jpg] Left lines: 12, Right lines: 3
[5fb2a702-f56a339c.jpg] Left lines: 11, Right lines: 7
[5fb2a702-f56a339c.jpg] Left lines: 9, Right lines: 8
[6011831b-0992e205.jpg] Left lines: 6, Right lines: 0
[6011831b-0992e205.jpg] Left lines: 17, Right lines: 0
[60137cc0-428b8f5b.jpg] Left lines: 3, Right lines: 0
[60137cc0-428b8f5b.jpg] Left lines: 9, Right lines: 1
[604b5b3e-3c2e6b6b.jpg] Left lines: 4, Right lines: 0
[604b5b3e-3c2e6b6b.jpg] Left lines: 5, Right lines: 6
[6092f5a2-424550ba.jpg] Left lines: 11, Right lines: 11
[6092f5a2-424550ba.jpg] Left lines: 5, Right lines: 9
[60ba25dd-6c0df417.jpg] Left lines: 2, Right lines: 0
[60ba25dd-6c0df417.jpg] Left lines: 1, Right lines: 0
[60c678e7-4813ae0f.jpg] Left lines: 12, Right lines: 0
[60c678e7-4813ae0f.jpg] Left lines: 6, Right lines: 0
[614ecada-16b0f8b6.jpg] Left lines: 14, Right lines: 5
[614ecada-16b0f8b6.jpg] Left lines: 12, Right lines: 6
[61e4ad87-53ceb455.jpg] Left lines: 16, Right lines: 4
[61e4ad87-53ceb455.jpg] Left lines: 31, Right lines: 8
[6240d7b3-b51b5788.jpg] Left lines: 6, Right lines: 8
[6240d7b3-b51b5788.jpg] Left lines: 6, Right lines: 10
[62aefb36-b685117f.jpg] Left lines: 0, Right lines: 11
[62aefb36-b685117f.jpg] Left lines: 15, Right lines: 27
[634c1785-3bb9a8a2.jpg] Left lines: 7, Right lines: 15
[634c1785-3bb9a8a2.jpg] Left lines: 5, Right lines: 18
[634c1785-aeb1652f.jpg] Left lines: 5, Right lines: 16
[634c1785-aeb1652f.jpg] Left lines: 5, Right lines: 15
[63f73472-028615f1.jpg] Left lines: 1, Right lines: 12
[63f73472-028615f1.jpg] Left lines: 26, Right lines: 13
[6485ad0a-245d1600.jpg] Left lines: 0, Right lines: 12
[6485ad0a-245d1600.jpg] Left lines: 0, Right lines: 5
[648dc925-e359dbec.jpg] Left lines: 22, Right lines: 3
[648dc925-e359dbec.jpg] Left lines: 26, Right lines: 7
[65edc5a1-f309fed7.jpg] Left lines: 0, Right lines: 14
[65edc5a1-f309fed7.jpg] Left lines: 13, Right lines: 21
[661381d9-1114a810.jpg] Left lines: 7, Right lines: 6
[661381d9-1114a810.jpg] Left lines: 6, Right lines: 6
[664cb246-f84cfaf4.jpg] Left lines: 2, Right lines: 11
[664cb246-f84cfaf4.jpg] Left lines: 9, Right lines: 12
[675cf8fa-4b1ce8b9.jpg] Left lines: 11, Right lines: 8
[675cf8fa-4b1ce8b9.jpg] Left lines: 14, Right lines: 11
[67faeadf-eb09a636.jpg] Left lines: 0, Right lines: 9
[67faeadf-eb09a636.jpg] Left lines: 0, Right lines: 11
[691be377-5dbc29ee.jpg] Left lines: 0, Right lines: 3
[691be377-5dbc29ee.jpg] Left lines: 3, Right lines: 4
[692f1303-05178963.jpg] Left lines: 0, Right lines: 2
[692f1303-05178963.jpg] Left lines: 1, Right lines: 3
[692f9b08-bdbbd729.jpg] Left lines: 13, Right lines: 9
[692f9b08-bdbbd729.jpg] Left lines: 21, Right lines: 7
[69bfbe31-5ee2a642.jpg] Left lines: 16, Right lines: 17
[69bfbe31-5ee2a642.jpg] Left lines: 16, Right lines: 9
[69cf7667-68f59649.jpg] Left lines: 11, Right lines: 9
[69cf7667-68f59649.jpg] Left lines: 14, Right lines: 11
[69cf7667-7eb40860.jpg] Left lines: 0, Right lines: 0
[69cf7667-7eb40860.jpg] Left lines: 0, Right lines: 2
[6a44fb9a-05a3dd18.jpg] Left lines: 22, Right lines: 14
[6a44fb9a-05a3dd18.jpg] Left lines: 20, Right lines: 15
[6a793e80-4f5e207f.jpg] Left lines: 7, Right lines: 0
[6a793e80-4f5e207f.jpg] Left lines: 14, Right lines: 1
[6a82c0d6-b31f6b90.jpg] Left lines: 0, Right lines: 0
[6a82c0d6-b31f6b90.jpg] Left lines: 0, Right lines: 9
[6a8d218d-14e4fa28.jpg] Left lines: 0, Right lines: 0
[6a8d218d-14e4fa28.jpg] Left lines: 0, Right lines: 0
[6ad110c3-789e7724.jpg] Left lines: 0, Right lines: 2
[6ad110c3-789e7724.jpg] Left lines: 1, Right lines: 2
[6b15392a-3a1699fd.jpg] Left lines: 0, Right lines: 15
[6b15392a-3a1699fd.jpg] Left lines: 0, Right lines: 20
[6b784eee-0a5a2c89.jpg] Left lines: 0, Right lines: 0
[6b784eee-0a5a2c89.jpg] Left lines: 3, Right lines: 0
[6bb5a881-15e5c2c4.jpg] Left lines: 0, Right lines: 0
[6bb5a881-15e5c2c4.jpg] Left lines: 6, Right lines: 0
[6bd41587-d65ba5b4.jpg] Left lines: 0, Right lines: 3
[6bd41587-d65ba5b4.jpg] Left lines: 4, Right lines: 3
[6d0d7bef-fb11b6e1.jpg] Left lines: 0, Right lines: 0
[6d0d7bef-fb11b6e1.jpg] Left lines: 1, Right lines: 2
[6d57736c-a35808b9.jpg] Left lines: 12, Right lines: 7
[6d57736c-a35808b9.jpg] Left lines: 9, Right lines: 8
[6d8a6d94-00a7ad92.jpg] Left lines: 0, Right lines: 0
[6d8a6d94-00a7ad92.jpg] Left lines: 0, Right lines: 1
[6eeed3fa-87a1b0c9.jpg] Left lines: 5, Right lines: 12
[6eeed3fa-87a1b0c9.jpg] Left lines: 9, Right lines: 14
[701992bd-8a457895.jpg] Left lines: 17, Right lines: 12
[701992bd-8a457895.jpg] Left lines: 16, Right lines: 17
[7171644d-4e74752e.jpg] Left lines: 0, Right lines: 19
[7171644d-4e74752e.jpg] Left lines: 7, Right lines: 29
[7171644d-ee92c71e.jpg] Left lines: 0, Right lines: 22
[7171644d-ee92c71e.jpg] Left lines: 1, Right lines: 19
[72f22fa5-8af4615c.jpg] Left lines: 0, Right lines: 3
[72f22fa5-8af4615c.jpg] Left lines: 12, Right lines: 13
[72fd00fe-aeadfc89.jpg] Left lines: 7, Right lines: 0
[72fd00fe-aeadfc89.jpg] Left lines: 15, Right lines: 4
[730c67a5-563e9b1f.jpg] Left lines: 1, Right lines: 0
[730c67a5-563e9b1f.jpg] Left lines: 10, Right lines: 1
[738a2bcd-7a6fde0d.jpg] Left lines: 4, Right lines: 3
[738a2bcd-7a6fde0d.jpg] Left lines: 6, Right lines: 6
[73aff960-d46366ec.jpg] Left lines: 0, Right lines: 0
[73aff960-d46366ec.jpg] Left lines: 1, Right lines: 0
[73d338d6-edf0b3db.jpg] Left lines: 5, Right lines: 0
[73d338d6-edf0b3db.jpg] Left lines: 16, Right lines: 0
[75ad1fff-77299093.jpg] Left lines: 0, Right lines: 3
[75ad1fff-77299093.jpg] Left lines: 0, Right lines: 10
[75f5f52c-6b67e736.jpg] Left lines: 0, Right lines: 0
[75f5f52c-6b67e736.jpg] Left lines: 0, Right lines: 0
[777005a8-14c739ad.jpg] Left lines: 1, Right lines: 2
[777005a8-14c739ad.jpg] Left lines: 3, Right lines: 2
[7771e03b-832e52c0.jpg] Left lines: 0, Right lines: 3
[7771e03b-832e52c0.jpg] Left lines: 7, Right lines: 12
[7771e03b-a8f9d50c.jpg] Left lines: 11, Right lines: 12
[7771e03b-a8f9d50c.jpg] Left lines: 12, Right lines: 10
[7797fea2-c37f9856.jpg] Left lines: 1, Right lines: 0
[7797fea2-c37f9856.jpg] Left lines: 14, Right lines: 16
[77bdbeb0-edb0613f.jpg] Left lines: 9, Right lines: 5
[77bdbeb0-edb0613f.jpg] Left lines: 17, Right lines: 10
[77dca577-16a39ea0.jpg] Left lines: 9, Right lines: 3
[77dca577-16a39ea0.jpg] Left lines: 12, Right lines: 6
[77f810c4-43a39c1f.jpg] Left lines: 0, Right lines: 0
[77f810c4-43a39c1f.jpg] Left lines: 0, Right lines: 0
[7814206e-8e991d51.jpg] Left lines: 2, Right lines: 11
[7814206e-8e991d51.jpg] Left lines: 27, Right lines: 8
[7814206e-ea2508d0.jpg] Left lines: 3, Right lines: 12
[7814206e-ea2508d0.jpg] Left lines: 6, Right lines: 7
[79e177bc-4d5d3acc.jpg] Left lines: 2, Right lines: 6
[79e177bc-4d5d3acc.jpg] Left lines: 3, Right lines: 18
[7aa4ff0f-9d28d8a4.jpg] Left lines: 4, Right lines: 0
[7aa4ff0f-9d28d8a4.jpg] Left lines: 15, Right lines: 5
[7ad1174c-373265eb.jpg] Left lines: 0, Right lines: 0
[7ad1174c-373265eb.jpg] Left lines: 0, Right lines: 0
[7b268b98-e0ec16c3.jpg] Left lines: 1, Right lines: 2
[7b268b98-e0ec16c3.jpg] Left lines: 4, Right lines: 6
[7c5a2048-332896ea.jpg] Left lines: 3, Right lines: 0
[7c5a2048-332896ea.jpg] Left lines: 14, Right lines: 0
[7c5d50c5-7292de37.jpg] Left lines: 8, Right lines: 13
[7c5d50c5-7292de37.jpg] Left lines: 8, Right lines: 14
[7d1fe115-936a2f47.jpg] Left lines: 10, Right lines: 9
[7d1fe115-936a2f47.jpg] Left lines: 10, Right lines: 11
[7dc2914d-a20a969a.jpg] Left lines: 0, Right lines: 8
[7dc2914d-a20a969a.jpg] Left lines: 0, Right lines: 9
[7e4ab78b-4a62c63e.jpg] Left lines: 3, Right lines: 0
[7e4ab78b-4a62c63e.jpg] Left lines: 5, Right lines: 0
[7e590c49-93f03732.jpg] Left lines: 0, Right lines: 4
[7e590c49-93f03732.jpg] Left lines: 0, Right lines: 4
[7ed57d0a-d7bcc13d.jpg] Left lines: 2, Right lines: 0
[7ed57d0a-d7bcc13d.jpg] Left lines: 5, Right lines: 2
[7f0ef682-c93899df.jpg] Left lines: 0, Right lines: 10
[7f0ef682-c93899df.jpg] Left lines: 1, Right lines: 14
[7f4ac354-777de900.jpg] Left lines: 10, Right lines: 9
[7f4ac354-777de900.jpg] Left lines: 12, Right lines: 10
[7f9bdf0d-c0e0061f.jpg] Left lines: 15, Right lines: 2
[7f9bdf0d-c0e0061f.jpg] Left lines: 15, Right lines: 2
[7fd14da9-a855494b.jpg] Left lines: 23, Right lines: 10
[7fd14da9-a855494b.jpg] Left lines: 26, Right lines: 12
[801bff84-a72998c7.jpg] Left lines: 33, Right lines: 13
[801bff84-a72998c7.jpg] Left lines: 32, Right lines: 18
[8073de38-f7eab6ec.jpg] Left lines: 12, Right lines: 2
[8073de38-f7eab6ec.jpg] Left lines: 15, Right lines: 9
[8082ea05-1a7bcd47.jpg] Left lines: 16, Right lines: 31
[8082ea05-1a7bcd47.jpg] Left lines: 17, Right lines: 25
[80ecebc0-ca9605f4.jpg] Left lines: 0, Right lines: 0
[80ecebc0-ca9605f4.jpg] Left lines: 3, Right lines: 3
[81ec3b39-1951f79e.jpg] Left lines: 13, Right lines: 10
[81ec3b39-1951f79e.jpg] Left lines: 18, Right lines: 8
[82b14c0c-79b99258.jpg] Left lines: 6, Right lines: 12
[82b14c0c-79b99258.jpg] Left lines: 19, Right lines: 14
[82b5fc3b-90cadd1b.jpg] Left lines: 0, Right lines: 15
[82b5fc3b-90cadd1b.jpg] Left lines: 0, Right lines: 17
[82f03471-8e304dd5.jpg] Left lines: 3, Right lines: 2
[82f03471-8e304dd5.jpg] Left lines: 3, Right lines: 2
[836fa13a-d6058a12.jpg] Left lines: 5, Right lines: 6
[836fa13a-d6058a12.jpg] Left lines: 14, Right lines: 6
[84fb3f59-7d5d1fa4.jpg] Left lines: 0, Right lines: 0
[84fb3f59-7d5d1fa4.jpg] Left lines: 0, Right lines: 0
[8542b4da-7795bcfd.jpg] Left lines: 6, Right lines: 13
[8542b4da-7795bcfd.jpg] Left lines: 6, Right lines: 16
[85f3f250-1fef85ac.jpg] Left lines: 1, Right lines: 0
[85f3f250-1fef85ac.jpg] Left lines: 10, Right lines: 2
[87ca2979-d5158824.jpg] Left lines: 4, Right lines: 13
[87ca2979-d5158824.jpg] Left lines: 6, Right lines: 13
[889b7dda-77f16103.jpg] Left lines: 0, Right lines: 5
[889b7dda-77f16103.jpg] Left lines: 4, Right lines: 12
[88dbf01a-d8b35dee.jpg] Left lines: 10, Right lines: 6
[88dbf01a-d8b35dee.jpg] Left lines: 12, Right lines: 5
[897223bc-6938f1ab.jpg] Left lines: 0, Right lines: 0
[897223bc-6938f1ab.jpg] Left lines: 2, Right lines: 0
[89b7454d-880eacbd.jpg] Left lines: 0, Right lines: 0
[89b7454d-880eacbd.jpg] Left lines: 2, Right lines: 0
[89e85e71-7dd0a7b6.jpg] Left lines: 20, Right lines: 33
[89e85e71-7dd0a7b6.jpg] Left lines: 25, Right lines: 37
[8a4fbffe-47866ce9.jpg] Left lines: 0, Right lines: 0
[8a4fbffe-47866ce9.jpg] Left lines: 0, Right lines: 0
[8a76c101-8bcefc32.jpg] Left lines: 3, Right lines: 1
[8a76c101-8bcefc32.jpg] Left lines: 0, Right lines: 0
[8b7ef6c4-6bbcf25f.jpg] Left lines: 13, Right lines: 12
[8b7ef6c4-6bbcf25f.jpg] Left lines: 14, Right lines: 17
[8bac644e-e0437ead.jpg] Left lines: 0, Right lines: 0
[8bac644e-e0437ead.jpg] Left lines: 0, Right lines: 0
[8c94c649-8ba62efa.jpg] Left lines: 3, Right lines: 3
[8c94c649-8ba62efa.jpg] Left lines: 7, Right lines: 5
[8c9bbaa9-34934b66.jpg] Left lines: 8, Right lines: 0
[8c9bbaa9-34934b66.jpg] Left lines: 11, Right lines: 9
[degraded] motion_blur level_5 (300 images)
[0049e5b8-725e21a0.jpg] Left lines: 12, Right lines: 15
[0049e5b8-725e21a0.jpg] Left lines: 10, Right lines: 27
[0081e27b-17bf4a9e.jpg] Left lines: 2, Right lines: 0
[0081e27b-17bf4a9e.jpg] Left lines: 6, Right lines: 3
[00beeb02-50440dcd.jpg] Left lines: 2, Right lines: 1
[00beeb02-50440dcd.jpg] Left lines: 0, Right lines: 4
[00d4b6b7-7d0a60bf.jpg] Left lines: 0, Right lines: 0
[00d4b6b7-7d0a60bf.jpg] Left lines: 1, Right lines: 0
[01118704-2d838d7f.jpg] Left lines: 0, Right lines: 0
[01118704-2d838d7f.jpg] Left lines: 2, Right lines: 1
[0115917e-14907a6a.jpg] Left lines: 0, Right lines: 14
[0115917e-14907a6a.jpg] Left lines: 0, Right lines: 12
[02188a44-65ad27f3.jpg] Left lines: 0, Right lines: 0
[02188a44-65ad27f3.jpg] Left lines: 0, Right lines: 1
[02494b7b-079febf8.jpg] Left lines: 0, Right lines: 11
[02494b7b-079febf8.jpg] Left lines: 8, Right lines: 18
[029ffd50-dc944dba.jpg] Left lines: 0, Right lines: 0
[029ffd50-dc944dba.jpg] Left lines: 0, Right lines: 5
[0464a98b-860229d5.jpg] Left lines: 0, Right lines: 8
[0464a98b-860229d5.jpg] Left lines: 0, Right lines: 17
[051aadb7-51aad566.jpg] Left lines: 0, Right lines: 0
[051aadb7-51aad566.jpg] Left lines: 0, Right lines: 0
[051aadb7-e953bc4d.jpg] Left lines: 0, Right lines: 0
[051aadb7-e953bc4d.jpg] Left lines: 0, Right lines: 0
[05743a9b-747658e7.jpg] Left lines: 0, Right lines: 0
[05743a9b-747658e7.jpg] Left lines: 0, Right lines: 8
[057af272-6f700aef.jpg] Left lines: 0, Right lines: 3
[057af272-6f700aef.jpg] Left lines: 0, Right lines: 13
[05d62296-30c620d5.jpg] Left lines: 1, Right lines: 0
[05d62296-30c620d5.jpg] Left lines: 2, Right lines: 0
[05e5a68e-f0e05a42.jpg] Left lines: 0, Right lines: 0
[05e5a68e-f0e05a42.jpg] Left lines: 0, Right lines: 0
[05fa6494-8f436d04.jpg] Left lines: 0, Right lines: 0
[05fa6494-8f436d04.jpg] Left lines: 0, Right lines: 14
[060039d9-5218402b.jpg] Left lines: 7, Right lines: 0
[060039d9-5218402b.jpg] Left lines: 10, Right lines: 0
[064aa0d6-f75ff4d5.jpg] Left lines: 1, Right lines: 1
[064aa0d6-f75ff4d5.jpg] Left lines: 10, Right lines: 1
[07de5062-ddddcbd7.jpg] Left lines: 1, Right lines: 0
[07de5062-ddddcbd7.jpg] Left lines: 0, Right lines: 0
[088351d1-30833ddc.jpg] Left lines: 0, Right lines: 0
[088351d1-30833ddc.jpg] Left lines: 0, Right lines: 0
[08a49c01-675d3899.jpg] Left lines: 0, Right lines: 1
[08a49c01-675d3899.jpg] Left lines: 2, Right lines: 18
[08d4285a-4a25b9b6.jpg] Left lines: 0, Right lines: 0
[08d4285a-4a25b9b6.jpg] Left lines: 1, Right lines: 0
[09ac21d6-eefa8ed0.jpg] Left lines: 0, Right lines: 1
[09ac21d6-eefa8ed0.jpg] Left lines: 0, Right lines: 8
[0a0a0b1a-7c39d841.jpg] Left lines: 0, Right lines: 12
[0a0a0b1a-7c39d841.jpg] Left lines: 0, Right lines: 5
[0af6039a-f3c91319.jpg] Left lines: 0, Right lines: 0
[0af6039a-f3c91319.jpg] Left lines: 0, Right lines: 0
[0b2f5d0d-8fddc1fc.jpg] Left lines: 1, Right lines: 2
[0b2f5d0d-8fddc1fc.jpg] Left lines: 12, Right lines: 4
[0b4225f9-bfb10f88.jpg] Left lines: 0, Right lines: 0
[0b4225f9-bfb10f88.jpg] Left lines: 0, Right lines: 0
[0ba08fe3-880ae118.jpg] Left lines: 0, Right lines: 4
[0ba08fe3-880ae118.jpg] Left lines: 6, Right lines: 8
[0c2f33b9-f94d69b5.jpg] Left lines: 0, Right lines: 11
[0c2f33b9-f94d69b5.jpg] Left lines: 0, Right lines: 13
[0c984e6d-2b5d7ee4.jpg] Left lines: 0, Right lines: 0
[0c984e6d-2b5d7ee4.jpg] Left lines: 0, Right lines: 5
[0cb67a01-7cf1687e.jpg] Left lines: 0, Right lines: 0
[0cb67a01-7cf1687e.jpg] Left lines: 1, Right lines: 0
[0cc6f3e8-b4c9e348.jpg] Left lines: 1, Right lines: 0
[0cc6f3e8-b4c9e348.jpg] Left lines: 3, Right lines: 0
[0cf398b3-ce65ab64.jpg] Left lines: 0, Right lines: 2
[0cf398b3-ce65ab64.jpg] Left lines: 0, Right lines: 0
[0d3ec56a-f4cead6f.jpg] Left lines: 0, Right lines: 0
[0d3ec56a-f4cead6f.jpg] Left lines: 0, Right lines: 0
[0d61234a-542010b2.jpg] Left lines: 0, Right lines: 12
[0d61234a-542010b2.jpg] Left lines: 8, Right lines: 17
[0e442b65-b17e0b50.jpg] Left lines: 0, Right lines: 1
[0e442b65-b17e0b50.jpg] Left lines: 0, Right lines: 5
[0e5c7e92-0d9c60f0.jpg] Left lines: 0, Right lines: 0
[0e5c7e92-0d9c60f0.jpg] Left lines: 2, Right lines: 0
[0f837def-9646c091.jpg] Left lines: 0, Right lines: 4
[0f837def-9646c091.jpg] Left lines: 0, Right lines: 3
[0fba84f9-73b520ee.jpg] Left lines: 0, Right lines: 0
[0fba84f9-73b520ee.jpg] Left lines: 0, Right lines: 0
[101a0964-930eae70.jpg] Left lines: 0, Right lines: 2
[101a0964-930eae70.jpg] Left lines: 0, Right lines: 10
[10389fe8-433c740c.jpg] Left lines: 0, Right lines: 0
[10389fe8-433c740c.jpg] Left lines: 0, Right lines: 0
[10453a95-40759ac3.jpg] Left lines: 0, Right lines: 0
[10453a95-40759ac3.jpg] Left lines: 3, Right lines: 0
[1072195f-0a161ade.jpg] Left lines: 0, Right lines: 0
[1072195f-0a161ade.jpg] Left lines: 2, Right lines: 6
[1072195f-6cf88b25.jpg] Left lines: 0, Right lines: 0
[1072195f-6cf88b25.jpg] Left lines: 3, Right lines: 0
[11513e3d-150058c3.jpg] Left lines: 1, Right lines: 4
[11513e3d-150058c3.jpg] Left lines: 1, Right lines: 8
[1189ae68-1a8ad3c6.jpg] Left lines: 0, Right lines: 0
[1189ae68-1a8ad3c6.jpg] Left lines: 0, Right lines: 0
[12076ebb-c07285d7.jpg] Left lines: 0, Right lines: 0
[12076ebb-c07285d7.jpg] Left lines: 0, Right lines: 10
[125134e5-7dfc45b9.jpg] Left lines: 0, Right lines: 0
[125134e5-7dfc45b9.jpg] Left lines: 0, Right lines: 0
[12ae9ab8-794f5adc.jpg] Left lines: 0, Right lines: 0
[12ae9ab8-794f5adc.jpg] Left lines: 0, Right lines: 5
[13f61134-50021e53.jpg] Left lines: 0, Right lines: 0
[13f61134-50021e53.jpg] Left lines: 7, Right lines: 0
[14eace5a-ddf3b303.jpg] Left lines: 0, Right lines: 0
[14eace5a-ddf3b303.jpg] Left lines: 0, Right lines: 2
[1608cfe7-32da2c5d.jpg] Left lines: 0, Right lines: 0
[1608cfe7-32da2c5d.jpg] Left lines: 0, Right lines: 1
[162995f1-d2c7d259.jpg] Left lines: 0, Right lines: 0
[162995f1-d2c7d259.jpg] Left lines: 0, Right lines: 1
[16b0973f-c07b564a.jpg] Left lines: 4, Right lines: 4
[16b0973f-c07b564a.jpg] Left lines: 5, Right lines: 8
[1784d67b-6b223914.jpg] Left lines: 0, Right lines: 2
[1784d67b-6b223914.jpg] Left lines: 0, Right lines: 16
[1784d67b-d76145ce.jpg] Left lines: 0, Right lines: 0
[1784d67b-d76145ce.jpg] Left lines: 0, Right lines: 0
[188c58f3-792afc71.jpg] Left lines: 1, Right lines: 1
[188c58f3-792afc71.jpg] Left lines: 3, Right lines: 1
[193f7f3b-84bc7998.jpg] Left lines: 0, Right lines: 1
[193f7f3b-84bc7998.jpg] Left lines: 0, Right lines: 13
[194058b0-ac0616a6.jpg] Left lines: 0, Right lines: 0
[194058b0-ac0616a6.jpg] Left lines: 1, Right lines: 3
[19e56249-09c4bbc6.jpg] Left lines: 0, Right lines: 0
[19e56249-09c4bbc6.jpg] Left lines: 0, Right lines: 0
[1a71faae-d5f255fd.jpg] Left lines: 0, Right lines: 2
[1a71faae-d5f255fd.jpg] Left lines: 0, Right lines: 7
[1a8992a7-da5a8510.jpg] Left lines: 0, Right lines: 0
[1a8992a7-da5a8510.jpg] Left lines: 0, Right lines: 0
[1ac0178c-0b259360.jpg] Left lines: 0, Right lines: 0
[1ac0178c-0b259360.jpg] Left lines: 0, Right lines: 0
[1b30f76f-95aa8a06.jpg] Left lines: 0, Right lines: 0
[1b30f76f-95aa8a06.jpg] Left lines: 3, Right lines: 0
[1bda5a26-420ceea6.jpg] Left lines: 0, Right lines: 0
[1bda5a26-420ceea6.jpg] Left lines: 0, Right lines: 0
[1bf7f3d2-15f95138.jpg] Left lines: 0, Right lines: 17
[1bf7f3d2-15f95138.jpg] Left lines: 0, Right lines: 23
[1c227a12-10e5552c.jpg] Left lines: 1, Right lines: 0
[1c227a12-10e5552c.jpg] Left lines: 1, Right lines: 0
[1c227a12-ec67af93.jpg] Left lines: 1, Right lines: 0
[1c227a12-ec67af93.jpg] Left lines: 12, Right lines: 2
[1c5e9657-2e2a2863.jpg] Left lines: 0, Right lines: 0
[1c5e9657-2e2a2863.jpg] Left lines: 0, Right lines: 0
[1cb2a89b-4594573e.jpg] Left lines: 3, Right lines: 0
[1cb2a89b-4594573e.jpg] Left lines: 10, Right lines: 0
[1cf54809-c6daa5a9.jpg] Left lines: 0, Right lines: 6
[1cf54809-c6daa5a9.jpg] Left lines: 1, Right lines: 15
[1d5e05f8-5020f67d.jpg] Left lines: 0, Right lines: 0
[1d5e05f8-5020f67d.jpg] Left lines: 0, Right lines: 0
[1e57ae90-806bc767.jpg] Left lines: 4, Right lines: 0
[1e57ae90-806bc767.jpg] Left lines: 7, Right lines: 2
[1f959fdd-6ff63d34.jpg] Left lines: 0, Right lines: 0
[1f959fdd-6ff63d34.jpg] Left lines: 0, Right lines: 0
[1fa65acf-d43367bc.jpg] Left lines: 0, Right lines: 0
[1fa65acf-d43367bc.jpg] Left lines: 12, Right lines: 0
[20cfadfa-47711496.jpg] Left lines: 7, Right lines: 8
[20cfadfa-47711496.jpg] Left lines: 2, Right lines: 5
[20cfadfa-6f87fdc1.jpg] Left lines: 24, Right lines: 18
[20cfadfa-6f87fdc1.jpg] Left lines: 24, Right lines: 34
[225a1858-0e3a4b04.jpg] Left lines: 0, Right lines: 0
[225a1858-0e3a4b04.jpg] Left lines: 0, Right lines: 0
[22be2f14-59fbdca0.jpg] Left lines: 0, Right lines: 14
[22be2f14-59fbdca0.jpg] Left lines: 5, Right lines: 4
[23333f35-0cbc3f0f.jpg] Left lines: 4, Right lines: 0
[23333f35-0cbc3f0f.jpg] Left lines: 6, Right lines: 0
[23df146f-64b50e4c.jpg] Left lines: 2, Right lines: 0
[23df146f-64b50e4c.jpg] Left lines: 8, Right lines: 13
[24392d7c-998011c2.jpg] Left lines: 0, Right lines: 0
[24392d7c-998011c2.jpg] Left lines: 0, Right lines: 0
[250e7595-b14da270.jpg] Left lines: 0, Right lines: 0
[250e7595-b14da270.jpg] Left lines: 2, Right lines: 0
[26190b83-39ccb412.jpg] Left lines: 0, Right lines: 13
[26190b83-39ccb412.jpg] Left lines: 0, Right lines: 21
[272d52f6-8aac36b3.jpg] Left lines: 0, Right lines: 0
[272d52f6-8aac36b3.jpg] Left lines: 0, Right lines: 0
[2752681a-e813599a.jpg] Left lines: 0, Right lines: 0
[2752681a-e813599a.jpg] Left lines: 8, Right lines: 0
[27645526-f038b033.jpg] Left lines: 2, Right lines: 1
[27645526-f038b033.jpg] Left lines: 3, Right lines: 3
[2773af6f-23e23a6b.jpg] Left lines: 0, Right lines: 0
[2773af6f-23e23a6b.jpg] Left lines: 0, Right lines: 1
[28faf684-03ef4c6e.jpg] Left lines: 0, Right lines: 6
[28faf684-03ef4c6e.jpg] Left lines: 4, Right lines: 17
[292720ee-d847ee69.jpg] Left lines: 0, Right lines: 0
[292720ee-d847ee69.jpg] Left lines: 2, Right lines: 1
[2b54fe2d-c5b810e6.jpg] Left lines: 7, Right lines: 4
[2b54fe2d-c5b810e6.jpg] Left lines: 8, Right lines: 26
[2b605c48-8dfe352b.jpg] Left lines: 0, Right lines: 13
[2b605c48-8dfe352b.jpg] Left lines: 0, Right lines: 16
[2beccce2-354608e2.jpg] Left lines: 0, Right lines: 0
[2beccce2-354608e2.jpg] Left lines: 0, Right lines: 0
[2c87e51d-aa7a8031.jpg] Left lines: 0, Right lines: 0
[2c87e51d-aa7a8031.jpg] Left lines: 0, Right lines: 0
[2ce0b449-e818dc97.jpg] Left lines: 0, Right lines: 0
[2ce0b449-e818dc97.jpg] Left lines: 2, Right lines: 0
[2cf976a2-479cd46b.jpg] Left lines: 0, Right lines: 0
[2cf976a2-479cd46b.jpg] Left lines: 0, Right lines: 0
[2e2fae77-b7497ca0.jpg] Left lines: 0, Right lines: 0
[2e2fae77-b7497ca0.jpg] Left lines: 0, Right lines: 0
[2ead8042-2493c03f.jpg] Left lines: 0, Right lines: 0
[2ead8042-2493c03f.jpg] Left lines: 0, Right lines: 4
[2f1864c1-1a17d11c.jpg] Left lines: 0, Right lines: 0
[2f1864c1-1a17d11c.jpg] Left lines: 0, Right lines: 0
[2f879dc0-b09e4824.jpg] Left lines: 3, Right lines: 3
[2f879dc0-b09e4824.jpg] Left lines: 5, Right lines: 9
[2fc9ad1e-ee4c9e43.jpg] Left lines: 0, Right lines: 0
[2fc9ad1e-ee4c9e43.jpg] Left lines: 8, Right lines: 0
[3050b249-0ffbd6ec.jpg] Left lines: 0, Right lines: 0
[3050b249-0ffbd6ec.jpg] Left lines: 0, Right lines: 0
[314cc010-3eab5c90.jpg] Left lines: 0, Right lines: 2
[314cc010-3eab5c90.jpg] Left lines: 0, Right lines: 1
[31765c6b-90b0d612.jpg] Left lines: 0, Right lines: 0
[31765c6b-90b0d612.jpg] Left lines: 0, Right lines: 0
[31cf6eba-5c84c636.jpg] Left lines: 0, Right lines: 0
[31cf6eba-5c84c636.jpg] Left lines: 0, Right lines: 2
[32de2244-122f1783.jpg] Left lines: 4, Right lines: 3
[32de2244-122f1783.jpg] Left lines: 4, Right lines: 22
[33420085-32996107.jpg] Left lines: 0, Right lines: 0
[33420085-32996107.jpg] Left lines: 2, Right lines: 0
[3430a5e6-00ec38d2.jpg] Left lines: 0, Right lines: 0
[3430a5e6-00ec38d2.jpg] Left lines: 5, Right lines: 5
[35eb46d0-8f7e28a0.jpg] Left lines: 0, Right lines: 12
[35eb46d0-8f7e28a0.jpg] Left lines: 7, Right lines: 23
[3735fc3d-69d8b80c.jpg] Left lines: 0, Right lines: 0
[3735fc3d-69d8b80c.jpg] Left lines: 0, Right lines: 0
[3740cd4f-ff1d423d.jpg] Left lines: 5, Right lines: 0
[3740cd4f-ff1d423d.jpg] Left lines: 11, Right lines: 2
[375abba2-9f2ed56c.jpg] Left lines: 0, Right lines: 1
[375abba2-9f2ed56c.jpg] Left lines: 0, Right lines: 0
[37723e55-31730cf5.jpg] Left lines: 0, Right lines: 0
[37723e55-31730cf5.jpg] Left lines: 0, Right lines: 7
[380a3f8e-ba4f0def.jpg] Left lines: 0, Right lines: 0
[380a3f8e-ba4f0def.jpg] Left lines: 0, Right lines: 0
[385b0f61-1aee12ef.jpg] Left lines: 0, Right lines: 0
[385b0f61-1aee12ef.jpg] Left lines: 0, Right lines: 0
[3865fea7-b4fe472d.jpg] Left lines: 4, Right lines: 0
[3865fea7-b4fe472d.jpg] Left lines: 6, Right lines: 0
[38e561dd-8ea8ae2d.jpg] Left lines: 3, Right lines: 2
[38e561dd-8ea8ae2d.jpg] Left lines: 11, Right lines: 11
[38ed8d8d-93c48de2.jpg] Left lines: 0, Right lines: 0
[38ed8d8d-93c48de2.jpg] Left lines: 1, Right lines: 2
[38ed8d8d-b1c230ef.jpg] Left lines: 4, Right lines: 0
[38ed8d8d-b1c230ef.jpg] Left lines: 7, Right lines: 3
[38ed8d8d-fa50400c.jpg] Left lines: 0, Right lines: 0
[38ed8d8d-fa50400c.jpg] Left lines: 0, Right lines: 0
[3900ad8c-8834019f.jpg] Left lines: 0, Right lines: 0
[3900ad8c-8834019f.jpg] Left lines: 0, Right lines: 0
[39ddb110-04604b9c.jpg] Left lines: 0, Right lines: 0
[39ddb110-04604b9c.jpg] Left lines: 0, Right lines: 7
[39fc6d1c-6155351d.jpg] Left lines: 0, Right lines: 0
[39fc6d1c-6155351d.jpg] Left lines: 0, Right lines: 2
[3a278d39-b92df256.jpg] Left lines: 0, Right lines: 5
[3a278d39-b92df256.jpg] Left lines: 0, Right lines: 10
[3a3407a2-df8ea956.jpg] Left lines: 0, Right lines: 0
[3a3407a2-df8ea956.jpg] Left lines: 0, Right lines: 0
[3ad0c4a7-2a3d544e.jpg] Left lines: 0, Right lines: 1
[3ad0c4a7-2a3d544e.jpg] Left lines: 0, Right lines: 0
[3b1e1bc1-ee64e36e.jpg] Left lines: 0, Right lines: 0
[3b1e1bc1-ee64e36e.jpg] Left lines: 0, Right lines: 0
[3b44ef5a-c09e8479.jpg] Left lines: 2, Right lines: 0
[3b44ef5a-c09e8479.jpg] Left lines: 0, Right lines: 0
[3b563c5e-0102edaf.jpg] Left lines: 0, Right lines: 1
[3b563c5e-0102edaf.jpg] Left lines: 0, Right lines: 9
[3b9716a6-d2566395.jpg] Left lines: 0, Right lines: 0
[3b9716a6-d2566395.jpg] Left lines: 0, Right lines: 0
[3c0bbdc2-79baffce.jpg] Left lines: 0, Right lines: 1
[3c0bbdc2-79baffce.jpg] Left lines: 0, Right lines: 10
[3c5752b6-9c0bdf98.jpg] Left lines: 0, Right lines: 0
[3c5752b6-9c0bdf98.jpg] Left lines: 0, Right lines: 1
[3c95ae26-68abac3f.jpg] Left lines: 0, Right lines: 0
[3c95ae26-68abac3f.jpg] Left lines: 1, Right lines: 8
[3e0f1745-a95a63ad.jpg] Left lines: 0, Right lines: 6
[3e0f1745-a95a63ad.jpg] Left lines: 2, Right lines: 14
[3f4eb6a6-9eee52f9.jpg] Left lines: 1, Right lines: 0
[3f4eb6a6-9eee52f9.jpg] Left lines: 0, Right lines: 0
[3f85a987-1ef4053b.jpg] Left lines: 0, Right lines: 0
[3f85a987-1ef4053b.jpg] Left lines: 0, Right lines: 0
[3fe1feaa-10126fec.jpg] Left lines: 0, Right lines: 0
[3fe1feaa-10126fec.jpg] Left lines: 0, Right lines: 0
[3ffdaa26-b394f6f8.jpg] Left lines: 0, Right lines: 15
[3ffdaa26-b394f6f8.jpg] Left lines: 8, Right lines: 24
[4027c10d-41d54e9b.jpg] Left lines: 0, Right lines: 0
[4027c10d-41d54e9b.jpg] Left lines: 0, Right lines: 2
[428e99ea-4166e549.jpg] Left lines: 7, Right lines: 0
[428e99ea-4166e549.jpg] Left lines: 9, Right lines: 0
[42e0dd11-74b81997.jpg] Left lines: 0, Right lines: 0
[42e0dd11-74b81997.jpg] Left lines: 0, Right lines: 0
[430395d1-931c959e.jpg] Left lines: 0, Right lines: 0
[430395d1-931c959e.jpg] Left lines: 7, Right lines: 0
[43126e0d-495d04a5.jpg] Left lines: 0, Right lines: 0
[43126e0d-495d04a5.jpg] Left lines: 9, Right lines: 0
[43126e0d-cce96832.jpg] Left lines: 0, Right lines: 0
[43126e0d-cce96832.jpg] Left lines: 0, Right lines: 0
[432f9e20-83a0d96c.jpg] Left lines: 0, Right lines: 0
[432f9e20-83a0d96c.jpg] Left lines: 0, Right lines: 2
[43c7ed5c-b0690325.jpg] Left lines: 0, Right lines: 7
[43c7ed5c-b0690325.jpg] Left lines: 5, Right lines: 11
[44cc16d9-d2e06fd6.jpg] Left lines: 0, Right lines: 0
[44cc16d9-d2e06fd6.jpg] Left lines: 1, Right lines: 0
[45bafa98-1ee18a2f.jpg] Left lines: 0, Right lines: 5
[45bafa98-1ee18a2f.jpg] Left lines: 0, Right lines: 8
[46d048a1-8f7f385c.jpg] Left lines: 0, Right lines: 0
[46d048a1-8f7f385c.jpg] Left lines: 0, Right lines: 0
[46f76df9-8bf77914.jpg] Left lines: 7, Right lines: 0
[46f76df9-8bf77914.jpg] Left lines: 9, Right lines: 5
[480263a0-5aad7ae9.jpg] Left lines: 0, Right lines: 6
[480263a0-5aad7ae9.jpg] Left lines: 0, Right lines: 0
[488480d6-b94cf415.jpg] Left lines: 0, Right lines: 16
[488480d6-b94cf415.jpg] Left lines: 0, Right lines: 17
[48ed707e-5062e4c3.jpg] Left lines: 0, Right lines: 0
[48ed707e-5062e4c3.jpg] Left lines: 0, Right lines: 0
[4a289ff2-7da7feb6.jpg] Left lines: 0, Right lines: 0
[4a289ff2-7da7feb6.jpg] Left lines: 0, Right lines: 0
[4a31f3e3-ac7ed780.jpg] Left lines: 0, Right lines: 0
[4a31f3e3-ac7ed780.jpg] Left lines: 0, Right lines: 0
[4b2e1dde-65b54419.jpg] Left lines: 0, Right lines: 0
[4b2e1dde-65b54419.jpg] Left lines: 0, Right lines: 2
[4d4a590b-4332c5ab.jpg] Left lines: 0, Right lines: 0
[4d4a590b-4332c5ab.jpg] Left lines: 0, Right lines: 0
[5069db50-52f5af30.jpg] Left lines: 0, Right lines: 3
[5069db50-52f5af30.jpg] Left lines: 1, Right lines: 11
[50866f46-30d1f303.jpg] Left lines: 0, Right lines: 0
[50866f46-30d1f303.jpg] Left lines: 0, Right lines: 0
[50b115d6-4b08a666.jpg] Left lines: 0, Right lines: 0
[50b115d6-4b08a666.jpg] Left lines: 0, Right lines: 0
[50b2e757-6c7d0f63.jpg] Left lines: 0, Right lines: 0
[50b2e757-6c7d0f63.jpg] Left lines: 0, Right lines: 0
[50d0fd05-8db58ebd.jpg] Left lines: 0, Right lines: 1
[50d0fd05-8db58ebd.jpg] Left lines: 0, Right lines: 0
[510671e9-603795e0.jpg] Left lines: 0, Right lines: 0
[510671e9-603795e0.jpg] Left lines: 9, Right lines: 0
[514a6d58-0790e0cd.jpg] Left lines: 0, Right lines: 0
[514a6d58-0790e0cd.jpg] Left lines: 0, Right lines: 0
[5150bb50-300d52ce.jpg] Left lines: 8, Right lines: 15
[5150bb50-300d52ce.jpg] Left lines: 13, Right lines: 15
[52799e9e-8c8673f3.jpg] Left lines: 8, Right lines: 9
[52799e9e-8c8673f3.jpg] Left lines: 7, Right lines: 9
[52bda346-fd8ac6e7.jpg] Left lines: 0, Right lines: 0
[52bda346-fd8ac6e7.jpg] Left lines: 0, Right lines: 0
[534418ba-ee05398f.jpg] Left lines: 0, Right lines: 0
[534418ba-ee05398f.jpg] Left lines: 0, Right lines: 0
[54360b72-e00a3f70.jpg] Left lines: 0, Right lines: 3
[54360b72-e00a3f70.jpg] Left lines: 0, Right lines: 0
[554d7cd5-a32486dd.jpg] Left lines: 0, Right lines: 5
[554d7cd5-a32486dd.jpg] Left lines: 2, Right lines: 16
[559fed19-7893646f.jpg] Left lines: 0, Right lines: 0
[559fed19-7893646f.jpg] Left lines: 0, Right lines: 0
[57165857-e4d4a47f.jpg] Left lines: 2, Right lines: 0
[57165857-e4d4a47f.jpg] Left lines: 1, Right lines: 0
[5795bfe7-a599384a.jpg] Left lines: 0, Right lines: 0
[5795bfe7-a599384a.jpg] Left lines: 0, Right lines: 0
[57ac74e2-e86131f1.jpg] Left lines: 0, Right lines: 0
[57ac74e2-e86131f1.jpg] Left lines: 0, Right lines: 6
[57b495f2-6da6b1e5.jpg] Left lines: 0, Right lines: 0
[57b495f2-6da6b1e5.jpg] Left lines: 5, Right lines: 0
[585443c8-2621a6b1.jpg] Left lines: 9, Right lines: 13
[585443c8-2621a6b1.jpg] Left lines: 13, Right lines: 11
[5877b384-2545daf4.jpg] Left lines: 9, Right lines: 0
[5877b384-2545daf4.jpg] Left lines: 13, Right lines: 0
[587bb1bf-1aa00fe5.jpg] Left lines: 0, Right lines: 0
[587bb1bf-1aa00fe5.jpg] Left lines: 1, Right lines: 0
[5995c288-2d152172.jpg] Left lines: 0, Right lines: 0
[5995c288-2d152172.jpg] Left lines: 0, Right lines: 0
[59cde7c7-344bffb1.jpg] Left lines: 0, Right lines: 0
[59cde7c7-344bffb1.jpg] Left lines: 0, Right lines: 0
[5a8f9b5d-1fdfd2d4.jpg] Left lines: 0, Right lines: 1
[5a8f9b5d-1fdfd2d4.jpg] Left lines: 3, Right lines: 3
[5ae83f9c-da990b49.jpg] Left lines: 0, Right lines: 16
[5ae83f9c-da990b49.jpg] Left lines: 0, Right lines: 20
[5b2b4881-67a6cb87.jpg] Left lines: 0, Right lines: 0
[5b2b4881-67a6cb87.jpg] Left lines: 2, Right lines: 0
[5b2fd56a-37759b05.jpg] Left lines: 0, Right lines: 0
[5b2fd56a-37759b05.jpg] Left lines: 0, Right lines: 4
[5b4b0b07-2fb56b82.jpg] Left lines: 0, Right lines: 0
[5b4b0b07-2fb56b82.jpg] Left lines: 0, Right lines: 0
[5bc44a50-c371c4d0.jpg] Left lines: 0, Right lines: 0
[5bc44a50-c371c4d0.jpg] Left lines: 14, Right lines: 0
[5c4004b7-bf3b7941.jpg] Left lines: 0, Right lines: 0
[5c4004b7-bf3b7941.jpg] Left lines: 0, Right lines: 0
[5c534f5f-a76c7f4b.jpg] Left lines: 0, Right lines: 0
[5c534f5f-a76c7f4b.jpg] Left lines: 0, Right lines: 0
[5c5dc708-35460444.jpg] Left lines: 0, Right lines: 0
[5c5dc708-35460444.jpg] Left lines: 0, Right lines: 0
[5da6c6b6-76c54605.jpg] Left lines: 0, Right lines: 0
[5da6c6b6-76c54605.jpg] Left lines: 0, Right lines: 0
[5dc5141c-5890b5b1.jpg] Left lines: 0, Right lines: 0
[5dc5141c-5890b5b1.jpg] Left lines: 0, Right lines: 0
[5dd831da-bd00cf03.jpg] Left lines: 0, Right lines: 0
[5dd831da-bd00cf03.jpg] Left lines: 0, Right lines: 0
[5dfb063f-7bd23d5c.jpg] Left lines: 3, Right lines: 0
[5dfb063f-7bd23d5c.jpg] Left lines: 15, Right lines: 0
[5e0b701e-d443d8c2.jpg] Left lines: 0, Right lines: 0
[5e0b701e-d443d8c2.jpg] Left lines: 0, Right lines: 3
[5e26f49d-0bc53c7e.jpg] Left lines: 0, Right lines: 0
[5e26f49d-0bc53c7e.jpg] Left lines: 0, Right lines: 0
[5e26f49d-9271bf00.jpg] Left lines: 0, Right lines: 0
[5e26f49d-9271bf00.jpg] Left lines: 0, Right lines: 0
[5e625ec3-7b4fc682.jpg] Left lines: 0, Right lines: 6
[5e625ec3-7b4fc682.jpg] Left lines: 0, Right lines: 15
[5f9387ff-330136ae.jpg] Left lines: 0, Right lines: 0
[5f9387ff-330136ae.jpg] Left lines: 0, Right lines: 0
[5fa17a25-88b8e6b9.jpg] Left lines: 0, Right lines: 2
[5fa17a25-88b8e6b9.jpg] Left lines: 0, Right lines: 3
[5fa422e1-2d8dd765.jpg] Left lines: 0, Right lines: 0
[5fa422e1-2d8dd765.jpg] Left lines: 0, Right lines: 7
[5fb2a702-f56a339c.jpg] Left lines: 8, Right lines: 7
[5fb2a702-f56a339c.jpg] Left lines: 14, Right lines: 8
[6011831b-0992e205.jpg] Left lines: 5, Right lines: 0
[6011831b-0992e205.jpg] Left lines: 7, Right lines: 0
[60137cc0-428b8f5b.jpg] Left lines: 0, Right lines: 0
[60137cc0-428b8f5b.jpg] Left lines: 0, Right lines: 0
[604b5b3e-3c2e6b6b.jpg] Left lines: 1, Right lines: 0
[604b5b3e-3c2e6b6b.jpg] Left lines: 7, Right lines: 0
[6092f5a2-424550ba.jpg] Left lines: 2, Right lines: 0
[6092f5a2-424550ba.jpg] Left lines: 3, Right lines: 0
[60ba25dd-6c0df417.jpg] Left lines: 0, Right lines: 0
[60ba25dd-6c0df417.jpg] Left lines: 1, Right lines: 0
[60c678e7-4813ae0f.jpg] Left lines: 5, Right lines: 0
[60c678e7-4813ae0f.jpg] Left lines: 15, Right lines: 0
[614ecada-16b0f8b6.jpg] Left lines: 8, Right lines: 0
[614ecada-16b0f8b6.jpg] Left lines: 16, Right lines: 0
[61e4ad87-53ceb455.jpg] Left lines: 1, Right lines: 0
[61e4ad87-53ceb455.jpg] Left lines: 22, Right lines: 0
[6240d7b3-b51b5788.jpg] Left lines: 2, Right lines: 0
[6240d7b3-b51b5788.jpg] Left lines: 8, Right lines: 1
[62aefb36-b685117f.jpg] Left lines: 0, Right lines: 3
[62aefb36-b685117f.jpg] Left lines: 0, Right lines: 13
[634c1785-3bb9a8a2.jpg] Left lines: 0, Right lines: 0
[634c1785-3bb9a8a2.jpg] Left lines: 0, Right lines: 19
[634c1785-aeb1652f.jpg] Left lines: 0, Right lines: 12
[634c1785-aeb1652f.jpg] Left lines: 5, Right lines: 16
[63f73472-028615f1.jpg] Left lines: 19, Right lines: 0
[63f73472-028615f1.jpg] Left lines: 2, Right lines: 6
[6485ad0a-245d1600.jpg] Left lines: 0, Right lines: 0
[6485ad0a-245d1600.jpg] Left lines: 0, Right lines: 9
[648dc925-e359dbec.jpg] Left lines: 22, Right lines: 0
[648dc925-e359dbec.jpg] Left lines: 22, Right lines: 0
[65edc5a1-f309fed7.jpg] Left lines: 0, Right lines: 0
[65edc5a1-f309fed7.jpg] Left lines: 0, Right lines: 12
[661381d9-1114a810.jpg] Left lines: 0, Right lines: 0
[661381d9-1114a810.jpg] Left lines: 0, Right lines: 0
[664cb246-f84cfaf4.jpg] Left lines: 0, Right lines: 0
[664cb246-f84cfaf4.jpg] Left lines: 0, Right lines: 11
[675cf8fa-4b1ce8b9.jpg] Left lines: 1, Right lines: 0
[675cf8fa-4b1ce8b9.jpg] Left lines: 4, Right lines: 4
[67faeadf-eb09a636.jpg] Left lines: 0, Right lines: 6
[67faeadf-eb09a636.jpg] Left lines: 0, Right lines: 8
[691be377-5dbc29ee.jpg] Left lines: 0, Right lines: 1
[691be377-5dbc29ee.jpg] Left lines: 2, Right lines: 8
[692f1303-05178963.jpg] Left lines: 0, Right lines: 0
[692f1303-05178963.jpg] Left lines: 0, Right lines: 0
[692f9b08-bdbbd729.jpg] Left lines: 0, Right lines: 10
[692f9b08-bdbbd729.jpg] Left lines: 4, Right lines: 6
[69bfbe31-5ee2a642.jpg] Left lines: 4, Right lines: 0
[69bfbe31-5ee2a642.jpg] Left lines: 11, Right lines: 4
[69cf7667-68f59649.jpg] Left lines: 5, Right lines: 6
[69cf7667-68f59649.jpg] Left lines: 4, Right lines: 2
[69cf7667-7eb40860.jpg] Left lines: 0, Right lines: 0
[69cf7667-7eb40860.jpg] Left lines: 0, Right lines: 0
[6a44fb9a-05a3dd18.jpg] Left lines: 26, Right lines: 15
[6a44fb9a-05a3dd18.jpg] Left lines: 27, Right lines: 16
[6a793e80-4f5e207f.jpg] Left lines: 9, Right lines: 0
[6a793e80-4f5e207f.jpg] Left lines: 9, Right lines: 0
[6a82c0d6-b31f6b90.jpg] Left lines: 0, Right lines: 0
[6a82c0d6-b31f6b90.jpg] Left lines: 0, Right lines: 0
[6a8d218d-14e4fa28.jpg] Left lines: 0, Right lines: 0
[6a8d218d-14e4fa28.jpg] Left lines: 0, Right lines: 0
[6ad110c3-789e7724.jpg] Left lines: 0, Right lines: 0
[6ad110c3-789e7724.jpg] Left lines: 0, Right lines: 0
[6b15392a-3a1699fd.jpg] Left lines: 0, Right lines: 10
[6b15392a-3a1699fd.jpg] Left lines: 0, Right lines: 20
[6b784eee-0a5a2c89.jpg] Left lines: 0, Right lines: 0
[6b784eee-0a5a2c89.jpg] Left lines: 0, Right lines: 0
[6bb5a881-15e5c2c4.jpg] Left lines: 0, Right lines: 0
[6bb5a881-15e5c2c4.jpg] Left lines: 0, Right lines: 0
[6bd41587-d65ba5b4.jpg] Left lines: 0, Right lines: 0
[6bd41587-d65ba5b4.jpg] Left lines: 0, Right lines: 1
[6d0d7bef-fb11b6e1.jpg] Left lines: 0, Right lines: 0
[6d0d7bef-fb11b6e1.jpg] Left lines: 1, Right lines: 0
[6d57736c-a35808b9.jpg] Left lines: 2, Right lines: 12
[6d57736c-a35808b9.jpg] Left lines: 10, Right lines: 9
[6d8a6d94-00a7ad92.jpg] Left lines: 0, Right lines: 0
[6d8a6d94-00a7ad92.jpg] Left lines: 0, Right lines: 0
[6eeed3fa-87a1b0c9.jpg] Left lines: 6, Right lines: 0
[6eeed3fa-87a1b0c9.jpg] Left lines: 7, Right lines: 1
[701992bd-8a457895.jpg] Left lines: 12, Right lines: 13
[701992bd-8a457895.jpg] Left lines: 23, Right lines: 19
[7171644d-4e74752e.jpg] Left lines: 0, Right lines: 1
[7171644d-4e74752e.jpg] Left lines: 0, Right lines: 18
[7171644d-ee92c71e.jpg] Left lines: 0, Right lines: 2
[7171644d-ee92c71e.jpg] Left lines: 0, Right lines: 12
[72f22fa5-8af4615c.jpg] Left lines: 0, Right lines: 1
[72f22fa5-8af4615c.jpg] Left lines: 0, Right lines: 1
[72fd00fe-aeadfc89.jpg] Left lines: 1, Right lines: 0
[72fd00fe-aeadfc89.jpg] Left lines: 10, Right lines: 0
[730c67a5-563e9b1f.jpg] Left lines: 0, Right lines: 0
[730c67a5-563e9b1f.jpg] Left lines: 0, Right lines: 0
[738a2bcd-7a6fde0d.jpg] Left lines: 0, Right lines: 0
[738a2bcd-7a6fde0d.jpg] Left lines: 0, Right lines: 2
[73aff960-d46366ec.jpg] Left lines: 0, Right lines: 0
[73aff960-d46366ec.jpg] Left lines: 0, Right lines: 0
[73d338d6-edf0b3db.jpg] Left lines: 0, Right lines: 0
[73d338d6-edf0b3db.jpg] Left lines: 1, Right lines: 0
[75ad1fff-77299093.jpg] Left lines: 0, Right lines: 0
[75ad1fff-77299093.jpg] Left lines: 0, Right lines: 4
[75f5f52c-6b67e736.jpg] Left lines: 0, Right lines: 0
[75f5f52c-6b67e736.jpg] Left lines: 0, Right lines: 0
[777005a8-14c739ad.jpg] Left lines: 0, Right lines: 0
[777005a8-14c739ad.jpg] Left lines: 0, Right lines: 0
[7771e03b-832e52c0.jpg] Left lines: 1, Right lines: 0
[7771e03b-832e52c0.jpg] Left lines: 0, Right lines: 2
[7771e03b-a8f9d50c.jpg] Left lines: 1, Right lines: 3
[7771e03b-a8f9d50c.jpg] Left lines: 2, Right lines: 11
[7797fea2-c37f9856.jpg] Left lines: 0, Right lines: 0
[7797fea2-c37f9856.jpg] Left lines: 0, Right lines: 2
[77bdbeb0-edb0613f.jpg] Left lines: 0, Right lines: 7
[77bdbeb0-edb0613f.jpg] Left lines: 4, Right lines: 1
[77dca577-16a39ea0.jpg] Left lines: 7, Right lines: 0
[77dca577-16a39ea0.jpg] Left lines: 16, Right lines: 0
[77f810c4-43a39c1f.jpg] Left lines: 0, Right lines: 0
[77f810c4-43a39c1f.jpg] Left lines: 0, Right lines: 0
[7814206e-8e991d51.jpg] Left lines: 0, Right lines: 11
[7814206e-8e991d51.jpg] Left lines: 3, Right lines: 10
[7814206e-ea2508d0.jpg] Left lines: 0, Right lines: 8
[7814206e-ea2508d0.jpg] Left lines: 0, Right lines: 12
[79e177bc-4d5d3acc.jpg] Left lines: 0, Right lines: 5
[79e177bc-4d5d3acc.jpg] Left lines: 0, Right lines: 7
[7aa4ff0f-9d28d8a4.jpg] Left lines: 0, Right lines: 0
[7aa4ff0f-9d28d8a4.jpg] Left lines: 0, Right lines: 0
[7ad1174c-373265eb.jpg] Left lines: 0, Right lines: 0
[7ad1174c-373265eb.jpg] Left lines: 0, Right lines: 0
[7b268b98-e0ec16c3.jpg] Left lines: 0, Right lines: 3
[7b268b98-e0ec16c3.jpg] Left lines: 0, Right lines: 4
[7c5a2048-332896ea.jpg] Left lines: 0, Right lines: 0
[7c5a2048-332896ea.jpg] Left lines: 2, Right lines: 7
[7c5d50c5-7292de37.jpg] Left lines: 1, Right lines: 0
[7c5d50c5-7292de37.jpg] Left lines: 10, Right lines: 6
[7d1fe115-936a2f47.jpg] Left lines: 0, Right lines: 12
[7d1fe115-936a2f47.jpg] Left lines: 10, Right lines: 11
[7dc2914d-a20a969a.jpg] Left lines: 0, Right lines: 11
[7dc2914d-a20a969a.jpg] Left lines: 0, Right lines: 3
[7e4ab78b-4a62c63e.jpg] Left lines: 0, Right lines: 0
[7e4ab78b-4a62c63e.jpg] Left lines: 0, Right lines: 0
[7e590c49-93f03732.jpg] Left lines: 0, Right lines: 0
[7e590c49-93f03732.jpg] Left lines: 0, Right lines: 0
[7ed57d0a-d7bcc13d.jpg] Left lines: 0, Right lines: 0
[7ed57d0a-d7bcc13d.jpg] Left lines: 0, Right lines: 3
[7f0ef682-c93899df.jpg] Left lines: 0, Right lines: 0
[7f0ef682-c93899df.jpg] Left lines: 0, Right lines: 9
[7f4ac354-777de900.jpg] Left lines: 0, Right lines: 1
[7f4ac354-777de900.jpg] Left lines: 1, Right lines: 12
[7f9bdf0d-c0e0061f.jpg] Left lines: 0, Right lines: 0
[7f9bdf0d-c0e0061f.jpg] Left lines: 11, Right lines: 3
[7fd14da9-a855494b.jpg] Left lines: 3, Right lines: 0
[7fd14da9-a855494b.jpg] Left lines: 24, Right lines: 2
[801bff84-a72998c7.jpg] Left lines: 0, Right lines: 2
[801bff84-a72998c7.jpg] Left lines: 17, Right lines: 11
[8073de38-f7eab6ec.jpg] Left lines: 0, Right lines: 2
[8073de38-f7eab6ec.jpg] Left lines: 10, Right lines: 2
[8082ea05-1a7bcd47.jpg] Left lines: 7, Right lines: 1
[8082ea05-1a7bcd47.jpg] Left lines: 10, Right lines: 28
[80ecebc0-ca9605f4.jpg] Left lines: 0, Right lines: 0
[80ecebc0-ca9605f4.jpg] Left lines: 0, Right lines: 3
[81ec3b39-1951f79e.jpg] Left lines: 1, Right lines: 0
[81ec3b39-1951f79e.jpg] Left lines: 0, Right lines: 6
[82b14c0c-79b99258.jpg] Left lines: 0, Right lines: 12
[82b14c0c-79b99258.jpg] Left lines: 13, Right lines: 16
[82b5fc3b-90cadd1b.jpg] Left lines: 0, Right lines: 0
[82b5fc3b-90cadd1b.jpg] Left lines: 0, Right lines: 2
[82f03471-8e304dd5.jpg] Left lines: 1, Right lines: 0
[82f03471-8e304dd5.jpg] Left lines: 2, Right lines: 6
[836fa13a-d6058a12.jpg] Left lines: 0, Right lines: 4
[836fa13a-d6058a12.jpg] Left lines: 0, Right lines: 6
[84fb3f59-7d5d1fa4.jpg] Left lines: 0, Right lines: 0
[84fb3f59-7d5d1fa4.jpg] Left lines: 0, Right lines: 0
[8542b4da-7795bcfd.jpg] Left lines: 9, Right lines: 0
[8542b4da-7795bcfd.jpg] Left lines: 9, Right lines: 15
[85f3f250-1fef85ac.jpg] Left lines: 0, Right lines: 0
[85f3f250-1fef85ac.jpg] Left lines: 0, Right lines: 0
[87ca2979-d5158824.jpg] Left lines: 0, Right lines: 5
[87ca2979-d5158824.jpg] Left lines: 0, Right lines: 14
[889b7dda-77f16103.jpg] Left lines: 0, Right lines: 0
[889b7dda-77f16103.jpg] Left lines: 0, Right lines: 11
[88dbf01a-d8b35dee.jpg] Left lines: 0, Right lines: 0
[88dbf01a-d8b35dee.jpg] Left lines: 7, Right lines: 7
[897223bc-6938f1ab.jpg] Left lines: 0, Right lines: 0
[897223bc-6938f1ab.jpg] Left lines: 1, Right lines: 0
[89b7454d-880eacbd.jpg] Left lines: 0, Right lines: 0
[89b7454d-880eacbd.jpg] Left lines: 0, Right lines: 0
[89e85e71-7dd0a7b6.jpg] Left lines: 13, Right lines: 26
[89e85e71-7dd0a7b6.jpg] Left lines: 16, Right lines: 27
[8a4fbffe-47866ce9.jpg] Left lines: 0, Right lines: 0
[8a4fbffe-47866ce9.jpg] Left lines: 0, Right lines: 0
[8a76c101-8bcefc32.jpg] Left lines: 0, Right lines: 0
[8a76c101-8bcefc32.jpg] Left lines: 0, Right lines: 0
[8b7ef6c4-6bbcf25f.jpg] Left lines: 0, Right lines: 0
[8b7ef6c4-6bbcf25f.jpg] Left lines: 21, Right lines: 13
[8bac644e-e0437ead.jpg] Left lines: 0, Right lines: 0
[8bac644e-e0437ead.jpg] Left lines: 0, Right lines: 0
[8c94c649-8ba62efa.jpg] Left lines: 3, Right lines: 0
[8c94c649-8ba62efa.jpg] Left lines: 4, Right lines: 0
[8c9bbaa9-34934b66.jpg] Left lines: 0, Right lines: 0
[8c9bbaa9-34934b66.jpg] Left lines: 5, Right lines: 0
[degraded] motion_blur level_6 (300 images)
[0049e5b8-725e21a0.jpg] Left lines: 3, Right lines: 9
[0049e5b8-725e21a0.jpg] Left lines: 4, Right lines: 23
[0081e27b-17bf4a9e.jpg] Left lines: 0, Right lines: 0
[0081e27b-17bf4a9e.jpg] Left lines: 1, Right lines: 2
[00beeb02-50440dcd.jpg] Left lines: 0, Right lines: 2
[00beeb02-50440dcd.jpg] Left lines: 6, Right lines: 4
[00d4b6b7-7d0a60bf.jpg] Left lines: 1, Right lines: 0
[00d4b6b7-7d0a60bf.jpg] Left lines: 1, Right lines: 0
[01118704-2d838d7f.jpg] Left lines: 0, Right lines: 0
[01118704-2d838d7f.jpg] Left lines: 1, Right lines: 2
[0115917e-14907a6a.jpg] Left lines: 0, Right lines: 11
[0115917e-14907a6a.jpg] Left lines: 0, Right lines: 17
[02188a44-65ad27f3.jpg] Left lines: 0, Right lines: 0
[02188a44-65ad27f3.jpg] Left lines: 0, Right lines: 0
[02494b7b-079febf8.jpg] Left lines: 0, Right lines: 1
[02494b7b-079febf8.jpg] Left lines: 0, Right lines: 14
[029ffd50-dc944dba.jpg] Left lines: 0, Right lines: 0
[029ffd50-dc944dba.jpg] Left lines: 0, Right lines: 0
[0464a98b-860229d5.jpg] Left lines: 0, Right lines: 0
[0464a98b-860229d5.jpg] Left lines: 0, Right lines: 8
[051aadb7-51aad566.jpg] Left lines: 0, Right lines: 0
[051aadb7-51aad566.jpg] Left lines: 0, Right lines: 0
[051aadb7-e953bc4d.jpg] Left lines: 0, Right lines: 0
[051aadb7-e953bc4d.jpg] Left lines: 0, Right lines: 0
[05743a9b-747658e7.jpg] Left lines: 0, Right lines: 1
[05743a9b-747658e7.jpg] Left lines: 0, Right lines: 3
[057af272-6f700aef.jpg] Left lines: 0, Right lines: 1
[057af272-6f700aef.jpg] Left lines: 0, Right lines: 3
[05d62296-30c620d5.jpg] Left lines: 0, Right lines: 0
[05d62296-30c620d5.jpg] Left lines: 0, Right lines: 0
[05e5a68e-f0e05a42.jpg] Left lines: 0, Right lines: 0
[05e5a68e-f0e05a42.jpg] Left lines: 0, Right lines: 0
[05fa6494-8f436d04.jpg] Left lines: 0, Right lines: 0
[05fa6494-8f436d04.jpg] Left lines: 0, Right lines: 2
[060039d9-5218402b.jpg] Left lines: 5, Right lines: 0
[060039d9-5218402b.jpg] Left lines: 14, Right lines: 0
[064aa0d6-f75ff4d5.jpg] Left lines: 0, Right lines: 0
[064aa0d6-f75ff4d5.jpg] Left lines: 3, Right lines: 0
[07de5062-ddddcbd7.jpg] Left lines: 0, Right lines: 0
[07de5062-ddddcbd7.jpg] Left lines: 0, Right lines: 0
[088351d1-30833ddc.jpg] Left lines: 0, Right lines: 0
[088351d1-30833ddc.jpg] Left lines: 0, Right lines: 1
[08a49c01-675d3899.jpg] Left lines: 0, Right lines: 1
[08a49c01-675d3899.jpg] Left lines: 0, Right lines: 5
[08d4285a-4a25b9b6.jpg] Left lines: 0, Right lines: 0
[08d4285a-4a25b9b6.jpg] Left lines: 2, Right lines: 0
[09ac21d6-eefa8ed0.jpg] Left lines: 0, Right lines: 1
[09ac21d6-eefa8ed0.jpg] Left lines: 0, Right lines: 1
[0a0a0b1a-7c39d841.jpg] Left lines: 0, Right lines: 3
[0a0a0b1a-7c39d841.jpg] Left lines: 0, Right lines: 0
[0af6039a-f3c91319.jpg] Left lines: 0, Right lines: 0
[0af6039a-f3c91319.jpg] Left lines: 0, Right lines: 0
[0b2f5d0d-8fddc1fc.jpg] Left lines: 0, Right lines: 2
[0b2f5d0d-8fddc1fc.jpg] Left lines: 2, Right lines: 5
[0b4225f9-bfb10f88.jpg] Left lines: 0, Right lines: 0
[0b4225f9-bfb10f88.jpg] Left lines: 0, Right lines: 0
[0ba08fe3-880ae118.jpg] Left lines: 0, Right lines: 0
[0ba08fe3-880ae118.jpg] Left lines: 0, Right lines: 12
[0c2f33b9-f94d69b5.jpg] Left lines: 0, Right lines: 0
[0c2f33b9-f94d69b5.jpg] Left lines: 0, Right lines: 13
[0c984e6d-2b5d7ee4.jpg] Left lines: 0, Right lines: 0
[0c984e6d-2b5d7ee4.jpg] Left lines: 0, Right lines: 0
[0cb67a01-7cf1687e.jpg] Left lines: 1, Right lines: 0
[0cb67a01-7cf1687e.jpg] Left lines: 1, Right lines: 0
[0cc6f3e8-b4c9e348.jpg] Left lines: 0, Right lines: 0
[0cc6f3e8-b4c9e348.jpg] Left lines: 0, Right lines: 0
[0cf398b3-ce65ab64.jpg] Left lines: 0, Right lines: 0
[0cf398b3-ce65ab64.jpg] Left lines: 0, Right lines: 0
[0d3ec56a-f4cead6f.jpg] Left lines: 0, Right lines: 0
[0d3ec56a-f4cead6f.jpg] Left lines: 0, Right lines: 0
[0d61234a-542010b2.jpg] Left lines: 1, Right lines: 5
[0d61234a-542010b2.jpg] Left lines: 1, Right lines: 14
[0e442b65-b17e0b50.jpg] Left lines: 0, Right lines: 0
[0e442b65-b17e0b50.jpg] Left lines: 0, Right lines: 4
[0e5c7e92-0d9c60f0.jpg] Left lines: 0, Right lines: 0
[0e5c7e92-0d9c60f0.jpg] Left lines: 2, Right lines: 0
[0f837def-9646c091.jpg] Left lines: 0, Right lines: 2
[0f837def-9646c091.jpg] Left lines: 0, Right lines: 1
[0fba84f9-73b520ee.jpg] Left lines: 0, Right lines: 0
[0fba84f9-73b520ee.jpg] Left lines: 0, Right lines: 0
[101a0964-930eae70.jpg] Left lines: 0, Right lines: 0
[101a0964-930eae70.jpg] Left lines: 0, Right lines: 2
[10389fe8-433c740c.jpg] Left lines: 0, Right lines: 0
[10389fe8-433c740c.jpg] Left lines: 0, Right lines: 0
[10453a95-40759ac3.jpg] Left lines: 0, Right lines: 0
[10453a95-40759ac3.jpg] Left lines: 2, Right lines: 0
[1072195f-0a161ade.jpg] Left lines: 0, Right lines: 0
[1072195f-0a161ade.jpg] Left lines: 1, Right lines: 2
[1072195f-6cf88b25.jpg] Left lines: 0, Right lines: 0
[1072195f-6cf88b25.jpg] Left lines: 1, Right lines: 0
[11513e3d-150058c3.jpg] Left lines: 1, Right lines: 2
[11513e3d-150058c3.jpg] Left lines: 1, Right lines: 3
[1189ae68-1a8ad3c6.jpg] Left lines: 0, Right lines: 0
[1189ae68-1a8ad3c6.jpg] Left lines: 0, Right lines: 0
[12076ebb-c07285d7.jpg] Left lines: 0, Right lines: 4
[12076ebb-c07285d7.jpg] Left lines: 0, Right lines: 5
[125134e5-7dfc45b9.jpg] Left lines: 0, Right lines: 0
[125134e5-7dfc45b9.jpg] Left lines: 0, Right lines: 0
[12ae9ab8-794f5adc.jpg] Left lines: 0, Right lines: 0
[12ae9ab8-794f5adc.jpg] Left lines: 0, Right lines: 1
[13f61134-50021e53.jpg] Left lines: 0, Right lines: 0
[13f61134-50021e53.jpg] Left lines: 0, Right lines: 0
[14eace5a-ddf3b303.jpg] Left lines: 0, Right lines: 0
[14eace5a-ddf3b303.jpg] Left lines: 0, Right lines: 1
[1608cfe7-32da2c5d.jpg] Left lines: 0, Right lines: 0
[1608cfe7-32da2c5d.jpg] Left lines: 0, Right lines: 0
[162995f1-d2c7d259.jpg] Left lines: 0, Right lines: 0
[162995f1-d2c7d259.jpg] Left lines: 0, Right lines: 0
[16b0973f-c07b564a.jpg] Left lines: 0, Right lines: 0
[16b0973f-c07b564a.jpg] Left lines: 7, Right lines: 8
[1784d67b-6b223914.jpg] Left lines: 0, Right lines: 0
[1784d67b-6b223914.jpg] Left lines: 0, Right lines: 4
[1784d67b-d76145ce.jpg] Left lines: 0, Right lines: 0
[1784d67b-d76145ce.jpg] Left lines: 0, Right lines: 0
[188c58f3-792afc71.jpg] Left lines: 2, Right lines: 0
[188c58f3-792afc71.jpg] Left lines: 8, Right lines: 0
[193f7f3b-84bc7998.jpg] Left lines: 0, Right lines: 0
[193f7f3b-84bc7998.jpg] Left lines: 0, Right lines: 6
[194058b0-ac0616a6.jpg] Left lines: 0, Right lines: 0
[194058b0-ac0616a6.jpg] Left lines: 0, Right lines: 0
[19e56249-09c4bbc6.jpg] Left lines: 0, Right lines: 0
[19e56249-09c4bbc6.jpg] Left lines: 0, Right lines: 0
[1a71faae-d5f255fd.jpg] Left lines: 0, Right lines: 0
[1a71faae-d5f255fd.jpg] Left lines: 0, Right lines: 0
[1a8992a7-da5a8510.jpg] Left lines: 0, Right lines: 0
[1a8992a7-da5a8510.jpg] Left lines: 0, Right lines: 0
[1ac0178c-0b259360.jpg] Left lines: 0, Right lines: 0
[1ac0178c-0b259360.jpg] Left lines: 0, Right lines: 0
[1b30f76f-95aa8a06.jpg] Left lines: 0, Right lines: 0
[1b30f76f-95aa8a06.jpg] Left lines: 0, Right lines: 0
[1bda5a26-420ceea6.jpg] Left lines: 0, Right lines: 0
[1bda5a26-420ceea6.jpg] Left lines: 0, Right lines: 0
[1bf7f3d2-15f95138.jpg] Left lines: 0, Right lines: 8
[1bf7f3d2-15f95138.jpg] Left lines: 0, Right lines: 13
[1c227a12-10e5552c.jpg] Left lines: 0, Right lines: 0
[1c227a12-10e5552c.jpg] Left lines: 0, Right lines: 0
[1c227a12-ec67af93.jpg] Left lines: 0, Right lines: 0
[1c227a12-ec67af93.jpg] Left lines: 7, Right lines: 0
[1c5e9657-2e2a2863.jpg] Left lines: 0, Right lines: 0
[1c5e9657-2e2a2863.jpg] Left lines: 0, Right lines: 0
[1cb2a89b-4594573e.jpg] Left lines: 0, Right lines: 0
[1cb2a89b-4594573e.jpg] Left lines: 10, Right lines: 0
[1cf54809-c6daa5a9.jpg] Left lines: 0, Right lines: 6
[1cf54809-c6daa5a9.jpg] Left lines: 2, Right lines: 15
[1d5e05f8-5020f67d.jpg] Left lines: 0, Right lines: 0
[1d5e05f8-5020f67d.jpg] Left lines: 0, Right lines: 0
[1e57ae90-806bc767.jpg] Left lines: 9, Right lines: 0
[1e57ae90-806bc767.jpg] Left lines: 11, Right lines: 2
[1f959fdd-6ff63d34.jpg] Left lines: 0, Right lines: 0
[1f959fdd-6ff63d34.jpg] Left lines: 0, Right lines: 0
[1fa65acf-d43367bc.jpg] Left lines: 0, Right lines: 0
[1fa65acf-d43367bc.jpg] Left lines: 3, Right lines: 0
[20cfadfa-47711496.jpg] Left lines: 11, Right lines: 0
[20cfadfa-47711496.jpg] Left lines: 0, Right lines: 2
[20cfadfa-6f87fdc1.jpg] Left lines: 20, Right lines: 16
[20cfadfa-6f87fdc1.jpg] Left lines: 33, Right lines: 31
[225a1858-0e3a4b04.jpg] Left lines: 0, Right lines: 0
[225a1858-0e3a4b04.jpg] Left lines: 0, Right lines: 0
[22be2f14-59fbdca0.jpg] Left lines: 0, Right lines: 13
[22be2f14-59fbdca0.jpg] Left lines: 0, Right lines: 3
[23333f35-0cbc3f0f.jpg] Left lines: 3, Right lines: 0
[23333f35-0cbc3f0f.jpg] Left lines: 5, Right lines: 0
[23df146f-64b50e4c.jpg] Left lines: 0, Right lines: 0
[23df146f-64b50e4c.jpg] Left lines: 7, Right lines: 0
[24392d7c-998011c2.jpg] Left lines: 0, Right lines: 0
[24392d7c-998011c2.jpg] Left lines: 0, Right lines: 0
[250e7595-b14da270.jpg] Left lines: 0, Right lines: 0
[250e7595-b14da270.jpg] Left lines: 1, Right lines: 0
[26190b83-39ccb412.jpg] Left lines: 0, Right lines: 1
[26190b83-39ccb412.jpg] Left lines: 0, Right lines: 22
[272d52f6-8aac36b3.jpg] Left lines: 0, Right lines: 0
[272d52f6-8aac36b3.jpg] Left lines: 0, Right lines: 0
[2752681a-e813599a.jpg] Left lines: 0, Right lines: 0
[2752681a-e813599a.jpg] Left lines: 0, Right lines: 0
[27645526-f038b033.jpg] Left lines: 1, Right lines: 0
[27645526-f038b033.jpg] Left lines: 1, Right lines: 1
[2773af6f-23e23a6b.jpg] Left lines: 0, Right lines: 0
[2773af6f-23e23a6b.jpg] Left lines: 0, Right lines: 0
[28faf684-03ef4c6e.jpg] Left lines: 0, Right lines: 5
[28faf684-03ef4c6e.jpg] Left lines: 7, Right lines: 16
[292720ee-d847ee69.jpg] Left lines: 0, Right lines: 0
[292720ee-d847ee69.jpg] Left lines: 0, Right lines: 0
[2b54fe2d-c5b810e6.jpg] Left lines: 0, Right lines: 5
[2b54fe2d-c5b810e6.jpg] Left lines: 7, Right lines: 7
[2b605c48-8dfe352b.jpg] Left lines: 0, Right lines: 13
[2b605c48-8dfe352b.jpg] Left lines: 0, Right lines: 16
[2beccce2-354608e2.jpg] Left lines: 0, Right lines: 0
[2beccce2-354608e2.jpg] Left lines: 0, Right lines: 0
[2c87e51d-aa7a8031.jpg] Left lines: 0, Right lines: 0
[2c87e51d-aa7a8031.jpg] Left lines: 7, Right lines: 0
[2ce0b449-e818dc97.jpg] Left lines: 0, Right lines: 0
[2ce0b449-e818dc97.jpg] Left lines: 0, Right lines: 0
[2cf976a2-479cd46b.jpg] Left lines: 0, Right lines: 0
[2cf976a2-479cd46b.jpg] Left lines: 1, Right lines: 0
[2e2fae77-b7497ca0.jpg] Left lines: 0, Right lines: 0
[2e2fae77-b7497ca0.jpg] Left lines: 0, Right lines: 0
[2ead8042-2493c03f.jpg] Left lines: 0, Right lines: 0
[2ead8042-2493c03f.jpg] Left lines: 0, Right lines: 0
[2f1864c1-1a17d11c.jpg] Left lines: 0, Right lines: 0
[2f1864c1-1a17d11c.jpg] Left lines: 0, Right lines: 0
[2f879dc0-b09e4824.jpg] Left lines: 0, Right lines: 2
[2f879dc0-b09e4824.jpg] Left lines: 0, Right lines: 2
[2fc9ad1e-ee4c9e43.jpg] Left lines: 0, Right lines: 0
[2fc9ad1e-ee4c9e43.jpg] Left lines: 0, Right lines: 0
[3050b249-0ffbd6ec.jpg] Left lines: 0, Right lines: 0
[3050b249-0ffbd6ec.jpg] Left lines: 0, Right lines: 0
[314cc010-3eab5c90.jpg] Left lines: 0, Right lines: 0
[314cc010-3eab5c90.jpg] Left lines: 0, Right lines: 1
[31765c6b-90b0d612.jpg] Left lines: 0, Right lines: 0
[31765c6b-90b0d612.jpg] Left lines: 0, Right lines: 0
[31cf6eba-5c84c636.jpg] Left lines: 0, Right lines: 0
[31cf6eba-5c84c636.jpg] Left lines: 0, Right lines: 0
[32de2244-122f1783.jpg] Left lines: 1, Right lines: 0
[32de2244-122f1783.jpg] Left lines: 5, Right lines: 17
[33420085-32996107.jpg] Left lines: 0, Right lines: 0
[33420085-32996107.jpg] Left lines: 3, Right lines: 0
[3430a5e6-00ec38d2.jpg] Left lines: 0, Right lines: 0
[3430a5e6-00ec38d2.jpg] Left lines: 0, Right lines: 0
[35eb46d0-8f7e28a0.jpg] Left lines: 0, Right lines: 9
[35eb46d0-8f7e28a0.jpg] Left lines: 1, Right lines: 22
[3735fc3d-69d8b80c.jpg] Left lines: 0, Right lines: 0
[3735fc3d-69d8b80c.jpg] Left lines: 0, Right lines: 0
[3740cd4f-ff1d423d.jpg] Left lines: 0, Right lines: 0
[3740cd4f-ff1d423d.jpg] Left lines: 9, Right lines: 0
[375abba2-9f2ed56c.jpg] Left lines: 0, Right lines: 0
[375abba2-9f2ed56c.jpg] Left lines: 0, Right lines: 0
[37723e55-31730cf5.jpg] Left lines: 0, Right lines: 0
[37723e55-31730cf5.jpg] Left lines: 0, Right lines: 0
[380a3f8e-ba4f0def.jpg] Left lines: 0, Right lines: 0
[380a3f8e-ba4f0def.jpg] Left lines: 0, Right lines: 0
[385b0f61-1aee12ef.jpg] Left lines: 0, Right lines: 0
[385b0f61-1aee12ef.jpg] Left lines: 0, Right lines: 0
[3865fea7-b4fe472d.jpg] Left lines: 3, Right lines: 0
[3865fea7-b4fe472d.jpg] Left lines: 13, Right lines: 0
[38e561dd-8ea8ae2d.jpg] Left lines: 1, Right lines: 2
[38e561dd-8ea8ae2d.jpg] Left lines: 6, Right lines: 3
[38ed8d8d-93c48de2.jpg] Left lines: 1, Right lines: 0
[38ed8d8d-93c48de2.jpg] Left lines: 1, Right lines: 0
[38ed8d8d-b1c230ef.jpg] Left lines: 3, Right lines: 0
[38ed8d8d-b1c230ef.jpg] Left lines: 5, Right lines: 0
[38ed8d8d-fa50400c.jpg] Left lines: 0, Right lines: 0
[38ed8d8d-fa50400c.jpg] Left lines: 0, Right lines: 0
[3900ad8c-8834019f.jpg] Left lines: 0, Right lines: 0
[3900ad8c-8834019f.jpg] Left lines: 0, Right lines: 0
[39ddb110-04604b9c.jpg] Left lines: 0, Right lines: 0
[39ddb110-04604b9c.jpg] Left lines: 0, Right lines: 2
[39fc6d1c-6155351d.jpg] Left lines: 0, Right lines: 0
[39fc6d1c-6155351d.jpg] Left lines: 0, Right lines: 0
[3a278d39-b92df256.jpg] Left lines: 1, Right lines: 2
[3a278d39-b92df256.jpg] Left lines: 0, Right lines: 1
[3a3407a2-df8ea956.jpg] Left lines: 0, Right lines: 0
[3a3407a2-df8ea956.jpg] Left lines: 0, Right lines: 0
[3ad0c4a7-2a3d544e.jpg] Left lines: 0, Right lines: 0
[3ad0c4a7-2a3d544e.jpg] Left lines: 1, Right lines: 0
[3b1e1bc1-ee64e36e.jpg] Left lines: 0, Right lines: 0
[3b1e1bc1-ee64e36e.jpg] Left lines: 0, Right lines: 1
[3b44ef5a-c09e8479.jpg] Left lines: 0, Right lines: 1
[3b44ef5a-c09e8479.jpg] Left lines: 0, Right lines: 0
[3b563c5e-0102edaf.jpg] Left lines: 0, Right lines: 0
[3b563c5e-0102edaf.jpg] Left lines: 0, Right lines: 6
[3b9716a6-d2566395.jpg] Left lines: 0, Right lines: 0
[3b9716a6-d2566395.jpg] Left lines: 0, Right lines: 0
[3c0bbdc2-79baffce.jpg] Left lines: 0, Right lines: 0
[3c0bbdc2-79baffce.jpg] Left lines: 0, Right lines: 5
[3c5752b6-9c0bdf98.jpg] Left lines: 0, Right lines: 0
[3c5752b6-9c0bdf98.jpg] Left lines: 0, Right lines: 1
[3c95ae26-68abac3f.jpg] Left lines: 0, Right lines: 2
[3c95ae26-68abac3f.jpg] Left lines: 2, Right lines: 9
[3e0f1745-a95a63ad.jpg] Left lines: 0, Right lines: 0
[3e0f1745-a95a63ad.jpg] Left lines: 0, Right lines: 23
[3f4eb6a6-9eee52f9.jpg] Left lines: 0, Right lines: 0
[3f4eb6a6-9eee52f9.jpg] Left lines: 0, Right lines: 0
[3f85a987-1ef4053b.jpg] Left lines: 0, Right lines: 0
[3f85a987-1ef4053b.jpg] Left lines: 0, Right lines: 0
[3fe1feaa-10126fec.jpg] Left lines: 0, Right lines: 0
[3fe1feaa-10126fec.jpg] Left lines: 0, Right lines: 0
[3ffdaa26-b394f6f8.jpg] Left lines: 0, Right lines: 6
[3ffdaa26-b394f6f8.jpg] Left lines: 2, Right lines: 26
[4027c10d-41d54e9b.jpg] Left lines: 0, Right lines: 0
[4027c10d-41d54e9b.jpg] Left lines: 0, Right lines: 2
[428e99ea-4166e549.jpg] Left lines: 9, Right lines: 0
[428e99ea-4166e549.jpg] Left lines: 12, Right lines: 1
[42e0dd11-74b81997.jpg] Left lines: 0, Right lines: 0
[42e0dd11-74b81997.jpg] Left lines: 6, Right lines: 0
[430395d1-931c959e.jpg] Left lines: 0, Right lines: 0
[430395d1-931c959e.jpg] Left lines: 0, Right lines: 0
[43126e0d-495d04a5.jpg] Left lines: 0, Right lines: 0
[43126e0d-495d04a5.jpg] Left lines: 8, Right lines: 0
[43126e0d-cce96832.jpg] Left lines: 0, Right lines: 0
[43126e0d-cce96832.jpg] Left lines: 2, Right lines: 0
[432f9e20-83a0d96c.jpg] Left lines: 0, Right lines: 0
[432f9e20-83a0d96c.jpg] Left lines: 0, Right lines: 0
[43c7ed5c-b0690325.jpg] Left lines: 0, Right lines: 7
[43c7ed5c-b0690325.jpg] Left lines: 0, Right lines: 17
[44cc16d9-d2e06fd6.jpg] Left lines: 0, Right lines: 0
[44cc16d9-d2e06fd6.jpg] Left lines: 0, Right lines: 0
[45bafa98-1ee18a2f.jpg] Left lines: 0, Right lines: 0
[45bafa98-1ee18a2f.jpg] Left lines: 0, Right lines: 6
[46d048a1-8f7f385c.jpg] Left lines: 0, Right lines: 0
[46d048a1-8f7f385c.jpg] Left lines: 0, Right lines: 0
[46f76df9-8bf77914.jpg] Left lines: 0, Right lines: 0
[46f76df9-8bf77914.jpg] Left lines: 11, Right lines: 0
[480263a0-5aad7ae9.jpg] Left lines: 0, Right lines: 12
[480263a0-5aad7ae9.jpg] Left lines: 0, Right lines: 0
[488480d6-b94cf415.jpg] Left lines: 1, Right lines: 0
[488480d6-b94cf415.jpg] Left lines: 0, Right lines: 25
[48ed707e-5062e4c3.jpg] Left lines: 0, Right lines: 0
[48ed707e-5062e4c3.jpg] Left lines: 0, Right lines: 0
[4a289ff2-7da7feb6.jpg] Left lines: 0, Right lines: 0
[4a289ff2-7da7feb6.jpg] Left lines: 0, Right lines: 0
[4a31f3e3-ac7ed780.jpg] Left lines: 0, Right lines: 0
[4a31f3e3-ac7ed780.jpg] Left lines: 0, Right lines: 0
[4b2e1dde-65b54419.jpg] Left lines: 0, Right lines: 0
[4b2e1dde-65b54419.jpg] Left lines: 0, Right lines: 0
[4d4a590b-4332c5ab.jpg] Left lines: 0, Right lines: 0
[4d4a590b-4332c5ab.jpg] Left lines: 0, Right lines: 0
[5069db50-52f5af30.jpg] Left lines: 0, Right lines: 0
[5069db50-52f5af30.jpg] Left lines: 0, Right lines: 1
[50866f46-30d1f303.jpg] Left lines: 0, Right lines: 0
[50866f46-30d1f303.jpg] Left lines: 0, Right lines: 0
[50b115d6-4b08a666.jpg] Left lines: 0, Right lines: 1
[50b115d6-4b08a666.jpg] Left lines: 3, Right lines: 0
[50b2e757-6c7d0f63.jpg] Left lines: 0, Right lines: 0
[50b2e757-6c7d0f63.jpg] Left lines: 0, Right lines: 0
[50d0fd05-8db58ebd.jpg] Left lines: 0, Right lines: 0
[50d0fd05-8db58ebd.jpg] Left lines: 0, Right lines: 0
[510671e9-603795e0.jpg] Left lines: 0, Right lines: 0
[510671e9-603795e0.jpg] Left lines: 3, Right lines: 0
[514a6d58-0790e0cd.jpg] Left lines: 0, Right lines: 0
[514a6d58-0790e0cd.jpg] Left lines: 0, Right lines: 0
[5150bb50-300d52ce.jpg] Left lines: 0, Right lines: 1
[5150bb50-300d52ce.jpg] Left lines: 4, Right lines: 15
[52799e9e-8c8673f3.jpg] Left lines: 2, Right lines: 7
[52799e9e-8c8673f3.jpg] Left lines: 9, Right lines: 8
[52bda346-fd8ac6e7.jpg] Left lines: 0, Right lines: 0
[52bda346-fd8ac6e7.jpg] Left lines: 0, Right lines: 0
[534418ba-ee05398f.jpg] Left lines: 0, Right lines: 0
[534418ba-ee05398f.jpg] Left lines: 0, Right lines: 0
[54360b72-e00a3f70.jpg] Left lines: 0, Right lines: 1
[54360b72-e00a3f70.jpg] Left lines: 0, Right lines: 0
[554d7cd5-a32486dd.jpg] Left lines: 0, Right lines: 1
[554d7cd5-a32486dd.jpg] Left lines: 0, Right lines: 20
[559fed19-7893646f.jpg] Left lines: 0, Right lines: 0
[559fed19-7893646f.jpg] Left lines: 0, Right lines: 0
[57165857-e4d4a47f.jpg] Left lines: 0, Right lines: 0
[57165857-e4d4a47f.jpg] Left lines: 0, Right lines: 0
[5795bfe7-a599384a.jpg] Left lines: 0, Right lines: 0
[5795bfe7-a599384a.jpg] Left lines: 0, Right lines: 0
[57ac74e2-e86131f1.jpg] Left lines: 0, Right lines: 0
[57ac74e2-e86131f1.jpg] Left lines: 0, Right lines: 0
[57b495f2-6da6b1e5.jpg] Left lines: 0, Right lines: 0
[57b495f2-6da6b1e5.jpg] Left lines: 0, Right lines: 0
[585443c8-2621a6b1.jpg] Left lines: 2, Right lines: 0
[585443c8-2621a6b1.jpg] Left lines: 3, Right lines: 10
[5877b384-2545daf4.jpg] Left lines: 0, Right lines: 0
[5877b384-2545daf4.jpg] Left lines: 9, Right lines: 0
[587bb1bf-1aa00fe5.jpg] Left lines: 0, Right lines: 1
[587bb1bf-1aa00fe5.jpg] Left lines: 0, Right lines: 0
[5995c288-2d152172.jpg] Left lines: 0, Right lines: 0
[5995c288-2d152172.jpg] Left lines: 0, Right lines: 0
[59cde7c7-344bffb1.jpg] Left lines: 0, Right lines: 0
[59cde7c7-344bffb1.jpg] Left lines: 0, Right lines: 0
[5a8f9b5d-1fdfd2d4.jpg] Left lines: 0, Right lines: 2
[5a8f9b5d-1fdfd2d4.jpg] Left lines: 1, Right lines: 2
[5ae83f9c-da990b49.jpg] Left lines: 0, Right lines: 3
[5ae83f9c-da990b49.jpg] Left lines: 0, Right lines: 19
[5b2b4881-67a6cb87.jpg] Left lines: 0, Right lines: 0
[5b2b4881-67a6cb87.jpg] Left lines: 0, Right lines: 0
[5b2fd56a-37759b05.jpg] Left lines: 0, Right lines: 0
[5b2fd56a-37759b05.jpg] Left lines: 0, Right lines: 2
[5b4b0b07-2fb56b82.jpg] Left lines: 0, Right lines: 0
[5b4b0b07-2fb56b82.jpg] Left lines: 0, Right lines: 0
[5bc44a50-c371c4d0.jpg] Left lines: 2, Right lines: 0
[5bc44a50-c371c4d0.jpg] Left lines: 10, Right lines: 0
[5c4004b7-bf3b7941.jpg] Left lines: 0, Right lines: 0
[5c4004b7-bf3b7941.jpg] Left lines: 0, Right lines: 0
[5c534f5f-a76c7f4b.jpg] Left lines: 0, Right lines: 0
[5c534f5f-a76c7f4b.jpg] Left lines: 0, Right lines: 0
[5c5dc708-35460444.jpg] Left lines: 0, Right lines: 0
[5c5dc708-35460444.jpg] Left lines: 0, Right lines: 0
[5da6c6b6-76c54605.jpg] Left lines: 0, Right lines: 0
[5da6c6b6-76c54605.jpg] Left lines: 0, Right lines: 0
[5dc5141c-5890b5b1.jpg] Left lines: 0, Right lines: 0
[5dc5141c-5890b5b1.jpg] Left lines: 0, Right lines: 0
[5dd831da-bd00cf03.jpg] Left lines: 0, Right lines: 0
[5dd831da-bd00cf03.jpg] Left lines: 0, Right lines: 0
[5dfb063f-7bd23d5c.jpg] Left lines: 0, Right lines: 0
[5dfb063f-7bd23d5c.jpg] Left lines: 13, Right lines: 0
[5e0b701e-d443d8c2.jpg] Left lines: 0, Right lines: 3
[5e0b701e-d443d8c2.jpg] Left lines: 0, Right lines: 0
[5e26f49d-0bc53c7e.jpg] Left lines: 0, Right lines: 0
[5e26f49d-0bc53c7e.jpg] Left lines: 0, Right lines: 0
[5e26f49d-9271bf00.jpg] Left lines: 0, Right lines: 0
[5e26f49d-9271bf00.jpg] Left lines: 0, Right lines: 0
[5e625ec3-7b4fc682.jpg] Left lines: 0, Right lines: 0
[5e625ec3-7b4fc682.jpg] Left lines: 0, Right lines: 8
[5f9387ff-330136ae.jpg] Left lines: 0, Right lines: 0
[5f9387ff-330136ae.jpg] Left lines: 0, Right lines: 0
[5fa17a25-88b8e6b9.jpg] Left lines: 0, Right lines: 1
[5fa17a25-88b8e6b9.jpg] Left lines: 0, Right lines: 4
[5fa422e1-2d8dd765.jpg] Left lines: 0, Right lines: 0
[5fa422e1-2d8dd765.jpg] Left lines: 0, Right lines: 0
[5fb2a702-f56a339c.jpg] Left lines: 5, Right lines: 2
[5fb2a702-f56a339c.jpg] Left lines: 16, Right lines: 5
[6011831b-0992e205.jpg] Left lines: 4, Right lines: 0
[6011831b-0992e205.jpg] Left lines: 4, Right lines: 0
[60137cc0-428b8f5b.jpg] Left lines: 0, Right lines: 0
[60137cc0-428b8f5b.jpg] Left lines: 0, Right lines: 0
[604b5b3e-3c2e6b6b.jpg] Left lines: 0, Right lines: 0
[604b5b3e-3c2e6b6b.jpg] Left lines: 0, Right lines: 0
[6092f5a2-424550ba.jpg] Left lines: 3, Right lines: 0
[6092f5a2-424550ba.jpg] Left lines: 4, Right lines: 0
[60ba25dd-6c0df417.jpg] Left lines: 0, Right lines: 0
[60ba25dd-6c0df417.jpg] Left lines: 0, Right lines: 0
[60c678e7-4813ae0f.jpg] Left lines: 4, Right lines: 0
[60c678e7-4813ae0f.jpg] Left lines: 7, Right lines: 0
[614ecada-16b0f8b6.jpg] Left lines: 3, Right lines: 0
[614ecada-16b0f8b6.jpg] Left lines: 13, Right lines: 0
[61e4ad87-53ceb455.jpg] Left lines: 0, Right lines: 0
[61e4ad87-53ceb455.jpg] Left lines: 1, Right lines: 0
[6240d7b3-b51b5788.jpg] Left lines: 0, Right lines: 0
[6240d7b3-b51b5788.jpg] Left lines: 4, Right lines: 0
[62aefb36-b685117f.jpg] Left lines: 0, Right lines: 3
[62aefb36-b685117f.jpg] Left lines: 0, Right lines: 8
[634c1785-3bb9a8a2.jpg] Left lines: 0, Right lines: 0
[634c1785-3bb9a8a2.jpg] Left lines: 0, Right lines: 0
[634c1785-aeb1652f.jpg] Left lines: 0, Right lines: 12
[634c1785-aeb1652f.jpg] Left lines: 1, Right lines: 18
[63f73472-028615f1.jpg] Left lines: 0, Right lines: 0
[63f73472-028615f1.jpg] Left lines: 1, Right lines: 0
[6485ad0a-245d1600.jpg] Left lines: 0, Right lines: 0
[6485ad0a-245d1600.jpg] Left lines: 0, Right lines: 5
[648dc925-e359dbec.jpg] Left lines: 15, Right lines: 0
[648dc925-e359dbec.jpg] Left lines: 19, Right lines: 0
[65edc5a1-f309fed7.jpg] Left lines: 0, Right lines: 0
[65edc5a1-f309fed7.jpg] Left lines: 0, Right lines: 8
[661381d9-1114a810.jpg] Left lines: 0, Right lines: 0
[661381d9-1114a810.jpg] Left lines: 0, Right lines: 0
[664cb246-f84cfaf4.jpg] Left lines: 0, Right lines: 0
[664cb246-f84cfaf4.jpg] Left lines: 0, Right lines: 1
[675cf8fa-4b1ce8b9.jpg] Left lines: 0, Right lines: 0
[675cf8fa-4b1ce8b9.jpg] Left lines: 2, Right lines: 5
[67faeadf-eb09a636.jpg] Left lines: 0, Right lines: 0
[67faeadf-eb09a636.jpg] Left lines: 0, Right lines: 0
[691be377-5dbc29ee.jpg] Left lines: 0, Right lines: 0
[691be377-5dbc29ee.jpg] Left lines: 1, Right lines: 2
[692f1303-05178963.jpg] Left lines: 0, Right lines: 0
[692f1303-05178963.jpg] Left lines: 0, Right lines: 0
[692f9b08-bdbbd729.jpg] Left lines: 0, Right lines: 10
[692f9b08-bdbbd729.jpg] Left lines: 0, Right lines: 11
[69bfbe31-5ee2a642.jpg] Left lines: 0, Right lines: 0
[69bfbe31-5ee2a642.jpg] Left lines: 8, Right lines: 0
[69cf7667-68f59649.jpg] Left lines: 0, Right lines: 14
[69cf7667-68f59649.jpg] Left lines: 2, Right lines: 7
[69cf7667-7eb40860.jpg] Left lines: 0, Right lines: 0
[69cf7667-7eb40860.jpg] Left lines: 0, Right lines: 0
[6a44fb9a-05a3dd18.jpg] Left lines: 18, Right lines: 10
[6a44fb9a-05a3dd18.jpg] Left lines: 34, Right lines: 16
[6a793e80-4f5e207f.jpg] Left lines: 1, Right lines: 0
[6a793e80-4f5e207f.jpg] Left lines: 0, Right lines: 0
[6a82c0d6-b31f6b90.jpg] Left lines: 0, Right lines: 0
[6a82c0d6-b31f6b90.jpg] Left lines: 0, Right lines: 0
[6a8d218d-14e4fa28.jpg] Left lines: 0, Right lines: 0
[6a8d218d-14e4fa28.jpg] Left lines: 0, Right lines: 0
[6ad110c3-789e7724.jpg] Left lines: 0, Right lines: 0
[6ad110c3-789e7724.jpg] Left lines: 0, Right lines: 0
[6b15392a-3a1699fd.jpg] Left lines: 0, Right lines: 5
[6b15392a-3a1699fd.jpg] Left lines: 0, Right lines: 15
[6b784eee-0a5a2c89.jpg] Left lines: 0, Right lines: 0
[6b784eee-0a5a2c89.jpg] Left lines: 0, Right lines: 0
[6bb5a881-15e5c2c4.jpg] Left lines: 0, Right lines: 0
[6bb5a881-15e5c2c4.jpg] Left lines: 0, Right lines: 0
[6bd41587-d65ba5b4.jpg] Left lines: 0, Right lines: 0
[6bd41587-d65ba5b4.jpg] Left lines: 0, Right lines: 0
[6d0d7bef-fb11b6e1.jpg] Left lines: 0, Right lines: 0
[6d0d7bef-fb11b6e1.jpg] Left lines: 0, Right lines: 0
[6d57736c-a35808b9.jpg] Left lines: 0, Right lines: 5
[6d57736c-a35808b9.jpg] Left lines: 15, Right lines: 4
[6d8a6d94-00a7ad92.jpg] Left lines: 0, Right lines: 0
[6d8a6d94-00a7ad92.jpg] Left lines: 0, Right lines: 0
[6eeed3fa-87a1b0c9.jpg] Left lines: 6, Right lines: 0
[6eeed3fa-87a1b0c9.jpg] Left lines: 6, Right lines: 0
[701992bd-8a457895.jpg] Left lines: 3, Right lines: 0
[701992bd-8a457895.jpg] Left lines: 20, Right lines: 16
[7171644d-4e74752e.jpg] Left lines: 0, Right lines: 0
[7171644d-4e74752e.jpg] Left lines: 0, Right lines: 11
[7171644d-ee92c71e.jpg] Left lines: 0, Right lines: 0
[7171644d-ee92c71e.jpg] Left lines: 0, Right lines: 4
[72f22fa5-8af4615c.jpg] Left lines: 0, Right lines: 0
[72f22fa5-8af4615c.jpg] Left lines: 0, Right lines: 0
[72fd00fe-aeadfc89.jpg] Left lines: 0, Right lines: 0
[72fd00fe-aeadfc89.jpg] Left lines: 2, Right lines: 0
[730c67a5-563e9b1f.jpg] Left lines: 0, Right lines: 0
[730c67a5-563e9b1f.jpg] Left lines: 0, Right lines: 0
[738a2bcd-7a6fde0d.jpg] Left lines: 0, Right lines: 0
[738a2bcd-7a6fde0d.jpg] Left lines: 0, Right lines: 0
[73aff960-d46366ec.jpg] Left lines: 0, Right lines: 0
[73aff960-d46366ec.jpg] Left lines: 0, Right lines: 0
[73d338d6-edf0b3db.jpg] Left lines: 0, Right lines: 0
[73d338d6-edf0b3db.jpg] Left lines: 0, Right lines: 1
[75ad1fff-77299093.jpg] Left lines: 0, Right lines: 0
[75ad1fff-77299093.jpg] Left lines: 0, Right lines: 0
[75f5f52c-6b67e736.jpg] Left lines: 0, Right lines: 0
[75f5f52c-6b67e736.jpg] Left lines: 0, Right lines: 0
[777005a8-14c739ad.jpg] Left lines: 0, Right lines: 0
[777005a8-14c739ad.jpg] Left lines: 0, Right lines: 0
[7771e03b-832e52c0.jpg] Left lines: 0, Right lines: 0
[7771e03b-832e52c0.jpg] Left lines: 0, Right lines: 0
[7771e03b-a8f9d50c.jpg] Left lines: 0, Right lines: 2
[7771e03b-a8f9d50c.jpg] Left lines: 5, Right lines: 10
[7797fea2-c37f9856.jpg] Left lines: 0, Right lines: 0
[7797fea2-c37f9856.jpg] Left lines: 0, Right lines: 0
[77bdbeb0-edb0613f.jpg] Left lines: 0, Right lines: 4
[77bdbeb0-edb0613f.jpg] Left lines: 2, Right lines: 7
[77dca577-16a39ea0.jpg] Left lines: 0, Right lines: 0
[77dca577-16a39ea0.jpg] Left lines: 14, Right lines: 0
[77f810c4-43a39c1f.jpg] Left lines: 0, Right lines: 0
[77f810c4-43a39c1f.jpg] Left lines: 0, Right lines: 0
[7814206e-8e991d51.jpg] Left lines: 0, Right lines: 2
[7814206e-8e991d51.jpg] Left lines: 0, Right lines: 7
[7814206e-ea2508d0.jpg] Left lines: 0, Right lines: 10
[7814206e-ea2508d0.jpg] Left lines: 0, Right lines: 13
[79e177bc-4d5d3acc.jpg] Left lines: 0, Right lines: 2
[79e177bc-4d5d3acc.jpg] Left lines: 0, Right lines: 2
[7aa4ff0f-9d28d8a4.jpg] Left lines: 0, Right lines: 0
[7aa4ff0f-9d28d8a4.jpg] Left lines: 0, Right lines: 0
[7ad1174c-373265eb.jpg] Left lines: 0, Right lines: 0
[7ad1174c-373265eb.jpg] Left lines: 0, Right lines: 0
[7b268b98-e0ec16c3.jpg] Left lines: 0, Right lines: 6
[7b268b98-e0ec16c3.jpg] Left lines: 0, Right lines: 13
[7c5a2048-332896ea.jpg] Left lines: 0, Right lines: 0
[7c5a2048-332896ea.jpg] Left lines: 0, Right lines: 0
[7c5d50c5-7292de37.jpg] Left lines: 0, Right lines: 0
[7c5d50c5-7292de37.jpg] Left lines: 10, Right lines: 1
[7d1fe115-936a2f47.jpg] Left lines: 0, Right lines: 11
[7d1fe115-936a2f47.jpg] Left lines: 11, Right lines: 12
[7dc2914d-a20a969a.jpg] Left lines: 0, Right lines: 2
[7dc2914d-a20a969a.jpg] Left lines: 0, Right lines: 3
[7e4ab78b-4a62c63e.jpg] Left lines: 0, Right lines: 0
[7e4ab78b-4a62c63e.jpg] Left lines: 1, Right lines: 0
[7e590c49-93f03732.jpg] Left lines: 0, Right lines: 0
[7e590c49-93f03732.jpg] Left lines: 0, Right lines: 0
[7ed57d0a-d7bcc13d.jpg] Left lines: 0, Right lines: 1
[7ed57d0a-d7bcc13d.jpg] Left lines: 0, Right lines: 0
[7f0ef682-c93899df.jpg] Left lines: 0, Right lines: 0
[7f0ef682-c93899df.jpg] Left lines: 0, Right lines: 1
[7f4ac354-777de900.jpg] Left lines: 0, Right lines: 0
[7f4ac354-777de900.jpg] Left lines: 0, Right lines: 0
[7f9bdf0d-c0e0061f.jpg] Left lines: 0, Right lines: 0
[7f9bdf0d-c0e0061f.jpg] Left lines: 5, Right lines: 1
[7fd14da9-a855494b.jpg] Left lines: 4, Right lines: 0
[7fd14da9-a855494b.jpg] Left lines: 2, Right lines: 0
[801bff84-a72998c7.jpg] Left lines: 0, Right lines: 0
[801bff84-a72998c7.jpg] Left lines: 0, Right lines: 0
[8073de38-f7eab6ec.jpg] Left lines: 0, Right lines: 0
[8073de38-f7eab6ec.jpg] Left lines: 1, Right lines: 1
[8082ea05-1a7bcd47.jpg] Left lines: 0, Right lines: 0
[8082ea05-1a7bcd47.jpg] Left lines: 8, Right lines: 25
[80ecebc0-ca9605f4.jpg] Left lines: 0, Right lines: 0
[80ecebc0-ca9605f4.jpg] Left lines: 0, Right lines: 0
[81ec3b39-1951f79e.jpg] Left lines: 0, Right lines: 0
[81ec3b39-1951f79e.jpg] Left lines: 1, Right lines: 0
[82b14c0c-79b99258.jpg] Left lines: 0, Right lines: 3
[82b14c0c-79b99258.jpg] Left lines: 0, Right lines: 11
[82b5fc3b-90cadd1b.jpg] Left lines: 0, Right lines: 0
[82b5fc3b-90cadd1b.jpg] Left lines: 0, Right lines: 0
[82f03471-8e304dd5.jpg] Left lines: 1, Right lines: 0
[82f03471-8e304dd5.jpg] Left lines: 2, Right lines: 0
[836fa13a-d6058a12.jpg] Left lines: 0, Right lines: 0
[836fa13a-d6058a12.jpg] Left lines: 1, Right lines: 1
[84fb3f59-7d5d1fa4.jpg] Left lines: 2, Right lines: 0
[84fb3f59-7d5d1fa4.jpg] Left lines: 0, Right lines: 0
[8542b4da-7795bcfd.jpg] Left lines: 0, Right lines: 0
[8542b4da-7795bcfd.jpg] Left lines: 2, Right lines: 2
[85f3f250-1fef85ac.jpg] Left lines: 0, Right lines: 0
[85f3f250-1fef85ac.jpg] Left lines: 0, Right lines: 0
[87ca2979-d5158824.jpg] Left lines: 0, Right lines: 0
[87ca2979-d5158824.jpg] Left lines: 0, Right lines: 7
[889b7dda-77f16103.jpg] Left lines: 0, Right lines: 0
[889b7dda-77f16103.jpg] Left lines: 0, Right lines: 5
[88dbf01a-d8b35dee.jpg] Left lines: 0, Right lines: 0
[88dbf01a-d8b35dee.jpg] Left lines: 4, Right lines: 0
[897223bc-6938f1ab.jpg] Left lines: 0, Right lines: 0
[897223bc-6938f1ab.jpg] Left lines: 0, Right lines: 0
[89b7454d-880eacbd.jpg] Left lines: 0, Right lines: 0
[89b7454d-880eacbd.jpg] Left lines: 0, Right lines: 0
[89e85e71-7dd0a7b6.jpg] Left lines: 5, Right lines: 19
[89e85e71-7dd0a7b6.jpg] Left lines: 6, Right lines: 33
[8a4fbffe-47866ce9.jpg] Left lines: 0, Right lines: 0
[8a4fbffe-47866ce9.jpg] Left lines: 0, Right lines: 0
[8a76c101-8bcefc32.jpg] Left lines: 0, Right lines: 0
[8a76c101-8bcefc32.jpg] Left lines: 0, Right lines: 0
[8b7ef6c4-6bbcf25f.jpg] Left lines: 0, Right lines: 0
[8b7ef6c4-6bbcf25f.jpg] Left lines: 4, Right lines: 0
[8bac644e-e0437ead.jpg] Left lines: 0, Right lines: 0
[8bac644e-e0437ead.jpg] Left lines: 0, Right lines: 0
[8c94c649-8ba62efa.jpg] Left lines: 4, Right lines: 0
[8c94c649-8ba62efa.jpg] Left lines: 1, Right lines: 0
[8c9bbaa9-34934b66.jpg] Left lines: 0, Right lines: 0
[8c9bbaa9-34934b66.jpg] Left lines: 1, Right lines: 0
[degraded] motion_blur level_7 (300 images)
[0049e5b8-725e21a0.jpg] Left lines: 0, Right lines: 0
[0049e5b8-725e21a0.jpg] Left lines: 1, Right lines: 4
[0081e27b-17bf4a9e.jpg] Left lines: 0, Right lines: 0
[0081e27b-17bf4a9e.jpg] Left lines: 0, Right lines: 2
[00beeb02-50440dcd.jpg] Left lines: 0, Right lines: 0
[00beeb02-50440dcd.jpg] Left lines: 3, Right lines: 4
[00d4b6b7-7d0a60bf.jpg] Left lines: 0, Right lines: 0
[00d4b6b7-7d0a60bf.jpg] Left lines: 0, Right lines: 0
[01118704-2d838d7f.jpg] Left lines: 0, Right lines: 0
[01118704-2d838d7f.jpg] Left lines: 0, Right lines: 0
[0115917e-14907a6a.jpg] Left lines: 0, Right lines: 11
[0115917e-14907a6a.jpg] Left lines: 0, Right lines: 18
[02188a44-65ad27f3.jpg] Left lines: 0, Right lines: 0
[02188a44-65ad27f3.jpg] Left lines: 0, Right lines: 0
[02494b7b-079febf8.jpg] Left lines: 0, Right lines: 0
[02494b7b-079febf8.jpg] Left lines: 0, Right lines: 6
[029ffd50-dc944dba.jpg] Left lines: 0, Right lines: 0
[029ffd50-dc944dba.jpg] Left lines: 0, Right lines: 0
[0464a98b-860229d5.jpg] Left lines: 0, Right lines: 0
[0464a98b-860229d5.jpg] Left lines: 0, Right lines: 0
[051aadb7-51aad566.jpg] Left lines: 0, Right lines: 0
[051aadb7-51aad566.jpg] Left lines: 0, Right lines: 0
[051aadb7-e953bc4d.jpg] Left lines: 0, Right lines: 0
[051aadb7-e953bc4d.jpg] Left lines: 0, Right lines: 0
[05743a9b-747658e7.jpg] Left lines: 0, Right lines: 1
[05743a9b-747658e7.jpg] Left lines: 0, Right lines: 0
[057af272-6f700aef.jpg] Left lines: 0, Right lines: 0
[057af272-6f700aef.jpg] Left lines: 0, Right lines: 2
[05d62296-30c620d5.jpg] Left lines: 0, Right lines: 0
[05d62296-30c620d5.jpg] Left lines: 0, Right lines: 0
[05e5a68e-f0e05a42.jpg] Left lines: 0, Right lines: 0
[05e5a68e-f0e05a42.jpg] Left lines: 0, Right lines: 0
[05fa6494-8f436d04.jpg] Left lines: 0, Right lines: 0
[05fa6494-8f436d04.jpg] Left lines: 0, Right lines: 1
[060039d9-5218402b.jpg] Left lines: 4, Right lines: 0
[060039d9-5218402b.jpg] Left lines: 6, Right lines: 0
[064aa0d6-f75ff4d5.jpg] Left lines: 0, Right lines: 0
[064aa0d6-f75ff4d5.jpg] Left lines: 1, Right lines: 0
[07de5062-ddddcbd7.jpg] Left lines: 0, Right lines: 0
[07de5062-ddddcbd7.jpg] Left lines: 0, Right lines: 0
[088351d1-30833ddc.jpg] Left lines: 0, Right lines: 0
[088351d1-30833ddc.jpg] Left lines: 0, Right lines: 1
[08a49c01-675d3899.jpg] Left lines: 0, Right lines: 0
[08a49c01-675d3899.jpg] Left lines: 0, Right lines: 4
[08d4285a-4a25b9b6.jpg] Left lines: 0, Right lines: 0
[08d4285a-4a25b9b6.jpg] Left lines: 0, Right lines: 0
[09ac21d6-eefa8ed0.jpg] Left lines: 0, Right lines: 0
[09ac21d6-eefa8ed0.jpg] Left lines: 0, Right lines: 2
[0a0a0b1a-7c39d841.jpg] Left lines: 0, Right lines: 0
[0a0a0b1a-7c39d841.jpg] Left lines: 0, Right lines: 12
[0af6039a-f3c91319.jpg] Left lines: 0, Right lines: 0
[0af6039a-f3c91319.jpg] Left lines: 0, Right lines: 0
[0b2f5d0d-8fddc1fc.jpg] Left lines: 0, Right lines: 0
[0b2f5d0d-8fddc1fc.jpg] Left lines: 0, Right lines: 1
[0b4225f9-bfb10f88.jpg] Left lines: 0, Right lines: 0
[0b4225f9-bfb10f88.jpg] Left lines: 0, Right lines: 0
[0ba08fe3-880ae118.jpg] Left lines: 0, Right lines: 0
[0ba08fe3-880ae118.jpg] Left lines: 0, Right lines: 7
[0c2f33b9-f94d69b5.jpg] Left lines: 0, Right lines: 0
[0c2f33b9-f94d69b5.jpg] Left lines: 0, Right lines: 5
[0c984e6d-2b5d7ee4.jpg] Left lines: 0, Right lines: 0
[0c984e6d-2b5d7ee4.jpg] Left lines: 0, Right lines: 0
[0cb67a01-7cf1687e.jpg] Left lines: 1, Right lines: 0
[0cb67a01-7cf1687e.jpg] Left lines: 0, Right lines: 0
[0cc6f3e8-b4c9e348.jpg] Left lines: 0, Right lines: 0
[0cc6f3e8-b4c9e348.jpg] Left lines: 0, Right lines: 0
[0cf398b3-ce65ab64.jpg] Left lines: 0, Right lines: 0
[0cf398b3-ce65ab64.jpg] Left lines: 0, Right lines: 0
[0d3ec56a-f4cead6f.jpg] Left lines: 0, Right lines: 0
[0d3ec56a-f4cead6f.jpg] Left lines: 0, Right lines: 0
[0d61234a-542010b2.jpg] Left lines: 0, Right lines: 5
[0d61234a-542010b2.jpg] Left lines: 1, Right lines: 9
[0e442b65-b17e0b50.jpg] Left lines: 0, Right lines: 0
[0e442b65-b17e0b50.jpg] Left lines: 0, Right lines: 10
[0e5c7e92-0d9c60f0.jpg] Left lines: 0, Right lines: 0
[0e5c7e92-0d9c60f0.jpg] Left lines: 0, Right lines: 0
[0f837def-9646c091.jpg] Left lines: 0, Right lines: 1
[0f837def-9646c091.jpg] Left lines: 0, Right lines: 3
[0fba84f9-73b520ee.jpg] Left lines: 0, Right lines: 0
[0fba84f9-73b520ee.jpg] Left lines: 0, Right lines: 0
[101a0964-930eae70.jpg] Left lines: 0, Right lines: 0
[101a0964-930eae70.jpg] Left lines: 0, Right lines: 0
[10389fe8-433c740c.jpg] Left lines: 0, Right lines: 0
[10389fe8-433c740c.jpg] Left lines: 0, Right lines: 0
[10453a95-40759ac3.jpg] Left lines: 0, Right lines: 0
[10453a95-40759ac3.jpg] Left lines: 0, Right lines: 0
[1072195f-0a161ade.jpg] Left lines: 0, Right lines: 0
[1072195f-0a161ade.jpg] Left lines: 0, Right lines: 0
[1072195f-6cf88b25.jpg] Left lines: 0, Right lines: 0
[1072195f-6cf88b25.jpg] Left lines: 3, Right lines: 0
[11513e3d-150058c3.jpg] Left lines: 1, Right lines: 0
[11513e3d-150058c3.jpg] Left lines: 1, Right lines: 2
[1189ae68-1a8ad3c6.jpg] Left lines: 0, Right lines: 0
[1189ae68-1a8ad3c6.jpg] Left lines: 0, Right lines: 0
[12076ebb-c07285d7.jpg] Left lines: 0, Right lines: 0
[12076ebb-c07285d7.jpg] Left lines: 0, Right lines: 4
[125134e5-7dfc45b9.jpg] Left lines: 0, Right lines: 0
[125134e5-7dfc45b9.jpg] Left lines: 0, Right lines: 0
[12ae9ab8-794f5adc.jpg] Left lines: 0, Right lines: 0
[12ae9ab8-794f5adc.jpg] Left lines: 0, Right lines: 0
[13f61134-50021e53.jpg] Left lines: 0, Right lines: 0
[13f61134-50021e53.jpg] Left lines: 0, Right lines: 0
[14eace5a-ddf3b303.jpg] Left lines: 0, Right lines: 0
[14eace5a-ddf3b303.jpg] Left lines: 0, Right lines: 0
[1608cfe7-32da2c5d.jpg] Left lines: 0, Right lines: 0
[1608cfe7-32da2c5d.jpg] Left lines: 0, Right lines: 0
[162995f1-d2c7d259.jpg] Left lines: 0, Right lines: 0
[162995f1-d2c7d259.jpg] Left lines: 0, Right lines: 0
[16b0973f-c07b564a.jpg] Left lines: 0, Right lines: 0
[16b0973f-c07b564a.jpg] Left lines: 0, Right lines: 1
[1784d67b-6b223914.jpg] Left lines: 0, Right lines: 0
[1784d67b-6b223914.jpg] Left lines: 0, Right lines: 0
[1784d67b-d76145ce.jpg] Left lines: 0, Right lines: 0
[1784d67b-d76145ce.jpg] Left lines: 0, Right lines: 0
[188c58f3-792afc71.jpg] Left lines: 1, Right lines: 0
[188c58f3-792afc71.jpg] Left lines: 2, Right lines: 0
[193f7f3b-84bc7998.jpg] Left lines: 0, Right lines: 0
[193f7f3b-84bc7998.jpg] Left lines: 0, Right lines: 6
[194058b0-ac0616a6.jpg] Left lines: 0, Right lines: 0
[194058b0-ac0616a6.jpg] Left lines: 0, Right lines: 0
[19e56249-09c4bbc6.jpg] Left lines: 0, Right lines: 0
[19e56249-09c4bbc6.jpg] Left lines: 0, Right lines: 0
[1a71faae-d5f255fd.jpg] Left lines: 0, Right lines: 0
[1a71faae-d5f255fd.jpg] Left lines: 0, Right lines: 0
[1a8992a7-da5a8510.jpg] Left lines: 0, Right lines: 0
[1a8992a7-da5a8510.jpg] Left lines: 0, Right lines: 0
[1ac0178c-0b259360.jpg] Left lines: 0, Right lines: 0
[1ac0178c-0b259360.jpg] Left lines: 0, Right lines: 0
[1b30f76f-95aa8a06.jpg] Left lines: 0, Right lines: 0
[1b30f76f-95aa8a06.jpg] Left lines: 0, Right lines: 0
[1bda5a26-420ceea6.jpg] Left lines: 0, Right lines: 0
[1bda5a26-420ceea6.jpg] Left lines: 0, Right lines: 0
[1bf7f3d2-15f95138.jpg] Left lines: 0, Right lines: 0
[1bf7f3d2-15f95138.jpg] Left lines: 0, Right lines: 13
[1c227a12-10e5552c.jpg] Left lines: 0, Right lines: 0
[1c227a12-10e5552c.jpg] Left lines: 0, Right lines: 0
[1c227a12-ec67af93.jpg] Left lines: 0, Right lines: 0
[1c227a12-ec67af93.jpg] Left lines: 2, Right lines: 0
[1c5e9657-2e2a2863.jpg] Left lines: 0, Right lines: 0
[1c5e9657-2e2a2863.jpg] Left lines: 0, Right lines: 0
[1cb2a89b-4594573e.jpg] Left lines: 0, Right lines: 0
[1cb2a89b-4594573e.jpg] Left lines: 0, Right lines: 0
[1cf54809-c6daa5a9.jpg] Left lines: 0, Right lines: 0
[1cf54809-c6daa5a9.jpg] Left lines: 0, Right lines: 3
[1d5e05f8-5020f67d.jpg] Left lines: 0, Right lines: 0
[1d5e05f8-5020f67d.jpg] Left lines: 0, Right lines: 0
[1e57ae90-806bc767.jpg] Left lines: 1, Right lines: 0
[1e57ae90-806bc767.jpg] Left lines: 4, Right lines: 2
[1f959fdd-6ff63d34.jpg] Left lines: 0, Right lines: 0
[1f959fdd-6ff63d34.jpg] Left lines: 0, Right lines: 0
[1fa65acf-d43367bc.jpg] Left lines: 0, Right lines: 0
[1fa65acf-d43367bc.jpg] Left lines: 1, Right lines: 0
[20cfadfa-47711496.jpg] Left lines: 4, Right lines: 0
[20cfadfa-47711496.jpg] Left lines: 2, Right lines: 0
[20cfadfa-6f87fdc1.jpg] Left lines: 19, Right lines: 11
[20cfadfa-6f87fdc1.jpg] Left lines: 27, Right lines: 15
[225a1858-0e3a4b04.jpg] Left lines: 0, Right lines: 0
[225a1858-0e3a4b04.jpg] Left lines: 0, Right lines: 0
[22be2f14-59fbdca0.jpg] Left lines: 0, Right lines: 13
[22be2f14-59fbdca0.jpg] Left lines: 0, Right lines: 8
[23333f35-0cbc3f0f.jpg] Left lines: 0, Right lines: 0
[23333f35-0cbc3f0f.jpg] Left lines: 3, Right lines: 0
[23df146f-64b50e4c.jpg] Left lines: 0, Right lines: 0
[23df146f-64b50e4c.jpg] Left lines: 2, Right lines: 0
[24392d7c-998011c2.jpg] Left lines: 0, Right lines: 0
[24392d7c-998011c2.jpg] Left lines: 0, Right lines: 0
[250e7595-b14da270.jpg] Left lines: 0, Right lines: 0
[250e7595-b14da270.jpg] Left lines: 0, Right lines: 0
[26190b83-39ccb412.jpg] Left lines: 0, Right lines: 0
[26190b83-39ccb412.jpg] Left lines: 0, Right lines: 0
[272d52f6-8aac36b3.jpg] Left lines: 0, Right lines: 0
[272d52f6-8aac36b3.jpg] Left lines: 0, Right lines: 0
[2752681a-e813599a.jpg] Left lines: 0, Right lines: 0
[2752681a-e813599a.jpg] Left lines: 0, Right lines: 0
[27645526-f038b033.jpg] Left lines: 0, Right lines: 0
[27645526-f038b033.jpg] Left lines: 0, Right lines: 0
[2773af6f-23e23a6b.jpg] Left lines: 0, Right lines: 0
[2773af6f-23e23a6b.jpg] Left lines: 0, Right lines: 0
[28faf684-03ef4c6e.jpg] Left lines: 0, Right lines: 0
[28faf684-03ef4c6e.jpg] Left lines: 0, Right lines: 17
[292720ee-d847ee69.jpg] Left lines: 0, Right lines: 0
[292720ee-d847ee69.jpg] Left lines: 0, Right lines: 0
[2b54fe2d-c5b810e6.jpg] Left lines: 0, Right lines: 0
[2b54fe2d-c5b810e6.jpg] Left lines: 0, Right lines: 4
[2b605c48-8dfe352b.jpg] Left lines: 0, Right lines: 3
[2b605c48-8dfe352b.jpg] Left lines: 0, Right lines: 15
[2beccce2-354608e2.jpg] Left lines: 0, Right lines: 0
[2beccce2-354608e2.jpg] Left lines: 0, Right lines: 0
[2c87e51d-aa7a8031.jpg] Left lines: 1, Right lines: 0
[2c87e51d-aa7a8031.jpg] Left lines: 5, Right lines: 0
[2ce0b449-e818dc97.jpg] Left lines: 0, Right lines: 0
[2ce0b449-e818dc97.jpg] Left lines: 0, Right lines: 0
[2cf976a2-479cd46b.jpg] Left lines: 0, Right lines: 0
[2cf976a2-479cd46b.jpg] Left lines: 0, Right lines: 0
[2e2fae77-b7497ca0.jpg] Left lines: 0, Right lines: 0
[2e2fae77-b7497ca0.jpg] Left lines: 0, Right lines: 0
[2ead8042-2493c03f.jpg] Left lines: 0, Right lines: 0
[2ead8042-2493c03f.jpg] Left lines: 0, Right lines: 0
[2f1864c1-1a17d11c.jpg] Left lines: 0, Right lines: 0
[2f1864c1-1a17d11c.jpg] Left lines: 0, Right lines: 0
[2f879dc0-b09e4824.jpg] Left lines: 0, Right lines: 0
[2f879dc0-b09e4824.jpg] Left lines: 0, Right lines: 2
[2fc9ad1e-ee4c9e43.jpg] Left lines: 0, Right lines: 0
[2fc9ad1e-ee4c9e43.jpg] Left lines: 0, Right lines: 0
[3050b249-0ffbd6ec.jpg] Left lines: 0, Right lines: 0
[3050b249-0ffbd6ec.jpg] Left lines: 0, Right lines: 0
[314cc010-3eab5c90.jpg] Left lines: 0, Right lines: 0
[314cc010-3eab5c90.jpg] Left lines: 0, Right lines: 0
[31765c6b-90b0d612.jpg] Left lines: 0, Right lines: 0
[31765c6b-90b0d612.jpg] Left lines: 0, Right lines: 0
[31cf6eba-5c84c636.jpg] Left lines: 0, Right lines: 0
[31cf6eba-5c84c636.jpg] Left lines: 0, Right lines: 0
[32de2244-122f1783.jpg] Left lines: 0, Right lines: 0
[32de2244-122f1783.jpg] Left lines: 0, Right lines: 3
[33420085-32996107.jpg] Left lines: 0, Right lines: 0
[33420085-32996107.jpg] Left lines: 0, Right lines: 0
[3430a5e6-00ec38d2.jpg] Left lines: 0, Right lines: 0
[3430a5e6-00ec38d2.jpg] Left lines: 0, Right lines: 0
[35eb46d0-8f7e28a0.jpg] Left lines: 0, Right lines: 11
[35eb46d0-8f7e28a0.jpg] Left lines: 0, Right lines: 15
[3735fc3d-69d8b80c.jpg] Left lines: 0, Right lines: 0
[3735fc3d-69d8b80c.jpg] Left lines: 0, Right lines: 0
[3740cd4f-ff1d423d.jpg] Left lines: 0, Right lines: 0
[3740cd4f-ff1d423d.jpg] Left lines: 0, Right lines: 0
[375abba2-9f2ed56c.jpg] Left lines: 0, Right lines: 0
[375abba2-9f2ed56c.jpg] Left lines: 0, Right lines: 0
[37723e55-31730cf5.jpg] Left lines: 0, Right lines: 0
[37723e55-31730cf5.jpg] Left lines: 0, Right lines: 0
[380a3f8e-ba4f0def.jpg] Left lines: 0, Right lines: 0
[380a3f8e-ba4f0def.jpg] Left lines: 0, Right lines: 0
[385b0f61-1aee12ef.jpg] Left lines: 0, Right lines: 0
[385b0f61-1aee12ef.jpg] Left lines: 0, Right lines: 0
[3865fea7-b4fe472d.jpg] Left lines: 2, Right lines: 0
[3865fea7-b4fe472d.jpg] Left lines: 5, Right lines: 0
[38e561dd-8ea8ae2d.jpg] Left lines: 1, Right lines: 0
[38e561dd-8ea8ae2d.jpg] Left lines: 2, Right lines: 0
[38ed8d8d-93c48de2.jpg] Left lines: 0, Right lines: 0
[38ed8d8d-93c48de2.jpg] Left lines: 2, Right lines: 0
[38ed8d8d-b1c230ef.jpg] Left lines: 0, Right lines: 0
[38ed8d8d-b1c230ef.jpg] Left lines: 0, Right lines: 0
[38ed8d8d-fa50400c.jpg] Left lines: 0, Right lines: 0
[38ed8d8d-fa50400c.jpg] Left lines: 0, Right lines: 0
[3900ad8c-8834019f.jpg] Left lines: 0, Right lines: 0
[3900ad8c-8834019f.jpg] Left lines: 0, Right lines: 0
[39ddb110-04604b9c.jpg] Left lines: 0, Right lines: 0
[39ddb110-04604b9c.jpg] Left lines: 0, Right lines: 0
[39fc6d1c-6155351d.jpg] Left lines: 0, Right lines: 0
[39fc6d1c-6155351d.jpg] Left lines: 0, Right lines: 0
[3a278d39-b92df256.jpg] Left lines: 0, Right lines: 0
[3a278d39-b92df256.jpg] Left lines: 0, Right lines: 0
[3a3407a2-df8ea956.jpg] Left lines: 0, Right lines: 0
[3a3407a2-df8ea956.jpg] Left lines: 0, Right lines: 0
[3ad0c4a7-2a3d544e.jpg] Left lines: 0, Right lines: 0
[3ad0c4a7-2a3d544e.jpg] Left lines: 0, Right lines: 0
[3b1e1bc1-ee64e36e.jpg] Left lines: 0, Right lines: 0
[3b1e1bc1-ee64e36e.jpg] Left lines: 0, Right lines: 0
[3b44ef5a-c09e8479.jpg] Left lines: 0, Right lines: 0
[3b44ef5a-c09e8479.jpg] Left lines: 0, Right lines: 0
[3b563c5e-0102edaf.jpg] Left lines: 0, Right lines: 0
[3b563c5e-0102edaf.jpg] Left lines: 0, Right lines: 3
[3b9716a6-d2566395.jpg] Left lines: 0, Right lines: 0
[3b9716a6-d2566395.jpg] Left lines: 0, Right lines: 0
[3c0bbdc2-79baffce.jpg] Left lines: 0, Right lines: 0
[3c0bbdc2-79baffce.jpg] Left lines: 0, Right lines: 2
[3c5752b6-9c0bdf98.jpg] Left lines: 0, Right lines: 0
[3c5752b6-9c0bdf98.jpg] Left lines: 0, Right lines: 0
[3c95ae26-68abac3f.jpg] Left lines: 0, Right lines: 1
[3c95ae26-68abac3f.jpg] Left lines: 0, Right lines: 1
[3e0f1745-a95a63ad.jpg] Left lines: 0, Right lines: 0
[3e0f1745-a95a63ad.jpg] Left lines: 0, Right lines: 4
[3f4eb6a6-9eee52f9.jpg] Left lines: 2, Right lines: 0
[3f4eb6a6-9eee52f9.jpg] Left lines: 0, Right lines: 0
[3f85a987-1ef4053b.jpg] Left lines: 0, Right lines: 0
[3f85a987-1ef4053b.jpg] Left lines: 0, Right lines: 0
[3fe1feaa-10126fec.jpg] Left lines: 0, Right lines: 0
[3fe1feaa-10126fec.jpg] Left lines: 0, Right lines: 0
[3ffdaa26-b394f6f8.jpg] Left lines: 0, Right lines: 7
[3ffdaa26-b394f6f8.jpg] Left lines: 0, Right lines: 21
[4027c10d-41d54e9b.jpg] Left lines: 0, Right lines: 0
[4027c10d-41d54e9b.jpg] Left lines: 0, Right lines: 0
[428e99ea-4166e549.jpg] Left lines: 7, Right lines: 0
[428e99ea-4166e549.jpg] Left lines: 12, Right lines: 0
[42e0dd11-74b81997.jpg] Left lines: 1, Right lines: 0
[42e0dd11-74b81997.jpg] Left lines: 0, Right lines: 0
[430395d1-931c959e.jpg] Left lines: 0, Right lines: 0
[430395d1-931c959e.jpg] Left lines: 0, Right lines: 0
[43126e0d-495d04a5.jpg] Left lines: 0, Right lines: 0
[43126e0d-495d04a5.jpg] Left lines: 3, Right lines: 0
[43126e0d-cce96832.jpg] Left lines: 0, Right lines: 0
[43126e0d-cce96832.jpg] Left lines: 0, Right lines: 0
[432f9e20-83a0d96c.jpg] Left lines: 0, Right lines: 0
[432f9e20-83a0d96c.jpg] Left lines: 0, Right lines: 0
[43c7ed5c-b0690325.jpg] Left lines: 0, Right lines: 0
[43c7ed5c-b0690325.jpg] Left lines: 0, Right lines: 14
[44cc16d9-d2e06fd6.jpg] Left lines: 0, Right lines: 0
[44cc16d9-d2e06fd6.jpg] Left lines: 0, Right lines: 0
[45bafa98-1ee18a2f.jpg] Left lines: 0, Right lines: 0
[45bafa98-1ee18a2f.jpg] Left lines: 0, Right lines: 1
[46d048a1-8f7f385c.jpg] Left lines: 0, Right lines: 0
[46d048a1-8f7f385c.jpg] Left lines: 0, Right lines: 0
[46f76df9-8bf77914.jpg] Left lines: 0, Right lines: 0
[46f76df9-8bf77914.jpg] Left lines: 0, Right lines: 0
[480263a0-5aad7ae9.jpg] Left lines: 0, Right lines: 0
[480263a0-5aad7ae9.jpg] Left lines: 0, Right lines: 6
[488480d6-b94cf415.jpg] Left lines: 0, Right lines: 0
[488480d6-b94cf415.jpg] Left lines: 1, Right lines: 16
[48ed707e-5062e4c3.jpg] Left lines: 0, Right lines: 0
[48ed707e-5062e4c3.jpg] Left lines: 0, Right lines: 0
[4a289ff2-7da7feb6.jpg] Left lines: 0, Right lines: 0
[4a289ff2-7da7feb6.jpg] Left lines: 0, Right lines: 1
[4a31f3e3-ac7ed780.jpg] Left lines: 0, Right lines: 0
[4a31f3e3-ac7ed780.jpg] Left lines: 0, Right lines: 0
[4b2e1dde-65b54419.jpg] Left lines: 0, Right lines: 0
[4b2e1dde-65b54419.jpg] Left lines: 0, Right lines: 0
[4d4a590b-4332c5ab.jpg] Left lines: 0, Right lines: 0
[4d4a590b-4332c5ab.jpg] Left lines: 0, Right lines: 0
[5069db50-52f5af30.jpg] Left lines: 0, Right lines: 0
[5069db50-52f5af30.jpg] Left lines: 0, Right lines: 0
[50866f46-30d1f303.jpg] Left lines: 0, Right lines: 0
[50866f46-30d1f303.jpg] Left lines: 0, Right lines: 0
[50b115d6-4b08a666.jpg] Left lines: 0, Right lines: 0
[50b115d6-4b08a666.jpg] Left lines: 0, Right lines: 6
[50b2e757-6c7d0f63.jpg] Left lines: 0, Right lines: 0
[50b2e757-6c7d0f63.jpg] Left lines: 0, Right lines: 0
[50d0fd05-8db58ebd.jpg] Left lines: 0, Right lines: 0
[50d0fd05-8db58ebd.jpg] Left lines: 0, Right lines: 0
[510671e9-603795e0.jpg] Left lines: 0, Right lines: 0
[510671e9-603795e0.jpg] Left lines: 0, Right lines: 0
[514a6d58-0790e0cd.jpg] Left lines: 0, Right lines: 0
[514a6d58-0790e0cd.jpg] Left lines: 0, Right lines: 0
[5150bb50-300d52ce.jpg] Left lines: 0, Right lines: 0
[5150bb50-300d52ce.jpg] Left lines: 3, Right lines: 7
[52799e9e-8c8673f3.jpg] Left lines: 0, Right lines: 0
[52799e9e-8c8673f3.jpg] Left lines: 10, Right lines: 1
[52bda346-fd8ac6e7.jpg] Left lines: 0, Right lines: 0
[52bda346-fd8ac6e7.jpg] Left lines: 0, Right lines: 0
[534418ba-ee05398f.jpg] Left lines: 0, Right lines: 0
[534418ba-ee05398f.jpg] Left lines: 0, Right lines: 0
[54360b72-e00a3f70.jpg] Left lines: 0, Right lines: 0
[54360b72-e00a3f70.jpg] Left lines: 0, Right lines: 0
[554d7cd5-a32486dd.jpg] Left lines: 0, Right lines: 0
[554d7cd5-a32486dd.jpg] Left lines: 0, Right lines: 18
[559fed19-7893646f.jpg] Left lines: 0, Right lines: 0
[559fed19-7893646f.jpg] Left lines: 0, Right lines: 0
[57165857-e4d4a47f.jpg] Left lines: 0, Right lines: 0
[57165857-e4d4a47f.jpg] Left lines: 0, Right lines: 0
[5795bfe7-a599384a.jpg] Left lines: 0, Right lines: 0
[5795bfe7-a599384a.jpg] Left lines: 0, Right lines: 0
[57ac74e2-e86131f1.jpg] Left lines: 0, Right lines: 0
[57ac74e2-e86131f1.jpg] Left lines: 0, Right lines: 0
[57b495f2-6da6b1e5.jpg] Left lines: 0, Right lines: 0
[57b495f2-6da6b1e5.jpg] Left lines: 0, Right lines: 0
[585443c8-2621a6b1.jpg] Left lines: 0, Right lines: 1
[585443c8-2621a6b1.jpg] Left lines: 3, Right lines: 2
[5877b384-2545daf4.jpg] Left lines: 0, Right lines: 0
[5877b384-2545daf4.jpg] Left lines: 1, Right lines: 0
[587bb1bf-1aa00fe5.jpg] Left lines: 0, Right lines: 0
[587bb1bf-1aa00fe5.jpg] Left lines: 1, Right lines: 0
[5995c288-2d152172.jpg] Left lines: 0, Right lines: 0
[5995c288-2d152172.jpg] Left lines: 0, Right lines: 0
[59cde7c7-344bffb1.jpg] Left lines: 0, Right lines: 0
[59cde7c7-344bffb1.jpg] Left lines: 0, Right lines: 0
[5a8f9b5d-1fdfd2d4.jpg] Left lines: 0, Right lines: 0
[5a8f9b5d-1fdfd2d4.jpg] Left lines: 0, Right lines: 0
[5ae83f9c-da990b49.jpg] Left lines: 0, Right lines: 3
[5ae83f9c-da990b49.jpg] Left lines: 0, Right lines: 12
[5b2b4881-67a6cb87.jpg] Left lines: 0, Right lines: 0
[5b2b4881-67a6cb87.jpg] Left lines: 0, Right lines: 0
[5b2fd56a-37759b05.jpg] Left lines: 0, Right lines: 0
[5b2fd56a-37759b05.jpg] Left lines: 0, Right lines: 0
[5b4b0b07-2fb56b82.jpg] Left lines: 0, Right lines: 0
[5b4b0b07-2fb56b82.jpg] Left lines: 0, Right lines: 0
[5bc44a50-c371c4d0.jpg] Left lines: 2, Right lines: 0
[5bc44a50-c371c4d0.jpg] Left lines: 8, Right lines: 0
[5c4004b7-bf3b7941.jpg] Left lines: 0, Right lines: 0
[5c4004b7-bf3b7941.jpg] Left lines: 0, Right lines: 0
[5c534f5f-a76c7f4b.jpg] Left lines: 0, Right lines: 0
[5c534f5f-a76c7f4b.jpg] Left lines: 0, Right lines: 0
[5c5dc708-35460444.jpg] Left lines: 0, Right lines: 0
[5c5dc708-35460444.jpg] Left lines: 0, Right lines: 0
[5da6c6b6-76c54605.jpg] Left lines: 0, Right lines: 0
[5da6c6b6-76c54605.jpg] Left lines: 0, Right lines: 0
[5dc5141c-5890b5b1.jpg] Left lines: 0, Right lines: 0
[5dc5141c-5890b5b1.jpg] Left lines: 0, Right lines: 0
[5dd831da-bd00cf03.jpg] Left lines: 0, Right lines: 0
[5dd831da-bd00cf03.jpg] Left lines: 0, Right lines: 0
[5dfb063f-7bd23d5c.jpg] Left lines: 0, Right lines: 0
[5dfb063f-7bd23d5c.jpg] Left lines: 3, Right lines: 0
[5e0b701e-d443d8c2.jpg] Left lines: 0, Right lines: 1
[5e0b701e-d443d8c2.jpg] Left lines: 0, Right lines: 2
[5e26f49d-0bc53c7e.jpg] Left lines: 0, Right lines: 0
[5e26f49d-0bc53c7e.jpg] Left lines: 0, Right lines: 0
[5e26f49d-9271bf00.jpg] Left lines: 0, Right lines: 0
[5e26f49d-9271bf00.jpg] Left lines: 0, Right lines: 0
[5e625ec3-7b4fc682.jpg] Left lines: 0, Right lines: 0
[5e625ec3-7b4fc682.jpg] Left lines: 0, Right lines: 0
[5f9387ff-330136ae.jpg] Left lines: 0, Right lines: 0
[5f9387ff-330136ae.jpg] Left lines: 0, Right lines: 0
[5fa17a25-88b8e6b9.jpg] Left lines: 0, Right lines: 0
[5fa17a25-88b8e6b9.jpg] Left lines: 0, Right lines: 0
[5fa422e1-2d8dd765.jpg] Left lines: 0, Right lines: 0
[5fa422e1-2d8dd765.jpg] Left lines: 1, Right lines: 0
[5fb2a702-f56a339c.jpg] Left lines: 3, Right lines: 0
[5fb2a702-f56a339c.jpg] Left lines: 4, Right lines: 3
[6011831b-0992e205.jpg] Left lines: 2, Right lines: 0
[6011831b-0992e205.jpg] Left lines: 8, Right lines: 0
[60137cc0-428b8f5b.jpg] Left lines: 0, Right lines: 0
[60137cc0-428b8f5b.jpg] Left lines: 0, Right lines: 0
[604b5b3e-3c2e6b6b.jpg] Left lines: 0, Right lines: 0
[604b5b3e-3c2e6b6b.jpg] Left lines: 0, Right lines: 0
[6092f5a2-424550ba.jpg] Left lines: 0, Right lines: 0
[6092f5a2-424550ba.jpg] Left lines: 3, Right lines: 0
[60ba25dd-6c0df417.jpg] Left lines: 0, Right lines: 0
[60ba25dd-6c0df417.jpg] Left lines: 0, Right lines: 0
[60c678e7-4813ae0f.jpg] Left lines: 0, Right lines: 0
[60c678e7-4813ae0f.jpg] Left lines: 5, Right lines: 0
[614ecada-16b0f8b6.jpg] Left lines: 0, Right lines: 0
[614ecada-16b0f8b6.jpg] Left lines: 3, Right lines: 0
[61e4ad87-53ceb455.jpg] Left lines: 0, Right lines: 0
[61e4ad87-53ceb455.jpg] Left lines: 0, Right lines: 0
[6240d7b3-b51b5788.jpg] Left lines: 0, Right lines: 0
[6240d7b3-b51b5788.jpg] Left lines: 2, Right lines: 0
[62aefb36-b685117f.jpg] Left lines: 0, Right lines: 2
[62aefb36-b685117f.jpg] Left lines: 0, Right lines: 2
[634c1785-3bb9a8a2.jpg] Left lines: 0, Right lines: 0
[634c1785-3bb9a8a2.jpg] Left lines: 0, Right lines: 0
[634c1785-aeb1652f.jpg] Left lines: 0, Right lines: 10
[634c1785-aeb1652f.jpg] Left lines: 0, Right lines: 14
[63f73472-028615f1.jpg] Left lines: 0, Right lines: 0
[63f73472-028615f1.jpg] Left lines: 5, Right lines: 0
[6485ad0a-245d1600.jpg] Left lines: 0, Right lines: 0
[6485ad0a-245d1600.jpg] Left lines: 0, Right lines: 2
[648dc925-e359dbec.jpg] Left lines: 0, Right lines: 0
[648dc925-e359dbec.jpg] Left lines: 14, Right lines: 0
[65edc5a1-f309fed7.jpg] Left lines: 0, Right lines: 0
[65edc5a1-f309fed7.jpg] Left lines: 0, Right lines: 0
[661381d9-1114a810.jpg] Left lines: 0, Right lines: 0
[661381d9-1114a810.jpg] Left lines: 0, Right lines: 0
[664cb246-f84cfaf4.jpg] Left lines: 0, Right lines: 0
[664cb246-f84cfaf4.jpg] Left lines: 0, Right lines: 0
[675cf8fa-4b1ce8b9.jpg] Left lines: 0, Right lines: 0
[675cf8fa-4b1ce8b9.jpg] Left lines: 0, Right lines: 1
[67faeadf-eb09a636.jpg] Left lines: 0, Right lines: 0
[67faeadf-eb09a636.jpg] Left lines: 0, Right lines: 0
[691be377-5dbc29ee.jpg] Left lines: 0, Right lines: 6
[691be377-5dbc29ee.jpg] Left lines: 0, Right lines: 0
[692f1303-05178963.jpg] Left lines: 0, Right lines: 0
[692f1303-05178963.jpg] Left lines: 0, Right lines: 0
[692f9b08-bdbbd729.jpg] Left lines: 0, Right lines: 0
[692f9b08-bdbbd729.jpg] Left lines: 0, Right lines: 11
[69bfbe31-5ee2a642.jpg] Left lines: 0, Right lines: 0
[69bfbe31-5ee2a642.jpg] Left lines: 8, Right lines: 0
[69cf7667-68f59649.jpg] Left lines: 1, Right lines: 8
[69cf7667-68f59649.jpg] Left lines: 1, Right lines: 0
[69cf7667-7eb40860.jpg] Left lines: 0, Right lines: 0
[69cf7667-7eb40860.jpg] Left lines: 0, Right lines: 0
[6a44fb9a-05a3dd18.jpg] Left lines: 11, Right lines: 0
[6a44fb9a-05a3dd18.jpg] Left lines: 31, Right lines: 12
[6a793e80-4f5e207f.jpg] Left lines: 1, Right lines: 0
[6a793e80-4f5e207f.jpg] Left lines: 5, Right lines: 0
[6a82c0d6-b31f6b90.jpg] Left lines: 0, Right lines: 0
[6a82c0d6-b31f6b90.jpg] Left lines: 0, Right lines: 0
[6a8d218d-14e4fa28.jpg] Left lines: 0, Right lines: 0
[6a8d218d-14e4fa28.jpg] Left lines: 0, Right lines: 0
[6ad110c3-789e7724.jpg] Left lines: 0, Right lines: 0
[6ad110c3-789e7724.jpg] Left lines: 0, Right lines: 0
[6b15392a-3a1699fd.jpg] Left lines: 0, Right lines: 0
[6b15392a-3a1699fd.jpg] Left lines: 0, Right lines: 5
[6b784eee-0a5a2c89.jpg] Left lines: 0, Right lines: 0
[6b784eee-0a5a2c89.jpg] Left lines: 0, Right lines: 0
[6bb5a881-15e5c2c4.jpg] Left lines: 0, Right lines: 0
[6bb5a881-15e5c2c4.jpg] Left lines: 0, Right lines: 0
[6bd41587-d65ba5b4.jpg] Left lines: 0, Right lines: 0
[6bd41587-d65ba5b4.jpg] Left lines: 0, Right lines: 0
[6d0d7bef-fb11b6e1.jpg] Left lines: 0, Right lines: 0
[6d0d7bef-fb11b6e1.jpg] Left lines: 0, Right lines: 0
[6d57736c-a35808b9.jpg] Left lines: 0, Right lines: 1
[6d57736c-a35808b9.jpg] Left lines: 2, Right lines: 3
[6d8a6d94-00a7ad92.jpg] Left lines: 0, Right lines: 0
[6d8a6d94-00a7ad92.jpg] Left lines: 0, Right lines: 0
[6eeed3fa-87a1b0c9.jpg] Left lines: 0, Right lines: 0
[6eeed3fa-87a1b0c9.jpg] Left lines: 10, Right lines: 0
[701992bd-8a457895.jpg] Left lines: 0, Right lines: 0
[701992bd-8a457895.jpg] Left lines: 12, Right lines: 0
[7171644d-4e74752e.jpg] Left lines: 0, Right lines: 0
[7171644d-4e74752e.jpg] Left lines: 0, Right lines: 0
[7171644d-ee92c71e.jpg] Left lines: 0, Right lines: 0
[7171644d-ee92c71e.jpg] Left lines: 0, Right lines: 1
[72f22fa5-8af4615c.jpg] Left lines: 0, Right lines: 0
[72f22fa5-8af4615c.jpg] Left lines: 0, Right lines: 0
[72fd00fe-aeadfc89.jpg] Left lines: 0, Right lines: 0
[72fd00fe-aeadfc89.jpg] Left lines: 1, Right lines: 0
[730c67a5-563e9b1f.jpg] Left lines: 0, Right lines: 0
[730c67a5-563e9b1f.jpg] Left lines: 0, Right lines: 0
[738a2bcd-7a6fde0d.jpg] Left lines: 0, Right lines: 0
[738a2bcd-7a6fde0d.jpg] Left lines: 0, Right lines: 0
[73aff960-d46366ec.jpg] Left lines: 0, Right lines: 0
[73aff960-d46366ec.jpg] Left lines: 0, Right lines: 0
[73d338d6-edf0b3db.jpg] Left lines: 0, Right lines: 0
[73d338d6-edf0b3db.jpg] Left lines: 0, Right lines: 0
[75ad1fff-77299093.jpg] Left lines: 0, Right lines: 0
[75ad1fff-77299093.jpg] Left lines: 0, Right lines: 0
[75f5f52c-6b67e736.jpg] Left lines: 0, Right lines: 0
[75f5f52c-6b67e736.jpg] Left lines: 0, Right lines: 0
[777005a8-14c739ad.jpg] Left lines: 0, Right lines: 0
[777005a8-14c739ad.jpg] Left lines: 0, Right lines: 0
[7771e03b-832e52c0.jpg] Left lines: 0, Right lines: 0
[7771e03b-832e52c0.jpg] Left lines: 0, Right lines: 0
[7771e03b-a8f9d50c.jpg] Left lines: 0, Right lines: 2
[7771e03b-a8f9d50c.jpg] Left lines: 2, Right lines: 2
[7797fea2-c37f9856.jpg] Left lines: 0, Right lines: 0
[7797fea2-c37f9856.jpg] Left lines: 0, Right lines: 0
[77bdbeb0-edb0613f.jpg] Left lines: 0, Right lines: 7
[77bdbeb0-edb0613f.jpg] Left lines: 0, Right lines: 7
[77dca577-16a39ea0.jpg] Left lines: 0, Right lines: 0
[77dca577-16a39ea0.jpg] Left lines: 0, Right lines: 0
[77f810c4-43a39c1f.jpg] Left lines: 0, Right lines: 0
[77f810c4-43a39c1f.jpg] Left lines: 0, Right lines: 0
[7814206e-8e991d51.jpg] Left lines: 0, Right lines: 0
[7814206e-8e991d51.jpg] Left lines: 0, Right lines: 2
[7814206e-ea2508d0.jpg] Left lines: 0, Right lines: 10
[7814206e-ea2508d0.jpg] Left lines: 0, Right lines: 13
[79e177bc-4d5d3acc.jpg] Left lines: 0, Right lines: 1
[79e177bc-4d5d3acc.jpg] Left lines: 0, Right lines: 6
[7aa4ff0f-9d28d8a4.jpg] Left lines: 0, Right lines: 0
[7aa4ff0f-9d28d8a4.jpg] Left lines: 0, Right lines: 0
[7ad1174c-373265eb.jpg] Left lines: 0, Right lines: 0
[7ad1174c-373265eb.jpg] Left lines: 0, Right lines: 0
[7b268b98-e0ec16c3.jpg] Left lines: 0, Right lines: 3
[7b268b98-e0ec16c3.jpg] Left lines: 0, Right lines: 10
[7c5a2048-332896ea.jpg] Left lines: 0, Right lines: 0
[7c5a2048-332896ea.jpg] Left lines: 0, Right lines: 0
[7c5d50c5-7292de37.jpg] Left lines: 0, Right lines: 0
[7c5d50c5-7292de37.jpg] Left lines: 1, Right lines: 1
[7d1fe115-936a2f47.jpg] Left lines: 0, Right lines: 3
[7d1fe115-936a2f47.jpg] Left lines: 4, Right lines: 12
[7dc2914d-a20a969a.jpg] Left lines: 0, Right lines: 2
[7dc2914d-a20a969a.jpg] Left lines: 0, Right lines: 4
[7e4ab78b-4a62c63e.jpg] Left lines: 0, Right lines: 0
[7e4ab78b-4a62c63e.jpg] Left lines: 0, Right lines: 0
[7e590c49-93f03732.jpg] Left lines: 0, Right lines: 0
[7e590c49-93f03732.jpg] Left lines: 0, Right lines: 0
[7ed57d0a-d7bcc13d.jpg] Left lines: 0, Right lines: 0
[7ed57d0a-d7bcc13d.jpg] Left lines: 3, Right lines: 2
[7f0ef682-c93899df.jpg] Left lines: 0, Right lines: 0
[7f0ef682-c93899df.jpg] Left lines: 0, Right lines: 0
[7f4ac354-777de900.jpg] Left lines: 0, Right lines: 0
[7f4ac354-777de900.jpg] Left lines: 0, Right lines: 0
[7f9bdf0d-c0e0061f.jpg] Left lines: 0, Right lines: 0
[7f9bdf0d-c0e0061f.jpg] Left lines: 0, Right lines: 0
[7fd14da9-a855494b.jpg] Left lines: 0, Right lines: 1
[7fd14da9-a855494b.jpg] Left lines: 0, Right lines: 0
[801bff84-a72998c7.jpg] Left lines: 0, Right lines: 0
[801bff84-a72998c7.jpg] Left lines: 0, Right lines: 0
[8073de38-f7eab6ec.jpg] Left lines: 0, Right lines: 0
[8073de38-f7eab6ec.jpg] Left lines: 0, Right lines: 0
[8082ea05-1a7bcd47.jpg] Left lines: 0, Right lines: 0
[8082ea05-1a7bcd47.jpg] Left lines: 8, Right lines: 11
[80ecebc0-ca9605f4.jpg] Left lines: 0, Right lines: 0
[80ecebc0-ca9605f4.jpg] Left lines: 0, Right lines: 0
[81ec3b39-1951f79e.jpg] Left lines: 0, Right lines: 0
[81ec3b39-1951f79e.jpg] Left lines: 0, Right lines: 0
[82b14c0c-79b99258.jpg] Left lines: 0, Right lines: 0
[82b14c0c-79b99258.jpg] Left lines: 0, Right lines: 10
[82b5fc3b-90cadd1b.jpg] Left lines: 0, Right lines: 0
[82b5fc3b-90cadd1b.jpg] Left lines: 0, Right lines: 0
[82f03471-8e304dd5.jpg] Left lines: 0, Right lines: 0
[82f03471-8e304dd5.jpg] Left lines: 0, Right lines: 0
[836fa13a-d6058a12.jpg] Left lines: 0, Right lines: 0
[836fa13a-d6058a12.jpg] Left lines: 1, Right lines: 0
[84fb3f59-7d5d1fa4.jpg] Left lines: 0, Right lines: 0
[84fb3f59-7d5d1fa4.jpg] Left lines: 1, Right lines: 0
[8542b4da-7795bcfd.jpg] Left lines: 0, Right lines: 0
[8542b4da-7795bcfd.jpg] Left lines: 2, Right lines: 0
[85f3f250-1fef85ac.jpg] Left lines: 0, Right lines: 0
[85f3f250-1fef85ac.jpg] Left lines: 0, Right lines: 0
[87ca2979-d5158824.jpg] Left lines: 0, Right lines: 0
[87ca2979-d5158824.jpg] Left lines: 0, Right lines: 0
[889b7dda-77f16103.jpg] Left lines: 0, Right lines: 0
[889b7dda-77f16103.jpg] Left lines: 0, Right lines: 0
[88dbf01a-d8b35dee.jpg] Left lines: 0, Right lines: 0
[88dbf01a-d8b35dee.jpg] Left lines: 3, Right lines: 0
[897223bc-6938f1ab.jpg] Left lines: 0, Right lines: 0
[897223bc-6938f1ab.jpg] Left lines: 0, Right lines: 0
[89b7454d-880eacbd.jpg] Left lines: 0, Right lines: 0
[89b7454d-880eacbd.jpg] Left lines: 0, Right lines: 0
[89e85e71-7dd0a7b6.jpg] Left lines: 1, Right lines: 9
[89e85e71-7dd0a7b6.jpg] Left lines: 1, Right lines: 29
[8a4fbffe-47866ce9.jpg] Left lines: 0, Right lines: 0
[8a4fbffe-47866ce9.jpg] Left lines: 0, Right lines: 0
[8a76c101-8bcefc32.jpg] Left lines: 0, Right lines: 0
[8a76c101-8bcefc32.jpg] Left lines: 0, Right lines: 0
[8b7ef6c4-6bbcf25f.jpg] Left lines: 0, Right lines: 0
[8b7ef6c4-6bbcf25f.jpg] Left lines: 0, Right lines: 0
[8bac644e-e0437ead.jpg] Left lines: 0, Right lines: 0
[8bac644e-e0437ead.jpg] Left lines: 0, Right lines: 0
[8c94c649-8ba62efa.jpg] Left lines: 5, Right lines: 0
[8c94c649-8ba62efa.jpg] Left lines: 2, Right lines: 0
[8c9bbaa9-34934b66.jpg] Left lines: 0, Right lines: 0
[8c9bbaa9-34934b66.jpg] Left lines: 0, Right lines: 0
[degraded] motion_blur level_8 (300 images)
[0049e5b8-725e21a0.jpg] Left lines: 0, Right lines: 0
[0049e5b8-725e21a0.jpg] Left lines: 0, Right lines: 1
[0081e27b-17bf4a9e.jpg] Left lines: 0, Right lines: 0
[0081e27b-17bf4a9e.jpg] Left lines: 0, Right lines: 0
[00beeb02-50440dcd.jpg] Left lines: 0, Right lines: 0
[00beeb02-50440dcd.jpg] Left lines: 0, Right lines: 0
[00d4b6b7-7d0a60bf.jpg] Left lines: 0, Right lines: 0
[00d4b6b7-7d0a60bf.jpg] Left lines: 0, Right lines: 0
[01118704-2d838d7f.jpg] Left lines: 0, Right lines: 0
[01118704-2d838d7f.jpg] Left lines: 0, Right lines: 0
[0115917e-14907a6a.jpg] Left lines: 0, Right lines: 0
[0115917e-14907a6a.jpg] Left lines: 0, Right lines: 10
[02188a44-65ad27f3.jpg] Left lines: 0, Right lines: 0
[02188a44-65ad27f3.jpg] Left lines: 0, Right lines: 0
[02494b7b-079febf8.jpg] Left lines: 0, Right lines: 0
[02494b7b-079febf8.jpg] Left lines: 0, Right lines: 0
[029ffd50-dc944dba.jpg] Left lines: 0, Right lines: 0
[029ffd50-dc944dba.jpg] Left lines: 0, Right lines: 0
[0464a98b-860229d5.jpg] Left lines: 0, Right lines: 0
[0464a98b-860229d5.jpg] Left lines: 0, Right lines: 0
[051aadb7-51aad566.jpg] Left lines: 0, Right lines: 0
[051aadb7-51aad566.jpg] Left lines: 0, Right lines: 0
[051aadb7-e953bc4d.jpg] Left lines: 0, Right lines: 0
[051aadb7-e953bc4d.jpg] Left lines: 0, Right lines: 0
[05743a9b-747658e7.jpg] Left lines: 0, Right lines: 0
[05743a9b-747658e7.jpg] Left lines: 0, Right lines: 0
[057af272-6f700aef.jpg] Left lines: 0, Right lines: 0
[057af272-6f700aef.jpg] Left lines: 0, Right lines: 0
[05d62296-30c620d5.jpg] Left lines: 0, Right lines: 0
[05d62296-30c620d5.jpg] Left lines: 0, Right lines: 0
[05e5a68e-f0e05a42.jpg] Left lines: 0, Right lines: 0
[05e5a68e-f0e05a42.jpg] Left lines: 0, Right lines: 0
[05fa6494-8f436d04.jpg] Left lines: 0, Right lines: 0
[05fa6494-8f436d04.jpg] Left lines: 0, Right lines: 0
[060039d9-5218402b.jpg] Left lines: 0, Right lines: 0
[060039d9-5218402b.jpg] Left lines: 0, Right lines: 0
[064aa0d6-f75ff4d5.jpg] Left lines: 0, Right lines: 0
[064aa0d6-f75ff4d5.jpg] Left lines: 0, Right lines: 0
[07de5062-ddddcbd7.jpg] Left lines: 0, Right lines: 0
[07de5062-ddddcbd7.jpg] Left lines: 0, Right lines: 0
[088351d1-30833ddc.jpg] Left lines: 0, Right lines: 0
[088351d1-30833ddc.jpg] Left lines: 0, Right lines: 0
[08a49c01-675d3899.jpg] Left lines: 0, Right lines: 0
[08a49c01-675d3899.jpg] Left lines: 0, Right lines: 0
[08d4285a-4a25b9b6.jpg] Left lines: 0, Right lines: 0
[08d4285a-4a25b9b6.jpg] Left lines: 0, Right lines: 0
[09ac21d6-eefa8ed0.jpg] Left lines: 0, Right lines: 0
[09ac21d6-eefa8ed0.jpg] Left lines: 0, Right lines: 0
[0a0a0b1a-7c39d841.jpg] Left lines: 0, Right lines: 0
[0a0a0b1a-7c39d841.jpg] Left lines: 0, Right lines: 0
[0af6039a-f3c91319.jpg] Left lines: 0, Right lines: 0
[0af6039a-f3c91319.jpg] Left lines: 0, Right lines: 0
[0b2f5d0d-8fddc1fc.jpg] Left lines: 0, Right lines: 0
[0b2f5d0d-8fddc1fc.jpg] Left lines: 0, Right lines: 0
[0b4225f9-bfb10f88.jpg] Left lines: 0, Right lines: 0
[0b4225f9-bfb10f88.jpg] Left lines: 0, Right lines: 0
[0ba08fe3-880ae118.jpg] Left lines: 0, Right lines: 0
[0ba08fe3-880ae118.jpg] Left lines: 0, Right lines: 0
[0c2f33b9-f94d69b5.jpg] Left lines: 0, Right lines: 0
[0c2f33b9-f94d69b5.jpg] Left lines: 0, Right lines: 0
[0c984e6d-2b5d7ee4.jpg] Left lines: 0, Right lines: 0
[0c984e6d-2b5d7ee4.jpg] Left lines: 0, Right lines: 0
[0cb67a01-7cf1687e.jpg] Left lines: 0, Right lines: 0
[0cb67a01-7cf1687e.jpg] Left lines: 1, Right lines: 0
[0cc6f3e8-b4c9e348.jpg] Left lines: 0, Right lines: 0
[0cc6f3e8-b4c9e348.jpg] Left lines: 0, Right lines: 0
[0cf398b3-ce65ab64.jpg] Left lines: 0, Right lines: 0
[0cf398b3-ce65ab64.jpg] Left lines: 0, Right lines: 0
[0d3ec56a-f4cead6f.jpg] Left lines: 0, Right lines: 0
[0d3ec56a-f4cead6f.jpg] Left lines: 0, Right lines: 0
[0d61234a-542010b2.jpg] Left lines: 0, Right lines: 0
[0d61234a-542010b2.jpg] Left lines: 0, Right lines: 4
[0e442b65-b17e0b50.jpg] Left lines: 0, Right lines: 0
[0e442b65-b17e0b50.jpg] Left lines: 0, Right lines: 2
[0e5c7e92-0d9c60f0.jpg] Left lines: 0, Right lines: 0
[0e5c7e92-0d9c60f0.jpg] Left lines: 0, Right lines: 0
[0f837def-9646c091.jpg] Left lines: 0, Right lines: 0
[0f837def-9646c091.jpg] Left lines: 0, Right lines: 3
[0fba84f9-73b520ee.jpg] Left lines: 0, Right lines: 0
[0fba84f9-73b520ee.jpg] Left lines: 0, Right lines: 0
[101a0964-930eae70.jpg] Left lines: 0, Right lines: 0
[101a0964-930eae70.jpg] Left lines: 0, Right lines: 0
[10389fe8-433c740c.jpg] Left lines: 0, Right lines: 0
[10389fe8-433c740c.jpg] Left lines: 0, Right lines: 0
[10453a95-40759ac3.jpg] Left lines: 0, Right lines: 0
[10453a95-40759ac3.jpg] Left lines: 0, Right lines: 0
[1072195f-0a161ade.jpg] Left lines: 0, Right lines: 0
[1072195f-0a161ade.jpg] Left lines: 0, Right lines: 0
[1072195f-6cf88b25.jpg] Left lines: 0, Right lines: 0
[1072195f-6cf88b25.jpg] Left lines: 0, Right lines: 0
[11513e3d-150058c3.jpg] Left lines: 2, Right lines: 0
[11513e3d-150058c3.jpg] Left lines: 2, Right lines: 0
[1189ae68-1a8ad3c6.jpg] Left lines: 0, Right lines: 0
[1189ae68-1a8ad3c6.jpg] Left lines: 0, Right lines: 0
[12076ebb-c07285d7.jpg] Left lines: 0, Right lines: 0
[12076ebb-c07285d7.jpg] Left lines: 0, Right lines: 0
[125134e5-7dfc45b9.jpg] Left lines: 0, Right lines: 0
[125134e5-7dfc45b9.jpg] Left lines: 0, Right lines: 0
[12ae9ab8-794f5adc.jpg] Left lines: 0, Right lines: 0
[12ae9ab8-794f5adc.jpg] Left lines: 0, Right lines: 0
[13f61134-50021e53.jpg] Left lines: 0, Right lines: 0
[13f61134-50021e53.jpg] Left lines: 0, Right lines: 0
[14eace5a-ddf3b303.jpg] Left lines: 0, Right lines: 0
[14eace5a-ddf3b303.jpg] Left lines: 0, Right lines: 0
[1608cfe7-32da2c5d.jpg] Left lines: 0, Right lines: 0
[1608cfe7-32da2c5d.jpg] Left lines: 0, Right lines: 0
[162995f1-d2c7d259.jpg] Left lines: 0, Right lines: 0
[162995f1-d2c7d259.jpg] Left lines: 0, Right lines: 0
[16b0973f-c07b564a.jpg] Left lines: 0, Right lines: 0
[16b0973f-c07b564a.jpg] Left lines: 0, Right lines: 0
[1784d67b-6b223914.jpg] Left lines: 0, Right lines: 0
[1784d67b-6b223914.jpg] Left lines: 0, Right lines: 0
[1784d67b-d76145ce.jpg] Left lines: 0, Right lines: 0
[1784d67b-d76145ce.jpg] Left lines: 0, Right lines: 0
[188c58f3-792afc71.jpg] Left lines: 1, Right lines: 0
[188c58f3-792afc71.jpg] Left lines: 1, Right lines: 0
[193f7f3b-84bc7998.jpg] Left lines: 0, Right lines: 0
[193f7f3b-84bc7998.jpg] Left lines: 0, Right lines: 0
[194058b0-ac0616a6.jpg] Left lines: 0, Right lines: 0
[194058b0-ac0616a6.jpg] Left lines: 0, Right lines: 0
[19e56249-09c4bbc6.jpg] Left lines: 0, Right lines: 0
[19e56249-09c4bbc6.jpg] Left lines: 0, Right lines: 0
[1a71faae-d5f255fd.jpg] Left lines: 0, Right lines: 0
[1a71faae-d5f255fd.jpg] Left lines: 0, Right lines: 0
[1a8992a7-da5a8510.jpg] Left lines: 0, Right lines: 0
[1a8992a7-da5a8510.jpg] Left lines: 0, Right lines: 0
[1ac0178c-0b259360.jpg] Left lines: 0, Right lines: 0
[1ac0178c-0b259360.jpg] Left lines: 0, Right lines: 0
[1b30f76f-95aa8a06.jpg] Left lines: 0, Right lines: 0
[1b30f76f-95aa8a06.jpg] Left lines: 0, Right lines: 0
[1bda5a26-420ceea6.jpg] Left lines: 0, Right lines: 0
[1bda5a26-420ceea6.jpg] Left lines: 0, Right lines: 0
[1bf7f3d2-15f95138.jpg] Left lines: 0, Right lines: 0
[1bf7f3d2-15f95138.jpg] Left lines: 0, Right lines: 4
[1c227a12-10e5552c.jpg] Left lines: 0, Right lines: 0
[1c227a12-10e5552c.jpg] Left lines: 0, Right lines: 0
[1c227a12-ec67af93.jpg] Left lines: 0, Right lines: 0
[1c227a12-ec67af93.jpg] Left lines: 0, Right lines: 0
[1c5e9657-2e2a2863.jpg] Left lines: 0, Right lines: 0
[1c5e9657-2e2a2863.jpg] Left lines: 0, Right lines: 0
[1cb2a89b-4594573e.jpg] Left lines: 0, Right lines: 0
[1cb2a89b-4594573e.jpg] Left lines: 0, Right lines: 0
[1cf54809-c6daa5a9.jpg] Left lines: 0, Right lines: 0
[1cf54809-c6daa5a9.jpg] Left lines: 0, Right lines: 0
[1d5e05f8-5020f67d.jpg] Left lines: 0, Right lines: 0
[1d5e05f8-5020f67d.jpg] Left lines: 0, Right lines: 0
[1e57ae90-806bc767.jpg] Left lines: 2, Right lines: 0
[1e57ae90-806bc767.jpg] Left lines: 0, Right lines: 0
[1f959fdd-6ff63d34.jpg] Left lines: 0, Right lines: 0
[1f959fdd-6ff63d34.jpg] Left lines: 0, Right lines: 0
[1fa65acf-d43367bc.jpg] Left lines: 0, Right lines: 0
[1fa65acf-d43367bc.jpg] Left lines: 0, Right lines: 0
[20cfadfa-47711496.jpg] Left lines: 1, Right lines: 0
[20cfadfa-47711496.jpg] Left lines: 0, Right lines: 0
[20cfadfa-6f87fdc1.jpg] Left lines: 29, Right lines: 0
[20cfadfa-6f87fdc1.jpg] Left lines: 31, Right lines: 11
[225a1858-0e3a4b04.jpg] Left lines: 0, Right lines: 0
[225a1858-0e3a4b04.jpg] Left lines: 0, Right lines: 0
[22be2f14-59fbdca0.jpg] Left lines: 0, Right lines: 4
[22be2f14-59fbdca0.jpg] Left lines: 0, Right lines: 0
[23333f35-0cbc3f0f.jpg] Left lines: 0, Right lines: 0
[23333f35-0cbc3f0f.jpg] Left lines: 0, Right lines: 0
[23df146f-64b50e4c.jpg] Left lines: 0, Right lines: 0
[23df146f-64b50e4c.jpg] Left lines: 0, Right lines: 0
[24392d7c-998011c2.jpg] Left lines: 0, Right lines: 0
[24392d7c-998011c2.jpg] Left lines: 0, Right lines: 0
[250e7595-b14da270.jpg] Left lines: 0, Right lines: 0
[250e7595-b14da270.jpg] Left lines: 0, Right lines: 0
[26190b83-39ccb412.jpg] Left lines: 0, Right lines: 0
[26190b83-39ccb412.jpg] Left lines: 0, Right lines: 1
[272d52f6-8aac36b3.jpg] Left lines: 0, Right lines: 0
[272d52f6-8aac36b3.jpg] Left lines: 0, Right lines: 0
[2752681a-e813599a.jpg] Left lines: 0, Right lines: 0
[2752681a-e813599a.jpg] Left lines: 0, Right lines: 0
[27645526-f038b033.jpg] Left lines: 0, Right lines: 0
[27645526-f038b033.jpg] Left lines: 0, Right lines: 0
[2773af6f-23e23a6b.jpg] Left lines: 0, Right lines: 0
[2773af6f-23e23a6b.jpg] Left lines: 0, Right lines: 0
[28faf684-03ef4c6e.jpg] Left lines: 0, Right lines: 0
[28faf684-03ef4c6e.jpg] Left lines: 0, Right lines: 2
[292720ee-d847ee69.jpg] Left lines: 0, Right lines: 0
[292720ee-d847ee69.jpg] Left lines: 0, Right lines: 0
[2b54fe2d-c5b810e6.jpg] Left lines: 0, Right lines: 0
[2b54fe2d-c5b810e6.jpg] Left lines: 0, Right lines: 0
[2b605c48-8dfe352b.jpg] Left lines: 0, Right lines: 0
[2b605c48-8dfe352b.jpg] Left lines: 0, Right lines: 0
[2beccce2-354608e2.jpg] Left lines: 0, Right lines: 0
[2beccce2-354608e2.jpg] Left lines: 0, Right lines: 0
[2c87e51d-aa7a8031.jpg] Left lines: 0, Right lines: 0
[2c87e51d-aa7a8031.jpg] Left lines: 0, Right lines: 0
[2ce0b449-e818dc97.jpg] Left lines: 0, Right lines: 0
[2ce0b449-e818dc97.jpg] Left lines: 0, Right lines: 0
[2cf976a2-479cd46b.jpg] Left lines: 0, Right lines: 0
[2cf976a2-479cd46b.jpg] Left lines: 0, Right lines: 0
[2e2fae77-b7497ca0.jpg] Left lines: 0, Right lines: 0
[2e2fae77-b7497ca0.jpg] Left lines: 0, Right lines: 0
[2ead8042-2493c03f.jpg] Left lines: 0, Right lines: 0
[2ead8042-2493c03f.jpg] Left lines: 0, Right lines: 0
[2f1864c1-1a17d11c.jpg] Left lines: 0, Right lines: 0
[2f1864c1-1a17d11c.jpg] Left lines: 0, Right lines: 0
[2f879dc0-b09e4824.jpg] Left lines: 0, Right lines: 0
[2f879dc0-b09e4824.jpg] Left lines: 0, Right lines: 2
[2fc9ad1e-ee4c9e43.jpg] Left lines: 0, Right lines: 0
[2fc9ad1e-ee4c9e43.jpg] Left lines: 0, Right lines: 0
[3050b249-0ffbd6ec.jpg] Left lines: 0, Right lines: 0
[3050b249-0ffbd6ec.jpg] Left lines: 0, Right lines: 0
[314cc010-3eab5c90.jpg] Left lines: 0, Right lines: 0
[314cc010-3eab5c90.jpg] Left lines: 0, Right lines: 0
[31765c6b-90b0d612.jpg] Left lines: 0, Right lines: 0
[31765c6b-90b0d612.jpg] Left lines: 0, Right lines: 0
[31cf6eba-5c84c636.jpg] Left lines: 0, Right lines: 0
[31cf6eba-5c84c636.jpg] Left lines: 0, Right lines: 0
[32de2244-122f1783.jpg] Left lines: 0, Right lines: 0
[32de2244-122f1783.jpg] Left lines: 0, Right lines: 2
[33420085-32996107.jpg] Left lines: 0, Right lines: 0
[33420085-32996107.jpg] Left lines: 0, Right lines: 0
[3430a5e6-00ec38d2.jpg] Left lines: 0, Right lines: 0
[3430a5e6-00ec38d2.jpg] Left lines: 0, Right lines: 0
[35eb46d0-8f7e28a0.jpg] Left lines: 0, Right lines: 0
[35eb46d0-8f7e28a0.jpg] Left lines: 0, Right lines: 11
[3735fc3d-69d8b80c.jpg] Left lines: 0, Right lines: 0
[3735fc3d-69d8b80c.jpg] Left lines: 0, Right lines: 0
[3740cd4f-ff1d423d.jpg] Left lines: 0, Right lines: 0
[3740cd4f-ff1d423d.jpg] Left lines: 0, Right lines: 0
[375abba2-9f2ed56c.jpg] Left lines: 0, Right lines: 0
[375abba2-9f2ed56c.jpg] Left lines: 0, Right lines: 0
[37723e55-31730cf5.jpg] Left lines: 0, Right lines: 0
[37723e55-31730cf5.jpg] Left lines: 0, Right lines: 0
[380a3f8e-ba4f0def.jpg] Left lines: 0, Right lines: 0
[380a3f8e-ba4f0def.jpg] Left lines: 0, Right lines: 0
[385b0f61-1aee12ef.jpg] Left lines: 0, Right lines: 0
[385b0f61-1aee12ef.jpg] Left lines: 0, Right lines: 0
[3865fea7-b4fe472d.jpg] Left lines: 0, Right lines: 0
[3865fea7-b4fe472d.jpg] Left lines: 1, Right lines: 0
[38e561dd-8ea8ae2d.jpg] Left lines: 0, Right lines: 0
[38e561dd-8ea8ae2d.jpg] Left lines: 0, Right lines: 0
[38ed8d8d-93c48de2.jpg] Left lines: 0, Right lines: 0
[38ed8d8d-93c48de2.jpg] Left lines: 0, Right lines: 0
[38ed8d8d-b1c230ef.jpg] Left lines: 0, Right lines: 0
[38ed8d8d-b1c230ef.jpg] Left lines: 0, Right lines: 0
[38ed8d8d-fa50400c.jpg] Left lines: 0, Right lines: 0
[38ed8d8d-fa50400c.jpg] Left lines: 0, Right lines: 0
[3900ad8c-8834019f.jpg] Left lines: 0, Right lines: 0
[3900ad8c-8834019f.jpg] Left lines: 1, Right lines: 0
[39ddb110-04604b9c.jpg] Left lines: 0, Right lines: 0
[39ddb110-04604b9c.jpg] Left lines: 0, Right lines: 0
[39fc6d1c-6155351d.jpg] Left lines: 0, Right lines: 0
[39fc6d1c-6155351d.jpg] Left lines: 0, Right lines: 0
[3a278d39-b92df256.jpg] Left lines: 0, Right lines: 0
[3a278d39-b92df256.jpg] Left lines: 0, Right lines: 0
[3a3407a2-df8ea956.jpg] Left lines: 0, Right lines: 0
[3a3407a2-df8ea956.jpg] Left lines: 0, Right lines: 0
[3ad0c4a7-2a3d544e.jpg] Left lines: 0, Right lines: 0
[3ad0c4a7-2a3d544e.jpg] Left lines: 0, Right lines: 0
[3b1e1bc1-ee64e36e.jpg] Left lines: 0, Right lines: 0
[3b1e1bc1-ee64e36e.jpg] Left lines: 0, Right lines: 0
[3b44ef5a-c09e8479.jpg] Left lines: 0, Right lines: 0
[3b44ef5a-c09e8479.jpg] Left lines: 0, Right lines: 0
[3b563c5e-0102edaf.jpg] Left lines: 0, Right lines: 0
[3b563c5e-0102edaf.jpg] Left lines: 0, Right lines: 0
[3b9716a6-d2566395.jpg] Left lines: 0, Right lines: 0
[3b9716a6-d2566395.jpg] Left lines: 0, Right lines: 0
[3c0bbdc2-79baffce.jpg] Left lines: 0, Right lines: 0
[3c0bbdc2-79baffce.jpg] Left lines: 0, Right lines: 0
[3c5752b6-9c0bdf98.jpg] Left lines: 0, Right lines: 0
[3c5752b6-9c0bdf98.jpg] Left lines: 0, Right lines: 0
[3c95ae26-68abac3f.jpg] Left lines: 0, Right lines: 0
[3c95ae26-68abac3f.jpg] Left lines: 0, Right lines: 0
[3e0f1745-a95a63ad.jpg] Left lines: 0, Right lines: 0
[3e0f1745-a95a63ad.jpg] Left lines: 0, Right lines: 0
[3f4eb6a6-9eee52f9.jpg] Left lines: 0, Right lines: 0
[3f4eb6a6-9eee52f9.jpg] Left lines: 0, Right lines: 0
[3f85a987-1ef4053b.jpg] Left lines: 0, Right lines: 0
[3f85a987-1ef4053b.jpg] Left lines: 0, Right lines: 0
[3fe1feaa-10126fec.jpg] Left lines: 0, Right lines: 0
[3fe1feaa-10126fec.jpg] Left lines: 0, Right lines: 0
[3ffdaa26-b394f6f8.jpg] Left lines: 0, Right lines: 0
[3ffdaa26-b394f6f8.jpg] Left lines: 0, Right lines: 3
[4027c10d-41d54e9b.jpg] Left lines: 0, Right lines: 0
[4027c10d-41d54e9b.jpg] Left lines: 0, Right lines: 0
[428e99ea-4166e549.jpg] Left lines: 2, Right lines: 0
[428e99ea-4166e549.jpg] Left lines: 0, Right lines: 0
[42e0dd11-74b81997.jpg] Left lines: 0, Right lines: 0
[42e0dd11-74b81997.jpg] Left lines: 0, Right lines: 0
[430395d1-931c959e.jpg] Left lines: 0, Right lines: 0
[430395d1-931c959e.jpg] Left lines: 0, Right lines: 0
[43126e0d-495d04a5.jpg] Left lines: 0, Right lines: 0
[43126e0d-495d04a5.jpg] Left lines: 0, Right lines: 0
[43126e0d-cce96832.jpg] Left lines: 0, Right lines: 0
[43126e0d-cce96832.jpg] Left lines: 0, Right lines: 0
[432f9e20-83a0d96c.jpg] Left lines: 0, Right lines: 0
[432f9e20-83a0d96c.jpg] Left lines: 0, Right lines: 0
[43c7ed5c-b0690325.jpg] Left lines: 0, Right lines: 0
[43c7ed5c-b0690325.jpg] Left lines: 0, Right lines: 0
[44cc16d9-d2e06fd6.jpg] Left lines: 0, Right lines: 0
[44cc16d9-d2e06fd6.jpg] Left lines: 0, Right lines: 0
[45bafa98-1ee18a2f.jpg] Left lines: 0, Right lines: 0
[45bafa98-1ee18a2f.jpg] Left lines: 0, Right lines: 0
[46d048a1-8f7f385c.jpg] Left lines: 0, Right lines: 0
[46d048a1-8f7f385c.jpg] Left lines: 0, Right lines: 0
[46f76df9-8bf77914.jpg] Left lines: 0, Right lines: 0
[46f76df9-8bf77914.jpg] Left lines: 0, Right lines: 0
[480263a0-5aad7ae9.jpg] Left lines: 0, Right lines: 0
[480263a0-5aad7ae9.jpg] Left lines: 0, Right lines: 0
[488480d6-b94cf415.jpg] Left lines: 0, Right lines: 0
[488480d6-b94cf415.jpg] Left lines: 0, Right lines: 0
[48ed707e-5062e4c3.jpg] Left lines: 0, Right lines: 0
[48ed707e-5062e4c3.jpg] Left lines: 0, Right lines: 0
[4a289ff2-7da7feb6.jpg] Left lines: 0, Right lines: 0
[4a289ff2-7da7feb6.jpg] Left lines: 0, Right lines: 0
[4a31f3e3-ac7ed780.jpg] Left lines: 0, Right lines: 0
[4a31f3e3-ac7ed780.jpg] Left lines: 0, Right lines: 0
[4b2e1dde-65b54419.jpg] Left lines: 0, Right lines: 0
[4b2e1dde-65b54419.jpg] Left lines: 0, Right lines: 0
[4d4a590b-4332c5ab.jpg] Left lines: 0, Right lines: 0
[4d4a590b-4332c5ab.jpg] Left lines: 0, Right lines: 0
[5069db50-52f5af30.jpg] Left lines: 0, Right lines: 0
[5069db50-52f5af30.jpg] Left lines: 0, Right lines: 0
[50866f46-30d1f303.jpg] Left lines: 0, Right lines: 0
[50866f46-30d1f303.jpg] Left lines: 0, Right lines: 0
[50b115d6-4b08a666.jpg] Left lines: 0, Right lines: 0
[50b115d6-4b08a666.jpg] Left lines: 0, Right lines: 0
[50b2e757-6c7d0f63.jpg] Left lines: 0, Right lines: 0
[50b2e757-6c7d0f63.jpg] Left lines: 0, Right lines: 0
[50d0fd05-8db58ebd.jpg] Left lines: 0, Right lines: 0
[50d0fd05-8db58ebd.jpg] Left lines: 0, Right lines: 0
[510671e9-603795e0.jpg] Left lines: 0, Right lines: 0
[510671e9-603795e0.jpg] Left lines: 0, Right lines: 0
[514a6d58-0790e0cd.jpg] Left lines: 0, Right lines: 0
[514a6d58-0790e0cd.jpg] Left lines: 0, Right lines: 0
[5150bb50-300d52ce.jpg] Left lines: 0, Right lines: 0
[5150bb50-300d52ce.jpg] Left lines: 0, Right lines: 0
[52799e9e-8c8673f3.jpg] Left lines: 0, Right lines: 0
[52799e9e-8c8673f3.jpg] Left lines: 2, Right lines: 3
[52bda346-fd8ac6e7.jpg] Left lines: 0, Right lines: 0
[52bda346-fd8ac6e7.jpg] Left lines: 0, Right lines: 0
[534418ba-ee05398f.jpg] Left lines: 0, Right lines: 0
[534418ba-ee05398f.jpg] Left lines: 0, Right lines: 0
[54360b72-e00a3f70.jpg] Left lines: 0, Right lines: 0
[54360b72-e00a3f70.jpg] Left lines: 0, Right lines: 0
[554d7cd5-a32486dd.jpg] Left lines: 0, Right lines: 0
[554d7cd5-a32486dd.jpg] Left lines: 0, Right lines: 2
[559fed19-7893646f.jpg] Left lines: 0, Right lines: 0
[559fed19-7893646f.jpg] Left lines: 0, Right lines: 0
[57165857-e4d4a47f.jpg] Left lines: 0, Right lines: 0
[57165857-e4d4a47f.jpg] Left lines: 0, Right lines: 0
[5795bfe7-a599384a.jpg] Left lines: 0, Right lines: 0
[5795bfe7-a599384a.jpg] Left lines: 0, Right lines: 0
[57ac74e2-e86131f1.jpg] Left lines: 0, Right lines: 0
[57ac74e2-e86131f1.jpg] Left lines: 0, Right lines: 0
[57b495f2-6da6b1e5.jpg] Left lines: 0, Right lines: 0
[57b495f2-6da6b1e5.jpg] Left lines: 0, Right lines: 0
[585443c8-2621a6b1.jpg] Left lines: 0, Right lines: 0
[585443c8-2621a6b1.jpg] Left lines: 1, Right lines: 0
[5877b384-2545daf4.jpg] Left lines: 0, Right lines: 0
[5877b384-2545daf4.jpg] Left lines: 0, Right lines: 0
[587bb1bf-1aa00fe5.jpg] Left lines: 0, Right lines: 0
[587bb1bf-1aa00fe5.jpg] Left lines: 0, Right lines: 0
[5995c288-2d152172.jpg] Left lines: 0, Right lines: 0
[5995c288-2d152172.jpg] Left lines: 0, Right lines: 0
[59cde7c7-344bffb1.jpg] Left lines: 0, Right lines: 0
[59cde7c7-344bffb1.jpg] Left lines: 0, Right lines: 0
[5a8f9b5d-1fdfd2d4.jpg] Left lines: 0, Right lines: 0
[5a8f9b5d-1fdfd2d4.jpg] Left lines: 0, Right lines: 0
[5ae83f9c-da990b49.jpg] Left lines: 0, Right lines: 1
[5ae83f9c-da990b49.jpg] Left lines: 0, Right lines: 3
[5b2b4881-67a6cb87.jpg] Left lines: 0, Right lines: 0
[5b2b4881-67a6cb87.jpg] Left lines: 2, Right lines: 0
[5b2fd56a-37759b05.jpg] Left lines: 0, Right lines: 0
[5b2fd56a-37759b05.jpg] Left lines: 0, Right lines: 0
[5b4b0b07-2fb56b82.jpg] Left lines: 0, Right lines: 0
[5b4b0b07-2fb56b82.jpg] Left lines: 0, Right lines: 0
[5bc44a50-c371c4d0.jpg] Left lines: 0, Right lines: 0
[5bc44a50-c371c4d0.jpg] Left lines: 4, Right lines: 0
[5c4004b7-bf3b7941.jpg] Left lines: 0, Right lines: 0
[5c4004b7-bf3b7941.jpg] Left lines: 0, Right lines: 0
[5c534f5f-a76c7f4b.jpg] Left lines: 0, Right lines: 0
[5c534f5f-a76c7f4b.jpg] Left lines: 0, Right lines: 0
[5c5dc708-35460444.jpg] Left lines: 0, Right lines: 0
[5c5dc708-35460444.jpg] Left lines: 0, Right lines: 0
[5da6c6b6-76c54605.jpg] Left lines: 0, Right lines: 0
[5da6c6b6-76c54605.jpg] Left lines: 0, Right lines: 0
[5dc5141c-5890b5b1.jpg] Left lines: 0, Right lines: 0
[5dc5141c-5890b5b1.jpg] Left lines: 0, Right lines: 0
[5dd831da-bd00cf03.jpg] Left lines: 0, Right lines: 0
[5dd831da-bd00cf03.jpg] Left lines: 0, Right lines: 0
[5dfb063f-7bd23d5c.jpg] Left lines: 0, Right lines: 0
[5dfb063f-7bd23d5c.jpg] Left lines: 0, Right lines: 0
[5e0b701e-d443d8c2.jpg] Left lines: 0, Right lines: 0
[5e0b701e-d443d8c2.jpg] Left lines: 0, Right lines: 0
[5e26f49d-0bc53c7e.jpg] Left lines: 0, Right lines: 0
[5e26f49d-0bc53c7e.jpg] Left lines: 0, Right lines: 0
[5e26f49d-9271bf00.jpg] Left lines: 0, Right lines: 0
[5e26f49d-9271bf00.jpg] Left lines: 0, Right lines: 0
[5e625ec3-7b4fc682.jpg] Left lines: 0, Right lines: 0
[5e625ec3-7b4fc682.jpg] Left lines: 0, Right lines: 0
[5f9387ff-330136ae.jpg] Left lines: 0, Right lines: 0
[5f9387ff-330136ae.jpg] Left lines: 0, Right lines: 0
[5fa17a25-88b8e6b9.jpg] Left lines: 0, Right lines: 0
[5fa17a25-88b8e6b9.jpg] Left lines: 0, Right lines: 0
[5fa422e1-2d8dd765.jpg] Left lines: 0, Right lines: 0
[5fa422e1-2d8dd765.jpg] Left lines: 0, Right lines: 0
[5fb2a702-f56a339c.jpg] Left lines: 0, Right lines: 0
[5fb2a702-f56a339c.jpg] Left lines: 0, Right lines: 2
[6011831b-0992e205.jpg] Left lines: 0, Right lines: 0
[6011831b-0992e205.jpg] Left lines: 9, Right lines: 0
[60137cc0-428b8f5b.jpg] Left lines: 0, Right lines: 0
[60137cc0-428b8f5b.jpg] Left lines: 0, Right lines: 0
[604b5b3e-3c2e6b6b.jpg] Left lines: 0, Right lines: 0
[604b5b3e-3c2e6b6b.jpg] Left lines: 0, Right lines: 0
[6092f5a2-424550ba.jpg] Left lines: 0, Right lines: 0
[6092f5a2-424550ba.jpg] Left lines: 0, Right lines: 0
[60ba25dd-6c0df417.jpg] Left lines: 0, Right lines: 0
[60ba25dd-6c0df417.jpg] Left lines: 0, Right lines: 0
[60c678e7-4813ae0f.jpg] Left lines: 0, Right lines: 0
[60c678e7-4813ae0f.jpg] Left lines: 6, Right lines: 0
[614ecada-16b0f8b6.jpg] Left lines: 0, Right lines: 0
[614ecada-16b0f8b6.jpg] Left lines: 1, Right lines: 0
[61e4ad87-53ceb455.jpg] Left lines: 0, Right lines: 0
[61e4ad87-53ceb455.jpg] Left lines: 0, Right lines: 0
[6240d7b3-b51b5788.jpg] Left lines: 0, Right lines: 0
[6240d7b3-b51b5788.jpg] Left lines: 0, Right lines: 0
[62aefb36-b685117f.jpg] Left lines: 0, Right lines: 0
[62aefb36-b685117f.jpg] Left lines: 0, Right lines: 0
[634c1785-3bb9a8a2.jpg] Left lines: 0, Right lines: 0
[634c1785-3bb9a8a2.jpg] Left lines: 0, Right lines: 0
[634c1785-aeb1652f.jpg] Left lines: 0, Right lines: 0
[634c1785-aeb1652f.jpg] Left lines: 0, Right lines: 1
[63f73472-028615f1.jpg] Left lines: 0, Right lines: 0
[63f73472-028615f1.jpg] Left lines: 0, Right lines: 0
[6485ad0a-245d1600.jpg] Left lines: 0, Right lines: 0
[6485ad0a-245d1600.jpg] Left lines: 0, Right lines: 0
[648dc925-e359dbec.jpg] Left lines: 0, Right lines: 0
[648dc925-e359dbec.jpg] Left lines: 0, Right lines: 0
[65edc5a1-f309fed7.jpg] Left lines: 0, Right lines: 0
[65edc5a1-f309fed7.jpg] Left lines: 0, Right lines: 0
[661381d9-1114a810.jpg] Left lines: 0, Right lines: 0
[661381d9-1114a810.jpg] Left lines: 0, Right lines: 0
[664cb246-f84cfaf4.jpg] Left lines: 0, Right lines: 0
[664cb246-f84cfaf4.jpg] Left lines: 0, Right lines: 0
[675cf8fa-4b1ce8b9.jpg] Left lines: 0, Right lines: 0
[675cf8fa-4b1ce8b9.jpg] Left lines: 0, Right lines: 0
[67faeadf-eb09a636.jpg] Left lines: 0, Right lines: 0
[67faeadf-eb09a636.jpg] Left lines: 0, Right lines: 0
[691be377-5dbc29ee.jpg] Left lines: 0, Right lines: 1
[691be377-5dbc29ee.jpg] Left lines: 1, Right lines: 4
[692f1303-05178963.jpg] Left lines: 0, Right lines: 0
[692f1303-05178963.jpg] Left lines: 0, Right lines: 0
[692f9b08-bdbbd729.jpg] Left lines: 0, Right lines: 0
[692f9b08-bdbbd729.jpg] Left lines: 0, Right lines: 1
[69bfbe31-5ee2a642.jpg] Left lines: 0, Right lines: 0
[69bfbe31-5ee2a642.jpg] Left lines: 0, Right lines: 0
[69cf7667-68f59649.jpg] Left lines: 0, Right lines: 0
[69cf7667-68f59649.jpg] Left lines: 1, Right lines: 6
[69cf7667-7eb40860.jpg] Left lines: 0, Right lines: 0
[69cf7667-7eb40860.jpg] Left lines: 0, Right lines: 0
[6a44fb9a-05a3dd18.jpg] Left lines: 0, Right lines: 0
[6a44fb9a-05a3dd18.jpg] Left lines: 20, Right lines: 0
[6a793e80-4f5e207f.jpg] Left lines: 0, Right lines: 0
[6a793e80-4f5e207f.jpg] Left lines: 0, Right lines: 0
[6a82c0d6-b31f6b90.jpg] Left lines: 0, Right lines: 0
[6a82c0d6-b31f6b90.jpg] Left lines: 0, Right lines: 0
[6a8d218d-14e4fa28.jpg] Left lines: 0, Right lines: 0
[6a8d218d-14e4fa28.jpg] Left lines: 0, Right lines: 0
[6ad110c3-789e7724.jpg] Left lines: 0, Right lines: 0
[6ad110c3-789e7724.jpg] Left lines: 0, Right lines: 0
[6b15392a-3a1699fd.jpg] Left lines: 0, Right lines: 0
[6b15392a-3a1699fd.jpg] Left lines: 0, Right lines: 0
[6b784eee-0a5a2c89.jpg] Left lines: 0, Right lines: 0
[6b784eee-0a5a2c89.jpg] Left lines: 0, Right lines: 0
[6bb5a881-15e5c2c4.jpg] Left lines: 0, Right lines: 0
[6bb5a881-15e5c2c4.jpg] Left lines: 0, Right lines: 0
[6bd41587-d65ba5b4.jpg] Left lines: 0, Right lines: 0
[6bd41587-d65ba5b4.jpg] Left lines: 0, Right lines: 0
[6d0d7bef-fb11b6e1.jpg] Left lines: 0, Right lines: 0
[6d0d7bef-fb11b6e1.jpg] Left lines: 0, Right lines: 0
[6d57736c-a35808b9.jpg] Left lines: 0, Right lines: 0
[6d57736c-a35808b9.jpg] Left lines: 0, Right lines: 2
[6d8a6d94-00a7ad92.jpg] Left lines: 0, Right lines: 0
[6d8a6d94-00a7ad92.jpg] Left lines: 0, Right lines: 0
[6eeed3fa-87a1b0c9.jpg] Left lines: 0, Right lines: 0
[6eeed3fa-87a1b0c9.jpg] Left lines: 0, Right lines: 0
[701992bd-8a457895.jpg] Left lines: 0, Right lines: 0
[701992bd-8a457895.jpg] Left lines: 2, Right lines: 0
[7171644d-4e74752e.jpg] Left lines: 0, Right lines: 0
[7171644d-4e74752e.jpg] Left lines: 0, Right lines: 0
[7171644d-ee92c71e.jpg] Left lines: 0, Right lines: 0
[7171644d-ee92c71e.jpg] Left lines: 0, Right lines: 0
[72f22fa5-8af4615c.jpg] Left lines: 0, Right lines: 0
[72f22fa5-8af4615c.jpg] Left lines: 0, Right lines: 0
[72fd00fe-aeadfc89.jpg] Left lines: 0, Right lines: 0
[72fd00fe-aeadfc89.jpg] Left lines: 0, Right lines: 0
[730c67a5-563e9b1f.jpg] Left lines: 0, Right lines: 0
[730c67a5-563e9b1f.jpg] Left lines: 0, Right lines: 0
[738a2bcd-7a6fde0d.jpg] Left lines: 0, Right lines: 0
[738a2bcd-7a6fde0d.jpg] Left lines: 0, Right lines: 0
[73aff960-d46366ec.jpg] Left lines: 0, Right lines: 0
[73aff960-d46366ec.jpg] Left lines: 0, Right lines: 0
[73d338d6-edf0b3db.jpg] Left lines: 0, Right lines: 0
[73d338d6-edf0b3db.jpg] Left lines: 0, Right lines: 0
[75ad1fff-77299093.jpg] Left lines: 0, Right lines: 0
[75ad1fff-77299093.jpg] Left lines: 0, Right lines: 0
[75f5f52c-6b67e736.jpg] Left lines: 0, Right lines: 0
[75f5f52c-6b67e736.jpg] Left lines: 0, Right lines: 0
[777005a8-14c739ad.jpg] Left lines: 0, Right lines: 0
[777005a8-14c739ad.jpg] Left lines: 0, Right lines: 0
[7771e03b-832e52c0.jpg] Left lines: 0, Right lines: 0
[7771e03b-832e52c0.jpg] Left lines: 0, Right lines: 0
[7771e03b-a8f9d50c.jpg] Left lines: 0, Right lines: 0
[7771e03b-a8f9d50c.jpg] Left lines: 0, Right lines: 0
[7797fea2-c37f9856.jpg] Left lines: 0, Right lines: 0
[7797fea2-c37f9856.jpg] Left lines: 0, Right lines: 0
[77bdbeb0-edb0613f.jpg] Left lines: 0, Right lines: 0
[77bdbeb0-edb0613f.jpg] Left lines: 0, Right lines: 1
[77dca577-16a39ea0.jpg] Left lines: 0, Right lines: 0
[77dca577-16a39ea0.jpg] Left lines: 0, Right lines: 0
[77f810c4-43a39c1f.jpg] Left lines: 0, Right lines: 0
[77f810c4-43a39c1f.jpg] Left lines: 0, Right lines: 0
[7814206e-8e991d51.jpg] Left lines: 0, Right lines: 0
[7814206e-8e991d51.jpg] Left lines: 0, Right lines: 1
[7814206e-ea2508d0.jpg] Left lines: 0, Right lines: 2
[7814206e-ea2508d0.jpg] Left lines: 0, Right lines: 7
[79e177bc-4d5d3acc.jpg] Left lines: 0, Right lines: 0
[79e177bc-4d5d3acc.jpg] Left lines: 0, Right lines: 0
[7aa4ff0f-9d28d8a4.jpg] Left lines: 0, Right lines: 0
[7aa4ff0f-9d28d8a4.jpg] Left lines: 0, Right lines: 0
[7ad1174c-373265eb.jpg] Left lines: 0, Right lines: 0
[7ad1174c-373265eb.jpg] Left lines: 0, Right lines: 0
[7b268b98-e0ec16c3.jpg] Left lines: 0, Right lines: 0
[7b268b98-e0ec16c3.jpg] Left lines: 0, Right lines: 0
[7c5a2048-332896ea.jpg] Left lines: 0, Right lines: 0
[7c5a2048-332896ea.jpg] Left lines: 0, Right lines: 0
[7c5d50c5-7292de37.jpg] Left lines: 0, Right lines: 0
[7c5d50c5-7292de37.jpg] Left lines: 0, Right lines: 0
[7d1fe115-936a2f47.jpg] Left lines: 0, Right lines: 0
[7d1fe115-936a2f47.jpg] Left lines: 0, Right lines: 1
[7dc2914d-a20a969a.jpg] Left lines: 0, Right lines: 0
[7dc2914d-a20a969a.jpg] Left lines: 0, Right lines: 0
[7e4ab78b-4a62c63e.jpg] Left lines: 0, Right lines: 0
[7e4ab78b-4a62c63e.jpg] Left lines: 0, Right lines: 0
[7e590c49-93f03732.jpg] Left lines: 0, Right lines: 0
[7e590c49-93f03732.jpg] Left lines: 0, Right lines: 0
[7ed57d0a-d7bcc13d.jpg] Left lines: 0, Right lines: 0
[7ed57d0a-d7bcc13d.jpg] Left lines: 1, Right lines: 0
[7f0ef682-c93899df.jpg] Left lines: 0, Right lines: 0
[7f0ef682-c93899df.jpg] Left lines: 0, Right lines: 0
[7f4ac354-777de900.jpg] Left lines: 0, Right lines: 0
[7f4ac354-777de900.jpg] Left lines: 0, Right lines: 0
[7f9bdf0d-c0e0061f.jpg] Left lines: 0, Right lines: 0
[7f9bdf0d-c0e0061f.jpg] Left lines: 0, Right lines: 0
[7fd14da9-a855494b.jpg] Left lines: 0, Right lines: 0
[7fd14da9-a855494b.jpg] Left lines: 0, Right lines: 0
[801bff84-a72998c7.jpg] Left lines: 0, Right lines: 0
[801bff84-a72998c7.jpg] Left lines: 0, Right lines: 0
[8073de38-f7eab6ec.jpg] Left lines: 0, Right lines: 0
[8073de38-f7eab6ec.jpg] Left lines: 0, Right lines: 0
[8082ea05-1a7bcd47.jpg] Left lines: 0, Right lines: 0
[8082ea05-1a7bcd47.jpg] Left lines: 0, Right lines: 0
[80ecebc0-ca9605f4.jpg] Left lines: 0, Right lines: 0
[80ecebc0-ca9605f4.jpg] Left lines: 0, Right lines: 0
[81ec3b39-1951f79e.jpg] Left lines: 0, Right lines: 0
[81ec3b39-1951f79e.jpg] Left lines: 0, Right lines: 0
[82b14c0c-79b99258.jpg] Left lines: 0, Right lines: 0
[82b14c0c-79b99258.jpg] Left lines: 0, Right lines: 0
[82b5fc3b-90cadd1b.jpg] Left lines: 0, Right lines: 0
[82b5fc3b-90cadd1b.jpg] Left lines: 0, Right lines: 0
[82f03471-8e304dd5.jpg] Left lines: 0, Right lines: 0
[82f03471-8e304dd5.jpg] Left lines: 0, Right lines: 0
[836fa13a-d6058a12.jpg] Left lines: 0, Right lines: 0
[836fa13a-d6058a12.jpg] Left lines: 2, Right lines: 0
[84fb3f59-7d5d1fa4.jpg] Left lines: 0, Right lines: 0
[84fb3f59-7d5d1fa4.jpg] Left lines: 0, Right lines: 0
[8542b4da-7795bcfd.jpg] Left lines: 0, Right lines: 0
[8542b4da-7795bcfd.jpg] Left lines: 0, Right lines: 0
[85f3f250-1fef85ac.jpg] Left lines: 0, Right lines: 0
[85f3f250-1fef85ac.jpg] Left lines: 0, Right lines: 0
[87ca2979-d5158824.jpg] Left lines: 0, Right lines: 0
[87ca2979-d5158824.jpg] Left lines: 0, Right lines: 0
[889b7dda-77f16103.jpg] Left lines: 0, Right lines: 0
[889b7dda-77f16103.jpg] Left lines: 0, Right lines: 0
[88dbf01a-d8b35dee.jpg] Left lines: 0, Right lines: 0
[88dbf01a-d8b35dee.jpg] Left lines: 0, Right lines: 0
[897223bc-6938f1ab.jpg] Left lines: 0, Right lines: 0
[897223bc-6938f1ab.jpg] Left lines: 0, Right lines: 0
[89b7454d-880eacbd.jpg] Left lines: 0, Right lines: 0
[89b7454d-880eacbd.jpg] Left lines: 0, Right lines: 0
[89e85e71-7dd0a7b6.jpg] Left lines: 0, Right lines: 0
[89e85e71-7dd0a7b6.jpg] Left lines: 0, Right lines: 6
[8a4fbffe-47866ce9.jpg] Left lines: 0, Right lines: 0
[8a4fbffe-47866ce9.jpg] Left lines: 0, Right lines: 0
[8a76c101-8bcefc32.jpg] Left lines: 0, Right lines: 0
[8a76c101-8bcefc32.jpg] Left lines: 0, Right lines: 0
[8b7ef6c4-6bbcf25f.jpg] Left lines: 0, Right lines: 0
[8b7ef6c4-6bbcf25f.jpg] Left lines: 0, Right lines: 0
[8bac644e-e0437ead.jpg] Left lines: 0, Right lines: 0
[8bac644e-e0437ead.jpg] Left lines: 0, Right lines: 0
[8c94c649-8ba62efa.jpg] Left lines: 7, Right lines: 0
[8c94c649-8ba62efa.jpg] Left lines: 0, Right lines: 0
[8c9bbaa9-34934b66.jpg] Left lines: 0, Right lines: 0
[8c9bbaa9-34934b66.jpg] Left lines: 0, Right lines: 0
[degraded] motion_blur level_9 (300 images)
[0049e5b8-725e21a0.jpg] Left lines: 0, Right lines: 0
[0049e5b8-725e21a0.jpg] Left lines: 0, Right lines: 0
[0081e27b-17bf4a9e.jpg] Left lines: 0, Right lines: 0
[0081e27b-17bf4a9e.jpg] Left lines: 0, Right lines: 0
[00beeb02-50440dcd.jpg] Left lines: 0, Right lines: 0
[00beeb02-50440dcd.jpg] Left lines: 0, Right lines: 0
[00d4b6b7-7d0a60bf.jpg] Left lines: 0, Right lines: 0
[00d4b6b7-7d0a60bf.jpg] Left lines: 0, Right lines: 0
[01118704-2d838d7f.jpg] Left lines: 0, Right lines: 0
[01118704-2d838d7f.jpg] Left lines: 0, Right lines: 2
[0115917e-14907a6a.jpg] Left lines: 0, Right lines: 1
[0115917e-14907a6a.jpg] Left lines: 0, Right lines: 0
[02188a44-65ad27f3.jpg] Left lines: 0, Right lines: 0
[02188a44-65ad27f3.jpg] Left lines: 0, Right lines: 0
[02494b7b-079febf8.jpg] Left lines: 0, Right lines: 0
[02494b7b-079febf8.jpg] Left lines: 0, Right lines: 0
[029ffd50-dc944dba.jpg] Left lines: 0, Right lines: 0
[029ffd50-dc944dba.jpg] Left lines: 0, Right lines: 0
[0464a98b-860229d5.jpg] Left lines: 0, Right lines: 0
[0464a98b-860229d5.jpg] Left lines: 0, Right lines: 0
[051aadb7-51aad566.jpg] Left lines: 0, Right lines: 0
[051aadb7-51aad566.jpg] Left lines: 0, Right lines: 0
[051aadb7-e953bc4d.jpg] Left lines: 0, Right lines: 0
[051aadb7-e953bc4d.jpg] Left lines: 0, Right lines: 0
[05743a9b-747658e7.jpg] Left lines: 0, Right lines: 0
[05743a9b-747658e7.jpg] Left lines: 0, Right lines: 0
[057af272-6f700aef.jpg] Left lines: 0, Right lines: 0
[057af272-6f700aef.jpg] Left lines: 0, Right lines: 0
[05d62296-30c620d5.jpg] Left lines: 0, Right lines: 0
[05d62296-30c620d5.jpg] Left lines: 0, Right lines: 0
[05e5a68e-f0e05a42.jpg] Left lines: 0, Right lines: 0
[05e5a68e-f0e05a42.jpg] Left lines: 0, Right lines: 0
[05fa6494-8f436d04.jpg] Left lines: 0, Right lines: 0
[05fa6494-8f436d04.jpg] Left lines: 0, Right lines: 0
[060039d9-5218402b.jpg] Left lines: 0, Right lines: 0
[060039d9-5218402b.jpg] Left lines: 0, Right lines: 0
[064aa0d6-f75ff4d5.jpg] Left lines: 0, Right lines: 0
[064aa0d6-f75ff4d5.jpg] Left lines: 0, Right lines: 0
[07de5062-ddddcbd7.jpg] Left lines: 0, Right lines: 0
[07de5062-ddddcbd7.jpg] Left lines: 0, Right lines: 0
[088351d1-30833ddc.jpg] Left lines: 0, Right lines: 0
[088351d1-30833ddc.jpg] Left lines: 0, Right lines: 0
[08a49c01-675d3899.jpg] Left lines: 0, Right lines: 0
[08a49c01-675d3899.jpg] Left lines: 0, Right lines: 0
[08d4285a-4a25b9b6.jpg] Left lines: 0, Right lines: 0
[08d4285a-4a25b9b6.jpg] Left lines: 0, Right lines: 0
[09ac21d6-eefa8ed0.jpg] Left lines: 0, Right lines: 0
[09ac21d6-eefa8ed0.jpg] Left lines: 0, Right lines: 0
[0a0a0b1a-7c39d841.jpg] Left lines: 0, Right lines: 0
[0a0a0b1a-7c39d841.jpg] Left lines: 0, Right lines: 0
[0af6039a-f3c91319.jpg] Left lines: 0, Right lines: 0
[0af6039a-f3c91319.jpg] Left lines: 0, Right lines: 0
[0b2f5d0d-8fddc1fc.jpg] Left lines: 0, Right lines: 0
[0b2f5d0d-8fddc1fc.jpg] Left lines: 0, Right lines: 1
[0b4225f9-bfb10f88.jpg] Left lines: 0, Right lines: 0
[0b4225f9-bfb10f88.jpg] Left lines: 0, Right lines: 0
[0ba08fe3-880ae118.jpg] Left lines: 0, Right lines: 0
[0ba08fe3-880ae118.jpg] Left lines: 0, Right lines: 0
[0c2f33b9-f94d69b5.jpg] Left lines: 0, Right lines: 0
[0c2f33b9-f94d69b5.jpg] Left lines: 0, Right lines: 0
[0c984e6d-2b5d7ee4.jpg] Left lines: 0, Right lines: 0
[0c984e6d-2b5d7ee4.jpg] Left lines: 0, Right lines: 0
[0cb67a01-7cf1687e.jpg] Left lines: 0, Right lines: 0
[0cb67a01-7cf1687e.jpg] Left lines: 0, Right lines: 0
[0cc6f3e8-b4c9e348.jpg] Left lines: 0, Right lines: 0
[0cc6f3e8-b4c9e348.jpg] Left lines: 0, Right lines: 0
[0cf398b3-ce65ab64.jpg] Left lines: 0, Right lines: 0
[0cf398b3-ce65ab64.jpg] Left lines: 0, Right lines: 0
[0d3ec56a-f4cead6f.jpg] Left lines: 0, Right lines: 0
[0d3ec56a-f4cead6f.jpg] Left lines: 0, Right lines: 0
[0d61234a-542010b2.jpg] Left lines: 0, Right lines: 0
[0d61234a-542010b2.jpg] Left lines: 0, Right lines: 3
[0e442b65-b17e0b50.jpg] Left lines: 0, Right lines: 0
[0e442b65-b17e0b50.jpg] Left lines: 0, Right lines: 0
[0e5c7e92-0d9c60f0.jpg] Left lines: 0, Right lines: 0
[0e5c7e92-0d9c60f0.jpg] Left lines: 0, Right lines: 0
[0f837def-9646c091.jpg] Left lines: 0, Right lines: 0
[0f837def-9646c091.jpg] Left lines: 0, Right lines: 1
[0fba84f9-73b520ee.jpg] Left lines: 0, Right lines: 0
[0fba84f9-73b520ee.jpg] Left lines: 0, Right lines: 0
[101a0964-930eae70.jpg] Left lines: 0, Right lines: 0
[101a0964-930eae70.jpg] Left lines: 0, Right lines: 0
[10389fe8-433c740c.jpg] Left lines: 0, Right lines: 0
[10389fe8-433c740c.jpg] Left lines: 0, Right lines: 0
[10453a95-40759ac3.jpg] Left lines: 0, Right lines: 0
[10453a95-40759ac3.jpg] Left lines: 0, Right lines: 0
[1072195f-0a161ade.jpg] Left lines: 0, Right lines: 0
[1072195f-0a161ade.jpg] Left lines: 0, Right lines: 0
[1072195f-6cf88b25.jpg] Left lines: 0, Right lines: 0
[1072195f-6cf88b25.jpg] Left lines: 0, Right lines: 0
[11513e3d-150058c3.jpg] Left lines: 1, Right lines: 0
[11513e3d-150058c3.jpg] Left lines: 1, Right lines: 0
[1189ae68-1a8ad3c6.jpg] Left lines: 0, Right lines: 0
[1189ae68-1a8ad3c6.jpg] Left lines: 0, Right lines: 0
[12076ebb-c07285d7.jpg] Left lines: 0, Right lines: 0
[12076ebb-c07285d7.jpg] Left lines: 0, Right lines: 0
[125134e5-7dfc45b9.jpg] Left lines: 0, Right lines: 0
[125134e5-7dfc45b9.jpg] Left lines: 0, Right lines: 0
[12ae9ab8-794f5adc.jpg] Left lines: 0, Right lines: 0
[12ae9ab8-794f5adc.jpg] Left lines: 0, Right lines: 0
[13f61134-50021e53.jpg] Left lines: 0, Right lines: 0
[13f61134-50021e53.jpg] Left lines: 0, Right lines: 0
[14eace5a-ddf3b303.jpg] Left lines: 0, Right lines: 0
[14eace5a-ddf3b303.jpg] Left lines: 0, Right lines: 0
[1608cfe7-32da2c5d.jpg] Left lines: 0, Right lines: 0
[1608cfe7-32da2c5d.jpg] Left lines: 0, Right lines: 0
[162995f1-d2c7d259.jpg] Left lines: 0, Right lines: 0
[162995f1-d2c7d259.jpg] Left lines: 0, Right lines: 0
[16b0973f-c07b564a.jpg] Left lines: 0, Right lines: 0
[16b0973f-c07b564a.jpg] Left lines: 0, Right lines: 0
[1784d67b-6b223914.jpg] Left lines: 0, Right lines: 0
[1784d67b-6b223914.jpg] Left lines: 0, Right lines: 0
[1784d67b-d76145ce.jpg] Left lines: 0, Right lines: 0
[1784d67b-d76145ce.jpg] Left lines: 0, Right lines: 0
[188c58f3-792afc71.jpg] Left lines: 0, Right lines: 0
[188c58f3-792afc71.jpg] Left lines: 1, Right lines: 0
[193f7f3b-84bc7998.jpg] Left lines: 0, Right lines: 0
[193f7f3b-84bc7998.jpg] Left lines: 0, Right lines: 0
[194058b0-ac0616a6.jpg] Left lines: 0, Right lines: 0
[194058b0-ac0616a6.jpg] Left lines: 0, Right lines: 0
[19e56249-09c4bbc6.jpg] Left lines: 0, Right lines: 0
[19e56249-09c4bbc6.jpg] Left lines: 0, Right lines: 0
[1a71faae-d5f255fd.jpg] Left lines: 0, Right lines: 0
[1a71faae-d5f255fd.jpg] Left lines: 0, Right lines: 0
[1a8992a7-da5a8510.jpg] Left lines: 0, Right lines: 0
[1a8992a7-da5a8510.jpg] Left lines: 0, Right lines: 0
[1ac0178c-0b259360.jpg] Left lines: 0, Right lines: 0
[1ac0178c-0b259360.jpg] Left lines: 0, Right lines: 0
[1b30f76f-95aa8a06.jpg] Left lines: 0, Right lines: 0
[1b30f76f-95aa8a06.jpg] Left lines: 0, Right lines: 0
[1bda5a26-420ceea6.jpg] Left lines: 0, Right lines: 0
[1bda5a26-420ceea6.jpg] Left lines: 0, Right lines: 0
[1bf7f3d2-15f95138.jpg] Left lines: 0, Right lines: 0
[1bf7f3d2-15f95138.jpg] Left lines: 0, Right lines: 1
[1c227a12-10e5552c.jpg] Left lines: 0, Right lines: 0
[1c227a12-10e5552c.jpg] Left lines: 0, Right lines: 0
[1c227a12-ec67af93.jpg] Left lines: 0, Right lines: 0
[1c227a12-ec67af93.jpg] Left lines: 0, Right lines: 0
[1c5e9657-2e2a2863.jpg] Left lines: 0, Right lines: 0
[1c5e9657-2e2a2863.jpg] Left lines: 0, Right lines: 0
[1cb2a89b-4594573e.jpg] Left lines: 0, Right lines: 0
[1cb2a89b-4594573e.jpg] Left lines: 0, Right lines: 0
[1cf54809-c6daa5a9.jpg] Left lines: 0, Right lines: 0
[1cf54809-c6daa5a9.jpg] Left lines: 0, Right lines: 0
[1d5e05f8-5020f67d.jpg] Left lines: 0, Right lines: 0
[1d5e05f8-5020f67d.jpg] Left lines: 0, Right lines: 0
[1e57ae90-806bc767.jpg] Left lines: 0, Right lines: 0
[1e57ae90-806bc767.jpg] Left lines: 0, Right lines: 0
[1f959fdd-6ff63d34.jpg] Left lines: 0, Right lines: 0
[1f959fdd-6ff63d34.jpg] Left lines: 0, Right lines: 0
[1fa65acf-d43367bc.jpg] Left lines: 0, Right lines: 0
[1fa65acf-d43367bc.jpg] Left lines: 0, Right lines: 0
[20cfadfa-47711496.jpg] Left lines: 0, Right lines: 0
[20cfadfa-47711496.jpg] Left lines: 0, Right lines: 0
[20cfadfa-6f87fdc1.jpg] Left lines: 4, Right lines: 0
[20cfadfa-6f87fdc1.jpg] Left lines: 27, Right lines: 2
[225a1858-0e3a4b04.jpg] Left lines: 0, Right lines: 0
[225a1858-0e3a4b04.jpg] Left lines: 0, Right lines: 0
[22be2f14-59fbdca0.jpg] Left lines: 0, Right lines: 1
[22be2f14-59fbdca0.jpg] Left lines: 0, Right lines: 0
[23333f35-0cbc3f0f.jpg] Left lines: 0, Right lines: 0
[23333f35-0cbc3f0f.jpg] Left lines: 0, Right lines: 0
[23df146f-64b50e4c.jpg] Left lines: 0, Right lines: 0
[23df146f-64b50e4c.jpg] Left lines: 0, Right lines: 0
[24392d7c-998011c2.jpg] Left lines: 0, Right lines: 0
[24392d7c-998011c2.jpg] Left lines: 0, Right lines: 0
[250e7595-b14da270.jpg] Left lines: 0, Right lines: 0
[250e7595-b14da270.jpg] Left lines: 0, Right lines: 0
[26190b83-39ccb412.jpg] Left lines: 0, Right lines: 0
[26190b83-39ccb412.jpg] Left lines: 0, Right lines: 0
[272d52f6-8aac36b3.jpg] Left lines: 0, Right lines: 0
[272d52f6-8aac36b3.jpg] Left lines: 0, Right lines: 0
[2752681a-e813599a.jpg] Left lines: 0, Right lines: 0
[2752681a-e813599a.jpg] Left lines: 0, Right lines: 0
[27645526-f038b033.jpg] Left lines: 1, Right lines: 0
[27645526-f038b033.jpg] Left lines: 1, Right lines: 0
[2773af6f-23e23a6b.jpg] Left lines: 0, Right lines: 0
[2773af6f-23e23a6b.jpg] Left lines: 0, Right lines: 0
[28faf684-03ef4c6e.jpg] Left lines: 0, Right lines: 0
[28faf684-03ef4c6e.jpg] Left lines: 0, Right lines: 0
[292720ee-d847ee69.jpg] Left lines: 0, Right lines: 0
[292720ee-d847ee69.jpg] Left lines: 0, Right lines: 0
[2b54fe2d-c5b810e6.jpg] Left lines: 0, Right lines: 0
[2b54fe2d-c5b810e6.jpg] Left lines: 0, Right lines: 0
[2b605c48-8dfe352b.jpg] Left lines: 0, Right lines: 0
[2b605c48-8dfe352b.jpg] Left lines: 0, Right lines: 0
[2beccce2-354608e2.jpg] Left lines: 0, Right lines: 0
[2beccce2-354608e2.jpg] Left lines: 0, Right lines: 0
[2c87e51d-aa7a8031.jpg] Left lines: 0, Right lines: 0
[2c87e51d-aa7a8031.jpg] Left lines: 0, Right lines: 0
[2ce0b449-e818dc97.jpg] Left lines: 0, Right lines: 0
[2ce0b449-e818dc97.jpg] Left lines: 0, Right lines: 0
[2cf976a2-479cd46b.jpg] Left lines: 0, Right lines: 0
[2cf976a2-479cd46b.jpg] Left lines: 0, Right lines: 0
[2e2fae77-b7497ca0.jpg] Left lines: 0, Right lines: 0
[2e2fae77-b7497ca0.jpg] Left lines: 0, Right lines: 0
[2ead8042-2493c03f.jpg] Left lines: 0, Right lines: 0
[2ead8042-2493c03f.jpg] Left lines: 0, Right lines: 0
[2f1864c1-1a17d11c.jpg] Left lines: 0, Right lines: 0
[2f1864c1-1a17d11c.jpg] Left lines: 0, Right lines: 0
[2f879dc0-b09e4824.jpg] Left lines: 0, Right lines: 0
[2f879dc0-b09e4824.jpg] Left lines: 0, Right lines: 0
[2fc9ad1e-ee4c9e43.jpg] Left lines: 0, Right lines: 0
[2fc9ad1e-ee4c9e43.jpg] Left lines: 0, Right lines: 0
[3050b249-0ffbd6ec.jpg] Left lines: 0, Right lines: 0
[3050b249-0ffbd6ec.jpg] Left lines: 0, Right lines: 0
[314cc010-3eab5c90.jpg] Left lines: 0, Right lines: 0
[314cc010-3eab5c90.jpg] Left lines: 0, Right lines: 0
[31765c6b-90b0d612.jpg] Left lines: 0, Right lines: 0
[31765c6b-90b0d612.jpg] Left lines: 0, Right lines: 0
[31cf6eba-5c84c636.jpg] Left lines: 0, Right lines: 0
[31cf6eba-5c84c636.jpg] Left lines: 0, Right lines: 0
[32de2244-122f1783.jpg] Left lines: 0, Right lines: 0
[32de2244-122f1783.jpg] Left lines: 0, Right lines: 0
[33420085-32996107.jpg] Left lines: 0, Right lines: 0
[33420085-32996107.jpg] Left lines: 0, Right lines: 0
[3430a5e6-00ec38d2.jpg] Left lines: 0, Right lines: 0
[3430a5e6-00ec38d2.jpg] Left lines: 0, Right lines: 0
[35eb46d0-8f7e28a0.jpg] Left lines: 0, Right lines: 1
[35eb46d0-8f7e28a0.jpg] Left lines: 0, Right lines: 4
[3735fc3d-69d8b80c.jpg] Left lines: 0, Right lines: 0
[3735fc3d-69d8b80c.jpg] Left lines: 0, Right lines: 0
[3740cd4f-ff1d423d.jpg] Left lines: 0, Right lines: 0
[3740cd4f-ff1d423d.jpg] Left lines: 0, Right lines: 0
[375abba2-9f2ed56c.jpg] Left lines: 0, Right lines: 0
[375abba2-9f2ed56c.jpg] Left lines: 0, Right lines: 0
[37723e55-31730cf5.jpg] Left lines: 0, Right lines: 0
[37723e55-31730cf5.jpg] Left lines: 0, Right lines: 0
[380a3f8e-ba4f0def.jpg] Left lines: 0, Right lines: 0
[380a3f8e-ba4f0def.jpg] Left lines: 0, Right lines: 0
[385b0f61-1aee12ef.jpg] Left lines: 0, Right lines: 0
[385b0f61-1aee12ef.jpg] Left lines: 0, Right lines: 0
[3865fea7-b4fe472d.jpg] Left lines: 0, Right lines: 0
[3865fea7-b4fe472d.jpg] Left lines: 1, Right lines: 0
[38e561dd-8ea8ae2d.jpg] Left lines: 0, Right lines: 0
[38e561dd-8ea8ae2d.jpg] Left lines: 0, Right lines: 0
[38ed8d8d-93c48de2.jpg] Left lines: 0, Right lines: 0
[38ed8d8d-93c48de2.jpg] Left lines: 0, Right lines: 0
[38ed8d8d-b1c230ef.jpg] Left lines: 0, Right lines: 0
[38ed8d8d-b1c230ef.jpg] Left lines: 0, Right lines: 0
[38ed8d8d-fa50400c.jpg] Left lines: 0, Right lines: 0
[38ed8d8d-fa50400c.jpg] Left lines: 0, Right lines: 0
[3900ad8c-8834019f.jpg] Left lines: 0, Right lines: 0
[3900ad8c-8834019f.jpg] Left lines: 0, Right lines: 0
[39ddb110-04604b9c.jpg] Left lines: 0, Right lines: 0
[39ddb110-04604b9c.jpg] Left lines: 0, Right lines: 0
[39fc6d1c-6155351d.jpg] Left lines: 0, Right lines: 0
[39fc6d1c-6155351d.jpg] Left lines: 0, Right lines: 0
[3a278d39-b92df256.jpg] Left lines: 0, Right lines: 0
[3a278d39-b92df256.jpg] Left lines: 0, Right lines: 0
[3a3407a2-df8ea956.jpg] Left lines: 0, Right lines: 0
[3a3407a2-df8ea956.jpg] Left lines: 0, Right lines: 0
[3ad0c4a7-2a3d544e.jpg] Left lines: 0, Right lines: 0
[3ad0c4a7-2a3d544e.jpg] Left lines: 0, Right lines: 0
[3b1e1bc1-ee64e36e.jpg] Left lines: 0, Right lines: 0
[3b1e1bc1-ee64e36e.jpg] Left lines: 0, Right lines: 0
[3b44ef5a-c09e8479.jpg] Left lines: 0, Right lines: 0
[3b44ef5a-c09e8479.jpg] Left lines: 0, Right lines: 0
[3b563c5e-0102edaf.jpg] Left lines: 0, Right lines: 0
[3b563c5e-0102edaf.jpg] Left lines: 0, Right lines: 0
[3b9716a6-d2566395.jpg] Left lines: 0, Right lines: 1
[3b9716a6-d2566395.jpg] Left lines: 0, Right lines: 0
[3c0bbdc2-79baffce.jpg] Left lines: 0, Right lines: 0
[3c0bbdc2-79baffce.jpg] Left lines: 0, Right lines: 0
[3c5752b6-9c0bdf98.jpg] Left lines: 0, Right lines: 0
[3c5752b6-9c0bdf98.jpg] Left lines: 0, Right lines: 0
[3c95ae26-68abac3f.jpg] Left lines: 0, Right lines: 0
[3c95ae26-68abac3f.jpg] Left lines: 0, Right lines: 1
[3e0f1745-a95a63ad.jpg] Left lines: 0, Right lines: 0
[3e0f1745-a95a63ad.jpg] Left lines: 0, Right lines: 0
[3f4eb6a6-9eee52f9.jpg] Left lines: 0, Right lines: 0
[3f4eb6a6-9eee52f9.jpg] Left lines: 0, Right lines: 0
[3f85a987-1ef4053b.jpg] Left lines: 0, Right lines: 0
[3f85a987-1ef4053b.jpg] Left lines: 0, Right lines: 0
[3fe1feaa-10126fec.jpg] Left lines: 0, Right lines: 0
[3fe1feaa-10126fec.jpg] Left lines: 0, Right lines: 0
[3ffdaa26-b394f6f8.jpg] Left lines: 0, Right lines: 0
[3ffdaa26-b394f6f8.jpg] Left lines: 0, Right lines: 2
[4027c10d-41d54e9b.jpg] Left lines: 0, Right lines: 0
[4027c10d-41d54e9b.jpg] Left lines: 0, Right lines: 0
[428e99ea-4166e549.jpg] Left lines: 2, Right lines: 0
[428e99ea-4166e549.jpg] Left lines: 5, Right lines: 0
[42e0dd11-74b81997.jpg] Left lines: 0, Right lines: 0
[42e0dd11-74b81997.jpg] Left lines: 0, Right lines: 0
[430395d1-931c959e.jpg] Left lines: 0, Right lines: 0
[430395d1-931c959e.jpg] Left lines: 0, Right lines: 0
[43126e0d-495d04a5.jpg] Left lines: 0, Right lines: 0
[43126e0d-495d04a5.jpg] Left lines: 0, Right lines: 0
[43126e0d-cce96832.jpg] Left lines: 0, Right lines: 0
[43126e0d-cce96832.jpg] Left lines: 0, Right lines: 0
[432f9e20-83a0d96c.jpg] Left lines: 0, Right lines: 0
[432f9e20-83a0d96c.jpg] Left lines: 0, Right lines: 0
[43c7ed5c-b0690325.jpg] Left lines: 0, Right lines: 0
[43c7ed5c-b0690325.jpg] Left lines: 0, Right lines: 0
[44cc16d9-d2e06fd6.jpg] Left lines: 0, Right lines: 0
[44cc16d9-d2e06fd6.jpg] Left lines: 0, Right lines: 0
[45bafa98-1ee18a2f.jpg] Left lines: 0, Right lines: 0
[45bafa98-1ee18a2f.jpg] Left lines: 0, Right lines: 0
[46d048a1-8f7f385c.jpg] Left lines: 0, Right lines: 0
[46d048a1-8f7f385c.jpg] Left lines: 0, Right lines: 0
[46f76df9-8bf77914.jpg] Left lines: 0, Right lines: 0
[46f76df9-8bf77914.jpg] Left lines: 0, Right lines: 0
[480263a0-5aad7ae9.jpg] Left lines: 0, Right lines: 0
[480263a0-5aad7ae9.jpg] Left lines: 0, Right lines: 0
[488480d6-b94cf415.jpg] Left lines: 0, Right lines: 0
[488480d6-b94cf415.jpg] Left lines: 0, Right lines: 0
[48ed707e-5062e4c3.jpg] Left lines: 0, Right lines: 0
[48ed707e-5062e4c3.jpg] Left lines: 0, Right lines: 0
[4a289ff2-7da7feb6.jpg] Left lines: 0, Right lines: 0
[4a289ff2-7da7feb6.jpg] Left lines: 0, Right lines: 0
[4a31f3e3-ac7ed780.jpg] Left lines: 0, Right lines: 0
[4a31f3e3-ac7ed780.jpg] Left lines: 0, Right lines: 0
[4b2e1dde-65b54419.jpg] Left lines: 0, Right lines: 0
[4b2e1dde-65b54419.jpg] Left lines: 0, Right lines: 0
[4d4a590b-4332c5ab.jpg] Left lines: 0, Right lines: 0
[4d4a590b-4332c5ab.jpg] Left lines: 0, Right lines: 0
[5069db50-52f5af30.jpg] Left lines: 0, Right lines: 0
[5069db50-52f5af30.jpg] Left lines: 0, Right lines: 0
[50866f46-30d1f303.jpg] Left lines: 0, Right lines: 0
[50866f46-30d1f303.jpg] Left lines: 0, Right lines: 0
[50b115d6-4b08a666.jpg] Left lines: 0, Right lines: 0
[50b115d6-4b08a666.jpg] Left lines: 0, Right lines: 0
[50b2e757-6c7d0f63.jpg] Left lines: 0, Right lines: 0
[50b2e757-6c7d0f63.jpg] Left lines: 0, Right lines: 0
[50d0fd05-8db58ebd.jpg] Left lines: 0, Right lines: 0
[50d0fd05-8db58ebd.jpg] Left lines: 0, Right lines: 0
[510671e9-603795e0.jpg] Left lines: 0, Right lines: 0
[510671e9-603795e0.jpg] Left lines: 0, Right lines: 0
[514a6d58-0790e0cd.jpg] Left lines: 0, Right lines: 0
[514a6d58-0790e0cd.jpg] Left lines: 0, Right lines: 0
[5150bb50-300d52ce.jpg] Left lines: 0, Right lines: 0
[5150bb50-300d52ce.jpg] Left lines: 0, Right lines: 0
[52799e9e-8c8673f3.jpg] Left lines: 0, Right lines: 0
[52799e9e-8c8673f3.jpg] Left lines: 0, Right lines: 1
[52bda346-fd8ac6e7.jpg] Left lines: 0, Right lines: 0
[52bda346-fd8ac6e7.jpg] Left lines: 0, Right lines: 0
[534418ba-ee05398f.jpg] Left lines: 0, Right lines: 0
[534418ba-ee05398f.jpg] Left lines: 0, Right lines: 0
[54360b72-e00a3f70.jpg] Left lines: 0, Right lines: 0
[54360b72-e00a3f70.jpg] Left lines: 0, Right lines: 0
[554d7cd5-a32486dd.jpg] Left lines: 0, Right lines: 0
[554d7cd5-a32486dd.jpg] Left lines: 0, Right lines: 0
[559fed19-7893646f.jpg] Left lines: 0, Right lines: 0
[559fed19-7893646f.jpg] Left lines: 0, Right lines: 0
[57165857-e4d4a47f.jpg] Left lines: 0, Right lines: 0
[57165857-e4d4a47f.jpg] Left lines: 0, Right lines: 0
[5795bfe7-a599384a.jpg] Left lines: 0, Right lines: 0
[5795bfe7-a599384a.jpg] Left lines: 0, Right lines: 0
[57ac74e2-e86131f1.jpg] Left lines: 0, Right lines: 0
[57ac74e2-e86131f1.jpg] Left lines: 0, Right lines: 0
[57b495f2-6da6b1e5.jpg] Left lines: 0, Right lines: 0
[57b495f2-6da6b1e5.jpg] Left lines: 0, Right lines: 0
[585443c8-2621a6b1.jpg] Left lines: 0, Right lines: 0
[585443c8-2621a6b1.jpg] Left lines: 0, Right lines: 0
[5877b384-2545daf4.jpg] Left lines: 0, Right lines: 0
[5877b384-2545daf4.jpg] Left lines: 0, Right lines: 0
[587bb1bf-1aa00fe5.jpg] Left lines: 0, Right lines: 0
[587bb1bf-1aa00fe5.jpg] Left lines: 0, Right lines: 0
[5995c288-2d152172.jpg] Left lines: 0, Right lines: 0
[5995c288-2d152172.jpg] Left lines: 0, Right lines: 0
[59cde7c7-344bffb1.jpg] Left lines: 0, Right lines: 0
[59cde7c7-344bffb1.jpg] Left lines: 0, Right lines: 0
[5a8f9b5d-1fdfd2d4.jpg] Left lines: 0, Right lines: 0
[5a8f9b5d-1fdfd2d4.jpg] Left lines: 0, Right lines: 0
[5ae83f9c-da990b49.jpg] Left lines: 0, Right lines: 2
[5ae83f9c-da990b49.jpg] Left lines: 0, Right lines: 6
[5b2b4881-67a6cb87.jpg] Left lines: 0, Right lines: 0
[5b2b4881-67a6cb87.jpg] Left lines: 0, Right lines: 0
[5b2fd56a-37759b05.jpg] Left lines: 0, Right lines: 0
[5b2fd56a-37759b05.jpg] Left lines: 0, Right lines: 0
[5b4b0b07-2fb56b82.jpg] Left lines: 0, Right lines: 0
[5b4b0b07-2fb56b82.jpg] Left lines: 0, Right lines: 0
[5bc44a50-c371c4d0.jpg] Left lines: 0, Right lines: 0
[5bc44a50-c371c4d0.jpg] Left lines: 5, Right lines: 0
[5c4004b7-bf3b7941.jpg] Left lines: 0, Right lines: 0
[5c4004b7-bf3b7941.jpg] Left lines: 0, Right lines: 0
[5c534f5f-a76c7f4b.jpg] Left lines: 0, Right lines: 0
[5c534f5f-a76c7f4b.jpg] Left lines: 0, Right lines: 0
[5c5dc708-35460444.jpg] Left lines: 0, Right lines: 0
[5c5dc708-35460444.jpg] Left lines: 0, Right lines: 0
[5da6c6b6-76c54605.jpg] Left lines: 0, Right lines: 0
[5da6c6b6-76c54605.jpg] Left lines: 0, Right lines: 0
[5dc5141c-5890b5b1.jpg] Left lines: 0, Right lines: 0
[5dc5141c-5890b5b1.jpg] Left lines: 0, Right lines: 0
[5dd831da-bd00cf03.jpg] Left lines: 0, Right lines: 0
[5dd831da-bd00cf03.jpg] Left lines: 0, Right lines: 0
[5dfb063f-7bd23d5c.jpg] Left lines: 0, Right lines: 0
[5dfb063f-7bd23d5c.jpg] Left lines: 0, Right lines: 0
[5e0b701e-d443d8c2.jpg] Left lines: 0, Right lines: 0
[5e0b701e-d443d8c2.jpg] Left lines: 0, Right lines: 0
[5e26f49d-0bc53c7e.jpg] Left lines: 0, Right lines: 0
[5e26f49d-0bc53c7e.jpg] Left lines: 0, Right lines: 0
[5e26f49d-9271bf00.jpg] Left lines: 0, Right lines: 0
[5e26f49d-9271bf00.jpg] Left lines: 0, Right lines: 0
[5e625ec3-7b4fc682.jpg] Left lines: 0, Right lines: 0
[5e625ec3-7b4fc682.jpg] Left lines: 0, Right lines: 0
[5f9387ff-330136ae.jpg] Left lines: 0, Right lines: 0
[5f9387ff-330136ae.jpg] Left lines: 0, Right lines: 0
[5fa17a25-88b8e6b9.jpg] Left lines: 0, Right lines: 0
[5fa17a25-88b8e6b9.jpg] Left lines: 0, Right lines: 0
[5fa422e1-2d8dd765.jpg] Left lines: 0, Right lines: 0
[5fa422e1-2d8dd765.jpg] Left lines: 0, Right lines: 0
[5fb2a702-f56a339c.jpg] Left lines: 0, Right lines: 0
[5fb2a702-f56a339c.jpg] Left lines: 0, Right lines: 0
[6011831b-0992e205.jpg] Left lines: 0, Right lines: 0
[6011831b-0992e205.jpg] Left lines: 0, Right lines: 0
[60137cc0-428b8f5b.jpg] Left lines: 0, Right lines: 0
[60137cc0-428b8f5b.jpg] Left lines: 0, Right lines: 0
[604b5b3e-3c2e6b6b.jpg] Left lines: 0, Right lines: 0
[604b5b3e-3c2e6b6b.jpg] Left lines: 0, Right lines: 0
[6092f5a2-424550ba.jpg] Left lines: 0, Right lines: 0
[6092f5a2-424550ba.jpg] Left lines: 0, Right lines: 0
[60ba25dd-6c0df417.jpg] Left lines: 0, Right lines: 0
[60ba25dd-6c0df417.jpg] Left lines: 0, Right lines: 0
[60c678e7-4813ae0f.jpg] Left lines: 0, Right lines: 0
[60c678e7-4813ae0f.jpg] Left lines: 0, Right lines: 0
[614ecada-16b0f8b6.jpg] Left lines: 0, Right lines: 0
[614ecada-16b0f8b6.jpg] Left lines: 1, Right lines: 0
[61e4ad87-53ceb455.jpg] Left lines: 0, Right lines: 0
[61e4ad87-53ceb455.jpg] Left lines: 0, Right lines: 0
[6240d7b3-b51b5788.jpg] Left lines: 0, Right lines: 0
[6240d7b3-b51b5788.jpg] Left lines: 0, Right lines: 0
[62aefb36-b685117f.jpg] Left lines: 0, Right lines: 0
[62aefb36-b685117f.jpg] Left lines: 0, Right lines: 0
[634c1785-3bb9a8a2.jpg] Left lines: 0, Right lines: 0
[634c1785-3bb9a8a2.jpg] Left lines: 0, Right lines: 0
[634c1785-aeb1652f.jpg] Left lines: 0, Right lines: 0
[634c1785-aeb1652f.jpg] Left lines: 0, Right lines: 0
[63f73472-028615f1.jpg] Left lines: 0, Right lines: 0
[63f73472-028615f1.jpg] Left lines: 0, Right lines: 0
[6485ad0a-245d1600.jpg] Left lines: 0, Right lines: 0
[6485ad0a-245d1600.jpg] Left lines: 0, Right lines: 0
[648dc925-e359dbec.jpg] Left lines: 0, Right lines: 0
[648dc925-e359dbec.jpg] Left lines: 0, Right lines: 0
[65edc5a1-f309fed7.jpg] Left lines: 0, Right lines: 0
[65edc5a1-f309fed7.jpg] Left lines: 0, Right lines: 0
[661381d9-1114a810.jpg] Left lines: 0, Right lines: 0
[661381d9-1114a810.jpg] Left lines: 0, Right lines: 0
[664cb246-f84cfaf4.jpg] Left lines: 0, Right lines: 0
[664cb246-f84cfaf4.jpg] Left lines: 0, Right lines: 0
[675cf8fa-4b1ce8b9.jpg] Left lines: 0, Right lines: 0
[675cf8fa-4b1ce8b9.jpg] Left lines: 0, Right lines: 0
[67faeadf-eb09a636.jpg] Left lines: 0, Right lines: 0
[67faeadf-eb09a636.jpg] Left lines: 0, Right lines: 0
[691be377-5dbc29ee.jpg] Left lines: 0, Right lines: 0
[691be377-5dbc29ee.jpg] Left lines: 0, Right lines: 1
[692f1303-05178963.jpg] Left lines: 0, Right lines: 0
[692f1303-05178963.jpg] Left lines: 0, Right lines: 0
[692f9b08-bdbbd729.jpg] Left lines: 0, Right lines: 0
[692f9b08-bdbbd729.jpg] Left lines: 0, Right lines: 1
[69bfbe31-5ee2a642.jpg] Left lines: 0, Right lines: 0
[69bfbe31-5ee2a642.jpg] Left lines: 0, Right lines: 0
[69cf7667-68f59649.jpg] Left lines: 0, Right lines: 0
[69cf7667-68f59649.jpg] Left lines: 0, Right lines: 1
[69cf7667-7eb40860.jpg] Left lines: 0, Right lines: 0
[69cf7667-7eb40860.jpg] Left lines: 0, Right lines: 0
[6a44fb9a-05a3dd18.jpg] Left lines: 0, Right lines: 0
[6a44fb9a-05a3dd18.jpg] Left lines: 22, Right lines: 0
[6a793e80-4f5e207f.jpg] Left lines: 0, Right lines: 0
[6a793e80-4f5e207f.jpg] Left lines: 2, Right lines: 0
[6a82c0d6-b31f6b90.jpg] Left lines: 0, Right lines: 0
[6a82c0d6-b31f6b90.jpg] Left lines: 0, Right lines: 0
[6a8d218d-14e4fa28.jpg] Left lines: 0, Right lines: 0
[6a8d218d-14e4fa28.jpg] Left lines: 0, Right lines: 0
[6ad110c3-789e7724.jpg] Left lines: 0, Right lines: 0
[6ad110c3-789e7724.jpg] Left lines: 0, Right lines: 0
[6b15392a-3a1699fd.jpg] Left lines: 0, Right lines: 0
[6b15392a-3a1699fd.jpg] Left lines: 0, Right lines: 0
[6b784eee-0a5a2c89.jpg] Left lines: 0, Right lines: 0
[6b784eee-0a5a2c89.jpg] Left lines: 0, Right lines: 0
[6bb5a881-15e5c2c4.jpg] Left lines: 0, Right lines: 0
[6bb5a881-15e5c2c4.jpg] Left lines: 0, Right lines: 0
[6bd41587-d65ba5b4.jpg] Left lines: 0, Right lines: 0
[6bd41587-d65ba5b4.jpg] Left lines: 0, Right lines: 0
[6d0d7bef-fb11b6e1.jpg] Left lines: 0, Right lines: 0
[6d0d7bef-fb11b6e1.jpg] Left lines: 0, Right lines: 0
[6d57736c-a35808b9.jpg] Left lines: 0, Right lines: 0
[6d57736c-a35808b9.jpg] Left lines: 0, Right lines: 2
[6d8a6d94-00a7ad92.jpg] Left lines: 0, Right lines: 0
[6d8a6d94-00a7ad92.jpg] Left lines: 0, Right lines: 0
[6eeed3fa-87a1b0c9.jpg] Left lines: 0, Right lines: 0
[6eeed3fa-87a1b0c9.jpg] Left lines: 0, Right lines: 0
[701992bd-8a457895.jpg] Left lines: 0, Right lines: 0
[701992bd-8a457895.jpg] Left lines: 0, Right lines: 0
[7171644d-4e74752e.jpg] Left lines: 0, Right lines: 0
[7171644d-4e74752e.jpg] Left lines: 0, Right lines: 0
[7171644d-ee92c71e.jpg] Left lines: 0, Right lines: 0
[7171644d-ee92c71e.jpg] Left lines: 0, Right lines: 0
[72f22fa5-8af4615c.jpg] Left lines: 0, Right lines: 0
[72f22fa5-8af4615c.jpg] Left lines: 0, Right lines: 0
[72fd00fe-aeadfc89.jpg] Left lines: 0, Right lines: 0
[72fd00fe-aeadfc89.jpg] Left lines: 0, Right lines: 0
[730c67a5-563e9b1f.jpg] Left lines: 0, Right lines: 0
[730c67a5-563e9b1f.jpg] Left lines: 0, Right lines: 0
[738a2bcd-7a6fde0d.jpg] Left lines: 0, Right lines: 0
[738a2bcd-7a6fde0d.jpg] Left lines: 0, Right lines: 0
[73aff960-d46366ec.jpg] Left lines: 0, Right lines: 0
[73aff960-d46366ec.jpg] Left lines: 0, Right lines: 0
[73d338d6-edf0b3db.jpg] Left lines: 0, Right lines: 0
[73d338d6-edf0b3db.jpg] Left lines: 0, Right lines: 0
[75ad1fff-77299093.jpg] Left lines: 0, Right lines: 0
[75ad1fff-77299093.jpg] Left lines: 0, Right lines: 0
[75f5f52c-6b67e736.jpg] Left lines: 0, Right lines: 0
[75f5f52c-6b67e736.jpg] Left lines: 0, Right lines: 0
[777005a8-14c739ad.jpg] Left lines: 0, Right lines: 0
[777005a8-14c739ad.jpg] Left lines: 0, Right lines: 0
[7771e03b-832e52c0.jpg] Left lines: 0, Right lines: 0
[7771e03b-832e52c0.jpg] Left lines: 0, Right lines: 0
[7771e03b-a8f9d50c.jpg] Left lines: 0, Right lines: 0
[7771e03b-a8f9d50c.jpg] Left lines: 0, Right lines: 0
[7797fea2-c37f9856.jpg] Left lines: 0, Right lines: 0
[7797fea2-c37f9856.jpg] Left lines: 0, Right lines: 0
[77bdbeb0-edb0613f.jpg] Left lines: 0, Right lines: 0
[77bdbeb0-edb0613f.jpg] Left lines: 0, Right lines: 6
[77dca577-16a39ea0.jpg] Left lines: 0, Right lines: 0
[77dca577-16a39ea0.jpg] Left lines: 0, Right lines: 0
[77f810c4-43a39c1f.jpg] Left lines: 0, Right lines: 0
[77f810c4-43a39c1f.jpg] Left lines: 0, Right lines: 0
[7814206e-8e991d51.jpg] Left lines: 0, Right lines: 0
[7814206e-8e991d51.jpg] Left lines: 0, Right lines: 1
[7814206e-ea2508d0.jpg] Left lines: 0, Right lines: 0
[7814206e-ea2508d0.jpg] Left lines: 0, Right lines: 8
[79e177bc-4d5d3acc.jpg] Left lines: 0, Right lines: 0
[79e177bc-4d5d3acc.jpg] Left lines: 0, Right lines: 0
[7aa4ff0f-9d28d8a4.jpg] Left lines: 0, Right lines: 0
[7aa4ff0f-9d28d8a4.jpg] Left lines: 0, Right lines: 0
[7ad1174c-373265eb.jpg] Left lines: 0, Right lines: 0
[7ad1174c-373265eb.jpg] Left lines: 0, Right lines: 0
[7b268b98-e0ec16c3.jpg] Left lines: 0, Right lines: 0
[7b268b98-e0ec16c3.jpg] Left lines: 0, Right lines: 0
[7c5a2048-332896ea.jpg] Left lines: 0, Right lines: 0
[7c5a2048-332896ea.jpg] Left lines: 0, Right lines: 0
[7c5d50c5-7292de37.jpg] Left lines: 0, Right lines: 0
[7c5d50c5-7292de37.jpg] Left lines: 0, Right lines: 0
[7d1fe115-936a2f47.jpg] Left lines: 0, Right lines: 0
[7d1fe115-936a2f47.jpg] Left lines: 0, Right lines: 0
[7dc2914d-a20a969a.jpg] Left lines: 0, Right lines: 0
[7dc2914d-a20a969a.jpg] Left lines: 0, Right lines: 1
[7e4ab78b-4a62c63e.jpg] Left lines: 0, Right lines: 0
[7e4ab78b-4a62c63e.jpg] Left lines: 0, Right lines: 0
[7e590c49-93f03732.jpg] Left lines: 0, Right lines: 0
[7e590c49-93f03732.jpg] Left lines: 0, Right lines: 0
[7ed57d0a-d7bcc13d.jpg] Left lines: 0, Right lines: 0
[7ed57d0a-d7bcc13d.jpg] Left lines: 0, Right lines: 0
[7f0ef682-c93899df.jpg] Left lines: 0, Right lines: 0
[7f0ef682-c93899df.jpg] Left lines: 0, Right lines: 0
[7f4ac354-777de900.jpg] Left lines: 0, Right lines: 0
[7f4ac354-777de900.jpg] Left lines: 0, Right lines: 0
[7f9bdf0d-c0e0061f.jpg] Left lines: 0, Right lines: 0
[7f9bdf0d-c0e0061f.jpg] Left lines: 0, Right lines: 0
[7fd14da9-a855494b.jpg] Left lines: 0, Right lines: 0
[7fd14da9-a855494b.jpg] Left lines: 0, Right lines: 0
[801bff84-a72998c7.jpg] Left lines: 0, Right lines: 0
[801bff84-a72998c7.jpg] Left lines: 0, Right lines: 0
[8073de38-f7eab6ec.jpg] Left lines: 0, Right lines: 0
[8073de38-f7eab6ec.jpg] Left lines: 0, Right lines: 0
[8082ea05-1a7bcd47.jpg] Left lines: 0, Right lines: 0
[8082ea05-1a7bcd47.jpg] Left lines: 0, Right lines: 0
[80ecebc0-ca9605f4.jpg] Left lines: 0, Right lines: 0
[80ecebc0-ca9605f4.jpg] Left lines: 0, Right lines: 0
[81ec3b39-1951f79e.jpg] Left lines: 0, Right lines: 0
[81ec3b39-1951f79e.jpg] Left lines: 0, Right lines: 0
[82b14c0c-79b99258.jpg] Left lines: 0, Right lines: 0
[82b14c0c-79b99258.jpg] Left lines: 0, Right lines: 0
[82b5fc3b-90cadd1b.jpg] Left lines: 0, Right lines: 0
[82b5fc3b-90cadd1b.jpg] Left lines: 0, Right lines: 0
[82f03471-8e304dd5.jpg] Left lines: 0, Right lines: 0
[82f03471-8e304dd5.jpg] Left lines: 0, Right lines: 0
[836fa13a-d6058a12.jpg] Left lines: 0, Right lines: 0
[836fa13a-d6058a12.jpg] Left lines: 0, Right lines: 0
[84fb3f59-7d5d1fa4.jpg] Left lines: 0, Right lines: 0
[84fb3f59-7d5d1fa4.jpg] Left lines: 0, Right lines: 0
[8542b4da-7795bcfd.jpg] Left lines: 0, Right lines: 0
[8542b4da-7795bcfd.jpg] Left lines: 0, Right lines: 0
[85f3f250-1fef85ac.jpg] Left lines: 0, Right lines: 0
[85f3f250-1fef85ac.jpg] Left lines: 0, Right lines: 0
[87ca2979-d5158824.jpg] Left lines: 0, Right lines: 0
[87ca2979-d5158824.jpg] Left lines: 0, Right lines: 0
[889b7dda-77f16103.jpg] Left lines: 0, Right lines: 0
[889b7dda-77f16103.jpg] Left lines: 0, Right lines: 0
[88dbf01a-d8b35dee.jpg] Left lines: 0, Right lines: 0
[88dbf01a-d8b35dee.jpg] Left lines: 0, Right lines: 0
[897223bc-6938f1ab.jpg] Left lines: 0, Right lines: 0
[897223bc-6938f1ab.jpg] Left lines: 0, Right lines: 0
[89b7454d-880eacbd.jpg] Left lines: 0, Right lines: 0
[89b7454d-880eacbd.jpg] Left lines: 0, Right lines: 0
[89e85e71-7dd0a7b6.jpg] Left lines: 0, Right lines: 0
[89e85e71-7dd0a7b6.jpg] Left lines: 0, Right lines: 4
[8a4fbffe-47866ce9.jpg] Left lines: 0, Right lines: 0
[8a4fbffe-47866ce9.jpg] Left lines: 0, Right lines: 0
[8a76c101-8bcefc32.jpg] Left lines: 0, Right lines: 0
[8a76c101-8bcefc32.jpg] Left lines: 0, Right lines: 0
[8b7ef6c4-6bbcf25f.jpg] Left lines: 0, Right lines: 0
[8b7ef6c4-6bbcf25f.jpg] Left lines: 0, Right lines: 0
[8bac644e-e0437ead.jpg] Left lines: 0, Right lines: 0
[8bac644e-e0437ead.jpg] Left lines: 0, Right lines: 0
[8c94c649-8ba62efa.jpg] Left lines: 6, Right lines: 0
[8c94c649-8ba62efa.jpg] Left lines: 0, Right lines: 0
[8c9bbaa9-34934b66.jpg] Left lines: 0, Right lines: 0
[8c9bbaa9-34934b66.jpg] Left lines: 0, Right lines: 0
[degraded] low_light level_1 (300 images)
[0049e5b8-725e21a0.jpg] Left lines: 10, Right lines: 11
[0049e5b8-725e21a0.jpg] Left lines: 17, Right lines: 10
[0081e27b-17bf4a9e.jpg] Left lines: 7, Right lines: 22
[0081e27b-17bf4a9e.jpg] Left lines: 0, Right lines: 0
[00beeb02-50440dcd.jpg] Left lines: 2, Right lines: 2
[00beeb02-50440dcd.jpg] Left lines: 3, Right lines: 1
[00d4b6b7-7d0a60bf.jpg] Left lines: 12, Right lines: 6
[00d4b6b7-7d0a60bf.jpg] Left lines: 5, Right lines: 4
[01118704-2d838d7f.jpg] Left lines: 8, Right lines: 8
[01118704-2d838d7f.jpg] Left lines: 11, Right lines: 4
[0115917e-14907a6a.jpg] Left lines: 14, Right lines: 10
[0115917e-14907a6a.jpg] Left lines: 20, Right lines: 12
[02188a44-65ad27f3.jpg] Left lines: 28, Right lines: 1
[02188a44-65ad27f3.jpg] Left lines: 33, Right lines: 9
[02494b7b-079febf8.jpg] Left lines: 19, Right lines: 11
[02494b7b-079febf8.jpg] Left lines: 29, Right lines: 24
[029ffd50-dc944dba.jpg] Left lines: 10, Right lines: 9
[029ffd50-dc944dba.jpg] Left lines: 5, Right lines: 21
[0464a98b-860229d5.jpg] Left lines: 10, Right lines: 33
[0464a98b-860229d5.jpg] Left lines: 23, Right lines: 11
[051aadb7-51aad566.jpg] Left lines: 12, Right lines: 5
[051aadb7-51aad566.jpg] Left lines: 20, Right lines: 26
[051aadb7-e953bc4d.jpg] Left lines: 3, Right lines: 6
[051aadb7-e953bc4d.jpg] Left lines: 18, Right lines: 23
[05743a9b-747658e7.jpg] Left lines: 11, Right lines: 24
[05743a9b-747658e7.jpg] Left lines: 12, Right lines: 19
[057af272-6f700aef.jpg] Left lines: 0, Right lines: 11
[057af272-6f700aef.jpg] Left lines: 67, Right lines: 17
[05d62296-30c620d5.jpg] Left lines: 5, Right lines: 4
[05d62296-30c620d5.jpg] Left lines: 8, Right lines: 4
[05e5a68e-f0e05a42.jpg] Left lines: 13, Right lines: 5
[05e5a68e-f0e05a42.jpg] Left lines: 0, Right lines: 0
[05fa6494-8f436d04.jpg] Left lines: 18, Right lines: 23
[05fa6494-8f436d04.jpg] Left lines: 22, Right lines: 23
[060039d9-5218402b.jpg] Left lines: 15, Right lines: 16
[060039d9-5218402b.jpg] Left lines: 25, Right lines: 5
[064aa0d6-f75ff4d5.jpg] Left lines: 10, Right lines: 9
[064aa0d6-f75ff4d5.jpg] Left lines: 17, Right lines: 9
[07de5062-ddddcbd7.jpg] Left lines: 2, Right lines: 6
[07de5062-ddddcbd7.jpg] Left lines: 7, Right lines: 4
[088351d1-30833ddc.jpg] Left lines: 15, Right lines: 5
[088351d1-30833ddc.jpg] Left lines: 12, Right lines: 8
[08a49c01-675d3899.jpg] Left lines: 11, Right lines: 10
[08a49c01-675d3899.jpg] Left lines: 18, Right lines: 39
[08d4285a-4a25b9b6.jpg] Left lines: 7, Right lines: 14
[08d4285a-4a25b9b6.jpg] Left lines: 6, Right lines: 16
[09ac21d6-eefa8ed0.jpg] Left lines: 20, Right lines: 16
[09ac21d6-eefa8ed0.jpg] Left lines: 26, Right lines: 17
[0a0a0b1a-7c39d841.jpg] Left lines: 14, Right lines: 9
[0a0a0b1a-7c39d841.jpg] Left lines: 35, Right lines: 2
[0af6039a-f3c91319.jpg] Left lines: 9, Right lines: 4
[0af6039a-f3c91319.jpg] Left lines: 15, Right lines: 10
[0b2f5d0d-8fddc1fc.jpg] Left lines: 12, Right lines: 14
[0b2f5d0d-8fddc1fc.jpg] Left lines: 25, Right lines: 16
[0b4225f9-bfb10f88.jpg] Left lines: 13, Right lines: 5
[0b4225f9-bfb10f88.jpg] Left lines: 13, Right lines: 3
[0ba08fe3-880ae118.jpg] Left lines: 5, Right lines: 14
[0ba08fe3-880ae118.jpg] Left lines: 7, Right lines: 20
[0c2f33b9-f94d69b5.jpg] Left lines: 19, Right lines: 17
[0c2f33b9-f94d69b5.jpg] Left lines: 23, Right lines: 20
[0c984e6d-2b5d7ee4.jpg] Left lines: 5, Right lines: 5
[0c984e6d-2b5d7ee4.jpg] Left lines: 14, Right lines: 11
[0cb67a01-7cf1687e.jpg] Left lines: 25, Right lines: 15
[0cb67a01-7cf1687e.jpg] Left lines: 17, Right lines: 10
[0cc6f3e8-b4c9e348.jpg] Left lines: 12, Right lines: 25
[0cc6f3e8-b4c9e348.jpg] Left lines: 21, Right lines: 33
[0cf398b3-ce65ab64.jpg] Left lines: 4, Right lines: 0
[0cf398b3-ce65ab64.jpg] Left lines: 8, Right lines: 11
[0d3ec56a-f4cead6f.jpg] Left lines: 6, Right lines: 18
[0d3ec56a-f4cead6f.jpg] Left lines: 21, Right lines: 78
[0d61234a-542010b2.jpg] Left lines: 9, Right lines: 12
[0d61234a-542010b2.jpg] Left lines: 17, Right lines: 15
[0e442b65-b17e0b50.jpg] Left lines: 9, Right lines: 6
[0e442b65-b17e0b50.jpg] Left lines: 10, Right lines: 1
[0e5c7e92-0d9c60f0.jpg] Left lines: 13, Right lines: 11
[0e5c7e92-0d9c60f0.jpg] Left lines: 7, Right lines: 3
[0f837def-9646c091.jpg] Left lines: 10, Right lines: 9
[0f837def-9646c091.jpg] Left lines: 9, Right lines: 7
[0fba84f9-73b520ee.jpg] Left lines: 17, Right lines: 14
[0fba84f9-73b520ee.jpg] Left lines: 14, Right lines: 0
[101a0964-930eae70.jpg] Left lines: 10, Right lines: 13
[101a0964-930eae70.jpg] Left lines: 15, Right lines: 14
[10389fe8-433c740c.jpg] Left lines: 23, Right lines: 13
[10389fe8-433c740c.jpg] Left lines: 96, Right lines: 17
[10453a95-40759ac3.jpg] Left lines: 5, Right lines: 9
[10453a95-40759ac3.jpg] Left lines: 5, Right lines: 13
[1072195f-0a161ade.jpg] Left lines: 20, Right lines: 15
[1072195f-0a161ade.jpg] Left lines: 9, Right lines: 13
[1072195f-6cf88b25.jpg] Left lines: 8, Right lines: 13
[1072195f-6cf88b25.jpg] Left lines: 13, Right lines: 16
[11513e3d-150058c3.jpg] Left lines: 10, Right lines: 11
[11513e3d-150058c3.jpg] Left lines: 16, Right lines: 27
[1189ae68-1a8ad3c6.jpg] Left lines: 13, Right lines: 8
[1189ae68-1a8ad3c6.jpg] Left lines: 15, Right lines: 5
[12076ebb-c07285d7.jpg] Left lines: 7, Right lines: 12
[12076ebb-c07285d7.jpg] Left lines: 3, Right lines: 3
[125134e5-7dfc45b9.jpg] Left lines: 6, Right lines: 17
[125134e5-7dfc45b9.jpg] Left lines: 33, Right lines: 8
[12ae9ab8-794f5adc.jpg] Left lines: 46, Right lines: 11
[12ae9ab8-794f5adc.jpg] Left lines: 32, Right lines: 28
[13f61134-50021e53.jpg] Left lines: 1, Right lines: 6
[13f61134-50021e53.jpg] Left lines: 41, Right lines: 0
[14eace5a-ddf3b303.jpg] Left lines: 29, Right lines: 0
[14eace5a-ddf3b303.jpg] Left lines: 27, Right lines: 23
[1608cfe7-32da2c5d.jpg] Left lines: 8, Right lines: 12
[1608cfe7-32da2c5d.jpg] Left lines: 18, Right lines: 15
[162995f1-d2c7d259.jpg] Left lines: 14, Right lines: 12
[162995f1-d2c7d259.jpg] Left lines: 1, Right lines: 8
[16b0973f-c07b564a.jpg] Left lines: 18, Right lines: 7
[16b0973f-c07b564a.jpg] Left lines: 16, Right lines: 2
[1784d67b-6b223914.jpg] Left lines: 13, Right lines: 10
[1784d67b-6b223914.jpg] Left lines: 13, Right lines: 29
[1784d67b-d76145ce.jpg] Left lines: 7, Right lines: 10
[1784d67b-d76145ce.jpg] Left lines: 17, Right lines: 13
[188c58f3-792afc71.jpg] Left lines: 7, Right lines: 27
[188c58f3-792afc71.jpg] Left lines: 9, Right lines: 42
[193f7f3b-84bc7998.jpg] Left lines: 6, Right lines: 7
[193f7f3b-84bc7998.jpg] Left lines: 33, Right lines: 17
[194058b0-ac0616a6.jpg] Left lines: 18, Right lines: 0
[194058b0-ac0616a6.jpg] Left lines: 2, Right lines: 9
[19e56249-09c4bbc6.jpg] Left lines: 3, Right lines: 4
[19e56249-09c4bbc6.jpg] Left lines: 11, Right lines: 28
[1a71faae-d5f255fd.jpg] Left lines: 16, Right lines: 10
[1a71faae-d5f255fd.jpg] Left lines: 18, Right lines: 26
[1a8992a7-da5a8510.jpg] Left lines: 4, Right lines: 9
[1a8992a7-da5a8510.jpg] Left lines: 14, Right lines: 6
[1ac0178c-0b259360.jpg] Left lines: 1, Right lines: 14
[1ac0178c-0b259360.jpg] Left lines: 20, Right lines: 11
[1b30f76f-95aa8a06.jpg] Left lines: 15, Right lines: 7
[1b30f76f-95aa8a06.jpg] Left lines: 17, Right lines: 17
[1bda5a26-420ceea6.jpg] Left lines: 19, Right lines: 1
[1bda5a26-420ceea6.jpg] Left lines: 12, Right lines: 9
[1bf7f3d2-15f95138.jpg] Left lines: 20, Right lines: 16
[1bf7f3d2-15f95138.jpg] Left lines: 36, Right lines: 8
[1c227a12-10e5552c.jpg] Left lines: 3, Right lines: 13
[1c227a12-10e5552c.jpg] Left lines: 7, Right lines: 1
[1c227a12-ec67af93.jpg] Left lines: 8, Right lines: 1
[1c227a12-ec67af93.jpg] Left lines: 23, Right lines: 0
[1c5e9657-2e2a2863.jpg] Left lines: 0, Right lines: 0
[1c5e9657-2e2a2863.jpg] Left lines: 18, Right lines: 13
[1cb2a89b-4594573e.jpg] Left lines: 9, Right lines: 11
[1cb2a89b-4594573e.jpg] Left lines: 11, Right lines: 2
[1cf54809-c6daa5a9.jpg] Left lines: 20, Right lines: 12
[1cf54809-c6daa5a9.jpg] Left lines: 13, Right lines: 0
[1d5e05f8-5020f67d.jpg] Left lines: 33, Right lines: 14
[1d5e05f8-5020f67d.jpg] Left lines: 32, Right lines: 6
[1e57ae90-806bc767.jpg] Left lines: 8, Right lines: 22
[1e57ae90-806bc767.jpg] Left lines: 0, Right lines: 10
[1f959fdd-6ff63d34.jpg] Left lines: 4, Right lines: 11
[1f959fdd-6ff63d34.jpg] Left lines: 4, Right lines: 10
[1fa65acf-d43367bc.jpg] Left lines: 18, Right lines: 5
[1fa65acf-d43367bc.jpg] Left lines: 2, Right lines: 19
[20cfadfa-47711496.jpg] Left lines: 13, Right lines: 11
[20cfadfa-47711496.jpg] Left lines: 22, Right lines: 14
[20cfadfa-6f87fdc1.jpg] Left lines: 25, Right lines: 27
[20cfadfa-6f87fdc1.jpg] Left lines: 53, Right lines: 33
[225a1858-0e3a4b04.jpg] Left lines: 2, Right lines: 0
[225a1858-0e3a4b04.jpg] Left lines: 6, Right lines: 4
[22be2f14-59fbdca0.jpg] Left lines: 11, Right lines: 17
[22be2f14-59fbdca0.jpg] Left lines: 20, Right lines: 10
[23333f35-0cbc3f0f.jpg] Left lines: 6, Right lines: 5
[23333f35-0cbc3f0f.jpg] Left lines: 3, Right lines: 1
[23df146f-64b50e4c.jpg] Left lines: 20, Right lines: 22
[23df146f-64b50e4c.jpg] Left lines: 22, Right lines: 37
[24392d7c-998011c2.jpg] Left lines: 14, Right lines: 11
[24392d7c-998011c2.jpg] Left lines: 16, Right lines: 5
[250e7595-b14da270.jpg] Left lines: 21, Right lines: 4
[250e7595-b14da270.jpg] Left lines: 11, Right lines: 13
[26190b83-39ccb412.jpg] Left lines: 2, Right lines: 30
[26190b83-39ccb412.jpg] Left lines: 14, Right lines: 22
[272d52f6-8aac36b3.jpg] Left lines: 10, Right lines: 8
[272d52f6-8aac36b3.jpg] Left lines: 13, Right lines: 11
[2752681a-e813599a.jpg] Left lines: 18, Right lines: 10
[2752681a-e813599a.jpg] Left lines: 15, Right lines: 12
[27645526-f038b033.jpg] Left lines: 67, Right lines: 1
[27645526-f038b033.jpg] Left lines: 30, Right lines: 14
[2773af6f-23e23a6b.jpg] Left lines: 11, Right lines: 13
[2773af6f-23e23a6b.jpg] Left lines: 14, Right lines: 20
[28faf684-03ef4c6e.jpg] Left lines: 8, Right lines: 15
[28faf684-03ef4c6e.jpg] Left lines: 10, Right lines: 13
[292720ee-d847ee69.jpg] Left lines: 9, Right lines: 9
[292720ee-d847ee69.jpg] Left lines: 7, Right lines: 12
[2b54fe2d-c5b810e6.jpg] Left lines: 21, Right lines: 15
[2b54fe2d-c5b810e6.jpg] Left lines: 33, Right lines: 21
[2b605c48-8dfe352b.jpg] Left lines: 16, Right lines: 22
[2b605c48-8dfe352b.jpg] Left lines: 9, Right lines: 24
[2beccce2-354608e2.jpg] Left lines: 23, Right lines: 22
[2beccce2-354608e2.jpg] Left lines: 45, Right lines: 238
[2c87e51d-aa7a8031.jpg] Left lines: 30, Right lines: 5
[2c87e51d-aa7a8031.jpg] Left lines: 30, Right lines: 12
[2ce0b449-e818dc97.jpg] Left lines: 5, Right lines: 3
[2ce0b449-e818dc97.jpg] Left lines: 13, Right lines: 9
[2cf976a2-479cd46b.jpg] Left lines: 8, Right lines: 4
[2cf976a2-479cd46b.jpg] Left lines: 2, Right lines: 11
[2e2fae77-b7497ca0.jpg] Left lines: 11, Right lines: 18
[2e2fae77-b7497ca0.jpg] Left lines: 5, Right lines: 4
[2ead8042-2493c03f.jpg] Left lines: 5, Right lines: 6
[2ead8042-2493c03f.jpg] Left lines: 5, Right lines: 14
[2f1864c1-1a17d11c.jpg] Left lines: 13, Right lines: 16
[2f1864c1-1a17d11c.jpg] Left lines: 17, Right lines: 7
[2f879dc0-b09e4824.jpg] Left lines: 10, Right lines: 16
[2f879dc0-b09e4824.jpg] Left lines: 10, Right lines: 10
[2fc9ad1e-ee4c9e43.jpg] Left lines: 6, Right lines: 4
[2fc9ad1e-ee4c9e43.jpg] Left lines: 15, Right lines: 15
[3050b249-0ffbd6ec.jpg] Left lines: 7, Right lines: 4
[3050b249-0ffbd6ec.jpg] Left lines: 11, Right lines: 20
[314cc010-3eab5c90.jpg] Left lines: 6, Right lines: 14
[314cc010-3eab5c90.jpg] Left lines: 33, Right lines: 8
[31765c6b-90b0d612.jpg] Left lines: 12, Right lines: 13
[31765c6b-90b0d612.jpg] Left lines: 14, Right lines: 4
[31cf6eba-5c84c636.jpg] Left lines: 5, Right lines: 8
[31cf6eba-5c84c636.jpg] Left lines: 21, Right lines: 8
[32de2244-122f1783.jpg] Left lines: 7, Right lines: 11
[32de2244-122f1783.jpg] Left lines: 8, Right lines: 13
[33420085-32996107.jpg] Left lines: 32, Right lines: 10
[33420085-32996107.jpg] Left lines: 34, Right lines: 50
[3430a5e6-00ec38d2.jpg] Left lines: 13, Right lines: 6
[3430a5e6-00ec38d2.jpg] Left lines: 13, Right lines: 9
[35eb46d0-8f7e28a0.jpg] Left lines: 14, Right lines: 17
[35eb46d0-8f7e28a0.jpg] Left lines: 33, Right lines: 31
[3735fc3d-69d8b80c.jpg] Left lines: 14, Right lines: 10
[3735fc3d-69d8b80c.jpg] Left lines: 5, Right lines: 4
[3740cd4f-ff1d423d.jpg] Left lines: 4, Right lines: 9
[3740cd4f-ff1d423d.jpg] Left lines: 8, Right lines: 3
[375abba2-9f2ed56c.jpg] Left lines: 14, Right lines: 12
[375abba2-9f2ed56c.jpg] Left lines: 16, Right lines: 4
[37723e55-31730cf5.jpg] Left lines: 4, Right lines: 6
[37723e55-31730cf5.jpg] Left lines: 9, Right lines: 16
[380a3f8e-ba4f0def.jpg] Left lines: 24, Right lines: 12
[380a3f8e-ba4f0def.jpg] Left lines: 28, Right lines: 32
[385b0f61-1aee12ef.jpg] Left lines: 10, Right lines: 7
[385b0f61-1aee12ef.jpg] Left lines: 20, Right lines: 13
[3865fea7-b4fe472d.jpg] Left lines: 14, Right lines: 17
[3865fea7-b4fe472d.jpg] Left lines: 20, Right lines: 19
[38e561dd-8ea8ae2d.jpg] Left lines: 7, Right lines: 14
[38e561dd-8ea8ae2d.jpg] Left lines: 18, Right lines: 26
[38ed8d8d-93c48de2.jpg] Left lines: 16, Right lines: 6
[38ed8d8d-93c48de2.jpg] Left lines: 16, Right lines: 8
[38ed8d8d-b1c230ef.jpg] Left lines: 4, Right lines: 3
[38ed8d8d-b1c230ef.jpg] Left lines: 4, Right lines: 19
[38ed8d8d-fa50400c.jpg] Left lines: 13, Right lines: 19
[38ed8d8d-fa50400c.jpg] Left lines: 14, Right lines: 30
[3900ad8c-8834019f.jpg] Left lines: 0, Right lines: 2
[3900ad8c-8834019f.jpg] Left lines: 0, Right lines: 14
[39ddb110-04604b9c.jpg] Left lines: 1, Right lines: 12
[39ddb110-04604b9c.jpg] Left lines: 1, Right lines: 14
[39fc6d1c-6155351d.jpg] Left lines: 0, Right lines: 18
[39fc6d1c-6155351d.jpg] Left lines: 7, Right lines: 36
[3a278d39-b92df256.jpg] Left lines: 13, Right lines: 11
[3a278d39-b92df256.jpg] Left lines: 14, Right lines: 11
[3a3407a2-df8ea956.jpg] Left lines: 0, Right lines: 0
[3a3407a2-df8ea956.jpg] Left lines: 8, Right lines: 2
[3ad0c4a7-2a3d544e.jpg] Left lines: 11, Right lines: 5
[3ad0c4a7-2a3d544e.jpg] Left lines: 6, Right lines: 23
[3b1e1bc1-ee64e36e.jpg] Left lines: 14, Right lines: 16
[3b1e1bc1-ee64e36e.jpg] Left lines: 0, Right lines: 21
[3b44ef5a-c09e8479.jpg] Left lines: 9, Right lines: 11
[3b44ef5a-c09e8479.jpg] Left lines: 20, Right lines: 10
[3b563c5e-0102edaf.jpg] Left lines: 4, Right lines: 14
[3b563c5e-0102edaf.jpg] Left lines: 44, Right lines: 40
[3b9716a6-d2566395.jpg] Left lines: 27, Right lines: 9
[3b9716a6-d2566395.jpg] Left lines: 36, Right lines: 15
[3c0bbdc2-79baffce.jpg] Left lines: 15, Right lines: 7
[3c0bbdc2-79baffce.jpg] Left lines: 33, Right lines: 11
[3c5752b6-9c0bdf98.jpg] Left lines: 8, Right lines: 9
[3c5752b6-9c0bdf98.jpg] Left lines: 5, Right lines: 14
[3c95ae26-68abac3f.jpg] Left lines: 8, Right lines: 6
[3c95ae26-68abac3f.jpg] Left lines: 10, Right lines: 15
[3e0f1745-a95a63ad.jpg] Left lines: 12, Right lines: 20
[3e0f1745-a95a63ad.jpg] Left lines: 6, Right lines: 17
[3f4eb6a6-9eee52f9.jpg] Left lines: 18, Right lines: 9
[3f4eb6a6-9eee52f9.jpg] Left lines: 46, Right lines: 25
[3f85a987-1ef4053b.jpg] Left lines: 2, Right lines: 2
[3f85a987-1ef4053b.jpg] Left lines: 5, Right lines: 3
[3fe1feaa-10126fec.jpg] Left lines: 8, Right lines: 8
[3fe1feaa-10126fec.jpg] Left lines: 0, Right lines: 2
[3ffdaa26-b394f6f8.jpg] Left lines: 2, Right lines: 19
[3ffdaa26-b394f6f8.jpg] Left lines: 8, Right lines: 22
[4027c10d-41d54e9b.jpg] Left lines: 5, Right lines: 15
[4027c10d-41d54e9b.jpg] Left lines: 17, Right lines: 8
[428e99ea-4166e549.jpg] Left lines: 37, Right lines: 7
[428e99ea-4166e549.jpg] Left lines: 38, Right lines: 10
[42e0dd11-74b81997.jpg] Left lines: 3, Right lines: 11
[42e0dd11-74b81997.jpg] Left lines: 3, Right lines: 13
[430395d1-931c959e.jpg] Left lines: 3, Right lines: 7
[430395d1-931c959e.jpg] Left lines: 30, Right lines: 19
[43126e0d-495d04a5.jpg] Left lines: 8, Right lines: 4
[43126e0d-495d04a5.jpg] Left lines: 9, Right lines: 27
[43126e0d-cce96832.jpg] Left lines: 21, Right lines: 9
[43126e0d-cce96832.jpg] Left lines: 28, Right lines: 32
[432f9e20-83a0d96c.jpg] Left lines: 16, Right lines: 15
[432f9e20-83a0d96c.jpg] Left lines: 11, Right lines: 5
[43c7ed5c-b0690325.jpg] Left lines: 1, Right lines: 4
[43c7ed5c-b0690325.jpg] Left lines: 3, Right lines: 6
[44cc16d9-d2e06fd6.jpg] Left lines: 6, Right lines: 6
[44cc16d9-d2e06fd6.jpg] Left lines: 8, Right lines: 22
[45bafa98-1ee18a2f.jpg] Left lines: 2, Right lines: 8
[45bafa98-1ee18a2f.jpg] Left lines: 9, Right lines: 9
[46d048a1-8f7f385c.jpg] Left lines: 4, Right lines: 8
[46d048a1-8f7f385c.jpg] Left lines: 9, Right lines: 10
[46f76df9-8bf77914.jpg] Left lines: 10, Right lines: 14
[46f76df9-8bf77914.jpg] Left lines: 9, Right lines: 11
[480263a0-5aad7ae9.jpg] Left lines: 3, Right lines: 47
[480263a0-5aad7ae9.jpg] Left lines: 0, Right lines: 57
[488480d6-b94cf415.jpg] Left lines: 8, Right lines: 16
[488480d6-b94cf415.jpg] Left lines: 14, Right lines: 29
[48ed707e-5062e4c3.jpg] Left lines: 12, Right lines: 5
[48ed707e-5062e4c3.jpg] Left lines: 7, Right lines: 6
[4a289ff2-7da7feb6.jpg] Left lines: 0, Right lines: 5
[4a289ff2-7da7feb6.jpg] Left lines: 1, Right lines: 7
[4a31f3e3-ac7ed780.jpg] Left lines: 39, Right lines: 4
[4a31f3e3-ac7ed780.jpg] Left lines: 33, Right lines: 17
[4b2e1dde-65b54419.jpg] Left lines: 6, Right lines: 12
[4b2e1dde-65b54419.jpg] Left lines: 10, Right lines: 12
[4d4a590b-4332c5ab.jpg] Left lines: 14, Right lines: 8
[4d4a590b-4332c5ab.jpg] Left lines: 13, Right lines: 11
[5069db50-52f5af30.jpg] Left lines: 26, Right lines: 10
[5069db50-52f5af30.jpg] Left lines: 32, Right lines: 12
[50866f46-30d1f303.jpg] Left lines: 12, Right lines: 15
[50866f46-30d1f303.jpg] Left lines: 9, Right lines: 20
[50b115d6-4b08a666.jpg] Left lines: 0, Right lines: 9
[50b115d6-4b08a666.jpg] Left lines: 47, Right lines: 3
[50b2e757-6c7d0f63.jpg] Left lines: 9, Right lines: 10
[50b2e757-6c7d0f63.jpg] Left lines: 16, Right lines: 20
[50d0fd05-8db58ebd.jpg] Left lines: 3, Right lines: 2
[50d0fd05-8db58ebd.jpg] Left lines: 1, Right lines: 7
[510671e9-603795e0.jpg] Left lines: 11, Right lines: 23
[510671e9-603795e0.jpg] Left lines: 43, Right lines: 7
[514a6d58-0790e0cd.jpg] Left lines: 11, Right lines: 17
[514a6d58-0790e0cd.jpg] Left lines: 10, Right lines: 15
[5150bb50-300d52ce.jpg] Left lines: 13, Right lines: 24
[5150bb50-300d52ce.jpg] Left lines: 9, Right lines: 27
[52799e9e-8c8673f3.jpg] Left lines: 8, Right lines: 9
[52799e9e-8c8673f3.jpg] Left lines: 18, Right lines: 16
[52bda346-fd8ac6e7.jpg] Left lines: 3, Right lines: 10
[52bda346-fd8ac6e7.jpg] Left lines: 9, Right lines: 82
[534418ba-ee05398f.jpg] Left lines: 15, Right lines: 10
[534418ba-ee05398f.jpg] Left lines: 10, Right lines: 10
[54360b72-e00a3f70.jpg] Left lines: 26, Right lines: 19
[54360b72-e00a3f70.jpg] Left lines: 17, Right lines: 11
[554d7cd5-a32486dd.jpg] Left lines: 11, Right lines: 14
[554d7cd5-a32486dd.jpg] Left lines: 34, Right lines: 30
[559fed19-7893646f.jpg] Left lines: 2, Right lines: 9
[559fed19-7893646f.jpg] Left lines: 10, Right lines: 26
[57165857-e4d4a47f.jpg] Left lines: 2, Right lines: 3
[57165857-e4d4a47f.jpg] Left lines: 2, Right lines: 13
[5795bfe7-a599384a.jpg] Left lines: 7, Right lines: 5
[5795bfe7-a599384a.jpg] Left lines: 36, Right lines: 14
[57ac74e2-e86131f1.jpg] Left lines: 9, Right lines: 36
[57ac74e2-e86131f1.jpg] Left lines: 15, Right lines: 147
[57b495f2-6da6b1e5.jpg] Left lines: 3, Right lines: 3
[57b495f2-6da6b1e5.jpg] Left lines: 4, Right lines: 1
[585443c8-2621a6b1.jpg] Left lines: 8, Right lines: 7
[585443c8-2621a6b1.jpg] Left lines: 9, Right lines: 12
[5877b384-2545daf4.jpg] Left lines: 24, Right lines: 7
[5877b384-2545daf4.jpg] Left lines: 10, Right lines: 4
[587bb1bf-1aa00fe5.jpg] Left lines: 19, Right lines: 12
[587bb1bf-1aa00fe5.jpg] Left lines: 71, Right lines: 30
[5995c288-2d152172.jpg] Left lines: 15, Right lines: 0
[5995c288-2d152172.jpg] Left lines: 14, Right lines: 2
[59cde7c7-344bffb1.jpg] Left lines: 4, Right lines: 0
[59cde7c7-344bffb1.jpg] Left lines: 2, Right lines: 15
[5a8f9b5d-1fdfd2d4.jpg] Left lines: 18, Right lines: 12
[5a8f9b5d-1fdfd2d4.jpg] Left lines: 7, Right lines: 13
[5ae83f9c-da990b49.jpg] Left lines: 10, Right lines: 17
[5ae83f9c-da990b49.jpg] Left lines: 19, Right lines: 111
[5b2b4881-67a6cb87.jpg] Left lines: 5, Right lines: 2
[5b2b4881-67a6cb87.jpg] Left lines: 20, Right lines: 3
[5b2fd56a-37759b05.jpg] Left lines: 15, Right lines: 16
[5b2fd56a-37759b05.jpg] Left lines: 12, Right lines: 1
[5b4b0b07-2fb56b82.jpg] Left lines: 9, Right lines: 10
[5b4b0b07-2fb56b82.jpg] Left lines: 0, Right lines: 5
[5bc44a50-c371c4d0.jpg] Left lines: 11, Right lines: 6
[5bc44a50-c371c4d0.jpg] Left lines: 5, Right lines: 0
[5c4004b7-bf3b7941.jpg] Left lines: 13, Right lines: 7
[5c4004b7-bf3b7941.jpg] Left lines: 22, Right lines: 8
[5c534f5f-a76c7f4b.jpg] Left lines: 9, Right lines: 14
[5c534f5f-a76c7f4b.jpg] Left lines: 15, Right lines: 11
[5c5dc708-35460444.jpg] Left lines: 4, Right lines: 6
[5c5dc708-35460444.jpg] Left lines: 3, Right lines: 50
[5da6c6b6-76c54605.jpg] Left lines: 1, Right lines: 5
[5da6c6b6-76c54605.jpg] Left lines: 13, Right lines: 15
[5dc5141c-5890b5b1.jpg] Left lines: 1, Right lines: 9
[5dc5141c-5890b5b1.jpg] Left lines: 1, Right lines: 7
[5dd831da-bd00cf03.jpg] Left lines: 16, Right lines: 13
[5dd831da-bd00cf03.jpg] Left lines: 0, Right lines: 13
[5dfb063f-7bd23d5c.jpg] Left lines: 13, Right lines: 7
[5dfb063f-7bd23d5c.jpg] Left lines: 9, Right lines: 27
[5e0b701e-d443d8c2.jpg] Left lines: 10, Right lines: 15
[5e0b701e-d443d8c2.jpg] Left lines: 8, Right lines: 29
[5e26f49d-0bc53c7e.jpg] Left lines: 21, Right lines: 0
[5e26f49d-0bc53c7e.jpg] Left lines: 39, Right lines: 1
[5e26f49d-9271bf00.jpg] Left lines: 12, Right lines: 14
[5e26f49d-9271bf00.jpg] Left lines: 32, Right lines: 20
[5e625ec3-7b4fc682.jpg] Left lines: 15, Right lines: 15
[5e625ec3-7b4fc682.jpg] Left lines: 18, Right lines: 32
[5f9387ff-330136ae.jpg] Left lines: 18, Right lines: 3
[5f9387ff-330136ae.jpg] Left lines: 17, Right lines: 7
[5fa17a25-88b8e6b9.jpg] Left lines: 25, Right lines: 13
[5fa17a25-88b8e6b9.jpg] Left lines: 32, Right lines: 20
[5fa422e1-2d8dd765.jpg] Left lines: 24, Right lines: 4
[5fa422e1-2d8dd765.jpg] Left lines: 71, Right lines: 8
[5fb2a702-f56a339c.jpg] Left lines: 11, Right lines: 6
[5fb2a702-f56a339c.jpg] Left lines: 10, Right lines: 11
[6011831b-0992e205.jpg] Left lines: 21, Right lines: 17
[6011831b-0992e205.jpg] Left lines: 6, Right lines: 3
[60137cc0-428b8f5b.jpg] Left lines: 10, Right lines: 1
[60137cc0-428b8f5b.jpg] Left lines: 10, Right lines: 20
[604b5b3e-3c2e6b6b.jpg] Left lines: 10, Right lines: 10
[604b5b3e-3c2e6b6b.jpg] Left lines: 8, Right lines: 13
[6092f5a2-424550ba.jpg] Left lines: 21, Right lines: 15
[6092f5a2-424550ba.jpg] Left lines: 63, Right lines: 16
[60ba25dd-6c0df417.jpg] Left lines: 7, Right lines: 10
[60ba25dd-6c0df417.jpg] Left lines: 13, Right lines: 18
[60c678e7-4813ae0f.jpg] Left lines: 9, Right lines: 7
[60c678e7-4813ae0f.jpg] Left lines: 43, Right lines: 1
[614ecada-16b0f8b6.jpg] Left lines: 11, Right lines: 19
[614ecada-16b0f8b6.jpg] Left lines: 22, Right lines: 30
[61e4ad87-53ceb455.jpg] Left lines: 35, Right lines: 15
[61e4ad87-53ceb455.jpg] Left lines: 20, Right lines: 6
[6240d7b3-b51b5788.jpg] Left lines: 7, Right lines: 12
[6240d7b3-b51b5788.jpg] Left lines: 9, Right lines: 13
[62aefb36-b685117f.jpg] Left lines: 12, Right lines: 19
[62aefb36-b685117f.jpg] Left lines: 22, Right lines: 28
[634c1785-3bb9a8a2.jpg] Left lines: 12, Right lines: 12
[634c1785-3bb9a8a2.jpg] Left lines: 12, Right lines: 23
[634c1785-aeb1652f.jpg] Left lines: 19, Right lines: 15
[634c1785-aeb1652f.jpg] Left lines: 28, Right lines: 21
[63f73472-028615f1.jpg] Left lines: 17, Right lines: 14
[63f73472-028615f1.jpg] Left lines: 22, Right lines: 22
[6485ad0a-245d1600.jpg] Left lines: 27, Right lines: 13
[6485ad0a-245d1600.jpg] Left lines: 25, Right lines: 29
[648dc925-e359dbec.jpg] Left lines: 20, Right lines: 6
[648dc925-e359dbec.jpg] Left lines: 23, Right lines: 4
[65edc5a1-f309fed7.jpg] Left lines: 15, Right lines: 19
[65edc5a1-f309fed7.jpg] Left lines: 26, Right lines: 21
[661381d9-1114a810.jpg] Left lines: 18, Right lines: 4
[661381d9-1114a810.jpg] Left lines: 24, Right lines: 9
[664cb246-f84cfaf4.jpg] Left lines: 12, Right lines: 12
[664cb246-f84cfaf4.jpg] Left lines: 72, Right lines: 13
[675cf8fa-4b1ce8b9.jpg] Left lines: 20, Right lines: 12
[675cf8fa-4b1ce8b9.jpg] Left lines: 19, Right lines: 9
[67faeadf-eb09a636.jpg] Left lines: 0, Right lines: 8
[67faeadf-eb09a636.jpg] Left lines: 11, Right lines: 5
[691be377-5dbc29ee.jpg] Left lines: 4, Right lines: 10
[691be377-5dbc29ee.jpg] Left lines: 6, Right lines: 12
[692f1303-05178963.jpg] Left lines: 7, Right lines: 4
[692f1303-05178963.jpg] Left lines: 6, Right lines: 0
[692f9b08-bdbbd729.jpg] Left lines: 26, Right lines: 7
[692f9b08-bdbbd729.jpg] Left lines: 29, Right lines: 20
[69bfbe31-5ee2a642.jpg] Left lines: 33, Right lines: 12
[69bfbe31-5ee2a642.jpg] Left lines: 12, Right lines: 5
[69cf7667-68f59649.jpg] Left lines: 10, Right lines: 7
[69cf7667-68f59649.jpg] Left lines: 13, Right lines: 3
[69cf7667-7eb40860.jpg] Left lines: 22, Right lines: 5
[69cf7667-7eb40860.jpg] Left lines: 45, Right lines: 11
[6a44fb9a-05a3dd18.jpg] Left lines: 23, Right lines: 14
[6a44fb9a-05a3dd18.jpg] Left lines: 20, Right lines: 17
[6a793e80-4f5e207f.jpg] Left lines: 9, Right lines: 7
[6a793e80-4f5e207f.jpg] Left lines: 12, Right lines: 3
[6a82c0d6-b31f6b90.jpg] Left lines: 0, Right lines: 20
[6a82c0d6-b31f6b90.jpg] Left lines: 3, Right lines: 2
[6a8d218d-14e4fa28.jpg] Left lines: 0, Right lines: 2
[6a8d218d-14e4fa28.jpg] Left lines: 13, Right lines: 15
[6ad110c3-789e7724.jpg] Left lines: 5, Right lines: 10
[6ad110c3-789e7724.jpg] Left lines: 27, Right lines: 12
[6b15392a-3a1699fd.jpg] Left lines: 31, Right lines: 19
[6b15392a-3a1699fd.jpg] Left lines: 16, Right lines: 49
[6b784eee-0a5a2c89.jpg] Left lines: 27, Right lines: 11
[6b784eee-0a5a2c89.jpg] Left lines: 34, Right lines: 7
[6bb5a881-15e5c2c4.jpg] Left lines: 10, Right lines: 0
[6bb5a881-15e5c2c4.jpg] Left lines: 4, Right lines: 14
[6bd41587-d65ba5b4.jpg] Left lines: 5, Right lines: 3
[6bd41587-d65ba5b4.jpg] Left lines: 5, Right lines: 4
[6d0d7bef-fb11b6e1.jpg] Left lines: 9, Right lines: 7
[6d0d7bef-fb11b6e1.jpg] Left lines: 23, Right lines: 13
[6d57736c-a35808b9.jpg] Left lines: 12, Right lines: 6
[6d57736c-a35808b9.jpg] Left lines: 19, Right lines: 5
[6d8a6d94-00a7ad92.jpg] Left lines: 3, Right lines: 6
[6d8a6d94-00a7ad92.jpg] Left lines: 28, Right lines: 24
[6eeed3fa-87a1b0c9.jpg] Left lines: 6, Right lines: 13
[6eeed3fa-87a1b0c9.jpg] Left lines: 7, Right lines: 13
[701992bd-8a457895.jpg] Left lines: 17, Right lines: 15
[701992bd-8a457895.jpg] Left lines: 14, Right lines: 11
[7171644d-4e74752e.jpg] Left lines: 6, Right lines: 25
[7171644d-4e74752e.jpg] Left lines: 6, Right lines: 28
[7171644d-ee92c71e.jpg] Left lines: 11, Right lines: 21
[7171644d-ee92c71e.jpg] Left lines: 9, Right lines: 31
[72f22fa5-8af4615c.jpg] Left lines: 22, Right lines: 15
[72f22fa5-8af4615c.jpg] Left lines: 44, Right lines: 18
[72fd00fe-aeadfc89.jpg] Left lines: 10, Right lines: 12
[72fd00fe-aeadfc89.jpg] Left lines: 13, Right lines: 13
[730c67a5-563e9b1f.jpg] Left lines: 13, Right lines: 12
[730c67a5-563e9b1f.jpg] Left lines: 15, Right lines: 18
[738a2bcd-7a6fde0d.jpg] Left lines: 5, Right lines: 6
[738a2bcd-7a6fde0d.jpg] Left lines: 3, Right lines: 9
[73aff960-d46366ec.jpg] Left lines: 4, Right lines: 8
[73aff960-d46366ec.jpg] Left lines: 6, Right lines: 9
[73d338d6-edf0b3db.jpg] Left lines: 21, Right lines: 26
[73d338d6-edf0b3db.jpg] Left lines: 12, Right lines: 19
[75ad1fff-77299093.jpg] Left lines: 0, Right lines: 10
[75ad1fff-77299093.jpg] Left lines: 16, Right lines: 23
[75f5f52c-6b67e736.jpg] Left lines: 13, Right lines: 1
[75f5f52c-6b67e736.jpg] Left lines: 6, Right lines: 29
[777005a8-14c739ad.jpg] Left lines: 7, Right lines: 2
[777005a8-14c739ad.jpg] Left lines: 36, Right lines: 13
[7771e03b-832e52c0.jpg] Left lines: 9, Right lines: 15
[7771e03b-832e52c0.jpg] Left lines: 1, Right lines: 14
[7771e03b-a8f9d50c.jpg] Left lines: 21, Right lines: 10
[7771e03b-a8f9d50c.jpg] Left lines: 22, Right lines: 9
[7797fea2-c37f9856.jpg] Left lines: 10, Right lines: 14
[7797fea2-c37f9856.jpg] Left lines: 3, Right lines: 2
[77bdbeb0-edb0613f.jpg] Left lines: 15, Right lines: 6
[77bdbeb0-edb0613f.jpg] Left lines: 12, Right lines: 8
[77dca577-16a39ea0.jpg] Left lines: 8, Right lines: 7
[77dca577-16a39ea0.jpg] Left lines: 9, Right lines: 20
[77f810c4-43a39c1f.jpg] Left lines: 10, Right lines: 7
[77f810c4-43a39c1f.jpg] Left lines: 16, Right lines: 9
[7814206e-8e991d51.jpg] Left lines: 15, Right lines: 9
[7814206e-8e991d51.jpg] Left lines: 17, Right lines: 12
[7814206e-ea2508d0.jpg] Left lines: 22, Right lines: 10
[7814206e-ea2508d0.jpg] Left lines: 24, Right lines: 24
[79e177bc-4d5d3acc.jpg] Left lines: 21, Right lines: 16
[79e177bc-4d5d3acc.jpg] Left lines: 15, Right lines: 16
[7aa4ff0f-9d28d8a4.jpg] Left lines: 10, Right lines: 14
[7aa4ff0f-9d28d8a4.jpg] Left lines: 21, Right lines: 84
[7ad1174c-373265eb.jpg] Left lines: 3, Right lines: 0
[7ad1174c-373265eb.jpg] Left lines: 0, Right lines: 0
[7b268b98-e0ec16c3.jpg] Left lines: 5, Right lines: 4
[7b268b98-e0ec16c3.jpg] Left lines: 36, Right lines: 2
[7c5a2048-332896ea.jpg] Left lines: 17, Right lines: 7
[7c5a2048-332896ea.jpg] Left lines: 2, Right lines: 5
[7c5d50c5-7292de37.jpg] Left lines: 7, Right lines: 13
[7c5d50c5-7292de37.jpg] Left lines: 14, Right lines: 14
[7d1fe115-936a2f47.jpg] Left lines: 10, Right lines: 9
[7d1fe115-936a2f47.jpg] Left lines: 6, Right lines: 12
[7dc2914d-a20a969a.jpg] Left lines: 14, Right lines: 9
[7dc2914d-a20a969a.jpg] Left lines: 15, Right lines: 8
[7e4ab78b-4a62c63e.jpg] Left lines: 2, Right lines: 12
[7e4ab78b-4a62c63e.jpg] Left lines: 2, Right lines: 29
[7e590c49-93f03732.jpg] Left lines: 0, Right lines: 5
[7e590c49-93f03732.jpg] Left lines: 7, Right lines: 2
[7ed57d0a-d7bcc13d.jpg] Left lines: 21, Right lines: 18
[7ed57d0a-d7bcc13d.jpg] Left lines: 13, Right lines: 16
[7f0ef682-c93899df.jpg] Left lines: 1, Right lines: 15
[7f0ef682-c93899df.jpg] Left lines: 2, Right lines: 13
[7f4ac354-777de900.jpg] Left lines: 15, Right lines: 5
[7f4ac354-777de900.jpg] Left lines: 12, Right lines: 6
[7f9bdf0d-c0e0061f.jpg] Left lines: 16, Right lines: 6
[7f9bdf0d-c0e0061f.jpg] Left lines: 30, Right lines: 24
[7fd14da9-a855494b.jpg] Left lines: 27, Right lines: 17
[7fd14da9-a855494b.jpg] Left lines: 27, Right lines: 12
[801bff84-a72998c7.jpg] Left lines: 34, Right lines: 14
[801bff84-a72998c7.jpg] Left lines: 29, Right lines: 148
[8073de38-f7eab6ec.jpg] Left lines: 14, Right lines: 16
[8073de38-f7eab6ec.jpg] Left lines: 19, Right lines: 14
[8082ea05-1a7bcd47.jpg] Left lines: 12, Right lines: 29
[8082ea05-1a7bcd47.jpg] Left lines: 48, Right lines: 41
[80ecebc0-ca9605f4.jpg] Left lines: 2, Right lines: 7
[80ecebc0-ca9605f4.jpg] Left lines: 80, Right lines: 12
[81ec3b39-1951f79e.jpg] Left lines: 13, Right lines: 8
[81ec3b39-1951f79e.jpg] Left lines: 31, Right lines: 8
[82b14c0c-79b99258.jpg] Left lines: 14, Right lines: 10
[82b14c0c-79b99258.jpg] Left lines: 20, Right lines: 35
[82b5fc3b-90cadd1b.jpg] Left lines: 8, Right lines: 24
[82b5fc3b-90cadd1b.jpg] Left lines: 101, Right lines: 16
[82f03471-8e304dd5.jpg] Left lines: 2, Right lines: 15
[82f03471-8e304dd5.jpg] Left lines: 7, Right lines: 19
[836fa13a-d6058a12.jpg] Left lines: 12, Right lines: 4
[836fa13a-d6058a12.jpg] Left lines: 18, Right lines: 9
[84fb3f59-7d5d1fa4.jpg] Left lines: 0, Right lines: 15
[84fb3f59-7d5d1fa4.jpg] Left lines: 10, Right lines: 30
[8542b4da-7795bcfd.jpg] Left lines: 7, Right lines: 13
[8542b4da-7795bcfd.jpg] Left lines: 26, Right lines: 39
[85f3f250-1fef85ac.jpg] Left lines: 13, Right lines: 15
[85f3f250-1fef85ac.jpg] Left lines: 24, Right lines: 24
[87ca2979-d5158824.jpg] Left lines: 6, Right lines: 14
[87ca2979-d5158824.jpg] Left lines: 13, Right lines: 36
[889b7dda-77f16103.jpg] Left lines: 5, Right lines: 16
[889b7dda-77f16103.jpg] Left lines: 7, Right lines: 31
[88dbf01a-d8b35dee.jpg] Left lines: 14, Right lines: 4
[88dbf01a-d8b35dee.jpg] Left lines: 19, Right lines: 5
[897223bc-6938f1ab.jpg] Left lines: 9, Right lines: 6
[897223bc-6938f1ab.jpg] Left lines: 17, Right lines: 7
[89b7454d-880eacbd.jpg] Left lines: 10, Right lines: 6
[89b7454d-880eacbd.jpg] Left lines: 7, Right lines: 11
[89e85e71-7dd0a7b6.jpg] Left lines: 26, Right lines: 33
[89e85e71-7dd0a7b6.jpg] Left lines: 26, Right lines: 5
[8a4fbffe-47866ce9.jpg] Left lines: 2, Right lines: 0
[8a4fbffe-47866ce9.jpg] Left lines: 46, Right lines: 19
[8a76c101-8bcefc32.jpg] Left lines: 0, Right lines: 12
[8a76c101-8bcefc32.jpg] Left lines: 0, Right lines: 24
[8b7ef6c4-6bbcf25f.jpg] Left lines: 15, Right lines: 11
[8b7ef6c4-6bbcf25f.jpg] Left lines: 26, Right lines: 31
[8bac644e-e0437ead.jpg] Left lines: 2, Right lines: 3
[8bac644e-e0437ead.jpg] Left lines: 9, Right lines: 7
[8c94c649-8ba62efa.jpg] Left lines: 5, Right lines: 4
[8c94c649-8ba62efa.jpg] Left lines: 14, Right lines: 4
[8c9bbaa9-34934b66.jpg] Left lines: 10, Right lines: 13
[8c9bbaa9-34934b66.jpg] Left lines: 9, Right lines: 8
[degraded] low_light level_2 (300 images)
[0049e5b8-725e21a0.jpg] Left lines: 11, Right lines: 12
[0049e5b8-725e21a0.jpg] Left lines: 16, Right lines: 13
[0081e27b-17bf4a9e.jpg] Left lines: 4, Right lines: 15
[0081e27b-17bf4a9e.jpg] Left lines: 0, Right lines: 0
[00beeb02-50440dcd.jpg] Left lines: 3, Right lines: 2
[00beeb02-50440dcd.jpg] Left lines: 2, Right lines: 2
[00d4b6b7-7d0a60bf.jpg] Left lines: 9, Right lines: 1
[00d4b6b7-7d0a60bf.jpg] Left lines: 8, Right lines: 2
[01118704-2d838d7f.jpg] Left lines: 9, Right lines: 9
[01118704-2d838d7f.jpg] Left lines: 17, Right lines: 6
[0115917e-14907a6a.jpg] Left lines: 19, Right lines: 12
[0115917e-14907a6a.jpg] Left lines: 14, Right lines: 11
[02188a44-65ad27f3.jpg] Left lines: 27, Right lines: 0
[02188a44-65ad27f3.jpg] Left lines: 31, Right lines: 7
[02494b7b-079febf8.jpg] Left lines: 17, Right lines: 9
[02494b7b-079febf8.jpg] Left lines: 23, Right lines: 12
[029ffd50-dc944dba.jpg] Left lines: 0, Right lines: 8
[029ffd50-dc944dba.jpg] Left lines: 7, Right lines: 13
[0464a98b-860229d5.jpg] Left lines: 8, Right lines: 19
[0464a98b-860229d5.jpg] Left lines: 28, Right lines: 29
[051aadb7-51aad566.jpg] Left lines: 3, Right lines: 1
[051aadb7-51aad566.jpg] Left lines: 20, Right lines: 17
[051aadb7-e953bc4d.jpg] Left lines: 0, Right lines: 0
[051aadb7-e953bc4d.jpg] Left lines: 15, Right lines: 24
[05743a9b-747658e7.jpg] Left lines: 9, Right lines: 10
[05743a9b-747658e7.jpg] Left lines: 16, Right lines: 24
[057af272-6f700aef.jpg] Left lines: 0, Right lines: 11
[057af272-6f700aef.jpg] Left lines: 71, Right lines: 14
[05d62296-30c620d5.jpg] Left lines: 10, Right lines: 2
[05d62296-30c620d5.jpg] Left lines: 6, Right lines: 4
[05e5a68e-f0e05a42.jpg] Left lines: 9, Right lines: 17
[05e5a68e-f0e05a42.jpg] Left lines: 0, Right lines: 0
[05fa6494-8f436d04.jpg] Left lines: 13, Right lines: 22
[05fa6494-8f436d04.jpg] Left lines: 22, Right lines: 23
[060039d9-5218402b.jpg] Left lines: 9, Right lines: 11
[060039d9-5218402b.jpg] Left lines: 18, Right lines: 6
[064aa0d6-f75ff4d5.jpg] Left lines: 8, Right lines: 8
[064aa0d6-f75ff4d5.jpg] Left lines: 11, Right lines: 6
[07de5062-ddddcbd7.jpg] Left lines: 0, Right lines: 5
[07de5062-ddddcbd7.jpg] Left lines: 5, Right lines: 4
[088351d1-30833ddc.jpg] Left lines: 14, Right lines: 0
[088351d1-30833ddc.jpg] Left lines: 15, Right lines: 6
[08a49c01-675d3899.jpg] Left lines: 10, Right lines: 18
[08a49c01-675d3899.jpg] Left lines: 13, Right lines: 14
[08d4285a-4a25b9b6.jpg] Left lines: 7, Right lines: 12
[08d4285a-4a25b9b6.jpg] Left lines: 9, Right lines: 11
[09ac21d6-eefa8ed0.jpg] Left lines: 0, Right lines: 19
[09ac21d6-eefa8ed0.jpg] Left lines: 29, Right lines: 17
[0a0a0b1a-7c39d841.jpg] Left lines: 11, Right lines: 13
[0a0a0b1a-7c39d841.jpg] Left lines: 30, Right lines: 13
[0af6039a-f3c91319.jpg] Left lines: 3, Right lines: 4
[0af6039a-f3c91319.jpg] Left lines: 21, Right lines: 7
[0b2f5d0d-8fddc1fc.jpg] Left lines: 10, Right lines: 21
[0b2f5d0d-8fddc1fc.jpg] Left lines: 25, Right lines: 16
[0b4225f9-bfb10f88.jpg] Left lines: 12, Right lines: 4
[0b4225f9-bfb10f88.jpg] Left lines: 25, Right lines: 7
[0ba08fe3-880ae118.jpg] Left lines: 5, Right lines: 9
[0ba08fe3-880ae118.jpg] Left lines: 29, Right lines: 29
[0c2f33b9-f94d69b5.jpg] Left lines: 14, Right lines: 14
[0c2f33b9-f94d69b5.jpg] Left lines: 15, Right lines: 13
[0c984e6d-2b5d7ee4.jpg] Left lines: 5, Right lines: 4
[0c984e6d-2b5d7ee4.jpg] Left lines: 15, Right lines: 19
[0cb67a01-7cf1687e.jpg] Left lines: 12, Right lines: 16
[0cb67a01-7cf1687e.jpg] Left lines: 13, Right lines: 3
[0cc6f3e8-b4c9e348.jpg] Left lines: 12, Right lines: 20
[0cc6f3e8-b4c9e348.jpg] Left lines: 39, Right lines: 45
[0cf398b3-ce65ab64.jpg] Left lines: 2, Right lines: 2
[0cf398b3-ce65ab64.jpg] Left lines: 6, Right lines: 7
[0d3ec56a-f4cead6f.jpg] Left lines: 0, Right lines: 14
[0d3ec56a-f4cead6f.jpg] Left lines: 18, Right lines: 96
[0d61234a-542010b2.jpg] Left lines: 10, Right lines: 12
[0d61234a-542010b2.jpg] Left lines: 16, Right lines: 17
[0e442b65-b17e0b50.jpg] Left lines: 13, Right lines: 5
[0e442b65-b17e0b50.jpg] Left lines: 11, Right lines: 8
[0e5c7e92-0d9c60f0.jpg] Left lines: 3, Right lines: 13
[0e5c7e92-0d9c60f0.jpg] Left lines: 2, Right lines: 11
[0f837def-9646c091.jpg] Left lines: 10, Right lines: 9
[0f837def-9646c091.jpg] Left lines: 10, Right lines: 6
[0fba84f9-73b520ee.jpg] Left lines: 12, Right lines: 13
[0fba84f9-73b520ee.jpg] Left lines: 15, Right lines: 0
[101a0964-930eae70.jpg] Left lines: 9, Right lines: 13
[101a0964-930eae70.jpg] Left lines: 8, Right lines: 15
[10389fe8-433c740c.jpg] Left lines: 19, Right lines: 16
[10389fe8-433c740c.jpg] Left lines: 96, Right lines: 19
[10453a95-40759ac3.jpg] Left lines: 4, Right lines: 7
[10453a95-40759ac3.jpg] Left lines: 4, Right lines: 18
[1072195f-0a161ade.jpg] Left lines: 23, Right lines: 17
[1072195f-0a161ade.jpg] Left lines: 22, Right lines: 13
[1072195f-6cf88b25.jpg] Left lines: 2, Right lines: 11
[1072195f-6cf88b25.jpg] Left lines: 18, Right lines: 17
[11513e3d-150058c3.jpg] Left lines: 9, Right lines: 9
[11513e3d-150058c3.jpg] Left lines: 15, Right lines: 24
[1189ae68-1a8ad3c6.jpg] Left lines: 14, Right lines: 8
[1189ae68-1a8ad3c6.jpg] Left lines: 18, Right lines: 9
[12076ebb-c07285d7.jpg] Left lines: 5, Right lines: 11
[12076ebb-c07285d7.jpg] Left lines: 4, Right lines: 5
[125134e5-7dfc45b9.jpg] Left lines: 5, Right lines: 4
[125134e5-7dfc45b9.jpg] Left lines: 28, Right lines: 5
[12ae9ab8-794f5adc.jpg] Left lines: 26, Right lines: 8
[12ae9ab8-794f5adc.jpg] Left lines: 10, Right lines: 10
[13f61134-50021e53.jpg] Left lines: 0, Right lines: 8
[13f61134-50021e53.jpg] Left lines: 20, Right lines: 0
[14eace5a-ddf3b303.jpg] Left lines: 34, Right lines: 4
[14eace5a-ddf3b303.jpg] Left lines: 27, Right lines: 15
[1608cfe7-32da2c5d.jpg] Left lines: 11, Right lines: 10
[1608cfe7-32da2c5d.jpg] Left lines: 24, Right lines: 18
[162995f1-d2c7d259.jpg] Left lines: 11, Right lines: 17
[162995f1-d2c7d259.jpg] Left lines: 0, Right lines: 12
[16b0973f-c07b564a.jpg] Left lines: 14, Right lines: 8
[16b0973f-c07b564a.jpg] Left lines: 27, Right lines: 3
[1784d67b-6b223914.jpg] Left lines: 13, Right lines: 13
[1784d67b-6b223914.jpg] Left lines: 13, Right lines: 28
[1784d67b-d76145ce.jpg] Left lines: 5, Right lines: 12
[1784d67b-d76145ce.jpg] Left lines: 10, Right lines: 9
[188c58f3-792afc71.jpg] Left lines: 7, Right lines: 21
[188c58f3-792afc71.jpg] Left lines: 6, Right lines: 23
[193f7f3b-84bc7998.jpg] Left lines: 4, Right lines: 3
[193f7f3b-84bc7998.jpg] Left lines: 28, Right lines: 14
[194058b0-ac0616a6.jpg] Left lines: 22, Right lines: 3
[194058b0-ac0616a6.jpg] Left lines: 2, Right lines: 5
[19e56249-09c4bbc6.jpg] Left lines: 2, Right lines: 0
[19e56249-09c4bbc6.jpg] Left lines: 16, Right lines: 6
[1a71faae-d5f255fd.jpg] Left lines: 12, Right lines: 2
[1a71faae-d5f255fd.jpg] Left lines: 20, Right lines: 25
[1a8992a7-da5a8510.jpg] Left lines: 2, Right lines: 6
[1a8992a7-da5a8510.jpg] Left lines: 14, Right lines: 8
[1ac0178c-0b259360.jpg] Left lines: 2, Right lines: 13
[1ac0178c-0b259360.jpg] Left lines: 9, Right lines: 5
[1b30f76f-95aa8a06.jpg] Left lines: 12, Right lines: 7
[1b30f76f-95aa8a06.jpg] Left lines: 14, Right lines: 14
[1bda5a26-420ceea6.jpg] Left lines: 4, Right lines: 2
[1bda5a26-420ceea6.jpg] Left lines: 11, Right lines: 9
[1bf7f3d2-15f95138.jpg] Left lines: 19, Right lines: 13
[1bf7f3d2-15f95138.jpg] Left lines: 30, Right lines: 9
[1c227a12-10e5552c.jpg] Left lines: 3, Right lines: 12
[1c227a12-10e5552c.jpg] Left lines: 8, Right lines: 17
[1c227a12-ec67af93.jpg] Left lines: 9, Right lines: 1
[1c227a12-ec67af93.jpg] Left lines: 15, Right lines: 3
[1c5e9657-2e2a2863.jpg] Left lines: 0, Right lines: 0
[1c5e9657-2e2a2863.jpg] Left lines: 12, Right lines: 10
[1cb2a89b-4594573e.jpg] Left lines: 10, Right lines: 11
[1cb2a89b-4594573e.jpg] Left lines: 12, Right lines: 5
[1cf54809-c6daa5a9.jpg] Left lines: 14, Right lines: 14
[1cf54809-c6daa5a9.jpg] Left lines: 5, Right lines: 1
[1d5e05f8-5020f67d.jpg] Left lines: 19, Right lines: 3
[1d5e05f8-5020f67d.jpg] Left lines: 24, Right lines: 5
[1e57ae90-806bc767.jpg] Left lines: 6, Right lines: 20
[1e57ae90-806bc767.jpg] Left lines: 0, Right lines: 8
[1f959fdd-6ff63d34.jpg] Left lines: 4, Right lines: 11
[1f959fdd-6ff63d34.jpg] Left lines: 5, Right lines: 14
[1fa65acf-d43367bc.jpg] Left lines: 18, Right lines: 6
[1fa65acf-d43367bc.jpg] Left lines: 3, Right lines: 13
[20cfadfa-47711496.jpg] Left lines: 3, Right lines: 11
[20cfadfa-47711496.jpg] Left lines: 21, Right lines: 15
[20cfadfa-6f87fdc1.jpg] Left lines: 19, Right lines: 29
[20cfadfa-6f87fdc1.jpg] Left lines: 45, Right lines: 33
[225a1858-0e3a4b04.jpg] Left lines: 0, Right lines: 0
[225a1858-0e3a4b04.jpg] Left lines: 8, Right lines: 3
[22be2f14-59fbdca0.jpg] Left lines: 11, Right lines: 20
[22be2f14-59fbdca0.jpg] Left lines: 17, Right lines: 13
[23333f35-0cbc3f0f.jpg] Left lines: 13, Right lines: 6
[23333f35-0cbc3f0f.jpg] Left lines: 4, Right lines: 2
[23df146f-64b50e4c.jpg] Left lines: 23, Right lines: 24
[23df146f-64b50e4c.jpg] Left lines: 27, Right lines: 29
[24392d7c-998011c2.jpg] Left lines: 14, Right lines: 12
[24392d7c-998011c2.jpg] Left lines: 22, Right lines: 26
[250e7595-b14da270.jpg] Left lines: 0, Right lines: 4
[250e7595-b14da270.jpg] Left lines: 7, Right lines: 12
[26190b83-39ccb412.jpg] Left lines: 6, Right lines: 24
[26190b83-39ccb412.jpg] Left lines: 13, Right lines: 27
[272d52f6-8aac36b3.jpg] Left lines: 13, Right lines: 8
[272d52f6-8aac36b3.jpg] Left lines: 13, Right lines: 19
[2752681a-e813599a.jpg] Left lines: 16, Right lines: 11
[2752681a-e813599a.jpg] Left lines: 9, Right lines: 10
[27645526-f038b033.jpg] Left lines: 58, Right lines: 1
[27645526-f038b033.jpg] Left lines: 32, Right lines: 7
[2773af6f-23e23a6b.jpg] Left lines: 12, Right lines: 12
[2773af6f-23e23a6b.jpg] Left lines: 13, Right lines: 21
[28faf684-03ef4c6e.jpg] Left lines: 8, Right lines: 15
[28faf684-03ef4c6e.jpg] Left lines: 17, Right lines: 14
[292720ee-d847ee69.jpg] Left lines: 10, Right lines: 8
[292720ee-d847ee69.jpg] Left lines: 9, Right lines: 12
[2b54fe2d-c5b810e6.jpg] Left lines: 15, Right lines: 32
[2b54fe2d-c5b810e6.jpg] Left lines: 36, Right lines: 7
[2b605c48-8dfe352b.jpg] Left lines: 13, Right lines: 21
[2b605c48-8dfe352b.jpg] Left lines: 10, Right lines: 28
[2beccce2-354608e2.jpg] Left lines: 22, Right lines: 24
[2beccce2-354608e2.jpg] Left lines: 43, Right lines: 22
[2c87e51d-aa7a8031.jpg] Left lines: 7, Right lines: 1
[2c87e51d-aa7a8031.jpg] Left lines: 33, Right lines: 6
[2ce0b449-e818dc97.jpg] Left lines: 4, Right lines: 0
[2ce0b449-e818dc97.jpg] Left lines: 12, Right lines: 7
[2cf976a2-479cd46b.jpg] Left lines: 6, Right lines: 5
[2cf976a2-479cd46b.jpg] Left lines: 6, Right lines: 15
[2e2fae77-b7497ca0.jpg] Left lines: 11, Right lines: 10
[2e2fae77-b7497ca0.jpg] Left lines: 2, Right lines: 7
[2ead8042-2493c03f.jpg] Left lines: 5, Right lines: 7
[2ead8042-2493c03f.jpg] Left lines: 6, Right lines: 15
[2f1864c1-1a17d11c.jpg] Left lines: 16, Right lines: 17
[2f1864c1-1a17d11c.jpg] Left lines: 18, Right lines: 12
[2f879dc0-b09e4824.jpg] Left lines: 15, Right lines: 13
[2f879dc0-b09e4824.jpg] Left lines: 10, Right lines: 11
[2fc9ad1e-ee4c9e43.jpg] Left lines: 5, Right lines: 5
[2fc9ad1e-ee4c9e43.jpg] Left lines: 34, Right lines: 8
[3050b249-0ffbd6ec.jpg] Left lines: 3, Right lines: 5
[3050b249-0ffbd6ec.jpg] Left lines: 4, Right lines: 19
[314cc010-3eab5c90.jpg] Left lines: 5, Right lines: 12
[314cc010-3eab5c90.jpg] Left lines: 26, Right lines: 7
[31765c6b-90b0d612.jpg] Left lines: 11, Right lines: 12
[31765c6b-90b0d612.jpg] Left lines: 19, Right lines: 5
[31cf6eba-5c84c636.jpg] Left lines: 5, Right lines: 5
[31cf6eba-5c84c636.jpg] Left lines: 33, Right lines: 9
[32de2244-122f1783.jpg] Left lines: 5, Right lines: 12
[32de2244-122f1783.jpg] Left lines: 10, Right lines: 13
[33420085-32996107.jpg] Left lines: 28, Right lines: 10
[33420085-32996107.jpg] Left lines: 35, Right lines: 44
[3430a5e6-00ec38d2.jpg] Left lines: 10, Right lines: 3
[3430a5e6-00ec38d2.jpg] Left lines: 15, Right lines: 9
[35eb46d0-8f7e28a0.jpg] Left lines: 14, Right lines: 15
[35eb46d0-8f7e28a0.jpg] Left lines: 25, Right lines: 40
[3735fc3d-69d8b80c.jpg] Left lines: 16, Right lines: 15
[3735fc3d-69d8b80c.jpg] Left lines: 4, Right lines: 4
[3740cd4f-ff1d423d.jpg] Left lines: 4, Right lines: 14
[3740cd4f-ff1d423d.jpg] Left lines: 8, Right lines: 9
[375abba2-9f2ed56c.jpg] Left lines: 11, Right lines: 11
[375abba2-9f2ed56c.jpg] Left lines: 17, Right lines: 3
[37723e55-31730cf5.jpg] Left lines: 2, Right lines: 5
[37723e55-31730cf5.jpg] Left lines: 16, Right lines: 20
[380a3f8e-ba4f0def.jpg] Left lines: 25, Right lines: 3
[380a3f8e-ba4f0def.jpg] Left lines: 20, Right lines: 36
[385b0f61-1aee12ef.jpg] Left lines: 8, Right lines: 7
[385b0f61-1aee12ef.jpg] Left lines: 18, Right lines: 11
[3865fea7-b4fe472d.jpg] Left lines: 15, Right lines: 14
[3865fea7-b4fe472d.jpg] Left lines: 29, Right lines: 15
[38e561dd-8ea8ae2d.jpg] Left lines: 9, Right lines: 16
[38e561dd-8ea8ae2d.jpg] Left lines: 15, Right lines: 22
[38ed8d8d-93c48de2.jpg] Left lines: 17, Right lines: 3
[38ed8d8d-93c48de2.jpg] Left lines: 8, Right lines: 7
[38ed8d8d-b1c230ef.jpg] Left lines: 4, Right lines: 3
[38ed8d8d-b1c230ef.jpg] Left lines: 8, Right lines: 4
[38ed8d8d-fa50400c.jpg] Left lines: 11, Right lines: 1
[38ed8d8d-fa50400c.jpg] Left lines: 10, Right lines: 30
[3900ad8c-8834019f.jpg] Left lines: 0, Right lines: 1
[3900ad8c-8834019f.jpg] Left lines: 18, Right lines: 14
[39ddb110-04604b9c.jpg] Left lines: 0, Right lines: 10
[39ddb110-04604b9c.jpg] Left lines: 1, Right lines: 16
[39fc6d1c-6155351d.jpg] Left lines: 0, Right lines: 18
[39fc6d1c-6155351d.jpg] Left lines: 10, Right lines: 42
[3a278d39-b92df256.jpg] Left lines: 9, Right lines: 8
[3a278d39-b92df256.jpg] Left lines: 14, Right lines: 12
[3a3407a2-df8ea956.jpg] Left lines: 0, Right lines: 0
[3a3407a2-df8ea956.jpg] Left lines: 9, Right lines: 2
[3ad0c4a7-2a3d544e.jpg] Left lines: 11, Right lines: 8
[3ad0c4a7-2a3d544e.jpg] Left lines: 6, Right lines: 31
[3b1e1bc1-ee64e36e.jpg] Left lines: 12, Right lines: 16
[3b1e1bc1-ee64e36e.jpg] Left lines: 6, Right lines: 13
[3b44ef5a-c09e8479.jpg] Left lines: 15, Right lines: 11
[3b44ef5a-c09e8479.jpg] Left lines: 18, Right lines: 16
[3b563c5e-0102edaf.jpg] Left lines: 3, Right lines: 9
[3b563c5e-0102edaf.jpg] Left lines: 38, Right lines: 40
[3b9716a6-d2566395.jpg] Left lines: 11, Right lines: 11
[3b9716a6-d2566395.jpg] Left lines: 28, Right lines: 11
[3c0bbdc2-79baffce.jpg] Left lines: 15, Right lines: 7
[3c0bbdc2-79baffce.jpg] Left lines: 16, Right lines: 10
[3c5752b6-9c0bdf98.jpg] Left lines: 4, Right lines: 10
[3c5752b6-9c0bdf98.jpg] Left lines: 6, Right lines: 8
[3c95ae26-68abac3f.jpg] Left lines: 10, Right lines: 7
[3c95ae26-68abac3f.jpg] Left lines: 11, Right lines: 10
[3e0f1745-a95a63ad.jpg] Left lines: 9, Right lines: 20
[3e0f1745-a95a63ad.jpg] Left lines: 9, Right lines: 24
[3f4eb6a6-9eee52f9.jpg] Left lines: 13, Right lines: 7
[3f4eb6a6-9eee52f9.jpg] Left lines: 56, Right lines: 28
[3f85a987-1ef4053b.jpg] Left lines: 3, Right lines: 4
[3f85a987-1ef4053b.jpg] Left lines: 6, Right lines: 9
[3fe1feaa-10126fec.jpg] Left lines: 7, Right lines: 3
[3fe1feaa-10126fec.jpg] Left lines: 4, Right lines: 4
[3ffdaa26-b394f6f8.jpg] Left lines: 2, Right lines: 20
[3ffdaa26-b394f6f8.jpg] Left lines: 8, Right lines: 20
[4027c10d-41d54e9b.jpg] Left lines: 5, Right lines: 5
[4027c10d-41d54e9b.jpg] Left lines: 24, Right lines: 8
[428e99ea-4166e549.jpg] Left lines: 34, Right lines: 6
[428e99ea-4166e549.jpg] Left lines: 58, Right lines: 11
[42e0dd11-74b81997.jpg] Left lines: 2, Right lines: 3
[42e0dd11-74b81997.jpg] Left lines: 2, Right lines: 13
[430395d1-931c959e.jpg] Left lines: 2, Right lines: 7
[430395d1-931c959e.jpg] Left lines: 25, Right lines: 17
[43126e0d-495d04a5.jpg] Left lines: 2, Right lines: 5
[43126e0d-495d04a5.jpg] Left lines: 10, Right lines: 28
[43126e0d-cce96832.jpg] Left lines: 19, Right lines: 9
[43126e0d-cce96832.jpg] Left lines: 31, Right lines: 56
[432f9e20-83a0d96c.jpg] Left lines: 4, Right lines: 11
[432f9e20-83a0d96c.jpg] Left lines: 12, Right lines: 8
[43c7ed5c-b0690325.jpg] Left lines: 2, Right lines: 4
[43c7ed5c-b0690325.jpg] Left lines: 2, Right lines: 5
[44cc16d9-d2e06fd6.jpg] Left lines: 0, Right lines: 5
[44cc16d9-d2e06fd6.jpg] Left lines: 12, Right lines: 21
[45bafa98-1ee18a2f.jpg] Left lines: 1, Right lines: 7
[45bafa98-1ee18a2f.jpg] Left lines: 4, Right lines: 9
[46d048a1-8f7f385c.jpg] Left lines: 3, Right lines: 7
[46d048a1-8f7f385c.jpg] Left lines: 3, Right lines: 9
[46f76df9-8bf77914.jpg] Left lines: 10, Right lines: 11
[46f76df9-8bf77914.jpg] Left lines: 9, Right lines: 16
[480263a0-5aad7ae9.jpg] Left lines: 5, Right lines: 50
[480263a0-5aad7ae9.jpg] Left lines: 0, Right lines: 63
[488480d6-b94cf415.jpg] Left lines: 9, Right lines: 13
[488480d6-b94cf415.jpg] Left lines: 2, Right lines: 18
[48ed707e-5062e4c3.jpg] Left lines: 12, Right lines: 9
[48ed707e-5062e4c3.jpg] Left lines: 4, Right lines: 4
[4a289ff2-7da7feb6.jpg] Left lines: 1, Right lines: 3
[4a289ff2-7da7feb6.jpg] Left lines: 0, Right lines: 6
[4a31f3e3-ac7ed780.jpg] Left lines: 32, Right lines: 6
[4a31f3e3-ac7ed780.jpg] Left lines: 35, Right lines: 10
[4b2e1dde-65b54419.jpg] Left lines: 5, Right lines: 0
[4b2e1dde-65b54419.jpg] Left lines: 10, Right lines: 12
[4d4a590b-4332c5ab.jpg] Left lines: 5, Right lines: 3
[4d4a590b-4332c5ab.jpg] Left lines: 12, Right lines: 10
[5069db50-52f5af30.jpg] Left lines: 22, Right lines: 12
[5069db50-52f5af30.jpg] Left lines: 42, Right lines: 12
[50866f46-30d1f303.jpg] Left lines: 12, Right lines: 16
[50866f46-30d1f303.jpg] Left lines: 12, Right lines: 21
[50b115d6-4b08a666.jpg] Left lines: 0, Right lines: 7
[50b115d6-4b08a666.jpg] Left lines: 36, Right lines: 7
[50b2e757-6c7d0f63.jpg] Left lines: 3, Right lines: 11
[50b2e757-6c7d0f63.jpg] Left lines: 15, Right lines: 12
[50d0fd05-8db58ebd.jpg] Left lines: 4, Right lines: 0
[50d0fd05-8db58ebd.jpg] Left lines: 2, Right lines: 4
[510671e9-603795e0.jpg] Left lines: 12, Right lines: 22
[510671e9-603795e0.jpg] Left lines: 30, Right lines: 2
[514a6d58-0790e0cd.jpg] Left lines: 14, Right lines: 12
[514a6d58-0790e0cd.jpg] Left lines: 13, Right lines: 11
[5150bb50-300d52ce.jpg] Left lines: 15, Right lines: 14
[5150bb50-300d52ce.jpg] Left lines: 14, Right lines: 34
[52799e9e-8c8673f3.jpg] Left lines: 8, Right lines: 9
[52799e9e-8c8673f3.jpg] Left lines: 15, Right lines: 14
[52bda346-fd8ac6e7.jpg] Left lines: 3, Right lines: 0
[52bda346-fd8ac6e7.jpg] Left lines: 9, Right lines: 90
[534418ba-ee05398f.jpg] Left lines: 11, Right lines: 9
[534418ba-ee05398f.jpg] Left lines: 11, Right lines: 13
[54360b72-e00a3f70.jpg] Left lines: 14, Right lines: 37
[54360b72-e00a3f70.jpg] Left lines: 15, Right lines: 6
[554d7cd5-a32486dd.jpg] Left lines: 4, Right lines: 18
[554d7cd5-a32486dd.jpg] Left lines: 21, Right lines: 24
[559fed19-7893646f.jpg] Left lines: 0, Right lines: 5
[559fed19-7893646f.jpg] Left lines: 11, Right lines: 37
[57165857-e4d4a47f.jpg] Left lines: 2, Right lines: 1
[57165857-e4d4a47f.jpg] Left lines: 2, Right lines: 12
[5795bfe7-a599384a.jpg] Left lines: 5, Right lines: 3
[5795bfe7-a599384a.jpg] Left lines: 38, Right lines: 12
[57ac74e2-e86131f1.jpg] Left lines: 3, Right lines: 18
[57ac74e2-e86131f1.jpg] Left lines: 16, Right lines: 158
[57b495f2-6da6b1e5.jpg] Left lines: 3, Right lines: 1
[57b495f2-6da6b1e5.jpg] Left lines: 4, Right lines: 1
[585443c8-2621a6b1.jpg] Left lines: 8, Right lines: 8
[585443c8-2621a6b1.jpg] Left lines: 6, Right lines: 11
[5877b384-2545daf4.jpg] Left lines: 25, Right lines: 7
[5877b384-2545daf4.jpg] Left lines: 7, Right lines: 4
[587bb1bf-1aa00fe5.jpg] Left lines: 7, Right lines: 11
[587bb1bf-1aa00fe5.jpg] Left lines: 76, Right lines: 29
[5995c288-2d152172.jpg] Left lines: 12, Right lines: 0
[5995c288-2d152172.jpg] Left lines: 16, Right lines: 1
[59cde7c7-344bffb1.jpg] Left lines: 0, Right lines: 0
[59cde7c7-344bffb1.jpg] Left lines: 2, Right lines: 10
[5a8f9b5d-1fdfd2d4.jpg] Left lines: 33, Right lines: 11
[5a8f9b5d-1fdfd2d4.jpg] Left lines: 3, Right lines: 8
[5ae83f9c-da990b49.jpg] Left lines: 12, Right lines: 16
[5ae83f9c-da990b49.jpg] Left lines: 10, Right lines: 122
[5b2b4881-67a6cb87.jpg] Left lines: 5, Right lines: 3
[5b2b4881-67a6cb87.jpg] Left lines: 20, Right lines: 2
[5b2fd56a-37759b05.jpg] Left lines: 14, Right lines: 1
[5b2fd56a-37759b05.jpg] Left lines: 21, Right lines: 29
[5b4b0b07-2fb56b82.jpg] Left lines: 8, Right lines: 6
[5b4b0b07-2fb56b82.jpg] Left lines: 1, Right lines: 5
[5bc44a50-c371c4d0.jpg] Left lines: 5, Right lines: 16
[5bc44a50-c371c4d0.jpg] Left lines: 5, Right lines: 0
[5c4004b7-bf3b7941.jpg] Left lines: 0, Right lines: 0
[5c4004b7-bf3b7941.jpg] Left lines: 19, Right lines: 10
[5c534f5f-a76c7f4b.jpg] Left lines: 12, Right lines: 11
[5c534f5f-a76c7f4b.jpg] Left lines: 13, Right lines: 9
[5c5dc708-35460444.jpg] Left lines: 3, Right lines: 5
[5c5dc708-35460444.jpg] Left lines: 3, Right lines: 66
[5da6c6b6-76c54605.jpg] Left lines: 3, Right lines: 2
[5da6c6b6-76c54605.jpg] Left lines: 11, Right lines: 14
[5dc5141c-5890b5b1.jpg] Left lines: 1, Right lines: 12
[5dc5141c-5890b5b1.jpg] Left lines: 1, Right lines: 7
[5dd831da-bd00cf03.jpg] Left lines: 15, Right lines: 5
[5dd831da-bd00cf03.jpg] Left lines: 5, Right lines: 55
[5dfb063f-7bd23d5c.jpg] Left lines: 12, Right lines: 5
[5dfb063f-7bd23d5c.jpg] Left lines: 6, Right lines: 19
[5e0b701e-d443d8c2.jpg] Left lines: 5, Right lines: 14
[5e0b701e-d443d8c2.jpg] Left lines: 6, Right lines: 27
[5e26f49d-0bc53c7e.jpg] Left lines: 10, Right lines: 2
[5e26f49d-0bc53c7e.jpg] Left lines: 36, Right lines: 1
[5e26f49d-9271bf00.jpg] Left lines: 11, Right lines: 12
[5e26f49d-9271bf00.jpg] Left lines: 28, Right lines: 16
[5e625ec3-7b4fc682.jpg] Left lines: 14, Right lines: 15
[5e625ec3-7b4fc682.jpg] Left lines: 24, Right lines: 25
[5f9387ff-330136ae.jpg] Left lines: 15, Right lines: 3
[5f9387ff-330136ae.jpg] Left lines: 10, Right lines: 2
[5fa17a25-88b8e6b9.jpg] Left lines: 25, Right lines: 7
[5fa17a25-88b8e6b9.jpg] Left lines: 48, Right lines: 13
[5fa422e1-2d8dd765.jpg] Left lines: 17, Right lines: 4
[5fa422e1-2d8dd765.jpg] Left lines: 69, Right lines: 5
[5fb2a702-f56a339c.jpg] Left lines: 11, Right lines: 7
[5fb2a702-f56a339c.jpg] Left lines: 10, Right lines: 10
[6011831b-0992e205.jpg] Left lines: 19, Right lines: 16
[6011831b-0992e205.jpg] Left lines: 9, Right lines: 11
[60137cc0-428b8f5b.jpg] Left lines: 10, Right lines: 1
[60137cc0-428b8f5b.jpg] Left lines: 10, Right lines: 105
[604b5b3e-3c2e6b6b.jpg] Left lines: 6, Right lines: 10
[604b5b3e-3c2e6b6b.jpg] Left lines: 12, Right lines: 11
[6092f5a2-424550ba.jpg] Left lines: 21, Right lines: 16
[6092f5a2-424550ba.jpg] Left lines: 43, Right lines: 17
[60ba25dd-6c0df417.jpg] Left lines: 7, Right lines: 13
[60ba25dd-6c0df417.jpg] Left lines: 11, Right lines: 17
[60c678e7-4813ae0f.jpg] Left lines: 6, Right lines: 6
[60c678e7-4813ae0f.jpg] Left lines: 12, Right lines: 2
[614ecada-16b0f8b6.jpg] Left lines: 17, Right lines: 20
[614ecada-16b0f8b6.jpg] Left lines: 17, Right lines: 24
[61e4ad87-53ceb455.jpg] Left lines: 12, Right lines: 6
[61e4ad87-53ceb455.jpg] Left lines: 24, Right lines: 10
[6240d7b3-b51b5788.jpg] Left lines: 8, Right lines: 10
[6240d7b3-b51b5788.jpg] Left lines: 3, Right lines: 13
[62aefb36-b685117f.jpg] Left lines: 8, Right lines: 14
[62aefb36-b685117f.jpg] Left lines: 18, Right lines: 31
[634c1785-3bb9a8a2.jpg] Left lines: 10, Right lines: 12
[634c1785-3bb9a8a2.jpg] Left lines: 19, Right lines: 24
[634c1785-aeb1652f.jpg] Left lines: 17, Right lines: 14
[634c1785-aeb1652f.jpg] Left lines: 28, Right lines: 13
[63f73472-028615f1.jpg] Left lines: 21, Right lines: 17
[63f73472-028615f1.jpg] Left lines: 21, Right lines: 19
[6485ad0a-245d1600.jpg] Left lines: 23, Right lines: 13
[6485ad0a-245d1600.jpg] Left lines: 27, Right lines: 27
[648dc925-e359dbec.jpg] Left lines: 18, Right lines: 4
[648dc925-e359dbec.jpg] Left lines: 20, Right lines: 6
[65edc5a1-f309fed7.jpg] Left lines: 5, Right lines: 21
[65edc5a1-f309fed7.jpg] Left lines: 19, Right lines: 18
[661381d9-1114a810.jpg] Left lines: 16, Right lines: 5
[661381d9-1114a810.jpg] Left lines: 18, Right lines: 13
[664cb246-f84cfaf4.jpg] Left lines: 10, Right lines: 12
[664cb246-f84cfaf4.jpg] Left lines: 67, Right lines: 14
[675cf8fa-4b1ce8b9.jpg] Left lines: 19, Right lines: 14
[675cf8fa-4b1ce8b9.jpg] Left lines: 13, Right lines: 8
[67faeadf-eb09a636.jpg] Left lines: 0, Right lines: 0
[67faeadf-eb09a636.jpg] Left lines: 7, Right lines: 7
[691be377-5dbc29ee.jpg] Left lines: 7, Right lines: 7
[691be377-5dbc29ee.jpg] Left lines: 4, Right lines: 9
[692f1303-05178963.jpg] Left lines: 3, Right lines: 5
[692f1303-05178963.jpg] Left lines: 3, Right lines: 0
[692f9b08-bdbbd729.jpg] Left lines: 24, Right lines: 7
[692f9b08-bdbbd729.jpg] Left lines: 36, Right lines: 16
[69bfbe31-5ee2a642.jpg] Left lines: 27, Right lines: 17
[69bfbe31-5ee2a642.jpg] Left lines: 21, Right lines: 6
[69cf7667-68f59649.jpg] Left lines: 10, Right lines: 17
[69cf7667-68f59649.jpg] Left lines: 19, Right lines: 11
[69cf7667-7eb40860.jpg] Left lines: 6, Right lines: 1
[69cf7667-7eb40860.jpg] Left lines: 53, Right lines: 10
[6a44fb9a-05a3dd18.jpg] Left lines: 24, Right lines: 12
[6a44fb9a-05a3dd18.jpg] Left lines: 21, Right lines: 11
[6a793e80-4f5e207f.jpg] Left lines: 9, Right lines: 0
[6a793e80-4f5e207f.jpg] Left lines: 16, Right lines: 9
[6a82c0d6-b31f6b90.jpg] Left lines: 0, Right lines: 18
[6a82c0d6-b31f6b90.jpg] Left lines: 1, Right lines: 2
[6a8d218d-14e4fa28.jpg] Left lines: 3, Right lines: 1
[6a8d218d-14e4fa28.jpg] Left lines: 13, Right lines: 11
[6ad110c3-789e7724.jpg] Left lines: 0, Right lines: 10
[6ad110c3-789e7724.jpg] Left lines: 25, Right lines: 12
[6b15392a-3a1699fd.jpg] Left lines: 31, Right lines: 15
[6b15392a-3a1699fd.jpg] Left lines: 24, Right lines: 54
[6b784eee-0a5a2c89.jpg] Left lines: 21, Right lines: 10
[6b784eee-0a5a2c89.jpg] Left lines: 48, Right lines: 29
[6bb5a881-15e5c2c4.jpg] Left lines: 3, Right lines: 0
[6bb5a881-15e5c2c4.jpg] Left lines: 2, Right lines: 12
[6bd41587-d65ba5b4.jpg] Left lines: 5, Right lines: 3
[6bd41587-d65ba5b4.jpg] Left lines: 4, Right lines: 3
[6d0d7bef-fb11b6e1.jpg] Left lines: 2, Right lines: 6
[6d0d7bef-fb11b6e1.jpg] Left lines: 22, Right lines: 10
[6d57736c-a35808b9.jpg] Left lines: 11, Right lines: 5
[6d57736c-a35808b9.jpg] Left lines: 20, Right lines: 5
[6d8a6d94-00a7ad92.jpg] Left lines: 8, Right lines: 0
[6d8a6d94-00a7ad92.jpg] Left lines: 24, Right lines: 21
[6eeed3fa-87a1b0c9.jpg] Left lines: 7, Right lines: 13
[6eeed3fa-87a1b0c9.jpg] Left lines: 5, Right lines: 15
[701992bd-8a457895.jpg] Left lines: 14, Right lines: 15
[701992bd-8a457895.jpg] Left lines: 12, Right lines: 11
[7171644d-4e74752e.jpg] Left lines: 7, Right lines: 11
[7171644d-4e74752e.jpg] Left lines: 7, Right lines: 26
[7171644d-ee92c71e.jpg] Left lines: 13, Right lines: 25
[7171644d-ee92c71e.jpg] Left lines: 10, Right lines: 26
[72f22fa5-8af4615c.jpg] Left lines: 15, Right lines: 12
[72f22fa5-8af4615c.jpg] Left lines: 36, Right lines: 15
[72fd00fe-aeadfc89.jpg] Left lines: 7, Right lines: 13
[72fd00fe-aeadfc89.jpg] Left lines: 15, Right lines: 11
[730c67a5-563e9b1f.jpg] Left lines: 10, Right lines: 7
[730c67a5-563e9b1f.jpg] Left lines: 15, Right lines: 18
[738a2bcd-7a6fde0d.jpg] Left lines: 5, Right lines: 6
[738a2bcd-7a6fde0d.jpg] Left lines: 3, Right lines: 8
[73aff960-d46366ec.jpg] Left lines: 4, Right lines: 6
[73aff960-d46366ec.jpg] Left lines: 6, Right lines: 8
[73d338d6-edf0b3db.jpg] Left lines: 20, Right lines: 16
[73d338d6-edf0b3db.jpg] Left lines: 13, Right lines: 28
[75ad1fff-77299093.jpg] Left lines: 0, Right lines: 9
[75ad1fff-77299093.jpg] Left lines: 13, Right lines: 18
[75f5f52c-6b67e736.jpg] Left lines: 0, Right lines: 0
[75f5f52c-6b67e736.jpg] Left lines: 4, Right lines: 37
[777005a8-14c739ad.jpg] Left lines: 6, Right lines: 4
[777005a8-14c739ad.jpg] Left lines: 52, Right lines: 8
[7771e03b-832e52c0.jpg] Left lines: 7, Right lines: 14
[7771e03b-832e52c0.jpg] Left lines: 0, Right lines: 11
[7771e03b-a8f9d50c.jpg] Left lines: 21, Right lines: 10
[7771e03b-a8f9d50c.jpg] Left lines: 18, Right lines: 11
[7797fea2-c37f9856.jpg] Left lines: 8, Right lines: 12
[7797fea2-c37f9856.jpg] Left lines: 2, Right lines: 2
[77bdbeb0-edb0613f.jpg] Left lines: 12, Right lines: 4
[77bdbeb0-edb0613f.jpg] Left lines: 13, Right lines: 8
[77dca577-16a39ea0.jpg] Left lines: 8, Right lines: 7
[77dca577-16a39ea0.jpg] Left lines: 7, Right lines: 12
[77f810c4-43a39c1f.jpg] Left lines: 9, Right lines: 0
[77f810c4-43a39c1f.jpg] Left lines: 9, Right lines: 7
[7814206e-8e991d51.jpg] Left lines: 20, Right lines: 8
[7814206e-8e991d51.jpg] Left lines: 18, Right lines: 11
[7814206e-ea2508d0.jpg] Left lines: 8, Right lines: 7
[7814206e-ea2508d0.jpg] Left lines: 19, Right lines: 15
[79e177bc-4d5d3acc.jpg] Left lines: 21, Right lines: 17
[79e177bc-4d5d3acc.jpg] Left lines: 24, Right lines: 17
[7aa4ff0f-9d28d8a4.jpg] Left lines: 9, Right lines: 15
[7aa4ff0f-9d28d8a4.jpg] Left lines: 22, Right lines: 91
[7ad1174c-373265eb.jpg] Left lines: 0, Right lines: 2
[7ad1174c-373265eb.jpg] Left lines: 2, Right lines: 0
[7b268b98-e0ec16c3.jpg] Left lines: 4, Right lines: 3
[7b268b98-e0ec16c3.jpg] Left lines: 35, Right lines: 4
[7c5a2048-332896ea.jpg] Left lines: 14, Right lines: 0
[7c5a2048-332896ea.jpg] Left lines: 1, Right lines: 2
[7c5d50c5-7292de37.jpg] Left lines: 8, Right lines: 15
[7c5d50c5-7292de37.jpg] Left lines: 8, Right lines: 13
[7d1fe115-936a2f47.jpg] Left lines: 12, Right lines: 12
[7d1fe115-936a2f47.jpg] Left lines: 8, Right lines: 15
[7dc2914d-a20a969a.jpg] Left lines: 9, Right lines: 8
[7dc2914d-a20a969a.jpg] Left lines: 17, Right lines: 11
[7e4ab78b-4a62c63e.jpg] Left lines: 2, Right lines: 11
[7e4ab78b-4a62c63e.jpg] Left lines: 3, Right lines: 20
[7e590c49-93f03732.jpg] Left lines: 0, Right lines: 6
[7e590c49-93f03732.jpg] Left lines: 13, Right lines: 4
[7ed57d0a-d7bcc13d.jpg] Left lines: 17, Right lines: 17
[7ed57d0a-d7bcc13d.jpg] Left lines: 15, Right lines: 25
[7f0ef682-c93899df.jpg] Left lines: 1, Right lines: 9
[7f0ef682-c93899df.jpg] Left lines: 2, Right lines: 16
[7f4ac354-777de900.jpg] Left lines: 11, Right lines: 7
[7f4ac354-777de900.jpg] Left lines: 17, Right lines: 6
[7f9bdf0d-c0e0061f.jpg] Left lines: 17, Right lines: 1
[7f9bdf0d-c0e0061f.jpg] Left lines: 63, Right lines: 21
[7fd14da9-a855494b.jpg] Left lines: 25, Right lines: 12
[7fd14da9-a855494b.jpg] Left lines: 26, Right lines: 6
[801bff84-a72998c7.jpg] Left lines: 40, Right lines: 15
[801bff84-a72998c7.jpg] Left lines: 42, Right lines: 72
[8073de38-f7eab6ec.jpg] Left lines: 12, Right lines: 17
[8073de38-f7eab6ec.jpg] Left lines: 15, Right lines: 22
[8082ea05-1a7bcd47.jpg] Left lines: 10, Right lines: 26
[8082ea05-1a7bcd47.jpg] Left lines: 35, Right lines: 43
[80ecebc0-ca9605f4.jpg] Left lines: 3, Right lines: 1
[80ecebc0-ca9605f4.jpg] Left lines: 83, Right lines: 3
[81ec3b39-1951f79e.jpg] Left lines: 11, Right lines: 8
[81ec3b39-1951f79e.jpg] Left lines: 21, Right lines: 11
[82b14c0c-79b99258.jpg] Left lines: 12, Right lines: 9
[82b14c0c-79b99258.jpg] Left lines: 26, Right lines: 51
[82b5fc3b-90cadd1b.jpg] Left lines: 8, Right lines: 17
[82b5fc3b-90cadd1b.jpg] Left lines: 39, Right lines: 20
[82f03471-8e304dd5.jpg] Left lines: 3, Right lines: 7
[82f03471-8e304dd5.jpg] Left lines: 6, Right lines: 38
[836fa13a-d6058a12.jpg] Left lines: 12, Right lines: 10
[836fa13a-d6058a12.jpg] Left lines: 19, Right lines: 6
[84fb3f59-7d5d1fa4.jpg] Left lines: 1, Right lines: 0
[84fb3f59-7d5d1fa4.jpg] Left lines: 8, Right lines: 34
[8542b4da-7795bcfd.jpg] Left lines: 6, Right lines: 13
[8542b4da-7795bcfd.jpg] Left lines: 39, Right lines: 27
[85f3f250-1fef85ac.jpg] Left lines: 13, Right lines: 16
[85f3f250-1fef85ac.jpg] Left lines: 18, Right lines: 25
[87ca2979-d5158824.jpg] Left lines: 6, Right lines: 13
[87ca2979-d5158824.jpg] Left lines: 22, Right lines: 26
[889b7dda-77f16103.jpg] Left lines: 1, Right lines: 16
[889b7dda-77f16103.jpg] Left lines: 3, Right lines: 32
[88dbf01a-d8b35dee.jpg] Left lines: 16, Right lines: 3
[88dbf01a-d8b35dee.jpg] Left lines: 21, Right lines: 5
[897223bc-6938f1ab.jpg] Left lines: 9, Right lines: 4
[897223bc-6938f1ab.jpg] Left lines: 16, Right lines: 7
[89b7454d-880eacbd.jpg] Left lines: 10, Right lines: 5
[89b7454d-880eacbd.jpg] Left lines: 5, Right lines: 12
[89e85e71-7dd0a7b6.jpg] Left lines: 25, Right lines: 25
[89e85e71-7dd0a7b6.jpg] Left lines: 9, Right lines: 11
[8a4fbffe-47866ce9.jpg] Left lines: 0, Right lines: 0
[8a4fbffe-47866ce9.jpg] Left lines: 47, Right lines: 29
[8a76c101-8bcefc32.jpg] Left lines: 0, Right lines: 5
[8a76c101-8bcefc32.jpg] Left lines: 0, Right lines: 13
[8b7ef6c4-6bbcf25f.jpg] Left lines: 16, Right lines: 14
[8b7ef6c4-6bbcf25f.jpg] Left lines: 29, Right lines: 16
[8bac644e-e0437ead.jpg] Left lines: 2, Right lines: 0
[8bac644e-e0437ead.jpg] Left lines: 7, Right lines: 9
[8c94c649-8ba62efa.jpg] Left lines: 4, Right lines: 4
[8c94c649-8ba62efa.jpg] Left lines: 3, Right lines: 5
[8c9bbaa9-34934b66.jpg] Left lines: 8, Right lines: 11
[8c9bbaa9-34934b66.jpg] Left lines: 10, Right lines: 11
[degraded] low_light level_3 (300 images)
[0049e5b8-725e21a0.jpg] Left lines: 9, Right lines: 13
[0049e5b8-725e21a0.jpg] Left lines: 17, Right lines: 10
[0081e27b-17bf4a9e.jpg] Left lines: 5, Right lines: 10
[0081e27b-17bf4a9e.jpg] Left lines: 0, Right lines: 0
[00beeb02-50440dcd.jpg] Left lines: 2, Right lines: 1
[00beeb02-50440dcd.jpg] Left lines: 3, Right lines: 1
[00d4b6b7-7d0a60bf.jpg] Left lines: 0, Right lines: 0
[00d4b6b7-7d0a60bf.jpg] Left lines: 9, Right lines: 12
[01118704-2d838d7f.jpg] Left lines: 7, Right lines: 5
[01118704-2d838d7f.jpg] Left lines: 12, Right lines: 6
[0115917e-14907a6a.jpg] Left lines: 16, Right lines: 11
[0115917e-14907a6a.jpg] Left lines: 26, Right lines: 12
[02188a44-65ad27f3.jpg] Left lines: 26, Right lines: 0
[02188a44-65ad27f3.jpg] Left lines: 28, Right lines: 4
[02494b7b-079febf8.jpg] Left lines: 16, Right lines: 9
[02494b7b-079febf8.jpg] Left lines: 22, Right lines: 8
[029ffd50-dc944dba.jpg] Left lines: 0, Right lines: 4
[029ffd50-dc944dba.jpg] Left lines: 5, Right lines: 11
[0464a98b-860229d5.jpg] Left lines: 9, Right lines: 18
[0464a98b-860229d5.jpg] Left lines: 22, Right lines: 48
[051aadb7-51aad566.jpg] Left lines: 0, Right lines: 0
[051aadb7-51aad566.jpg] Left lines: 14, Right lines: 13
[051aadb7-e953bc4d.jpg] Left lines: 0, Right lines: 0
[051aadb7-e953bc4d.jpg] Left lines: 19, Right lines: 18
[05743a9b-747658e7.jpg] Left lines: 8, Right lines: 14
[05743a9b-747658e7.jpg] Left lines: 19, Right lines: 34
[057af272-6f700aef.jpg] Left lines: 0, Right lines: 12
[057af272-6f700aef.jpg] Left lines: 75, Right lines: 47
[05d62296-30c620d5.jpg] Left lines: 3, Right lines: 0
[05d62296-30c620d5.jpg] Left lines: 5, Right lines: 4
[05e5a68e-f0e05a42.jpg] Left lines: 9, Right lines: 13
[05e5a68e-f0e05a42.jpg] Left lines: 0, Right lines: 0
[05fa6494-8f436d04.jpg] Left lines: 11, Right lines: 20
[05fa6494-8f436d04.jpg] Left lines: 24, Right lines: 22
[060039d9-5218402b.jpg] Left lines: 7, Right lines: 9
[060039d9-5218402b.jpg] Left lines: 22, Right lines: 5
[064aa0d6-f75ff4d5.jpg] Left lines: 7, Right lines: 6
[064aa0d6-f75ff4d5.jpg] Left lines: 10, Right lines: 8
[07de5062-ddddcbd7.jpg] Left lines: 0, Right lines: 4
[07de5062-ddddcbd7.jpg] Left lines: 10, Right lines: 2
[088351d1-30833ddc.jpg] Left lines: 0, Right lines: 5
[088351d1-30833ddc.jpg] Left lines: 15, Right lines: 2
[08a49c01-675d3899.jpg] Left lines: 0, Right lines: 16
[08a49c01-675d3899.jpg] Left lines: 13, Right lines: 20
[08d4285a-4a25b9b6.jpg] Left lines: 2, Right lines: 13
[08d4285a-4a25b9b6.jpg] Left lines: 8, Right lines: 11
[09ac21d6-eefa8ed0.jpg] Left lines: 0, Right lines: 17
[09ac21d6-eefa8ed0.jpg] Left lines: 28, Right lines: 19
[0a0a0b1a-7c39d841.jpg] Left lines: 7, Right lines: 12
[0a0a0b1a-7c39d841.jpg] Left lines: 18, Right lines: 13
[0af6039a-f3c91319.jpg] Left lines: 6, Right lines: 4
[0af6039a-f3c91319.jpg] Left lines: 19, Right lines: 10
[0b2f5d0d-8fddc1fc.jpg] Left lines: 10, Right lines: 19
[0b2f5d0d-8fddc1fc.jpg] Left lines: 19, Right lines: 12
[0b4225f9-bfb10f88.jpg] Left lines: 10, Right lines: 3
[0b4225f9-bfb10f88.jpg] Left lines: 19, Right lines: 6
[0ba08fe3-880ae118.jpg] Left lines: 7, Right lines: 11
[0ba08fe3-880ae118.jpg] Left lines: 10, Right lines: 28
[0c2f33b9-f94d69b5.jpg] Left lines: 13, Right lines: 12
[0c2f33b9-f94d69b5.jpg] Left lines: 27, Right lines: 12
[0c984e6d-2b5d7ee4.jpg] Left lines: 5, Right lines: 5
[0c984e6d-2b5d7ee4.jpg] Left lines: 18, Right lines: 6
[0cb67a01-7cf1687e.jpg] Left lines: 20, Right lines: 0
[0cb67a01-7cf1687e.jpg] Left lines: 7, Right lines: 1
[0cc6f3e8-b4c9e348.jpg] Left lines: 11, Right lines: 12
[0cc6f3e8-b4c9e348.jpg] Left lines: 29, Right lines: 46
[0cf398b3-ce65ab64.jpg] Left lines: 0, Right lines: 3
[0cf398b3-ce65ab64.jpg] Left lines: 7, Right lines: 11
[0d3ec56a-f4cead6f.jpg] Left lines: 0, Right lines: 12
[0d3ec56a-f4cead6f.jpg] Left lines: 23, Right lines: 64
[0d61234a-542010b2.jpg] Left lines: 4, Right lines: 16
[0d61234a-542010b2.jpg] Left lines: 13, Right lines: 18
[0e442b65-b17e0b50.jpg] Left lines: 10, Right lines: 0
[0e442b65-b17e0b50.jpg] Left lines: 11, Right lines: 4
[0e5c7e92-0d9c60f0.jpg] Left lines: 4, Right lines: 3
[0e5c7e92-0d9c60f0.jpg] Left lines: 6, Right lines: 9
[0f837def-9646c091.jpg] Left lines: 3, Right lines: 8
[0f837def-9646c091.jpg] Left lines: 8, Right lines: 12
[0fba84f9-73b520ee.jpg] Left lines: 14, Right lines: 12
[0fba84f9-73b520ee.jpg] Left lines: 14, Right lines: 4
[101a0964-930eae70.jpg] Left lines: 6, Right lines: 12
[101a0964-930eae70.jpg] Left lines: 8, Right lines: 13
[10389fe8-433c740c.jpg] Left lines: 17, Right lines: 14
[10389fe8-433c740c.jpg] Left lines: 87, Right lines: 16
[10453a95-40759ac3.jpg] Left lines: 3, Right lines: 10
[10453a95-40759ac3.jpg] Left lines: 4, Right lines: 19
[1072195f-0a161ade.jpg] Left lines: 21, Right lines: 15
[1072195f-0a161ade.jpg] Left lines: 41, Right lines: 15
[1072195f-6cf88b25.jpg] Left lines: 14, Right lines: 15
[1072195f-6cf88b25.jpg] Left lines: 12, Right lines: 28
[11513e3d-150058c3.jpg] Left lines: 9, Right lines: 8
[11513e3d-150058c3.jpg] Left lines: 15, Right lines: 16
[1189ae68-1a8ad3c6.jpg] Left lines: 13, Right lines: 12
[1189ae68-1a8ad3c6.jpg] Left lines: 20, Right lines: 10
[12076ebb-c07285d7.jpg] Left lines: 6, Right lines: 13
[12076ebb-c07285d7.jpg] Left lines: 2, Right lines: 4
[125134e5-7dfc45b9.jpg] Left lines: 0, Right lines: 1
[125134e5-7dfc45b9.jpg] Left lines: 28, Right lines: 13
[12ae9ab8-794f5adc.jpg] Left lines: 14, Right lines: 12
[12ae9ab8-794f5adc.jpg] Left lines: 6, Right lines: 11
[13f61134-50021e53.jpg] Left lines: 0, Right lines: 0
[13f61134-50021e53.jpg] Left lines: 26, Right lines: 1
[14eace5a-ddf3b303.jpg] Left lines: 17, Right lines: 4
[14eace5a-ddf3b303.jpg] Left lines: 26, Right lines: 8
[1608cfe7-32da2c5d.jpg] Left lines: 10, Right lines: 10
[1608cfe7-32da2c5d.jpg] Left lines: 24, Right lines: 16
[162995f1-d2c7d259.jpg] Left lines: 13, Right lines: 2
[162995f1-d2c7d259.jpg] Left lines: 0, Right lines: 15
[16b0973f-c07b564a.jpg] Left lines: 15, Right lines: 4
[16b0973f-c07b564a.jpg] Left lines: 32, Right lines: 3
[1784d67b-6b223914.jpg] Left lines: 10, Right lines: 11
[1784d67b-6b223914.jpg] Left lines: 13, Right lines: 20
[1784d67b-d76145ce.jpg] Left lines: 6, Right lines: 12
[1784d67b-d76145ce.jpg] Left lines: 13, Right lines: 10
[188c58f3-792afc71.jpg] Left lines: 7, Right lines: 15
[188c58f3-792afc71.jpg] Left lines: 1, Right lines: 29
[193f7f3b-84bc7998.jpg] Left lines: 0, Right lines: 2
[193f7f3b-84bc7998.jpg] Left lines: 24, Right lines: 17
[194058b0-ac0616a6.jpg] Left lines: 15, Right lines: 2
[194058b0-ac0616a6.jpg] Left lines: 5, Right lines: 10
[19e56249-09c4bbc6.jpg] Left lines: 0, Right lines: 0
[19e56249-09c4bbc6.jpg] Left lines: 11, Right lines: 10
[1a71faae-d5f255fd.jpg] Left lines: 2, Right lines: 0
[1a71faae-d5f255fd.jpg] Left lines: 16, Right lines: 17
[1a8992a7-da5a8510.jpg] Left lines: 0, Right lines: 2
[1a8992a7-da5a8510.jpg] Left lines: 17, Right lines: 6
[1ac0178c-0b259360.jpg] Left lines: 1, Right lines: 8
[1ac0178c-0b259360.jpg] Left lines: 23, Right lines: 14
[1b30f76f-95aa8a06.jpg] Left lines: 11, Right lines: 4
[1b30f76f-95aa8a06.jpg] Left lines: 15, Right lines: 17
[1bda5a26-420ceea6.jpg] Left lines: 3, Right lines: 2
[1bda5a26-420ceea6.jpg] Left lines: 15, Right lines: 7
[1bf7f3d2-15f95138.jpg] Left lines: 14, Right lines: 14
[1bf7f3d2-15f95138.jpg] Left lines: 23, Right lines: 17
[1c227a12-10e5552c.jpg] Left lines: 1, Right lines: 14
[1c227a12-10e5552c.jpg] Left lines: 6, Right lines: 17
[1c227a12-ec67af93.jpg] Left lines: 8, Right lines: 2
[1c227a12-ec67af93.jpg] Left lines: 11, Right lines: 6
[1c5e9657-2e2a2863.jpg] Left lines: 0, Right lines: 0
[1c5e9657-2e2a2863.jpg] Left lines: 15, Right lines: 10
[1cb2a89b-4594573e.jpg] Left lines: 7, Right lines: 11
[1cb2a89b-4594573e.jpg] Left lines: 10, Right lines: 9
[1cf54809-c6daa5a9.jpg] Left lines: 31, Right lines: 13
[1cf54809-c6daa5a9.jpg] Left lines: 8, Right lines: 6
[1d5e05f8-5020f67d.jpg] Left lines: 2, Right lines: 0
[1d5e05f8-5020f67d.jpg] Left lines: 28, Right lines: 5
[1e57ae90-806bc767.jpg] Left lines: 8, Right lines: 17
[1e57ae90-806bc767.jpg] Left lines: 1, Right lines: 10
[1f959fdd-6ff63d34.jpg] Left lines: 0, Right lines: 14
[1f959fdd-6ff63d34.jpg] Left lines: 4, Right lines: 13
[1fa65acf-d43367bc.jpg] Left lines: 5, Right lines: 7
[1fa65acf-d43367bc.jpg] Left lines: 1, Right lines: 8
[20cfadfa-47711496.jpg] Left lines: 20, Right lines: 22
[20cfadfa-47711496.jpg] Left lines: 18, Right lines: 14
[20cfadfa-6f87fdc1.jpg] Left lines: 21, Right lines: 29
[20cfadfa-6f87fdc1.jpg] Left lines: 44, Right lines: 31
[225a1858-0e3a4b04.jpg] Left lines: 0, Right lines: 0
[225a1858-0e3a4b04.jpg] Left lines: 5, Right lines: 0
[22be2f14-59fbdca0.jpg] Left lines: 11, Right lines: 9
[22be2f14-59fbdca0.jpg] Left lines: 15, Right lines: 14
[23333f35-0cbc3f0f.jpg] Left lines: 8, Right lines: 6
[23333f35-0cbc3f0f.jpg] Left lines: 4, Right lines: 2
[23df146f-64b50e4c.jpg] Left lines: 18, Right lines: 22
[23df146f-64b50e4c.jpg] Left lines: 26, Right lines: 25
[24392d7c-998011c2.jpg] Left lines: 10, Right lines: 10
[24392d7c-998011c2.jpg] Left lines: 14, Right lines: 14
[250e7595-b14da270.jpg] Left lines: 0, Right lines: 5
[250e7595-b14da270.jpg] Left lines: 15, Right lines: 14
[26190b83-39ccb412.jpg] Left lines: 2, Right lines: 22
[26190b83-39ccb412.jpg] Left lines: 11, Right lines: 27
[272d52f6-8aac36b3.jpg] Left lines: 11, Right lines: 8
[272d52f6-8aac36b3.jpg] Left lines: 11, Right lines: 11
[2752681a-e813599a.jpg] Left lines: 15, Right lines: 9
[2752681a-e813599a.jpg] Left lines: 6, Right lines: 17
[27645526-f038b033.jpg] Left lines: 61, Right lines: 6
[27645526-f038b033.jpg] Left lines: 61, Right lines: 17
[2773af6f-23e23a6b.jpg] Left lines: 12, Right lines: 10
[2773af6f-23e23a6b.jpg] Left lines: 9, Right lines: 32
[28faf684-03ef4c6e.jpg] Left lines: 10, Right lines: 14
[28faf684-03ef4c6e.jpg] Left lines: 12, Right lines: 13
[292720ee-d847ee69.jpg] Left lines: 9, Right lines: 11
[292720ee-d847ee69.jpg] Left lines: 10, Right lines: 13
[2b54fe2d-c5b810e6.jpg] Left lines: 9, Right lines: 15
[2b54fe2d-c5b810e6.jpg] Left lines: 29, Right lines: 19
[2b605c48-8dfe352b.jpg] Left lines: 16, Right lines: 14
[2b605c48-8dfe352b.jpg] Left lines: 16, Right lines: 41
[2beccce2-354608e2.jpg] Left lines: 15, Right lines: 9
[2beccce2-354608e2.jpg] Left lines: 37, Right lines: 40
[2c87e51d-aa7a8031.jpg] Left lines: 5, Right lines: 0
[2c87e51d-aa7a8031.jpg] Left lines: 17, Right lines: 5
[2ce0b449-e818dc97.jpg] Left lines: 2, Right lines: 0
[2ce0b449-e818dc97.jpg] Left lines: 12, Right lines: 7
[2cf976a2-479cd46b.jpg] Left lines: 5, Right lines: 5
[2cf976a2-479cd46b.jpg] Left lines: 0, Right lines: 7
[2e2fae77-b7497ca0.jpg] Left lines: 10, Right lines: 10
[2e2fae77-b7497ca0.jpg] Left lines: 8, Right lines: 12
[2ead8042-2493c03f.jpg] Left lines: 5, Right lines: 8
[2ead8042-2493c03f.jpg] Left lines: 5, Right lines: 15
[2f1864c1-1a17d11c.jpg] Left lines: 13, Right lines: 13
[2f1864c1-1a17d11c.jpg] Left lines: 15, Right lines: 13
[2f879dc0-b09e4824.jpg] Left lines: 11, Right lines: 14
[2f879dc0-b09e4824.jpg] Left lines: 12, Right lines: 12
[2fc9ad1e-ee4c9e43.jpg] Left lines: 6, Right lines: 4
[2fc9ad1e-ee4c9e43.jpg] Left lines: 22, Right lines: 4
[3050b249-0ffbd6ec.jpg] Left lines: 3, Right lines: 3
[3050b249-0ffbd6ec.jpg] Left lines: 5, Right lines: 23
[314cc010-3eab5c90.jpg] Left lines: 6, Right lines: 11
[314cc010-3eab5c90.jpg] Left lines: 20, Right lines: 10
[31765c6b-90b0d612.jpg] Left lines: 11, Right lines: 11
[31765c6b-90b0d612.jpg] Left lines: 14, Right lines: 9
[31cf6eba-5c84c636.jpg] Left lines: 0, Right lines: 0
[31cf6eba-5c84c636.jpg] Left lines: 18, Right lines: 7
[32de2244-122f1783.jpg] Left lines: 1, Right lines: 13
[32de2244-122f1783.jpg] Left lines: 8, Right lines: 18
[33420085-32996107.jpg] Left lines: 26, Right lines: 4
[33420085-32996107.jpg] Left lines: 33, Right lines: 32
[3430a5e6-00ec38d2.jpg] Left lines: 1, Right lines: 2
[3430a5e6-00ec38d2.jpg] Left lines: 14, Right lines: 12
[35eb46d0-8f7e28a0.jpg] Left lines: 16, Right lines: 14
[35eb46d0-8f7e28a0.jpg] Left lines: 16, Right lines: 30
[3735fc3d-69d8b80c.jpg] Left lines: 15, Right lines: 9
[3735fc3d-69d8b80c.jpg] Left lines: 4, Right lines: 5
[3740cd4f-ff1d423d.jpg] Left lines: 5, Right lines: 12
[3740cd4f-ff1d423d.jpg] Left lines: 9, Right lines: 5
[375abba2-9f2ed56c.jpg] Left lines: 14, Right lines: 11
[375abba2-9f2ed56c.jpg] Left lines: 17, Right lines: 7
[37723e55-31730cf5.jpg] Left lines: 0, Right lines: 5
[37723e55-31730cf5.jpg] Left lines: 17, Right lines: 12
[380a3f8e-ba4f0def.jpg] Left lines: 15, Right lines: 2
[380a3f8e-ba4f0def.jpg] Left lines: 24, Right lines: 28
[385b0f61-1aee12ef.jpg] Left lines: 10, Right lines: 6
[385b0f61-1aee12ef.jpg] Left lines: 19, Right lines: 9
[3865fea7-b4fe472d.jpg] Left lines: 14, Right lines: 20
[3865fea7-b4fe472d.jpg] Left lines: 18, Right lines: 14
[38e561dd-8ea8ae2d.jpg] Left lines: 7, Right lines: 12
[38e561dd-8ea8ae2d.jpg] Left lines: 20, Right lines: 24
[38ed8d8d-93c48de2.jpg] Left lines: 17, Right lines: 0
[38ed8d8d-93c48de2.jpg] Left lines: 9, Right lines: 10
[38ed8d8d-b1c230ef.jpg] Left lines: 4, Right lines: 3
[38ed8d8d-b1c230ef.jpg] Left lines: 5, Right lines: 6
[38ed8d8d-fa50400c.jpg] Left lines: 11, Right lines: 0
[38ed8d8d-fa50400c.jpg] Left lines: 10, Right lines: 25
[3900ad8c-8834019f.jpg] Left lines: 0, Right lines: 0
[3900ad8c-8834019f.jpg] Left lines: 1, Right lines: 11
[39ddb110-04604b9c.jpg] Left lines: 0, Right lines: 9
[39ddb110-04604b9c.jpg] Left lines: 1, Right lines: 14
[39fc6d1c-6155351d.jpg] Left lines: 0, Right lines: 13
[39fc6d1c-6155351d.jpg] Left lines: 4, Right lines: 21
[3a278d39-b92df256.jpg] Left lines: 9, Right lines: 8
[3a278d39-b92df256.jpg] Left lines: 19, Right lines: 1
[3a3407a2-df8ea956.jpg] Left lines: 0, Right lines: 0
[3a3407a2-df8ea956.jpg] Left lines: 8, Right lines: 2
[3ad0c4a7-2a3d544e.jpg] Left lines: 7, Right lines: 6
[3ad0c4a7-2a3d544e.jpg] Left lines: 17, Right lines: 22
[3b1e1bc1-ee64e36e.jpg] Left lines: 15, Right lines: 13
[3b1e1bc1-ee64e36e.jpg] Left lines: 10, Right lines: 11
[3b44ef5a-c09e8479.jpg] Left lines: 21, Right lines: 11
[3b44ef5a-c09e8479.jpg] Left lines: 15, Right lines: 2
[3b563c5e-0102edaf.jpg] Left lines: 0, Right lines: 11
[3b563c5e-0102edaf.jpg] Left lines: 35, Right lines: 37
[3b9716a6-d2566395.jpg] Left lines: 0, Right lines: 9
[3b9716a6-d2566395.jpg] Left lines: 20, Right lines: 7
[3c0bbdc2-79baffce.jpg] Left lines: 14, Right lines: 7
[3c0bbdc2-79baffce.jpg] Left lines: 19, Right lines: 10
[3c5752b6-9c0bdf98.jpg] Left lines: 3, Right lines: 5
[3c5752b6-9c0bdf98.jpg] Left lines: 3, Right lines: 12
[3c95ae26-68abac3f.jpg] Left lines: 10, Right lines: 8
[3c95ae26-68abac3f.jpg] Left lines: 10, Right lines: 16
[3e0f1745-a95a63ad.jpg] Left lines: 9, Right lines: 13
[3e0f1745-a95a63ad.jpg] Left lines: 13, Right lines: 12
[3f4eb6a6-9eee52f9.jpg] Left lines: 12, Right lines: 10
[3f4eb6a6-9eee52f9.jpg] Left lines: 14, Right lines: 25
[3f85a987-1ef4053b.jpg] Left lines: 3, Right lines: 3
[3f85a987-1ef4053b.jpg] Left lines: 2, Right lines: 6
[3fe1feaa-10126fec.jpg] Left lines: 11, Right lines: 0
[3fe1feaa-10126fec.jpg] Left lines: 3, Right lines: 3
[3ffdaa26-b394f6f8.jpg] Left lines: 9, Right lines: 19
[3ffdaa26-b394f6f8.jpg] Left lines: 3, Right lines: 22
[4027c10d-41d54e9b.jpg] Left lines: 4, Right lines: 6
[4027c10d-41d54e9b.jpg] Left lines: 16, Right lines: 7
[428e99ea-4166e549.jpg] Left lines: 52, Right lines: 6
[428e99ea-4166e549.jpg] Left lines: 44, Right lines: 5
[42e0dd11-74b81997.jpg] Left lines: 0, Right lines: 0
[42e0dd11-74b81997.jpg] Left lines: 2, Right lines: 12
[430395d1-931c959e.jpg] Left lines: 8, Right lines: 6
[430395d1-931c959e.jpg] Left lines: 34, Right lines: 18
[43126e0d-495d04a5.jpg] Left lines: 0, Right lines: 0
[43126e0d-495d04a5.jpg] Left lines: 9, Right lines: 26
[43126e0d-cce96832.jpg] Left lines: 13, Right lines: 11
[43126e0d-cce96832.jpg] Left lines: 24, Right lines: 43
[432f9e20-83a0d96c.jpg] Left lines: 4, Right lines: 0
[432f9e20-83a0d96c.jpg] Left lines: 13, Right lines: 9
[43c7ed5c-b0690325.jpg] Left lines: 2, Right lines: 4
[43c7ed5c-b0690325.jpg] Left lines: 1, Right lines: 5
[44cc16d9-d2e06fd6.jpg] Left lines: 0, Right lines: 0
[44cc16d9-d2e06fd6.jpg] Left lines: 2, Right lines: 21
[45bafa98-1ee18a2f.jpg] Left lines: 1, Right lines: 5
[45bafa98-1ee18a2f.jpg] Left lines: 6, Right lines: 9
[46d048a1-8f7f385c.jpg] Left lines: 5, Right lines: 8
[46d048a1-8f7f385c.jpg] Left lines: 3, Right lines: 9
[46f76df9-8bf77914.jpg] Left lines: 9, Right lines: 11
[46f76df9-8bf77914.jpg] Left lines: 11, Right lines: 17
[480263a0-5aad7ae9.jpg] Left lines: 4, Right lines: 26
[480263a0-5aad7ae9.jpg] Left lines: 1, Right lines: 76
[488480d6-b94cf415.jpg] Left lines: 8, Right lines: 14
[488480d6-b94cf415.jpg] Left lines: 29, Right lines: 44
[48ed707e-5062e4c3.jpg] Left lines: 9, Right lines: 4
[48ed707e-5062e4c3.jpg] Left lines: 3, Right lines: 4
[4a289ff2-7da7feb6.jpg] Left lines: 0, Right lines: 10
[4a289ff2-7da7feb6.jpg] Left lines: 0, Right lines: 7
[4a31f3e3-ac7ed780.jpg] Left lines: 23, Right lines: 7
[4a31f3e3-ac7ed780.jpg] Left lines: 27, Right lines: 8
[4b2e1dde-65b54419.jpg] Left lines: 0, Right lines: 0
[4b2e1dde-65b54419.jpg] Left lines: 9, Right lines: 12
[4d4a590b-4332c5ab.jpg] Left lines: 1, Right lines: 8
[4d4a590b-4332c5ab.jpg] Left lines: 17, Right lines: 10
[5069db50-52f5af30.jpg] Left lines: 16, Right lines: 10
[5069db50-52f5af30.jpg] Left lines: 31, Right lines: 11
[50866f46-30d1f303.jpg] Left lines: 3, Right lines: 10
[50866f46-30d1f303.jpg] Left lines: 14, Right lines: 19
[50b115d6-4b08a666.jpg] Left lines: 0, Right lines: 0
[50b115d6-4b08a666.jpg] Left lines: 40, Right lines: 5
[50b2e757-6c7d0f63.jpg] Left lines: 6, Right lines: 10
[50b2e757-6c7d0f63.jpg] Left lines: 15, Right lines: 15
[50d0fd05-8db58ebd.jpg] Left lines: 2, Right lines: 0
[50d0fd05-8db58ebd.jpg] Left lines: 1, Right lines: 9
[510671e9-603795e0.jpg] Left lines: 12, Right lines: 13
[510671e9-603795e0.jpg] Left lines: 25, Right lines: 3
[514a6d58-0790e0cd.jpg] Left lines: 11, Right lines: 13
[514a6d58-0790e0cd.jpg] Left lines: 11, Right lines: 4
[5150bb50-300d52ce.jpg] Left lines: 12, Right lines: 14
[5150bb50-300d52ce.jpg] Left lines: 11, Right lines: 37
[52799e9e-8c8673f3.jpg] Left lines: 8, Right lines: 8
[52799e9e-8c8673f3.jpg] Left lines: 14, Right lines: 21
[52bda346-fd8ac6e7.jpg] Left lines: 0, Right lines: 0
[52bda346-fd8ac6e7.jpg] Left lines: 9, Right lines: 51
[534418ba-ee05398f.jpg] Left lines: 10, Right lines: 11
[534418ba-ee05398f.jpg] Left lines: 13, Right lines: 15
[54360b72-e00a3f70.jpg] Left lines: 4, Right lines: 20
[54360b72-e00a3f70.jpg] Left lines: 10, Right lines: 7
[554d7cd5-a32486dd.jpg] Left lines: 0, Right lines: 12
[554d7cd5-a32486dd.jpg] Left lines: 22, Right lines: 28
[559fed19-7893646f.jpg] Left lines: 0, Right lines: 6
[559fed19-7893646f.jpg] Left lines: 12, Right lines: 21
[57165857-e4d4a47f.jpg] Left lines: 0, Right lines: 0
[57165857-e4d4a47f.jpg] Left lines: 2, Right lines: 11
[5795bfe7-a599384a.jpg] Left lines: 2, Right lines: 4
[5795bfe7-a599384a.jpg] Left lines: 22, Right lines: 16
[57ac74e2-e86131f1.jpg] Left lines: 3, Right lines: 14
[57ac74e2-e86131f1.jpg] Left lines: 6, Right lines: 146
[57b495f2-6da6b1e5.jpg] Left lines: 3, Right lines: 0
[57b495f2-6da6b1e5.jpg] Left lines: 5, Right lines: 1
[585443c8-2621a6b1.jpg] Left lines: 7, Right lines: 7
[585443c8-2621a6b1.jpg] Left lines: 8, Right lines: 11
[5877b384-2545daf4.jpg] Left lines: 27, Right lines: 6
[5877b384-2545daf4.jpg] Left lines: 20, Right lines: 5
[587bb1bf-1aa00fe5.jpg] Left lines: 6, Right lines: 14
[587bb1bf-1aa00fe5.jpg] Left lines: 75, Right lines: 24
[5995c288-2d152172.jpg] Left lines: 2, Right lines: 0
[5995c288-2d152172.jpg] Left lines: 12, Right lines: 2
[59cde7c7-344bffb1.jpg] Left lines: 0, Right lines: 0
[59cde7c7-344bffb1.jpg] Left lines: 4, Right lines: 10
[5a8f9b5d-1fdfd2d4.jpg] Left lines: 28, Right lines: 13
[5a8f9b5d-1fdfd2d4.jpg] Left lines: 8, Right lines: 10
[5ae83f9c-da990b49.jpg] Left lines: 15, Right lines: 15
[5ae83f9c-da990b49.jpg] Left lines: 9, Right lines: 106
[5b2b4881-67a6cb87.jpg] Left lines: 3, Right lines: 3
[5b2b4881-67a6cb87.jpg] Left lines: 16, Right lines: 1
[5b2fd56a-37759b05.jpg] Left lines: 15, Right lines: 10
[5b2fd56a-37759b05.jpg] Left lines: 17, Right lines: 19
[5b4b0b07-2fb56b82.jpg] Left lines: 7, Right lines: 2
[5b4b0b07-2fb56b82.jpg] Left lines: 7, Right lines: 1
[5bc44a50-c371c4d0.jpg] Left lines: 8, Right lines: 8
[5bc44a50-c371c4d0.jpg] Left lines: 11, Right lines: 4
[5c4004b7-bf3b7941.jpg] Left lines: 0, Right lines: 0
[5c4004b7-bf3b7941.jpg] Left lines: 18, Right lines: 8
[5c534f5f-a76c7f4b.jpg] Left lines: 13, Right lines: 5
[5c534f5f-a76c7f4b.jpg] Left lines: 10, Right lines: 17
[5c5dc708-35460444.jpg] Left lines: 4, Right lines: 3
[5c5dc708-35460444.jpg] Left lines: 3, Right lines: 36
[5da6c6b6-76c54605.jpg] Left lines: 0, Right lines: 1
[5da6c6b6-76c54605.jpg] Left lines: 11, Right lines: 13
[5dc5141c-5890b5b1.jpg] Left lines: 2, Right lines: 10
[5dc5141c-5890b5b1.jpg] Left lines: 2, Right lines: 4
[5dd831da-bd00cf03.jpg] Left lines: 13, Right lines: 6
[5dd831da-bd00cf03.jpg] Left lines: 10, Right lines: 29
[5dfb063f-7bd23d5c.jpg] Left lines: 12, Right lines: 4
[5dfb063f-7bd23d5c.jpg] Left lines: 16, Right lines: 23
[5e0b701e-d443d8c2.jpg] Left lines: 1, Right lines: 12
[5e0b701e-d443d8c2.jpg] Left lines: 34, Right lines: 23
[5e26f49d-0bc53c7e.jpg] Left lines: 3, Right lines: 1
[5e26f49d-0bc53c7e.jpg] Left lines: 39, Right lines: 3
[5e26f49d-9271bf00.jpg] Left lines: 12, Right lines: 10
[5e26f49d-9271bf00.jpg] Left lines: 48, Right lines: 19
[5e625ec3-7b4fc682.jpg] Left lines: 13, Right lines: 15
[5e625ec3-7b4fc682.jpg] Left lines: 23, Right lines: 26
[5f9387ff-330136ae.jpg] Left lines: 5, Right lines: 2
[5f9387ff-330136ae.jpg] Left lines: 14, Right lines: 8
[5fa17a25-88b8e6b9.jpg] Left lines: 19, Right lines: 11
[5fa17a25-88b8e6b9.jpg] Left lines: 28, Right lines: 10
[5fa422e1-2d8dd765.jpg] Left lines: 16, Right lines: 4
[5fa422e1-2d8dd765.jpg] Left lines: 70, Right lines: 5
[5fb2a702-f56a339c.jpg] Left lines: 12, Right lines: 6
[5fb2a702-f56a339c.jpg] Left lines: 11, Right lines: 15
[6011831b-0992e205.jpg] Left lines: 17, Right lines: 12
[6011831b-0992e205.jpg] Left lines: 8, Right lines: 9
[60137cc0-428b8f5b.jpg] Left lines: 9, Right lines: 1
[60137cc0-428b8f5b.jpg] Left lines: 11, Right lines: 42
[604b5b3e-3c2e6b6b.jpg] Left lines: 3, Right lines: 6
[604b5b3e-3c2e6b6b.jpg] Left lines: 11, Right lines: 11
[6092f5a2-424550ba.jpg] Left lines: 21, Right lines: 4
[6092f5a2-424550ba.jpg] Left lines: 31, Right lines: 15
[60ba25dd-6c0df417.jpg] Left lines: 5, Right lines: 5
[60ba25dd-6c0df417.jpg] Left lines: 12, Right lines: 15
[60c678e7-4813ae0f.jpg] Left lines: 12, Right lines: 0
[60c678e7-4813ae0f.jpg] Left lines: 32, Right lines: 2
[614ecada-16b0f8b6.jpg] Left lines: 14, Right lines: 20
[614ecada-16b0f8b6.jpg] Left lines: 17, Right lines: 21
[61e4ad87-53ceb455.jpg] Left lines: 11, Right lines: 0
[61e4ad87-53ceb455.jpg] Left lines: 23, Right lines: 15
[6240d7b3-b51b5788.jpg] Left lines: 9, Right lines: 10
[6240d7b3-b51b5788.jpg] Left lines: 4, Right lines: 12
[62aefb36-b685117f.jpg] Left lines: 5, Right lines: 14
[62aefb36-b685117f.jpg] Left lines: 17, Right lines: 38
[634c1785-3bb9a8a2.jpg] Left lines: 10, Right lines: 13
[634c1785-3bb9a8a2.jpg] Left lines: 10, Right lines: 18
[634c1785-aeb1652f.jpg] Left lines: 10, Right lines: 12
[634c1785-aeb1652f.jpg] Left lines: 21, Right lines: 12
[63f73472-028615f1.jpg] Left lines: 21, Right lines: 16
[63f73472-028615f1.jpg] Left lines: 21, Right lines: 15
[6485ad0a-245d1600.jpg] Left lines: 10, Right lines: 12
[6485ad0a-245d1600.jpg] Left lines: 28, Right lines: 25
[648dc925-e359dbec.jpg] Left lines: 20, Right lines: 5
[648dc925-e359dbec.jpg] Left lines: 22, Right lines: 5
[65edc5a1-f309fed7.jpg] Left lines: 5, Right lines: 13
[65edc5a1-f309fed7.jpg] Left lines: 18, Right lines: 22
[661381d9-1114a810.jpg] Left lines: 11, Right lines: 4
[661381d9-1114a810.jpg] Left lines: 20, Right lines: 13
[664cb246-f84cfaf4.jpg] Left lines: 5, Right lines: 11
[664cb246-f84cfaf4.jpg] Left lines: 71, Right lines: 12
[675cf8fa-4b1ce8b9.jpg] Left lines: 7, Right lines: 18
[675cf8fa-4b1ce8b9.jpg] Left lines: 25, Right lines: 9
[67faeadf-eb09a636.jpg] Left lines: 0, Right lines: 0
[67faeadf-eb09a636.jpg] Left lines: 7, Right lines: 3
[691be377-5dbc29ee.jpg] Left lines: 6, Right lines: 7
[691be377-5dbc29ee.jpg] Left lines: 5, Right lines: 5
[692f1303-05178963.jpg] Left lines: 3, Right lines: 4
[692f1303-05178963.jpg] Left lines: 3, Right lines: 0
[692f9b08-bdbbd729.jpg] Left lines: 15, Right lines: 5
[692f9b08-bdbbd729.jpg] Left lines: 30, Right lines: 13
[69bfbe31-5ee2a642.jpg] Left lines: 29, Right lines: 12
[69bfbe31-5ee2a642.jpg] Left lines: 20, Right lines: 5
[69cf7667-68f59649.jpg] Left lines: 13, Right lines: 13
[69cf7667-68f59649.jpg] Left lines: 14, Right lines: 6
[69cf7667-7eb40860.jpg] Left lines: 2, Right lines: 7
[69cf7667-7eb40860.jpg] Left lines: 64, Right lines: 13
[6a44fb9a-05a3dd18.jpg] Left lines: 21, Right lines: 12
[6a44fb9a-05a3dd18.jpg] Left lines: 19, Right lines: 12
[6a793e80-4f5e207f.jpg] Left lines: 7, Right lines: 0
[6a793e80-4f5e207f.jpg] Left lines: 12, Right lines: 4
[6a82c0d6-b31f6b90.jpg] Left lines: 0, Right lines: 14
[6a82c0d6-b31f6b90.jpg] Left lines: 7, Right lines: 3
[6a8d218d-14e4fa28.jpg] Left lines: 0, Right lines: 2
[6a8d218d-14e4fa28.jpg] Left lines: 17, Right lines: 20
[6ad110c3-789e7724.jpg] Left lines: 0, Right lines: 0
[6ad110c3-789e7724.jpg] Left lines: 24, Right lines: 12
[6b15392a-3a1699fd.jpg] Left lines: 4, Right lines: 14
[6b15392a-3a1699fd.jpg] Left lines: 34, Right lines: 40
[6b784eee-0a5a2c89.jpg] Left lines: 24, Right lines: 9
[6b784eee-0a5a2c89.jpg] Left lines: 33, Right lines: 17
[6bb5a881-15e5c2c4.jpg] Left lines: 0, Right lines: 0
[6bb5a881-15e5c2c4.jpg] Left lines: 6, Right lines: 14
[6bd41587-d65ba5b4.jpg] Left lines: 6, Right lines: 3
[6bd41587-d65ba5b4.jpg] Left lines: 6, Right lines: 4
[6d0d7bef-fb11b6e1.jpg] Left lines: 2, Right lines: 5
[6d0d7bef-fb11b6e1.jpg] Left lines: 14, Right lines: 9
[6d57736c-a35808b9.jpg] Left lines: 9, Right lines: 7
[6d57736c-a35808b9.jpg] Left lines: 13, Right lines: 4
[6d8a6d94-00a7ad92.jpg] Left lines: 2, Right lines: 0
[6d8a6d94-00a7ad92.jpg] Left lines: 25, Right lines: 30
[6eeed3fa-87a1b0c9.jpg] Left lines: 6, Right lines: 13
[6eeed3fa-87a1b0c9.jpg] Left lines: 4, Right lines: 14
[701992bd-8a457895.jpg] Left lines: 16, Right lines: 13
[701992bd-8a457895.jpg] Left lines: 11, Right lines: 17
[7171644d-4e74752e.jpg] Left lines: 3, Right lines: 5
[7171644d-4e74752e.jpg] Left lines: 6, Right lines: 25
[7171644d-ee92c71e.jpg] Left lines: 12, Right lines: 19
[7171644d-ee92c71e.jpg] Left lines: 7, Right lines: 27
[72f22fa5-8af4615c.jpg] Left lines: 6, Right lines: 11
[72f22fa5-8af4615c.jpg] Left lines: 44, Right lines: 15
[72fd00fe-aeadfc89.jpg] Left lines: 4, Right lines: 3
[72fd00fe-aeadfc89.jpg] Left lines: 16, Right lines: 16
[730c67a5-563e9b1f.jpg] Left lines: 13, Right lines: 0
[730c67a5-563e9b1f.jpg] Left lines: 15, Right lines: 16
[738a2bcd-7a6fde0d.jpg] Left lines: 6, Right lines: 0
[738a2bcd-7a6fde0d.jpg] Left lines: 5, Right lines: 8
[73aff960-d46366ec.jpg] Left lines: 5, Right lines: 0
[73aff960-d46366ec.jpg] Left lines: 4, Right lines: 11
[73d338d6-edf0b3db.jpg] Left lines: 13, Right lines: 1
[73d338d6-edf0b3db.jpg] Left lines: 17, Right lines: 20
[75ad1fff-77299093.jpg] Left lines: 0, Right lines: 7
[75ad1fff-77299093.jpg] Left lines: 14, Right lines: 14
[75f5f52c-6b67e736.jpg] Left lines: 0, Right lines: 0
[75f5f52c-6b67e736.jpg] Left lines: 6, Right lines: 20
[777005a8-14c739ad.jpg] Left lines: 0, Right lines: 0
[777005a8-14c739ad.jpg] Left lines: 58, Right lines: 6
[7771e03b-832e52c0.jpg] Left lines: 1, Right lines: 10
[7771e03b-832e52c0.jpg] Left lines: 0, Right lines: 13
[7771e03b-a8f9d50c.jpg] Left lines: 23, Right lines: 12
[7771e03b-a8f9d50c.jpg] Left lines: 22, Right lines: 10
[7797fea2-c37f9856.jpg] Left lines: 11, Right lines: 15
[7797fea2-c37f9856.jpg] Left lines: 5, Right lines: 3
[77bdbeb0-edb0613f.jpg] Left lines: 13, Right lines: 5
[77bdbeb0-edb0613f.jpg] Left lines: 17, Right lines: 6
[77dca577-16a39ea0.jpg] Left lines: 10, Right lines: 9
[77dca577-16a39ea0.jpg] Left lines: 6, Right lines: 16
[77f810c4-43a39c1f.jpg] Left lines: 4, Right lines: 0
[77f810c4-43a39c1f.jpg] Left lines: 7, Right lines: 8
[7814206e-8e991d51.jpg] Left lines: 17, Right lines: 10
[7814206e-8e991d51.jpg] Left lines: 17, Right lines: 10
[7814206e-ea2508d0.jpg] Left lines: 10, Right lines: 11
[7814206e-ea2508d0.jpg] Left lines: 19, Right lines: 17
[79e177bc-4d5d3acc.jpg] Left lines: 11, Right lines: 18
[79e177bc-4d5d3acc.jpg] Left lines: 20, Right lines: 18
[7aa4ff0f-9d28d8a4.jpg] Left lines: 8, Right lines: 15
[7aa4ff0f-9d28d8a4.jpg] Left lines: 14, Right lines: 65
[7ad1174c-373265eb.jpg] Left lines: 0, Right lines: 4
[7ad1174c-373265eb.jpg] Left lines: 5, Right lines: 0
[7b268b98-e0ec16c3.jpg] Left lines: 4, Right lines: 7
[7b268b98-e0ec16c3.jpg] Left lines: 20, Right lines: 2
[7c5a2048-332896ea.jpg] Left lines: 9, Right lines: 0
[7c5a2048-332896ea.jpg] Left lines: 2, Right lines: 1
[7c5d50c5-7292de37.jpg] Left lines: 8, Right lines: 15
[7c5d50c5-7292de37.jpg] Left lines: 8, Right lines: 15
[7d1fe115-936a2f47.jpg] Left lines: 11, Right lines: 11
[7d1fe115-936a2f47.jpg] Left lines: 6, Right lines: 12
[7dc2914d-a20a969a.jpg] Left lines: 15, Right lines: 7
[7dc2914d-a20a969a.jpg] Left lines: 16, Right lines: 9
[7e4ab78b-4a62c63e.jpg] Left lines: 1, Right lines: 3
[7e4ab78b-4a62c63e.jpg] Left lines: 9, Right lines: 21
[7e590c49-93f03732.jpg] Left lines: 0, Right lines: 3
[7e590c49-93f03732.jpg] Left lines: 16, Right lines: 3
[7ed57d0a-d7bcc13d.jpg] Left lines: 10, Right lines: 13
[7ed57d0a-d7bcc13d.jpg] Left lines: 14, Right lines: 13
[7f0ef682-c93899df.jpg] Left lines: 0, Right lines: 12
[7f0ef682-c93899df.jpg] Left lines: 1, Right lines: 14
[7f4ac354-777de900.jpg] Left lines: 11, Right lines: 7
[7f4ac354-777de900.jpg] Left lines: 13, Right lines: 6
[7f9bdf0d-c0e0061f.jpg] Left lines: 13, Right lines: 1
[7f9bdf0d-c0e0061f.jpg] Left lines: 56, Right lines: 17
[7fd14da9-a855494b.jpg] Left lines: 29, Right lines: 15
[7fd14da9-a855494b.jpg] Left lines: 26, Right lines: 9
[801bff84-a72998c7.jpg] Left lines: 32, Right lines: 14
[801bff84-a72998c7.jpg] Left lines: 37, Right lines: 68
[8073de38-f7eab6ec.jpg] Left lines: 14, Right lines: 4
[8073de38-f7eab6ec.jpg] Left lines: 18, Right lines: 19
[8082ea05-1a7bcd47.jpg] Left lines: 8, Right lines: 25
[8082ea05-1a7bcd47.jpg] Left lines: 35, Right lines: 31
[80ecebc0-ca9605f4.jpg] Left lines: 0, Right lines: 0
[80ecebc0-ca9605f4.jpg] Left lines: 62, Right lines: 11
[81ec3b39-1951f79e.jpg] Left lines: 16, Right lines: 9
[81ec3b39-1951f79e.jpg] Left lines: 26, Right lines: 10
[82b14c0c-79b99258.jpg] Left lines: 10, Right lines: 10
[82b14c0c-79b99258.jpg] Left lines: 18, Right lines: 41
[82b5fc3b-90cadd1b.jpg] Left lines: 7, Right lines: 20
[82b5fc3b-90cadd1b.jpg] Left lines: 34, Right lines: 19
[82f03471-8e304dd5.jpg] Left lines: 3, Right lines: 6
[82f03471-8e304dd5.jpg] Left lines: 9, Right lines: 18
[836fa13a-d6058a12.jpg] Left lines: 15, Right lines: 7
[836fa13a-d6058a12.jpg] Left lines: 20, Right lines: 8
[84fb3f59-7d5d1fa4.jpg] Left lines: 0, Right lines: 0
[84fb3f59-7d5d1fa4.jpg] Left lines: 8, Right lines: 30
[8542b4da-7795bcfd.jpg] Left lines: 6, Right lines: 15
[8542b4da-7795bcfd.jpg] Left lines: 31, Right lines: 15
[85f3f250-1fef85ac.jpg] Left lines: 12, Right lines: 0
[85f3f250-1fef85ac.jpg] Left lines: 18, Right lines: 21
[87ca2979-d5158824.jpg] Left lines: 6, Right lines: 11
[87ca2979-d5158824.jpg] Left lines: 14, Right lines: 22
[889b7dda-77f16103.jpg] Left lines: 0, Right lines: 13
[889b7dda-77f16103.jpg] Left lines: 1, Right lines: 15
[88dbf01a-d8b35dee.jpg] Left lines: 12, Right lines: 2
[88dbf01a-d8b35dee.jpg] Left lines: 13, Right lines: 4
[897223bc-6938f1ab.jpg] Left lines: 9, Right lines: 5
[897223bc-6938f1ab.jpg] Left lines: 17, Right lines: 4
[89b7454d-880eacbd.jpg] Left lines: 4, Right lines: 2
[89b7454d-880eacbd.jpg] Left lines: 4, Right lines: 16
[89e85e71-7dd0a7b6.jpg] Left lines: 20, Right lines: 21
[89e85e71-7dd0a7b6.jpg] Left lines: 14, Right lines: 1
[8a4fbffe-47866ce9.jpg] Left lines: 0, Right lines: 0
[8a4fbffe-47866ce9.jpg] Left lines: 29, Right lines: 26
[8a76c101-8bcefc32.jpg] Left lines: 0, Right lines: 0
[8a76c101-8bcefc32.jpg] Left lines: 0, Right lines: 17
[8b7ef6c4-6bbcf25f.jpg] Left lines: 16, Right lines: 13
[8b7ef6c4-6bbcf25f.jpg] Left lines: 21, Right lines: 23
[8bac644e-e0437ead.jpg] Left lines: 2, Right lines: 0
[8bac644e-e0437ead.jpg] Left lines: 5, Right lines: 9
[8c94c649-8ba62efa.jpg] Left lines: 5, Right lines: 5
[8c94c649-8ba62efa.jpg] Left lines: 3, Right lines: 4
[8c9bbaa9-34934b66.jpg] Left lines: 7, Right lines: 9
[8c9bbaa9-34934b66.jpg] Left lines: 14, Right lines: 10
[degraded] low_light level_4 (300 images)
[0049e5b8-725e21a0.jpg] Left lines: 12, Right lines: 10
[0049e5b8-725e21a0.jpg] Left lines: 16, Right lines: 11
[0081e27b-17bf4a9e.jpg] Left lines: 4, Right lines: 4
[0081e27b-17bf4a9e.jpg] Left lines: 1, Right lines: 0
[00beeb02-50440dcd.jpg] Left lines: 2, Right lines: 2
[00beeb02-50440dcd.jpg] Left lines: 1, Right lines: 2
[00d4b6b7-7d0a60bf.jpg] Left lines: 1, Right lines: 0
[00d4b6b7-7d0a60bf.jpg] Left lines: 11, Right lines: 5
[01118704-2d838d7f.jpg] Left lines: 7, Right lines: 0
[01118704-2d838d7f.jpg] Left lines: 10, Right lines: 7
[0115917e-14907a6a.jpg] Left lines: 13, Right lines: 12
[0115917e-14907a6a.jpg] Left lines: 28, Right lines: 13
[02188a44-65ad27f3.jpg] Left lines: 16, Right lines: 0
[02188a44-65ad27f3.jpg] Left lines: 32, Right lines: 5
[02494b7b-079febf8.jpg] Left lines: 7, Right lines: 11
[02494b7b-079febf8.jpg] Left lines: 23, Right lines: 21
[029ffd50-dc944dba.jpg] Left lines: 0, Right lines: 2
[029ffd50-dc944dba.jpg] Left lines: 6, Right lines: 11
[0464a98b-860229d5.jpg] Left lines: 0, Right lines: 17
[0464a98b-860229d5.jpg] Left lines: 18, Right lines: 35
[051aadb7-51aad566.jpg] Left lines: 0, Right lines: 0
[051aadb7-51aad566.jpg] Left lines: 14, Right lines: 18
[051aadb7-e953bc4d.jpg] Left lines: 0, Right lines: 0
[051aadb7-e953bc4d.jpg] Left lines: 18, Right lines: 19
[05743a9b-747658e7.jpg] Left lines: 0, Right lines: 9
[05743a9b-747658e7.jpg] Left lines: 15, Right lines: 49
[057af272-6f700aef.jpg] Left lines: 0, Right lines: 11
[057af272-6f700aef.jpg] Left lines: 29, Right lines: 15
[05d62296-30c620d5.jpg] Left lines: 1, Right lines: 0
[05d62296-30c620d5.jpg] Left lines: 8, Right lines: 3
[05e5a68e-f0e05a42.jpg] Left lines: 0, Right lines: 5
[05e5a68e-f0e05a42.jpg] Left lines: 0, Right lines: 11
[05fa6494-8f436d04.jpg] Left lines: 7, Right lines: 5
[05fa6494-8f436d04.jpg] Left lines: 18, Right lines: 25
[060039d9-5218402b.jpg] Left lines: 8, Right lines: 3
[060039d9-5218402b.jpg] Left lines: 29, Right lines: 5
[064aa0d6-f75ff4d5.jpg] Left lines: 9, Right lines: 7
[064aa0d6-f75ff4d5.jpg] Left lines: 10, Right lines: 9
[07de5062-ddddcbd7.jpg] Left lines: 0, Right lines: 0
[07de5062-ddddcbd7.jpg] Left lines: 2, Right lines: 2
[088351d1-30833ddc.jpg] Left lines: 0, Right lines: 0
[088351d1-30833ddc.jpg] Left lines: 18, Right lines: 0
[08a49c01-675d3899.jpg] Left lines: 0, Right lines: 4
[08a49c01-675d3899.jpg] Left lines: 11, Right lines: 10
[08d4285a-4a25b9b6.jpg] Left lines: 6, Right lines: 13
[08d4285a-4a25b9b6.jpg] Left lines: 10, Right lines: 14
[09ac21d6-eefa8ed0.jpg] Left lines: 0, Right lines: 0
[09ac21d6-eefa8ed0.jpg] Left lines: 27, Right lines: 16
[0a0a0b1a-7c39d841.jpg] Left lines: 6, Right lines: 10
[0a0a0b1a-7c39d841.jpg] Left lines: 21, Right lines: 13
[0af6039a-f3c91319.jpg] Left lines: 8, Right lines: 5
[0af6039a-f3c91319.jpg] Left lines: 22, Right lines: 11
[0b2f5d0d-8fddc1fc.jpg] Left lines: 2, Right lines: 3
[0b2f5d0d-8fddc1fc.jpg] Left lines: 24, Right lines: 16
[0b4225f9-bfb10f88.jpg] Left lines: 0, Right lines: 4
[0b4225f9-bfb10f88.jpg] Left lines: 21, Right lines: 7
[0ba08fe3-880ae118.jpg] Left lines: 6, Right lines: 13
[0ba08fe3-880ae118.jpg] Left lines: 4, Right lines: 23
[0c2f33b9-f94d69b5.jpg] Left lines: 10, Right lines: 9
[0c2f33b9-f94d69b5.jpg] Left lines: 39, Right lines: 11
[0c984e6d-2b5d7ee4.jpg] Left lines: 4, Right lines: 5
[0c984e6d-2b5d7ee4.jpg] Left lines: 16, Right lines: 9
[0cb67a01-7cf1687e.jpg] Left lines: 4, Right lines: 0
[0cb67a01-7cf1687e.jpg] Left lines: 9, Right lines: 2
[0cc6f3e8-b4c9e348.jpg] Left lines: 5, Right lines: 14
[0cc6f3e8-b4c9e348.jpg] Left lines: 43, Right lines: 167
[0cf398b3-ce65ab64.jpg] Left lines: 0, Right lines: 3
[0cf398b3-ce65ab64.jpg] Left lines: 8, Right lines: 5
[0d3ec56a-f4cead6f.jpg] Left lines: 0, Right lines: 4
[0d3ec56a-f4cead6f.jpg] Left lines: 27, Right lines: 46
[0d61234a-542010b2.jpg] Left lines: 0, Right lines: 14
[0d61234a-542010b2.jpg] Left lines: 13, Right lines: 17
[0e442b65-b17e0b50.jpg] Left lines: 10, Right lines: 4
[0e442b65-b17e0b50.jpg] Left lines: 18, Right lines: 6
[0e5c7e92-0d9c60f0.jpg] Left lines: 0, Right lines: 0
[0e5c7e92-0d9c60f0.jpg] Left lines: 6, Right lines: 11
[0f837def-9646c091.jpg] Left lines: 3, Right lines: 11
[0f837def-9646c091.jpg] Left lines: 13, Right lines: 9
[0fba84f9-73b520ee.jpg] Left lines: 0, Right lines: 0
[0fba84f9-73b520ee.jpg] Left lines: 16, Right lines: 9
[101a0964-930eae70.jpg] Left lines: 0, Right lines: 11
[101a0964-930eae70.jpg] Left lines: 9, Right lines: 14
[10389fe8-433c740c.jpg] Left lines: 2, Right lines: 1
[10389fe8-433c740c.jpg] Left lines: 85, Right lines: 28
[10453a95-40759ac3.jpg] Left lines: 5, Right lines: 9
[10453a95-40759ac3.jpg] Left lines: 5, Right lines: 19
[1072195f-0a161ade.jpg] Left lines: 17, Right lines: 3
[1072195f-0a161ade.jpg] Left lines: 18, Right lines: 11
[1072195f-6cf88b25.jpg] Left lines: 0, Right lines: 5
[1072195f-6cf88b25.jpg] Left lines: 23, Right lines: 20
[11513e3d-150058c3.jpg] Left lines: 5, Right lines: 12
[11513e3d-150058c3.jpg] Left lines: 17, Right lines: 16
[1189ae68-1a8ad3c6.jpg] Left lines: 1, Right lines: 5
[1189ae68-1a8ad3c6.jpg] Left lines: 18, Right lines: 7
[12076ebb-c07285d7.jpg] Left lines: 2, Right lines: 6
[12076ebb-c07285d7.jpg] Left lines: 5, Right lines: 5
[125134e5-7dfc45b9.jpg] Left lines: 0, Right lines: 0
[125134e5-7dfc45b9.jpg] Left lines: 32, Right lines: 7
[12ae9ab8-794f5adc.jpg] Left lines: 0, Right lines: 10
[12ae9ab8-794f5adc.jpg] Left lines: 16, Right lines: 12
[13f61134-50021e53.jpg] Left lines: 0, Right lines: 0
[13f61134-50021e53.jpg] Left lines: 21, Right lines: 0
[14eace5a-ddf3b303.jpg] Left lines: 5, Right lines: 8
[14eace5a-ddf3b303.jpg] Left lines: 25, Right lines: 4
[1608cfe7-32da2c5d.jpg] Left lines: 3, Right lines: 10
[1608cfe7-32da2c5d.jpg] Left lines: 10, Right lines: 14
[162995f1-d2c7d259.jpg] Left lines: 12, Right lines: 3
[162995f1-d2c7d259.jpg] Left lines: 1, Right lines: 18
[16b0973f-c07b564a.jpg] Left lines: 6, Right lines: 8
[16b0973f-c07b564a.jpg] Left lines: 29, Right lines: 3
[1784d67b-6b223914.jpg] Left lines: 0, Right lines: 12
[1784d67b-6b223914.jpg] Left lines: 13, Right lines: 17
[1784d67b-d76145ce.jpg] Left lines: 6, Right lines: 10
[1784d67b-d76145ce.jpg] Left lines: 14, Right lines: 9
[188c58f3-792afc71.jpg] Left lines: 6, Right lines: 13
[188c58f3-792afc71.jpg] Left lines: 6, Right lines: 36
[193f7f3b-84bc7998.jpg] Left lines: 0, Right lines: 0
[193f7f3b-84bc7998.jpg] Left lines: 25, Right lines: 22
[194058b0-ac0616a6.jpg] Left lines: 19, Right lines: 0
[194058b0-ac0616a6.jpg] Left lines: 7, Right lines: 3
[19e56249-09c4bbc6.jpg] Left lines: 0, Right lines: 0
[19e56249-09c4bbc6.jpg] Left lines: 11, Right lines: 29
[1a71faae-d5f255fd.jpg] Left lines: 0, Right lines: 0
[1a71faae-d5f255fd.jpg] Left lines: 16, Right lines: 14
[1a8992a7-da5a8510.jpg] Left lines: 0, Right lines: 0
[1a8992a7-da5a8510.jpg] Left lines: 11, Right lines: 4
[1ac0178c-0b259360.jpg] Left lines: 0, Right lines: 0
[1ac0178c-0b259360.jpg] Left lines: 19, Right lines: 9
[1b30f76f-95aa8a06.jpg] Left lines: 0, Right lines: 0
[1b30f76f-95aa8a06.jpg] Left lines: 15, Right lines: 12
[1bda5a26-420ceea6.jpg] Left lines: 0, Right lines: 0
[1bda5a26-420ceea6.jpg] Left lines: 12, Right lines: 4
[1bf7f3d2-15f95138.jpg] Left lines: 4, Right lines: 14
[1bf7f3d2-15f95138.jpg] Left lines: 28, Right lines: 7
[1c227a12-10e5552c.jpg] Left lines: 0, Right lines: 10
[1c227a12-10e5552c.jpg] Left lines: 6, Right lines: 20
[1c227a12-ec67af93.jpg] Left lines: 7, Right lines: 2
[1c227a12-ec67af93.jpg] Left lines: 9, Right lines: 18
[1c5e9657-2e2a2863.jpg] Left lines: 0, Right lines: 0
[1c5e9657-2e2a2863.jpg] Left lines: 12, Right lines: 10
[1cb2a89b-4594573e.jpg] Left lines: 10, Right lines: 13
[1cb2a89b-4594573e.jpg] Left lines: 11, Right lines: 4
[1cf54809-c6daa5a9.jpg] Left lines: 9, Right lines: 13
[1cf54809-c6daa5a9.jpg] Left lines: 5, Right lines: 10
[1d5e05f8-5020f67d.jpg] Left lines: 2, Right lines: 0
[1d5e05f8-5020f67d.jpg] Left lines: 28, Right lines: 5
[1e57ae90-806bc767.jpg] Left lines: 8, Right lines: 4
[1e57ae90-806bc767.jpg] Left lines: 0, Right lines: 7
[1f959fdd-6ff63d34.jpg] Left lines: 0, Right lines: 12
[1f959fdd-6ff63d34.jpg] Left lines: 5, Right lines: 10
[1fa65acf-d43367bc.jpg] Left lines: 2, Right lines: 0
[1fa65acf-d43367bc.jpg] Left lines: 9, Right lines: 5
[20cfadfa-47711496.jpg] Left lines: 18, Right lines: 24
[20cfadfa-47711496.jpg] Left lines: 20, Right lines: 9
[20cfadfa-6f87fdc1.jpg] Left lines: 25, Right lines: 28
[20cfadfa-6f87fdc1.jpg] Left lines: 51, Right lines: 37
[225a1858-0e3a4b04.jpg] Left lines: 0, Right lines: 0
[225a1858-0e3a4b04.jpg] Left lines: 0, Right lines: 0
[22be2f14-59fbdca0.jpg] Left lines: 10, Right lines: 9
[22be2f14-59fbdca0.jpg] Left lines: 10, Right lines: 17
[23333f35-0cbc3f0f.jpg] Left lines: 11, Right lines: 13
[23333f35-0cbc3f0f.jpg] Left lines: 4, Right lines: 1
[23df146f-64b50e4c.jpg] Left lines: 0, Right lines: 16
[23df146f-64b50e4c.jpg] Left lines: 23, Right lines: 16
[24392d7c-998011c2.jpg] Left lines: 2, Right lines: 0
[24392d7c-998011c2.jpg] Left lines: 13, Right lines: 40
[250e7595-b14da270.jpg] Left lines: 0, Right lines: 5
[250e7595-b14da270.jpg] Left lines: 30, Right lines: 16
[26190b83-39ccb412.jpg] Left lines: 0, Right lines: 18
[26190b83-39ccb412.jpg] Left lines: 4, Right lines: 30
[272d52f6-8aac36b3.jpg] Left lines: 0, Right lines: 0
[272d52f6-8aac36b3.jpg] Left lines: 17, Right lines: 10
[2752681a-e813599a.jpg] Left lines: 1, Right lines: 7
[2752681a-e813599a.jpg] Left lines: 3, Right lines: 11
[27645526-f038b033.jpg] Left lines: 40, Right lines: 7
[27645526-f038b033.jpg] Left lines: 60, Right lines: 3
[2773af6f-23e23a6b.jpg] Left lines: 3, Right lines: 7
[2773af6f-23e23a6b.jpg] Left lines: 20, Right lines: 17
[28faf684-03ef4c6e.jpg] Left lines: 11, Right lines: 13
[28faf684-03ef4c6e.jpg] Left lines: 15, Right lines: 20
[292720ee-d847ee69.jpg] Left lines: 0, Right lines: 9
[292720ee-d847ee69.jpg] Left lines: 9, Right lines: 12
[2b54fe2d-c5b810e6.jpg] Left lines: 8, Right lines: 7
[2b54fe2d-c5b810e6.jpg] Left lines: 31, Right lines: 42
[2b605c48-8dfe352b.jpg] Left lines: 0, Right lines: 15
[2b605c48-8dfe352b.jpg] Left lines: 15, Right lines: 42
[2beccce2-354608e2.jpg] Left lines: 0, Right lines: 0
[2beccce2-354608e2.jpg] Left lines: 41, Right lines: 38
[2c87e51d-aa7a8031.jpg] Left lines: 4, Right lines: 0
[2c87e51d-aa7a8031.jpg] Left lines: 25, Right lines: 8
[2ce0b449-e818dc97.jpg] Left lines: 2, Right lines: 0
[2ce0b449-e818dc97.jpg] Left lines: 8, Right lines: 7
[2cf976a2-479cd46b.jpg] Left lines: 0, Right lines: 0
[2cf976a2-479cd46b.jpg] Left lines: 2, Right lines: 12
[2e2fae77-b7497ca0.jpg] Left lines: 12, Right lines: 12
[2e2fae77-b7497ca0.jpg] Left lines: 2, Right lines: 4
[2ead8042-2493c03f.jpg] Left lines: 6, Right lines: 9
[2ead8042-2493c03f.jpg] Left lines: 6, Right lines: 12
[2f1864c1-1a17d11c.jpg] Left lines: 16, Right lines: 12
[2f1864c1-1a17d11c.jpg] Left lines: 13, Right lines: 13
[2f879dc0-b09e4824.jpg] Left lines: 10, Right lines: 11
[2f879dc0-b09e4824.jpg] Left lines: 11, Right lines: 16
[2fc9ad1e-ee4c9e43.jpg] Left lines: 5, Right lines: 4
[2fc9ad1e-ee4c9e43.jpg] Left lines: 36, Right lines: 6
[3050b249-0ffbd6ec.jpg] Left lines: 2, Right lines: 2
[3050b249-0ffbd6ec.jpg] Left lines: 4, Right lines: 19
[314cc010-3eab5c90.jpg] Left lines: 6, Right lines: 5
[314cc010-3eab5c90.jpg] Left lines: 22, Right lines: 19
[31765c6b-90b0d612.jpg] Left lines: 11, Right lines: 12
[31765c6b-90b0d612.jpg] Left lines: 15, Right lines: 4
[31cf6eba-5c84c636.jpg] Left lines: 0, Right lines: 0
[31cf6eba-5c84c636.jpg] Left lines: 19, Right lines: 7
[32de2244-122f1783.jpg] Left lines: 2, Right lines: 12
[32de2244-122f1783.jpg] Left lines: 9, Right lines: 11
[33420085-32996107.jpg] Left lines: 20, Right lines: 5
[33420085-32996107.jpg] Left lines: 36, Right lines: 33
[3430a5e6-00ec38d2.jpg] Left lines: 0, Right lines: 0
[3430a5e6-00ec38d2.jpg] Left lines: 13, Right lines: 13
[35eb46d0-8f7e28a0.jpg] Left lines: 13, Right lines: 14
[35eb46d0-8f7e28a0.jpg] Left lines: 17, Right lines: 25
[3735fc3d-69d8b80c.jpg] Left lines: 0, Right lines: 0
[3735fc3d-69d8b80c.jpg] Left lines: 24, Right lines: 3
[3740cd4f-ff1d423d.jpg] Left lines: 3, Right lines: 9
[3740cd4f-ff1d423d.jpg] Left lines: 13, Right lines: 9
[375abba2-9f2ed56c.jpg] Left lines: 12, Right lines: 6
[375abba2-9f2ed56c.jpg] Left lines: 10, Right lines: 18
[37723e55-31730cf5.jpg] Left lines: 0, Right lines: 5
[37723e55-31730cf5.jpg] Left lines: 14, Right lines: 20
[380a3f8e-ba4f0def.jpg] Left lines: 3, Right lines: 0
[380a3f8e-ba4f0def.jpg] Left lines: 21, Right lines: 23
[385b0f61-1aee12ef.jpg] Left lines: 2, Right lines: 6
[385b0f61-1aee12ef.jpg] Left lines: 15, Right lines: 11
[3865fea7-b4fe472d.jpg] Left lines: 12, Right lines: 2
[3865fea7-b4fe472d.jpg] Left lines: 29, Right lines: 14
[38e561dd-8ea8ae2d.jpg] Left lines: 9, Right lines: 13
[38e561dd-8ea8ae2d.jpg] Left lines: 24, Right lines: 24
[38ed8d8d-93c48de2.jpg] Left lines: 6, Right lines: 0
[38ed8d8d-93c48de2.jpg] Left lines: 13, Right lines: 13
[38ed8d8d-b1c230ef.jpg] Left lines: 4, Right lines: 3
[38ed8d8d-b1c230ef.jpg] Left lines: 5, Right lines: 4
[38ed8d8d-fa50400c.jpg] Left lines: 15, Right lines: 0
[38ed8d8d-fa50400c.jpg] Left lines: 10, Right lines: 13
[3900ad8c-8834019f.jpg] Left lines: 0, Right lines: 0
[3900ad8c-8834019f.jpg] Left lines: 0, Right lines: 12
[39ddb110-04604b9c.jpg] Left lines: 0, Right lines: 8
[39ddb110-04604b9c.jpg] Left lines: 1, Right lines: 12
[39fc6d1c-6155351d.jpg] Left lines: 0, Right lines: 21
[39fc6d1c-6155351d.jpg] Left lines: 5, Right lines: 44
[3a278d39-b92df256.jpg] Left lines: 6, Right lines: 8
[3a278d39-b92df256.jpg] Left lines: 17, Right lines: 10
[3a3407a2-df8ea956.jpg] Left lines: 0, Right lines: 0
[3a3407a2-df8ea956.jpg] Left lines: 9, Right lines: 2
[3ad0c4a7-2a3d544e.jpg] Left lines: 6, Right lines: 8
[3ad0c4a7-2a3d544e.jpg] Left lines: 8, Right lines: 14
[3b1e1bc1-ee64e36e.jpg] Left lines: 12, Right lines: 14
[3b1e1bc1-ee64e36e.jpg] Left lines: 6, Right lines: 5
[3b44ef5a-c09e8479.jpg] Left lines: 15, Right lines: 0
[3b44ef5a-c09e8479.jpg] Left lines: 29, Right lines: 2
[3b563c5e-0102edaf.jpg] Left lines: 0, Right lines: 7
[3b563c5e-0102edaf.jpg] Left lines: 40, Right lines: 22
[3b9716a6-d2566395.jpg] Left lines: 0, Right lines: 8
[3b9716a6-d2566395.jpg] Left lines: 13, Right lines: 10
[3c0bbdc2-79baffce.jpg] Left lines: 15, Right lines: 6
[3c0bbdc2-79baffce.jpg] Left lines: 16, Right lines: 19
[3c5752b6-9c0bdf98.jpg] Left lines: 0, Right lines: 1
[3c5752b6-9c0bdf98.jpg] Left lines: 5, Right lines: 8
[3c95ae26-68abac3f.jpg] Left lines: 8, Right lines: 8
[3c95ae26-68abac3f.jpg] Left lines: 10, Right lines: 10
[3e0f1745-a95a63ad.jpg] Left lines: 3, Right lines: 4
[3e0f1745-a95a63ad.jpg] Left lines: 8, Right lines: 12
[3f4eb6a6-9eee52f9.jpg] Left lines: 10, Right lines: 9
[3f4eb6a6-9eee52f9.jpg] Left lines: 41, Right lines: 75
[3f85a987-1ef4053b.jpg] Left lines: 0, Right lines: 3
[3f85a987-1ef4053b.jpg] Left lines: 4, Right lines: 10
[3fe1feaa-10126fec.jpg] Left lines: 10, Right lines: 1
[3fe1feaa-10126fec.jpg] Left lines: 3, Right lines: 1
[3ffdaa26-b394f6f8.jpg] Left lines: 6, Right lines: 21
[3ffdaa26-b394f6f8.jpg] Left lines: 0, Right lines: 21
[4027c10d-41d54e9b.jpg] Left lines: 0, Right lines: 0
[4027c10d-41d54e9b.jpg] Left lines: 16, Right lines: 8
[428e99ea-4166e549.jpg] Left lines: 39, Right lines: 7
[428e99ea-4166e549.jpg] Left lines: 44, Right lines: 6
[42e0dd11-74b81997.jpg] Left lines: 0, Right lines: 0
[42e0dd11-74b81997.jpg] Left lines: 4, Right lines: 12
[430395d1-931c959e.jpg] Left lines: 8, Right lines: 1
[430395d1-931c959e.jpg] Left lines: 35, Right lines: 1
[43126e0d-495d04a5.jpg] Left lines: 0, Right lines: 0
[43126e0d-495d04a5.jpg] Left lines: 10, Right lines: 27
[43126e0d-cce96832.jpg] Left lines: 14, Right lines: 1
[43126e0d-cce96832.jpg] Left lines: 26, Right lines: 37
[432f9e20-83a0d96c.jpg] Left lines: 2, Right lines: 0
[432f9e20-83a0d96c.jpg] Left lines: 12, Right lines: 10
[43c7ed5c-b0690325.jpg] Left lines: 2, Right lines: 5
[43c7ed5c-b0690325.jpg] Left lines: 2, Right lines: 6
[44cc16d9-d2e06fd6.jpg] Left lines: 0, Right lines: 0
[44cc16d9-d2e06fd6.jpg] Left lines: 0, Right lines: 18
[45bafa98-1ee18a2f.jpg] Left lines: 1, Right lines: 7
[45bafa98-1ee18a2f.jpg] Left lines: 7, Right lines: 9
[46d048a1-8f7f385c.jpg] Left lines: 2, Right lines: 9
[46d048a1-8f7f385c.jpg] Left lines: 2, Right lines: 7
[46f76df9-8bf77914.jpg] Left lines: 10, Right lines: 12
[46f76df9-8bf77914.jpg] Left lines: 10, Right lines: 11
[480263a0-5aad7ae9.jpg] Left lines: 4, Right lines: 18
[480263a0-5aad7ae9.jpg] Left lines: 2, Right lines: 59
[488480d6-b94cf415.jpg] Left lines: 8, Right lines: 12
[488480d6-b94cf415.jpg] Left lines: 20, Right lines: 27
[48ed707e-5062e4c3.jpg] Left lines: 0, Right lines: 3
[48ed707e-5062e4c3.jpg] Left lines: 3, Right lines: 7
[4a289ff2-7da7feb6.jpg] Left lines: 0, Right lines: 8
[4a289ff2-7da7feb6.jpg] Left lines: 0, Right lines: 7
[4a31f3e3-ac7ed780.jpg] Left lines: 0, Right lines: 5
[4a31f3e3-ac7ed780.jpg] Left lines: 36, Right lines: 6
[4b2e1dde-65b54419.jpg] Left lines: 0, Right lines: 0
[4b2e1dde-65b54419.jpg] Left lines: 8, Right lines: 14
[4d4a590b-4332c5ab.jpg] Left lines: 0, Right lines: 0
[4d4a590b-4332c5ab.jpg] Left lines: 16, Right lines: 3
[5069db50-52f5af30.jpg] Left lines: 0, Right lines: 10
[5069db50-52f5af30.jpg] Left lines: 32, Right lines: 11
[50866f46-30d1f303.jpg] Left lines: 0, Right lines: 0
[50866f46-30d1f303.jpg] Left lines: 6, Right lines: 12
[50b115d6-4b08a666.jpg] Left lines: 0, Right lines: 0
[50b115d6-4b08a666.jpg] Left lines: 39, Right lines: 9
[50b2e757-6c7d0f63.jpg] Left lines: 0, Right lines: 0
[50b2e757-6c7d0f63.jpg] Left lines: 16, Right lines: 18
[50d0fd05-8db58ebd.jpg] Left lines: 0, Right lines: 0
[50d0fd05-8db58ebd.jpg] Left lines: 3, Right lines: 3
[510671e9-603795e0.jpg] Left lines: 1, Right lines: 5
[510671e9-603795e0.jpg] Left lines: 29, Right lines: 1
[514a6d58-0790e0cd.jpg] Left lines: 11, Right lines: 13
[514a6d58-0790e0cd.jpg] Left lines: 20, Right lines: 12
[5150bb50-300d52ce.jpg] Left lines: 7, Right lines: 14
[5150bb50-300d52ce.jpg] Left lines: 10, Right lines: 26
[52799e9e-8c8673f3.jpg] Left lines: 7, Right lines: 9
[52799e9e-8c8673f3.jpg] Left lines: 14, Right lines: 21
[52bda346-fd8ac6e7.jpg] Left lines: 0, Right lines: 0
[52bda346-fd8ac6e7.jpg] Left lines: 8, Right lines: 52
[534418ba-ee05398f.jpg] Left lines: 0, Right lines: 10
[534418ba-ee05398f.jpg] Left lines: 11, Right lines: 13
[54360b72-e00a3f70.jpg] Left lines: 2, Right lines: 17
[54360b72-e00a3f70.jpg] Left lines: 5, Right lines: 4
[554d7cd5-a32486dd.jpg] Left lines: 0, Right lines: 14
[554d7cd5-a32486dd.jpg] Left lines: 21, Right lines: 22
[559fed19-7893646f.jpg] Left lines: 0, Right lines: 0
[559fed19-7893646f.jpg] Left lines: 3, Right lines: 22
[57165857-e4d4a47f.jpg] Left lines: 0, Right lines: 0
[57165857-e4d4a47f.jpg] Left lines: 2, Right lines: 13
[5795bfe7-a599384a.jpg] Left lines: 0, Right lines: 0
[5795bfe7-a599384a.jpg] Left lines: 32, Right lines: 19
[57ac74e2-e86131f1.jpg] Left lines: 0, Right lines: 11
[57ac74e2-e86131f1.jpg] Left lines: 6, Right lines: 98
[57b495f2-6da6b1e5.jpg] Left lines: 3, Right lines: 0
[57b495f2-6da6b1e5.jpg] Left lines: 5, Right lines: 0
[585443c8-2621a6b1.jpg] Left lines: 8, Right lines: 8
[585443c8-2621a6b1.jpg] Left lines: 7, Right lines: 18
[5877b384-2545daf4.jpg] Left lines: 27, Right lines: 5
[5877b384-2545daf4.jpg] Left lines: 13, Right lines: 5
[587bb1bf-1aa00fe5.jpg] Left lines: 0, Right lines: 12
[587bb1bf-1aa00fe5.jpg] Left lines: 70, Right lines: 23
[5995c288-2d152172.jpg] Left lines: 0, Right lines: 0
[5995c288-2d152172.jpg] Left lines: 12, Right lines: 2
[59cde7c7-344bffb1.jpg] Left lines: 0, Right lines: 0
[59cde7c7-344bffb1.jpg] Left lines: 2, Right lines: 9
[5a8f9b5d-1fdfd2d4.jpg] Left lines: 15, Right lines: 13
[5a8f9b5d-1fdfd2d4.jpg] Left lines: 9, Right lines: 15
[5ae83f9c-da990b49.jpg] Left lines: 11, Right lines: 17
[5ae83f9c-da990b49.jpg] Left lines: 11, Right lines: 123
[5b2b4881-67a6cb87.jpg] Left lines: 3, Right lines: 2
[5b2b4881-67a6cb87.jpg] Left lines: 18, Right lines: 2
[5b2fd56a-37759b05.jpg] Left lines: 17, Right lines: 0
[5b2fd56a-37759b05.jpg] Left lines: 27, Right lines: 28
[5b4b0b07-2fb56b82.jpg] Left lines: 0, Right lines: 0
[5b4b0b07-2fb56b82.jpg] Left lines: 15, Right lines: 8
[5bc44a50-c371c4d0.jpg] Left lines: 0, Right lines: 8
[5bc44a50-c371c4d0.jpg] Left lines: 11, Right lines: 4
[5c4004b7-bf3b7941.jpg] Left lines: 0, Right lines: 0
[5c4004b7-bf3b7941.jpg] Left lines: 23, Right lines: 9
[5c534f5f-a76c7f4b.jpg] Left lines: 10, Right lines: 4
[5c534f5f-a76c7f4b.jpg] Left lines: 15, Right lines: 14
[5c5dc708-35460444.jpg] Left lines: 2, Right lines: 5
[5c5dc708-35460444.jpg] Left lines: 3, Right lines: 7
[5da6c6b6-76c54605.jpg] Left lines: 0, Right lines: 1
[5da6c6b6-76c54605.jpg] Left lines: 10, Right lines: 9
[5dc5141c-5890b5b1.jpg] Left lines: 0, Right lines: 0
[5dc5141c-5890b5b1.jpg] Left lines: 2, Right lines: 7
[5dd831da-bd00cf03.jpg] Left lines: 2, Right lines: 6
[5dd831da-bd00cf03.jpg] Left lines: 13, Right lines: 23
[5dfb063f-7bd23d5c.jpg] Left lines: 16, Right lines: 2
[5dfb063f-7bd23d5c.jpg] Left lines: 19, Right lines: 17
[5e0b701e-d443d8c2.jpg] Left lines: 0, Right lines: 5
[5e0b701e-d443d8c2.jpg] Left lines: 13, Right lines: 27
[5e26f49d-0bc53c7e.jpg] Left lines: 0, Right lines: 0
[5e26f49d-0bc53c7e.jpg] Left lines: 40, Right lines: 3
[5e26f49d-9271bf00.jpg] Left lines: 0, Right lines: 0
[5e26f49d-9271bf00.jpg] Left lines: 31, Right lines: 14
[5e625ec3-7b4fc682.jpg] Left lines: 18, Right lines: 14
[5e625ec3-7b4fc682.jpg] Left lines: 19, Right lines: 23
[5f9387ff-330136ae.jpg] Left lines: 3, Right lines: 3
[5f9387ff-330136ae.jpg] Left lines: 7, Right lines: 8
[5fa17a25-88b8e6b9.jpg] Left lines: 6, Right lines: 3
[5fa17a25-88b8e6b9.jpg] Left lines: 27, Right lines: 14
[5fa422e1-2d8dd765.jpg] Left lines: 16, Right lines: 6
[5fa422e1-2d8dd765.jpg] Left lines: 73, Right lines: 5
[5fb2a702-f56a339c.jpg] Left lines: 10, Right lines: 6
[5fb2a702-f56a339c.jpg] Left lines: 9, Right lines: 12
[6011831b-0992e205.jpg] Left lines: 6, Right lines: 3
[6011831b-0992e205.jpg] Left lines: 15, Right lines: 11
[60137cc0-428b8f5b.jpg] Left lines: 9, Right lines: 1
[60137cc0-428b8f5b.jpg] Left lines: 11, Right lines: 30
[604b5b3e-3c2e6b6b.jpg] Left lines: 12, Right lines: 7
[604b5b3e-3c2e6b6b.jpg] Left lines: 4, Right lines: 13
[6092f5a2-424550ba.jpg] Left lines: 18, Right lines: 0
[6092f5a2-424550ba.jpg] Left lines: 15, Right lines: 14
[60ba25dd-6c0df417.jpg] Left lines: 4, Right lines: 3
[60ba25dd-6c0df417.jpg] Left lines: 11, Right lines: 16
[60c678e7-4813ae0f.jpg] Left lines: 8, Right lines: 0
[60c678e7-4813ae0f.jpg] Left lines: 18, Right lines: 3
[614ecada-16b0f8b6.jpg] Left lines: 13, Right lines: 28
[614ecada-16b0f8b6.jpg] Left lines: 16, Right lines: 20
[61e4ad87-53ceb455.jpg] Left lines: 3, Right lines: 0
[61e4ad87-53ceb455.jpg] Left lines: 24, Right lines: 8
[6240d7b3-b51b5788.jpg] Left lines: 9, Right lines: 12
[6240d7b3-b51b5788.jpg] Left lines: 3, Right lines: 9
[62aefb36-b685117f.jpg] Left lines: 5, Right lines: 3
[62aefb36-b685117f.jpg] Left lines: 19, Right lines: 41
[634c1785-3bb9a8a2.jpg] Left lines: 11, Right lines: 14
[634c1785-3bb9a8a2.jpg] Left lines: 9, Right lines: 27
[634c1785-aeb1652f.jpg] Left lines: 6, Right lines: 11
[634c1785-aeb1652f.jpg] Left lines: 26, Right lines: 16
[63f73472-028615f1.jpg] Left lines: 6, Right lines: 14
[63f73472-028615f1.jpg] Left lines: 30, Right lines: 14
[6485ad0a-245d1600.jpg] Left lines: 0, Right lines: 10
[6485ad0a-245d1600.jpg] Left lines: 29, Right lines: 30
[648dc925-e359dbec.jpg] Left lines: 21, Right lines: 0
[648dc925-e359dbec.jpg] Left lines: 25, Right lines: 4
[65edc5a1-f309fed7.jpg] Left lines: 0, Right lines: 0
[65edc5a1-f309fed7.jpg] Left lines: 16, Right lines: 18
[661381d9-1114a810.jpg] Left lines: 15, Right lines: 4
[661381d9-1114a810.jpg] Left lines: 14, Right lines: 10
[664cb246-f84cfaf4.jpg] Left lines: 4, Right lines: 0
[664cb246-f84cfaf4.jpg] Left lines: 26, Right lines: 15
[675cf8fa-4b1ce8b9.jpg] Left lines: 6, Right lines: 7
[675cf8fa-4b1ce8b9.jpg] Left lines: 22, Right lines: 11
[67faeadf-eb09a636.jpg] Left lines: 0, Right lines: 0
[67faeadf-eb09a636.jpg] Left lines: 8, Right lines: 3
[691be377-5dbc29ee.jpg] Left lines: 3, Right lines: 3
[691be377-5dbc29ee.jpg] Left lines: 9, Right lines: 6
[692f1303-05178963.jpg] Left lines: 2, Right lines: 3
[692f1303-05178963.jpg] Left lines: 3, Right lines: 0
[692f9b08-bdbbd729.jpg] Left lines: 13, Right lines: 7
[692f9b08-bdbbd729.jpg] Left lines: 30, Right lines: 10
[69bfbe31-5ee2a642.jpg] Left lines: 11, Right lines: 11
[69bfbe31-5ee2a642.jpg] Left lines: 10, Right lines: 6
[69cf7667-68f59649.jpg] Left lines: 14, Right lines: 9
[69cf7667-68f59649.jpg] Left lines: 12, Right lines: 5
[69cf7667-7eb40860.jpg] Left lines: 0, Right lines: 0
[69cf7667-7eb40860.jpg] Left lines: 51, Right lines: 1
[6a44fb9a-05a3dd18.jpg] Left lines: 17, Right lines: 12
[6a44fb9a-05a3dd18.jpg] Left lines: 21, Right lines: 11
[6a793e80-4f5e207f.jpg] Left lines: 10, Right lines: 0
[6a793e80-4f5e207f.jpg] Left lines: 14, Right lines: 20
[6a82c0d6-b31f6b90.jpg] Left lines: 0, Right lines: 0
[6a82c0d6-b31f6b90.jpg] Left lines: 1, Right lines: 5
[6a8d218d-14e4fa28.jpg] Left lines: 0, Right lines: 0
[6a8d218d-14e4fa28.jpg] Left lines: 18, Right lines: 5
[6ad110c3-789e7724.jpg] Left lines: 0, Right lines: 0
[6ad110c3-789e7724.jpg] Left lines: 28, Right lines: 10
[6b15392a-3a1699fd.jpg] Left lines: 0, Right lines: 15
[6b15392a-3a1699fd.jpg] Left lines: 36, Right lines: 35
[6b784eee-0a5a2c89.jpg] Left lines: 0, Right lines: 0
[6b784eee-0a5a2c89.jpg] Left lines: 43, Right lines: 14
[6bb5a881-15e5c2c4.jpg] Left lines: 0, Right lines: 0
[6bb5a881-15e5c2c4.jpg] Left lines: 2, Right lines: 13
[6bd41587-d65ba5b4.jpg] Left lines: 0, Right lines: 3
[6bd41587-d65ba5b4.jpg] Left lines: 6, Right lines: 4
[6d0d7bef-fb11b6e1.jpg] Left lines: 0, Right lines: 5
[6d0d7bef-fb11b6e1.jpg] Left lines: 21, Right lines: 9
[6d57736c-a35808b9.jpg] Left lines: 9, Right lines: 6
[6d57736c-a35808b9.jpg] Left lines: 12, Right lines: 6
[6d8a6d94-00a7ad92.jpg] Left lines: 0, Right lines: 0
[6d8a6d94-00a7ad92.jpg] Left lines: 28, Right lines: 22
[6eeed3fa-87a1b0c9.jpg] Left lines: 5, Right lines: 14
[6eeed3fa-87a1b0c9.jpg] Left lines: 4, Right lines: 12
[701992bd-8a457895.jpg] Left lines: 14, Right lines: 12
[701992bd-8a457895.jpg] Left lines: 14, Right lines: 15
[7171644d-4e74752e.jpg] Left lines: 0, Right lines: 0
[7171644d-4e74752e.jpg] Left lines: 7, Right lines: 22
[7171644d-ee92c71e.jpg] Left lines: 0, Right lines: 15
[7171644d-ee92c71e.jpg] Left lines: 9, Right lines: 26
[72f22fa5-8af4615c.jpg] Left lines: 0, Right lines: 0
[72f22fa5-8af4615c.jpg] Left lines: 37, Right lines: 17
[72fd00fe-aeadfc89.jpg] Left lines: 4, Right lines: 0
[72fd00fe-aeadfc89.jpg] Left lines: 18, Right lines: 18
[730c67a5-563e9b1f.jpg] Left lines: 0, Right lines: 0
[730c67a5-563e9b1f.jpg] Left lines: 12, Right lines: 12
[738a2bcd-7a6fde0d.jpg] Left lines: 4, Right lines: 0
[738a2bcd-7a6fde0d.jpg] Left lines: 4, Right lines: 7
[73aff960-d46366ec.jpg] Left lines: 0, Right lines: 0
[73aff960-d46366ec.jpg] Left lines: 5, Right lines: 10
[73d338d6-edf0b3db.jpg] Left lines: 17, Right lines: 0
[73d338d6-edf0b3db.jpg] Left lines: 15, Right lines: 19
[75ad1fff-77299093.jpg] Left lines: 0, Right lines: 0
[75ad1fff-77299093.jpg] Left lines: 11, Right lines: 15
[75f5f52c-6b67e736.jpg] Left lines: 0, Right lines: 0
[75f5f52c-6b67e736.jpg] Left lines: 5, Right lines: 18
[777005a8-14c739ad.jpg] Left lines: 0, Right lines: 0
[777005a8-14c739ad.jpg] Left lines: 15, Right lines: 5
[7771e03b-832e52c0.jpg] Left lines: 0, Right lines: 4
[7771e03b-832e52c0.jpg] Left lines: 0, Right lines: 12
[7771e03b-a8f9d50c.jpg] Left lines: 15, Right lines: 10
[7771e03b-a8f9d50c.jpg] Left lines: 20, Right lines: 8
[7797fea2-c37f9856.jpg] Left lines: 8, Right lines: 2
[7797fea2-c37f9856.jpg] Left lines: 22, Right lines: 8
[77bdbeb0-edb0613f.jpg] Left lines: 14, Right lines: 7
[77bdbeb0-edb0613f.jpg] Left lines: 12, Right lines: 8
[77dca577-16a39ea0.jpg] Left lines: 9, Right lines: 0
[77dca577-16a39ea0.jpg] Left lines: 9, Right lines: 9
[77f810c4-43a39c1f.jpg] Left lines: 0, Right lines: 0
[77f810c4-43a39c1f.jpg] Left lines: 5, Right lines: 4
[7814206e-8e991d51.jpg] Left lines: 21, Right lines: 9
[7814206e-8e991d51.jpg] Left lines: 14, Right lines: 9
[7814206e-ea2508d0.jpg] Left lines: 6, Right lines: 7
[7814206e-ea2508d0.jpg] Left lines: 14, Right lines: 13
[79e177bc-4d5d3acc.jpg] Left lines: 10, Right lines: 8
[79e177bc-4d5d3acc.jpg] Left lines: 25, Right lines: 19
[7aa4ff0f-9d28d8a4.jpg] Left lines: 0, Right lines: 5
[7aa4ff0f-9d28d8a4.jpg] Left lines: 23, Right lines: 76
[7ad1174c-373265eb.jpg] Left lines: 0, Right lines: 0
[7ad1174c-373265eb.jpg] Left lines: 1, Right lines: 3
[7b268b98-e0ec16c3.jpg] Left lines: 2, Right lines: 4
[7b268b98-e0ec16c3.jpg] Left lines: 23, Right lines: 3
[7c5a2048-332896ea.jpg] Left lines: 7, Right lines: 0
[7c5a2048-332896ea.jpg] Left lines: 3, Right lines: 3
[7c5d50c5-7292de37.jpg] Left lines: 7, Right lines: 12
[7c5d50c5-7292de37.jpg] Left lines: 7, Right lines: 13
[7d1fe115-936a2f47.jpg] Left lines: 6, Right lines: 12
[7d1fe115-936a2f47.jpg] Left lines: 6, Right lines: 15
[7dc2914d-a20a969a.jpg] Left lines: 4, Right lines: 10
[7dc2914d-a20a969a.jpg] Left lines: 17, Right lines: 12
[7e4ab78b-4a62c63e.jpg] Left lines: 2, Right lines: 0
[7e4ab78b-4a62c63e.jpg] Left lines: 12, Right lines: 23
[7e590c49-93f03732.jpg] Left lines: 0, Right lines: 0
[7e590c49-93f03732.jpg] Left lines: 13, Right lines: 5
[7ed57d0a-d7bcc13d.jpg] Left lines: 4, Right lines: 5
[7ed57d0a-d7bcc13d.jpg] Left lines: 15, Right lines: 16
[7f0ef682-c93899df.jpg] Left lines: 0, Right lines: 9
[7f0ef682-c93899df.jpg] Left lines: 1, Right lines: 40
[7f4ac354-777de900.jpg] Left lines: 13, Right lines: 6
[7f4ac354-777de900.jpg] Left lines: 12, Right lines: 6
[7f9bdf0d-c0e0061f.jpg] Left lines: 0, Right lines: 1
[7f9bdf0d-c0e0061f.jpg] Left lines: 58, Right lines: 13
[7fd14da9-a855494b.jpg] Left lines: 22, Right lines: 2
[7fd14da9-a855494b.jpg] Left lines: 26, Right lines: 19
[801bff84-a72998c7.jpg] Left lines: 16, Right lines: 13
[801bff84-a72998c7.jpg] Left lines: 39, Right lines: 62
[8073de38-f7eab6ec.jpg] Left lines: 13, Right lines: 0
[8073de38-f7eab6ec.jpg] Left lines: 17, Right lines: 33
[8082ea05-1a7bcd47.jpg] Left lines: 9, Right lines: 21
[8082ea05-1a7bcd47.jpg] Left lines: 32, Right lines: 31
[80ecebc0-ca9605f4.jpg] Left lines: 0, Right lines: 0
[80ecebc0-ca9605f4.jpg] Left lines: 38, Right lines: 2
[81ec3b39-1951f79e.jpg] Left lines: 22, Right lines: 9
[81ec3b39-1951f79e.jpg] Left lines: 46, Right lines: 9
[82b14c0c-79b99258.jpg] Left lines: 2, Right lines: 10
[82b14c0c-79b99258.jpg] Left lines: 18, Right lines: 44
[82b5fc3b-90cadd1b.jpg] Left lines: 3, Right lines: 22
[82b5fc3b-90cadd1b.jpg] Left lines: 35, Right lines: 16
[82f03471-8e304dd5.jpg] Left lines: 3, Right lines: 4
[82f03471-8e304dd5.jpg] Left lines: 8, Right lines: 21
[836fa13a-d6058a12.jpg] Left lines: 0, Right lines: 2
[836fa13a-d6058a12.jpg] Left lines: 17, Right lines: 9
[84fb3f59-7d5d1fa4.jpg] Left lines: 1, Right lines: 0
[84fb3f59-7d5d1fa4.jpg] Left lines: 4, Right lines: 29
[8542b4da-7795bcfd.jpg] Left lines: 6, Right lines: 14
[8542b4da-7795bcfd.jpg] Left lines: 22, Right lines: 15
[85f3f250-1fef85ac.jpg] Left lines: 0, Right lines: 0
[85f3f250-1fef85ac.jpg] Left lines: 14, Right lines: 24
[87ca2979-d5158824.jpg] Left lines: 8, Right lines: 8
[87ca2979-d5158824.jpg] Left lines: 13, Right lines: 24
[889b7dda-77f16103.jpg] Left lines: 0, Right lines: 0
[889b7dda-77f16103.jpg] Left lines: 5, Right lines: 25
[88dbf01a-d8b35dee.jpg] Left lines: 2, Right lines: 5
[88dbf01a-d8b35dee.jpg] Left lines: 10, Right lines: 3
[897223bc-6938f1ab.jpg] Left lines: 10, Right lines: 0
[897223bc-6938f1ab.jpg] Left lines: 16, Right lines: 5
[89b7454d-880eacbd.jpg] Left lines: 4, Right lines: 0
[89b7454d-880eacbd.jpg] Left lines: 6, Right lines: 12
[89e85e71-7dd0a7b6.jpg] Left lines: 15, Right lines: 22
[89e85e71-7dd0a7b6.jpg] Left lines: 11, Right lines: 2
[8a4fbffe-47866ce9.jpg] Left lines: 0, Right lines: 0
[8a4fbffe-47866ce9.jpg] Left lines: 15, Right lines: 22
[8a76c101-8bcefc32.jpg] Left lines: 0, Right lines: 0
[8a76c101-8bcefc32.jpg] Left lines: 0, Right lines: 22
[8b7ef6c4-6bbcf25f.jpg] Left lines: 16, Right lines: 13
[8b7ef6c4-6bbcf25f.jpg] Left lines: 22, Right lines: 15
[8bac644e-e0437ead.jpg] Left lines: 0, Right lines: 0
[8bac644e-e0437ead.jpg] Left lines: 2, Right lines: 13
[8c94c649-8ba62efa.jpg] Left lines: 2, Right lines: 5
[8c94c649-8ba62efa.jpg] Left lines: 2, Right lines: 9
[8c9bbaa9-34934b66.jpg] Left lines: 7, Right lines: 0
[8c9bbaa9-34934b66.jpg] Left lines: 10, Right lines: 13
[degraded] low_light level_5 (300 images)
[0049e5b8-725e21a0.jpg] Left lines: 12, Right lines: 11
[0049e5b8-725e21a0.jpg] Left lines: 12, Right lines: 11
[0081e27b-17bf4a9e.jpg] Left lines: 1, Right lines: 0
[0081e27b-17bf4a9e.jpg] Left lines: 4, Right lines: 4
[00beeb02-50440dcd.jpg] Left lines: 3, Right lines: 2
[00beeb02-50440dcd.jpg] Left lines: 2, Right lines: 2
[00d4b6b7-7d0a60bf.jpg] Left lines: 0, Right lines: 0
[00d4b6b7-7d0a60bf.jpg] Left lines: 18, Right lines: 5
[01118704-2d838d7f.jpg] Left lines: 0, Right lines: 0
[01118704-2d838d7f.jpg] Left lines: 13, Right lines: 11
[0115917e-14907a6a.jpg] Left lines: 14, Right lines: 11
[0115917e-14907a6a.jpg] Left lines: 19, Right lines: 12
[02188a44-65ad27f3.jpg] Left lines: 0, Right lines: 0
[02188a44-65ad27f3.jpg] Left lines: 31, Right lines: 4
[02494b7b-079febf8.jpg] Left lines: 0, Right lines: 0
[02494b7b-079febf8.jpg] Left lines: 19, Right lines: 18
[029ffd50-dc944dba.jpg] Left lines: 0, Right lines: 0
[029ffd50-dc944dba.jpg] Left lines: 5, Right lines: 9
[0464a98b-860229d5.jpg] Left lines: 0, Right lines: 0
[0464a98b-860229d5.jpg] Left lines: 8, Right lines: 46
[051aadb7-51aad566.jpg] Left lines: 0, Right lines: 0
[051aadb7-51aad566.jpg] Left lines: 18, Right lines: 10
[051aadb7-e953bc4d.jpg] Left lines: 0, Right lines: 0
[051aadb7-e953bc4d.jpg] Left lines: 18, Right lines: 14
[05743a9b-747658e7.jpg] Left lines: 0, Right lines: 0
[05743a9b-747658e7.jpg] Left lines: 17, Right lines: 25
[057af272-6f700aef.jpg] Left lines: 0, Right lines: 2
[057af272-6f700aef.jpg] Left lines: 36, Right lines: 17
[05d62296-30c620d5.jpg] Left lines: 0, Right lines: 0
[05d62296-30c620d5.jpg] Left lines: 7, Right lines: 4
[05e5a68e-f0e05a42.jpg] Left lines: 0, Right lines: 6
[05e5a68e-f0e05a42.jpg] Left lines: 4, Right lines: 6
[05fa6494-8f436d04.jpg] Left lines: 0, Right lines: 0
[05fa6494-8f436d04.jpg] Left lines: 17, Right lines: 21
[060039d9-5218402b.jpg] Left lines: 3, Right lines: 0
[060039d9-5218402b.jpg] Left lines: 27, Right lines: 8
[064aa0d6-f75ff4d5.jpg] Left lines: 9, Right lines: 0
[064aa0d6-f75ff4d5.jpg] Left lines: 9, Right lines: 10
[07de5062-ddddcbd7.jpg] Left lines: 0, Right lines: 0
[07de5062-ddddcbd7.jpg] Left lines: 2, Right lines: 1
[088351d1-30833ddc.jpg] Left lines: 0, Right lines: 0
[088351d1-30833ddc.jpg] Left lines: 15, Right lines: 8
[08a49c01-675d3899.jpg] Left lines: 0, Right lines: 0
[08a49c01-675d3899.jpg] Left lines: 14, Right lines: 21
[08d4285a-4a25b9b6.jpg] Left lines: 0, Right lines: 12
[08d4285a-4a25b9b6.jpg] Left lines: 8, Right lines: 14
[09ac21d6-eefa8ed0.jpg] Left lines: 0, Right lines: 0
[09ac21d6-eefa8ed0.jpg] Left lines: 32, Right lines: 21
[0a0a0b1a-7c39d841.jpg] Left lines: 5, Right lines: 0
[0a0a0b1a-7c39d841.jpg] Left lines: 22, Right lines: 5
[0af6039a-f3c91319.jpg] Left lines: 3, Right lines: 0
[0af6039a-f3c91319.jpg] Left lines: 16, Right lines: 10
[0b2f5d0d-8fddc1fc.jpg] Left lines: 3, Right lines: 0
[0b2f5d0d-8fddc1fc.jpg] Left lines: 22, Right lines: 15
[0b4225f9-bfb10f88.jpg] Left lines: 0, Right lines: 0
[0b4225f9-bfb10f88.jpg] Left lines: 27, Right lines: 5
[0ba08fe3-880ae118.jpg] Left lines: 6, Right lines: 0
[0ba08fe3-880ae118.jpg] Left lines: 4, Right lines: 20
[0c2f33b9-f94d69b5.jpg] Left lines: 11, Right lines: 10
[0c2f33b9-f94d69b5.jpg] Left lines: 30, Right lines: 13
[0c984e6d-2b5d7ee4.jpg] Left lines: 5, Right lines: 0
[0c984e6d-2b5d7ee4.jpg] Left lines: 12, Right lines: 13
[0cb67a01-7cf1687e.jpg] Left lines: 1, Right lines: 0
[0cb67a01-7cf1687e.jpg] Left lines: 8, Right lines: 4
[0cc6f3e8-b4c9e348.jpg] Left lines: 0, Right lines: 0
[0cc6f3e8-b4c9e348.jpg] Left lines: 50, Right lines: 136
[0cf398b3-ce65ab64.jpg] Left lines: 0, Right lines: 3
[0cf398b3-ce65ab64.jpg] Left lines: 7, Right lines: 12
[0d3ec56a-f4cead6f.jpg] Left lines: 0, Right lines: 0
[0d3ec56a-f4cead6f.jpg] Left lines: 24, Right lines: 46
[0d61234a-542010b2.jpg] Left lines: 0, Right lines: 11
[0d61234a-542010b2.jpg] Left lines: 10, Right lines: 13
[0e442b65-b17e0b50.jpg] Left lines: 0, Right lines: 1
[0e442b65-b17e0b50.jpg] Left lines: 12, Right lines: 5
[0e5c7e92-0d9c60f0.jpg] Left lines: 0, Right lines: 0
[0e5c7e92-0d9c60f0.jpg] Left lines: 4, Right lines: 6
[0f837def-9646c091.jpg] Left lines: 0, Right lines: 0
[0f837def-9646c091.jpg] Left lines: 17, Right lines: 9
[0fba84f9-73b520ee.jpg] Left lines: 0, Right lines: 0
[0fba84f9-73b520ee.jpg] Left lines: 15, Right lines: 15
[101a0964-930eae70.jpg] Left lines: 0, Right lines: 0
[101a0964-930eae70.jpg] Left lines: 8, Right lines: 14
[10389fe8-433c740c.jpg] Left lines: 0, Right lines: 0
[10389fe8-433c740c.jpg] Left lines: 83, Right lines: 9
[10453a95-40759ac3.jpg] Left lines: 3, Right lines: 8
[10453a95-40759ac3.jpg] Left lines: 3, Right lines: 9
[1072195f-0a161ade.jpg] Left lines: 6, Right lines: 0
[1072195f-0a161ade.jpg] Left lines: 10, Right lines: 10
[1072195f-6cf88b25.jpg] Left lines: 0, Right lines: 0
[1072195f-6cf88b25.jpg] Left lines: 0, Right lines: 15
[11513e3d-150058c3.jpg] Left lines: 1, Right lines: 8
[11513e3d-150058c3.jpg] Left lines: 15, Right lines: 21
[1189ae68-1a8ad3c6.jpg] Left lines: 0, Right lines: 0
[1189ae68-1a8ad3c6.jpg] Left lines: 18, Right lines: 9
[12076ebb-c07285d7.jpg] Left lines: 0, Right lines: 0
[12076ebb-c07285d7.jpg] Left lines: 4, Right lines: 5
[125134e5-7dfc45b9.jpg] Left lines: 0, Right lines: 0
[125134e5-7dfc45b9.jpg] Left lines: 28, Right lines: 6
[12ae9ab8-794f5adc.jpg] Left lines: 0, Right lines: 6
[12ae9ab8-794f5adc.jpg] Left lines: 27, Right lines: 13
[13f61134-50021e53.jpg] Left lines: 0, Right lines: 0
[13f61134-50021e53.jpg] Left lines: 22, Right lines: 0
[14eace5a-ddf3b303.jpg] Left lines: 0, Right lines: 0
[14eace5a-ddf3b303.jpg] Left lines: 27, Right lines: 5
[1608cfe7-32da2c5d.jpg] Left lines: 2, Right lines: 0
[1608cfe7-32da2c5d.jpg] Left lines: 12, Right lines: 12
[162995f1-d2c7d259.jpg] Left lines: 0, Right lines: 0
[162995f1-d2c7d259.jpg] Left lines: 14, Right lines: 7
[16b0973f-c07b564a.jpg] Left lines: 6, Right lines: 3
[16b0973f-c07b564a.jpg] Left lines: 25, Right lines: 3
[1784d67b-6b223914.jpg] Left lines: 0, Right lines: 0
[1784d67b-6b223914.jpg] Left lines: 12, Right lines: 14
[1784d67b-d76145ce.jpg] Left lines: 6, Right lines: 0
[1784d67b-d76145ce.jpg] Left lines: 10, Right lines: 9
[188c58f3-792afc71.jpg] Left lines: 0, Right lines: 0
[188c58f3-792afc71.jpg] Left lines: 1, Right lines: 23
[193f7f3b-84bc7998.jpg] Left lines: 0, Right lines: 0
[193f7f3b-84bc7998.jpg] Left lines: 20, Right lines: 13
[194058b0-ac0616a6.jpg] Left lines: 2, Right lines: 3
[194058b0-ac0616a6.jpg] Left lines: 11, Right lines: 2
[19e56249-09c4bbc6.jpg] Left lines: 0, Right lines: 0
[19e56249-09c4bbc6.jpg] Left lines: 9, Right lines: 11
[1a71faae-d5f255fd.jpg] Left lines: 0, Right lines: 0
[1a71faae-d5f255fd.jpg] Left lines: 14, Right lines: 13
[1a8992a7-da5a8510.jpg] Left lines: 0, Right lines: 0
[1a8992a7-da5a8510.jpg] Left lines: 11, Right lines: 4
[1ac0178c-0b259360.jpg] Left lines: 0, Right lines: 0
[1ac0178c-0b259360.jpg] Left lines: 3, Right lines: 13
[1b30f76f-95aa8a06.jpg] Left lines: 0, Right lines: 0
[1b30f76f-95aa8a06.jpg] Left lines: 16, Right lines: 9
[1bda5a26-420ceea6.jpg] Left lines: 0, Right lines: 0
[1bda5a26-420ceea6.jpg] Left lines: 25, Right lines: 8
[1bf7f3d2-15f95138.jpg] Left lines: 0, Right lines: 13
[1bf7f3d2-15f95138.jpg] Left lines: 22, Right lines: 13
[1c227a12-10e5552c.jpg] Left lines: 0, Right lines: 0
[1c227a12-10e5552c.jpg] Left lines: 6, Right lines: 16
[1c227a12-ec67af93.jpg] Left lines: 6, Right lines: 0
[1c227a12-ec67af93.jpg] Left lines: 8, Right lines: 15
[1c5e9657-2e2a2863.jpg] Left lines: 0, Right lines: 0
[1c5e9657-2e2a2863.jpg] Left lines: 10, Right lines: 10
[1cb2a89b-4594573e.jpg] Left lines: 0, Right lines: 0
[1cb2a89b-4594573e.jpg] Left lines: 14, Right lines: 9
[1cf54809-c6daa5a9.jpg] Left lines: 2, Right lines: 12
[1cf54809-c6daa5a9.jpg] Left lines: 7, Right lines: 14
[1d5e05f8-5020f67d.jpg] Left lines: 0, Right lines: 0
[1d5e05f8-5020f67d.jpg] Left lines: 24, Right lines: 4
[1e57ae90-806bc767.jpg] Left lines: 0, Right lines: 0
[1e57ae90-806bc767.jpg] Left lines: 2, Right lines: 12
[1f959fdd-6ff63d34.jpg] Left lines: 0, Right lines: 0
[1f959fdd-6ff63d34.jpg] Left lines: 3, Right lines: 12
[1fa65acf-d43367bc.jpg] Left lines: 0, Right lines: 0
[1fa65acf-d43367bc.jpg] Left lines: 16, Right lines: 1
[20cfadfa-47711496.jpg] Left lines: 17, Right lines: 23
[20cfadfa-47711496.jpg] Left lines: 24, Right lines: 15
[20cfadfa-6f87fdc1.jpg] Left lines: 14, Right lines: 16
[20cfadfa-6f87fdc1.jpg] Left lines: 27, Right lines: 40
[225a1858-0e3a4b04.jpg] Left lines: 0, Right lines: 0
[225a1858-0e3a4b04.jpg] Left lines: 8, Right lines: 0
[22be2f14-59fbdca0.jpg] Left lines: 9, Right lines: 11
[22be2f14-59fbdca0.jpg] Left lines: 14, Right lines: 26
[23333f35-0cbc3f0f.jpg] Left lines: 5, Right lines: 2
[23333f35-0cbc3f0f.jpg] Left lines: 4, Right lines: 1
[23df146f-64b50e4c.jpg] Left lines: 0, Right lines: 0
[23df146f-64b50e4c.jpg] Left lines: 22, Right lines: 35
[24392d7c-998011c2.jpg] Left lines: 0, Right lines: 0
[24392d7c-998011c2.jpg] Left lines: 1, Right lines: 20
[250e7595-b14da270.jpg] Left lines: 0, Right lines: 3
[250e7595-b14da270.jpg] Left lines: 24, Right lines: 7
[26190b83-39ccb412.jpg] Left lines: 0, Right lines: 15
[26190b83-39ccb412.jpg] Left lines: 1, Right lines: 27
[272d52f6-8aac36b3.jpg] Left lines: 0, Right lines: 0
[272d52f6-8aac36b3.jpg] Left lines: 12, Right lines: 8
[2752681a-e813599a.jpg] Left lines: 2, Right lines: 3
[2752681a-e813599a.jpg] Left lines: 7, Right lines: 10
[27645526-f038b033.jpg] Left lines: 0, Right lines: 0
[27645526-f038b033.jpg] Left lines: 57, Right lines: 4
[2773af6f-23e23a6b.jpg] Left lines: 0, Right lines: 0
[2773af6f-23e23a6b.jpg] Left lines: 16, Right lines: 14
[28faf684-03ef4c6e.jpg] Left lines: 7, Right lines: 5
[28faf684-03ef4c6e.jpg] Left lines: 13, Right lines: 14
[292720ee-d847ee69.jpg] Left lines: 0, Right lines: 4
[292720ee-d847ee69.jpg] Left lines: 10, Right lines: 6
[2b54fe2d-c5b810e6.jpg] Left lines: 8, Right lines: 8
[2b54fe2d-c5b810e6.jpg] Left lines: 29, Right lines: 14
[2b605c48-8dfe352b.jpg] Left lines: 0, Right lines: 13
[2b605c48-8dfe352b.jpg] Left lines: 7, Right lines: 43
[2beccce2-354608e2.jpg] Left lines: 0, Right lines: 0
[2beccce2-354608e2.jpg] Left lines: 36, Right lines: 43
[2c87e51d-aa7a8031.jpg] Left lines: 0, Right lines: 0
[2c87e51d-aa7a8031.jpg] Left lines: 29, Right lines: 0
[2ce0b449-e818dc97.jpg] Left lines: 1, Right lines: 0
[2ce0b449-e818dc97.jpg] Left lines: 9, Right lines: 4
[2cf976a2-479cd46b.jpg] Left lines: 0, Right lines: 0
[2cf976a2-479cd46b.jpg] Left lines: 6, Right lines: 11
[2e2fae77-b7497ca0.jpg] Left lines: 0, Right lines: 0
[2e2fae77-b7497ca0.jpg] Left lines: 0, Right lines: 4
[2ead8042-2493c03f.jpg] Left lines: 5, Right lines: 0
[2ead8042-2493c03f.jpg] Left lines: 8, Right lines: 16
[2f1864c1-1a17d11c.jpg] Left lines: 0, Right lines: 0
[2f1864c1-1a17d11c.jpg] Left lines: 10, Right lines: 13
[2f879dc0-b09e4824.jpg] Left lines: 2, Right lines: 0
[2f879dc0-b09e4824.jpg] Left lines: 12, Right lines: 13
[2fc9ad1e-ee4c9e43.jpg] Left lines: 0, Right lines: 0
[2fc9ad1e-ee4c9e43.jpg] Left lines: 29, Right lines: 6
[3050b249-0ffbd6ec.jpg] Left lines: 0, Right lines: 3
[3050b249-0ffbd6ec.jpg] Left lines: 4, Right lines: 6
[314cc010-3eab5c90.jpg] Left lines: 0, Right lines: 0
[314cc010-3eab5c90.jpg] Left lines: 23, Right lines: 22
[31765c6b-90b0d612.jpg] Left lines: 0, Right lines: 0
[31765c6b-90b0d612.jpg] Left lines: 14, Right lines: 8
[31cf6eba-5c84c636.jpg] Left lines: 0, Right lines: 0
[31cf6eba-5c84c636.jpg] Left lines: 19, Right lines: 9
[32de2244-122f1783.jpg] Left lines: 2, Right lines: 12
[32de2244-122f1783.jpg] Left lines: 9, Right lines: 11
[33420085-32996107.jpg] Left lines: 0, Right lines: 0
[33420085-32996107.jpg] Left lines: 34, Right lines: 31
[3430a5e6-00ec38d2.jpg] Left lines: 1, Right lines: 0
[3430a5e6-00ec38d2.jpg] Left lines: 11, Right lines: 11
[35eb46d0-8f7e28a0.jpg] Left lines: 5, Right lines: 14
[35eb46d0-8f7e28a0.jpg] Left lines: 14, Right lines: 28
[3735fc3d-69d8b80c.jpg] Left lines: 0, Right lines: 0
[3735fc3d-69d8b80c.jpg] Left lines: 11, Right lines: 3
[3740cd4f-ff1d423d.jpg] Left lines: 4, Right lines: 4
[3740cd4f-ff1d423d.jpg] Left lines: 12, Right lines: 9
[375abba2-9f2ed56c.jpg] Left lines: 0, Right lines: 0
[375abba2-9f2ed56c.jpg] Left lines: 12, Right lines: 22
[37723e55-31730cf5.jpg] Left lines: 0, Right lines: 0
[37723e55-31730cf5.jpg] Left lines: 11, Right lines: 9
[380a3f8e-ba4f0def.jpg] Left lines: 1, Right lines: 0
[380a3f8e-ba4f0def.jpg] Left lines: 21, Right lines: 18
[385b0f61-1aee12ef.jpg] Left lines: 0, Right lines: 0
[385b0f61-1aee12ef.jpg] Left lines: 12, Right lines: 10
[3865fea7-b4fe472d.jpg] Left lines: 13, Right lines: 0
[3865fea7-b4fe472d.jpg] Left lines: 22, Right lines: 11
[38e561dd-8ea8ae2d.jpg] Left lines: 0, Right lines: 3
[38e561dd-8ea8ae2d.jpg] Left lines: 24, Right lines: 22
[38ed8d8d-93c48de2.jpg] Left lines: 0, Right lines: 0
[38ed8d8d-93c48de2.jpg] Left lines: 8, Right lines: 20
[38ed8d8d-b1c230ef.jpg] Left lines: 6, Right lines: 3
[38ed8d8d-b1c230ef.jpg] Left lines: 7, Right lines: 5
[38ed8d8d-fa50400c.jpg] Left lines: 0, Right lines: 0
[38ed8d8d-fa50400c.jpg] Left lines: 10, Right lines: 23
[3900ad8c-8834019f.jpg] Left lines: 0, Right lines: 0
[3900ad8c-8834019f.jpg] Left lines: 0, Right lines: 12
[39ddb110-04604b9c.jpg] Left lines: 0, Right lines: 0
[39ddb110-04604b9c.jpg] Left lines: 1, Right lines: 9
[39fc6d1c-6155351d.jpg] Left lines: 0, Right lines: 7
[39fc6d1c-6155351d.jpg] Left lines: 6, Right lines: 22
[3a278d39-b92df256.jpg] Left lines: 0, Right lines: 0
[3a278d39-b92df256.jpg] Left lines: 16, Right lines: 12
[3a3407a2-df8ea956.jpg] Left lines: 0, Right lines: 0
[3a3407a2-df8ea956.jpg] Left lines: 9, Right lines: 5
[3ad0c4a7-2a3d544e.jpg] Left lines: 0, Right lines: 0
[3ad0c4a7-2a3d544e.jpg] Left lines: 2, Right lines: 11
[3b1e1bc1-ee64e36e.jpg] Left lines: 0, Right lines: 0
[3b1e1bc1-ee64e36e.jpg] Left lines: 6, Right lines: 7
[3b44ef5a-c09e8479.jpg] Left lines: 2, Right lines: 0
[3b44ef5a-c09e8479.jpg] Left lines: 37, Right lines: 1
[3b563c5e-0102edaf.jpg] Left lines: 0, Right lines: 0
[3b563c5e-0102edaf.jpg] Left lines: 30, Right lines: 23
[3b9716a6-d2566395.jpg] Left lines: 0, Right lines: 0
[3b9716a6-d2566395.jpg] Left lines: 18, Right lines: 13
[3c0bbdc2-79baffce.jpg] Left lines: 0, Right lines: 7
[3c0bbdc2-79baffce.jpg] Left lines: 21, Right lines: 10
[3c5752b6-9c0bdf98.jpg] Left lines: 0, Right lines: 1
[3c5752b6-9c0bdf98.jpg] Left lines: 2, Right lines: 9
[3c95ae26-68abac3f.jpg] Left lines: 0, Right lines: 0
[3c95ae26-68abac3f.jpg] Left lines: 9, Right lines: 9
[3e0f1745-a95a63ad.jpg] Left lines: 0, Right lines: 0
[3e0f1745-a95a63ad.jpg] Left lines: 9, Right lines: 13
[3f4eb6a6-9eee52f9.jpg] Left lines: 0, Right lines: 7
[3f4eb6a6-9eee52f9.jpg] Left lines: 29, Right lines: 44
[3f85a987-1ef4053b.jpg] Left lines: 0, Right lines: 0
[3f85a987-1ef4053b.jpg] Left lines: 6, Right lines: 14
[3fe1feaa-10126fec.jpg] Left lines: 1, Right lines: 0
[3fe1feaa-10126fec.jpg] Left lines: 4, Right lines: 0
[3ffdaa26-b394f6f8.jpg] Left lines: 6, Right lines: 16
[3ffdaa26-b394f6f8.jpg] Left lines: 8, Right lines: 20
[4027c10d-41d54e9b.jpg] Left lines: 0, Right lines: 0
[4027c10d-41d54e9b.jpg] Left lines: 12, Right lines: 6
[428e99ea-4166e549.jpg] Left lines: 24, Right lines: 5
[428e99ea-4166e549.jpg] Left lines: 34, Right lines: 4
[42e0dd11-74b81997.jpg] Left lines: 0, Right lines: 0
[42e0dd11-74b81997.jpg] Left lines: 3, Right lines: 16
[430395d1-931c959e.jpg] Left lines: 0, Right lines: 1
[430395d1-931c959e.jpg] Left lines: 34, Right lines: 6
[43126e0d-495d04a5.jpg] Left lines: 0, Right lines: 0
[43126e0d-495d04a5.jpg] Left lines: 11, Right lines: 29
[43126e0d-cce96832.jpg] Left lines: 0, Right lines: 0
[43126e0d-cce96832.jpg] Left lines: 28, Right lines: 24
[432f9e20-83a0d96c.jpg] Left lines: 0, Right lines: 0
[432f9e20-83a0d96c.jpg] Left lines: 10, Right lines: 16
[43c7ed5c-b0690325.jpg] Left lines: 2, Right lines: 5
[43c7ed5c-b0690325.jpg] Left lines: 3, Right lines: 6
[44cc16d9-d2e06fd6.jpg] Left lines: 0, Right lines: 0
[44cc16d9-d2e06fd6.jpg] Left lines: 0, Right lines: 13
[45bafa98-1ee18a2f.jpg] Left lines: 0, Right lines: 0
[45bafa98-1ee18a2f.jpg] Left lines: 5, Right lines: 5
[46d048a1-8f7f385c.jpg] Left lines: 0, Right lines: 0
[46d048a1-8f7f385c.jpg] Left lines: 6, Right lines: 8
[46f76df9-8bf77914.jpg] Left lines: 12, Right lines: 0
[46f76df9-8bf77914.jpg] Left lines: 10, Right lines: 13
[480263a0-5aad7ae9.jpg] Left lines: 0, Right lines: 11
[480263a0-5aad7ae9.jpg] Left lines: 3, Right lines: 57
[488480d6-b94cf415.jpg] Left lines: 0, Right lines: 13
[488480d6-b94cf415.jpg] Left lines: 9, Right lines: 37
[48ed707e-5062e4c3.jpg] Left lines: 0, Right lines: 0
[48ed707e-5062e4c3.jpg] Left lines: 5, Right lines: 4
[4a289ff2-7da7feb6.jpg] Left lines: 0, Right lines: 0
[4a289ff2-7da7feb6.jpg] Left lines: 0, Right lines: 4
[4a31f3e3-ac7ed780.jpg] Left lines: 0, Right lines: 0
[4a31f3e3-ac7ed780.jpg] Left lines: 34, Right lines: 6
[4b2e1dde-65b54419.jpg] Left lines: 0, Right lines: 0
[4b2e1dde-65b54419.jpg] Left lines: 7, Right lines: 13
[4d4a590b-4332c5ab.jpg] Left lines: 0, Right lines: 0
[4d4a590b-4332c5ab.jpg] Left lines: 11, Right lines: 8
[5069db50-52f5af30.jpg] Left lines: 0, Right lines: 0
[5069db50-52f5af30.jpg] Left lines: 37, Right lines: 12
[50866f46-30d1f303.jpg] Left lines: 0, Right lines: 0
[50866f46-30d1f303.jpg] Left lines: 6, Right lines: 17
[50b115d6-4b08a666.jpg] Left lines: 0, Right lines: 0
[50b115d6-4b08a666.jpg] Left lines: 21, Right lines: 4
[50b2e757-6c7d0f63.jpg] Left lines: 0, Right lines: 0
[50b2e757-6c7d0f63.jpg] Left lines: 13, Right lines: 21
[50d0fd05-8db58ebd.jpg] Left lines: 0, Right lines: 0
[50d0fd05-8db58ebd.jpg] Left lines: 9, Right lines: 5
[510671e9-603795e0.jpg] Left lines: 0, Right lines: 0
[510671e9-603795e0.jpg] Left lines: 27, Right lines: 12
[514a6d58-0790e0cd.jpg] Left lines: 0, Right lines: 0
[514a6d58-0790e0cd.jpg] Left lines: 18, Right lines: 15
[5150bb50-300d52ce.jpg] Left lines: 8, Right lines: 11
[5150bb50-300d52ce.jpg] Left lines: 12, Right lines: 32
[52799e9e-8c8673f3.jpg] Left lines: 7, Right lines: 3
[52799e9e-8c8673f3.jpg] Left lines: 12, Right lines: 12
[52bda346-fd8ac6e7.jpg] Left lines: 0, Right lines: 0
[52bda346-fd8ac6e7.jpg] Left lines: 8, Right lines: 35
[534418ba-ee05398f.jpg] Left lines: 0, Right lines: 0
[534418ba-ee05398f.jpg] Left lines: 14, Right lines: 14
[54360b72-e00a3f70.jpg] Left lines: 0, Right lines: 5
[54360b72-e00a3f70.jpg] Left lines: 18, Right lines: 22
[554d7cd5-a32486dd.jpg] Left lines: 0, Right lines: 0
[554d7cd5-a32486dd.jpg] Left lines: 13, Right lines: 21
[559fed19-7893646f.jpg] Left lines: 0, Right lines: 0
[559fed19-7893646f.jpg] Left lines: 5, Right lines: 18
[57165857-e4d4a47f.jpg] Left lines: 0, Right lines: 0
[57165857-e4d4a47f.jpg] Left lines: 1, Right lines: 6
[5795bfe7-a599384a.jpg] Left lines: 0, Right lines: 0
[5795bfe7-a599384a.jpg] Left lines: 14, Right lines: 6
[57ac74e2-e86131f1.jpg] Left lines: 0, Right lines: 14
[57ac74e2-e86131f1.jpg] Left lines: 4, Right lines: 101
[57b495f2-6da6b1e5.jpg] Left lines: 5, Right lines: 0
[57b495f2-6da6b1e5.jpg] Left lines: 6, Right lines: 1
[585443c8-2621a6b1.jpg] Left lines: 8, Right lines: 8
[585443c8-2621a6b1.jpg] Left lines: 7, Right lines: 13
[5877b384-2545daf4.jpg] Left lines: 17, Right lines: 0
[5877b384-2545daf4.jpg] Left lines: 22, Right lines: 5
[587bb1bf-1aa00fe5.jpg] Left lines: 0, Right lines: 13
[587bb1bf-1aa00fe5.jpg] Left lines: 26, Right lines: 19
[5995c288-2d152172.jpg] Left lines: 0, Right lines: 0
[5995c288-2d152172.jpg] Left lines: 16, Right lines: 3
[59cde7c7-344bffb1.jpg] Left lines: 0, Right lines: 0
[59cde7c7-344bffb1.jpg] Left lines: 3, Right lines: 8
[5a8f9b5d-1fdfd2d4.jpg] Left lines: 0, Right lines: 0
[5a8f9b5d-1fdfd2d4.jpg] Left lines: 5, Right lines: 15
[5ae83f9c-da990b49.jpg] Left lines: 6, Right lines: 14
[5ae83f9c-da990b49.jpg] Left lines: 8, Right lines: 82
[5b2b4881-67a6cb87.jpg] Left lines: 3, Right lines: 0
[5b2b4881-67a6cb87.jpg] Left lines: 12, Right lines: 2
[5b2fd56a-37759b05.jpg] Left lines: 4, Right lines: 0
[5b2fd56a-37759b05.jpg] Left lines: 38, Right lines: 26
[5b4b0b07-2fb56b82.jpg] Left lines: 0, Right lines: 0
[5b4b0b07-2fb56b82.jpg] Left lines: 28, Right lines: 18
[5bc44a50-c371c4d0.jpg] Left lines: 0, Right lines: 0
[5bc44a50-c371c4d0.jpg] Left lines: 10, Right lines: 6
[5c4004b7-bf3b7941.jpg] Left lines: 0, Right lines: 0
[5c4004b7-bf3b7941.jpg] Left lines: 16, Right lines: 9
[5c534f5f-a76c7f4b.jpg] Left lines: 0, Right lines: 0
[5c534f5f-a76c7f4b.jpg] Left lines: 13, Right lines: 28
[5c5dc708-35460444.jpg] Left lines: 0, Right lines: 4
[5c5dc708-35460444.jpg] Left lines: 6, Right lines: 36
[5da6c6b6-76c54605.jpg] Left lines: 0, Right lines: 0
[5da6c6b6-76c54605.jpg] Left lines: 10, Right lines: 11
[5dc5141c-5890b5b1.jpg] Left lines: 0, Right lines: 0
[5dc5141c-5890b5b1.jpg] Left lines: 2, Right lines: 6
[5dd831da-bd00cf03.jpg] Left lines: 0, Right lines: 2
[5dd831da-bd00cf03.jpg] Left lines: 13, Right lines: 34
[5dfb063f-7bd23d5c.jpg] Left lines: 0, Right lines: 0
[5dfb063f-7bd23d5c.jpg] Left lines: 15, Right lines: 7
[5e0b701e-d443d8c2.jpg] Left lines: 0, Right lines: 0
[5e0b701e-d443d8c2.jpg] Left lines: 18, Right lines: 29
[5e26f49d-0bc53c7e.jpg] Left lines: 0, Right lines: 0
[5e26f49d-0bc53c7e.jpg] Left lines: 32, Right lines: 3
[5e26f49d-9271bf00.jpg] Left lines: 0, Right lines: 0
[5e26f49d-9271bf00.jpg] Left lines: 28, Right lines: 20
[5e625ec3-7b4fc682.jpg] Left lines: 0, Right lines: 9
[5e625ec3-7b4fc682.jpg] Left lines: 17, Right lines: 23
[5f9387ff-330136ae.jpg] Left lines: 0, Right lines: 0
[5f9387ff-330136ae.jpg] Left lines: 5, Right lines: 2
[5fa17a25-88b8e6b9.jpg] Left lines: 3, Right lines: 3
[5fa17a25-88b8e6b9.jpg] Left lines: 27, Right lines: 14
[5fa422e1-2d8dd765.jpg] Left lines: 0, Right lines: 0
[5fa422e1-2d8dd765.jpg] Left lines: 64, Right lines: 4
[5fb2a702-f56a339c.jpg] Left lines: 11, Right lines: 3
[5fb2a702-f56a339c.jpg] Left lines: 16, Right lines: 8
[6011831b-0992e205.jpg] Left lines: 5, Right lines: 0
[6011831b-0992e205.jpg] Left lines: 21, Right lines: 14
[60137cc0-428b8f5b.jpg] Left lines: 0, Right lines: 0
[60137cc0-428b8f5b.jpg] Left lines: 12, Right lines: 18
[604b5b3e-3c2e6b6b.jpg] Left lines: 0, Right lines: 6
[604b5b3e-3c2e6b6b.jpg] Left lines: 6, Right lines: 11
[6092f5a2-424550ba.jpg] Left lines: 2, Right lines: 0
[6092f5a2-424550ba.jpg] Left lines: 17, Right lines: 12
[60ba25dd-6c0df417.jpg] Left lines: 0, Right lines: 0
[60ba25dd-6c0df417.jpg] Left lines: 11, Right lines: 14
[60c678e7-4813ae0f.jpg] Left lines: 3, Right lines: 0
[60c678e7-4813ae0f.jpg] Left lines: 22, Right lines: 3
[614ecada-16b0f8b6.jpg] Left lines: 4, Right lines: 0
[614ecada-16b0f8b6.jpg] Left lines: 14, Right lines: 18
[61e4ad87-53ceb455.jpg] Left lines: 0, Right lines: 0
[61e4ad87-53ceb455.jpg] Left lines: 24, Right lines: 13
[6240d7b3-b51b5788.jpg] Left lines: 0, Right lines: 0
[6240d7b3-b51b5788.jpg] Left lines: 5, Right lines: 10
[62aefb36-b685117f.jpg] Left lines: 0, Right lines: 0
[62aefb36-b685117f.jpg] Left lines: 21, Right lines: 28
[634c1785-3bb9a8a2.jpg] Left lines: 10, Right lines: 0
[634c1785-3bb9a8a2.jpg] Left lines: 7, Right lines: 9
[634c1785-aeb1652f.jpg] Left lines: 0, Right lines: 8
[634c1785-aeb1652f.jpg] Left lines: 22, Right lines: 14
[63f73472-028615f1.jpg] Left lines: 0, Right lines: 12
[63f73472-028615f1.jpg] Left lines: 30, Right lines: 15
[6485ad0a-245d1600.jpg] Left lines: 0, Right lines: 9
[6485ad0a-245d1600.jpg] Left lines: 39, Right lines: 17
[648dc925-e359dbec.jpg] Left lines: 8, Right lines: 0
[648dc925-e359dbec.jpg] Left lines: 20, Right lines: 6
[65edc5a1-f309fed7.jpg] Left lines: 0, Right lines: 0
[65edc5a1-f309fed7.jpg] Left lines: 21, Right lines: 11
[661381d9-1114a810.jpg] Left lines: 0, Right lines: 4
[661381d9-1114a810.jpg] Left lines: 22, Right lines: 6
[664cb246-f84cfaf4.jpg] Left lines: 0, Right lines: 0
[664cb246-f84cfaf4.jpg] Left lines: 39, Right lines: 17
[675cf8fa-4b1ce8b9.jpg] Left lines: 1, Right lines: 0
[675cf8fa-4b1ce8b9.jpg] Left lines: 25, Right lines: 9
[67faeadf-eb09a636.jpg] Left lines: 0, Right lines: 0
[67faeadf-eb09a636.jpg] Left lines: 10, Right lines: 2
[691be377-5dbc29ee.jpg] Left lines: 2, Right lines: 3
[691be377-5dbc29ee.jpg] Left lines: 8, Right lines: 9
[692f1303-05178963.jpg] Left lines: 0, Right lines: 0
[692f1303-05178963.jpg] Left lines: 3, Right lines: 0
[692f9b08-bdbbd729.jpg] Left lines: 3, Right lines: 5
[692f9b08-bdbbd729.jpg] Left lines: 34, Right lines: 8
[69bfbe31-5ee2a642.jpg] Left lines: 4, Right lines: 12
[69bfbe31-5ee2a642.jpg] Left lines: 29, Right lines: 4
[69cf7667-68f59649.jpg] Left lines: 13, Right lines: 8
[69cf7667-68f59649.jpg] Left lines: 17, Right lines: 5
[69cf7667-7eb40860.jpg] Left lines: 0, Right lines: 0
[69cf7667-7eb40860.jpg] Left lines: 108, Right lines: 14
[6a44fb9a-05a3dd18.jpg] Left lines: 9, Right lines: 14
[6a44fb9a-05a3dd18.jpg] Left lines: 21, Right lines: 12
[6a793e80-4f5e207f.jpg] Left lines: 0, Right lines: 0
[6a793e80-4f5e207f.jpg] Left lines: 11, Right lines: 22
[6a82c0d6-b31f6b90.jpg] Left lines: 0, Right lines: 0
[6a82c0d6-b31f6b90.jpg] Left lines: 2, Right lines: 3
[6a8d218d-14e4fa28.jpg] Left lines: 0, Right lines: 0
[6a8d218d-14e4fa28.jpg] Left lines: 17, Right lines: 12
[6ad110c3-789e7724.jpg] Left lines: 0, Right lines: 0
[6ad110c3-789e7724.jpg] Left lines: 25, Right lines: 12
[6b15392a-3a1699fd.jpg] Left lines: 0, Right lines: 2
[6b15392a-3a1699fd.jpg] Left lines: 47, Right lines: 25
[6b784eee-0a5a2c89.jpg] Left lines: 0, Right lines: 0
[6b784eee-0a5a2c89.jpg] Left lines: 52, Right lines: 15
[6bb5a881-15e5c2c4.jpg] Left lines: 0, Right lines: 0
[6bb5a881-15e5c2c4.jpg] Left lines: 4, Right lines: 12
[6bd41587-d65ba5b4.jpg] Left lines: 0, Right lines: 0
[6bd41587-d65ba5b4.jpg] Left lines: 5, Right lines: 2
[6d0d7bef-fb11b6e1.jpg] Left lines: 0, Right lines: 5
[6d0d7bef-fb11b6e1.jpg] Left lines: 16, Right lines: 11
[6d57736c-a35808b9.jpg] Left lines: 3, Right lines: 6
[6d57736c-a35808b9.jpg] Left lines: 12, Right lines: 4
[6d8a6d94-00a7ad92.jpg] Left lines: 0, Right lines: 0
[6d8a6d94-00a7ad92.jpg] Left lines: 25, Right lines: 16
[6eeed3fa-87a1b0c9.jpg] Left lines: 5, Right lines: 12
[6eeed3fa-87a1b0c9.jpg] Left lines: 6, Right lines: 13
[701992bd-8a457895.jpg] Left lines: 13, Right lines: 14
[701992bd-8a457895.jpg] Left lines: 14, Right lines: 15
[7171644d-4e74752e.jpg] Left lines: 0, Right lines: 0
[7171644d-4e74752e.jpg] Left lines: 6, Right lines: 27
[7171644d-ee92c71e.jpg] Left lines: 0, Right lines: 5
[7171644d-ee92c71e.jpg] Left lines: 10, Right lines: 26
[72f22fa5-8af4615c.jpg] Left lines: 0, Right lines: 0
[72f22fa5-8af4615c.jpg] Left lines: 38, Right lines: 15
[72fd00fe-aeadfc89.jpg] Left lines: 0, Right lines: 0
[72fd00fe-aeadfc89.jpg] Left lines: 12, Right lines: 13
[730c67a5-563e9b1f.jpg] Left lines: 0, Right lines: 0
[730c67a5-563e9b1f.jpg] Left lines: 5, Right lines: 14
[738a2bcd-7a6fde0d.jpg] Left lines: 0, Right lines: 0
[738a2bcd-7a6fde0d.jpg] Left lines: 4, Right lines: 10
[73aff960-d46366ec.jpg] Left lines: 0, Right lines: 0
[73aff960-d46366ec.jpg] Left lines: 5, Right lines: 9
[73d338d6-edf0b3db.jpg] Left lines: 0, Right lines: 0
[73d338d6-edf0b3db.jpg] Left lines: 12, Right lines: 48
[75ad1fff-77299093.jpg] Left lines: 0, Right lines: 0
[75ad1fff-77299093.jpg] Left lines: 15, Right lines: 12
[75f5f52c-6b67e736.jpg] Left lines: 0, Right lines: 0
[75f5f52c-6b67e736.jpg] Left lines: 6, Right lines: 16
[777005a8-14c739ad.jpg] Left lines: 0, Right lines: 0
[777005a8-14c739ad.jpg] Left lines: 38, Right lines: 7
[7771e03b-832e52c0.jpg] Left lines: 0, Right lines: 0
[7771e03b-832e52c0.jpg] Left lines: 1, Right lines: 12
[7771e03b-a8f9d50c.jpg] Left lines: 0, Right lines: 3
[7771e03b-a8f9d50c.jpg] Left lines: 18, Right lines: 11
[7797fea2-c37f9856.jpg] Left lines: 0, Right lines: 0
[7797fea2-c37f9856.jpg] Left lines: 14, Right lines: 16
[77bdbeb0-edb0613f.jpg] Left lines: 0, Right lines: 1
[77bdbeb0-edb0613f.jpg] Left lines: 12, Right lines: 8
[77dca577-16a39ea0.jpg] Left lines: 6, Right lines: 0
[77dca577-16a39ea0.jpg] Left lines: 9, Right lines: 6
[77f810c4-43a39c1f.jpg] Left lines: 0, Right lines: 0
[77f810c4-43a39c1f.jpg] Left lines: 4, Right lines: 8
[7814206e-8e991d51.jpg] Left lines: 1, Right lines: 2
[7814206e-8e991d51.jpg] Left lines: 16, Right lines: 8
[7814206e-ea2508d0.jpg] Left lines: 0, Right lines: 7
[7814206e-ea2508d0.jpg] Left lines: 13, Right lines: 10
[79e177bc-4d5d3acc.jpg] Left lines: 0, Right lines: 7
[79e177bc-4d5d3acc.jpg] Left lines: 23, Right lines: 16
[7aa4ff0f-9d28d8a4.jpg] Left lines: 0, Right lines: 0
[7aa4ff0f-9d28d8a4.jpg] Left lines: 8, Right lines: 77
[7ad1174c-373265eb.jpg] Left lines: 0, Right lines: 0
[7ad1174c-373265eb.jpg] Left lines: 2, Right lines: 0
[7b268b98-e0ec16c3.jpg] Left lines: 0, Right lines: 3
[7b268b98-e0ec16c3.jpg] Left lines: 10, Right lines: 5
[7c5a2048-332896ea.jpg] Left lines: 0, Right lines: 0
[7c5a2048-332896ea.jpg] Left lines: 0, Right lines: 2
[7c5d50c5-7292de37.jpg] Left lines: 0, Right lines: 0
[7c5d50c5-7292de37.jpg] Left lines: 6, Right lines: 15
[7d1fe115-936a2f47.jpg] Left lines: 5, Right lines: 13
[7d1fe115-936a2f47.jpg] Left lines: 7, Right lines: 11
[7dc2914d-a20a969a.jpg] Left lines: 0, Right lines: 0
[7dc2914d-a20a969a.jpg] Left lines: 16, Right lines: 13
[7e4ab78b-4a62c63e.jpg] Left lines: 2, Right lines: 0
[7e4ab78b-4a62c63e.jpg] Left lines: 11, Right lines: 16
[7e590c49-93f03732.jpg] Left lines: 0, Right lines: 0
[7e590c49-93f03732.jpg] Left lines: 10, Right lines: 4
[7ed57d0a-d7bcc13d.jpg] Left lines: 0, Right lines: 0
[7ed57d0a-d7bcc13d.jpg] Left lines: 13, Right lines: 19
[7f0ef682-c93899df.jpg] Left lines: 0, Right lines: 6
[7f0ef682-c93899df.jpg] Left lines: 1, Right lines: 13
[7f4ac354-777de900.jpg] Left lines: 0, Right lines: 6
[7f4ac354-777de900.jpg] Left lines: 10, Right lines: 5
[7f9bdf0d-c0e0061f.jpg] Left lines: 0, Right lines: 0
[7f9bdf0d-c0e0061f.jpg] Left lines: 49, Right lines: 17
[7fd14da9-a855494b.jpg] Left lines: 0, Right lines: 0
[7fd14da9-a855494b.jpg] Left lines: 22, Right lines: 13
[801bff84-a72998c7.jpg] Left lines: 0, Right lines: 0
[801bff84-a72998c7.jpg] Left lines: 35, Right lines: 56
[8073de38-f7eab6ec.jpg] Left lines: 0, Right lines: 0
[8073de38-f7eab6ec.jpg] Left lines: 19, Right lines: 26
[8082ea05-1a7bcd47.jpg] Left lines: 3, Right lines: 3
[8082ea05-1a7bcd47.jpg] Left lines: 40, Right lines: 36
[80ecebc0-ca9605f4.jpg] Left lines: 0, Right lines: 0
[80ecebc0-ca9605f4.jpg] Left lines: 12, Right lines: 5
[81ec3b39-1951f79e.jpg] Left lines: 0, Right lines: 0
[81ec3b39-1951f79e.jpg] Left lines: 31, Right lines: 11
[82b14c0c-79b99258.jpg] Left lines: 0, Right lines: 0
[82b14c0c-79b99258.jpg] Left lines: 17, Right lines: 36
[82b5fc3b-90cadd1b.jpg] Left lines: 0, Right lines: 7
[82b5fc3b-90cadd1b.jpg] Left lines: 34, Right lines: 26
[82f03471-8e304dd5.jpg] Left lines: 3, Right lines: 0
[82f03471-8e304dd5.jpg] Left lines: 10, Right lines: 14
[836fa13a-d6058a12.jpg] Left lines: 0, Right lines: 0
[836fa13a-d6058a12.jpg] Left lines: 22, Right lines: 4
[84fb3f59-7d5d1fa4.jpg] Left lines: 1, Right lines: 0
[84fb3f59-7d5d1fa4.jpg] Left lines: 6, Right lines: 27
[8542b4da-7795bcfd.jpg] Left lines: 0, Right lines: 0
[8542b4da-7795bcfd.jpg] Left lines: 11, Right lines: 15
[85f3f250-1fef85ac.jpg] Left lines: 0, Right lines: 0
[85f3f250-1fef85ac.jpg] Left lines: 13, Right lines: 20
[87ca2979-d5158824.jpg] Left lines: 6, Right lines: 0
[87ca2979-d5158824.jpg] Left lines: 11, Right lines: 12
[889b7dda-77f16103.jpg] Left lines: 0, Right lines: 0
[889b7dda-77f16103.jpg] Left lines: 1, Right lines: 25
[88dbf01a-d8b35dee.jpg] Left lines: 0, Right lines: 3
[88dbf01a-d8b35dee.jpg] Left lines: 11, Right lines: 4
[897223bc-6938f1ab.jpg] Left lines: 0, Right lines: 0
[897223bc-6938f1ab.jpg] Left lines: 13, Right lines: 1
[89b7454d-880eacbd.jpg] Left lines: 2, Right lines: 0
[89b7454d-880eacbd.jpg] Left lines: 8, Right lines: 9
[89e85e71-7dd0a7b6.jpg] Left lines: 18, Right lines: 8
[89e85e71-7dd0a7b6.jpg] Left lines: 8, Right lines: 3
[8a4fbffe-47866ce9.jpg] Left lines: 0, Right lines: 0
[8a4fbffe-47866ce9.jpg] Left lines: 15, Right lines: 20
[8a76c101-8bcefc32.jpg] Left lines: 0, Right lines: 0
[8a76c101-8bcefc32.jpg] Left lines: 0, Right lines: 17
[8b7ef6c4-6bbcf25f.jpg] Left lines: 0, Right lines: 3
[8b7ef6c4-6bbcf25f.jpg] Left lines: 25, Right lines: 11
[8bac644e-e0437ead.jpg] Left lines: 0, Right lines: 0
[8bac644e-e0437ead.jpg] Left lines: 4, Right lines: 6
[8c94c649-8ba62efa.jpg] Left lines: 0, Right lines: 0
[8c94c649-8ba62efa.jpg] Left lines: 5, Right lines: 5
[8c9bbaa9-34934b66.jpg] Left lines: 0, Right lines: 0
[8c9bbaa9-34934b66.jpg] Left lines: 14, Right lines: 18
[degraded] low_light level_6 (300 images)
[0049e5b8-725e21a0.jpg] Left lines: 0, Right lines: 0
[0049e5b8-725e21a0.jpg] Left lines: 11, Right lines: 11
[0081e27b-17bf4a9e.jpg] Left lines: 0, Right lines: 0
[0081e27b-17bf4a9e.jpg] Left lines: 4, Right lines: 18
[00beeb02-50440dcd.jpg] Left lines: 0, Right lines: 0
[00beeb02-50440dcd.jpg] Left lines: 2, Right lines: 1
[00d4b6b7-7d0a60bf.jpg] Left lines: 0, Right lines: 0
[00d4b6b7-7d0a60bf.jpg] Left lines: 15, Right lines: 3
[01118704-2d838d7f.jpg] Left lines: 0, Right lines: 0
[01118704-2d838d7f.jpg] Left lines: 14, Right lines: 9
[0115917e-14907a6a.jpg] Left lines: 0, Right lines: 0
[0115917e-14907a6a.jpg] Left lines: 14, Right lines: 11
[02188a44-65ad27f3.jpg] Left lines: 0, Right lines: 0
[02188a44-65ad27f3.jpg] Left lines: 25, Right lines: 2
[02494b7b-079febf8.jpg] Left lines: 0, Right lines: 0
[02494b7b-079febf8.jpg] Left lines: 18, Right lines: 6
[029ffd50-dc944dba.jpg] Left lines: 0, Right lines: 0
[029ffd50-dc944dba.jpg] Left lines: 5, Right lines: 9
[0464a98b-860229d5.jpg] Left lines: 0, Right lines: 0
[0464a98b-860229d5.jpg] Left lines: 11, Right lines: 41
[051aadb7-51aad566.jpg] Left lines: 0, Right lines: 0
[051aadb7-51aad566.jpg] Left lines: 13, Right lines: 6
[051aadb7-e953bc4d.jpg] Left lines: 0, Right lines: 0
[051aadb7-e953bc4d.jpg] Left lines: 11, Right lines: 14
[05743a9b-747658e7.jpg] Left lines: 0, Right lines: 0
[05743a9b-747658e7.jpg] Left lines: 4, Right lines: 38
[057af272-6f700aef.jpg] Left lines: 0, Right lines: 0
[057af272-6f700aef.jpg] Left lines: 34, Right lines: 9
[05d62296-30c620d5.jpg] Left lines: 0, Right lines: 0
[05d62296-30c620d5.jpg] Left lines: 7, Right lines: 2
[05e5a68e-f0e05a42.jpg] Left lines: 0, Right lines: 0
[05e5a68e-f0e05a42.jpg] Left lines: 3, Right lines: 7
[05fa6494-8f436d04.jpg] Left lines: 0, Right lines: 0
[05fa6494-8f436d04.jpg] Left lines: 20, Right lines: 22
[060039d9-5218402b.jpg] Left lines: 0, Right lines: 0
[060039d9-5218402b.jpg] Left lines: 24, Right lines: 8
[064aa0d6-f75ff4d5.jpg] Left lines: 0, Right lines: 0
[064aa0d6-f75ff4d5.jpg] Left lines: 10, Right lines: 10
[07de5062-ddddcbd7.jpg] Left lines: 0, Right lines: 0
[07de5062-ddddcbd7.jpg] Left lines: 3, Right lines: 2
[088351d1-30833ddc.jpg] Left lines: 0, Right lines: 0
[088351d1-30833ddc.jpg] Left lines: 14, Right lines: 5
[08a49c01-675d3899.jpg] Left lines: 0, Right lines: 0
[08a49c01-675d3899.jpg] Left lines: 16, Right lines: 13
[08d4285a-4a25b9b6.jpg] Left lines: 0, Right lines: 0
[08d4285a-4a25b9b6.jpg] Left lines: 0, Right lines: 12
[09ac21d6-eefa8ed0.jpg] Left lines: 0, Right lines: 0
[09ac21d6-eefa8ed0.jpg] Left lines: 23, Right lines: 17
[0a0a0b1a-7c39d841.jpg] Left lines: 0, Right lines: 0
[0a0a0b1a-7c39d841.jpg] Left lines: 11, Right lines: 13
[0af6039a-f3c91319.jpg] Left lines: 0, Right lines: 0
[0af6039a-f3c91319.jpg] Left lines: 23, Right lines: 11
[0b2f5d0d-8fddc1fc.jpg] Left lines: 0, Right lines: 0
[0b2f5d0d-8fddc1fc.jpg] Left lines: 18, Right lines: 15
[0b4225f9-bfb10f88.jpg] Left lines: 0, Right lines: 0
[0b4225f9-bfb10f88.jpg] Left lines: 16, Right lines: 3
[0ba08fe3-880ae118.jpg] Left lines: 0, Right lines: 0
[0ba08fe3-880ae118.jpg] Left lines: 6, Right lines: 22
[0c2f33b9-f94d69b5.jpg] Left lines: 0, Right lines: 0
[0c2f33b9-f94d69b5.jpg] Left lines: 28, Right lines: 15
[0c984e6d-2b5d7ee4.jpg] Left lines: 0, Right lines: 0
[0c984e6d-2b5d7ee4.jpg] Left lines: 7, Right lines: 8
[0cb67a01-7cf1687e.jpg] Left lines: 0, Right lines: 0
[0cb67a01-7cf1687e.jpg] Left lines: 7, Right lines: 7
[0cc6f3e8-b4c9e348.jpg] Left lines: 0, Right lines: 0
[0cc6f3e8-b4c9e348.jpg] Left lines: 25, Right lines: 76
[0cf398b3-ce65ab64.jpg] Left lines: 0, Right lines: 0
[0cf398b3-ce65ab64.jpg] Left lines: 8, Right lines: 13
[0d3ec56a-f4cead6f.jpg] Left lines: 0, Right lines: 0
[0d3ec56a-f4cead6f.jpg] Left lines: 10, Right lines: 24
[0d61234a-542010b2.jpg] Left lines: 0, Right lines: 13
[0d61234a-542010b2.jpg] Left lines: 9, Right lines: 12
[0e442b65-b17e0b50.jpg] Left lines: 0, Right lines: 0
[0e442b65-b17e0b50.jpg] Left lines: 11, Right lines: 1
[0e5c7e92-0d9c60f0.jpg] Left lines: 0, Right lines: 0
[0e5c7e92-0d9c60f0.jpg] Left lines: 12, Right lines: 6
[0f837def-9646c091.jpg] Left lines: 0, Right lines: 0
[0f837def-9646c091.jpg] Left lines: 17, Right lines: 6
[0fba84f9-73b520ee.jpg] Left lines: 0, Right lines: 0
[0fba84f9-73b520ee.jpg] Left lines: 12, Right lines: 12
[101a0964-930eae70.jpg] Left lines: 0, Right lines: 0
[101a0964-930eae70.jpg] Left lines: 8, Right lines: 13
[10389fe8-433c740c.jpg] Left lines: 0, Right lines: 0
[10389fe8-433c740c.jpg] Left lines: 83, Right lines: 13
[10453a95-40759ac3.jpg] Left lines: 0, Right lines: 0
[10453a95-40759ac3.jpg] Left lines: 5, Right lines: 15
[1072195f-0a161ade.jpg] Left lines: 0, Right lines: 0
[1072195f-0a161ade.jpg] Left lines: 19, Right lines: 13
[1072195f-6cf88b25.jpg] Left lines: 0, Right lines: 0
[1072195f-6cf88b25.jpg] Left lines: 0, Right lines: 13
[11513e3d-150058c3.jpg] Left lines: 0, Right lines: 0
[11513e3d-150058c3.jpg] Left lines: 19, Right lines: 12
[1189ae68-1a8ad3c6.jpg] Left lines: 0, Right lines: 0
[1189ae68-1a8ad3c6.jpg] Left lines: 20, Right lines: 7
[12076ebb-c07285d7.jpg] Left lines: 0, Right lines: 0
[12076ebb-c07285d7.jpg] Left lines: 3, Right lines: 8
[125134e5-7dfc45b9.jpg] Left lines: 0, Right lines: 0
[125134e5-7dfc45b9.jpg] Left lines: 23, Right lines: 2
[12ae9ab8-794f5adc.jpg] Left lines: 0, Right lines: 0
[12ae9ab8-794f5adc.jpg] Left lines: 11, Right lines: 12
[13f61134-50021e53.jpg] Left lines: 0, Right lines: 0
[13f61134-50021e53.jpg] Left lines: 18, Right lines: 4
[14eace5a-ddf3b303.jpg] Left lines: 0, Right lines: 0
[14eace5a-ddf3b303.jpg] Left lines: 28, Right lines: 4
[1608cfe7-32da2c5d.jpg] Left lines: 0, Right lines: 0
[1608cfe7-32da2c5d.jpg] Left lines: 13, Right lines: 11
[162995f1-d2c7d259.jpg] Left lines: 0, Right lines: 0
[162995f1-d2c7d259.jpg] Left lines: 13, Right lines: 13
[16b0973f-c07b564a.jpg] Left lines: 0, Right lines: 0
[16b0973f-c07b564a.jpg] Left lines: 22, Right lines: 4
[1784d67b-6b223914.jpg] Left lines: 0, Right lines: 0
[1784d67b-6b223914.jpg] Left lines: 11, Right lines: 14
[1784d67b-d76145ce.jpg] Left lines: 0, Right lines: 0
[1784d67b-d76145ce.jpg] Left lines: 9, Right lines: 10
[188c58f3-792afc71.jpg] Left lines: 0, Right lines: 0
[188c58f3-792afc71.jpg] Left lines: 1, Right lines: 34
[193f7f3b-84bc7998.jpg] Left lines: 0, Right lines: 0
[193f7f3b-84bc7998.jpg] Left lines: 14, Right lines: 10
[194058b0-ac0616a6.jpg] Left lines: 0, Right lines: 0
[194058b0-ac0616a6.jpg] Left lines: 13, Right lines: 7
[19e56249-09c4bbc6.jpg] Left lines: 0, Right lines: 0
[19e56249-09c4bbc6.jpg] Left lines: 5, Right lines: 19
[1a71faae-d5f255fd.jpg] Left lines: 0, Right lines: 0
[1a71faae-d5f255fd.jpg] Left lines: 12, Right lines: 21
[1a8992a7-da5a8510.jpg] Left lines: 0, Right lines: 0
[1a8992a7-da5a8510.jpg] Left lines: 3, Right lines: 2
[1ac0178c-0b259360.jpg] Left lines: 0, Right lines: 0
[1ac0178c-0b259360.jpg] Left lines: 2, Right lines: 9
[1b30f76f-95aa8a06.jpg] Left lines: 0, Right lines: 0
[1b30f76f-95aa8a06.jpg] Left lines: 16, Right lines: 12
[1bda5a26-420ceea6.jpg] Left lines: 0, Right lines: 0
[1bda5a26-420ceea6.jpg] Left lines: 18, Right lines: 3
[1bf7f3d2-15f95138.jpg] Left lines: 0, Right lines: 0
[1bf7f3d2-15f95138.jpg] Left lines: 20, Right lines: 12
[1c227a12-10e5552c.jpg] Left lines: 0, Right lines: 0
[1c227a12-10e5552c.jpg] Left lines: 3, Right lines: 21
[1c227a12-ec67af93.jpg] Left lines: 0, Right lines: 0
[1c227a12-ec67af93.jpg] Left lines: 12, Right lines: 13
[1c5e9657-2e2a2863.jpg] Left lines: 0, Right lines: 0
[1c5e9657-2e2a2863.jpg] Left lines: 1, Right lines: 11
[1cb2a89b-4594573e.jpg] Left lines: 0, Right lines: 0
[1cb2a89b-4594573e.jpg] Left lines: 10, Right lines: 19
[1cf54809-c6daa5a9.jpg] Left lines: 0, Right lines: 0
[1cf54809-c6daa5a9.jpg] Left lines: 6, Right lines: 10
[1d5e05f8-5020f67d.jpg] Left lines: 0, Right lines: 0
[1d5e05f8-5020f67d.jpg] Left lines: 37, Right lines: 7
[1e57ae90-806bc767.jpg] Left lines: 1, Right lines: 0
[1e57ae90-806bc767.jpg] Left lines: 15, Right lines: 25
[1f959fdd-6ff63d34.jpg] Left lines: 0, Right lines: 0
[1f959fdd-6ff63d34.jpg] Left lines: 3, Right lines: 11
[1fa65acf-d43367bc.jpg] Left lines: 0, Right lines: 0
[1fa65acf-d43367bc.jpg] Left lines: 23, Right lines: 2
[20cfadfa-47711496.jpg] Left lines: 0, Right lines: 0
[20cfadfa-47711496.jpg] Left lines: 20, Right lines: 11
[20cfadfa-6f87fdc1.jpg] Left lines: 0, Right lines: 0
[20cfadfa-6f87fdc1.jpg] Left lines: 34, Right lines: 45
[225a1858-0e3a4b04.jpg] Left lines: 0, Right lines: 0
[225a1858-0e3a4b04.jpg] Left lines: 9, Right lines: 0
[22be2f14-59fbdca0.jpg] Left lines: 0, Right lines: 0
[22be2f14-59fbdca0.jpg] Left lines: 14, Right lines: 27
[23333f35-0cbc3f0f.jpg] Left lines: 0, Right lines: 0
[23333f35-0cbc3f0f.jpg] Left lines: 4, Right lines: 1
[23df146f-64b50e4c.jpg] Left lines: 0, Right lines: 0
[23df146f-64b50e4c.jpg] Left lines: 22, Right lines: 17
[24392d7c-998011c2.jpg] Left lines: 0, Right lines: 0
[24392d7c-998011c2.jpg] Left lines: 12, Right lines: 19
[250e7595-b14da270.jpg] Left lines: 0, Right lines: 0
[250e7595-b14da270.jpg] Left lines: 29, Right lines: 9
[26190b83-39ccb412.jpg] Left lines: 0, Right lines: 0
[26190b83-39ccb412.jpg] Left lines: 1, Right lines: 30
[272d52f6-8aac36b3.jpg] Left lines: 0, Right lines: 0
[272d52f6-8aac36b3.jpg] Left lines: 14, Right lines: 3
[2752681a-e813599a.jpg] Left lines: 0, Right lines: 0
[2752681a-e813599a.jpg] Left lines: 5, Right lines: 10
[27645526-f038b033.jpg] Left lines: 0, Right lines: 0
[27645526-f038b033.jpg] Left lines: 60, Right lines: 2
[2773af6f-23e23a6b.jpg] Left lines: 0, Right lines: 0
[2773af6f-23e23a6b.jpg] Left lines: 10, Right lines: 12
[28faf684-03ef4c6e.jpg] Left lines: 0, Right lines: 0
[28faf684-03ef4c6e.jpg] Left lines: 11, Right lines: 15
[292720ee-d847ee69.jpg] Left lines: 0, Right lines: 0
[292720ee-d847ee69.jpg] Left lines: 8, Right lines: 12
[2b54fe2d-c5b810e6.jpg] Left lines: 0, Right lines: 0
[2b54fe2d-c5b810e6.jpg] Left lines: 24, Right lines: 8
[2b605c48-8dfe352b.jpg] Left lines: 0, Right lines: 0
[2b605c48-8dfe352b.jpg] Left lines: 20, Right lines: 39
[2beccce2-354608e2.jpg] Left lines: 0, Right lines: 0
[2beccce2-354608e2.jpg] Left lines: 38, Right lines: 17
[2c87e51d-aa7a8031.jpg] Left lines: 0, Right lines: 0
[2c87e51d-aa7a8031.jpg] Left lines: 19, Right lines: 0
[2ce0b449-e818dc97.jpg] Left lines: 0, Right lines: 0
[2ce0b449-e818dc97.jpg] Left lines: 6, Right lines: 0
[2cf976a2-479cd46b.jpg] Left lines: 0, Right lines: 0
[2cf976a2-479cd46b.jpg] Left lines: 10, Right lines: 10
[2e2fae77-b7497ca0.jpg] Left lines: 0, Right lines: 0
[2e2fae77-b7497ca0.jpg] Left lines: 0, Right lines: 8
[2ead8042-2493c03f.jpg] Left lines: 0, Right lines: 0
[2ead8042-2493c03f.jpg] Left lines: 5, Right lines: 14
[2f1864c1-1a17d11c.jpg] Left lines: 0, Right lines: 0
[2f1864c1-1a17d11c.jpg] Left lines: 11, Right lines: 11
[2f879dc0-b09e4824.jpg] Left lines: 0, Right lines: 0
[2f879dc0-b09e4824.jpg] Left lines: 10, Right lines: 13
[2fc9ad1e-ee4c9e43.jpg] Left lines: 0, Right lines: 0
[2fc9ad1e-ee4c9e43.jpg] Left lines: 23, Right lines: 4
[3050b249-0ffbd6ec.jpg] Left lines: 0, Right lines: 0
[3050b249-0ffbd6ec.jpg] Left lines: 7, Right lines: 10
[314cc010-3eab5c90.jpg] Left lines: 0, Right lines: 0
[314cc010-3eab5c90.jpg] Left lines: 14, Right lines: 20
[31765c6b-90b0d612.jpg] Left lines: 0, Right lines: 0
[31765c6b-90b0d612.jpg] Left lines: 13, Right lines: 13
[31cf6eba-5c84c636.jpg] Left lines: 0, Right lines: 0
[31cf6eba-5c84c636.jpg] Left lines: 12, Right lines: 7
[32de2244-122f1783.jpg] Left lines: 0, Right lines: 0
[32de2244-122f1783.jpg] Left lines: 8, Right lines: 17
[33420085-32996107.jpg] Left lines: 0, Right lines: 0
[33420085-32996107.jpg] Left lines: 38, Right lines: 33
[3430a5e6-00ec38d2.jpg] Left lines: 0, Right lines: 0
[3430a5e6-00ec38d2.jpg] Left lines: 12, Right lines: 10
[35eb46d0-8f7e28a0.jpg] Left lines: 0, Right lines: 0
[35eb46d0-8f7e28a0.jpg] Left lines: 15, Right lines: 19
[3735fc3d-69d8b80c.jpg] Left lines: 0, Right lines: 0
[3735fc3d-69d8b80c.jpg] Left lines: 23, Right lines: 4
[3740cd4f-ff1d423d.jpg] Left lines: 0, Right lines: 0
[3740cd4f-ff1d423d.jpg] Left lines: 9, Right lines: 8
[375abba2-9f2ed56c.jpg] Left lines: 0, Right lines: 0
[375abba2-9f2ed56c.jpg] Left lines: 13, Right lines: 16
[37723e55-31730cf5.jpg] Left lines: 0, Right lines: 0
[37723e55-31730cf5.jpg] Left lines: 16, Right lines: 13
[380a3f8e-ba4f0def.jpg] Left lines: 0, Right lines: 0
[380a3f8e-ba4f0def.jpg] Left lines: 18, Right lines: 15
[385b0f61-1aee12ef.jpg] Left lines: 0, Right lines: 0
[385b0f61-1aee12ef.jpg] Left lines: 10, Right lines: 6
[3865fea7-b4fe472d.jpg] Left lines: 0, Right lines: 0
[3865fea7-b4fe472d.jpg] Left lines: 13, Right lines: 12
[38e561dd-8ea8ae2d.jpg] Left lines: 0, Right lines: 0
[38e561dd-8ea8ae2d.jpg] Left lines: 21, Right lines: 18
[38ed8d8d-93c48de2.jpg] Left lines: 0, Right lines: 0
[38ed8d8d-93c48de2.jpg] Left lines: 9, Right lines: 8
[38ed8d8d-b1c230ef.jpg] Left lines: 0, Right lines: 0
[38ed8d8d-b1c230ef.jpg] Left lines: 8, Right lines: 3
[38ed8d8d-fa50400c.jpg] Left lines: 0, Right lines: 0
[38ed8d8d-fa50400c.jpg] Left lines: 10, Right lines: 24
[3900ad8c-8834019f.jpg] Left lines: 0, Right lines: 0
[3900ad8c-8834019f.jpg] Left lines: 1, Right lines: 5
[39ddb110-04604b9c.jpg] Left lines: 0, Right lines: 0
[39ddb110-04604b9c.jpg] Left lines: 1, Right lines: 12
[39fc6d1c-6155351d.jpg] Left lines: 0, Right lines: 0
[39fc6d1c-6155351d.jpg] Left lines: 4, Right lines: 16
[3a278d39-b92df256.jpg] Left lines: 0, Right lines: 0
[3a278d39-b92df256.jpg] Left lines: 13, Right lines: 14
[3a3407a2-df8ea956.jpg] Left lines: 0, Right lines: 0
[3a3407a2-df8ea956.jpg] Left lines: 15, Right lines: 5
[3ad0c4a7-2a3d544e.jpg] Left lines: 0, Right lines: 0
[3ad0c4a7-2a3d544e.jpg] Left lines: 6, Right lines: 10
[3b1e1bc1-ee64e36e.jpg] Left lines: 0, Right lines: 0
[3b1e1bc1-ee64e36e.jpg] Left lines: 5, Right lines: 5
[3b44ef5a-c09e8479.jpg] Left lines: 0, Right lines: 0
[3b44ef5a-c09e8479.jpg] Left lines: 29, Right lines: 0
[3b563c5e-0102edaf.jpg] Left lines: 0, Right lines: 0
[3b563c5e-0102edaf.jpg] Left lines: 17, Right lines: 24
[3b9716a6-d2566395.jpg] Left lines: 0, Right lines: 0
[3b9716a6-d2566395.jpg] Left lines: 24, Right lines: 10
[3c0bbdc2-79baffce.jpg] Left lines: 0, Right lines: 0
[3c0bbdc2-79baffce.jpg] Left lines: 15, Right lines: 11
[3c5752b6-9c0bdf98.jpg] Left lines: 0, Right lines: 0
[3c5752b6-9c0bdf98.jpg] Left lines: 2, Right lines: 10
[3c95ae26-68abac3f.jpg] Left lines: 0, Right lines: 0
[3c95ae26-68abac3f.jpg] Left lines: 9, Right lines: 9
[3e0f1745-a95a63ad.jpg] Left lines: 0, Right lines: 0
[3e0f1745-a95a63ad.jpg] Left lines: 8, Right lines: 22
[3f4eb6a6-9eee52f9.jpg] Left lines: 0, Right lines: 0
[3f4eb6a6-9eee52f9.jpg] Left lines: 24, Right lines: 34
[3f85a987-1ef4053b.jpg] Left lines: 0, Right lines: 0
[3f85a987-1ef4053b.jpg] Left lines: 3, Right lines: 9
[3fe1feaa-10126fec.jpg] Left lines: 0, Right lines: 0
[3fe1feaa-10126fec.jpg] Left lines: 9, Right lines: 1
[3ffdaa26-b394f6f8.jpg] Left lines: 0, Right lines: 0
[3ffdaa26-b394f6f8.jpg] Left lines: 5, Right lines: 22
[4027c10d-41d54e9b.jpg] Left lines: 0, Right lines: 0
[4027c10d-41d54e9b.jpg] Left lines: 13, Right lines: 6
[428e99ea-4166e549.jpg] Left lines: 0, Right lines: 0
[428e99ea-4166e549.jpg] Left lines: 34, Right lines: 3
[42e0dd11-74b81997.jpg] Left lines: 0, Right lines: 0
[42e0dd11-74b81997.jpg] Left lines: 4, Right lines: 16
[430395d1-931c959e.jpg] Left lines: 0, Right lines: 0
[430395d1-931c959e.jpg] Left lines: 18, Right lines: 11
[43126e0d-495d04a5.jpg] Left lines: 0, Right lines: 0
[43126e0d-495d04a5.jpg] Left lines: 10, Right lines: 16
[43126e0d-cce96832.jpg] Left lines: 0, Right lines: 0
[43126e0d-cce96832.jpg] Left lines: 27, Right lines: 15
[432f9e20-83a0d96c.jpg] Left lines: 0, Right lines: 0
[432f9e20-83a0d96c.jpg] Left lines: 13, Right lines: 14
[43c7ed5c-b0690325.jpg] Left lines: 0, Right lines: 0
[43c7ed5c-b0690325.jpg] Left lines: 2, Right lines: 5
[44cc16d9-d2e06fd6.jpg] Left lines: 0, Right lines: 0
[44cc16d9-d2e06fd6.jpg] Left lines: 4, Right lines: 14
[45bafa98-1ee18a2f.jpg] Left lines: 0, Right lines: 0
[45bafa98-1ee18a2f.jpg] Left lines: 3, Right lines: 6
[46d048a1-8f7f385c.jpg] Left lines: 0, Right lines: 0
[46d048a1-8f7f385c.jpg] Left lines: 5, Right lines: 10
[46f76df9-8bf77914.jpg] Left lines: 0, Right lines: 0
[46f76df9-8bf77914.jpg] Left lines: 10, Right lines: 10
[480263a0-5aad7ae9.jpg] Left lines: 0, Right lines: 0
[480263a0-5aad7ae9.jpg] Left lines: 7, Right lines: 63
[488480d6-b94cf415.jpg] Left lines: 0, Right lines: 0
[488480d6-b94cf415.jpg] Left lines: 6, Right lines: 19
[48ed707e-5062e4c3.jpg] Left lines: 0, Right lines: 0
[48ed707e-5062e4c3.jpg] Left lines: 5, Right lines: 4
[4a289ff2-7da7feb6.jpg] Left lines: 0, Right lines: 0
[4a289ff2-7da7feb6.jpg] Left lines: 0, Right lines: 0
[4a31f3e3-ac7ed780.jpg] Left lines: 0, Right lines: 0
[4a31f3e3-ac7ed780.jpg] Left lines: 39, Right lines: 4
[4b2e1dde-65b54419.jpg] Left lines: 0, Right lines: 0
[4b2e1dde-65b54419.jpg] Left lines: 5, Right lines: 11
[4d4a590b-4332c5ab.jpg] Left lines: 0, Right lines: 0
[4d4a590b-4332c5ab.jpg] Left lines: 16, Right lines: 8
[5069db50-52f5af30.jpg] Left lines: 0, Right lines: 0
[5069db50-52f5af30.jpg] Left lines: 20, Right lines: 12
[50866f46-30d1f303.jpg] Left lines: 0, Right lines: 0
[50866f46-30d1f303.jpg] Left lines: 6, Right lines: 15
[50b115d6-4b08a666.jpg] Left lines: 0, Right lines: 0
[50b115d6-4b08a666.jpg] Left lines: 16, Right lines: 9
[50b2e757-6c7d0f63.jpg] Left lines: 0, Right lines: 0
[50b2e757-6c7d0f63.jpg] Left lines: 13, Right lines: 11
[50d0fd05-8db58ebd.jpg] Left lines: 0, Right lines: 0
[50d0fd05-8db58ebd.jpg] Left lines: 6, Right lines: 7
[510671e9-603795e0.jpg] Left lines: 0, Right lines: 0
[510671e9-603795e0.jpg] Left lines: 17, Right lines: 45
[514a6d58-0790e0cd.jpg] Left lines: 0, Right lines: 0
[514a6d58-0790e0cd.jpg] Left lines: 14, Right lines: 8
[5150bb50-300d52ce.jpg] Left lines: 0, Right lines: 0
[5150bb50-300d52ce.jpg] Left lines: 10, Right lines: 26
[52799e9e-8c8673f3.jpg] Left lines: 0, Right lines: 0
[52799e9e-8c8673f3.jpg] Left lines: 7, Right lines: 12
[52bda346-fd8ac6e7.jpg] Left lines: 0, Right lines: 0
[52bda346-fd8ac6e7.jpg] Left lines: 7, Right lines: 32
[534418ba-ee05398f.jpg] Left lines: 0, Right lines: 0
[534418ba-ee05398f.jpg] Left lines: 12, Right lines: 12
[54360b72-e00a3f70.jpg] Left lines: 0, Right lines: 0
[54360b72-e00a3f70.jpg] Left lines: 13, Right lines: 20
[554d7cd5-a32486dd.jpg] Left lines: 0, Right lines: 0
[554d7cd5-a32486dd.jpg] Left lines: 12, Right lines: 16
[559fed19-7893646f.jpg] Left lines: 0, Right lines: 0
[559fed19-7893646f.jpg] Left lines: 4, Right lines: 11
[57165857-e4d4a47f.jpg] Left lines: 0, Right lines: 0
[57165857-e4d4a47f.jpg] Left lines: 1, Right lines: 6
[5795bfe7-a599384a.jpg] Left lines: 0, Right lines: 0
[5795bfe7-a599384a.jpg] Left lines: 5, Right lines: 4
[57ac74e2-e86131f1.jpg] Left lines: 0, Right lines: 0
[57ac74e2-e86131f1.jpg] Left lines: 2, Right lines: 88
[57b495f2-6da6b1e5.jpg] Left lines: 0, Right lines: 0
[57b495f2-6da6b1e5.jpg] Left lines: 5, Right lines: 2
[585443c8-2621a6b1.jpg] Left lines: 0, Right lines: 0
[585443c8-2621a6b1.jpg] Left lines: 8, Right lines: 10
[5877b384-2545daf4.jpg] Left lines: 0, Right lines: 0
[5877b384-2545daf4.jpg] Left lines: 18, Right lines: 8
[587bb1bf-1aa00fe5.jpg] Left lines: 0, Right lines: 0
[587bb1bf-1aa00fe5.jpg] Left lines: 32, Right lines: 15
[5995c288-2d152172.jpg] Left lines: 0, Right lines: 0
[5995c288-2d152172.jpg] Left lines: 13, Right lines: 2
[59cde7c7-344bffb1.jpg] Left lines: 0, Right lines: 0
[59cde7c7-344bffb1.jpg] Left lines: 2, Right lines: 4
[5a8f9b5d-1fdfd2d4.jpg] Left lines: 0, Right lines: 0
[5a8f9b5d-1fdfd2d4.jpg] Left lines: 13, Right lines: 12
[5ae83f9c-da990b49.jpg] Left lines: 0, Right lines: 0
[5ae83f9c-da990b49.jpg] Left lines: 14, Right lines: 56
[5b2b4881-67a6cb87.jpg] Left lines: 0, Right lines: 0
[5b2b4881-67a6cb87.jpg] Left lines: 11, Right lines: 1
[5b2fd56a-37759b05.jpg] Left lines: 0, Right lines: 0
[5b2fd56a-37759b05.jpg] Left lines: 22, Right lines: 22
[5b4b0b07-2fb56b82.jpg] Left lines: 0, Right lines: 0
[5b4b0b07-2fb56b82.jpg] Left lines: 22, Right lines: 28
[5bc44a50-c371c4d0.jpg] Left lines: 0, Right lines: 0
[5bc44a50-c371c4d0.jpg] Left lines: 14, Right lines: 5
[5c4004b7-bf3b7941.jpg] Left lines: 0, Right lines: 0
[5c4004b7-bf3b7941.jpg] Left lines: 12, Right lines: 9
[5c534f5f-a76c7f4b.jpg] Left lines: 0, Right lines: 0
[5c534f5f-a76c7f4b.jpg] Left lines: 12, Right lines: 29
[5c5dc708-35460444.jpg] Left lines: 0, Right lines: 0
[5c5dc708-35460444.jpg] Left lines: 2, Right lines: 28
[5da6c6b6-76c54605.jpg] Left lines: 0, Right lines: 0
[5da6c6b6-76c54605.jpg] Left lines: 5, Right lines: 8
[5dc5141c-5890b5b1.jpg] Left lines: 0, Right lines: 0
[5dc5141c-5890b5b1.jpg] Left lines: 2, Right lines: 5
[5dd831da-bd00cf03.jpg] Left lines: 0, Right lines: 0
[5dd831da-bd00cf03.jpg] Left lines: 13, Right lines: 28
[5dfb063f-7bd23d5c.jpg] Left lines: 0, Right lines: 0
[5dfb063f-7bd23d5c.jpg] Left lines: 9, Right lines: 12
[5e0b701e-d443d8c2.jpg] Left lines: 0, Right lines: 0
[5e0b701e-d443d8c2.jpg] Left lines: 3, Right lines: 14
[5e26f49d-0bc53c7e.jpg] Left lines: 0, Right lines: 0
[5e26f49d-0bc53c7e.jpg] Left lines: 31, Right lines: 0
[5e26f49d-9271bf00.jpg] Left lines: 0, Right lines: 0
[5e26f49d-9271bf00.jpg] Left lines: 15, Right lines: 14
[5e625ec3-7b4fc682.jpg] Left lines: 0, Right lines: 0
[5e625ec3-7b4fc682.jpg] Left lines: 14, Right lines: 16
[5f9387ff-330136ae.jpg] Left lines: 0, Right lines: 0
[5f9387ff-330136ae.jpg] Left lines: 3, Right lines: 3
[5fa17a25-88b8e6b9.jpg] Left lines: 0, Right lines: 0
[5fa17a25-88b8e6b9.jpg] Left lines: 31, Right lines: 9
[5fa422e1-2d8dd765.jpg] Left lines: 0, Right lines: 0
[5fa422e1-2d8dd765.jpg] Left lines: 36, Right lines: 6
[5fb2a702-f56a339c.jpg] Left lines: 0, Right lines: 0
[5fb2a702-f56a339c.jpg] Left lines: 8, Right lines: 6
[6011831b-0992e205.jpg] Left lines: 0, Right lines: 0
[6011831b-0992e205.jpg] Left lines: 13, Right lines: 16
[60137cc0-428b8f5b.jpg] Left lines: 0, Right lines: 0
[60137cc0-428b8f5b.jpg] Left lines: 11, Right lines: 13
[604b5b3e-3c2e6b6b.jpg] Left lines: 0, Right lines: 0
[604b5b3e-3c2e6b6b.jpg] Left lines: 2, Right lines: 12
[6092f5a2-424550ba.jpg] Left lines: 0, Right lines: 0
[6092f5a2-424550ba.jpg] Left lines: 15, Right lines: 15
[60ba25dd-6c0df417.jpg] Left lines: 0, Right lines: 0
[60ba25dd-6c0df417.jpg] Left lines: 8, Right lines: 8
[60c678e7-4813ae0f.jpg] Left lines: 0, Right lines: 0
[60c678e7-4813ae0f.jpg] Left lines: 10, Right lines: 0
[614ecada-16b0f8b6.jpg] Left lines: 0, Right lines: 0
[614ecada-16b0f8b6.jpg] Left lines: 16, Right lines: 19
[61e4ad87-53ceb455.jpg] Left lines: 0, Right lines: 0
[61e4ad87-53ceb455.jpg] Left lines: 42, Right lines: 7
[6240d7b3-b51b5788.jpg] Left lines: 0, Right lines: 0
[6240d7b3-b51b5788.jpg] Left lines: 3, Right lines: 11
[62aefb36-b685117f.jpg] Left lines: 0, Right lines: 0
[62aefb36-b685117f.jpg] Left lines: 17, Right lines: 17
[634c1785-3bb9a8a2.jpg] Left lines: 0, Right lines: 0
[634c1785-3bb9a8a2.jpg] Left lines: 8, Right lines: 14
[634c1785-aeb1652f.jpg] Left lines: 0, Right lines: 0
[634c1785-aeb1652f.jpg] Left lines: 23, Right lines: 17
[63f73472-028615f1.jpg] Left lines: 0, Right lines: 0
[63f73472-028615f1.jpg] Left lines: 24, Right lines: 13
[6485ad0a-245d1600.jpg] Left lines: 0, Right lines: 0
[6485ad0a-245d1600.jpg] Left lines: 32, Right lines: 14
[648dc925-e359dbec.jpg] Left lines: 0, Right lines: 0
[648dc925-e359dbec.jpg] Left lines: 17, Right lines: 7
[65edc5a1-f309fed7.jpg] Left lines: 0, Right lines: 0
[65edc5a1-f309fed7.jpg] Left lines: 20, Right lines: 4
[661381d9-1114a810.jpg] Left lines: 0, Right lines: 0
[661381d9-1114a810.jpg] Left lines: 14, Right lines: 5
[664cb246-f84cfaf4.jpg] Left lines: 0, Right lines: 0
[664cb246-f84cfaf4.jpg] Left lines: 28, Right lines: 10
[675cf8fa-4b1ce8b9.jpg] Left lines: 0, Right lines: 0
[675cf8fa-4b1ce8b9.jpg] Left lines: 18, Right lines: 9
[67faeadf-eb09a636.jpg] Left lines: 0, Right lines: 0
[67faeadf-eb09a636.jpg] Left lines: 7, Right lines: 4
[691be377-5dbc29ee.jpg] Left lines: 0, Right lines: 0
[691be377-5dbc29ee.jpg] Left lines: 7, Right lines: 0
[692f1303-05178963.jpg] Left lines: 0, Right lines: 0
[692f1303-05178963.jpg] Left lines: 2, Right lines: 3
[692f9b08-bdbbd729.jpg] Left lines: 0, Right lines: 0
[692f9b08-bdbbd729.jpg] Left lines: 25, Right lines: 8
[69bfbe31-5ee2a642.jpg] Left lines: 0, Right lines: 0
[69bfbe31-5ee2a642.jpg] Left lines: 26, Right lines: 6
[69cf7667-68f59649.jpg] Left lines: 0, Right lines: 0
[69cf7667-68f59649.jpg] Left lines: 19, Right lines: 16
[69cf7667-7eb40860.jpg] Left lines: 0, Right lines: 0
[69cf7667-7eb40860.jpg] Left lines: 81, Right lines: 0
[6a44fb9a-05a3dd18.jpg] Left lines: 0, Right lines: 0
[6a44fb9a-05a3dd18.jpg] Left lines: 25, Right lines: 12
[6a793e80-4f5e207f.jpg] Left lines: 0, Right lines: 0
[6a793e80-4f5e207f.jpg] Left lines: 11, Right lines: 15
[6a82c0d6-b31f6b90.jpg] Left lines: 0, Right lines: 0
[6a82c0d6-b31f6b90.jpg] Left lines: 1, Right lines: 7
[6a8d218d-14e4fa28.jpg] Left lines: 0, Right lines: 0
[6a8d218d-14e4fa28.jpg] Left lines: 13, Right lines: 14
[6ad110c3-789e7724.jpg] Left lines: 0, Right lines: 0
[6ad110c3-789e7724.jpg] Left lines: 30, Right lines: 10
[6b15392a-3a1699fd.jpg] Left lines: 0, Right lines: 0
[6b15392a-3a1699fd.jpg] Left lines: 30, Right lines: 19
[6b784eee-0a5a2c89.jpg] Left lines: 0, Right lines: 0
[6b784eee-0a5a2c89.jpg] Left lines: 48, Right lines: 5
[6bb5a881-15e5c2c4.jpg] Left lines: 0, Right lines: 0
[6bb5a881-15e5c2c4.jpg] Left lines: 1, Right lines: 2
[6bd41587-d65ba5b4.jpg] Left lines: 0, Right lines: 0
[6bd41587-d65ba5b4.jpg] Left lines: 6, Right lines: 4
[6d0d7bef-fb11b6e1.jpg] Left lines: 0, Right lines: 0
[6d0d7bef-fb11b6e1.jpg] Left lines: 12, Right lines: 8
[6d57736c-a35808b9.jpg] Left lines: 0, Right lines: 0
[6d57736c-a35808b9.jpg] Left lines: 10, Right lines: 7
[6d8a6d94-00a7ad92.jpg] Left lines: 0, Right lines: 0
[6d8a6d94-00a7ad92.jpg] Left lines: 9, Right lines: 11
[6eeed3fa-87a1b0c9.jpg] Left lines: 0, Right lines: 0
[6eeed3fa-87a1b0c9.jpg] Left lines: 5, Right lines: 12
[701992bd-8a457895.jpg] Left lines: 0, Right lines: 0
[701992bd-8a457895.jpg] Left lines: 16, Right lines: 11
[7171644d-4e74752e.jpg] Left lines: 0, Right lines: 0
[7171644d-4e74752e.jpg] Left lines: 7, Right lines: 25
[7171644d-ee92c71e.jpg] Left lines: 0, Right lines: 0
[7171644d-ee92c71e.jpg] Left lines: 10, Right lines: 21
[72f22fa5-8af4615c.jpg] Left lines: 0, Right lines: 0
[72f22fa5-8af4615c.jpg] Left lines: 29, Right lines: 13
[72fd00fe-aeadfc89.jpg] Left lines: 0, Right lines: 0
[72fd00fe-aeadfc89.jpg] Left lines: 4, Right lines: 10
[730c67a5-563e9b1f.jpg] Left lines: 0, Right lines: 0
[730c67a5-563e9b1f.jpg] Left lines: 10, Right lines: 0
[738a2bcd-7a6fde0d.jpg] Left lines: 0, Right lines: 0
[738a2bcd-7a6fde0d.jpg] Left lines: 3, Right lines: 8
[73aff960-d46366ec.jpg] Left lines: 0, Right lines: 0
[73aff960-d46366ec.jpg] Left lines: 5, Right lines: 10
[73d338d6-edf0b3db.jpg] Left lines: 0, Right lines: 0
[73d338d6-edf0b3db.jpg] Left lines: 12, Right lines: 42
[75ad1fff-77299093.jpg] Left lines: 0, Right lines: 0
[75ad1fff-77299093.jpg] Left lines: 4, Right lines: 10
[75f5f52c-6b67e736.jpg] Left lines: 0, Right lines: 0
[75f5f52c-6b67e736.jpg] Left lines: 4, Right lines: 10
[777005a8-14c739ad.jpg] Left lines: 0, Right lines: 0
[777005a8-14c739ad.jpg] Left lines: 21, Right lines: 4
[7771e03b-832e52c0.jpg] Left lines: 0, Right lines: 0
[7771e03b-832e52c0.jpg] Left lines: 0, Right lines: 14
[7771e03b-a8f9d50c.jpg] Left lines: 0, Right lines: 0
[7771e03b-a8f9d50c.jpg] Left lines: 21, Right lines: 11
[7797fea2-c37f9856.jpg] Left lines: 0, Right lines: 0
[7797fea2-c37f9856.jpg] Left lines: 13, Right lines: 15
[77bdbeb0-edb0613f.jpg] Left lines: 0, Right lines: 0
[77bdbeb0-edb0613f.jpg] Left lines: 14, Right lines: 11
[77dca577-16a39ea0.jpg] Left lines: 0, Right lines: 0
[77dca577-16a39ea0.jpg] Left lines: 9, Right lines: 6
[77f810c4-43a39c1f.jpg] Left lines: 0, Right lines: 0
[77f810c4-43a39c1f.jpg] Left lines: 5, Right lines: 4
[7814206e-8e991d51.jpg] Left lines: 0, Right lines: 0
[7814206e-8e991d51.jpg] Left lines: 17, Right lines: 9
[7814206e-ea2508d0.jpg] Left lines: 0, Right lines: 0
[7814206e-ea2508d0.jpg] Left lines: 16, Right lines: 13
[79e177bc-4d5d3acc.jpg] Left lines: 0, Right lines: 0
[79e177bc-4d5d3acc.jpg] Left lines: 18, Right lines: 14
[7aa4ff0f-9d28d8a4.jpg] Left lines: 0, Right lines: 0
[7aa4ff0f-9d28d8a4.jpg] Left lines: 12, Right lines: 75
[7ad1174c-373265eb.jpg] Left lines: 0, Right lines: 0
[7ad1174c-373265eb.jpg] Left lines: 5, Right lines: 0
[7b268b98-e0ec16c3.jpg] Left lines: 0, Right lines: 0
[7b268b98-e0ec16c3.jpg] Left lines: 9, Right lines: 2
[7c5a2048-332896ea.jpg] Left lines: 0, Right lines: 0
[7c5a2048-332896ea.jpg] Left lines: 20, Right lines: 2
[7c5d50c5-7292de37.jpg] Left lines: 0, Right lines: 0
[7c5d50c5-7292de37.jpg] Left lines: 7, Right lines: 14
[7d1fe115-936a2f47.jpg] Left lines: 0, Right lines: 0
[7d1fe115-936a2f47.jpg] Left lines: 7, Right lines: 10
[7dc2914d-a20a969a.jpg] Left lines: 0, Right lines: 0
[7dc2914d-a20a969a.jpg] Left lines: 16, Right lines: 8
[7e4ab78b-4a62c63e.jpg] Left lines: 0, Right lines: 0
[7e4ab78b-4a62c63e.jpg] Left lines: 15, Right lines: 14
[7e590c49-93f03732.jpg] Left lines: 0, Right lines: 0
[7e590c49-93f03732.jpg] Left lines: 12, Right lines: 3
[7ed57d0a-d7bcc13d.jpg] Left lines: 0, Right lines: 0
[7ed57d0a-d7bcc13d.jpg] Left lines: 8, Right lines: 10
[7f0ef682-c93899df.jpg] Left lines: 0, Right lines: 0
[7f0ef682-c93899df.jpg] Left lines: 1, Right lines: 34
[7f4ac354-777de900.jpg] Left lines: 0, Right lines: 0
[7f4ac354-777de900.jpg] Left lines: 10, Right lines: 7
[7f9bdf0d-c0e0061f.jpg] Left lines: 0, Right lines: 0
[7f9bdf0d-c0e0061f.jpg] Left lines: 46, Right lines: 2
[7fd14da9-a855494b.jpg] Left lines: 0, Right lines: 0
[7fd14da9-a855494b.jpg] Left lines: 26, Right lines: 14
[801bff84-a72998c7.jpg] Left lines: 0, Right lines: 0
[801bff84-a72998c7.jpg] Left lines: 29, Right lines: 50
[8073de38-f7eab6ec.jpg] Left lines: 0, Right lines: 0
[8073de38-f7eab6ec.jpg] Left lines: 21, Right lines: 39
[8082ea05-1a7bcd47.jpg] Left lines: 0, Right lines: 0
[8082ea05-1a7bcd47.jpg] Left lines: 16, Right lines: 32
[80ecebc0-ca9605f4.jpg] Left lines: 0, Right lines: 0
[80ecebc0-ca9605f4.jpg] Left lines: 7, Right lines: 0
[81ec3b39-1951f79e.jpg] Left lines: 0, Right lines: 0
[81ec3b39-1951f79e.jpg] Left lines: 27, Right lines: 7
[82b14c0c-79b99258.jpg] Left lines: 0, Right lines: 0
[82b14c0c-79b99258.jpg] Left lines: 22, Right lines: 20
[82b5fc3b-90cadd1b.jpg] Left lines: 0, Right lines: 0
[82b5fc3b-90cadd1b.jpg] Left lines: 7, Right lines: 21
[82f03471-8e304dd5.jpg] Left lines: 0, Right lines: 0
[82f03471-8e304dd5.jpg] Left lines: 9, Right lines: 18
[836fa13a-d6058a12.jpg] Left lines: 0, Right lines: 0
[836fa13a-d6058a12.jpg] Left lines: 16, Right lines: 1
[84fb3f59-7d5d1fa4.jpg] Left lines: 0, Right lines: 0
[84fb3f59-7d5d1fa4.jpg] Left lines: 7, Right lines: 29
[8542b4da-7795bcfd.jpg] Left lines: 0, Right lines: 0
[8542b4da-7795bcfd.jpg] Left lines: 6, Right lines: 15
[85f3f250-1fef85ac.jpg] Left lines: 0, Right lines: 0
[85f3f250-1fef85ac.jpg] Left lines: 14, Right lines: 17
[87ca2979-d5158824.jpg] Left lines: 0, Right lines: 0
[87ca2979-d5158824.jpg] Left lines: 5, Right lines: 6
[889b7dda-77f16103.jpg] Left lines: 0, Right lines: 0
[889b7dda-77f16103.jpg] Left lines: 4, Right lines: 13
[88dbf01a-d8b35dee.jpg] Left lines: 0, Right lines: 0
[88dbf01a-d8b35dee.jpg] Left lines: 11, Right lines: 4
[897223bc-6938f1ab.jpg] Left lines: 0, Right lines: 0
[897223bc-6938f1ab.jpg] Left lines: 11, Right lines: 1
[89b7454d-880eacbd.jpg] Left lines: 0, Right lines: 0
[89b7454d-880eacbd.jpg] Left lines: 5, Right lines: 2
[89e85e71-7dd0a7b6.jpg] Left lines: 0, Right lines: 0
[89e85e71-7dd0a7b6.jpg] Left lines: 18, Right lines: 28
[8a4fbffe-47866ce9.jpg] Left lines: 0, Right lines: 0
[8a4fbffe-47866ce9.jpg] Left lines: 11, Right lines: 14
[8a76c101-8bcefc32.jpg] Left lines: 0, Right lines: 0
[8a76c101-8bcefc32.jpg] Left lines: 0, Right lines: 16
[8b7ef6c4-6bbcf25f.jpg] Left lines: 0, Right lines: 0
[8b7ef6c4-6bbcf25f.jpg] Left lines: 30, Right lines: 12
[8bac644e-e0437ead.jpg] Left lines: 0, Right lines: 0
[8bac644e-e0437ead.jpg] Left lines: 3, Right lines: 4
[8c94c649-8ba62efa.jpg] Left lines: 0, Right lines: 0
[8c94c649-8ba62efa.jpg] Left lines: 5, Right lines: 3
[8c9bbaa9-34934b66.jpg] Left lines: 0, Right lines: 0
[8c9bbaa9-34934b66.jpg] Left lines: 8, Right lines: 15
[degraded] low_light level_7 (300 images)
[0049e5b8-725e21a0.jpg] Left lines: 0, Right lines: 0
[0049e5b8-725e21a0.jpg] Left lines: 10, Right lines: 10
[0081e27b-17bf4a9e.jpg] Left lines: 0, Right lines: 0
[0081e27b-17bf4a9e.jpg] Left lines: 4, Right lines: 10
[00beeb02-50440dcd.jpg] Left lines: 0, Right lines: 0
[00beeb02-50440dcd.jpg] Left lines: 3, Right lines: 2
[00d4b6b7-7d0a60bf.jpg] Left lines: 0, Right lines: 0
[00d4b6b7-7d0a60bf.jpg] Left lines: 9, Right lines: 5
[01118704-2d838d7f.jpg] Left lines: 0, Right lines: 0
[01118704-2d838d7f.jpg] Left lines: 9, Right lines: 8
[0115917e-14907a6a.jpg] Left lines: 0, Right lines: 0
[0115917e-14907a6a.jpg] Left lines: 16, Right lines: 11
[02188a44-65ad27f3.jpg] Left lines: 0, Right lines: 0
[02188a44-65ad27f3.jpg] Left lines: 26, Right lines: 2
[02494b7b-079febf8.jpg] Left lines: 0, Right lines: 0
[02494b7b-079febf8.jpg] Left lines: 10, Right lines: 10
[029ffd50-dc944dba.jpg] Left lines: 0, Right lines: 0
[029ffd50-dc944dba.jpg] Left lines: 8, Right lines: 9
[0464a98b-860229d5.jpg] Left lines: 0, Right lines: 0
[0464a98b-860229d5.jpg] Left lines: 0, Right lines: 25
[051aadb7-51aad566.jpg] Left lines: 0, Right lines: 0
[051aadb7-51aad566.jpg] Left lines: 9, Right lines: 0
[051aadb7-e953bc4d.jpg] Left lines: 0, Right lines: 0
[051aadb7-e953bc4d.jpg] Left lines: 15, Right lines: 15
[05743a9b-747658e7.jpg] Left lines: 0, Right lines: 0
[05743a9b-747658e7.jpg] Left lines: 2, Right lines: 34
[057af272-6f700aef.jpg] Left lines: 0, Right lines: 0
[057af272-6f700aef.jpg] Left lines: 17, Right lines: 11
[05d62296-30c620d5.jpg] Left lines: 0, Right lines: 0
[05d62296-30c620d5.jpg] Left lines: 7, Right lines: 2
[05e5a68e-f0e05a42.jpg] Left lines: 0, Right lines: 0
[05e5a68e-f0e05a42.jpg] Left lines: 10, Right lines: 4
[05fa6494-8f436d04.jpg] Left lines: 0, Right lines: 0
[05fa6494-8f436d04.jpg] Left lines: 15, Right lines: 28
[060039d9-5218402b.jpg] Left lines: 0, Right lines: 0
[060039d9-5218402b.jpg] Left lines: 34, Right lines: 8
[064aa0d6-f75ff4d5.jpg] Left lines: 0, Right lines: 0
[064aa0d6-f75ff4d5.jpg] Left lines: 9, Right lines: 8
[07de5062-ddddcbd7.jpg] Left lines: 0, Right lines: 0
[07de5062-ddddcbd7.jpg] Left lines: 3, Right lines: 1
[088351d1-30833ddc.jpg] Left lines: 0, Right lines: 0
[088351d1-30833ddc.jpg] Left lines: 16, Right lines: 9
[08a49c01-675d3899.jpg] Left lines: 0, Right lines: 0
[08a49c01-675d3899.jpg] Left lines: 21, Right lines: 14
[08d4285a-4a25b9b6.jpg] Left lines: 0, Right lines: 0
[08d4285a-4a25b9b6.jpg] Left lines: 0, Right lines: 14
[09ac21d6-eefa8ed0.jpg] Left lines: 0, Right lines: 0
[09ac21d6-eefa8ed0.jpg] Left lines: 6, Right lines: 20
[0a0a0b1a-7c39d841.jpg] Left lines: 0, Right lines: 0
[0a0a0b1a-7c39d841.jpg] Left lines: 5, Right lines: 13
[0af6039a-f3c91319.jpg] Left lines: 0, Right lines: 0
[0af6039a-f3c91319.jpg] Left lines: 22, Right lines: 6
[0b2f5d0d-8fddc1fc.jpg] Left lines: 0, Right lines: 0
[0b2f5d0d-8fddc1fc.jpg] Left lines: 21, Right lines: 15
[0b4225f9-bfb10f88.jpg] Left lines: 0, Right lines: 0
[0b4225f9-bfb10f88.jpg] Left lines: 11, Right lines: 4
[0ba08fe3-880ae118.jpg] Left lines: 0, Right lines: 0
[0ba08fe3-880ae118.jpg] Left lines: 5, Right lines: 25
[0c2f33b9-f94d69b5.jpg] Left lines: 0, Right lines: 0
[0c2f33b9-f94d69b5.jpg] Left lines: 26, Right lines: 12
[0c984e6d-2b5d7ee4.jpg] Left lines: 0, Right lines: 0
[0c984e6d-2b5d7ee4.jpg] Left lines: 6, Right lines: 5
[0cb67a01-7cf1687e.jpg] Left lines: 0, Right lines: 0
[0cb67a01-7cf1687e.jpg] Left lines: 12, Right lines: 0
[0cc6f3e8-b4c9e348.jpg] Left lines: 0, Right lines: 0
[0cc6f3e8-b4c9e348.jpg] Left lines: 14, Right lines: 52
[0cf398b3-ce65ab64.jpg] Left lines: 0, Right lines: 0
[0cf398b3-ce65ab64.jpg] Left lines: 7, Right lines: 4
[0d3ec56a-f4cead6f.jpg] Left lines: 0, Right lines: 0
[0d3ec56a-f4cead6f.jpg] Left lines: 12, Right lines: 20
[0d61234a-542010b2.jpg] Left lines: 0, Right lines: 0
[0d61234a-542010b2.jpg] Left lines: 16, Right lines: 14
[0e442b65-b17e0b50.jpg] Left lines: 0, Right lines: 0
[0e442b65-b17e0b50.jpg] Left lines: 9, Right lines: 2
[0e5c7e92-0d9c60f0.jpg] Left lines: 0, Right lines: 0
[0e5c7e92-0d9c60f0.jpg] Left lines: 11, Right lines: 0
[0f837def-9646c091.jpg] Left lines: 0, Right lines: 0
[0f837def-9646c091.jpg] Left lines: 14, Right lines: 6
[0fba84f9-73b520ee.jpg] Left lines: 0, Right lines: 0
[0fba84f9-73b520ee.jpg] Left lines: 16, Right lines: 12
[101a0964-930eae70.jpg] Left lines: 0, Right lines: 0
[101a0964-930eae70.jpg] Left lines: 7, Right lines: 14
[10389fe8-433c740c.jpg] Left lines: 0, Right lines: 0
[10389fe8-433c740c.jpg] Left lines: 77, Right lines: 1
[10453a95-40759ac3.jpg] Left lines: 0, Right lines: 0
[10453a95-40759ac3.jpg] Left lines: 6, Right lines: 12
[1072195f-0a161ade.jpg] Left lines: 0, Right lines: 0
[1072195f-0a161ade.jpg] Left lines: 14, Right lines: 12
[1072195f-6cf88b25.jpg] Left lines: 0, Right lines: 0
[1072195f-6cf88b25.jpg] Left lines: 0, Right lines: 13
[11513e3d-150058c3.jpg] Left lines: 0, Right lines: 0
[11513e3d-150058c3.jpg] Left lines: 12, Right lines: 12
[1189ae68-1a8ad3c6.jpg] Left lines: 0, Right lines: 0
[1189ae68-1a8ad3c6.jpg] Left lines: 14, Right lines: 3
[12076ebb-c07285d7.jpg] Left lines: 0, Right lines: 0
[12076ebb-c07285d7.jpg] Left lines: 5, Right lines: 13
[125134e5-7dfc45b9.jpg] Left lines: 0, Right lines: 0
[125134e5-7dfc45b9.jpg] Left lines: 13, Right lines: 0
[12ae9ab8-794f5adc.jpg] Left lines: 0, Right lines: 0
[12ae9ab8-794f5adc.jpg] Left lines: 14, Right lines: 13
[13f61134-50021e53.jpg] Left lines: 0, Right lines: 0
[13f61134-50021e53.jpg] Left lines: 0, Right lines: 2
[14eace5a-ddf3b303.jpg] Left lines: 0, Right lines: 0
[14eace5a-ddf3b303.jpg] Left lines: 26, Right lines: 2
[1608cfe7-32da2c5d.jpg] Left lines: 0, Right lines: 0
[1608cfe7-32da2c5d.jpg] Left lines: 10, Right lines: 10
[162995f1-d2c7d259.jpg] Left lines: 0, Right lines: 0
[162995f1-d2c7d259.jpg] Left lines: 15, Right lines: 7
[16b0973f-c07b564a.jpg] Left lines: 0, Right lines: 0
[16b0973f-c07b564a.jpg] Left lines: 15, Right lines: 4
[1784d67b-6b223914.jpg] Left lines: 0, Right lines: 0
[1784d67b-6b223914.jpg] Left lines: 10, Right lines: 14
[1784d67b-d76145ce.jpg] Left lines: 0, Right lines: 0
[1784d67b-d76145ce.jpg] Left lines: 9, Right lines: 9
[188c58f3-792afc71.jpg] Left lines: 0, Right lines: 0
[188c58f3-792afc71.jpg] Left lines: 6, Right lines: 23
[193f7f3b-84bc7998.jpg] Left lines: 0, Right lines: 0
[193f7f3b-84bc7998.jpg] Left lines: 1, Right lines: 5
[194058b0-ac0616a6.jpg] Left lines: 0, Right lines: 0
[194058b0-ac0616a6.jpg] Left lines: 18, Right lines: 10
[19e56249-09c4bbc6.jpg] Left lines: 0, Right lines: 0
[19e56249-09c4bbc6.jpg] Left lines: 5, Right lines: 1
[1a71faae-d5f255fd.jpg] Left lines: 0, Right lines: 0
[1a71faae-d5f255fd.jpg] Left lines: 16, Right lines: 2
[1a8992a7-da5a8510.jpg] Left lines: 0, Right lines: 0
[1a8992a7-da5a8510.jpg] Left lines: 2, Right lines: 2
[1ac0178c-0b259360.jpg] Left lines: 0, Right lines: 0
[1ac0178c-0b259360.jpg] Left lines: 0, Right lines: 6
[1b30f76f-95aa8a06.jpg] Left lines: 0, Right lines: 0
[1b30f76f-95aa8a06.jpg] Left lines: 11, Right lines: 7
[1bda5a26-420ceea6.jpg] Left lines: 0, Right lines: 0
[1bda5a26-420ceea6.jpg] Left lines: 16, Right lines: 1
[1bf7f3d2-15f95138.jpg] Left lines: 0, Right lines: 0
[1bf7f3d2-15f95138.jpg] Left lines: 15, Right lines: 15
[1c227a12-10e5552c.jpg] Left lines: 0, Right lines: 0
[1c227a12-10e5552c.jpg] Left lines: 6, Right lines: 16
[1c227a12-ec67af93.jpg] Left lines: 0, Right lines: 0
[1c227a12-ec67af93.jpg] Left lines: 14, Right lines: 2
[1c5e9657-2e2a2863.jpg] Left lines: 0, Right lines: 0
[1c5e9657-2e2a2863.jpg] Left lines: 2, Right lines: 7
[1cb2a89b-4594573e.jpg] Left lines: 0, Right lines: 0
[1cb2a89b-4594573e.jpg] Left lines: 9, Right lines: 13
[1cf54809-c6daa5a9.jpg] Left lines: 0, Right lines: 0
[1cf54809-c6daa5a9.jpg] Left lines: 8, Right lines: 19
[1d5e05f8-5020f67d.jpg] Left lines: 0, Right lines: 0
[1d5e05f8-5020f67d.jpg] Left lines: 41, Right lines: 9
[1e57ae90-806bc767.jpg] Left lines: 0, Right lines: 0
[1e57ae90-806bc767.jpg] Left lines: 2, Right lines: 28
[1f959fdd-6ff63d34.jpg] Left lines: 0, Right lines: 0
[1f959fdd-6ff63d34.jpg] Left lines: 2, Right lines: 11
[1fa65acf-d43367bc.jpg] Left lines: 0, Right lines: 0
[1fa65acf-d43367bc.jpg] Left lines: 18, Right lines: 0
[20cfadfa-47711496.jpg] Left lines: 0, Right lines: 0
[20cfadfa-47711496.jpg] Left lines: 18, Right lines: 13
[20cfadfa-6f87fdc1.jpg] Left lines: 0, Right lines: 0
[20cfadfa-6f87fdc1.jpg] Left lines: 22, Right lines: 32
[225a1858-0e3a4b04.jpg] Left lines: 0, Right lines: 0
[225a1858-0e3a4b04.jpg] Left lines: 2, Right lines: 0
[22be2f14-59fbdca0.jpg] Left lines: 0, Right lines: 0
[22be2f14-59fbdca0.jpg] Left lines: 9, Right lines: 17
[23333f35-0cbc3f0f.jpg] Left lines: 0, Right lines: 0
[23333f35-0cbc3f0f.jpg] Left lines: 4, Right lines: 0
[23df146f-64b50e4c.jpg] Left lines: 0, Right lines: 0
[23df146f-64b50e4c.jpg] Left lines: 24, Right lines: 20
[24392d7c-998011c2.jpg] Left lines: 0, Right lines: 0
[24392d7c-998011c2.jpg] Left lines: 11, Right lines: 0
[250e7595-b14da270.jpg] Left lines: 0, Right lines: 0
[250e7595-b14da270.jpg] Left lines: 7, Right lines: 10
[26190b83-39ccb412.jpg] Left lines: 0, Right lines: 0
[26190b83-39ccb412.jpg] Left lines: 0, Right lines: 31
[272d52f6-8aac36b3.jpg] Left lines: 0, Right lines: 0
[272d52f6-8aac36b3.jpg] Left lines: 13, Right lines: 0
[2752681a-e813599a.jpg] Left lines: 0, Right lines: 0
[2752681a-e813599a.jpg] Left lines: 9, Right lines: 5
[27645526-f038b033.jpg] Left lines: 0, Right lines: 0
[27645526-f038b033.jpg] Left lines: 62, Right lines: 2
[2773af6f-23e23a6b.jpg] Left lines: 0, Right lines: 0
[2773af6f-23e23a6b.jpg] Left lines: 14, Right lines: 5
[28faf684-03ef4c6e.jpg] Left lines: 0, Right lines: 0
[28faf684-03ef4c6e.jpg] Left lines: 13, Right lines: 12
[292720ee-d847ee69.jpg] Left lines: 0, Right lines: 0
[292720ee-d847ee69.jpg] Left lines: 9, Right lines: 8
[2b54fe2d-c5b810e6.jpg] Left lines: 0, Right lines: 0
[2b54fe2d-c5b810e6.jpg] Left lines: 22, Right lines: 15
[2b605c48-8dfe352b.jpg] Left lines: 0, Right lines: 0
[2b605c48-8dfe352b.jpg] Left lines: 20, Right lines: 35
[2beccce2-354608e2.jpg] Left lines: 0, Right lines: 0
[2beccce2-354608e2.jpg] Left lines: 29, Right lines: 16
[2c87e51d-aa7a8031.jpg] Left lines: 0, Right lines: 0
[2c87e51d-aa7a8031.jpg] Left lines: 22, Right lines: 0
[2ce0b449-e818dc97.jpg] Left lines: 0, Right lines: 0
[2ce0b449-e818dc97.jpg] Left lines: 4, Right lines: 0
[2cf976a2-479cd46b.jpg] Left lines: 0, Right lines: 0
[2cf976a2-479cd46b.jpg] Left lines: 6, Right lines: 10
[2e2fae77-b7497ca0.jpg] Left lines: 0, Right lines: 0
[2e2fae77-b7497ca0.jpg] Left lines: 2, Right lines: 3
[2ead8042-2493c03f.jpg] Left lines: 0, Right lines: 0
[2ead8042-2493c03f.jpg] Left lines: 6, Right lines: 8
[2f1864c1-1a17d11c.jpg] Left lines: 0, Right lines: 0
[2f1864c1-1a17d11c.jpg] Left lines: 14, Right lines: 2
[2f879dc0-b09e4824.jpg] Left lines: 0, Right lines: 0
[2f879dc0-b09e4824.jpg] Left lines: 10, Right lines: 15
[2fc9ad1e-ee4c9e43.jpg] Left lines: 0, Right lines: 0
[2fc9ad1e-ee4c9e43.jpg] Left lines: 19, Right lines: 4
[3050b249-0ffbd6ec.jpg] Left lines: 0, Right lines: 0
[3050b249-0ffbd6ec.jpg] Left lines: 6, Right lines: 0
[314cc010-3eab5c90.jpg] Left lines: 0, Right lines: 0
[314cc010-3eab5c90.jpg] Left lines: 7, Right lines: 16
[31765c6b-90b0d612.jpg] Left lines: 0, Right lines: 0
[31765c6b-90b0d612.jpg] Left lines: 11, Right lines: 2
[31cf6eba-5c84c636.jpg] Left lines: 0, Right lines: 0
[31cf6eba-5c84c636.jpg] Left lines: 10, Right lines: 7
[32de2244-122f1783.jpg] Left lines: 0, Right lines: 0
[32de2244-122f1783.jpg] Left lines: 6, Right lines: 14
[33420085-32996107.jpg] Left lines: 0, Right lines: 0
[33420085-32996107.jpg] Left lines: 36, Right lines: 16
[3430a5e6-00ec38d2.jpg] Left lines: 0, Right lines: 0
[3430a5e6-00ec38d2.jpg] Left lines: 9, Right lines: 10
[35eb46d0-8f7e28a0.jpg] Left lines: 0, Right lines: 0
[35eb46d0-8f7e28a0.jpg] Left lines: 14, Right lines: 15
[3735fc3d-69d8b80c.jpg] Left lines: 0, Right lines: 0
[3735fc3d-69d8b80c.jpg] Left lines: 2, Right lines: 2
[3740cd4f-ff1d423d.jpg] Left lines: 0, Right lines: 0
[3740cd4f-ff1d423d.jpg] Left lines: 4, Right lines: 11
[375abba2-9f2ed56c.jpg] Left lines: 0, Right lines: 0
[375abba2-9f2ed56c.jpg] Left lines: 14, Right lines: 15
[37723e55-31730cf5.jpg] Left lines: 0, Right lines: 0
[37723e55-31730cf5.jpg] Left lines: 3, Right lines: 10
[380a3f8e-ba4f0def.jpg] Left lines: 0, Right lines: 0
[380a3f8e-ba4f0def.jpg] Left lines: 16, Right lines: 10
[385b0f61-1aee12ef.jpg] Left lines: 0, Right lines: 0
[385b0f61-1aee12ef.jpg] Left lines: 3, Right lines: 3
[3865fea7-b4fe472d.jpg] Left lines: 0, Right lines: 0
[3865fea7-b4fe472d.jpg] Left lines: 13, Right lines: 20
[38e561dd-8ea8ae2d.jpg] Left lines: 0, Right lines: 0
[38e561dd-8ea8ae2d.jpg] Left lines: 15, Right lines: 14
[38ed8d8d-93c48de2.jpg] Left lines: 0, Right lines: 0
[38ed8d8d-93c48de2.jpg] Left lines: 13, Right lines: 1
[38ed8d8d-b1c230ef.jpg] Left lines: 0, Right lines: 0
[38ed8d8d-b1c230ef.jpg] Left lines: 5, Right lines: 4
[38ed8d8d-fa50400c.jpg] Left lines: 0, Right lines: 0
[38ed8d8d-fa50400c.jpg] Left lines: 9, Right lines: 32
[3900ad8c-8834019f.jpg] Left lines: 0, Right lines: 0
[3900ad8c-8834019f.jpg] Left lines: 0, Right lines: 4
[39ddb110-04604b9c.jpg] Left lines: 0, Right lines: 0
[39ddb110-04604b9c.jpg] Left lines: 1, Right lines: 11
[39fc6d1c-6155351d.jpg] Left lines: 0, Right lines: 0
[39fc6d1c-6155351d.jpg] Left lines: 1, Right lines: 14
[3a278d39-b92df256.jpg] Left lines: 0, Right lines: 0
[3a278d39-b92df256.jpg] Left lines: 15, Right lines: 9
[3a3407a2-df8ea956.jpg] Left lines: 0, Right lines: 0
[3a3407a2-df8ea956.jpg] Left lines: 12, Right lines: 0
[3ad0c4a7-2a3d544e.jpg] Left lines: 0, Right lines: 0
[3ad0c4a7-2a3d544e.jpg] Left lines: 2, Right lines: 5
[3b1e1bc1-ee64e36e.jpg] Left lines: 0, Right lines: 0
[3b1e1bc1-ee64e36e.jpg] Left lines: 8, Right lines: 4
[3b44ef5a-c09e8479.jpg] Left lines: 0, Right lines: 0
[3b44ef5a-c09e8479.jpg] Left lines: 36, Right lines: 0
[3b563c5e-0102edaf.jpg] Left lines: 0, Right lines: 0
[3b563c5e-0102edaf.jpg] Left lines: 10, Right lines: 16
[3b9716a6-d2566395.jpg] Left lines: 0, Right lines: 0
[3b9716a6-d2566395.jpg] Left lines: 29, Right lines: 9
[3c0bbdc2-79baffce.jpg] Left lines: 0, Right lines: 0
[3c0bbdc2-79baffce.jpg] Left lines: 13, Right lines: 7
[3c5752b6-9c0bdf98.jpg] Left lines: 0, Right lines: 0
[3c5752b6-9c0bdf98.jpg] Left lines: 3, Right lines: 5
[3c95ae26-68abac3f.jpg] Left lines: 0, Right lines: 0
[3c95ae26-68abac3f.jpg] Left lines: 0, Right lines: 6
[3e0f1745-a95a63ad.jpg] Left lines: 0, Right lines: 0
[3e0f1745-a95a63ad.jpg] Left lines: 4, Right lines: 22
[3f4eb6a6-9eee52f9.jpg] Left lines: 0, Right lines: 0
[3f4eb6a6-9eee52f9.jpg] Left lines: 16, Right lines: 8
[3f85a987-1ef4053b.jpg] Left lines: 0, Right lines: 0
[3f85a987-1ef4053b.jpg] Left lines: 2, Right lines: 5
[3fe1feaa-10126fec.jpg] Left lines: 0, Right lines: 0
[3fe1feaa-10126fec.jpg] Left lines: 3, Right lines: 5
[3ffdaa26-b394f6f8.jpg] Left lines: 0, Right lines: 0
[3ffdaa26-b394f6f8.jpg] Left lines: 0, Right lines: 23
[4027c10d-41d54e9b.jpg] Left lines: 0, Right lines: 0
[4027c10d-41d54e9b.jpg] Left lines: 8, Right lines: 6
[428e99ea-4166e549.jpg] Left lines: 0, Right lines: 0
[428e99ea-4166e549.jpg] Left lines: 18, Right lines: 4
[42e0dd11-74b81997.jpg] Left lines: 0, Right lines: 0
[42e0dd11-74b81997.jpg] Left lines: 0, Right lines: 13
[430395d1-931c959e.jpg] Left lines: 0, Right lines: 0
[430395d1-931c959e.jpg] Left lines: 17, Right lines: 2
[43126e0d-495d04a5.jpg] Left lines: 0, Right lines: 0
[43126e0d-495d04a5.jpg] Left lines: 7, Right lines: 5
[43126e0d-cce96832.jpg] Left lines: 0, Right lines: 0
[43126e0d-cce96832.jpg] Left lines: 27, Right lines: 15
[432f9e20-83a0d96c.jpg] Left lines: 0, Right lines: 0
[432f9e20-83a0d96c.jpg] Left lines: 16, Right lines: 13
[43c7ed5c-b0690325.jpg] Left lines: 0, Right lines: 0
[43c7ed5c-b0690325.jpg] Left lines: 1, Right lines: 5
[44cc16d9-d2e06fd6.jpg] Left lines: 0, Right lines: 0
[44cc16d9-d2e06fd6.jpg] Left lines: 0, Right lines: 5
[45bafa98-1ee18a2f.jpg] Left lines: 0, Right lines: 0
[45bafa98-1ee18a2f.jpg] Left lines: 0, Right lines: 5
[46d048a1-8f7f385c.jpg] Left lines: 0, Right lines: 0
[46d048a1-8f7f385c.jpg] Left lines: 3, Right lines: 10
[46f76df9-8bf77914.jpg] Left lines: 0, Right lines: 0
[46f76df9-8bf77914.jpg] Left lines: 10, Right lines: 16
[480263a0-5aad7ae9.jpg] Left lines: 0, Right lines: 0
[480263a0-5aad7ae9.jpg] Left lines: 3, Right lines: 52
[488480d6-b94cf415.jpg] Left lines: 0, Right lines: 0
[488480d6-b94cf415.jpg] Left lines: 1, Right lines: 18
[48ed707e-5062e4c3.jpg] Left lines: 0, Right lines: 0
[48ed707e-5062e4c3.jpg] Left lines: 5, Right lines: 0
[4a289ff2-7da7feb6.jpg] Left lines: 0, Right lines: 0
[4a289ff2-7da7feb6.jpg] Left lines: 0, Right lines: 0
[4a31f3e3-ac7ed780.jpg] Left lines: 0, Right lines: 0
[4a31f3e3-ac7ed780.jpg] Left lines: 21, Right lines: 0
[4b2e1dde-65b54419.jpg] Left lines: 0, Right lines: 0
[4b2e1dde-65b54419.jpg] Left lines: 5, Right lines: 11
[4d4a590b-4332c5ab.jpg] Left lines: 0, Right lines: 0
[4d4a590b-4332c5ab.jpg] Left lines: 18, Right lines: 11
[5069db50-52f5af30.jpg] Left lines: 0, Right lines: 0
[5069db50-52f5af30.jpg] Left lines: 17, Right lines: 0
[50866f46-30d1f303.jpg] Left lines: 0, Right lines: 0
[50866f46-30d1f303.jpg] Left lines: 11, Right lines: 17
[50b115d6-4b08a666.jpg] Left lines: 0, Right lines: 0
[50b115d6-4b08a666.jpg] Left lines: 12, Right lines: 8
[50b2e757-6c7d0f63.jpg] Left lines: 0, Right lines: 0
[50b2e757-6c7d0f63.jpg] Left lines: 15, Right lines: 12
[50d0fd05-8db58ebd.jpg] Left lines: 0, Right lines: 0
[50d0fd05-8db58ebd.jpg] Left lines: 3, Right lines: 7
[510671e9-603795e0.jpg] Left lines: 0, Right lines: 0
[510671e9-603795e0.jpg] Left lines: 12, Right lines: 28
[514a6d58-0790e0cd.jpg] Left lines: 0, Right lines: 0
[514a6d58-0790e0cd.jpg] Left lines: 12, Right lines: 14
[5150bb50-300d52ce.jpg] Left lines: 0, Right lines: 0
[5150bb50-300d52ce.jpg] Left lines: 11, Right lines: 26
[52799e9e-8c8673f3.jpg] Left lines: 0, Right lines: 0
[52799e9e-8c8673f3.jpg] Left lines: 8, Right lines: 8
[52bda346-fd8ac6e7.jpg] Left lines: 0, Right lines: 0
[52bda346-fd8ac6e7.jpg] Left lines: 5, Right lines: 23
[534418ba-ee05398f.jpg] Left lines: 0, Right lines: 0
[534418ba-ee05398f.jpg] Left lines: 11, Right lines: 12
[54360b72-e00a3f70.jpg] Left lines: 0, Right lines: 0
[54360b72-e00a3f70.jpg] Left lines: 13, Right lines: 35
[554d7cd5-a32486dd.jpg] Left lines: 0, Right lines: 0
[554d7cd5-a32486dd.jpg] Left lines: 10, Right lines: 15
[559fed19-7893646f.jpg] Left lines: 0, Right lines: 0
[559fed19-7893646f.jpg] Left lines: 3, Right lines: 11
[57165857-e4d4a47f.jpg] Left lines: 0, Right lines: 0
[57165857-e4d4a47f.jpg] Left lines: 1, Right lines: 3
[5795bfe7-a599384a.jpg] Left lines: 0, Right lines: 0
[5795bfe7-a599384a.jpg] Left lines: 6, Right lines: 4
[57ac74e2-e86131f1.jpg] Left lines: 0, Right lines: 0
[57ac74e2-e86131f1.jpg] Left lines: 2, Right lines: 105
[57b495f2-6da6b1e5.jpg] Left lines: 0, Right lines: 0
[57b495f2-6da6b1e5.jpg] Left lines: 4, Right lines: 1
[585443c8-2621a6b1.jpg] Left lines: 0, Right lines: 0
[585443c8-2621a6b1.jpg] Left lines: 8, Right lines: 9
[5877b384-2545daf4.jpg] Left lines: 0, Right lines: 0
[5877b384-2545daf4.jpg] Left lines: 14, Right lines: 4
[587bb1bf-1aa00fe5.jpg] Left lines: 0, Right lines: 0
[587bb1bf-1aa00fe5.jpg] Left lines: 25, Right lines: 21
[5995c288-2d152172.jpg] Left lines: 0, Right lines: 0
[5995c288-2d152172.jpg] Left lines: 14, Right lines: 0
[59cde7c7-344bffb1.jpg] Left lines: 0, Right lines: 0
[59cde7c7-344bffb1.jpg] Left lines: 0, Right lines: 5
[5a8f9b5d-1fdfd2d4.jpg] Left lines: 0, Right lines: 0
[5a8f9b5d-1fdfd2d4.jpg] Left lines: 18, Right lines: 15
[5ae83f9c-da990b49.jpg] Left lines: 0, Right lines: 0
[5ae83f9c-da990b49.jpg] Left lines: 11, Right lines: 41
[5b2b4881-67a6cb87.jpg] Left lines: 0, Right lines: 0
[5b2b4881-67a6cb87.jpg] Left lines: 3, Right lines: 1
[5b2fd56a-37759b05.jpg] Left lines: 0, Right lines: 0
[5b2fd56a-37759b05.jpg] Left lines: 14, Right lines: 9
[5b4b0b07-2fb56b82.jpg] Left lines: 0, Right lines: 0
[5b4b0b07-2fb56b82.jpg] Left lines: 13, Right lines: 20
[5bc44a50-c371c4d0.jpg] Left lines: 0, Right lines: 0
[5bc44a50-c371c4d0.jpg] Left lines: 12, Right lines: 5
[5c4004b7-bf3b7941.jpg] Left lines: 0, Right lines: 0
[5c4004b7-bf3b7941.jpg] Left lines: 13, Right lines: 9
[5c534f5f-a76c7f4b.jpg] Left lines: 0, Right lines: 0
[5c534f5f-a76c7f4b.jpg] Left lines: 12, Right lines: 5
[5c5dc708-35460444.jpg] Left lines: 0, Right lines: 0
[5c5dc708-35460444.jpg] Left lines: 4, Right lines: 9
[5da6c6b6-76c54605.jpg] Left lines: 0, Right lines: 0
[5da6c6b6-76c54605.jpg] Left lines: 3, Right lines: 9
[5dc5141c-5890b5b1.jpg] Left lines: 0, Right lines: 0
[5dc5141c-5890b5b1.jpg] Left lines: 0, Right lines: 9
[5dd831da-bd00cf03.jpg] Left lines: 0, Right lines: 0
[5dd831da-bd00cf03.jpg] Left lines: 11, Right lines: 22
[5dfb063f-7bd23d5c.jpg] Left lines: 0, Right lines: 0
[5dfb063f-7bd23d5c.jpg] Left lines: 9, Right lines: 7
[5e0b701e-d443d8c2.jpg] Left lines: 0, Right lines: 0
[5e0b701e-d443d8c2.jpg] Left lines: 6, Right lines: 5
[5e26f49d-0bc53c7e.jpg] Left lines: 0, Right lines: 0
[5e26f49d-0bc53c7e.jpg] Left lines: 25, Right lines: 1
[5e26f49d-9271bf00.jpg] Left lines: 0, Right lines: 0
[5e26f49d-9271bf00.jpg] Left lines: 1, Right lines: 13
[5e625ec3-7b4fc682.jpg] Left lines: 0, Right lines: 0
[5e625ec3-7b4fc682.jpg] Left lines: 15, Right lines: 16
[5f9387ff-330136ae.jpg] Left lines: 0, Right lines: 0
[5f9387ff-330136ae.jpg] Left lines: 2, Right lines: 3
[5fa17a25-88b8e6b9.jpg] Left lines: 0, Right lines: 0
[5fa17a25-88b8e6b9.jpg] Left lines: 20, Right lines: 10
[5fa422e1-2d8dd765.jpg] Left lines: 0, Right lines: 0
[5fa422e1-2d8dd765.jpg] Left lines: 41, Right lines: 3
[5fb2a702-f56a339c.jpg] Left lines: 0, Right lines: 0
[5fb2a702-f56a339c.jpg] Left lines: 12, Right lines: 6
[6011831b-0992e205.jpg] Left lines: 0, Right lines: 0
[6011831b-0992e205.jpg] Left lines: 8, Right lines: 3
[60137cc0-428b8f5b.jpg] Left lines: 0, Right lines: 0
[60137cc0-428b8f5b.jpg] Left lines: 13, Right lines: 5
[604b5b3e-3c2e6b6b.jpg] Left lines: 0, Right lines: 0
[604b5b3e-3c2e6b6b.jpg] Left lines: 12, Right lines: 10
[6092f5a2-424550ba.jpg] Left lines: 0, Right lines: 0
[6092f5a2-424550ba.jpg] Left lines: 11, Right lines: 13
[60ba25dd-6c0df417.jpg] Left lines: 0, Right lines: 0
[60ba25dd-6c0df417.jpg] Left lines: 4, Right lines: 8
[60c678e7-4813ae0f.jpg] Left lines: 0, Right lines: 0
[60c678e7-4813ae0f.jpg] Left lines: 13, Right lines: 0
[614ecada-16b0f8b6.jpg] Left lines: 0, Right lines: 0
[614ecada-16b0f8b6.jpg] Left lines: 13, Right lines: 24
[61e4ad87-53ceb455.jpg] Left lines: 0, Right lines: 0
[61e4ad87-53ceb455.jpg] Left lines: 31, Right lines: 9
[6240d7b3-b51b5788.jpg] Left lines: 0, Right lines: 0
[6240d7b3-b51b5788.jpg] Left lines: 4, Right lines: 10
[62aefb36-b685117f.jpg] Left lines: 0, Right lines: 0
[62aefb36-b685117f.jpg] Left lines: 14, Right lines: 17
[634c1785-3bb9a8a2.jpg] Left lines: 0, Right lines: 0
[634c1785-3bb9a8a2.jpg] Left lines: 9, Right lines: 0
[634c1785-aeb1652f.jpg] Left lines: 0, Right lines: 0
[634c1785-aeb1652f.jpg] Left lines: 23, Right lines: 12
[63f73472-028615f1.jpg] Left lines: 0, Right lines: 0
[63f73472-028615f1.jpg] Left lines: 22, Right lines: 15
[6485ad0a-245d1600.jpg] Left lines: 0, Right lines: 0
[6485ad0a-245d1600.jpg] Left lines: 25, Right lines: 10
[648dc925-e359dbec.jpg] Left lines: 0, Right lines: 0
[648dc925-e359dbec.jpg] Left lines: 20, Right lines: 4
[65edc5a1-f309fed7.jpg] Left lines: 0, Right lines: 0
[65edc5a1-f309fed7.jpg] Left lines: 5, Right lines: 3
[661381d9-1114a810.jpg] Left lines: 0, Right lines: 0
[661381d9-1114a810.jpg] Left lines: 18, Right lines: 5
[664cb246-f84cfaf4.jpg] Left lines: 0, Right lines: 0
[664cb246-f84cfaf4.jpg] Left lines: 22, Right lines: 14
[675cf8fa-4b1ce8b9.jpg] Left lines: 0, Right lines: 0
[675cf8fa-4b1ce8b9.jpg] Left lines: 22, Right lines: 9
[67faeadf-eb09a636.jpg] Left lines: 0, Right lines: 0
[67faeadf-eb09a636.jpg] Left lines: 8, Right lines: 0
[691be377-5dbc29ee.jpg] Left lines: 0, Right lines: 0
[691be377-5dbc29ee.jpg] Left lines: 7, Right lines: 6
[692f1303-05178963.jpg] Left lines: 0, Right lines: 0
[692f1303-05178963.jpg] Left lines: 1, Right lines: 3
[692f9b08-bdbbd729.jpg] Left lines: 0, Right lines: 0
[692f9b08-bdbbd729.jpg] Left lines: 29, Right lines: 7
[69bfbe31-5ee2a642.jpg] Left lines: 0, Right lines: 0
[69bfbe31-5ee2a642.jpg] Left lines: 27, Right lines: 13
[69cf7667-68f59649.jpg] Left lines: 0, Right lines: 0
[69cf7667-68f59649.jpg] Left lines: 10, Right lines: 8
[69cf7667-7eb40860.jpg] Left lines: 0, Right lines: 0
[69cf7667-7eb40860.jpg] Left lines: 19, Right lines: 8
[6a44fb9a-05a3dd18.jpg] Left lines: 0, Right lines: 0
[6a44fb9a-05a3dd18.jpg] Left lines: 18, Right lines: 11
[6a793e80-4f5e207f.jpg] Left lines: 0, Right lines: 0
[6a793e80-4f5e207f.jpg] Left lines: 12, Right lines: 2
[6a82c0d6-b31f6b90.jpg] Left lines: 0, Right lines: 0
[6a82c0d6-b31f6b90.jpg] Left lines: 1, Right lines: 8
[6a8d218d-14e4fa28.jpg] Left lines: 0, Right lines: 0
[6a8d218d-14e4fa28.jpg] Left lines: 0, Right lines: 1
[6ad110c3-789e7724.jpg] Left lines: 0, Right lines: 0
[6ad110c3-789e7724.jpg] Left lines: 30, Right lines: 11
[6b15392a-3a1699fd.jpg] Left lines: 0, Right lines: 0
[6b15392a-3a1699fd.jpg] Left lines: 18, Right lines: 17
[6b784eee-0a5a2c89.jpg] Left lines: 0, Right lines: 0
[6b784eee-0a5a2c89.jpg] Left lines: 33, Right lines: 0
[6bb5a881-15e5c2c4.jpg] Left lines: 0, Right lines: 0
[6bb5a881-15e5c2c4.jpg] Left lines: 6, Right lines: 0
[6bd41587-d65ba5b4.jpg] Left lines: 0, Right lines: 0
[6bd41587-d65ba5b4.jpg] Left lines: 5, Right lines: 4
[6d0d7bef-fb11b6e1.jpg] Left lines: 0, Right lines: 0
[6d0d7bef-fb11b6e1.jpg] Left lines: 6, Right lines: 12
[6d57736c-a35808b9.jpg] Left lines: 0, Right lines: 0
[6d57736c-a35808b9.jpg] Left lines: 10, Right lines: 6
[6d8a6d94-00a7ad92.jpg] Left lines: 0, Right lines: 0
[6d8a6d94-00a7ad92.jpg] Left lines: 6, Right lines: 5
[6eeed3fa-87a1b0c9.jpg] Left lines: 0, Right lines: 0
[6eeed3fa-87a1b0c9.jpg] Left lines: 6, Right lines: 12
[701992bd-8a457895.jpg] Left lines: 0, Right lines: 0
[701992bd-8a457895.jpg] Left lines: 14, Right lines: 15
[7171644d-4e74752e.jpg] Left lines: 0, Right lines: 0
[7171644d-4e74752e.jpg] Left lines: 6, Right lines: 24
[7171644d-ee92c71e.jpg] Left lines: 0, Right lines: 0
[7171644d-ee92c71e.jpg] Left lines: 15, Right lines: 18
[72f22fa5-8af4615c.jpg] Left lines: 0, Right lines: 0
[72f22fa5-8af4615c.jpg] Left lines: 32, Right lines: 15
[72fd00fe-aeadfc89.jpg] Left lines: 0, Right lines: 0
[72fd00fe-aeadfc89.jpg] Left lines: 6, Right lines: 15
[730c67a5-563e9b1f.jpg] Left lines: 0, Right lines: 0
[730c67a5-563e9b1f.jpg] Left lines: 0, Right lines: 0
[738a2bcd-7a6fde0d.jpg] Left lines: 0, Right lines: 0
[738a2bcd-7a6fde0d.jpg] Left lines: 3, Right lines: 6
[73aff960-d46366ec.jpg] Left lines: 0, Right lines: 0
[73aff960-d46366ec.jpg] Left lines: 4, Right lines: 6
[73d338d6-edf0b3db.jpg] Left lines: 0, Right lines: 0
[73d338d6-edf0b3db.jpg] Left lines: 10, Right lines: 35
[75ad1fff-77299093.jpg] Left lines: 0, Right lines: 0
[75ad1fff-77299093.jpg] Left lines: 11, Right lines: 5
[75f5f52c-6b67e736.jpg] Left lines: 0, Right lines: 0
[75f5f52c-6b67e736.jpg] Left lines: 6, Right lines: 6
[777005a8-14c739ad.jpg] Left lines: 0, Right lines: 0
[777005a8-14c739ad.jpg] Left lines: 14, Right lines: 4
[7771e03b-832e52c0.jpg] Left lines: 0, Right lines: 0
[7771e03b-832e52c0.jpg] Left lines: 0, Right lines: 9
[7771e03b-a8f9d50c.jpg] Left lines: 0, Right lines: 0
[7771e03b-a8f9d50c.jpg] Left lines: 20, Right lines: 11
[7797fea2-c37f9856.jpg] Left lines: 0, Right lines: 0
[7797fea2-c37f9856.jpg] Left lines: 7, Right lines: 15
[77bdbeb0-edb0613f.jpg] Left lines: 0, Right lines: 0
[77bdbeb0-edb0613f.jpg] Left lines: 11, Right lines: 11
[77dca577-16a39ea0.jpg] Left lines: 0, Right lines: 0
[77dca577-16a39ea0.jpg] Left lines: 8, Right lines: 9
[77f810c4-43a39c1f.jpg] Left lines: 0, Right lines: 0
[77f810c4-43a39c1f.jpg] Left lines: 4, Right lines: 0
[7814206e-8e991d51.jpg] Left lines: 0, Right lines: 0
[7814206e-8e991d51.jpg] Left lines: 13, Right lines: 8
[7814206e-ea2508d0.jpg] Left lines: 0, Right lines: 0
[7814206e-ea2508d0.jpg] Left lines: 7, Right lines: 8
[79e177bc-4d5d3acc.jpg] Left lines: 0, Right lines: 0
[79e177bc-4d5d3acc.jpg] Left lines: 23, Right lines: 15
[7aa4ff0f-9d28d8a4.jpg] Left lines: 0, Right lines: 0
[7aa4ff0f-9d28d8a4.jpg] Left lines: 4, Right lines: 58
[7ad1174c-373265eb.jpg] Left lines: 0, Right lines: 0
[7ad1174c-373265eb.jpg] Left lines: 0, Right lines: 0
[7b268b98-e0ec16c3.jpg] Left lines: 0, Right lines: 0
[7b268b98-e0ec16c3.jpg] Left lines: 6, Right lines: 3
[7c5a2048-332896ea.jpg] Left lines: 0, Right lines: 0
[7c5a2048-332896ea.jpg] Left lines: 12, Right lines: 7
[7c5d50c5-7292de37.jpg] Left lines: 0, Right lines: 0
[7c5d50c5-7292de37.jpg] Left lines: 7, Right lines: 13
[7d1fe115-936a2f47.jpg] Left lines: 0, Right lines: 0
[7d1fe115-936a2f47.jpg] Left lines: 7, Right lines: 12
[7dc2914d-a20a969a.jpg] Left lines: 0, Right lines: 0
[7dc2914d-a20a969a.jpg] Left lines: 15, Right lines: 4
[7e4ab78b-4a62c63e.jpg] Left lines: 0, Right lines: 0
[7e4ab78b-4a62c63e.jpg] Left lines: 7, Right lines: 5
[7e590c49-93f03732.jpg] Left lines: 0, Right lines: 0
[7e590c49-93f03732.jpg] Left lines: 2, Right lines: 4
[7ed57d0a-d7bcc13d.jpg] Left lines: 0, Right lines: 0
[7ed57d0a-d7bcc13d.jpg] Left lines: 5, Right lines: 4
[7f0ef682-c93899df.jpg] Left lines: 0, Right lines: 0
[7f0ef682-c93899df.jpg] Left lines: 1, Right lines: 25
[7f4ac354-777de900.jpg] Left lines: 0, Right lines: 0
[7f4ac354-777de900.jpg] Left lines: 10, Right lines: 7
[7f9bdf0d-c0e0061f.jpg] Left lines: 0, Right lines: 0
[7f9bdf0d-c0e0061f.jpg] Left lines: 24, Right lines: 0
[7fd14da9-a855494b.jpg] Left lines: 0, Right lines: 0
[7fd14da9-a855494b.jpg] Left lines: 24, Right lines: 21
[801bff84-a72998c7.jpg] Left lines: 0, Right lines: 0
[801bff84-a72998c7.jpg] Left lines: 34, Right lines: 35
[8073de38-f7eab6ec.jpg] Left lines: 0, Right lines: 0
[8073de38-f7eab6ec.jpg] Left lines: 17, Right lines: 23
[8082ea05-1a7bcd47.jpg] Left lines: 0, Right lines: 0
[8082ea05-1a7bcd47.jpg] Left lines: 6, Right lines: 23
[80ecebc0-ca9605f4.jpg] Left lines: 0, Right lines: 0
[80ecebc0-ca9605f4.jpg] Left lines: 2, Right lines: 0
[81ec3b39-1951f79e.jpg] Left lines: 0, Right lines: 0
[81ec3b39-1951f79e.jpg] Left lines: 15, Right lines: 10
[82b14c0c-79b99258.jpg] Left lines: 0, Right lines: 0
[82b14c0c-79b99258.jpg] Left lines: 15, Right lines: 14
[82b5fc3b-90cadd1b.jpg] Left lines: 0, Right lines: 0
[82b5fc3b-90cadd1b.jpg] Left lines: 6, Right lines: 15
[82f03471-8e304dd5.jpg] Left lines: 0, Right lines: 0
[82f03471-8e304dd5.jpg] Left lines: 6, Right lines: 15
[836fa13a-d6058a12.jpg] Left lines: 0, Right lines: 0
[836fa13a-d6058a12.jpg] Left lines: 19, Right lines: 5
[84fb3f59-7d5d1fa4.jpg] Left lines: 0, Right lines: 0
[84fb3f59-7d5d1fa4.jpg] Left lines: 5, Right lines: 19
[8542b4da-7795bcfd.jpg] Left lines: 0, Right lines: 0
[8542b4da-7795bcfd.jpg] Left lines: 6, Right lines: 18
[85f3f250-1fef85ac.jpg] Left lines: 0, Right lines: 0
[85f3f250-1fef85ac.jpg] Left lines: 11, Right lines: 0
[87ca2979-d5158824.jpg] Left lines: 0, Right lines: 0
[87ca2979-d5158824.jpg] Left lines: 7, Right lines: 5
[889b7dda-77f16103.jpg] Left lines: 0, Right lines: 0
[889b7dda-77f16103.jpg] Left lines: 1, Right lines: 12
[88dbf01a-d8b35dee.jpg] Left lines: 0, Right lines: 0
[88dbf01a-d8b35dee.jpg] Left lines: 11, Right lines: 4
[897223bc-6938f1ab.jpg] Left lines: 0, Right lines: 0
[897223bc-6938f1ab.jpg] Left lines: 13, Right lines: 2
[89b7454d-880eacbd.jpg] Left lines: 0, Right lines: 0
[89b7454d-880eacbd.jpg] Left lines: 0, Right lines: 1
[89e85e71-7dd0a7b6.jpg] Left lines: 0, Right lines: 0
[89e85e71-7dd0a7b6.jpg] Left lines: 20, Right lines: 56
[8a4fbffe-47866ce9.jpg] Left lines: 0, Right lines: 0
[8a4fbffe-47866ce9.jpg] Left lines: 5, Right lines: 7
[8a76c101-8bcefc32.jpg] Left lines: 0, Right lines: 0
[8a76c101-8bcefc32.jpg] Left lines: 0, Right lines: 14
[8b7ef6c4-6bbcf25f.jpg] Left lines: 0, Right lines: 0
[8b7ef6c4-6bbcf25f.jpg] Left lines: 12, Right lines: 14
[8bac644e-e0437ead.jpg] Left lines: 0, Right lines: 0
[8bac644e-e0437ead.jpg] Left lines: 1, Right lines: 3
[8c94c649-8ba62efa.jpg] Left lines: 0, Right lines: 0
[8c94c649-8ba62efa.jpg] Left lines: 2, Right lines: 0
[8c9bbaa9-34934b66.jpg] Left lines: 0, Right lines: 0
[8c9bbaa9-34934b66.jpg] Left lines: 9, Right lines: 14
[degraded] low_light level_8 (300 images)
[0049e5b8-725e21a0.jpg] Left lines: 0, Right lines: 0
[0049e5b8-725e21a0.jpg] Left lines: 12, Right lines: 11
[0081e27b-17bf4a9e.jpg] Left lines: 0, Right lines: 0
[0081e27b-17bf4a9e.jpg] Left lines: 5, Right lines: 13
[00beeb02-50440dcd.jpg] Left lines: 0, Right lines: 0
[00beeb02-50440dcd.jpg] Left lines: 2, Right lines: 3
[00d4b6b7-7d0a60bf.jpg] Left lines: 0, Right lines: 0
[00d4b6b7-7d0a60bf.jpg] Left lines: 2, Right lines: 0
[01118704-2d838d7f.jpg] Left lines: 0, Right lines: 0
[01118704-2d838d7f.jpg] Left lines: 6, Right lines: 9
[0115917e-14907a6a.jpg] Left lines: 0, Right lines: 0
[0115917e-14907a6a.jpg] Left lines: 14, Right lines: 13
[02188a44-65ad27f3.jpg] Left lines: 0, Right lines: 0
[02188a44-65ad27f3.jpg] Left lines: 33, Right lines: 0
[02494b7b-079febf8.jpg] Left lines: 0, Right lines: 0
[02494b7b-079febf8.jpg] Left lines: 5, Right lines: 10
[029ffd50-dc944dba.jpg] Left lines: 0, Right lines: 0
[029ffd50-dc944dba.jpg] Left lines: 0, Right lines: 9
[0464a98b-860229d5.jpg] Left lines: 0, Right lines: 0
[0464a98b-860229d5.jpg] Left lines: 0, Right lines: 20
[051aadb7-51aad566.jpg] Left lines: 0, Right lines: 0
[051aadb7-51aad566.jpg] Left lines: 4, Right lines: 0
[051aadb7-e953bc4d.jpg] Left lines: 0, Right lines: 0
[051aadb7-e953bc4d.jpg] Left lines: 6, Right lines: 7
[05743a9b-747658e7.jpg] Left lines: 0, Right lines: 0
[05743a9b-747658e7.jpg] Left lines: 0, Right lines: 10
[057af272-6f700aef.jpg] Left lines: 0, Right lines: 0
[057af272-6f700aef.jpg] Left lines: 7, Right lines: 12
[05d62296-30c620d5.jpg] Left lines: 0, Right lines: 0
[05d62296-30c620d5.jpg] Left lines: 9, Right lines: 0
[05e5a68e-f0e05a42.jpg] Left lines: 0, Right lines: 0
[05e5a68e-f0e05a42.jpg] Left lines: 0, Right lines: 5
[05fa6494-8f436d04.jpg] Left lines: 0, Right lines: 0
[05fa6494-8f436d04.jpg] Left lines: 8, Right lines: 23
[060039d9-5218402b.jpg] Left lines: 0, Right lines: 0
[060039d9-5218402b.jpg] Left lines: 21, Right lines: 10
[064aa0d6-f75ff4d5.jpg] Left lines: 0, Right lines: 0
[064aa0d6-f75ff4d5.jpg] Left lines: 0, Right lines: 0
[07de5062-ddddcbd7.jpg] Left lines: 0, Right lines: 0
[07de5062-ddddcbd7.jpg] Left lines: 0, Right lines: 0
[088351d1-30833ddc.jpg] Left lines: 0, Right lines: 0
[088351d1-30833ddc.jpg] Left lines: 15, Right lines: 0
[08a49c01-675d3899.jpg] Left lines: 0, Right lines: 0
[08a49c01-675d3899.jpg] Left lines: 11, Right lines: 13
[08d4285a-4a25b9b6.jpg] Left lines: 0, Right lines: 0
[08d4285a-4a25b9b6.jpg] Left lines: 0, Right lines: 16
[09ac21d6-eefa8ed0.jpg] Left lines: 0, Right lines: 0
[09ac21d6-eefa8ed0.jpg] Left lines: 0, Right lines: 19
[0a0a0b1a-7c39d841.jpg] Left lines: 0, Right lines: 0
[0a0a0b1a-7c39d841.jpg] Left lines: 5, Right lines: 11
[0af6039a-f3c91319.jpg] Left lines: 0, Right lines: 0
[0af6039a-f3c91319.jpg] Left lines: 3, Right lines: 5
[0b2f5d0d-8fddc1fc.jpg] Left lines: 0, Right lines: 0
[0b2f5d0d-8fddc1fc.jpg] Left lines: 10, Right lines: 15
[0b4225f9-bfb10f88.jpg] Left lines: 0, Right lines: 0
[0b4225f9-bfb10f88.jpg] Left lines: 7, Right lines: 4
[0ba08fe3-880ae118.jpg] Left lines: 0, Right lines: 0
[0ba08fe3-880ae118.jpg] Left lines: 5, Right lines: 4
[0c2f33b9-f94d69b5.jpg] Left lines: 0, Right lines: 0
[0c2f33b9-f94d69b5.jpg] Left lines: 26, Right lines: 9
[0c984e6d-2b5d7ee4.jpg] Left lines: 0, Right lines: 0
[0c984e6d-2b5d7ee4.jpg] Left lines: 2, Right lines: 5
[0cb67a01-7cf1687e.jpg] Left lines: 0, Right lines: 0
[0cb67a01-7cf1687e.jpg] Left lines: 9, Right lines: 0
[0cc6f3e8-b4c9e348.jpg] Left lines: 0, Right lines: 0
[0cc6f3e8-b4c9e348.jpg] Left lines: 10, Right lines: 17
[0cf398b3-ce65ab64.jpg] Left lines: 0, Right lines: 0
[0cf398b3-ce65ab64.jpg] Left lines: 0, Right lines: 0
[0d3ec56a-f4cead6f.jpg] Left lines: 0, Right lines: 0
[0d3ec56a-f4cead6f.jpg] Left lines: 0, Right lines: 13
[0d61234a-542010b2.jpg] Left lines: 0, Right lines: 0
[0d61234a-542010b2.jpg] Left lines: 10, Right lines: 14
[0e442b65-b17e0b50.jpg] Left lines: 0, Right lines: 0
[0e442b65-b17e0b50.jpg] Left lines: 13, Right lines: 0
[0e5c7e92-0d9c60f0.jpg] Left lines: 0, Right lines: 0
[0e5c7e92-0d9c60f0.jpg] Left lines: 18, Right lines: 2
[0f837def-9646c091.jpg] Left lines: 0, Right lines: 0
[0f837def-9646c091.jpg] Left lines: 10, Right lines: 5
[0fba84f9-73b520ee.jpg] Left lines: 0, Right lines: 0
[0fba84f9-73b520ee.jpg] Left lines: 17, Right lines: 12
[101a0964-930eae70.jpg] Left lines: 0, Right lines: 0
[101a0964-930eae70.jpg] Left lines: 0, Right lines: 14
[10389fe8-433c740c.jpg] Left lines: 0, Right lines: 0
[10389fe8-433c740c.jpg] Left lines: 19, Right lines: 0
[10453a95-40759ac3.jpg] Left lines: 0, Right lines: 0
[10453a95-40759ac3.jpg] Left lines: 0, Right lines: 3
[1072195f-0a161ade.jpg] Left lines: 0, Right lines: 0
[1072195f-0a161ade.jpg] Left lines: 14, Right lines: 4
[1072195f-6cf88b25.jpg] Left lines: 0, Right lines: 0
[1072195f-6cf88b25.jpg] Left lines: 0, Right lines: 10
[11513e3d-150058c3.jpg] Left lines: 0, Right lines: 0
[11513e3d-150058c3.jpg] Left lines: 9, Right lines: 15
[1189ae68-1a8ad3c6.jpg] Left lines: 0, Right lines: 0
[1189ae68-1a8ad3c6.jpg] Left lines: 3, Right lines: 4
[12076ebb-c07285d7.jpg] Left lines: 0, Right lines: 0
[12076ebb-c07285d7.jpg] Left lines: 7, Right lines: 12
[125134e5-7dfc45b9.jpg] Left lines: 0, Right lines: 0
[125134e5-7dfc45b9.jpg] Left lines: 0, Right lines: 0
[12ae9ab8-794f5adc.jpg] Left lines: 0, Right lines: 0
[12ae9ab8-794f5adc.jpg] Left lines: 39, Right lines: 7
[13f61134-50021e53.jpg] Left lines: 0, Right lines: 0
[13f61134-50021e53.jpg] Left lines: 3, Right lines: 2
[14eace5a-ddf3b303.jpg] Left lines: 0, Right lines: 0
[14eace5a-ddf3b303.jpg] Left lines: 32, Right lines: 0
[1608cfe7-32da2c5d.jpg] Left lines: 0, Right lines: 0
[1608cfe7-32da2c5d.jpg] Left lines: 0, Right lines: 11
[162995f1-d2c7d259.jpg] Left lines: 0, Right lines: 0
[162995f1-d2c7d259.jpg] Left lines: 4, Right lines: 4
[16b0973f-c07b564a.jpg] Left lines: 0, Right lines: 0
[16b0973f-c07b564a.jpg] Left lines: 14, Right lines: 4
[1784d67b-6b223914.jpg] Left lines: 0, Right lines: 0
[1784d67b-6b223914.jpg] Left lines: 4, Right lines: 6
[1784d67b-d76145ce.jpg] Left lines: 0, Right lines: 0
[1784d67b-d76145ce.jpg] Left lines: 7, Right lines: 13
[188c58f3-792afc71.jpg] Left lines: 0, Right lines: 0
[188c58f3-792afc71.jpg] Left lines: 0, Right lines: 13
[193f7f3b-84bc7998.jpg] Left lines: 0, Right lines: 0
[193f7f3b-84bc7998.jpg] Left lines: 0, Right lines: 3
[194058b0-ac0616a6.jpg] Left lines: 0, Right lines: 0
[194058b0-ac0616a6.jpg] Left lines: 3, Right lines: 7
[19e56249-09c4bbc6.jpg] Left lines: 0, Right lines: 0
[19e56249-09c4bbc6.jpg] Left lines: 1, Right lines: 0
[1a71faae-d5f255fd.jpg] Left lines: 0, Right lines: 0
[1a71faae-d5f255fd.jpg] Left lines: 2, Right lines: 2
[1a8992a7-da5a8510.jpg] Left lines: 0, Right lines: 0
[1a8992a7-da5a8510.jpg] Left lines: 0, Right lines: 2
[1ac0178c-0b259360.jpg] Left lines: 0, Right lines: 0
[1ac0178c-0b259360.jpg] Left lines: 0, Right lines: 0
[1b30f76f-95aa8a06.jpg] Left lines: 0, Right lines: 0
[1b30f76f-95aa8a06.jpg] Left lines: 0, Right lines: 2
[1bda5a26-420ceea6.jpg] Left lines: 0, Right lines: 0
[1bda5a26-420ceea6.jpg] Left lines: 4, Right lines: 0
[1bf7f3d2-15f95138.jpg] Left lines: 0, Right lines: 0
[1bf7f3d2-15f95138.jpg] Left lines: 16, Right lines: 17
[1c227a12-10e5552c.jpg] Left lines: 0, Right lines: 0
[1c227a12-10e5552c.jpg] Left lines: 1, Right lines: 0
[1c227a12-ec67af93.jpg] Left lines: 0, Right lines: 0
[1c227a12-ec67af93.jpg] Left lines: 6, Right lines: 0
[1c5e9657-2e2a2863.jpg] Left lines: 0, Right lines: 0
[1c5e9657-2e2a2863.jpg] Left lines: 0, Right lines: 0
[1cb2a89b-4594573e.jpg] Left lines: 0, Right lines: 0
[1cb2a89b-4594573e.jpg] Left lines: 3, Right lines: 12
[1cf54809-c6daa5a9.jpg] Left lines: 0, Right lines: 0
[1cf54809-c6daa5a9.jpg] Left lines: 9, Right lines: 18
[1d5e05f8-5020f67d.jpg] Left lines: 0, Right lines: 0
[1d5e05f8-5020f67d.jpg] Left lines: 25, Right lines: 13
[1e57ae90-806bc767.jpg] Left lines: 0, Right lines: 0
[1e57ae90-806bc767.jpg] Left lines: 0, Right lines: 3
[1f959fdd-6ff63d34.jpg] Left lines: 0, Right lines: 0
[1f959fdd-6ff63d34.jpg] Left lines: 0, Right lines: 12
[1fa65acf-d43367bc.jpg] Left lines: 0, Right lines: 0
[1fa65acf-d43367bc.jpg] Left lines: 10, Right lines: 0
[20cfadfa-47711496.jpg] Left lines: 0, Right lines: 0
[20cfadfa-47711496.jpg] Left lines: 18, Right lines: 8
[20cfadfa-6f87fdc1.jpg] Left lines: 0, Right lines: 0
[20cfadfa-6f87fdc1.jpg] Left lines: 31, Right lines: 39
[225a1858-0e3a4b04.jpg] Left lines: 0, Right lines: 0
[225a1858-0e3a4b04.jpg] Left lines: 2, Right lines: 0
[22be2f14-59fbdca0.jpg] Left lines: 0, Right lines: 0
[22be2f14-59fbdca0.jpg] Left lines: 0, Right lines: 11
[23333f35-0cbc3f0f.jpg] Left lines: 0, Right lines: 0
[23333f35-0cbc3f0f.jpg] Left lines: 6, Right lines: 2
[23df146f-64b50e4c.jpg] Left lines: 0, Right lines: 0
[23df146f-64b50e4c.jpg] Left lines: 14, Right lines: 20
[24392d7c-998011c2.jpg] Left lines: 0, Right lines: 0
[24392d7c-998011c2.jpg] Left lines: 11, Right lines: 0
[250e7595-b14da270.jpg] Left lines: 0, Right lines: 0
[250e7595-b14da270.jpg] Left lines: 4, Right lines: 7
[26190b83-39ccb412.jpg] Left lines: 0, Right lines: 0
[26190b83-39ccb412.jpg] Left lines: 2, Right lines: 20
[272d52f6-8aac36b3.jpg] Left lines: 0, Right lines: 0
[272d52f6-8aac36b3.jpg] Left lines: 13, Right lines: 0
[2752681a-e813599a.jpg] Left lines: 0, Right lines: 0
[2752681a-e813599a.jpg] Left lines: 5, Right lines: 4
[27645526-f038b033.jpg] Left lines: 0, Right lines: 0
[27645526-f038b033.jpg] Left lines: 64, Right lines: 4
[2773af6f-23e23a6b.jpg] Left lines: 0, Right lines: 0
[2773af6f-23e23a6b.jpg] Left lines: 17, Right lines: 0
[28faf684-03ef4c6e.jpg] Left lines: 0, Right lines: 0
[28faf684-03ef4c6e.jpg] Left lines: 4, Right lines: 14
[292720ee-d847ee69.jpg] Left lines: 0, Right lines: 0
[292720ee-d847ee69.jpg] Left lines: 10, Right lines: 6
[2b54fe2d-c5b810e6.jpg] Left lines: 0, Right lines: 0
[2b54fe2d-c5b810e6.jpg] Left lines: 23, Right lines: 6
[2b605c48-8dfe352b.jpg] Left lines: 0, Right lines: 0
[2b605c48-8dfe352b.jpg] Left lines: 17, Right lines: 31
[2beccce2-354608e2.jpg] Left lines: 0, Right lines: 0
[2beccce2-354608e2.jpg] Left lines: 14, Right lines: 4
[2c87e51d-aa7a8031.jpg] Left lines: 0, Right lines: 0
[2c87e51d-aa7a8031.jpg] Left lines: 8, Right lines: 0
[2ce0b449-e818dc97.jpg] Left lines: 0, Right lines: 0
[2ce0b449-e818dc97.jpg] Left lines: 1, Right lines: 0
[2cf976a2-479cd46b.jpg] Left lines: 0, Right lines: 0
[2cf976a2-479cd46b.jpg] Left lines: 6, Right lines: 7
[2e2fae77-b7497ca0.jpg] Left lines: 0, Right lines: 0
[2e2fae77-b7497ca0.jpg] Left lines: 0, Right lines: 0
[2ead8042-2493c03f.jpg] Left lines: 0, Right lines: 0
[2ead8042-2493c03f.jpg] Left lines: 5, Right lines: 7
[2f1864c1-1a17d11c.jpg] Left lines: 0, Right lines: 0
[2f1864c1-1a17d11c.jpg] Left lines: 0, Right lines: 3
[2f879dc0-b09e4824.jpg] Left lines: 0, Right lines: 0
[2f879dc0-b09e4824.jpg] Left lines: 11, Right lines: 14
[2fc9ad1e-ee4c9e43.jpg] Left lines: 0, Right lines: 0
[2fc9ad1e-ee4c9e43.jpg] Left lines: 7, Right lines: 0
[3050b249-0ffbd6ec.jpg] Left lines: 0, Right lines: 0
[3050b249-0ffbd6ec.jpg] Left lines: 3, Right lines: 0
[314cc010-3eab5c90.jpg] Left lines: 0, Right lines: 0
[314cc010-3eab5c90.jpg] Left lines: 0, Right lines: 11
[31765c6b-90b0d612.jpg] Left lines: 0, Right lines: 0
[31765c6b-90b0d612.jpg] Left lines: 11, Right lines: 12
[31cf6eba-5c84c636.jpg] Left lines: 0, Right lines: 0
[31cf6eba-5c84c636.jpg] Left lines: 4, Right lines: 6
[32de2244-122f1783.jpg] Left lines: 0, Right lines: 0
[32de2244-122f1783.jpg] Left lines: 0, Right lines: 10
[33420085-32996107.jpg] Left lines: 0, Right lines: 0
[33420085-32996107.jpg] Left lines: 25, Right lines: 9
[3430a5e6-00ec38d2.jpg] Left lines: 0, Right lines: 0
[3430a5e6-00ec38d2.jpg] Left lines: 12, Right lines: 0
[35eb46d0-8f7e28a0.jpg] Left lines: 0, Right lines: 0
[35eb46d0-8f7e28a0.jpg] Left lines: 15, Right lines: 15
[3735fc3d-69d8b80c.jpg] Left lines: 0, Right lines: 0
[3735fc3d-69d8b80c.jpg] Left lines: 1, Right lines: 0
[3740cd4f-ff1d423d.jpg] Left lines: 0, Right lines: 0
[3740cd4f-ff1d423d.jpg] Left lines: 3, Right lines: 9
[375abba2-9f2ed56c.jpg] Left lines: 0, Right lines: 0
[375abba2-9f2ed56c.jpg] Left lines: 13, Right lines: 2
[37723e55-31730cf5.jpg] Left lines: 0, Right lines: 0
[37723e55-31730cf5.jpg] Left lines: 4, Right lines: 0
[380a3f8e-ba4f0def.jpg] Left lines: 0, Right lines: 0
[380a3f8e-ba4f0def.jpg] Left lines: 15, Right lines: 2
[385b0f61-1aee12ef.jpg] Left lines: 0, Right lines: 0
[385b0f61-1aee12ef.jpg] Left lines: 2, Right lines: 0
[3865fea7-b4fe472d.jpg] Left lines: 0, Right lines: 0
[3865fea7-b4fe472d.jpg] Left lines: 19, Right lines: 2
[38e561dd-8ea8ae2d.jpg] Left lines: 0, Right lines: 0
[38e561dd-8ea8ae2d.jpg] Left lines: 8, Right lines: 11
[38ed8d8d-93c48de2.jpg] Left lines: 0, Right lines: 0
[38ed8d8d-93c48de2.jpg] Left lines: 0, Right lines: 8
[38ed8d8d-b1c230ef.jpg] Left lines: 0, Right lines: 0
[38ed8d8d-b1c230ef.jpg] Left lines: 0, Right lines: 0
[38ed8d8d-fa50400c.jpg] Left lines: 0, Right lines: 0
[38ed8d8d-fa50400c.jpg] Left lines: 10, Right lines: 16
[3900ad8c-8834019f.jpg] Left lines: 0, Right lines: 0
[3900ad8c-8834019f.jpg] Left lines: 1, Right lines: 0
[39ddb110-04604b9c.jpg] Left lines: 0, Right lines: 0
[39ddb110-04604b9c.jpg] Left lines: 1, Right lines: 11
[39fc6d1c-6155351d.jpg] Left lines: 0, Right lines: 0
[39fc6d1c-6155351d.jpg] Left lines: 0, Right lines: 14
[3a278d39-b92df256.jpg] Left lines: 0, Right lines: 0
[3a278d39-b92df256.jpg] Left lines: 8, Right lines: 0
[3a3407a2-df8ea956.jpg] Left lines: 0, Right lines: 0
[3a3407a2-df8ea956.jpg] Left lines: 0, Right lines: 1
[3ad0c4a7-2a3d544e.jpg] Left lines: 0, Right lines: 0
[3ad0c4a7-2a3d544e.jpg] Left lines: 1, Right lines: 3
[3b1e1bc1-ee64e36e.jpg] Left lines: 0, Right lines: 0
[3b1e1bc1-ee64e36e.jpg] Left lines: 9, Right lines: 0
[3b44ef5a-c09e8479.jpg] Left lines: 0, Right lines: 0
[3b44ef5a-c09e8479.jpg] Left lines: 42, Right lines: 0
[3b563c5e-0102edaf.jpg] Left lines: 0, Right lines: 0
[3b563c5e-0102edaf.jpg] Left lines: 2, Right lines: 4
[3b9716a6-d2566395.jpg] Left lines: 0, Right lines: 0
[3b9716a6-d2566395.jpg] Left lines: 18, Right lines: 0
[3c0bbdc2-79baffce.jpg] Left lines: 0, Right lines: 0
[3c0bbdc2-79baffce.jpg] Left lines: 17, Right lines: 0
[3c5752b6-9c0bdf98.jpg] Left lines: 0, Right lines: 0
[3c5752b6-9c0bdf98.jpg] Left lines: 0, Right lines: 3
[3c95ae26-68abac3f.jpg] Left lines: 0, Right lines: 0
[3c95ae26-68abac3f.jpg] Left lines: 0, Right lines: 0
[3e0f1745-a95a63ad.jpg] Left lines: 0, Right lines: 0
[3e0f1745-a95a63ad.jpg] Left lines: 4, Right lines: 12
[3f4eb6a6-9eee52f9.jpg] Left lines: 0, Right lines: 0
[3f4eb6a6-9eee52f9.jpg] Left lines: 19, Right lines: 3
[3f85a987-1ef4053b.jpg] Left lines: 0, Right lines: 0
[3f85a987-1ef4053b.jpg] Left lines: 0, Right lines: 3
[3fe1feaa-10126fec.jpg] Left lines: 0, Right lines: 0
[3fe1feaa-10126fec.jpg] Left lines: 5, Right lines: 0
[3ffdaa26-b394f6f8.jpg] Left lines: 0, Right lines: 0
[3ffdaa26-b394f6f8.jpg] Left lines: 2, Right lines: 24
[4027c10d-41d54e9b.jpg] Left lines: 0, Right lines: 0
[4027c10d-41d54e9b.jpg] Left lines: 7, Right lines: 5
[428e99ea-4166e549.jpg] Left lines: 0, Right lines: 0
[428e99ea-4166e549.jpg] Left lines: 19, Right lines: 0
[42e0dd11-74b81997.jpg] Left lines: 0, Right lines: 0
[42e0dd11-74b81997.jpg] Left lines: 0, Right lines: 13
[430395d1-931c959e.jpg] Left lines: 0, Right lines: 0
[430395d1-931c959e.jpg] Left lines: 8, Right lines: 2
[43126e0d-495d04a5.jpg] Left lines: 0, Right lines: 0
[43126e0d-495d04a5.jpg] Left lines: 0, Right lines: 0
[43126e0d-cce96832.jpg] Left lines: 0, Right lines: 0
[43126e0d-cce96832.jpg] Left lines: 20, Right lines: 9
[432f9e20-83a0d96c.jpg] Left lines: 0, Right lines: 0
[432f9e20-83a0d96c.jpg] Left lines: 10, Right lines: 10
[43c7ed5c-b0690325.jpg] Left lines: 0, Right lines: 0
[43c7ed5c-b0690325.jpg] Left lines: 2, Right lines: 7
[44cc16d9-d2e06fd6.jpg] Left lines: 0, Right lines: 0
[44cc16d9-d2e06fd6.jpg] Left lines: 0, Right lines: 0
[45bafa98-1ee18a2f.jpg] Left lines: 0, Right lines: 0
[45bafa98-1ee18a2f.jpg] Left lines: 1, Right lines: 0
[46d048a1-8f7f385c.jpg] Left lines: 0, Right lines: 0
[46d048a1-8f7f385c.jpg] Left lines: 3, Right lines: 7
[46f76df9-8bf77914.jpg] Left lines: 0, Right lines: 0
[46f76df9-8bf77914.jpg] Left lines: 11, Right lines: 12
[480263a0-5aad7ae9.jpg] Left lines: 0, Right lines: 0
[480263a0-5aad7ae9.jpg] Left lines: 0, Right lines: 44
[488480d6-b94cf415.jpg] Left lines: 0, Right lines: 0
[488480d6-b94cf415.jpg] Left lines: 1, Right lines: 11
[48ed707e-5062e4c3.jpg] Left lines: 0, Right lines: 0
[48ed707e-5062e4c3.jpg] Left lines: 2, Right lines: 1
[4a289ff2-7da7feb6.jpg] Left lines: 0, Right lines: 0
[4a289ff2-7da7feb6.jpg] Left lines: 0, Right lines: 7
[4a31f3e3-ac7ed780.jpg] Left lines: 0, Right lines: 0
[4a31f3e3-ac7ed780.jpg] Left lines: 24, Right lines: 0
[4b2e1dde-65b54419.jpg] Left lines: 0, Right lines: 0
[4b2e1dde-65b54419.jpg] Left lines: 0, Right lines: 0
[4d4a590b-4332c5ab.jpg] Left lines: 0, Right lines: 0
[4d4a590b-4332c5ab.jpg] Left lines: 2, Right lines: 8
[5069db50-52f5af30.jpg] Left lines: 0, Right lines: 0
[5069db50-52f5af30.jpg] Left lines: 17, Right lines: 4
[50866f46-30d1f303.jpg] Left lines: 0, Right lines: 0
[50866f46-30d1f303.jpg] Left lines: 14, Right lines: 20
[50b115d6-4b08a666.jpg] Left lines: 0, Right lines: 0
[50b115d6-4b08a666.jpg] Left lines: 11, Right lines: 1
[50b2e757-6c7d0f63.jpg] Left lines: 0, Right lines: 0
[50b2e757-6c7d0f63.jpg] Left lines: 9, Right lines: 2
[50d0fd05-8db58ebd.jpg] Left lines: 0, Right lines: 0
[50d0fd05-8db58ebd.jpg] Left lines: 2, Right lines: 10
[510671e9-603795e0.jpg] Left lines: 0, Right lines: 0
[510671e9-603795e0.jpg] Left lines: 4, Right lines: 18
[514a6d58-0790e0cd.jpg] Left lines: 0, Right lines: 0
[514a6d58-0790e0cd.jpg] Left lines: 0, Right lines: 8
[5150bb50-300d52ce.jpg] Left lines: 0, Right lines: 0
[5150bb50-300d52ce.jpg] Left lines: 3, Right lines: 17
[52799e9e-8c8673f3.jpg] Left lines: 0, Right lines: 0
[52799e9e-8c8673f3.jpg] Left lines: 9, Right lines: 2
[52bda346-fd8ac6e7.jpg] Left lines: 0, Right lines: 0
[52bda346-fd8ac6e7.jpg] Left lines: 4, Right lines: 0
[534418ba-ee05398f.jpg] Left lines: 0, Right lines: 0
[534418ba-ee05398f.jpg] Left lines: 12, Right lines: 0
[54360b72-e00a3f70.jpg] Left lines: 0, Right lines: 0
[54360b72-e00a3f70.jpg] Left lines: 11, Right lines: 38
[554d7cd5-a32486dd.jpg] Left lines: 0, Right lines: 0
[554d7cd5-a32486dd.jpg] Left lines: 0, Right lines: 12
[559fed19-7893646f.jpg] Left lines: 0, Right lines: 0
[559fed19-7893646f.jpg] Left lines: 1, Right lines: 3
[57165857-e4d4a47f.jpg] Left lines: 0, Right lines: 0
[57165857-e4d4a47f.jpg] Left lines: 1, Right lines: 2
[5795bfe7-a599384a.jpg] Left lines: 0, Right lines: 0
[5795bfe7-a599384a.jpg] Left lines: 2, Right lines: 2
[57ac74e2-e86131f1.jpg] Left lines: 0, Right lines: 0
[57ac74e2-e86131f1.jpg] Left lines: 3, Right lines: 22
[57b495f2-6da6b1e5.jpg] Left lines: 0, Right lines: 0
[57b495f2-6da6b1e5.jpg] Left lines: 0, Right lines: 2
[585443c8-2621a6b1.jpg] Left lines: 0, Right lines: 0
[585443c8-2621a6b1.jpg] Left lines: 0, Right lines: 0
[5877b384-2545daf4.jpg] Left lines: 0, Right lines: 0
[5877b384-2545daf4.jpg] Left lines: 26, Right lines: 2
[587bb1bf-1aa00fe5.jpg] Left lines: 0, Right lines: 0
[587bb1bf-1aa00fe5.jpg] Left lines: 11, Right lines: 14
[5995c288-2d152172.jpg] Left lines: 0, Right lines: 0
[5995c288-2d152172.jpg] Left lines: 11, Right lines: 0
[59cde7c7-344bffb1.jpg] Left lines: 0, Right lines: 0
[59cde7c7-344bffb1.jpg] Left lines: 0, Right lines: 0
[5a8f9b5d-1fdfd2d4.jpg] Left lines: 0, Right lines: 0
[5a8f9b5d-1fdfd2d4.jpg] Left lines: 39, Right lines: 8
[5ae83f9c-da990b49.jpg] Left lines: 0, Right lines: 0
[5ae83f9c-da990b49.jpg] Left lines: 11, Right lines: 16
[5b2b4881-67a6cb87.jpg] Left lines: 0, Right lines: 0
[5b2b4881-67a6cb87.jpg] Left lines: 6, Right lines: 1
[5b2fd56a-37759b05.jpg] Left lines: 0, Right lines: 0
[5b2fd56a-37759b05.jpg] Left lines: 4, Right lines: 20
[5b4b0b07-2fb56b82.jpg] Left lines: 0, Right lines: 0
[5b4b0b07-2fb56b82.jpg] Left lines: 0, Right lines: 14
[5bc44a50-c371c4d0.jpg] Left lines: 0, Right lines: 0
[5bc44a50-c371c4d0.jpg] Left lines: 13, Right lines: 11
[5c4004b7-bf3b7941.jpg] Left lines: 0, Right lines: 0
[5c4004b7-bf3b7941.jpg] Left lines: 0, Right lines: 0
[5c534f5f-a76c7f4b.jpg] Left lines: 0, Right lines: 0
[5c534f5f-a76c7f4b.jpg] Left lines: 12, Right lines: 5
[5c5dc708-35460444.jpg] Left lines: 0, Right lines: 0
[5c5dc708-35460444.jpg] Left lines: 0, Right lines: 6
[5da6c6b6-76c54605.jpg] Left lines: 0, Right lines: 0
[5da6c6b6-76c54605.jpg] Left lines: 0, Right lines: 2
[5dc5141c-5890b5b1.jpg] Left lines: 0, Right lines: 0
[5dc5141c-5890b5b1.jpg] Left lines: 0, Right lines: 0
[5dd831da-bd00cf03.jpg] Left lines: 0, Right lines: 0
[5dd831da-bd00cf03.jpg] Left lines: 3, Right lines: 8
[5dfb063f-7bd23d5c.jpg] Left lines: 0, Right lines: 0
[5dfb063f-7bd23d5c.jpg] Left lines: 9, Right lines: 8
[5e0b701e-d443d8c2.jpg] Left lines: 0, Right lines: 0
[5e0b701e-d443d8c2.jpg] Left lines: 16, Right lines: 5
[5e26f49d-0bc53c7e.jpg] Left lines: 0, Right lines: 0
[5e26f49d-0bc53c7e.jpg] Left lines: 12, Right lines: 0
[5e26f49d-9271bf00.jpg] Left lines: 0, Right lines: 0
[5e26f49d-9271bf00.jpg] Left lines: 0, Right lines: 11
[5e625ec3-7b4fc682.jpg] Left lines: 0, Right lines: 0
[5e625ec3-7b4fc682.jpg] Left lines: 18, Right lines: 14
[5f9387ff-330136ae.jpg] Left lines: 0, Right lines: 0
[5f9387ff-330136ae.jpg] Left lines: 0, Right lines: 3
[5fa17a25-88b8e6b9.jpg] Left lines: 0, Right lines: 0
[5fa17a25-88b8e6b9.jpg] Left lines: 16, Right lines: 9
[5fa422e1-2d8dd765.jpg] Left lines: 0, Right lines: 0
[5fa422e1-2d8dd765.jpg] Left lines: 23, Right lines: 3
[5fb2a702-f56a339c.jpg] Left lines: 0, Right lines: 0
[5fb2a702-f56a339c.jpg] Left lines: 10, Right lines: 5
[6011831b-0992e205.jpg] Left lines: 0, Right lines: 0
[6011831b-0992e205.jpg] Left lines: 6, Right lines: 0
[60137cc0-428b8f5b.jpg] Left lines: 0, Right lines: 0
[60137cc0-428b8f5b.jpg] Left lines: 10, Right lines: 1
[604b5b3e-3c2e6b6b.jpg] Left lines: 0, Right lines: 0
[604b5b3e-3c2e6b6b.jpg] Left lines: 4, Right lines: 5
[6092f5a2-424550ba.jpg] Left lines: 0, Right lines: 0
[6092f5a2-424550ba.jpg] Left lines: 16, Right lines: 0
[60ba25dd-6c0df417.jpg] Left lines: 0, Right lines: 0
[60ba25dd-6c0df417.jpg] Left lines: 0, Right lines: 7
[60c678e7-4813ae0f.jpg] Left lines: 0, Right lines: 0
[60c678e7-4813ae0f.jpg] Left lines: 10, Right lines: 0
[614ecada-16b0f8b6.jpg] Left lines: 0, Right lines: 0
[614ecada-16b0f8b6.jpg] Left lines: 15, Right lines: 20
[61e4ad87-53ceb455.jpg] Left lines: 0, Right lines: 0
[61e4ad87-53ceb455.jpg] Left lines: 26, Right lines: 8
[6240d7b3-b51b5788.jpg] Left lines: 0, Right lines: 0
[6240d7b3-b51b5788.jpg] Left lines: 0, Right lines: 3
[62aefb36-b685117f.jpg] Left lines: 0, Right lines: 0
[62aefb36-b685117f.jpg] Left lines: 2, Right lines: 5
[634c1785-3bb9a8a2.jpg] Left lines: 0, Right lines: 0
[634c1785-3bb9a8a2.jpg] Left lines: 10, Right lines: 0
[634c1785-aeb1652f.jpg] Left lines: 0, Right lines: 0
[634c1785-aeb1652f.jpg] Left lines: 24, Right lines: 13
[63f73472-028615f1.jpg] Left lines: 0, Right lines: 0
[63f73472-028615f1.jpg] Left lines: 18, Right lines: 9
[6485ad0a-245d1600.jpg] Left lines: 0, Right lines: 0
[6485ad0a-245d1600.jpg] Left lines: 17, Right lines: 10
[648dc925-e359dbec.jpg] Left lines: 0, Right lines: 0
[648dc925-e359dbec.jpg] Left lines: 22, Right lines: 7
[65edc5a1-f309fed7.jpg] Left lines: 0, Right lines: 0
[65edc5a1-f309fed7.jpg] Left lines: 0, Right lines: 0
[661381d9-1114a810.jpg] Left lines: 0, Right lines: 0
[661381d9-1114a810.jpg] Left lines: 10, Right lines: 4
[664cb246-f84cfaf4.jpg] Left lines: 0, Right lines: 0
[664cb246-f84cfaf4.jpg] Left lines: 19, Right lines: 9
[675cf8fa-4b1ce8b9.jpg] Left lines: 0, Right lines: 0
[675cf8fa-4b1ce8b9.jpg] Left lines: 12, Right lines: 0
[67faeadf-eb09a636.jpg] Left lines: 0, Right lines: 0
[67faeadf-eb09a636.jpg] Left lines: 2, Right lines: 0
[691be377-5dbc29ee.jpg] Left lines: 0, Right lines: 0
[691be377-5dbc29ee.jpg] Left lines: 3, Right lines: 0
[692f1303-05178963.jpg] Left lines: 0, Right lines: 0
[692f1303-05178963.jpg] Left lines: 4, Right lines: 2
[692f9b08-bdbbd729.jpg] Left lines: 0, Right lines: 0
[692f9b08-bdbbd729.jpg] Left lines: 22, Right lines: 6
[69bfbe31-5ee2a642.jpg] Left lines: 0, Right lines: 0
[69bfbe31-5ee2a642.jpg] Left lines: 21, Right lines: 12
[69cf7667-68f59649.jpg] Left lines: 0, Right lines: 0
[69cf7667-68f59649.jpg] Left lines: 14, Right lines: 12
[69cf7667-7eb40860.jpg] Left lines: 0, Right lines: 0
[69cf7667-7eb40860.jpg] Left lines: 17, Right lines: 5
[6a44fb9a-05a3dd18.jpg] Left lines: 0, Right lines: 0
[6a44fb9a-05a3dd18.jpg] Left lines: 4, Right lines: 12
[6a793e80-4f5e207f.jpg] Left lines: 0, Right lines: 0
[6a793e80-4f5e207f.jpg] Left lines: 0, Right lines: 2
[6a82c0d6-b31f6b90.jpg] Left lines: 0, Right lines: 0
[6a82c0d6-b31f6b90.jpg] Left lines: 1, Right lines: 5
[6a8d218d-14e4fa28.jpg] Left lines: 0, Right lines: 0
[6a8d218d-14e4fa28.jpg] Left lines: 0, Right lines: 0
[6ad110c3-789e7724.jpg] Left lines: 0, Right lines: 0
[6ad110c3-789e7724.jpg] Left lines: 23, Right lines: 11
[6b15392a-3a1699fd.jpg] Left lines: 0, Right lines: 0
[6b15392a-3a1699fd.jpg] Left lines: 5, Right lines: 18
[6b784eee-0a5a2c89.jpg] Left lines: 0, Right lines: 0
[6b784eee-0a5a2c89.jpg] Left lines: 27, Right lines: 0
[6bb5a881-15e5c2c4.jpg] Left lines: 0, Right lines: 0
[6bb5a881-15e5c2c4.jpg] Left lines: 0, Right lines: 0
[6bd41587-d65ba5b4.jpg] Left lines: 0, Right lines: 0
[6bd41587-d65ba5b4.jpg] Left lines: 5, Right lines: 2
[6d0d7bef-fb11b6e1.jpg] Left lines: 0, Right lines: 0
[6d0d7bef-fb11b6e1.jpg] Left lines: 5, Right lines: 9
[6d57736c-a35808b9.jpg] Left lines: 0, Right lines: 0
[6d57736c-a35808b9.jpg] Left lines: 8, Right lines: 5
[6d8a6d94-00a7ad92.jpg] Left lines: 0, Right lines: 0
[6d8a6d94-00a7ad92.jpg] Left lines: 3, Right lines: 0
[6eeed3fa-87a1b0c9.jpg] Left lines: 0, Right lines: 0
[6eeed3fa-87a1b0c9.jpg] Left lines: 0, Right lines: 0
[701992bd-8a457895.jpg] Left lines: 0, Right lines: 0
[701992bd-8a457895.jpg] Left lines: 12, Right lines: 12
[7171644d-4e74752e.jpg] Left lines: 0, Right lines: 0
[7171644d-4e74752e.jpg] Left lines: 6, Right lines: 13
[7171644d-ee92c71e.jpg] Left lines: 0, Right lines: 0
[7171644d-ee92c71e.jpg] Left lines: 9, Right lines: 14
[72f22fa5-8af4615c.jpg] Left lines: 0, Right lines: 0
[72f22fa5-8af4615c.jpg] Left lines: 20, Right lines: 0
[72fd00fe-aeadfc89.jpg] Left lines: 0, Right lines: 0
[72fd00fe-aeadfc89.jpg] Left lines: 0, Right lines: 2
[730c67a5-563e9b1f.jpg] Left lines: 0, Right lines: 0
[730c67a5-563e9b1f.jpg] Left lines: 0, Right lines: 0
[738a2bcd-7a6fde0d.jpg] Left lines: 0, Right lines: 0
[738a2bcd-7a6fde0d.jpg] Left lines: 5, Right lines: 0
[73aff960-d46366ec.jpg] Left lines: 0, Right lines: 0
[73aff960-d46366ec.jpg] Left lines: 0, Right lines: 0
[73d338d6-edf0b3db.jpg] Left lines: 0, Right lines: 0
[73d338d6-edf0b3db.jpg] Left lines: 5, Right lines: 6
[75ad1fff-77299093.jpg] Left lines: 0, Right lines: 0
[75ad1fff-77299093.jpg] Left lines: 0, Right lines: 9
[75f5f52c-6b67e736.jpg] Left lines: 0, Right lines: 0
[75f5f52c-6b67e736.jpg] Left lines: 0, Right lines: 3
[777005a8-14c739ad.jpg] Left lines: 0, Right lines: 0
[777005a8-14c739ad.jpg] Left lines: 5, Right lines: 0
[7771e03b-832e52c0.jpg] Left lines: 0, Right lines: 0
[7771e03b-832e52c0.jpg] Left lines: 0, Right lines: 4
[7771e03b-a8f9d50c.jpg] Left lines: 0, Right lines: 0
[7771e03b-a8f9d50c.jpg] Left lines: 20, Right lines: 10
[7797fea2-c37f9856.jpg] Left lines: 0, Right lines: 0
[7797fea2-c37f9856.jpg] Left lines: 3, Right lines: 4
[77bdbeb0-edb0613f.jpg] Left lines: 0, Right lines: 0
[77bdbeb0-edb0613f.jpg] Left lines: 14, Right lines: 4
[77dca577-16a39ea0.jpg] Left lines: 0, Right lines: 0
[77dca577-16a39ea0.jpg] Left lines: 8, Right lines: 6
[77f810c4-43a39c1f.jpg] Left lines: 0, Right lines: 0
[77f810c4-43a39c1f.jpg] Left lines: 0, Right lines: 0
[7814206e-8e991d51.jpg] Left lines: 0, Right lines: 0
[7814206e-8e991d51.jpg] Left lines: 11, Right lines: 8
[7814206e-ea2508d0.jpg] Left lines: 0, Right lines: 0
[7814206e-ea2508d0.jpg] Left lines: 5, Right lines: 0
[79e177bc-4d5d3acc.jpg] Left lines: 0, Right lines: 0
[79e177bc-4d5d3acc.jpg] Left lines: 17, Right lines: 14
[7aa4ff0f-9d28d8a4.jpg] Left lines: 0, Right lines: 0
[7aa4ff0f-9d28d8a4.jpg] Left lines: 0, Right lines: 23
[7ad1174c-373265eb.jpg] Left lines: 0, Right lines: 0
[7ad1174c-373265eb.jpg] Left lines: 0, Right lines: 0
[7b268b98-e0ec16c3.jpg] Left lines: 0, Right lines: 0
[7b268b98-e0ec16c3.jpg] Left lines: 3, Right lines: 2
[7c5a2048-332896ea.jpg] Left lines: 0, Right lines: 0
[7c5a2048-332896ea.jpg] Left lines: 0, Right lines: 0
[7c5d50c5-7292de37.jpg] Left lines: 0, Right lines: 0
[7c5d50c5-7292de37.jpg] Left lines: 1, Right lines: 13
[7d1fe115-936a2f47.jpg] Left lines: 0, Right lines: 0
[7d1fe115-936a2f47.jpg] Left lines: 10, Right lines: 12
[7dc2914d-a20a969a.jpg] Left lines: 0, Right lines: 0
[7dc2914d-a20a969a.jpg] Left lines: 5, Right lines: 0
[7e4ab78b-4a62c63e.jpg] Left lines: 0, Right lines: 0
[7e4ab78b-4a62c63e.jpg] Left lines: 4, Right lines: 4
[7e590c49-93f03732.jpg] Left lines: 0, Right lines: 0
[7e590c49-93f03732.jpg] Left lines: 0, Right lines: 5
[7ed57d0a-d7bcc13d.jpg] Left lines: 0, Right lines: 0
[7ed57d0a-d7bcc13d.jpg] Left lines: 2, Right lines: 5
[7f0ef682-c93899df.jpg] Left lines: 0, Right lines: 0
[7f0ef682-c93899df.jpg] Left lines: 1, Right lines: 17
[7f4ac354-777de900.jpg] Left lines: 0, Right lines: 0
[7f4ac354-777de900.jpg] Left lines: 14, Right lines: 0
[7f9bdf0d-c0e0061f.jpg] Left lines: 0, Right lines: 0
[7f9bdf0d-c0e0061f.jpg] Left lines: 18, Right lines: 0
[7fd14da9-a855494b.jpg] Left lines: 0, Right lines: 0
[7fd14da9-a855494b.jpg] Left lines: 26, Right lines: 18
[801bff84-a72998c7.jpg] Left lines: 0, Right lines: 0
[801bff84-a72998c7.jpg] Left lines: 26, Right lines: 26
[8073de38-f7eab6ec.jpg] Left lines: 0, Right lines: 0
[8073de38-f7eab6ec.jpg] Left lines: 18, Right lines: 8
[8082ea05-1a7bcd47.jpg] Left lines: 0, Right lines: 0
[8082ea05-1a7bcd47.jpg] Left lines: 8, Right lines: 6
[80ecebc0-ca9605f4.jpg] Left lines: 0, Right lines: 0
[80ecebc0-ca9605f4.jpg] Left lines: 2, Right lines: 0
[81ec3b39-1951f79e.jpg] Left lines: 0, Right lines: 0
[81ec3b39-1951f79e.jpg] Left lines: 18, Right lines: 0
[82b14c0c-79b99258.jpg] Left lines: 0, Right lines: 0
[82b14c0c-79b99258.jpg] Left lines: 12, Right lines: 14
[82b5fc3b-90cadd1b.jpg] Left lines: 0, Right lines: 0
[82b5fc3b-90cadd1b.jpg] Left lines: 9, Right lines: 15
[82f03471-8e304dd5.jpg] Left lines: 0, Right lines: 0
[82f03471-8e304dd5.jpg] Left lines: 2, Right lines: 10
[836fa13a-d6058a12.jpg] Left lines: 0, Right lines: 0
[836fa13a-d6058a12.jpg] Left lines: 14, Right lines: 0
[84fb3f59-7d5d1fa4.jpg] Left lines: 0, Right lines: 0
[84fb3f59-7d5d1fa4.jpg] Left lines: 5, Right lines: 18
[8542b4da-7795bcfd.jpg] Left lines: 0, Right lines: 0
[8542b4da-7795bcfd.jpg] Left lines: 6, Right lines: 13
[85f3f250-1fef85ac.jpg] Left lines: 0, Right lines: 0
[85f3f250-1fef85ac.jpg] Left lines: 3, Right lines: 0
[87ca2979-d5158824.jpg] Left lines: 0, Right lines: 0
[87ca2979-d5158824.jpg] Left lines: 6, Right lines: 3
[889b7dda-77f16103.jpg] Left lines: 0, Right lines: 0
[889b7dda-77f16103.jpg] Left lines: 1, Right lines: 11
[88dbf01a-d8b35dee.jpg] Left lines: 0, Right lines: 0
[88dbf01a-d8b35dee.jpg] Left lines: 11, Right lines: 3
[897223bc-6938f1ab.jpg] Left lines: 0, Right lines: 0
[897223bc-6938f1ab.jpg] Left lines: 2, Right lines: 2
[89b7454d-880eacbd.jpg] Left lines: 0, Right lines: 0
[89b7454d-880eacbd.jpg] Left lines: 0, Right lines: 0
[89e85e71-7dd0a7b6.jpg] Left lines: 0, Right lines: 0
[89e85e71-7dd0a7b6.jpg] Left lines: 26, Right lines: 39
[8a4fbffe-47866ce9.jpg] Left lines: 0, Right lines: 0
[8a4fbffe-47866ce9.jpg] Left lines: 2, Right lines: 0
[8a76c101-8bcefc32.jpg] Left lines: 0, Right lines: 0
[8a76c101-8bcefc32.jpg] Left lines: 0, Right lines: 13
[8b7ef6c4-6bbcf25f.jpg] Left lines: 0, Right lines: 0
[8b7ef6c4-6bbcf25f.jpg] Left lines: 16, Right lines: 12
[8bac644e-e0437ead.jpg] Left lines: 0, Right lines: 0
[8bac644e-e0437ead.jpg] Left lines: 1, Right lines: 0
[8c94c649-8ba62efa.jpg] Left lines: 0, Right lines: 0
[8c94c649-8ba62efa.jpg] Left lines: 0, Right lines: 0
[8c9bbaa9-34934b66.jpg] Left lines: 0, Right lines: 0
[8c9bbaa9-34934b66.jpg] Left lines: 0, Right lines: 15
[degraded] low_light level_9 (300 images)
[0049e5b8-725e21a0.jpg] Left lines: 0, Right lines: 0
[0049e5b8-725e21a0.jpg] Left lines: 0, Right lines: 2
[0081e27b-17bf4a9e.jpg] Left lines: 0, Right lines: 0
[0081e27b-17bf4a9e.jpg] Left lines: 4, Right lines: 0
[00beeb02-50440dcd.jpg] Left lines: 0, Right lines: 0
[00beeb02-50440dcd.jpg] Left lines: 0, Right lines: 1
[00d4b6b7-7d0a60bf.jpg] Left lines: 0, Right lines: 0
[00d4b6b7-7d0a60bf.jpg] Left lines: 0, Right lines: 0
[01118704-2d838d7f.jpg] Left lines: 0, Right lines: 0
[01118704-2d838d7f.jpg] Left lines: 0, Right lines: 4
[0115917e-14907a6a.jpg] Left lines: 0, Right lines: 0
[0115917e-14907a6a.jpg] Left lines: 17, Right lines: 10
[02188a44-65ad27f3.jpg] Left lines: 0, Right lines: 0
[02188a44-65ad27f3.jpg] Left lines: 0, Right lines: 0
[02494b7b-079febf8.jpg] Left lines: 0, Right lines: 0
[02494b7b-079febf8.jpg] Left lines: 0, Right lines: 0
[029ffd50-dc944dba.jpg] Left lines: 0, Right lines: 0
[029ffd50-dc944dba.jpg] Left lines: 0, Right lines: 0
[0464a98b-860229d5.jpg] Left lines: 0, Right lines: 0
[0464a98b-860229d5.jpg] Left lines: 0, Right lines: 0
[051aadb7-51aad566.jpg] Left lines: 0, Right lines: 0
[051aadb7-51aad566.jpg] Left lines: 0, Right lines: 0
[051aadb7-e953bc4d.jpg] Left lines: 0, Right lines: 0
[051aadb7-e953bc4d.jpg] Left lines: 0, Right lines: 0
[05743a9b-747658e7.jpg] Left lines: 0, Right lines: 0
[05743a9b-747658e7.jpg] Left lines: 0, Right lines: 6
[057af272-6f700aef.jpg] Left lines: 0, Right lines: 0
[057af272-6f700aef.jpg] Left lines: 0, Right lines: 12
[05d62296-30c620d5.jpg] Left lines: 0, Right lines: 0
[05d62296-30c620d5.jpg] Left lines: 0, Right lines: 0
[05e5a68e-f0e05a42.jpg] Left lines: 0, Right lines: 0
[05e5a68e-f0e05a42.jpg] Left lines: 0, Right lines: 4
[05fa6494-8f436d04.jpg] Left lines: 0, Right lines: 0
[05fa6494-8f436d04.jpg] Left lines: 0, Right lines: 0
[060039d9-5218402b.jpg] Left lines: 0, Right lines: 0
[060039d9-5218402b.jpg] Left lines: 7, Right lines: 2
[064aa0d6-f75ff4d5.jpg] Left lines: 0, Right lines: 0
[064aa0d6-f75ff4d5.jpg] Left lines: 0, Right lines: 0
[07de5062-ddddcbd7.jpg] Left lines: 0, Right lines: 0
[07de5062-ddddcbd7.jpg] Left lines: 0, Right lines: 0
[088351d1-30833ddc.jpg] Left lines: 0, Right lines: 0
[088351d1-30833ddc.jpg] Left lines: 0, Right lines: 0
[08a49c01-675d3899.jpg] Left lines: 0, Right lines: 0
[08a49c01-675d3899.jpg] Left lines: 0, Right lines: 3
[08d4285a-4a25b9b6.jpg] Left lines: 0, Right lines: 0
[08d4285a-4a25b9b6.jpg] Left lines: 0, Right lines: 0
[09ac21d6-eefa8ed0.jpg] Left lines: 0, Right lines: 0
[09ac21d6-eefa8ed0.jpg] Left lines: 0, Right lines: 0
[0a0a0b1a-7c39d841.jpg] Left lines: 0, Right lines: 0
[0a0a0b1a-7c39d841.jpg] Left lines: 5, Right lines: 0
[0af6039a-f3c91319.jpg] Left lines: 0, Right lines: 0
[0af6039a-f3c91319.jpg] Left lines: 0, Right lines: 4
[0b2f5d0d-8fddc1fc.jpg] Left lines: 0, Right lines: 0
[0b2f5d0d-8fddc1fc.jpg] Left lines: 0, Right lines: 0
[0b4225f9-bfb10f88.jpg] Left lines: 0, Right lines: 0
[0b4225f9-bfb10f88.jpg] Left lines: 0, Right lines: 0
[0ba08fe3-880ae118.jpg] Left lines: 0, Right lines: 0
[0ba08fe3-880ae118.jpg] Left lines: 0, Right lines: 0
[0c2f33b9-f94d69b5.jpg] Left lines: 0, Right lines: 0
[0c2f33b9-f94d69b5.jpg] Left lines: 11, Right lines: 0
[0c984e6d-2b5d7ee4.jpg] Left lines: 0, Right lines: 0
[0c984e6d-2b5d7ee4.jpg] Left lines: 0, Right lines: 0
[0cb67a01-7cf1687e.jpg] Left lines: 0, Right lines: 0
[0cb67a01-7cf1687e.jpg] Left lines: 2, Right lines: 0
[0cc6f3e8-b4c9e348.jpg] Left lines: 0, Right lines: 0
[0cc6f3e8-b4c9e348.jpg] Left lines: 12, Right lines: 7
[0cf398b3-ce65ab64.jpg] Left lines: 0, Right lines: 0
[0cf398b3-ce65ab64.jpg] Left lines: 0, Right lines: 0
[0d3ec56a-f4cead6f.jpg] Left lines: 0, Right lines: 0
[0d3ec56a-f4cead6f.jpg] Left lines: 0, Right lines: 0
[0d61234a-542010b2.jpg] Left lines: 0, Right lines: 0
[0d61234a-542010b2.jpg] Left lines: 0, Right lines: 14
[0e442b65-b17e0b50.jpg] Left lines: 0, Right lines: 0
[0e442b65-b17e0b50.jpg] Left lines: 0, Right lines: 0
[0e5c7e92-0d9c60f0.jpg] Left lines: 0, Right lines: 0
[0e5c7e92-0d9c60f0.jpg] Left lines: 4, Right lines: 0
[0f837def-9646c091.jpg] Left lines: 0, Right lines: 0
[0f837def-9646c091.jpg] Left lines: 3, Right lines: 0
[0fba84f9-73b520ee.jpg] Left lines: 0, Right lines: 0
[0fba84f9-73b520ee.jpg] Left lines: 3, Right lines: 0
[101a0964-930eae70.jpg] Left lines: 0, Right lines: 0
[101a0964-930eae70.jpg] Left lines: 0, Right lines: 0
[10389fe8-433c740c.jpg] Left lines: 0, Right lines: 0
[10389fe8-433c740c.jpg] Left lines: 0, Right lines: 0
[10453a95-40759ac3.jpg] Left lines: 0, Right lines: 0
[10453a95-40759ac3.jpg] Left lines: 0, Right lines: 0
[1072195f-0a161ade.jpg] Left lines: 0, Right lines: 0
[1072195f-0a161ade.jpg] Left lines: 1, Right lines: 0
[1072195f-6cf88b25.jpg] Left lines: 0, Right lines: 0
[1072195f-6cf88b25.jpg] Left lines: 0, Right lines: 1
[11513e3d-150058c3.jpg] Left lines: 0, Right lines: 0
[11513e3d-150058c3.jpg] Left lines: 2, Right lines: 11
[1189ae68-1a8ad3c6.jpg] Left lines: 0, Right lines: 0
[1189ae68-1a8ad3c6.jpg] Left lines: 0, Right lines: 0
[12076ebb-c07285d7.jpg] Left lines: 0, Right lines: 0
[12076ebb-c07285d7.jpg] Left lines: 6, Right lines: 4
[125134e5-7dfc45b9.jpg] Left lines: 0, Right lines: 0
[125134e5-7dfc45b9.jpg] Left lines: 0, Right lines: 0
[12ae9ab8-794f5adc.jpg] Left lines: 0, Right lines: 0
[12ae9ab8-794f5adc.jpg] Left lines: 0, Right lines: 0
[13f61134-50021e53.jpg] Left lines: 0, Right lines: 0
[13f61134-50021e53.jpg] Left lines: 0, Right lines: 0
[14eace5a-ddf3b303.jpg] Left lines: 0, Right lines: 0
[14eace5a-ddf3b303.jpg] Left lines: 5, Right lines: 0
[1608cfe7-32da2c5d.jpg] Left lines: 0, Right lines: 0
[1608cfe7-32da2c5d.jpg] Left lines: 0, Right lines: 4
[162995f1-d2c7d259.jpg] Left lines: 0, Right lines: 0
[162995f1-d2c7d259.jpg] Left lines: 1, Right lines: 0
[16b0973f-c07b564a.jpg] Left lines: 0, Right lines: 0
[16b0973f-c07b564a.jpg] Left lines: 0, Right lines: 4
[1784d67b-6b223914.jpg] Left lines: 0, Right lines: 0
[1784d67b-6b223914.jpg] Left lines: 0, Right lines: 0
[1784d67b-d76145ce.jpg] Left lines: 0, Right lines: 0
[1784d67b-d76145ce.jpg] Left lines: 0, Right lines: 0
[188c58f3-792afc71.jpg] Left lines: 0, Right lines: 0
[188c58f3-792afc71.jpg] Left lines: 0, Right lines: 0
[193f7f3b-84bc7998.jpg] Left lines: 0, Right lines: 0
[193f7f3b-84bc7998.jpg] Left lines: 0, Right lines: 0
[194058b0-ac0616a6.jpg] Left lines: 0, Right lines: 0
[194058b0-ac0616a6.jpg] Left lines: 2, Right lines: 0
[19e56249-09c4bbc6.jpg] Left lines: 0, Right lines: 0
[19e56249-09c4bbc6.jpg] Left lines: 0, Right lines: 0
[1a71faae-d5f255fd.jpg] Left lines: 0, Right lines: 0
[1a71faae-d5f255fd.jpg] Left lines: 0, Right lines: 0
[1a8992a7-da5a8510.jpg] Left lines: 0, Right lines: 0
[1a8992a7-da5a8510.jpg] Left lines: 0, Right lines: 0
[1ac0178c-0b259360.jpg] Left lines: 0, Right lines: 0
[1ac0178c-0b259360.jpg] Left lines: 0, Right lines: 0
[1b30f76f-95aa8a06.jpg] Left lines: 0, Right lines: 0
[1b30f76f-95aa8a06.jpg] Left lines: 0, Right lines: 0
[1bda5a26-420ceea6.jpg] Left lines: 0, Right lines: 0
[1bda5a26-420ceea6.jpg] Left lines: 0, Right lines: 0
[1bf7f3d2-15f95138.jpg] Left lines: 0, Right lines: 0
[1bf7f3d2-15f95138.jpg] Left lines: 0, Right lines: 12
[1c227a12-10e5552c.jpg] Left lines: 0, Right lines: 0
[1c227a12-10e5552c.jpg] Left lines: 0, Right lines: 0
[1c227a12-ec67af93.jpg] Left lines: 0, Right lines: 0
[1c227a12-ec67af93.jpg] Left lines: 4, Right lines: 0
[1c5e9657-2e2a2863.jpg] Left lines: 0, Right lines: 0
[1c5e9657-2e2a2863.jpg] Left lines: 0, Right lines: 0
[1cb2a89b-4594573e.jpg] Left lines: 0, Right lines: 0
[1cb2a89b-4594573e.jpg] Left lines: 0, Right lines: 0
[1cf54809-c6daa5a9.jpg] Left lines: 0, Right lines: 0
[1cf54809-c6daa5a9.jpg] Left lines: 20, Right lines: 12
[1d5e05f8-5020f67d.jpg] Left lines: 0, Right lines: 0
[1d5e05f8-5020f67d.jpg] Left lines: 2, Right lines: 0
[1e57ae90-806bc767.jpg] Left lines: 0, Right lines: 0
[1e57ae90-806bc767.jpg] Left lines: 0, Right lines: 2
[1f959fdd-6ff63d34.jpg] Left lines: 0, Right lines: 0
[1f959fdd-6ff63d34.jpg] Left lines: 0, Right lines: 3
[1fa65acf-d43367bc.jpg] Left lines: 0, Right lines: 0
[1fa65acf-d43367bc.jpg] Left lines: 2, Right lines: 0
[20cfadfa-47711496.jpg] Left lines: 0, Right lines: 0
[20cfadfa-47711496.jpg] Left lines: 5, Right lines: 2
[20cfadfa-6f87fdc1.jpg] Left lines: 0, Right lines: 0
[20cfadfa-6f87fdc1.jpg] Left lines: 19, Right lines: 0
[225a1858-0e3a4b04.jpg] Left lines: 0, Right lines: 0
[225a1858-0e3a4b04.jpg] Left lines: 0, Right lines: 0
[22be2f14-59fbdca0.jpg] Left lines: 0, Right lines: 0
[22be2f14-59fbdca0.jpg] Left lines: 0, Right lines: 8
[23333f35-0cbc3f0f.jpg] Left lines: 0, Right lines: 0
[23333f35-0cbc3f0f.jpg] Left lines: 4, Right lines: 0
[23df146f-64b50e4c.jpg] Left lines: 0, Right lines: 0
[23df146f-64b50e4c.jpg] Left lines: 0, Right lines: 0
[24392d7c-998011c2.jpg] Left lines: 0, Right lines: 0
[24392d7c-998011c2.jpg] Left lines: 0, Right lines: 0
[250e7595-b14da270.jpg] Left lines: 0, Right lines: 0
[250e7595-b14da270.jpg] Left lines: 2, Right lines: 0
[26190b83-39ccb412.jpg] Left lines: 0, Right lines: 0
[26190b83-39ccb412.jpg] Left lines: 0, Right lines: 5
[272d52f6-8aac36b3.jpg] Left lines: 0, Right lines: 0
[272d52f6-8aac36b3.jpg] Left lines: 0, Right lines: 0
[2752681a-e813599a.jpg] Left lines: 0, Right lines: 0
[2752681a-e813599a.jpg] Left lines: 0, Right lines: 0
[27645526-f038b033.jpg] Left lines: 0, Right lines: 0
[27645526-f038b033.jpg] Left lines: 20, Right lines: 0
[2773af6f-23e23a6b.jpg] Left lines: 0, Right lines: 0
[2773af6f-23e23a6b.jpg] Left lines: 3, Right lines: 0
[28faf684-03ef4c6e.jpg] Left lines: 0, Right lines: 0
[28faf684-03ef4c6e.jpg] Left lines: 0, Right lines: 0
[292720ee-d847ee69.jpg] Left lines: 0, Right lines: 0
[292720ee-d847ee69.jpg] Left lines: 0, Right lines: 0
[2b54fe2d-c5b810e6.jpg] Left lines: 0, Right lines: 0
[2b54fe2d-c5b810e6.jpg] Left lines: 9, Right lines: 0
[2b605c48-8dfe352b.jpg] Left lines: 0, Right lines: 0
[2b605c48-8dfe352b.jpg] Left lines: 0, Right lines: 9
[2beccce2-354608e2.jpg] Left lines: 0, Right lines: 0
[2beccce2-354608e2.jpg] Left lines: 0, Right lines: 0
[2c87e51d-aa7a8031.jpg] Left lines: 0, Right lines: 0
[2c87e51d-aa7a8031.jpg] Left lines: 4, Right lines: 0
[2ce0b449-e818dc97.jpg] Left lines: 0, Right lines: 0
[2ce0b449-e818dc97.jpg] Left lines: 0, Right lines: 0
[2cf976a2-479cd46b.jpg] Left lines: 0, Right lines: 0
[2cf976a2-479cd46b.jpg] Left lines: 0, Right lines: 0
[2e2fae77-b7497ca0.jpg] Left lines: 0, Right lines: 0
[2e2fae77-b7497ca0.jpg] Left lines: 0, Right lines: 0
[2ead8042-2493c03f.jpg] Left lines: 0, Right lines: 0
[2ead8042-2493c03f.jpg] Left lines: 2, Right lines: 0
[2f1864c1-1a17d11c.jpg] Left lines: 0, Right lines: 0
[2f1864c1-1a17d11c.jpg] Left lines: 0, Right lines: 0
[2f879dc0-b09e4824.jpg] Left lines: 0, Right lines: 0
[2f879dc0-b09e4824.jpg] Left lines: 0, Right lines: 13
[2fc9ad1e-ee4c9e43.jpg] Left lines: 0, Right lines: 0
[2fc9ad1e-ee4c9e43.jpg] Left lines: 0, Right lines: 0
[3050b249-0ffbd6ec.jpg] Left lines: 0, Right lines: 0
[3050b249-0ffbd6ec.jpg] Left lines: 0, Right lines: 0
[314cc010-3eab5c90.jpg] Left lines: 0, Right lines: 0
[314cc010-3eab5c90.jpg] Left lines: 0, Right lines: 0
[31765c6b-90b0d612.jpg] Left lines: 0, Right lines: 0
[31765c6b-90b0d612.jpg] Left lines: 0, Right lines: 0
[31cf6eba-5c84c636.jpg] Left lines: 0, Right lines: 0
[31cf6eba-5c84c636.jpg] Left lines: 0, Right lines: 0
[32de2244-122f1783.jpg] Left lines: 0, Right lines: 0
[32de2244-122f1783.jpg] Left lines: 0, Right lines: 4
[33420085-32996107.jpg] Left lines: 0, Right lines: 0
[33420085-32996107.jpg] Left lines: 15, Right lines: 0
[3430a5e6-00ec38d2.jpg] Left lines: 0, Right lines: 0
[3430a5e6-00ec38d2.jpg] Left lines: 9, Right lines: 0
[35eb46d0-8f7e28a0.jpg] Left lines: 0, Right lines: 0
[35eb46d0-8f7e28a0.jpg] Left lines: 15, Right lines: 3
[3735fc3d-69d8b80c.jpg] Left lines: 0, Right lines: 0
[3735fc3d-69d8b80c.jpg] Left lines: 0, Right lines: 0
[3740cd4f-ff1d423d.jpg] Left lines: 0, Right lines: 0
[3740cd4f-ff1d423d.jpg] Left lines: 4, Right lines: 5
[375abba2-9f2ed56c.jpg] Left lines: 0, Right lines: 0
[375abba2-9f2ed56c.jpg] Left lines: 0, Right lines: 0
[37723e55-31730cf5.jpg] Left lines: 0, Right lines: 0
[37723e55-31730cf5.jpg] Left lines: 0, Right lines: 0
[380a3f8e-ba4f0def.jpg] Left lines: 0, Right lines: 0
[380a3f8e-ba4f0def.jpg] Left lines: 0, Right lines: 0
[385b0f61-1aee12ef.jpg] Left lines: 0, Right lines: 0
[385b0f61-1aee12ef.jpg] Left lines: 0, Right lines: 0
[3865fea7-b4fe472d.jpg] Left lines: 0, Right lines: 0
[3865fea7-b4fe472d.jpg] Left lines: 0, Right lines: 0
[38e561dd-8ea8ae2d.jpg] Left lines: 0, Right lines: 0
[38e561dd-8ea8ae2d.jpg] Left lines: 5, Right lines: 19
[38ed8d8d-93c48de2.jpg] Left lines: 0, Right lines: 0
[38ed8d8d-93c48de2.jpg] Left lines: 0, Right lines: 0
[38ed8d8d-b1c230ef.jpg] Left lines: 0, Right lines: 0
[38ed8d8d-b1c230ef.jpg] Left lines: 0, Right lines: 0
[38ed8d8d-fa50400c.jpg] Left lines: 0, Right lines: 0
[38ed8d8d-fa50400c.jpg] Left lines: 10, Right lines: 0
[3900ad8c-8834019f.jpg] Left lines: 0, Right lines: 0
[3900ad8c-8834019f.jpg] Left lines: 0, Right lines: 0
[39ddb110-04604b9c.jpg] Left lines: 0, Right lines: 0
[39ddb110-04604b9c.jpg] Left lines: 1, Right lines: 7
[39fc6d1c-6155351d.jpg] Left lines: 0, Right lines: 0
[39fc6d1c-6155351d.jpg] Left lines: 0, Right lines: 4
[3a278d39-b92df256.jpg] Left lines: 0, Right lines: 0
[3a278d39-b92df256.jpg] Left lines: 0, Right lines: 0
[3a3407a2-df8ea956.jpg] Left lines: 0, Right lines: 0
[3a3407a2-df8ea956.jpg] Left lines: 0, Right lines: 0
[3ad0c4a7-2a3d544e.jpg] Left lines: 0, Right lines: 0
[3ad0c4a7-2a3d544e.jpg] Left lines: 2, Right lines: 1
[3b1e1bc1-ee64e36e.jpg] Left lines: 0, Right lines: 0
[3b1e1bc1-ee64e36e.jpg] Left lines: 4, Right lines: 0
[3b44ef5a-c09e8479.jpg] Left lines: 0, Right lines: 0
[3b44ef5a-c09e8479.jpg] Left lines: 14, Right lines: 0
[3b563c5e-0102edaf.jpg] Left lines: 0, Right lines: 0
[3b563c5e-0102edaf.jpg] Left lines: 0, Right lines: 0
[3b9716a6-d2566395.jpg] Left lines: 0, Right lines: 0
[3b9716a6-d2566395.jpg] Left lines: 0, Right lines: 0
[3c0bbdc2-79baffce.jpg] Left lines: 0, Right lines: 0
[3c0bbdc2-79baffce.jpg] Left lines: 0, Right lines: 0
[3c5752b6-9c0bdf98.jpg] Left lines: 0, Right lines: 0
[3c5752b6-9c0bdf98.jpg] Left lines: 0, Right lines: 0
[3c95ae26-68abac3f.jpg] Left lines: 0, Right lines: 0
[3c95ae26-68abac3f.jpg] Left lines: 0, Right lines: 0
[3e0f1745-a95a63ad.jpg] Left lines: 0, Right lines: 0
[3e0f1745-a95a63ad.jpg] Left lines: 4, Right lines: 1
[3f4eb6a6-9eee52f9.jpg] Left lines: 0, Right lines: 0
[3f4eb6a6-9eee52f9.jpg] Left lines: 0, Right lines: 0
[3f85a987-1ef4053b.jpg] Left lines: 0, Right lines: 0
[3f85a987-1ef4053b.jpg] Left lines: 0, Right lines: 0
[3fe1feaa-10126fec.jpg] Left lines: 0, Right lines: 0
[3fe1feaa-10126fec.jpg] Left lines: 0, Right lines: 0
[3ffdaa26-b394f6f8.jpg] Left lines: 0, Right lines: 0
[3ffdaa26-b394f6f8.jpg] Left lines: 1, Right lines: 7
[4027c10d-41d54e9b.jpg] Left lines: 0, Right lines: 0
[4027c10d-41d54e9b.jpg] Left lines: 0, Right lines: 4
[428e99ea-4166e549.jpg] Left lines: 0, Right lines: 0
[428e99ea-4166e549.jpg] Left lines: 4, Right lines: 0
[42e0dd11-74b81997.jpg] Left lines: 0, Right lines: 0
[42e0dd11-74b81997.jpg] Left lines: 0, Right lines: 0
[430395d1-931c959e.jpg] Left lines: 0, Right lines: 0
[430395d1-931c959e.jpg] Left lines: 8, Right lines: 1
[43126e0d-495d04a5.jpg] Left lines: 0, Right lines: 0
[43126e0d-495d04a5.jpg] Left lines: 0, Right lines: 0
[43126e0d-cce96832.jpg] Left lines: 0, Right lines: 0
[43126e0d-cce96832.jpg] Left lines: 13, Right lines: 1
[432f9e20-83a0d96c.jpg] Left lines: 0, Right lines: 0
[432f9e20-83a0d96c.jpg] Left lines: 0, Right lines: 0
[43c7ed5c-b0690325.jpg] Left lines: 0, Right lines: 0
[43c7ed5c-b0690325.jpg] Left lines: 1, Right lines: 2
[44cc16d9-d2e06fd6.jpg] Left lines: 0, Right lines: 0
[44cc16d9-d2e06fd6.jpg] Left lines: 0, Right lines: 0
[45bafa98-1ee18a2f.jpg] Left lines: 0, Right lines: 0
[45bafa98-1ee18a2f.jpg] Left lines: 0, Right lines: 0
[46d048a1-8f7f385c.jpg] Left lines: 0, Right lines: 0
[46d048a1-8f7f385c.jpg] Left lines: 0, Right lines: 0
[46f76df9-8bf77914.jpg] Left lines: 0, Right lines: 0
[46f76df9-8bf77914.jpg] Left lines: 11, Right lines: 13
[480263a0-5aad7ae9.jpg] Left lines: 0, Right lines: 0
[480263a0-5aad7ae9.jpg] Left lines: 0, Right lines: 38
[488480d6-b94cf415.jpg] Left lines: 0, Right lines: 0
[488480d6-b94cf415.jpg] Left lines: 1, Right lines: 11
[48ed707e-5062e4c3.jpg] Left lines: 0, Right lines: 0
[48ed707e-5062e4c3.jpg] Left lines: 0, Right lines: 0
[4a289ff2-7da7feb6.jpg] Left lines: 0, Right lines: 0
[4a289ff2-7da7feb6.jpg] Left lines: 1, Right lines: 2
[4a31f3e3-ac7ed780.jpg] Left lines: 0, Right lines: 0
[4a31f3e3-ac7ed780.jpg] Left lines: 0, Right lines: 0
[4b2e1dde-65b54419.jpg] Left lines: 0, Right lines: 0
[4b2e1dde-65b54419.jpg] Left lines: 0, Right lines: 0
[4d4a590b-4332c5ab.jpg] Left lines: 0, Right lines: 0
[4d4a590b-4332c5ab.jpg] Left lines: 0, Right lines: 0
[5069db50-52f5af30.jpg] Left lines: 0, Right lines: 0
[5069db50-52f5af30.jpg] Left lines: 0, Right lines: 2
[50866f46-30d1f303.jpg] Left lines: 0, Right lines: 0
[50866f46-30d1f303.jpg] Left lines: 4, Right lines: 0
[50b115d6-4b08a666.jpg] Left lines: 0, Right lines: 0
[50b115d6-4b08a666.jpg] Left lines: 0, Right lines: 0
[50b2e757-6c7d0f63.jpg] Left lines: 0, Right lines: 0
[50b2e757-6c7d0f63.jpg] Left lines: 0, Right lines: 0
[50d0fd05-8db58ebd.jpg] Left lines: 0, Right lines: 0
[50d0fd05-8db58ebd.jpg] Left lines: 1, Right lines: 0
[510671e9-603795e0.jpg] Left lines: 0, Right lines: 0
[510671e9-603795e0.jpg] Left lines: 1, Right lines: 2
[514a6d58-0790e0cd.jpg] Left lines: 0, Right lines: 0
[514a6d58-0790e0cd.jpg] Left lines: 0, Right lines: 0
[5150bb50-300d52ce.jpg] Left lines: 0, Right lines: 0
[5150bb50-300d52ce.jpg] Left lines: 1, Right lines: 13
[52799e9e-8c8673f3.jpg] Left lines: 0, Right lines: 0
[52799e9e-8c8673f3.jpg] Left lines: 0, Right lines: 0
[52bda346-fd8ac6e7.jpg] Left lines: 0, Right lines: 0
[52bda346-fd8ac6e7.jpg] Left lines: 0, Right lines: 0
[534418ba-ee05398f.jpg] Left lines: 0, Right lines: 0
[534418ba-ee05398f.jpg] Left lines: 0, Right lines: 0
[54360b72-e00a3f70.jpg] Left lines: 0, Right lines: 0
[54360b72-e00a3f70.jpg] Left lines: 0, Right lines: 9
[554d7cd5-a32486dd.jpg] Left lines: 0, Right lines: 0
[554d7cd5-a32486dd.jpg] Left lines: 0, Right lines: 0
[559fed19-7893646f.jpg] Left lines: 0, Right lines: 0
[559fed19-7893646f.jpg] Left lines: 0, Right lines: 0
[57165857-e4d4a47f.jpg] Left lines: 0, Right lines: 0
[57165857-e4d4a47f.jpg] Left lines: 0, Right lines: 0
[5795bfe7-a599384a.jpg] Left lines: 0, Right lines: 0
[5795bfe7-a599384a.jpg] Left lines: 0, Right lines: 1
[57ac74e2-e86131f1.jpg] Left lines: 0, Right lines: 0
[57ac74e2-e86131f1.jpg] Left lines: 0, Right lines: 17
[57b495f2-6da6b1e5.jpg] Left lines: 0, Right lines: 0
[57b495f2-6da6b1e5.jpg] Left lines: 0, Right lines: 0
[585443c8-2621a6b1.jpg] Left lines: 0, Right lines: 0
[585443c8-2621a6b1.jpg] Left lines: 0, Right lines: 0
[5877b384-2545daf4.jpg] Left lines: 0, Right lines: 0
[5877b384-2545daf4.jpg] Left lines: 16, Right lines: 0
[587bb1bf-1aa00fe5.jpg] Left lines: 0, Right lines: 0
[587bb1bf-1aa00fe5.jpg] Left lines: 1, Right lines: 0
[5995c288-2d152172.jpg] Left lines: 0, Right lines: 0
[5995c288-2d152172.jpg] Left lines: 0, Right lines: 0
[59cde7c7-344bffb1.jpg] Left lines: 0, Right lines: 0
[59cde7c7-344bffb1.jpg] Left lines: 0, Right lines: 0
[5a8f9b5d-1fdfd2d4.jpg] Left lines: 0, Right lines: 0
[5a8f9b5d-1fdfd2d4.jpg] Left lines: 20, Right lines: 2
[5ae83f9c-da990b49.jpg] Left lines: 0, Right lines: 0
[5ae83f9c-da990b49.jpg] Left lines: 0, Right lines: 5
[5b2b4881-67a6cb87.jpg] Left lines: 0, Right lines: 0
[5b2b4881-67a6cb87.jpg] Left lines: 0, Right lines: 1
[5b2fd56a-37759b05.jpg] Left lines: 0, Right lines: 0
[5b2fd56a-37759b05.jpg] Left lines: 4, Right lines: 0
[5b4b0b07-2fb56b82.jpg] Left lines: 0, Right lines: 0
[5b4b0b07-2fb56b82.jpg] Left lines: 0, Right lines: 0
[5bc44a50-c371c4d0.jpg] Left lines: 0, Right lines: 0
[5bc44a50-c371c4d0.jpg] Left lines: 2, Right lines: 0
[5c4004b7-bf3b7941.jpg] Left lines: 0, Right lines: 0
[5c4004b7-bf3b7941.jpg] Left lines: 0, Right lines: 0
[5c534f5f-a76c7f4b.jpg] Left lines: 0, Right lines: 0
[5c534f5f-a76c7f4b.jpg] Left lines: 0, Right lines: 0
[5c5dc708-35460444.jpg] Left lines: 0, Right lines: 0
[5c5dc708-35460444.jpg] Left lines: 0, Right lines: 0
[5da6c6b6-76c54605.jpg] Left lines: 0, Right lines: 0
[5da6c6b6-76c54605.jpg] Left lines: 1, Right lines: 0
[5dc5141c-5890b5b1.jpg] Left lines: 0, Right lines: 0
[5dc5141c-5890b5b1.jpg] Left lines: 0, Right lines: 0
[5dd831da-bd00cf03.jpg] Left lines: 0, Right lines: 0
[5dd831da-bd00cf03.jpg] Left lines: 0, Right lines: 0
[5dfb063f-7bd23d5c.jpg] Left lines: 0, Right lines: 0
[5dfb063f-7bd23d5c.jpg] Left lines: 0, Right lines: 2
[5e0b701e-d443d8c2.jpg] Left lines: 0, Right lines: 0
[5e0b701e-d443d8c2.jpg] Left lines: 2, Right lines: 0
[5e26f49d-0bc53c7e.jpg] Left lines: 0, Right lines: 0
[5e26f49d-0bc53c7e.jpg] Left lines: 0, Right lines: 0
[5e26f49d-9271bf00.jpg] Left lines: 0, Right lines: 0
[5e26f49d-9271bf00.jpg] Left lines: 0, Right lines: 0
[5e625ec3-7b4fc682.jpg] Left lines: 0, Right lines: 0
[5e625ec3-7b4fc682.jpg] Left lines: 0, Right lines: 0
[5f9387ff-330136ae.jpg] Left lines: 0, Right lines: 0
[5f9387ff-330136ae.jpg] Left lines: 0, Right lines: 0
[5fa17a25-88b8e6b9.jpg] Left lines: 0, Right lines: 0
[5fa17a25-88b8e6b9.jpg] Left lines: 1, Right lines: 0
[5fa422e1-2d8dd765.jpg] Left lines: 0, Right lines: 0
[5fa422e1-2d8dd765.jpg] Left lines: 16, Right lines: 0
[5fb2a702-f56a339c.jpg] Left lines: 0, Right lines: 0
[5fb2a702-f56a339c.jpg] Left lines: 2, Right lines: 0
[6011831b-0992e205.jpg] Left lines: 0, Right lines: 0
[6011831b-0992e205.jpg] Left lines: 0, Right lines: 0
[60137cc0-428b8f5b.jpg] Left lines: 0, Right lines: 0
[60137cc0-428b8f5b.jpg] Left lines: 0, Right lines: 0
[604b5b3e-3c2e6b6b.jpg] Left lines: 0, Right lines: 0
[604b5b3e-3c2e6b6b.jpg] Left lines: 3, Right lines: 6
[6092f5a2-424550ba.jpg] Left lines: 0, Right lines: 0
[6092f5a2-424550ba.jpg] Left lines: 15, Right lines: 0
[60ba25dd-6c0df417.jpg] Left lines: 0, Right lines: 0
[60ba25dd-6c0df417.jpg] Left lines: 0, Right lines: 0
[60c678e7-4813ae0f.jpg] Left lines: 0, Right lines: 0
[60c678e7-4813ae0f.jpg] Left lines: 3, Right lines: 0
[614ecada-16b0f8b6.jpg] Left lines: 0, Right lines: 0
[614ecada-16b0f8b6.jpg] Left lines: 4, Right lines: 0
[61e4ad87-53ceb455.jpg] Left lines: 0, Right lines: 0
[61e4ad87-53ceb455.jpg] Left lines: 6, Right lines: 0
[6240d7b3-b51b5788.jpg] Left lines: 0, Right lines: 0
[6240d7b3-b51b5788.jpg] Left lines: 0, Right lines: 0
[62aefb36-b685117f.jpg] Left lines: 0, Right lines: 0
[62aefb36-b685117f.jpg] Left lines: 0, Right lines: 0
[634c1785-3bb9a8a2.jpg] Left lines: 0, Right lines: 0
[634c1785-3bb9a8a2.jpg] Left lines: 0, Right lines: 0
[634c1785-aeb1652f.jpg] Left lines: 0, Right lines: 0
[634c1785-aeb1652f.jpg] Left lines: 7, Right lines: 0
[63f73472-028615f1.jpg] Left lines: 0, Right lines: 0
[63f73472-028615f1.jpg] Left lines: 5, Right lines: 0
[6485ad0a-245d1600.jpg] Left lines: 0, Right lines: 0
[6485ad0a-245d1600.jpg] Left lines: 0, Right lines: 0
[648dc925-e359dbec.jpg] Left lines: 0, Right lines: 0
[648dc925-e359dbec.jpg] Left lines: 7, Right lines: 0
[65edc5a1-f309fed7.jpg] Left lines: 0, Right lines: 0
[65edc5a1-f309fed7.jpg] Left lines: 0, Right lines: 0
[661381d9-1114a810.jpg] Left lines: 0, Right lines: 0
[661381d9-1114a810.jpg] Left lines: 4, Right lines: 0
[664cb246-f84cfaf4.jpg] Left lines: 0, Right lines: 0
[664cb246-f84cfaf4.jpg] Left lines: 8, Right lines: 0
[675cf8fa-4b1ce8b9.jpg] Left lines: 0, Right lines: 0
[675cf8fa-4b1ce8b9.jpg] Left lines: 7, Right lines: 0
[67faeadf-eb09a636.jpg] Left lines: 0, Right lines: 0
[67faeadf-eb09a636.jpg] Left lines: 0, Right lines: 0
[691be377-5dbc29ee.jpg] Left lines: 0, Right lines: 0
[691be377-5dbc29ee.jpg] Left lines: 0, Right lines: 0
[692f1303-05178963.jpg] Left lines: 0, Right lines: 0
[692f1303-05178963.jpg] Left lines: 1, Right lines: 4
[692f9b08-bdbbd729.jpg] Left lines: 0, Right lines: 0
[692f9b08-bdbbd729.jpg] Left lines: 15, Right lines: 0
[69bfbe31-5ee2a642.jpg] Left lines: 0, Right lines: 0
[69bfbe31-5ee2a642.jpg] Left lines: 3, Right lines: 3
[69cf7667-68f59649.jpg] Left lines: 0, Right lines: 0
[69cf7667-68f59649.jpg] Left lines: 8, Right lines: 14
[69cf7667-7eb40860.jpg] Left lines: 0, Right lines: 0
[69cf7667-7eb40860.jpg] Left lines: 0, Right lines: 1
[6a44fb9a-05a3dd18.jpg] Left lines: 0, Right lines: 0
[6a44fb9a-05a3dd18.jpg] Left lines: 4, Right lines: 12
[6a793e80-4f5e207f.jpg] Left lines: 0, Right lines: 0
[6a793e80-4f5e207f.jpg] Left lines: 0, Right lines: 0
[6a82c0d6-b31f6b90.jpg] Left lines: 0, Right lines: 0
[6a82c0d6-b31f6b90.jpg] Left lines: 0, Right lines: 0
[6a8d218d-14e4fa28.jpg] Left lines: 0, Right lines: 0
[6a8d218d-14e4fa28.jpg] Left lines: 0, Right lines: 0
[6ad110c3-789e7724.jpg] Left lines: 0, Right lines: 0
[6ad110c3-789e7724.jpg] Left lines: 0, Right lines: 0
[6b15392a-3a1699fd.jpg] Left lines: 0, Right lines: 0
[6b15392a-3a1699fd.jpg] Left lines: 0, Right lines: 0
[6b784eee-0a5a2c89.jpg] Left lines: 0, Right lines: 0
[6b784eee-0a5a2c89.jpg] Left lines: 0, Right lines: 0
[6bb5a881-15e5c2c4.jpg] Left lines: 0, Right lines: 0
[6bb5a881-15e5c2c4.jpg] Left lines: 0, Right lines: 0
[6bd41587-d65ba5b4.jpg] Left lines: 0, Right lines: 0
[6bd41587-d65ba5b4.jpg] Left lines: 0, Right lines: 0
[6d0d7bef-fb11b6e1.jpg] Left lines: 0, Right lines: 0
[6d0d7bef-fb11b6e1.jpg] Left lines: 0, Right lines: 0
[6d57736c-a35808b9.jpg] Left lines: 0, Right lines: 0
[6d57736c-a35808b9.jpg] Left lines: 0, Right lines: 0
[6d8a6d94-00a7ad92.jpg] Left lines: 0, Right lines: 0
[6d8a6d94-00a7ad92.jpg] Left lines: 0, Right lines: 0
[6eeed3fa-87a1b0c9.jpg] Left lines: 0, Right lines: 0
[6eeed3fa-87a1b0c9.jpg] Left lines: 0, Right lines: 0
[701992bd-8a457895.jpg] Left lines: 0, Right lines: 0
[701992bd-8a457895.jpg] Left lines: 0, Right lines: 15
[7171644d-4e74752e.jpg] Left lines: 0, Right lines: 0
[7171644d-4e74752e.jpg] Left lines: 0, Right lines: 0
[7171644d-ee92c71e.jpg] Left lines: 0, Right lines: 0
[7171644d-ee92c71e.jpg] Left lines: 0, Right lines: 0
[72f22fa5-8af4615c.jpg] Left lines: 0, Right lines: 0
[72f22fa5-8af4615c.jpg] Left lines: 2, Right lines: 0
[72fd00fe-aeadfc89.jpg] Left lines: 0, Right lines: 0
[72fd00fe-aeadfc89.jpg] Left lines: 0, Right lines: 0
[730c67a5-563e9b1f.jpg] Left lines: 0, Right lines: 0
[730c67a5-563e9b1f.jpg] Left lines: 0, Right lines: 0
[738a2bcd-7a6fde0d.jpg] Left lines: 0, Right lines: 0
[738a2bcd-7a6fde0d.jpg] Left lines: 3, Right lines: 0
[73aff960-d46366ec.jpg] Left lines: 0, Right lines: 0
[73aff960-d46366ec.jpg] Left lines: 0, Right lines: 0
[73d338d6-edf0b3db.jpg] Left lines: 0, Right lines: 0
[73d338d6-edf0b3db.jpg] Left lines: 0, Right lines: 0
[75ad1fff-77299093.jpg] Left lines: 0, Right lines: 0
[75ad1fff-77299093.jpg] Left lines: 0, Right lines: 0
[75f5f52c-6b67e736.jpg] Left lines: 0, Right lines: 0
[75f5f52c-6b67e736.jpg] Left lines: 0, Right lines: 0
[777005a8-14c739ad.jpg] Left lines: 0, Right lines: 0
[777005a8-14c739ad.jpg] Left lines: 0, Right lines: 0
[7771e03b-832e52c0.jpg] Left lines: 0, Right lines: 0
[7771e03b-832e52c0.jpg] Left lines: 0, Right lines: 0
[7771e03b-a8f9d50c.jpg] Left lines: 0, Right lines: 0
[7771e03b-a8f9d50c.jpg] Left lines: 0, Right lines: 0
[7797fea2-c37f9856.jpg] Left lines: 0, Right lines: 0
[7797fea2-c37f9856.jpg] Left lines: 0, Right lines: 0
[77bdbeb0-edb0613f.jpg] Left lines: 0, Right lines: 0
[77bdbeb0-edb0613f.jpg] Left lines: 13, Right lines: 0
[77dca577-16a39ea0.jpg] Left lines: 0, Right lines: 0
[77dca577-16a39ea0.jpg] Left lines: 5, Right lines: 0
[77f810c4-43a39c1f.jpg] Left lines: 0, Right lines: 0
[77f810c4-43a39c1f.jpg] Left lines: 1, Right lines: 0
[7814206e-8e991d51.jpg] Left lines: 0, Right lines: 0
[7814206e-8e991d51.jpg] Left lines: 0, Right lines: 0
[7814206e-ea2508d0.jpg] Left lines: 0, Right lines: 0
[7814206e-ea2508d0.jpg] Left lines: 0, Right lines: 0
[79e177bc-4d5d3acc.jpg] Left lines: 0, Right lines: 0
[79e177bc-4d5d3acc.jpg] Left lines: 0, Right lines: 10
[7aa4ff0f-9d28d8a4.jpg] Left lines: 0, Right lines: 0
[7aa4ff0f-9d28d8a4.jpg] Left lines: 0, Right lines: 5
[7ad1174c-373265eb.jpg] Left lines: 0, Right lines: 0
[7ad1174c-373265eb.jpg] Left lines: 0, Right lines: 0
[7b268b98-e0ec16c3.jpg] Left lines: 0, Right lines: 0
[7b268b98-e0ec16c3.jpg] Left lines: 3, Right lines: 6
[7c5a2048-332896ea.jpg] Left lines: 0, Right lines: 0
[7c5a2048-332896ea.jpg] Left lines: 0, Right lines: 0
[7c5d50c5-7292de37.jpg] Left lines: 0, Right lines: 0
[7c5d50c5-7292de37.jpg] Left lines: 0, Right lines: 12
[7d1fe115-936a2f47.jpg] Left lines: 0, Right lines: 0
[7d1fe115-936a2f47.jpg] Left lines: 0, Right lines: 12
[7dc2914d-a20a969a.jpg] Left lines: 0, Right lines: 0
[7dc2914d-a20a969a.jpg] Left lines: 0, Right lines: 0
[7e4ab78b-4a62c63e.jpg] Left lines: 0, Right lines: 0
[7e4ab78b-4a62c63e.jpg] Left lines: 2, Right lines: 0
[7e590c49-93f03732.jpg] Left lines: 0, Right lines: 0
[7e590c49-93f03732.jpg] Left lines: 0, Right lines: 0
[7ed57d0a-d7bcc13d.jpg] Left lines: 0, Right lines: 0
[7ed57d0a-d7bcc13d.jpg] Left lines: 3, Right lines: 0
[7f0ef682-c93899df.jpg] Left lines: 0, Right lines: 0
[7f0ef682-c93899df.jpg] Left lines: 0, Right lines: 0
[7f4ac354-777de900.jpg] Left lines: 0, Right lines: 0
[7f4ac354-777de900.jpg] Left lines: 4, Right lines: 0
[7f9bdf0d-c0e0061f.jpg] Left lines: 0, Right lines: 0
[7f9bdf0d-c0e0061f.jpg] Left lines: 3, Right lines: 0
[7fd14da9-a855494b.jpg] Left lines: 0, Right lines: 0
[7fd14da9-a855494b.jpg] Left lines: 0, Right lines: 0
[801bff84-a72998c7.jpg] Left lines: 0, Right lines: 0
[801bff84-a72998c7.jpg] Left lines: 16, Right lines: 13
[8073de38-f7eab6ec.jpg] Left lines: 0, Right lines: 0
[8073de38-f7eab6ec.jpg] Left lines: 0, Right lines: 0
[8082ea05-1a7bcd47.jpg] Left lines: 0, Right lines: 0
[8082ea05-1a7bcd47.jpg] Left lines: 3, Right lines: 0
[80ecebc0-ca9605f4.jpg] Left lines: 0, Right lines: 0
[80ecebc0-ca9605f4.jpg] Left lines: 0, Right lines: 0
[81ec3b39-1951f79e.jpg] Left lines: 0, Right lines: 0
[81ec3b39-1951f79e.jpg] Left lines: 14, Right lines: 0
[82b14c0c-79b99258.jpg] Left lines: 0, Right lines: 0
[82b14c0c-79b99258.jpg] Left lines: 0, Right lines: 8
[82b5fc3b-90cadd1b.jpg] Left lines: 0, Right lines: 0
[82b5fc3b-90cadd1b.jpg] Left lines: 2, Right lines: 3
[82f03471-8e304dd5.jpg] Left lines: 0, Right lines: 0
[82f03471-8e304dd5.jpg] Left lines: 3, Right lines: 3
[836fa13a-d6058a12.jpg] Left lines: 0, Right lines: 0
[836fa13a-d6058a12.jpg] Left lines: 0, Right lines: 0
[84fb3f59-7d5d1fa4.jpg] Left lines: 0, Right lines: 0
[84fb3f59-7d5d1fa4.jpg] Left lines: 0, Right lines: 0
[8542b4da-7795bcfd.jpg] Left lines: 0, Right lines: 0
[8542b4da-7795bcfd.jpg] Left lines: 0, Right lines: 0
[85f3f250-1fef85ac.jpg] Left lines: 0, Right lines: 0
[85f3f250-1fef85ac.jpg] Left lines: 0, Right lines: 0
[87ca2979-d5158824.jpg] Left lines: 0, Right lines: 0
[87ca2979-d5158824.jpg] Left lines: 0, Right lines: 0
[889b7dda-77f16103.jpg] Left lines: 0, Right lines: 0
[889b7dda-77f16103.jpg] Left lines: 0, Right lines: 0
[88dbf01a-d8b35dee.jpg] Left lines: 0, Right lines: 0
[88dbf01a-d8b35dee.jpg] Left lines: 0, Right lines: 0
[897223bc-6938f1ab.jpg] Left lines: 0, Right lines: 0
[897223bc-6938f1ab.jpg] Left lines: 0, Right lines: 0
[89b7454d-880eacbd.jpg] Left lines: 0, Right lines: 0
[89b7454d-880eacbd.jpg] Left lines: 0, Right lines: 0
[89e85e71-7dd0a7b6.jpg] Left lines: 0, Right lines: 0
[89e85e71-7dd0a7b6.jpg] Left lines: 21, Right lines: 3
[8a4fbffe-47866ce9.jpg] Left lines: 0, Right lines: 0
[8a4fbffe-47866ce9.jpg] Left lines: 0, Right lines: 0
[8a76c101-8bcefc32.jpg] Left lines: 0, Right lines: 0
[8a76c101-8bcefc32.jpg] Left lines: 0, Right lines: 0
[8b7ef6c4-6bbcf25f.jpg] Left lines: 0, Right lines: 0
[8b7ef6c4-6bbcf25f.jpg] Left lines: 11, Right lines: 12
[8bac644e-e0437ead.jpg] Left lines: 0, Right lines: 0
[8bac644e-e0437ead.jpg] Left lines: 0, Right lines: 0
[8c94c649-8ba62efa.jpg] Left lines: 0, Right lines: 0
[8c94c649-8ba62efa.jpg] Left lines: 0, Right lines: 0
[8c9bbaa9-34934b66.jpg] Left lines: 0, Right lines: 0
[8c9bbaa9-34934b66.jpg] Left lines: 0, Right lines: 0
[degraded] rain level_1 (300 images)
[0049e5b8-725e21a0.jpg] Left lines: 11, Right lines: 11
[0049e5b8-725e21a0.jpg] Left lines: 10, Right lines: 13
[0081e27b-17bf4a9e.jpg] Left lines: 8, Right lines: 19
[0081e27b-17bf4a9e.jpg] Left lines: 7, Right lines: 7
[00beeb02-50440dcd.jpg] Left lines: 2, Right lines: 2
[00beeb02-50440dcd.jpg] Left lines: 2, Right lines: 2
[00d4b6b7-7d0a60bf.jpg] Left lines: 14, Right lines: 4
[00d4b6b7-7d0a60bf.jpg] Left lines: 0, Right lines: 0
[01118704-2d838d7f.jpg] Left lines: 8, Right lines: 5
[01118704-2d838d7f.jpg] Left lines: 11, Right lines: 8
[0115917e-14907a6a.jpg] Left lines: 14, Right lines: 11
[0115917e-14907a6a.jpg] Left lines: 19, Right lines: 12
[02188a44-65ad27f3.jpg] Left lines: 27, Right lines: 0
[02188a44-65ad27f3.jpg] Left lines: 26, Right lines: 0
[02494b7b-079febf8.jpg] Left lines: 14, Right lines: 10
[02494b7b-079febf8.jpg] Left lines: 15, Right lines: 13
[029ffd50-dc944dba.jpg] Left lines: 7, Right lines: 6
[029ffd50-dc944dba.jpg] Left lines: 9, Right lines: 6
[0464a98b-860229d5.jpg] Left lines: 8, Right lines: 33
[0464a98b-860229d5.jpg] Left lines: 8, Right lines: 39
[051aadb7-51aad566.jpg] Left lines: 6, Right lines: 1
[051aadb7-51aad566.jpg] Left lines: 2, Right lines: 0
[051aadb7-e953bc4d.jpg] Left lines: 17, Right lines: 15
[051aadb7-e953bc4d.jpg] Left lines: 9, Right lines: 14
[05743a9b-747658e7.jpg] Left lines: 15, Right lines: 17
[05743a9b-747658e7.jpg] Left lines: 7, Right lines: 10
[057af272-6f700aef.jpg] Left lines: 16, Right lines: 10
[057af272-6f700aef.jpg] Left lines: 0, Right lines: 14
[05d62296-30c620d5.jpg] Left lines: 8, Right lines: 2
[05d62296-30c620d5.jpg] Left lines: 10, Right lines: 0
[05e5a68e-f0e05a42.jpg] Left lines: 8, Right lines: 6
[05e5a68e-f0e05a42.jpg] Left lines: 7, Right lines: 10
[05fa6494-8f436d04.jpg] Left lines: 32, Right lines: 23
[05fa6494-8f436d04.jpg] Left lines: 14, Right lines: 19
[060039d9-5218402b.jpg] Left lines: 18, Right lines: 15
[060039d9-5218402b.jpg] Left lines: 17, Right lines: 15
[064aa0d6-f75ff4d5.jpg] Left lines: 9, Right lines: 9
[064aa0d6-f75ff4d5.jpg] Left lines: 9, Right lines: 9
[07de5062-ddddcbd7.jpg] Left lines: 2, Right lines: 5
[07de5062-ddddcbd7.jpg] Left lines: 2, Right lines: 5
[088351d1-30833ddc.jpg] Left lines: 15, Right lines: 8
[088351d1-30833ddc.jpg] Left lines: 12, Right lines: 7
[08a49c01-675d3899.jpg] Left lines: 13, Right lines: 18
[08a49c01-675d3899.jpg] Left lines: 12, Right lines: 15
[08d4285a-4a25b9b6.jpg] Left lines: 6, Right lines: 16
[08d4285a-4a25b9b6.jpg] Left lines: 2, Right lines: 13
[09ac21d6-eefa8ed0.jpg] Left lines: 20, Right lines: 18
[09ac21d6-eefa8ed0.jpg] Left lines: 0, Right lines: 18
[0a0a0b1a-7c39d841.jpg] Left lines: 6, Right lines: 13
[0a0a0b1a-7c39d841.jpg] Left lines: 5, Right lines: 12
[0af6039a-f3c91319.jpg] Left lines: 17, Right lines: 4
[0af6039a-f3c91319.jpg] Left lines: 13, Right lines: 4
[0b2f5d0d-8fddc1fc.jpg] Left lines: 21, Right lines: 11
[0b2f5d0d-8fddc1fc.jpg] Left lines: 16, Right lines: 15
[0b4225f9-bfb10f88.jpg] Left lines: 11, Right lines: 4
[0b4225f9-bfb10f88.jpg] Left lines: 10, Right lines: 3
[0ba08fe3-880ae118.jpg] Left lines: 7, Right lines: 11
[0ba08fe3-880ae118.jpg] Left lines: 5, Right lines: 14
[0c2f33b9-f94d69b5.jpg] Left lines: 18, Right lines: 12
[0c2f33b9-f94d69b5.jpg] Left lines: 12, Right lines: 11
[0c984e6d-2b5d7ee4.jpg] Left lines: 7, Right lines: 4
[0c984e6d-2b5d7ee4.jpg] Left lines: 5, Right lines: 5
[0cb67a01-7cf1687e.jpg] Left lines: 13, Right lines: 3
[0cb67a01-7cf1687e.jpg] Left lines: 14, Right lines: 0
[0cc6f3e8-b4c9e348.jpg] Left lines: 10, Right lines: 28
[0cc6f3e8-b4c9e348.jpg] Left lines: 8, Right lines: 13
[0cf398b3-ce65ab64.jpg] Left lines: 7, Right lines: 0
[0cf398b3-ce65ab64.jpg] Left lines: 7, Right lines: 3
[0d3ec56a-f4cead6f.jpg] Left lines: 8, Right lines: 16
[0d3ec56a-f4cead6f.jpg] Left lines: 0, Right lines: 14
[0d61234a-542010b2.jpg] Left lines: 13, Right lines: 9
[0d61234a-542010b2.jpg] Left lines: 12, Right lines: 20
[0e442b65-b17e0b50.jpg] Left lines: 14, Right lines: 5
[0e442b65-b17e0b50.jpg] Left lines: 10, Right lines: 5
[0e5c7e92-0d9c60f0.jpg] Left lines: 13, Right lines: 13
[0e5c7e92-0d9c60f0.jpg] Left lines: 13, Right lines: 13
[0f837def-9646c091.jpg] Left lines: 10, Right lines: 7
[0f837def-9646c091.jpg] Left lines: 10, Right lines: 9
[0fba84f9-73b520ee.jpg] Left lines: 15, Right lines: 14
[0fba84f9-73b520ee.jpg] Left lines: 15, Right lines: 13
[101a0964-930eae70.jpg] Left lines: 10, Right lines: 14
[101a0964-930eae70.jpg] Left lines: 10, Right lines: 12
[10389fe8-433c740c.jpg] Left lines: 8, Right lines: 15
[10389fe8-433c740c.jpg] Left lines: 7, Right lines: 6
[10453a95-40759ac3.jpg] Left lines: 5, Right lines: 17
[10453a95-40759ac3.jpg] Left lines: 5, Right lines: 9
[1072195f-0a161ade.jpg] Left lines: 15, Right lines: 17
[1072195f-0a161ade.jpg] Left lines: 17, Right lines: 13
[1072195f-6cf88b25.jpg] Left lines: 8, Right lines: 11
[1072195f-6cf88b25.jpg] Left lines: 10, Right lines: 13
[11513e3d-150058c3.jpg] Left lines: 10, Right lines: 22
[11513e3d-150058c3.jpg] Left lines: 7, Right lines: 10
[1189ae68-1a8ad3c6.jpg] Left lines: 14, Right lines: 9
[1189ae68-1a8ad3c6.jpg] Left lines: 13, Right lines: 9
[12076ebb-c07285d7.jpg] Left lines: 4, Right lines: 11
[12076ebb-c07285d7.jpg] Left lines: 7, Right lines: 9
[125134e5-7dfc45b9.jpg] Left lines: 5, Right lines: 11
[125134e5-7dfc45b9.jpg] Left lines: 0, Right lines: 5
[12ae9ab8-794f5adc.jpg] Left lines: 22, Right lines: 12
[12ae9ab8-794f5adc.jpg] Left lines: 9, Right lines: 13
[13f61134-50021e53.jpg] Left lines: 6, Right lines: 9
[13f61134-50021e53.jpg] Left lines: 2, Right lines: 4
[14eace5a-ddf3b303.jpg] Left lines: 29, Right lines: 2
[14eace5a-ddf3b303.jpg] Left lines: 28, Right lines: 5
[1608cfe7-32da2c5d.jpg] Left lines: 10, Right lines: 10
[1608cfe7-32da2c5d.jpg] Left lines: 9, Right lines: 13
[162995f1-d2c7d259.jpg] Left lines: 13, Right lines: 5
[162995f1-d2c7d259.jpg] Left lines: 12, Right lines: 6
[16b0973f-c07b564a.jpg] Left lines: 20, Right lines: 6
[16b0973f-c07b564a.jpg] Left lines: 16, Right lines: 7
[1784d67b-6b223914.jpg] Left lines: 10, Right lines: 11
[1784d67b-6b223914.jpg] Left lines: 8, Right lines: 11
[1784d67b-d76145ce.jpg] Left lines: 7, Right lines: 11
[1784d67b-d76145ce.jpg] Left lines: 7, Right lines: 12
[188c58f3-792afc71.jpg] Left lines: 7, Right lines: 33
[188c58f3-792afc71.jpg] Left lines: 6, Right lines: 19
[193f7f3b-84bc7998.jpg] Left lines: 9, Right lines: 15
[193f7f3b-84bc7998.jpg] Left lines: 2, Right lines: 6
[194058b0-ac0616a6.jpg] Left lines: 18, Right lines: 9
[194058b0-ac0616a6.jpg] Left lines: 13, Right lines: 0
[19e56249-09c4bbc6.jpg] Left lines: 0, Right lines: 0
[19e56249-09c4bbc6.jpg] Left lines: 0, Right lines: 0
[1a71faae-d5f255fd.jpg] Left lines: 11, Right lines: 10
[1a71faae-d5f255fd.jpg] Left lines: 12, Right lines: 10
[1a8992a7-da5a8510.jpg] Left lines: 3, Right lines: 10
[1a8992a7-da5a8510.jpg] Left lines: 5, Right lines: 7
[1ac0178c-0b259360.jpg] Left lines: 1, Right lines: 9
[1ac0178c-0b259360.jpg] Left lines: 0, Right lines: 1
[1b30f76f-95aa8a06.jpg] Left lines: 13, Right lines: 8
[1b30f76f-95aa8a06.jpg] Left lines: 13, Right lines: 7
[1bda5a26-420ceea6.jpg] Left lines: 12, Right lines: 2
[1bda5a26-420ceea6.jpg] Left lines: 14, Right lines: 2
[1bf7f3d2-15f95138.jpg] Left lines: 19, Right lines: 13
[1bf7f3d2-15f95138.jpg] Left lines: 18, Right lines: 14
[1c227a12-10e5552c.jpg] Left lines: 4, Right lines: 15
[1c227a12-10e5552c.jpg] Left lines: 3, Right lines: 11
[1c227a12-ec67af93.jpg] Left lines: 10, Right lines: 1
[1c227a12-ec67af93.jpg] Left lines: 9, Right lines: 2
[1c5e9657-2e2a2863.jpg] Left lines: 0, Right lines: 9
[1c5e9657-2e2a2863.jpg] Left lines: 0, Right lines: 0
[1cb2a89b-4594573e.jpg] Left lines: 11, Right lines: 12
[1cb2a89b-4594573e.jpg] Left lines: 11, Right lines: 12
[1cf54809-c6daa5a9.jpg] Left lines: 10, Right lines: 17
[1cf54809-c6daa5a9.jpg] Left lines: 9, Right lines: 18
[1d5e05f8-5020f67d.jpg] Left lines: 33, Right lines: 8
[1d5e05f8-5020f67d.jpg] Left lines: 28, Right lines: 10
[1e57ae90-806bc767.jpg] Left lines: 8, Right lines: 22
[1e57ae90-806bc767.jpg] Left lines: 9, Right lines: 22
[1f959fdd-6ff63d34.jpg] Left lines: 3, Right lines: 12
[1f959fdd-6ff63d34.jpg] Left lines: 3, Right lines: 13
[1fa65acf-d43367bc.jpg] Left lines: 13, Right lines: 8
[1fa65acf-d43367bc.jpg] Left lines: 13, Right lines: 7
[20cfadfa-47711496.jpg] Left lines: 9, Right lines: 14
[20cfadfa-47711496.jpg] Left lines: 18, Right lines: 13
[20cfadfa-6f87fdc1.jpg] Left lines: 21, Right lines: 32
[20cfadfa-6f87fdc1.jpg] Left lines: 26, Right lines: 29
[225a1858-0e3a4b04.jpg] Left lines: 6, Right lines: 0
[225a1858-0e3a4b04.jpg] Left lines: 10, Right lines: 0
[22be2f14-59fbdca0.jpg] Left lines: 10, Right lines: 16
[22be2f14-59fbdca0.jpg] Left lines: 11, Right lines: 16
[23333f35-0cbc3f0f.jpg] Left lines: 10, Right lines: 5
[23333f35-0cbc3f0f.jpg] Left lines: 6, Right lines: 7
[23df146f-64b50e4c.jpg] Left lines: 20, Right lines: 28
[23df146f-64b50e4c.jpg] Left lines: 13, Right lines: 32
[24392d7c-998011c2.jpg] Left lines: 9, Right lines: 9
[24392d7c-998011c2.jpg] Left lines: 9, Right lines: 1
[250e7595-b14da270.jpg] Left lines: 19, Right lines: 10
[250e7595-b14da270.jpg] Left lines: 19, Right lines: 13
[26190b83-39ccb412.jpg] Left lines: 4, Right lines: 27
[26190b83-39ccb412.jpg] Left lines: 4, Right lines: 24
[272d52f6-8aac36b3.jpg] Left lines: 11, Right lines: 10
[272d52f6-8aac36b3.jpg] Left lines: 12, Right lines: 8
[2752681a-e813599a.jpg] Left lines: 15, Right lines: 9
[2752681a-e813599a.jpg] Left lines: 9, Right lines: 8
[27645526-f038b033.jpg] Left lines: 51, Right lines: 4
[27645526-f038b033.jpg] Left lines: 62, Right lines: 2
[2773af6f-23e23a6b.jpg] Left lines: 12, Right lines: 10
[2773af6f-23e23a6b.jpg] Left lines: 11, Right lines: 10
[28faf684-03ef4c6e.jpg] Left lines: 10, Right lines: 14
[28faf684-03ef4c6e.jpg] Left lines: 8, Right lines: 12
[292720ee-d847ee69.jpg] Left lines: 9, Right lines: 8
[292720ee-d847ee69.jpg] Left lines: 10, Right lines: 8
[2b54fe2d-c5b810e6.jpg] Left lines: 25, Right lines: 22
[2b54fe2d-c5b810e6.jpg] Left lines: 10, Right lines: 9
[2b605c48-8dfe352b.jpg] Left lines: 20, Right lines: 31
[2b605c48-8dfe352b.jpg] Left lines: 14, Right lines: 28
[2beccce2-354608e2.jpg] Left lines: 28, Right lines: 26
[2beccce2-354608e2.jpg] Left lines: 19, Right lines: 12
[2c87e51d-aa7a8031.jpg] Left lines: 0, Right lines: 0
[2c87e51d-aa7a8031.jpg] Left lines: 3, Right lines: 0
[2ce0b449-e818dc97.jpg] Left lines: 3, Right lines: 0
[2ce0b449-e818dc97.jpg] Left lines: 5, Right lines: 0
[2cf976a2-479cd46b.jpg] Left lines: 6, Right lines: 5
[2cf976a2-479cd46b.jpg] Left lines: 6, Right lines: 7
[2e2fae77-b7497ca0.jpg] Left lines: 9, Right lines: 13
[2e2fae77-b7497ca0.jpg] Left lines: 10, Right lines: 9
[2ead8042-2493c03f.jpg] Left lines: 6, Right lines: 8
[2ead8042-2493c03f.jpg] Left lines: 6, Right lines: 7
[2f1864c1-1a17d11c.jpg] Left lines: 14, Right lines: 12
[2f1864c1-1a17d11c.jpg] Left lines: 14, Right lines: 14
[2f879dc0-b09e4824.jpg] Left lines: 12, Right lines: 16
[2f879dc0-b09e4824.jpg] Left lines: 11, Right lines: 11
[2fc9ad1e-ee4c9e43.jpg] Left lines: 14, Right lines: 5
[2fc9ad1e-ee4c9e43.jpg] Left lines: 8, Right lines: 4
[3050b249-0ffbd6ec.jpg] Left lines: 3, Right lines: 4
[3050b249-0ffbd6ec.jpg] Left lines: 2, Right lines: 4
[314cc010-3eab5c90.jpg] Left lines: 6, Right lines: 13
[314cc010-3eab5c90.jpg] Left lines: 6, Right lines: 12
[31765c6b-90b0d612.jpg] Left lines: 12, Right lines: 13
[31765c6b-90b0d612.jpg] Left lines: 12, Right lines: 13
[31cf6eba-5c84c636.jpg] Left lines: 11, Right lines: 9
[31cf6eba-5c84c636.jpg] Left lines: 4, Right lines: 6
[32de2244-122f1783.jpg] Left lines: 7, Right lines: 11
[32de2244-122f1783.jpg] Left lines: 4, Right lines: 12
[33420085-32996107.jpg] Left lines: 35, Right lines: 8
[33420085-32996107.jpg] Left lines: 28, Right lines: 8
[3430a5e6-00ec38d2.jpg] Left lines: 12, Right lines: 3
[3430a5e6-00ec38d2.jpg] Left lines: 12, Right lines: 5
[35eb46d0-8f7e28a0.jpg] Left lines: 14, Right lines: 16
[35eb46d0-8f7e28a0.jpg] Left lines: 12, Right lines: 5
[3735fc3d-69d8b80c.jpg] Left lines: 11, Right lines: 9
[3735fc3d-69d8b80c.jpg] Left lines: 15, Right lines: 13
[3740cd4f-ff1d423d.jpg] Left lines: 4, Right lines: 16
[3740cd4f-ff1d423d.jpg] Left lines: 5, Right lines: 16
[375abba2-9f2ed56c.jpg] Left lines: 15, Right lines: 12
[375abba2-9f2ed56c.jpg] Left lines: 15, Right lines: 12
[37723e55-31730cf5.jpg] Left lines: 5, Right lines: 5
[37723e55-31730cf5.jpg] Left lines: 5, Right lines: 5
[380a3f8e-ba4f0def.jpg] Left lines: 17, Right lines: 11
[380a3f8e-ba4f0def.jpg] Left lines: 12, Right lines: 3
[385b0f61-1aee12ef.jpg] Left lines: 11, Right lines: 6
[385b0f61-1aee12ef.jpg] Left lines: 8, Right lines: 7
[3865fea7-b4fe472d.jpg] Left lines: 19, Right lines: 17
[3865fea7-b4fe472d.jpg] Left lines: 18, Right lines: 17
[38e561dd-8ea8ae2d.jpg] Left lines: 8, Right lines: 14
[38e561dd-8ea8ae2d.jpg] Left lines: 9, Right lines: 12
[38ed8d8d-93c48de2.jpg] Left lines: 12, Right lines: 3
[38ed8d8d-93c48de2.jpg] Left lines: 14, Right lines: 3
[38ed8d8d-b1c230ef.jpg] Left lines: 4, Right lines: 4
[38ed8d8d-b1c230ef.jpg] Left lines: 4, Right lines: 4
[38ed8d8d-fa50400c.jpg] Left lines: 13, Right lines: 24
[38ed8d8d-fa50400c.jpg] Left lines: 10, Right lines: 13
[3900ad8c-8834019f.jpg] Left lines: 0, Right lines: 2
[3900ad8c-8834019f.jpg] Left lines: 0, Right lines: 0
[39ddb110-04604b9c.jpg] Left lines: 1, Right lines: 12
[39ddb110-04604b9c.jpg] Left lines: 1, Right lines: 10
[39fc6d1c-6155351d.jpg] Left lines: 0, Right lines: 14
[39fc6d1c-6155351d.jpg] Left lines: 0, Right lines: 15
[3a278d39-b92df256.jpg] Left lines: 14, Right lines: 5
[3a278d39-b92df256.jpg] Left lines: 9, Right lines: 11
[3a3407a2-df8ea956.jpg] Left lines: 14, Right lines: 0
[3a3407a2-df8ea956.jpg] Left lines: 0, Right lines: 0
[3ad0c4a7-2a3d544e.jpg] Left lines: 9, Right lines: 6
[3ad0c4a7-2a3d544e.jpg] Left lines: 10, Right lines: 7
[3b1e1bc1-ee64e36e.jpg] Left lines: 12, Right lines: 15
[3b1e1bc1-ee64e36e.jpg] Left lines: 13, Right lines: 15
[3b44ef5a-c09e8479.jpg] Left lines: 27, Right lines: 11
[3b44ef5a-c09e8479.jpg] Left lines: 24, Right lines: 11
[3b563c5e-0102edaf.jpg] Left lines: 4, Right lines: 13
[3b563c5e-0102edaf.jpg] Left lines: 3, Right lines: 11
[3b9716a6-d2566395.jpg] Left lines: 8, Right lines: 10
[3b9716a6-d2566395.jpg] Left lines: 0, Right lines: 9
[3c0bbdc2-79baffce.jpg] Left lines: 14, Right lines: 6
[3c0bbdc2-79baffce.jpg] Left lines: 13, Right lines: 8
[3c5752b6-9c0bdf98.jpg] Left lines: 0, Right lines: 7
[3c5752b6-9c0bdf98.jpg] Left lines: 0, Right lines: 6
[3c95ae26-68abac3f.jpg] Left lines: 9, Right lines: 8
[3c95ae26-68abac3f.jpg] Left lines: 9, Right lines: 9
[3e0f1745-a95a63ad.jpg] Left lines: 9, Right lines: 18
[3e0f1745-a95a63ad.jpg] Left lines: 11, Right lines: 19
[3f4eb6a6-9eee52f9.jpg] Left lines: 17, Right lines: 17
[3f4eb6a6-9eee52f9.jpg] Left lines: 12, Right lines: 13
[3f85a987-1ef4053b.jpg] Left lines: 3, Right lines: 5
[3f85a987-1ef4053b.jpg] Left lines: 3, Right lines: 4
[3fe1feaa-10126fec.jpg] Left lines: 4, Right lines: 3
[3fe1feaa-10126fec.jpg] Left lines: 5, Right lines: 2
[3ffdaa26-b394f6f8.jpg] Left lines: 0, Right lines: 20
[3ffdaa26-b394f6f8.jpg] Left lines: 2, Right lines: 21
[4027c10d-41d54e9b.jpg] Left lines: 7, Right lines: 13
[4027c10d-41d54e9b.jpg] Left lines: 4, Right lines: 8
[428e99ea-4166e549.jpg] Left lines: 36, Right lines: 16
[428e99ea-4166e549.jpg] Left lines: 43, Right lines: 5
[42e0dd11-74b81997.jpg] Left lines: 5, Right lines: 12
[42e0dd11-74b81997.jpg] Left lines: 0, Right lines: 11
[430395d1-931c959e.jpg] Left lines: 6, Right lines: 4
[430395d1-931c959e.jpg] Left lines: 9, Right lines: 6
[43126e0d-495d04a5.jpg] Left lines: 8, Right lines: 11
[43126e0d-495d04a5.jpg] Left lines: 7, Right lines: 3
[43126e0d-cce96832.jpg] Left lines: 24, Right lines: 10
[43126e0d-cce96832.jpg] Left lines: 21, Right lines: 9
[432f9e20-83a0d96c.jpg] Left lines: 19, Right lines: 12
[432f9e20-83a0d96c.jpg] Left lines: 17, Right lines: 19
[43c7ed5c-b0690325.jpg] Left lines: 2, Right lines: 5
[43c7ed5c-b0690325.jpg] Left lines: 2, Right lines: 5
[44cc16d9-d2e06fd6.jpg] Left lines: 5, Right lines: 7
[44cc16d9-d2e06fd6.jpg] Left lines: 5, Right lines: 4
[45bafa98-1ee18a2f.jpg] Left lines: 1, Right lines: 6
[45bafa98-1ee18a2f.jpg] Left lines: 2, Right lines: 5
[46d048a1-8f7f385c.jpg] Left lines: 2, Right lines: 7
[46d048a1-8f7f385c.jpg] Left lines: 3, Right lines: 8
[46f76df9-8bf77914.jpg] Left lines: 14, Right lines: 12
[46f76df9-8bf77914.jpg] Left lines: 10, Right lines: 15
[480263a0-5aad7ae9.jpg] Left lines: 4, Right lines: 32
[480263a0-5aad7ae9.jpg] Left lines: 4, Right lines: 43
[488480d6-b94cf415.jpg] Left lines: 9, Right lines: 13
[488480d6-b94cf415.jpg] Left lines: 3, Right lines: 13
[48ed707e-5062e4c3.jpg] Left lines: 12, Right lines: 5
[48ed707e-5062e4c3.jpg] Left lines: 11, Right lines: 4
[4a289ff2-7da7feb6.jpg] Left lines: 1, Right lines: 0
[4a289ff2-7da7feb6.jpg] Left lines: 0, Right lines: 10
[4a31f3e3-ac7ed780.jpg] Left lines: 33, Right lines: 6
[4a31f3e3-ac7ed780.jpg] Left lines: 23, Right lines: 6
[4b2e1dde-65b54419.jpg] Left lines: 7, Right lines: 11
[4b2e1dde-65b54419.jpg] Left lines: 6, Right lines: 11
[4d4a590b-4332c5ab.jpg] Left lines: 17, Right lines: 7
[4d4a590b-4332c5ab.jpg] Left lines: 3, Right lines: 8
[5069db50-52f5af30.jpg] Left lines: 21, Right lines: 10
[5069db50-52f5af30.jpg] Left lines: 20, Right lines: 11
[50866f46-30d1f303.jpg] Left lines: 14, Right lines: 19
[50866f46-30d1f303.jpg] Left lines: 11, Right lines: 15
[50b115d6-4b08a666.jpg] Left lines: 16, Right lines: 10
[50b115d6-4b08a666.jpg] Left lines: 0, Right lines: 7
[50b2e757-6c7d0f63.jpg] Left lines: 8, Right lines: 16
[50b2e757-6c7d0f63.jpg] Left lines: 4, Right lines: 14
[50d0fd05-8db58ebd.jpg] Left lines: 1, Right lines: 0
[50d0fd05-8db58ebd.jpg] Left lines: 3, Right lines: 1
[510671e9-603795e0.jpg] Left lines: 14, Right lines: 22
[510671e9-603795e0.jpg] Left lines: 13, Right lines: 18
[514a6d58-0790e0cd.jpg] Left lines: 11, Right lines: 11
[514a6d58-0790e0cd.jpg] Left lines: 14, Right lines: 11
[5150bb50-300d52ce.jpg] Left lines: 11, Right lines: 18
[5150bb50-300d52ce.jpg] Left lines: 11, Right lines: 27
[52799e9e-8c8673f3.jpg] Left lines: 7, Right lines: 8
[52799e9e-8c8673f3.jpg] Left lines: 9, Right lines: 10
[52bda346-fd8ac6e7.jpg] Left lines: 6, Right lines: 14
[52bda346-fd8ac6e7.jpg] Left lines: 2, Right lines: 5
[534418ba-ee05398f.jpg] Left lines: 11, Right lines: 9
[534418ba-ee05398f.jpg] Left lines: 12, Right lines: 9
[54360b72-e00a3f70.jpg] Left lines: 21, Right lines: 50
[54360b72-e00a3f70.jpg] Left lines: 12, Right lines: 44
[554d7cd5-a32486dd.jpg] Left lines: 13, Right lines: 14
[554d7cd5-a32486dd.jpg] Left lines: 0, Right lines: 13
[559fed19-7893646f.jpg] Left lines: 3, Right lines: 9
[559fed19-7893646f.jpg] Left lines: 0, Right lines: 12
[57165857-e4d4a47f.jpg] Left lines: 1, Right lines: 2
[57165857-e4d4a47f.jpg] Left lines: 1, Right lines: 0
[5795bfe7-a599384a.jpg] Left lines: 4, Right lines: 4
[5795bfe7-a599384a.jpg] Left lines: 3, Right lines: 3
[57ac74e2-e86131f1.jpg] Left lines: 4, Right lines: 22
[57ac74e2-e86131f1.jpg] Left lines: 2, Right lines: 15
[57b495f2-6da6b1e5.jpg] Left lines: 3, Right lines: 2
[57b495f2-6da6b1e5.jpg] Left lines: 5, Right lines: 1
[585443c8-2621a6b1.jpg] Left lines: 7, Right lines: 8
[585443c8-2621a6b1.jpg] Left lines: 7, Right lines: 7
[5877b384-2545daf4.jpg] Left lines: 27, Right lines: 5
[5877b384-2545daf4.jpg] Left lines: 26, Right lines: 8
[587bb1bf-1aa00fe5.jpg] Left lines: 14, Right lines: 12
[587bb1bf-1aa00fe5.jpg] Left lines: 8, Right lines: 12
[5995c288-2d152172.jpg] Left lines: 12, Right lines: 0
[5995c288-2d152172.jpg] Left lines: 14, Right lines: 0
[59cde7c7-344bffb1.jpg] Left lines: 3, Right lines: 0
[59cde7c7-344bffb1.jpg] Left lines: 3, Right lines: 0
[5a8f9b5d-1fdfd2d4.jpg] Left lines: 19, Right lines: 14
[5a8f9b5d-1fdfd2d4.jpg] Left lines: 22, Right lines: 14
[5ae83f9c-da990b49.jpg] Left lines: 11, Right lines: 12
[5ae83f9c-da990b49.jpg] Left lines: 9, Right lines: 18
[5b2b4881-67a6cb87.jpg] Left lines: 9, Right lines: 2
[5b2b4881-67a6cb87.jpg] Left lines: 10, Right lines: 3
[5b2fd56a-37759b05.jpg] Left lines: 16, Right lines: 8
[5b2fd56a-37759b05.jpg] Left lines: 14, Right lines: 8
[5b4b0b07-2fb56b82.jpg] Left lines: 8, Right lines: 12
[5b4b0b07-2fb56b82.jpg] Left lines: 7, Right lines: 7
[5bc44a50-c371c4d0.jpg] Left lines: 15, Right lines: 15
[5bc44a50-c371c4d0.jpg] Left lines: 8, Right lines: 11
[5c4004b7-bf3b7941.jpg] Left lines: 11, Right lines: 9
[5c4004b7-bf3b7941.jpg] Left lines: 14, Right lines: 7
[5c534f5f-a76c7f4b.jpg] Left lines: 13, Right lines: 9
[5c534f5f-a76c7f4b.jpg] Left lines: 10, Right lines: 5
[5c5dc708-35460444.jpg] Left lines: 2, Right lines: 7
[5c5dc708-35460444.jpg] Left lines: 3, Right lines: 8
[5da6c6b6-76c54605.jpg] Left lines: 2, Right lines: 3
[5da6c6b6-76c54605.jpg] Left lines: 0, Right lines: 4
[5dc5141c-5890b5b1.jpg] Left lines: 1, Right lines: 11
[5dc5141c-5890b5b1.jpg] Left lines: 2, Right lines: 12
[5dd831da-bd00cf03.jpg] Left lines: 15, Right lines: 13
[5dd831da-bd00cf03.jpg] Left lines: 13, Right lines: 2
[5dfb063f-7bd23d5c.jpg] Left lines: 12, Right lines: 6
[5dfb063f-7bd23d5c.jpg] Left lines: 9, Right lines: 5
[5e0b701e-d443d8c2.jpg] Left lines: 3, Right lines: 14
[5e0b701e-d443d8c2.jpg] Left lines: 1, Right lines: 11
[5e26f49d-0bc53c7e.jpg] Left lines: 14, Right lines: 2
[5e26f49d-0bc53c7e.jpg] Left lines: 4, Right lines: 0
[5e26f49d-9271bf00.jpg] Left lines: 10, Right lines: 13
[5e26f49d-9271bf00.jpg] Left lines: 10, Right lines: 10
[5e625ec3-7b4fc682.jpg] Left lines: 15, Right lines: 13
[5e625ec3-7b4fc682.jpg] Left lines: 15, Right lines: 14
[5f9387ff-330136ae.jpg] Left lines: 18, Right lines: 3
[5f9387ff-330136ae.jpg] Left lines: 4, Right lines: 3
[5fa17a25-88b8e6b9.jpg] Left lines: 26, Right lines: 9
[5fa17a25-88b8e6b9.jpg] Left lines: 18, Right lines: 8
[5fa422e1-2d8dd765.jpg] Left lines: 25, Right lines: 7
[5fa422e1-2d8dd765.jpg] Left lines: 23, Right lines: 4
[5fb2a702-f56a339c.jpg] Left lines: 8, Right lines: 8
[5fb2a702-f56a339c.jpg] Left lines: 10, Right lines: 8
[6011831b-0992e205.jpg] Left lines: 13, Right lines: 12
[6011831b-0992e205.jpg] Left lines: 4, Right lines: 5
[60137cc0-428b8f5b.jpg] Left lines: 10, Right lines: 1
[60137cc0-428b8f5b.jpg] Left lines: 9, Right lines: 1
[604b5b3e-3c2e6b6b.jpg] Left lines: 5, Right lines: 8
[604b5b3e-3c2e6b6b.jpg] Left lines: 6, Right lines: 7
[6092f5a2-424550ba.jpg] Left lines: 15, Right lines: 16
[6092f5a2-424550ba.jpg] Left lines: 16, Right lines: 13
[60ba25dd-6c0df417.jpg] Left lines: 8, Right lines: 7
[60ba25dd-6c0df417.jpg] Left lines: 7, Right lines: 13
[60c678e7-4813ae0f.jpg] Left lines: 12, Right lines: 0
[60c678e7-4813ae0f.jpg] Left lines: 12, Right lines: 0
[614ecada-16b0f8b6.jpg] Left lines: 13, Right lines: 21
[614ecada-16b0f8b6.jpg] Left lines: 14, Right lines: 21
[61e4ad87-53ceb455.jpg] Left lines: 34, Right lines: 19
[61e4ad87-53ceb455.jpg] Left lines: 25, Right lines: 10
[6240d7b3-b51b5788.jpg] Left lines: 7, Right lines: 10
[6240d7b3-b51b5788.jpg] Left lines: 9, Right lines: 11
[62aefb36-b685117f.jpg] Left lines: 21, Right lines: 20
[62aefb36-b685117f.jpg] Left lines: 10, Right lines: 12
[634c1785-3bb9a8a2.jpg] Left lines: 12, Right lines: 14
[634c1785-3bb9a8a2.jpg] Left lines: 11, Right lines: 9
[634c1785-aeb1652f.jpg] Left lines: 20, Right lines: 18
[634c1785-aeb1652f.jpg] Left lines: 20, Right lines: 12
[63f73472-028615f1.jpg] Left lines: 18, Right lines: 15
[63f73472-028615f1.jpg] Left lines: 20, Right lines: 15
[6485ad0a-245d1600.jpg] Left lines: 23, Right lines: 12
[6485ad0a-245d1600.jpg] Left lines: 22, Right lines: 12
[648dc925-e359dbec.jpg] Left lines: 11, Right lines: 4
[648dc925-e359dbec.jpg] Left lines: 24, Right lines: 6
[65edc5a1-f309fed7.jpg] Left lines: 10, Right lines: 15
[65edc5a1-f309fed7.jpg] Left lines: 11, Right lines: 18
[661381d9-1114a810.jpg] Left lines: 17, Right lines: 3
[661381d9-1114a810.jpg] Left lines: 11, Right lines: 4
[664cb246-f84cfaf4.jpg] Left lines: 17, Right lines: 13
[664cb246-f84cfaf4.jpg] Left lines: 13, Right lines: 14
[675cf8fa-4b1ce8b9.jpg] Left lines: 20, Right lines: 12
[675cf8fa-4b1ce8b9.jpg] Left lines: 9, Right lines: 18
[67faeadf-eb09a636.jpg] Left lines: 1, Right lines: 10
[67faeadf-eb09a636.jpg] Left lines: 0, Right lines: 4
[691be377-5dbc29ee.jpg] Left lines: 5, Right lines: 7
[691be377-5dbc29ee.jpg] Left lines: 6, Right lines: 7
[692f1303-05178963.jpg] Left lines: 8, Right lines: 5
[692f1303-05178963.jpg] Left lines: 4, Right lines: 5
[692f9b08-bdbbd729.jpg] Left lines: 23, Right lines: 6
[692f9b08-bdbbd729.jpg] Left lines: 18, Right lines: 7
[69bfbe31-5ee2a642.jpg] Left lines: 34, Right lines: 14
[69bfbe31-5ee2a642.jpg] Left lines: 29, Right lines: 13
[69cf7667-68f59649.jpg] Left lines: 11, Right lines: 6
[69cf7667-68f59649.jpg] Left lines: 11, Right lines: 10
[69cf7667-7eb40860.jpg] Left lines: 25, Right lines: 7
[69cf7667-7eb40860.jpg] Left lines: 9, Right lines: 5
[6a44fb9a-05a3dd18.jpg] Left lines: 29, Right lines: 14
[6a44fb9a-05a3dd18.jpg] Left lines: 16, Right lines: 11
[6a793e80-4f5e207f.jpg] Left lines: 11, Right lines: 7
[6a793e80-4f5e207f.jpg] Left lines: 10, Right lines: 0
[6a82c0d6-b31f6b90.jpg] Left lines: 0, Right lines: 20
[6a82c0d6-b31f6b90.jpg] Left lines: 0, Right lines: 17
[6a8d218d-14e4fa28.jpg] Left lines: 3, Right lines: 8
[6a8d218d-14e4fa28.jpg] Left lines: 1, Right lines: 6
[6ad110c3-789e7724.jpg] Left lines: 25, Right lines: 11
[6ad110c3-789e7724.jpg] Left lines: 13, Right lines: 10
[6b15392a-3a1699fd.jpg] Left lines: 26, Right lines: 19
[6b15392a-3a1699fd.jpg] Left lines: 7, Right lines: 21
[6b784eee-0a5a2c89.jpg] Left lines: 23, Right lines: 11
[6b784eee-0a5a2c89.jpg] Left lines: 23, Right lines: 9
[6bb5a881-15e5c2c4.jpg] Left lines: 3, Right lines: 0
[6bb5a881-15e5c2c4.jpg] Left lines: 7, Right lines: 0
[6bd41587-d65ba5b4.jpg] Left lines: 7, Right lines: 3
[6bd41587-d65ba5b4.jpg] Left lines: 5, Right lines: 4
[6d0d7bef-fb11b6e1.jpg] Left lines: 6, Right lines: 7
[6d0d7bef-fb11b6e1.jpg] Left lines: 4, Right lines: 6
[6d57736c-a35808b9.jpg] Left lines: 10, Right lines: 7
[6d57736c-a35808b9.jpg] Left lines: 8, Right lines: 5
[6d8a6d94-00a7ad92.jpg] Left lines: 10, Right lines: 8
[6d8a6d94-00a7ad92.jpg] Left lines: 3, Right lines: 2
[6eeed3fa-87a1b0c9.jpg] Left lines: 5, Right lines: 12
[6eeed3fa-87a1b0c9.jpg] Left lines: 5, Right lines: 11
[701992bd-8a457895.jpg] Left lines: 15, Right lines: 13
[701992bd-8a457895.jpg] Left lines: 16, Right lines: 13
[7171644d-4e74752e.jpg] Left lines: 6, Right lines: 26
[7171644d-4e74752e.jpg] Left lines: 6, Right lines: 21
[7171644d-ee92c71e.jpg] Left lines: 11, Right lines: 21
[7171644d-ee92c71e.jpg] Left lines: 12, Right lines: 20
[72f22fa5-8af4615c.jpg] Left lines: 33, Right lines: 14
[72f22fa5-8af4615c.jpg] Left lines: 20, Right lines: 10
[72fd00fe-aeadfc89.jpg] Left lines: 25, Right lines: 12
[72fd00fe-aeadfc89.jpg] Left lines: 1, Right lines: 11
[730c67a5-563e9b1f.jpg] Left lines: 13, Right lines: 5
[730c67a5-563e9b1f.jpg] Left lines: 13, Right lines: 0
[738a2bcd-7a6fde0d.jpg] Left lines: 5, Right lines: 8
[738a2bcd-7a6fde0d.jpg] Left lines: 5, Right lines: 8
[73aff960-d46366ec.jpg] Left lines: 4, Right lines: 6
[73aff960-d46366ec.jpg] Left lines: 3, Right lines: 0
[73d338d6-edf0b3db.jpg] Left lines: 15, Right lines: 7
[73d338d6-edf0b3db.jpg] Left lines: 15, Right lines: 2
[75ad1fff-77299093.jpg] Left lines: 0, Right lines: 11
[75ad1fff-77299093.jpg] Left lines: 0, Right lines: 8
[75f5f52c-6b67e736.jpg] Left lines: 12, Right lines: 8
[75f5f52c-6b67e736.jpg] Left lines: 11, Right lines: 6
[777005a8-14c739ad.jpg] Left lines: 5, Right lines: 4
[777005a8-14c739ad.jpg] Left lines: 7, Right lines: 2
[7771e03b-832e52c0.jpg] Left lines: 2, Right lines: 10
[7771e03b-832e52c0.jpg] Left lines: 0, Right lines: 13
[7771e03b-a8f9d50c.jpg] Left lines: 20, Right lines: 13
[7771e03b-a8f9d50c.jpg] Left lines: 20, Right lines: 10
[7797fea2-c37f9856.jpg] Left lines: 10, Right lines: 18
[7797fea2-c37f9856.jpg] Left lines: 11, Right lines: 11
[77bdbeb0-edb0613f.jpg] Left lines: 16, Right lines: 7
[77bdbeb0-edb0613f.jpg] Left lines: 14, Right lines: 6
[77dca577-16a39ea0.jpg] Left lines: 8, Right lines: 13
[77dca577-16a39ea0.jpg] Left lines: 7, Right lines: 7
[77f810c4-43a39c1f.jpg] Left lines: 10, Right lines: 6
[77f810c4-43a39c1f.jpg] Left lines: 7, Right lines: 0
[7814206e-8e991d51.jpg] Left lines: 19, Right lines: 10
[7814206e-8e991d51.jpg] Left lines: 18, Right lines: 10
[7814206e-ea2508d0.jpg] Left lines: 10, Right lines: 10
[7814206e-ea2508d0.jpg] Left lines: 8, Right lines: 8
[79e177bc-4d5d3acc.jpg] Left lines: 19, Right lines: 15
[79e177bc-4d5d3acc.jpg] Left lines: 17, Right lines: 18
[7aa4ff0f-9d28d8a4.jpg] Left lines: 13, Right lines: 13
[7aa4ff0f-9d28d8a4.jpg] Left lines: 8, Right lines: 15
[7ad1174c-373265eb.jpg] Left lines: 0, Right lines: 0
[7ad1174c-373265eb.jpg] Left lines: 0, Right lines: 0
[7b268b98-e0ec16c3.jpg] Left lines: 4, Right lines: 7
[7b268b98-e0ec16c3.jpg] Left lines: 4, Right lines: 5
[7c5a2048-332896ea.jpg] Left lines: 12, Right lines: 0
[7c5a2048-332896ea.jpg] Left lines: 13, Right lines: 9
[7c5d50c5-7292de37.jpg] Left lines: 7, Right lines: 12
[7c5d50c5-7292de37.jpg] Left lines: 7, Right lines: 15
[7d1fe115-936a2f47.jpg] Left lines: 10, Right lines: 9
[7d1fe115-936a2f47.jpg] Left lines: 9, Right lines: 13
[7dc2914d-a20a969a.jpg] Left lines: 14, Right lines: 8
[7dc2914d-a20a969a.jpg] Left lines: 14, Right lines: 7
[7e4ab78b-4a62c63e.jpg] Left lines: 1, Right lines: 14
[7e4ab78b-4a62c63e.jpg] Left lines: 1, Right lines: 4
[7e590c49-93f03732.jpg] Left lines: 8, Right lines: 5
[7e590c49-93f03732.jpg] Left lines: 0, Right lines: 8
[7ed57d0a-d7bcc13d.jpg] Left lines: 23, Right lines: 18
[7ed57d0a-d7bcc13d.jpg] Left lines: 11, Right lines: 10
[7f0ef682-c93899df.jpg] Left lines: 1, Right lines: 13
[7f0ef682-c93899df.jpg] Left lines: 1, Right lines: 8
[7f4ac354-777de900.jpg] Left lines: 12, Right lines: 8
[7f4ac354-777de900.jpg] Left lines: 12, Right lines: 6
[7f9bdf0d-c0e0061f.jpg] Left lines: 14, Right lines: 4
[7f9bdf0d-c0e0061f.jpg] Left lines: 15, Right lines: 4
[7fd14da9-a855494b.jpg] Left lines: 26, Right lines: 11
[7fd14da9-a855494b.jpg] Left lines: 24, Right lines: 17
[801bff84-a72998c7.jpg] Left lines: 27, Right lines: 24
[801bff84-a72998c7.jpg] Left lines: 39, Right lines: 15
[8073de38-f7eab6ec.jpg] Left lines: 17, Right lines: 11
[8073de38-f7eab6ec.jpg] Left lines: 13, Right lines: 8
[8082ea05-1a7bcd47.jpg] Left lines: 12, Right lines: 39
[8082ea05-1a7bcd47.jpg] Left lines: 11, Right lines: 26
[80ecebc0-ca9605f4.jpg] Left lines: 3, Right lines: 6
[80ecebc0-ca9605f4.jpg] Left lines: 1, Right lines: 8
[81ec3b39-1951f79e.jpg] Left lines: 16, Right lines: 9
[81ec3b39-1951f79e.jpg] Left lines: 17, Right lines: 10
[82b14c0c-79b99258.jpg] Left lines: 15, Right lines: 15
[82b14c0c-79b99258.jpg] Left lines: 14, Right lines: 14
[82b5fc3b-90cadd1b.jpg] Left lines: 8, Right lines: 15
[82b5fc3b-90cadd1b.jpg] Left lines: 8, Right lines: 21
[82f03471-8e304dd5.jpg] Left lines: 4, Right lines: 11
[82f03471-8e304dd5.jpg] Left lines: 5, Right lines: 7
[836fa13a-d6058a12.jpg] Left lines: 13, Right lines: 4
[836fa13a-d6058a12.jpg] Left lines: 18, Right lines: 6
[84fb3f59-7d5d1fa4.jpg] Left lines: 4, Right lines: 21
[84fb3f59-7d5d1fa4.jpg] Left lines: 2, Right lines: 16
[8542b4da-7795bcfd.jpg] Left lines: 12, Right lines: 15
[8542b4da-7795bcfd.jpg] Left lines: 6, Right lines: 13
[85f3f250-1fef85ac.jpg] Left lines: 15, Right lines: 17
[85f3f250-1fef85ac.jpg] Left lines: 16, Right lines: 14
[87ca2979-d5158824.jpg] Left lines: 10, Right lines: 14
[87ca2979-d5158824.jpg] Left lines: 6, Right lines: 15
[889b7dda-77f16103.jpg] Left lines: 5, Right lines: 13
[889b7dda-77f16103.jpg] Left lines: 6, Right lines: 16
[88dbf01a-d8b35dee.jpg] Left lines: 14, Right lines: 4
[88dbf01a-d8b35dee.jpg] Left lines: 9, Right lines: 4
[897223bc-6938f1ab.jpg] Left lines: 11, Right lines: 4
[897223bc-6938f1ab.jpg] Left lines: 10, Right lines: 4
[89b7454d-880eacbd.jpg] Left lines: 12, Right lines: 4
[89b7454d-880eacbd.jpg] Left lines: 4, Right lines: 2
[89e85e71-7dd0a7b6.jpg] Left lines: 33, Right lines: 36
[89e85e71-7dd0a7b6.jpg] Left lines: 30, Right lines: 23
[8a4fbffe-47866ce9.jpg] Left lines: 3, Right lines: 3
[8a4fbffe-47866ce9.jpg] Left lines: 2, Right lines: 0
[8a76c101-8bcefc32.jpg] Left lines: 0, Right lines: 14
[8a76c101-8bcefc32.jpg] Left lines: 0, Right lines: 11
[8b7ef6c4-6bbcf25f.jpg] Left lines: 17, Right lines: 13
[8b7ef6c4-6bbcf25f.jpg] Left lines: 12, Right lines: 12
[8bac644e-e0437ead.jpg] Left lines: 1, Right lines: 3
[8bac644e-e0437ead.jpg] Left lines: 2, Right lines: 3
[8c94c649-8ba62efa.jpg] Left lines: 5, Right lines: 4
[8c94c649-8ba62efa.jpg] Left lines: 2, Right lines: 5
[8c9bbaa9-34934b66.jpg] Left lines: 11, Right lines: 12
[8c9bbaa9-34934b66.jpg] Left lines: 9, Right lines: 13
[degraded] rain level_2 (300 images)
[0049e5b8-725e21a0.jpg] Left lines: 11, Right lines: 11
[0049e5b8-725e21a0.jpg] Left lines: 14, Right lines: 8
[0081e27b-17bf4a9e.jpg] Left lines: 7, Right lines: 23
[0081e27b-17bf4a9e.jpg] Left lines: 6, Right lines: 16
[00beeb02-50440dcd.jpg] Left lines: 2, Right lines: 1
[00beeb02-50440dcd.jpg] Left lines: 2, Right lines: 2
[00d4b6b7-7d0a60bf.jpg] Left lines: 8, Right lines: 0
[00d4b6b7-7d0a60bf.jpg] Left lines: 0, Right lines: 0
[01118704-2d838d7f.jpg] Left lines: 9, Right lines: 8
[01118704-2d838d7f.jpg] Left lines: 8, Right lines: 6
[0115917e-14907a6a.jpg] Left lines: 16, Right lines: 10
[0115917e-14907a6a.jpg] Left lines: 19, Right lines: 12
[02188a44-65ad27f3.jpg] Left lines: 25, Right lines: 0
[02188a44-65ad27f3.jpg] Left lines: 28, Right lines: 0
[02494b7b-079febf8.jpg] Left lines: 17, Right lines: 11
[02494b7b-079febf8.jpg] Left lines: 17, Right lines: 12
[029ffd50-dc944dba.jpg] Left lines: 8, Right lines: 6
[029ffd50-dc944dba.jpg] Left lines: 6, Right lines: 6
[0464a98b-860229d5.jpg] Left lines: 8, Right lines: 28
[0464a98b-860229d5.jpg] Left lines: 9, Right lines: 26
[051aadb7-51aad566.jpg] Left lines: 6, Right lines: 2
[051aadb7-51aad566.jpg] Left lines: 2, Right lines: 0
[051aadb7-e953bc4d.jpg] Left lines: 19, Right lines: 14
[051aadb7-e953bc4d.jpg] Left lines: 15, Right lines: 15
[05743a9b-747658e7.jpg] Left lines: 17, Right lines: 26
[05743a9b-747658e7.jpg] Left lines: 10, Right lines: 13
[057af272-6f700aef.jpg] Left lines: 7, Right lines: 9
[057af272-6f700aef.jpg] Left lines: 0, Right lines: 10
[05d62296-30c620d5.jpg] Left lines: 17, Right lines: 6
[05d62296-30c620d5.jpg] Left lines: 13, Right lines: 0
[05e5a68e-f0e05a42.jpg] Left lines: 17, Right lines: 10
[05e5a68e-f0e05a42.jpg] Left lines: 7, Right lines: 15
[05fa6494-8f436d04.jpg] Left lines: 35, Right lines: 23
[05fa6494-8f436d04.jpg] Left lines: 12, Right lines: 24
[060039d9-5218402b.jpg] Left lines: 24, Right lines: 13
[060039d9-5218402b.jpg] Left lines: 18, Right lines: 13
[064aa0d6-f75ff4d5.jpg] Left lines: 9, Right lines: 7
[064aa0d6-f75ff4d5.jpg] Left lines: 9, Right lines: 11
[07de5062-ddddcbd7.jpg] Left lines: 2, Right lines: 4
[07de5062-ddddcbd7.jpg] Left lines: 1, Right lines: 3
[088351d1-30833ddc.jpg] Left lines: 14, Right lines: 10
[088351d1-30833ddc.jpg] Left lines: 15, Right lines: 4
[08a49c01-675d3899.jpg] Left lines: 15, Right lines: 13
[08a49c01-675d3899.jpg] Left lines: 13, Right lines: 8
[08d4285a-4a25b9b6.jpg] Left lines: 5, Right lines: 13
[08d4285a-4a25b9b6.jpg] Left lines: 0, Right lines: 12
[09ac21d6-eefa8ed0.jpg] Left lines: 28, Right lines: 21
[09ac21d6-eefa8ed0.jpg] Left lines: 4, Right lines: 16
[0a0a0b1a-7c39d841.jpg] Left lines: 10, Right lines: 2
[0a0a0b1a-7c39d841.jpg] Left lines: 5, Right lines: 1
[0af6039a-f3c91319.jpg] Left lines: 19, Right lines: 5
[0af6039a-f3c91319.jpg] Left lines: 10, Right lines: 5
[0b2f5d0d-8fddc1fc.jpg] Left lines: 20, Right lines: 13
[0b2f5d0d-8fddc1fc.jpg] Left lines: 17, Right lines: 16
[0b4225f9-bfb10f88.jpg] Left lines: 13, Right lines: 3
[0b4225f9-bfb10f88.jpg] Left lines: 10, Right lines: 4
[0ba08fe3-880ae118.jpg] Left lines: 6, Right lines: 21
[0ba08fe3-880ae118.jpg] Left lines: 6, Right lines: 19
[0c2f33b9-f94d69b5.jpg] Left lines: 21, Right lines: 15
[0c2f33b9-f94d69b5.jpg] Left lines: 12, Right lines: 13
[0c984e6d-2b5d7ee4.jpg] Left lines: 5, Right lines: 5
[0c984e6d-2b5d7ee4.jpg] Left lines: 5, Right lines: 6
[0cb67a01-7cf1687e.jpg] Left lines: 20, Right lines: 0
[0cb67a01-7cf1687e.jpg] Left lines: 15, Right lines: 0
[0cc6f3e8-b4c9e348.jpg] Left lines: 17, Right lines: 37
[0cc6f3e8-b4c9e348.jpg] Left lines: 8, Right lines: 15
[0cf398b3-ce65ab64.jpg] Left lines: 6, Right lines: 2
[0cf398b3-ce65ab64.jpg] Left lines: 6, Right lines: 4
[0d3ec56a-f4cead6f.jpg] Left lines: 5, Right lines: 16
[0d3ec56a-f4cead6f.jpg] Left lines: 5, Right lines: 13
[0d61234a-542010b2.jpg] Left lines: 10, Right lines: 12
[0d61234a-542010b2.jpg] Left lines: 12, Right lines: 12
[0e442b65-b17e0b50.jpg] Left lines: 14, Right lines: 3
[0e442b65-b17e0b50.jpg] Left lines: 10, Right lines: 6
[0e5c7e92-0d9c60f0.jpg] Left lines: 9, Right lines: 12
[0e5c7e92-0d9c60f0.jpg] Left lines: 11, Right lines: 12
[0f837def-9646c091.jpg] Left lines: 11, Right lines: 7
[0f837def-9646c091.jpg] Left lines: 11, Right lines: 9
[0fba84f9-73b520ee.jpg] Left lines: 12, Right lines: 14
[0fba84f9-73b520ee.jpg] Left lines: 16, Right lines: 13
[101a0964-930eae70.jpg] Left lines: 9, Right lines: 15
[101a0964-930eae70.jpg] Left lines: 7, Right lines: 14
[10389fe8-433c740c.jpg] Left lines: 19, Right lines: 5
[10389fe8-433c740c.jpg] Left lines: 9, Right lines: 10
[10453a95-40759ac3.jpg] Left lines: 6, Right lines: 11
[10453a95-40759ac3.jpg] Left lines: 5, Right lines: 10
[1072195f-0a161ade.jpg] Left lines: 20, Right lines: 14
[1072195f-0a161ade.jpg] Left lines: 21, Right lines: 13
[1072195f-6cf88b25.jpg] Left lines: 7, Right lines: 11
[1072195f-6cf88b25.jpg] Left lines: 10, Right lines: 11
[11513e3d-150058c3.jpg] Left lines: 11, Right lines: 18
[11513e3d-150058c3.jpg] Left lines: 7, Right lines: 9
[1189ae68-1a8ad3c6.jpg] Left lines: 12, Right lines: 9
[1189ae68-1a8ad3c6.jpg] Left lines: 11, Right lines: 8
[12076ebb-c07285d7.jpg] Left lines: 6, Right lines: 9
[12076ebb-c07285d7.jpg] Left lines: 7, Right lines: 10
[125134e5-7dfc45b9.jpg] Left lines: 5, Right lines: 17
[125134e5-7dfc45b9.jpg] Left lines: 0, Right lines: 2
[12ae9ab8-794f5adc.jpg] Left lines: 52, Right lines: 8
[12ae9ab8-794f5adc.jpg] Left lines: 14, Right lines: 11
[13f61134-50021e53.jpg] Left lines: 5, Right lines: 6
[13f61134-50021e53.jpg] Left lines: 0, Right lines: 8
[14eace5a-ddf3b303.jpg] Left lines: 27, Right lines: 0
[14eace5a-ddf3b303.jpg] Left lines: 23, Right lines: 2
[1608cfe7-32da2c5d.jpg] Left lines: 12, Right lines: 11
[1608cfe7-32da2c5d.jpg] Left lines: 0, Right lines: 10
[162995f1-d2c7d259.jpg] Left lines: 14, Right lines: 9
[162995f1-d2c7d259.jpg] Left lines: 11, Right lines: 8
[16b0973f-c07b564a.jpg] Left lines: 22, Right lines: 2
[16b0973f-c07b564a.jpg] Left lines: 18, Right lines: 3
[1784d67b-6b223914.jpg] Left lines: 11, Right lines: 12
[1784d67b-6b223914.jpg] Left lines: 13, Right lines: 12
[1784d67b-d76145ce.jpg] Left lines: 8, Right lines: 10
[1784d67b-d76145ce.jpg] Left lines: 6, Right lines: 12
[188c58f3-792afc71.jpg] Left lines: 6, Right lines: 23
[188c58f3-792afc71.jpg] Left lines: 0, Right lines: 18
[193f7f3b-84bc7998.jpg] Left lines: 11, Right lines: 8
[193f7f3b-84bc7998.jpg] Left lines: 5, Right lines: 9
[194058b0-ac0616a6.jpg] Left lines: 16, Right lines: 9
[194058b0-ac0616a6.jpg] Left lines: 18, Right lines: 0
[19e56249-09c4bbc6.jpg] Left lines: 1, Right lines: 3
[19e56249-09c4bbc6.jpg] Left lines: 0, Right lines: 0
[1a71faae-d5f255fd.jpg] Left lines: 16, Right lines: 10
[1a71faae-d5f255fd.jpg] Left lines: 15, Right lines: 14
[1a8992a7-da5a8510.jpg] Left lines: 5, Right lines: 9
[1a8992a7-da5a8510.jpg] Left lines: 4, Right lines: 4
[1ac0178c-0b259360.jpg] Left lines: 0, Right lines: 4
[1ac0178c-0b259360.jpg] Left lines: 0, Right lines: 1
[1b30f76f-95aa8a06.jpg] Left lines: 14, Right lines: 8
[1b30f76f-95aa8a06.jpg] Left lines: 12, Right lines: 6
[1bda5a26-420ceea6.jpg] Left lines: 13, Right lines: 11
[1bda5a26-420ceea6.jpg] Left lines: 17, Right lines: 1
[1bf7f3d2-15f95138.jpg] Left lines: 29, Right lines: 19
[1bf7f3d2-15f95138.jpg] Left lines: 15, Right lines: 15
[1c227a12-10e5552c.jpg] Left lines: 5, Right lines: 13
[1c227a12-10e5552c.jpg] Left lines: 2, Right lines: 12
[1c227a12-ec67af93.jpg] Left lines: 8, Right lines: 2
[1c227a12-ec67af93.jpg] Left lines: 9, Right lines: 2
[1c5e9657-2e2a2863.jpg] Left lines: 0, Right lines: 8
[1c5e9657-2e2a2863.jpg] Left lines: 0, Right lines: 0
[1cb2a89b-4594573e.jpg] Left lines: 9, Right lines: 11
[1cb2a89b-4594573e.jpg] Left lines: 9, Right lines: 10
[1cf54809-c6daa5a9.jpg] Left lines: 11, Right lines: 13
[1cf54809-c6daa5a9.jpg] Left lines: 11, Right lines: 14
[1d5e05f8-5020f67d.jpg] Left lines: 26, Right lines: 12
[1d5e05f8-5020f67d.jpg] Left lines: 22, Right lines: 8
[1e57ae90-806bc767.jpg] Left lines: 8, Right lines: 24
[1e57ae90-806bc767.jpg] Left lines: 7, Right lines: 21
[1f959fdd-6ff63d34.jpg] Left lines: 3, Right lines: 12
[1f959fdd-6ff63d34.jpg] Left lines: 4, Right lines: 13
[1fa65acf-d43367bc.jpg] Left lines: 16, Right lines: 6
[1fa65acf-d43367bc.jpg] Left lines: 7, Right lines: 4
[20cfadfa-47711496.jpg] Left lines: 12, Right lines: 10
[20cfadfa-47711496.jpg] Left lines: 19, Right lines: 18
[20cfadfa-6f87fdc1.jpg] Left lines: 18, Right lines: 30
[20cfadfa-6f87fdc1.jpg] Left lines: 33, Right lines: 31
[225a1858-0e3a4b04.jpg] Left lines: 6, Right lines: 0
[225a1858-0e3a4b04.jpg] Left lines: 6, Right lines: 0
[22be2f14-59fbdca0.jpg] Left lines: 8, Right lines: 14
[22be2f14-59fbdca0.jpg] Left lines: 10, Right lines: 17
[23333f35-0cbc3f0f.jpg] Left lines: 8, Right lines: 2
[23333f35-0cbc3f0f.jpg] Left lines: 6, Right lines: 8
[23df146f-64b50e4c.jpg] Left lines: 25, Right lines: 23
[23df146f-64b50e4c.jpg] Left lines: 21, Right lines: 26
[24392d7c-998011c2.jpg] Left lines: 12, Right lines: 0
[24392d7c-998011c2.jpg] Left lines: 2, Right lines: 0
[250e7595-b14da270.jpg] Left lines: 25, Right lines: 11
[250e7595-b14da270.jpg] Left lines: 21, Right lines: 14
[26190b83-39ccb412.jpg] Left lines: 2, Right lines: 24
[26190b83-39ccb412.jpg] Left lines: 7, Right lines: 23
[272d52f6-8aac36b3.jpg] Left lines: 15, Right lines: 11
[272d52f6-8aac36b3.jpg] Left lines: 10, Right lines: 11
[2752681a-e813599a.jpg] Left lines: 19, Right lines: 7
[2752681a-e813599a.jpg] Left lines: 3, Right lines: 8
[27645526-f038b033.jpg] Left lines: 36, Right lines: 6
[27645526-f038b033.jpg] Left lines: 59, Right lines: 11
[2773af6f-23e23a6b.jpg] Left lines: 11, Right lines: 9
[2773af6f-23e23a6b.jpg] Left lines: 12, Right lines: 7
[28faf684-03ef4c6e.jpg] Left lines: 9, Right lines: 14
[28faf684-03ef4c6e.jpg] Left lines: 9, Right lines: 14
[292720ee-d847ee69.jpg] Left lines: 10, Right lines: 10
[292720ee-d847ee69.jpg] Left lines: 10, Right lines: 5
[2b54fe2d-c5b810e6.jpg] Left lines: 23, Right lines: 22
[2b54fe2d-c5b810e6.jpg] Left lines: 15, Right lines: 15
[2b605c48-8dfe352b.jpg] Left lines: 12, Right lines: 32
[2b605c48-8dfe352b.jpg] Left lines: 14, Right lines: 28
[2beccce2-354608e2.jpg] Left lines: 27, Right lines: 17
[2beccce2-354608e2.jpg] Left lines: 18, Right lines: 6
[2c87e51d-aa7a8031.jpg] Left lines: 8, Right lines: 8
[2c87e51d-aa7a8031.jpg] Left lines: 1, Right lines: 0
[2ce0b449-e818dc97.jpg] Left lines: 2, Right lines: 1
[2ce0b449-e818dc97.jpg] Left lines: 1, Right lines: 1
[2cf976a2-479cd46b.jpg] Left lines: 7, Right lines: 5
[2cf976a2-479cd46b.jpg] Left lines: 6, Right lines: 5
[2e2fae77-b7497ca0.jpg] Left lines: 14, Right lines: 8
[2e2fae77-b7497ca0.jpg] Left lines: 8, Right lines: 9
[2ead8042-2493c03f.jpg] Left lines: 6, Right lines: 8
[2ead8042-2493c03f.jpg] Left lines: 6, Right lines: 6
[2f1864c1-1a17d11c.jpg] Left lines: 13, Right lines: 15
[2f1864c1-1a17d11c.jpg] Left lines: 13, Right lines: 11
[2f879dc0-b09e4824.jpg] Left lines: 11, Right lines: 11
[2f879dc0-b09e4824.jpg] Left lines: 10, Right lines: 19
[2fc9ad1e-ee4c9e43.jpg] Left lines: 12, Right lines: 4
[2fc9ad1e-ee4c9e43.jpg] Left lines: 9, Right lines: 5
[3050b249-0ffbd6ec.jpg] Left lines: 4, Right lines: 3
[3050b249-0ffbd6ec.jpg] Left lines: 2, Right lines: 3
[314cc010-3eab5c90.jpg] Left lines: 3, Right lines: 12
[314cc010-3eab5c90.jpg] Left lines: 0, Right lines: 13
[31765c6b-90b0d612.jpg] Left lines: 11, Right lines: 13
[31765c6b-90b0d612.jpg] Left lines: 12, Right lines: 14
[31cf6eba-5c84c636.jpg] Left lines: 9, Right lines: 13
[31cf6eba-5c84c636.jpg] Left lines: 3, Right lines: 6
[32de2244-122f1783.jpg] Left lines: 6, Right lines: 13
[32de2244-122f1783.jpg] Left lines: 5, Right lines: 12
[33420085-32996107.jpg] Left lines: 34, Right lines: 18
[33420085-32996107.jpg] Left lines: 35, Right lines: 8
[3430a5e6-00ec38d2.jpg] Left lines: 11, Right lines: 3
[3430a5e6-00ec38d2.jpg] Left lines: 12, Right lines: 4
[35eb46d0-8f7e28a0.jpg] Left lines: 16, Right lines: 16
[35eb46d0-8f7e28a0.jpg] Left lines: 13, Right lines: 15
[3735fc3d-69d8b80c.jpg] Left lines: 16, Right lines: 4
[3735fc3d-69d8b80c.jpg] Left lines: 2, Right lines: 0
[3740cd4f-ff1d423d.jpg] Left lines: 8, Right lines: 10
[3740cd4f-ff1d423d.jpg] Left lines: 5, Right lines: 16
[375abba2-9f2ed56c.jpg] Left lines: 17, Right lines: 15
[375abba2-9f2ed56c.jpg] Left lines: 15, Right lines: 14
[37723e55-31730cf5.jpg] Left lines: 5, Right lines: 4
[37723e55-31730cf5.jpg] Left lines: 1, Right lines: 6
[380a3f8e-ba4f0def.jpg] Left lines: 23, Right lines: 9
[380a3f8e-ba4f0def.jpg] Left lines: 13, Right lines: 3
[385b0f61-1aee12ef.jpg] Left lines: 10, Right lines: 7
[385b0f61-1aee12ef.jpg] Left lines: 11, Right lines: 8
[3865fea7-b4fe472d.jpg] Left lines: 18, Right lines: 18
[3865fea7-b4fe472d.jpg] Left lines: 13, Right lines: 14
[38e561dd-8ea8ae2d.jpg] Left lines: 7, Right lines: 13
[38e561dd-8ea8ae2d.jpg] Left lines: 10, Right lines: 14
[38ed8d8d-93c48de2.jpg] Left lines: 18, Right lines: 5
[38ed8d8d-93c48de2.jpg] Left lines: 14, Right lines: 7
[38ed8d8d-b1c230ef.jpg] Left lines: 4, Right lines: 5
[38ed8d8d-b1c230ef.jpg] Left lines: 3, Right lines: 4
[38ed8d8d-fa50400c.jpg] Left lines: 10, Right lines: 23
[38ed8d8d-fa50400c.jpg] Left lines: 10, Right lines: 16
[3900ad8c-8834019f.jpg] Left lines: 11, Right lines: 1
[3900ad8c-8834019f.jpg] Left lines: 0, Right lines: 0
[39ddb110-04604b9c.jpg] Left lines: 0, Right lines: 9
[39ddb110-04604b9c.jpg] Left lines: 1, Right lines: 12
[39fc6d1c-6155351d.jpg] Left lines: 4, Right lines: 16
[39fc6d1c-6155351d.jpg] Left lines: 0, Right lines: 13
[3a278d39-b92df256.jpg] Left lines: 12, Right lines: 8
[3a278d39-b92df256.jpg] Left lines: 9, Right lines: 10
[3a3407a2-df8ea956.jpg] Left lines: 13, Right lines: 8
[3a3407a2-df8ea956.jpg] Left lines: 1, Right lines: 0
[3ad0c4a7-2a3d544e.jpg] Left lines: 10, Right lines: 9
[3ad0c4a7-2a3d544e.jpg] Left lines: 11, Right lines: 6
[3b1e1bc1-ee64e36e.jpg] Left lines: 13, Right lines: 15
[3b1e1bc1-ee64e36e.jpg] Left lines: 13, Right lines: 16
[3b44ef5a-c09e8479.jpg] Left lines: 26, Right lines: 14
[3b44ef5a-c09e8479.jpg] Left lines: 33, Right lines: 0
[3b563c5e-0102edaf.jpg] Left lines: 5, Right lines: 14
[3b563c5e-0102edaf.jpg] Left lines: 4, Right lines: 8
[3b9716a6-d2566395.jpg] Left lines: 12, Right lines: 9
[3b9716a6-d2566395.jpg] Left lines: 3, Right lines: 10
[3c0bbdc2-79baffce.jpg] Left lines: 15, Right lines: 8
[3c0bbdc2-79baffce.jpg] Left lines: 13, Right lines: 8
[3c5752b6-9c0bdf98.jpg] Left lines: 0, Right lines: 8
[3c5752b6-9c0bdf98.jpg] Left lines: 0, Right lines: 3
[3c95ae26-68abac3f.jpg] Left lines: 10, Right lines: 6
[3c95ae26-68abac3f.jpg] Left lines: 10, Right lines: 6
[3e0f1745-a95a63ad.jpg] Left lines: 6, Right lines: 17
[3e0f1745-a95a63ad.jpg] Left lines: 7, Right lines: 21
[3f4eb6a6-9eee52f9.jpg] Left lines: 11, Right lines: 14
[3f4eb6a6-9eee52f9.jpg] Left lines: 12, Right lines: 12
[3f85a987-1ef4053b.jpg] Left lines: 3, Right lines: 2
[3f85a987-1ef4053b.jpg] Left lines: 3, Right lines: 2
[3fe1feaa-10126fec.jpg] Left lines: 4, Right lines: 5
[3fe1feaa-10126fec.jpg] Left lines: 5, Right lines: 0
[3ffdaa26-b394f6f8.jpg] Left lines: 1, Right lines: 19
[3ffdaa26-b394f6f8.jpg] Left lines: 1, Right lines: 29
[4027c10d-41d54e9b.jpg] Left lines: 6, Right lines: 13
[4027c10d-41d54e9b.jpg] Left lines: 5, Right lines: 8
[428e99ea-4166e549.jpg] Left lines: 49, Right lines: 5
[428e99ea-4166e549.jpg] Left lines: 35, Right lines: 5
[42e0dd11-74b81997.jpg] Left lines: 3, Right lines: 13
[42e0dd11-74b81997.jpg] Left lines: 0, Right lines: 12
[430395d1-931c959e.jpg] Left lines: 17, Right lines: 6
[430395d1-931c959e.jpg] Left lines: 13, Right lines: 5
[43126e0d-495d04a5.jpg] Left lines: 8, Right lines: 11
[43126e0d-495d04a5.jpg] Left lines: 7, Right lines: 2
[43126e0d-cce96832.jpg] Left lines: 24, Right lines: 10
[43126e0d-cce96832.jpg] Left lines: 21, Right lines: 10
[432f9e20-83a0d96c.jpg] Left lines: 18, Right lines: 16
[432f9e20-83a0d96c.jpg] Left lines: 19, Right lines: 13
[43c7ed5c-b0690325.jpg] Left lines: 3, Right lines: 5
[43c7ed5c-b0690325.jpg] Left lines: 2, Right lines: 5
[44cc16d9-d2e06fd6.jpg] Left lines: 6, Right lines: 7
[44cc16d9-d2e06fd6.jpg] Left lines: 2, Right lines: 1
[45bafa98-1ee18a2f.jpg] Left lines: 2, Right lines: 6
[45bafa98-1ee18a2f.jpg] Left lines: 2, Right lines: 5
[46d048a1-8f7f385c.jpg] Left lines: 2, Right lines: 8
[46d048a1-8f7f385c.jpg] Left lines: 3, Right lines: 9
[46f76df9-8bf77914.jpg] Left lines: 9, Right lines: 18
[46f76df9-8bf77914.jpg] Left lines: 11, Right lines: 12
[480263a0-5aad7ae9.jpg] Left lines: 3, Right lines: 42
[480263a0-5aad7ae9.jpg] Left lines: 3, Right lines: 34
[488480d6-b94cf415.jpg] Left lines: 7, Right lines: 13
[488480d6-b94cf415.jpg] Left lines: 0, Right lines: 14
[48ed707e-5062e4c3.jpg] Left lines: 10, Right lines: 3
[48ed707e-5062e4c3.jpg] Left lines: 3, Right lines: 4
[4a289ff2-7da7feb6.jpg] Left lines: 0, Right lines: 0
[4a289ff2-7da7feb6.jpg] Left lines: 0, Right lines: 10
[4a31f3e3-ac7ed780.jpg] Left lines: 32, Right lines: 5
[4a31f3e3-ac7ed780.jpg] Left lines: 29, Right lines: 5
[4b2e1dde-65b54419.jpg] Left lines: 6, Right lines: 10
[4b2e1dde-65b54419.jpg] Left lines: 5, Right lines: 11
[4d4a590b-4332c5ab.jpg] Left lines: 10, Right lines: 10
[4d4a590b-4332c5ab.jpg] Left lines: 11, Right lines: 6
[5069db50-52f5af30.jpg] Left lines: 20, Right lines: 11
[5069db50-52f5af30.jpg] Left lines: 19, Right lines: 12
[50866f46-30d1f303.jpg] Left lines: 9, Right lines: 17
[50866f46-30d1f303.jpg] Left lines: 12, Right lines: 16
[50b115d6-4b08a666.jpg] Left lines: 16, Right lines: 12
[50b115d6-4b08a666.jpg] Left lines: 8, Right lines: 8
[50b2e757-6c7d0f63.jpg] Left lines: 11, Right lines: 16
[50b2e757-6c7d0f63.jpg] Left lines: 9, Right lines: 12
[50d0fd05-8db58ebd.jpg] Left lines: 2, Right lines: 0
[50d0fd05-8db58ebd.jpg] Left lines: 2, Right lines: 1
[510671e9-603795e0.jpg] Left lines: 13, Right lines: 32
[510671e9-603795e0.jpg] Left lines: 9, Right lines: 21
[514a6d58-0790e0cd.jpg] Left lines: 14, Right lines: 10
[514a6d58-0790e0cd.jpg] Left lines: 11, Right lines: 10
[5150bb50-300d52ce.jpg] Left lines: 7, Right lines: 13
[5150bb50-300d52ce.jpg] Left lines: 6, Right lines: 20
[52799e9e-8c8673f3.jpg] Left lines: 8, Right lines: 8
[52799e9e-8c8673f3.jpg] Left lines: 8, Right lines: 9
[52bda346-fd8ac6e7.jpg] Left lines: 3, Right lines: 17
[52bda346-fd8ac6e7.jpg] Left lines: 2, Right lines: 2
[534418ba-ee05398f.jpg] Left lines: 10, Right lines: 9
[534418ba-ee05398f.jpg] Left lines: 13, Right lines: 10
[54360b72-e00a3f70.jpg] Left lines: 17, Right lines: 16
[54360b72-e00a3f70.jpg] Left lines: 16, Right lines: 29
[554d7cd5-a32486dd.jpg] Left lines: 12, Right lines: 14
[554d7cd5-a32486dd.jpg] Left lines: 0, Right lines: 13
[559fed19-7893646f.jpg] Left lines: 5, Right lines: 9
[559fed19-7893646f.jpg] Left lines: 3, Right lines: 10
[57165857-e4d4a47f.jpg] Left lines: 1, Right lines: 0
[57165857-e4d4a47f.jpg] Left lines: 2, Right lines: 0
[5795bfe7-a599384a.jpg] Left lines: 4, Right lines: 6
[5795bfe7-a599384a.jpg] Left lines: 2, Right lines: 3
[57ac74e2-e86131f1.jpg] Left lines: 7, Right lines: 41
[57ac74e2-e86131f1.jpg] Left lines: 0, Right lines: 15
[57b495f2-6da6b1e5.jpg] Left lines: 3, Right lines: 2
[57b495f2-6da6b1e5.jpg] Left lines: 3, Right lines: 3
[585443c8-2621a6b1.jpg] Left lines: 8, Right lines: 8
[585443c8-2621a6b1.jpg] Left lines: 7, Right lines: 6
[5877b384-2545daf4.jpg] Left lines: 18, Right lines: 5
[5877b384-2545daf4.jpg] Left lines: 18, Right lines: 5
[587bb1bf-1aa00fe5.jpg] Left lines: 13, Right lines: 11
[587bb1bf-1aa00fe5.jpg] Left lines: 23, Right lines: 12
[5995c288-2d152172.jpg] Left lines: 12, Right lines: 0
[5995c288-2d152172.jpg] Left lines: 13, Right lines: 0
[59cde7c7-344bffb1.jpg] Left lines: 2, Right lines: 2
[59cde7c7-344bffb1.jpg] Left lines: 2, Right lines: 0
[5a8f9b5d-1fdfd2d4.jpg] Left lines: 20, Right lines: 24
[5a8f9b5d-1fdfd2d4.jpg] Left lines: 19, Right lines: 15
[5ae83f9c-da990b49.jpg] Left lines: 12, Right lines: 16
[5ae83f9c-da990b49.jpg] Left lines: 13, Right lines: 16
[5b2b4881-67a6cb87.jpg] Left lines: 7, Right lines: 1
[5b2b4881-67a6cb87.jpg] Left lines: 9, Right lines: 2
[5b2fd56a-37759b05.jpg] Left lines: 11, Right lines: 0
[5b2fd56a-37759b05.jpg] Left lines: 4, Right lines: 9
[5b4b0b07-2fb56b82.jpg] Left lines: 10, Right lines: 12
[5b4b0b07-2fb56b82.jpg] Left lines: 8, Right lines: 4
[5bc44a50-c371c4d0.jpg] Left lines: 12, Right lines: 11
[5bc44a50-c371c4d0.jpg] Left lines: 7, Right lines: 15
[5c4004b7-bf3b7941.jpg] Left lines: 10, Right lines: 8
[5c4004b7-bf3b7941.jpg] Left lines: 3, Right lines: 8
[5c534f5f-a76c7f4b.jpg] Left lines: 13, Right lines: 14
[5c534f5f-a76c7f4b.jpg] Left lines: 13, Right lines: 5
[5c5dc708-35460444.jpg] Left lines: 3, Right lines: 6
[5c5dc708-35460444.jpg] Left lines: 4, Right lines: 5
[5da6c6b6-76c54605.jpg] Left lines: 3, Right lines: 3
[5da6c6b6-76c54605.jpg] Left lines: 0, Right lines: 5
[5dc5141c-5890b5b1.jpg] Left lines: 1, Right lines: 13
[5dc5141c-5890b5b1.jpg] Left lines: 1, Right lines: 10
[5dd831da-bd00cf03.jpg] Left lines: 16, Right lines: 26
[5dd831da-bd00cf03.jpg] Left lines: 13, Right lines: 3
[5dfb063f-7bd23d5c.jpg] Left lines: 12, Right lines: 9
[5dfb063f-7bd23d5c.jpg] Left lines: 10, Right lines: 6
[5e0b701e-d443d8c2.jpg] Left lines: 5, Right lines: 10
[5e0b701e-d443d8c2.jpg] Left lines: 14, Right lines: 16
[5e26f49d-0bc53c7e.jpg] Left lines: 15, Right lines: 0
[5e26f49d-0bc53c7e.jpg] Left lines: 4, Right lines: 0
[5e26f49d-9271bf00.jpg] Left lines: 10, Right lines: 14
[5e26f49d-9271bf00.jpg] Left lines: 11, Right lines: 10
[5e625ec3-7b4fc682.jpg] Left lines: 14, Right lines: 16
[5e625ec3-7b4fc682.jpg] Left lines: 20, Right lines: 15
[5f9387ff-330136ae.jpg] Left lines: 16, Right lines: 3
[5f9387ff-330136ae.jpg] Left lines: 8, Right lines: 2
[5fa17a25-88b8e6b9.jpg] Left lines: 26, Right lines: 11
[5fa17a25-88b8e6b9.jpg] Left lines: 21, Right lines: 6
[5fa422e1-2d8dd765.jpg] Left lines: 24, Right lines: 3
[5fa422e1-2d8dd765.jpg] Left lines: 24, Right lines: 5
[5fb2a702-f56a339c.jpg] Left lines: 10, Right lines: 6
[5fb2a702-f56a339c.jpg] Left lines: 11, Right lines: 5
[6011831b-0992e205.jpg] Left lines: 18, Right lines: 5
[6011831b-0992e205.jpg] Left lines: 7, Right lines: 3
[60137cc0-428b8f5b.jpg] Left lines: 10, Right lines: 1
[60137cc0-428b8f5b.jpg] Left lines: 10, Right lines: 1
[604b5b3e-3c2e6b6b.jpg] Left lines: 11, Right lines: 9
[604b5b3e-3c2e6b6b.jpg] Left lines: 5, Right lines: 11
[6092f5a2-424550ba.jpg] Left lines: 15, Right lines: 16
[6092f5a2-424550ba.jpg] Left lines: 15, Right lines: 14
[60ba25dd-6c0df417.jpg] Left lines: 7, Right lines: 9
[60ba25dd-6c0df417.jpg] Left lines: 6, Right lines: 10
[60c678e7-4813ae0f.jpg] Left lines: 10, Right lines: 0
[60c678e7-4813ae0f.jpg] Left lines: 7, Right lines: 0
[614ecada-16b0f8b6.jpg] Left lines: 14, Right lines: 21
[614ecada-16b0f8b6.jpg] Left lines: 11, Right lines: 23
[61e4ad87-53ceb455.jpg] Left lines: 35, Right lines: 11
[61e4ad87-53ceb455.jpg] Left lines: 18, Right lines: 14
[6240d7b3-b51b5788.jpg] Left lines: 3, Right lines: 11
[6240d7b3-b51b5788.jpg] Left lines: 6, Right lines: 10
[62aefb36-b685117f.jpg] Left lines: 21, Right lines: 15
[62aefb36-b685117f.jpg] Left lines: 16, Right lines: 14
[634c1785-3bb9a8a2.jpg] Left lines: 12, Right lines: 13
[634c1785-3bb9a8a2.jpg] Left lines: 11, Right lines: 13
[634c1785-aeb1652f.jpg] Left lines: 21, Right lines: 11
[634c1785-aeb1652f.jpg] Left lines: 12, Right lines: 16
[63f73472-028615f1.jpg] Left lines: 17, Right lines: 14
[63f73472-028615f1.jpg] Left lines: 15, Right lines: 13
[6485ad0a-245d1600.jpg] Left lines: 22, Right lines: 11
[6485ad0a-245d1600.jpg] Left lines: 13, Right lines: 12
[648dc925-e359dbec.jpg] Left lines: 22, Right lines: 6
[648dc925-e359dbec.jpg] Left lines: 21, Right lines: 6
[65edc5a1-f309fed7.jpg] Left lines: 15, Right lines: 13
[65edc5a1-f309fed7.jpg] Left lines: 9, Right lines: 17
[661381d9-1114a810.jpg] Left lines: 13, Right lines: 6
[661381d9-1114a810.jpg] Left lines: 10, Right lines: 5
[664cb246-f84cfaf4.jpg] Left lines: 15, Right lines: 11
[664cb246-f84cfaf4.jpg] Left lines: 12, Right lines: 12
[675cf8fa-4b1ce8b9.jpg] Left lines: 19, Right lines: 13
[675cf8fa-4b1ce8b9.jpg] Left lines: 10, Right lines: 14
[67faeadf-eb09a636.jpg] Left lines: 0, Right lines: 8
[67faeadf-eb09a636.jpg] Left lines: 0, Right lines: 7
[691be377-5dbc29ee.jpg] Left lines: 4, Right lines: 10
[691be377-5dbc29ee.jpg] Left lines: 3, Right lines: 8
[692f1303-05178963.jpg] Left lines: 3, Right lines: 3
[692f1303-05178963.jpg] Left lines: 2, Right lines: 3
[692f9b08-bdbbd729.jpg] Left lines: 26, Right lines: 6
[692f9b08-bdbbd729.jpg] Left lines: 20, Right lines: 7
[69bfbe31-5ee2a642.jpg] Left lines: 29, Right lines: 15
[69bfbe31-5ee2a642.jpg] Left lines: 32, Right lines: 15
[69cf7667-68f59649.jpg] Left lines: 14, Right lines: 9
[69cf7667-68f59649.jpg] Left lines: 15, Right lines: 9
[69cf7667-7eb40860.jpg] Left lines: 17, Right lines: 7
[69cf7667-7eb40860.jpg] Left lines: 5, Right lines: 6
[6a44fb9a-05a3dd18.jpg] Left lines: 27, Right lines: 11
[6a44fb9a-05a3dd18.jpg] Left lines: 20, Right lines: 14
[6a793e80-4f5e207f.jpg] Left lines: 14, Right lines: 1
[6a793e80-4f5e207f.jpg] Left lines: 11, Right lines: 3
[6a82c0d6-b31f6b90.jpg] Left lines: 0, Right lines: 21
[6a82c0d6-b31f6b90.jpg] Left lines: 0, Right lines: 11
[6a8d218d-14e4fa28.jpg] Left lines: 4, Right lines: 12
[6a8d218d-14e4fa28.jpg] Left lines: 0, Right lines: 1
[6ad110c3-789e7724.jpg] Left lines: 28, Right lines: 10
[6ad110c3-789e7724.jpg] Left lines: 13, Right lines: 10
[6b15392a-3a1699fd.jpg] Left lines: 24, Right lines: 19
[6b15392a-3a1699fd.jpg] Left lines: 1, Right lines: 17
[6b784eee-0a5a2c89.jpg] Left lines: 24, Right lines: 13
[6b784eee-0a5a2c89.jpg] Left lines: 16, Right lines: 6
[6bb5a881-15e5c2c4.jpg] Left lines: 10, Right lines: 3
[6bb5a881-15e5c2c4.jpg] Left lines: 6, Right lines: 0
[6bd41587-d65ba5b4.jpg] Left lines: 5, Right lines: 4
[6bd41587-d65ba5b4.jpg] Left lines: 5, Right lines: 3
[6d0d7bef-fb11b6e1.jpg] Left lines: 13, Right lines: 10
[6d0d7bef-fb11b6e1.jpg] Left lines: 4, Right lines: 7
[6d57736c-a35808b9.jpg] Left lines: 8, Right lines: 5
[6d57736c-a35808b9.jpg] Left lines: 8, Right lines: 6
[6d8a6d94-00a7ad92.jpg] Left lines: 7, Right lines: 8
[6d8a6d94-00a7ad92.jpg] Left lines: 3, Right lines: 4
[6eeed3fa-87a1b0c9.jpg] Left lines: 5, Right lines: 13
[6eeed3fa-87a1b0c9.jpg] Left lines: 8, Right lines: 13
[701992bd-8a457895.jpg] Left lines: 14, Right lines: 16
[701992bd-8a457895.jpg] Left lines: 12, Right lines: 12
[7171644d-4e74752e.jpg] Left lines: 6, Right lines: 29
[7171644d-4e74752e.jpg] Left lines: 6, Right lines: 27
[7171644d-ee92c71e.jpg] Left lines: 12, Right lines: 20
[7171644d-ee92c71e.jpg] Left lines: 14, Right lines: 24
[72f22fa5-8af4615c.jpg] Left lines: 42, Right lines: 14
[72f22fa5-8af4615c.jpg] Left lines: 19, Right lines: 12
[72fd00fe-aeadfc89.jpg] Left lines: 10, Right lines: 17
[72fd00fe-aeadfc89.jpg] Left lines: 7, Right lines: 10
[730c67a5-563e9b1f.jpg] Left lines: 14, Right lines: 7
[730c67a5-563e9b1f.jpg] Left lines: 14, Right lines: 0
[738a2bcd-7a6fde0d.jpg] Left lines: 6, Right lines: 4
[738a2bcd-7a6fde0d.jpg] Left lines: 5, Right lines: 5
[73aff960-d46366ec.jpg] Left lines: 4, Right lines: 6
[73aff960-d46366ec.jpg] Left lines: 4, Right lines: 2
[73d338d6-edf0b3db.jpg] Left lines: 10, Right lines: 2
[73d338d6-edf0b3db.jpg] Left lines: 13, Right lines: 0
[75ad1fff-77299093.jpg] Left lines: 10, Right lines: 10
[75ad1fff-77299093.jpg] Left lines: 4, Right lines: 8
[75f5f52c-6b67e736.jpg] Left lines: 10, Right lines: 9
[75f5f52c-6b67e736.jpg] Left lines: 11, Right lines: 7
[777005a8-14c739ad.jpg] Left lines: 10, Right lines: 3
[777005a8-14c739ad.jpg] Left lines: 6, Right lines: 2
[7771e03b-832e52c0.jpg] Left lines: 0, Right lines: 16
[7771e03b-832e52c0.jpg] Left lines: 0, Right lines: 3
[7771e03b-a8f9d50c.jpg] Left lines: 19, Right lines: 10
[7771e03b-a8f9d50c.jpg] Left lines: 20, Right lines: 6
[7797fea2-c37f9856.jpg] Left lines: 8, Right lines: 15
[7797fea2-c37f9856.jpg] Left lines: 11, Right lines: 18
[77bdbeb0-edb0613f.jpg] Left lines: 15, Right lines: 5
[77bdbeb0-edb0613f.jpg] Left lines: 10, Right lines: 5
[77dca577-16a39ea0.jpg] Left lines: 10, Right lines: 6
[77dca577-16a39ea0.jpg] Left lines: 10, Right lines: 8
[77f810c4-43a39c1f.jpg] Left lines: 11, Right lines: 4
[77f810c4-43a39c1f.jpg] Left lines: 10, Right lines: 0
[7814206e-8e991d51.jpg] Left lines: 18, Right lines: 9
[7814206e-8e991d51.jpg] Left lines: 22, Right lines: 7
[7814206e-ea2508d0.jpg] Left lines: 22, Right lines: 8
[7814206e-ea2508d0.jpg] Left lines: 8, Right lines: 7
[79e177bc-4d5d3acc.jpg] Left lines: 21, Right lines: 16
[79e177bc-4d5d3acc.jpg] Left lines: 20, Right lines: 16
[7aa4ff0f-9d28d8a4.jpg] Left lines: 13, Right lines: 14
[7aa4ff0f-9d28d8a4.jpg] Left lines: 7, Right lines: 14
[7ad1174c-373265eb.jpg] Left lines: 3, Right lines: 3
[7ad1174c-373265eb.jpg] Left lines: 0, Right lines: 0
[7b268b98-e0ec16c3.jpg] Left lines: 3, Right lines: 7
[7b268b98-e0ec16c3.jpg] Left lines: 3, Right lines: 9
[7c5a2048-332896ea.jpg] Left lines: 14, Right lines: 10
[7c5a2048-332896ea.jpg] Left lines: 9, Right lines: 10
[7c5d50c5-7292de37.jpg] Left lines: 9, Right lines: 15
[7c5d50c5-7292de37.jpg] Left lines: 8, Right lines: 12
[7d1fe115-936a2f47.jpg] Left lines: 8, Right lines: 14
[7d1fe115-936a2f47.jpg] Left lines: 6, Right lines: 10
[7dc2914d-a20a969a.jpg] Left lines: 16, Right lines: 2
[7dc2914d-a20a969a.jpg] Left lines: 14, Right lines: 7
[7e4ab78b-4a62c63e.jpg] Left lines: 3, Right lines: 3
[7e4ab78b-4a62c63e.jpg] Left lines: 2, Right lines: 0
[7e590c49-93f03732.jpg] Left lines: 4, Right lines: 3
[7e590c49-93f03732.jpg] Left lines: 1, Right lines: 5
[7ed57d0a-d7bcc13d.jpg] Left lines: 18, Right lines: 16
[7ed57d0a-d7bcc13d.jpg] Left lines: 3, Right lines: 16
[7f0ef682-c93899df.jpg] Left lines: 2, Right lines: 9
[7f0ef682-c93899df.jpg] Left lines: 1, Right lines: 9
[7f4ac354-777de900.jpg] Left lines: 13, Right lines: 6
[7f4ac354-777de900.jpg] Left lines: 15, Right lines: 6
[7f9bdf0d-c0e0061f.jpg] Left lines: 14, Right lines: 0
[7f9bdf0d-c0e0061f.jpg] Left lines: 14, Right lines: 2
[7fd14da9-a855494b.jpg] Left lines: 22, Right lines: 18
[7fd14da9-a855494b.jpg] Left lines: 23, Right lines: 13
[801bff84-a72998c7.jpg] Left lines: 38, Right lines: 19
[801bff84-a72998c7.jpg] Left lines: 33, Right lines: 17
[8073de38-f7eab6ec.jpg] Left lines: 16, Right lines: 20
[8073de38-f7eab6ec.jpg] Left lines: 12, Right lines: 13
[8082ea05-1a7bcd47.jpg] Left lines: 15, Right lines: 29
[8082ea05-1a7bcd47.jpg] Left lines: 12, Right lines: 24
[80ecebc0-ca9605f4.jpg] Left lines: 3, Right lines: 5
[80ecebc0-ca9605f4.jpg] Left lines: 1, Right lines: 1
[81ec3b39-1951f79e.jpg] Left lines: 16, Right lines: 9
[81ec3b39-1951f79e.jpg] Left lines: 17, Right lines: 8
[82b14c0c-79b99258.jpg] Left lines: 14, Right lines: 15
[82b14c0c-79b99258.jpg] Left lines: 14, Right lines: 13
[82b5fc3b-90cadd1b.jpg] Left lines: 8, Right lines: 13
[82b5fc3b-90cadd1b.jpg] Left lines: 6, Right lines: 18
[82f03471-8e304dd5.jpg] Left lines: 3, Right lines: 12
[82f03471-8e304dd5.jpg] Left lines: 5, Right lines: 5
[836fa13a-d6058a12.jpg] Left lines: 15, Right lines: 8
[836fa13a-d6058a12.jpg] Left lines: 13, Right lines: 7
[84fb3f59-7d5d1fa4.jpg] Left lines: 3, Right lines: 13
[84fb3f59-7d5d1fa4.jpg] Left lines: 2, Right lines: 18
[8542b4da-7795bcfd.jpg] Left lines: 10, Right lines: 14
[8542b4da-7795bcfd.jpg] Left lines: 6, Right lines: 13
[85f3f250-1fef85ac.jpg] Left lines: 16, Right lines: 16
[85f3f250-1fef85ac.jpg] Left lines: 13, Right lines: 15
[87ca2979-d5158824.jpg] Left lines: 6, Right lines: 14
[87ca2979-d5158824.jpg] Left lines: 5, Right lines: 12
[889b7dda-77f16103.jpg] Left lines: 3, Right lines: 19
[889b7dda-77f16103.jpg] Left lines: 3, Right lines: 13
[88dbf01a-d8b35dee.jpg] Left lines: 14, Right lines: 2
[88dbf01a-d8b35dee.jpg] Left lines: 12, Right lines: 3
[897223bc-6938f1ab.jpg] Left lines: 7, Right lines: 6
[897223bc-6938f1ab.jpg] Left lines: 2, Right lines: 6
[89b7454d-880eacbd.jpg] Left lines: 3, Right lines: 6
[89b7454d-880eacbd.jpg] Left lines: 4, Right lines: 2
[89e85e71-7dd0a7b6.jpg] Left lines: 24, Right lines: 45
[89e85e71-7dd0a7b6.jpg] Left lines: 22, Right lines: 34
[8a4fbffe-47866ce9.jpg] Left lines: 3, Right lines: 3
[8a4fbffe-47866ce9.jpg] Left lines: 0, Right lines: 0
[8a76c101-8bcefc32.jpg] Left lines: 1, Right lines: 14
[8a76c101-8bcefc32.jpg] Left lines: 0, Right lines: 11
[8b7ef6c4-6bbcf25f.jpg] Left lines: 22, Right lines: 12
[8b7ef6c4-6bbcf25f.jpg] Left lines: 14, Right lines: 13
[8bac644e-e0437ead.jpg] Left lines: 0, Right lines: 2
[8bac644e-e0437ead.jpg] Left lines: 0, Right lines: 2
[8c94c649-8ba62efa.jpg] Left lines: 5, Right lines: 3
[8c94c649-8ba62efa.jpg] Left lines: 6, Right lines: 4
[8c9bbaa9-34934b66.jpg] Left lines: 11, Right lines: 11
[8c9bbaa9-34934b66.jpg] Left lines: 9, Right lines: 12
[degraded] rain level_3 (300 images)
[0049e5b8-725e21a0.jpg] Left lines: 9, Right lines: 12
[0049e5b8-725e21a0.jpg] Left lines: 12, Right lines: 12
[0081e27b-17bf4a9e.jpg] Left lines: 4, Right lines: 18
[0081e27b-17bf4a9e.jpg] Left lines: 2, Right lines: 11
[00beeb02-50440dcd.jpg] Left lines: 2, Right lines: 1
[00beeb02-50440dcd.jpg] Left lines: 2, Right lines: 2
[00d4b6b7-7d0a60bf.jpg] Left lines: 0, Right lines: 0
[00d4b6b7-7d0a60bf.jpg] Left lines: 0, Right lines: 0
[01118704-2d838d7f.jpg] Left lines: 9, Right lines: 12
[01118704-2d838d7f.jpg] Left lines: 9, Right lines: 7
[0115917e-14907a6a.jpg] Left lines: 12, Right lines: 11
[0115917e-14907a6a.jpg] Left lines: 15, Right lines: 13
[02188a44-65ad27f3.jpg] Left lines: 30, Right lines: 0
[02188a44-65ad27f3.jpg] Left lines: 38, Right lines: 0
[02494b7b-079febf8.jpg] Left lines: 16, Right lines: 14
[02494b7b-079febf8.jpg] Left lines: 12, Right lines: 8
[029ffd50-dc944dba.jpg] Left lines: 6, Right lines: 6
[029ffd50-dc944dba.jpg] Left lines: 8, Right lines: 8
[0464a98b-860229d5.jpg] Left lines: 9, Right lines: 32
[0464a98b-860229d5.jpg] Left lines: 9, Right lines: 19
[051aadb7-51aad566.jpg] Left lines: 8, Right lines: 0
[051aadb7-51aad566.jpg] Left lines: 4, Right lines: 0
[051aadb7-e953bc4d.jpg] Left lines: 19, Right lines: 14
[051aadb7-e953bc4d.jpg] Left lines: 11, Right lines: 14
[05743a9b-747658e7.jpg] Left lines: 8, Right lines: 18
[05743a9b-747658e7.jpg] Left lines: 2, Right lines: 15
[057af272-6f700aef.jpg] Left lines: 5, Right lines: 11
[057af272-6f700aef.jpg] Left lines: 0, Right lines: 10
[05d62296-30c620d5.jpg] Left lines: 10, Right lines: 5
[05d62296-30c620d5.jpg] Left lines: 8, Right lines: 0
[05e5a68e-f0e05a42.jpg] Left lines: 7, Right lines: 10
[05e5a68e-f0e05a42.jpg] Left lines: 8, Right lines: 7
[05fa6494-8f436d04.jpg] Left lines: 44, Right lines: 32
[05fa6494-8f436d04.jpg] Left lines: 16, Right lines: 16
[060039d9-5218402b.jpg] Left lines: 19, Right lines: 11
[060039d9-5218402b.jpg] Left lines: 17, Right lines: 14
[064aa0d6-f75ff4d5.jpg] Left lines: 10, Right lines: 9
[064aa0d6-f75ff4d5.jpg] Left lines: 11, Right lines: 8
[07de5062-ddddcbd7.jpg] Left lines: 1, Right lines: 4
[07de5062-ddddcbd7.jpg] Left lines: 2, Right lines: 4
[088351d1-30833ddc.jpg] Left lines: 16, Right lines: 6
[088351d1-30833ddc.jpg] Left lines: 14, Right lines: 5
[08a49c01-675d3899.jpg] Left lines: 16, Right lines: 19
[08a49c01-675d3899.jpg] Left lines: 13, Right lines: 18
[08d4285a-4a25b9b6.jpg] Left lines: 4, Right lines: 14
[08d4285a-4a25b9b6.jpg] Left lines: 4, Right lines: 12
[09ac21d6-eefa8ed0.jpg] Left lines: 18, Right lines: 17
[09ac21d6-eefa8ed0.jpg] Left lines: 7, Right lines: 17
[0a0a0b1a-7c39d841.jpg] Left lines: 4, Right lines: 12
[0a0a0b1a-7c39d841.jpg] Left lines: 7, Right lines: 11
[0af6039a-f3c91319.jpg] Left lines: 28, Right lines: 5
[0af6039a-f3c91319.jpg] Left lines: 10, Right lines: 4
[0b2f5d0d-8fddc1fc.jpg] Left lines: 19, Right lines: 20
[0b2f5d0d-8fddc1fc.jpg] Left lines: 16, Right lines: 15
[0b4225f9-bfb10f88.jpg] Left lines: 11, Right lines: 3
[0b4225f9-bfb10f88.jpg] Left lines: 16, Right lines: 4
[0ba08fe3-880ae118.jpg] Left lines: 5, Right lines: 19
[0ba08fe3-880ae118.jpg] Left lines: 5, Right lines: 11
[0c2f33b9-f94d69b5.jpg] Left lines: 25, Right lines: 13
[0c2f33b9-f94d69b5.jpg] Left lines: 11, Right lines: 11
[0c984e6d-2b5d7ee4.jpg] Left lines: 6, Right lines: 5
[0c984e6d-2b5d7ee4.jpg] Left lines: 5, Right lines: 5
[0cb67a01-7cf1687e.jpg] Left lines: 15, Right lines: 2
[0cb67a01-7cf1687e.jpg] Left lines: 18, Right lines: 0
[0cc6f3e8-b4c9e348.jpg] Left lines: 11, Right lines: 23
[0cc6f3e8-b4c9e348.jpg] Left lines: 10, Right lines: 14
[0cf398b3-ce65ab64.jpg] Left lines: 7, Right lines: 2
[0cf398b3-ce65ab64.jpg] Left lines: 7, Right lines: 11
[0d3ec56a-f4cead6f.jpg] Left lines: 8, Right lines: 18
[0d3ec56a-f4cead6f.jpg] Left lines: 0, Right lines: 15
[0d61234a-542010b2.jpg] Left lines: 11, Right lines: 15
[0d61234a-542010b2.jpg] Left lines: 16, Right lines: 15
[0e442b65-b17e0b50.jpg] Left lines: 10, Right lines: 5
[0e442b65-b17e0b50.jpg] Left lines: 9, Right lines: 3
[0e5c7e92-0d9c60f0.jpg] Left lines: 10, Right lines: 14
[0e5c7e92-0d9c60f0.jpg] Left lines: 13, Right lines: 15
[0f837def-9646c091.jpg] Left lines: 10, Right lines: 9
[0f837def-9646c091.jpg] Left lines: 6, Right lines: 8
[0fba84f9-73b520ee.jpg] Left lines: 15, Right lines: 13
[0fba84f9-73b520ee.jpg] Left lines: 11, Right lines: 12
[101a0964-930eae70.jpg] Left lines: 9, Right lines: 12
[101a0964-930eae70.jpg] Left lines: 8, Right lines: 12
[10389fe8-433c740c.jpg] Left lines: 13, Right lines: 4
[10389fe8-433c740c.jpg] Left lines: 5, Right lines: 0
[10453a95-40759ac3.jpg] Left lines: 5, Right lines: 17
[10453a95-40759ac3.jpg] Left lines: 5, Right lines: 8
[1072195f-0a161ade.jpg] Left lines: 19, Right lines: 16
[1072195f-0a161ade.jpg] Left lines: 22, Right lines: 17
[1072195f-6cf88b25.jpg] Left lines: 8, Right lines: 12
[1072195f-6cf88b25.jpg] Left lines: 10, Right lines: 10
[11513e3d-150058c3.jpg] Left lines: 12, Right lines: 18
[11513e3d-150058c3.jpg] Left lines: 9, Right lines: 12
[1189ae68-1a8ad3c6.jpg] Left lines: 11, Right lines: 7
[1189ae68-1a8ad3c6.jpg] Left lines: 13, Right lines: 9
[12076ebb-c07285d7.jpg] Left lines: 7, Right lines: 10
[12076ebb-c07285d7.jpg] Left lines: 7, Right lines: 13
[125134e5-7dfc45b9.jpg] Left lines: 6, Right lines: 8
[125134e5-7dfc45b9.jpg] Left lines: 3, Right lines: 3
[12ae9ab8-794f5adc.jpg] Left lines: 30, Right lines: 11
[12ae9ab8-794f5adc.jpg] Left lines: 16, Right lines: 12
[13f61134-50021e53.jpg] Left lines: 3, Right lines: 4
[13f61134-50021e53.jpg] Left lines: 1, Right lines: 2
[14eace5a-ddf3b303.jpg] Left lines: 29, Right lines: 7
[14eace5a-ddf3b303.jpg] Left lines: 22, Right lines: 0
[1608cfe7-32da2c5d.jpg] Left lines: 2, Right lines: 6
[1608cfe7-32da2c5d.jpg] Left lines: 2, Right lines: 4
[162995f1-d2c7d259.jpg] Left lines: 14, Right lines: 9
[162995f1-d2c7d259.jpg] Left lines: 13, Right lines: 3
[16b0973f-c07b564a.jpg] Left lines: 27, Right lines: 4
[16b0973f-c07b564a.jpg] Left lines: 12, Right lines: 4
[1784d67b-6b223914.jpg] Left lines: 12, Right lines: 11
[1784d67b-6b223914.jpg] Left lines: 6, Right lines: 14
[1784d67b-d76145ce.jpg] Left lines: 7, Right lines: 12
[1784d67b-d76145ce.jpg] Left lines: 8, Right lines: 11
[188c58f3-792afc71.jpg] Left lines: 5, Right lines: 15
[188c58f3-792afc71.jpg] Left lines: 6, Right lines: 21
[193f7f3b-84bc7998.jpg] Left lines: 10, Right lines: 12
[193f7f3b-84bc7998.jpg] Left lines: 4, Right lines: 8
[194058b0-ac0616a6.jpg] Left lines: 12, Right lines: 6
[194058b0-ac0616a6.jpg] Left lines: 4, Right lines: 4
[19e56249-09c4bbc6.jpg] Left lines: 0, Right lines: 0
[19e56249-09c4bbc6.jpg] Left lines: 0, Right lines: 0
[1a71faae-d5f255fd.jpg] Left lines: 14, Right lines: 11
[1a71faae-d5f255fd.jpg] Left lines: 14, Right lines: 9
[1a8992a7-da5a8510.jpg] Left lines: 9, Right lines: 3
[1a8992a7-da5a8510.jpg] Left lines: 4, Right lines: 7
[1ac0178c-0b259360.jpg] Left lines: 0, Right lines: 0
[1ac0178c-0b259360.jpg] Left lines: 0, Right lines: 0
[1b30f76f-95aa8a06.jpg] Left lines: 12, Right lines: 10
[1b30f76f-95aa8a06.jpg] Left lines: 11, Right lines: 8
[1bda5a26-420ceea6.jpg] Left lines: 15, Right lines: 1
[1bda5a26-420ceea6.jpg] Left lines: 15, Right lines: 1
[1bf7f3d2-15f95138.jpg] Left lines: 16, Right lines: 14
[1bf7f3d2-15f95138.jpg] Left lines: 13, Right lines: 15
[1c227a12-10e5552c.jpg] Left lines: 5, Right lines: 15
[1c227a12-10e5552c.jpg] Left lines: 2, Right lines: 13
[1c227a12-ec67af93.jpg] Left lines: 10, Right lines: 0
[1c227a12-ec67af93.jpg] Left lines: 9, Right lines: 2
[1c5e9657-2e2a2863.jpg] Left lines: 1, Right lines: 2
[1c5e9657-2e2a2863.jpg] Left lines: 0, Right lines: 0
[1cb2a89b-4594573e.jpg] Left lines: 12, Right lines: 11
[1cb2a89b-4594573e.jpg] Left lines: 10, Right lines: 12
[1cf54809-c6daa5a9.jpg] Left lines: 11, Right lines: 15
[1cf54809-c6daa5a9.jpg] Left lines: 18, Right lines: 14
[1d5e05f8-5020f67d.jpg] Left lines: 36, Right lines: 7
[1d5e05f8-5020f67d.jpg] Left lines: 28, Right lines: 12
[1e57ae90-806bc767.jpg] Left lines: 9, Right lines: 24
[1e57ae90-806bc767.jpg] Left lines: 8, Right lines: 27
[1f959fdd-6ff63d34.jpg] Left lines: 3, Right lines: 12
[1f959fdd-6ff63d34.jpg] Left lines: 4, Right lines: 11
[1fa65acf-d43367bc.jpg] Left lines: 22, Right lines: 7
[1fa65acf-d43367bc.jpg] Left lines: 9, Right lines: 7
[20cfadfa-47711496.jpg] Left lines: 17, Right lines: 10
[20cfadfa-47711496.jpg] Left lines: 17, Right lines: 16
[20cfadfa-6f87fdc1.jpg] Left lines: 31, Right lines: 31
[20cfadfa-6f87fdc1.jpg] Left lines: 27, Right lines: 31
[225a1858-0e3a4b04.jpg] Left lines: 10, Right lines: 0
[225a1858-0e3a4b04.jpg] Left lines: 5, Right lines: 0
[22be2f14-59fbdca0.jpg] Left lines: 11, Right lines: 19
[22be2f14-59fbdca0.jpg] Left lines: 11, Right lines: 15
[23333f35-0cbc3f0f.jpg] Left lines: 9, Right lines: 11
[23333f35-0cbc3f0f.jpg] Left lines: 6, Right lines: 5
[23df146f-64b50e4c.jpg] Left lines: 23, Right lines: 25
[23df146f-64b50e4c.jpg] Left lines: 11, Right lines: 35
[24392d7c-998011c2.jpg] Left lines: 10, Right lines: 0
[24392d7c-998011c2.jpg] Left lines: 1, Right lines: 0
[250e7595-b14da270.jpg] Left lines: 32, Right lines: 10
[250e7595-b14da270.jpg] Left lines: 4, Right lines: 12
[26190b83-39ccb412.jpg] Left lines: 1, Right lines: 23
[26190b83-39ccb412.jpg] Left lines: 2, Right lines: 22
[272d52f6-8aac36b3.jpg] Left lines: 13, Right lines: 10
[272d52f6-8aac36b3.jpg] Left lines: 11, Right lines: 7
[2752681a-e813599a.jpg] Left lines: 20, Right lines: 9
[2752681a-e813599a.jpg] Left lines: 4, Right lines: 10
[27645526-f038b033.jpg] Left lines: 32, Right lines: 0
[27645526-f038b033.jpg] Left lines: 63, Right lines: 7
[2773af6f-23e23a6b.jpg] Left lines: 4, Right lines: 7
[2773af6f-23e23a6b.jpg] Left lines: 7, Right lines: 5
[28faf684-03ef4c6e.jpg] Left lines: 11, Right lines: 17
[28faf684-03ef4c6e.jpg] Left lines: 9, Right lines: 17
[292720ee-d847ee69.jpg] Left lines: 10, Right lines: 6
[292720ee-d847ee69.jpg] Left lines: 10, Right lines: 5
[2b54fe2d-c5b810e6.jpg] Left lines: 31, Right lines: 20
[2b54fe2d-c5b810e6.jpg] Left lines: 15, Right lines: 16
[2b605c48-8dfe352b.jpg] Left lines: 21, Right lines: 30
[2b605c48-8dfe352b.jpg] Left lines: 12, Right lines: 32
[2beccce2-354608e2.jpg] Left lines: 30, Right lines: 8
[2beccce2-354608e2.jpg] Left lines: 15, Right lines: 6
[2c87e51d-aa7a8031.jpg] Left lines: 3, Right lines: 0
[2c87e51d-aa7a8031.jpg] Left lines: 1, Right lines: 0
[2ce0b449-e818dc97.jpg] Left lines: 6, Right lines: 0
[2ce0b449-e818dc97.jpg] Left lines: 4, Right lines: 0
[2cf976a2-479cd46b.jpg] Left lines: 7, Right lines: 5
[2cf976a2-479cd46b.jpg] Left lines: 7, Right lines: 6
[2e2fae77-b7497ca0.jpg] Left lines: 10, Right lines: 10
[2e2fae77-b7497ca0.jpg] Left lines: 4, Right lines: 12
[2ead8042-2493c03f.jpg] Left lines: 6, Right lines: 8
[2ead8042-2493c03f.jpg] Left lines: 6, Right lines: 7
[2f1864c1-1a17d11c.jpg] Left lines: 11, Right lines: 14
[2f1864c1-1a17d11c.jpg] Left lines: 12, Right lines: 13
[2f879dc0-b09e4824.jpg] Left lines: 11, Right lines: 12
[2f879dc0-b09e4824.jpg] Left lines: 11, Right lines: 12
[2fc9ad1e-ee4c9e43.jpg] Left lines: 18, Right lines: 4
[2fc9ad1e-ee4c9e43.jpg] Left lines: 9, Right lines: 4
[3050b249-0ffbd6ec.jpg] Left lines: 4, Right lines: 4
[3050b249-0ffbd6ec.jpg] Left lines: 2, Right lines: 0
[314cc010-3eab5c90.jpg] Left lines: 0, Right lines: 17
[314cc010-3eab5c90.jpg] Left lines: 0, Right lines: 10
[31765c6b-90b0d612.jpg] Left lines: 12, Right lines: 13
[31765c6b-90b0d612.jpg] Left lines: 12, Right lines: 13
[31cf6eba-5c84c636.jpg] Left lines: 18, Right lines: 7
[31cf6eba-5c84c636.jpg] Left lines: 8, Right lines: 7
[32de2244-122f1783.jpg] Left lines: 4, Right lines: 13
[32de2244-122f1783.jpg] Left lines: 7, Right lines: 13
[33420085-32996107.jpg] Left lines: 39, Right lines: 13
[33420085-32996107.jpg] Left lines: 31, Right lines: 10
[3430a5e6-00ec38d2.jpg] Left lines: 12, Right lines: 1
[3430a5e6-00ec38d2.jpg] Left lines: 11, Right lines: 0
[35eb46d0-8f7e28a0.jpg] Left lines: 15, Right lines: 15
[35eb46d0-8f7e28a0.jpg] Left lines: 15, Right lines: 15
[3735fc3d-69d8b80c.jpg] Left lines: 4, Right lines: 0
[3735fc3d-69d8b80c.jpg] Left lines: 0, Right lines: 0
[3740cd4f-ff1d423d.jpg] Left lines: 10, Right lines: 9
[3740cd4f-ff1d423d.jpg] Left lines: 4, Right lines: 14
[375abba2-9f2ed56c.jpg] Left lines: 13, Right lines: 13
[375abba2-9f2ed56c.jpg] Left lines: 16, Right lines: 12
[37723e55-31730cf5.jpg] Left lines: 6, Right lines: 6
[37723e55-31730cf5.jpg] Left lines: 3, Right lines: 5
[380a3f8e-ba4f0def.jpg] Left lines: 23, Right lines: 9
[380a3f8e-ba4f0def.jpg] Left lines: 10, Right lines: 3
[385b0f61-1aee12ef.jpg] Left lines: 11, Right lines: 6
[385b0f61-1aee12ef.jpg] Left lines: 1, Right lines: 2
[3865fea7-b4fe472d.jpg] Left lines: 12, Right lines: 21
[3865fea7-b4fe472d.jpg] Left lines: 22, Right lines: 15
[38e561dd-8ea8ae2d.jpg] Left lines: 8, Right lines: 16
[38e561dd-8ea8ae2d.jpg] Left lines: 8, Right lines: 13
[38ed8d8d-93c48de2.jpg] Left lines: 16, Right lines: 7
[38ed8d8d-93c48de2.jpg] Left lines: 13, Right lines: 3
[38ed8d8d-b1c230ef.jpg] Left lines: 3, Right lines: 5
[38ed8d8d-b1c230ef.jpg] Left lines: 3, Right lines: 5
[38ed8d8d-fa50400c.jpg] Left lines: 10, Right lines: 23
[38ed8d8d-fa50400c.jpg] Left lines: 9, Right lines: 14
[3900ad8c-8834019f.jpg] Left lines: 1, Right lines: 0
[3900ad8c-8834019f.jpg] Left lines: 0, Right lines: 0
[39ddb110-04604b9c.jpg] Left lines: 1, Right lines: 12
[39ddb110-04604b9c.jpg] Left lines: 1, Right lines: 10
[39fc6d1c-6155351d.jpg] Left lines: 0, Right lines: 23
[39fc6d1c-6155351d.jpg] Left lines: 0, Right lines: 17
[3a278d39-b92df256.jpg] Left lines: 14, Right lines: 9
[3a278d39-b92df256.jpg] Left lines: 10, Right lines: 10
[3a3407a2-df8ea956.jpg] Left lines: 13, Right lines: 7
[3a3407a2-df8ea956.jpg] Left lines: 10, Right lines: 0
[3ad0c4a7-2a3d544e.jpg] Left lines: 9, Right lines: 2
[3ad0c4a7-2a3d544e.jpg] Left lines: 6, Right lines: 5
[3b1e1bc1-ee64e36e.jpg] Left lines: 15, Right lines: 14
[3b1e1bc1-ee64e36e.jpg] Left lines: 13, Right lines: 12
[3b44ef5a-c09e8479.jpg] Left lines: 28, Right lines: 1
[3b44ef5a-c09e8479.jpg] Left lines: 25, Right lines: 0
[3b563c5e-0102edaf.jpg] Left lines: 4, Right lines: 18
[3b563c5e-0102edaf.jpg] Left lines: 3, Right lines: 8
[3b9716a6-d2566395.jpg] Left lines: 8, Right lines: 13
[3b9716a6-d2566395.jpg] Left lines: 5, Right lines: 10
[3c0bbdc2-79baffce.jpg] Left lines: 14, Right lines: 8
[3c0bbdc2-79baffce.jpg] Left lines: 14, Right lines: 9
[3c5752b6-9c0bdf98.jpg] Left lines: 0, Right lines: 2
[3c5752b6-9c0bdf98.jpg] Left lines: 0, Right lines: 2
[3c95ae26-68abac3f.jpg] Left lines: 9, Right lines: 8
[3c95ae26-68abac3f.jpg] Left lines: 10, Right lines: 7
[3e0f1745-a95a63ad.jpg] Left lines: 8, Right lines: 22
[3e0f1745-a95a63ad.jpg] Left lines: 5, Right lines: 16
[3f4eb6a6-9eee52f9.jpg] Left lines: 13, Right lines: 15
[3f4eb6a6-9eee52f9.jpg] Left lines: 15, Right lines: 19
[3f85a987-1ef4053b.jpg] Left lines: 2, Right lines: 6
[3f85a987-1ef4053b.jpg] Left lines: 2, Right lines: 5
[3fe1feaa-10126fec.jpg] Left lines: 5, Right lines: 5
[3fe1feaa-10126fec.jpg] Left lines: 4, Right lines: 0
[3ffdaa26-b394f6f8.jpg] Left lines: 0, Right lines: 28
[3ffdaa26-b394f6f8.jpg] Left lines: 1, Right lines: 30
[4027c10d-41d54e9b.jpg] Left lines: 6, Right lines: 12
[4027c10d-41d54e9b.jpg] Left lines: 5, Right lines: 7
[428e99ea-4166e549.jpg] Left lines: 29, Right lines: 7
[428e99ea-4166e549.jpg] Left lines: 11, Right lines: 5
[42e0dd11-74b81997.jpg] Left lines: 0, Right lines: 12
[42e0dd11-74b81997.jpg] Left lines: 5, Right lines: 15
[430395d1-931c959e.jpg] Left lines: 8, Right lines: 4
[430395d1-931c959e.jpg] Left lines: 7, Right lines: 3
[43126e0d-495d04a5.jpg] Left lines: 9, Right lines: 9
[43126e0d-495d04a5.jpg] Left lines: 7, Right lines: 4
[43126e0d-cce96832.jpg] Left lines: 22, Right lines: 12
[43126e0d-cce96832.jpg] Left lines: 21, Right lines: 9
[432f9e20-83a0d96c.jpg] Left lines: 11, Right lines: 14
[432f9e20-83a0d96c.jpg] Left lines: 23, Right lines: 11
[43c7ed5c-b0690325.jpg] Left lines: 2, Right lines: 5
[43c7ed5c-b0690325.jpg] Left lines: 2, Right lines: 4
[44cc16d9-d2e06fd6.jpg] Left lines: 5, Right lines: 7
[44cc16d9-d2e06fd6.jpg] Left lines: 2, Right lines: 6
[45bafa98-1ee18a2f.jpg] Left lines: 2, Right lines: 5
[45bafa98-1ee18a2f.jpg] Left lines: 2, Right lines: 5
[46d048a1-8f7f385c.jpg] Left lines: 3, Right lines: 8
[46d048a1-8f7f385c.jpg] Left lines: 3, Right lines: 10
[46f76df9-8bf77914.jpg] Left lines: 10, Right lines: 15
[46f76df9-8bf77914.jpg] Left lines: 12, Right lines: 15
[480263a0-5aad7ae9.jpg] Left lines: 4, Right lines: 44
[480263a0-5aad7ae9.jpg] Left lines: 5, Right lines: 33
[488480d6-b94cf415.jpg] Left lines: 9, Right lines: 12
[488480d6-b94cf415.jpg] Left lines: 7, Right lines: 12
[48ed707e-5062e4c3.jpg] Left lines: 4, Right lines: 3
[48ed707e-5062e4c3.jpg] Left lines: 2, Right lines: 3
[4a289ff2-7da7feb6.jpg] Left lines: 0, Right lines: 2
[4a289ff2-7da7feb6.jpg] Left lines: 0, Right lines: 3
[4a31f3e3-ac7ed780.jpg] Left lines: 30, Right lines: 3
[4a31f3e3-ac7ed780.jpg] Left lines: 31, Right lines: 4
[4b2e1dde-65b54419.jpg] Left lines: 6, Right lines: 10
[4b2e1dde-65b54419.jpg] Left lines: 6, Right lines: 11
[4d4a590b-4332c5ab.jpg] Left lines: 9, Right lines: 7
[4d4a590b-4332c5ab.jpg] Left lines: 0, Right lines: 8
[5069db50-52f5af30.jpg] Left lines: 8, Right lines: 11
[5069db50-52f5af30.jpg] Left lines: 9, Right lines: 11
[50866f46-30d1f303.jpg] Left lines: 12, Right lines: 18
[50866f46-30d1f303.jpg] Left lines: 13, Right lines: 18
[50b115d6-4b08a666.jpg] Left lines: 11, Right lines: 10
[50b115d6-4b08a666.jpg] Left lines: 8, Right lines: 6
[50b2e757-6c7d0f63.jpg] Left lines: 7, Right lines: 13
[50b2e757-6c7d0f63.jpg] Left lines: 8, Right lines: 1
[50d0fd05-8db58ebd.jpg] Left lines: 3, Right lines: 0
[50d0fd05-8db58ebd.jpg] Left lines: 2, Right lines: 3
[510671e9-603795e0.jpg] Left lines: 12, Right lines: 33
[510671e9-603795e0.jpg] Left lines: 14, Right lines: 28
[514a6d58-0790e0cd.jpg] Left lines: 12, Right lines: 7
[514a6d58-0790e0cd.jpg] Left lines: 11, Right lines: 4
[5150bb50-300d52ce.jpg] Left lines: 10, Right lines: 25
[5150bb50-300d52ce.jpg] Left lines: 5, Right lines: 19
[52799e9e-8c8673f3.jpg] Left lines: 7, Right lines: 9
[52799e9e-8c8673f3.jpg] Left lines: 9, Right lines: 8
[52bda346-fd8ac6e7.jpg] Left lines: 3, Right lines: 15
[52bda346-fd8ac6e7.jpg] Left lines: 3, Right lines: 3
[534418ba-ee05398f.jpg] Left lines: 12, Right lines: 9
[534418ba-ee05398f.jpg] Left lines: 11, Right lines: 10
[54360b72-e00a3f70.jpg] Left lines: 15, Right lines: 32
[54360b72-e00a3f70.jpg] Left lines: 13, Right lines: 39
[554d7cd5-a32486dd.jpg] Left lines: 15, Right lines: 16
[554d7cd5-a32486dd.jpg] Left lines: 3, Right lines: 14
[559fed19-7893646f.jpg] Left lines: 1, Right lines: 13
[559fed19-7893646f.jpg] Left lines: 0, Right lines: 11
[57165857-e4d4a47f.jpg] Left lines: 1, Right lines: 0
[57165857-e4d4a47f.jpg] Left lines: 1, Right lines: 0
[5795bfe7-a599384a.jpg] Left lines: 8, Right lines: 6
[5795bfe7-a599384a.jpg] Left lines: 2, Right lines: 3
[57ac74e2-e86131f1.jpg] Left lines: 5, Right lines: 19
[57ac74e2-e86131f1.jpg] Left lines: 1, Right lines: 14
[57b495f2-6da6b1e5.jpg] Left lines: 4, Right lines: 4
[57b495f2-6da6b1e5.jpg] Left lines: 3, Right lines: 1
[585443c8-2621a6b1.jpg] Left lines: 9, Right lines: 7
[585443c8-2621a6b1.jpg] Left lines: 8, Right lines: 8
[5877b384-2545daf4.jpg] Left lines: 19, Right lines: 6
[5877b384-2545daf4.jpg] Left lines: 12, Right lines: 6
[587bb1bf-1aa00fe5.jpg] Left lines: 20, Right lines: 11
[587bb1bf-1aa00fe5.jpg] Left lines: 9, Right lines: 13
[5995c288-2d152172.jpg] Left lines: 14, Right lines: 0
[5995c288-2d152172.jpg] Left lines: 13, Right lines: 0
[59cde7c7-344bffb1.jpg] Left lines: 3, Right lines: 0
[59cde7c7-344bffb1.jpg] Left lines: 4, Right lines: 0
[5a8f9b5d-1fdfd2d4.jpg] Left lines: 15, Right lines: 13
[5a8f9b5d-1fdfd2d4.jpg] Left lines: 19, Right lines: 4
[5ae83f9c-da990b49.jpg] Left lines: 13, Right lines: 14
[5ae83f9c-da990b49.jpg] Left lines: 10, Right lines: 15
[5b2b4881-67a6cb87.jpg] Left lines: 12, Right lines: 1
[5b2b4881-67a6cb87.jpg] Left lines: 6, Right lines: 1
[5b2fd56a-37759b05.jpg] Left lines: 6, Right lines: 1
[5b2fd56a-37759b05.jpg] Left lines: 4, Right lines: 2
[5b4b0b07-2fb56b82.jpg] Left lines: 14, Right lines: 17
[5b4b0b07-2fb56b82.jpg] Left lines: 7, Right lines: 6
[5bc44a50-c371c4d0.jpg] Left lines: 13, Right lines: 11
[5bc44a50-c371c4d0.jpg] Left lines: 11, Right lines: 11
[5c4004b7-bf3b7941.jpg] Left lines: 10, Right lines: 7
[5c4004b7-bf3b7941.jpg] Left lines: 12, Right lines: 8
[5c534f5f-a76c7f4b.jpg] Left lines: 12, Right lines: 6
[5c534f5f-a76c7f4b.jpg] Left lines: 14, Right lines: 6
[5c5dc708-35460444.jpg] Left lines: 3, Right lines: 7
[5c5dc708-35460444.jpg] Left lines: 3, Right lines: 8
[5da6c6b6-76c54605.jpg] Left lines: 3, Right lines: 3
[5da6c6b6-76c54605.jpg] Left lines: 0, Right lines: 0
[5dc5141c-5890b5b1.jpg] Left lines: 1, Right lines: 13
[5dc5141c-5890b5b1.jpg] Left lines: 2, Right lines: 11
[5dd831da-bd00cf03.jpg] Left lines: 12, Right lines: 11
[5dd831da-bd00cf03.jpg] Left lines: 13, Right lines: 4
[5dfb063f-7bd23d5c.jpg] Left lines: 10, Right lines: 6
[5dfb063f-7bd23d5c.jpg] Left lines: 11, Right lines: 8
[5e0b701e-d443d8c2.jpg] Left lines: 2, Right lines: 17
[5e0b701e-d443d8c2.jpg] Left lines: 0, Right lines: 11
[5e26f49d-0bc53c7e.jpg] Left lines: 5, Right lines: 0
[5e26f49d-0bc53c7e.jpg] Left lines: 4, Right lines: 0
[5e26f49d-9271bf00.jpg] Left lines: 12, Right lines: 15
[5e26f49d-9271bf00.jpg] Left lines: 13, Right lines: 10
[5e625ec3-7b4fc682.jpg] Left lines: 11, Right lines: 17
[5e625ec3-7b4fc682.jpg] Left lines: 15, Right lines: 14
[5f9387ff-330136ae.jpg] Left lines: 11, Right lines: 3
[5f9387ff-330136ae.jpg] Left lines: 5, Right lines: 2
[5fa17a25-88b8e6b9.jpg] Left lines: 17, Right lines: 8
[5fa17a25-88b8e6b9.jpg] Left lines: 9, Right lines: 7
[5fa422e1-2d8dd765.jpg] Left lines: 25, Right lines: 4
[5fa422e1-2d8dd765.jpg] Left lines: 26, Right lines: 3
[5fb2a702-f56a339c.jpg] Left lines: 12, Right lines: 6
[5fb2a702-f56a339c.jpg] Left lines: 12, Right lines: 5
[6011831b-0992e205.jpg] Left lines: 8, Right lines: 3
[6011831b-0992e205.jpg] Left lines: 3, Right lines: 3
[60137cc0-428b8f5b.jpg] Left lines: 10, Right lines: 1
[60137cc0-428b8f5b.jpg] Left lines: 12, Right lines: 1
[604b5b3e-3c2e6b6b.jpg] Left lines: 11, Right lines: 9
[604b5b3e-3c2e6b6b.jpg] Left lines: 5, Right lines: 11
[6092f5a2-424550ba.jpg] Left lines: 13, Right lines: 12
[6092f5a2-424550ba.jpg] Left lines: 12, Right lines: 13
[60ba25dd-6c0df417.jpg] Left lines: 7, Right lines: 14
[60ba25dd-6c0df417.jpg] Left lines: 7, Right lines: 13
[60c678e7-4813ae0f.jpg] Left lines: 7, Right lines: 1
[60c678e7-4813ae0f.jpg] Left lines: 5, Right lines: 0
[614ecada-16b0f8b6.jpg] Left lines: 12, Right lines: 19
[614ecada-16b0f8b6.jpg] Left lines: 13, Right lines: 21
[61e4ad87-53ceb455.jpg] Left lines: 34, Right lines: 13
[61e4ad87-53ceb455.jpg] Left lines: 22, Right lines: 9
[6240d7b3-b51b5788.jpg] Left lines: 6, Right lines: 9
[6240d7b3-b51b5788.jpg] Left lines: 7, Right lines: 10
[62aefb36-b685117f.jpg] Left lines: 27, Right lines: 17
[62aefb36-b685117f.jpg] Left lines: 18, Right lines: 16
[634c1785-3bb9a8a2.jpg] Left lines: 10, Right lines: 12
[634c1785-3bb9a8a2.jpg] Left lines: 9, Right lines: 11
[634c1785-aeb1652f.jpg] Left lines: 12, Right lines: 13
[634c1785-aeb1652f.jpg] Left lines: 12, Right lines: 14
[63f73472-028615f1.jpg] Left lines: 8, Right lines: 18
[63f73472-028615f1.jpg] Left lines: 7, Right lines: 11
[6485ad0a-245d1600.jpg] Left lines: 22, Right lines: 10
[6485ad0a-245d1600.jpg] Left lines: 18, Right lines: 8
[648dc925-e359dbec.jpg] Left lines: 23, Right lines: 3
[648dc925-e359dbec.jpg] Left lines: 3, Right lines: 4
[65edc5a1-f309fed7.jpg] Left lines: 17, Right lines: 21
[65edc5a1-f309fed7.jpg] Left lines: 12, Right lines: 19
[661381d9-1114a810.jpg] Left lines: 18, Right lines: 5
[661381d9-1114a810.jpg] Left lines: 13, Right lines: 6
[664cb246-f84cfaf4.jpg] Left lines: 27, Right lines: 13
[664cb246-f84cfaf4.jpg] Left lines: 17, Right lines: 13
[675cf8fa-4b1ce8b9.jpg] Left lines: 27, Right lines: 13
[675cf8fa-4b1ce8b9.jpg] Left lines: 13, Right lines: 16
[67faeadf-eb09a636.jpg] Left lines: 2, Right lines: 7
[67faeadf-eb09a636.jpg] Left lines: 0, Right lines: 6
[691be377-5dbc29ee.jpg] Left lines: 8, Right lines: 11
[691be377-5dbc29ee.jpg] Left lines: 9, Right lines: 0
[692f1303-05178963.jpg] Left lines: 2, Right lines: 2
[692f1303-05178963.jpg] Left lines: 2, Right lines: 3
[692f9b08-bdbbd729.jpg] Left lines: 26, Right lines: 7
[692f9b08-bdbbd729.jpg] Left lines: 17, Right lines: 5
[69bfbe31-5ee2a642.jpg] Left lines: 29, Right lines: 21
[69bfbe31-5ee2a642.jpg] Left lines: 22, Right lines: 11
[69cf7667-68f59649.jpg] Left lines: 14, Right lines: 7
[69cf7667-68f59649.jpg] Left lines: 14, Right lines: 11
[69cf7667-7eb40860.jpg] Left lines: 30, Right lines: 7
[69cf7667-7eb40860.jpg] Left lines: 6, Right lines: 7
[6a44fb9a-05a3dd18.jpg] Left lines: 23, Right lines: 15
[6a44fb9a-05a3dd18.jpg] Left lines: 16, Right lines: 12
[6a793e80-4f5e207f.jpg] Left lines: 9, Right lines: 9
[6a793e80-4f5e207f.jpg] Left lines: 13, Right lines: 1
[6a82c0d6-b31f6b90.jpg] Left lines: 2, Right lines: 20
[6a82c0d6-b31f6b90.jpg] Left lines: 0, Right lines: 11
[6a8d218d-14e4fa28.jpg] Left lines: 4, Right lines: 10
[6a8d218d-14e4fa28.jpg] Left lines: 0, Right lines: 0
[6ad110c3-789e7724.jpg] Left lines: 21, Right lines: 11
[6ad110c3-789e7724.jpg] Left lines: 20, Right lines: 10
[6b15392a-3a1699fd.jpg] Left lines: 10, Right lines: 19
[6b15392a-3a1699fd.jpg] Left lines: 3, Right lines: 16
[6b784eee-0a5a2c89.jpg] Left lines: 25, Right lines: 4
[6b784eee-0a5a2c89.jpg] Left lines: 11, Right lines: 4
[6bb5a881-15e5c2c4.jpg] Left lines: 3, Right lines: 2
[6bb5a881-15e5c2c4.jpg] Left lines: 6, Right lines: 0
[6bd41587-d65ba5b4.jpg] Left lines: 6, Right lines: 4
[6bd41587-d65ba5b4.jpg] Left lines: 6, Right lines: 5
[6d0d7bef-fb11b6e1.jpg] Left lines: 7, Right lines: 11
[6d0d7bef-fb11b6e1.jpg] Left lines: 3, Right lines: 6
[6d57736c-a35808b9.jpg] Left lines: 10, Right lines: 5
[6d57736c-a35808b9.jpg] Left lines: 9, Right lines: 6
[6d8a6d94-00a7ad92.jpg] Left lines: 4, Right lines: 8
[6d8a6d94-00a7ad92.jpg] Left lines: 3, Right lines: 3
[6eeed3fa-87a1b0c9.jpg] Left lines: 6, Right lines: 10
[6eeed3fa-87a1b0c9.jpg] Left lines: 7, Right lines: 11
[701992bd-8a457895.jpg] Left lines: 15, Right lines: 10
[701992bd-8a457895.jpg] Left lines: 11, Right lines: 12
[7171644d-4e74752e.jpg] Left lines: 5, Right lines: 23
[7171644d-4e74752e.jpg] Left lines: 4, Right lines: 20
[7171644d-ee92c71e.jpg] Left lines: 13, Right lines: 21
[7171644d-ee92c71e.jpg] Left lines: 12, Right lines: 18
[72f22fa5-8af4615c.jpg] Left lines: 35, Right lines: 15
[72f22fa5-8af4615c.jpg] Left lines: 16, Right lines: 13
[72fd00fe-aeadfc89.jpg] Left lines: 12, Right lines: 12
[72fd00fe-aeadfc89.jpg] Left lines: 5, Right lines: 14
[730c67a5-563e9b1f.jpg] Left lines: 7, Right lines: 1
[730c67a5-563e9b1f.jpg] Left lines: 5, Right lines: 0
[738a2bcd-7a6fde0d.jpg] Left lines: 4, Right lines: 5
[738a2bcd-7a6fde0d.jpg] Left lines: 3, Right lines: 7
[73aff960-d46366ec.jpg] Left lines: 4, Right lines: 6
[73aff960-d46366ec.jpg] Left lines: 6, Right lines: 0
[73d338d6-edf0b3db.jpg] Left lines: 6, Right lines: 2
[73d338d6-edf0b3db.jpg] Left lines: 0, Right lines: 0
[75ad1fff-77299093.jpg] Left lines: 11, Right lines: 10
[75ad1fff-77299093.jpg] Left lines: 6, Right lines: 2
[75f5f52c-6b67e736.jpg] Left lines: 12, Right lines: 6
[75f5f52c-6b67e736.jpg] Left lines: 11, Right lines: 6
[777005a8-14c739ad.jpg] Left lines: 9, Right lines: 4
[777005a8-14c739ad.jpg] Left lines: 5, Right lines: 3
[7771e03b-832e52c0.jpg] Left lines: 0, Right lines: 12
[7771e03b-832e52c0.jpg] Left lines: 1, Right lines: 5
[7771e03b-a8f9d50c.jpg] Left lines: 19, Right lines: 9
[7771e03b-a8f9d50c.jpg] Left lines: 20, Right lines: 11
[7797fea2-c37f9856.jpg] Left lines: 10, Right lines: 17
[7797fea2-c37f9856.jpg] Left lines: 4, Right lines: 12
[77bdbeb0-edb0613f.jpg] Left lines: 11, Right lines: 9
[77bdbeb0-edb0613f.jpg] Left lines: 11, Right lines: 7
[77dca577-16a39ea0.jpg] Left lines: 9, Right lines: 9
[77dca577-16a39ea0.jpg] Left lines: 10, Right lines: 8
[77f810c4-43a39c1f.jpg] Left lines: 5, Right lines: 6
[77f810c4-43a39c1f.jpg] Left lines: 9, Right lines: 0
[7814206e-8e991d51.jpg] Left lines: 20, Right lines: 8
[7814206e-8e991d51.jpg] Left lines: 23, Right lines: 9
[7814206e-ea2508d0.jpg] Left lines: 14, Right lines: 7
[7814206e-ea2508d0.jpg] Left lines: 9, Right lines: 11
[79e177bc-4d5d3acc.jpg] Left lines: 20, Right lines: 13
[79e177bc-4d5d3acc.jpg] Left lines: 18, Right lines: 12
[7aa4ff0f-9d28d8a4.jpg] Left lines: 12, Right lines: 15
[7aa4ff0f-9d28d8a4.jpg] Left lines: 8, Right lines: 15
[7ad1174c-373265eb.jpg] Left lines: 0, Right lines: 1
[7ad1174c-373265eb.jpg] Left lines: 0, Right lines: 0
[7b268b98-e0ec16c3.jpg] Left lines: 3, Right lines: 3
[7b268b98-e0ec16c3.jpg] Left lines: 4, Right lines: 4
[7c5a2048-332896ea.jpg] Left lines: 11, Right lines: 0
[7c5a2048-332896ea.jpg] Left lines: 12, Right lines: 0
[7c5d50c5-7292de37.jpg] Left lines: 7, Right lines: 14
[7c5d50c5-7292de37.jpg] Left lines: 7, Right lines: 16
[7d1fe115-936a2f47.jpg] Left lines: 8, Right lines: 11
[7d1fe115-936a2f47.jpg] Left lines: 12, Right lines: 10
[7dc2914d-a20a969a.jpg] Left lines: 16, Right lines: 9
[7dc2914d-a20a969a.jpg] Left lines: 18, Right lines: 8
[7e4ab78b-4a62c63e.jpg] Left lines: 3, Right lines: 0
[7e4ab78b-4a62c63e.jpg] Left lines: 2, Right lines: 0
[7e590c49-93f03732.jpg] Left lines: 1, Right lines: 4
[7e590c49-93f03732.jpg] Left lines: 0, Right lines: 5
[7ed57d0a-d7bcc13d.jpg] Left lines: 12, Right lines: 17
[7ed57d0a-d7bcc13d.jpg] Left lines: 1, Right lines: 11
[7f0ef682-c93899df.jpg] Left lines: 2, Right lines: 12
[7f0ef682-c93899df.jpg] Left lines: 1, Right lines: 8
[7f4ac354-777de900.jpg] Left lines: 11, Right lines: 6
[7f4ac354-777de900.jpg] Left lines: 13, Right lines: 6
[7f9bdf0d-c0e0061f.jpg] Left lines: 19, Right lines: 4
[7f9bdf0d-c0e0061f.jpg] Left lines: 15, Right lines: 3
[7fd14da9-a855494b.jpg] Left lines: 25, Right lines: 14
[7fd14da9-a855494b.jpg] Left lines: 26, Right lines: 10
[801bff84-a72998c7.jpg] Left lines: 32, Right lines: 18
[801bff84-a72998c7.jpg] Left lines: 32, Right lines: 16
[8073de38-f7eab6ec.jpg] Left lines: 18, Right lines: 14
[8073de38-f7eab6ec.jpg] Left lines: 16, Right lines: 13
[8082ea05-1a7bcd47.jpg] Left lines: 16, Right lines: 29
[8082ea05-1a7bcd47.jpg] Left lines: 16, Right lines: 25
[80ecebc0-ca9605f4.jpg] Left lines: 6, Right lines: 5
[80ecebc0-ca9605f4.jpg] Left lines: 1, Right lines: 0
[81ec3b39-1951f79e.jpg] Left lines: 16, Right lines: 8
[81ec3b39-1951f79e.jpg] Left lines: 20, Right lines: 10
[82b14c0c-79b99258.jpg] Left lines: 18, Right lines: 19
[82b14c0c-79b99258.jpg] Left lines: 16, Right lines: 9
[82b5fc3b-90cadd1b.jpg] Left lines: 10, Right lines: 15
[82b5fc3b-90cadd1b.jpg] Left lines: 8, Right lines: 16
[82f03471-8e304dd5.jpg] Left lines: 5, Right lines: 12
[82f03471-8e304dd5.jpg] Left lines: 4, Right lines: 7
[836fa13a-d6058a12.jpg] Left lines: 10, Right lines: 6
[836fa13a-d6058a12.jpg] Left lines: 14, Right lines: 8
[84fb3f59-7d5d1fa4.jpg] Left lines: 6, Right lines: 19
[84fb3f59-7d5d1fa4.jpg] Left lines: 2, Right lines: 17
[8542b4da-7795bcfd.jpg] Left lines: 13, Right lines: 15
[8542b4da-7795bcfd.jpg] Left lines: 7, Right lines: 14
[85f3f250-1fef85ac.jpg] Left lines: 15, Right lines: 15
[85f3f250-1fef85ac.jpg] Left lines: 13, Right lines: 12
[87ca2979-d5158824.jpg] Left lines: 5, Right lines: 16
[87ca2979-d5158824.jpg] Left lines: 4, Right lines: 12
[889b7dda-77f16103.jpg] Left lines: 1, Right lines: 13
[889b7dda-77f16103.jpg] Left lines: 4, Right lines: 14
[88dbf01a-d8b35dee.jpg] Left lines: 11, Right lines: 3
[88dbf01a-d8b35dee.jpg] Left lines: 10, Right lines: 3
[897223bc-6938f1ab.jpg] Left lines: 5, Right lines: 5
[897223bc-6938f1ab.jpg] Left lines: 3, Right lines: 0
[89b7454d-880eacbd.jpg] Left lines: 4, Right lines: 2
[89b7454d-880eacbd.jpg] Left lines: 3, Right lines: 2
[89e85e71-7dd0a7b6.jpg] Left lines: 26, Right lines: 54
[89e85e71-7dd0a7b6.jpg] Left lines: 24, Right lines: 28
[8a4fbffe-47866ce9.jpg] Left lines: 2, Right lines: 2
[8a4fbffe-47866ce9.jpg] Left lines: 1, Right lines: 0
[8a76c101-8bcefc32.jpg] Left lines: 1, Right lines: 14
[8a76c101-8bcefc32.jpg] Left lines: 1, Right lines: 10
[8b7ef6c4-6bbcf25f.jpg] Left lines: 14, Right lines: 15
[8b7ef6c4-6bbcf25f.jpg] Left lines: 15, Right lines: 11
[8bac644e-e0437ead.jpg] Left lines: 0, Right lines: 3
[8bac644e-e0437ead.jpg] Left lines: 1, Right lines: 3
[8c94c649-8ba62efa.jpg] Left lines: 4, Right lines: 5
[8c94c649-8ba62efa.jpg] Left lines: 3, Right lines: 4
[8c9bbaa9-34934b66.jpg] Left lines: 16, Right lines: 11
[8c9bbaa9-34934b66.jpg] Left lines: 0, Right lines: 12
[degraded] rain level_4 (300 images)
[0049e5b8-725e21a0.jpg] Left lines: 8, Right lines: 12
[0049e5b8-725e21a0.jpg] Left lines: 12, Right lines: 14
[0081e27b-17bf4a9e.jpg] Left lines: 5, Right lines: 26
[0081e27b-17bf4a9e.jpg] Left lines: 7, Right lines: 12
[00beeb02-50440dcd.jpg] Left lines: 3, Right lines: 1
[00beeb02-50440dcd.jpg] Left lines: 2, Right lines: 2
[00d4b6b7-7d0a60bf.jpg] Left lines: 0, Right lines: 0
[00d4b6b7-7d0a60bf.jpg] Left lines: 0, Right lines: 0
[01118704-2d838d7f.jpg] Left lines: 15, Right lines: 12
[01118704-2d838d7f.jpg] Left lines: 8, Right lines: 10
[0115917e-14907a6a.jpg] Left lines: 15, Right lines: 10
[0115917e-14907a6a.jpg] Left lines: 14, Right lines: 9
[02188a44-65ad27f3.jpg] Left lines: 36, Right lines: 0
[02188a44-65ad27f3.jpg] Left lines: 30, Right lines: 0
[02494b7b-079febf8.jpg] Left lines: 13, Right lines: 9
[02494b7b-079febf8.jpg] Left lines: 16, Right lines: 13
[029ffd50-dc944dba.jpg] Left lines: 7, Right lines: 6
[029ffd50-dc944dba.jpg] Left lines: 6, Right lines: 7
[0464a98b-860229d5.jpg] Left lines: 9, Right lines: 41
[0464a98b-860229d5.jpg] Left lines: 7, Right lines: 29
[051aadb7-51aad566.jpg] Left lines: 12, Right lines: 0
[051aadb7-51aad566.jpg] Left lines: 3, Right lines: 0
[051aadb7-e953bc4d.jpg] Left lines: 15, Right lines: 15
[051aadb7-e953bc4d.jpg] Left lines: 13, Right lines: 16
[05743a9b-747658e7.jpg] Left lines: 4, Right lines: 17
[05743a9b-747658e7.jpg] Left lines: 0, Right lines: 7
[057af272-6f700aef.jpg] Left lines: 7, Right lines: 10
[057af272-6f700aef.jpg] Left lines: 0, Right lines: 9
[05d62296-30c620d5.jpg] Left lines: 10, Right lines: 2
[05d62296-30c620d5.jpg] Left lines: 12, Right lines: 0
[05e5a68e-f0e05a42.jpg] Left lines: 17, Right lines: 3
[05e5a68e-f0e05a42.jpg] Left lines: 5, Right lines: 9
[05fa6494-8f436d04.jpg] Left lines: 15, Right lines: 21
[05fa6494-8f436d04.jpg] Left lines: 11, Right lines: 18
[060039d9-5218402b.jpg] Left lines: 25, Right lines: 14
[060039d9-5218402b.jpg] Left lines: 21, Right lines: 13
[064aa0d6-f75ff4d5.jpg] Left lines: 10, Right lines: 7
[064aa0d6-f75ff4d5.jpg] Left lines: 9, Right lines: 8
[07de5062-ddddcbd7.jpg] Left lines: 2, Right lines: 6
[07de5062-ddddcbd7.jpg] Left lines: 0, Right lines: 5
[088351d1-30833ddc.jpg] Left lines: 14, Right lines: 10
[088351d1-30833ddc.jpg] Left lines: 13, Right lines: 1
[08a49c01-675d3899.jpg] Left lines: 15, Right lines: 19
[08a49c01-675d3899.jpg] Left lines: 13, Right lines: 13
[08d4285a-4a25b9b6.jpg] Left lines: 6, Right lines: 13
[08d4285a-4a25b9b6.jpg] Left lines: 7, Right lines: 12
[09ac21d6-eefa8ed0.jpg] Left lines: 18, Right lines: 20
[09ac21d6-eefa8ed0.jpg] Left lines: 0, Right lines: 17
[0a0a0b1a-7c39d841.jpg] Left lines: 4, Right lines: 1
[0a0a0b1a-7c39d841.jpg] Left lines: 4, Right lines: 11
[0af6039a-f3c91319.jpg] Left lines: 19, Right lines: 5
[0af6039a-f3c91319.jpg] Left lines: 18, Right lines: 7
[0b2f5d0d-8fddc1fc.jpg] Left lines: 14, Right lines: 14
[0b2f5d0d-8fddc1fc.jpg] Left lines: 16, Right lines: 12
[0b4225f9-bfb10f88.jpg] Left lines: 12, Right lines: 4
[0b4225f9-bfb10f88.jpg] Left lines: 11, Right lines: 3
[0ba08fe3-880ae118.jpg] Left lines: 6, Right lines: 19
[0ba08fe3-880ae118.jpg] Left lines: 5, Right lines: 20
[0c2f33b9-f94d69b5.jpg] Left lines: 23, Right lines: 16
[0c2f33b9-f94d69b5.jpg] Left lines: 12, Right lines: 13
[0c984e6d-2b5d7ee4.jpg] Left lines: 6, Right lines: 4
[0c984e6d-2b5d7ee4.jpg] Left lines: 4, Right lines: 4
[0cb67a01-7cf1687e.jpg] Left lines: 11, Right lines: 0
[0cb67a01-7cf1687e.jpg] Left lines: 5, Right lines: 0
[0cc6f3e8-b4c9e348.jpg] Left lines: 14, Right lines: 23
[0cc6f3e8-b4c9e348.jpg] Left lines: 9, Right lines: 16
[0cf398b3-ce65ab64.jpg] Left lines: 7, Right lines: 7
[0cf398b3-ce65ab64.jpg] Left lines: 6, Right lines: 8
[0d3ec56a-f4cead6f.jpg] Left lines: 5, Right lines: 20
[0d3ec56a-f4cead6f.jpg] Left lines: 0, Right lines: 14
[0d61234a-542010b2.jpg] Left lines: 15, Right lines: 10
[0d61234a-542010b2.jpg] Left lines: 11, Right lines: 13
[0e442b65-b17e0b50.jpg] Left lines: 9, Right lines: 6
[0e442b65-b17e0b50.jpg] Left lines: 9, Right lines: 4
[0e5c7e92-0d9c60f0.jpg] Left lines: 11, Right lines: 15
[0e5c7e92-0d9c60f0.jpg] Left lines: 14, Right lines: 13
[0f837def-9646c091.jpg] Left lines: 13, Right lines: 10
[0f837def-9646c091.jpg] Left lines: 10, Right lines: 9
[0fba84f9-73b520ee.jpg] Left lines: 19, Right lines: 13
[0fba84f9-73b520ee.jpg] Left lines: 6, Right lines: 13
[101a0964-930eae70.jpg] Left lines: 7, Right lines: 15
[101a0964-930eae70.jpg] Left lines: 7, Right lines: 13
[10389fe8-433c740c.jpg] Left lines: 11, Right lines: 1
[10389fe8-433c740c.jpg] Left lines: 1, Right lines: 0
[10453a95-40759ac3.jpg] Left lines: 5, Right lines: 13
[10453a95-40759ac3.jpg] Left lines: 5, Right lines: 12
[1072195f-0a161ade.jpg] Left lines: 19, Right lines: 13
[1072195f-0a161ade.jpg] Left lines: 17, Right lines: 13
[1072195f-6cf88b25.jpg] Left lines: 5, Right lines: 12
[1072195f-6cf88b25.jpg] Left lines: 8, Right lines: 11
[11513e3d-150058c3.jpg] Left lines: 10, Right lines: 18
[11513e3d-150058c3.jpg] Left lines: 7, Right lines: 9
[1189ae68-1a8ad3c6.jpg] Left lines: 11, Right lines: 6
[1189ae68-1a8ad3c6.jpg] Left lines: 9, Right lines: 7
[12076ebb-c07285d7.jpg] Left lines: 8, Right lines: 10
[12076ebb-c07285d7.jpg] Left lines: 7, Right lines: 11
[125134e5-7dfc45b9.jpg] Left lines: 6, Right lines: 3
[125134e5-7dfc45b9.jpg] Left lines: 4, Right lines: 1
[12ae9ab8-794f5adc.jpg] Left lines: 20, Right lines: 13
[12ae9ab8-794f5adc.jpg] Left lines: 21, Right lines: 8
[13f61134-50021e53.jpg] Left lines: 2, Right lines: 1
[13f61134-50021e53.jpg] Left lines: 3, Right lines: 0
[14eace5a-ddf3b303.jpg] Left lines: 27, Right lines: 1
[14eace5a-ddf3b303.jpg] Left lines: 27, Right lines: 2
[1608cfe7-32da2c5d.jpg] Left lines: 0, Right lines: 10
[1608cfe7-32da2c5d.jpg] Left lines: 2, Right lines: 4
[162995f1-d2c7d259.jpg] Left lines: 16, Right lines: 5
[162995f1-d2c7d259.jpg] Left lines: 5, Right lines: 8
[16b0973f-c07b564a.jpg] Left lines: 23, Right lines: 3
[16b0973f-c07b564a.jpg] Left lines: 16, Right lines: 2
[1784d67b-6b223914.jpg] Left lines: 10, Right lines: 11
[1784d67b-6b223914.jpg] Left lines: 9, Right lines: 12
[1784d67b-d76145ce.jpg] Left lines: 15, Right lines: 11
[1784d67b-d76145ce.jpg] Left lines: 9, Right lines: 10
[188c58f3-792afc71.jpg] Left lines: 12, Right lines: 35
[188c58f3-792afc71.jpg] Left lines: 5, Right lines: 17
[193f7f3b-84bc7998.jpg] Left lines: 8, Right lines: 16
[193f7f3b-84bc7998.jpg] Left lines: 8, Right lines: 4
[194058b0-ac0616a6.jpg] Left lines: 8, Right lines: 2
[194058b0-ac0616a6.jpg] Left lines: 7, Right lines: 0
[19e56249-09c4bbc6.jpg] Left lines: 0, Right lines: 0
[19e56249-09c4bbc6.jpg] Left lines: 0, Right lines: 0
[1a71faae-d5f255fd.jpg] Left lines: 13, Right lines: 12
[1a71faae-d5f255fd.jpg] Left lines: 17, Right lines: 11
[1a8992a7-da5a8510.jpg] Left lines: 11, Right lines: 9
[1a8992a7-da5a8510.jpg] Left lines: 4, Right lines: 4
[1ac0178c-0b259360.jpg] Left lines: 0, Right lines: 0
[1ac0178c-0b259360.jpg] Left lines: 0, Right lines: 0
[1b30f76f-95aa8a06.jpg] Left lines: 13, Right lines: 8
[1b30f76f-95aa8a06.jpg] Left lines: 11, Right lines: 6
[1bda5a26-420ceea6.jpg] Left lines: 17, Right lines: 10
[1bda5a26-420ceea6.jpg] Left lines: 18, Right lines: 2
[1bf7f3d2-15f95138.jpg] Left lines: 19, Right lines: 20
[1bf7f3d2-15f95138.jpg] Left lines: 15, Right lines: 17
[1c227a12-10e5552c.jpg] Left lines: 3, Right lines: 10
[1c227a12-10e5552c.jpg] Left lines: 2, Right lines: 12
[1c227a12-ec67af93.jpg] Left lines: 9, Right lines: 4
[1c227a12-ec67af93.jpg] Left lines: 9, Right lines: 2
[1c5e9657-2e2a2863.jpg] Left lines: 0, Right lines: 2
[1c5e9657-2e2a2863.jpg] Left lines: 0, Right lines: 0
[1cb2a89b-4594573e.jpg] Left lines: 13, Right lines: 11
[1cb2a89b-4594573e.jpg] Left lines: 10, Right lines: 11
[1cf54809-c6daa5a9.jpg] Left lines: 14, Right lines: 18
[1cf54809-c6daa5a9.jpg] Left lines: 8, Right lines: 15
[1d5e05f8-5020f67d.jpg] Left lines: 37, Right lines: 10
[1d5e05f8-5020f67d.jpg] Left lines: 34, Right lines: 12
[1e57ae90-806bc767.jpg] Left lines: 10, Right lines: 22
[1e57ae90-806bc767.jpg] Left lines: 8, Right lines: 27
[1f959fdd-6ff63d34.jpg] Left lines: 3, Right lines: 12
[1f959fdd-6ff63d34.jpg] Left lines: 3, Right lines: 11
[1fa65acf-d43367bc.jpg] Left lines: 15, Right lines: 8
[1fa65acf-d43367bc.jpg] Left lines: 7, Right lines: 1
[20cfadfa-47711496.jpg] Left lines: 15, Right lines: 6
[20cfadfa-47711496.jpg] Left lines: 22, Right lines: 13
[20cfadfa-6f87fdc1.jpg] Left lines: 22, Right lines: 30
[20cfadfa-6f87fdc1.jpg] Left lines: 23, Right lines: 26
[225a1858-0e3a4b04.jpg] Left lines: 5, Right lines: 1
[225a1858-0e3a4b04.jpg] Left lines: 0, Right lines: 0
[22be2f14-59fbdca0.jpg] Left lines: 10, Right lines: 9
[22be2f14-59fbdca0.jpg] Left lines: 10, Right lines: 15
[23333f35-0cbc3f0f.jpg] Left lines: 5, Right lines: 5
[23333f35-0cbc3f0f.jpg] Left lines: 5, Right lines: 1
[23df146f-64b50e4c.jpg] Left lines: 22, Right lines: 26
[23df146f-64b50e4c.jpg] Left lines: 13, Right lines: 20
[24392d7c-998011c2.jpg] Left lines: 0, Right lines: 0
[24392d7c-998011c2.jpg] Left lines: 0, Right lines: 0
[250e7595-b14da270.jpg] Left lines: 7, Right lines: 10
[250e7595-b14da270.jpg] Left lines: 9, Right lines: 9
[26190b83-39ccb412.jpg] Left lines: 1, Right lines: 24
[26190b83-39ccb412.jpg] Left lines: 5, Right lines: 24
[272d52f6-8aac36b3.jpg] Left lines: 13, Right lines: 10
[272d52f6-8aac36b3.jpg] Left lines: 14, Right lines: 11
[2752681a-e813599a.jpg] Left lines: 3, Right lines: 9
[2752681a-e813599a.jpg] Left lines: 6, Right lines: 8
[27645526-f038b033.jpg] Left lines: 49, Right lines: 1
[27645526-f038b033.jpg] Left lines: 59, Right lines: 7
[2773af6f-23e23a6b.jpg] Left lines: 8, Right lines: 4
[2773af6f-23e23a6b.jpg] Left lines: 3, Right lines: 6
[28faf684-03ef4c6e.jpg] Left lines: 10, Right lines: 14
[28faf684-03ef4c6e.jpg] Left lines: 9, Right lines: 15
[292720ee-d847ee69.jpg] Left lines: 9, Right lines: 11
[292720ee-d847ee69.jpg] Left lines: 8, Right lines: 3
[2b54fe2d-c5b810e6.jpg] Left lines: 28, Right lines: 10
[2b54fe2d-c5b810e6.jpg] Left lines: 12, Right lines: 7
[2b605c48-8dfe352b.jpg] Left lines: 14, Right lines: 31
[2b605c48-8dfe352b.jpg] Left lines: 12, Right lines: 27
[2beccce2-354608e2.jpg] Left lines: 17, Right lines: 6
[2beccce2-354608e2.jpg] Left lines: 7, Right lines: 2
[2c87e51d-aa7a8031.jpg] Left lines: 0, Right lines: 0
[2c87e51d-aa7a8031.jpg] Left lines: 0, Right lines: 0
[2ce0b449-e818dc97.jpg] Left lines: 5, Right lines: 2
[2ce0b449-e818dc97.jpg] Left lines: 1, Right lines: 0
[2cf976a2-479cd46b.jpg] Left lines: 7, Right lines: 5
[2cf976a2-479cd46b.jpg] Left lines: 8, Right lines: 7
[2e2fae77-b7497ca0.jpg] Left lines: 4, Right lines: 7
[2e2fae77-b7497ca0.jpg] Left lines: 3, Right lines: 11
[2ead8042-2493c03f.jpg] Left lines: 5, Right lines: 7
[2ead8042-2493c03f.jpg] Left lines: 6, Right lines: 6
[2f1864c1-1a17d11c.jpg] Left lines: 10, Right lines: 14
[2f1864c1-1a17d11c.jpg] Left lines: 10, Right lines: 10
[2f879dc0-b09e4824.jpg] Left lines: 15, Right lines: 13
[2f879dc0-b09e4824.jpg] Left lines: 10, Right lines: 13
[2fc9ad1e-ee4c9e43.jpg] Left lines: 16, Right lines: 5
[2fc9ad1e-ee4c9e43.jpg] Left lines: 11, Right lines: 4
[3050b249-0ffbd6ec.jpg] Left lines: 2, Right lines: 4
[3050b249-0ffbd6ec.jpg] Left lines: 0, Right lines: 2
[314cc010-3eab5c90.jpg] Left lines: 0, Right lines: 12
[314cc010-3eab5c90.jpg] Left lines: 0, Right lines: 8
[31765c6b-90b0d612.jpg] Left lines: 11, Right lines: 15
[31765c6b-90b0d612.jpg] Left lines: 0, Right lines: 13
[31cf6eba-5c84c636.jpg] Left lines: 16, Right lines: 8
[31cf6eba-5c84c636.jpg] Left lines: 5, Right lines: 8
[32de2244-122f1783.jpg] Left lines: 9, Right lines: 11
[32de2244-122f1783.jpg] Left lines: 7, Right lines: 11
[33420085-32996107.jpg] Left lines: 44, Right lines: 12
[33420085-32996107.jpg] Left lines: 37, Right lines: 11
[3430a5e6-00ec38d2.jpg] Left lines: 12, Right lines: 5
[3430a5e6-00ec38d2.jpg] Left lines: 15, Right lines: 5
[35eb46d0-8f7e28a0.jpg] Left lines: 12, Right lines: 18
[35eb46d0-8f7e28a0.jpg] Left lines: 13, Right lines: 17
[3735fc3d-69d8b80c.jpg] Left lines: 1, Right lines: 0
[3735fc3d-69d8b80c.jpg] Left lines: 0, Right lines: 0
[3740cd4f-ff1d423d.jpg] Left lines: 8, Right lines: 20
[3740cd4f-ff1d423d.jpg] Left lines: 7, Right lines: 22
[375abba2-9f2ed56c.jpg] Left lines: 12, Right lines: 17
[375abba2-9f2ed56c.jpg] Left lines: 7, Right lines: 2
[37723e55-31730cf5.jpg] Left lines: 1, Right lines: 5
[37723e55-31730cf5.jpg] Left lines: 1, Right lines: 5
[380a3f8e-ba4f0def.jpg] Left lines: 14, Right lines: 8
[380a3f8e-ba4f0def.jpg] Left lines: 13, Right lines: 3
[385b0f61-1aee12ef.jpg] Left lines: 1, Right lines: 9
[385b0f61-1aee12ef.jpg] Left lines: 1, Right lines: 0
[3865fea7-b4fe472d.jpg] Left lines: 18, Right lines: 11
[3865fea7-b4fe472d.jpg] Left lines: 9, Right lines: 19
[38e561dd-8ea8ae2d.jpg] Left lines: 15, Right lines: 14
[38e561dd-8ea8ae2d.jpg] Left lines: 8, Right lines: 13
[38ed8d8d-93c48de2.jpg] Left lines: 13, Right lines: 5
[38ed8d8d-93c48de2.jpg] Left lines: 6, Right lines: 3
[38ed8d8d-b1c230ef.jpg] Left lines: 3, Right lines: 3
[38ed8d8d-b1c230ef.jpg] Left lines: 4, Right lines: 4
[38ed8d8d-fa50400c.jpg] Left lines: 10, Right lines: 22
[38ed8d8d-fa50400c.jpg] Left lines: 14, Right lines: 21
[3900ad8c-8834019f.jpg] Left lines: 2, Right lines: 1
[3900ad8c-8834019f.jpg] Left lines: 0, Right lines: 0
[39ddb110-04604b9c.jpg] Left lines: 1, Right lines: 9
[39ddb110-04604b9c.jpg] Left lines: 1, Right lines: 9
[39fc6d1c-6155351d.jpg] Left lines: 3, Right lines: 15
[39fc6d1c-6155351d.jpg] Left lines: 0, Right lines: 21
[3a278d39-b92df256.jpg] Left lines: 14, Right lines: 12
[3a278d39-b92df256.jpg] Left lines: 16, Right lines: 10
[3a3407a2-df8ea956.jpg] Left lines: 6, Right lines: 7
[3a3407a2-df8ea956.jpg] Left lines: 4, Right lines: 0
[3ad0c4a7-2a3d544e.jpg] Left lines: 4, Right lines: 5
[3ad0c4a7-2a3d544e.jpg] Left lines: 0, Right lines: 6
[3b1e1bc1-ee64e36e.jpg] Left lines: 14, Right lines: 13
[3b1e1bc1-ee64e36e.jpg] Left lines: 11, Right lines: 8
[3b44ef5a-c09e8479.jpg] Left lines: 26, Right lines: 3
[3b44ef5a-c09e8479.jpg] Left lines: 31, Right lines: 1
[3b563c5e-0102edaf.jpg] Left lines: 4, Right lines: 15
[3b563c5e-0102edaf.jpg] Left lines: 3, Right lines: 10
[3b9716a6-d2566395.jpg] Left lines: 5, Right lines: 10
[3b9716a6-d2566395.jpg] Left lines: 0, Right lines: 9
[3c0bbdc2-79baffce.jpg] Left lines: 18, Right lines: 9
[3c0bbdc2-79baffce.jpg] Left lines: 12, Right lines: 8
[3c5752b6-9c0bdf98.jpg] Left lines: 0, Right lines: 6
[3c5752b6-9c0bdf98.jpg] Left lines: 0, Right lines: 4
[3c95ae26-68abac3f.jpg] Left lines: 10, Right lines: 7
[3c95ae26-68abac3f.jpg] Left lines: 0, Right lines: 7
[3e0f1745-a95a63ad.jpg] Left lines: 5, Right lines: 16
[3e0f1745-a95a63ad.jpg] Left lines: 4, Right lines: 19
[3f4eb6a6-9eee52f9.jpg] Left lines: 8, Right lines: 13
[3f4eb6a6-9eee52f9.jpg] Left lines: 10, Right lines: 8
[3f85a987-1ef4053b.jpg] Left lines: 3, Right lines: 5
[3f85a987-1ef4053b.jpg] Left lines: 4, Right lines: 6
[3fe1feaa-10126fec.jpg] Left lines: 3, Right lines: 0
[3fe1feaa-10126fec.jpg] Left lines: 0, Right lines: 0
[3ffdaa26-b394f6f8.jpg] Left lines: 2, Right lines: 27
[3ffdaa26-b394f6f8.jpg] Left lines: 6, Right lines: 30
[4027c10d-41d54e9b.jpg] Left lines: 7, Right lines: 15
[4027c10d-41d54e9b.jpg] Left lines: 5, Right lines: 9
[428e99ea-4166e549.jpg] Left lines: 10, Right lines: 4
[428e99ea-4166e549.jpg] Left lines: 4, Right lines: 5
[42e0dd11-74b81997.jpg] Left lines: 0, Right lines: 20
[42e0dd11-74b81997.jpg] Left lines: 3, Right lines: 13
[430395d1-931c959e.jpg] Left lines: 19, Right lines: 5
[430395d1-931c959e.jpg] Left lines: 7, Right lines: 4
[43126e0d-495d04a5.jpg] Left lines: 8, Right lines: 5
[43126e0d-495d04a5.jpg] Left lines: 7, Right lines: 3
[43126e0d-cce96832.jpg] Left lines: 24, Right lines: 11
[43126e0d-cce96832.jpg] Left lines: 19, Right lines: 9
[432f9e20-83a0d96c.jpg] Left lines: 17, Right lines: 13
[432f9e20-83a0d96c.jpg] Left lines: 17, Right lines: 17
[43c7ed5c-b0690325.jpg] Left lines: 2, Right lines: 7
[43c7ed5c-b0690325.jpg] Left lines: 2, Right lines: 6
[44cc16d9-d2e06fd6.jpg] Left lines: 5, Right lines: 4
[44cc16d9-d2e06fd6.jpg] Left lines: 2, Right lines: 6
[45bafa98-1ee18a2f.jpg] Left lines: 2, Right lines: 4
[45bafa98-1ee18a2f.jpg] Left lines: 2, Right lines: 6
[46d048a1-8f7f385c.jpg] Left lines: 3, Right lines: 8
[46d048a1-8f7f385c.jpg] Left lines: 3, Right lines: 8
[46f76df9-8bf77914.jpg] Left lines: 12, Right lines: 17
[46f76df9-8bf77914.jpg] Left lines: 11, Right lines: 14
[480263a0-5aad7ae9.jpg] Left lines: 4, Right lines: 52
[480263a0-5aad7ae9.jpg] Left lines: 4, Right lines: 40
[488480d6-b94cf415.jpg] Left lines: 0, Right lines: 18
[488480d6-b94cf415.jpg] Left lines: 5, Right lines: 14
[48ed707e-5062e4c3.jpg] Left lines: 1, Right lines: 1
[48ed707e-5062e4c3.jpg] Left lines: 2, Right lines: 0
[4a289ff2-7da7feb6.jpg] Left lines: 0, Right lines: 0
[4a289ff2-7da7feb6.jpg] Left lines: 0, Right lines: 3
[4a31f3e3-ac7ed780.jpg] Left lines: 25, Right lines: 3
[4a31f3e3-ac7ed780.jpg] Left lines: 22, Right lines: 3
[4b2e1dde-65b54419.jpg] Left lines: 7, Right lines: 11
[4b2e1dde-65b54419.jpg] Left lines: 7, Right lines: 10
[4d4a590b-4332c5ab.jpg] Left lines: 15, Right lines: 4
[4d4a590b-4332c5ab.jpg] Left lines: 5, Right lines: 0
[5069db50-52f5af30.jpg] Left lines: 16, Right lines: 11
[5069db50-52f5af30.jpg] Left lines: 14, Right lines: 11
[50866f46-30d1f303.jpg] Left lines: 11, Right lines: 18
[50866f46-30d1f303.jpg] Left lines: 12, Right lines: 13
[50b115d6-4b08a666.jpg] Left lines: 17, Right lines: 10
[50b115d6-4b08a666.jpg] Left lines: 10, Right lines: 11
[50b2e757-6c7d0f63.jpg] Left lines: 6, Right lines: 3
[50b2e757-6c7d0f63.jpg] Left lines: 7, Right lines: 1
[50d0fd05-8db58ebd.jpg] Left lines: 3, Right lines: 0
[50d0fd05-8db58ebd.jpg] Left lines: 3, Right lines: 0
[510671e9-603795e0.jpg] Left lines: 12, Right lines: 27
[510671e9-603795e0.jpg] Left lines: 9, Right lines: 19
[514a6d58-0790e0cd.jpg] Left lines: 10, Right lines: 4
[514a6d58-0790e0cd.jpg] Left lines: 0, Right lines: 2
[5150bb50-300d52ce.jpg] Left lines: 10, Right lines: 21
[5150bb50-300d52ce.jpg] Left lines: 8, Right lines: 16
[52799e9e-8c8673f3.jpg] Left lines: 9, Right lines: 10
[52799e9e-8c8673f3.jpg] Left lines: 9, Right lines: 11
[52bda346-fd8ac6e7.jpg] Left lines: 3, Right lines: 16
[52bda346-fd8ac6e7.jpg] Left lines: 4, Right lines: 2
[534418ba-ee05398f.jpg] Left lines: 15, Right lines: 10
[534418ba-ee05398f.jpg] Left lines: 11, Right lines: 9
[54360b72-e00a3f70.jpg] Left lines: 13, Right lines: 39
[54360b72-e00a3f70.jpg] Left lines: 14, Right lines: 24
[554d7cd5-a32486dd.jpg] Left lines: 9, Right lines: 15
[554d7cd5-a32486dd.jpg] Left lines: 3, Right lines: 12
[559fed19-7893646f.jpg] Left lines: 0, Right lines: 9
[559fed19-7893646f.jpg] Left lines: 1, Right lines: 11
[57165857-e4d4a47f.jpg] Left lines: 1, Right lines: 0
[57165857-e4d4a47f.jpg] Left lines: 2, Right lines: 0
[5795bfe7-a599384a.jpg] Left lines: 2, Right lines: 4
[5795bfe7-a599384a.jpg] Left lines: 2, Right lines: 3
[57ac74e2-e86131f1.jpg] Left lines: 0, Right lines: 44
[57ac74e2-e86131f1.jpg] Left lines: 0, Right lines: 17
[57b495f2-6da6b1e5.jpg] Left lines: 4, Right lines: 2
[57b495f2-6da6b1e5.jpg] Left lines: 4, Right lines: 0
[585443c8-2621a6b1.jpg] Left lines: 7, Right lines: 6
[585443c8-2621a6b1.jpg] Left lines: 8, Right lines: 8
[5877b384-2545daf4.jpg] Left lines: 13, Right lines: 6
[5877b384-2545daf4.jpg] Left lines: 17, Right lines: 8
[587bb1bf-1aa00fe5.jpg] Left lines: 21, Right lines: 12
[587bb1bf-1aa00fe5.jpg] Left lines: 6, Right lines: 13
[5995c288-2d152172.jpg] Left lines: 12, Right lines: 0
[5995c288-2d152172.jpg] Left lines: 11, Right lines: 0
[59cde7c7-344bffb1.jpg] Left lines: 2, Right lines: 2
[59cde7c7-344bffb1.jpg] Left lines: 4, Right lines: 2
[5a8f9b5d-1fdfd2d4.jpg] Left lines: 13, Right lines: 2
[5a8f9b5d-1fdfd2d4.jpg] Left lines: 24, Right lines: 4
[5ae83f9c-da990b49.jpg] Left lines: 10, Right lines: 18
[5ae83f9c-da990b49.jpg] Left lines: 10, Right lines: 17
[5b2b4881-67a6cb87.jpg] Left lines: 14, Right lines: 2
[5b2b4881-67a6cb87.jpg] Left lines: 5, Right lines: 3
[5b2fd56a-37759b05.jpg] Left lines: 7, Right lines: 0
[5b2fd56a-37759b05.jpg] Left lines: 1, Right lines: 0
[5b4b0b07-2fb56b82.jpg] Left lines: 13, Right lines: 10
[5b4b0b07-2fb56b82.jpg] Left lines: 7, Right lines: 6
[5bc44a50-c371c4d0.jpg] Left lines: 8, Right lines: 11
[5bc44a50-c371c4d0.jpg] Left lines: 11, Right lines: 10
[5c4004b7-bf3b7941.jpg] Left lines: 9, Right lines: 7
[5c4004b7-bf3b7941.jpg] Left lines: 7, Right lines: 8
[5c534f5f-a76c7f4b.jpg] Left lines: 14, Right lines: 6
[5c534f5f-a76c7f4b.jpg] Left lines: 12, Right lines: 5
[5c5dc708-35460444.jpg] Left lines: 2, Right lines: 7
[5c5dc708-35460444.jpg] Left lines: 2, Right lines: 7
[5da6c6b6-76c54605.jpg] Left lines: 2, Right lines: 2
[5da6c6b6-76c54605.jpg] Left lines: 0, Right lines: 3
[5dc5141c-5890b5b1.jpg] Left lines: 1, Right lines: 12
[5dc5141c-5890b5b1.jpg] Left lines: 1, Right lines: 8
[5dd831da-bd00cf03.jpg] Left lines: 18, Right lines: 20
[5dd831da-bd00cf03.jpg] Left lines: 17, Right lines: 5
[5dfb063f-7bd23d5c.jpg] Left lines: 12, Right lines: 8
[5dfb063f-7bd23d5c.jpg] Left lines: 12, Right lines: 7
[5e0b701e-d443d8c2.jpg] Left lines: 5, Right lines: 15
[5e0b701e-d443d8c2.jpg] Left lines: 1, Right lines: 11
[5e26f49d-0bc53c7e.jpg] Left lines: 13, Right lines: 0
[5e26f49d-0bc53c7e.jpg] Left lines: 5, Right lines: 0
[5e26f49d-9271bf00.jpg] Left lines: 11, Right lines: 10
[5e26f49d-9271bf00.jpg] Left lines: 12, Right lines: 12
[5e625ec3-7b4fc682.jpg] Left lines: 14, Right lines: 17
[5e625ec3-7b4fc682.jpg] Left lines: 22, Right lines: 14
[5f9387ff-330136ae.jpg] Left lines: 10, Right lines: 3
[5f9387ff-330136ae.jpg] Left lines: 6, Right lines: 2
[5fa17a25-88b8e6b9.jpg] Left lines: 11, Right lines: 4
[5fa17a25-88b8e6b9.jpg] Left lines: 7, Right lines: 3
[5fa422e1-2d8dd765.jpg] Left lines: 28, Right lines: 5
[5fa422e1-2d8dd765.jpg] Left lines: 33, Right lines: 4
[5fb2a702-f56a339c.jpg] Left lines: 8, Right lines: 5
[5fb2a702-f56a339c.jpg] Left lines: 12, Right lines: 9
[6011831b-0992e205.jpg] Left lines: 7, Right lines: 2
[6011831b-0992e205.jpg] Left lines: 8, Right lines: 1
[60137cc0-428b8f5b.jpg] Left lines: 10, Right lines: 1
[60137cc0-428b8f5b.jpg] Left lines: 10, Right lines: 1
[604b5b3e-3c2e6b6b.jpg] Left lines: 11, Right lines: 9
[604b5b3e-3c2e6b6b.jpg] Left lines: 11, Right lines: 10
[6092f5a2-424550ba.jpg] Left lines: 18, Right lines: 11
[6092f5a2-424550ba.jpg] Left lines: 10, Right lines: 10
[60ba25dd-6c0df417.jpg] Left lines: 7, Right lines: 8
[60ba25dd-6c0df417.jpg] Left lines: 5, Right lines: 6
[60c678e7-4813ae0f.jpg] Left lines: 9, Right lines: 0
[60c678e7-4813ae0f.jpg] Left lines: 16, Right lines: 0
[614ecada-16b0f8b6.jpg] Left lines: 13, Right lines: 19
[614ecada-16b0f8b6.jpg] Left lines: 12, Right lines: 20
[61e4ad87-53ceb455.jpg] Left lines: 26, Right lines: 15
[61e4ad87-53ceb455.jpg] Left lines: 28, Right lines: 9
[6240d7b3-b51b5788.jpg] Left lines: 8, Right lines: 10
[6240d7b3-b51b5788.jpg] Left lines: 6, Right lines: 8
[62aefb36-b685117f.jpg] Left lines: 25, Right lines: 18
[62aefb36-b685117f.jpg] Left lines: 13, Right lines: 16
[634c1785-3bb9a8a2.jpg] Left lines: 12, Right lines: 15
[634c1785-3bb9a8a2.jpg] Left lines: 14, Right lines: 0
[634c1785-aeb1652f.jpg] Left lines: 12, Right lines: 12
[634c1785-aeb1652f.jpg] Left lines: 10, Right lines: 13
[63f73472-028615f1.jpg] Left lines: 29, Right lines: 18
[63f73472-028615f1.jpg] Left lines: 3, Right lines: 9
[6485ad0a-245d1600.jpg] Left lines: 18, Right lines: 12
[6485ad0a-245d1600.jpg] Left lines: 5, Right lines: 9
[648dc925-e359dbec.jpg] Left lines: 21, Right lines: 6
[648dc925-e359dbec.jpg] Left lines: 18, Right lines: 7
[65edc5a1-f309fed7.jpg] Left lines: 14, Right lines: 15
[65edc5a1-f309fed7.jpg] Left lines: 14, Right lines: 13
[661381d9-1114a810.jpg] Left lines: 6, Right lines: 5
[661381d9-1114a810.jpg] Left lines: 7, Right lines: 5
[664cb246-f84cfaf4.jpg] Left lines: 19, Right lines: 13
[664cb246-f84cfaf4.jpg] Left lines: 12, Right lines: 12
[675cf8fa-4b1ce8b9.jpg] Left lines: 21, Right lines: 11
[675cf8fa-4b1ce8b9.jpg] Left lines: 19, Right lines: 14
[67faeadf-eb09a636.jpg] Left lines: 6, Right lines: 5
[67faeadf-eb09a636.jpg] Left lines: 0, Right lines: 8
[691be377-5dbc29ee.jpg] Left lines: 5, Right lines: 6
[691be377-5dbc29ee.jpg] Left lines: 3, Right lines: 10
[692f1303-05178963.jpg] Left lines: 5, Right lines: 4
[692f1303-05178963.jpg] Left lines: 1, Right lines: 4
[692f9b08-bdbbd729.jpg] Left lines: 25, Right lines: 7
[692f9b08-bdbbd729.jpg] Left lines: 16, Right lines: 7
[69bfbe31-5ee2a642.jpg] Left lines: 36, Right lines: 13
[69bfbe31-5ee2a642.jpg] Left lines: 22, Right lines: 14
[69cf7667-68f59649.jpg] Left lines: 19, Right lines: 8
[69cf7667-68f59649.jpg] Left lines: 17, Right lines: 10
[69cf7667-7eb40860.jpg] Left lines: 23, Right lines: 5
[69cf7667-7eb40860.jpg] Left lines: 5, Right lines: 4
[6a44fb9a-05a3dd18.jpg] Left lines: 21, Right lines: 14
[6a44fb9a-05a3dd18.jpg] Left lines: 22, Right lines: 10
[6a793e80-4f5e207f.jpg] Left lines: 11, Right lines: 3
[6a793e80-4f5e207f.jpg] Left lines: 13, Right lines: 5
[6a82c0d6-b31f6b90.jpg] Left lines: 1, Right lines: 13
[6a82c0d6-b31f6b90.jpg] Left lines: 0, Right lines: 6
[6a8d218d-14e4fa28.jpg] Left lines: 11, Right lines: 12
[6a8d218d-14e4fa28.jpg] Left lines: 0, Right lines: 2
[6ad110c3-789e7724.jpg] Left lines: 27, Right lines: 11
[6ad110c3-789e7724.jpg] Left lines: 24, Right lines: 10
[6b15392a-3a1699fd.jpg] Left lines: 8, Right lines: 17
[6b15392a-3a1699fd.jpg] Left lines: 2, Right lines: 9
[6b784eee-0a5a2c89.jpg] Left lines: 14, Right lines: 2
[6b784eee-0a5a2c89.jpg] Left lines: 8, Right lines: 0
[6bb5a881-15e5c2c4.jpg] Left lines: 3, Right lines: 10
[6bb5a881-15e5c2c4.jpg] Left lines: 4, Right lines: 0
[6bd41587-d65ba5b4.jpg] Left lines: 6, Right lines: 4
[6bd41587-d65ba5b4.jpg] Left lines: 5, Right lines: 3
[6d0d7bef-fb11b6e1.jpg] Left lines: 12, Right lines: 8
[6d0d7bef-fb11b6e1.jpg] Left lines: 4, Right lines: 2
[6d57736c-a35808b9.jpg] Left lines: 9, Right lines: 5
[6d57736c-a35808b9.jpg] Left lines: 11, Right lines: 7
[6d8a6d94-00a7ad92.jpg] Left lines: 4, Right lines: 9
[6d8a6d94-00a7ad92.jpg] Left lines: 1, Right lines: 3
[6eeed3fa-87a1b0c9.jpg] Left lines: 5, Right lines: 10
[6eeed3fa-87a1b0c9.jpg] Left lines: 4, Right lines: 11
[701992bd-8a457895.jpg] Left lines: 11, Right lines: 12
[701992bd-8a457895.jpg] Left lines: 13, Right lines: 12
[7171644d-4e74752e.jpg] Left lines: 5, Right lines: 34
[7171644d-4e74752e.jpg] Left lines: 6, Right lines: 26
[7171644d-ee92c71e.jpg] Left lines: 16, Right lines: 20
[7171644d-ee92c71e.jpg] Left lines: 13, Right lines: 19
[72f22fa5-8af4615c.jpg] Left lines: 40, Right lines: 13
[72f22fa5-8af4615c.jpg] Left lines: 32, Right lines: 13
[72fd00fe-aeadfc89.jpg] Left lines: 12, Right lines: 14
[72fd00fe-aeadfc89.jpg] Left lines: 7, Right lines: 12
[730c67a5-563e9b1f.jpg] Left lines: 4, Right lines: 0
[730c67a5-563e9b1f.jpg] Left lines: 0, Right lines: 0
[738a2bcd-7a6fde0d.jpg] Left lines: 5, Right lines: 5
[738a2bcd-7a6fde0d.jpg] Left lines: 5, Right lines: 6
[73aff960-d46366ec.jpg] Left lines: 6, Right lines: 6
[73aff960-d46366ec.jpg] Left lines: 4, Right lines: 2
[73d338d6-edf0b3db.jpg] Left lines: 2, Right lines: 0
[73d338d6-edf0b3db.jpg] Left lines: 0, Right lines: 0
[75ad1fff-77299093.jpg] Left lines: 0, Right lines: 7
[75ad1fff-77299093.jpg] Left lines: 0, Right lines: 1
[75f5f52c-6b67e736.jpg] Left lines: 12, Right lines: 8
[75f5f52c-6b67e736.jpg] Left lines: 10, Right lines: 1
[777005a8-14c739ad.jpg] Left lines: 13, Right lines: 4
[777005a8-14c739ad.jpg] Left lines: 8, Right lines: 5
[7771e03b-832e52c0.jpg] Left lines: 0, Right lines: 2
[7771e03b-832e52c0.jpg] Left lines: 0, Right lines: 0
[7771e03b-a8f9d50c.jpg] Left lines: 20, Right lines: 11
[7771e03b-a8f9d50c.jpg] Left lines: 20, Right lines: 12
[7797fea2-c37f9856.jpg] Left lines: 0, Right lines: 17
[7797fea2-c37f9856.jpg] Left lines: 0, Right lines: 2
[77bdbeb0-edb0613f.jpg] Left lines: 14, Right lines: 8
[77bdbeb0-edb0613f.jpg] Left lines: 12, Right lines: 5
[77dca577-16a39ea0.jpg] Left lines: 11, Right lines: 10
[77dca577-16a39ea0.jpg] Left lines: 7, Right lines: 7
[77f810c4-43a39c1f.jpg] Left lines: 5, Right lines: 9
[77f810c4-43a39c1f.jpg] Left lines: 6, Right lines: 0
[7814206e-8e991d51.jpg] Left lines: 24, Right lines: 8
[7814206e-8e991d51.jpg] Left lines: 17, Right lines: 11
[7814206e-ea2508d0.jpg] Left lines: 7, Right lines: 11
[7814206e-ea2508d0.jpg] Left lines: 7, Right lines: 9
[79e177bc-4d5d3acc.jpg] Left lines: 16, Right lines: 14
[79e177bc-4d5d3acc.jpg] Left lines: 15, Right lines: 15
[7aa4ff0f-9d28d8a4.jpg] Left lines: 9, Right lines: 17
[7aa4ff0f-9d28d8a4.jpg] Left lines: 6, Right lines: 13
[7ad1174c-373265eb.jpg] Left lines: 1, Right lines: 4
[7ad1174c-373265eb.jpg] Left lines: 0, Right lines: 0
[7b268b98-e0ec16c3.jpg] Left lines: 3, Right lines: 6
[7b268b98-e0ec16c3.jpg] Left lines: 4, Right lines: 2
[7c5a2048-332896ea.jpg] Left lines: 13, Right lines: 3
[7c5a2048-332896ea.jpg] Left lines: 9, Right lines: 0
[7c5d50c5-7292de37.jpg] Left lines: 7, Right lines: 17
[7c5d50c5-7292de37.jpg] Left lines: 5, Right lines: 19
[7d1fe115-936a2f47.jpg] Left lines: 6, Right lines: 11
[7d1fe115-936a2f47.jpg] Left lines: 9, Right lines: 10
[7dc2914d-a20a969a.jpg] Left lines: 16, Right lines: 9
[7dc2914d-a20a969a.jpg] Left lines: 18, Right lines: 9
[7e4ab78b-4a62c63e.jpg] Left lines: 3, Right lines: 0
[7e4ab78b-4a62c63e.jpg] Left lines: 3, Right lines: 0
[7e590c49-93f03732.jpg] Left lines: 5, Right lines: 2
[7e590c49-93f03732.jpg] Left lines: 0, Right lines: 4
[7ed57d0a-d7bcc13d.jpg] Left lines: 5, Right lines: 16
[7ed57d0a-d7bcc13d.jpg] Left lines: 0, Right lines: 9
[7f0ef682-c93899df.jpg] Left lines: 1, Right lines: 9
[7f0ef682-c93899df.jpg] Left lines: 1, Right lines: 11
[7f4ac354-777de900.jpg] Left lines: 12, Right lines: 6
[7f4ac354-777de900.jpg] Left lines: 11, Right lines: 6
[7f9bdf0d-c0e0061f.jpg] Left lines: 16, Right lines: 3
[7f9bdf0d-c0e0061f.jpg] Left lines: 12, Right lines: 3
[7fd14da9-a855494b.jpg] Left lines: 21, Right lines: 19
[7fd14da9-a855494b.jpg] Left lines: 28, Right lines: 12
[801bff84-a72998c7.jpg] Left lines: 32, Right lines: 25
[801bff84-a72998c7.jpg] Left lines: 31, Right lines: 16
[8073de38-f7eab6ec.jpg] Left lines: 16, Right lines: 15
[8073de38-f7eab6ec.jpg] Left lines: 14, Right lines: 13
[8082ea05-1a7bcd47.jpg] Left lines: 14, Right lines: 21
[8082ea05-1a7bcd47.jpg] Left lines: 8, Right lines: 25
[80ecebc0-ca9605f4.jpg] Left lines: 11, Right lines: 5
[80ecebc0-ca9605f4.jpg] Left lines: 3, Right lines: 0
[81ec3b39-1951f79e.jpg] Left lines: 14, Right lines: 8
[81ec3b39-1951f79e.jpg] Left lines: 14, Right lines: 9
[82b14c0c-79b99258.jpg] Left lines: 13, Right lines: 15
[82b14c0c-79b99258.jpg] Left lines: 14, Right lines: 13
[82b5fc3b-90cadd1b.jpg] Left lines: 9, Right lines: 20
[82b5fc3b-90cadd1b.jpg] Left lines: 7, Right lines: 27
[82f03471-8e304dd5.jpg] Left lines: 4, Right lines: 10
[82f03471-8e304dd5.jpg] Left lines: 5, Right lines: 5
[836fa13a-d6058a12.jpg] Left lines: 10, Right lines: 9
[836fa13a-d6058a12.jpg] Left lines: 21, Right lines: 7
[84fb3f59-7d5d1fa4.jpg] Left lines: 8, Right lines: 16
[84fb3f59-7d5d1fa4.jpg] Left lines: 2, Right lines: 16
[8542b4da-7795bcfd.jpg] Left lines: 14, Right lines: 17
[8542b4da-7795bcfd.jpg] Left lines: 7, Right lines: 13
[85f3f250-1fef85ac.jpg] Left lines: 17, Right lines: 15
[85f3f250-1fef85ac.jpg] Left lines: 17, Right lines: 16
[87ca2979-d5158824.jpg] Left lines: 11, Right lines: 6
[87ca2979-d5158824.jpg] Left lines: 4, Right lines: 7
[889b7dda-77f16103.jpg] Left lines: 2, Right lines: 14
[889b7dda-77f16103.jpg] Left lines: 7, Right lines: 13
[88dbf01a-d8b35dee.jpg] Left lines: 11, Right lines: 4
[88dbf01a-d8b35dee.jpg] Left lines: 11, Right lines: 2
[897223bc-6938f1ab.jpg] Left lines: 3, Right lines: 2
[897223bc-6938f1ab.jpg] Left lines: 3, Right lines: 1
[89b7454d-880eacbd.jpg] Left lines: 3, Right lines: 2
[89b7454d-880eacbd.jpg] Left lines: 0, Right lines: 3
[89e85e71-7dd0a7b6.jpg] Left lines: 34, Right lines: 47
[89e85e71-7dd0a7b6.jpg] Left lines: 20, Right lines: 30
[8a4fbffe-47866ce9.jpg] Left lines: 7, Right lines: 0
[8a4fbffe-47866ce9.jpg] Left lines: 0, Right lines: 0
[8a76c101-8bcefc32.jpg] Left lines: 5, Right lines: 16
[8a76c101-8bcefc32.jpg] Left lines: 3, Right lines: 10
[8b7ef6c4-6bbcf25f.jpg] Left lines: 12, Right lines: 12
[8b7ef6c4-6bbcf25f.jpg] Left lines: 14, Right lines: 12
[8bac644e-e0437ead.jpg] Left lines: 5, Right lines: 10
[8bac644e-e0437ead.jpg] Left lines: 3, Right lines: 1
[8c94c649-8ba62efa.jpg] Left lines: 3, Right lines: 5
[8c94c649-8ba62efa.jpg] Left lines: 1, Right lines: 4
[8c9bbaa9-34934b66.jpg] Left lines: 9, Right lines: 18
[8c9bbaa9-34934b66.jpg] Left lines: 0, Right lines: 13
[degraded] rain level_5 (300 images)
[0049e5b8-725e21a0.jpg] Left lines: 10, Right lines: 12
[0049e5b8-725e21a0.jpg] Left lines: 10, Right lines: 10
[0081e27b-17bf4a9e.jpg] Left lines: 3, Right lines: 20
[0081e27b-17bf4a9e.jpg] Left lines: 3, Right lines: 14
[00beeb02-50440dcd.jpg] Left lines: 2, Right lines: 2
[00beeb02-50440dcd.jpg] Left lines: 2, Right lines: 2
[00d4b6b7-7d0a60bf.jpg] Left lines: 0, Right lines: 0
[00d4b6b7-7d0a60bf.jpg] Left lines: 0, Right lines: 0
[01118704-2d838d7f.jpg] Left lines: 13, Right lines: 8
[01118704-2d838d7f.jpg] Left lines: 9, Right lines: 6
[0115917e-14907a6a.jpg] Left lines: 12, Right lines: 9
[0115917e-14907a6a.jpg] Left lines: 14, Right lines: 12
[02188a44-65ad27f3.jpg] Left lines: 28, Right lines: 0
[02188a44-65ad27f3.jpg] Left lines: 21, Right lines: 0
[02494b7b-079febf8.jpg] Left lines: 14, Right lines: 11
[02494b7b-079febf8.jpg] Left lines: 8, Right lines: 9
[029ffd50-dc944dba.jpg] Left lines: 11, Right lines: 10
[029ffd50-dc944dba.jpg] Left lines: 11, Right lines: 6
[0464a98b-860229d5.jpg] Left lines: 10, Right lines: 17
[0464a98b-860229d5.jpg] Left lines: 10, Right lines: 23
[051aadb7-51aad566.jpg] Left lines: 8, Right lines: 0
[051aadb7-51aad566.jpg] Left lines: 2, Right lines: 0
[051aadb7-e953bc4d.jpg] Left lines: 18, Right lines: 15
[051aadb7-e953bc4d.jpg] Left lines: 12, Right lines: 14
[05743a9b-747658e7.jpg] Left lines: 8, Right lines: 6
[05743a9b-747658e7.jpg] Left lines: 0, Right lines: 5
[057af272-6f700aef.jpg] Left lines: 1, Right lines: 11
[057af272-6f700aef.jpg] Left lines: 0, Right lines: 13
[05d62296-30c620d5.jpg] Left lines: 13, Right lines: 3
[05d62296-30c620d5.jpg] Left lines: 8, Right lines: 1
[05e5a68e-f0e05a42.jpg] Left lines: 7, Right lines: 10
[05e5a68e-f0e05a42.jpg] Left lines: 0, Right lines: 7
[05fa6494-8f436d04.jpg] Left lines: 29, Right lines: 25
[05fa6494-8f436d04.jpg] Left lines: 11, Right lines: 16
[060039d9-5218402b.jpg] Left lines: 17, Right lines: 9
[060039d9-5218402b.jpg] Left lines: 22, Right lines: 10
[064aa0d6-f75ff4d5.jpg] Left lines: 10, Right lines: 9
[064aa0d6-f75ff4d5.jpg] Left lines: 11, Right lines: 8
[07de5062-ddddcbd7.jpg] Left lines: 0, Right lines: 4
[07de5062-ddddcbd7.jpg] Left lines: 0, Right lines: 5
[088351d1-30833ddc.jpg] Left lines: 15, Right lines: 7
[088351d1-30833ddc.jpg] Left lines: 16, Right lines: 2
[08a49c01-675d3899.jpg] Left lines: 16, Right lines: 17
[08a49c01-675d3899.jpg] Left lines: 13, Right lines: 7
[08d4285a-4a25b9b6.jpg] Left lines: 3, Right lines: 13
[08d4285a-4a25b9b6.jpg] Left lines: 6, Right lines: 13
[09ac21d6-eefa8ed0.jpg] Left lines: 22, Right lines: 16
[09ac21d6-eefa8ed0.jpg] Left lines: 6, Right lines: 17
[0a0a0b1a-7c39d841.jpg] Left lines: 5, Right lines: 5
[0a0a0b1a-7c39d841.jpg] Left lines: 7, Right lines: 1
[0af6039a-f3c91319.jpg] Left lines: 27, Right lines: 5
[0af6039a-f3c91319.jpg] Left lines: 21, Right lines: 4
[0b2f5d0d-8fddc1fc.jpg] Left lines: 17, Right lines: 13
[0b2f5d0d-8fddc1fc.jpg] Left lines: 20, Right lines: 19
[0b4225f9-bfb10f88.jpg] Left lines: 5, Right lines: 3
[0b4225f9-bfb10f88.jpg] Left lines: 3, Right lines: 6
[0ba08fe3-880ae118.jpg] Left lines: 4, Right lines: 16
[0ba08fe3-880ae118.jpg] Left lines: 6, Right lines: 19
[0c2f33b9-f94d69b5.jpg] Left lines: 24, Right lines: 13
[0c2f33b9-f94d69b5.jpg] Left lines: 15, Right lines: 17
[0c984e6d-2b5d7ee4.jpg] Left lines: 3, Right lines: 2
[0c984e6d-2b5d7ee4.jpg] Left lines: 0, Right lines: 2
[0cb67a01-7cf1687e.jpg] Left lines: 20, Right lines: 0
[0cb67a01-7cf1687e.jpg] Left lines: 14, Right lines: 0
[0cc6f3e8-b4c9e348.jpg] Left lines: 10, Right lines: 22
[0cc6f3e8-b4c9e348.jpg] Left lines: 8, Right lines: 16
[0cf398b3-ce65ab64.jpg] Left lines: 8, Right lines: 6
[0cf398b3-ce65ab64.jpg] Left lines: 6, Right lines: 7
[0d3ec56a-f4cead6f.jpg] Left lines: 4, Right lines: 15
[0d3ec56a-f4cead6f.jpg] Left lines: 1, Right lines: 11
[0d61234a-542010b2.jpg] Left lines: 11, Right lines: 11
[0d61234a-542010b2.jpg] Left lines: 9, Right lines: 11
[0e442b65-b17e0b50.jpg] Left lines: 11, Right lines: 5
[0e442b65-b17e0b50.jpg] Left lines: 9, Right lines: 6
[0e5c7e92-0d9c60f0.jpg] Left lines: 14, Right lines: 12
[0e5c7e92-0d9c60f0.jpg] Left lines: 17, Right lines: 11
[0f837def-9646c091.jpg] Left lines: 8, Right lines: 10
[0f837def-9646c091.jpg] Left lines: 7, Right lines: 9
[0fba84f9-73b520ee.jpg] Left lines: 13, Right lines: 13
[0fba84f9-73b520ee.jpg] Left lines: 10, Right lines: 11
[101a0964-930eae70.jpg] Left lines: 8, Right lines: 16
[101a0964-930eae70.jpg] Left lines: 7, Right lines: 13
[10389fe8-433c740c.jpg] Left lines: 15, Right lines: 0
[10389fe8-433c740c.jpg] Left lines: 1, Right lines: 0
[10453a95-40759ac3.jpg] Left lines: 6, Right lines: 12
[10453a95-40759ac3.jpg] Left lines: 5, Right lines: 9
[1072195f-0a161ade.jpg] Left lines: 12, Right lines: 12
[1072195f-0a161ade.jpg] Left lines: 23, Right lines: 2
[1072195f-6cf88b25.jpg] Left lines: 9, Right lines: 10
[1072195f-6cf88b25.jpg] Left lines: 1, Right lines: 11
[11513e3d-150058c3.jpg] Left lines: 10, Right lines: 16
[11513e3d-150058c3.jpg] Left lines: 10, Right lines: 10
[1189ae68-1a8ad3c6.jpg] Left lines: 12, Right lines: 2
[1189ae68-1a8ad3c6.jpg] Left lines: 12, Right lines: 3
[12076ebb-c07285d7.jpg] Left lines: 7, Right lines: 9
[12076ebb-c07285d7.jpg] Left lines: 7, Right lines: 11
[125134e5-7dfc45b9.jpg] Left lines: 10, Right lines: 4
[125134e5-7dfc45b9.jpg] Left lines: 0, Right lines: 1
[12ae9ab8-794f5adc.jpg] Left lines: 18, Right lines: 13
[12ae9ab8-794f5adc.jpg] Left lines: 9, Right lines: 11
[13f61134-50021e53.jpg] Left lines: 6, Right lines: 7
[13f61134-50021e53.jpg] Left lines: 2, Right lines: 3
[14eace5a-ddf3b303.jpg] Left lines: 26, Right lines: 1
[14eace5a-ddf3b303.jpg] Left lines: 25, Right lines: 1
[1608cfe7-32da2c5d.jpg] Left lines: 0, Right lines: 4
[1608cfe7-32da2c5d.jpg] Left lines: 0, Right lines: 3
[162995f1-d2c7d259.jpg] Left lines: 15, Right lines: 7
[162995f1-d2c7d259.jpg] Left lines: 2, Right lines: 5
[16b0973f-c07b564a.jpg] Left lines: 22, Right lines: 2
[16b0973f-c07b564a.jpg] Left lines: 16, Right lines: 3
[1784d67b-6b223914.jpg] Left lines: 12, Right lines: 13
[1784d67b-6b223914.jpg] Left lines: 3, Right lines: 12
[1784d67b-d76145ce.jpg] Left lines: 5, Right lines: 2
[1784d67b-d76145ce.jpg] Left lines: 0, Right lines: 7
[188c58f3-792afc71.jpg] Left lines: 1, Right lines: 16
[188c58f3-792afc71.jpg] Left lines: 7, Right lines: 8
[193f7f3b-84bc7998.jpg] Left lines: 11, Right lines: 11
[193f7f3b-84bc7998.jpg] Left lines: 6, Right lines: 8
[194058b0-ac0616a6.jpg] Left lines: 8, Right lines: 0
[194058b0-ac0616a6.jpg] Left lines: 3, Right lines: 1
[19e56249-09c4bbc6.jpg] Left lines: 0, Right lines: 0
[19e56249-09c4bbc6.jpg] Left lines: 0, Right lines: 0
[1a71faae-d5f255fd.jpg] Left lines: 16, Right lines: 12
[1a71faae-d5f255fd.jpg] Left lines: 14, Right lines: 10
[1a8992a7-da5a8510.jpg] Left lines: 10, Right lines: 9
[1a8992a7-da5a8510.jpg] Left lines: 6, Right lines: 2
[1ac0178c-0b259360.jpg] Left lines: 0, Right lines: 0
[1ac0178c-0b259360.jpg] Left lines: 0, Right lines: 0
[1b30f76f-95aa8a06.jpg] Left lines: 14, Right lines: 9
[1b30f76f-95aa8a06.jpg] Left lines: 12, Right lines: 6
[1bda5a26-420ceea6.jpg] Left lines: 17, Right lines: 10
[1bda5a26-420ceea6.jpg] Left lines: 15, Right lines: 11
[1bf7f3d2-15f95138.jpg] Left lines: 13, Right lines: 20
[1bf7f3d2-15f95138.jpg] Left lines: 7, Right lines: 13
[1c227a12-10e5552c.jpg] Left lines: 4, Right lines: 12
[1c227a12-10e5552c.jpg] Left lines: 1, Right lines: 9
[1c227a12-ec67af93.jpg] Left lines: 9, Right lines: 0
[1c227a12-ec67af93.jpg] Left lines: 10, Right lines: 1
[1c5e9657-2e2a2863.jpg] Left lines: 1, Right lines: 2
[1c5e9657-2e2a2863.jpg] Left lines: 0, Right lines: 0
[1cb2a89b-4594573e.jpg] Left lines: 13, Right lines: 12
[1cb2a89b-4594573e.jpg] Left lines: 12, Right lines: 10
[1cf54809-c6daa5a9.jpg] Left lines: 14, Right lines: 13
[1cf54809-c6daa5a9.jpg] Left lines: 11, Right lines: 15
[1d5e05f8-5020f67d.jpg] Left lines: 31, Right lines: 8
[1d5e05f8-5020f67d.jpg] Left lines: 23, Right lines: 11
[1e57ae90-806bc767.jpg] Left lines: 4, Right lines: 22
[1e57ae90-806bc767.jpg] Left lines: 7, Right lines: 23
[1f959fdd-6ff63d34.jpg] Left lines: 3, Right lines: 12
[1f959fdd-6ff63d34.jpg] Left lines: 3, Right lines: 12
[1fa65acf-d43367bc.jpg] Left lines: 13, Right lines: 4
[1fa65acf-d43367bc.jpg] Left lines: 8, Right lines: 2
[20cfadfa-47711496.jpg] Left lines: 19, Right lines: 11
[20cfadfa-47711496.jpg] Left lines: 17, Right lines: 15
[20cfadfa-6f87fdc1.jpg] Left lines: 33, Right lines: 34
[20cfadfa-6f87fdc1.jpg] Left lines: 30, Right lines: 23
[225a1858-0e3a4b04.jpg] Left lines: 3, Right lines: 1
[225a1858-0e3a4b04.jpg] Left lines: 1, Right lines: 0
[22be2f14-59fbdca0.jpg] Left lines: 12, Right lines: 10
[22be2f14-59fbdca0.jpg] Left lines: 10, Right lines: 15
[23333f35-0cbc3f0f.jpg] Left lines: 3, Right lines: 3
[23333f35-0cbc3f0f.jpg] Left lines: 3, Right lines: 0
[23df146f-64b50e4c.jpg] Left lines: 19, Right lines: 28
[23df146f-64b50e4c.jpg] Left lines: 11, Right lines: 24
[24392d7c-998011c2.jpg] Left lines: 0, Right lines: 0
[24392d7c-998011c2.jpg] Left lines: 0, Right lines: 0
[250e7595-b14da270.jpg] Left lines: 18, Right lines: 16
[250e7595-b14da270.jpg] Left lines: 20, Right lines: 10
[26190b83-39ccb412.jpg] Left lines: 2, Right lines: 23
[26190b83-39ccb412.jpg] Left lines: 2, Right lines: 19
[272d52f6-8aac36b3.jpg] Left lines: 13, Right lines: 9
[272d52f6-8aac36b3.jpg] Left lines: 8, Right lines: 8
[2752681a-e813599a.jpg] Left lines: 4, Right lines: 4
[2752681a-e813599a.jpg] Left lines: 4, Right lines: 6
[27645526-f038b033.jpg] Left lines: 60, Right lines: 2
[27645526-f038b033.jpg] Left lines: 27, Right lines: 2
[2773af6f-23e23a6b.jpg] Left lines: 4, Right lines: 5
[2773af6f-23e23a6b.jpg] Left lines: 3, Right lines: 0
[28faf684-03ef4c6e.jpg] Left lines: 8, Right lines: 13
[28faf684-03ef4c6e.jpg] Left lines: 9, Right lines: 13
[292720ee-d847ee69.jpg] Left lines: 13, Right lines: 5
[292720ee-d847ee69.jpg] Left lines: 9, Right lines: 5
[2b54fe2d-c5b810e6.jpg] Left lines: 28, Right lines: 17
[2b54fe2d-c5b810e6.jpg] Left lines: 21, Right lines: 11
[2b605c48-8dfe352b.jpg] Left lines: 18, Right lines: 31
[2b605c48-8dfe352b.jpg] Left lines: 16, Right lines: 33
[2beccce2-354608e2.jpg] Left lines: 14, Right lines: 10
[2beccce2-354608e2.jpg] Left lines: 7, Right lines: 4
[2c87e51d-aa7a8031.jpg] Left lines: 0, Right lines: 0
[2c87e51d-aa7a8031.jpg] Left lines: 0, Right lines: 0
[2ce0b449-e818dc97.jpg] Left lines: 3, Right lines: 1
[2ce0b449-e818dc97.jpg] Left lines: 2, Right lines: 0
[2cf976a2-479cd46b.jpg] Left lines: 9, Right lines: 5
[2cf976a2-479cd46b.jpg] Left lines: 8, Right lines: 5
[2e2fae77-b7497ca0.jpg] Left lines: 4, Right lines: 8
[2e2fae77-b7497ca0.jpg] Left lines: 3, Right lines: 3
[2ead8042-2493c03f.jpg] Left lines: 7, Right lines: 11
[2ead8042-2493c03f.jpg] Left lines: 6, Right lines: 6
[2f1864c1-1a17d11c.jpg] Left lines: 11, Right lines: 12
[2f1864c1-1a17d11c.jpg] Left lines: 2, Right lines: 11
[2f879dc0-b09e4824.jpg] Left lines: 14, Right lines: 12
[2f879dc0-b09e4824.jpg] Left lines: 10, Right lines: 15
[2fc9ad1e-ee4c9e43.jpg] Left lines: 20, Right lines: 5
[2fc9ad1e-ee4c9e43.jpg] Left lines: 16, Right lines: 4
[3050b249-0ffbd6ec.jpg] Left lines: 0, Right lines: 1
[3050b249-0ffbd6ec.jpg] Left lines: 0, Right lines: 0
[314cc010-3eab5c90.jpg] Left lines: 2, Right lines: 12
[314cc010-3eab5c90.jpg] Left lines: 0, Right lines: 8
[31765c6b-90b0d612.jpg] Left lines: 12, Right lines: 8
[31765c6b-90b0d612.jpg] Left lines: 0, Right lines: 6
[31cf6eba-5c84c636.jpg] Left lines: 12, Right lines: 9
[31cf6eba-5c84c636.jpg] Left lines: 6, Right lines: 4
[32de2244-122f1783.jpg] Left lines: 12, Right lines: 11
[32de2244-122f1783.jpg] Left lines: 4, Right lines: 11
[33420085-32996107.jpg] Left lines: 34, Right lines: 12
[33420085-32996107.jpg] Left lines: 33, Right lines: 9
[3430a5e6-00ec38d2.jpg] Left lines: 13, Right lines: 4
[3430a5e6-00ec38d2.jpg] Left lines: 12, Right lines: 4
[35eb46d0-8f7e28a0.jpg] Left lines: 15, Right lines: 16
[35eb46d0-8f7e28a0.jpg] Left lines: 17, Right lines: 15
[3735fc3d-69d8b80c.jpg] Left lines: 0, Right lines: 0
[3735fc3d-69d8b80c.jpg] Left lines: 0, Right lines: 0
[3740cd4f-ff1d423d.jpg] Left lines: 9, Right lines: 33
[3740cd4f-ff1d423d.jpg] Left lines: 4, Right lines: 14
[375abba2-9f2ed56c.jpg] Left lines: 7, Right lines: 5
[375abba2-9f2ed56c.jpg] Left lines: 3, Right lines: 1
[37723e55-31730cf5.jpg] Left lines: 0, Right lines: 4
[37723e55-31730cf5.jpg] Left lines: 0, Right lines: 4
[380a3f8e-ba4f0def.jpg] Left lines: 17, Right lines: 3
[380a3f8e-ba4f0def.jpg] Left lines: 2, Right lines: 3
[385b0f61-1aee12ef.jpg] Left lines: 1, Right lines: 0
[385b0f61-1aee12ef.jpg] Left lines: 2, Right lines: 0
[3865fea7-b4fe472d.jpg] Left lines: 15, Right lines: 15
[3865fea7-b4fe472d.jpg] Left lines: 14, Right lines: 17
[38e561dd-8ea8ae2d.jpg] Left lines: 13, Right lines: 17
[38e561dd-8ea8ae2d.jpg] Left lines: 9, Right lines: 14
[38ed8d8d-93c48de2.jpg] Left lines: 4, Right lines: 7
[38ed8d8d-93c48de2.jpg] Left lines: 6, Right lines: 5
[38ed8d8d-b1c230ef.jpg] Left lines: 5, Right lines: 4
[38ed8d8d-b1c230ef.jpg] Left lines: 4, Right lines: 5
[38ed8d8d-fa50400c.jpg] Left lines: 9, Right lines: 23
[38ed8d8d-fa50400c.jpg] Left lines: 12, Right lines: 23
[3900ad8c-8834019f.jpg] Left lines: 4, Right lines: 0
[3900ad8c-8834019f.jpg] Left lines: 0, Right lines: 0
[39ddb110-04604b9c.jpg] Left lines: 0, Right lines: 14
[39ddb110-04604b9c.jpg] Left lines: 1, Right lines: 12
[39fc6d1c-6155351d.jpg] Left lines: 2, Right lines: 20
[39fc6d1c-6155351d.jpg] Left lines: 0, Right lines: 18
[3a278d39-b92df256.jpg] Left lines: 10, Right lines: 13
[3a278d39-b92df256.jpg] Left lines: 14, Right lines: 10
[3a3407a2-df8ea956.jpg] Left lines: 11, Right lines: 6
[3a3407a2-df8ea956.jpg] Left lines: 2, Right lines: 0
[3ad0c4a7-2a3d544e.jpg] Left lines: 1, Right lines: 6
[3ad0c4a7-2a3d544e.jpg] Left lines: 0, Right lines: 2
[3b1e1bc1-ee64e36e.jpg] Left lines: 8, Right lines: 4
[3b1e1bc1-ee64e36e.jpg] Left lines: 5, Right lines: 5
[3b44ef5a-c09e8479.jpg] Left lines: 24, Right lines: 1
[3b44ef5a-c09e8479.jpg] Left lines: 37, Right lines: 2
[3b563c5e-0102edaf.jpg] Left lines: 5, Right lines: 20
[3b563c5e-0102edaf.jpg] Left lines: 3, Right lines: 17
[3b9716a6-d2566395.jpg] Left lines: 1, Right lines: 10
[3b9716a6-d2566395.jpg] Left lines: 0, Right lines: 10
[3c0bbdc2-79baffce.jpg] Left lines: 18, Right lines: 9
[3c0bbdc2-79baffce.jpg] Left lines: 15, Right lines: 11
[3c5752b6-9c0bdf98.jpg] Left lines: 0, Right lines: 5
[3c5752b6-9c0bdf98.jpg] Left lines: 0, Right lines: 4
[3c95ae26-68abac3f.jpg] Left lines: 10, Right lines: 8
[3c95ae26-68abac3f.jpg] Left lines: 0, Right lines: 0
[3e0f1745-a95a63ad.jpg] Left lines: 3, Right lines: 23
[3e0f1745-a95a63ad.jpg] Left lines: 4, Right lines: 19
[3f4eb6a6-9eee52f9.jpg] Left lines: 23, Right lines: 14
[3f4eb6a6-9eee52f9.jpg] Left lines: 13, Right lines: 14
[3f85a987-1ef4053b.jpg] Left lines: 4, Right lines: 4
[3f85a987-1ef4053b.jpg] Left lines: 0, Right lines: 0
[3fe1feaa-10126fec.jpg] Left lines: 4, Right lines: 1
[3fe1feaa-10126fec.jpg] Left lines: 0, Right lines: 0
[3ffdaa26-b394f6f8.jpg] Left lines: 0, Right lines: 27
[3ffdaa26-b394f6f8.jpg] Left lines: 0, Right lines: 22
[4027c10d-41d54e9b.jpg] Left lines: 9, Right lines: 15
[4027c10d-41d54e9b.jpg] Left lines: 7, Right lines: 8
[428e99ea-4166e549.jpg] Left lines: 5, Right lines: 9
[428e99ea-4166e549.jpg] Left lines: 4, Right lines: 9
[42e0dd11-74b81997.jpg] Left lines: 3, Right lines: 12
[42e0dd11-74b81997.jpg] Left lines: 1, Right lines: 12
[430395d1-931c959e.jpg] Left lines: 13, Right lines: 5
[430395d1-931c959e.jpg] Left lines: 12, Right lines: 3
[43126e0d-495d04a5.jpg] Left lines: 8, Right lines: 7
[43126e0d-495d04a5.jpg] Left lines: 8, Right lines: 6
[43126e0d-cce96832.jpg] Left lines: 24, Right lines: 13
[43126e0d-cce96832.jpg] Left lines: 19, Right lines: 1
[432f9e20-83a0d96c.jpg] Left lines: 18, Right lines: 16
[432f9e20-83a0d96c.jpg] Left lines: 18, Right lines: 13
[43c7ed5c-b0690325.jpg] Left lines: 3, Right lines: 4
[43c7ed5c-b0690325.jpg] Left lines: 2, Right lines: 6
[44cc16d9-d2e06fd6.jpg] Left lines: 7, Right lines: 8
[44cc16d9-d2e06fd6.jpg] Left lines: 6, Right lines: 6
[45bafa98-1ee18a2f.jpg] Left lines: 2, Right lines: 5
[45bafa98-1ee18a2f.jpg] Left lines: 2, Right lines: 4
[46d048a1-8f7f385c.jpg] Left lines: 5, Right lines: 10
[46d048a1-8f7f385c.jpg] Left lines: 3, Right lines: 8
[46f76df9-8bf77914.jpg] Left lines: 12, Right lines: 14
[46f76df9-8bf77914.jpg] Left lines: 11, Right lines: 16
[480263a0-5aad7ae9.jpg] Left lines: 3, Right lines: 39
[480263a0-5aad7ae9.jpg] Left lines: 5, Right lines: 27
[488480d6-b94cf415.jpg] Left lines: 8, Right lines: 14
[488480d6-b94cf415.jpg] Left lines: 0, Right lines: 17
[48ed707e-5062e4c3.jpg] Left lines: 1, Right lines: 0
[48ed707e-5062e4c3.jpg] Left lines: 1, Right lines: 0
[4a289ff2-7da7feb6.jpg] Left lines: 0, Right lines: 2
[4a289ff2-7da7feb6.jpg] Left lines: 0, Right lines: 1
[4a31f3e3-ac7ed780.jpg] Left lines: 30, Right lines: 3
[4a31f3e3-ac7ed780.jpg] Left lines: 8, Right lines: 0
[4b2e1dde-65b54419.jpg] Left lines: 6, Right lines: 14
[4b2e1dde-65b54419.jpg] Left lines: 6, Right lines: 12
[4d4a590b-4332c5ab.jpg] Left lines: 16, Right lines: 0
[4d4a590b-4332c5ab.jpg] Left lines: 2, Right lines: 4
[5069db50-52f5af30.jpg] Left lines: 19, Right lines: 11
[5069db50-52f5af30.jpg] Left lines: 3, Right lines: 12
[50866f46-30d1f303.jpg] Left lines: 11, Right lines: 23
[50866f46-30d1f303.jpg] Left lines: 11, Right lines: 17
[50b115d6-4b08a666.jpg] Left lines: 18, Right lines: 11
[50b115d6-4b08a666.jpg] Left lines: 10, Right lines: 8
[50b2e757-6c7d0f63.jpg] Left lines: 14, Right lines: 1
[50b2e757-6c7d0f63.jpg] Left lines: 4, Right lines: 0
[50d0fd05-8db58ebd.jpg] Left lines: 30, Right lines: 1
[50d0fd05-8db58ebd.jpg] Left lines: 9, Right lines: 3
[510671e9-603795e0.jpg] Left lines: 16, Right lines: 17
[510671e9-603795e0.jpg] Left lines: 10, Right lines: 20
[514a6d58-0790e0cd.jpg] Left lines: 0, Right lines: 2
[514a6d58-0790e0cd.jpg] Left lines: 0, Right lines: 0
[5150bb50-300d52ce.jpg] Left lines: 7, Right lines: 12
[5150bb50-300d52ce.jpg] Left lines: 8, Right lines: 13
[52799e9e-8c8673f3.jpg] Left lines: 7, Right lines: 10
[52799e9e-8c8673f3.jpg] Left lines: 8, Right lines: 12
[52bda346-fd8ac6e7.jpg] Left lines: 2, Right lines: 17
[52bda346-fd8ac6e7.jpg] Left lines: 3, Right lines: 7
[534418ba-ee05398f.jpg] Left lines: 14, Right lines: 9
[534418ba-ee05398f.jpg] Left lines: 11, Right lines: 9
[54360b72-e00a3f70.jpg] Left lines: 15, Right lines: 35
[54360b72-e00a3f70.jpg] Left lines: 16, Right lines: 27
[554d7cd5-a32486dd.jpg] Left lines: 17, Right lines: 20
[554d7cd5-a32486dd.jpg] Left lines: 0, Right lines: 12
[559fed19-7893646f.jpg] Left lines: 7, Right lines: 9
[559fed19-7893646f.jpg] Left lines: 0, Right lines: 18
[57165857-e4d4a47f.jpg] Left lines: 1, Right lines: 0
[57165857-e4d4a47f.jpg] Left lines: 1, Right lines: 0
[5795bfe7-a599384a.jpg] Left lines: 7, Right lines: 5
[5795bfe7-a599384a.jpg] Left lines: 2, Right lines: 0
[57ac74e2-e86131f1.jpg] Left lines: 0, Right lines: 45
[57ac74e2-e86131f1.jpg] Left lines: 0, Right lines: 19
[57b495f2-6da6b1e5.jpg] Left lines: 5, Right lines: 2
[57b495f2-6da6b1e5.jpg] Left lines: 3, Right lines: 3
[585443c8-2621a6b1.jpg] Left lines: 9, Right lines: 9
[585443c8-2621a6b1.jpg] Left lines: 7, Right lines: 7
[5877b384-2545daf4.jpg] Left lines: 11, Right lines: 6
[5877b384-2545daf4.jpg] Left lines: 21, Right lines: 7
[587bb1bf-1aa00fe5.jpg] Left lines: 20, Right lines: 15
[587bb1bf-1aa00fe5.jpg] Left lines: 9, Right lines: 11
[5995c288-2d152172.jpg] Left lines: 14, Right lines: 0
[5995c288-2d152172.jpg] Left lines: 12, Right lines: 0
[59cde7c7-344bffb1.jpg] Left lines: 4, Right lines: 0
[59cde7c7-344bffb1.jpg] Left lines: 3, Right lines: 0
[5a8f9b5d-1fdfd2d4.jpg] Left lines: 24, Right lines: 14
[5a8f9b5d-1fdfd2d4.jpg] Left lines: 20, Right lines: 4
[5ae83f9c-da990b49.jpg] Left lines: 13, Right lines: 22
[5ae83f9c-da990b49.jpg] Left lines: 8, Right lines: 14
[5b2b4881-67a6cb87.jpg] Left lines: 4, Right lines: 1
[5b2b4881-67a6cb87.jpg] Left lines: 4, Right lines: 2
[5b2fd56a-37759b05.jpg] Left lines: 0, Right lines: 0
[5b2fd56a-37759b05.jpg] Left lines: 0, Right lines: 0
[5b4b0b07-2fb56b82.jpg] Left lines: 15, Right lines: 13
[5b4b0b07-2fb56b82.jpg] Left lines: 7, Right lines: 5
[5bc44a50-c371c4d0.jpg] Left lines: 14, Right lines: 11
[5bc44a50-c371c4d0.jpg] Left lines: 7, Right lines: 11
[5c4004b7-bf3b7941.jpg] Left lines: 12, Right lines: 8
[5c4004b7-bf3b7941.jpg] Left lines: 11, Right lines: 7
[5c534f5f-a76c7f4b.jpg] Left lines: 11, Right lines: 6
[5c534f5f-a76c7f4b.jpg] Left lines: 13, Right lines: 3
[5c5dc708-35460444.jpg] Left lines: 3, Right lines: 7
[5c5dc708-35460444.jpg] Left lines: 1, Right lines: 4
[5da6c6b6-76c54605.jpg] Left lines: 0, Right lines: 8
[5da6c6b6-76c54605.jpg] Left lines: 0, Right lines: 3
[5dc5141c-5890b5b1.jpg] Left lines: 1, Right lines: 9
[5dc5141c-5890b5b1.jpg] Left lines: 2, Right lines: 5
[5dd831da-bd00cf03.jpg] Left lines: 15, Right lines: 29
[5dd831da-bd00cf03.jpg] Left lines: 14, Right lines: 2
[5dfb063f-7bd23d5c.jpg] Left lines: 10, Right lines: 6
[5dfb063f-7bd23d5c.jpg] Left lines: 12, Right lines: 6
[5e0b701e-d443d8c2.jpg] Left lines: 12, Right lines: 19
[5e0b701e-d443d8c2.jpg] Left lines: 2, Right lines: 4
[5e26f49d-0bc53c7e.jpg] Left lines: 6, Right lines: 0
[5e26f49d-0bc53c7e.jpg] Left lines: 3, Right lines: 0
[5e26f49d-9271bf00.jpg] Left lines: 8, Right lines: 13
[5e26f49d-9271bf00.jpg] Left lines: 3, Right lines: 11
[5e625ec3-7b4fc682.jpg] Left lines: 15, Right lines: 15
[5e625ec3-7b4fc682.jpg] Left lines: 14, Right lines: 9
[5f9387ff-330136ae.jpg] Left lines: 5, Right lines: 2
[5f9387ff-330136ae.jpg] Left lines: 2, Right lines: 2
[5fa17a25-88b8e6b9.jpg] Left lines: 7, Right lines: 4
[5fa17a25-88b8e6b9.jpg] Left lines: 4, Right lines: 2
[5fa422e1-2d8dd765.jpg] Left lines: 26, Right lines: 5
[5fa422e1-2d8dd765.jpg] Left lines: 24, Right lines: 5
[5fb2a702-f56a339c.jpg] Left lines: 8, Right lines: 9
[5fb2a702-f56a339c.jpg] Left lines: 13, Right lines: 6
[6011831b-0992e205.jpg] Left lines: 5, Right lines: 2
[6011831b-0992e205.jpg] Left lines: 9, Right lines: 0
[60137cc0-428b8f5b.jpg] Left lines: 9, Right lines: 3
[60137cc0-428b8f5b.jpg] Left lines: 10, Right lines: 1
[604b5b3e-3c2e6b6b.jpg] Left lines: 12, Right lines: 9
[604b5b3e-3c2e6b6b.jpg] Left lines: 13, Right lines: 9
[6092f5a2-424550ba.jpg] Left lines: 10, Right lines: 10
[6092f5a2-424550ba.jpg] Left lines: 5, Right lines: 2
[60ba25dd-6c0df417.jpg] Left lines: 7, Right lines: 7
[60ba25dd-6c0df417.jpg] Left lines: 1, Right lines: 9
[60c678e7-4813ae0f.jpg] Left lines: 15, Right lines: 0
[60c678e7-4813ae0f.jpg] Left lines: 7, Right lines: 0
[614ecada-16b0f8b6.jpg] Left lines: 13, Right lines: 20
[614ecada-16b0f8b6.jpg] Left lines: 12, Right lines: 17
[61e4ad87-53ceb455.jpg] Left lines: 37, Right lines: 7
[61e4ad87-53ceb455.jpg] Left lines: 25, Right lines: 5
[6240d7b3-b51b5788.jpg] Left lines: 7, Right lines: 9
[6240d7b3-b51b5788.jpg] Left lines: 8, Right lines: 2
[62aefb36-b685117f.jpg] Left lines: 20, Right lines: 21
[62aefb36-b685117f.jpg] Left lines: 14, Right lines: 13
[634c1785-3bb9a8a2.jpg] Left lines: 11, Right lines: 0
[634c1785-3bb9a8a2.jpg] Left lines: 9, Right lines: 0
[634c1785-aeb1652f.jpg] Left lines: 11, Right lines: 12
[634c1785-aeb1652f.jpg] Left lines: 8, Right lines: 11
[63f73472-028615f1.jpg] Left lines: 31, Right lines: 11
[63f73472-028615f1.jpg] Left lines: 21, Right lines: 9
[6485ad0a-245d1600.jpg] Left lines: 11, Right lines: 12
[6485ad0a-245d1600.jpg] Left lines: 6, Right lines: 2
[648dc925-e359dbec.jpg] Left lines: 20, Right lines: 7
[648dc925-e359dbec.jpg] Left lines: 19, Right lines: 6
[65edc5a1-f309fed7.jpg] Left lines: 10, Right lines: 14
[65edc5a1-f309fed7.jpg] Left lines: 4, Right lines: 18
[661381d9-1114a810.jpg] Left lines: 12, Right lines: 5
[661381d9-1114a810.jpg] Left lines: 5, Right lines: 5
[664cb246-f84cfaf4.jpg] Left lines: 27, Right lines: 13
[664cb246-f84cfaf4.jpg] Left lines: 14, Right lines: 11
[675cf8fa-4b1ce8b9.jpg] Left lines: 24, Right lines: 10
[675cf8fa-4b1ce8b9.jpg] Left lines: 15, Right lines: 15
[67faeadf-eb09a636.jpg] Left lines: 2, Right lines: 2
[67faeadf-eb09a636.jpg] Left lines: 0, Right lines: 6
[691be377-5dbc29ee.jpg] Left lines: 5, Right lines: 8
[691be377-5dbc29ee.jpg] Left lines: 2, Right lines: 10
[692f1303-05178963.jpg] Left lines: 3, Right lines: 4
[692f1303-05178963.jpg] Left lines: 3, Right lines: 4
[692f9b08-bdbbd729.jpg] Left lines: 26, Right lines: 6
[692f9b08-bdbbd729.jpg] Left lines: 26, Right lines: 7
[69bfbe31-5ee2a642.jpg] Left lines: 23, Right lines: 16
[69bfbe31-5ee2a642.jpg] Left lines: 32, Right lines: 14
[69cf7667-68f59649.jpg] Left lines: 15, Right lines: 9
[69cf7667-68f59649.jpg] Left lines: 14, Right lines: 7
[69cf7667-7eb40860.jpg] Left lines: 33, Right lines: 7
[69cf7667-7eb40860.jpg] Left lines: 2, Right lines: 5
[6a44fb9a-05a3dd18.jpg] Left lines: 26, Right lines: 13
[6a44fb9a-05a3dd18.jpg] Left lines: 22, Right lines: 12
[6a793e80-4f5e207f.jpg] Left lines: 14, Right lines: 2
[6a793e80-4f5e207f.jpg] Left lines: 8, Right lines: 1
[6a82c0d6-b31f6b90.jpg] Left lines: 4, Right lines: 5
[6a82c0d6-b31f6b90.jpg] Left lines: 0, Right lines: 6
[6a8d218d-14e4fa28.jpg] Left lines: 5, Right lines: 3
[6a8d218d-14e4fa28.jpg] Left lines: 1, Right lines: 2
[6ad110c3-789e7724.jpg] Left lines: 27, Right lines: 10
[6ad110c3-789e7724.jpg] Left lines: 14, Right lines: 13
[6b15392a-3a1699fd.jpg] Left lines: 7, Right lines: 14
[6b15392a-3a1699fd.jpg] Left lines: 1, Right lines: 7
[6b784eee-0a5a2c89.jpg] Left lines: 13, Right lines: 0
[6b784eee-0a5a2c89.jpg] Left lines: 6, Right lines: 0
[6bb5a881-15e5c2c4.jpg] Left lines: 7, Right lines: 21
[6bb5a881-15e5c2c4.jpg] Left lines: 8, Right lines: 0
[6bd41587-d65ba5b4.jpg] Left lines: 6, Right lines: 5
[6bd41587-d65ba5b4.jpg] Left lines: 4, Right lines: 2
[6d0d7bef-fb11b6e1.jpg] Left lines: 8, Right lines: 6
[6d0d7bef-fb11b6e1.jpg] Left lines: 5, Right lines: 2
[6d57736c-a35808b9.jpg] Left lines: 10, Right lines: 6
[6d57736c-a35808b9.jpg] Left lines: 7, Right lines: 6
[6d8a6d94-00a7ad92.jpg] Left lines: 0, Right lines: 8
[6d8a6d94-00a7ad92.jpg] Left lines: 0, Right lines: 5
[6eeed3fa-87a1b0c9.jpg] Left lines: 3, Right lines: 10
[6eeed3fa-87a1b0c9.jpg] Left lines: 6, Right lines: 13
[701992bd-8a457895.jpg] Left lines: 16, Right lines: 11
[701992bd-8a457895.jpg] Left lines: 14, Right lines: 11
[7171644d-4e74752e.jpg] Left lines: 6, Right lines: 29
[7171644d-4e74752e.jpg] Left lines: 6, Right lines: 23
[7171644d-ee92c71e.jpg] Left lines: 11, Right lines: 20
[7171644d-ee92c71e.jpg] Left lines: 14, Right lines: 17
[72f22fa5-8af4615c.jpg] Left lines: 36, Right lines: 13
[72f22fa5-8af4615c.jpg] Left lines: 26, Right lines: 9
[72fd00fe-aeadfc89.jpg] Left lines: 12, Right lines: 15
[72fd00fe-aeadfc89.jpg] Left lines: 7, Right lines: 12
[730c67a5-563e9b1f.jpg] Left lines: 5, Right lines: 0
[730c67a5-563e9b1f.jpg] Left lines: 0, Right lines: 0
[738a2bcd-7a6fde0d.jpg] Left lines: 6, Right lines: 6
[738a2bcd-7a6fde0d.jpg] Left lines: 5, Right lines: 5
[73aff960-d46366ec.jpg] Left lines: 4, Right lines: 9
[73aff960-d46366ec.jpg] Left lines: 4, Right lines: 0
[73d338d6-edf0b3db.jpg] Left lines: 0, Right lines: 1
[73d338d6-edf0b3db.jpg] Left lines: 0, Right lines: 0
[75ad1fff-77299093.jpg] Left lines: 1, Right lines: 1
[75ad1fff-77299093.jpg] Left lines: 0, Right lines: 0
[75f5f52c-6b67e736.jpg] Left lines: 13, Right lines: 7
[75f5f52c-6b67e736.jpg] Left lines: 12, Right lines: 6
[777005a8-14c739ad.jpg] Left lines: 9, Right lines: 7
[777005a8-14c739ad.jpg] Left lines: 8, Right lines: 3
[7771e03b-832e52c0.jpg] Left lines: 0, Right lines: 2
[7771e03b-832e52c0.jpg] Left lines: 0, Right lines: 2
[7771e03b-a8f9d50c.jpg] Left lines: 13, Right lines: 12
[7771e03b-a8f9d50c.jpg] Left lines: 2, Right lines: 7
[7797fea2-c37f9856.jpg] Left lines: 0, Right lines: 2
[7797fea2-c37f9856.jpg] Left lines: 0, Right lines: 2
[77bdbeb0-edb0613f.jpg] Left lines: 14, Right lines: 1
[77bdbeb0-edb0613f.jpg] Left lines: 12, Right lines: 6
[77dca577-16a39ea0.jpg] Left lines: 10, Right lines: 10
[77dca577-16a39ea0.jpg] Left lines: 9, Right lines: 10
[77f810c4-43a39c1f.jpg] Left lines: 7, Right lines: 9
[77f810c4-43a39c1f.jpg] Left lines: 9, Right lines: 1
[7814206e-8e991d51.jpg] Left lines: 23, Right lines: 9
[7814206e-8e991d51.jpg] Left lines: 22, Right lines: 9
[7814206e-ea2508d0.jpg] Left lines: 9, Right lines: 10
[7814206e-ea2508d0.jpg] Left lines: 6, Right lines: 13
[79e177bc-4d5d3acc.jpg] Left lines: 16, Right lines: 14
[79e177bc-4d5d3acc.jpg] Left lines: 14, Right lines: 14
[7aa4ff0f-9d28d8a4.jpg] Left lines: 8, Right lines: 15
[7aa4ff0f-9d28d8a4.jpg] Left lines: 4, Right lines: 13
[7ad1174c-373265eb.jpg] Left lines: 4, Right lines: 1
[7ad1174c-373265eb.jpg] Left lines: 0, Right lines: 0
[7b268b98-e0ec16c3.jpg] Left lines: 3, Right lines: 2
[7b268b98-e0ec16c3.jpg] Left lines: 3, Right lines: 2
[7c5a2048-332896ea.jpg] Left lines: 9, Right lines: 1
[7c5a2048-332896ea.jpg] Left lines: 0, Right lines: 1
[7c5d50c5-7292de37.jpg] Left lines: 8, Right lines: 14
[7c5d50c5-7292de37.jpg] Left lines: 7, Right lines: 13
[7d1fe115-936a2f47.jpg] Left lines: 6, Right lines: 10
[7d1fe115-936a2f47.jpg] Left lines: 11, Right lines: 13
[7dc2914d-a20a969a.jpg] Left lines: 16, Right lines: 9
[7dc2914d-a20a969a.jpg] Left lines: 13, Right lines: 9
[7e4ab78b-4a62c63e.jpg] Left lines: 2, Right lines: 0
[7e4ab78b-4a62c63e.jpg] Left lines: 2, Right lines: 0
[7e590c49-93f03732.jpg] Left lines: 5, Right lines: 4
[7e590c49-93f03732.jpg] Left lines: 0, Right lines: 4
[7ed57d0a-d7bcc13d.jpg] Left lines: 1, Right lines: 11
[7ed57d0a-d7bcc13d.jpg] Left lines: 0, Right lines: 6
[7f0ef682-c93899df.jpg] Left lines: 1, Right lines: 12
[7f0ef682-c93899df.jpg] Left lines: 2, Right lines: 8
[7f4ac354-777de900.jpg] Left lines: 14, Right lines: 6
[7f4ac354-777de900.jpg] Left lines: 12, Right lines: 8
[7f9bdf0d-c0e0061f.jpg] Left lines: 24, Right lines: 2
[7f9bdf0d-c0e0061f.jpg] Left lines: 11, Right lines: 4
[7fd14da9-a855494b.jpg] Left lines: 24, Right lines: 5
[7fd14da9-a855494b.jpg] Left lines: 27, Right lines: 16
[801bff84-a72998c7.jpg] Left lines: 24, Right lines: 18
[801bff84-a72998c7.jpg] Left lines: 29, Right lines: 22
[8073de38-f7eab6ec.jpg] Left lines: 16, Right lines: 11
[8073de38-f7eab6ec.jpg] Left lines: 15, Right lines: 10
[8082ea05-1a7bcd47.jpg] Left lines: 12, Right lines: 24
[8082ea05-1a7bcd47.jpg] Left lines: 13, Right lines: 26
[80ecebc0-ca9605f4.jpg] Left lines: 19, Right lines: 0
[80ecebc0-ca9605f4.jpg] Left lines: 3, Right lines: 0
[81ec3b39-1951f79e.jpg] Left lines: 14, Right lines: 7
[81ec3b39-1951f79e.jpg] Left lines: 21, Right lines: 11
[82b14c0c-79b99258.jpg] Left lines: 14, Right lines: 15
[82b14c0c-79b99258.jpg] Left lines: 17, Right lines: 11
[82b5fc3b-90cadd1b.jpg] Left lines: 9, Right lines: 17
[82b5fc3b-90cadd1b.jpg] Left lines: 4, Right lines: 24
[82f03471-8e304dd5.jpg] Left lines: 6, Right lines: 6
[82f03471-8e304dd5.jpg] Left lines: 5, Right lines: 0
[836fa13a-d6058a12.jpg] Left lines: 9, Right lines: 6
[836fa13a-d6058a12.jpg] Left lines: 9, Right lines: 2
[84fb3f59-7d5d1fa4.jpg] Left lines: 5, Right lines: 16
[84fb3f59-7d5d1fa4.jpg] Left lines: 1, Right lines: 14
[8542b4da-7795bcfd.jpg] Left lines: 12, Right lines: 14
[8542b4da-7795bcfd.jpg] Left lines: 6, Right lines: 13
[85f3f250-1fef85ac.jpg] Left lines: 14, Right lines: 16
[85f3f250-1fef85ac.jpg] Left lines: 14, Right lines: 17
[87ca2979-d5158824.jpg] Left lines: 6, Right lines: 5
[87ca2979-d5158824.jpg] Left lines: 5, Right lines: 7
[889b7dda-77f16103.jpg] Left lines: 6, Right lines: 12
[889b7dda-77f16103.jpg] Left lines: 8, Right lines: 11
[88dbf01a-d8b35dee.jpg] Left lines: 8, Right lines: 3
[88dbf01a-d8b35dee.jpg] Left lines: 7, Right lines: 5
[897223bc-6938f1ab.jpg] Left lines: 3, Right lines: 1
[897223bc-6938f1ab.jpg] Left lines: 4, Right lines: 0
[89b7454d-880eacbd.jpg] Left lines: 0, Right lines: 3
[89b7454d-880eacbd.jpg] Left lines: 0, Right lines: 0
[89e85e71-7dd0a7b6.jpg] Left lines: 57, Right lines: 30
[89e85e71-7dd0a7b6.jpg] Left lines: 25, Right lines: 23
[8a4fbffe-47866ce9.jpg] Left lines: 4, Right lines: 4
[8a4fbffe-47866ce9.jpg] Left lines: 0, Right lines: 0
[8a76c101-8bcefc32.jpg] Left lines: 1, Right lines: 10
[8a76c101-8bcefc32.jpg] Left lines: 6, Right lines: 11
[8b7ef6c4-6bbcf25f.jpg] Left lines: 16, Right lines: 12
[8b7ef6c4-6bbcf25f.jpg] Left lines: 12, Right lines: 10
[8bac644e-e0437ead.jpg] Left lines: 2, Right lines: 7
[8bac644e-e0437ead.jpg] Left lines: 2, Right lines: 2
[8c94c649-8ba62efa.jpg] Left lines: 6, Right lines: 5
[8c94c649-8ba62efa.jpg] Left lines: 5, Right lines: 4
[8c9bbaa9-34934b66.jpg] Left lines: 0, Right lines: 15
[8c9bbaa9-34934b66.jpg] Left lines: 0, Right lines: 15
[degraded] rain level_6 (300 images)
[0049e5b8-725e21a0.jpg] Left lines: 13, Right lines: 12
[0049e5b8-725e21a0.jpg] Left lines: 12, Right lines: 11
[0081e27b-17bf4a9e.jpg] Left lines: 12, Right lines: 27
[0081e27b-17bf4a9e.jpg] Left lines: 7, Right lines: 11
[00beeb02-50440dcd.jpg] Left lines: 2, Right lines: 1
[00beeb02-50440dcd.jpg] Left lines: 2, Right lines: 1
[00d4b6b7-7d0a60bf.jpg] Left lines: 0, Right lines: 0
[00d4b6b7-7d0a60bf.jpg] Left lines: 0, Right lines: 0
[01118704-2d838d7f.jpg] Left lines: 13, Right lines: 13
[01118704-2d838d7f.jpg] Left lines: 7, Right lines: 5
[0115917e-14907a6a.jpg] Left lines: 19, Right lines: 11
[0115917e-14907a6a.jpg] Left lines: 16, Right lines: 12
[02188a44-65ad27f3.jpg] Left lines: 26, Right lines: 0
[02188a44-65ad27f3.jpg] Left lines: 6, Right lines: 0
[02494b7b-079febf8.jpg] Left lines: 10, Right lines: 12
[02494b7b-079febf8.jpg] Left lines: 6, Right lines: 4
[029ffd50-dc944dba.jpg] Left lines: 9, Right lines: 5
[029ffd50-dc944dba.jpg] Left lines: 13, Right lines: 7
[0464a98b-860229d5.jpg] Left lines: 9, Right lines: 27
[0464a98b-860229d5.jpg] Left lines: 8, Right lines: 30
[051aadb7-51aad566.jpg] Left lines: 3, Right lines: 0
[051aadb7-51aad566.jpg] Left lines: 0, Right lines: 0
[051aadb7-e953bc4d.jpg] Left lines: 18, Right lines: 13
[051aadb7-e953bc4d.jpg] Left lines: 15, Right lines: 14
[05743a9b-747658e7.jpg] Left lines: 2, Right lines: 5
[05743a9b-747658e7.jpg] Left lines: 1, Right lines: 5
[057af272-6f700aef.jpg] Left lines: 13, Right lines: 12
[057af272-6f700aef.jpg] Left lines: 4, Right lines: 13
[05d62296-30c620d5.jpg] Left lines: 12, Right lines: 1
[05d62296-30c620d5.jpg] Left lines: 11, Right lines: 2
[05e5a68e-f0e05a42.jpg] Left lines: 23, Right lines: 5
[05e5a68e-f0e05a42.jpg] Left lines: 4, Right lines: 7
[05fa6494-8f436d04.jpg] Left lines: 21, Right lines: 24
[05fa6494-8f436d04.jpg] Left lines: 7, Right lines: 11
[060039d9-5218402b.jpg] Left lines: 19, Right lines: 18
[060039d9-5218402b.jpg] Left lines: 21, Right lines: 19
[064aa0d6-f75ff4d5.jpg] Left lines: 11, Right lines: 4
[064aa0d6-f75ff4d5.jpg] Left lines: 10, Right lines: 9
[07de5062-ddddcbd7.jpg] Left lines: 1, Right lines: 4
[07de5062-ddddcbd7.jpg] Left lines: 2, Right lines: 2
[088351d1-30833ddc.jpg] Left lines: 15, Right lines: 8
[088351d1-30833ddc.jpg] Left lines: 14, Right lines: 4
[08a49c01-675d3899.jpg] Left lines: 14, Right lines: 21
[08a49c01-675d3899.jpg] Left lines: 14, Right lines: 10
[08d4285a-4a25b9b6.jpg] Left lines: 7, Right lines: 14
[08d4285a-4a25b9b6.jpg] Left lines: 6, Right lines: 15
[09ac21d6-eefa8ed0.jpg] Left lines: 13, Right lines: 18
[09ac21d6-eefa8ed0.jpg] Left lines: 1, Right lines: 18
[0a0a0b1a-7c39d841.jpg] Left lines: 4, Right lines: 5
[0a0a0b1a-7c39d841.jpg] Left lines: 6, Right lines: 1
[0af6039a-f3c91319.jpg] Left lines: 24, Right lines: 5
[0af6039a-f3c91319.jpg] Left lines: 10, Right lines: 4
[0b2f5d0d-8fddc1fc.jpg] Left lines: 20, Right lines: 13
[0b2f5d0d-8fddc1fc.jpg] Left lines: 19, Right lines: 16
[0b4225f9-bfb10f88.jpg] Left lines: 7, Right lines: 3
[0b4225f9-bfb10f88.jpg] Left lines: 9, Right lines: 3
[0ba08fe3-880ae118.jpg] Left lines: 5, Right lines: 10
[0ba08fe3-880ae118.jpg] Left lines: 6, Right lines: 11
[0c2f33b9-f94d69b5.jpg] Left lines: 28, Right lines: 14
[0c2f33b9-f94d69b5.jpg] Left lines: 17, Right lines: 18
[0c984e6d-2b5d7ee4.jpg] Left lines: 3, Right lines: 1
[0c984e6d-2b5d7ee4.jpg] Left lines: 0, Right lines: 0
[0cb67a01-7cf1687e.jpg] Left lines: 8, Right lines: 0
[0cb67a01-7cf1687e.jpg] Left lines: 9, Right lines: 0
[0cc6f3e8-b4c9e348.jpg] Left lines: 16, Right lines: 30
[0cc6f3e8-b4c9e348.jpg] Left lines: 9, Right lines: 16
[0cf398b3-ce65ab64.jpg] Left lines: 8, Right lines: 2
[0cf398b3-ce65ab64.jpg] Left lines: 6, Right lines: 5
[0d3ec56a-f4cead6f.jpg] Left lines: 8, Right lines: 19
[0d3ec56a-f4cead6f.jpg] Left lines: 1, Right lines: 13
[0d61234a-542010b2.jpg] Left lines: 12, Right lines: 14
[0d61234a-542010b2.jpg] Left lines: 14, Right lines: 13
[0e442b65-b17e0b50.jpg] Left lines: 11, Right lines: 4
[0e442b65-b17e0b50.jpg] Left lines: 9, Right lines: 0
[0e5c7e92-0d9c60f0.jpg] Left lines: 14, Right lines: 13
[0e5c7e92-0d9c60f0.jpg] Left lines: 11, Right lines: 11
[0f837def-9646c091.jpg] Left lines: 8, Right lines: 10
[0f837def-9646c091.jpg] Left lines: 6, Right lines: 8
[0fba84f9-73b520ee.jpg] Left lines: 14, Right lines: 13
[0fba84f9-73b520ee.jpg] Left lines: 4, Right lines: 13
[101a0964-930eae70.jpg] Left lines: 7, Right lines: 12
[101a0964-930eae70.jpg] Left lines: 8, Right lines: 14
[10389fe8-433c740c.jpg] Left lines: 10, Right lines: 0
[10389fe8-433c740c.jpg] Left lines: 3, Right lines: 0
[10453a95-40759ac3.jpg] Left lines: 4, Right lines: 14
[10453a95-40759ac3.jpg] Left lines: 0, Right lines: 10
[1072195f-0a161ade.jpg] Left lines: 15, Right lines: 2
[1072195f-0a161ade.jpg] Left lines: 18, Right lines: 2
[1072195f-6cf88b25.jpg] Left lines: 5, Right lines: 17
[1072195f-6cf88b25.jpg] Left lines: 2, Right lines: 5
[11513e3d-150058c3.jpg] Left lines: 10, Right lines: 9
[11513e3d-150058c3.jpg] Left lines: 12, Right lines: 10
[1189ae68-1a8ad3c6.jpg] Left lines: 11, Right lines: 2
[1189ae68-1a8ad3c6.jpg] Left lines: 8, Right lines: 0
[12076ebb-c07285d7.jpg] Left lines: 11, Right lines: 12
[12076ebb-c07285d7.jpg] Left lines: 7, Right lines: 12
[125134e5-7dfc45b9.jpg] Left lines: 9, Right lines: 1
[125134e5-7dfc45b9.jpg] Left lines: 2, Right lines: 0
[12ae9ab8-794f5adc.jpg] Left lines: 12, Right lines: 15
[12ae9ab8-794f5adc.jpg] Left lines: 18, Right lines: 12
[13f61134-50021e53.jpg] Left lines: 3, Right lines: 1
[13f61134-50021e53.jpg] Left lines: 0, Right lines: 2
[14eace5a-ddf3b303.jpg] Left lines: 26, Right lines: 2
[14eace5a-ddf3b303.jpg] Left lines: 21, Right lines: 0
[1608cfe7-32da2c5d.jpg] Left lines: 0, Right lines: 3
[1608cfe7-32da2c5d.jpg] Left lines: 0, Right lines: 1
[162995f1-d2c7d259.jpg] Left lines: 15, Right lines: 3
[162995f1-d2c7d259.jpg] Left lines: 0, Right lines: 2
[16b0973f-c07b564a.jpg] Left lines: 20, Right lines: 3
[16b0973f-c07b564a.jpg] Left lines: 14, Right lines: 2
[1784d67b-6b223914.jpg] Left lines: 9, Right lines: 12
[1784d67b-6b223914.jpg] Left lines: 2, Right lines: 13
[1784d67b-d76145ce.jpg] Left lines: 13, Right lines: 4
[1784d67b-d76145ce.jpg] Left lines: 0, Right lines: 6
[188c58f3-792afc71.jpg] Left lines: 4, Right lines: 5
[188c58f3-792afc71.jpg] Left lines: 1, Right lines: 4
[193f7f3b-84bc7998.jpg] Left lines: 12, Right lines: 9
[193f7f3b-84bc7998.jpg] Left lines: 7, Right lines: 11
[194058b0-ac0616a6.jpg] Left lines: 7, Right lines: 3
[194058b0-ac0616a6.jpg] Left lines: 16, Right lines: 2
[19e56249-09c4bbc6.jpg] Left lines: 0, Right lines: 1
[19e56249-09c4bbc6.jpg] Left lines: 0, Right lines: 0
[1a71faae-d5f255fd.jpg] Left lines: 17, Right lines: 17
[1a71faae-d5f255fd.jpg] Left lines: 16, Right lines: 8
[1a8992a7-da5a8510.jpg] Left lines: 11, Right lines: 3
[1a8992a7-da5a8510.jpg] Left lines: 4, Right lines: 7
[1ac0178c-0b259360.jpg] Left lines: 0, Right lines: 0
[1ac0178c-0b259360.jpg] Left lines: 0, Right lines: 0
[1b30f76f-95aa8a06.jpg] Left lines: 17, Right lines: 13
[1b30f76f-95aa8a06.jpg] Left lines: 12, Right lines: 3
[1bda5a26-420ceea6.jpg] Left lines: 8, Right lines: 8
[1bda5a26-420ceea6.jpg] Left lines: 10, Right lines: 3
[1bf7f3d2-15f95138.jpg] Left lines: 11, Right lines: 19
[1bf7f3d2-15f95138.jpg] Left lines: 3, Right lines: 19
[1c227a12-10e5552c.jpg] Left lines: 4, Right lines: 12
[1c227a12-10e5552c.jpg] Left lines: 2, Right lines: 9
[1c227a12-ec67af93.jpg] Left lines: 10, Right lines: 2
[1c227a12-ec67af93.jpg] Left lines: 3, Right lines: 1
[1c5e9657-2e2a2863.jpg] Left lines: 0, Right lines: 2
[1c5e9657-2e2a2863.jpg] Left lines: 0, Right lines: 0
[1cb2a89b-4594573e.jpg] Left lines: 8, Right lines: 14
[1cb2a89b-4594573e.jpg] Left lines: 9, Right lines: 13
[1cf54809-c6daa5a9.jpg] Left lines: 8, Right lines: 20
[1cf54809-c6daa5a9.jpg] Left lines: 16, Right lines: 14
[1d5e05f8-5020f67d.jpg] Left lines: 29, Right lines: 12
[1d5e05f8-5020f67d.jpg] Left lines: 21, Right lines: 11
[1e57ae90-806bc767.jpg] Left lines: 11, Right lines: 25
[1e57ae90-806bc767.jpg] Left lines: 8, Right lines: 11
[1f959fdd-6ff63d34.jpg] Left lines: 2, Right lines: 10
[1f959fdd-6ff63d34.jpg] Left lines: 3, Right lines: 12
[1fa65acf-d43367bc.jpg] Left lines: 14, Right lines: 0
[1fa65acf-d43367bc.jpg] Left lines: 4, Right lines: 0
[20cfadfa-47711496.jpg] Left lines: 17, Right lines: 11
[20cfadfa-47711496.jpg] Left lines: 21, Right lines: 6
[20cfadfa-6f87fdc1.jpg] Left lines: 23, Right lines: 39
[20cfadfa-6f87fdc1.jpg] Left lines: 25, Right lines: 33
[225a1858-0e3a4b04.jpg] Left lines: 7, Right lines: 0
[225a1858-0e3a4b04.jpg] Left lines: 1, Right lines: 0
[22be2f14-59fbdca0.jpg] Left lines: 11, Right lines: 14
[22be2f14-59fbdca0.jpg] Left lines: 10, Right lines: 14
[23333f35-0cbc3f0f.jpg] Left lines: 5, Right lines: 0
[23333f35-0cbc3f0f.jpg] Left lines: 6, Right lines: 0
[23df146f-64b50e4c.jpg] Left lines: 15, Right lines: 20
[23df146f-64b50e4c.jpg] Left lines: 5, Right lines: 26
[24392d7c-998011c2.jpg] Left lines: 0, Right lines: 0
[24392d7c-998011c2.jpg] Left lines: 0, Right lines: 0
[250e7595-b14da270.jpg] Left lines: 21, Right lines: 15
[250e7595-b14da270.jpg] Left lines: 21, Right lines: 14
[26190b83-39ccb412.jpg] Left lines: 0, Right lines: 23
[26190b83-39ccb412.jpg] Left lines: 3, Right lines: 23
[272d52f6-8aac36b3.jpg] Left lines: 11, Right lines: 2
[272d52f6-8aac36b3.jpg] Left lines: 9, Right lines: 2
[2752681a-e813599a.jpg] Left lines: 3, Right lines: 5
[2752681a-e813599a.jpg] Left lines: 0, Right lines: 4
[27645526-f038b033.jpg] Left lines: 45, Right lines: 0
[27645526-f038b033.jpg] Left lines: 53, Right lines: 13
[2773af6f-23e23a6b.jpg] Left lines: 4, Right lines: 0
[2773af6f-23e23a6b.jpg] Left lines: 2, Right lines: 0
[28faf684-03ef4c6e.jpg] Left lines: 11, Right lines: 13
[28faf684-03ef4c6e.jpg] Left lines: 10, Right lines: 13
[292720ee-d847ee69.jpg] Left lines: 3, Right lines: 4
[292720ee-d847ee69.jpg] Left lines: 2, Right lines: 4
[2b54fe2d-c5b810e6.jpg] Left lines: 21, Right lines: 15
[2b54fe2d-c5b810e6.jpg] Left lines: 20, Right lines: 5
[2b605c48-8dfe352b.jpg] Left lines: 18, Right lines: 41
[2b605c48-8dfe352b.jpg] Left lines: 6, Right lines: 30
[2beccce2-354608e2.jpg] Left lines: 7, Right lines: 10
[2beccce2-354608e2.jpg] Left lines: 0, Right lines: 3
[2c87e51d-aa7a8031.jpg] Left lines: 4, Right lines: 0
[2c87e51d-aa7a8031.jpg] Left lines: 4, Right lines: 0
[2ce0b449-e818dc97.jpg] Left lines: 5, Right lines: 2
[2ce0b449-e818dc97.jpg] Left lines: 5, Right lines: 0
[2cf976a2-479cd46b.jpg] Left lines: 6, Right lines: 5
[2cf976a2-479cd46b.jpg] Left lines: 5, Right lines: 4
[2e2fae77-b7497ca0.jpg] Left lines: 2, Right lines: 2
[2e2fae77-b7497ca0.jpg] Left lines: 1, Right lines: 0
[2ead8042-2493c03f.jpg] Left lines: 7, Right lines: 8
[2ead8042-2493c03f.jpg] Left lines: 5, Right lines: 7
[2f1864c1-1a17d11c.jpg] Left lines: 7, Right lines: 4
[2f1864c1-1a17d11c.jpg] Left lines: 0, Right lines: 3
[2f879dc0-b09e4824.jpg] Left lines: 12, Right lines: 12
[2f879dc0-b09e4824.jpg] Left lines: 10, Right lines: 11
[2fc9ad1e-ee4c9e43.jpg] Left lines: 15, Right lines: 4
[2fc9ad1e-ee4c9e43.jpg] Left lines: 12, Right lines: 5
[3050b249-0ffbd6ec.jpg] Left lines: 0, Right lines: 3
[3050b249-0ffbd6ec.jpg] Left lines: 0, Right lines: 0
[314cc010-3eab5c90.jpg] Left lines: 0, Right lines: 8
[314cc010-3eab5c90.jpg] Left lines: 0, Right lines: 8
[31765c6b-90b0d612.jpg] Left lines: 2, Right lines: 2
[31765c6b-90b0d612.jpg] Left lines: 0, Right lines: 2
[31cf6eba-5c84c636.jpg] Left lines: 13, Right lines: 7
[31cf6eba-5c84c636.jpg] Left lines: 4, Right lines: 7
[32de2244-122f1783.jpg] Left lines: 6, Right lines: 10
[32de2244-122f1783.jpg] Left lines: 6, Right lines: 13
[33420085-32996107.jpg] Left lines: 42, Right lines: 12
[33420085-32996107.jpg] Left lines: 44, Right lines: 10
[3430a5e6-00ec38d2.jpg] Left lines: 16, Right lines: 4
[3430a5e6-00ec38d2.jpg] Left lines: 11, Right lines: 1
[35eb46d0-8f7e28a0.jpg] Left lines: 12, Right lines: 15
[35eb46d0-8f7e28a0.jpg] Left lines: 13, Right lines: 17
[3735fc3d-69d8b80c.jpg] Left lines: 1, Right lines: 0
[3735fc3d-69d8b80c.jpg] Left lines: 1, Right lines: 0
[3740cd4f-ff1d423d.jpg] Left lines: 10, Right lines: 11
[3740cd4f-ff1d423d.jpg] Left lines: 6, Right lines: 13
[375abba2-9f2ed56c.jpg] Left lines: 2, Right lines: 3
[375abba2-9f2ed56c.jpg] Left lines: 0, Right lines: 1
[37723e55-31730cf5.jpg] Left lines: 0, Right lines: 4
[37723e55-31730cf5.jpg] Left lines: 0, Right lines: 3
[380a3f8e-ba4f0def.jpg] Left lines: 11, Right lines: 5
[380a3f8e-ba4f0def.jpg] Left lines: 4, Right lines: 3
[385b0f61-1aee12ef.jpg] Left lines: 2, Right lines: 0
[385b0f61-1aee12ef.jpg] Left lines: 2, Right lines: 0
[3865fea7-b4fe472d.jpg] Left lines: 19, Right lines: 11
[3865fea7-b4fe472d.jpg] Left lines: 17, Right lines: 2
[38e561dd-8ea8ae2d.jpg] Left lines: 8, Right lines: 16
[38e561dd-8ea8ae2d.jpg] Left lines: 8, Right lines: 13
[38ed8d8d-93c48de2.jpg] Left lines: 15, Right lines: 9
[38ed8d8d-93c48de2.jpg] Left lines: 4, Right lines: 4
[38ed8d8d-b1c230ef.jpg] Left lines: 5, Right lines: 3
[38ed8d8d-b1c230ef.jpg] Left lines: 4, Right lines: 4
[38ed8d8d-fa50400c.jpg] Left lines: 7, Right lines: 24
[38ed8d8d-fa50400c.jpg] Left lines: 10, Right lines: 25
[3900ad8c-8834019f.jpg] Left lines: 8, Right lines: 2
[3900ad8c-8834019f.jpg] Left lines: 1, Right lines: 1
[39ddb110-04604b9c.jpg] Left lines: 1, Right lines: 12
[39ddb110-04604b9c.jpg] Left lines: 1, Right lines: 11
[39fc6d1c-6155351d.jpg] Left lines: 2, Right lines: 19
[39fc6d1c-6155351d.jpg] Left lines: 0, Right lines: 11
[3a278d39-b92df256.jpg] Left lines: 7, Right lines: 10
[3a278d39-b92df256.jpg] Left lines: 11, Right lines: 12
[3a3407a2-df8ea956.jpg] Left lines: 13, Right lines: 1
[3a3407a2-df8ea956.jpg] Left lines: 14, Right lines: 0
[3ad0c4a7-2a3d544e.jpg] Left lines: 3, Right lines: 3
[3ad0c4a7-2a3d544e.jpg] Left lines: 2, Right lines: 3
[3b1e1bc1-ee64e36e.jpg] Left lines: 7, Right lines: 12
[3b1e1bc1-ee64e36e.jpg] Left lines: 7, Right lines: 5
[3b44ef5a-c09e8479.jpg] Left lines: 21, Right lines: 1
[3b44ef5a-c09e8479.jpg] Left lines: 29, Right lines: 1
[3b563c5e-0102edaf.jpg] Left lines: 3, Right lines: 18
[3b563c5e-0102edaf.jpg] Left lines: 3, Right lines: 9
[3b9716a6-d2566395.jpg] Left lines: 0, Right lines: 12
[3b9716a6-d2566395.jpg] Left lines: 0, Right lines: 11
[3c0bbdc2-79baffce.jpg] Left lines: 16, Right lines: 10
[3c0bbdc2-79baffce.jpg] Left lines: 16, Right lines: 10
[3c5752b6-9c0bdf98.jpg] Left lines: 0, Right lines: 3
[3c5752b6-9c0bdf98.jpg] Left lines: 0, Right lines: 3
[3c95ae26-68abac3f.jpg] Left lines: 0, Right lines: 0
[3c95ae26-68abac3f.jpg] Left lines: 0, Right lines: 0
[3e0f1745-a95a63ad.jpg] Left lines: 5, Right lines: 17
[3e0f1745-a95a63ad.jpg] Left lines: 4, Right lines: 16
[3f4eb6a6-9eee52f9.jpg] Left lines: 9, Right lines: 8
[3f4eb6a6-9eee52f9.jpg] Left lines: 6, Right lines: 13
[3f85a987-1ef4053b.jpg] Left lines: 0, Right lines: 5
[3f85a987-1ef4053b.jpg] Left lines: 0, Right lines: 0
[3fe1feaa-10126fec.jpg] Left lines: 0, Right lines: 0
[3fe1feaa-10126fec.jpg] Left lines: 0, Right lines: 1
[3ffdaa26-b394f6f8.jpg] Left lines: 0, Right lines: 23
[3ffdaa26-b394f6f8.jpg] Left lines: 4, Right lines: 13
[4027c10d-41d54e9b.jpg] Left lines: 9, Right lines: 13
[4027c10d-41d54e9b.jpg] Left lines: 6, Right lines: 5
[428e99ea-4166e549.jpg] Left lines: 3, Right lines: 7
[428e99ea-4166e549.jpg] Left lines: 5, Right lines: 5
[42e0dd11-74b81997.jpg] Left lines: 6, Right lines: 20
[42e0dd11-74b81997.jpg] Left lines: 5, Right lines: 14
[430395d1-931c959e.jpg] Left lines: 5, Right lines: 4
[430395d1-931c959e.jpg] Left lines: 11, Right lines: 3
[43126e0d-495d04a5.jpg] Left lines: 9, Right lines: 13
[43126e0d-495d04a5.jpg] Left lines: 8, Right lines: 6
[43126e0d-cce96832.jpg] Left lines: 26, Right lines: 8
[43126e0d-cce96832.jpg] Left lines: 23, Right lines: 0
[432f9e20-83a0d96c.jpg] Left lines: 18, Right lines: 18
[432f9e20-83a0d96c.jpg] Left lines: 17, Right lines: 14
[43c7ed5c-b0690325.jpg] Left lines: 3, Right lines: 6
[43c7ed5c-b0690325.jpg] Left lines: 2, Right lines: 6
[44cc16d9-d2e06fd6.jpg] Left lines: 6, Right lines: 6
[44cc16d9-d2e06fd6.jpg] Left lines: 7, Right lines: 6
[45bafa98-1ee18a2f.jpg] Left lines: 0, Right lines: 2
[45bafa98-1ee18a2f.jpg] Left lines: 0, Right lines: 2
[46d048a1-8f7f385c.jpg] Left lines: 2, Right lines: 7
[46d048a1-8f7f385c.jpg] Left lines: 3, Right lines: 8
[46f76df9-8bf77914.jpg] Left lines: 12, Right lines: 15
[46f76df9-8bf77914.jpg] Left lines: 10, Right lines: 18
[480263a0-5aad7ae9.jpg] Left lines: 5, Right lines: 27
[480263a0-5aad7ae9.jpg] Left lines: 5, Right lines: 39
[488480d6-b94cf415.jpg] Left lines: 8, Right lines: 12
[488480d6-b94cf415.jpg] Left lines: 1, Right lines: 11
[48ed707e-5062e4c3.jpg] Left lines: 0, Right lines: 0
[48ed707e-5062e4c3.jpg] Left lines: 0, Right lines: 0
[4a289ff2-7da7feb6.jpg] Left lines: 0, Right lines: 5
[4a289ff2-7da7feb6.jpg] Left lines: 0, Right lines: 1
[4a31f3e3-ac7ed780.jpg] Left lines: 14, Right lines: 0
[4a31f3e3-ac7ed780.jpg] Left lines: 4, Right lines: 0
[4b2e1dde-65b54419.jpg] Left lines: 5, Right lines: 13
[4b2e1dde-65b54419.jpg] Left lines: 6, Right lines: 10
[4d4a590b-4332c5ab.jpg] Left lines: 12, Right lines: 0
[4d4a590b-4332c5ab.jpg] Left lines: 2, Right lines: 4
[5069db50-52f5af30.jpg] Left lines: 10, Right lines: 10
[5069db50-52f5af30.jpg] Left lines: 7, Right lines: 11
[50866f46-30d1f303.jpg] Left lines: 10, Right lines: 16
[50866f46-30d1f303.jpg] Left lines: 10, Right lines: 18
[50b115d6-4b08a666.jpg] Left lines: 14, Right lines: 12
[50b115d6-4b08a666.jpg] Left lines: 14, Right lines: 13
[50b2e757-6c7d0f63.jpg] Left lines: 8, Right lines: 0
[50b2e757-6c7d0f63.jpg] Left lines: 3, Right lines: 0
[50d0fd05-8db58ebd.jpg] Left lines: 8, Right lines: 0
[50d0fd05-8db58ebd.jpg] Left lines: 5, Right lines: 1
[510671e9-603795e0.jpg] Left lines: 13, Right lines: 29
[510671e9-603795e0.jpg] Left lines: 8, Right lines: 16
[514a6d58-0790e0cd.jpg] Left lines: 0, Right lines: 0
[514a6d58-0790e0cd.jpg] Left lines: 0, Right lines: 0
[5150bb50-300d52ce.jpg] Left lines: 8, Right lines: 19
[5150bb50-300d52ce.jpg] Left lines: 7, Right lines: 15
[52799e9e-8c8673f3.jpg] Left lines: 10, Right lines: 9
[52799e9e-8c8673f3.jpg] Left lines: 10, Right lines: 10
[52bda346-fd8ac6e7.jpg] Left lines: 4, Right lines: 17
[52bda346-fd8ac6e7.jpg] Left lines: 1, Right lines: 4
[534418ba-ee05398f.jpg] Left lines: 12, Right lines: 11
[534418ba-ee05398f.jpg] Left lines: 12, Right lines: 11
[54360b72-e00a3f70.jpg] Left lines: 15, Right lines: 42
[54360b72-e00a3f70.jpg] Left lines: 14, Right lines: 35
[554d7cd5-a32486dd.jpg] Left lines: 2, Right lines: 14
[554d7cd5-a32486dd.jpg] Left lines: 0, Right lines: 13
[559fed19-7893646f.jpg] Left lines: 16, Right lines: 4
[559fed19-7893646f.jpg] Left lines: 1, Right lines: 8
[57165857-e4d4a47f.jpg] Left lines: 2, Right lines: 0
[57165857-e4d4a47f.jpg] Left lines: 2, Right lines: 0
[5795bfe7-a599384a.jpg] Left lines: 0, Right lines: 4
[5795bfe7-a599384a.jpg] Left lines: 0, Right lines: 1
[57ac74e2-e86131f1.jpg] Left lines: 0, Right lines: 39
[57ac74e2-e86131f1.jpg] Left lines: 0, Right lines: 16
[57b495f2-6da6b1e5.jpg] Left lines: 4, Right lines: 3
[57b495f2-6da6b1e5.jpg] Left lines: 5, Right lines: 1
[585443c8-2621a6b1.jpg] Left lines: 9, Right lines: 9
[585443c8-2621a6b1.jpg] Left lines: 9, Right lines: 8
[5877b384-2545daf4.jpg] Left lines: 8, Right lines: 6
[5877b384-2545daf4.jpg] Left lines: 11, Right lines: 5
[587bb1bf-1aa00fe5.jpg] Left lines: 12, Right lines: 13
[587bb1bf-1aa00fe5.jpg] Left lines: 15, Right lines: 13
[5995c288-2d152172.jpg] Left lines: 18, Right lines: 3
[5995c288-2d152172.jpg] Left lines: 15, Right lines: 0
[59cde7c7-344bffb1.jpg] Left lines: 4, Right lines: 0
[59cde7c7-344bffb1.jpg] Left lines: 3, Right lines: 0
[5a8f9b5d-1fdfd2d4.jpg] Left lines: 22, Right lines: 11
[5a8f9b5d-1fdfd2d4.jpg] Left lines: 18, Right lines: 3
[5ae83f9c-da990b49.jpg] Left lines: 8, Right lines: 16
[5ae83f9c-da990b49.jpg] Left lines: 10, Right lines: 15
[5b2b4881-67a6cb87.jpg] Left lines: 1, Right lines: 2
[5b2b4881-67a6cb87.jpg] Left lines: 2, Right lines: 2
[5b2fd56a-37759b05.jpg] Left lines: 7, Right lines: 0
[5b2fd56a-37759b05.jpg] Left lines: 0, Right lines: 0
[5b4b0b07-2fb56b82.jpg] Left lines: 11, Right lines: 17
[5b4b0b07-2fb56b82.jpg] Left lines: 6, Right lines: 6
[5bc44a50-c371c4d0.jpg] Left lines: 12, Right lines: 14
[5bc44a50-c371c4d0.jpg] Left lines: 12, Right lines: 11
[5c4004b7-bf3b7941.jpg] Left lines: 14, Right lines: 8
[5c4004b7-bf3b7941.jpg] Left lines: 14, Right lines: 7
[5c534f5f-a76c7f4b.jpg] Left lines: 12, Right lines: 7
[5c534f5f-a76c7f4b.jpg] Left lines: 13, Right lines: 5
[5c5dc708-35460444.jpg] Left lines: 1, Right lines: 7
[5c5dc708-35460444.jpg] Left lines: 0, Right lines: 7
[5da6c6b6-76c54605.jpg] Left lines: 0, Right lines: 6
[5da6c6b6-76c54605.jpg] Left lines: 0, Right lines: 0
[5dc5141c-5890b5b1.jpg] Left lines: 2, Right lines: 3
[5dc5141c-5890b5b1.jpg] Left lines: 0, Right lines: 5
[5dd831da-bd00cf03.jpg] Left lines: 10, Right lines: 9
[5dd831da-bd00cf03.jpg] Left lines: 8, Right lines: 3
[5dfb063f-7bd23d5c.jpg] Left lines: 10, Right lines: 8
[5dfb063f-7bd23d5c.jpg] Left lines: 10, Right lines: 6
[5e0b701e-d443d8c2.jpg] Left lines: 3, Right lines: 12
[5e0b701e-d443d8c2.jpg] Left lines: 7, Right lines: 1
[5e26f49d-0bc53c7e.jpg] Left lines: 8, Right lines: 0
[5e26f49d-0bc53c7e.jpg] Left lines: 2, Right lines: 0
[5e26f49d-9271bf00.jpg] Left lines: 4, Right lines: 12
[5e26f49d-9271bf00.jpg] Left lines: 0, Right lines: 4
[5e625ec3-7b4fc682.jpg] Left lines: 13, Right lines: 10
[5e625ec3-7b4fc682.jpg] Left lines: 12, Right lines: 7
[5f9387ff-330136ae.jpg] Left lines: 3, Right lines: 2
[5f9387ff-330136ae.jpg] Left lines: 0, Right lines: 2
[5fa17a25-88b8e6b9.jpg] Left lines: 11, Right lines: 7
[5fa17a25-88b8e6b9.jpg] Left lines: 8, Right lines: 4
[5fa422e1-2d8dd765.jpg] Left lines: 28, Right lines: 5
[5fa422e1-2d8dd765.jpg] Left lines: 27, Right lines: 5
[5fb2a702-f56a339c.jpg] Left lines: 8, Right lines: 6
[5fb2a702-f56a339c.jpg] Left lines: 14, Right lines: 7
[6011831b-0992e205.jpg] Left lines: 7, Right lines: 0
[6011831b-0992e205.jpg] Left lines: 4, Right lines: 0
[60137cc0-428b8f5b.jpg] Left lines: 9, Right lines: 1
[60137cc0-428b8f5b.jpg] Left lines: 11, Right lines: 1
[604b5b3e-3c2e6b6b.jpg] Left lines: 10, Right lines: 9
[604b5b3e-3c2e6b6b.jpg] Left lines: 12, Right lines: 10
[6092f5a2-424550ba.jpg] Left lines: 13, Right lines: 11
[6092f5a2-424550ba.jpg] Left lines: 6, Right lines: 8
[60ba25dd-6c0df417.jpg] Left lines: 5, Right lines: 9
[60ba25dd-6c0df417.jpg] Left lines: 0, Right lines: 9
[60c678e7-4813ae0f.jpg] Left lines: 17, Right lines: 0
[60c678e7-4813ae0f.jpg] Left lines: 5, Right lines: 0
[614ecada-16b0f8b6.jpg] Left lines: 17, Right lines: 22
[614ecada-16b0f8b6.jpg] Left lines: 8, Right lines: 19
[61e4ad87-53ceb455.jpg] Left lines: 36, Right lines: 8
[61e4ad87-53ceb455.jpg] Left lines: 18, Right lines: 3
[6240d7b3-b51b5788.jpg] Left lines: 1, Right lines: 11
[6240d7b3-b51b5788.jpg] Left lines: 0, Right lines: 0
[62aefb36-b685117f.jpg] Left lines: 19, Right lines: 20
[62aefb36-b685117f.jpg] Left lines: 14, Right lines: 7
[634c1785-3bb9a8a2.jpg] Left lines: 3, Right lines: 0
[634c1785-3bb9a8a2.jpg] Left lines: 2, Right lines: 0
[634c1785-aeb1652f.jpg] Left lines: 11, Right lines: 13
[634c1785-aeb1652f.jpg] Left lines: 7, Right lines: 4
[63f73472-028615f1.jpg] Left lines: 18, Right lines: 1
[63f73472-028615f1.jpg] Left lines: 1, Right lines: 0
[6485ad0a-245d1600.jpg] Left lines: 9, Right lines: 2
[6485ad0a-245d1600.jpg] Left lines: 8, Right lines: 0
[648dc925-e359dbec.jpg] Left lines: 15, Right lines: 5
[648dc925-e359dbec.jpg] Left lines: 9, Right lines: 5
[65edc5a1-f309fed7.jpg] Left lines: 10, Right lines: 17
[65edc5a1-f309fed7.jpg] Left lines: 7, Right lines: 9
[661381d9-1114a810.jpg] Left lines: 6, Right lines: 7
[661381d9-1114a810.jpg] Left lines: 5, Right lines: 5
[664cb246-f84cfaf4.jpg] Left lines: 24, Right lines: 12
[664cb246-f84cfaf4.jpg] Left lines: 12, Right lines: 13
[675cf8fa-4b1ce8b9.jpg] Left lines: 26, Right lines: 14
[675cf8fa-4b1ce8b9.jpg] Left lines: 27, Right lines: 9
[67faeadf-eb09a636.jpg] Left lines: 6, Right lines: 5
[67faeadf-eb09a636.jpg] Left lines: 0, Right lines: 5
[691be377-5dbc29ee.jpg] Left lines: 6, Right lines: 12
[691be377-5dbc29ee.jpg] Left lines: 6, Right lines: 1
[692f1303-05178963.jpg] Left lines: 2, Right lines: 4
[692f1303-05178963.jpg] Left lines: 2, Right lines: 3
[692f9b08-bdbbd729.jpg] Left lines: 27, Right lines: 8
[692f9b08-bdbbd729.jpg] Left lines: 18, Right lines: 8
[69bfbe31-5ee2a642.jpg] Left lines: 29, Right lines: 17
[69bfbe31-5ee2a642.jpg] Left lines: 15, Right lines: 12
[69cf7667-68f59649.jpg] Left lines: 15, Right lines: 9
[69cf7667-68f59649.jpg] Left lines: 10, Right lines: 3
[69cf7667-7eb40860.jpg] Left lines: 23, Right lines: 6
[69cf7667-7eb40860.jpg] Left lines: 6, Right lines: 2
[6a44fb9a-05a3dd18.jpg] Left lines: 23, Right lines: 19
[6a44fb9a-05a3dd18.jpg] Left lines: 22, Right lines: 13
[6a793e80-4f5e207f.jpg] Left lines: 14, Right lines: 4
[6a793e80-4f5e207f.jpg] Left lines: 10, Right lines: 1
[6a82c0d6-b31f6b90.jpg] Left lines: 1, Right lines: 7
[6a82c0d6-b31f6b90.jpg] Left lines: 0, Right lines: 4
[6a8d218d-14e4fa28.jpg] Left lines: 0, Right lines: 2
[6a8d218d-14e4fa28.jpg] Left lines: 0, Right lines: 0
[6ad110c3-789e7724.jpg] Left lines: 23, Right lines: 9
[6ad110c3-789e7724.jpg] Left lines: 22, Right lines: 11
[6b15392a-3a1699fd.jpg] Left lines: 3, Right lines: 11
[6b15392a-3a1699fd.jpg] Left lines: 1, Right lines: 4
[6b784eee-0a5a2c89.jpg] Left lines: 10, Right lines: 0
[6b784eee-0a5a2c89.jpg] Left lines: 2, Right lines: 0
[6bb5a881-15e5c2c4.jpg] Left lines: 8, Right lines: 13
[6bb5a881-15e5c2c4.jpg] Left lines: 4, Right lines: 0
[6bd41587-d65ba5b4.jpg] Left lines: 4, Right lines: 2
[6bd41587-d65ba5b4.jpg] Left lines: 2, Right lines: 2
[6d0d7bef-fb11b6e1.jpg] Left lines: 8, Right lines: 0
[6d0d7bef-fb11b6e1.jpg] Left lines: 4, Right lines: 0
[6d57736c-a35808b9.jpg] Left lines: 11, Right lines: 6
[6d57736c-a35808b9.jpg] Left lines: 10, Right lines: 10
[6d8a6d94-00a7ad92.jpg] Left lines: 0, Right lines: 11
[6d8a6d94-00a7ad92.jpg] Left lines: 0, Right lines: 2
[6eeed3fa-87a1b0c9.jpg] Left lines: 7, Right lines: 11
[6eeed3fa-87a1b0c9.jpg] Left lines: 4, Right lines: 11
[701992bd-8a457895.jpg] Left lines: 12, Right lines: 11
[701992bd-8a457895.jpg] Left lines: 15, Right lines: 14
[7171644d-4e74752e.jpg] Left lines: 6, Right lines: 31
[7171644d-4e74752e.jpg] Left lines: 6, Right lines: 29
[7171644d-ee92c71e.jpg] Left lines: 11, Right lines: 21
[7171644d-ee92c71e.jpg] Left lines: 11, Right lines: 18
[72f22fa5-8af4615c.jpg] Left lines: 34, Right lines: 14
[72f22fa5-8af4615c.jpg] Left lines: 23, Right lines: 13
[72fd00fe-aeadfc89.jpg] Left lines: 18, Right lines: 15
[72fd00fe-aeadfc89.jpg] Left lines: 4, Right lines: 12
[730c67a5-563e9b1f.jpg] Left lines: 0, Right lines: 0
[730c67a5-563e9b1f.jpg] Left lines: 0, Right lines: 0
[738a2bcd-7a6fde0d.jpg] Left lines: 5, Right lines: 4
[738a2bcd-7a6fde0d.jpg] Left lines: 5, Right lines: 6
[73aff960-d46366ec.jpg] Left lines: 5, Right lines: 7
[73aff960-d46366ec.jpg] Left lines: 5, Right lines: 3
[73d338d6-edf0b3db.jpg] Left lines: 0, Right lines: 0
[73d338d6-edf0b3db.jpg] Left lines: 0, Right lines: 1
[75ad1fff-77299093.jpg] Left lines: 0, Right lines: 0
[75ad1fff-77299093.jpg] Left lines: 0, Right lines: 0
[75f5f52c-6b67e736.jpg] Left lines: 14, Right lines: 6
[75f5f52c-6b67e736.jpg] Left lines: 11, Right lines: 7
[777005a8-14c739ad.jpg] Left lines: 16, Right lines: 6
[777005a8-14c739ad.jpg] Left lines: 8, Right lines: 5
[7771e03b-832e52c0.jpg] Left lines: 0, Right lines: 0
[7771e03b-832e52c0.jpg] Left lines: 0, Right lines: 0
[7771e03b-a8f9d50c.jpg] Left lines: 8, Right lines: 10
[7771e03b-a8f9d50c.jpg] Left lines: 1, Right lines: 11
[7797fea2-c37f9856.jpg] Left lines: 0, Right lines: 3
[7797fea2-c37f9856.jpg] Left lines: 0, Right lines: 2
[77bdbeb0-edb0613f.jpg] Left lines: 12, Right lines: 5
[77bdbeb0-edb0613f.jpg] Left lines: 14, Right lines: 6
[77dca577-16a39ea0.jpg] Left lines: 9, Right lines: 10
[77dca577-16a39ea0.jpg] Left lines: 7, Right lines: 10
[77f810c4-43a39c1f.jpg] Left lines: 13, Right lines: 9
[77f810c4-43a39c1f.jpg] Left lines: 5, Right lines: 6
[7814206e-8e991d51.jpg] Left lines: 19, Right lines: 10
[7814206e-8e991d51.jpg] Left lines: 22, Right lines: 8
[7814206e-ea2508d0.jpg] Left lines: 6, Right lines: 12
[7814206e-ea2508d0.jpg] Left lines: 5, Right lines: 10
[79e177bc-4d5d3acc.jpg] Left lines: 17, Right lines: 13
[79e177bc-4d5d3acc.jpg] Left lines: 7, Right lines: 18
[7aa4ff0f-9d28d8a4.jpg] Left lines: 5, Right lines: 15
[7aa4ff0f-9d28d8a4.jpg] Left lines: 5, Right lines: 12
[7ad1174c-373265eb.jpg] Left lines: 3, Right lines: 0
[7ad1174c-373265eb.jpg] Left lines: 0, Right lines: 0
[7b268b98-e0ec16c3.jpg] Left lines: 3, Right lines: 6
[7b268b98-e0ec16c3.jpg] Left lines: 2, Right lines: 5
[7c5a2048-332896ea.jpg] Left lines: 2, Right lines: 4
[7c5a2048-332896ea.jpg] Left lines: 0, Right lines: 0
[7c5d50c5-7292de37.jpg] Left lines: 9, Right lines: 21
[7c5d50c5-7292de37.jpg] Left lines: 8, Right lines: 14
[7d1fe115-936a2f47.jpg] Left lines: 7, Right lines: 10
[7d1fe115-936a2f47.jpg] Left lines: 7, Right lines: 10
[7dc2914d-a20a969a.jpg] Left lines: 10, Right lines: 11
[7dc2914d-a20a969a.jpg] Left lines: 3, Right lines: 0
[7e4ab78b-4a62c63e.jpg] Left lines: 2, Right lines: 0
[7e4ab78b-4a62c63e.jpg] Left lines: 3, Right lines: 0
[7e590c49-93f03732.jpg] Left lines: 2, Right lines: 4
[7e590c49-93f03732.jpg] Left lines: 1, Right lines: 7
[7ed57d0a-d7bcc13d.jpg] Left lines: 1, Right lines: 7
[7ed57d0a-d7bcc13d.jpg] Left lines: 1, Right lines: 6
[7f0ef682-c93899df.jpg] Left lines: 2, Right lines: 10
[7f0ef682-c93899df.jpg] Left lines: 2, Right lines: 5
[7f4ac354-777de900.jpg] Left lines: 10, Right lines: 8
[7f4ac354-777de900.jpg] Left lines: 4, Right lines: 8
[7f9bdf0d-c0e0061f.jpg] Left lines: 18, Right lines: 4
[7f9bdf0d-c0e0061f.jpg] Left lines: 17, Right lines: 2
[7fd14da9-a855494b.jpg] Left lines: 25, Right lines: 8
[7fd14da9-a855494b.jpg] Left lines: 29, Right lines: 10
[801bff84-a72998c7.jpg] Left lines: 32, Right lines: 25
[801bff84-a72998c7.jpg] Left lines: 29, Right lines: 18
[8073de38-f7eab6ec.jpg] Left lines: 16, Right lines: 16
[8073de38-f7eab6ec.jpg] Left lines: 16, Right lines: 21
[8082ea05-1a7bcd47.jpg] Left lines: 17, Right lines: 26
[8082ea05-1a7bcd47.jpg] Left lines: 13, Right lines: 15
[80ecebc0-ca9605f4.jpg] Left lines: 16, Right lines: 4
[80ecebc0-ca9605f4.jpg] Left lines: 4, Right lines: 0
[81ec3b39-1951f79e.jpg] Left lines: 14, Right lines: 10
[81ec3b39-1951f79e.jpg] Left lines: 14, Right lines: 1
[82b14c0c-79b99258.jpg] Left lines: 18, Right lines: 15
[82b14c0c-79b99258.jpg] Left lines: 12, Right lines: 14
[82b5fc3b-90cadd1b.jpg] Left lines: 8, Right lines: 17
[82b5fc3b-90cadd1b.jpg] Left lines: 6, Right lines: 15
[82f03471-8e304dd5.jpg] Left lines: 5, Right lines: 8
[82f03471-8e304dd5.jpg] Left lines: 5, Right lines: 1
[836fa13a-d6058a12.jpg] Left lines: 14, Right lines: 8
[836fa13a-d6058a12.jpg] Left lines: 12, Right lines: 3
[84fb3f59-7d5d1fa4.jpg] Left lines: 5, Right lines: 14
[84fb3f59-7d5d1fa4.jpg] Left lines: 1, Right lines: 19
[8542b4da-7795bcfd.jpg] Left lines: 15, Right lines: 14
[8542b4da-7795bcfd.jpg] Left lines: 6, Right lines: 12
[85f3f250-1fef85ac.jpg] Left lines: 14, Right lines: 18
[85f3f250-1fef85ac.jpg] Left lines: 14, Right lines: 14
[87ca2979-d5158824.jpg] Left lines: 11, Right lines: 7
[87ca2979-d5158824.jpg] Left lines: 6, Right lines: 6
[889b7dda-77f16103.jpg] Left lines: 0, Right lines: 15
[889b7dda-77f16103.jpg] Left lines: 7, Right lines: 12
[88dbf01a-d8b35dee.jpg] Left lines: 11, Right lines: 4
[88dbf01a-d8b35dee.jpg] Left lines: 11, Right lines: 4
[897223bc-6938f1ab.jpg] Left lines: 3, Right lines: 1
[897223bc-6938f1ab.jpg] Left lines: 3, Right lines: 0
[89b7454d-880eacbd.jpg] Left lines: 0, Right lines: 0
[89b7454d-880eacbd.jpg] Left lines: 0, Right lines: 0
[89e85e71-7dd0a7b6.jpg] Left lines: 20, Right lines: 43
[89e85e71-7dd0a7b6.jpg] Left lines: 27, Right lines: 18
[8a4fbffe-47866ce9.jpg] Left lines: 3, Right lines: 4
[8a4fbffe-47866ce9.jpg] Left lines: 0, Right lines: 0
[8a76c101-8bcefc32.jpg] Left lines: 1, Right lines: 16
[8a76c101-8bcefc32.jpg] Left lines: 6, Right lines: 12
[8b7ef6c4-6bbcf25f.jpg] Left lines: 13, Right lines: 12
[8b7ef6c4-6bbcf25f.jpg] Left lines: 15, Right lines: 12
[8bac644e-e0437ead.jpg] Left lines: 3, Right lines: 2
[8bac644e-e0437ead.jpg] Left lines: 1, Right lines: 1
[8c94c649-8ba62efa.jpg] Left lines: 0, Right lines: 4
[8c94c649-8ba62efa.jpg] Left lines: 0, Right lines: 4
[8c9bbaa9-34934b66.jpg] Left lines: 0, Right lines: 15
[8c9bbaa9-34934b66.jpg] Left lines: 0, Right lines: 11
[degraded] rain level_7 (300 images)
[0049e5b8-725e21a0.jpg] Left lines: 12, Right lines: 12
[0049e5b8-725e21a0.jpg] Left lines: 6, Right lines: 12
[0081e27b-17bf4a9e.jpg] Left lines: 4, Right lines: 19
[0081e27b-17bf4a9e.jpg] Left lines: 3, Right lines: 6
[00beeb02-50440dcd.jpg] Left lines: 3, Right lines: 2
[00beeb02-50440dcd.jpg] Left lines: 2, Right lines: 2
[00d4b6b7-7d0a60bf.jpg] Left lines: 0, Right lines: 0
[00d4b6b7-7d0a60bf.jpg] Left lines: 0, Right lines: 0
[01118704-2d838d7f.jpg] Left lines: 8, Right lines: 13
[01118704-2d838d7f.jpg] Left lines: 8, Right lines: 9
[0115917e-14907a6a.jpg] Left lines: 17, Right lines: 13
[0115917e-14907a6a.jpg] Left lines: 20, Right lines: 14
[02188a44-65ad27f3.jpg] Left lines: 15, Right lines: 0
[02188a44-65ad27f3.jpg] Left lines: 6, Right lines: 0
[02494b7b-079febf8.jpg] Left lines: 6, Right lines: 9
[02494b7b-079febf8.jpg] Left lines: 1, Right lines: 10
[029ffd50-dc944dba.jpg] Left lines: 6, Right lines: 10
[029ffd50-dc944dba.jpg] Left lines: 8, Right lines: 7
[0464a98b-860229d5.jpg] Left lines: 9, Right lines: 28
[0464a98b-860229d5.jpg] Left lines: 0, Right lines: 32
[051aadb7-51aad566.jpg] Left lines: 3, Right lines: 1
[051aadb7-51aad566.jpg] Left lines: 0, Right lines: 0
[051aadb7-e953bc4d.jpg] Left lines: 19, Right lines: 15
[051aadb7-e953bc4d.jpg] Left lines: 16, Right lines: 15
[05743a9b-747658e7.jpg] Left lines: 2, Right lines: 8
[05743a9b-747658e7.jpg] Left lines: 1, Right lines: 4
[057af272-6f700aef.jpg] Left lines: 15, Right lines: 11
[057af272-6f700aef.jpg] Left lines: 0, Right lines: 11
[05d62296-30c620d5.jpg] Left lines: 15, Right lines: 2
[05d62296-30c620d5.jpg] Left lines: 14, Right lines: 0
[05e5a68e-f0e05a42.jpg] Left lines: 13, Right lines: 4
[05e5a68e-f0e05a42.jpg] Left lines: 2, Right lines: 3
[05fa6494-8f436d04.jpg] Left lines: 12, Right lines: 17
[05fa6494-8f436d04.jpg] Left lines: 5, Right lines: 12
[060039d9-5218402b.jpg] Left lines: 27, Right lines: 14
[060039d9-5218402b.jpg] Left lines: 18, Right lines: 6
[064aa0d6-f75ff4d5.jpg] Left lines: 12, Right lines: 9
[064aa0d6-f75ff4d5.jpg] Left lines: 10, Right lines: 5
[07de5062-ddddcbd7.jpg] Left lines: 2, Right lines: 1
[07de5062-ddddcbd7.jpg] Left lines: 0, Right lines: 2
[088351d1-30833ddc.jpg] Left lines: 13, Right lines: 8
[088351d1-30833ddc.jpg] Left lines: 14, Right lines: 0
[08a49c01-675d3899.jpg] Left lines: 16, Right lines: 17
[08a49c01-675d3899.jpg] Left lines: 9, Right lines: 19
[08d4285a-4a25b9b6.jpg] Left lines: 6, Right lines: 15
[08d4285a-4a25b9b6.jpg] Left lines: 0, Right lines: 13
[09ac21d6-eefa8ed0.jpg] Left lines: 6, Right lines: 20
[09ac21d6-eefa8ed0.jpg] Left lines: 0, Right lines: 17
[0a0a0b1a-7c39d841.jpg] Left lines: 8, Right lines: 11
[0a0a0b1a-7c39d841.jpg] Left lines: 4, Right lines: 2
[0af6039a-f3c91319.jpg] Left lines: 30, Right lines: 8
[0af6039a-f3c91319.jpg] Left lines: 15, Right lines: 5
[0b2f5d0d-8fddc1fc.jpg] Left lines: 18, Right lines: 15
[0b2f5d0d-8fddc1fc.jpg] Left lines: 18, Right lines: 17
[0b4225f9-bfb10f88.jpg] Left lines: 7, Right lines: 3
[0b4225f9-bfb10f88.jpg] Left lines: 3, Right lines: 3
[0ba08fe3-880ae118.jpg] Left lines: 6, Right lines: 6
[0ba08fe3-880ae118.jpg] Left lines: 6, Right lines: 4
[0c2f33b9-f94d69b5.jpg] Left lines: 25, Right lines: 18
[0c2f33b9-f94d69b5.jpg] Left lines: 14, Right lines: 13
[0c984e6d-2b5d7ee4.jpg] Left lines: 0, Right lines: 0
[0c984e6d-2b5d7ee4.jpg] Left lines: 0, Right lines: 0
[0cb67a01-7cf1687e.jpg] Left lines: 8, Right lines: 0
[0cb67a01-7cf1687e.jpg] Left lines: 14, Right lines: 0
[0cc6f3e8-b4c9e348.jpg] Left lines: 14, Right lines: 20
[0cc6f3e8-b4c9e348.jpg] Left lines: 8, Right lines: 8
[0cf398b3-ce65ab64.jpg] Left lines: 7, Right lines: 11
[0cf398b3-ce65ab64.jpg] Left lines: 5, Right lines: 7
[0d3ec56a-f4cead6f.jpg] Left lines: 2, Right lines: 15
[0d3ec56a-f4cead6f.jpg] Left lines: 0, Right lines: 14
[0d61234a-542010b2.jpg] Left lines: 16, Right lines: 19
[0d61234a-542010b2.jpg] Left lines: 14, Right lines: 14
[0e442b65-b17e0b50.jpg] Left lines: 13, Right lines: 4
[0e442b65-b17e0b50.jpg] Left lines: 3, Right lines: 0
[0e5c7e92-0d9c60f0.jpg] Left lines: 13, Right lines: 16
[0e5c7e92-0d9c60f0.jpg] Left lines: 11, Right lines: 16
[0f837def-9646c091.jpg] Left lines: 8, Right lines: 8
[0f837def-9646c091.jpg] Left lines: 5, Right lines: 6
[0fba84f9-73b520ee.jpg] Left lines: 6, Right lines: 14
[0fba84f9-73b520ee.jpg] Left lines: 0, Right lines: 15
[101a0964-930eae70.jpg] Left lines: 7, Right lines: 13
[101a0964-930eae70.jpg] Left lines: 1, Right lines: 13
[10389fe8-433c740c.jpg] Left lines: 12, Right lines: 0
[10389fe8-433c740c.jpg] Left lines: 0, Right lines: 0
[10453a95-40759ac3.jpg] Left lines: 1, Right lines: 15
[10453a95-40759ac3.jpg] Left lines: 0, Right lines: 0
[1072195f-0a161ade.jpg] Left lines: 9, Right lines: 1
[1072195f-0a161ade.jpg] Left lines: 15, Right lines: 0
[1072195f-6cf88b25.jpg] Left lines: 1, Right lines: 11
[1072195f-6cf88b25.jpg] Left lines: 1, Right lines: 0
[11513e3d-150058c3.jpg] Left lines: 10, Right lines: 20
[11513e3d-150058c3.jpg] Left lines: 8, Right lines: 9
[1189ae68-1a8ad3c6.jpg] Left lines: 11, Right lines: 0
[1189ae68-1a8ad3c6.jpg] Left lines: 1, Right lines: 0
[12076ebb-c07285d7.jpg] Left lines: 9, Right lines: 9
[12076ebb-c07285d7.jpg] Left lines: 7, Right lines: 13
[125134e5-7dfc45b9.jpg] Left lines: 5, Right lines: 1
[125134e5-7dfc45b9.jpg] Left lines: 0, Right lines: 0
[12ae9ab8-794f5adc.jpg] Left lines: 35, Right lines: 17
[12ae9ab8-794f5adc.jpg] Left lines: 9, Right lines: 6
[13f61134-50021e53.jpg] Left lines: 1, Right lines: 3
[13f61134-50021e53.jpg] Left lines: 0, Right lines: 3
[14eace5a-ddf3b303.jpg] Left lines: 25, Right lines: 0
[14eace5a-ddf3b303.jpg] Left lines: 21, Right lines: 0
[1608cfe7-32da2c5d.jpg] Left lines: 1, Right lines: 0
[1608cfe7-32da2c5d.jpg] Left lines: 0, Right lines: 0
[162995f1-d2c7d259.jpg] Left lines: 19, Right lines: 1
[162995f1-d2c7d259.jpg] Left lines: 2, Right lines: 2
[16b0973f-c07b564a.jpg] Left lines: 22, Right lines: 3
[16b0973f-c07b564a.jpg] Left lines: 13, Right lines: 2
[1784d67b-6b223914.jpg] Left lines: 2, Right lines: 6
[1784d67b-6b223914.jpg] Left lines: 1, Right lines: 8
[1784d67b-d76145ce.jpg] Left lines: 4, Right lines: 0
[1784d67b-d76145ce.jpg] Left lines: 1, Right lines: 0
[188c58f3-792afc71.jpg] Left lines: 1, Right lines: 12
[188c58f3-792afc71.jpg] Left lines: 0, Right lines: 1
[193f7f3b-84bc7998.jpg] Left lines: 9, Right lines: 7
[193f7f3b-84bc7998.jpg] Left lines: 6, Right lines: 9
[194058b0-ac0616a6.jpg] Left lines: 7, Right lines: 2
[194058b0-ac0616a6.jpg] Left lines: 9, Right lines: 1
[19e56249-09c4bbc6.jpg] Left lines: 0, Right lines: 0
[19e56249-09c4bbc6.jpg] Left lines: 0, Right lines: 0
[1a71faae-d5f255fd.jpg] Left lines: 17, Right lines: 13
[1a71faae-d5f255fd.jpg] Left lines: 16, Right lines: 14
[1a8992a7-da5a8510.jpg] Left lines: 9, Right lines: 2
[1a8992a7-da5a8510.jpg] Left lines: 5, Right lines: 4
[1ac0178c-0b259360.jpg] Left lines: 0, Right lines: 0
[1ac0178c-0b259360.jpg] Left lines: 0, Right lines: 0
[1b30f76f-95aa8a06.jpg] Left lines: 14, Right lines: 8
[1b30f76f-95aa8a06.jpg] Left lines: 13, Right lines: 3
[1bda5a26-420ceea6.jpg] Left lines: 12, Right lines: 4
[1bda5a26-420ceea6.jpg] Left lines: 7, Right lines: 1
[1bf7f3d2-15f95138.jpg] Left lines: 7, Right lines: 24
[1bf7f3d2-15f95138.jpg] Left lines: 2, Right lines: 14
[1c227a12-10e5552c.jpg] Left lines: 3, Right lines: 9
[1c227a12-10e5552c.jpg] Left lines: 2, Right lines: 9
[1c227a12-ec67af93.jpg] Left lines: 11, Right lines: 9
[1c227a12-ec67af93.jpg] Left lines: 6, Right lines: 7
[1c5e9657-2e2a2863.jpg] Left lines: 2, Right lines: 1
[1c5e9657-2e2a2863.jpg] Left lines: 0, Right lines: 0
[1cb2a89b-4594573e.jpg] Left lines: 10, Right lines: 15
[1cb2a89b-4594573e.jpg] Left lines: 9, Right lines: 12
[1cf54809-c6daa5a9.jpg] Left lines: 10, Right lines: 16
[1cf54809-c6daa5a9.jpg] Left lines: 9, Right lines: 14
[1d5e05f8-5020f67d.jpg] Left lines: 28, Right lines: 9
[1d5e05f8-5020f67d.jpg] Left lines: 27, Right lines: 16
[1e57ae90-806bc767.jpg] Left lines: 5, Right lines: 30
[1e57ae90-806bc767.jpg] Left lines: 0, Right lines: 7
[1f959fdd-6ff63d34.jpg] Left lines: 3, Right lines: 13
[1f959fdd-6ff63d34.jpg] Left lines: 3, Right lines: 12
[1fa65acf-d43367bc.jpg] Left lines: 15, Right lines: 0
[1fa65acf-d43367bc.jpg] Left lines: 10, Right lines: 0
[20cfadfa-47711496.jpg] Left lines: 14, Right lines: 10
[20cfadfa-47711496.jpg] Left lines: 18, Right lines: 1
[20cfadfa-6f87fdc1.jpg] Left lines: 32, Right lines: 26
[20cfadfa-6f87fdc1.jpg] Left lines: 25, Right lines: 32
[225a1858-0e3a4b04.jpg] Left lines: 9, Right lines: 0
[225a1858-0e3a4b04.jpg] Left lines: 6, Right lines: 0
[22be2f14-59fbdca0.jpg] Left lines: 7, Right lines: 8
[22be2f14-59fbdca0.jpg] Left lines: 0, Right lines: 13
[23333f35-0cbc3f0f.jpg] Left lines: 4, Right lines: 0
[23333f35-0cbc3f0f.jpg] Left lines: 5, Right lines: 0
[23df146f-64b50e4c.jpg] Left lines: 10, Right lines: 24
[23df146f-64b50e4c.jpg] Left lines: 2, Right lines: 28
[24392d7c-998011c2.jpg] Left lines: 0, Right lines: 0
[24392d7c-998011c2.jpg] Left lines: 0, Right lines: 0
[250e7595-b14da270.jpg] Left lines: 27, Right lines: 11
[250e7595-b14da270.jpg] Left lines: 17, Right lines: 11
[26190b83-39ccb412.jpg] Left lines: 0, Right lines: 21
[26190b83-39ccb412.jpg] Left lines: 2, Right lines: 16
[272d52f6-8aac36b3.jpg] Left lines: 7, Right lines: 1
[272d52f6-8aac36b3.jpg] Left lines: 5, Right lines: 0
[2752681a-e813599a.jpg] Left lines: 2, Right lines: 3
[2752681a-e813599a.jpg] Left lines: 1, Right lines: 5
[27645526-f038b033.jpg] Left lines: 31, Right lines: 2
[27645526-f038b033.jpg] Left lines: 25, Right lines: 2
[2773af6f-23e23a6b.jpg] Left lines: 3, Right lines: 0
[2773af6f-23e23a6b.jpg] Left lines: 1, Right lines: 0
[28faf684-03ef4c6e.jpg] Left lines: 14, Right lines: 14
[28faf684-03ef4c6e.jpg] Left lines: 9, Right lines: 13
[292720ee-d847ee69.jpg] Left lines: 6, Right lines: 5
[292720ee-d847ee69.jpg] Left lines: 0, Right lines: 2
[2b54fe2d-c5b810e6.jpg] Left lines: 25, Right lines: 6
[2b54fe2d-c5b810e6.jpg] Left lines: 20, Right lines: 6
[2b605c48-8dfe352b.jpg] Left lines: 8, Right lines: 40
[2b605c48-8dfe352b.jpg] Left lines: 7, Right lines: 24
[2beccce2-354608e2.jpg] Left lines: 10, Right lines: 7
[2beccce2-354608e2.jpg] Left lines: 2, Right lines: 2
[2c87e51d-aa7a8031.jpg] Left lines: 5, Right lines: 0
[2c87e51d-aa7a8031.jpg] Left lines: 1, Right lines: 0
[2ce0b449-e818dc97.jpg] Left lines: 2, Right lines: 3
[2ce0b449-e818dc97.jpg] Left lines: 0, Right lines: 0
[2cf976a2-479cd46b.jpg] Left lines: 13, Right lines: 9
[2cf976a2-479cd46b.jpg] Left lines: 7, Right lines: 4
[2e2fae77-b7497ca0.jpg] Left lines: 2, Right lines: 0
[2e2fae77-b7497ca0.jpg] Left lines: 0, Right lines: 0
[2ead8042-2493c03f.jpg] Left lines: 5, Right lines: 7
[2ead8042-2493c03f.jpg] Left lines: 5, Right lines: 7
[2f1864c1-1a17d11c.jpg] Left lines: 1, Right lines: 0
[2f1864c1-1a17d11c.jpg] Left lines: 0, Right lines: 1
[2f879dc0-b09e4824.jpg] Left lines: 16, Right lines: 11
[2f879dc0-b09e4824.jpg] Left lines: 10, Right lines: 15
[2fc9ad1e-ee4c9e43.jpg] Left lines: 14, Right lines: 5
[2fc9ad1e-ee4c9e43.jpg] Left lines: 10, Right lines: 0
[3050b249-0ffbd6ec.jpg] Left lines: 0, Right lines: 1
[3050b249-0ffbd6ec.jpg] Left lines: 0, Right lines: 0
[314cc010-3eab5c90.jpg] Left lines: 0, Right lines: 9
[314cc010-3eab5c90.jpg] Left lines: 0, Right lines: 9
[31765c6b-90b0d612.jpg] Left lines: 1, Right lines: 0
[31765c6b-90b0d612.jpg] Left lines: 0, Right lines: 0
[31cf6eba-5c84c636.jpg] Left lines: 12, Right lines: 7
[31cf6eba-5c84c636.jpg] Left lines: 2, Right lines: 8
[32de2244-122f1783.jpg] Left lines: 4, Right lines: 18
[32de2244-122f1783.jpg] Left lines: 8, Right lines: 6
[33420085-32996107.jpg] Left lines: 37, Right lines: 11
[33420085-32996107.jpg] Left lines: 19, Right lines: 11
[3430a5e6-00ec38d2.jpg] Left lines: 12, Right lines: 10
[3430a5e6-00ec38d2.jpg] Left lines: 12, Right lines: 7
[35eb46d0-8f7e28a0.jpg] Left lines: 14, Right lines: 21
[35eb46d0-8f7e28a0.jpg] Left lines: 13, Right lines: 14
[3735fc3d-69d8b80c.jpg] Left lines: 1, Right lines: 0
[3735fc3d-69d8b80c.jpg] Left lines: 0, Right lines: 0
[3740cd4f-ff1d423d.jpg] Left lines: 14, Right lines: 11
[3740cd4f-ff1d423d.jpg] Left lines: 12, Right lines: 7
[375abba2-9f2ed56c.jpg] Left lines: 1, Right lines: 5
[375abba2-9f2ed56c.jpg] Left lines: 0, Right lines: 2
[37723e55-31730cf5.jpg] Left lines: 0, Right lines: 2
[37723e55-31730cf5.jpg] Left lines: 0, Right lines: 1
[380a3f8e-ba4f0def.jpg] Left lines: 9, Right lines: 5
[380a3f8e-ba4f0def.jpg] Left lines: 2, Right lines: 1
[385b0f61-1aee12ef.jpg] Left lines: 2, Right lines: 0
[385b0f61-1aee12ef.jpg] Left lines: 2, Right lines: 0
[3865fea7-b4fe472d.jpg] Left lines: 18, Right lines: 8
[3865fea7-b4fe472d.jpg] Left lines: 14, Right lines: 0
[38e561dd-8ea8ae2d.jpg] Left lines: 6, Right lines: 18
[38e561dd-8ea8ae2d.jpg] Left lines: 9, Right lines: 16
[38ed8d8d-93c48de2.jpg] Left lines: 2, Right lines: 6
[38ed8d8d-93c48de2.jpg] Left lines: 0, Right lines: 7
[38ed8d8d-b1c230ef.jpg] Left lines: 5, Right lines: 4
[38ed8d8d-b1c230ef.jpg] Left lines: 3, Right lines: 4
[38ed8d8d-fa50400c.jpg] Left lines: 9, Right lines: 27
[38ed8d8d-fa50400c.jpg] Left lines: 9, Right lines: 11
[3900ad8c-8834019f.jpg] Left lines: 2, Right lines: 3
[3900ad8c-8834019f.jpg] Left lines: 1, Right lines: 1
[39ddb110-04604b9c.jpg] Left lines: 2, Right lines: 10
[39ddb110-04604b9c.jpg] Left lines: 1, Right lines: 11
[39fc6d1c-6155351d.jpg] Left lines: 0, Right lines: 10
[39fc6d1c-6155351d.jpg] Left lines: 0, Right lines: 9
[3a278d39-b92df256.jpg] Left lines: 15, Right lines: 15
[3a278d39-b92df256.jpg] Left lines: 15, Right lines: 12
[3a3407a2-df8ea956.jpg] Left lines: 13, Right lines: 11
[3a3407a2-df8ea956.jpg] Left lines: 4, Right lines: 0
[3ad0c4a7-2a3d544e.jpg] Left lines: 0, Right lines: 2
[3ad0c4a7-2a3d544e.jpg] Left lines: 1, Right lines: 2
[3b1e1bc1-ee64e36e.jpg] Left lines: 7, Right lines: 5
[3b1e1bc1-ee64e36e.jpg] Left lines: 7, Right lines: 2
[3b44ef5a-c09e8479.jpg] Left lines: 29, Right lines: 1
[3b44ef5a-c09e8479.jpg] Left lines: 30, Right lines: 1
[3b563c5e-0102edaf.jpg] Left lines: 4, Right lines: 21
[3b563c5e-0102edaf.jpg] Left lines: 3, Right lines: 7
[3b9716a6-d2566395.jpg] Left lines: 2, Right lines: 7
[3b9716a6-d2566395.jpg] Left lines: 0, Right lines: 0
[3c0bbdc2-79baffce.jpg] Left lines: 18, Right lines: 12
[3c0bbdc2-79baffce.jpg] Left lines: 15, Right lines: 9
[3c5752b6-9c0bdf98.jpg] Left lines: 1, Right lines: 3
[3c5752b6-9c0bdf98.jpg] Left lines: 0, Right lines: 2
[3c95ae26-68abac3f.jpg] Left lines: 0, Right lines: 0
[3c95ae26-68abac3f.jpg] Left lines: 0, Right lines: 0
[3e0f1745-a95a63ad.jpg] Left lines: 5, Right lines: 19
[3e0f1745-a95a63ad.jpg] Left lines: 3, Right lines: 21
[3f4eb6a6-9eee52f9.jpg] Left lines: 8, Right lines: 15
[3f4eb6a6-9eee52f9.jpg] Left lines: 4, Right lines: 6
[3f85a987-1ef4053b.jpg] Left lines: 0, Right lines: 0
[3f85a987-1ef4053b.jpg] Left lines: 0, Right lines: 0
[3fe1feaa-10126fec.jpg] Left lines: 0, Right lines: 0
[3fe1feaa-10126fec.jpg] Left lines: 0, Right lines: 0
[3ffdaa26-b394f6f8.jpg] Left lines: 0, Right lines: 14
[3ffdaa26-b394f6f8.jpg] Left lines: 0, Right lines: 2
[4027c10d-41d54e9b.jpg] Left lines: 6, Right lines: 16
[4027c10d-41d54e9b.jpg] Left lines: 5, Right lines: 8
[428e99ea-4166e549.jpg] Left lines: 3, Right lines: 11
[428e99ea-4166e549.jpg] Left lines: 4, Right lines: 1
[42e0dd11-74b81997.jpg] Left lines: 2, Right lines: 23
[42e0dd11-74b81997.jpg] Left lines: 1, Right lines: 12
[430395d1-931c959e.jpg] Left lines: 9, Right lines: 6
[430395d1-931c959e.jpg] Left lines: 13, Right lines: 3
[43126e0d-495d04a5.jpg] Left lines: 8, Right lines: 13
[43126e0d-495d04a5.jpg] Left lines: 6, Right lines: 2
[43126e0d-cce96832.jpg] Left lines: 22, Right lines: 7
[43126e0d-cce96832.jpg] Left lines: 19, Right lines: 2
[432f9e20-83a0d96c.jpg] Left lines: 17, Right lines: 14
[432f9e20-83a0d96c.jpg] Left lines: 13, Right lines: 14
[43c7ed5c-b0690325.jpg] Left lines: 2, Right lines: 4
[43c7ed5c-b0690325.jpg] Left lines: 2, Right lines: 6
[44cc16d9-d2e06fd6.jpg] Left lines: 5, Right lines: 7
[44cc16d9-d2e06fd6.jpg] Left lines: 6, Right lines: 5
[45bafa98-1ee18a2f.jpg] Left lines: 0, Right lines: 1
[45bafa98-1ee18a2f.jpg] Left lines: 0, Right lines: 0
[46d048a1-8f7f385c.jpg] Left lines: 4, Right lines: 11
[46d048a1-8f7f385c.jpg] Left lines: 3, Right lines: 8
[46f76df9-8bf77914.jpg] Left lines: 9, Right lines: 11
[46f76df9-8bf77914.jpg] Left lines: 9, Right lines: 15
[480263a0-5aad7ae9.jpg] Left lines: 1, Right lines: 35
[480263a0-5aad7ae9.jpg] Left lines: 0, Right lines: 31
[488480d6-b94cf415.jpg] Left lines: 9, Right lines: 17
[488480d6-b94cf415.jpg] Left lines: 3, Right lines: 10
[48ed707e-5062e4c3.jpg] Left lines: 0, Right lines: 0
[48ed707e-5062e4c3.jpg] Left lines: 0, Right lines: 0
[4a289ff2-7da7feb6.jpg] Left lines: 0, Right lines: 1
[4a289ff2-7da7feb6.jpg] Left lines: 0, Right lines: 3
[4a31f3e3-ac7ed780.jpg] Left lines: 8, Right lines: 0
[4a31f3e3-ac7ed780.jpg] Left lines: 2, Right lines: 0
[4b2e1dde-65b54419.jpg] Left lines: 7, Right lines: 10
[4b2e1dde-65b54419.jpg] Left lines: 6, Right lines: 13
[4d4a590b-4332c5ab.jpg] Left lines: 2, Right lines: 0
[4d4a590b-4332c5ab.jpg] Left lines: 1, Right lines: 6
[5069db50-52f5af30.jpg] Left lines: 13, Right lines: 10
[5069db50-52f5af30.jpg] Left lines: 8, Right lines: 10
[50866f46-30d1f303.jpg] Left lines: 12, Right lines: 23
[50866f46-30d1f303.jpg] Left lines: 11, Right lines: 16
[50b115d6-4b08a666.jpg] Left lines: 19, Right lines: 10
[50b115d6-4b08a666.jpg] Left lines: 12, Right lines: 10
[50b2e757-6c7d0f63.jpg] Left lines: 5, Right lines: 0
[50b2e757-6c7d0f63.jpg] Left lines: 3, Right lines: 0
[50d0fd05-8db58ebd.jpg] Left lines: 3, Right lines: 1
[50d0fd05-8db58ebd.jpg] Left lines: 7, Right lines: 1
[510671e9-603795e0.jpg] Left lines: 17, Right lines: 27
[510671e9-603795e0.jpg] Left lines: 10, Right lines: 14
[514a6d58-0790e0cd.jpg] Left lines: 0, Right lines: 2
[514a6d58-0790e0cd.jpg] Left lines: 0, Right lines: 0
[5150bb50-300d52ce.jpg] Left lines: 7, Right lines: 15
[5150bb50-300d52ce.jpg] Left lines: 6, Right lines: 16
[52799e9e-8c8673f3.jpg] Left lines: 4, Right lines: 11
[52799e9e-8c8673f3.jpg] Left lines: 0, Right lines: 9
[52bda346-fd8ac6e7.jpg] Left lines: 6, Right lines: 22
[52bda346-fd8ac6e7.jpg] Left lines: 4, Right lines: 0
[534418ba-ee05398f.jpg] Left lines: 11, Right lines: 11
[534418ba-ee05398f.jpg] Left lines: 12, Right lines: 10
[54360b72-e00a3f70.jpg] Left lines: 16, Right lines: 27
[54360b72-e00a3f70.jpg] Left lines: 16, Right lines: 33
[554d7cd5-a32486dd.jpg] Left lines: 1, Right lines: 17
[554d7cd5-a32486dd.jpg] Left lines: 0, Right lines: 13
[559fed19-7893646f.jpg] Left lines: 6, Right lines: 12
[559fed19-7893646f.jpg] Left lines: 0, Right lines: 4
[57165857-e4d4a47f.jpg] Left lines: 1, Right lines: 0
[57165857-e4d4a47f.jpg] Left lines: 1, Right lines: 0
[5795bfe7-a599384a.jpg] Left lines: 0, Right lines: 4
[5795bfe7-a599384a.jpg] Left lines: 0, Right lines: 1
[57ac74e2-e86131f1.jpg] Left lines: 2, Right lines: 18
[57ac74e2-e86131f1.jpg] Left lines: 0, Right lines: 12
[57b495f2-6da6b1e5.jpg] Left lines: 4, Right lines: 3
[57b495f2-6da6b1e5.jpg] Left lines: 3, Right lines: 3
[585443c8-2621a6b1.jpg] Left lines: 7, Right lines: 11
[585443c8-2621a6b1.jpg] Left lines: 8, Right lines: 8
[5877b384-2545daf4.jpg] Left lines: 9, Right lines: 4
[5877b384-2545daf4.jpg] Left lines: 9, Right lines: 3
[587bb1bf-1aa00fe5.jpg] Left lines: 23, Right lines: 14
[587bb1bf-1aa00fe5.jpg] Left lines: 11, Right lines: 3
[5995c288-2d152172.jpg] Left lines: 16, Right lines: 1
[5995c288-2d152172.jpg] Left lines: 7, Right lines: 0
[59cde7c7-344bffb1.jpg] Left lines: 3, Right lines: 0
[59cde7c7-344bffb1.jpg] Left lines: 3, Right lines: 0
[5a8f9b5d-1fdfd2d4.jpg] Left lines: 16, Right lines: 2
[5a8f9b5d-1fdfd2d4.jpg] Left lines: 21, Right lines: 4
[5ae83f9c-da990b49.jpg] Left lines: 10, Right lines: 16
[5ae83f9c-da990b49.jpg] Left lines: 8, Right lines: 10
[5b2b4881-67a6cb87.jpg] Left lines: 3, Right lines: 2
[5b2b4881-67a6cb87.jpg] Left lines: 2, Right lines: 2
[5b2fd56a-37759b05.jpg] Left lines: 2, Right lines: 0
[5b2fd56a-37759b05.jpg] Left lines: 0, Right lines: 0
[5b4b0b07-2fb56b82.jpg] Left lines: 11, Right lines: 19
[5b4b0b07-2fb56b82.jpg] Left lines: 9, Right lines: 0
[5bc44a50-c371c4d0.jpg] Left lines: 13, Right lines: 7
[5bc44a50-c371c4d0.jpg] Left lines: 8, Right lines: 8
[5c4004b7-bf3b7941.jpg] Left lines: 11, Right lines: 9
[5c4004b7-bf3b7941.jpg] Left lines: 11, Right lines: 9
[5c534f5f-a76c7f4b.jpg] Left lines: 13, Right lines: 5
[5c534f5f-a76c7f4b.jpg] Left lines: 13, Right lines: 5
[5c5dc708-35460444.jpg] Left lines: 0, Right lines: 7
[5c5dc708-35460444.jpg] Left lines: 0, Right lines: 1
[5da6c6b6-76c54605.jpg] Left lines: 0, Right lines: 0
[5da6c6b6-76c54605.jpg] Left lines: 0, Right lines: 0
[5dc5141c-5890b5b1.jpg] Left lines: 1, Right lines: 5
[5dc5141c-5890b5b1.jpg] Left lines: 0, Right lines: 0
[5dd831da-bd00cf03.jpg] Left lines: 13, Right lines: 13
[5dd831da-bd00cf03.jpg] Left lines: 2, Right lines: 2
[5dfb063f-7bd23d5c.jpg] Left lines: 10, Right lines: 9
[5dfb063f-7bd23d5c.jpg] Left lines: 9, Right lines: 7
[5e0b701e-d443d8c2.jpg] Left lines: 5, Right lines: 11
[5e0b701e-d443d8c2.jpg] Left lines: 2, Right lines: 1
[5e26f49d-0bc53c7e.jpg] Left lines: 3, Right lines: 0
[5e26f49d-0bc53c7e.jpg] Left lines: 0, Right lines: 0
[5e26f49d-9271bf00.jpg] Left lines: 1, Right lines: 4
[5e26f49d-9271bf00.jpg] Left lines: 0, Right lines: 4
[5e625ec3-7b4fc682.jpg] Left lines: 6, Right lines: 10
[5e625ec3-7b4fc682.jpg] Left lines: 4, Right lines: 7
[5f9387ff-330136ae.jpg] Left lines: 1, Right lines: 3
[5f9387ff-330136ae.jpg] Left lines: 0, Right lines: 2
[5fa17a25-88b8e6b9.jpg] Left lines: 7, Right lines: 4
[5fa17a25-88b8e6b9.jpg] Left lines: 1, Right lines: 1
[5fa422e1-2d8dd765.jpg] Left lines: 30, Right lines: 5
[5fa422e1-2d8dd765.jpg] Left lines: 24, Right lines: 5
[5fb2a702-f56a339c.jpg] Left lines: 10, Right lines: 8
[5fb2a702-f56a339c.jpg] Left lines: 9, Right lines: 6
[6011831b-0992e205.jpg] Left lines: 5, Right lines: 0
[6011831b-0992e205.jpg] Left lines: 3, Right lines: 0
[60137cc0-428b8f5b.jpg] Left lines: 9, Right lines: 8
[60137cc0-428b8f5b.jpg] Left lines: 10, Right lines: 0
[604b5b3e-3c2e6b6b.jpg] Left lines: 7, Right lines: 8
[604b5b3e-3c2e6b6b.jpg] Left lines: 2, Right lines: 9
[6092f5a2-424550ba.jpg] Left lines: 10, Right lines: 11
[6092f5a2-424550ba.jpg] Left lines: 9, Right lines: 0
[60ba25dd-6c0df417.jpg] Left lines: 0, Right lines: 7
[60ba25dd-6c0df417.jpg] Left lines: 0, Right lines: 7
[60c678e7-4813ae0f.jpg] Left lines: 12, Right lines: 0
[60c678e7-4813ae0f.jpg] Left lines: 7, Right lines: 0
[614ecada-16b0f8b6.jpg] Left lines: 10, Right lines: 20
[614ecada-16b0f8b6.jpg] Left lines: 6, Right lines: 13
[61e4ad87-53ceb455.jpg] Left lines: 28, Right lines: 6
[61e4ad87-53ceb455.jpg] Left lines: 16, Right lines: 3
[6240d7b3-b51b5788.jpg] Left lines: 0, Right lines: 2
[6240d7b3-b51b5788.jpg] Left lines: 0, Right lines: 0
[62aefb36-b685117f.jpg] Left lines: 19, Right lines: 17
[62aefb36-b685117f.jpg] Left lines: 9, Right lines: 9
[634c1785-3bb9a8a2.jpg] Left lines: 0, Right lines: 1
[634c1785-3bb9a8a2.jpg] Left lines: 0, Right lines: 0
[634c1785-aeb1652f.jpg] Left lines: 8, Right lines: 10
[634c1785-aeb1652f.jpg] Left lines: 8, Right lines: 4
[63f73472-028615f1.jpg] Left lines: 3, Right lines: 0
[63f73472-028615f1.jpg] Left lines: 1, Right lines: 0
[6485ad0a-245d1600.jpg] Left lines: 6, Right lines: 0
[6485ad0a-245d1600.jpg] Left lines: 6, Right lines: 0
[648dc925-e359dbec.jpg] Left lines: 13, Right lines: 7
[648dc925-e359dbec.jpg] Left lines: 3, Right lines: 6
[65edc5a1-f309fed7.jpg] Left lines: 16, Right lines: 17
[65edc5a1-f309fed7.jpg] Left lines: 2, Right lines: 8
[661381d9-1114a810.jpg] Left lines: 4, Right lines: 4
[661381d9-1114a810.jpg] Left lines: 2, Right lines: 1
[664cb246-f84cfaf4.jpg] Left lines: 23, Right lines: 14
[664cb246-f84cfaf4.jpg] Left lines: 12, Right lines: 11
[675cf8fa-4b1ce8b9.jpg] Left lines: 31, Right lines: 11
[675cf8fa-4b1ce8b9.jpg] Left lines: 14, Right lines: 12
[67faeadf-eb09a636.jpg] Left lines: 1, Right lines: 3
[67faeadf-eb09a636.jpg] Left lines: 0, Right lines: 4
[691be377-5dbc29ee.jpg] Left lines: 5, Right lines: 9
[691be377-5dbc29ee.jpg] Left lines: 5, Right lines: 1
[692f1303-05178963.jpg] Left lines: 6, Right lines: 4
[692f1303-05178963.jpg] Left lines: 1, Right lines: 5
[692f9b08-bdbbd729.jpg] Left lines: 22, Right lines: 8
[692f9b08-bdbbd729.jpg] Left lines: 20, Right lines: 7
[69bfbe31-5ee2a642.jpg] Left lines: 29, Right lines: 15
[69bfbe31-5ee2a642.jpg] Left lines: 25, Right lines: 13
[69cf7667-68f59649.jpg] Left lines: 12, Right lines: 9
[69cf7667-68f59649.jpg] Left lines: 13, Right lines: 10
[69cf7667-7eb40860.jpg] Left lines: 21, Right lines: 6
[69cf7667-7eb40860.jpg] Left lines: 3, Right lines: 7
[6a44fb9a-05a3dd18.jpg] Left lines: 30, Right lines: 11
[6a44fb9a-05a3dd18.jpg] Left lines: 22, Right lines: 12
[6a793e80-4f5e207f.jpg] Left lines: 10, Right lines: 3
[6a793e80-4f5e207f.jpg] Left lines: 12, Right lines: 2
[6a82c0d6-b31f6b90.jpg] Left lines: 0, Right lines: 4
[6a82c0d6-b31f6b90.jpg] Left lines: 0, Right lines: 3
[6a8d218d-14e4fa28.jpg] Left lines: 8, Right lines: 3
[6a8d218d-14e4fa28.jpg] Left lines: 0, Right lines: 2
[6ad110c3-789e7724.jpg] Left lines: 31, Right lines: 13
[6ad110c3-789e7724.jpg] Left lines: 19, Right lines: 10
[6b15392a-3a1699fd.jpg] Left lines: 0, Right lines: 1
[6b15392a-3a1699fd.jpg] Left lines: 0, Right lines: 2
[6b784eee-0a5a2c89.jpg] Left lines: 12, Right lines: 0
[6b784eee-0a5a2c89.jpg] Left lines: 0, Right lines: 0
[6bb5a881-15e5c2c4.jpg] Left lines: 5, Right lines: 12
[6bb5a881-15e5c2c4.jpg] Left lines: 2, Right lines: 0
[6bd41587-d65ba5b4.jpg] Left lines: 1, Right lines: 3
[6bd41587-d65ba5b4.jpg] Left lines: 0, Right lines: 0
[6d0d7bef-fb11b6e1.jpg] Left lines: 8, Right lines: 0
[6d0d7bef-fb11b6e1.jpg] Left lines: 2, Right lines: 0
[6d57736c-a35808b9.jpg] Left lines: 14, Right lines: 5
[6d57736c-a35808b9.jpg] Left lines: 10, Right lines: 6
[6d8a6d94-00a7ad92.jpg] Left lines: 0, Right lines: 10
[6d8a6d94-00a7ad92.jpg] Left lines: 0, Right lines: 3
[6eeed3fa-87a1b0c9.jpg] Left lines: 4, Right lines: 10
[6eeed3fa-87a1b0c9.jpg] Left lines: 0, Right lines: 2
[701992bd-8a457895.jpg] Left lines: 17, Right lines: 16
[701992bd-8a457895.jpg] Left lines: 6, Right lines: 17
[7171644d-4e74752e.jpg] Left lines: 5, Right lines: 33
[7171644d-4e74752e.jpg] Left lines: 6, Right lines: 25
[7171644d-ee92c71e.jpg] Left lines: 13, Right lines: 19
[7171644d-ee92c71e.jpg] Left lines: 12, Right lines: 20
[72f22fa5-8af4615c.jpg] Left lines: 33, Right lines: 16
[72f22fa5-8af4615c.jpg] Left lines: 15, Right lines: 10
[72fd00fe-aeadfc89.jpg] Left lines: 6, Right lines: 18
[72fd00fe-aeadfc89.jpg] Left lines: 2, Right lines: 11
[730c67a5-563e9b1f.jpg] Left lines: 0, Right lines: 0
[730c67a5-563e9b1f.jpg] Left lines: 0, Right lines: 0
[738a2bcd-7a6fde0d.jpg] Left lines: 5, Right lines: 4
[738a2bcd-7a6fde0d.jpg] Left lines: 4, Right lines: 3
[73aff960-d46366ec.jpg] Left lines: 5, Right lines: 0
[73aff960-d46366ec.jpg] Left lines: 6, Right lines: 0
[73d338d6-edf0b3db.jpg] Left lines: 0, Right lines: 0
[73d338d6-edf0b3db.jpg] Left lines: 0, Right lines: 0
[75ad1fff-77299093.jpg] Left lines: 0, Right lines: 0
[75ad1fff-77299093.jpg] Left lines: 0, Right lines: 0
[75f5f52c-6b67e736.jpg] Left lines: 12, Right lines: 6
[75f5f52c-6b67e736.jpg] Left lines: 11, Right lines: 2
[777005a8-14c739ad.jpg] Left lines: 14, Right lines: 3
[777005a8-14c739ad.jpg] Left lines: 6, Right lines: 3
[7771e03b-832e52c0.jpg] Left lines: 0, Right lines: 0
[7771e03b-832e52c0.jpg] Left lines: 0, Right lines: 0
[7771e03b-a8f9d50c.jpg] Left lines: 1, Right lines: 10
[7771e03b-a8f9d50c.jpg] Left lines: 0, Right lines: 8
[7797fea2-c37f9856.jpg] Left lines: 1, Right lines: 1
[7797fea2-c37f9856.jpg] Left lines: 0, Right lines: 2
[77bdbeb0-edb0613f.jpg] Left lines: 15, Right lines: 5
[77bdbeb0-edb0613f.jpg] Left lines: 11, Right lines: 5
[77dca577-16a39ea0.jpg] Left lines: 7, Right lines: 11
[77dca577-16a39ea0.jpg] Left lines: 7, Right lines: 5
[77f810c4-43a39c1f.jpg] Left lines: 8, Right lines: 0
[77f810c4-43a39c1f.jpg] Left lines: 3, Right lines: 0
[7814206e-8e991d51.jpg] Left lines: 22, Right lines: 9
[7814206e-8e991d51.jpg] Left lines: 15, Right lines: 8
[7814206e-ea2508d0.jpg] Left lines: 6, Right lines: 10
[7814206e-ea2508d0.jpg] Left lines: 3, Right lines: 8
[79e177bc-4d5d3acc.jpg] Left lines: 10, Right lines: 15
[79e177bc-4d5d3acc.jpg] Left lines: 3, Right lines: 14
[7aa4ff0f-9d28d8a4.jpg] Left lines: 5, Right lines: 12
[7aa4ff0f-9d28d8a4.jpg] Left lines: 4, Right lines: 14
[7ad1174c-373265eb.jpg] Left lines: 1, Right lines: 0
[7ad1174c-373265eb.jpg] Left lines: 0, Right lines: 0
[7b268b98-e0ec16c3.jpg] Left lines: 4, Right lines: 2
[7b268b98-e0ec16c3.jpg] Left lines: 4, Right lines: 1
[7c5a2048-332896ea.jpg] Left lines: 1, Right lines: 3
[7c5a2048-332896ea.jpg] Left lines: 0, Right lines: 1
[7c5d50c5-7292de37.jpg] Left lines: 8, Right lines: 17
[7c5d50c5-7292de37.jpg] Left lines: 9, Right lines: 13
[7d1fe115-936a2f47.jpg] Left lines: 6, Right lines: 14
[7d1fe115-936a2f47.jpg] Left lines: 9, Right lines: 11
[7dc2914d-a20a969a.jpg] Left lines: 8, Right lines: 0
[7dc2914d-a20a969a.jpg] Left lines: 2, Right lines: 0
[7e4ab78b-4a62c63e.jpg] Left lines: 4, Right lines: 0
[7e4ab78b-4a62c63e.jpg] Left lines: 4, Right lines: 0
[7e590c49-93f03732.jpg] Left lines: 4, Right lines: 3
[7e590c49-93f03732.jpg] Left lines: 0, Right lines: 4
[7ed57d0a-d7bcc13d.jpg] Left lines: 5, Right lines: 5
[7ed57d0a-d7bcc13d.jpg] Left lines: 0, Right lines: 4
[7f0ef682-c93899df.jpg] Left lines: 3, Right lines: 17
[7f0ef682-c93899df.jpg] Left lines: 0, Right lines: 9
[7f4ac354-777de900.jpg] Left lines: 5, Right lines: 13
[7f4ac354-777de900.jpg] Left lines: 2, Right lines: 5
[7f9bdf0d-c0e0061f.jpg] Left lines: 20, Right lines: 0
[7f9bdf0d-c0e0061f.jpg] Left lines: 14, Right lines: 0
[7fd14da9-a855494b.jpg] Left lines: 26, Right lines: 11
[7fd14da9-a855494b.jpg] Left lines: 22, Right lines: 10
[801bff84-a72998c7.jpg] Left lines: 40, Right lines: 21
[801bff84-a72998c7.jpg] Left lines: 34, Right lines: 15
[8073de38-f7eab6ec.jpg] Left lines: 16, Right lines: 27
[8073de38-f7eab6ec.jpg] Left lines: 14, Right lines: 15
[8082ea05-1a7bcd47.jpg] Left lines: 21, Right lines: 23
[8082ea05-1a7bcd47.jpg] Left lines: 9, Right lines: 9
[80ecebc0-ca9605f4.jpg] Left lines: 12, Right lines: 0
[80ecebc0-ca9605f4.jpg] Left lines: 5, Right lines: 0
[81ec3b39-1951f79e.jpg] Left lines: 11, Right lines: 12
[81ec3b39-1951f79e.jpg] Left lines: 12, Right lines: 0
[82b14c0c-79b99258.jpg] Left lines: 15, Right lines: 14
[82b14c0c-79b99258.jpg] Left lines: 8, Right lines: 15
[82b5fc3b-90cadd1b.jpg] Left lines: 5, Right lines: 16
[82b5fc3b-90cadd1b.jpg] Left lines: 0, Right lines: 11
[82f03471-8e304dd5.jpg] Left lines: 4, Right lines: 4
[82f03471-8e304dd5.jpg] Left lines: 3, Right lines: 3
[836fa13a-d6058a12.jpg] Left lines: 9, Right lines: 4
[836fa13a-d6058a12.jpg] Left lines: 10, Right lines: 0
[84fb3f59-7d5d1fa4.jpg] Left lines: 5, Right lines: 16
[84fb3f59-7d5d1fa4.jpg] Left lines: 5, Right lines: 16
[8542b4da-7795bcfd.jpg] Left lines: 13, Right lines: 15
[8542b4da-7795bcfd.jpg] Left lines: 6, Right lines: 11
[85f3f250-1fef85ac.jpg] Left lines: 16, Right lines: 18
[85f3f250-1fef85ac.jpg] Left lines: 16, Right lines: 15
[87ca2979-d5158824.jpg] Left lines: 9, Right lines: 8
[87ca2979-d5158824.jpg] Left lines: 6, Right lines: 6
[889b7dda-77f16103.jpg] Left lines: 8, Right lines: 24
[889b7dda-77f16103.jpg] Left lines: 0, Right lines: 14
[88dbf01a-d8b35dee.jpg] Left lines: 11, Right lines: 5
[88dbf01a-d8b35dee.jpg] Left lines: 6, Right lines: 4
[897223bc-6938f1ab.jpg] Left lines: 3, Right lines: 1
[897223bc-6938f1ab.jpg] Left lines: 1, Right lines: 0
[89b7454d-880eacbd.jpg] Left lines: 0, Right lines: 0
[89b7454d-880eacbd.jpg] Left lines: 0, Right lines: 0
[89e85e71-7dd0a7b6.jpg] Left lines: 20, Right lines: 20
[89e85e71-7dd0a7b6.jpg] Left lines: 29, Right lines: 14
[8a4fbffe-47866ce9.jpg] Left lines: 10, Right lines: 4
[8a4fbffe-47866ce9.jpg] Left lines: 0, Right lines: 0
[8a76c101-8bcefc32.jpg] Left lines: 0, Right lines: 17
[8a76c101-8bcefc32.jpg] Left lines: 2, Right lines: 14
[8b7ef6c4-6bbcf25f.jpg] Left lines: 11, Right lines: 15
[8b7ef6c4-6bbcf25f.jpg] Left lines: 13, Right lines: 13
[8bac644e-e0437ead.jpg] Left lines: 0, Right lines: 1
[8bac644e-e0437ead.jpg] Left lines: 1, Right lines: 2
[8c94c649-8ba62efa.jpg] Left lines: 7, Right lines: 7
[8c94c649-8ba62efa.jpg] Left lines: 0, Right lines: 1
[8c9bbaa9-34934b66.jpg] Left lines: 0, Right lines: 16
[8c9bbaa9-34934b66.jpg] Left lines: 0, Right lines: 12
[degraded] rain level_8 (300 images)
[0049e5b8-725e21a0.jpg] Left lines: 12, Right lines: 14
[0049e5b8-725e21a0.jpg] Left lines: 7, Right lines: 15
[0081e27b-17bf4a9e.jpg] Left lines: 3, Right lines: 10
[0081e27b-17bf4a9e.jpg] Left lines: 2, Right lines: 5
[00beeb02-50440dcd.jpg] Left lines: 1, Right lines: 2
[00beeb02-50440dcd.jpg] Left lines: 4, Right lines: 2
[00d4b6b7-7d0a60bf.jpg] Left lines: 0, Right lines: 0
[00d4b6b7-7d0a60bf.jpg] Left lines: 0, Right lines: 0
[01118704-2d838d7f.jpg] Left lines: 10, Right lines: 15
[01118704-2d838d7f.jpg] Left lines: 9, Right lines: 6
[0115917e-14907a6a.jpg] Left lines: 18, Right lines: 11
[0115917e-14907a6a.jpg] Left lines: 19, Right lines: 12
[02188a44-65ad27f3.jpg] Left lines: 6, Right lines: 0
[02188a44-65ad27f3.jpg] Left lines: 2, Right lines: 0
[02494b7b-079febf8.jpg] Left lines: 0, Right lines: 12
[02494b7b-079febf8.jpg] Left lines: 0, Right lines: 2
[029ffd50-dc944dba.jpg] Left lines: 8, Right lines: 8
[029ffd50-dc944dba.jpg] Left lines: 11, Right lines: 10
[0464a98b-860229d5.jpg] Left lines: 0, Right lines: 35
[0464a98b-860229d5.jpg] Left lines: 0, Right lines: 14
[051aadb7-51aad566.jpg] Left lines: 3, Right lines: 0
[051aadb7-51aad566.jpg] Left lines: 0, Right lines: 0
[051aadb7-e953bc4d.jpg] Left lines: 18, Right lines: 16
[051aadb7-e953bc4d.jpg] Left lines: 17, Right lines: 14
[05743a9b-747658e7.jpg] Left lines: 2, Right lines: 15
[05743a9b-747658e7.jpg] Left lines: 3, Right lines: 3
[057af272-6f700aef.jpg] Left lines: 5, Right lines: 13
[057af272-6f700aef.jpg] Left lines: 0, Right lines: 10
[05d62296-30c620d5.jpg] Left lines: 6, Right lines: 0
[05d62296-30c620d5.jpg] Left lines: 11, Right lines: 0
[05e5a68e-f0e05a42.jpg] Left lines: 0, Right lines: 4
[05e5a68e-f0e05a42.jpg] Left lines: 0, Right lines: 0
[05fa6494-8f436d04.jpg] Left lines: 6, Right lines: 14
[05fa6494-8f436d04.jpg] Left lines: 4, Right lines: 11
[060039d9-5218402b.jpg] Left lines: 31, Right lines: 4
[060039d9-5218402b.jpg] Left lines: 15, Right lines: 5
[064aa0d6-f75ff4d5.jpg] Left lines: 10, Right lines: 3
[064aa0d6-f75ff4d5.jpg] Left lines: 8, Right lines: 0
[07de5062-ddddcbd7.jpg] Left lines: 0, Right lines: 5
[07de5062-ddddcbd7.jpg] Left lines: 0, Right lines: 1
[088351d1-30833ddc.jpg] Left lines: 14, Right lines: 11
[088351d1-30833ddc.jpg] Left lines: 14, Right lines: 3
[08a49c01-675d3899.jpg] Left lines: 18, Right lines: 18
[08a49c01-675d3899.jpg] Left lines: 11, Right lines: 3
[08d4285a-4a25b9b6.jpg] Left lines: 0, Right lines: 12
[08d4285a-4a25b9b6.jpg] Left lines: 0, Right lines: 5
[09ac21d6-eefa8ed0.jpg] Left lines: 2, Right lines: 20
[09ac21d6-eefa8ed0.jpg] Left lines: 0, Right lines: 16
[0a0a0b1a-7c39d841.jpg] Left lines: 6, Right lines: 6
[0a0a0b1a-7c39d841.jpg] Left lines: 6, Right lines: 2
[0af6039a-f3c91319.jpg] Left lines: 39, Right lines: 4
[0af6039a-f3c91319.jpg] Left lines: 11, Right lines: 7
[0b2f5d0d-8fddc1fc.jpg] Left lines: 22, Right lines: 15
[0b2f5d0d-8fddc1fc.jpg] Left lines: 20, Right lines: 16
[0b4225f9-bfb10f88.jpg] Left lines: 4, Right lines: 4
[0b4225f9-bfb10f88.jpg] Left lines: 2, Right lines: 4
[0ba08fe3-880ae118.jpg] Left lines: 6, Right lines: 5
[0ba08fe3-880ae118.jpg] Left lines: 7, Right lines: 4
[0c2f33b9-f94d69b5.jpg] Left lines: 26, Right lines: 13
[0c2f33b9-f94d69b5.jpg] Left lines: 13, Right lines: 14
[0c984e6d-2b5d7ee4.jpg] Left lines: 1, Right lines: 0
[0c984e6d-2b5d7ee4.jpg] Left lines: 0, Right lines: 0
[0cb67a01-7cf1687e.jpg] Left lines: 9, Right lines: 0
[0cb67a01-7cf1687e.jpg] Left lines: 5, Right lines: 0
[0cc6f3e8-b4c9e348.jpg] Left lines: 15, Right lines: 24
[0cc6f3e8-b4c9e348.jpg] Left lines: 13, Right lines: 6
[0cf398b3-ce65ab64.jpg] Left lines: 6, Right lines: 7
[0cf398b3-ce65ab64.jpg] Left lines: 6, Right lines: 13
[0d3ec56a-f4cead6f.jpg] Left lines: 0, Right lines: 14
[0d3ec56a-f4cead6f.jpg] Left lines: 0, Right lines: 11
[0d61234a-542010b2.jpg] Left lines: 13, Right lines: 16
[0d61234a-542010b2.jpg] Left lines: 11, Right lines: 13
[0e442b65-b17e0b50.jpg] Left lines: 11, Right lines: 5
[0e442b65-b17e0b50.jpg] Left lines: 6, Right lines: 0
[0e5c7e92-0d9c60f0.jpg] Left lines: 8, Right lines: 18
[0e5c7e92-0d9c60f0.jpg] Left lines: 13, Right lines: 15
[0f837def-9646c091.jpg] Left lines: 7, Right lines: 6
[0f837def-9646c091.jpg] Left lines: 5, Right lines: 7
[0fba84f9-73b520ee.jpg] Left lines: 1, Right lines: 14
[0fba84f9-73b520ee.jpg] Left lines: 0, Right lines: 10
[101a0964-930eae70.jpg] Left lines: 8, Right lines: 14
[101a0964-930eae70.jpg] Left lines: 0, Right lines: 14
[10389fe8-433c740c.jpg] Left lines: 4, Right lines: 0
[10389fe8-433c740c.jpg] Left lines: 0, Right lines: 0
[10453a95-40759ac3.jpg] Left lines: 0, Right lines: 4
[10453a95-40759ac3.jpg] Left lines: 0, Right lines: 0
[1072195f-0a161ade.jpg] Left lines: 12, Right lines: 1
[1072195f-0a161ade.jpg] Left lines: 16, Right lines: 0
[1072195f-6cf88b25.jpg] Left lines: 2, Right lines: 8
[1072195f-6cf88b25.jpg] Left lines: 1, Right lines: 1
[11513e3d-150058c3.jpg] Left lines: 10, Right lines: 12
[11513e3d-150058c3.jpg] Left lines: 6, Right lines: 12
[1189ae68-1a8ad3c6.jpg] Left lines: 6, Right lines: 0
[1189ae68-1a8ad3c6.jpg] Left lines: 1, Right lines: 0
[12076ebb-c07285d7.jpg] Left lines: 11, Right lines: 11
[12076ebb-c07285d7.jpg] Left lines: 6, Right lines: 13
[125134e5-7dfc45b9.jpg] Left lines: 8, Right lines: 0
[125134e5-7dfc45b9.jpg] Left lines: 0, Right lines: 0
[12ae9ab8-794f5adc.jpg] Left lines: 51, Right lines: 15
[12ae9ab8-794f5adc.jpg] Left lines: 8, Right lines: 6
[13f61134-50021e53.jpg] Left lines: 7, Right lines: 9
[13f61134-50021e53.jpg] Left lines: 2, Right lines: 0
[14eace5a-ddf3b303.jpg] Left lines: 24, Right lines: 0
[14eace5a-ddf3b303.jpg] Left lines: 22, Right lines: 0
[1608cfe7-32da2c5d.jpg] Left lines: 0, Right lines: 0
[1608cfe7-32da2c5d.jpg] Left lines: 0, Right lines: 0
[162995f1-d2c7d259.jpg] Left lines: 7, Right lines: 5
[162995f1-d2c7d259.jpg] Left lines: 3, Right lines: 1
[16b0973f-c07b564a.jpg] Left lines: 20, Right lines: 2
[16b0973f-c07b564a.jpg] Left lines: 8, Right lines: 2
[1784d67b-6b223914.jpg] Left lines: 1, Right lines: 6
[1784d67b-6b223914.jpg] Left lines: 1, Right lines: 7
[1784d67b-d76145ce.jpg] Left lines: 0, Right lines: 0
[1784d67b-d76145ce.jpg] Left lines: 0, Right lines: 0
[188c58f3-792afc71.jpg] Left lines: 3, Right lines: 6
[188c58f3-792afc71.jpg] Left lines: 0, Right lines: 2
[193f7f3b-84bc7998.jpg] Left lines: 11, Right lines: 6
[193f7f3b-84bc7998.jpg] Left lines: 7, Right lines: 9
[194058b0-ac0616a6.jpg] Left lines: 5, Right lines: 6
[194058b0-ac0616a6.jpg] Left lines: 2, Right lines: 0
[19e56249-09c4bbc6.jpg] Left lines: 0, Right lines: 0
[19e56249-09c4bbc6.jpg] Left lines: 0, Right lines: 0
[1a71faae-d5f255fd.jpg] Left lines: 13, Right lines: 13
[1a71faae-d5f255fd.jpg] Left lines: 15, Right lines: 12
[1a8992a7-da5a8510.jpg] Left lines: 13, Right lines: 3
[1a8992a7-da5a8510.jpg] Left lines: 6, Right lines: 6
[1ac0178c-0b259360.jpg] Left lines: 0, Right lines: 0
[1ac0178c-0b259360.jpg] Left lines: 0, Right lines: 0
[1b30f76f-95aa8a06.jpg] Left lines: 17, Right lines: 9
[1b30f76f-95aa8a06.jpg] Left lines: 15, Right lines: 3
[1bda5a26-420ceea6.jpg] Left lines: 12, Right lines: 11
[1bda5a26-420ceea6.jpg] Left lines: 10, Right lines: 8
[1bf7f3d2-15f95138.jpg] Left lines: 3, Right lines: 17
[1bf7f3d2-15f95138.jpg] Left lines: 2, Right lines: 18
[1c227a12-10e5552c.jpg] Left lines: 8, Right lines: 11
[1c227a12-10e5552c.jpg] Left lines: 6, Right lines: 0
[1c227a12-ec67af93.jpg] Left lines: 6, Right lines: 7
[1c227a12-ec67af93.jpg] Left lines: 4, Right lines: 2
[1c5e9657-2e2a2863.jpg] Left lines: 0, Right lines: 0
[1c5e9657-2e2a2863.jpg] Left lines: 0, Right lines: 0
[1cb2a89b-4594573e.jpg] Left lines: 12, Right lines: 13
[1cb2a89b-4594573e.jpg] Left lines: 8, Right lines: 0
[1cf54809-c6daa5a9.jpg] Left lines: 12, Right lines: 17
[1cf54809-c6daa5a9.jpg] Left lines: 15, Right lines: 13
[1d5e05f8-5020f67d.jpg] Left lines: 40, Right lines: 9
[1d5e05f8-5020f67d.jpg] Left lines: 28, Right lines: 10
[1e57ae90-806bc767.jpg] Left lines: 3, Right lines: 15
[1e57ae90-806bc767.jpg] Left lines: 0, Right lines: 8
[1f959fdd-6ff63d34.jpg] Left lines: 3, Right lines: 11
[1f959fdd-6ff63d34.jpg] Left lines: 3, Right lines: 12
[1fa65acf-d43367bc.jpg] Left lines: 10, Right lines: 0
[1fa65acf-d43367bc.jpg] Left lines: 3, Right lines: 0
[20cfadfa-47711496.jpg] Left lines: 32, Right lines: 10
[20cfadfa-47711496.jpg] Left lines: 16, Right lines: 1
[20cfadfa-6f87fdc1.jpg] Left lines: 20, Right lines: 22
[20cfadfa-6f87fdc1.jpg] Left lines: 20, Right lines: 20
[225a1858-0e3a4b04.jpg] Left lines: 1, Right lines: 0
[225a1858-0e3a4b04.jpg] Left lines: 1, Right lines: 0
[22be2f14-59fbdca0.jpg] Left lines: 0, Right lines: 2
[22be2f14-59fbdca0.jpg] Left lines: 0, Right lines: 9
[23333f35-0cbc3f0f.jpg] Left lines: 5, Right lines: 0
[23333f35-0cbc3f0f.jpg] Left lines: 5, Right lines: 1
[23df146f-64b50e4c.jpg] Left lines: 1, Right lines: 22
[23df146f-64b50e4c.jpg] Left lines: 0, Right lines: 16
[24392d7c-998011c2.jpg] Left lines: 0, Right lines: 0
[24392d7c-998011c2.jpg] Left lines: 0, Right lines: 0
[250e7595-b14da270.jpg] Left lines: 14, Right lines: 14
[250e7595-b14da270.jpg] Left lines: 23, Right lines: 9
[26190b83-39ccb412.jpg] Left lines: 7, Right lines: 19
[26190b83-39ccb412.jpg] Left lines: 0, Right lines: 17
[272d52f6-8aac36b3.jpg] Left lines: 5, Right lines: 2
[272d52f6-8aac36b3.jpg] Left lines: 4, Right lines: 0
[2752681a-e813599a.jpg] Left lines: 0, Right lines: 4
[2752681a-e813599a.jpg] Left lines: 1, Right lines: 3
[27645526-f038b033.jpg] Left lines: 38, Right lines: 4
[27645526-f038b033.jpg] Left lines: 34, Right lines: 4
[2773af6f-23e23a6b.jpg] Left lines: 2, Right lines: 0
[2773af6f-23e23a6b.jpg] Left lines: 0, Right lines: 0
[28faf684-03ef4c6e.jpg] Left lines: 2, Right lines: 16
[28faf684-03ef4c6e.jpg] Left lines: 1, Right lines: 12
[292720ee-d847ee69.jpg] Left lines: 0, Right lines: 0
[292720ee-d847ee69.jpg] Left lines: 0, Right lines: 0
[2b54fe2d-c5b810e6.jpg] Left lines: 25, Right lines: 9
[2b54fe2d-c5b810e6.jpg] Left lines: 19, Right lines: 3
[2b605c48-8dfe352b.jpg] Left lines: 9, Right lines: 29
[2b605c48-8dfe352b.jpg] Left lines: 2, Right lines: 36
[2beccce2-354608e2.jpg] Left lines: 5, Right lines: 5
[2beccce2-354608e2.jpg] Left lines: 0, Right lines: 1
[2c87e51d-aa7a8031.jpg] Left lines: 4, Right lines: 2
[2c87e51d-aa7a8031.jpg] Left lines: 0, Right lines: 0
[2ce0b449-e818dc97.jpg] Left lines: 2, Right lines: 0
[2ce0b449-e818dc97.jpg] Left lines: 0, Right lines: 0
[2cf976a2-479cd46b.jpg] Left lines: 5, Right lines: 5
[2cf976a2-479cd46b.jpg] Left lines: 9, Right lines: 5
[2e2fae77-b7497ca0.jpg] Left lines: 1, Right lines: 1
[2e2fae77-b7497ca0.jpg] Left lines: 0, Right lines: 0
[2ead8042-2493c03f.jpg] Left lines: 4, Right lines: 8
[2ead8042-2493c03f.jpg] Left lines: 5, Right lines: 7
[2f1864c1-1a17d11c.jpg] Left lines: 0, Right lines: 0
[2f1864c1-1a17d11c.jpg] Left lines: 0, Right lines: 2
[2f879dc0-b09e4824.jpg] Left lines: 11, Right lines: 15
[2f879dc0-b09e4824.jpg] Left lines: 14, Right lines: 15
[2fc9ad1e-ee4c9e43.jpg] Left lines: 27, Right lines: 6
[2fc9ad1e-ee4c9e43.jpg] Left lines: 6, Right lines: 0
[3050b249-0ffbd6ec.jpg] Left lines: 0, Right lines: 0
[3050b249-0ffbd6ec.jpg] Left lines: 0, Right lines: 0
[314cc010-3eab5c90.jpg] Left lines: 0, Right lines: 9
[314cc010-3eab5c90.jpg] Left lines: 0, Right lines: 11
[31765c6b-90b0d612.jpg] Left lines: 1, Right lines: 0
[31765c6b-90b0d612.jpg] Left lines: 0, Right lines: 0
[31cf6eba-5c84c636.jpg] Left lines: 13, Right lines: 7
[31cf6eba-5c84c636.jpg] Left lines: 6, Right lines: 10
[32de2244-122f1783.jpg] Left lines: 8, Right lines: 6
[32de2244-122f1783.jpg] Left lines: 4, Right lines: 2
[33420085-32996107.jpg] Left lines: 39, Right lines: 14
[33420085-32996107.jpg] Left lines: 35, Right lines: 12
[3430a5e6-00ec38d2.jpg] Left lines: 15, Right lines: 13
[3430a5e6-00ec38d2.jpg] Left lines: 13, Right lines: 1
[35eb46d0-8f7e28a0.jpg] Left lines: 14, Right lines: 15
[35eb46d0-8f7e28a0.jpg] Left lines: 15, Right lines: 11
[3735fc3d-69d8b80c.jpg] Left lines: 0, Right lines: 0
[3735fc3d-69d8b80c.jpg] Left lines: 0, Right lines: 0
[3740cd4f-ff1d423d.jpg] Left lines: 8, Right lines: 6
[3740cd4f-ff1d423d.jpg] Left lines: 2, Right lines: 9
[375abba2-9f2ed56c.jpg] Left lines: 2, Right lines: 3
[375abba2-9f2ed56c.jpg] Left lines: 0, Right lines: 1
[37723e55-31730cf5.jpg] Left lines: 0, Right lines: 0
[37723e55-31730cf5.jpg] Left lines: 0, Right lines: 0
[380a3f8e-ba4f0def.jpg] Left lines: 7, Right lines: 2
[380a3f8e-ba4f0def.jpg] Left lines: 1, Right lines: 0
[385b0f61-1aee12ef.jpg] Left lines: 2, Right lines: 0
[385b0f61-1aee12ef.jpg] Left lines: 2, Right lines: 0
[3865fea7-b4fe472d.jpg] Left lines: 27, Right lines: 0
[3865fea7-b4fe472d.jpg] Left lines: 20, Right lines: 0
[38e561dd-8ea8ae2d.jpg] Left lines: 10, Right lines: 22
[38e561dd-8ea8ae2d.jpg] Left lines: 7, Right lines: 14
[38ed8d8d-93c48de2.jpg] Left lines: 5, Right lines: 5
[38ed8d8d-93c48de2.jpg] Left lines: 0, Right lines: 6
[38ed8d8d-b1c230ef.jpg] Left lines: 4, Right lines: 5
[38ed8d8d-b1c230ef.jpg] Left lines: 2, Right lines: 4
[38ed8d8d-fa50400c.jpg] Left lines: 6, Right lines: 22
[38ed8d8d-fa50400c.jpg] Left lines: 4, Right lines: 22
[3900ad8c-8834019f.jpg] Left lines: 6, Right lines: 1
[3900ad8c-8834019f.jpg] Left lines: 0, Right lines: 0
[39ddb110-04604b9c.jpg] Left lines: 1, Right lines: 8
[39ddb110-04604b9c.jpg] Left lines: 1, Right lines: 11
[39fc6d1c-6155351d.jpg] Left lines: 0, Right lines: 11
[39fc6d1c-6155351d.jpg] Left lines: 0, Right lines: 5
[3a278d39-b92df256.jpg] Left lines: 12, Right lines: 9
[3a278d39-b92df256.jpg] Left lines: 8, Right lines: 11
[3a3407a2-df8ea956.jpg] Left lines: 15, Right lines: 6
[3a3407a2-df8ea956.jpg] Left lines: 2, Right lines: 2
[3ad0c4a7-2a3d544e.jpg] Left lines: 2, Right lines: 3
[3ad0c4a7-2a3d544e.jpg] Left lines: 2, Right lines: 2
[3b1e1bc1-ee64e36e.jpg] Left lines: 4, Right lines: 4
[3b1e1bc1-ee64e36e.jpg] Left lines: 2, Right lines: 1
[3b44ef5a-c09e8479.jpg] Left lines: 37, Right lines: 0
[3b44ef5a-c09e8479.jpg] Left lines: 34, Right lines: 0
[3b563c5e-0102edaf.jpg] Left lines: 4, Right lines: 19
[3b563c5e-0102edaf.jpg] Left lines: 4, Right lines: 13
[3b9716a6-d2566395.jpg] Left lines: 0, Right lines: 1
[3b9716a6-d2566395.jpg] Left lines: 0, Right lines: 0
[3c0bbdc2-79baffce.jpg] Left lines: 14, Right lines: 0
[3c0bbdc2-79baffce.jpg] Left lines: 14, Right lines: 0
[3c5752b6-9c0bdf98.jpg] Left lines: 0, Right lines: 2
[3c5752b6-9c0bdf98.jpg] Left lines: 0, Right lines: 3
[3c95ae26-68abac3f.jpg] Left lines: 0, Right lines: 0
[3c95ae26-68abac3f.jpg] Left lines: 0, Right lines: 0
[3e0f1745-a95a63ad.jpg] Left lines: 6, Right lines: 13
[3e0f1745-a95a63ad.jpg] Left lines: 5, Right lines: 19
[3f4eb6a6-9eee52f9.jpg] Left lines: 7, Right lines: 9
[3f4eb6a6-9eee52f9.jpg] Left lines: 4, Right lines: 10
[3f85a987-1ef4053b.jpg] Left lines: 0, Right lines: 1
[3f85a987-1ef4053b.jpg] Left lines: 0, Right lines: 0
[3fe1feaa-10126fec.jpg] Left lines: 0, Right lines: 0
[3fe1feaa-10126fec.jpg] Left lines: 0, Right lines: 0
[3ffdaa26-b394f6f8.jpg] Left lines: 4, Right lines: 6
[3ffdaa26-b394f6f8.jpg] Left lines: 0, Right lines: 2
[4027c10d-41d54e9b.jpg] Left lines: 9, Right lines: 13
[4027c10d-41d54e9b.jpg] Left lines: 6, Right lines: 7
[428e99ea-4166e549.jpg] Left lines: 5, Right lines: 4
[428e99ea-4166e549.jpg] Left lines: 4, Right lines: 1
[42e0dd11-74b81997.jpg] Left lines: 6, Right lines: 11
[42e0dd11-74b81997.jpg] Left lines: 2, Right lines: 13
[430395d1-931c959e.jpg] Left lines: 3, Right lines: 2
[430395d1-931c959e.jpg] Left lines: 7, Right lines: 1
[43126e0d-495d04a5.jpg] Left lines: 9, Right lines: 10
[43126e0d-495d04a5.jpg] Left lines: 7, Right lines: 3
[43126e0d-cce96832.jpg] Left lines: 20, Right lines: 1
[43126e0d-cce96832.jpg] Left lines: 20, Right lines: 1
[432f9e20-83a0d96c.jpg] Left lines: 16, Right lines: 13
[432f9e20-83a0d96c.jpg] Left lines: 15, Right lines: 6
[43c7ed5c-b0690325.jpg] Left lines: 4, Right lines: 5
[43c7ed5c-b0690325.jpg] Left lines: 2, Right lines: 5
[44cc16d9-d2e06fd6.jpg] Left lines: 1, Right lines: 7
[44cc16d9-d2e06fd6.jpg] Left lines: 0, Right lines: 10
[45bafa98-1ee18a2f.jpg] Left lines: 0, Right lines: 0
[45bafa98-1ee18a2f.jpg] Left lines: 0, Right lines: 0
[46d048a1-8f7f385c.jpg] Left lines: 3, Right lines: 12
[46d048a1-8f7f385c.jpg] Left lines: 3, Right lines: 8
[46f76df9-8bf77914.jpg] Left lines: 11, Right lines: 12
[46f76df9-8bf77914.jpg] Left lines: 12, Right lines: 12
[480263a0-5aad7ae9.jpg] Left lines: 0, Right lines: 16
[480263a0-5aad7ae9.jpg] Left lines: 0, Right lines: 17
[488480d6-b94cf415.jpg] Left lines: 0, Right lines: 18
[488480d6-b94cf415.jpg] Left lines: 1, Right lines: 12
[48ed707e-5062e4c3.jpg] Left lines: 0, Right lines: 0
[48ed707e-5062e4c3.jpg] Left lines: 0, Right lines: 0
[4a289ff2-7da7feb6.jpg] Left lines: 0, Right lines: 2
[4a289ff2-7da7feb6.jpg] Left lines: 0, Right lines: 2
[4a31f3e3-ac7ed780.jpg] Left lines: 6, Right lines: 1
[4a31f3e3-ac7ed780.jpg] Left lines: 1, Right lines: 0
[4b2e1dde-65b54419.jpg] Left lines: 6, Right lines: 11
[4b2e1dde-65b54419.jpg] Left lines: 5, Right lines: 15
[4d4a590b-4332c5ab.jpg] Left lines: 2, Right lines: 0
[4d4a590b-4332c5ab.jpg] Left lines: 0, Right lines: 2
[5069db50-52f5af30.jpg] Left lines: 6, Right lines: 10
[5069db50-52f5af30.jpg] Left lines: 2, Right lines: 0
[50866f46-30d1f303.jpg] Left lines: 13, Right lines: 20
[50866f46-30d1f303.jpg] Left lines: 12, Right lines: 14
[50b115d6-4b08a666.jpg] Left lines: 15, Right lines: 12
[50b115d6-4b08a666.jpg] Left lines: 8, Right lines: 11
[50b2e757-6c7d0f63.jpg] Left lines: 2, Right lines: 1
[50b2e757-6c7d0f63.jpg] Left lines: 2, Right lines: 0
[50d0fd05-8db58ebd.jpg] Left lines: 4, Right lines: 0
[50d0fd05-8db58ebd.jpg] Left lines: 2, Right lines: 2
[510671e9-603795e0.jpg] Left lines: 21, Right lines: 34
[510671e9-603795e0.jpg] Left lines: 0, Right lines: 17
[514a6d58-0790e0cd.jpg] Left lines: 0, Right lines: 0
[514a6d58-0790e0cd.jpg] Left lines: 0, Right lines: 0
[5150bb50-300d52ce.jpg] Left lines: 12, Right lines: 17
[5150bb50-300d52ce.jpg] Left lines: 2, Right lines: 12
[52799e9e-8c8673f3.jpg] Left lines: 0, Right lines: 11
[52799e9e-8c8673f3.jpg] Left lines: 0, Right lines: 12
[52bda346-fd8ac6e7.jpg] Left lines: 3, Right lines: 20
[52bda346-fd8ac6e7.jpg] Left lines: 2, Right lines: 5
[534418ba-ee05398f.jpg] Left lines: 13, Right lines: 10
[534418ba-ee05398f.jpg] Left lines: 12, Right lines: 10
[54360b72-e00a3f70.jpg] Left lines: 16, Right lines: 39
[54360b72-e00a3f70.jpg] Left lines: 8, Right lines: 28
[554d7cd5-a32486dd.jpg] Left lines: 0, Right lines: 18
[554d7cd5-a32486dd.jpg] Left lines: 0, Right lines: 12
[559fed19-7893646f.jpg] Left lines: 3, Right lines: 6
[559fed19-7893646f.jpg] Left lines: 0, Right lines: 3
[57165857-e4d4a47f.jpg] Left lines: 1, Right lines: 0
[57165857-e4d4a47f.jpg] Left lines: 1, Right lines: 0
[5795bfe7-a599384a.jpg] Left lines: 0, Right lines: 3
[5795bfe7-a599384a.jpg] Left lines: 0, Right lines: 2
[57ac74e2-e86131f1.jpg] Left lines: 0, Right lines: 21
[57ac74e2-e86131f1.jpg] Left lines: 0, Right lines: 12
[57b495f2-6da6b1e5.jpg] Left lines: 4, Right lines: 0
[57b495f2-6da6b1e5.jpg] Left lines: 3, Right lines: 1
[585443c8-2621a6b1.jpg] Left lines: 9, Right lines: 7
[585443c8-2621a6b1.jpg] Left lines: 0, Right lines: 0
[5877b384-2545daf4.jpg] Left lines: 8, Right lines: 1
[5877b384-2545daf4.jpg] Left lines: 7, Right lines: 1
[587bb1bf-1aa00fe5.jpg] Left lines: 12, Right lines: 11
[587bb1bf-1aa00fe5.jpg] Left lines: 4, Right lines: 2
[5995c288-2d152172.jpg] Left lines: 14, Right lines: 0
[5995c288-2d152172.jpg] Left lines: 12, Right lines: 0
[59cde7c7-344bffb1.jpg] Left lines: 4, Right lines: 0
[59cde7c7-344bffb1.jpg] Left lines: 3, Right lines: 0
[5a8f9b5d-1fdfd2d4.jpg] Left lines: 21, Right lines: 5
[5a8f9b5d-1fdfd2d4.jpg] Left lines: 19, Right lines: 0
[5ae83f9c-da990b49.jpg] Left lines: 5, Right lines: 5
[5ae83f9c-da990b49.jpg] Left lines: 2, Right lines: 5
[5b2b4881-67a6cb87.jpg] Left lines: 3, Right lines: 1
[5b2b4881-67a6cb87.jpg] Left lines: 2, Right lines: 1
[5b2fd56a-37759b05.jpg] Left lines: 0, Right lines: 0
[5b2fd56a-37759b05.jpg] Left lines: 0, Right lines: 0
[5b4b0b07-2fb56b82.jpg] Left lines: 11, Right lines: 14
[5b4b0b07-2fb56b82.jpg] Left lines: 9, Right lines: 3
[5bc44a50-c371c4d0.jpg] Left lines: 14, Right lines: 10
[5bc44a50-c371c4d0.jpg] Left lines: 9, Right lines: 11
[5c4004b7-bf3b7941.jpg] Left lines: 10, Right lines: 9
[5c4004b7-bf3b7941.jpg] Left lines: 10, Right lines: 9
[5c534f5f-a76c7f4b.jpg] Left lines: 14, Right lines: 9
[5c534f5f-a76c7f4b.jpg] Left lines: 0, Right lines: 4
[5c5dc708-35460444.jpg] Left lines: 0, Right lines: 4
[5c5dc708-35460444.jpg] Left lines: 0, Right lines: 1
[5da6c6b6-76c54605.jpg] Left lines: 0, Right lines: 5
[5da6c6b6-76c54605.jpg] Left lines: 0, Right lines: 0
[5dc5141c-5890b5b1.jpg] Left lines: 1, Right lines: 5
[5dc5141c-5890b5b1.jpg] Left lines: 1, Right lines: 0
[5dd831da-bd00cf03.jpg] Left lines: 4, Right lines: 7
[5dd831da-bd00cf03.jpg] Left lines: 5, Right lines: 0
[5dfb063f-7bd23d5c.jpg] Left lines: 10, Right lines: 11
[5dfb063f-7bd23d5c.jpg] Left lines: 9, Right lines: 9
[5e0b701e-d443d8c2.jpg] Left lines: 2, Right lines: 10
[5e0b701e-d443d8c2.jpg] Left lines: 4, Right lines: 2
[5e26f49d-0bc53c7e.jpg] Left lines: 1, Right lines: 0
[5e26f49d-0bc53c7e.jpg] Left lines: 0, Right lines: 0
[5e26f49d-9271bf00.jpg] Left lines: 0, Right lines: 3
[5e26f49d-9271bf00.jpg] Left lines: 0, Right lines: 0
[5e625ec3-7b4fc682.jpg] Left lines: 4, Right lines: 8
[5e625ec3-7b4fc682.jpg] Left lines: 2, Right lines: 6
[5f9387ff-330136ae.jpg] Left lines: 1, Right lines: 3
[5f9387ff-330136ae.jpg] Left lines: 0, Right lines: 2
[5fa17a25-88b8e6b9.jpg] Left lines: 0, Right lines: 2
[5fa17a25-88b8e6b9.jpg] Left lines: 0, Right lines: 0
[5fa422e1-2d8dd765.jpg] Left lines: 24, Right lines: 7
[5fa422e1-2d8dd765.jpg] Left lines: 24, Right lines: 4
[5fb2a702-f56a339c.jpg] Left lines: 11, Right lines: 8
[5fb2a702-f56a339c.jpg] Left lines: 10, Right lines: 5
[6011831b-0992e205.jpg] Left lines: 3, Right lines: 0
[6011831b-0992e205.jpg] Left lines: 3, Right lines: 0
[60137cc0-428b8f5b.jpg] Left lines: 10, Right lines: 4
[60137cc0-428b8f5b.jpg] Left lines: 11, Right lines: 0
[604b5b3e-3c2e6b6b.jpg] Left lines: 5, Right lines: 11
[604b5b3e-3c2e6b6b.jpg] Left lines: 0, Right lines: 6
[6092f5a2-424550ba.jpg] Left lines: 13, Right lines: 8
[6092f5a2-424550ba.jpg] Left lines: 5, Right lines: 0
[60ba25dd-6c0df417.jpg] Left lines: 0, Right lines: 8
[60ba25dd-6c0df417.jpg] Left lines: 0, Right lines: 8
[60c678e7-4813ae0f.jpg] Left lines: 8, Right lines: 0
[60c678e7-4813ae0f.jpg] Left lines: 7, Right lines: 0
[614ecada-16b0f8b6.jpg] Left lines: 8, Right lines: 22
[614ecada-16b0f8b6.jpg] Left lines: 7, Right lines: 17
[61e4ad87-53ceb455.jpg] Left lines: 25, Right lines: 2
[61e4ad87-53ceb455.jpg] Left lines: 21, Right lines: 2
[6240d7b3-b51b5788.jpg] Left lines: 0, Right lines: 0
[6240d7b3-b51b5788.jpg] Left lines: 0, Right lines: 0
[62aefb36-b685117f.jpg] Left lines: 17, Right lines: 10
[62aefb36-b685117f.jpg] Left lines: 9, Right lines: 9
[634c1785-3bb9a8a2.jpg] Left lines: 0, Right lines: 0
[634c1785-3bb9a8a2.jpg] Left lines: 0, Right lines: 0
[634c1785-aeb1652f.jpg] Left lines: 8, Right lines: 7
[634c1785-aeb1652f.jpg] Left lines: 7, Right lines: 4
[63f73472-028615f1.jpg] Left lines: 2, Right lines: 0
[63f73472-028615f1.jpg] Left lines: 0, Right lines: 0
[6485ad0a-245d1600.jpg] Left lines: 6, Right lines: 0
[6485ad0a-245d1600.jpg] Left lines: 6, Right lines: 0
[648dc925-e359dbec.jpg] Left lines: 6, Right lines: 8
[648dc925-e359dbec.jpg] Left lines: 3, Right lines: 6
[65edc5a1-f309fed7.jpg] Left lines: 3, Right lines: 9
[65edc5a1-f309fed7.jpg] Left lines: 3, Right lines: 13
[661381d9-1114a810.jpg] Left lines: 4, Right lines: 3
[661381d9-1114a810.jpg] Left lines: 0, Right lines: 0
[664cb246-f84cfaf4.jpg] Left lines: 26, Right lines: 15
[664cb246-f84cfaf4.jpg] Left lines: 12, Right lines: 12
[675cf8fa-4b1ce8b9.jpg] Left lines: 15, Right lines: 8
[675cf8fa-4b1ce8b9.jpg] Left lines: 13, Right lines: 8
[67faeadf-eb09a636.jpg] Left lines: 8, Right lines: 4
[67faeadf-eb09a636.jpg] Left lines: 6, Right lines: 4
[691be377-5dbc29ee.jpg] Left lines: 8, Right lines: 9
[691be377-5dbc29ee.jpg] Left lines: 2, Right lines: 1
[692f1303-05178963.jpg] Left lines: 2, Right lines: 1
[692f1303-05178963.jpg] Left lines: 1, Right lines: 1
[692f9b08-bdbbd729.jpg] Left lines: 19, Right lines: 8
[692f9b08-bdbbd729.jpg] Left lines: 25, Right lines: 0
[69bfbe31-5ee2a642.jpg] Left lines: 23, Right lines: 29
[69bfbe31-5ee2a642.jpg] Left lines: 29, Right lines: 13
[69cf7667-68f59649.jpg] Left lines: 18, Right lines: 8
[69cf7667-68f59649.jpg] Left lines: 18, Right lines: 9
[69cf7667-7eb40860.jpg] Left lines: 18, Right lines: 11
[69cf7667-7eb40860.jpg] Left lines: 7, Right lines: 6
[6a44fb9a-05a3dd18.jpg] Left lines: 24, Right lines: 15
[6a44fb9a-05a3dd18.jpg] Left lines: 22, Right lines: 18
[6a793e80-4f5e207f.jpg] Left lines: 9, Right lines: 7
[6a793e80-4f5e207f.jpg] Left lines: 4, Right lines: 0
[6a82c0d6-b31f6b90.jpg] Left lines: 0, Right lines: 2
[6a82c0d6-b31f6b90.jpg] Left lines: 0, Right lines: 2
[6a8d218d-14e4fa28.jpg] Left lines: 8, Right lines: 1
[6a8d218d-14e4fa28.jpg] Left lines: 5, Right lines: 2
[6ad110c3-789e7724.jpg] Left lines: 24, Right lines: 12
[6ad110c3-789e7724.jpg] Left lines: 21, Right lines: 11
[6b15392a-3a1699fd.jpg] Left lines: 0, Right lines: 2
[6b15392a-3a1699fd.jpg] Left lines: 0, Right lines: 0
[6b784eee-0a5a2c89.jpg] Left lines: 6, Right lines: 0
[6b784eee-0a5a2c89.jpg] Left lines: 1, Right lines: 0
[6bb5a881-15e5c2c4.jpg] Left lines: 7, Right lines: 13
[6bb5a881-15e5c2c4.jpg] Left lines: 1, Right lines: 0
[6bd41587-d65ba5b4.jpg] Left lines: 3, Right lines: 0
[6bd41587-d65ba5b4.jpg] Left lines: 0, Right lines: 0
[6d0d7bef-fb11b6e1.jpg] Left lines: 3, Right lines: 0
[6d0d7bef-fb11b6e1.jpg] Left lines: 2, Right lines: 0
[6d57736c-a35808b9.jpg] Left lines: 11, Right lines: 5
[6d57736c-a35808b9.jpg] Left lines: 13, Right lines: 8
[6d8a6d94-00a7ad92.jpg] Left lines: 0, Right lines: 9
[6d8a6d94-00a7ad92.jpg] Left lines: 0, Right lines: 2
[6eeed3fa-87a1b0c9.jpg] Left lines: 5, Right lines: 0
[6eeed3fa-87a1b0c9.jpg] Left lines: 0, Right lines: 0
[701992bd-8a457895.jpg] Left lines: 11, Right lines: 13
[701992bd-8a457895.jpg] Left lines: 6, Right lines: 10
[7171644d-4e74752e.jpg] Left lines: 6, Right lines: 36
[7171644d-4e74752e.jpg] Left lines: 5, Right lines: 15
[7171644d-ee92c71e.jpg] Left lines: 10, Right lines: 18
[7171644d-ee92c71e.jpg] Left lines: 11, Right lines: 19
[72f22fa5-8af4615c.jpg] Left lines: 41, Right lines: 15
[72f22fa5-8af4615c.jpg] Left lines: 25, Right lines: 16
[72fd00fe-aeadfc89.jpg] Left lines: 6, Right lines: 13
[72fd00fe-aeadfc89.jpg] Left lines: 0, Right lines: 14
[730c67a5-563e9b1f.jpg] Left lines: 0, Right lines: 0
[730c67a5-563e9b1f.jpg] Left lines: 0, Right lines: 0
[738a2bcd-7a6fde0d.jpg] Left lines: 5, Right lines: 5
[738a2bcd-7a6fde0d.jpg] Left lines: 3, Right lines: 1
[73aff960-d46366ec.jpg] Left lines: 6, Right lines: 0
[73aff960-d46366ec.jpg] Left lines: 6, Right lines: 0
[73d338d6-edf0b3db.jpg] Left lines: 0, Right lines: 1
[73d338d6-edf0b3db.jpg] Left lines: 0, Right lines: 0
[75ad1fff-77299093.jpg] Left lines: 0, Right lines: 0
[75ad1fff-77299093.jpg] Left lines: 0, Right lines: 0
[75f5f52c-6b67e736.jpg] Left lines: 14, Right lines: 9
[75f5f52c-6b67e736.jpg] Left lines: 12, Right lines: 4
[777005a8-14c739ad.jpg] Left lines: 14, Right lines: 6
[777005a8-14c739ad.jpg] Left lines: 8, Right lines: 2
[7771e03b-832e52c0.jpg] Left lines: 0, Right lines: 0
[7771e03b-832e52c0.jpg] Left lines: 0, Right lines: 0
[7771e03b-a8f9d50c.jpg] Left lines: 0, Right lines: 12
[7771e03b-a8f9d50c.jpg] Left lines: 0, Right lines: 5
[7797fea2-c37f9856.jpg] Left lines: 0, Right lines: 3
[7797fea2-c37f9856.jpg] Left lines: 0, Right lines: 1
[77bdbeb0-edb0613f.jpg] Left lines: 12, Right lines: 6
[77bdbeb0-edb0613f.jpg] Left lines: 13, Right lines: 8
[77dca577-16a39ea0.jpg] Left lines: 8, Right lines: 17
[77dca577-16a39ea0.jpg] Left lines: 11, Right lines: 5
[77f810c4-43a39c1f.jpg] Left lines: 9, Right lines: 0
[77f810c4-43a39c1f.jpg] Left lines: 5, Right lines: 0
[7814206e-8e991d51.jpg] Left lines: 14, Right lines: 8
[7814206e-8e991d51.jpg] Left lines: 16, Right lines: 0
[7814206e-ea2508d0.jpg] Left lines: 6, Right lines: 10
[7814206e-ea2508d0.jpg] Left lines: 0, Right lines: 2
[79e177bc-4d5d3acc.jpg] Left lines: 6, Right lines: 15
[79e177bc-4d5d3acc.jpg] Left lines: 4, Right lines: 15
[7aa4ff0f-9d28d8a4.jpg] Left lines: 6, Right lines: 15
[7aa4ff0f-9d28d8a4.jpg] Left lines: 4, Right lines: 14
[7ad1174c-373265eb.jpg] Left lines: 3, Right lines: 0
[7ad1174c-373265eb.jpg] Left lines: 0, Right lines: 0
[7b268b98-e0ec16c3.jpg] Left lines: 3, Right lines: 2
[7b268b98-e0ec16c3.jpg] Left lines: 4, Right lines: 2
[7c5a2048-332896ea.jpg] Left lines: 0, Right lines: 0
[7c5a2048-332896ea.jpg] Left lines: 0, Right lines: 0
[7c5d50c5-7292de37.jpg] Left lines: 8, Right lines: 6
[7c5d50c5-7292de37.jpg] Left lines: 0, Right lines: 2
[7d1fe115-936a2f47.jpg] Left lines: 7, Right lines: 14
[7d1fe115-936a2f47.jpg] Left lines: 9, Right lines: 9
[7dc2914d-a20a969a.jpg] Left lines: 1, Right lines: 0
[7dc2914d-a20a969a.jpg] Left lines: 1, Right lines: 0
[7e4ab78b-4a62c63e.jpg] Left lines: 6, Right lines: 0
[7e4ab78b-4a62c63e.jpg] Left lines: 2, Right lines: 0
[7e590c49-93f03732.jpg] Left lines: 10, Right lines: 4
[7e590c49-93f03732.jpg] Left lines: 0, Right lines: 6
[7ed57d0a-d7bcc13d.jpg] Left lines: 0, Right lines: 0
[7ed57d0a-d7bcc13d.jpg] Left lines: 0, Right lines: 7
[7f0ef682-c93899df.jpg] Left lines: 0, Right lines: 16
[7f0ef682-c93899df.jpg] Left lines: 0, Right lines: 15
[7f4ac354-777de900.jpg] Left lines: 9, Right lines: 5
[7f4ac354-777de900.jpg] Left lines: 0, Right lines: 0
[7f9bdf0d-c0e0061f.jpg] Left lines: 15, Right lines: 0
[7f9bdf0d-c0e0061f.jpg] Left lines: 15, Right lines: 0
[7fd14da9-a855494b.jpg] Left lines: 22, Right lines: 9
[7fd14da9-a855494b.jpg] Left lines: 4, Right lines: 8
[801bff84-a72998c7.jpg] Left lines: 28, Right lines: 20
[801bff84-a72998c7.jpg] Left lines: 33, Right lines: 14
[8073de38-f7eab6ec.jpg] Left lines: 13, Right lines: 15
[8073de38-f7eab6ec.jpg] Left lines: 11, Right lines: 6
[8082ea05-1a7bcd47.jpg] Left lines: 6, Right lines: 14
[8082ea05-1a7bcd47.jpg] Left lines: 7, Right lines: 4
[80ecebc0-ca9605f4.jpg] Left lines: 5, Right lines: 1
[80ecebc0-ca9605f4.jpg] Left lines: 2, Right lines: 0
[81ec3b39-1951f79e.jpg] Left lines: 13, Right lines: 10
[81ec3b39-1951f79e.jpg] Left lines: 14, Right lines: 0
[82b14c0c-79b99258.jpg] Left lines: 8, Right lines: 16
[82b14c0c-79b99258.jpg] Left lines: 4, Right lines: 15
[82b5fc3b-90cadd1b.jpg] Left lines: 11, Right lines: 7
[82b5fc3b-90cadd1b.jpg] Left lines: 1, Right lines: 8
[82f03471-8e304dd5.jpg] Left lines: 3, Right lines: 5
[82f03471-8e304dd5.jpg] Left lines: 4, Right lines: 5
[836fa13a-d6058a12.jpg] Left lines: 13, Right lines: 7
[836fa13a-d6058a12.jpg] Left lines: 4, Right lines: 0
[84fb3f59-7d5d1fa4.jpg] Left lines: 6, Right lines: 21
[84fb3f59-7d5d1fa4.jpg] Left lines: 3, Right lines: 14
[8542b4da-7795bcfd.jpg] Left lines: 12, Right lines: 15
[8542b4da-7795bcfd.jpg] Left lines: 6, Right lines: 14
[85f3f250-1fef85ac.jpg] Left lines: 18, Right lines: 15
[85f3f250-1fef85ac.jpg] Left lines: 11, Right lines: 9
[87ca2979-d5158824.jpg] Left lines: 5, Right lines: 6
[87ca2979-d5158824.jpg] Left lines: 5, Right lines: 4
[889b7dda-77f16103.jpg] Left lines: 1, Right lines: 13
[889b7dda-77f16103.jpg] Left lines: 11, Right lines: 10
[88dbf01a-d8b35dee.jpg] Left lines: 8, Right lines: 2
[88dbf01a-d8b35dee.jpg] Left lines: 5, Right lines: 1
[897223bc-6938f1ab.jpg] Left lines: 0, Right lines: 1
[897223bc-6938f1ab.jpg] Left lines: 0, Right lines: 0
[89b7454d-880eacbd.jpg] Left lines: 0, Right lines: 0
[89b7454d-880eacbd.jpg] Left lines: 0, Right lines: 0
[89e85e71-7dd0a7b6.jpg] Left lines: 17, Right lines: 24
[89e85e71-7dd0a7b6.jpg] Left lines: 23, Right lines: 14
[8a4fbffe-47866ce9.jpg] Left lines: 4, Right lines: 2
[8a4fbffe-47866ce9.jpg] Left lines: 0, Right lines: 0
[8a76c101-8bcefc32.jpg] Left lines: 0, Right lines: 10
[8a76c101-8bcefc32.jpg] Left lines: 1, Right lines: 12
[8b7ef6c4-6bbcf25f.jpg] Left lines: 14, Right lines: 11
[8b7ef6c4-6bbcf25f.jpg] Left lines: 15, Right lines: 13
[8bac644e-e0437ead.jpg] Left lines: 0, Right lines: 3
[8bac644e-e0437ead.jpg] Left lines: 0, Right lines: 0
[8c94c649-8ba62efa.jpg] Left lines: 0, Right lines: 1
[8c94c649-8ba62efa.jpg] Left lines: 0, Right lines: 0
[8c9bbaa9-34934b66.jpg] Left lines: 0, Right lines: 11
[8c9bbaa9-34934b66.jpg] Left lines: 0, Right lines: 7
[degraded] rain level_9 (300 images)
[0049e5b8-725e21a0.jpg] Left lines: 7, Right lines: 11
[0049e5b8-725e21a0.jpg] Left lines: 4, Right lines: 11
[0081e27b-17bf4a9e.jpg] Left lines: 2, Right lines: 10
[0081e27b-17bf4a9e.jpg] Left lines: 6, Right lines: 5
[00beeb02-50440dcd.jpg] Left lines: 3, Right lines: 2
[00beeb02-50440dcd.jpg] Left lines: 2, Right lines: 2
[00d4b6b7-7d0a60bf.jpg] Left lines: 0, Right lines: 0
[00d4b6b7-7d0a60bf.jpg] Left lines: 0, Right lines: 0
[01118704-2d838d7f.jpg] Left lines: 10, Right lines: 11
[01118704-2d838d7f.jpg] Left lines: 8, Right lines: 4
[0115917e-14907a6a.jpg] Left lines: 17, Right lines: 11
[0115917e-14907a6a.jpg] Left lines: 11, Right lines: 15
[02188a44-65ad27f3.jpg] Left lines: 3, Right lines: 0
[02188a44-65ad27f3.jpg] Left lines: 2, Right lines: 0
[02494b7b-079febf8.jpg] Left lines: 0, Right lines: 11
[02494b7b-079febf8.jpg] Left lines: 0, Right lines: 4
[029ffd50-dc944dba.jpg] Left lines: 7, Right lines: 7
[029ffd50-dc944dba.jpg] Left lines: 3, Right lines: 6
[0464a98b-860229d5.jpg] Left lines: 0, Right lines: 7
[0464a98b-860229d5.jpg] Left lines: 0, Right lines: 12
[051aadb7-51aad566.jpg] Left lines: 0, Right lines: 0
[051aadb7-51aad566.jpg] Left lines: 0, Right lines: 0
[051aadb7-e953bc4d.jpg] Left lines: 16, Right lines: 15
[051aadb7-e953bc4d.jpg] Left lines: 13, Right lines: 14
[05743a9b-747658e7.jpg] Left lines: 1, Right lines: 6
[05743a9b-747658e7.jpg] Left lines: 1, Right lines: 5
[057af272-6f700aef.jpg] Left lines: 20, Right lines: 12
[057af272-6f700aef.jpg] Left lines: 1, Right lines: 11
[05d62296-30c620d5.jpg] Left lines: 12, Right lines: 3
[05d62296-30c620d5.jpg] Left lines: 15, Right lines: 1
[05e5a68e-f0e05a42.jpg] Left lines: 10, Right lines: 0
[05e5a68e-f0e05a42.jpg] Left lines: 0, Right lines: 0
[05fa6494-8f436d04.jpg] Left lines: 6, Right lines: 12
[05fa6494-8f436d04.jpg] Left lines: 3, Right lines: 4
[060039d9-5218402b.jpg] Left lines: 17, Right lines: 6
[060039d9-5218402b.jpg] Left lines: 14, Right lines: 5
[064aa0d6-f75ff4d5.jpg] Left lines: 3, Right lines: 2
[064aa0d6-f75ff4d5.jpg] Left lines: 7, Right lines: 0
[07de5062-ddddcbd7.jpg] Left lines: 0, Right lines: 1
[07de5062-ddddcbd7.jpg] Left lines: 0, Right lines: 0
[088351d1-30833ddc.jpg] Left lines: 12, Right lines: 6
[088351d1-30833ddc.jpg] Left lines: 13, Right lines: 0
[08a49c01-675d3899.jpg] Left lines: 19, Right lines: 11
[08a49c01-675d3899.jpg] Left lines: 10, Right lines: 18
[08d4285a-4a25b9b6.jpg] Left lines: 0, Right lines: 13
[08d4285a-4a25b9b6.jpg] Left lines: 0, Right lines: 5
[09ac21d6-eefa8ed0.jpg] Left lines: 0, Right lines: 18
[09ac21d6-eefa8ed0.jpg] Left lines: 0, Right lines: 15
[0a0a0b1a-7c39d841.jpg] Left lines: 7, Right lines: 11
[0a0a0b1a-7c39d841.jpg] Left lines: 5, Right lines: 1
[0af6039a-f3c91319.jpg] Left lines: 32, Right lines: 6
[0af6039a-f3c91319.jpg] Left lines: 9, Right lines: 5
[0b2f5d0d-8fddc1fc.jpg] Left lines: 24, Right lines: 19
[0b2f5d0d-8fddc1fc.jpg] Left lines: 9, Right lines: 18
[0b4225f9-bfb10f88.jpg] Left lines: 5, Right lines: 4
[0b4225f9-bfb10f88.jpg] Left lines: 0, Right lines: 4
[0ba08fe3-880ae118.jpg] Left lines: 7, Right lines: 5
[0ba08fe3-880ae118.jpg] Left lines: 6, Right lines: 3
[0c2f33b9-f94d69b5.jpg] Left lines: 17, Right lines: 16
[0c2f33b9-f94d69b5.jpg] Left lines: 10, Right lines: 12
[0c984e6d-2b5d7ee4.jpg] Left lines: 0, Right lines: 0
[0c984e6d-2b5d7ee4.jpg] Left lines: 0, Right lines: 0
[0cb67a01-7cf1687e.jpg] Left lines: 10, Right lines: 0
[0cb67a01-7cf1687e.jpg] Left lines: 7, Right lines: 0
[0cc6f3e8-b4c9e348.jpg] Left lines: 19, Right lines: 21
[0cc6f3e8-b4c9e348.jpg] Left lines: 5, Right lines: 10
[0cf398b3-ce65ab64.jpg] Left lines: 7, Right lines: 2
[0cf398b3-ce65ab64.jpg] Left lines: 7, Right lines: 7
[0d3ec56a-f4cead6f.jpg] Left lines: 0, Right lines: 12
[0d3ec56a-f4cead6f.jpg] Left lines: 0, Right lines: 12
[0d61234a-542010b2.jpg] Left lines: 19, Right lines: 18
[0d61234a-542010b2.jpg] Left lines: 13, Right lines: 15
[0e442b65-b17e0b50.jpg] Left lines: 7, Right lines: 0
[0e442b65-b17e0b50.jpg] Left lines: 3, Right lines: 0
[0e5c7e92-0d9c60f0.jpg] Left lines: 13, Right lines: 16
[0e5c7e92-0d9c60f0.jpg] Left lines: 16, Right lines: 17
[0f837def-9646c091.jpg] Left lines: 6, Right lines: 7
[0f837def-9646c091.jpg] Left lines: 4, Right lines: 4
[0fba84f9-73b520ee.jpg] Left lines: 0, Right lines: 18
[0fba84f9-73b520ee.jpg] Left lines: 0, Right lines: 14
[101a0964-930eae70.jpg] Left lines: 0, Right lines: 11
[101a0964-930eae70.jpg] Left lines: 0, Right lines: 12
[10389fe8-433c740c.jpg] Left lines: 2, Right lines: 0
[10389fe8-433c740c.jpg] Left lines: 0, Right lines: 0
[10453a95-40759ac3.jpg] Left lines: 0, Right lines: 0
[10453a95-40759ac3.jpg] Left lines: 0, Right lines: 0
[1072195f-0a161ade.jpg] Left lines: 10, Right lines: 0
[1072195f-0a161ade.jpg] Left lines: 10, Right lines: 1
[1072195f-6cf88b25.jpg] Left lines: 0, Right lines: 1
[1072195f-6cf88b25.jpg] Left lines: 0, Right lines: 0
[11513e3d-150058c3.jpg] Left lines: 9, Right lines: 13
[11513e3d-150058c3.jpg] Left lines: 6, Right lines: 10
[1189ae68-1a8ad3c6.jpg] Left lines: 12, Right lines: 0
[1189ae68-1a8ad3c6.jpg] Left lines: 0, Right lines: 0
[12076ebb-c07285d7.jpg] Left lines: 9, Right lines: 11
[12076ebb-c07285d7.jpg] Left lines: 6, Right lines: 13
[125134e5-7dfc45b9.jpg] Left lines: 4, Right lines: 0
[125134e5-7dfc45b9.jpg] Left lines: 0, Right lines: 0
[12ae9ab8-794f5adc.jpg] Left lines: 19, Right lines: 2
[12ae9ab8-794f5adc.jpg] Left lines: 2, Right lines: 0
[13f61134-50021e53.jpg] Left lines: 5, Right lines: 5
[13f61134-50021e53.jpg] Left lines: 1, Right lines: 9
[14eace5a-ddf3b303.jpg] Left lines: 23, Right lines: 0
[14eace5a-ddf3b303.jpg] Left lines: 19, Right lines: 0
[1608cfe7-32da2c5d.jpg] Left lines: 0, Right lines: 1
[1608cfe7-32da2c5d.jpg] Left lines: 0, Right lines: 0
[162995f1-d2c7d259.jpg] Left lines: 2, Right lines: 1
[162995f1-d2c7d259.jpg] Left lines: 0, Right lines: 1
[16b0973f-c07b564a.jpg] Left lines: 9, Right lines: 2
[16b0973f-c07b564a.jpg] Left lines: 0, Right lines: 2
[1784d67b-6b223914.jpg] Left lines: 0, Right lines: 7
[1784d67b-6b223914.jpg] Left lines: 0, Right lines: 4
[1784d67b-d76145ce.jpg] Left lines: 4, Right lines: 0
[1784d67b-d76145ce.jpg] Left lines: 0, Right lines: 0
[188c58f3-792afc71.jpg] Left lines: 1, Right lines: 8
[188c58f3-792afc71.jpg] Left lines: 0, Right lines: 0
[193f7f3b-84bc7998.jpg] Left lines: 6, Right lines: 9
[193f7f3b-84bc7998.jpg] Left lines: 2, Right lines: 7
[194058b0-ac0616a6.jpg] Left lines: 1, Right lines: 2
[194058b0-ac0616a6.jpg] Left lines: 1, Right lines: 0
[19e56249-09c4bbc6.jpg] Left lines: 0, Right lines: 0
[19e56249-09c4bbc6.jpg] Left lines: 0, Right lines: 0
[1a71faae-d5f255fd.jpg] Left lines: 14, Right lines: 14
[1a71faae-d5f255fd.jpg] Left lines: 18, Right lines: 8
[1a8992a7-da5a8510.jpg] Left lines: 13, Right lines: 5
[1a8992a7-da5a8510.jpg] Left lines: 4, Right lines: 8
[1ac0178c-0b259360.jpg] Left lines: 0, Right lines: 0
[1ac0178c-0b259360.jpg] Left lines: 0, Right lines: 0
[1b30f76f-95aa8a06.jpg] Left lines: 16, Right lines: 4
[1b30f76f-95aa8a06.jpg] Left lines: 12, Right lines: 5
[1bda5a26-420ceea6.jpg] Left lines: 7, Right lines: 10
[1bda5a26-420ceea6.jpg] Left lines: 1, Right lines: 1
[1bf7f3d2-15f95138.jpg] Left lines: 2, Right lines: 20
[1bf7f3d2-15f95138.jpg] Left lines: 0, Right lines: 14
[1c227a12-10e5552c.jpg] Left lines: 4, Right lines: 4
[1c227a12-10e5552c.jpg] Left lines: 1, Right lines: 0
[1c227a12-ec67af93.jpg] Left lines: 2, Right lines: 10
[1c227a12-ec67af93.jpg] Left lines: 2, Right lines: 1
[1c5e9657-2e2a2863.jpg] Left lines: 1, Right lines: 7
[1c5e9657-2e2a2863.jpg] Left lines: 0, Right lines: 0
[1cb2a89b-4594573e.jpg] Left lines: 13, Right lines: 10
[1cb2a89b-4594573e.jpg] Left lines: 11, Right lines: 2
[1cf54809-c6daa5a9.jpg] Left lines: 11, Right lines: 12
[1cf54809-c6daa5a9.jpg] Left lines: 13, Right lines: 14
[1d5e05f8-5020f67d.jpg] Left lines: 36, Right lines: 10
[1d5e05f8-5020f67d.jpg] Left lines: 23, Right lines: 12
[1e57ae90-806bc767.jpg] Left lines: 0, Right lines: 9
[1e57ae90-806bc767.jpg] Left lines: 0, Right lines: 6
[1f959fdd-6ff63d34.jpg] Left lines: 3, Right lines: 11
[1f959fdd-6ff63d34.jpg] Left lines: 1, Right lines: 11
[1fa65acf-d43367bc.jpg] Left lines: 9, Right lines: 0
[1fa65acf-d43367bc.jpg] Left lines: 2, Right lines: 0
[20cfadfa-47711496.jpg] Left lines: 15, Right lines: 11
[20cfadfa-47711496.jpg] Left lines: 20, Right lines: 0
[20cfadfa-6f87fdc1.jpg] Left lines: 28, Right lines: 34
[20cfadfa-6f87fdc1.jpg] Left lines: 20, Right lines: 10
[225a1858-0e3a4b04.jpg] Left lines: 1, Right lines: 1
[225a1858-0e3a4b04.jpg] Left lines: 2, Right lines: 0
[22be2f14-59fbdca0.jpg] Left lines: 0, Right lines: 2
[22be2f14-59fbdca0.jpg] Left lines: 0, Right lines: 14
[23333f35-0cbc3f0f.jpg] Left lines: 5, Right lines: 0
[23333f35-0cbc3f0f.jpg] Left lines: 5, Right lines: 1
[23df146f-64b50e4c.jpg] Left lines: 0, Right lines: 24
[23df146f-64b50e4c.jpg] Left lines: 0, Right lines: 16
[24392d7c-998011c2.jpg] Left lines: 1, Right lines: 0
[24392d7c-998011c2.jpg] Left lines: 0, Right lines: 0
[250e7595-b14da270.jpg] Left lines: 22, Right lines: 16
[250e7595-b14da270.jpg] Left lines: 12, Right lines: 3
[26190b83-39ccb412.jpg] Left lines: 1, Right lines: 25
[26190b83-39ccb412.jpg] Left lines: 0, Right lines: 23
[272d52f6-8aac36b3.jpg] Left lines: 4, Right lines: 0
[272d52f6-8aac36b3.jpg] Left lines: 3, Right lines: 0
[2752681a-e813599a.jpg] Left lines: 2, Right lines: 4
[2752681a-e813599a.jpg] Left lines: 0, Right lines: 0
[27645526-f038b033.jpg] Left lines: 61, Right lines: 4
[27645526-f038b033.jpg] Left lines: 26, Right lines: 8
[2773af6f-23e23a6b.jpg] Left lines: 1, Right lines: 0
[2773af6f-23e23a6b.jpg] Left lines: 0, Right lines: 0
[28faf684-03ef4c6e.jpg] Left lines: 0, Right lines: 14
[28faf684-03ef4c6e.jpg] Left lines: 0, Right lines: 15
[292720ee-d847ee69.jpg] Left lines: 0, Right lines: 0
[292720ee-d847ee69.jpg] Left lines: 0, Right lines: 1
[2b54fe2d-c5b810e6.jpg] Left lines: 21, Right lines: 6
[2b54fe2d-c5b810e6.jpg] Left lines: 16, Right lines: 0
[2b605c48-8dfe352b.jpg] Left lines: 4, Right lines: 39
[2b605c48-8dfe352b.jpg] Left lines: 2, Right lines: 28
[2beccce2-354608e2.jpg] Left lines: 9, Right lines: 5
[2beccce2-354608e2.jpg] Left lines: 0, Right lines: 0
[2c87e51d-aa7a8031.jpg] Left lines: 5, Right lines: 1
[2c87e51d-aa7a8031.jpg] Left lines: 3, Right lines: 0
[2ce0b449-e818dc97.jpg] Left lines: 0, Right lines: 0
[2ce0b449-e818dc97.jpg] Left lines: 0, Right lines: 0
[2cf976a2-479cd46b.jpg] Left lines: 13, Right lines: 5
[2cf976a2-479cd46b.jpg] Left lines: 9, Right lines: 6
[2e2fae77-b7497ca0.jpg] Left lines: 0, Right lines: 1
[2e2fae77-b7497ca0.jpg] Left lines: 0, Right lines: 0
[2ead8042-2493c03f.jpg] Left lines: 6, Right lines: 8
[2ead8042-2493c03f.jpg] Left lines: 8, Right lines: 8
[2f1864c1-1a17d11c.jpg] Left lines: 0, Right lines: 2
[2f1864c1-1a17d11c.jpg] Left lines: 0, Right lines: 3
[2f879dc0-b09e4824.jpg] Left lines: 18, Right lines: 14
[2f879dc0-b09e4824.jpg] Left lines: 9, Right lines: 12
[2fc9ad1e-ee4c9e43.jpg] Left lines: 20, Right lines: 2
[2fc9ad1e-ee4c9e43.jpg] Left lines: 0, Right lines: 0
[3050b249-0ffbd6ec.jpg] Left lines: 0, Right lines: 4
[3050b249-0ffbd6ec.jpg] Left lines: 0, Right lines: 0
[314cc010-3eab5c90.jpg] Left lines: 0, Right lines: 7
[314cc010-3eab5c90.jpg] Left lines: 0, Right lines: 7
[31765c6b-90b0d612.jpg] Left lines: 0, Right lines: 0
[31765c6b-90b0d612.jpg] Left lines: 0, Right lines: 0
[31cf6eba-5c84c636.jpg] Left lines: 15, Right lines: 12
[31cf6eba-5c84c636.jpg] Left lines: 10, Right lines: 7
[32de2244-122f1783.jpg] Left lines: 7, Right lines: 8
[32de2244-122f1783.jpg] Left lines: 0, Right lines: 0
[33420085-32996107.jpg] Left lines: 33, Right lines: 10
[33420085-32996107.jpg] Left lines: 22, Right lines: 11
[3430a5e6-00ec38d2.jpg] Left lines: 11, Right lines: 5
[3430a5e6-00ec38d2.jpg] Left lines: 9, Right lines: 7
[35eb46d0-8f7e28a0.jpg] Left lines: 16, Right lines: 15
[35eb46d0-8f7e28a0.jpg] Left lines: 12, Right lines: 8
[3735fc3d-69d8b80c.jpg] Left lines: 0, Right lines: 0
[3735fc3d-69d8b80c.jpg] Left lines: 0, Right lines: 0
[3740cd4f-ff1d423d.jpg] Left lines: 8, Right lines: 11
[3740cd4f-ff1d423d.jpg] Left lines: 2, Right lines: 9
[375abba2-9f2ed56c.jpg] Left lines: 0, Right lines: 2
[375abba2-9f2ed56c.jpg] Left lines: 0, Right lines: 4
[37723e55-31730cf5.jpg] Left lines: 1, Right lines: 0
[37723e55-31730cf5.jpg] Left lines: 0, Right lines: 0
[380a3f8e-ba4f0def.jpg] Left lines: 4, Right lines: 3
[380a3f8e-ba4f0def.jpg] Left lines: 0, Right lines: 0
[385b0f61-1aee12ef.jpg] Left lines: 2, Right lines: 0
[385b0f61-1aee12ef.jpg] Left lines: 2, Right lines: 0
[3865fea7-b4fe472d.jpg] Left lines: 16, Right lines: 0
[3865fea7-b4fe472d.jpg] Left lines: 17, Right lines: 0
[38e561dd-8ea8ae2d.jpg] Left lines: 14, Right lines: 17
[38e561dd-8ea8ae2d.jpg] Left lines: 7, Right lines: 25
[38ed8d8d-93c48de2.jpg] Left lines: 0, Right lines: 6
[38ed8d8d-93c48de2.jpg] Left lines: 0, Right lines: 9
[38ed8d8d-b1c230ef.jpg] Left lines: 6, Right lines: 3
[38ed8d8d-b1c230ef.jpg] Left lines: 0, Right lines: 4
[38ed8d8d-fa50400c.jpg] Left lines: 7, Right lines: 20
[38ed8d8d-fa50400c.jpg] Left lines: 2, Right lines: 20
[3900ad8c-8834019f.jpg] Left lines: 3, Right lines: 3
[3900ad8c-8834019f.jpg] Left lines: 0, Right lines: 0
[39ddb110-04604b9c.jpg] Left lines: 0, Right lines: 11
[39ddb110-04604b9c.jpg] Left lines: 0, Right lines: 10
[39fc6d1c-6155351d.jpg] Left lines: 2, Right lines: 11
[39fc6d1c-6155351d.jpg] Left lines: 0, Right lines: 5
[3a278d39-b92df256.jpg] Left lines: 9, Right lines: 12
[3a278d39-b92df256.jpg] Left lines: 9, Right lines: 5
[3a3407a2-df8ea956.jpg] Left lines: 12, Right lines: 5
[3a3407a2-df8ea956.jpg] Left lines: 1, Right lines: 4
[3ad0c4a7-2a3d544e.jpg] Left lines: 0, Right lines: 4
[3ad0c4a7-2a3d544e.jpg] Left lines: 0, Right lines: 2
[3b1e1bc1-ee64e36e.jpg] Left lines: 6, Right lines: 4
[3b1e1bc1-ee64e36e.jpg] Left lines: 1, Right lines: 0
[3b44ef5a-c09e8479.jpg] Left lines: 38, Right lines: 0
[3b44ef5a-c09e8479.jpg] Left lines: 28, Right lines: 0
[3b563c5e-0102edaf.jpg] Left lines: 5, Right lines: 27
[3b563c5e-0102edaf.jpg] Left lines: 3, Right lines: 3
[3b9716a6-d2566395.jpg] Left lines: 0, Right lines: 0
[3b9716a6-d2566395.jpg] Left lines: 0, Right lines: 1
[3c0bbdc2-79baffce.jpg] Left lines: 13, Right lines: 0
[3c0bbdc2-79baffce.jpg] Left lines: 7, Right lines: 0
[3c5752b6-9c0bdf98.jpg] Left lines: 0, Right lines: 1
[3c5752b6-9c0bdf98.jpg] Left lines: 0, Right lines: 2
[3c95ae26-68abac3f.jpg] Left lines: 0, Right lines: 0
[3c95ae26-68abac3f.jpg] Left lines: 0, Right lines: 0
[3e0f1745-a95a63ad.jpg] Left lines: 5, Right lines: 14
[3e0f1745-a95a63ad.jpg] Left lines: 3, Right lines: 19
[3f4eb6a6-9eee52f9.jpg] Left lines: 5, Right lines: 11
[3f4eb6a6-9eee52f9.jpg] Left lines: 0, Right lines: 6
[3f85a987-1ef4053b.jpg] Left lines: 0, Right lines: 1
[3f85a987-1ef4053b.jpg] Left lines: 0, Right lines: 0
[3fe1feaa-10126fec.jpg] Left lines: 0, Right lines: 1
[3fe1feaa-10126fec.jpg] Left lines: 0, Right lines: 0
[3ffdaa26-b394f6f8.jpg] Left lines: 0, Right lines: 6
[3ffdaa26-b394f6f8.jpg] Left lines: 0, Right lines: 2
[4027c10d-41d54e9b.jpg] Left lines: 3, Right lines: 10
[4027c10d-41d54e9b.jpg] Left lines: 0, Right lines: 8
[428e99ea-4166e549.jpg] Left lines: 5, Right lines: 0
[428e99ea-4166e549.jpg] Left lines: 6, Right lines: 2
[42e0dd11-74b81997.jpg] Left lines: 7, Right lines: 16
[42e0dd11-74b81997.jpg] Left lines: 5, Right lines: 14
[430395d1-931c959e.jpg] Left lines: 11, Right lines: 4
[430395d1-931c959e.jpg] Left lines: 6, Right lines: 1
[43126e0d-495d04a5.jpg] Left lines: 8, Right lines: 6
[43126e0d-495d04a5.jpg] Left lines: 9, Right lines: 4
[43126e0d-cce96832.jpg] Left lines: 25, Right lines: 3
[43126e0d-cce96832.jpg] Left lines: 21, Right lines: 0
[432f9e20-83a0d96c.jpg] Left lines: 11, Right lines: 19
[432f9e20-83a0d96c.jpg] Left lines: 7, Right lines: 5
[43c7ed5c-b0690325.jpg] Left lines: 2, Right lines: 5
[43c7ed5c-b0690325.jpg] Left lines: 2, Right lines: 5
[44cc16d9-d2e06fd6.jpg] Left lines: 5, Right lines: 9
[44cc16d9-d2e06fd6.jpg] Left lines: 1, Right lines: 7
[45bafa98-1ee18a2f.jpg] Left lines: 0, Right lines: 0
[45bafa98-1ee18a2f.jpg] Left lines: 0, Right lines: 0
[46d048a1-8f7f385c.jpg] Left lines: 3, Right lines: 9
[46d048a1-8f7f385c.jpg] Left lines: 3, Right lines: 9
[46f76df9-8bf77914.jpg] Left lines: 12, Right lines: 12
[46f76df9-8bf77914.jpg] Left lines: 11, Right lines: 10
[480263a0-5aad7ae9.jpg] Left lines: 0, Right lines: 13
[480263a0-5aad7ae9.jpg] Left lines: 0, Right lines: 25
[488480d6-b94cf415.jpg] Left lines: 1, Right lines: 16
[488480d6-b94cf415.jpg] Left lines: 1, Right lines: 18
[48ed707e-5062e4c3.jpg] Left lines: 0, Right lines: 0
[48ed707e-5062e4c3.jpg] Left lines: 0, Right lines: 0
[4a289ff2-7da7feb6.jpg] Left lines: 0, Right lines: 2
[4a289ff2-7da7feb6.jpg] Left lines: 0, Right lines: 2
[4a31f3e3-ac7ed780.jpg] Left lines: 2, Right lines: 3
[4a31f3e3-ac7ed780.jpg] Left lines: 0, Right lines: 0
[4b2e1dde-65b54419.jpg] Left lines: 4, Right lines: 13
[4b2e1dde-65b54419.jpg] Left lines: 5, Right lines: 12
[4d4a590b-4332c5ab.jpg] Left lines: 4, Right lines: 0
[4d4a590b-4332c5ab.jpg] Left lines: 0, Right lines: 0
[5069db50-52f5af30.jpg] Left lines: 6, Right lines: 4
[5069db50-52f5af30.jpg] Left lines: 3, Right lines: 0
[50866f46-30d1f303.jpg] Left lines: 16, Right lines: 20
[50866f46-30d1f303.jpg] Left lines: 11, Right lines: 15
[50b115d6-4b08a666.jpg] Left lines: 12, Right lines: 12
[50b115d6-4b08a666.jpg] Left lines: 0, Right lines: 7
[50b2e757-6c7d0f63.jpg] Left lines: 0, Right lines: 3
[50b2e757-6c7d0f63.jpg] Left lines: 0, Right lines: 1
[50d0fd05-8db58ebd.jpg] Left lines: 3, Right lines: 4
[50d0fd05-8db58ebd.jpg] Left lines: 3, Right lines: 1
[510671e9-603795e0.jpg] Left lines: 14, Right lines: 24
[510671e9-603795e0.jpg] Left lines: 3, Right lines: 13
[514a6d58-0790e0cd.jpg] Left lines: 0, Right lines: 0
[514a6d58-0790e0cd.jpg] Left lines: 0, Right lines: 0
[5150bb50-300d52ce.jpg] Left lines: 2, Right lines: 14
[5150bb50-300d52ce.jpg] Left lines: 2, Right lines: 16
[52799e9e-8c8673f3.jpg] Left lines: 0, Right lines: 11
[52799e9e-8c8673f3.jpg] Left lines: 0, Right lines: 0
[52bda346-fd8ac6e7.jpg] Left lines: 5, Right lines: 14
[52bda346-fd8ac6e7.jpg] Left lines: 3, Right lines: 2
[534418ba-ee05398f.jpg] Left lines: 13, Right lines: 11
[534418ba-ee05398f.jpg] Left lines: 13, Right lines: 9
[54360b72-e00a3f70.jpg] Left lines: 13, Right lines: 25
[54360b72-e00a3f70.jpg] Left lines: 15, Right lines: 12
[554d7cd5-a32486dd.jpg] Left lines: 0, Right lines: 13
[554d7cd5-a32486dd.jpg] Left lines: 0, Right lines: 18
[559fed19-7893646f.jpg] Left lines: 8, Right lines: 5
[559fed19-7893646f.jpg] Left lines: 1, Right lines: 7
[57165857-e4d4a47f.jpg] Left lines: 0, Right lines: 0
[57165857-e4d4a47f.jpg] Left lines: 1, Right lines: 0
[5795bfe7-a599384a.jpg] Left lines: 1, Right lines: 0
[5795bfe7-a599384a.jpg] Left lines: 0, Right lines: 0
[57ac74e2-e86131f1.jpg] Left lines: 0, Right lines: 25
[57ac74e2-e86131f1.jpg] Left lines: 0, Right lines: 5
[57b495f2-6da6b1e5.jpg] Left lines: 5, Right lines: 1
[57b495f2-6da6b1e5.jpg] Left lines: 4, Right lines: 1
[585443c8-2621a6b1.jpg] Left lines: 9, Right lines: 9
[585443c8-2621a6b1.jpg] Left lines: 2, Right lines: 1
[5877b384-2545daf4.jpg] Left lines: 4, Right lines: 0
[5877b384-2545daf4.jpg] Left lines: 4, Right lines: 1
C:\Users\amit\Project_digital_image_processing__Amit_Alon\src_Alon\lane_detection\run_lane_detection_degradation.py:257: FutureWarning: DataFrameGroupBy.apply operated on the grouping columns. This behavior is deprecated, and in a future version of pandas the grouping columns will be excluded from the operation. Either pass `include_groups=False` to exclude the groupings or explicitly select the grouping columns after groupby to silence this warning.
  distorted_df.groupby("augmentation").apply(lambda g: pd.Series({"survival_rate": survival_rate(g)})).reset_index(),
C:\Users\amit\Project_digital_image_processing__Amit_Alon\src_Alon\lane_detection\run_lane_detection_degradation.py:258: FutureWarning: DataFrameGroupBy.apply operated on the grouping columns. This behavior is deprecated, and in a future version of pandas the grouping columns will be excluded from the operation. Either pass `include_groups=False` to exclude the groupings or explicitly select the grouping columns after groupby to silence this warning.
  enhanced_df.groupby("augmentation").apply(lambda g: pd.Series({"survival_rate": survival_rate(g)})).reset_index(),
[587bb1bf-1aa00fe5.jpg] Left lines: 8, Right lines: 0
[587bb1bf-1aa00fe5.jpg] Left lines: 4, Right lines: 0
[5995c288-2d152172.jpg] Left lines: 17, Right lines: 0
[5995c288-2d152172.jpg] Left lines: 16, Right lines: 1
[59cde7c7-344bffb1.jpg] Left lines: 2, Right lines: 0
[59cde7c7-344bffb1.jpg] Left lines: 3, Right lines: 0
[5a8f9b5d-1fdfd2d4.jpg] Left lines: 32, Right lines: 6
[5a8f9b5d-1fdfd2d4.jpg] Left lines: 10, Right lines: 0
[5ae83f9c-da990b49.jpg] Left lines: 3, Right lines: 7
[5ae83f9c-da990b49.jpg] Left lines: 3, Right lines: 4
[5b2b4881-67a6cb87.jpg] Left lines: 6, Right lines: 1
[5b2b4881-67a6cb87.jpg] Left lines: 3, Right lines: 1
[5b2fd56a-37759b05.jpg] Left lines: 0, Right lines: 0
[5b2fd56a-37759b05.jpg] Left lines: 0, Right lines: 0
[5b4b0b07-2fb56b82.jpg] Left lines: 13, Right lines: 10
[5b4b0b07-2fb56b82.jpg] Left lines: 7, Right lines: 0
[5bc44a50-c371c4d0.jpg] Left lines: 6, Right lines: 12
[5bc44a50-c371c4d0.jpg] Left lines: 11, Right lines: 11
[5c4004b7-bf3b7941.jpg] Left lines: 11, Right lines: 9
[5c4004b7-bf3b7941.jpg] Left lines: 10, Right lines: 8
[5c534f5f-a76c7f4b.jpg] Left lines: 12, Right lines: 6
[5c534f5f-a76c7f4b.jpg] Left lines: 3, Right lines: 1
[5c5dc708-35460444.jpg] Left lines: 0, Right lines: 1
[5c5dc708-35460444.jpg] Left lines: 0, Right lines: 1
[5da6c6b6-76c54605.jpg] Left lines: 0, Right lines: 0
[5da6c6b6-76c54605.jpg] Left lines: 0, Right lines: 0
[5dc5141c-5890b5b1.jpg] Left lines: 0, Right lines: 3
[5dc5141c-5890b5b1.jpg] Left lines: 0, Right lines: 0
[5dd831da-bd00cf03.jpg] Left lines: 0, Right lines: 8
[5dd831da-bd00cf03.jpg] Left lines: 0, Right lines: 0
[5dfb063f-7bd23d5c.jpg] Left lines: 9, Right lines: 18
[5dfb063f-7bd23d5c.jpg] Left lines: 9, Right lines: 6
[5e0b701e-d443d8c2.jpg] Left lines: 3, Right lines: 1
[5e0b701e-d443d8c2.jpg] Left lines: 4, Right lines: 1
[5e26f49d-0bc53c7e.jpg] Left lines: 0, Right lines: 0
[5e26f49d-0bc53c7e.jpg] Left lines: 0, Right lines: 0
[5e26f49d-9271bf00.jpg] Left lines: 0, Right lines: 2
[5e26f49d-9271bf00.jpg] Left lines: 0, Right lines: 0
[5e625ec3-7b4fc682.jpg] Left lines: 5, Right lines: 5
[5e625ec3-7b4fc682.jpg] Left lines: 0, Right lines: 1
[5f9387ff-330136ae.jpg] Left lines: 0, Right lines: 0
[5f9387ff-330136ae.jpg] Left lines: 0, Right lines: 0
[5fa17a25-88b8e6b9.jpg] Left lines: 1, Right lines: 0
[5fa17a25-88b8e6b9.jpg] Left lines: 0, Right lines: 0
[5fa422e1-2d8dd765.jpg] Left lines: 25, Right lines: 4
[5fa422e1-2d8dd765.jpg] Left lines: 23, Right lines: 4
[5fb2a702-f56a339c.jpg] Left lines: 11, Right lines: 7
[5fb2a702-f56a339c.jpg] Left lines: 9, Right lines: 6
[6011831b-0992e205.jpg] Left lines: 5, Right lines: 0
[6011831b-0992e205.jpg] Left lines: 0, Right lines: 0
[60137cc0-428b8f5b.jpg] Left lines: 11, Right lines: 1
[60137cc0-428b8f5b.jpg] Left lines: 10, Right lines: 0
[604b5b3e-3c2e6b6b.jpg] Left lines: 1, Right lines: 8
[604b5b3e-3c2e6b6b.jpg] Left lines: 1, Right lines: 10
[6092f5a2-424550ba.jpg] Left lines: 11, Right lines: 0
[6092f5a2-424550ba.jpg] Left lines: 6, Right lines: 0
[60ba25dd-6c0df417.jpg] Left lines: 0, Right lines: 7
[60ba25dd-6c0df417.jpg] Left lines: 0, Right lines: 4
[60c678e7-4813ae0f.jpg] Left lines: 6, Right lines: 0
[60c678e7-4813ae0f.jpg] Left lines: 6, Right lines: 0
[614ecada-16b0f8b6.jpg] Left lines: 8, Right lines: 15
[614ecada-16b0f8b6.jpg] Left lines: 1, Right lines: 8
[61e4ad87-53ceb455.jpg] Left lines: 23, Right lines: 7
[61e4ad87-53ceb455.jpg] Left lines: 16, Right lines: 2
[6240d7b3-b51b5788.jpg] Left lines: 0, Right lines: 0
[6240d7b3-b51b5788.jpg] Left lines: 0, Right lines: 0
[62aefb36-b685117f.jpg] Left lines: 18, Right lines: 11
[62aefb36-b685117f.jpg] Left lines: 12, Right lines: 8
[634c1785-3bb9a8a2.jpg] Left lines: 0, Right lines: 0
[634c1785-3bb9a8a2.jpg] Left lines: 0, Right lines: 0
[634c1785-aeb1652f.jpg] Left lines: 8, Right lines: 4
[634c1785-aeb1652f.jpg] Left lines: 6, Right lines: 1
[63f73472-028615f1.jpg] Left lines: 6, Right lines: 0
[63f73472-028615f1.jpg] Left lines: 0, Right lines: 0
[6485ad0a-245d1600.jpg] Left lines: 4, Right lines: 0
[6485ad0a-245d1600.jpg] Left lines: 5, Right lines: 0
[648dc925-e359dbec.jpg] Left lines: 4, Right lines: 8
[648dc925-e359dbec.jpg] Left lines: 5, Right lines: 5
[65edc5a1-f309fed7.jpg] Left lines: 0, Right lines: 1
[65edc5a1-f309fed7.jpg] Left lines: 0, Right lines: 5
[661381d9-1114a810.jpg] Left lines: 1, Right lines: 2
[661381d9-1114a810.jpg] Left lines: 0, Right lines: 0
[664cb246-f84cfaf4.jpg] Left lines: 24, Right lines: 14
[664cb246-f84cfaf4.jpg] Left lines: 19, Right lines: 12
[675cf8fa-4b1ce8b9.jpg] Left lines: 14, Right lines: 13
[675cf8fa-4b1ce8b9.jpg] Left lines: 8, Right lines: 12
[67faeadf-eb09a636.jpg] Left lines: 1, Right lines: 3
[67faeadf-eb09a636.jpg] Left lines: 0, Right lines: 3
[691be377-5dbc29ee.jpg] Left lines: 10, Right lines: 2
[691be377-5dbc29ee.jpg] Left lines: 2, Right lines: 7
[692f1303-05178963.jpg] Left lines: 2, Right lines: 0
[692f1303-05178963.jpg] Left lines: 0, Right lines: 0
[692f9b08-bdbbd729.jpg] Left lines: 19, Right lines: 10
[692f9b08-bdbbd729.jpg] Left lines: 12, Right lines: 0
[69bfbe31-5ee2a642.jpg] Left lines: 15, Right lines: 12
[69bfbe31-5ee2a642.jpg] Left lines: 12, Right lines: 10
[69cf7667-68f59649.jpg] Left lines: 14, Right lines: 6
[69cf7667-68f59649.jpg] Left lines: 12, Right lines: 8
[69cf7667-7eb40860.jpg] Left lines: 28, Right lines: 0
[69cf7667-7eb40860.jpg] Left lines: 6, Right lines: 4
[6a44fb9a-05a3dd18.jpg] Left lines: 17, Right lines: 13
[6a44fb9a-05a3dd18.jpg] Left lines: 16, Right lines: 14
[6a793e80-4f5e207f.jpg] Left lines: 15, Right lines: 1
[6a793e80-4f5e207f.jpg] Left lines: 1, Right lines: 1
[6a82c0d6-b31f6b90.jpg] Left lines: 0, Right lines: 2
[6a82c0d6-b31f6b90.jpg] Left lines: 0, Right lines: 1
[6a8d218d-14e4fa28.jpg] Left lines: 8, Right lines: 2
[6a8d218d-14e4fa28.jpg] Left lines: 0, Right lines: 1
[6ad110c3-789e7724.jpg] Left lines: 26, Right lines: 10
[6ad110c3-789e7724.jpg] Left lines: 19, Right lines: 10
[6b15392a-3a1699fd.jpg] Left lines: 0, Right lines: 4
[6b15392a-3a1699fd.jpg] Left lines: 0, Right lines: 0
[6b784eee-0a5a2c89.jpg] Left lines: 7, Right lines: 0
[6b784eee-0a5a2c89.jpg] Left lines: 0, Right lines: 0
[6bb5a881-15e5c2c4.jpg] Left lines: 4, Right lines: 19
[6bb5a881-15e5c2c4.jpg] Left lines: 2, Right lines: 0
[6bd41587-d65ba5b4.jpg] Left lines: 0, Right lines: 0
[6bd41587-d65ba5b4.jpg] Left lines: 0, Right lines: 0
[6d0d7bef-fb11b6e1.jpg] Left lines: 6, Right lines: 0
[6d0d7bef-fb11b6e1.jpg] Left lines: 1, Right lines: 0
[6d57736c-a35808b9.jpg] Left lines: 12, Right lines: 7
[6d57736c-a35808b9.jpg] Left lines: 9, Right lines: 7
[6d8a6d94-00a7ad92.jpg] Left lines: 0, Right lines: 6
[6d8a6d94-00a7ad92.jpg] Left lines: 0, Right lines: 2
[6eeed3fa-87a1b0c9.jpg] Left lines: 3, Right lines: 1
[6eeed3fa-87a1b0c9.jpg] Left lines: 0, Right lines: 0
[701992bd-8a457895.jpg] Left lines: 12, Right lines: 15
[701992bd-8a457895.jpg] Left lines: 5, Right lines: 8
[7171644d-4e74752e.jpg] Left lines: 6, Right lines: 30
[7171644d-4e74752e.jpg] Left lines: 6, Right lines: 20
[7171644d-ee92c71e.jpg] Left lines: 10, Right lines: 16
[7171644d-ee92c71e.jpg] Left lines: 11, Right lines: 16
[72f22fa5-8af4615c.jpg] Left lines: 32, Right lines: 11
[72f22fa5-8af4615c.jpg] Left lines: 16, Right lines: 11
[72fd00fe-aeadfc89.jpg] Left lines: 0, Right lines: 15
[72fd00fe-aeadfc89.jpg] Left lines: 0, Right lines: 13
[730c67a5-563e9b1f.jpg] Left lines: 0, Right lines: 0
[730c67a5-563e9b1f.jpg] Left lines: 0, Right lines: 0
[738a2bcd-7a6fde0d.jpg] Left lines: 6, Right lines: 5
[738a2bcd-7a6fde0d.jpg] Left lines: 4, Right lines: 0
[73aff960-d46366ec.jpg] Left lines: 6, Right lines: 0
[73aff960-d46366ec.jpg] Left lines: 5, Right lines: 0
[73d338d6-edf0b3db.jpg] Left lines: 0, Right lines: 0
[73d338d6-edf0b3db.jpg] Left lines: 0, Right lines: 0
[75ad1fff-77299093.jpg] Left lines: 0, Right lines: 0
[75ad1fff-77299093.jpg] Left lines: 0, Right lines: 0
[75f5f52c-6b67e736.jpg] Left lines: 12, Right lines: 6
[75f5f52c-6b67e736.jpg] Left lines: 11, Right lines: 6
[777005a8-14c739ad.jpg] Left lines: 9, Right lines: 3
[777005a8-14c739ad.jpg] Left lines: 7, Right lines: 1
[7771e03b-832e52c0.jpg] Left lines: 0, Right lines: 0
[7771e03b-832e52c0.jpg] Left lines: 1, Right lines: 0
[7771e03b-a8f9d50c.jpg] Left lines: 0, Right lines: 13
[7771e03b-a8f9d50c.jpg] Left lines: 0, Right lines: 6
[7797fea2-c37f9856.jpg] Left lines: 0, Right lines: 3
[7797fea2-c37f9856.jpg] Left lines: 1, Right lines: 0
[77bdbeb0-edb0613f.jpg] Left lines: 12, Right lines: 4
[77bdbeb0-edb0613f.jpg] Left lines: 12, Right lines: 9
[77dca577-16a39ea0.jpg] Left lines: 6, Right lines: 10
[77dca577-16a39ea0.jpg] Left lines: 8, Right lines: 5
[77f810c4-43a39c1f.jpg] Left lines: 4, Right lines: 0
[77f810c4-43a39c1f.jpg] Left lines: 4, Right lines: 0
[7814206e-8e991d51.jpg] Left lines: 14, Right lines: 5
[7814206e-8e991d51.jpg] Left lines: 4, Right lines: 1
[7814206e-ea2508d0.jpg] Left lines: 1, Right lines: 10
[7814206e-ea2508d0.jpg] Left lines: 0, Right lines: 1
[79e177bc-4d5d3acc.jpg] Left lines: 4, Right lines: 12
[79e177bc-4d5d3acc.jpg] Left lines: 6, Right lines: 8
[7aa4ff0f-9d28d8a4.jpg] Left lines: 5, Right lines: 13
[7aa4ff0f-9d28d8a4.jpg] Left lines: 1, Right lines: 9
[7ad1174c-373265eb.jpg] Left lines: 1, Right lines: 0
[7ad1174c-373265eb.jpg] Left lines: 0, Right lines: 0
[7b268b98-e0ec16c3.jpg] Left lines: 3, Right lines: 2
[7b268b98-e0ec16c3.jpg] Left lines: 5, Right lines: 4
[7c5a2048-332896ea.jpg] Left lines: 2, Right lines: 0
[7c5a2048-332896ea.jpg] Left lines: 0, Right lines: 1
[7c5d50c5-7292de37.jpg] Left lines: 1, Right lines: 3
[7c5d50c5-7292de37.jpg] Left lines: 0, Right lines: 3
[7d1fe115-936a2f47.jpg] Left lines: 7, Right lines: 14
[7d1fe115-936a2f47.jpg] Left lines: 1, Right lines: 10
[7dc2914d-a20a969a.jpg] Left lines: 1, Right lines: 1
[7dc2914d-a20a969a.jpg] Left lines: 0, Right lines: 0
[7e4ab78b-4a62c63e.jpg] Left lines: 2, Right lines: 0
[7e4ab78b-4a62c63e.jpg] Left lines: 1, Right lines: 0
[7e590c49-93f03732.jpg] Left lines: 3, Right lines: 5
[7e590c49-93f03732.jpg] Left lines: 0, Right lines: 3
[7ed57d0a-d7bcc13d.jpg] Left lines: 0, Right lines: 3
[7ed57d0a-d7bcc13d.jpg] Left lines: 0, Right lines: 1
[7f0ef682-c93899df.jpg] Left lines: 0, Right lines: 12
[7f0ef682-c93899df.jpg] Left lines: 0, Right lines: 3
[7f4ac354-777de900.jpg] Left lines: 1, Right lines: 0
[7f4ac354-777de900.jpg] Left lines: 0, Right lines: 0
[7f9bdf0d-c0e0061f.jpg] Left lines: 19, Right lines: 0
[7f9bdf0d-c0e0061f.jpg] Left lines: 15, Right lines: 0
[7fd14da9-a855494b.jpg] Left lines: 21, Right lines: 13
[7fd14da9-a855494b.jpg] Left lines: 12, Right lines: 3
[801bff84-a72998c7.jpg] Left lines: 28, Right lines: 20
[801bff84-a72998c7.jpg] Left lines: 32, Right lines: 14
[8073de38-f7eab6ec.jpg] Left lines: 16, Right lines: 18
[8073de38-f7eab6ec.jpg] Left lines: 13, Right lines: 7
[8082ea05-1a7bcd47.jpg] Left lines: 13, Right lines: 8
[8082ea05-1a7bcd47.jpg] Left lines: 6, Right lines: 4
[80ecebc0-ca9605f4.jpg] Left lines: 5, Right lines: 0
[80ecebc0-ca9605f4.jpg] Left lines: 2, Right lines: 0
[81ec3b39-1951f79e.jpg] Left lines: 11, Right lines: 0
[81ec3b39-1951f79e.jpg] Left lines: 11, Right lines: 0
[82b14c0c-79b99258.jpg] Left lines: 6, Right lines: 16
[82b14c0c-79b99258.jpg] Left lines: 6, Right lines: 10
[82b5fc3b-90cadd1b.jpg] Left lines: 2, Right lines: 16
[82b5fc3b-90cadd1b.jpg] Left lines: 0, Right lines: 8
[82f03471-8e304dd5.jpg] Left lines: 6, Right lines: 3
[82f03471-8e304dd5.jpg] Left lines: 5, Right lines: 5
[836fa13a-d6058a12.jpg] Left lines: 11, Right lines: 0
[836fa13a-d6058a12.jpg] Left lines: 7, Right lines: 0
[84fb3f59-7d5d1fa4.jpg] Left lines: 8, Right lines: 19
[84fb3f59-7d5d1fa4.jpg] Left lines: 4, Right lines: 17
[8542b4da-7795bcfd.jpg] Left lines: 16, Right lines: 15
[8542b4da-7795bcfd.jpg] Left lines: 10, Right lines: 14
[85f3f250-1fef85ac.jpg] Left lines: 12, Right lines: 19
[85f3f250-1fef85ac.jpg] Left lines: 10, Right lines: 2
[87ca2979-d5158824.jpg] Left lines: 4, Right lines: 3
[87ca2979-d5158824.jpg] Left lines: 5, Right lines: 0
[889b7dda-77f16103.jpg] Left lines: 6, Right lines: 14
[889b7dda-77f16103.jpg] Left lines: 6, Right lines: 15
[88dbf01a-d8b35dee.jpg] Left lines: 8, Right lines: 0
[88dbf01a-d8b35dee.jpg] Left lines: 2, Right lines: 0
[897223bc-6938f1ab.jpg] Left lines: 0, Right lines: 1
[897223bc-6938f1ab.jpg] Left lines: 0, Right lines: 0
[89b7454d-880eacbd.jpg] Left lines: 0, Right lines: 0
[89b7454d-880eacbd.jpg] Left lines: 0, Right lines: 0
[89e85e71-7dd0a7b6.jpg] Left lines: 23, Right lines: 24
[89e85e71-7dd0a7b6.jpg] Left lines: 26, Right lines: 29
[8a4fbffe-47866ce9.jpg] Left lines: 2, Right lines: 2
[8a4fbffe-47866ce9.jpg] Left lines: 0, Right lines: 0
[8a76c101-8bcefc32.jpg] Left lines: 3, Right lines: 14
[8a76c101-8bcefc32.jpg] Left lines: 4, Right lines: 11
[8b7ef6c4-6bbcf25f.jpg] Left lines: 18, Right lines: 12
[8b7ef6c4-6bbcf25f.jpg] Left lines: 13, Right lines: 12
[8bac644e-e0437ead.jpg] Left lines: 1, Right lines: 3
[8bac644e-e0437ead.jpg] Left lines: 2, Right lines: 0
[8c94c649-8ba62efa.jpg] Left lines: 0, Right lines: 2
[8c94c649-8ba62efa.jpg] Left lines: 0, Right lines: 0
[8c9bbaa9-34934b66.jpg] Left lines: 0, Right lines: 14
[8c9bbaa9-34934b66.jpg] Left lines: 0, Right lines: 7

=== Level summary (mean per augmentation/level, distorted) ===
augmentation  level    snr_db  survival_rate  mean_left_diff_px  mean_right_diff_px
   low_light      1  9.765931       0.868687          18.098592           19.644599
   low_light      2  7.376158       0.833333          19.344444           21.505455
   low_light      3  5.517609       0.725589          25.751037           28.330612
   low_light      4  4.066479       0.552189          25.353933           25.500000
   low_light      5  2.911405       0.234007          35.265823           28.294118
   low_light      6  1.959280       0.001684         108.000000            5.000000
   low_light      7  1.203349       0.000000                NaN                 NaN
   low_light      8  0.614996       0.000000                NaN                 NaN
   low_light      9  0.186012       0.000000                NaN                 NaN
 motion_blur      1 33.990174       0.897306          16.150685           18.805654
 motion_blur      2 29.130685       0.872054          17.447183           22.925795
 motion_blur      3 25.567900       0.683502          28.838843           30.838057
 motion_blur      4 24.603331       0.526936          32.659574           27.990000
 motion_blur      5 23.248913       0.207071          36.735294           41.758242
 motion_blur      6 22.738928       0.116162          44.631579           59.933333
 motion_blur      7 22.302079       0.067340          38.333333           20.629630
 motion_blur      8 21.580609       0.018519          20.571429           17.750000
 motion_blur      9 21.275793       0.011785          43.200000           83.400000
        rain      1 22.135420       0.892256          17.222222           18.123239
        rain      2 16.827749       0.887205          19.607639           19.414035
        rain      3 12.770308       0.855219          24.540070           25.978495
        rain      4 10.350340       0.835017          24.211470           25.521583
        rain      5  8.612072       0.799663          26.915751           31.220588
        rain      6  7.335080       0.747475          38.296578           29.254826
        rain      7  6.329743       0.722222          43.114068           35.451220
        rain      8  5.518848       0.638047          42.410256           37.085837
        rain      9  4.819753       0.594276          42.456621           54.385650

Results written to C:\Users\amit\Project_digital_image_processing__Amit_Alon\outputs\csv_results\task1 and C:\Users\amit\Project_digital_image_processing__Amit_Alon\outputs\graph_results\task1
TASK1_EXIT=0
