filename,augmentation,level,achieved_snr_db
0049e5b8-725e21a0.jpg,motion_blur,1,34.45
0049e5b8-725e21a0.jpg,motion_blur,2,30.08
0049e5b8-725e21a0.jpg,motion_blur,3,28.16
0049e5b8-725e21a0.jpg,motion_blur,4,26.96
0049e5b8-725e21a0.jpg,motion_blur,5,26.04
0049e5b8-725e21a0.jpg,motion_blur,6,25.29
0049e5b8-725e21a0.jpg,motion_blur,7,24.69
0049e5b8-725e21a0.jpg,motion_blur,8,24.21
0049e5b8-725e21a0.jpg,motion_blur,9,23.82
0049e5b8-725e21a0.jpg,low_light,1,9.9
0049e5b8-725e21a0.jpg,low_light,2,7.48
0049e5b8-725e21a0.jpg,low_light,3,5.59
0049e5b8-725e21a0.jpg,low_light,4,4.12
0049e5b8-725e21a0.jpg,low_light,5,2.95
0049e5b8-725e21a0.jpg,low_light,6,1.98
0049e5b8-725e21a0.jpg,low_light,7,1.22
0049e5b8-725e21a0.jpg,low_light,8,0.62
0049e5b8-725e21a0.jpg,low_light,9,0.19
0049e5b8-725e21a0.jpg,rain,1,20.83
0049e5b8-725e21a0.jpg,rain,2,15.65
0049e5b8-725e21a0.jpg,rain,3,12.14
0049e5b8-725e21a0.jpg,rain,4,9.95
0049e5b8-725e21a0.jpg,rain,5,8.36
0049e5b8-725e21a0.jpg,rain,6,7.18
0049e5b8-725e21a0.jpg,rain,7,6.24
0049e5b8-725e21a0.jpg,rain,8,5.48
0049e5b8-725e21a0.jpg,rain,9,4.81
0081e27b-17bf4a9e.jpg,motion_blur,1,33.81
0081e27b-17bf4a9e.jpg,motion_blur,2,29.21
0081e27b-17bf4a9e.jpg,motion_blur,3,27.22
0081e27b-17bf4a9e.jpg,motion_blur,4,26.12
0081e27b-17bf4a9e.jpg,motion_blur,5,25.35
0081e27b-17bf4a9e.jpg,motion_blur,6,24.75
0081e27b-17bf4a9e.jpg,motion_blur,7,24.25
0081e27b-17bf4a9e.jpg,motion_blur,8,23.82
0081e27b-17bf4a9e.jpg,motion_blur,9,23.45
0081e27b-17bf4a9e.jpg,low_light,1,9.93
0081e27b-17bf4a9e.jpg,low_light,2,7.5
0081e27b-17bf4a9e.jpg,low_light,3,5.6
0081e27b-17bf4a9e.jpg,low_light,4,4.12
0081e27b-17bf4a9e.jpg,low_light,5,2.95
0081e27b-17bf4a9e.jpg,low_light,6,1.99
0081e27b-17bf4a9e.jpg,low_light,7,1.22
0081e27b-17bf4a9e.jpg,low_light,8,0.63
0081e27b-17bf4a9e.jpg,low_light,9,0.19
0081e27b-17bf4a9e.jpg,rain,1,21.7
0081e27b-17bf4a9e.jpg,rain,2,16.65
0081e27b-17bf4a9e.jpg,rain,3,12.85
0081e27b-17bf4a9e.jpg,rain,4,10.5
0081e27b-17bf4a9e.jpg,rain,5,8.77
0081e27b-17bf4a9e.jpg,rain,6,7.5
0081e27b-17bf4a9e.jpg,rain,7,6.49
0081e27b-17bf4a9e.jpg,rain,8,5.69
0081e27b-17bf4a9e.jpg,rain,9,5.0
00beeb02-50440dcd.jpg,motion_blur,1,32.64
00beeb02-50440dcd.jpg,motion_blur,2,27.72
00beeb02-50440dcd.jpg,motion_blur,3,25.56
00beeb02-50440dcd.jpg,motion_blur,4,24.31
00beeb02-50440dcd.jpg,motion_blur,5,23.4
00beeb02-50440dcd.jpg,motion_blur,6,22.69
00beeb02-50440dcd.jpg,motion_blur,7,22.12
00beeb02-50440dcd.jpg,motion_blur,8,21.66
00beeb02-50440dcd.jpg,motion_blur,9,21.28
00beeb02-50440dcd.jpg,low_light,1,9.73
00beeb02-50440dcd.jpg,low_light,2,7.43
00beeb02-50440dcd.jpg,low_light,3,5.58
00beeb02-50440dcd.jpg,low_light,4,4.12
00beeb02-50440dcd.jpg,low_light,5,2.95
00beeb02-50440dcd.jpg,low_light,6,1.99
00beeb02-50440dcd.jpg,low_light,7,1.22
00beeb02-50440dcd.jpg,low_light,8,0.62
00beeb02-50440dcd.jpg,low_light,9,0.19
00beeb02-50440dcd.jpg,rain,1,22.19
00beeb02-50440dcd.jpg,rain,2,15.99
00beeb02-50440dcd.jpg,rain,3,12.01
00beeb02-50440dcd.jpg,rain,4,9.6
00beeb02-50440dcd.jpg,rain,5,7.86
00beeb02-50440dcd.jpg,rain,6,6.57
00beeb02-50440dcd.jpg,rain,7,5.53
00beeb02-50440dcd.jpg,rain,8,4.68
00beeb02-50440dcd.jpg,rain,9,3.94
00d4b6b7-7d0a60bf.jpg,motion_blur,1,31.73
00d4b6b7-7d0a60bf.jpg,motion_blur,2,26.97
00d4b6b7-7d0a60bf.jpg,motion_blur,3,25.17
00d4b6b7-7d0a60bf.jpg,motion_blur,4,24.13
00d4b6b7-7d0a60bf.jpg,motion_blur,5,23.3
00d4b6b7-7d0a60bf.jpg,motion_blur,6,22.65
00d4b6b7-7d0a60bf.jpg,motion_blur,7,22.13
00d4b6b7-7d0a60bf.jpg,motion_blur,8,21.68
00d4b6b7-7d0a60bf.jpg,motion_blur,9,21.28
00d4b6b7-7d0a60bf.jpg,low_light,1,10.16
00d4b6b7-7d0a60bf.jpg,low_light,2,7.59
00d4b6b7-7d0a60bf.jpg,low_light,3,5.64
00d4b6b7-7d0a60bf.jpg,low_light,4,4.15
00d4b6b7-7d0a60bf.jpg,low_light,5,2.96
00d4b6b7-7d0a60bf.jpg,low_light,6,1.99
00d4b6b7-7d0a60bf.jpg,low_light,7,1.22
00d4b6b7-7d0a60bf.jpg,low_light,8,0.62
00d4b6b7-7d0a60bf.jpg,low_light,9,0.19
00d4b6b7-7d0a60bf.jpg,rain,1,21.62
00d4b6b7-7d0a60bf.jpg,rain,2,16.35
00d4b6b7-7d0a60bf.jpg,rain,3,12.3
00d4b6b7-7d0a60bf.jpg,rain,4,9.88
00d4b6b7-7d0a60bf.jpg,rain,5,8.16
00d4b6b7-7d0a60bf.jpg,rain,6,6.91
00d4b6b7-7d0a60bf.jpg,rain,7,5.94
00d4b6b7-7d0a60bf.jpg,rain,8,5.17
00d4b6b7-7d0a60bf.jpg,rain,9,4.52
01118704-2d838d7f.jpg,motion_blur,1,31.93
01118704-2d838d7f.jpg,motion_blur,2,27.41
01118704-2d838d7f.jpg,motion_blur,3,25.29
01118704-2d838d7f.jpg,motion_blur,4,23.97
01118704-2d838d7f.jpg,motion_blur,5,23.03
01118704-2d838d7f.jpg,motion_blur,6,22.32
01118704-2d838d7f.jpg,motion_blur,7,21.76
01118704-2d838d7f.jpg,motion_blur,8,21.29
01118704-2d838d7f.jpg,motion_blur,9,20.88
01118704-2d838d7f.jpg,low_light,1,10.18
01118704-2d838d7f.jpg,low_light,2,7.63
01118704-2d838d7f.jpg,low_light,3,5.68
01118704-2d838d7f.jpg,low_light,4,4.17
01118704-2d838d7f.jpg,low_light,5,2.98
01118704-2d838d7f.jpg,low_light,6,2.0
01118704-2d838d7f.jpg,low_light,7,1.23
01118704-2d838d7f.jpg,low_light,8,0.63
01118704-2d838d7f.jpg,low_light,9,0.19
01118704-2d838d7f.jpg,rain,1,23.22
01118704-2d838d7f.jpg,rain,2,18.45
01118704-2d838d7f.jpg,rain,3,14.0
01118704-2d838d7f.jpg,rain,4,11.42
01118704-2d838d7f.jpg,rain,5,9.62
01118704-2d838d7f.jpg,rain,6,8.31
01118704-2d838d7f.jpg,rain,7,7.3
01118704-2d838d7f.jpg,rain,8,6.5
01118704-2d838d7f.jpg,rain,9,5.81
0115917e-14907a6a.jpg,motion_blur,1,34.12
0115917e-14907a6a.jpg,motion_blur,2,29.15
0115917e-14907a6a.jpg,motion_blur,3,26.87
0115917e-14907a6a.jpg,motion_blur,4,25.5
0115917e-14907a6a.jpg,motion_blur,5,24.51
0115917e-14907a6a.jpg,motion_blur,6,23.77
0115917e-14907a6a.jpg,motion_blur,7,23.19
0115917e-14907a6a.jpg,motion_blur,8,22.7
0115917e-14907a6a.jpg,motion_blur,9,22.27
0115917e-14907a6a.jpg,low_light,1,9.42
0115917e-14907a6a.jpg,low_light,2,7.17
0115917e-14907a6a.jpg,low_light,3,5.39
0115917e-14907a6a.jpg,low_light,4,3.98
0115917e-14907a6a.jpg,low_light,5,2.86
0115917e-14907a6a.jpg,low_light,6,1.92
0115917e-14907a6a.jpg,low_light,7,1.18
0115917e-14907a6a.jpg,low_light,8,0.6
0115917e-14907a6a.jpg,low_light,9,0.18
0115917e-14907a6a.jpg,rain,1,21.83
0115917e-14907a6a.jpg,rain,2,16.11
0115917e-14907a6a.jpg,rain,3,12.26
0115917e-14907a6a.jpg,rain,4,9.91
0115917e-14907a6a.jpg,rain,5,8.21
0115917e-14907a6a.jpg,rain,6,6.94
0115917e-14907a6a.jpg,rain,7,5.93
0115917e-14907a6a.jpg,rain,8,5.11
0115917e-14907a6a.jpg,rain,9,4.41
02188a44-65ad27f3.jpg,motion_blur,1,33.01
02188a44-65ad27f3.jpg,motion_blur,2,27.96
02188a44-65ad27f3.jpg,motion_blur,3,25.75
02188a44-65ad27f3.jpg,motion_blur,4,24.49
02188a44-65ad27f3.jpg,motion_blur,5,23.59
02188a44-65ad27f3.jpg,motion_blur,6,22.9
02188a44-65ad27f3.jpg,motion_blur,7,22.35
02188a44-65ad27f3.jpg,motion_blur,8,21.89
02188a44-65ad27f3.jpg,motion_blur,9,21.5
02188a44-65ad27f3.jpg,low_light,1,8.84
02188a44-65ad27f3.jpg,low_light,2,6.77
02188a44-65ad27f3.jpg,low_light,3,5.11
02188a44-65ad27f3.jpg,low_light,4,3.79
02188a44-65ad27f3.jpg,low_light,5,2.72
02188a44-65ad27f3.jpg,low_light,6,1.84
02188a44-65ad27f3.jpg,low_light,7,1.13
02188a44-65ad27f3.jpg,low_light,8,0.57
02188a44-65ad27f3.jpg,low_light,9,0.17
02188a44-65ad27f3.jpg,rain,1,23.14
02188a44-65ad27f3.jpg,rain,2,16.92
02188a44-65ad27f3.jpg,rain,3,12.41
02188a44-65ad27f3.jpg,rain,4,9.79
02188a44-65ad27f3.jpg,rain,5,7.94
02188a44-65ad27f3.jpg,rain,6,6.58
02188a44-65ad27f3.jpg,rain,7,5.52
02188a44-65ad27f3.jpg,rain,8,4.68
02188a44-65ad27f3.jpg,rain,9,3.95
02494b7b-079febf8.jpg,motion_blur,1,33.82
02494b7b-079febf8.jpg,motion_blur,2,28.61
02494b7b-079febf8.jpg,motion_blur,3,26.08
02494b7b-079febf8.jpg,motion_blur,4,24.58
02494b7b-079febf8.jpg,motion_blur,5,23.55
02494b7b-079febf8.jpg,motion_blur,6,22.78
02494b7b-079febf8.jpg,motion_blur,7,22.17
02494b7b-079febf8.jpg,motion_blur,8,21.67
02494b7b-079febf8.jpg,motion_blur,9,21.23
02494b7b-079febf8.jpg,low_light,1,9.77
02494b7b-079febf8.jpg,low_light,2,7.49
02494b7b-079febf8.jpg,low_light,3,5.61
02494b7b-079febf8.jpg,low_light,4,4.16
02494b7b-079febf8.jpg,low_light,5,2.97
02494b7b-079febf8.jpg,low_light,6,2.01
02494b7b-079febf8.jpg,low_light,7,1.23
02494b7b-079febf8.jpg,low_light,8,0.63
02494b7b-079febf8.jpg,low_light,9,0.19
02494b7b-079febf8.jpg,rain,1,21.53
02494b7b-079febf8.jpg,rain,2,15.82
02494b7b-079febf8.jpg,rain,3,11.72
02494b7b-079febf8.jpg,rain,4,9.21
02494b7b-079febf8.jpg,rain,5,7.39
02494b7b-079febf8.jpg,rain,6,6.04
02494b7b-079febf8.jpg,rain,7,4.96
02494b7b-079febf8.jpg,rain,8,4.07
02494b7b-079febf8.jpg,rain,9,3.31
029ffd50-dc944dba.jpg,motion_blur,1,31.33
029ffd50-dc944dba.jpg,motion_blur,2,26.64
029ffd50-dc944dba.jpg,motion_blur,3,24.59
029ffd50-dc944dba.jpg,motion_blur,4,23.35
029ffd50-dc944dba.jpg,motion_blur,5,22.44
029ffd50-dc944dba.jpg,motion_blur,6,21.74
029ffd50-dc944dba.jpg,motion_blur,7,21.18
029ffd50-dc944dba.jpg,motion_blur,8,20.71
029ffd50-dc944dba.jpg,motion_blur,9,20.33
029ffd50-dc944dba.jpg,low_light,1,9.48
029ffd50-dc944dba.jpg,low_light,2,7.25
029ffd50-dc944dba.jpg,low_light,3,5.45
029ffd50-dc944dba.jpg,low_light,4,4.03
029ffd50-dc944dba.jpg,low_light,5,2.89
029ffd50-dc944dba.jpg,low_light,6,1.95
029ffd50-dc944dba.jpg,low_light,7,1.2
029ffd50-dc944dba.jpg,low_light,8,0.61
029ffd50-dc944dba.jpg,low_light,9,0.18
029ffd50-dc944dba.jpg,rain,1,22.0
029ffd50-dc944dba.jpg,rain,2,15.09
029ffd50-dc944dba.jpg,rain,3,11.09
029ffd50-dc944dba.jpg,rain,4,8.69
029ffd50-dc944dba.jpg,rain,5,6.95
029ffd50-dc944dba.jpg,rain,6,5.66
029ffd50-dc944dba.jpg,rain,7,4.63
029ffd50-dc944dba.jpg,rain,8,3.79
029ffd50-dc944dba.jpg,rain,9,3.05
0464a98b-860229d5.jpg,motion_blur,1,29.4
0464a98b-860229d5.jpg,motion_blur,2,24.96
0464a98b-860229d5.jpg,motion_blur,3,23.14
0464a98b-860229d5.jpg,motion_blur,4,22.08
0464a98b-860229d5.jpg,motion_blur,5,21.29
0464a98b-860229d5.jpg,motion_blur,6,20.66
0464a98b-860229d5.jpg,motion_blur,7,20.13
0464a98b-860229d5.jpg,motion_blur,8,19.68
0464a98b-860229d5.jpg,motion_blur,9,19.29
0464a98b-860229d5.jpg,low_light,1,10.25
0464a98b-860229d5.jpg,low_light,2,7.74
0464a98b-860229d5.jpg,low_light,3,5.77
0464a98b-860229d5.jpg,low_light,4,4.24
0464a98b-860229d5.jpg,low_light,5,3.03
0464a98b-860229d5.jpg,low_light,6,2.04
0464a98b-860229d5.jpg,low_light,7,1.25
0464a98b-860229d5.jpg,low_light,8,0.64
0464a98b-860229d5.jpg,low_light,9,0.19
0464a98b-860229d5.jpg,rain,1,22.61
0464a98b-860229d5.jpg,rain,2,17.31
0464a98b-860229d5.jpg,rain,3,13.07
0464a98b-860229d5.jpg,rain,4,10.54
0464a98b-860229d5.jpg,rain,5,8.74
0464a98b-860229d5.jpg,rain,6,7.4
0464a98b-860229d5.jpg,rain,7,6.33
0464a98b-860229d5.jpg,rain,8,5.45
0464a98b-860229d5.jpg,rain,9,4.7
051aadb7-51aad566.jpg,motion_blur,1,36.26
051aadb7-51aad566.jpg,motion_blur,2,31.27
051aadb7-51aad566.jpg,motion_blur,3,29.17
051aadb7-51aad566.jpg,motion_blur,4,27.93
051aadb7-51aad566.jpg,motion_blur,5,27.02
051aadb7-51aad566.jpg,motion_blur,6,26.32
051aadb7-51aad566.jpg,motion_blur,7,25.76
051aadb7-51aad566.jpg,motion_blur,8,25.29
051aadb7-51aad566.jpg,motion_blur,9,24.88
051aadb7-51aad566.jpg,low_light,1,10.16
051aadb7-51aad566.jpg,low_light,2,7.62
051aadb7-51aad566.jpg,low_light,3,5.68
051aadb7-51aad566.jpg,low_light,4,4.17
051aadb7-51aad566.jpg,low_light,5,2.98
051aadb7-51aad566.jpg,low_light,6,2.0
051aadb7-51aad566.jpg,low_light,7,1.23
051aadb7-51aad566.jpg,low_light,8,0.63
051aadb7-51aad566.jpg,low_light,9,0.19
051aadb7-51aad566.jpg,rain,1,21.29
051aadb7-51aad566.jpg,rain,2,16.94
051aadb7-51aad566.jpg,rain,3,13.41
051aadb7-51aad566.jpg,rain,4,11.22
051aadb7-51aad566.jpg,rain,5,9.61
051aadb7-51aad566.jpg,rain,6,8.42
051aadb7-51aad566.jpg,rain,7,7.48
051aadb7-51aad566.jpg,rain,8,6.72
051aadb7-51aad566.jpg,rain,9,6.06
051aadb7-e953bc4d.jpg,motion_blur,1,30.77
051aadb7-e953bc4d.jpg,motion_blur,2,25.68
051aadb7-e953bc4d.jpg,motion_blur,3,23.63
051aadb7-e953bc4d.jpg,motion_blur,4,22.5
051aadb7-e953bc4d.jpg,motion_blur,5,21.66
051aadb7-e953bc4d.jpg,motion_blur,6,21.0
051aadb7-e953bc4d.jpg,motion_blur,7,20.5
051aadb7-e953bc4d.jpg,motion_blur,8,20.1
051aadb7-e953bc4d.jpg,motion_blur,9,19.78
051aadb7-e953bc4d.jpg,low_light,1,9.62
051aadb7-e953bc4d.jpg,low_light,2,7.35
051aadb7-e953bc4d.jpg,low_light,3,5.52
051aadb7-e953bc4d.jpg,low_light,4,4.08
051aadb7-e953bc4d.jpg,low_light,5,2.92
051aadb7-e953bc4d.jpg,low_light,6,1.97
051aadb7-e953bc4d.jpg,low_light,7,1.21
051aadb7-e953bc4d.jpg,low_light,8,0.62
051aadb7-e953bc4d.jpg,low_light,9,0.19
051aadb7-e953bc4d.jpg,rain,1,19.89
051aadb7-e953bc4d.jpg,rain,2,13.49
051aadb7-e953bc4d.jpg,rain,3,9.97
051aadb7-e953bc4d.jpg,rain,4,7.78
051aadb7-e953bc4d.jpg,rain,5,6.16
051aadb7-e953bc4d.jpg,rain,6,4.94
051aadb7-e953bc4d.jpg,rain,7,3.96
051aadb7-e953bc4d.jpg,rain,8,3.15
051aadb7-e953bc4d.jpg,rain,9,2.45
05743a9b-747658e7.jpg,motion_blur,1,37.29
05743a9b-747658e7.jpg,motion_blur,2,32.21
05743a9b-747658e7.jpg,motion_blur,3,29.84
05743a9b-747658e7.jpg,motion_blur,4,28.39
05743a9b-747658e7.jpg,motion_blur,5,27.32
05743a9b-747658e7.jpg,motion_blur,6,26.48
05743a9b-747658e7.jpg,motion_blur,7,25.81
05743a9b-747658e7.jpg,motion_blur,8,25.26
05743a9b-747658e7.jpg,motion_blur,9,24.8
05743a9b-747658e7.jpg,low_light,1,10.48
05743a9b-747658e7.jpg,low_light,2,7.79
05743a9b-747658e7.jpg,low_light,3,5.78
05743a9b-747658e7.jpg,low_light,4,4.24
05743a9b-747658e7.jpg,low_light,5,3.02
05743a9b-747658e7.jpg,low_light,6,2.03
05743a9b-747658e7.jpg,low_light,7,1.25
05743a9b-747658e7.jpg,low_light,8,0.64
05743a9b-747658e7.jpg,low_light,9,0.2
05743a9b-747658e7.jpg,rain,1,23.1
05743a9b-747658e7.jpg,rain,2,19.13
05743a9b-747658e7.jpg,rain,3,14.99
05743a9b-747658e7.jpg,rain,4,12.56
05743a9b-747658e7.jpg,rain,5,10.82
05743a9b-747658e7.jpg,rain,6,9.57
05743a9b-747658e7.jpg,rain,7,8.6
05743a9b-747658e7.jpg,rain,8,7.83
05743a9b-747658e7.jpg,rain,9,7.18
057af272-6f700aef.jpg,motion_blur,1,37.07
057af272-6f700aef.jpg,motion_blur,2,32.41
057af272-6f700aef.jpg,motion_blur,3,30.21
057af272-6f700aef.jpg,motion_blur,4,28.84
057af272-6f700aef.jpg,motion_blur,5,27.83
057af272-6f700aef.jpg,motion_blur,6,27.07
057af272-6f700aef.jpg,motion_blur,7,26.46
057af272-6f700aef.jpg,motion_blur,8,25.94
057af272-6f700aef.jpg,motion_blur,9,25.51
057af272-6f700aef.jpg,low_light,1,9.9
057af272-6f700aef.jpg,low_light,2,7.5
057af272-6f700aef.jpg,low_light,3,5.61
057af272-6f700aef.jpg,low_light,4,4.13
057af272-6f700aef.jpg,low_light,5,2.96
057af272-6f700aef.jpg,low_light,6,1.99
057af272-6f700aef.jpg,low_light,7,1.22
057af272-6f700aef.jpg,low_light,8,0.63
057af272-6f700aef.jpg,low_light,9,0.19
057af272-6f700aef.jpg,rain,1,23.03
057af272-6f700aef.jpg,rain,2,17.22
057af272-6f700aef.jpg,rain,3,12.95
057af272-6f700aef.jpg,rain,4,10.48
057af272-6f700aef.jpg,rain,5,8.7
057af272-6f700aef.jpg,rain,6,7.4
057af272-6f700aef.jpg,rain,7,6.37
057af272-6f700aef.jpg,rain,8,5.53
057af272-6f700aef.jpg,rain,9,4.8
05d62296-30c620d5.jpg,motion_blur,1,32.21
05d62296-30c620d5.jpg,motion_blur,2,27.74
05d62296-30c620d5.jpg,motion_blur,3,25.62
05d62296-30c620d5.jpg,motion_blur,4,24.39
05d62296-30c620d5.jpg,motion_blur,5,23.56
05d62296-30c620d5.jpg,motion_blur,6,22.89
05d62296-30c620d5.jpg,motion_blur,7,22.3
05d62296-30c620d5.jpg,motion_blur,8,21.8
05d62296-30c620d5.jpg,motion_blur,9,21.37
05d62296-30c620d5.jpg,low_light,1,9.97
05d62296-30c620d5.jpg,low_light,2,7.54
05d62296-30c620d5.jpg,low_light,3,5.64
05d62296-30c620d5.jpg,low_light,4,4.15
05d62296-30c620d5.jpg,low_light,5,2.97
05d62296-30c620d5.jpg,low_light,6,2.0
05d62296-30c620d5.jpg,low_light,7,1.23
05d62296-30c620d5.jpg,low_light,8,0.63
05d62296-30c620d5.jpg,low_light,9,0.19
05d62296-30c620d5.jpg,rain,1,23.08
05d62296-30c620d5.jpg,rain,2,17.38
05d62296-30c620d5.jpg,rain,3,12.97
05d62296-30c620d5.jpg,rain,4,10.44
05d62296-30c620d5.jpg,rain,5,8.62
05d62296-30c620d5.jpg,rain,6,7.33
05d62296-30c620d5.jpg,rain,7,6.28
05d62296-30c620d5.jpg,rain,8,5.47
05d62296-30c620d5.jpg,rain,9,4.73
05e5a68e-f0e05a42.jpg,motion_blur,1,30.63
05e5a68e-f0e05a42.jpg,motion_blur,2,25.93
05e5a68e-f0e05a42.jpg,motion_blur,3,24.11
05e5a68e-f0e05a42.jpg,motion_blur,4,23.14
05e5a68e-f0e05a42.jpg,motion_blur,5,22.43
05e5a68e-f0e05a42.jpg,motion_blur,6,21.86
05e5a68e-f0e05a42.jpg,motion_blur,7,21.38
05e5a68e-f0e05a42.jpg,motion_blur,8,20.98
05e5a68e-f0e05a42.jpg,motion_blur,9,20.61
05e5a68e-f0e05a42.jpg,low_light,1,9.69
05e5a68e-f0e05a42.jpg,low_light,2,7.3
05e5a68e-f0e05a42.jpg,low_light,3,5.46
05e5a68e-f0e05a42.jpg,low_light,4,4.02
05e5a68e-f0e05a42.jpg,low_light,5,2.88
05e5a68e-f0e05a42.jpg,low_light,6,1.94
05e5a68e-f0e05a42.jpg,low_light,7,1.19
05e5a68e-f0e05a42.jpg,low_light,8,0.61
05e5a68e-f0e05a42.jpg,low_light,9,0.18
05e5a68e-f0e05a42.jpg,rain,1,17.98
05e5a68e-f0e05a42.jpg,rain,2,14.16
05e5a68e-f0e05a42.jpg,rain,3,11.12
05e5a68e-f0e05a42.jpg,rain,4,9.07
05e5a68e-f0e05a42.jpg,rain,5,7.55
05e5a68e-f0e05a42.jpg,rain,6,6.38
05e5a68e-f0e05a42.jpg,rain,7,5.45
05e5a68e-f0e05a42.jpg,rain,8,4.69
05e5a68e-f0e05a42.jpg,rain,9,4.04
05fa6494-8f436d04.jpg,motion_blur,1,31.08
05fa6494-8f436d04.jpg,motion_blur,2,26.56
05fa6494-8f436d04.jpg,motion_blur,3,24.49
05fa6494-8f436d04.jpg,motion_blur,4,23.31
05fa6494-8f436d04.jpg,motion_blur,5,22.51
05fa6494-8f436d04.jpg,motion_blur,6,21.89
05fa6494-8f436d04.jpg,motion_blur,7,21.37
05fa6494-8f436d04.jpg,motion_blur,8,20.91
05fa6494-8f436d04.jpg,motion_blur,9,20.52
05fa6494-8f436d04.jpg,low_light,1,9.21
05fa6494-8f436d04.jpg,low_light,2,7.02
05fa6494-8f436d04.jpg,low_light,3,5.28
05fa6494-8f436d04.jpg,low_light,4,3.9
05fa6494-8f436d04.jpg,low_light,5,2.8
05fa6494-8f436d04.jpg,low_light,6,1.89
05fa6494-8f436d04.jpg,low_light,7,1.16
05fa6494-8f436d04.jpg,low_light,8,0.59
05fa6494-8f436d04.jpg,low_light,9,0.18
05fa6494-8f436d04.jpg,rain,1,23.35
05fa6494-8f436d04.jpg,rain,2,17.54
05fa6494-8f436d04.jpg,rain,3,13.03
05fa6494-8f436d04.jpg,rain,4,10.4
05fa6494-8f436d04.jpg,rain,5,8.51
05fa6494-8f436d04.jpg,rain,6,7.14
05fa6494-8f436d04.jpg,rain,7,6.07
05fa6494-8f436d04.jpg,rain,8,5.22
05fa6494-8f436d04.jpg,rain,9,4.5
060039d9-5218402b.jpg,motion_blur,1,32.67
060039d9-5218402b.jpg,motion_blur,2,27.55
060039d9-5218402b.jpg,motion_blur,3,24.96
060039d9-5218402b.jpg,motion_blur,4,23.35
060039d9-5218402b.jpg,motion_blur,5,22.18
060039d9-5218402b.jpg,motion_blur,6,21.26
060039d9-5218402b.jpg,motion_blur,7,20.49
060039d9-5218402b.jpg,motion_blur,8,19.84
060039d9-5218402b.jpg,motion_blur,9,19.27
060039d9-5218402b.jpg,low_light,1,9.76
060039d9-5218402b.jpg,low_light,2,7.4
060039d9-5218402b.jpg,low_light,3,5.54
060039d9-5218402b.jpg,low_light,4,4.09
060039d9-5218402b.jpg,low_light,5,2.93
060039d9-5218402b.jpg,low_light,6,1.97
060039d9-5218402b.jpg,low_light,7,1.21
060039d9-5218402b.jpg,low_light,8,0.62
060039d9-5218402b.jpg,low_light,9,0.19
060039d9-5218402b.jpg,rain,1,23.04
060039d9-5218402b.jpg,rain,2,17.6
060039d9-5218402b.jpg,rain,3,13.07
060039d9-5218402b.jpg,rain,4,10.49
060039d9-5218402b.jpg,rain,5,8.64
060039d9-5218402b.jpg,rain,6,7.3
060039d9-5218402b.jpg,rain,7,6.24
060039d9-5218402b.jpg,rain,8,5.38
060039d9-5218402b.jpg,rain,9,4.62
064aa0d6-f75ff4d5.jpg,motion_blur,1,37.83
064aa0d6-f75ff4d5.jpg,motion_blur,2,32.85
064aa0d6-f75ff4d5.jpg,motion_blur,3,30.21
064aa0d6-f75ff4d5.jpg,motion_blur,4,28.52
064aa0d6-f75ff4d5.jpg,motion_blur,5,27.29
064aa0d6-f75ff4d5.jpg,motion_blur,6,26.34
064aa0d6-f75ff4d5.jpg,motion_blur,7,25.56
064aa0d6-f75ff4d5.jpg,motion_blur,8,24.91
064aa0d6-f75ff4d5.jpg,motion_blur,9,24.35
064aa0d6-f75ff4d5.jpg,low_light,1,9.78
064aa0d6-f75ff4d5.jpg,low_light,2,7.39
064aa0d6-f75ff4d5.jpg,low_light,3,5.53
064aa0d6-f75ff4d5.jpg,low_light,4,4.07
064aa0d6-f75ff4d5.jpg,low_light,5,2.92
064aa0d6-f75ff4d5.jpg,low_light,6,1.97
064aa0d6-f75ff4d5.jpg,low_light,7,1.21
064aa0d6-f75ff4d5.jpg,low_light,8,0.62
064aa0d6-f75ff4d5.jpg,low_light,9,0.19
064aa0d6-f75ff4d5.jpg,rain,1,21.21
064aa0d6-f75ff4d5.jpg,rain,2,16.33
064aa0d6-f75ff4d5.jpg,rain,3,12.73
064aa0d6-f75ff4d5.jpg,rain,4,10.52
064aa0d6-f75ff4d5.jpg,rain,5,8.91
064aa0d6-f75ff4d5.jpg,rain,6,7.7
064aa0d6-f75ff4d5.jpg,rain,7,6.74
064aa0d6-f75ff4d5.jpg,rain,8,5.95
064aa0d6-f75ff4d5.jpg,rain,9,5.26
07de5062-ddddcbd7.jpg,motion_blur,1,39.97
07de5062-ddddcbd7.jpg,motion_blur,2,34.96
07de5062-ddddcbd7.jpg,motion_blur,3,32.48
07de5062-ddddcbd7.jpg,motion_blur,4,30.91
07de5062-ddddcbd7.jpg,motion_blur,5,29.76
07de5062-ddddcbd7.jpg,motion_blur,6,28.88
07de5062-ddddcbd7.jpg,motion_blur,7,28.15
07de5062-ddddcbd7.jpg,motion_blur,8,27.54
07de5062-ddddcbd7.jpg,motion_blur,9,27.02
07de5062-ddddcbd7.jpg,low_light,1,10.84
07de5062-ddddcbd7.jpg,low_light,2,8.05
07de5062-ddddcbd7.jpg,low_light,3,5.95
07de5062-ddddcbd7.jpg,low_light,4,4.36
07de5062-ddddcbd7.jpg,low_light,5,3.11
07de5062-ddddcbd7.jpg,low_light,6,2.08
07de5062-ddddcbd7.jpg,low_light,7,1.28
07de5062-ddddcbd7.jpg,low_light,8,0.66
07de5062-ddddcbd7.jpg,low_light,9,0.2
07de5062-ddddcbd7.jpg,rain,1,22.73
07de5062-ddddcbd7.jpg,rain,2,21.14
07de5062-ddddcbd7.jpg,rain,3,16.51
07de5062-ddddcbd7.jpg,rain,4,13.83
07de5062-ddddcbd7.jpg,rain,5,11.9
07de5062-ddddcbd7.jpg,rain,6,10.53
07de5062-ddddcbd7.jpg,rain,7,9.43
07de5062-ddddcbd7.jpg,rain,8,8.57
07de5062-ddddcbd7.jpg,rain,9,7.81
088351d1-30833ddc.jpg,motion_blur,1,32.3
088351d1-30833ddc.jpg,motion_blur,2,27.56
088351d1-30833ddc.jpg,motion_blur,3,25.46
088351d1-30833ddc.jpg,motion_blur,4,24.24
088351d1-30833ddc.jpg,motion_blur,5,23.37
088351d1-30833ddc.jpg,motion_blur,6,22.7
088351d1-30833ddc.jpg,motion_blur,7,22.15
088351d1-30833ddc.jpg,motion_blur,8,21.69
088351d1-30833ddc.jpg,motion_blur,9,21.29
088351d1-30833ddc.jpg,low_light,1,9.98
088351d1-30833ddc.jpg,low_light,2,7.59
088351d1-30833ddc.jpg,low_light,3,5.69
088351d1-30833ddc.jpg,low_light,4,4.19
088351d1-30833ddc.jpg,low_light,5,3.0
088351d1-30833ddc.jpg,low_light,6,2.02
088351d1-30833ddc.jpg,low_light,7,1.24
088351d1-30833ddc.jpg,low_light,8,0.63
088351d1-30833ddc.jpg,low_light,9,0.19
088351d1-30833ddc.jpg,rain,1,22.3
088351d1-30833ddc.jpg,rain,2,15.25
088351d1-30833ddc.jpg,rain,3,11.33
088351d1-30833ddc.jpg,rain,4,8.97
088351d1-30833ddc.jpg,rain,5,7.25
088351d1-30833ddc.jpg,rain,6,5.97
088351d1-30833ddc.jpg,rain,7,4.96
088351d1-30833ddc.jpg,rain,8,4.14
088351d1-30833ddc.jpg,rain,9,3.42
08a49c01-675d3899.jpg,motion_blur,1,37.51
08a49c01-675d3899.jpg,motion_blur,2,32.98
08a49c01-675d3899.jpg,motion_blur,3,31.0
08a49c01-675d3899.jpg,motion_blur,4,29.83
08a49c01-675d3899.jpg,motion_blur,5,28.98
08a49c01-675d3899.jpg,motion_blur,6,28.3
08a49c01-675d3899.jpg,motion_blur,7,27.73
08a49c01-675d3899.jpg,motion_blur,8,27.24
08a49c01-675d3899.jpg,motion_blur,9,26.82
08a49c01-675d3899.jpg,low_light,1,9.92
08a49c01-675d3899.jpg,low_light,2,7.47
08a49c01-675d3899.jpg,low_light,3,5.58
08a49c01-675d3899.jpg,low_light,4,4.11
08a49c01-675d3899.jpg,low_light,5,2.94
08a49c01-675d3899.jpg,low_light,6,1.98
08a49c01-675d3899.jpg,low_light,7,1.22
08a49c01-675d3899.jpg,low_light,8,0.62
08a49c01-675d3899.jpg,low_light,9,0.19
08a49c01-675d3899.jpg,rain,1,22.26
08a49c01-675d3899.jpg,rain,2,17.11
08a49c01-675d3899.jpg,rain,3,13.23
08a49c01-675d3899.jpg,rain,4,10.88
08a49c01-675d3899.jpg,rain,5,9.21
08a49c01-675d3899.jpg,rain,6,7.97
08a49c01-675d3899.jpg,rain,7,7.02
08a49c01-675d3899.jpg,rain,8,6.24
08a49c01-675d3899.jpg,rain,9,5.56
08d4285a-4a25b9b6.jpg,motion_blur,1,30.55
08d4285a-4a25b9b6.jpg,motion_blur,2,25.62
08d4285a-4a25b9b6.jpg,motion_blur,3,23.51
08d4285a-4a25b9b6.jpg,motion_blur,4,22.33
08d4285a-4a25b9b6.jpg,motion_blur,5,21.53
08d4285a-4a25b9b6.jpg,motion_blur,6,20.92
08d4285a-4a25b9b6.jpg,motion_blur,7,20.42
08d4285a-4a25b9b6.jpg,motion_blur,8,20.0
08d4285a-4a25b9b6.jpg,motion_blur,9,19.64
08d4285a-4a25b9b6.jpg,low_light,1,9.16
08d4285a-4a25b9b6.jpg,low_light,2,7.05
08d4285a-4a25b9b6.jpg,low_light,3,5.32
08d4285a-4a25b9b6.jpg,low_light,4,3.95
08d4285a-4a25b9b6.jpg,low_light,5,2.83
08d4285a-4a25b9b6.jpg,low_light,6,1.91
08d4285a-4a25b9b6.jpg,low_light,7,1.17
08d4285a-4a25b9b6.jpg,low_light,8,0.6
08d4285a-4a25b9b6.jpg,low_light,9,0.18
08d4285a-4a25b9b6.jpg,rain,1,21.54
08d4285a-4a25b9b6.jpg,rain,2,14.95
08d4285a-4a25b9b6.jpg,rain,3,11.03
08d4285a-4a25b9b6.jpg,rain,4,8.61
08d4285a-4a25b9b6.jpg,rain,5,6.87
08d4285a-4a25b9b6.jpg,rain,6,5.57
08d4285a-4a25b9b6.jpg,rain,7,4.52
08d4285a-4a25b9b6.jpg,rain,8,3.66
08d4285a-4a25b9b6.jpg,rain,9,2.92
09ac21d6-eefa8ed0.jpg,motion_blur,1,27.14
09ac21d6-eefa8ed0.jpg,motion_blur,2,22.58
09ac21d6-eefa8ed0.jpg,motion_blur,3,20.46
09ac21d6-eefa8ed0.jpg,motion_blur,4,19.21
09ac21d6-eefa8ed0.jpg,motion_blur,5,18.34
09ac21d6-eefa8ed0.jpg,motion_blur,6,17.69
09ac21d6-eefa8ed0.jpg,motion_blur,7,17.18
09ac21d6-eefa8ed0.jpg,motion_blur,8,16.76
09ac21d6-eefa8ed0.jpg,motion_blur,9,16.42
09ac21d6-eefa8ed0.jpg,low_light,1,8.04
09ac21d6-eefa8ed0.jpg,low_light,2,6.25
09ac21d6-eefa8ed0.jpg,low_light,3,4.76
09ac21d6-eefa8ed0.jpg,low_light,4,3.56
09ac21d6-eefa8ed0.jpg,low_light,5,2.57
09ac21d6-eefa8ed0.jpg,low_light,6,1.74
09ac21d6-eefa8ed0.jpg,low_light,7,1.07
09ac21d6-eefa8ed0.jpg,low_light,8,0.54
09ac21d6-eefa8ed0.jpg,low_light,9,0.15
09ac21d6-eefa8ed0.jpg,rain,1,22.25
09ac21d6-eefa8ed0.jpg,rain,2,14.42
09ac21d6-eefa8ed0.jpg,rain,3,10.06
09ac21d6-eefa8ed0.jpg,rain,4,7.51
09ac21d6-eefa8ed0.jpg,rain,5,5.67
09ac21d6-eefa8ed0.jpg,rain,6,4.3
09ac21d6-eefa8ed0.jpg,rain,7,3.22
09ac21d6-eefa8ed0.jpg,rain,8,2.33
09ac21d6-eefa8ed0.jpg,rain,9,1.58
0a0a0b1a-7c39d841.jpg,motion_blur,1,38.94
0a0a0b1a-7c39d841.jpg,motion_blur,2,33.68
0a0a0b1a-7c39d841.jpg,motion_blur,3,31.17
0a0a0b1a-7c39d841.jpg,motion_blur,4,29.66
0a0a0b1a-7c39d841.jpg,motion_blur,5,28.54
0a0a0b1a-7c39d841.jpg,motion_blur,6,27.65
0a0a0b1a-7c39d841.jpg,motion_blur,7,26.9
0a0a0b1a-7c39d841.jpg,motion_blur,8,26.27
0a0a0b1a-7c39d841.jpg,motion_blur,9,25.72
0a0a0b1a-7c39d841.jpg,low_light,1,10.28
0a0a0b1a-7c39d841.jpg,low_light,2,7.74
0a0a0b1a-7c39d841.jpg,low_light,3,5.77
0a0a0b1a-7c39d841.jpg,low_light,4,4.24
0a0a0b1a-7c39d841.jpg,low_light,5,3.03
0a0a0b1a-7c39d841.jpg,low_light,6,2.04
0a0a0b1a-7c39d841.jpg,low_light,7,1.25
0a0a0b1a-7c39d841.jpg,low_light,8,0.64
0a0a0b1a-7c39d841.jpg,low_light,9,0.2
0a0a0b1a-7c39d841.jpg,rain,1,21.5
0a0a0b1a-7c39d841.jpg,rain,2,16.66
0a0a0b1a-7c39d841.jpg,rain,3,13.05
0a0a0b1a-7c39d841.jpg,rain,4,10.81
0a0a0b1a-7c39d841.jpg,rain,5,9.15
0a0a0b1a-7c39d841.jpg,rain,6,7.93
0a0a0b1a-7c39d841.jpg,rain,7,6.94
0a0a0b1a-7c39d841.jpg,rain,8,6.14
0a0a0b1a-7c39d841.jpg,rain,9,5.43
0af6039a-f3c91319.jpg,motion_blur,1,32.1
0af6039a-f3c91319.jpg,motion_blur,2,26.91
0af6039a-f3c91319.jpg,motion_blur,3,24.7
0af6039a-f3c91319.jpg,motion_blur,4,23.45
0af6039a-f3c91319.jpg,motion_blur,5,22.55
0af6039a-f3c91319.jpg,motion_blur,6,21.83
0af6039a-f3c91319.jpg,motion_blur,7,21.25
0af6039a-f3c91319.jpg,motion_blur,8,20.76
0af6039a-f3c91319.jpg,motion_blur,9,20.34
0af6039a-f3c91319.jpg,low_light,1,9.71
0af6039a-f3c91319.jpg,low_light,2,7.36
0af6039a-f3c91319.jpg,low_light,3,5.51
0af6039a-f3c91319.jpg,low_light,4,4.06
0af6039a-f3c91319.jpg,low_light,5,2.91
0af6039a-f3c91319.jpg,low_light,6,1.96
0af6039a-f3c91319.jpg,low_light,7,1.2
0af6039a-f3c91319.jpg,low_light,8,0.62
0af6039a-f3c91319.jpg,low_light,9,0.19
0af6039a-f3c91319.jpg,rain,1,22.36
0af6039a-f3c91319.jpg,rain,2,16.56
0af6039a-f3c91319.jpg,rain,3,12.56
0af6039a-f3c91319.jpg,rain,4,10.17
0af6039a-f3c91319.jpg,rain,5,8.43
0af6039a-f3c91319.jpg,rain,6,7.14
0af6039a-f3c91319.jpg,rain,7,6.12
0af6039a-f3c91319.jpg,rain,8,5.31
0af6039a-f3c91319.jpg,rain,9,4.59
0b2f5d0d-8fddc1fc.jpg,motion_blur,1,31.1
0b2f5d0d-8fddc1fc.jpg,motion_blur,2,26.24
0b2f5d0d-8fddc1fc.jpg,motion_blur,3,24.14
0b2f5d0d-8fddc1fc.jpg,motion_blur,4,22.92
0b2f5d0d-8fddc1fc.jpg,motion_blur,5,22.02
0b2f5d0d-8fddc1fc.jpg,motion_blur,6,21.31
0b2f5d0d-8fddc1fc.jpg,motion_blur,7,20.72
0b2f5d0d-8fddc1fc.jpg,motion_blur,8,20.21
0b2f5d0d-8fddc1fc.jpg,motion_blur,9,19.77
0b2f5d0d-8fddc1fc.jpg,low_light,1,9.6
0b2f5d0d-8fddc1fc.jpg,low_light,2,7.32
0b2f5d0d-8fddc1fc.jpg,low_light,3,5.5
0b2f5d0d-8fddc1fc.jpg,low_light,4,4.06
0b2f5d0d-8fddc1fc.jpg,low_light,5,2.91
0b2f5d0d-8fddc1fc.jpg,low_light,6,1.96
0b2f5d0d-8fddc1fc.jpg,low_light,7,1.2
0b2f5d0d-8fddc1fc.jpg,low_light,8,0.62
0b2f5d0d-8fddc1fc.jpg,low_light,9,0.19
0b2f5d0d-8fddc1fc.jpg,rain,1,20.88
0b2f5d0d-8fddc1fc.jpg,rain,2,14.04
0b2f5d0d-8fddc1fc.jpg,rain,3,10.36
0b2f5d0d-8fddc1fc.jpg,rain,4,8.1
0b2f5d0d-8fddc1fc.jpg,rain,5,6.44
0b2f5d0d-8fddc1fc.jpg,rain,6,5.2
0b2f5d0d-8fddc1fc.jpg,rain,7,4.21
0b2f5d0d-8fddc1fc.jpg,rain,8,3.39
0b2f5d0d-8fddc1fc.jpg,rain,9,2.67
0b4225f9-bfb10f88.jpg,motion_blur,1,33.81
0b4225f9-bfb10f88.jpg,motion_blur,2,29.35
0b4225f9-bfb10f88.jpg,motion_blur,3,27.57
0b4225f9-bfb10f88.jpg,motion_blur,4,26.51
0b4225f9-bfb10f88.jpg,motion_blur,5,25.67
0b4225f9-bfb10f88.jpg,motion_blur,6,24.97
0b4225f9-bfb10f88.jpg,motion_blur,7,24.41
0b4225f9-bfb10f88.jpg,motion_blur,8,23.97
0b4225f9-bfb10f88.jpg,motion_blur,9,23.6
0b4225f9-bfb10f88.jpg,low_light,1,10.03
0b4225f9-bfb10f88.jpg,low_light,2,7.55
0b4225f9-bfb10f88.jpg,low_light,3,5.64
0b4225f9-bfb10f88.jpg,low_light,4,4.15
0b4225f9-bfb10f88.jpg,low_light,5,2.97
0b4225f9-bfb10f88.jpg,low_light,6,1.99
0b4225f9-bfb10f88.jpg,low_light,7,1.23
0b4225f9-bfb10f88.jpg,low_light,8,0.63
0b4225f9-bfb10f88.jpg,low_light,9,0.19
0b4225f9-bfb10f88.jpg,rain,1,22.07
0b4225f9-bfb10f88.jpg,rain,2,17.05
0b4225f9-bfb10f88.jpg,rain,3,13.32
0b4225f9-bfb10f88.jpg,rain,4,11.04
0b4225f9-bfb10f88.jpg,rain,5,9.38
0b4225f9-bfb10f88.jpg,rain,6,8.15
0b4225f9-bfb10f88.jpg,rain,7,7.18
0b4225f9-bfb10f88.jpg,rain,8,6.38
0b4225f9-bfb10f88.jpg,rain,9,5.69
0ba08fe3-880ae118.jpg,motion_blur,1,34.46
0ba08fe3-880ae118.jpg,motion_blur,2,29.69
0ba08fe3-880ae118.jpg,motion_blur,3,27.57
0ba08fe3-880ae118.jpg,motion_blur,4,26.3
0ba08fe3-880ae118.jpg,motion_blur,5,25.41
0ba08fe3-880ae118.jpg,motion_blur,6,24.72
0ba08fe3-880ae118.jpg,motion_blur,7,24.15
0ba08fe3-880ae118.jpg,motion_blur,8,23.66
0ba08fe3-880ae118.jpg,motion_blur,9,23.22
0ba08fe3-880ae118.jpg,low_light,1,9.31
0ba08fe3-880ae118.jpg,low_light,2,7.08
0ba08fe3-880ae118.jpg,low_light,3,5.32
0ba08fe3-880ae118.jpg,low_light,4,3.94
0ba08fe3-880ae118.jpg,low_light,5,2.83
0ba08fe3-880ae118.jpg,low_light,6,1.9
0ba08fe3-880ae118.jpg,low_light,7,1.17
0ba08fe3-880ae118.jpg,low_light,8,0.6
0ba08fe3-880ae118.jpg,low_light,9,0.18
0ba08fe3-880ae118.jpg,rain,1,22.38
0ba08fe3-880ae118.jpg,rain,2,16.51
0ba08fe3-880ae118.jpg,rain,3,12.45
0ba08fe3-880ae118.jpg,rain,4,10.05
0ba08fe3-880ae118.jpg,rain,5,8.3
0ba08fe3-880ae118.jpg,rain,6,7.01
0ba08fe3-880ae118.jpg,rain,7,5.98
0ba08fe3-880ae118.jpg,rain,8,5.15
0ba08fe3-880ae118.jpg,rain,9,4.41
0c2f33b9-f94d69b5.jpg,motion_blur,1,34.52
0c2f33b9-f94d69b5.jpg,motion_blur,2,29.6
0c2f33b9-f94d69b5.jpg,motion_blur,3,27.41
0c2f33b9-f94d69b5.jpg,motion_blur,4,26.11
0c2f33b9-f94d69b5.jpg,motion_blur,5,25.16
0c2f33b9-f94d69b5.jpg,motion_blur,6,24.41
0c2f33b9-f94d69b5.jpg,motion_blur,7,23.79
0c2f33b9-f94d69b5.jpg,motion_blur,8,23.25
0c2f33b9-f94d69b5.jpg,motion_blur,9,22.78
0c2f33b9-f94d69b5.jpg,low_light,1,9.69
0c2f33b9-f94d69b5.jpg,low_light,2,7.34
0c2f33b9-f94d69b5.jpg,low_light,3,5.5
0c2f33b9-f94d69b5.jpg,low_light,4,4.06
0c2f33b9-f94d69b5.jpg,low_light,5,2.91
0c2f33b9-f94d69b5.jpg,low_light,6,1.95
0c2f33b9-f94d69b5.jpg,low_light,7,1.2
0c2f33b9-f94d69b5.jpg,low_light,8,0.62
0c2f33b9-f94d69b5.jpg,low_light,9,0.19
0c2f33b9-f94d69b5.jpg,rain,1,22.36
0c2f33b9-f94d69b5.jpg,rain,2,16.88
0c2f33b9-f94d69b5.jpg,rain,3,12.85
0c2f33b9-f94d69b5.jpg,rain,4,10.4
0c2f33b9-f94d69b5.jpg,rain,5,8.64
0c2f33b9-f94d69b5.jpg,rain,6,7.33
0c2f33b9-f94d69b5.jpg,rain,7,6.3
0c2f33b9-f94d69b5.jpg,rain,8,5.46
0c2f33b9-f94d69b5.jpg,rain,9,4.74
0c984e6d-2b5d7ee4.jpg,motion_blur,1,36.07
0c984e6d-2b5d7ee4.jpg,motion_blur,2,31.61
0c984e6d-2b5d7ee4.jpg,motion_blur,3,29.65
0c984e6d-2b5d7ee4.jpg,motion_blur,4,28.45
0c984e6d-2b5d7ee4.jpg,motion_blur,5,27.55
0c984e6d-2b5d7ee4.jpg,motion_blur,6,26.83
0c984e6d-2b5d7ee4.jpg,motion_blur,7,26.23
0c984e6d-2b5d7ee4.jpg,motion_blur,8,25.71
0c984e6d-2b5d7ee4.jpg,motion_blur,9,25.25
0c984e6d-2b5d7ee4.jpg,low_light,1,9.61
0c984e6d-2b5d7ee4.jpg,low_light,2,7.26
0c984e6d-2b5d7ee4.jpg,low_light,3,5.44
0c984e6d-2b5d7ee4.jpg,low_light,4,4.01
0c984e6d-2b5d7ee4.jpg,low_light,5,2.87
0c984e6d-2b5d7ee4.jpg,low_light,6,1.93
0c984e6d-2b5d7ee4.jpg,low_light,7,1.19
0c984e6d-2b5d7ee4.jpg,low_light,8,0.61
0c984e6d-2b5d7ee4.jpg,low_light,9,0.18
0c984e6d-2b5d7ee4.jpg,rain,1,21.88
0c984e6d-2b5d7ee4.jpg,rain,2,17.02
0c984e6d-2b5d7ee4.jpg,rain,3,13.13
0c984e6d-2b5d7ee4.jpg,rain,4,10.73
0c984e6d-2b5d7ee4.jpg,rain,5,8.98
0c984e6d-2b5d7ee4.jpg,rain,6,7.67
0c984e6d-2b5d7ee4.jpg,rain,7,6.66
0c984e6d-2b5d7ee4.jpg,rain,8,5.85
0c984e6d-2b5d7ee4.jpg,rain,9,5.17
0cb67a01-7cf1687e.jpg,motion_blur,1,33.09
0cb67a01-7cf1687e.jpg,motion_blur,2,28.12
0cb67a01-7cf1687e.jpg,motion_blur,3,25.94
0cb67a01-7cf1687e.jpg,motion_blur,4,24.69
0cb67a01-7cf1687e.jpg,motion_blur,5,23.8
0cb67a01-7cf1687e.jpg,motion_blur,6,23.13
0cb67a01-7cf1687e.jpg,motion_blur,7,22.58
0cb67a01-7cf1687e.jpg,motion_blur,8,22.12
0cb67a01-7cf1687e.jpg,motion_blur,9,21.73
0cb67a01-7cf1687e.jpg,low_light,1,10.46
0cb67a01-7cf1687e.jpg,low_light,2,7.78
0cb67a01-7cf1687e.jpg,low_light,3,5.76
0cb67a01-7cf1687e.jpg,low_light,4,4.23
0cb67a01-7cf1687e.jpg,low_light,5,3.01
0cb67a01-7cf1687e.jpg,low_light,6,2.02
0cb67a01-7cf1687e.jpg,low_light,7,1.24
0cb67a01-7cf1687e.jpg,low_light,8,0.63
0cb67a01-7cf1687e.jpg,low_light,9,0.19
0cb67a01-7cf1687e.jpg,rain,1,23.23
0cb67a01-7cf1687e.jpg,rain,2,19.56
0cb67a01-7cf1687e.jpg,rain,3,15.14
0cb67a01-7cf1687e.jpg,rain,4,12.55
0cb67a01-7cf1687e.jpg,rain,5,10.75
0cb67a01-7cf1687e.jpg,rain,6,9.47
0cb67a01-7cf1687e.jpg,rain,7,8.46
0cb67a01-7cf1687e.jpg,rain,8,7.69
0cb67a01-7cf1687e.jpg,rain,9,7.05
0cc6f3e8-b4c9e348.jpg,motion_blur,1,30.75
0cc6f3e8-b4c9e348.jpg,motion_blur,2,26.17
0cc6f3e8-b4c9e348.jpg,motion_blur,3,24.28
0cc6f3e8-b4c9e348.jpg,motion_blur,4,23.22
0cc6f3e8-b4c9e348.jpg,motion_blur,5,22.43
0cc6f3e8-b4c9e348.jpg,motion_blur,6,21.81
0cc6f3e8-b4c9e348.jpg,motion_blur,7,21.29
0cc6f3e8-b4c9e348.jpg,motion_blur,8,20.86
0cc6f3e8-b4c9e348.jpg,motion_blur,9,20.5
0cc6f3e8-b4c9e348.jpg,low_light,1,9.47
0cc6f3e8-b4c9e348.jpg,low_light,2,7.18
0cc6f3e8-b4c9e348.jpg,low_light,3,5.39
0cc6f3e8-b4c9e348.jpg,low_light,4,3.98
0cc6f3e8-b4c9e348.jpg,low_light,5,2.85
0cc6f3e8-b4c9e348.jpg,low_light,6,1.92
0cc6f3e8-b4c9e348.jpg,low_light,7,1.18
0cc6f3e8-b4c9e348.jpg,low_light,8,0.6
0cc6f3e8-b4c9e348.jpg,low_light,9,0.18
0cc6f3e8-b4c9e348.jpg,rain,1,21.92
0cc6f3e8-b4c9e348.jpg,rain,2,16.59
0cc6f3e8-b4c9e348.jpg,rain,3,12.65
0cc6f3e8-b4c9e348.jpg,rain,4,10.25
0cc6f3e8-b4c9e348.jpg,rain,5,8.52
0cc6f3e8-b4c9e348.jpg,rain,6,7.24
0cc6f3e8-b4c9e348.jpg,rain,7,6.25
0cc6f3e8-b4c9e348.jpg,rain,8,5.44
0cc6f3e8-b4c9e348.jpg,rain,9,4.75
0cf398b3-ce65ab64.jpg,motion_blur,1,27.33
0cf398b3-ce65ab64.jpg,motion_blur,2,21.93
0cf398b3-ce65ab64.jpg,motion_blur,3,19.21
0cf398b3-ce65ab64.jpg,motion_blur,4,17.49
0cf398b3-ce65ab64.jpg,motion_blur,5,16.19
0cf398b3-ce65ab64.jpg,motion_blur,6,15.15
0cf398b3-ce65ab64.jpg,motion_blur,7,14.3
0cf398b3-ce65ab64.jpg,motion_blur,8,13.59
0cf398b3-ce65ab64.jpg,motion_blur,9,13.0
0cf398b3-ce65ab64.jpg,low_light,1,6.3
0cf398b3-ce65ab64.jpg,low_light,2,5.11
0cf398b3-ce65ab64.jpg,low_light,3,4.0
0cf398b3-ce65ab64.jpg,low_light,4,3.04
0cf398b3-ce65ab64.jpg,low_light,5,2.22
0cf398b3-ce65ab64.jpg,low_light,6,1.51
0cf398b3-ce65ab64.jpg,low_light,7,0.92
0cf398b3-ce65ab64.jpg,low_light,8,0.46
0cf398b3-ce65ab64.jpg,low_light,9,0.12
0cf398b3-ce65ab64.jpg,rain,1,13.0
0cf398b3-ce65ab64.jpg,rain,2,2.06
0cf398b3-ce65ab64.jpg,rain,3,-1.78
0cf398b3-ce65ab64.jpg,rain,4,-4.09
0cf398b3-ce65ab64.jpg,rain,5,-5.78
0cf398b3-ce65ab64.jpg,rain,6,-7.07
0cf398b3-ce65ab64.jpg,rain,7,-8.1
0cf398b3-ce65ab64.jpg,rain,8,-8.95
0cf398b3-ce65ab64.jpg,rain,9,-9.7
0d3ec56a-f4cead6f.jpg,motion_blur,1,34.2
0d3ec56a-f4cead6f.jpg,motion_blur,2,29.42
0d3ec56a-f4cead6f.jpg,motion_blur,3,27.41
0d3ec56a-f4cead6f.jpg,motion_blur,4,26.3
0d3ec56a-f4cead6f.jpg,motion_blur,5,25.51
0d3ec56a-f4cead6f.jpg,motion_blur,6,24.9
0d3ec56a-f4cead6f.jpg,motion_blur,7,24.4
0d3ec56a-f4cead6f.jpg,motion_blur,8,23.97
0d3ec56a-f4cead6f.jpg,motion_blur,9,23.6
0d3ec56a-f4cead6f.jpg,low_light,1,9.72
0d3ec56a-f4cead6f.jpg,low_light,2,7.34
0d3ec56a-f4cead6f.jpg,low_light,3,5.5
0d3ec56a-f4cead6f.jpg,low_light,4,4.05
0d3ec56a-f4cead6f.jpg,low_light,5,2.9
0d3ec56a-f4cead6f.jpg,low_light,6,1.95
0d3ec56a-f4cead6f.jpg,low_light,7,1.2
0d3ec56a-f4cead6f.jpg,low_light,8,0.61
0d3ec56a-f4cead6f.jpg,low_light,9,0.19
0d3ec56a-f4cead6f.jpg,rain,1,22.87
0d3ec56a-f4cead6f.jpg,rain,2,17.76
0d3ec56a-f4cead6f.jpg,rain,3,13.54
0d3ec56a-f4cead6f.jpg,rain,4,11.06
0d3ec56a-f4cead6f.jpg,rain,5,9.29
0d3ec56a-f4cead6f.jpg,rain,6,8.0
0d3ec56a-f4cead6f.jpg,rain,7,6.99
0d3ec56a-f4cead6f.jpg,rain,8,6.16
0d3ec56a-f4cead6f.jpg,rain,9,5.46
0d61234a-542010b2.jpg,motion_blur,1,35.87
0d61234a-542010b2.jpg,motion_blur,2,30.23
0d61234a-542010b2.jpg,motion_blur,3,27.01
0d61234a-542010b2.jpg,motion_blur,4,24.97
0d61234a-542010b2.jpg,motion_blur,5,23.5
0d61234a-542010b2.jpg,motion_blur,6,22.38
0d61234a-542010b2.jpg,motion_blur,7,21.48
0d61234a-542010b2.jpg,motion_blur,8,20.72
0d61234a-542010b2.jpg,motion_blur,9,20.09
0d61234a-542010b2.jpg,low_light,1,7.36
0d61234a-542010b2.jpg,low_light,2,5.69
0d61234a-542010b2.jpg,low_light,3,4.34
0d61234a-542010b2.jpg,low_light,4,3.25
0d61234a-542010b2.jpg,low_light,5,2.35
0d61234a-542010b2.jpg,low_light,6,1.59
0d61234a-542010b2.jpg,low_light,7,0.97
0d61234a-542010b2.jpg,low_light,8,0.49
0d61234a-542010b2.jpg,low_light,9,0.13
0d61234a-542010b2.jpg,rain,1,22.37
0d61234a-542010b2.jpg,rain,2,12.66
0d61234a-542010b2.jpg,rain,3,8.35
0d61234a-542010b2.jpg,rain,4,5.83
0d61234a-542010b2.jpg,rain,5,4.01
0d61234a-542010b2.jpg,rain,6,2.65
0d61234a-542010b2.jpg,rain,7,1.57
0d61234a-542010b2.jpg,rain,8,0.7
0d61234a-542010b2.jpg,rain,9,-0.05
0e442b65-b17e0b50.jpg,motion_blur,1,35.77
0e442b65-b17e0b50.jpg,motion_blur,2,30.91
0e442b65-b17e0b50.jpg,motion_blur,3,28.75
0e442b65-b17e0b50.jpg,motion_blur,4,27.47
0e442b65-b17e0b50.jpg,motion_blur,5,26.53
0e442b65-b17e0b50.jpg,motion_blur,6,25.8
0e442b65-b17e0b50.jpg,motion_blur,7,25.2
0e442b65-b17e0b50.jpg,motion_blur,8,24.69
0e442b65-b17e0b50.jpg,motion_blur,9,24.26
0e442b65-b17e0b50.jpg,low_light,1,10.45
0e442b65-b17e0b50.jpg,low_light,2,7.83
0e442b65-b17e0b50.jpg,low_light,3,5.82
0e442b65-b17e0b50.jpg,low_light,4,4.27
0e442b65-b17e0b50.jpg,low_light,5,3.05
0e442b65-b17e0b50.jpg,low_light,6,2.05
0e442b65-b17e0b50.jpg,low_light,7,1.26
0e442b65-b17e0b50.jpg,low_light,8,0.64
0e442b65-b17e0b50.jpg,low_light,9,0.2
0e442b65-b17e0b50.jpg,rain,1,23.2
0e442b65-b17e0b50.jpg,rain,2,19.13
0e442b65-b17e0b50.jpg,rain,3,14.68
0e442b65-b17e0b50.jpg,rain,4,12.09
0e442b65-b17e0b50.jpg,rain,5,10.28
0e442b65-b17e0b50.jpg,rain,6,8.96
0e442b65-b17e0b50.jpg,rain,7,7.95
0e442b65-b17e0b50.jpg,rain,8,7.08
0e442b65-b17e0b50.jpg,rain,9,6.35
0e5c7e92-0d9c60f0.jpg,motion_blur,1,32.03
0e5c7e92-0d9c60f0.jpg,motion_blur,2,27.39
0e5c7e92-0d9c60f0.jpg,motion_blur,3,25.05
0e5c7e92-0d9c60f0.jpg,motion_blur,4,23.56
0e5c7e92-0d9c60f0.jpg,motion_blur,5,22.51
0e5c7e92-0d9c60f0.jpg,motion_blur,6,21.72
0e5c7e92-0d9c60f0.jpg,motion_blur,7,21.08
0e5c7e92-0d9c60f0.jpg,motion_blur,8,20.55
0e5c7e92-0d9c60f0.jpg,motion_blur,9,20.09
0e5c7e92-0d9c60f0.jpg,low_light,1,9.3
0e5c7e92-0d9c60f0.jpg,low_light,2,7.1
0e5c7e92-0d9c60f0.jpg,low_light,3,5.35
0e5c7e92-0d9c60f0.jpg,low_light,4,3.96
0e5c7e92-0d9c60f0.jpg,low_light,5,2.84
0e5c7e92-0d9c60f0.jpg,low_light,6,1.91
0e5c7e92-0d9c60f0.jpg,low_light,7,1.18
0e5c7e92-0d9c60f0.jpg,low_light,8,0.6
0e5c7e92-0d9c60f0.jpg,low_light,9,0.18
0e5c7e92-0d9c60f0.jpg,rain,1,22.72
0e5c7e92-0d9c60f0.jpg,rain,2,16.19
0e5c7e92-0d9c60f0.jpg,rain,3,12.06
0e5c7e92-0d9c60f0.jpg,rain,4,9.59
0e5c7e92-0d9c60f0.jpg,rain,5,7.82
0e5c7e92-0d9c60f0.jpg,rain,6,6.5
0e5c7e92-0d9c60f0.jpg,rain,7,5.47
0e5c7e92-0d9c60f0.jpg,rain,8,4.63
0e5c7e92-0d9c60f0.jpg,rain,9,3.9
0f837def-9646c091.jpg,motion_blur,1,34.05
0f837def-9646c091.jpg,motion_blur,2,29.42
0f837def-9646c091.jpg,motion_blur,3,27.64
0f837def-9646c091.jpg,motion_blur,4,26.65
0f837def-9646c091.jpg,motion_blur,5,25.88
0f837def-9646c091.jpg,motion_blur,6,25.27
0f837def-9646c091.jpg,motion_blur,7,24.78
0f837def-9646c091.jpg,motion_blur,8,24.38
0f837def-9646c091.jpg,motion_blur,9,24.04
0f837def-9646c091.jpg,low_light,1,10.13
0f837def-9646c091.jpg,low_light,2,7.6
0f837def-9646c091.jpg,low_light,3,5.67
0f837def-9646c091.jpg,low_light,4,4.16
0f837def-9646c091.jpg,low_light,5,2.98
0f837def-9646c091.jpg,low_light,6,2.0
0f837def-9646c091.jpg,low_light,7,1.23
0f837def-9646c091.jpg,low_light,8,0.63
0f837def-9646c091.jpg,low_light,9,0.19
0f837def-9646c091.jpg,rain,1,21.82
0f837def-9646c091.jpg,rain,2,17.07
0f837def-9646c091.jpg,rain,3,13.33
0f837def-9646c091.jpg,rain,4,11.04
0f837def-9646c091.jpg,rain,5,9.37
0f837def-9646c091.jpg,rain,6,8.14
0f837def-9646c091.jpg,rain,7,7.18
0f837def-9646c091.jpg,rain,8,6.4
0f837def-9646c091.jpg,rain,9,5.74
0fba84f9-73b520ee.jpg,motion_blur,1,32.95
0fba84f9-73b520ee.jpg,motion_blur,2,28.24
0fba84f9-73b520ee.jpg,motion_blur,3,26.27
0fba84f9-73b520ee.jpg,motion_blur,4,25.18
0fba84f9-73b520ee.jpg,motion_blur,5,24.38
0fba84f9-73b520ee.jpg,motion_blur,6,23.74
0fba84f9-73b520ee.jpg,motion_blur,7,23.2
0fba84f9-73b520ee.jpg,motion_blur,8,22.75
0fba84f9-73b520ee.jpg,motion_blur,9,22.36
0fba84f9-73b520ee.jpg,low_light,1,9.88
0fba84f9-73b520ee.jpg,low_light,2,7.46
0fba84f9-73b520ee.jpg,low_light,3,5.58
0fba84f9-73b520ee.jpg,low_light,4,4.11
0fba84f9-73b520ee.jpg,low_light,5,2.94
0fba84f9-73b520ee.jpg,low_light,6,1.98
0fba84f9-73b520ee.jpg,low_light,7,1.22
0fba84f9-73b520ee.jpg,low_light,8,0.62
0fba84f9-73b520ee.jpg,low_light,9,0.19
0fba84f9-73b520ee.jpg,rain,1,22.04
0fba84f9-73b520ee.jpg,rain,2,16.96
0fba84f9-73b520ee.jpg,rain,3,13.1
0fba84f9-73b520ee.jpg,rain,4,10.76
0fba84f9-73b520ee.jpg,rain,5,9.04
0fba84f9-73b520ee.jpg,rain,6,7.76
0fba84f9-73b520ee.jpg,rain,7,6.75
0fba84f9-73b520ee.jpg,rain,8,5.92
0fba84f9-73b520ee.jpg,rain,9,5.21
101a0964-930eae70.jpg,motion_blur,1,38.86
101a0964-930eae70.jpg,motion_blur,2,33.78
101a0964-930eae70.jpg,motion_blur,3,31.06
101a0964-930eae70.jpg,motion_blur,4,29.29
101a0964-930eae70.jpg,motion_blur,5,27.95
101a0964-930eae70.jpg,motion_blur,6,26.9
101a0964-930eae70.jpg,motion_blur,7,26.04
101a0964-930eae70.jpg,motion_blur,8,25.3
101a0964-930eae70.jpg,motion_blur,9,24.67
101a0964-930eae70.jpg,low_light,1,8.44
101a0964-930eae70.jpg,low_light,2,6.49
101a0964-930eae70.jpg,low_light,3,4.92
101a0964-930eae70.jpg,low_light,4,3.66
101a0964-930eae70.jpg,low_light,5,2.63
101a0964-930eae70.jpg,low_light,6,1.78
101a0964-930eae70.jpg,low_light,7,1.09
101a0964-930eae70.jpg,low_light,8,0.56
101a0964-930eae70.jpg,low_light,9,0.16
101a0964-930eae70.jpg,rain,1,17.91
101a0964-930eae70.jpg,rain,2,12.88
101a0964-930eae70.jpg,rain,3,9.51
101a0964-930eae70.jpg,rain,4,7.33
101a0964-930eae70.jpg,rain,5,5.72
101a0964-930eae70.jpg,rain,6,4.5
101a0964-930eae70.jpg,rain,7,3.53
101a0964-930eae70.jpg,rain,8,2.73
101a0964-930eae70.jpg,rain,9,2.05
10389fe8-433c740c.jpg,motion_blur,1,29.41
10389fe8-433c740c.jpg,motion_blur,2,24.54
10389fe8-433c740c.jpg,motion_blur,3,22.36
10389fe8-433c740c.jpg,motion_blur,4,21.05
10389fe8-433c740c.jpg,motion_blur,5,20.11
10389fe8-433c740c.jpg,motion_blur,6,19.38
10389fe8-433c740c.jpg,motion_blur,7,18.79
10389fe8-433c740c.jpg,motion_blur,8,18.31
10389fe8-433c740c.jpg,motion_blur,9,17.89
10389fe8-433c740c.jpg,low_light,1,8.67
10389fe8-433c740c.jpg,low_light,2,6.63
10389fe8-433c740c.jpg,low_light,3,5.0
10389fe8-433c740c.jpg,low_light,4,3.71
10389fe8-433c740c.jpg,low_light,5,2.67
10389fe8-433c740c.jpg,low_light,6,1.8
10389fe8-433c740c.jpg,low_light,7,1.11
10389fe8-433c740c.jpg,low_light,8,0.56
10389fe8-433c740c.jpg,low_light,9,0.16
10389fe8-433c740c.jpg,rain,1,22.69
10389fe8-433c740c.jpg,rain,2,15.99
10389fe8-433c740c.jpg,rain,3,11.59
10389fe8-433c740c.jpg,rain,4,9.0
10389fe8-433c740c.jpg,rain,5,7.16
10389fe8-433c740c.jpg,rain,6,5.81
10389fe8-433c740c.jpg,rain,7,4.76
10389fe8-433c740c.jpg,rain,8,3.92
10389fe8-433c740c.jpg,rain,9,3.22
10453a95-40759ac3.jpg,motion_blur,1,33.02
10453a95-40759ac3.jpg,motion_blur,2,28.2
10453a95-40759ac3.jpg,motion_blur,3,26.11
10453a95-40759ac3.jpg,motion_blur,4,24.86
10453a95-40759ac3.jpg,motion_blur,5,23.96
10453a95-40759ac3.jpg,motion_blur,6,23.29
10453a95-40759ac3.jpg,motion_blur,7,22.76
10453a95-40759ac3.jpg,motion_blur,8,22.32
10453a95-40759ac3.jpg,motion_blur,9,21.94
10453a95-40759ac3.jpg,low_light,1,9.68
10453a95-40759ac3.jpg,low_light,2,7.31
10453a95-40759ac3.jpg,low_light,3,5.48
10453a95-40759ac3.jpg,low_light,4,4.04
10453a95-40759ac3.jpg,low_light,5,2.89
10453a95-40759ac3.jpg,low_light,6,1.95
10453a95-40759ac3.jpg,low_light,7,1.2
10453a95-40759ac3.jpg,low_light,8,0.61
10453a95-40759ac3.jpg,low_light,9,0.19
10453a95-40759ac3.jpg,rain,1,21.21
10453a95-40759ac3.jpg,rain,2,16.34
10453a95-40759ac3.jpg,rain,3,12.71
10453a95-40759ac3.jpg,rain,4,10.48
10453a95-40759ac3.jpg,rain,5,8.85
10453a95-40759ac3.jpg,rain,6,7.62
10453a95-40759ac3.jpg,rain,7,6.65
10453a95-40759ac3.jpg,rain,8,5.85
10453a95-40759ac3.jpg,rain,9,5.16
1072195f-0a161ade.jpg,motion_blur,1,33.0
1072195f-0a161ade.jpg,motion_blur,2,28.02
1072195f-0a161ade.jpg,motion_blur,3,25.85
1072195f-0a161ade.jpg,motion_blur,4,24.61
1072195f-0a161ade.jpg,motion_blur,5,23.75
1072195f-0a161ade.jpg,motion_blur,6,23.07
1072195f-0a161ade.jpg,motion_blur,7,22.53
1072195f-0a161ade.jpg,motion_blur,8,22.07
1072195f-0a161ade.jpg,motion_blur,9,21.69
1072195f-0a161ade.jpg,low_light,1,9.67
1072195f-0a161ade.jpg,low_light,2,7.32
1072195f-0a161ade.jpg,low_light,3,5.48
1072195f-0a161ade.jpg,low_light,4,4.05
1072195f-0a161ade.jpg,low_light,5,2.9
1072195f-0a161ade.jpg,low_light,6,1.95
1072195f-0a161ade.jpg,low_light,7,1.2
1072195f-0a161ade.jpg,low_light,8,0.61
1072195f-0a161ade.jpg,low_light,9,0.19
1072195f-0a161ade.jpg,rain,1,21.79
1072195f-0a161ade.jpg,rain,2,16.32
1072195f-0a161ade.jpg,rain,3,12.47
1072195f-0a161ade.jpg,rain,4,10.14
1072195f-0a161ade.jpg,rain,5,8.45
1072195f-0a161ade.jpg,rain,6,7.19
1072195f-0a161ade.jpg,rain,7,6.2
1072195f-0a161ade.jpg,rain,8,5.38
1072195f-0a161ade.jpg,rain,9,4.68
1072195f-6cf88b25.jpg,motion_blur,1,35.94
1072195f-6cf88b25.jpg,motion_blur,2,31.23
1072195f-6cf88b25.jpg,motion_blur,3,29.17
1072195f-6cf88b25.jpg,motion_blur,4,27.97
1072195f-6cf88b25.jpg,motion_blur,5,27.09
1072195f-6cf88b25.jpg,motion_blur,6,26.41
1072195f-6cf88b25.jpg,motion_blur,7,25.85
1072195f-6cf88b25.jpg,motion_blur,8,25.38
1072195f-6cf88b25.jpg,motion_blur,9,24.97
1072195f-6cf88b25.jpg,low_light,1,9.98
1072195f-6cf88b25.jpg,low_light,2,7.52
1072195f-6cf88b25.jpg,low_light,3,5.62
1072195f-6cf88b25.jpg,low_light,4,4.14
1072195f-6cf88b25.jpg,low_light,5,2.96
1072195f-6cf88b25.jpg,low_light,6,1.99
1072195f-6cf88b25.jpg,low_light,7,1.22
1072195f-6cf88b25.jpg,low_light,8,0.63
1072195f-6cf88b25.jpg,low_light,9,0.19
1072195f-6cf88b25.jpg,rain,1,22.69
1072195f-6cf88b25.jpg,rain,2,17.25
1072195f-6cf88b25.jpg,rain,3,13.31
1072195f-6cf88b25.jpg,rain,4,10.96
1072195f-6cf88b25.jpg,rain,5,9.24
1072195f-6cf88b25.jpg,rain,6,7.99
1072195f-6cf88b25.jpg,rain,7,7.01
1072195f-6cf88b25.jpg,rain,8,6.21
1072195f-6cf88b25.jpg,rain,9,5.5
11513e3d-150058c3.jpg,motion_blur,1,33.61
11513e3d-150058c3.jpg,motion_blur,2,28.66
11513e3d-150058c3.jpg,motion_blur,3,26.52
11513e3d-150058c3.jpg,motion_blur,4,25.25
11513e3d-150058c3.jpg,motion_blur,5,24.35
11513e3d-150058c3.jpg,motion_blur,6,23.64
11513e3d-150058c3.jpg,motion_blur,7,23.03
11513e3d-150058c3.jpg,motion_blur,8,22.52
11513e3d-150058c3.jpg,motion_blur,9,22.08
11513e3d-150058c3.jpg,low_light,1,10.28
11513e3d-150058c3.jpg,low_light,2,7.73
11513e3d-150058c3.jpg,low_light,3,5.76
11513e3d-150058c3.jpg,low_light,4,4.23
11513e3d-150058c3.jpg,low_light,5,3.03
11513e3d-150058c3.jpg,low_light,6,2.03
11513e3d-150058c3.jpg,low_light,7,1.25
11513e3d-150058c3.jpg,low_light,8,0.64
11513e3d-150058c3.jpg,low_light,9,0.2
11513e3d-150058c3.jpg,rain,1,21.71
11513e3d-150058c3.jpg,rain,2,16.36
11513e3d-150058c3.jpg,rain,3,12.64
11513e3d-150058c3.jpg,rain,4,10.36
11513e3d-150058c3.jpg,rain,5,8.68
11513e3d-150058c3.jpg,rain,6,7.44
11513e3d-150058c3.jpg,rain,7,6.45
11513e3d-150058c3.jpg,rain,8,5.65
11513e3d-150058c3.jpg,rain,9,4.95
1189ae68-1a8ad3c6.jpg,motion_blur,1,35.6
1189ae68-1a8ad3c6.jpg,motion_blur,2,30.75
1189ae68-1a8ad3c6.jpg,motion_blur,3,28.57
1189ae68-1a8ad3c6.jpg,motion_blur,4,27.29
1189ae68-1a8ad3c6.jpg,motion_blur,5,26.4
1189ae68-1a8ad3c6.jpg,motion_blur,6,25.75
1189ae68-1a8ad3c6.jpg,motion_blur,7,25.25
1189ae68-1a8ad3c6.jpg,motion_blur,8,24.84
1189ae68-1a8ad3c6.jpg,motion_blur,9,24.49
1189ae68-1a8ad3c6.jpg,low_light,1,10.05
1189ae68-1a8ad3c6.jpg,low_light,2,7.53
1189ae68-1a8ad3c6.jpg,low_light,3,5.61
1189ae68-1a8ad3c6.jpg,low_light,4,4.12
1189ae68-1a8ad3c6.jpg,low_light,5,2.95
1189ae68-1a8ad3c6.jpg,low_light,6,1.98
1189ae68-1a8ad3c6.jpg,low_light,7,1.22
1189ae68-1a8ad3c6.jpg,low_light,8,0.62
1189ae68-1a8ad3c6.jpg,low_light,9,0.19
1189ae68-1a8ad3c6.jpg,rain,1,22.51
1189ae68-1a8ad3c6.jpg,rain,2,18.39
1189ae68-1a8ad3c6.jpg,rain,3,14.4
1189ae68-1a8ad3c6.jpg,rain,4,12.03
1189ae68-1a8ad3c6.jpg,rain,5,10.32
1189ae68-1a8ad3c6.jpg,rain,6,9.08
1189ae68-1a8ad3c6.jpg,rain,7,8.1
1189ae68-1a8ad3c6.jpg,rain,8,7.31
1189ae68-1a8ad3c6.jpg,rain,9,6.62
12076ebb-c07285d7.jpg,motion_blur,1,31.07
12076ebb-c07285d7.jpg,motion_blur,2,26.28
12076ebb-c07285d7.jpg,motion_blur,3,24.16
12076ebb-c07285d7.jpg,motion_blur,4,22.95
12076ebb-c07285d7.jpg,motion_blur,5,22.1
12076ebb-c07285d7.jpg,motion_blur,6,21.45
12076ebb-c07285d7.jpg,motion_blur,7,20.91
12076ebb-c07285d7.jpg,motion_blur,8,20.45
12076ebb-c07285d7.jpg,motion_blur,9,20.06
12076ebb-c07285d7.jpg,low_light,1,9.64
12076ebb-c07285d7.jpg,low_light,2,7.36
12076ebb-c07285d7.jpg,low_light,3,5.53
12076ebb-c07285d7.jpg,low_light,4,4.08
12076ebb-c07285d7.jpg,low_light,5,2.92
12076ebb-c07285d7.jpg,low_light,6,1.97
12076ebb-c07285d7.jpg,low_light,7,1.21
12076ebb-c07285d7.jpg,low_light,8,0.62
12076ebb-c07285d7.jpg,low_light,9,0.19
12076ebb-c07285d7.jpg,rain,1,22.18
12076ebb-c07285d7.jpg,rain,2,14.9
12076ebb-c07285d7.jpg,rain,3,10.93
12076ebb-c07285d7.jpg,rain,4,8.53
12076ebb-c07285d7.jpg,rain,5,6.8
12076ebb-c07285d7.jpg,rain,6,5.51
12076ebb-c07285d7.jpg,rain,7,4.48
12076ebb-c07285d7.jpg,rain,8,3.64
12076ebb-c07285d7.jpg,rain,9,2.9
125134e5-7dfc45b9.jpg,motion_blur,1,35.64
125134e5-7dfc45b9.jpg,motion_blur,2,31.19
125134e5-7dfc45b9.jpg,motion_blur,3,29.27
125134e5-7dfc45b9.jpg,motion_blur,4,28.13
125134e5-7dfc45b9.jpg,motion_blur,5,27.32
125134e5-7dfc45b9.jpg,motion_blur,6,26.72
125134e5-7dfc45b9.jpg,motion_blur,7,26.24
125134e5-7dfc45b9.jpg,motion_blur,8,25.83
125134e5-7dfc45b9.jpg,motion_blur,9,25.48
125134e5-7dfc45b9.jpg,low_light,1,9.8
125134e5-7dfc45b9.jpg,low_light,2,7.38
125134e5-7dfc45b9.jpg,low_light,3,5.52
125134e5-7dfc45b9.jpg,low_light,4,4.06
125134e5-7dfc45b9.jpg,low_light,5,2.91
125134e5-7dfc45b9.jpg,low_light,6,1.96
125134e5-7dfc45b9.jpg,low_light,7,1.2
125134e5-7dfc45b9.jpg,low_light,8,0.62
125134e5-7dfc45b9.jpg,low_light,9,0.19
125134e5-7dfc45b9.jpg,rain,1,21.55
125134e5-7dfc45b9.jpg,rain,2,16.67
125134e5-7dfc45b9.jpg,rain,3,12.97
125134e5-7dfc45b9.jpg,rain,4,10.69
125134e5-7dfc45b9.jpg,rain,5,9.01
125134e5-7dfc45b9.jpg,rain,6,7.77
125134e5-7dfc45b9.jpg,rain,7,6.79
125134e5-7dfc45b9.jpg,rain,8,6.01
125134e5-7dfc45b9.jpg,rain,9,5.35
12ae9ab8-794f5adc.jpg,motion_blur,1,31.86
12ae9ab8-794f5adc.jpg,motion_blur,2,26.91
12ae9ab8-794f5adc.jpg,motion_blur,3,24.93
12ae9ab8-794f5adc.jpg,motion_blur,4,23.87
12ae9ab8-794f5adc.jpg,motion_blur,5,23.07
12ae9ab8-794f5adc.jpg,motion_blur,6,22.4
12ae9ab8-794f5adc.jpg,motion_blur,7,21.83
12ae9ab8-794f5adc.jpg,motion_blur,8,21.34
12ae9ab8-794f5adc.jpg,motion_blur,9,20.92
12ae9ab8-794f5adc.jpg,low_light,1,9.55
12ae9ab8-794f5adc.jpg,low_light,2,7.23
12ae9ab8-794f5adc.jpg,low_light,3,5.42
12ae9ab8-794f5adc.jpg,low_light,4,4.0
12ae9ab8-794f5adc.jpg,low_light,5,2.87
12ae9ab8-794f5adc.jpg,low_light,6,1.93
12ae9ab8-794f5adc.jpg,low_light,7,1.19
12ae9ab8-794f5adc.jpg,low_light,8,0.61
12ae9ab8-794f5adc.jpg,low_light,9,0.18
12ae9ab8-794f5adc.jpg,rain,1,19.91
12ae9ab8-794f5adc.jpg,rain,2,15.35
12ae9ab8-794f5adc.jpg,rain,3,12.0
12ae9ab8-794f5adc.jpg,rain,4,9.89
12ae9ab8-794f5adc.jpg,rain,5,8.36
12ae9ab8-794f5adc.jpg,rain,6,7.2
12ae9ab8-794f5adc.jpg,rain,7,6.29
12ae9ab8-794f5adc.jpg,rain,8,5.53
12ae9ab8-794f5adc.jpg,rain,9,4.87
13f61134-50021e53.jpg,motion_blur,1,34.37
13f61134-50021e53.jpg,motion_blur,2,29.48
13f61134-50021e53.jpg,motion_blur,3,27.12
13f61134-50021e53.jpg,motion_blur,4,25.7
13f61134-50021e53.jpg,motion_blur,5,24.72
13f61134-50021e53.jpg,motion_blur,6,23.98
13f61134-50021e53.jpg,motion_blur,7,23.38
13f61134-50021e53.jpg,motion_blur,8,22.88
13f61134-50021e53.jpg,motion_blur,9,22.46
13f61134-50021e53.jpg,low_light,1,10.5
13f61134-50021e53.jpg,low_light,2,7.82
13f61134-50021e53.jpg,low_light,3,5.8
13f61134-50021e53.jpg,low_light,4,4.25
13f61134-50021e53.jpg,low_light,5,3.03
13f61134-50021e53.jpg,low_light,6,2.03
13f61134-50021e53.jpg,low_light,7,1.25
13f61134-50021e53.jpg,low_light,8,0.64
13f61134-50021e53.jpg,low_light,9,0.2
13f61134-50021e53.jpg,rain,1,23.0
13f61134-50021e53.jpg,rain,2,18.65
13f61134-50021e53.jpg,rain,3,14.2
13f61134-50021e53.jpg,rain,4,11.7
13f61134-50021e53.jpg,rain,5,9.94
13f61134-50021e53.jpg,rain,6,8.7
13f61134-50021e53.jpg,rain,7,7.74
13f61134-50021e53.jpg,rain,8,6.95
13f61134-50021e53.jpg,rain,9,6.27
14eace5a-ddf3b303.jpg,motion_blur,1,38.37
14eace5a-ddf3b303.jpg,motion_blur,2,33.22
14eace5a-ddf3b303.jpg,motion_blur,3,30.82
14eace5a-ddf3b303.jpg,motion_blur,4,29.4
14eace5a-ddf3b303.jpg,motion_blur,5,28.37
14eace5a-ddf3b303.jpg,motion_blur,6,27.56
14eace5a-ddf3b303.jpg,motion_blur,7,26.91
14eace5a-ddf3b303.jpg,motion_blur,8,26.36
14eace5a-ddf3b303.jpg,motion_blur,9,25.9
14eace5a-ddf3b303.jpg,low_light,1,10.01
14eace5a-ddf3b303.jpg,low_light,2,7.53
14eace5a-ddf3b303.jpg,low_light,3,5.62
14eace5a-ddf3b303.jpg,low_light,4,4.14
14eace5a-ddf3b303.jpg,low_light,5,2.96
14eace5a-ddf3b303.jpg,low_light,6,1.99
14eace5a-ddf3b303.jpg,low_light,7,1.22
14eace5a-ddf3b303.jpg,low_light,8,0.63
14eace5a-ddf3b303.jpg,low_light,9,0.19
14eace5a-ddf3b303.jpg,rain,1,23.19
14eace5a-ddf3b303.jpg,rain,2,18.74
14eace5a-ddf3b303.jpg,rain,3,14.31
14eace5a-ddf3b303.jpg,rain,4,11.74
14eace5a-ddf3b303.jpg,rain,5,9.95
14eace5a-ddf3b303.jpg,rain,6,8.64
14eace5a-ddf3b303.jpg,rain,7,7.62
14eace5a-ddf3b303.jpg,rain,8,6.78
14eace5a-ddf3b303.jpg,rain,9,6.05
1608cfe7-32da2c5d.jpg,motion_blur,1,31.55
1608cfe7-32da2c5d.jpg,motion_blur,2,26.69
1608cfe7-32da2c5d.jpg,motion_blur,3,24.7
1608cfe7-32da2c5d.jpg,motion_blur,4,23.66
1608cfe7-32da2c5d.jpg,motion_blur,5,22.92
1608cfe7-32da2c5d.jpg,motion_blur,6,22.3
1608cfe7-32da2c5d.jpg,motion_blur,7,21.77
1608cfe7-32da2c5d.jpg,motion_blur,8,21.3
1608cfe7-32da2c5d.jpg,motion_blur,9,20.89
1608cfe7-32da2c5d.jpg,low_light,1,9.13
1608cfe7-32da2c5d.jpg,low_light,2,6.95
1608cfe7-32da2c5d.jpg,low_light,3,5.23
1608cfe7-32da2c5d.jpg,low_light,4,3.87
1608cfe7-32da2c5d.jpg,low_light,5,2.78
1608cfe7-32da2c5d.jpg,low_light,6,1.87
1608cfe7-32da2c5d.jpg,low_light,7,1.15
1608cfe7-32da2c5d.jpg,low_light,8,0.58
1608cfe7-32da2c5d.jpg,low_light,9,0.18
1608cfe7-32da2c5d.jpg,rain,1,22.88
1608cfe7-32da2c5d.jpg,rain,2,16.74
1608cfe7-32da2c5d.jpg,rain,3,12.27
1608cfe7-32da2c5d.jpg,rain,4,9.66
1608cfe7-32da2c5d.jpg,rain,5,7.82
1608cfe7-32da2c5d.jpg,rain,6,6.48
1608cfe7-32da2c5d.jpg,rain,7,5.45
1608cfe7-32da2c5d.jpg,rain,8,4.63
1608cfe7-32da2c5d.jpg,rain,9,3.93
162995f1-d2c7d259.jpg,motion_blur,1,36.32
162995f1-d2c7d259.jpg,motion_blur,2,31.06
162995f1-d2c7d259.jpg,motion_blur,3,28.25
162995f1-d2c7d259.jpg,motion_blur,4,26.52
162995f1-d2c7d259.jpg,motion_blur,5,25.33
162995f1-d2c7d259.jpg,motion_blur,6,24.43
162995f1-d2c7d259.jpg,motion_blur,7,23.72
162995f1-d2c7d259.jpg,motion_blur,8,23.15
162995f1-d2c7d259.jpg,motion_blur,9,22.68
162995f1-d2c7d259.jpg,low_light,1,10.29
162995f1-d2c7d259.jpg,low_light,2,7.73
162995f1-d2c7d259.jpg,low_light,3,5.75
162995f1-d2c7d259.jpg,low_light,4,4.23
162995f1-d2c7d259.jpg,low_light,5,3.02
162995f1-d2c7d259.jpg,low_light,6,2.03
162995f1-d2c7d259.jpg,low_light,7,1.25
162995f1-d2c7d259.jpg,low_light,8,0.64
162995f1-d2c7d259.jpg,low_light,9,0.2
162995f1-d2c7d259.jpg,rain,1,20.41
162995f1-d2c7d259.jpg,rain,2,15.19
162995f1-d2c7d259.jpg,rain,3,11.88
162995f1-d2c7d259.jpg,rain,4,9.78
162995f1-d2c7d259.jpg,rain,5,8.23
162995f1-d2c7d259.jpg,rain,6,7.05
162995f1-d2c7d259.jpg,rain,7,6.12
162995f1-d2c7d259.jpg,rain,8,5.34
162995f1-d2c7d259.jpg,rain,9,4.67
16b0973f-c07b564a.jpg,motion_blur,1,35.14
16b0973f-c07b564a.jpg,motion_blur,2,30.31
16b0973f-c07b564a.jpg,motion_blur,3,27.87
16b0973f-c07b564a.jpg,motion_blur,4,26.38
16b0973f-c07b564a.jpg,motion_blur,5,25.33
16b0973f-c07b564a.jpg,motion_blur,6,24.54
16b0973f-c07b564a.jpg,motion_blur,7,23.9
16b0973f-c07b564a.jpg,motion_blur,8,23.36
16b0973f-c07b564a.jpg,motion_blur,9,22.89
16b0973f-c07b564a.jpg,low_light,1,8.8
16b0973f-c07b564a.jpg,low_light,2,6.77
16b0973f-c07b564a.jpg,low_light,3,5.12
16b0973f-c07b564a.jpg,low_light,4,3.8
16b0973f-c07b564a.jpg,low_light,5,2.74
16b0973f-c07b564a.jpg,low_light,6,1.84
16b0973f-c07b564a.jpg,low_light,7,1.13
16b0973f-c07b564a.jpg,low_light,8,0.58
16b0973f-c07b564a.jpg,low_light,9,0.17
16b0973f-c07b564a.jpg,rain,1,23.01
16b0973f-c07b564a.jpg,rain,2,15.86
16b0973f-c07b564a.jpg,rain,3,11.52
16b0973f-c07b564a.jpg,rain,4,8.98
16b0973f-c07b564a.jpg,rain,5,7.15
16b0973f-c07b564a.jpg,rain,6,5.78
16b0973f-c07b564a.jpg,rain,7,4.7
16b0973f-c07b564a.jpg,rain,8,3.84
16b0973f-c07b564a.jpg,rain,9,3.08
1784d67b-6b223914.jpg,motion_blur,1,35.44
1784d67b-6b223914.jpg,motion_blur,2,30.61
1784d67b-6b223914.jpg,motion_blur,3,28.48
1784d67b-6b223914.jpg,motion_blur,4,27.17
1784d67b-6b223914.jpg,motion_blur,5,26.22
1784d67b-6b223914.jpg,motion_blur,6,25.5
1784d67b-6b223914.jpg,motion_blur,7,24.94
1784d67b-6b223914.jpg,motion_blur,8,24.47
1784d67b-6b223914.jpg,motion_blur,9,24.06
1784d67b-6b223914.jpg,low_light,1,9.98
1784d67b-6b223914.jpg,low_light,2,7.51
1784d67b-6b223914.jpg,low_light,3,5.61
1784d67b-6b223914.jpg,low_light,4,4.13
1784d67b-6b223914.jpg,low_light,5,2.95
1784d67b-6b223914.jpg,low_light,6,1.99
1784d67b-6b223914.jpg,low_light,7,1.22
1784d67b-6b223914.jpg,low_light,8,0.62
1784d67b-6b223914.jpg,low_light,9,0.19
1784d67b-6b223914.jpg,rain,1,21.91
1784d67b-6b223914.jpg,rain,2,16.92
1784d67b-6b223914.jpg,rain,3,13.1
1784d67b-6b223914.jpg,rain,4,10.78
1784d67b-6b223914.jpg,rain,5,9.09
1784d67b-6b223914.jpg,rain,6,7.85
1784d67b-6b223914.jpg,rain,7,6.85
1784d67b-6b223914.jpg,rain,8,6.05
1784d67b-6b223914.jpg,rain,9,5.36
1784d67b-d76145ce.jpg,motion_blur,1,35.2
1784d67b-d76145ce.jpg,motion_blur,2,31.22
1784d67b-d76145ce.jpg,motion_blur,3,29.48
1784d67b-d76145ce.jpg,motion_blur,4,28.25
1784d67b-d76145ce.jpg,motion_blur,5,27.27
1784d67b-d76145ce.jpg,motion_blur,6,26.53
1784d67b-d76145ce.jpg,motion_blur,7,25.92
1784d67b-d76145ce.jpg,motion_blur,8,25.38
1784d67b-d76145ce.jpg,motion_blur,9,24.92
1784d67b-d76145ce.jpg,low_light,1,10.24
1784d67b-d76145ce.jpg,low_light,2,7.65
1784d67b-d76145ce.jpg,low_light,3,5.7
1784d67b-d76145ce.jpg,low_light,4,4.18
1784d67b-d76145ce.jpg,low_light,5,2.99
1784d67b-d76145ce.jpg,low_light,6,2.01
1784d67b-d76145ce.jpg,low_light,7,1.23
1784d67b-d76145ce.jpg,low_light,8,0.63
1784d67b-d76145ce.jpg,low_light,9,0.19
1784d67b-d76145ce.jpg,rain,1,23.55
1784d67b-d76145ce.jpg,rain,2,19.24
1784d67b-d76145ce.jpg,rain,3,14.74
1784d67b-d76145ce.jpg,rain,4,12.13
1784d67b-d76145ce.jpg,rain,5,10.29
1784d67b-d76145ce.jpg,rain,6,8.97
1784d67b-d76145ce.jpg,rain,7,7.95
1784d67b-d76145ce.jpg,rain,8,7.15
1784d67b-d76145ce.jpg,rain,9,6.47
188c58f3-792afc71.jpg,motion_blur,1,32.69
188c58f3-792afc71.jpg,motion_blur,2,28.06
188c58f3-792afc71.jpg,motion_blur,3,25.96
188c58f3-792afc71.jpg,motion_blur,4,24.73
188c58f3-792afc71.jpg,motion_blur,5,23.84
188c58f3-792afc71.jpg,motion_blur,6,23.15
188c58f3-792afc71.jpg,motion_blur,7,22.58
188c58f3-792afc71.jpg,motion_blur,8,22.1
188c58f3-792afc71.jpg,motion_blur,9,21.67
188c58f3-792afc71.jpg,low_light,1,8.58
188c58f3-792afc71.jpg,low_light,2,6.62
188c58f3-792afc71.jpg,low_light,3,5.02
188c58f3-792afc71.jpg,low_light,4,3.73
188c58f3-792afc71.jpg,low_light,5,2.69
188c58f3-792afc71.jpg,low_light,6,1.81
188c58f3-792afc71.jpg,low_light,7,1.11
188c58f3-792afc71.jpg,low_light,8,0.57
188c58f3-792afc71.jpg,low_light,9,0.16
188c58f3-792afc71.jpg,rain,1,22.8
188c58f3-792afc71.jpg,rain,2,15.55
188c58f3-792afc71.jpg,rain,3,11.22
188c58f3-792afc71.jpg,rain,4,8.66
188c58f3-792afc71.jpg,rain,5,6.84
188c58f3-792afc71.jpg,rain,6,5.49
188c58f3-792afc71.jpg,rain,7,4.42
188c58f3-792afc71.jpg,rain,8,3.54
188c58f3-792afc71.jpg,rain,9,2.79
193f7f3b-84bc7998.jpg,motion_blur,1,36.67
193f7f3b-84bc7998.jpg,motion_blur,2,32.03
193f7f3b-84bc7998.jpg,motion_blur,3,29.41
193f7f3b-84bc7998.jpg,motion_blur,4,27.64
193f7f3b-84bc7998.jpg,motion_blur,5,26.37
193f7f3b-84bc7998.jpg,motion_blur,6,25.43
193f7f3b-84bc7998.jpg,motion_blur,7,24.71
193f7f3b-84bc7998.jpg,motion_blur,8,24.14
193f7f3b-84bc7998.jpg,motion_blur,9,23.67
193f7f3b-84bc7998.jpg,low_light,1,9.93
193f7f3b-84bc7998.jpg,low_light,2,7.48
193f7f3b-84bc7998.jpg,low_light,3,5.59
193f7f3b-84bc7998.jpg,low_light,4,4.11
193f7f3b-84bc7998.jpg,low_light,5,2.94
193f7f3b-84bc7998.jpg,low_light,6,1.98
193f7f3b-84bc7998.jpg,low_light,7,1.22
193f7f3b-84bc7998.jpg,low_light,8,0.62
193f7f3b-84bc7998.jpg,low_light,9,0.19
193f7f3b-84bc7998.jpg,rain,1,23.46
193f7f3b-84bc7998.jpg,rain,2,17.92
193f7f3b-84bc7998.jpg,rain,3,13.52
193f7f3b-84bc7998.jpg,rain,4,10.98
193f7f3b-84bc7998.jpg,rain,5,9.21
193f7f3b-84bc7998.jpg,rain,6,7.92
193f7f3b-84bc7998.jpg,rain,7,6.92
193f7f3b-84bc7998.jpg,rain,8,6.1
193f7f3b-84bc7998.jpg,rain,9,5.39
194058b0-ac0616a6.jpg,motion_blur,1,30.98
194058b0-ac0616a6.jpg,motion_blur,2,26.06
194058b0-ac0616a6.jpg,motion_blur,3,23.98
194058b0-ac0616a6.jpg,motion_blur,4,22.78
194058b0-ac0616a6.jpg,motion_blur,5,21.91
194058b0-ac0616a6.jpg,motion_blur,6,21.24
194058b0-ac0616a6.jpg,motion_blur,7,20.68
194058b0-ac0616a6.jpg,motion_blur,8,20.2
194058b0-ac0616a6.jpg,motion_blur,9,19.79
194058b0-ac0616a6.jpg,low_light,1,9.67
194058b0-ac0616a6.jpg,low_light,2,7.32
194058b0-ac0616a6.jpg,low_light,3,5.48
194058b0-ac0616a6.jpg,low_light,4,4.04
194058b0-ac0616a6.jpg,low_light,5,2.9
194058b0-ac0616a6.jpg,low_light,6,1.95
194058b0-ac0616a6.jpg,low_light,7,1.2
194058b0-ac0616a6.jpg,low_light,8,0.61
194058b0-ac0616a6.jpg,low_light,9,0.19
194058b0-ac0616a6.jpg,rain,1,21.29
194058b0-ac0616a6.jpg,rain,2,16.03
194058b0-ac0616a6.jpg,rain,3,12.17
194058b0-ac0616a6.jpg,rain,4,9.78
194058b0-ac0616a6.jpg,rain,5,8.05
194058b0-ac0616a6.jpg,rain,6,6.75
194058b0-ac0616a6.jpg,rain,7,5.75
194058b0-ac0616a6.jpg,rain,8,4.93
194058b0-ac0616a6.jpg,rain,9,4.24
19e56249-09c4bbc6.jpg,motion_blur,1,35.2
19e56249-09c4bbc6.jpg,motion_blur,2,30.82
19e56249-09c4bbc6.jpg,motion_blur,3,29.06
19e56249-09c4bbc6.jpg,motion_blur,4,27.94
19e56249-09c4bbc6.jpg,motion_blur,5,27.11
19e56249-09c4bbc6.jpg,motion_blur,6,26.51
19e56249-09c4bbc6.jpg,motion_blur,7,26.03
19e56249-09c4bbc6.jpg,motion_blur,8,25.6
19e56249-09c4bbc6.jpg,motion_blur,9,25.23
19e56249-09c4bbc6.jpg,low_light,1,10.33
19e56249-09c4bbc6.jpg,low_light,2,7.66
19e56249-09c4bbc6.jpg,low_light,3,5.68
19e56249-09c4bbc6.jpg,low_light,4,4.16
19e56249-09c4bbc6.jpg,low_light,5,2.97
19e56249-09c4bbc6.jpg,low_light,6,2.0
19e56249-09c4bbc6.jpg,low_light,7,1.23
19e56249-09c4bbc6.jpg,low_light,8,0.63
19e56249-09c4bbc6.jpg,low_light,9,0.19
19e56249-09c4bbc6.jpg,rain,1,22.8
19e56249-09c4bbc6.jpg,rain,2,18.94
19e56249-09c4bbc6.jpg,rain,3,14.82
19e56249-09c4bbc6.jpg,rain,4,12.44
19e56249-09c4bbc6.jpg,rain,5,10.8
19e56249-09c4bbc6.jpg,rain,6,9.65
19e56249-09c4bbc6.jpg,rain,7,8.79
19e56249-09c4bbc6.jpg,rain,8,8.13
19e56249-09c4bbc6.jpg,rain,9,7.61
1a71faae-d5f255fd.jpg,motion_blur,1,33.32
1a71faae-d5f255fd.jpg,motion_blur,2,28.31
1a71faae-d5f255fd.jpg,motion_blur,3,25.81
1a71faae-d5f255fd.jpg,motion_blur,4,24.34
1a71faae-d5f255fd.jpg,motion_blur,5,23.36
1a71faae-d5f255fd.jpg,motion_blur,6,22.66
1a71faae-d5f255fd.jpg,motion_blur,7,22.11
1a71faae-d5f255fd.jpg,motion_blur,8,21.68
1a71faae-d5f255fd.jpg,motion_blur,9,21.32
1a71faae-d5f255fd.jpg,low_light,1,10.33
1a71faae-d5f255fd.jpg,low_light,2,7.75
1a71faae-d5f255fd.jpg,low_light,3,5.77
1a71faae-d5f255fd.jpg,low_light,4,4.24
1a71faae-d5f255fd.jpg,low_light,5,3.03
1a71faae-d5f255fd.jpg,low_light,6,2.03
1a71faae-d5f255fd.jpg,low_light,7,1.25
1a71faae-d5f255fd.jpg,low_light,8,0.64
1a71faae-d5f255fd.jpg,low_light,9,0.2
1a71faae-d5f255fd.jpg,rain,1,23.0
1a71faae-d5f255fd.jpg,rain,2,18.23
1a71faae-d5f255fd.jpg,rain,3,13.97
1a71faae-d5f255fd.jpg,rain,4,11.45
1a71faae-d5f255fd.jpg,rain,5,9.66
1a71faae-d5f255fd.jpg,rain,6,8.37
1a71faae-d5f255fd.jpg,rain,7,7.36
1a71faae-d5f255fd.jpg,rain,8,6.54
1a71faae-d5f255fd.jpg,rain,9,5.83
1a8992a7-da5a8510.jpg,motion_blur,1,37.94
1a8992a7-da5a8510.jpg,motion_blur,2,32.5
1a8992a7-da5a8510.jpg,motion_blur,3,29.47
1a8992a7-da5a8510.jpg,motion_blur,4,27.48
1a8992a7-da5a8510.jpg,motion_blur,5,26.01
1a8992a7-da5a8510.jpg,motion_blur,6,24.86
1a8992a7-da5a8510.jpg,motion_blur,7,23.95
1a8992a7-da5a8510.jpg,motion_blur,8,23.2
1a8992a7-da5a8510.jpg,motion_blur,9,22.58
1a8992a7-da5a8510.jpg,low_light,1,9.96
1a8992a7-da5a8510.jpg,low_light,2,7.61
1a8992a7-da5a8510.jpg,low_light,3,5.7
1a8992a7-da5a8510.jpg,low_light,4,4.21
1a8992a7-da5a8510.jpg,low_light,5,3.01
1a8992a7-da5a8510.jpg,low_light,6,2.03
1a8992a7-da5a8510.jpg,low_light,7,1.24
1a8992a7-da5a8510.jpg,low_light,8,0.64
1a8992a7-da5a8510.jpg,low_light,9,0.19
1a8992a7-da5a8510.jpg,rain,1,21.96
1a8992a7-da5a8510.jpg,rain,2,16.4
1a8992a7-da5a8510.jpg,rain,3,12.28
1a8992a7-da5a8510.jpg,rain,4,9.78
1a8992a7-da5a8510.jpg,rain,5,7.97
1a8992a7-da5a8510.jpg,rain,6,6.63
1a8992a7-da5a8510.jpg,rain,7,5.54
1a8992a7-da5a8510.jpg,rain,8,4.68
1a8992a7-da5a8510.jpg,rain,9,3.92
1ac0178c-0b259360.jpg,motion_blur,1,38.21
1ac0178c-0b259360.jpg,motion_blur,2,33.68
1ac0178c-0b259360.jpg,motion_blur,3,31.91
1ac0178c-0b259360.jpg,motion_blur,4,30.92
1ac0178c-0b259360.jpg,motion_blur,5,30.13
1ac0178c-0b259360.jpg,motion_blur,6,29.46
1ac0178c-0b259360.jpg,motion_blur,7,28.9
1ac0178c-0b259360.jpg,motion_blur,8,28.41
1ac0178c-0b259360.jpg,motion_blur,9,27.97
1ac0178c-0b259360.jpg,low_light,1,10.64
1ac0178c-0b259360.jpg,low_light,2,7.86
1ac0178c-0b259360.jpg,low_light,3,5.81
1ac0178c-0b259360.jpg,low_light,4,4.25
1ac0178c-0b259360.jpg,low_light,5,3.03
1ac0178c-0b259360.jpg,low_light,6,2.04
1ac0178c-0b259360.jpg,low_light,7,1.25
1ac0178c-0b259360.jpg,low_light,8,0.64
1ac0178c-0b259360.jpg,low_light,9,0.2
1ac0178c-0b259360.jpg,rain,1,22.78
1ac0178c-0b259360.jpg,rain,2,19.34
1ac0178c-0b259360.jpg,rain,3,15.22
1ac0178c-0b259360.jpg,rain,4,12.79
1ac0178c-0b259360.jpg,rain,5,11.11
1ac0178c-0b259360.jpg,rain,6,9.92
1ac0178c-0b259360.jpg,rain,7,9.03
1ac0178c-0b259360.jpg,rain,8,8.35
1ac0178c-0b259360.jpg,rain,9,7.77
1b30f76f-95aa8a06.jpg,motion_blur,1,35.62
1b30f76f-95aa8a06.jpg,motion_blur,2,30.48
1b30f76f-95aa8a06.jpg,motion_blur,3,28.05
1b30f76f-95aa8a06.jpg,motion_blur,4,26.59
1b30f76f-95aa8a06.jpg,motion_blur,5,25.53
1b30f76f-95aa8a06.jpg,motion_blur,6,24.7
1b30f76f-95aa8a06.jpg,motion_blur,7,24.02
1b30f76f-95aa8a06.jpg,motion_blur,8,23.45
1b30f76f-95aa8a06.jpg,motion_blur,9,22.96
1b30f76f-95aa8a06.jpg,low_light,1,10.18
1b30f76f-95aa8a06.jpg,low_light,2,7.62
1b30f76f-95aa8a06.jpg,low_light,3,5.67
1b30f76f-95aa8a06.jpg,low_light,4,4.16
1b30f76f-95aa8a06.jpg,low_light,5,2.97
1b30f76f-95aa8a06.jpg,low_light,6,2.0
1b30f76f-95aa8a06.jpg,low_light,7,1.23
1b30f76f-95aa8a06.jpg,low_light,8,0.63
1b30f76f-95aa8a06.jpg,low_light,9,0.19
1b30f76f-95aa8a06.jpg,rain,1,21.46
1b30f76f-95aa8a06.jpg,rain,2,17.32
1b30f76f-95aa8a06.jpg,rain,3,13.68
1b30f76f-95aa8a06.jpg,rain,4,11.45
1b30f76f-95aa8a06.jpg,rain,5,9.86
1b30f76f-95aa8a06.jpg,rain,6,8.69
1b30f76f-95aa8a06.jpg,rain,7,7.79
1b30f76f-95aa8a06.jpg,rain,8,7.07
1b30f76f-95aa8a06.jpg,rain,9,6.44
1bda5a26-420ceea6.jpg,motion_blur,1,36.53
1bda5a26-420ceea6.jpg,motion_blur,2,31.26
1bda5a26-420ceea6.jpg,motion_blur,3,28.61
1bda5a26-420ceea6.jpg,motion_blur,4,26.93
1bda5a26-420ceea6.jpg,motion_blur,5,25.67
1bda5a26-420ceea6.jpg,motion_blur,6,24.66
1bda5a26-420ceea6.jpg,motion_blur,7,23.85
1bda5a26-420ceea6.jpg,motion_blur,8,23.19
1bda5a26-420ceea6.jpg,motion_blur,9,22.63
1bda5a26-420ceea6.jpg,low_light,1,9.84
1bda5a26-420ceea6.jpg,low_light,2,7.45
1bda5a26-420ceea6.jpg,low_light,3,5.58
1bda5a26-420ceea6.jpg,low_light,4,4.11
1bda5a26-420ceea6.jpg,low_light,5,2.94
1bda5a26-420ceea6.jpg,low_light,6,1.98
1bda5a26-420ceea6.jpg,low_light,7,1.22
1bda5a26-420ceea6.jpg,low_light,8,0.62
1bda5a26-420ceea6.jpg,low_light,9,0.19
1bda5a26-420ceea6.jpg,rain,1,21.45
1bda5a26-420ceea6.jpg,rain,2,16.07
1bda5a26-420ceea6.jpg,rain,3,12.35
1bda5a26-420ceea6.jpg,rain,4,10.08
1bda5a26-420ceea6.jpg,rain,5,8.41
1bda5a26-420ceea6.jpg,rain,6,7.17
1bda5a26-420ceea6.jpg,rain,7,6.17
1bda5a26-420ceea6.jpg,rain,8,5.36
1bda5a26-420ceea6.jpg,rain,9,4.64
1bf7f3d2-15f95138.jpg,motion_blur,1,33.43
1bf7f3d2-15f95138.jpg,motion_blur,2,28.55
1bf7f3d2-15f95138.jpg,motion_blur,3,26.37
1bf7f3d2-15f95138.jpg,motion_blur,4,25.07
1bf7f3d2-15f95138.jpg,motion_blur,5,24.13
1bf7f3d2-15f95138.jpg,motion_blur,6,23.39
1bf7f3d2-15f95138.jpg,motion_blur,7,22.8
1bf7f3d2-15f95138.jpg,motion_blur,8,22.3
1bf7f3d2-15f95138.jpg,motion_blur,9,21.87
1bf7f3d2-15f95138.jpg,low_light,1,9.96
1bf7f3d2-15f95138.jpg,low_light,2,7.51
1bf7f3d2-15f95138.jpg,low_light,3,5.61
1bf7f3d2-15f95138.jpg,low_light,4,4.13
1bf7f3d2-15f95138.jpg,low_light,5,2.96
1bf7f3d2-15f95138.jpg,low_light,6,1.99
1bf7f3d2-15f95138.jpg,low_light,7,1.22
1bf7f3d2-15f95138.jpg,low_light,8,0.63
1bf7f3d2-15f95138.jpg,low_light,9,0.19
1bf7f3d2-15f95138.jpg,rain,1,21.28
1bf7f3d2-15f95138.jpg,rain,2,16.23
1bf7f3d2-15f95138.jpg,rain,3,12.63
1bf7f3d2-15f95138.jpg,rain,4,10.4
1bf7f3d2-15f95138.jpg,rain,5,8.75
1bf7f3d2-15f95138.jpg,rain,6,7.52
1bf7f3d2-15f95138.jpg,rain,7,6.54
1bf7f3d2-15f95138.jpg,rain,8,5.74
1bf7f3d2-15f95138.jpg,rain,9,5.05
1c227a12-10e5552c.jpg,motion_blur,1,35.44
1c227a12-10e5552c.jpg,motion_blur,2,30.71
1c227a12-10e5552c.jpg,motion_blur,3,28.61
1c227a12-10e5552c.jpg,motion_blur,4,27.43
1c227a12-10e5552c.jpg,motion_blur,5,26.63
1c227a12-10e5552c.jpg,motion_blur,6,26.02
1c227a12-10e5552c.jpg,motion_blur,7,25.51
1c227a12-10e5552c.jpg,motion_blur,8,25.09
1c227a12-10e5552c.jpg,motion_blur,9,24.73
1c227a12-10e5552c.jpg,low_light,1,10.39
1c227a12-10e5552c.jpg,low_light,2,7.75
1c227a12-10e5552c.jpg,low_light,3,5.76
1c227a12-10e5552c.jpg,low_light,4,4.22
1c227a12-10e5552c.jpg,low_light,5,3.02
1c227a12-10e5552c.jpg,low_light,6,2.03
1c227a12-10e5552c.jpg,low_light,7,1.25
1c227a12-10e5552c.jpg,low_light,8,0.64
1c227a12-10e5552c.jpg,low_light,9,0.19
1c227a12-10e5552c.jpg,rain,1,22.7
1c227a12-10e5552c.jpg,rain,2,18.35
1c227a12-10e5552c.jpg,rain,3,14.41
1c227a12-10e5552c.jpg,rain,4,12.04
1c227a12-10e5552c.jpg,rain,5,10.32
1c227a12-10e5552c.jpg,rain,6,9.06
1c227a12-10e5552c.jpg,rain,7,8.08
1c227a12-10e5552c.jpg,rain,8,7.29
1c227a12-10e5552c.jpg,rain,9,6.61
1c227a12-ec67af93.jpg,motion_blur,1,32.22
1c227a12-ec67af93.jpg,motion_blur,2,27.95
1c227a12-ec67af93.jpg,motion_blur,3,26.17
1c227a12-ec67af93.jpg,motion_blur,4,25.15
1c227a12-ec67af93.jpg,motion_blur,5,24.44
1c227a12-ec67af93.jpg,motion_blur,6,23.87
1c227a12-ec67af93.jpg,motion_blur,7,23.39
1c227a12-ec67af93.jpg,motion_blur,8,22.99
1c227a12-ec67af93.jpg,motion_blur,9,22.66
1c227a12-ec67af93.jpg,low_light,1,10.21
1c227a12-ec67af93.jpg,low_light,2,7.66
1c227a12-ec67af93.jpg,low_light,3,5.71
1c227a12-ec67af93.jpg,low_light,4,4.19
1c227a12-ec67af93.jpg,low_light,5,3.0
1c227a12-ec67af93.jpg,low_light,6,2.01
1c227a12-ec67af93.jpg,low_light,7,1.24
1c227a12-ec67af93.jpg,low_light,8,0.63
1c227a12-ec67af93.jpg,low_light,9,0.19
1c227a12-ec67af93.jpg,rain,1,22.54
1c227a12-ec67af93.jpg,rain,2,17.68
1c227a12-ec67af93.jpg,rain,3,13.78
1c227a12-ec67af93.jpg,rain,4,11.41
1c227a12-ec67af93.jpg,rain,5,9.71
1c227a12-ec67af93.jpg,rain,6,8.47
1c227a12-ec67af93.jpg,rain,7,7.48
1c227a12-ec67af93.jpg,rain,8,6.67
1c227a12-ec67af93.jpg,rain,9,5.97
1c5e9657-2e2a2863.jpg,motion_blur,1,35.1
1c5e9657-2e2a2863.jpg,motion_blur,2,30.86
1c5e9657-2e2a2863.jpg,motion_blur,3,29.19
1c5e9657-2e2a2863.jpg,motion_blur,4,27.99
1c5e9657-2e2a2863.jpg,motion_blur,5,27.04
1c5e9657-2e2a2863.jpg,motion_blur,6,26.32
1c5e9657-2e2a2863.jpg,motion_blur,7,25.76
1c5e9657-2e2a2863.jpg,motion_blur,8,25.26
1c5e9657-2e2a2863.jpg,motion_blur,9,24.81
1c5e9657-2e2a2863.jpg,low_light,1,9.07
1c5e9657-2e2a2863.jpg,low_light,2,6.93
1c5e9657-2e2a2863.jpg,low_light,3,5.22
1c5e9657-2e2a2863.jpg,low_light,4,3.86
1c5e9657-2e2a2863.jpg,low_light,5,2.77
1c5e9657-2e2a2863.jpg,low_light,6,1.87
1c5e9657-2e2a2863.jpg,low_light,7,1.15
1c5e9657-2e2a2863.jpg,low_light,8,0.58
1c5e9657-2e2a2863.jpg,low_light,9,0.17
1c5e9657-2e2a2863.jpg,rain,1,23.04
1c5e9657-2e2a2863.jpg,rain,2,16.51
1c5e9657-2e2a2863.jpg,rain,3,11.97
1c5e9657-2e2a2863.jpg,rain,4,9.37
1c5e9657-2e2a2863.jpg,rain,5,7.52
1c5e9657-2e2a2863.jpg,rain,6,6.17
1c5e9657-2e2a2863.jpg,rain,7,5.11
1c5e9657-2e2a2863.jpg,rain,8,4.28
1c5e9657-2e2a2863.jpg,rain,9,3.55
1cb2a89b-4594573e.jpg,motion_blur,1,32.78
1cb2a89b-4594573e.jpg,motion_blur,2,27.88
1cb2a89b-4594573e.jpg,motion_blur,3,25.7
1cb2a89b-4594573e.jpg,motion_blur,4,24.4
1cb2a89b-4594573e.jpg,motion_blur,5,23.47
1cb2a89b-4594573e.jpg,motion_blur,6,22.74
1cb2a89b-4594573e.jpg,motion_blur,7,22.12
1cb2a89b-4594573e.jpg,motion_blur,8,21.58
1cb2a89b-4594573e.jpg,motion_blur,9,21.1
1cb2a89b-4594573e.jpg,low_light,1,10.37
1cb2a89b-4594573e.jpg,low_light,2,7.83
1cb2a89b-4594573e.jpg,low_light,3,5.84
1cb2a89b-4594573e.jpg,low_light,4,4.28
1cb2a89b-4594573e.jpg,low_light,5,3.06
1cb2a89b-4594573e.jpg,low_light,6,2.06
1cb2a89b-4594573e.jpg,low_light,7,1.26
1cb2a89b-4594573e.jpg,low_light,8,0.65
1cb2a89b-4594573e.jpg,low_light,9,0.2
1cb2a89b-4594573e.jpg,rain,1,22.41
1cb2a89b-4594573e.jpg,rain,2,17.13
1cb2a89b-4594573e.jpg,rain,3,12.92
1cb2a89b-4594573e.jpg,rain,4,10.43
1cb2a89b-4594573e.jpg,rain,5,8.61
1cb2a89b-4594573e.jpg,rain,6,7.27
1cb2a89b-4594573e.jpg,rain,7,6.19
1cb2a89b-4594573e.jpg,rain,8,5.32
1cb2a89b-4594573e.jpg,rain,9,4.55
1cf54809-c6daa5a9.jpg,motion_blur,1,27.37
1cf54809-c6daa5a9.jpg,motion_blur,2,22.59
1cf54809-c6daa5a9.jpg,motion_blur,3,20.63
1cf54809-c6daa5a9.jpg,motion_blur,4,19.56
1cf54809-c6daa5a9.jpg,motion_blur,5,18.82
1cf54809-c6daa5a9.jpg,motion_blur,6,18.27
1cf54809-c6daa5a9.jpg,motion_blur,7,17.83
1cf54809-c6daa5a9.jpg,motion_blur,8,17.46
1cf54809-c6daa5a9.jpg,motion_blur,9,17.14
1cf54809-c6daa5a9.jpg,low_light,1,8.98
1cf54809-c6daa5a9.jpg,low_light,2,6.91
1cf54809-c6daa5a9.jpg,low_light,3,5.23
1cf54809-c6daa5a9.jpg,low_light,4,3.88
1cf54809-c6daa5a9.jpg,low_light,5,2.79
1cf54809-c6daa5a9.jpg,low_light,6,1.88
1cf54809-c6daa5a9.jpg,low_light,7,1.16
1cf54809-c6daa5a9.jpg,low_light,8,0.59
1cf54809-c6daa5a9.jpg,low_light,9,0.17
1cf54809-c6daa5a9.jpg,rain,1,22.14
1cf54809-c6daa5a9.jpg,rain,2,14.64
1cf54809-c6daa5a9.jpg,rain,3,10.61
1cf54809-c6daa5a9.jpg,rain,4,8.2
1cf54809-c6daa5a9.jpg,rain,5,6.46
1cf54809-c6daa5a9.jpg,rain,6,5.15
1cf54809-c6daa5a9.jpg,rain,7,4.11
1cf54809-c6daa5a9.jpg,rain,8,3.28
1cf54809-c6daa5a9.jpg,rain,9,2.54
1d5e05f8-5020f67d.jpg,motion_blur,1,29.87
1d5e05f8-5020f67d.jpg,motion_blur,2,24.79
1d5e05f8-5020f67d.jpg,motion_blur,3,22.67
1d5e05f8-5020f67d.jpg,motion_blur,4,21.45
1d5e05f8-5020f67d.jpg,motion_blur,5,20.6
1d5e05f8-5020f67d.jpg,motion_blur,6,19.95
1d5e05f8-5020f67d.jpg,motion_blur,7,19.41
1d5e05f8-5020f67d.jpg,motion_blur,8,18.95
1d5e05f8-5020f67d.jpg,motion_blur,9,18.56
1d5e05f8-5020f67d.jpg,low_light,1,10.38
1d5e05f8-5020f67d.jpg,low_light,2,7.78
1d5e05f8-5020f67d.jpg,low_light,3,5.79
1d5e05f8-5020f67d.jpg,low_light,4,4.25
1d5e05f8-5020f67d.jpg,low_light,5,3.03
1d5e05f8-5020f67d.jpg,low_light,6,2.04
1d5e05f8-5020f67d.jpg,low_light,7,1.25
1d5e05f8-5020f67d.jpg,low_light,8,0.64
1d5e05f8-5020f67d.jpg,low_light,9,0.2
1d5e05f8-5020f67d.jpg,rain,1,20.54
1d5e05f8-5020f67d.jpg,rain,2,15.41
1d5e05f8-5020f67d.jpg,rain,3,12.01
1d5e05f8-5020f67d.jpg,rain,4,9.9
1d5e05f8-5020f67d.jpg,rain,5,8.32
1d5e05f8-5020f67d.jpg,rain,6,7.16
1d5e05f8-5020f67d.jpg,rain,7,6.23
1d5e05f8-5020f67d.jpg,rain,8,5.47
1d5e05f8-5020f67d.jpg,rain,9,4.8
1e57ae90-806bc767.jpg,motion_blur,1,36.7
1e57ae90-806bc767.jpg,motion_blur,2,31.79
1e57ae90-806bc767.jpg,motion_blur,3,29.64
1e57ae90-806bc767.jpg,motion_blur,4,28.35
1e57ae90-806bc767.jpg,motion_blur,5,27.39
1e57ae90-806bc767.jpg,motion_blur,6,26.64
1e57ae90-806bc767.jpg,motion_blur,7,26.01
1e57ae90-806bc767.jpg,motion_blur,8,25.49
1e57ae90-806bc767.jpg,motion_blur,9,25.03
1e57ae90-806bc767.jpg,low_light,1,10.8
1e57ae90-806bc767.jpg,low_light,2,8.03
1e57ae90-806bc767.jpg,low_light,3,5.95
1e57ae90-806bc767.jpg,low_light,4,4.35
1e57ae90-806bc767.jpg,low_light,5,3.11
1e57ae90-806bc767.jpg,low_light,6,2.08
1e57ae90-806bc767.jpg,low_light,7,1.28
1e57ae90-806bc767.jpg,low_light,8,0.66
1e57ae90-806bc767.jpg,low_light,9,0.2
1e57ae90-806bc767.jpg,rain,1,21.71
1e57ae90-806bc767.jpg,rain,2,17.41
1e57ae90-806bc767.jpg,rain,3,14.0
1e57ae90-806bc767.jpg,rain,4,11.87
1e57ae90-806bc767.jpg,rain,5,10.29
1e57ae90-806bc767.jpg,rain,6,9.1
1e57ae90-806bc767.jpg,rain,7,8.17
1e57ae90-806bc767.jpg,rain,8,7.4
1e57ae90-806bc767.jpg,rain,9,6.73
1f959fdd-6ff63d34.jpg,motion_blur,1,31.55
1f959fdd-6ff63d34.jpg,motion_blur,2,26.82
1f959fdd-6ff63d34.jpg,motion_blur,3,24.68
1f959fdd-6ff63d34.jpg,motion_blur,4,23.33
1f959fdd-6ff63d34.jpg,motion_blur,5,22.34
1f959fdd-6ff63d34.jpg,motion_blur,6,21.58
1f959fdd-6ff63d34.jpg,motion_blur,7,20.99
1f959fdd-6ff63d34.jpg,motion_blur,8,20.51
1f959fdd-6ff63d34.jpg,motion_blur,9,20.09
1f959fdd-6ff63d34.jpg,low_light,1,9.96
1f959fdd-6ff63d34.jpg,low_light,2,7.49
1f959fdd-6ff63d34.jpg,low_light,3,5.6
1f959fdd-6ff63d34.jpg,low_light,4,4.12
1f959fdd-6ff63d34.jpg,low_light,5,2.94
1f959fdd-6ff63d34.jpg,low_light,6,1.98
1f959fdd-6ff63d34.jpg,low_light,7,1.22
1f959fdd-6ff63d34.jpg,low_light,8,0.62
1f959fdd-6ff63d34.jpg,low_light,9,0.19
1f959fdd-6ff63d34.jpg,rain,1,22.82
1f959fdd-6ff63d34.jpg,rain,2,17.7
1f959fdd-6ff63d34.jpg,rain,3,13.48
1f959fdd-6ff63d34.jpg,rain,4,10.98
1f959fdd-6ff63d34.jpg,rain,5,9.23
1f959fdd-6ff63d34.jpg,rain,6,7.95
1f959fdd-6ff63d34.jpg,rain,7,6.95
1f959fdd-6ff63d34.jpg,rain,8,6.16
1f959fdd-6ff63d34.jpg,rain,9,5.48
1fa65acf-d43367bc.jpg,motion_blur,1,29.61
1fa65acf-d43367bc.jpg,motion_blur,2,24.73
1fa65acf-d43367bc.jpg,motion_blur,3,22.56
1fa65acf-d43367bc.jpg,motion_blur,4,21.27
1fa65acf-d43367bc.jpg,motion_blur,5,20.34
1fa65acf-d43367bc.jpg,motion_blur,6,19.63
1fa65acf-d43367bc.jpg,motion_blur,7,19.06
1fa65acf-d43367bc.jpg,motion_blur,8,18.58
1fa65acf-d43367bc.jpg,motion_blur,9,18.17
1fa65acf-d43367bc.jpg,low_light,1,8.93
1fa65acf-d43367bc.jpg,low_light,2,6.82
1fa65acf-d43367bc.jpg,low_light,3,5.15
1fa65acf-d43367bc.jpg,low_light,4,3.82
1fa65acf-d43367bc.jpg,low_light,5,2.74
1fa65acf-d43367bc.jpg,low_light,6,1.85
1fa65acf-d43367bc.jpg,low_light,7,1.14
1fa65acf-d43367bc.jpg,low_light,8,0.58
1fa65acf-d43367bc.jpg,low_light,9,0.17
1fa65acf-d43367bc.jpg,rain,1,21.88
1fa65acf-d43367bc.jpg,rain,2,15.42
1fa65acf-d43367bc.jpg,rain,3,11.36
1fa65acf-d43367bc.jpg,rain,4,8.91
1fa65acf-d43367bc.jpg,rain,5,7.13
1fa65acf-d43367bc.jpg,rain,6,5.82
1fa65acf-d43367bc.jpg,rain,7,4.76
1fa65acf-d43367bc.jpg,rain,8,3.93
1fa65acf-d43367bc.jpg,rain,9,3.19
20cfadfa-47711496.jpg,motion_blur,1,35.44
20cfadfa-47711496.jpg,motion_blur,2,30.54
20cfadfa-47711496.jpg,motion_blur,3,28.24
20cfadfa-47711496.jpg,motion_blur,4,26.86
20cfadfa-47711496.jpg,motion_blur,5,25.83
20cfadfa-47711496.jpg,motion_blur,6,25.03
20cfadfa-47711496.jpg,motion_blur,7,24.37
20cfadfa-47711496.jpg,motion_blur,8,23.82
20cfadfa-47711496.jpg,motion_blur,9,23.35
20cfadfa-47711496.jpg,low_light,1,9.66
20cfadfa-47711496.jpg,low_light,2,7.3
20cfadfa-47711496.jpg,low_light,3,5.47
20cfadfa-47711496.jpg,low_light,4,4.03
20cfadfa-47711496.jpg,low_light,5,2.89
20cfadfa-47711496.jpg,low_light,6,1.94
20cfadfa-47711496.jpg,low_light,7,1.19
20cfadfa-47711496.jpg,low_light,8,0.61
20cfadfa-47711496.jpg,low_light,9,0.18
20cfadfa-47711496.jpg,rain,1,21.9
20cfadfa-47711496.jpg,rain,2,16.57
20cfadfa-47711496.jpg,rain,3,12.78
20cfadfa-47711496.jpg,rain,4,10.46
20cfadfa-47711496.jpg,rain,5,8.76
20cfadfa-47711496.jpg,rain,6,7.51
20cfadfa-47711496.jpg,rain,7,6.53
20cfadfa-47711496.jpg,rain,8,5.73
20cfadfa-47711496.jpg,rain,9,5.04
20cfadfa-6f87fdc1.jpg,motion_blur,1,38.47
20cfadfa-6f87fdc1.jpg,motion_blur,2,33.54
20cfadfa-6f87fdc1.jpg,motion_blur,3,30.88
20cfadfa-6f87fdc1.jpg,motion_blur,4,29.14
20cfadfa-6f87fdc1.jpg,motion_blur,5,27.83
20cfadfa-6f87fdc1.jpg,motion_blur,6,26.8
20cfadfa-6f87fdc1.jpg,motion_blur,7,25.96
20cfadfa-6f87fdc1.jpg,motion_blur,8,25.25
20cfadfa-6f87fdc1.jpg,motion_blur,9,24.63
20cfadfa-6f87fdc1.jpg,low_light,1,10.03
20cfadfa-6f87fdc1.jpg,low_light,2,7.54
20cfadfa-6f87fdc1.jpg,low_light,3,5.62
20cfadfa-6f87fdc1.jpg,low_light,4,4.13
20cfadfa-6f87fdc1.jpg,low_light,5,2.96
20cfadfa-6f87fdc1.jpg,low_light,6,1.99
20cfadfa-6f87fdc1.jpg,low_light,7,1.22
20cfadfa-6f87fdc1.jpg,low_light,8,0.63
20cfadfa-6f87fdc1.jpg,low_light,9,0.19
20cfadfa-6f87fdc1.jpg,rain,1,22.38
20cfadfa-6f87fdc1.jpg,rain,2,17.49
20cfadfa-6f87fdc1.jpg,rain,3,13.64
20cfadfa-6f87fdc1.jpg,rain,4,11.37
20cfadfa-6f87fdc1.jpg,rain,5,9.73
20cfadfa-6f87fdc1.jpg,rain,6,8.54
20cfadfa-6f87fdc1.jpg,rain,7,7.58
20cfadfa-6f87fdc1.jpg,rain,8,6.81
20cfadfa-6f87fdc1.jpg,rain,9,6.14
225a1858-0e3a4b04.jpg,motion_blur,1,32.83
225a1858-0e3a4b04.jpg,motion_blur,2,27.68
225a1858-0e3a4b04.jpg,motion_blur,3,25.37
225a1858-0e3a4b04.jpg,motion_blur,4,24.07
225a1858-0e3a4b04.jpg,motion_blur,5,23.16
225a1858-0e3a4b04.jpg,motion_blur,6,22.46
225a1858-0e3a4b04.jpg,motion_blur,7,21.89
225a1858-0e3a4b04.jpg,motion_blur,8,21.41
225a1858-0e3a4b04.jpg,motion_blur,9,21.0
225a1858-0e3a4b04.jpg,low_light,1,9.66
225a1858-0e3a4b04.jpg,low_light,2,7.4
225a1858-0e3a4b04.jpg,low_light,3,5.56
225a1858-0e3a4b04.jpg,low_light,4,4.11
225a1858-0e3a4b04.jpg,low_light,5,2.94
225a1858-0e3a4b04.jpg,low_light,6,1.99
225a1858-0e3a4b04.jpg,low_light,7,1.22
225a1858-0e3a4b04.jpg,low_light,8,0.62
225a1858-0e3a4b04.jpg,low_light,9,0.19
225a1858-0e3a4b04.jpg,rain,1,21.59
225a1858-0e3a4b04.jpg,rain,2,15.18
225a1858-0e3a4b04.jpg,rain,3,11.28
225a1858-0e3a4b04.jpg,rain,4,8.9
225a1858-0e3a4b04.jpg,rain,5,7.16
225a1858-0e3a4b04.jpg,rain,6,5.85
225a1858-0e3a4b04.jpg,rain,7,4.81
225a1858-0e3a4b04.jpg,rain,8,3.95
225a1858-0e3a4b04.jpg,rain,9,3.22
22be2f14-59fbdca0.jpg,motion_blur,1,33.22
22be2f14-59fbdca0.jpg,motion_blur,2,28.62
22be2f14-59fbdca0.jpg,motion_blur,3,26.31
22be2f14-59fbdca0.jpg,motion_blur,4,24.82
22be2f14-59fbdca0.jpg,motion_blur,5,23.73
22be2f14-59fbdca0.jpg,motion_blur,6,22.89
22be2f14-59fbdca0.jpg,motion_blur,7,22.21
22be2f14-59fbdca0.jpg,motion_blur,8,21.64
22be2f14-59fbdca0.jpg,motion_blur,9,21.14
22be2f14-59fbdca0.jpg,low_light,1,10.01
22be2f14-59fbdca0.jpg,low_light,2,7.54
22be2f14-59fbdca0.jpg,low_light,3,5.63
22be2f14-59fbdca0.jpg,low_light,4,4.14
22be2f14-59fbdca0.jpg,low_light,5,2.96
22be2f14-59fbdca0.jpg,low_light,6,1.99
22be2f14-59fbdca0.jpg,low_light,7,1.22
22be2f14-59fbdca0.jpg,low_light,8,0.63
22be2f14-59fbdca0.jpg,low_light,9,0.19
22be2f14-59fbdca0.jpg,rain,1,22.44
22be2f14-59fbdca0.jpg,rain,2,17.21
22be2f14-59fbdca0.jpg,rain,3,13.19
22be2f14-59fbdca0.jpg,rain,4,10.77
22be2f14-59fbdca0.jpg,rain,5,9.04
22be2f14-59fbdca0.jpg,rain,6,7.76
22be2f14-59fbdca0.jpg,rain,7,6.74
22be2f14-59fbdca0.jpg,rain,8,5.93
22be2f14-59fbdca0.jpg,rain,9,5.22
23333f35-0cbc3f0f.jpg,motion_blur,1,32.47
23333f35-0cbc3f0f.jpg,motion_blur,2,27.55
23333f35-0cbc3f0f.jpg,motion_blur,3,25.5
23333f35-0cbc3f0f.jpg,motion_blur,4,24.38
23333f35-0cbc3f0f.jpg,motion_blur,5,23.6
23333f35-0cbc3f0f.jpg,motion_blur,6,22.98
23333f35-0cbc3f0f.jpg,motion_blur,7,22.47
23333f35-0cbc3f0f.jpg,motion_blur,8,22.07
23333f35-0cbc3f0f.jpg,motion_blur,9,21.76
23333f35-0cbc3f0f.jpg,low_light,1,10.29
23333f35-0cbc3f0f.jpg,low_light,2,7.7
23333f35-0cbc3f0f.jpg,low_light,3,5.72
23333f35-0cbc3f0f.jpg,low_light,4,4.2
23333f35-0cbc3f0f.jpg,low_light,5,3.0
23333f35-0cbc3f0f.jpg,low_light,6,2.02
23333f35-0cbc3f0f.jpg,low_light,7,1.24
23333f35-0cbc3f0f.jpg,low_light,8,0.63
23333f35-0cbc3f0f.jpg,low_light,9,0.19
23333f35-0cbc3f0f.jpg,rain,1,20.79
23333f35-0cbc3f0f.jpg,rain,2,16.27
23333f35-0cbc3f0f.jpg,rain,3,12.89
23333f35-0cbc3f0f.jpg,rain,4,10.78
23333f35-0cbc3f0f.jpg,rain,5,9.23
23333f35-0cbc3f0f.jpg,rain,6,8.08
23333f35-0cbc3f0f.jpg,rain,7,7.15
23333f35-0cbc3f0f.jpg,rain,8,6.4
23333f35-0cbc3f0f.jpg,rain,9,5.76
23df146f-64b50e4c.jpg,motion_blur,1,35.28
23df146f-64b50e4c.jpg,motion_blur,2,30.24
23df146f-64b50e4c.jpg,motion_blur,3,27.93
23df146f-64b50e4c.jpg,motion_blur,4,26.55
23df146f-64b50e4c.jpg,motion_blur,5,25.57
23df146f-64b50e4c.jpg,motion_blur,6,24.79
23df146f-64b50e4c.jpg,motion_blur,7,24.13
23df146f-64b50e4c.jpg,motion_blur,8,23.55
23df146f-64b50e4c.jpg,motion_blur,9,23.04
23df146f-64b50e4c.jpg,low_light,1,10.63
23df146f-64b50e4c.jpg,low_light,2,7.9
23df146f-64b50e4c.jpg,low_light,3,5.85
23df146f-64b50e4c.jpg,low_light,4,4.29
23df146f-64b50e4c.jpg,low_light,5,3.06
23df146f-64b50e4c.jpg,low_light,6,2.05
23df146f-64b50e4c.jpg,low_light,7,1.26
23df146f-64b50e4c.jpg,low_light,8,0.64
23df146f-64b50e4c.jpg,low_light,9,0.2
23df146f-64b50e4c.jpg,rain,1,22.86
23df146f-64b50e4c.jpg,rain,2,18.68
23df146f-64b50e4c.jpg,rain,3,14.65
23df146f-64b50e4c.jpg,rain,4,12.3
23df146f-64b50e4c.jpg,rain,5,10.62
23df146f-64b50e4c.jpg,rain,6,9.4
23df146f-64b50e4c.jpg,rain,7,8.45
23df146f-64b50e4c.jpg,rain,8,7.66
23df146f-64b50e4c.jpg,rain,9,6.98
24392d7c-998011c2.jpg,motion_blur,1,33.76
24392d7c-998011c2.jpg,motion_blur,2,29.17
24392d7c-998011c2.jpg,motion_blur,3,27.16
24392d7c-998011c2.jpg,motion_blur,4,25.99
24392d7c-998011c2.jpg,motion_blur,5,25.13
24392d7c-998011c2.jpg,motion_blur,6,24.46
24392d7c-998011c2.jpg,motion_blur,7,23.91
24392d7c-998011c2.jpg,motion_blur,8,23.45
24392d7c-998011c2.jpg,motion_blur,9,23.04
24392d7c-998011c2.jpg,low_light,1,10.1
24392d7c-998011c2.jpg,low_light,2,7.58
24392d7c-998011c2.jpg,low_light,3,5.65
24392d7c-998011c2.jpg,low_light,4,4.15
24392d7c-998011c2.jpg,low_light,5,2.96
24392d7c-998011c2.jpg,low_light,6,1.99
24392d7c-998011c2.jpg,low_light,7,1.22
24392d7c-998011c2.jpg,low_light,8,0.63
24392d7c-998011c2.jpg,low_light,9,0.19
24392d7c-998011c2.jpg,rain,1,21.09
24392d7c-998011c2.jpg,rain,2,16.49
24392d7c-998011c2.jpg,rain,3,12.9
24392d7c-998011c2.jpg,rain,4,10.63
24392d7c-998011c2.jpg,rain,5,8.99
24392d7c-998011c2.jpg,rain,6,7.77
24392d7c-998011c2.jpg,rain,7,6.84
24392d7c-998011c2.jpg,rain,8,6.11
24392d7c-998011c2.jpg,rain,9,5.49
250e7595-b14da270.jpg,motion_blur,1,29.14
250e7595-b14da270.jpg,motion_blur,2,24.68
250e7595-b14da270.jpg,motion_blur,3,22.78
250e7595-b14da270.jpg,motion_blur,4,21.55
250e7595-b14da270.jpg,motion_blur,5,20.67
250e7595-b14da270.jpg,motion_blur,6,20.04
250e7595-b14da270.jpg,motion_blur,7,19.53
250e7595-b14da270.jpg,motion_blur,8,19.1
250e7595-b14da270.jpg,motion_blur,9,18.71
250e7595-b14da270.jpg,low_light,1,9.86
250e7595-b14da270.jpg,low_light,2,7.44
250e7595-b14da270.jpg,low_light,3,5.56
250e7595-b14da270.jpg,low_light,4,4.1
250e7595-b14da270.jpg,low_light,5,2.93
250e7595-b14da270.jpg,low_light,6,1.97
250e7595-b14da270.jpg,low_light,7,1.21
250e7595-b14da270.jpg,low_light,8,0.62
250e7595-b14da270.jpg,low_light,9,0.19
250e7595-b14da270.jpg,rain,1,22.07
250e7595-b14da270.jpg,rain,2,16.55
250e7595-b14da270.jpg,rain,3,12.68
250e7595-b14da270.jpg,rain,4,10.36
250e7595-b14da270.jpg,rain,5,8.69
250e7595-b14da270.jpg,rain,6,7.45
250e7595-b14da270.jpg,rain,7,6.48
250e7595-b14da270.jpg,rain,8,5.68
250e7595-b14da270.jpg,rain,9,4.99
26190b83-39ccb412.jpg,motion_blur,1,31.46
26190b83-39ccb412.jpg,motion_blur,2,26.38
26190b83-39ccb412.jpg,motion_blur,3,24.17
26190b83-39ccb412.jpg,motion_blur,4,22.92
26190b83-39ccb412.jpg,motion_blur,5,22.02
26190b83-39ccb412.jpg,motion_blur,6,21.29
26190b83-39ccb412.jpg,motion_blur,7,20.69
26190b83-39ccb412.jpg,motion_blur,8,20.19
26190b83-39ccb412.jpg,motion_blur,9,19.77
26190b83-39ccb412.jpg,low_light,1,9.68
26190b83-39ccb412.jpg,low_light,2,7.39
26190b83-39ccb412.jpg,low_light,3,5.56
26190b83-39ccb412.jpg,low_light,4,4.1
26190b83-39ccb412.jpg,low_light,5,2.94
26190b83-39ccb412.jpg,low_light,6,1.98
26190b83-39ccb412.jpg,low_light,7,1.22
26190b83-39ccb412.jpg,low_light,8,0.62
26190b83-39ccb412.jpg,low_light,9,0.19
26190b83-39ccb412.jpg,rain,1,22.47
26190b83-39ccb412.jpg,rain,2,16.68
26190b83-39ccb412.jpg,rain,3,12.33
26190b83-39ccb412.jpg,rain,4,9.77
26190b83-39ccb412.jpg,rain,5,7.94
26190b83-39ccb412.jpg,rain,6,6.6
26190b83-39ccb412.jpg,rain,7,5.54
26190b83-39ccb412.jpg,rain,8,4.66
26190b83-39ccb412.jpg,rain,9,3.89
272d52f6-8aac36b3.jpg,motion_blur,1,29.95
272d52f6-8aac36b3.jpg,motion_blur,2,24.78
272d52f6-8aac36b3.jpg,motion_blur,3,22.42
272d52f6-8aac36b3.jpg,motion_blur,4,21.06
272d52f6-8aac36b3.jpg,motion_blur,5,20.07
272d52f6-8aac36b3.jpg,motion_blur,6,19.26
272d52f6-8aac36b3.jpg,motion_blur,7,18.58
272d52f6-8aac36b3.jpg,motion_blur,8,18.02
272d52f6-8aac36b3.jpg,motion_blur,9,17.53
272d52f6-8aac36b3.jpg,low_light,1,8.53
272d52f6-8aac36b3.jpg,low_light,2,6.59
272d52f6-8aac36b3.jpg,low_light,3,5.0
272d52f6-8aac36b3.jpg,low_light,4,3.72
272d52f6-8aac36b3.jpg,low_light,5,2.68
272d52f6-8aac36b3.jpg,low_light,6,1.81
272d52f6-8aac36b3.jpg,low_light,7,1.11
272d52f6-8aac36b3.jpg,low_light,8,0.56
272d52f6-8aac36b3.jpg,low_light,9,0.17
272d52f6-8aac36b3.jpg,rain,1,21.33
272d52f6-8aac36b3.jpg,rain,2,13.4
272d52f6-8aac36b3.jpg,rain,3,9.39
272d52f6-8aac36b3.jpg,rain,4,6.98
272d52f6-8aac36b3.jpg,rain,5,5.24
272d52f6-8aac36b3.jpg,rain,6,3.95
272d52f6-8aac36b3.jpg,rain,7,2.92
272d52f6-8aac36b3.jpg,rain,8,2.08
272d52f6-8aac36b3.jpg,rain,9,1.36
2752681a-e813599a.jpg,motion_blur,1,33.58
2752681a-e813599a.jpg,motion_blur,2,28.57
2752681a-e813599a.jpg,motion_blur,3,26.36
2752681a-e813599a.jpg,motion_blur,4,25.16
2752681a-e813599a.jpg,motion_blur,5,24.36
2752681a-e813599a.jpg,motion_blur,6,23.74
2752681a-e813599a.jpg,motion_blur,7,23.22
2752681a-e813599a.jpg,motion_blur,8,22.77
2752681a-e813599a.jpg,motion_blur,9,22.39
2752681a-e813599a.jpg,low_light,1,10.09
2752681a-e813599a.jpg,low_light,2,7.58
2752681a-e813599a.jpg,low_light,3,5.65
2752681a-e813599a.jpg,low_light,4,4.15
2752681a-e813599a.jpg,low_light,5,2.97
2752681a-e813599a.jpg,low_light,6,2.0
2752681a-e813599a.jpg,low_light,7,1.23
2752681a-e813599a.jpg,low_light,8,0.63
2752681a-e813599a.jpg,low_light,9,0.19
2752681a-e813599a.jpg,rain,1,20.72
2752681a-e813599a.jpg,rain,2,16.33
2752681a-e813599a.jpg,rain,3,12.93
2752681a-e813599a.jpg,rain,4,10.79
2752681a-e813599a.jpg,rain,5,9.21
2752681a-e813599a.jpg,rain,6,8.04
2752681a-e813599a.jpg,rain,7,7.11
2752681a-e813599a.jpg,rain,8,6.35
2752681a-e813599a.jpg,rain,9,5.7
27645526-f038b033.jpg,motion_blur,1,26.99
27645526-f038b033.jpg,motion_blur,2,22.34
27645526-f038b033.jpg,motion_blur,3,20.42
27645526-f038b033.jpg,motion_blur,4,19.36
27645526-f038b033.jpg,motion_blur,5,18.6
27645526-f038b033.jpg,motion_blur,6,18.0
27645526-f038b033.jpg,motion_blur,7,17.5
27645526-f038b033.jpg,motion_blur,8,17.09
27645526-f038b033.jpg,motion_blur,9,16.73
27645526-f038b033.jpg,low_light,1,8.46
27645526-f038b033.jpg,low_light,2,6.53
27645526-f038b033.jpg,low_light,3,4.96
27645526-f038b033.jpg,low_light,4,3.69
27645526-f038b033.jpg,low_light,5,2.66
27645526-f038b033.jpg,low_light,6,1.79
27645526-f038b033.jpg,low_light,7,1.1
27645526-f038b033.jpg,low_light,8,0.56
27645526-f038b033.jpg,low_light,9,0.16
27645526-f038b033.jpg,rain,1,21.06
27645526-f038b033.jpg,rain,2,14.31
27645526-f038b033.jpg,rain,3,10.39
27645526-f038b033.jpg,rain,4,8.02
27645526-f038b033.jpg,rain,5,6.3
27645526-f038b033.jpg,rain,6,5.0
27645526-f038b033.jpg,rain,7,3.97
27645526-f038b033.jpg,rain,8,3.13
27645526-f038b033.jpg,rain,9,2.41
2773af6f-23e23a6b.jpg,motion_blur,1,31.56
2773af6f-23e23a6b.jpg,motion_blur,2,26.75
2773af6f-23e23a6b.jpg,motion_blur,3,24.61
2773af6f-23e23a6b.jpg,motion_blur,4,23.36
2773af6f-23e23a6b.jpg,motion_blur,5,22.49
2773af6f-23e23a6b.jpg,motion_blur,6,21.81
2773af6f-23e23a6b.jpg,motion_blur,7,21.25
2773af6f-23e23a6b.jpg,motion_blur,8,20.78
2773af6f-23e23a6b.jpg,motion_blur,9,20.38
2773af6f-23e23a6b.jpg,low_light,1,9.05
2773af6f-23e23a6b.jpg,low_light,2,6.9
2773af6f-23e23a6b.jpg,low_light,3,5.2
2773af6f-23e23a6b.jpg,low_light,4,3.85
2773af6f-23e23a6b.jpg,low_light,5,2.76
2773af6f-23e23a6b.jpg,low_light,6,1.86
2773af6f-23e23a6b.jpg,low_light,7,1.14
2773af6f-23e23a6b.jpg,low_light,8,0.58
2773af6f-23e23a6b.jpg,low_light,9,0.17
2773af6f-23e23a6b.jpg,rain,1,22.75
2773af6f-23e23a6b.jpg,rain,2,16.43
2773af6f-23e23a6b.jpg,rain,3,12.09
2773af6f-23e23a6b.jpg,rain,4,9.54
2773af6f-23e23a6b.jpg,rain,5,7.71
2773af6f-23e23a6b.jpg,rain,6,6.37
2773af6f-23e23a6b.jpg,rain,7,5.32
2773af6f-23e23a6b.jpg,rain,8,4.47
2773af6f-23e23a6b.jpg,rain,9,3.75
28faf684-03ef4c6e.jpg,motion_blur,1,37.23
28faf684-03ef4c6e.jpg,motion_blur,2,32.27
28faf684-03ef4c6e.jpg,motion_blur,3,29.9
28faf684-03ef4c6e.jpg,motion_blur,4,28.44
28faf684-03ef4c6e.jpg,motion_blur,5,27.37
28faf684-03ef4c6e.jpg,motion_blur,6,26.54
28faf684-03ef4c6e.jpg,motion_blur,7,25.86
28faf684-03ef4c6e.jpg,motion_blur,8,25.28
28faf684-03ef4c6e.jpg,motion_blur,9,24.78
28faf684-03ef4c6e.jpg,low_light,1,10.62
28faf684-03ef4c6e.jpg,low_light,2,7.97
28faf684-03ef4c6e.jpg,low_light,3,5.92
28faf684-03ef4c6e.jpg,low_light,4,4.34
28faf684-03ef4c6e.jpg,low_light,5,3.1
28faf684-03ef4c6e.jpg,low_light,6,2.08
28faf684-03ef4c6e.jpg,low_light,7,1.28
28faf684-03ef4c6e.jpg,low_light,8,0.65
28faf684-03ef4c6e.jpg,low_light,9,0.2
28faf684-03ef4c6e.jpg,rain,1,22.7
28faf684-03ef4c6e.jpg,rain,2,18.65
28faf684-03ef4c6e.jpg,rain,3,14.27
28faf684-03ef4c6e.jpg,rain,4,11.72
28faf684-03ef4c6e.jpg,rain,5,9.9
28faf684-03ef4c6e.jpg,rain,6,8.57
28faf684-03ef4c6e.jpg,rain,7,7.5
28faf684-03ef4c6e.jpg,rain,8,6.62
28faf684-03ef4c6e.jpg,rain,9,5.83
292720ee-d847ee69.jpg,motion_blur,1,41.67
292720ee-d847ee69.jpg,motion_blur,2,36.38
292720ee-d847ee69.jpg,motion_blur,3,33.88
292720ee-d847ee69.jpg,motion_blur,4,32.36
292720ee-d847ee69.jpg,motion_blur,5,31.24
292720ee-d847ee69.jpg,motion_blur,6,30.35
292720ee-d847ee69.jpg,motion_blur,7,29.62
292720ee-d847ee69.jpg,motion_blur,8,29.02
292720ee-d847ee69.jpg,motion_blur,9,28.51
292720ee-d847ee69.jpg,low_light,1,10.95
292720ee-d847ee69.jpg,low_light,2,8.06
292720ee-d847ee69.jpg,low_light,3,5.94
292720ee-d847ee69.jpg,low_light,4,4.34
292720ee-d847ee69.jpg,low_light,5,3.09
292720ee-d847ee69.jpg,low_light,6,2.07
292720ee-d847ee69.jpg,low_light,7,1.27
292720ee-d847ee69.jpg,low_light,8,0.65
292720ee-d847ee69.jpg,low_light,9,0.2
292720ee-d847ee69.jpg,rain,1,23.52
292720ee-d847ee69.jpg,rain,2,21.6
292720ee-d847ee69.jpg,rain,3,16.78
292720ee-d847ee69.jpg,rain,4,14.16
292720ee-d847ee69.jpg,rain,5,12.35
292720ee-d847ee69.jpg,rain,6,11.12
292720ee-d847ee69.jpg,rain,7,10.19
292720ee-d847ee69.jpg,rain,8,9.45
292720ee-d847ee69.jpg,rain,9,8.81
2b54fe2d-c5b810e6.jpg,motion_blur,1,30.58
2b54fe2d-c5b810e6.jpg,motion_blur,2,25.61
2b54fe2d-c5b810e6.jpg,motion_blur,3,23.24
2b54fe2d-c5b810e6.jpg,motion_blur,4,21.81
2b54fe2d-c5b810e6.jpg,motion_blur,5,20.8
2b54fe2d-c5b810e6.jpg,motion_blur,6,20.04
2b54fe2d-c5b810e6.jpg,motion_blur,7,19.42
2b54fe2d-c5b810e6.jpg,motion_blur,8,18.92
2b54fe2d-c5b810e6.jpg,motion_blur,9,18.49
2b54fe2d-c5b810e6.jpg,low_light,1,8.85
2b54fe2d-c5b810e6.jpg,low_light,2,6.75
2b54fe2d-c5b810e6.jpg,low_light,3,5.09
2b54fe2d-c5b810e6.jpg,low_light,4,3.77
2b54fe2d-c5b810e6.jpg,low_light,5,2.71
2b54fe2d-c5b810e6.jpg,low_light,6,1.83
2b54fe2d-c5b810e6.jpg,low_light,7,1.12
2b54fe2d-c5b810e6.jpg,low_light,8,0.57
2b54fe2d-c5b810e6.jpg,low_light,9,0.17
2b54fe2d-c5b810e6.jpg,rain,1,23.2
2b54fe2d-c5b810e6.jpg,rain,2,17.0
2b54fe2d-c5b810e6.jpg,rain,3,12.39
2b54fe2d-c5b810e6.jpg,rain,4,9.76
2b54fe2d-c5b810e6.jpg,rain,5,7.92
2b54fe2d-c5b810e6.jpg,rain,6,6.57
2b54fe2d-c5b810e6.jpg,rain,7,5.53
2b54fe2d-c5b810e6.jpg,rain,8,4.69
2b54fe2d-c5b810e6.jpg,rain,9,3.97
2b605c48-8dfe352b.jpg,motion_blur,1,32.05
2b605c48-8dfe352b.jpg,motion_blur,2,27.05
2b605c48-8dfe352b.jpg,motion_blur,3,24.71
2b605c48-8dfe352b.jpg,motion_blur,4,23.28
2b605c48-8dfe352b.jpg,motion_blur,5,22.23
2b605c48-8dfe352b.jpg,motion_blur,6,21.42
2b605c48-8dfe352b.jpg,motion_blur,7,20.78
2b605c48-8dfe352b.jpg,motion_blur,8,20.24
2b605c48-8dfe352b.jpg,motion_blur,9,19.78
2b605c48-8dfe352b.jpg,low_light,1,9.47
2b605c48-8dfe352b.jpg,low_light,2,7.17
2b605c48-8dfe352b.jpg,low_light,3,5.38
2b605c48-8dfe352b.jpg,low_light,4,3.97
2b605c48-8dfe352b.jpg,low_light,5,2.85
2b605c48-8dfe352b.jpg,low_light,6,1.92
2b605c48-8dfe352b.jpg,low_light,7,1.18
2b605c48-8dfe352b.jpg,low_light,8,0.6
2b605c48-8dfe352b.jpg,low_light,9,0.18
2b605c48-8dfe352b.jpg,rain,1,22.67
2b605c48-8dfe352b.jpg,rain,2,17.38
2b605c48-8dfe352b.jpg,rain,3,13.08
2b605c48-8dfe352b.jpg,rain,4,10.56
2b605c48-8dfe352b.jpg,rain,5,8.76
2b605c48-8dfe352b.jpg,rain,6,7.45
2b605c48-8dfe352b.jpg,rain,7,6.43
2b605c48-8dfe352b.jpg,rain,8,5.62
2b605c48-8dfe352b.jpg,rain,9,4.91
2beccce2-354608e2.jpg,motion_blur,1,33.16
2beccce2-354608e2.jpg,motion_blur,2,28.23
2beccce2-354608e2.jpg,motion_blur,3,26.18
2beccce2-354608e2.jpg,motion_blur,4,25.07
2beccce2-354608e2.jpg,motion_blur,5,24.27
2beccce2-354608e2.jpg,motion_blur,6,23.61
2beccce2-354608e2.jpg,motion_blur,7,23.06
2beccce2-354608e2.jpg,motion_blur,8,22.59
2beccce2-354608e2.jpg,motion_blur,9,22.2
2beccce2-354608e2.jpg,low_light,1,9.48
2beccce2-354608e2.jpg,low_light,2,7.19
2beccce2-354608e2.jpg,low_light,3,5.4
2beccce2-354608e2.jpg,low_light,4,3.99
2beccce2-354608e2.jpg,low_light,5,2.86
2beccce2-354608e2.jpg,low_light,6,1.93
2beccce2-354608e2.jpg,low_light,7,1.18
2beccce2-354608e2.jpg,low_light,8,0.6
2beccce2-354608e2.jpg,low_light,9,0.18
2beccce2-354608e2.jpg,rain,1,23.01
2beccce2-354608e2.jpg,rain,2,17.25
2beccce2-354608e2.jpg,rain,3,12.99
2beccce2-354608e2.jpg,rain,4,10.47
2beccce2-354608e2.jpg,rain,5,8.67
2beccce2-354608e2.jpg,rain,6,7.35
2beccce2-354608e2.jpg,rain,7,6.32
2beccce2-354608e2.jpg,rain,8,5.46
2beccce2-354608e2.jpg,rain,9,4.75
2c87e51d-aa7a8031.jpg,motion_blur,1,39.69
2c87e51d-aa7a8031.jpg,motion_blur,2,34.49
2c87e51d-aa7a8031.jpg,motion_blur,3,31.62
2c87e51d-aa7a8031.jpg,motion_blur,4,29.72
2c87e51d-aa7a8031.jpg,motion_blur,5,28.35
2c87e51d-aa7a8031.jpg,motion_blur,6,27.33
2c87e51d-aa7a8031.jpg,motion_blur,7,26.57
2c87e51d-aa7a8031.jpg,motion_blur,8,25.97
2c87e51d-aa7a8031.jpg,motion_blur,9,25.5
2c87e51d-aa7a8031.jpg,low_light,1,10.24
2c87e51d-aa7a8031.jpg,low_light,2,7.63
2c87e51d-aa7a8031.jpg,low_light,3,5.67
2c87e51d-aa7a8031.jpg,low_light,4,4.16
2c87e51d-aa7a8031.jpg,low_light,5,2.97
2c87e51d-aa7a8031.jpg,low_light,6,2.0
2c87e51d-aa7a8031.jpg,low_light,7,1.23
2c87e51d-aa7a8031.jpg,low_light,8,0.63
2c87e51d-aa7a8031.jpg,low_light,9,0.19
2c87e51d-aa7a8031.jpg,rain,1,21.69
2c87e51d-aa7a8031.jpg,rain,2,17.49
2c87e51d-aa7a8031.jpg,rain,3,13.88
2c87e51d-aa7a8031.jpg,rain,4,11.7
2c87e51d-aa7a8031.jpg,rain,5,10.12
2c87e51d-aa7a8031.jpg,rain,6,8.97
2c87e51d-aa7a8031.jpg,rain,7,8.06
2c87e51d-aa7a8031.jpg,rain,8,7.36
2c87e51d-aa7a8031.jpg,rain,9,6.79
2ce0b449-e818dc97.jpg,motion_blur,1,36.28
2ce0b449-e818dc97.jpg,motion_blur,2,31.3
2ce0b449-e818dc97.jpg,motion_blur,3,28.97
2ce0b449-e818dc97.jpg,motion_blur,4,27.59
2ce0b449-e818dc97.jpg,motion_blur,5,26.7
2ce0b449-e818dc97.jpg,motion_blur,6,26.03
2ce0b449-e818dc97.jpg,motion_blur,7,25.42
2ce0b449-e818dc97.jpg,motion_blur,8,24.87
2ce0b449-e818dc97.jpg,motion_blur,9,24.39
2ce0b449-e818dc97.jpg,low_light,1,10.25
2ce0b449-e818dc97.jpg,low_light,2,7.63
2ce0b449-e818dc97.jpg,low_light,3,5.67
2ce0b449-e818dc97.jpg,low_light,4,4.16
2ce0b449-e818dc97.jpg,low_light,5,2.97
2ce0b449-e818dc97.jpg,low_light,6,2.0
2ce0b449-e818dc97.jpg,low_light,7,1.23
2ce0b449-e818dc97.jpg,low_light,8,0.63
2ce0b449-e818dc97.jpg,low_light,9,0.19
2ce0b449-e818dc97.jpg,rain,1,23.43
2ce0b449-e818dc97.jpg,rain,2,20.16
2ce0b449-e818dc97.jpg,rain,3,15.17
2ce0b449-e818dc97.jpg,rain,4,12.39
2ce0b449-e818dc97.jpg,rain,5,10.53
2ce0b449-e818dc97.jpg,rain,6,9.24
2ce0b449-e818dc97.jpg,rain,7,8.25
2ce0b449-e818dc97.jpg,rain,8,7.49
2ce0b449-e818dc97.jpg,rain,9,6.85
2cf976a2-479cd46b.jpg,motion_blur,1,29.45
2cf976a2-479cd46b.jpg,motion_blur,2,24.77
2cf976a2-479cd46b.jpg,motion_blur,3,22.49
2cf976a2-479cd46b.jpg,motion_blur,4,21.09
2cf976a2-479cd46b.jpg,motion_blur,5,20.13
2cf976a2-479cd46b.jpg,motion_blur,6,19.44
2cf976a2-479cd46b.jpg,motion_blur,7,18.9
2cf976a2-479cd46b.jpg,motion_blur,8,18.44
2cf976a2-479cd46b.jpg,motion_blur,9,18.02
2cf976a2-479cd46b.jpg,low_light,1,9.55
2cf976a2-479cd46b.jpg,low_light,2,7.31
2cf976a2-479cd46b.jpg,low_light,3,5.5
2cf976a2-479cd46b.jpg,low_light,4,4.07
2cf976a2-479cd46b.jpg,low_light,5,2.92
2cf976a2-479cd46b.jpg,low_light,6,1.96
2cf976a2-479cd46b.jpg,low_light,7,1.21
2cf976a2-479cd46b.jpg,low_light,8,0.62
2cf976a2-479cd46b.jpg,low_light,9,0.18
2cf976a2-479cd46b.jpg,rain,1,22.7
2cf976a2-479cd46b.jpg,rain,2,15.85
2cf976a2-479cd46b.jpg,rain,3,11.64
2cf976a2-479cd46b.jpg,rain,4,9.15
2cf976a2-479cd46b.jpg,rain,5,7.37
2cf976a2-479cd46b.jpg,rain,6,6.05
2cf976a2-479cd46b.jpg,rain,7,4.99
2cf976a2-479cd46b.jpg,rain,8,4.13
2cf976a2-479cd46b.jpg,rain,9,3.39
2e2fae77-b7497ca0.jpg,motion_blur,1,27.35
2e2fae77-b7497ca0.jpg,motion_blur,2,22.52
2e2fae77-b7497ca0.jpg,motion_blur,3,20.51
2e2fae77-b7497ca0.jpg,motion_blur,4,19.44
2e2fae77-b7497ca0.jpg,motion_blur,5,18.71
2e2fae77-b7497ca0.jpg,motion_blur,6,18.16
2e2fae77-b7497ca0.jpg,motion_blur,7,17.71
2e2fae77-b7497ca0.jpg,motion_blur,8,17.33
2e2fae77-b7497ca0.jpg,motion_blur,9,17.0
2e2fae77-b7497ca0.jpg,low_light,1,9.22
2e2fae77-b7497ca0.jpg,low_light,2,7.02
2e2fae77-b7497ca0.jpg,low_light,3,5.27
2e2fae77-b7497ca0.jpg,low_light,4,3.9
2e2fae77-b7497ca0.jpg,low_light,5,2.8
2e2fae77-b7497ca0.jpg,low_light,6,1.89
2e2fae77-b7497ca0.jpg,low_light,7,1.16
2e2fae77-b7497ca0.jpg,low_light,8,0.59
2e2fae77-b7497ca0.jpg,low_light,9,0.17
2e2fae77-b7497ca0.jpg,rain,1,23.24
2e2fae77-b7497ca0.jpg,rain,2,16.94
2e2fae77-b7497ca0.jpg,rain,3,12.47
2e2fae77-b7497ca0.jpg,rain,4,9.88
2e2fae77-b7497ca0.jpg,rain,5,8.05
2e2fae77-b7497ca0.jpg,rain,6,6.72
2e2fae77-b7497ca0.jpg,rain,7,5.65
2e2fae77-b7497ca0.jpg,rain,8,4.79
2e2fae77-b7497ca0.jpg,rain,9,4.06
2ead8042-2493c03f.jpg,motion_blur,1,33.84
2ead8042-2493c03f.jpg,motion_blur,2,28.63
2ead8042-2493c03f.jpg,motion_blur,3,25.93
2ead8042-2493c03f.jpg,motion_blur,4,24.21
2ead8042-2493c03f.jpg,motion_blur,5,22.95
2ead8042-2493c03f.jpg,motion_blur,6,21.95
2ead8042-2493c03f.jpg,motion_blur,7,21.14
2ead8042-2493c03f.jpg,motion_blur,8,20.47
2ead8042-2493c03f.jpg,motion_blur,9,19.9
2ead8042-2493c03f.jpg,low_light,1,8.98
2ead8042-2493c03f.jpg,low_light,2,6.9
2ead8042-2493c03f.jpg,low_light,3,5.21
2ead8042-2493c03f.jpg,low_light,4,3.87
2ead8042-2493c03f.jpg,low_light,5,2.78
2ead8042-2493c03f.jpg,low_light,6,1.88
2ead8042-2493c03f.jpg,low_light,7,1.15
2ead8042-2493c03f.jpg,low_light,8,0.59
2ead8042-2493c03f.jpg,low_light,9,0.17
2ead8042-2493c03f.jpg,rain,1,18.88
2ead8042-2493c03f.jpg,rain,2,13.53
2ead8042-2493c03f.jpg,rain,3,10.07
2ead8042-2493c03f.jpg,rain,4,7.87
2ead8042-2493c03f.jpg,rain,5,6.24
2ead8042-2493c03f.jpg,rain,6,5.01
2ead8042-2493c03f.jpg,rain,7,4.02
2ead8042-2493c03f.jpg,rain,8,3.21
2ead8042-2493c03f.jpg,rain,9,2.49
2f1864c1-1a17d11c.jpg,motion_blur,1,29.08
2f1864c1-1a17d11c.jpg,motion_blur,2,24.22
2f1864c1-1a17d11c.jpg,motion_blur,3,22.12
2f1864c1-1a17d11c.jpg,motion_blur,4,20.91
2f1864c1-1a17d11c.jpg,motion_blur,5,20.05
2f1864c1-1a17d11c.jpg,motion_blur,6,19.37
2f1864c1-1a17d11c.jpg,motion_blur,7,18.82
2f1864c1-1a17d11c.jpg,motion_blur,8,18.34
2f1864c1-1a17d11c.jpg,motion_blur,9,17.93
2f1864c1-1a17d11c.jpg,low_light,1,8.42
2f1864c1-1a17d11c.jpg,low_light,2,6.45
2f1864c1-1a17d11c.jpg,low_light,3,4.88
2f1864c1-1a17d11c.jpg,low_light,4,3.62
2f1864c1-1a17d11c.jpg,low_light,5,2.61
2f1864c1-1a17d11c.jpg,low_light,6,1.76
2f1864c1-1a17d11c.jpg,low_light,7,1.08
2f1864c1-1a17d11c.jpg,low_light,8,0.55
2f1864c1-1a17d11c.jpg,low_light,9,0.16
2f1864c1-1a17d11c.jpg,rain,1,19.43
2f1864c1-1a17d11c.jpg,rain,2,14.06
2f1864c1-1a17d11c.jpg,rain,3,10.38
2f1864c1-1a17d11c.jpg,rain,4,8.06
2f1864c1-1a17d11c.jpg,rain,5,6.35
2f1864c1-1a17d11c.jpg,rain,6,5.06
2f1864c1-1a17d11c.jpg,rain,7,4.04
2f1864c1-1a17d11c.jpg,rain,8,3.21
2f1864c1-1a17d11c.jpg,rain,9,2.52
2f879dc0-b09e4824.jpg,motion_blur,1,30.66
2f879dc0-b09e4824.jpg,motion_blur,2,25.41
2f879dc0-b09e4824.jpg,motion_blur,3,23.06
2f879dc0-b09e4824.jpg,motion_blur,4,21.83
2f879dc0-b09e4824.jpg,motion_blur,5,21.07
2f879dc0-b09e4824.jpg,motion_blur,6,20.51
2f879dc0-b09e4824.jpg,motion_blur,7,20.05
2f879dc0-b09e4824.jpg,motion_blur,8,19.65
2f879dc0-b09e4824.jpg,motion_blur,9,19.32
2f879dc0-b09e4824.jpg,low_light,1,10.23
2f879dc0-b09e4824.jpg,low_light,2,7.66
2f879dc0-b09e4824.jpg,low_light,3,5.7
2f879dc0-b09e4824.jpg,low_light,4,4.18
2f879dc0-b09e4824.jpg,low_light,5,2.99
2f879dc0-b09e4824.jpg,low_light,6,2.01
2f879dc0-b09e4824.jpg,low_light,7,1.23
2f879dc0-b09e4824.jpg,low_light,8,0.63
2f879dc0-b09e4824.jpg,low_light,9,0.2
2f879dc0-b09e4824.jpg,rain,1,21.31
2f879dc0-b09e4824.jpg,rain,2,16.24
2f879dc0-b09e4824.jpg,rain,3,12.57
2f879dc0-b09e4824.jpg,rain,4,10.36
2f879dc0-b09e4824.jpg,rain,5,8.77
2f879dc0-b09e4824.jpg,rain,6,7.61
2f879dc0-b09e4824.jpg,rain,7,6.69
2f879dc0-b09e4824.jpg,rain,8,5.94
2f879dc0-b09e4824.jpg,rain,9,5.29
2fc9ad1e-ee4c9e43.jpg,motion_blur,1,36.66
2fc9ad1e-ee4c9e43.jpg,motion_blur,2,31.76
2fc9ad1e-ee4c9e43.jpg,motion_blur,3,29.58
2fc9ad1e-ee4c9e43.jpg,motion_blur,4,28.25
2fc9ad1e-ee4c9e43.jpg,motion_blur,5,27.26
2fc9ad1e-ee4c9e43.jpg,motion_blur,6,26.47
2fc9ad1e-ee4c9e43.jpg,motion_blur,7,25.81
2fc9ad1e-ee4c9e43.jpg,motion_blur,8,25.24
2fc9ad1e-ee4c9e43.jpg,motion_blur,9,24.74
2fc9ad1e-ee4c9e43.jpg,low_light,1,10.06
2fc9ad1e-ee4c9e43.jpg,low_light,2,7.58
2fc9ad1e-ee4c9e43.jpg,low_light,3,5.66
2fc9ad1e-ee4c9e43.jpg,low_light,4,4.16
2fc9ad1e-ee4c9e43.jpg,low_light,5,2.98
2fc9ad1e-ee4c9e43.jpg,low_light,6,2.0
2fc9ad1e-ee4c9e43.jpg,low_light,7,1.23
2fc9ad1e-ee4c9e43.jpg,low_light,8,0.63
2fc9ad1e-ee4c9e43.jpg,low_light,9,0.19
2fc9ad1e-ee4c9e43.jpg,rain,1,22.09
2fc9ad1e-ee4c9e43.jpg,rain,2,17.04
2fc9ad1e-ee4c9e43.jpg,rain,3,13.32
2fc9ad1e-ee4c9e43.jpg,rain,4,11.03
2fc9ad1e-ee4c9e43.jpg,rain,5,9.38
2fc9ad1e-ee4c9e43.jpg,rain,6,8.14
2fc9ad1e-ee4c9e43.jpg,rain,7,7.16
2fc9ad1e-ee4c9e43.jpg,rain,8,6.35
2fc9ad1e-ee4c9e43.jpg,rain,9,5.64
3050b249-0ffbd6ec.jpg,motion_blur,1,36.6
3050b249-0ffbd6ec.jpg,motion_blur,2,31.45
3050b249-0ffbd6ec.jpg,motion_blur,3,28.75
3050b249-0ffbd6ec.jpg,motion_blur,4,27.02
3050b249-0ffbd6ec.jpg,motion_blur,5,25.78
3050b249-0ffbd6ec.jpg,motion_blur,6,24.84
3050b249-0ffbd6ec.jpg,motion_blur,7,24.1
3050b249-0ffbd6ec.jpg,motion_blur,8,23.51
3050b249-0ffbd6ec.jpg,motion_blur,9,23.03
3050b249-0ffbd6ec.jpg,low_light,1,9.98
3050b249-0ffbd6ec.jpg,low_light,2,7.47
3050b249-0ffbd6ec.jpg,low_light,3,5.57
3050b249-0ffbd6ec.jpg,low_light,4,4.09
3050b249-0ffbd6ec.jpg,low_light,5,2.93
3050b249-0ffbd6ec.jpg,low_light,6,1.97
3050b249-0ffbd6ec.jpg,low_light,7,1.21
3050b249-0ffbd6ec.jpg,low_light,8,0.62
3050b249-0ffbd6ec.jpg,low_light,9,0.19
3050b249-0ffbd6ec.jpg,rain,1,23.36
3050b249-0ffbd6ec.jpg,rain,2,19.15
3050b249-0ffbd6ec.jpg,rain,3,14.67
3050b249-0ffbd6ec.jpg,rain,4,12.08
3050b249-0ffbd6ec.jpg,rain,5,10.25
3050b249-0ffbd6ec.jpg,rain,6,8.92
3050b249-0ffbd6ec.jpg,rain,7,7.88
3050b249-0ffbd6ec.jpg,rain,8,7.08
3050b249-0ffbd6ec.jpg,rain,9,6.4
314cc010-3eab5c90.jpg,motion_blur,1,35.7
314cc010-3eab5c90.jpg,motion_blur,2,31.01
314cc010-3eab5c90.jpg,motion_blur,3,28.81
314cc010-3eab5c90.jpg,motion_blur,4,27.51
314cc010-3eab5c90.jpg,motion_blur,5,26.6
314cc010-3eab5c90.jpg,motion_blur,6,25.92
314cc010-3eab5c90.jpg,motion_blur,7,25.39
314cc010-3eab5c90.jpg,motion_blur,8,24.95
314cc010-3eab5c90.jpg,motion_blur,9,24.55
314cc010-3eab5c90.jpg,low_light,1,9.67
314cc010-3eab5c90.jpg,low_light,2,7.28
314cc010-3eab5c90.jpg,low_light,3,5.44
314cc010-3eab5c90.jpg,low_light,4,4.01
314cc010-3eab5c90.jpg,low_light,5,2.87
314cc010-3eab5c90.jpg,low_light,6,1.93
314cc010-3eab5c90.jpg,low_light,7,1.19
314cc010-3eab5c90.jpg,low_light,8,0.61
314cc010-3eab5c90.jpg,low_light,9,0.18
314cc010-3eab5c90.jpg,rain,1,22.82
314cc010-3eab5c90.jpg,rain,2,18.07
314cc010-3eab5c90.jpg,rain,3,13.75
314cc010-3eab5c90.jpg,rain,4,11.19
314cc010-3eab5c90.jpg,rain,5,9.4
314cc010-3eab5c90.jpg,rain,6,8.1
314cc010-3eab5c90.jpg,rain,7,7.09
314cc010-3eab5c90.jpg,rain,8,6.28
314cc010-3eab5c90.jpg,rain,9,5.61
31765c6b-90b0d612.jpg,motion_blur,1,33.24
31765c6b-90b0d612.jpg,motion_blur,2,28.39
31765c6b-90b0d612.jpg,motion_blur,3,26.19
31765c6b-90b0d612.jpg,motion_blur,4,24.89
31765c6b-90b0d612.jpg,motion_blur,5,23.92
31765c6b-90b0d612.jpg,motion_blur,6,23.14
31765c6b-90b0d612.jpg,motion_blur,7,22.49
31765c6b-90b0d612.jpg,motion_blur,8,21.94
31765c6b-90b0d612.jpg,motion_blur,9,21.48
31765c6b-90b0d612.jpg,low_light,1,9.54
31765c6b-90b0d612.jpg,low_light,2,7.23
31765c6b-90b0d612.jpg,low_light,3,5.42
31765c6b-90b0d612.jpg,low_light,4,4.0
31765c6b-90b0d612.jpg,low_light,5,2.87
31765c6b-90b0d612.jpg,low_light,6,1.93
31765c6b-90b0d612.jpg,low_light,7,1.19
31765c6b-90b0d612.jpg,low_light,8,0.6
31765c6b-90b0d612.jpg,low_light,9,0.18
31765c6b-90b0d612.jpg,rain,1,23.62
31765c6b-90b0d612.jpg,rain,2,18.14
31765c6b-90b0d612.jpg,rain,3,13.59
31765c6b-90b0d612.jpg,rain,4,10.94
31765c6b-90b0d612.jpg,rain,5,9.06
31765c6b-90b0d612.jpg,rain,6,7.7
31765c6b-90b0d612.jpg,rain,7,6.64
31765c6b-90b0d612.jpg,rain,8,5.78
31765c6b-90b0d612.jpg,rain,9,5.07
31cf6eba-5c84c636.jpg,motion_blur,1,29.07
31cf6eba-5c84c636.jpg,motion_blur,2,24.14
31cf6eba-5c84c636.jpg,motion_blur,3,22.11
31cf6eba-5c84c636.jpg,motion_blur,4,20.98
31cf6eba-5c84c636.jpg,motion_blur,5,20.21
31cf6eba-5c84c636.jpg,motion_blur,6,19.66
31cf6eba-5c84c636.jpg,motion_blur,7,19.24
31cf6eba-5c84c636.jpg,motion_blur,8,18.9
31cf6eba-5c84c636.jpg,motion_blur,9,18.6
31cf6eba-5c84c636.jpg,low_light,1,9.32
31cf6eba-5c84c636.jpg,low_light,2,7.2
31cf6eba-5c84c636.jpg,low_light,3,5.45
31cf6eba-5c84c636.jpg,low_light,4,4.04
31cf6eba-5c84c636.jpg,low_light,5,2.9
31cf6eba-5c84c636.jpg,low_light,6,1.96
31cf6eba-5c84c636.jpg,low_light,7,1.2
31cf6eba-5c84c636.jpg,low_light,8,0.61
31cf6eba-5c84c636.jpg,low_light,9,0.18
31cf6eba-5c84c636.jpg,rain,1,21.8
31cf6eba-5c84c636.jpg,rain,2,13.67
31cf6eba-5c84c636.jpg,rain,3,9.62
31cf6eba-5c84c636.jpg,rain,4,7.23
31cf6eba-5c84c636.jpg,rain,5,5.48
31cf6eba-5c84c636.jpg,rain,6,4.18
31cf6eba-5c84c636.jpg,rain,7,3.13
31cf6eba-5c84c636.jpg,rain,8,2.28
31cf6eba-5c84c636.jpg,rain,9,1.52
32de2244-122f1783.jpg,motion_blur,1,37.1
32de2244-122f1783.jpg,motion_blur,2,32.23
32de2244-122f1783.jpg,motion_blur,3,29.92
32de2244-122f1783.jpg,motion_blur,4,28.56
32de2244-122f1783.jpg,motion_blur,5,27.59
32de2244-122f1783.jpg,motion_blur,6,26.85
32de2244-122f1783.jpg,motion_blur,7,26.25
32de2244-122f1783.jpg,motion_blur,8,25.75
32de2244-122f1783.jpg,motion_blur,9,25.31
32de2244-122f1783.jpg,low_light,1,10.95
32de2244-122f1783.jpg,low_light,2,8.12
32de2244-122f1783.jpg,low_light,3,6.0
32de2244-122f1783.jpg,low_light,4,4.39
32de2244-122f1783.jpg,low_light,5,3.13
32de2244-122f1783.jpg,low_light,6,2.1
32de2244-122f1783.jpg,low_light,7,1.29
32de2244-122f1783.jpg,low_light,8,0.66
32de2244-122f1783.jpg,low_light,9,0.2
32de2244-122f1783.jpg,rain,1,23.21
32de2244-122f1783.jpg,rain,2,19.01
32de2244-122f1783.jpg,rain,3,14.85
32de2244-122f1783.jpg,rain,4,12.41
32de2244-122f1783.jpg,rain,5,10.63
32de2244-122f1783.jpg,rain,6,9.38
32de2244-122f1783.jpg,rain,7,8.38
32de2244-122f1783.jpg,rain,8,7.56
32de2244-122f1783.jpg,rain,9,6.83
33420085-32996107.jpg,motion_blur,1,39.93
33420085-32996107.jpg,motion_blur,2,35.08
33420085-32996107.jpg,motion_blur,3,32.59
33420085-32996107.jpg,motion_blur,4,31.03
33420085-32996107.jpg,motion_blur,5,29.9
33420085-32996107.jpg,motion_blur,6,29.01
33420085-32996107.jpg,motion_blur,7,28.29
33420085-32996107.jpg,motion_blur,8,27.68
33420085-32996107.jpg,motion_blur,9,27.15
33420085-32996107.jpg,low_light,1,11.13
33420085-32996107.jpg,low_light,2,8.19
33420085-32996107.jpg,low_light,3,6.04
33420085-32996107.jpg,low_light,4,4.41
33420085-32996107.jpg,low_light,5,3.14
33420085-32996107.jpg,low_light,6,2.1
33420085-32996107.jpg,low_light,7,1.29
33420085-32996107.jpg,low_light,8,0.66
33420085-32996107.jpg,low_light,9,0.21
33420085-32996107.jpg,rain,1,23.22
33420085-32996107.jpg,rain,2,20.22
33420085-32996107.jpg,rain,3,16.05
33420085-32996107.jpg,rain,4,13.64
33420085-32996107.jpg,rain,5,11.94
33420085-32996107.jpg,rain,6,10.75
33420085-32996107.jpg,rain,7,9.81
33420085-32996107.jpg,rain,8,9.07
33420085-32996107.jpg,rain,9,8.41
3430a5e6-00ec38d2.jpg,motion_blur,1,24.99
3430a5e6-00ec38d2.jpg,motion_blur,2,19.7
3430a5e6-00ec38d2.jpg,motion_blur,3,17.19
3430a5e6-00ec38d2.jpg,motion_blur,4,15.67
3430a5e6-00ec38d2.jpg,motion_blur,5,14.59
3430a5e6-00ec38d2.jpg,motion_blur,6,13.78
3430a5e6-00ec38d2.jpg,motion_blur,7,13.13
3430a5e6-00ec38d2.jpg,motion_blur,8,12.58
3430a5e6-00ec38d2.jpg,motion_blur,9,12.12
3430a5e6-00ec38d2.jpg,low_light,1,6.8
3430a5e6-00ec38d2.jpg,low_light,2,5.44
3430a5e6-00ec38d2.jpg,low_light,3,4.23
3430a5e6-00ec38d2.jpg,low_light,4,3.2
3430a5e6-00ec38d2.jpg,low_light,5,2.33
3430a5e6-00ec38d2.jpg,low_light,6,1.58
3430a5e6-00ec38d2.jpg,low_light,7,0.96
3430a5e6-00ec38d2.jpg,low_light,8,0.48
3430a5e6-00ec38d2.jpg,low_light,9,0.13
3430a5e6-00ec38d2.jpg,rain,1,17.73
3430a5e6-00ec38d2.jpg,rain,2,6.9
3430a5e6-00ec38d2.jpg,rain,3,2.92
3430a5e6-00ec38d2.jpg,rain,4,0.56
3430a5e6-00ec38d2.jpg,rain,5,-1.17
3430a5e6-00ec38d2.jpg,rain,6,-2.48
3430a5e6-00ec38d2.jpg,rain,7,-3.52
3430a5e6-00ec38d2.jpg,rain,8,-4.39
3430a5e6-00ec38d2.jpg,rain,9,-5.13
35eb46d0-8f7e28a0.jpg,motion_blur,1,38.49
35eb46d0-8f7e28a0.jpg,motion_blur,2,33.59
35eb46d0-8f7e28a0.jpg,motion_blur,3,31.11
35eb46d0-8f7e28a0.jpg,motion_blur,4,29.58
35eb46d0-8f7e28a0.jpg,motion_blur,5,28.48
35eb46d0-8f7e28a0.jpg,motion_blur,6,27.63
35eb46d0-8f7e28a0.jpg,motion_blur,7,26.94
35eb46d0-8f7e28a0.jpg,motion_blur,8,26.35
35eb46d0-8f7e28a0.jpg,motion_blur,9,25.85
35eb46d0-8f7e28a0.jpg,low_light,1,10.68
35eb46d0-8f7e28a0.jpg,low_light,2,7.93
35eb46d0-8f7e28a0.jpg,low_light,3,5.87
35eb46d0-8f7e28a0.jpg,low_light,4,4.3
35eb46d0-8f7e28a0.jpg,low_light,5,3.06
35eb46d0-8f7e28a0.jpg,low_light,6,2.06
35eb46d0-8f7e28a0.jpg,low_light,7,1.26
35eb46d0-8f7e28a0.jpg,low_light,8,0.65
35eb46d0-8f7e28a0.jpg,low_light,9,0.2
35eb46d0-8f7e28a0.jpg,rain,1,23.33
35eb46d0-8f7e28a0.jpg,rain,2,20.01
35eb46d0-8f7e28a0.jpg,rain,3,15.42
35eb46d0-8f7e28a0.jpg,rain,4,12.84
35eb46d0-8f7e28a0.jpg,rain,5,11.05
35eb46d0-8f7e28a0.jpg,rain,6,9.76
35eb46d0-8f7e28a0.jpg,rain,7,8.75
35eb46d0-8f7e28a0.jpg,rain,8,7.97
35eb46d0-8f7e28a0.jpg,rain,9,7.26
3735fc3d-69d8b80c.jpg,motion_blur,1,33.05
3735fc3d-69d8b80c.jpg,motion_blur,2,27.82
3735fc3d-69d8b80c.jpg,motion_blur,3,25.43
3735fc3d-69d8b80c.jpg,motion_blur,4,24.12
3735fc3d-69d8b80c.jpg,motion_blur,5,23.28
3735fc3d-69d8b80c.jpg,motion_blur,6,22.66
3735fc3d-69d8b80c.jpg,motion_blur,7,22.15
3735fc3d-69d8b80c.jpg,motion_blur,8,21.72
3735fc3d-69d8b80c.jpg,motion_blur,9,21.34
3735fc3d-69d8b80c.jpg,low_light,1,10.14
3735fc3d-69d8b80c.jpg,low_light,2,7.58
3735fc3d-69d8b80c.jpg,low_light,3,5.63
3735fc3d-69d8b80c.jpg,low_light,4,4.14
3735fc3d-69d8b80c.jpg,low_light,5,2.96
3735fc3d-69d8b80c.jpg,low_light,6,1.99
3735fc3d-69d8b80c.jpg,low_light,7,1.22
3735fc3d-69d8b80c.jpg,low_light,8,0.63
3735fc3d-69d8b80c.jpg,low_light,9,0.19
3735fc3d-69d8b80c.jpg,rain,1,23.15
3735fc3d-69d8b80c.jpg,rain,2,19.07
3735fc3d-69d8b80c.jpg,rain,3,14.64
3735fc3d-69d8b80c.jpg,rain,4,12.05
3735fc3d-69d8b80c.jpg,rain,5,10.23
3735fc3d-69d8b80c.jpg,rain,6,8.9
3735fc3d-69d8b80c.jpg,rain,7,7.88
3735fc3d-69d8b80c.jpg,rain,8,7.08
3735fc3d-69d8b80c.jpg,rain,9,6.43
3740cd4f-ff1d423d.jpg,motion_blur,1,32.65
3740cd4f-ff1d423d.jpg,motion_blur,2,27.62
3740cd4f-ff1d423d.jpg,motion_blur,3,25.24
3740cd4f-ff1d423d.jpg,motion_blur,4,23.83
3740cd4f-ff1d423d.jpg,motion_blur,5,22.84
3740cd4f-ff1d423d.jpg,motion_blur,6,22.08
3740cd4f-ff1d423d.jpg,motion_blur,7,21.46
3740cd4f-ff1d423d.jpg,motion_blur,8,20.95
3740cd4f-ff1d423d.jpg,motion_blur,9,20.52
3740cd4f-ff1d423d.jpg,low_light,1,8.19
3740cd4f-ff1d423d.jpg,low_light,2,6.36
3740cd4f-ff1d423d.jpg,low_light,3,4.85
3740cd4f-ff1d423d.jpg,low_light,4,3.62
3740cd4f-ff1d423d.jpg,low_light,5,2.61
3740cd4f-ff1d423d.jpg,low_light,6,1.76
3740cd4f-ff1d423d.jpg,low_light,7,1.09
3740cd4f-ff1d423d.jpg,low_light,8,0.55
3740cd4f-ff1d423d.jpg,low_light,9,0.16
3740cd4f-ff1d423d.jpg,rain,1,22.86
3740cd4f-ff1d423d.jpg,rain,2,15.04
3740cd4f-ff1d423d.jpg,rain,3,10.65
3740cd4f-ff1d423d.jpg,rain,4,8.1
3740cd4f-ff1d423d.jpg,rain,5,6.26
3740cd4f-ff1d423d.jpg,rain,6,4.89
3740cd4f-ff1d423d.jpg,rain,7,3.82
3740cd4f-ff1d423d.jpg,rain,8,2.93
3740cd4f-ff1d423d.jpg,rain,9,2.17
375abba2-9f2ed56c.jpg,motion_blur,1,33.69
375abba2-9f2ed56c.jpg,motion_blur,2,28.93
375abba2-9f2ed56c.jpg,motion_blur,3,26.95
375abba2-9f2ed56c.jpg,motion_blur,4,25.82
375abba2-9f2ed56c.jpg,motion_blur,5,24.99
375abba2-9f2ed56c.jpg,motion_blur,6,24.32
375abba2-9f2ed56c.jpg,motion_blur,7,23.77
375abba2-9f2ed56c.jpg,motion_blur,8,23.3
375abba2-9f2ed56c.jpg,motion_blur,9,22.9
375abba2-9f2ed56c.jpg,low_light,1,9.75
375abba2-9f2ed56c.jpg,low_light,2,7.36
375abba2-9f2ed56c.jpg,low_light,3,5.5
375abba2-9f2ed56c.jpg,low_light,4,4.05
375abba2-9f2ed56c.jpg,low_light,5,2.9
375abba2-9f2ed56c.jpg,low_light,6,1.95
375abba2-9f2ed56c.jpg,low_light,7,1.2
375abba2-9f2ed56c.jpg,low_light,8,0.61
375abba2-9f2ed56c.jpg,low_light,9,0.19
375abba2-9f2ed56c.jpg,rain,1,21.85
375abba2-9f2ed56c.jpg,rain,2,16.98
375abba2-9f2ed56c.jpg,rain,3,13.18
375abba2-9f2ed56c.jpg,rain,4,10.82
375abba2-9f2ed56c.jpg,rain,5,9.11
375abba2-9f2ed56c.jpg,rain,6,7.85
375abba2-9f2ed56c.jpg,rain,7,6.85
375abba2-9f2ed56c.jpg,rain,8,6.06
375abba2-9f2ed56c.jpg,rain,9,5.38
37723e55-31730cf5.jpg,motion_blur,1,30.72
37723e55-31730cf5.jpg,motion_blur,2,25.98
37723e55-31730cf5.jpg,motion_blur,3,23.87
37723e55-31730cf5.jpg,motion_blur,4,22.64
37723e55-31730cf5.jpg,motion_blur,5,21.76
37723e55-31730cf5.jpg,motion_blur,6,21.08
37723e55-31730cf5.jpg,motion_blur,7,20.52
37723e55-31730cf5.jpg,motion_blur,8,20.04
37723e55-31730cf5.jpg,motion_blur,9,19.62
37723e55-31730cf5.jpg,low_light,1,8.5
37723e55-31730cf5.jpg,low_light,2,6.52
37723e55-31730cf5.jpg,low_light,3,4.93
37723e55-31730cf5.jpg,low_light,4,3.66
37723e55-31730cf5.jpg,low_light,5,2.64
37723e55-31730cf5.jpg,low_light,6,1.78
37723e55-31730cf5.jpg,low_light,7,1.09
37723e55-31730cf5.jpg,low_light,8,0.56
37723e55-31730cf5.jpg,low_light,9,0.16
37723e55-31730cf5.jpg,rain,1,22.3
37723e55-31730cf5.jpg,rain,2,15.82
37723e55-31730cf5.jpg,rain,3,11.58
37723e55-31730cf5.jpg,rain,4,9.04
37723e55-31730cf5.jpg,rain,5,7.21
37723e55-31730cf5.jpg,rain,6,5.86
37723e55-31730cf5.jpg,rain,7,4.79
37723e55-31730cf5.jpg,rain,8,3.93
37723e55-31730cf5.jpg,rain,9,3.2
380a3f8e-ba4f0def.jpg,motion_blur,1,36.57
380a3f8e-ba4f0def.jpg,motion_blur,2,32.07
380a3f8e-ba4f0def.jpg,motion_blur,3,30.27
380a3f8e-ba4f0def.jpg,motion_blur,4,29.19
380a3f8e-ba4f0def.jpg,motion_blur,5,28.38
380a3f8e-ba4f0def.jpg,motion_blur,6,27.75
380a3f8e-ba4f0def.jpg,motion_blur,7,27.24
380a3f8e-ba4f0def.jpg,motion_blur,8,26.81
380a3f8e-ba4f0def.jpg,motion_blur,9,26.46
380a3f8e-ba4f0def.jpg,low_light,1,11.17
380a3f8e-ba4f0def.jpg,low_light,2,8.19
380a3f8e-ba4f0def.jpg,low_light,3,6.02
380a3f8e-ba4f0def.jpg,low_light,4,4.39
380a3f8e-ba4f0def.jpg,low_light,5,3.13
380a3f8e-ba4f0def.jpg,low_light,6,2.1
380a3f8e-ba4f0def.jpg,low_light,7,1.29
380a3f8e-ba4f0def.jpg,low_light,8,0.66
380a3f8e-ba4f0def.jpg,low_light,9,0.2
380a3f8e-ba4f0def.jpg,rain,1,23.43
380a3f8e-ba4f0def.jpg,rain,2,21.92
380a3f8e-ba4f0def.jpg,rain,3,17.32
380a3f8e-ba4f0def.jpg,rain,4,14.71
380a3f8e-ba4f0def.jpg,rain,5,12.93
380a3f8e-ba4f0def.jpg,rain,6,11.66
380a3f8e-ba4f0def.jpg,rain,7,10.68
380a3f8e-ba4f0def.jpg,rain,8,9.92
380a3f8e-ba4f0def.jpg,rain,9,9.27
385b0f61-1aee12ef.jpg,motion_blur,1,31.79
385b0f61-1aee12ef.jpg,motion_blur,2,27.87
385b0f61-1aee12ef.jpg,motion_blur,3,26.36
385b0f61-1aee12ef.jpg,motion_blur,4,25.14
385b0f61-1aee12ef.jpg,motion_blur,5,24.16
385b0f61-1aee12ef.jpg,motion_blur,6,23.44
385b0f61-1aee12ef.jpg,motion_blur,7,22.9
385b0f61-1aee12ef.jpg,motion_blur,8,22.44
385b0f61-1aee12ef.jpg,motion_blur,9,22.06
385b0f61-1aee12ef.jpg,low_light,1,9.15
385b0f61-1aee12ef.jpg,low_light,2,6.96
385b0f61-1aee12ef.jpg,low_light,3,5.24
385b0f61-1aee12ef.jpg,low_light,4,3.88
385b0f61-1aee12ef.jpg,low_light,5,2.78
385b0f61-1aee12ef.jpg,low_light,6,1.88
385b0f61-1aee12ef.jpg,low_light,7,1.15
385b0f61-1aee12ef.jpg,low_light,8,0.59
385b0f61-1aee12ef.jpg,low_light,9,0.18
385b0f61-1aee12ef.jpg,rain,1,19.89
385b0f61-1aee12ef.jpg,rain,2,14.65
385b0f61-1aee12ef.jpg,rain,3,11.1
385b0f61-1aee12ef.jpg,rain,4,8.84
385b0f61-1aee12ef.jpg,rain,5,7.2
385b0f61-1aee12ef.jpg,rain,6,5.94
385b0f61-1aee12ef.jpg,rain,7,4.96
385b0f61-1aee12ef.jpg,rain,8,4.17
385b0f61-1aee12ef.jpg,rain,9,3.49
3865fea7-b4fe472d.jpg,motion_blur,1,33.63
3865fea7-b4fe472d.jpg,motion_blur,2,28.46
3865fea7-b4fe472d.jpg,motion_blur,3,26.2
3865fea7-b4fe472d.jpg,motion_blur,4,24.92
3865fea7-b4fe472d.jpg,motion_blur,5,24.01
3865fea7-b4fe472d.jpg,motion_blur,6,23.27
3865fea7-b4fe472d.jpg,motion_blur,7,22.65
3865fea7-b4fe472d.jpg,motion_blur,8,22.11
3865fea7-b4fe472d.jpg,motion_blur,9,21.66
3865fea7-b4fe472d.jpg,low_light,1,9.47
3865fea7-b4fe472d.jpg,low_light,2,7.2
3865fea7-b4fe472d.jpg,low_light,3,5.4
3865fea7-b4fe472d.jpg,low_light,4,3.99
3865fea7-b4fe472d.jpg,low_light,5,2.86
3865fea7-b4fe472d.jpg,low_light,6,1.93
3865fea7-b4fe472d.jpg,low_light,7,1.18
3865fea7-b4fe472d.jpg,low_light,8,0.61
3865fea7-b4fe472d.jpg,low_light,9,0.18
3865fea7-b4fe472d.jpg,rain,1,20.51
3865fea7-b4fe472d.jpg,rain,2,15.59
3865fea7-b4fe472d.jpg,rain,3,11.95
3865fea7-b4fe472d.jpg,rain,4,9.66
3865fea7-b4fe472d.jpg,rain,5,7.98
3865fea7-b4fe472d.jpg,rain,6,6.73
3865fea7-b4fe472d.jpg,rain,7,5.75
3865fea7-b4fe472d.jpg,rain,8,4.97
3865fea7-b4fe472d.jpg,rain,9,4.29
38e561dd-8ea8ae2d.jpg,motion_blur,1,32.63
38e561dd-8ea8ae2d.jpg,motion_blur,2,27.64
38e561dd-8ea8ae2d.jpg,motion_blur,3,25.44
38e561dd-8ea8ae2d.jpg,motion_blur,4,24.25
38e561dd-8ea8ae2d.jpg,motion_blur,5,23.47
38e561dd-8ea8ae2d.jpg,motion_blur,6,22.89
38e561dd-8ea8ae2d.jpg,motion_blur,7,22.43
38e561dd-8ea8ae2d.jpg,motion_blur,8,22.03
38e561dd-8ea8ae2d.jpg,motion_blur,9,21.67
38e561dd-8ea8ae2d.jpg,low_light,1,9.68
38e561dd-8ea8ae2d.jpg,low_light,2,7.34
38e561dd-8ea8ae2d.jpg,low_light,3,5.5
38e561dd-8ea8ae2d.jpg,low_light,4,4.06
38e561dd-8ea8ae2d.jpg,low_light,5,2.91
38e561dd-8ea8ae2d.jpg,low_light,6,1.96
38e561dd-8ea8ae2d.jpg,low_light,7,1.2
38e561dd-8ea8ae2d.jpg,low_light,8,0.61
38e561dd-8ea8ae2d.jpg,low_light,9,0.19
38e561dd-8ea8ae2d.jpg,rain,1,22.89
38e561dd-8ea8ae2d.jpg,rain,2,16.63
38e561dd-8ea8ae2d.jpg,rain,3,12.33
38e561dd-8ea8ae2d.jpg,rain,4,9.82
38e561dd-8ea8ae2d.jpg,rain,5,8.04
38e561dd-8ea8ae2d.jpg,rain,6,6.73
38e561dd-8ea8ae2d.jpg,rain,7,5.7
38e561dd-8ea8ae2d.jpg,rain,8,4.88
38e561dd-8ea8ae2d.jpg,rain,9,4.15
38ed8d8d-93c48de2.jpg,motion_blur,1,35.32
38ed8d8d-93c48de2.jpg,motion_blur,2,30.33
38ed8d8d-93c48de2.jpg,motion_blur,3,28.13
38ed8d8d-93c48de2.jpg,motion_blur,4,26.87
38ed8d8d-93c48de2.jpg,motion_blur,5,25.95
38ed8d8d-93c48de2.jpg,motion_blur,6,25.25
38ed8d8d-93c48de2.jpg,motion_blur,7,24.69
38ed8d8d-93c48de2.jpg,motion_blur,8,24.23
38ed8d8d-93c48de2.jpg,motion_blur,9,23.83
38ed8d8d-93c48de2.jpg,low_light,1,10.15
38ed8d8d-93c48de2.jpg,low_light,2,7.62
38ed8d8d-93c48de2.jpg,low_light,3,5.68
38ed8d8d-93c48de2.jpg,low_light,4,4.17
38ed8d8d-93c48de2.jpg,low_light,5,2.98
38ed8d8d-93c48de2.jpg,low_light,6,2.01
38ed8d8d-93c48de2.jpg,low_light,7,1.23
38ed8d8d-93c48de2.jpg,low_light,8,0.63
38ed8d8d-93c48de2.jpg,low_light,9,0.19
38ed8d8d-93c48de2.jpg,rain,1,23.29
38ed8d8d-93c48de2.jpg,rain,2,18.41
38ed8d8d-93c48de2.jpg,rain,3,14.12
38ed8d8d-93c48de2.jpg,rain,4,11.59
38ed8d8d-93c48de2.jpg,rain,5,9.78
38ed8d8d-93c48de2.jpg,rain,6,8.46
38ed8d8d-93c48de2.jpg,rain,7,7.42
38ed8d8d-93c48de2.jpg,rain,8,6.59
38ed8d8d-93c48de2.jpg,rain,9,5.88
38ed8d8d-b1c230ef.jpg,motion_blur,1,35.32
38ed8d8d-b1c230ef.jpg,motion_blur,2,30.55
38ed8d8d-b1c230ef.jpg,motion_blur,3,28.39
38ed8d8d-b1c230ef.jpg,motion_blur,4,27.17
38ed8d8d-b1c230ef.jpg,motion_blur,5,26.33
38ed8d8d-b1c230ef.jpg,motion_blur,6,25.66
38ed8d8d-b1c230ef.jpg,motion_blur,7,25.08
38ed8d8d-b1c230ef.jpg,motion_blur,8,24.59
38ed8d8d-b1c230ef.jpg,motion_blur,9,24.16
38ed8d8d-b1c230ef.jpg,low_light,1,9.68
38ed8d8d-b1c230ef.jpg,low_light,2,7.32
38ed8d8d-b1c230ef.jpg,low_light,3,5.48
38ed8d8d-b1c230ef.jpg,low_light,4,4.04
38ed8d8d-b1c230ef.jpg,low_light,5,2.9
38ed8d8d-b1c230ef.jpg,low_light,6,1.95
38ed8d8d-b1c230ef.jpg,low_light,7,1.2
38ed8d8d-b1c230ef.jpg,low_light,8,0.61
38ed8d8d-b1c230ef.jpg,low_light,9,0.18
38ed8d8d-b1c230ef.jpg,rain,1,22.5
38ed8d8d-b1c230ef.jpg,rain,2,17.44
38ed8d8d-b1c230ef.jpg,rain,3,13.45
38ed8d8d-b1c230ef.jpg,rain,4,11.05
38ed8d8d-b1c230ef.jpg,rain,5,9.31
38ed8d8d-b1c230ef.jpg,rain,6,8.04
38ed8d8d-b1c230ef.jpg,rain,7,7.02
38ed8d8d-b1c230ef.jpg,rain,8,6.2
38ed8d8d-b1c230ef.jpg,rain,9,5.48
38ed8d8d-fa50400c.jpg,motion_blur,1,35.83
38ed8d8d-fa50400c.jpg,motion_blur,2,30.97
38ed8d8d-fa50400c.jpg,motion_blur,3,28.47
38ed8d8d-fa50400c.jpg,motion_blur,4,26.89
38ed8d8d-fa50400c.jpg,motion_blur,5,25.75
38ed8d8d-fa50400c.jpg,motion_blur,6,24.89
38ed8d8d-fa50400c.jpg,motion_blur,7,24.21
38ed8d8d-fa50400c.jpg,motion_blur,8,23.65
38ed8d8d-fa50400c.jpg,motion_blur,9,23.17
38ed8d8d-fa50400c.jpg,low_light,1,9.44
38ed8d8d-fa50400c.jpg,low_light,2,7.17
38ed8d8d-fa50400c.jpg,low_light,3,5.38
38ed8d8d-fa50400c.jpg,low_light,4,3.97
38ed8d8d-fa50400c.jpg,low_light,5,2.85
38ed8d8d-fa50400c.jpg,low_light,6,1.92
38ed8d8d-fa50400c.jpg,low_light,7,1.18
38ed8d8d-fa50400c.jpg,low_light,8,0.6
38ed8d8d-fa50400c.jpg,low_light,9,0.18
38ed8d8d-fa50400c.jpg,rain,1,22.46
38ed8d8d-fa50400c.jpg,rain,2,16.69
38ed8d8d-fa50400c.jpg,rain,3,12.59
38ed8d8d-fa50400c.jpg,rain,4,10.14
38ed8d8d-fa50400c.jpg,rain,5,8.38
38ed8d8d-fa50400c.jpg,rain,6,7.07
38ed8d8d-fa50400c.jpg,rain,7,6.04
38ed8d8d-fa50400c.jpg,rain,8,5.21
38ed8d8d-fa50400c.jpg,rain,9,4.49
3900ad8c-8834019f.jpg,motion_blur,1,34.53
3900ad8c-8834019f.jpg,motion_blur,2,29.85
3900ad8c-8834019f.jpg,motion_blur,3,27.79
3900ad8c-8834019f.jpg,motion_blur,4,26.6
3900ad8c-8834019f.jpg,motion_blur,5,25.77
3900ad8c-8834019f.jpg,motion_blur,6,25.13
3900ad8c-8834019f.jpg,motion_blur,7,24.59
3900ad8c-8834019f.jpg,motion_blur,8,24.15
3900ad8c-8834019f.jpg,motion_blur,9,23.77
3900ad8c-8834019f.jpg,low_light,1,9.36
3900ad8c-8834019f.jpg,low_light,2,7.13
3900ad8c-8834019f.jpg,low_light,3,5.36
3900ad8c-8834019f.jpg,low_light,4,3.97
3900ad8c-8834019f.jpg,low_light,5,2.85
3900ad8c-8834019f.jpg,low_light,6,1.92
3900ad8c-8834019f.jpg,low_light,7,1.18
3900ad8c-8834019f.jpg,low_light,8,0.6
3900ad8c-8834019f.jpg,low_light,9,0.18
3900ad8c-8834019f.jpg,rain,1,22.85
3900ad8c-8834019f.jpg,rain,2,15.57
3900ad8c-8834019f.jpg,rain,3,11.38
3900ad8c-8834019f.jpg,rain,4,8.95
3900ad8c-8834019f.jpg,rain,5,7.22
3900ad8c-8834019f.jpg,rain,6,5.93
3900ad8c-8834019f.jpg,rain,7,4.92
3900ad8c-8834019f.jpg,rain,8,4.07
3900ad8c-8834019f.jpg,rain,9,3.33
39ddb110-04604b9c.jpg,motion_blur,1,29.49
39ddb110-04604b9c.jpg,motion_blur,2,24.42
39ddb110-04604b9c.jpg,motion_blur,3,22.24
39ddb110-04604b9c.jpg,motion_blur,4,21.05
39ddb110-04604b9c.jpg,motion_blur,5,20.25
39ddb110-04604b9c.jpg,motion_blur,6,19.66
39ddb110-04604b9c.jpg,motion_blur,7,19.19
39ddb110-04604b9c.jpg,motion_blur,8,18.81
39ddb110-04604b9c.jpg,motion_blur,9,18.47
39ddb110-04604b9c.jpg,low_light,1,9.4
39ddb110-04604b9c.jpg,low_light,2,7.17
39ddb110-04604b9c.jpg,low_light,3,5.39
39ddb110-04604b9c.jpg,low_light,4,3.99
39ddb110-04604b9c.jpg,low_light,5,2.86
39ddb110-04604b9c.jpg,low_light,6,1.93
39ddb110-04604b9c.jpg,low_light,7,1.18
39ddb110-04604b9c.jpg,low_light,8,0.6
39ddb110-04604b9c.jpg,low_light,9,0.18
39ddb110-04604b9c.jpg,rain,1,22.67
39ddb110-04604b9c.jpg,rain,2,15.33
39ddb110-04604b9c.jpg,rain,3,11.24
39ddb110-04604b9c.jpg,rain,4,8.81
39ddb110-04604b9c.jpg,rain,5,7.06
39ddb110-04604b9c.jpg,rain,6,5.76
39ddb110-04604b9c.jpg,rain,7,4.75
39ddb110-04604b9c.jpg,rain,8,3.93
39ddb110-04604b9c.jpg,rain,9,3.22
39fc6d1c-6155351d.jpg,motion_blur,1,36.66
39fc6d1c-6155351d.jpg,motion_blur,2,31.72
39fc6d1c-6155351d.jpg,motion_blur,3,29.44
39fc6d1c-6155351d.jpg,motion_blur,4,28.06
39fc6d1c-6155351d.jpg,motion_blur,5,27.02
39fc6d1c-6155351d.jpg,motion_blur,6,26.17
39fc6d1c-6155351d.jpg,motion_blur,7,25.46
39fc6d1c-6155351d.jpg,motion_blur,8,24.84
39fc6d1c-6155351d.jpg,motion_blur,9,24.31
39fc6d1c-6155351d.jpg,low_light,1,9.78
39fc6d1c-6155351d.jpg,low_light,2,7.41
39fc6d1c-6155351d.jpg,low_light,3,5.55
39fc6d1c-6155351d.jpg,low_light,4,4.09
39fc6d1c-6155351d.jpg,low_light,5,2.93
39fc6d1c-6155351d.jpg,low_light,6,1.97
39fc6d1c-6155351d.jpg,low_light,7,1.21
39fc6d1c-6155351d.jpg,low_light,8,0.62
39fc6d1c-6155351d.jpg,low_light,9,0.19
39fc6d1c-6155351d.jpg,rain,1,22.37
39fc6d1c-6155351d.jpg,rain,2,16.9
39fc6d1c-6155351d.jpg,rain,3,13.01
39fc6d1c-6155351d.jpg,rain,4,10.61
39fc6d1c-6155351d.jpg,rain,5,8.89
39fc6d1c-6155351d.jpg,rain,6,7.61
39fc6d1c-6155351d.jpg,rain,7,6.58
39fc6d1c-6155351d.jpg,rain,8,5.76
39fc6d1c-6155351d.jpg,rain,9,5.02
3a278d39-b92df256.jpg,motion_blur,1,32.98
3a278d39-b92df256.jpg,motion_blur,2,27.81
3a278d39-b92df256.jpg,motion_blur,3,25.39
3a278d39-b92df256.jpg,motion_blur,4,23.91
3a278d39-b92df256.jpg,motion_blur,5,22.84
3a278d39-b92df256.jpg,motion_blur,6,22.0
3a278d39-b92df256.jpg,motion_blur,7,21.32
3a278d39-b92df256.jpg,motion_blur,8,20.75
3a278d39-b92df256.jpg,motion_blur,9,20.26
3a278d39-b92df256.jpg,low_light,1,9.94
3a278d39-b92df256.jpg,low_light,2,7.5
3a278d39-b92df256.jpg,low_light,3,5.61
3a278d39-b92df256.jpg,low_light,4,4.13
3a278d39-b92df256.jpg,low_light,5,2.95
3a278d39-b92df256.jpg,low_light,6,1.99
3a278d39-b92df256.jpg,low_light,7,1.22
3a278d39-b92df256.jpg,low_light,8,0.62
3a278d39-b92df256.jpg,low_light,9,0.19
3a278d39-b92df256.jpg,rain,1,20.85
3a278d39-b92df256.jpg,rain,2,16.03
3a278d39-b92df256.jpg,rain,3,12.56
3a278d39-b92df256.jpg,rain,4,10.41
3a278d39-b92df256.jpg,rain,5,8.81
3a278d39-b92df256.jpg,rain,6,7.63
3a278d39-b92df256.jpg,rain,7,6.69
3a278d39-b92df256.jpg,rain,8,5.92
3a278d39-b92df256.jpg,rain,9,5.25
3a3407a2-df8ea956.jpg,motion_blur,1,30.77
3a3407a2-df8ea956.jpg,motion_blur,2,25.53
3a3407a2-df8ea956.jpg,motion_blur,3,23.26
3a3407a2-df8ea956.jpg,motion_blur,4,21.99
3a3407a2-df8ea956.jpg,motion_blur,5,21.08
3a3407a2-df8ea956.jpg,motion_blur,6,20.36
3a3407a2-df8ea956.jpg,motion_blur,7,19.75
3a3407a2-df8ea956.jpg,motion_blur,8,19.22
3a3407a2-df8ea956.jpg,motion_blur,9,18.75
3a3407a2-df8ea956.jpg,low_light,1,9.83
3a3407a2-df8ea956.jpg,low_light,2,7.48
3a3407a2-df8ea956.jpg,low_light,3,5.61
3a3407a2-df8ea956.jpg,low_light,4,4.14
3a3407a2-df8ea956.jpg,low_light,5,2.97
3a3407a2-df8ea956.jpg,low_light,6,1.99
3a3407a2-df8ea956.jpg,low_light,7,1.22
3a3407a2-df8ea956.jpg,low_light,8,0.63
3a3407a2-df8ea956.jpg,low_light,9,0.19
3a3407a2-df8ea956.jpg,rain,1,20.6
3a3407a2-df8ea956.jpg,rain,2,13.03
3a3407a2-df8ea956.jpg,rain,3,9.3
3a3407a2-df8ea956.jpg,rain,4,7.04
3a3407a2-df8ea956.jpg,rain,5,5.38
3a3407a2-df8ea956.jpg,rain,6,4.15
3a3407a2-df8ea956.jpg,rain,7,3.15
3a3407a2-df8ea956.jpg,rain,8,2.32
3a3407a2-df8ea956.jpg,rain,9,1.59
3ad0c4a7-2a3d544e.jpg,motion_blur,1,31.26
3ad0c4a7-2a3d544e.jpg,motion_blur,2,26.71
3ad0c4a7-2a3d544e.jpg,motion_blur,3,24.62
3ad0c4a7-2a3d544e.jpg,motion_blur,4,23.41
3ad0c4a7-2a3d544e.jpg,motion_blur,5,22.57
3ad0c4a7-2a3d544e.jpg,motion_blur,6,21.94
3ad0c4a7-2a3d544e.jpg,motion_blur,7,21.42
3ad0c4a7-2a3d544e.jpg,motion_blur,8,20.99
3ad0c4a7-2a3d544e.jpg,motion_blur,9,20.61
3ad0c4a7-2a3d544e.jpg,low_light,1,9.22
3ad0c4a7-2a3d544e.jpg,low_light,2,7.07
3ad0c4a7-2a3d544e.jpg,low_light,3,5.33
3ad0c4a7-2a3d544e.jpg,low_light,4,3.95
3ad0c4a7-2a3d544e.jpg,low_light,5,2.84
3ad0c4a7-2a3d544e.jpg,low_light,6,1.91
3ad0c4a7-2a3d544e.jpg,low_light,7,1.18
3ad0c4a7-2a3d544e.jpg,low_light,8,0.6
3ad0c4a7-2a3d544e.jpg,low_light,9,0.18
3ad0c4a7-2a3d544e.jpg,rain,1,21.06
3ad0c4a7-2a3d544e.jpg,rain,2,14.24
3ad0c4a7-2a3d544e.jpg,rain,3,10.51
3ad0c4a7-2a3d544e.jpg,rain,4,8.21
3ad0c4a7-2a3d544e.jpg,rain,5,6.51
3ad0c4a7-2a3d544e.jpg,rain,6,5.25
3ad0c4a7-2a3d544e.jpg,rain,7,4.23
3ad0c4a7-2a3d544e.jpg,rain,8,3.4
3ad0c4a7-2a3d544e.jpg,rain,9,2.68
3b1e1bc1-ee64e36e.jpg,motion_blur,1,27.73
3b1e1bc1-ee64e36e.jpg,motion_blur,2,23.15
3b1e1bc1-ee64e36e.jpg,motion_blur,3,21.55
3b1e1bc1-ee64e36e.jpg,motion_blur,4,20.79
3b1e1bc1-ee64e36e.jpg,motion_blur,5,20.27
3b1e1bc1-ee64e36e.jpg,motion_blur,6,19.86
3b1e1bc1-ee64e36e.jpg,motion_blur,7,19.52
3b1e1bc1-ee64e36e.jpg,motion_blur,8,19.21
3b1e1bc1-ee64e36e.jpg,motion_blur,9,18.93
3b1e1bc1-ee64e36e.jpg,low_light,1,9.38
3b1e1bc1-ee64e36e.jpg,low_light,2,7.14
3b1e1bc1-ee64e36e.jpg,low_light,3,5.36
3b1e1bc1-ee64e36e.jpg,low_light,4,3.97
3b1e1bc1-ee64e36e.jpg,low_light,5,2.85
3b1e1bc1-ee64e36e.jpg,low_light,6,1.92
3b1e1bc1-ee64e36e.jpg,low_light,7,1.18
3b1e1bc1-ee64e36e.jpg,low_light,8,0.6
3b1e1bc1-ee64e36e.jpg,low_light,9,0.18
3b1e1bc1-ee64e36e.jpg,rain,1,21.8
3b1e1bc1-ee64e36e.jpg,rain,2,16.18
3b1e1bc1-ee64e36e.jpg,rain,3,12.33
3b1e1bc1-ee64e36e.jpg,rain,4,9.96
3b1e1bc1-ee64e36e.jpg,rain,5,8.25
3b1e1bc1-ee64e36e.jpg,rain,6,6.97
3b1e1bc1-ee64e36e.jpg,rain,7,5.95
3b1e1bc1-ee64e36e.jpg,rain,8,5.11
3b1e1bc1-ee64e36e.jpg,rain,9,4.39
3b44ef5a-c09e8479.jpg,motion_blur,1,31.35
3b44ef5a-c09e8479.jpg,motion_blur,2,26.23
3b44ef5a-c09e8479.jpg,motion_blur,3,23.75
3b44ef5a-c09e8479.jpg,motion_blur,4,22.27
3b44ef5a-c09e8479.jpg,motion_blur,5,21.23
3b44ef5a-c09e8479.jpg,motion_blur,6,20.44
3b44ef5a-c09e8479.jpg,motion_blur,7,19.81
3b44ef5a-c09e8479.jpg,motion_blur,8,19.29
3b44ef5a-c09e8479.jpg,motion_blur,9,18.85
3b44ef5a-c09e8479.jpg,low_light,1,9.47
3b44ef5a-c09e8479.jpg,low_light,2,7.16
3b44ef5a-c09e8479.jpg,low_light,3,5.38
3b44ef5a-c09e8479.jpg,low_light,4,3.96
3b44ef5a-c09e8479.jpg,low_light,5,2.84
3b44ef5a-c09e8479.jpg,low_light,6,1.91
3b44ef5a-c09e8479.jpg,low_light,7,1.17
3b44ef5a-c09e8479.jpg,low_light,8,0.6
3b44ef5a-c09e8479.jpg,low_light,9,0.18
3b44ef5a-c09e8479.jpg,rain,1,22.66
3b44ef5a-c09e8479.jpg,rain,2,16.53
3b44ef5a-c09e8479.jpg,rain,3,12.2
3b44ef5a-c09e8479.jpg,rain,4,9.65
3b44ef5a-c09e8479.jpg,rain,5,7.83
3b44ef5a-c09e8479.jpg,rain,6,6.51
3b44ef5a-c09e8479.jpg,rain,7,5.48
3b44ef5a-c09e8479.jpg,rain,8,4.67
3b44ef5a-c09e8479.jpg,rain,9,4.01
3b563c5e-0102edaf.jpg,motion_blur,1,36.58
3b563c5e-0102edaf.jpg,motion_blur,2,31.16
3b563c5e-0102edaf.jpg,motion_blur,3,28.28
3b563c5e-0102edaf.jpg,motion_blur,4,26.55
3b563c5e-0102edaf.jpg,motion_blur,5,25.36
3b563c5e-0102edaf.jpg,motion_blur,6,24.46
3b563c5e-0102edaf.jpg,motion_blur,7,23.75
3b563c5e-0102edaf.jpg,motion_blur,8,23.16
3b563c5e-0102edaf.jpg,motion_blur,9,22.66
3b563c5e-0102edaf.jpg,low_light,1,9.28
3b563c5e-0102edaf.jpg,low_light,2,7.1
3b563c5e-0102edaf.jpg,low_light,3,5.35
3b563c5e-0102edaf.jpg,low_light,4,3.96
3b563c5e-0102edaf.jpg,low_light,5,2.84
3b563c5e-0102edaf.jpg,low_light,6,1.92
3b563c5e-0102edaf.jpg,low_light,7,1.18
3b563c5e-0102edaf.jpg,low_light,8,0.6
3b563c5e-0102edaf.jpg,low_light,9,0.18
3b563c5e-0102edaf.jpg,rain,1,22.63
3b563c5e-0102edaf.jpg,rain,2,15.5
3b563c5e-0102edaf.jpg,rain,3,11.51
3b563c5e-0102edaf.jpg,rain,4,9.11
3b563c5e-0102edaf.jpg,rain,5,7.38
3b563c5e-0102edaf.jpg,rain,6,6.1
3b563c5e-0102edaf.jpg,rain,7,5.07
3b563c5e-0102edaf.jpg,rain,8,4.23
3b563c5e-0102edaf.jpg,rain,9,3.5
3b9716a6-d2566395.jpg,motion_blur,1,33.72
3b9716a6-d2566395.jpg,motion_blur,2,28.92
3b9716a6-d2566395.jpg,motion_blur,3,26.98
3b9716a6-d2566395.jpg,motion_blur,4,25.92
3b9716a6-d2566395.jpg,motion_blur,5,25.17
3b9716a6-d2566395.jpg,motion_blur,6,24.57
3b9716a6-d2566395.jpg,motion_blur,7,24.09
3b9716a6-d2566395.jpg,motion_blur,8,23.67
3b9716a6-d2566395.jpg,motion_blur,9,23.3
3b9716a6-d2566395.jpg,low_light,1,10.31
3b9716a6-d2566395.jpg,low_light,2,7.69
3b9716a6-d2566395.jpg,low_light,3,5.72
3b9716a6-d2566395.jpg,low_light,4,4.2
3b9716a6-d2566395.jpg,low_light,5,3.0
3b9716a6-d2566395.jpg,low_light,6,2.01
3b9716a6-d2566395.jpg,low_light,7,1.24
3b9716a6-d2566395.jpg,low_light,8,0.63
3b9716a6-d2566395.jpg,low_light,9,0.19
3b9716a6-d2566395.jpg,rain,1,23.35
3b9716a6-d2566395.jpg,rain,2,19.16
3b9716a6-d2566395.jpg,rain,3,14.87
3b9716a6-d2566395.jpg,rain,4,12.36
3b9716a6-d2566395.jpg,rain,5,10.59
3b9716a6-d2566395.jpg,rain,6,9.31
3b9716a6-d2566395.jpg,rain,7,8.31
3b9716a6-d2566395.jpg,rain,8,7.5
3b9716a6-d2566395.jpg,rain,9,6.81
3c0bbdc2-79baffce.jpg,motion_blur,1,38.65
3c0bbdc2-79baffce.jpg,motion_blur,2,33.41
3c0bbdc2-79baffce.jpg,motion_blur,3,30.86
3c0bbdc2-79baffce.jpg,motion_blur,4,29.35
3c0bbdc2-79baffce.jpg,motion_blur,5,28.25
3c0bbdc2-79baffce.jpg,motion_blur,6,27.38
3c0bbdc2-79baffce.jpg,motion_blur,7,26.66
3c0bbdc2-79baffce.jpg,motion_blur,8,26.04
3c0bbdc2-79baffce.jpg,motion_blur,9,25.49
3c0bbdc2-79baffce.jpg,low_light,1,10.22
3c0bbdc2-79baffce.jpg,low_light,2,7.69
3c0bbdc2-79baffce.jpg,low_light,3,5.74
3c0bbdc2-79baffce.jpg,low_light,4,4.22
3c0bbdc2-79baffce.jpg,low_light,5,3.02
3c0bbdc2-79baffce.jpg,low_light,6,2.03
3c0bbdc2-79baffce.jpg,low_light,7,1.24
3c0bbdc2-79baffce.jpg,low_light,8,0.64
3c0bbdc2-79baffce.jpg,low_light,9,0.19
3c0bbdc2-79baffce.jpg,rain,1,20.4
3c0bbdc2-79baffce.jpg,rain,2,16.82
3c0bbdc2-79baffce.jpg,rain,3,13.32
3c0bbdc2-79baffce.jpg,rain,4,11.03
3c0bbdc2-79baffce.jpg,rain,5,9.34
3c0bbdc2-79baffce.jpg,rain,6,8.06
3c0bbdc2-79baffce.jpg,rain,7,7.04
3c0bbdc2-79baffce.jpg,rain,8,6.2
3c0bbdc2-79baffce.jpg,rain,9,5.48
3c5752b6-9c0bdf98.jpg,motion_blur,1,28.43
3c5752b6-9c0bdf98.jpg,motion_blur,2,24.06
3c5752b6-9c0bdf98.jpg,motion_blur,3,22.06
3c5752b6-9c0bdf98.jpg,motion_blur,4,20.87
3c5752b6-9c0bdf98.jpg,motion_blur,5,20.04
3c5752b6-9c0bdf98.jpg,motion_blur,6,19.45
3c5752b6-9c0bdf98.jpg,motion_blur,7,19.0
3c5752b6-9c0bdf98.jpg,motion_blur,8,18.63
3c5752b6-9c0bdf98.jpg,motion_blur,9,18.32
3c5752b6-9c0bdf98.jpg,low_light,1,9.95
3c5752b6-9c0bdf98.jpg,low_light,2,7.44
3c5752b6-9c0bdf98.jpg,low_light,3,5.55
3c5752b6-9c0bdf98.jpg,low_light,4,4.08
3c5752b6-9c0bdf98.jpg,low_light,5,2.91
3c5752b6-9c0bdf98.jpg,low_light,6,1.96
3c5752b6-9c0bdf98.jpg,low_light,7,1.2
3c5752b6-9c0bdf98.jpg,low_light,8,0.61
3c5752b6-9c0bdf98.jpg,low_light,9,0.19
3c5752b6-9c0bdf98.jpg,rain,1,22.2
3c5752b6-9c0bdf98.jpg,rain,2,17.87
3c5752b6-9c0bdf98.jpg,rain,3,13.65
3c5752b6-9c0bdf98.jpg,rain,4,11.13
3c5752b6-9c0bdf98.jpg,rain,5,9.39
3c5752b6-9c0bdf98.jpg,rain,6,8.12
3c5752b6-9c0bdf98.jpg,rain,7,7.17
3c5752b6-9c0bdf98.jpg,rain,8,6.42
3c5752b6-9c0bdf98.jpg,rain,9,5.82
3c95ae26-68abac3f.jpg,motion_blur,1,32.95
3c95ae26-68abac3f.jpg,motion_blur,2,28.2
3c95ae26-68abac3f.jpg,motion_blur,3,26.17
3c95ae26-68abac3f.jpg,motion_blur,4,25.03
3c95ae26-68abac3f.jpg,motion_blur,5,24.23
3c95ae26-68abac3f.jpg,motion_blur,6,23.61
3c95ae26-68abac3f.jpg,motion_blur,7,23.11
3c95ae26-68abac3f.jpg,motion_blur,8,22.69
3c95ae26-68abac3f.jpg,motion_blur,9,22.34
3c95ae26-68abac3f.jpg,low_light,1,9.31
3c95ae26-68abac3f.jpg,low_light,2,7.05
3c95ae26-68abac3f.jpg,low_light,3,5.29
3c95ae26-68abac3f.jpg,low_light,4,3.91
3c95ae26-68abac3f.jpg,low_light,5,2.8
3c95ae26-68abac3f.jpg,low_light,6,1.89
3c95ae26-68abac3f.jpg,low_light,7,1.16
3c95ae26-68abac3f.jpg,low_light,8,0.59
3c95ae26-68abac3f.jpg,low_light,9,0.18
3c95ae26-68abac3f.jpg,rain,1,20.62
3c95ae26-68abac3f.jpg,rain,2,16.43
3c95ae26-68abac3f.jpg,rain,3,12.65
3c95ae26-68abac3f.jpg,rain,4,10.28
3c95ae26-68abac3f.jpg,rain,5,8.57
3c95ae26-68abac3f.jpg,rain,6,7.29
3c95ae26-68abac3f.jpg,rain,7,6.29
3c95ae26-68abac3f.jpg,rain,8,5.47
3c95ae26-68abac3f.jpg,rain,9,4.78
3e0f1745-a95a63ad.jpg,motion_blur,1,33.41
3e0f1745-a95a63ad.jpg,motion_blur,2,28.86
3e0f1745-a95a63ad.jpg,motion_blur,3,26.85
3e0f1745-a95a63ad.jpg,motion_blur,4,25.62
3e0f1745-a95a63ad.jpg,motion_blur,5,24.67
3e0f1745-a95a63ad.jpg,motion_blur,6,23.92
3e0f1745-a95a63ad.jpg,motion_blur,7,23.31
3e0f1745-a95a63ad.jpg,motion_blur,8,22.79
3e0f1745-a95a63ad.jpg,motion_blur,9,22.34
3e0f1745-a95a63ad.jpg,low_light,1,9.29
3e0f1745-a95a63ad.jpg,low_light,2,7.1
3e0f1745-a95a63ad.jpg,low_light,3,5.34
3e0f1745-a95a63ad.jpg,low_light,4,3.95
3e0f1745-a95a63ad.jpg,low_light,5,2.84
3e0f1745-a95a63ad.jpg,low_light,6,1.91
3e0f1745-a95a63ad.jpg,low_light,7,1.18
3e0f1745-a95a63ad.jpg,low_light,8,0.6
3e0f1745-a95a63ad.jpg,low_light,9,0.18
3e0f1745-a95a63ad.jpg,rain,1,20.72
3e0f1745-a95a63ad.jpg,rain,2,14.5
3e0f1745-a95a63ad.jpg,rain,3,10.76
3e0f1745-a95a63ad.jpg,rain,4,8.45
3e0f1745-a95a63ad.jpg,rain,5,6.76
3e0f1745-a95a63ad.jpg,rain,6,5.49
3e0f1745-a95a63ad.jpg,rain,7,4.48
3e0f1745-a95a63ad.jpg,rain,8,3.65
3e0f1745-a95a63ad.jpg,rain,9,2.95
3f4eb6a6-9eee52f9.jpg,motion_blur,1,33.63
3f4eb6a6-9eee52f9.jpg,motion_blur,2,28.92
3f4eb6a6-9eee52f9.jpg,motion_blur,3,26.69
3f4eb6a6-9eee52f9.jpg,motion_blur,4,25.35
3f4eb6a6-9eee52f9.jpg,motion_blur,5,24.44
3f4eb6a6-9eee52f9.jpg,motion_blur,6,23.81
3f4eb6a6-9eee52f9.jpg,motion_blur,7,23.35
3f4eb6a6-9eee52f9.jpg,motion_blur,8,22.99
3f4eb6a6-9eee52f9.jpg,motion_blur,9,22.67
3f4eb6a6-9eee52f9.jpg,low_light,1,9.55
3f4eb6a6-9eee52f9.jpg,low_light,2,7.23
3f4eb6a6-9eee52f9.jpg,low_light,3,5.42
3f4eb6a6-9eee52f9.jpg,low_light,4,4.0
3f4eb6a6-9eee52f9.jpg,low_light,5,2.87
3f4eb6a6-9eee52f9.jpg,low_light,6,1.93
3f4eb6a6-9eee52f9.jpg,low_light,7,1.19
3f4eb6a6-9eee52f9.jpg,low_light,8,0.61
3f4eb6a6-9eee52f9.jpg,low_light,9,0.18
3f4eb6a6-9eee52f9.jpg,rain,1,23.11
3f4eb6a6-9eee52f9.jpg,rain,2,17.93
3f4eb6a6-9eee52f9.jpg,rain,3,13.67
3f4eb6a6-9eee52f9.jpg,rain,4,11.16
3f4eb6a6-9eee52f9.jpg,rain,5,9.34
3f4eb6a6-9eee52f9.jpg,rain,6,8.03
3f4eb6a6-9eee52f9.jpg,rain,7,7.0
3f4eb6a6-9eee52f9.jpg,rain,8,6.18
3f4eb6a6-9eee52f9.jpg,rain,9,5.48
3f85a987-1ef4053b.jpg,motion_blur,1,34.76
3f85a987-1ef4053b.jpg,motion_blur,2,30.05
3f85a987-1ef4053b.jpg,motion_blur,3,27.89
3f85a987-1ef4053b.jpg,motion_blur,4,26.52
3f85a987-1ef4053b.jpg,motion_blur,5,25.48
3f85a987-1ef4053b.jpg,motion_blur,6,24.65
3f85a987-1ef4053b.jpg,motion_blur,7,23.97
3f85a987-1ef4053b.jpg,motion_blur,8,23.39
3f85a987-1ef4053b.jpg,motion_blur,9,22.91
3f85a987-1ef4053b.jpg,low_light,1,9.86
3f85a987-1ef4053b.jpg,low_light,2,7.42
3f85a987-1ef4053b.jpg,low_light,3,5.54
3f85a987-1ef4053b.jpg,low_light,4,4.08
3f85a987-1ef4053b.jpg,low_light,5,2.92
3f85a987-1ef4053b.jpg,low_light,6,1.96
3f85a987-1ef4053b.jpg,low_light,7,1.21
3f85a987-1ef4053b.jpg,low_light,8,0.61
3f85a987-1ef4053b.jpg,low_light,9,0.19
3f85a987-1ef4053b.jpg,rain,1,23.2
3f85a987-1ef4053b.jpg,rain,2,18.51
3f85a987-1ef4053b.jpg,rain,3,13.93
3f85a987-1ef4053b.jpg,rain,4,11.26
3f85a987-1ef4053b.jpg,rain,5,9.38
3f85a987-1ef4053b.jpg,rain,6,8.0
3f85a987-1ef4053b.jpg,rain,7,6.92
3f85a987-1ef4053b.jpg,rain,8,6.1
3f85a987-1ef4053b.jpg,rain,9,5.44
3fe1feaa-10126fec.jpg,motion_blur,1,31.85
3fe1feaa-10126fec.jpg,motion_blur,2,26.73
3fe1feaa-10126fec.jpg,motion_blur,3,24.62
3fe1feaa-10126fec.jpg,motion_blur,4,23.43
3fe1feaa-10126fec.jpg,motion_blur,5,22.53
3fe1feaa-10126fec.jpg,motion_blur,6,21.81
3fe1feaa-10126fec.jpg,motion_blur,7,21.22
3fe1feaa-10126fec.jpg,motion_blur,8,20.74
3fe1feaa-10126fec.jpg,motion_blur,9,20.34
3fe1feaa-10126fec.jpg,low_light,1,9.76
3fe1feaa-10126fec.jpg,low_light,2,7.36
3fe1feaa-10126fec.jpg,low_light,3,5.5
3fe1feaa-10126fec.jpg,low_light,4,4.05
3fe1feaa-10126fec.jpg,low_light,5,2.9
3fe1feaa-10126fec.jpg,low_light,6,1.95
3fe1feaa-10126fec.jpg,low_light,7,1.2
3fe1feaa-10126fec.jpg,low_light,8,0.61
3fe1feaa-10126fec.jpg,low_light,9,0.19
3fe1feaa-10126fec.jpg,rain,1,21.98
3fe1feaa-10126fec.jpg,rain,2,16.95
3fe1feaa-10126fec.jpg,rain,3,13.13
3fe1feaa-10126fec.jpg,rain,4,10.83
3fe1feaa-10126fec.jpg,rain,5,9.15
3fe1feaa-10126fec.jpg,rain,6,7.89
3fe1feaa-10126fec.jpg,rain,7,6.92
3fe1feaa-10126fec.jpg,rain,8,6.12
3fe1feaa-10126fec.jpg,rain,9,5.45
3ffdaa26-b394f6f8.jpg,motion_blur,1,29.92
3ffdaa26-b394f6f8.jpg,motion_blur,2,24.92
3ffdaa26-b394f6f8.jpg,motion_blur,3,22.73
3ffdaa26-b394f6f8.jpg,motion_blur,4,21.48
3ffdaa26-b394f6f8.jpg,motion_blur,5,20.61
3ffdaa26-b394f6f8.jpg,motion_blur,6,19.96
3ffdaa26-b394f6f8.jpg,motion_blur,7,19.46
3ffdaa26-b394f6f8.jpg,motion_blur,8,19.05
3ffdaa26-b394f6f8.jpg,motion_blur,9,18.72
3ffdaa26-b394f6f8.jpg,low_light,1,8.79
3ffdaa26-b394f6f8.jpg,low_light,2,6.75
3ffdaa26-b394f6f8.jpg,low_light,3,5.1
3ffdaa26-b394f6f8.jpg,low_light,4,3.79
3ffdaa26-b394f6f8.jpg,low_light,5,2.73
3ffdaa26-b394f6f8.jpg,low_light,6,1.84
3ffdaa26-b394f6f8.jpg,low_light,7,1.13
3ffdaa26-b394f6f8.jpg,low_light,8,0.58
3ffdaa26-b394f6f8.jpg,low_light,9,0.17
3ffdaa26-b394f6f8.jpg,rain,1,22.48
3ffdaa26-b394f6f8.jpg,rain,2,15.32
3ffdaa26-b394f6f8.jpg,rain,3,11.14
3ffdaa26-b394f6f8.jpg,rain,4,8.66
3ffdaa26-b394f6f8.jpg,rain,5,6.87
3ffdaa26-b394f6f8.jpg,rain,6,5.55
3ffdaa26-b394f6f8.jpg,rain,7,4.49
3ffdaa26-b394f6f8.jpg,rain,8,3.62
3ffdaa26-b394f6f8.jpg,rain,9,2.87
4027c10d-41d54e9b.jpg,motion_blur,1,36.74
4027c10d-41d54e9b.jpg,motion_blur,2,31.82
4027c10d-41d54e9b.jpg,motion_blur,3,29.15
4027c10d-41d54e9b.jpg,motion_blur,4,27.37
4027c10d-41d54e9b.jpg,motion_blur,5,26.05
4027c10d-41d54e9b.jpg,motion_blur,6,25.03
4027c10d-41d54e9b.jpg,motion_blur,7,24.21
4027c10d-41d54e9b.jpg,motion_blur,8,23.54
4027c10d-41d54e9b.jpg,motion_blur,9,22.99
4027c10d-41d54e9b.jpg,low_light,1,8.88
4027c10d-41d54e9b.jpg,low_light,2,6.77
4027c10d-41d54e9b.jpg,low_light,3,5.1
4027c10d-41d54e9b.jpg,low_light,4,3.78
4027c10d-41d54e9b.jpg,low_light,5,2.72
4027c10d-41d54e9b.jpg,low_light,6,1.83
4027c10d-41d54e9b.jpg,low_light,7,1.13
4027c10d-41d54e9b.jpg,low_light,8,0.57
4027c10d-41d54e9b.jpg,low_light,9,0.17
4027c10d-41d54e9b.jpg,rain,1,23.05
4027c10d-41d54e9b.jpg,rain,2,16.72
4027c10d-41d54e9b.jpg,rain,3,12.27
4027c10d-41d54e9b.jpg,rain,4,9.67
4027c10d-41d54e9b.jpg,rain,5,7.82
4027c10d-41d54e9b.jpg,rain,6,6.47
4027c10d-41d54e9b.jpg,rain,7,5.44
4027c10d-41d54e9b.jpg,rain,8,4.6
4027c10d-41d54e9b.jpg,rain,9,3.89
428e99ea-4166e549.jpg,motion_blur,1,36.31
428e99ea-4166e549.jpg,motion_blur,2,31.29
428e99ea-4166e549.jpg,motion_blur,3,28.88
428e99ea-4166e549.jpg,motion_blur,4,27.33
428e99ea-4166e549.jpg,motion_blur,5,26.15
428e99ea-4166e549.jpg,motion_blur,6,25.23
428e99ea-4166e549.jpg,motion_blur,7,24.51
428e99ea-4166e549.jpg,motion_blur,8,23.93
428e99ea-4166e549.jpg,motion_blur,9,23.43
428e99ea-4166e549.jpg,low_light,1,10.38
428e99ea-4166e549.jpg,low_light,2,7.75
428e99ea-4166e549.jpg,low_light,3,5.76
428e99ea-4166e549.jpg,low_light,4,4.23
428e99ea-4166e549.jpg,low_light,5,3.02
428e99ea-4166e549.jpg,low_light,6,2.03
428e99ea-4166e549.jpg,low_light,7,1.25
428e99ea-4166e549.jpg,low_light,8,0.64
428e99ea-4166e549.jpg,low_light,9,0.19
428e99ea-4166e549.jpg,rain,1,22.68
428e99ea-4166e549.jpg,rain,2,18.71
428e99ea-4166e549.jpg,rain,3,14.8
428e99ea-4166e549.jpg,rain,4,12.42
428e99ea-4166e549.jpg,rain,5,10.71
428e99ea-4166e549.jpg,rain,6,9.46
428e99ea-4166e549.jpg,rain,7,8.47
428e99ea-4166e549.jpg,rain,8,7.69
428e99ea-4166e549.jpg,rain,9,7.01
42e0dd11-74b81997.jpg,motion_blur,1,41.03
42e0dd11-74b81997.jpg,motion_blur,2,36.12
42e0dd11-74b81997.jpg,motion_blur,3,33.58
42e0dd11-74b81997.jpg,motion_blur,4,32.01
42e0dd11-74b81997.jpg,motion_blur,5,30.9
42e0dd11-74b81997.jpg,motion_blur,6,30.06
42e0dd11-74b81997.jpg,motion_blur,7,29.38
42e0dd11-74b81997.jpg,motion_blur,8,28.81
42e0dd11-74b81997.jpg,motion_blur,9,28.32
42e0dd11-74b81997.jpg,low_light,1,11.2
42e0dd11-74b81997.jpg,low_light,2,8.23
42e0dd11-74b81997.jpg,low_light,3,6.07
42e0dd11-74b81997.jpg,low_light,4,4.43
42e0dd11-74b81997.jpg,low_light,5,3.15
42e0dd11-74b81997.jpg,low_light,6,2.11
42e0dd11-74b81997.jpg,low_light,7,1.3
42e0dd11-74b81997.jpg,low_light,8,0.66
42e0dd11-74b81997.jpg,low_light,9,0.21
42e0dd11-74b81997.jpg,rain,1,23.45
42e0dd11-74b81997.jpg,rain,2,21.06
42e0dd11-74b81997.jpg,rain,3,16.67
42e0dd11-74b81997.jpg,rain,4,14.13
42e0dd11-74b81997.jpg,rain,5,12.36
42e0dd11-74b81997.jpg,rain,6,11.09
42e0dd11-74b81997.jpg,rain,7,10.13
42e0dd11-74b81997.jpg,rain,8,9.38
42e0dd11-74b81997.jpg,rain,9,8.72
430395d1-931c959e.jpg,motion_blur,1,30.74
430395d1-931c959e.jpg,motion_blur,2,27.68
430395d1-931c959e.jpg,motion_blur,3,26.02
430395d1-931c959e.jpg,motion_blur,4,24.81
430395d1-931c959e.jpg,motion_blur,5,24.08
430395d1-931c959e.jpg,motion_blur,6,23.37
430395d1-931c959e.jpg,motion_blur,7,22.84
430395d1-931c959e.jpg,motion_blur,8,22.39
430395d1-931c959e.jpg,motion_blur,9,21.96
430395d1-931c959e.jpg,low_light,1,10.02
430395d1-931c959e.jpg,low_light,2,7.56
430395d1-931c959e.jpg,low_light,3,5.65
430395d1-931c959e.jpg,low_light,4,4.16
430395d1-931c959e.jpg,low_light,5,2.97
430395d1-931c959e.jpg,low_light,6,2.0
430395d1-931c959e.jpg,low_light,7,1.23
430395d1-931c959e.jpg,low_light,8,0.63
430395d1-931c959e.jpg,low_light,9,0.19
430395d1-931c959e.jpg,rain,1,20.69
430395d1-931c959e.jpg,rain,2,15.23
430395d1-931c959e.jpg,rain,3,11.72
430395d1-931c959e.jpg,rain,4,9.53
430395d1-931c959e.jpg,rain,5,7.9
430395d1-931c959e.jpg,rain,6,6.68
430395d1-931c959e.jpg,rain,7,5.71
430395d1-931c959e.jpg,rain,8,4.93
430395d1-931c959e.jpg,rain,9,4.26
43126e0d-495d04a5.jpg,motion_blur,1,38.0
43126e0d-495d04a5.jpg,motion_blur,2,32.66
43126e0d-495d04a5.jpg,motion_blur,3,29.85
43126e0d-495d04a5.jpg,motion_blur,4,28.08
43126e0d-495d04a5.jpg,motion_blur,5,26.81
43126e0d-495d04a5.jpg,motion_blur,6,25.84
43126e0d-495d04a5.jpg,motion_blur,7,25.06
43126e0d-495d04a5.jpg,motion_blur,8,24.41
43126e0d-495d04a5.jpg,motion_blur,9,23.86
43126e0d-495d04a5.jpg,low_light,1,10.19
43126e0d-495d04a5.jpg,low_light,2,7.7
43126e0d-495d04a5.jpg,low_light,3,5.75
43126e0d-495d04a5.jpg,low_light,4,4.23
43126e0d-495d04a5.jpg,low_light,5,3.03
43126e0d-495d04a5.jpg,low_light,6,2.03
43126e0d-495d04a5.jpg,low_light,7,1.25
43126e0d-495d04a5.jpg,low_light,8,0.64
43126e0d-495d04a5.jpg,low_light,9,0.2
43126e0d-495d04a5.jpg,rain,1,22.59
43126e0d-495d04a5.jpg,rain,2,15.9
43126e0d-495d04a5.jpg,rain,3,11.93
43126e0d-495d04a5.jpg,rain,4,9.56
43126e0d-495d04a5.jpg,rain,5,7.85
43126e0d-495d04a5.jpg,rain,6,6.59
43126e0d-495d04a5.jpg,rain,7,5.57
43126e0d-495d04a5.jpg,rain,8,4.75
43126e0d-495d04a5.jpg,rain,9,4.01
43126e0d-cce96832.jpg,motion_blur,1,35.62
43126e0d-cce96832.jpg,motion_blur,2,30.67
43126e0d-cce96832.jpg,motion_blur,3,28.36
43126e0d-cce96832.jpg,motion_blur,4,26.96
43126e0d-cce96832.jpg,motion_blur,5,25.94
43126e0d-cce96832.jpg,motion_blur,6,25.15
43126e0d-cce96832.jpg,motion_blur,7,24.52
43126e0d-cce96832.jpg,motion_blur,8,24.0
43126e0d-cce96832.jpg,motion_blur,9,23.55
43126e0d-cce96832.jpg,low_light,1,9.69
43126e0d-cce96832.jpg,low_light,2,7.35
43126e0d-cce96832.jpg,low_light,3,5.51
43126e0d-cce96832.jpg,low_light,4,4.06
43126e0d-cce96832.jpg,low_light,5,2.91
43126e0d-cce96832.jpg,low_light,6,1.96
43126e0d-cce96832.jpg,low_light,7,1.2
43126e0d-cce96832.jpg,low_light,8,0.61
43126e0d-cce96832.jpg,low_light,9,0.19
43126e0d-cce96832.jpg,rain,1,22.83
43126e0d-cce96832.jpg,rain,2,16.98
43126e0d-cce96832.jpg,rain,3,12.56
43126e0d-cce96832.jpg,rain,4,10.0
43126e0d-cce96832.jpg,rain,5,8.18
43126e0d-cce96832.jpg,rain,6,6.85
43126e0d-cce96832.jpg,rain,7,5.8
43126e0d-cce96832.jpg,rain,8,4.97
43126e0d-cce96832.jpg,rain,9,4.24
432f9e20-83a0d96c.jpg,motion_blur,1,32.64
432f9e20-83a0d96c.jpg,motion_blur,2,27.92
432f9e20-83a0d96c.jpg,motion_blur,3,25.77
432f9e20-83a0d96c.jpg,motion_blur,4,24.44
432f9e20-83a0d96c.jpg,motion_blur,5,23.44
432f9e20-83a0d96c.jpg,motion_blur,6,22.64
432f9e20-83a0d96c.jpg,motion_blur,7,21.97
432f9e20-83a0d96c.jpg,motion_blur,8,21.38
432f9e20-83a0d96c.jpg,motion_blur,9,20.86
432f9e20-83a0d96c.jpg,low_light,1,9.62
432f9e20-83a0d96c.jpg,low_light,2,7.39
432f9e20-83a0d96c.jpg,low_light,3,5.57
432f9e20-83a0d96c.jpg,low_light,4,4.12
432f9e20-83a0d96c.jpg,low_light,5,2.96
432f9e20-83a0d96c.jpg,low_light,6,1.99
432f9e20-83a0d96c.jpg,low_light,7,1.22
432f9e20-83a0d96c.jpg,low_light,8,0.62
432f9e20-83a0d96c.jpg,low_light,9,0.19
432f9e20-83a0d96c.jpg,rain,1,22.33
432f9e20-83a0d96c.jpg,rain,2,15.52
432f9e20-83a0d96c.jpg,rain,3,11.3
432f9e20-83a0d96c.jpg,rain,4,8.81
432f9e20-83a0d96c.jpg,rain,5,6.99
432f9e20-83a0d96c.jpg,rain,6,5.65
432f9e20-83a0d96c.jpg,rain,7,4.58
432f9e20-83a0d96c.jpg,rain,8,3.7
432f9e20-83a0d96c.jpg,rain,9,2.93
43c7ed5c-b0690325.jpg,motion_blur,1,33.69
43c7ed5c-b0690325.jpg,motion_blur,2,28.64
43c7ed5c-b0690325.jpg,motion_blur,3,26.26
43c7ed5c-b0690325.jpg,motion_blur,4,24.87
43c7ed5c-b0690325.jpg,motion_blur,5,23.91
43c7ed5c-b0690325.jpg,motion_blur,6,23.19
43c7ed5c-b0690325.jpg,motion_blur,7,22.57
43c7ed5c-b0690325.jpg,motion_blur,8,22.03
43c7ed5c-b0690325.jpg,motion_blur,9,21.55
43c7ed5c-b0690325.jpg,low_light,1,9.92
43c7ed5c-b0690325.jpg,low_light,2,7.48
43c7ed5c-b0690325.jpg,low_light,3,5.58
43c7ed5c-b0690325.jpg,low_light,4,4.11
43c7ed5c-b0690325.jpg,low_light,5,2.94
43c7ed5c-b0690325.jpg,low_light,6,1.98
43c7ed5c-b0690325.jpg,low_light,7,1.22
43c7ed5c-b0690325.jpg,low_light,8,0.62
43c7ed5c-b0690325.jpg,low_light,9,0.19
43c7ed5c-b0690325.jpg,rain,1,23.22
43c7ed5c-b0690325.jpg,rain,2,17.75
43c7ed5c-b0690325.jpg,rain,3,13.26
43c7ed5c-b0690325.jpg,rain,4,10.67
43c7ed5c-b0690325.jpg,rain,5,8.82
43c7ed5c-b0690325.jpg,rain,6,7.51
43c7ed5c-b0690325.jpg,rain,7,6.5
43c7ed5c-b0690325.jpg,rain,8,5.69
43c7ed5c-b0690325.jpg,rain,9,5.01
44cc16d9-d2e06fd6.jpg,motion_blur,1,29.77
44cc16d9-d2e06fd6.jpg,motion_blur,2,24.89
44cc16d9-d2e06fd6.jpg,motion_blur,3,22.44
44cc16d9-d2e06fd6.jpg,motion_blur,4,20.91
44cc16d9-d2e06fd6.jpg,motion_blur,5,19.82
44cc16d9-d2e06fd6.jpg,motion_blur,6,19.0
44cc16d9-d2e06fd6.jpg,motion_blur,7,18.34
44cc16d9-d2e06fd6.jpg,motion_blur,8,17.78
44cc16d9-d2e06fd6.jpg,motion_blur,9,17.31
44cc16d9-d2e06fd6.jpg,low_light,1,9.07
44cc16d9-d2e06fd6.jpg,low_light,2,6.94
44cc16d9-d2e06fd6.jpg,low_light,3,5.24
44cc16d9-d2e06fd6.jpg,low_light,4,3.88
44cc16d9-d2e06fd6.jpg,low_light,5,2.79
44cc16d9-d2e06fd6.jpg,low_light,6,1.88
44cc16d9-d2e06fd6.jpg,low_light,7,1.16
44cc16d9-d2e06fd6.jpg,low_light,8,0.59
44cc16d9-d2e06fd6.jpg,low_light,9,0.18
44cc16d9-d2e06fd6.jpg,rain,1,22.93
44cc16d9-d2e06fd6.jpg,rain,2,15.17
44cc16d9-d2e06fd6.jpg,rain,3,10.7
44cc16d9-d2e06fd6.jpg,rain,4,8.19
44cc16d9-d2e06fd6.jpg,rain,5,6.4
44cc16d9-d2e06fd6.jpg,rain,6,5.1
44cc16d9-d2e06fd6.jpg,rain,7,4.07
44cc16d9-d2e06fd6.jpg,rain,8,3.24
44cc16d9-d2e06fd6.jpg,rain,9,2.51
45bafa98-1ee18a2f.jpg,motion_blur,1,35.41
45bafa98-1ee18a2f.jpg,motion_blur,2,30.24
45bafa98-1ee18a2f.jpg,motion_blur,3,27.44
45bafa98-1ee18a2f.jpg,motion_blur,4,25.65
45bafa98-1ee18a2f.jpg,motion_blur,5,24.36
45bafa98-1ee18a2f.jpg,motion_blur,6,23.36
45bafa98-1ee18a2f.jpg,motion_blur,7,22.56
45bafa98-1ee18a2f.jpg,motion_blur,8,21.91
45bafa98-1ee18a2f.jpg,motion_blur,9,21.38
45bafa98-1ee18a2f.jpg,low_light,1,9.12
45bafa98-1ee18a2f.jpg,low_light,2,6.94
45bafa98-1ee18a2f.jpg,low_light,3,5.22
45bafa98-1ee18a2f.jpg,low_light,4,3.87
45bafa98-1ee18a2f.jpg,low_light,5,2.77
45bafa98-1ee18a2f.jpg,low_light,6,1.87
45bafa98-1ee18a2f.jpg,low_light,7,1.15
45bafa98-1ee18a2f.jpg,low_light,8,0.59
45bafa98-1ee18a2f.jpg,low_light,9,0.17
45bafa98-1ee18a2f.jpg,rain,1,22.65
45bafa98-1ee18a2f.jpg,rain,2,16.9
45bafa98-1ee18a2f.jpg,rain,3,12.59
45bafa98-1ee18a2f.jpg,rain,4,10.03
45bafa98-1ee18a2f.jpg,rain,5,8.21
45bafa98-1ee18a2f.jpg,rain,6,6.87
45bafa98-1ee18a2f.jpg,rain,7,5.81
45bafa98-1ee18a2f.jpg,rain,8,4.95
45bafa98-1ee18a2f.jpg,rain,9,4.23
46d048a1-8f7f385c.jpg,motion_blur,1,35.03
46d048a1-8f7f385c.jpg,motion_blur,2,30.16
46d048a1-8f7f385c.jpg,motion_blur,3,27.61
46d048a1-8f7f385c.jpg,motion_blur,4,25.98
46d048a1-8f7f385c.jpg,motion_blur,5,24.77
46d048a1-8f7f385c.jpg,motion_blur,6,23.82
46d048a1-8f7f385c.jpg,motion_blur,7,23.05
46d048a1-8f7f385c.jpg,motion_blur,8,22.4
46d048a1-8f7f385c.jpg,motion_blur,9,21.86
46d048a1-8f7f385c.jpg,low_light,1,9.41
46d048a1-8f7f385c.jpg,low_light,2,7.14
46d048a1-8f7f385c.jpg,low_light,3,5.36
46d048a1-8f7f385c.jpg,low_light,4,3.97
46d048a1-8f7f385c.jpg,low_light,5,2.84
46d048a1-8f7f385c.jpg,low_light,6,1.91
46d048a1-8f7f385c.jpg,low_light,7,1.18
46d048a1-8f7f385c.jpg,low_light,8,0.6
46d048a1-8f7f385c.jpg,low_light,9,0.18
46d048a1-8f7f385c.jpg,rain,1,23.34
46d048a1-8f7f385c.jpg,rain,2,18.16
46d048a1-8f7f385c.jpg,rain,3,13.49
46d048a1-8f7f385c.jpg,rain,4,10.82
46d048a1-8f7f385c.jpg,rain,5,8.97
46d048a1-8f7f385c.jpg,rain,6,7.62
46d048a1-8f7f385c.jpg,rain,7,6.54
46d048a1-8f7f385c.jpg,rain,8,5.68
46d048a1-8f7f385c.jpg,rain,9,4.93
46f76df9-8bf77914.jpg,motion_blur,1,33.38
46f76df9-8bf77914.jpg,motion_blur,2,28.43
46f76df9-8bf77914.jpg,motion_blur,3,26.34
46f76df9-8bf77914.jpg,motion_blur,4,25.14
46f76df9-8bf77914.jpg,motion_blur,5,24.29
46f76df9-8bf77914.jpg,motion_blur,6,23.68
46f76df9-8bf77914.jpg,motion_blur,7,23.21
46f76df9-8bf77914.jpg,motion_blur,8,22.83
46f76df9-8bf77914.jpg,motion_blur,9,22.5
46f76df9-8bf77914.jpg,low_light,1,9.83
46f76df9-8bf77914.jpg,low_light,2,7.42
46f76df9-8bf77914.jpg,low_light,3,5.55
46f76df9-8bf77914.jpg,low_light,4,4.08
46f76df9-8bf77914.jpg,low_light,5,2.92
46f76df9-8bf77914.jpg,low_light,6,1.97
46f76df9-8bf77914.jpg,low_light,7,1.21
46f76df9-8bf77914.jpg,low_light,8,0.62
46f76df9-8bf77914.jpg,low_light,9,0.19
46f76df9-8bf77914.jpg,rain,1,21.31
46f76df9-8bf77914.jpg,rain,2,15.91
46f76df9-8bf77914.jpg,rain,3,12.21
46f76df9-8bf77914.jpg,rain,4,9.96
46f76df9-8bf77914.jpg,rain,5,8.33
46f76df9-8bf77914.jpg,rain,6,7.13
46f76df9-8bf77914.jpg,rain,7,6.18
46f76df9-8bf77914.jpg,rain,8,5.41
46f76df9-8bf77914.jpg,rain,9,4.74
480263a0-5aad7ae9.jpg,motion_blur,1,26.76
480263a0-5aad7ae9.jpg,motion_blur,2,21.81
480263a0-5aad7ae9.jpg,motion_blur,3,19.75
480263a0-5aad7ae9.jpg,motion_blur,4,18.55
480263a0-5aad7ae9.jpg,motion_blur,5,17.69
480263a0-5aad7ae9.jpg,motion_blur,6,17.06
480263a0-5aad7ae9.jpg,motion_blur,7,16.58
480263a0-5aad7ae9.jpg,motion_blur,8,16.2
480263a0-5aad7ae9.jpg,motion_blur,9,15.9
480263a0-5aad7ae9.jpg,low_light,1,9.25
480263a0-5aad7ae9.jpg,low_light,2,7.02
480263a0-5aad7ae9.jpg,low_light,3,5.27
480263a0-5aad7ae9.jpg,low_light,4,3.9
480263a0-5aad7ae9.jpg,low_light,5,2.8
480263a0-5aad7ae9.jpg,low_light,6,1.89
480263a0-5aad7ae9.jpg,low_light,7,1.16
480263a0-5aad7ae9.jpg,low_light,8,0.59
480263a0-5aad7ae9.jpg,low_light,9,0.18
480263a0-5aad7ae9.jpg,rain,1,21.62
480263a0-5aad7ae9.jpg,rain,2,16.05
480263a0-5aad7ae9.jpg,rain,3,12.07
480263a0-5aad7ae9.jpg,rain,4,9.65
480263a0-5aad7ae9.jpg,rain,5,7.91
480263a0-5aad7ae9.jpg,rain,6,6.61
480263a0-5aad7ae9.jpg,rain,7,5.58
480263a0-5aad7ae9.jpg,rain,8,4.76
480263a0-5aad7ae9.jpg,rain,9,4.06
488480d6-b94cf415.jpg,motion_blur,1,31.28
488480d6-b94cf415.jpg,motion_blur,2,26.45
488480d6-b94cf415.jpg,motion_blur,3,24.35
488480d6-b94cf415.jpg,motion_blur,4,23.1
488480d6-b94cf415.jpg,motion_blur,5,22.19
488480d6-b94cf415.jpg,motion_blur,6,21.49
488480d6-b94cf415.jpg,motion_blur,7,20.91
488480d6-b94cf415.jpg,motion_blur,8,20.43
488480d6-b94cf415.jpg,motion_blur,9,20.01
488480d6-b94cf415.jpg,low_light,1,9.28
488480d6-b94cf415.jpg,low_light,2,7.08
488480d6-b94cf415.jpg,low_light,3,5.33
488480d6-b94cf415.jpg,low_light,4,3.94
488480d6-b94cf415.jpg,low_light,5,2.83
488480d6-b94cf415.jpg,low_light,6,1.91
488480d6-b94cf415.jpg,low_light,7,1.17
488480d6-b94cf415.jpg,low_light,8,0.6
488480d6-b94cf415.jpg,low_light,9,0.18
488480d6-b94cf415.jpg,rain,1,20.25
488480d6-b94cf415.jpg,rain,2,15.0
488480d6-b94cf415.jpg,rain,3,11.55
488480d6-b94cf415.jpg,rain,4,9.38
488480d6-b94cf415.jpg,rain,5,7.77
488480d6-b94cf415.jpg,rain,6,6.57
488480d6-b94cf415.jpg,rain,7,5.61
488480d6-b94cf415.jpg,rain,8,4.81
488480d6-b94cf415.jpg,rain,9,4.11
48ed707e-5062e4c3.jpg,motion_blur,1,32.57
48ed707e-5062e4c3.jpg,motion_blur,2,28.31
48ed707e-5062e4c3.jpg,motion_blur,3,26.28
48ed707e-5062e4c3.jpg,motion_blur,4,24.89
48ed707e-5062e4c3.jpg,motion_blur,5,23.87
48ed707e-5062e4c3.jpg,motion_blur,6,23.1
48ed707e-5062e4c3.jpg,motion_blur,7,22.49
48ed707e-5062e4c3.jpg,motion_blur,8,22.0
48ed707e-5062e4c3.jpg,motion_blur,9,21.57
48ed707e-5062e4c3.jpg,low_light,1,9.86
48ed707e-5062e4c3.jpg,low_light,2,7.39
48ed707e-5062e4c3.jpg,low_light,3,5.51
48ed707e-5062e4c3.jpg,low_light,4,4.06
48ed707e-5062e4c3.jpg,low_light,5,2.9
48ed707e-5062e4c3.jpg,low_light,6,1.95
48ed707e-5062e4c3.jpg,low_light,7,1.2
48ed707e-5062e4c3.jpg,low_light,8,0.61
48ed707e-5062e4c3.jpg,low_light,9,0.19
48ed707e-5062e4c3.jpg,rain,1,22.33
48ed707e-5062e4c3.jpg,rain,2,17.68
48ed707e-5062e4c3.jpg,rain,3,13.6
48ed707e-5062e4c3.jpg,rain,4,11.19
48ed707e-5062e4c3.jpg,rain,5,9.47
48ed707e-5062e4c3.jpg,rain,6,8.24
48ed707e-5062e4c3.jpg,rain,7,7.28
48ed707e-5062e4c3.jpg,rain,8,6.52
48ed707e-5062e4c3.jpg,rain,9,5.85
4a289ff2-7da7feb6.jpg,motion_blur,1,33.69
4a289ff2-7da7feb6.jpg,motion_blur,2,28.78
4a289ff2-7da7feb6.jpg,motion_blur,3,26.57
4a289ff2-7da7feb6.jpg,motion_blur,4,25.24
4a289ff2-7da7feb6.jpg,motion_blur,5,24.24
4a289ff2-7da7feb6.jpg,motion_blur,6,23.46
4a289ff2-7da7feb6.jpg,motion_blur,7,22.82
4a289ff2-7da7feb6.jpg,motion_blur,8,22.3
4a289ff2-7da7feb6.jpg,motion_blur,9,21.85
4a289ff2-7da7feb6.jpg,low_light,1,9.86
4a289ff2-7da7feb6.jpg,low_light,2,7.4
4a289ff2-7da7feb6.jpg,low_light,3,5.52
4a289ff2-7da7feb6.jpg,low_light,4,4.06
4a289ff2-7da7feb6.jpg,low_light,5,2.91
4a289ff2-7da7feb6.jpg,low_light,6,1.96
4a289ff2-7da7feb6.jpg,low_light,7,1.2
4a289ff2-7da7feb6.jpg,low_light,8,0.62
4a289ff2-7da7feb6.jpg,low_light,9,0.19
4a289ff2-7da7feb6.jpg,rain,1,22.03
4a289ff2-7da7feb6.jpg,rain,2,16.99
4a289ff2-7da7feb6.jpg,rain,3,13.09
4a289ff2-7da7feb6.jpg,rain,4,10.78
4a289ff2-7da7feb6.jpg,rain,5,9.15
4a289ff2-7da7feb6.jpg,rain,6,7.94
4a289ff2-7da7feb6.jpg,rain,7,7.0
4a289ff2-7da7feb6.jpg,rain,8,6.27
4a289ff2-7da7feb6.jpg,rain,9,5.64
4a31f3e3-ac7ed780.jpg,motion_blur,1,34.06
4a31f3e3-ac7ed780.jpg,motion_blur,2,29.27
4a31f3e3-ac7ed780.jpg,motion_blur,3,27.24
4a31f3e3-ac7ed780.jpg,motion_blur,4,26.07
4a31f3e3-ac7ed780.jpg,motion_blur,5,25.21
4a31f3e3-ac7ed780.jpg,motion_blur,6,24.51
4a31f3e3-ac7ed780.jpg,motion_blur,7,23.93
4a31f3e3-ac7ed780.jpg,motion_blur,8,23.43
4a31f3e3-ac7ed780.jpg,motion_blur,9,23.0
4a31f3e3-ac7ed780.jpg,low_light,1,9.68
4a31f3e3-ac7ed780.jpg,low_light,2,7.32
4a31f3e3-ac7ed780.jpg,low_light,3,5.48
4a31f3e3-ac7ed780.jpg,low_light,4,4.04
4a31f3e3-ac7ed780.jpg,low_light,5,2.9
4a31f3e3-ac7ed780.jpg,low_light,6,1.95
4a31f3e3-ac7ed780.jpg,low_light,7,1.2
4a31f3e3-ac7ed780.jpg,low_light,8,0.61
4a31f3e3-ac7ed780.jpg,low_light,9,0.18
4a31f3e3-ac7ed780.jpg,rain,1,20.72
4a31f3e3-ac7ed780.jpg,rain,2,16.0
4a31f3e3-ac7ed780.jpg,rain,3,12.51
4a31f3e3-ac7ed780.jpg,rain,4,10.3
4a31f3e3-ac7ed780.jpg,rain,5,8.67
4a31f3e3-ac7ed780.jpg,rain,6,7.44
4a31f3e3-ac7ed780.jpg,rain,7,6.47
4a31f3e3-ac7ed780.jpg,rain,8,5.68
4a31f3e3-ac7ed780.jpg,rain,9,5.0
4b2e1dde-65b54419.jpg,motion_blur,1,32.78
4b2e1dde-65b54419.jpg,motion_blur,2,28.2
4b2e1dde-65b54419.jpg,motion_blur,3,26.23
4b2e1dde-65b54419.jpg,motion_blur,4,25.06
4b2e1dde-65b54419.jpg,motion_blur,5,24.18
4b2e1dde-65b54419.jpg,motion_blur,6,23.5
4b2e1dde-65b54419.jpg,motion_blur,7,22.96
4b2e1dde-65b54419.jpg,motion_blur,8,22.51
4b2e1dde-65b54419.jpg,motion_blur,9,22.12
4b2e1dde-65b54419.jpg,low_light,1,8.83
4b2e1dde-65b54419.jpg,low_light,2,6.85
4b2e1dde-65b54419.jpg,low_light,3,5.2
4b2e1dde-65b54419.jpg,low_light,4,3.87
4b2e1dde-65b54419.jpg,low_light,5,2.78
4b2e1dde-65b54419.jpg,low_light,6,1.88
4b2e1dde-65b54419.jpg,low_light,7,1.15
4b2e1dde-65b54419.jpg,low_light,8,0.59
4b2e1dde-65b54419.jpg,low_light,9,0.17
4b2e1dde-65b54419.jpg,rain,1,19.11
4b2e1dde-65b54419.jpg,rain,2,12.06
4b2e1dde-65b54419.jpg,rain,3,8.57
4b2e1dde-65b54419.jpg,rain,4,6.38
4b2e1dde-65b54419.jpg,rain,5,4.74
4b2e1dde-65b54419.jpg,rain,6,3.51
4b2e1dde-65b54419.jpg,rain,7,2.52
4b2e1dde-65b54419.jpg,rain,8,1.71
4b2e1dde-65b54419.jpg,rain,9,1.0
4d4a590b-4332c5ab.jpg,motion_blur,1,42.31
4d4a590b-4332c5ab.jpg,motion_blur,2,37.29
4d4a590b-4332c5ab.jpg,motion_blur,3,34.91
4d4a590b-4332c5ab.jpg,motion_blur,4,33.45
4d4a590b-4332c5ab.jpg,motion_blur,5,32.38
4d4a590b-4332c5ab.jpg,motion_blur,6,31.55
4d4a590b-4332c5ab.jpg,motion_blur,7,30.87
4d4a590b-4332c5ab.jpg,motion_blur,8,30.29
4d4a590b-4332c5ab.jpg,motion_blur,9,29.79
4d4a590b-4332c5ab.jpg,low_light,1,10.73
4d4a590b-4332c5ab.jpg,low_light,2,7.94
4d4a590b-4332c5ab.jpg,low_light,3,5.88
4d4a590b-4332c5ab.jpg,low_light,4,4.3
4d4a590b-4332c5ab.jpg,low_light,5,3.07
4d4a590b-4332c5ab.jpg,low_light,6,2.06
4d4a590b-4332c5ab.jpg,low_light,7,1.26
4d4a590b-4332c5ab.jpg,low_light,8,0.65
4d4a590b-4332c5ab.jpg,low_light,9,0.2
4d4a590b-4332c5ab.jpg,rain,1,23.68
4d4a590b-4332c5ab.jpg,rain,2,20.66
4d4a590b-4332c5ab.jpg,rain,3,16.13
4d4a590b-4332c5ab.jpg,rain,4,13.56
4d4a590b-4332c5ab.jpg,rain,5,11.76
4d4a590b-4332c5ab.jpg,rain,6,10.49
4d4a590b-4332c5ab.jpg,rain,7,9.51
4d4a590b-4332c5ab.jpg,rain,8,8.75
4d4a590b-4332c5ab.jpg,rain,9,8.08
5069db50-52f5af30.jpg,motion_blur,1,42.48
5069db50-52f5af30.jpg,motion_blur,2,36.74
5069db50-52f5af30.jpg,motion_blur,3,33.26
5069db50-52f5af30.jpg,motion_blur,4,31.04
5069db50-52f5af30.jpg,motion_blur,5,29.51
5069db50-52f5af30.jpg,motion_blur,6,28.38
5069db50-52f5af30.jpg,motion_blur,7,27.49
5069db50-52f5af30.jpg,motion_blur,8,26.77
5069db50-52f5af30.jpg,motion_blur,9,26.16
5069db50-52f5af30.jpg,low_light,1,10.95
5069db50-52f5af30.jpg,low_light,2,8.1
5069db50-52f5af30.jpg,low_light,3,5.98
5069db50-52f5af30.jpg,low_light,4,4.37
5069db50-52f5af30.jpg,low_light,5,3.11
5069db50-52f5af30.jpg,low_light,6,2.09
5069db50-52f5af30.jpg,low_light,7,1.28
5069db50-52f5af30.jpg,low_light,8,0.66
5069db50-52f5af30.jpg,low_light,9,0.2
5069db50-52f5af30.jpg,rain,1,23.64
5069db50-52f5af30.jpg,rain,2,20.61
5069db50-52f5af30.jpg,rain,3,16.25
5069db50-52f5af30.jpg,rain,4,13.72
5069db50-52f5af30.jpg,rain,5,11.93
5069db50-52f5af30.jpg,rain,6,10.66
5069db50-52f5af30.jpg,rain,7,9.68
5069db50-52f5af30.jpg,rain,8,8.89
5069db50-52f5af30.jpg,rain,9,8.2
50866f46-30d1f303.jpg,motion_blur,1,30.53
50866f46-30d1f303.jpg,motion_blur,2,26.02
50866f46-30d1f303.jpg,motion_blur,3,24.14
50866f46-30d1f303.jpg,motion_blur,4,23.07
50866f46-30d1f303.jpg,motion_blur,5,22.32
50866f46-30d1f303.jpg,motion_blur,6,21.75
50866f46-30d1f303.jpg,motion_blur,7,21.29
50866f46-30d1f303.jpg,motion_blur,8,20.91
50866f46-30d1f303.jpg,motion_blur,9,20.58
50866f46-30d1f303.jpg,low_light,1,9.98
50866f46-30d1f303.jpg,low_light,2,7.55
50866f46-30d1f303.jpg,low_light,3,5.65
50866f46-30d1f303.jpg,low_light,4,4.16
50866f46-30d1f303.jpg,low_light,5,2.98
50866f46-30d1f303.jpg,low_light,6,2.0
50866f46-30d1f303.jpg,low_light,7,1.23
50866f46-30d1f303.jpg,low_light,8,0.63
50866f46-30d1f303.jpg,low_light,9,0.19
50866f46-30d1f303.jpg,rain,1,22.44
50866f46-30d1f303.jpg,rain,2,16.68
50866f46-30d1f303.jpg,rain,3,12.71
50866f46-30d1f303.jpg,rain,4,10.3
50866f46-30d1f303.jpg,rain,5,8.57
50866f46-30d1f303.jpg,rain,6,7.31
50866f46-30d1f303.jpg,rain,7,6.29
50866f46-30d1f303.jpg,rain,8,5.45
50866f46-30d1f303.jpg,rain,9,4.73
50b115d6-4b08a666.jpg,motion_blur,1,30.26
50b115d6-4b08a666.jpg,motion_blur,2,25.17
50b115d6-4b08a666.jpg,motion_blur,3,22.99
50b115d6-4b08a666.jpg,motion_blur,4,21.78
50b115d6-4b08a666.jpg,motion_blur,5,20.94
50b115d6-4b08a666.jpg,motion_blur,6,20.28
50b115d6-4b08a666.jpg,motion_blur,7,19.73
50b115d6-4b08a666.jpg,motion_blur,8,19.27
50b115d6-4b08a666.jpg,motion_blur,9,18.87
50b115d6-4b08a666.jpg,low_light,1,10.02
50b115d6-4b08a666.jpg,low_light,2,7.6
50b115d6-4b08a666.jpg,low_light,3,5.69
50b115d6-4b08a666.jpg,low_light,4,4.19
50b115d6-4b08a666.jpg,low_light,5,3.0
50b115d6-4b08a666.jpg,low_light,6,2.02
50b115d6-4b08a666.jpg,low_light,7,1.24
50b115d6-4b08a666.jpg,low_light,8,0.63
50b115d6-4b08a666.jpg,low_light,9,0.19
50b115d6-4b08a666.jpg,rain,1,22.0
50b115d6-4b08a666.jpg,rain,2,14.21
50b115d6-4b08a666.jpg,rain,3,10.12
50b115d6-4b08a666.jpg,rain,4,7.72
50b115d6-4b08a666.jpg,rain,5,5.97
50b115d6-4b08a666.jpg,rain,6,4.68
50b115d6-4b08a666.jpg,rain,7,3.65
50b115d6-4b08a666.jpg,rain,8,2.81
50b115d6-4b08a666.jpg,rain,9,2.07
50b2e757-6c7d0f63.jpg,motion_blur,1,32.55
50b2e757-6c7d0f63.jpg,motion_blur,2,27.56
50b2e757-6c7d0f63.jpg,motion_blur,3,25.27
50b2e757-6c7d0f63.jpg,motion_blur,4,23.86
50b2e757-6c7d0f63.jpg,motion_blur,5,22.87
50b2e757-6c7d0f63.jpg,motion_blur,6,22.12
50b2e757-6c7d0f63.jpg,motion_blur,7,21.49
50b2e757-6c7d0f63.jpg,motion_blur,8,20.96
50b2e757-6c7d0f63.jpg,motion_blur,9,20.51
50b2e757-6c7d0f63.jpg,low_light,1,10.04
50b2e757-6c7d0f63.jpg,low_light,2,7.53
50b2e757-6c7d0f63.jpg,low_light,3,5.61
50b2e757-6c7d0f63.jpg,low_light,4,4.12
50b2e757-6c7d0f63.jpg,low_light,5,2.95
50b2e757-6c7d0f63.jpg,low_light,6,1.98
50b2e757-6c7d0f63.jpg,low_light,7,1.22
50b2e757-6c7d0f63.jpg,low_light,8,0.62
50b2e757-6c7d0f63.jpg,low_light,9,0.19
50b2e757-6c7d0f63.jpg,rain,1,23.34
50b2e757-6c7d0f63.jpg,rain,2,18.49
50b2e757-6c7d0f63.jpg,rain,3,13.99
50b2e757-6c7d0f63.jpg,rain,4,11.39
50b2e757-6c7d0f63.jpg,rain,5,9.56
50b2e757-6c7d0f63.jpg,rain,6,8.23
50b2e757-6c7d0f63.jpg,rain,7,7.21
50b2e757-6c7d0f63.jpg,rain,8,6.42
50b2e757-6c7d0f63.jpg,rain,9,5.72
50d0fd05-8db58ebd.jpg,motion_blur,1,37.27
50d0fd05-8db58ebd.jpg,motion_blur,2,32.15
50d0fd05-8db58ebd.jpg,motion_blur,3,29.42
50d0fd05-8db58ebd.jpg,motion_blur,4,27.72
50d0fd05-8db58ebd.jpg,motion_blur,5,26.5
50d0fd05-8db58ebd.jpg,motion_blur,6,25.55
50d0fd05-8db58ebd.jpg,motion_blur,7,24.77
50d0fd05-8db58ebd.jpg,motion_blur,8,24.1
50d0fd05-8db58ebd.jpg,motion_blur,9,23.53
50d0fd05-8db58ebd.jpg,low_light,1,9.96
50d0fd05-8db58ebd.jpg,low_light,2,7.53
50d0fd05-8db58ebd.jpg,low_light,3,5.63
50d0fd05-8db58ebd.jpg,low_light,4,4.14
50d0fd05-8db58ebd.jpg,low_light,5,2.97
50d0fd05-8db58ebd.jpg,low_light,6,1.99
50d0fd05-8db58ebd.jpg,low_light,7,1.22
50d0fd05-8db58ebd.jpg,low_light,8,0.62
50d0fd05-8db58ebd.jpg,low_light,9,0.19
50d0fd05-8db58ebd.jpg,rain,1,22.81
50d0fd05-8db58ebd.jpg,rain,2,16.8
50d0fd05-8db58ebd.jpg,rain,3,12.41
50d0fd05-8db58ebd.jpg,rain,4,9.86
50d0fd05-8db58ebd.jpg,rain,5,8.06
50d0fd05-8db58ebd.jpg,rain,6,6.75
50d0fd05-8db58ebd.jpg,rain,7,5.71
50d0fd05-8db58ebd.jpg,rain,8,4.89
50d0fd05-8db58ebd.jpg,rain,9,4.14
510671e9-603795e0.jpg,motion_blur,1,29.77
510671e9-603795e0.jpg,motion_blur,2,25.35
510671e9-603795e0.jpg,motion_blur,3,23.62
510671e9-603795e0.jpg,motion_blur,4,22.68
510671e9-603795e0.jpg,motion_blur,5,22.03
510671e9-603795e0.jpg,motion_blur,6,21.54
510671e9-603795e0.jpg,motion_blur,7,21.15
510671e9-603795e0.jpg,motion_blur,8,20.82
510671e9-603795e0.jpg,motion_blur,9,20.55
510671e9-603795e0.jpg,low_light,1,9.45
510671e9-603795e0.jpg,low_light,2,7.21
510671e9-603795e0.jpg,low_light,3,5.42
510671e9-603795e0.jpg,low_light,4,4.0
510671e9-603795e0.jpg,low_light,5,2.87
510671e9-603795e0.jpg,low_light,6,1.94
510671e9-603795e0.jpg,low_light,7,1.19
510671e9-603795e0.jpg,low_light,8,0.61
510671e9-603795e0.jpg,low_light,9,0.18
510671e9-603795e0.jpg,rain,1,22.54
510671e9-603795e0.jpg,rain,2,15.95
510671e9-603795e0.jpg,rain,3,11.85
510671e9-603795e0.jpg,rain,4,9.43
510671e9-603795e0.jpg,rain,5,7.69
510671e9-603795e0.jpg,rain,6,6.39
510671e9-603795e0.jpg,rain,7,5.35
510671e9-603795e0.jpg,rain,8,4.5
510671e9-603795e0.jpg,rain,9,3.77
514a6d58-0790e0cd.jpg,motion_blur,1,35.09
514a6d58-0790e0cd.jpg,motion_blur,2,30.11
514a6d58-0790e0cd.jpg,motion_blur,3,27.64
514a6d58-0790e0cd.jpg,motion_blur,4,26.14
514a6d58-0790e0cd.jpg,motion_blur,5,25.06
514a6d58-0790e0cd.jpg,motion_blur,6,24.23
514a6d58-0790e0cd.jpg,motion_blur,7,23.56
514a6d58-0790e0cd.jpg,motion_blur,8,22.98
514a6d58-0790e0cd.jpg,motion_blur,9,22.48
514a6d58-0790e0cd.jpg,low_light,1,10.17
514a6d58-0790e0cd.jpg,low_light,2,7.62
514a6d58-0790e0cd.jpg,low_light,3,5.67
514a6d58-0790e0cd.jpg,low_light,4,4.16
514a6d58-0790e0cd.jpg,low_light,5,2.97
514a6d58-0790e0cd.jpg,low_light,6,2.0
514a6d58-0790e0cd.jpg,low_light,7,1.23
514a6d58-0790e0cd.jpg,low_light,8,0.63
514a6d58-0790e0cd.jpg,low_light,9,0.19
514a6d58-0790e0cd.jpg,rain,1,21.32
514a6d58-0790e0cd.jpg,rain,2,16.52
514a6d58-0790e0cd.jpg,rain,3,12.81
514a6d58-0790e0cd.jpg,rain,4,10.5
514a6d58-0790e0cd.jpg,rain,5,8.82
514a6d58-0790e0cd.jpg,rain,6,7.59
514a6d58-0790e0cd.jpg,rain,7,6.65
514a6d58-0790e0cd.jpg,rain,8,5.88
514a6d58-0790e0cd.jpg,rain,9,5.26
5150bb50-300d52ce.jpg,motion_blur,1,33.72
5150bb50-300d52ce.jpg,motion_blur,2,28.45
5150bb50-300d52ce.jpg,motion_blur,3,26.2
5150bb50-300d52ce.jpg,motion_blur,4,24.89
5150bb50-300d52ce.jpg,motion_blur,5,23.96
5150bb50-300d52ce.jpg,motion_blur,6,23.29
5150bb50-300d52ce.jpg,motion_blur,7,22.82
5150bb50-300d52ce.jpg,motion_blur,8,22.45
5150bb50-300d52ce.jpg,motion_blur,9,22.11
5150bb50-300d52ce.jpg,low_light,1,10.2
5150bb50-300d52ce.jpg,low_light,2,7.63
5150bb50-300d52ce.jpg,low_light,3,5.68
5150bb50-300d52ce.jpg,low_light,4,4.17
5150bb50-300d52ce.jpg,low_light,5,2.98
5150bb50-300d52ce.jpg,low_light,6,2.0
5150bb50-300d52ce.jpg,low_light,7,1.23
5150bb50-300d52ce.jpg,low_light,8,0.63
5150bb50-300d52ce.jpg,low_light,9,0.19
5150bb50-300d52ce.jpg,rain,1,21.42
5150bb50-300d52ce.jpg,rain,2,17.21
5150bb50-300d52ce.jpg,rain,3,13.65
5150bb50-300d52ce.jpg,rain,4,11.46
5150bb50-300d52ce.jpg,rain,5,9.87
5150bb50-300d52ce.jpg,rain,6,8.7
5150bb50-300d52ce.jpg,rain,7,7.79
5150bb50-300d52ce.jpg,rain,8,7.04
5150bb50-300d52ce.jpg,rain,9,6.4
52799e9e-8c8673f3.jpg,motion_blur,1,33.94
52799e9e-8c8673f3.jpg,motion_blur,2,29.47
52799e9e-8c8673f3.jpg,motion_blur,3,27.37
52799e9e-8c8673f3.jpg,motion_blur,4,26.06
52799e9e-8c8673f3.jpg,motion_blur,5,25.09
52799e9e-8c8673f3.jpg,motion_blur,6,24.36
52799e9e-8c8673f3.jpg,motion_blur,7,23.76
52799e9e-8c8673f3.jpg,motion_blur,8,23.27
52799e9e-8c8673f3.jpg,motion_blur,9,22.86
52799e9e-8c8673f3.jpg,low_light,1,10.16
52799e9e-8c8673f3.jpg,low_light,2,7.62
52799e9e-8c8673f3.jpg,low_light,3,5.68
52799e9e-8c8673f3.jpg,low_light,4,4.17
52799e9e-8c8673f3.jpg,low_light,5,2.98
52799e9e-8c8673f3.jpg,low_light,6,2.01
52799e9e-8c8673f3.jpg,low_light,7,1.23
52799e9e-8c8673f3.jpg,low_light,8,0.63
52799e9e-8c8673f3.jpg,low_light,9,0.19
52799e9e-8c8673f3.jpg,rain,1,22.72
52799e9e-8c8673f3.jpg,rain,2,18.28
52799e9e-8c8673f3.jpg,rain,3,14.34
52799e9e-8c8673f3.jpg,rain,4,11.97
52799e9e-8c8673f3.jpg,rain,5,10.26
52799e9e-8c8673f3.jpg,rain,6,9.0
52799e9e-8c8673f3.jpg,rain,7,8.02
52799e9e-8c8673f3.jpg,rain,8,7.22
52799e9e-8c8673f3.jpg,rain,9,6.54
52bda346-fd8ac6e7.jpg,motion_blur,1,36.26
52bda346-fd8ac6e7.jpg,motion_blur,2,31.09
52bda346-fd8ac6e7.jpg,motion_blur,3,28.39
52bda346-fd8ac6e7.jpg,motion_blur,4,26.74
52bda346-fd8ac6e7.jpg,motion_blur,5,25.6
52bda346-fd8ac6e7.jpg,motion_blur,6,24.77
52bda346-fd8ac6e7.jpg,motion_blur,7,24.1
52bda346-fd8ac6e7.jpg,motion_blur,8,23.55
52bda346-fd8ac6e7.jpg,motion_blur,9,23.07
52bda346-fd8ac6e7.jpg,low_light,1,9.31
52bda346-fd8ac6e7.jpg,low_light,2,7.14
52bda346-fd8ac6e7.jpg,low_light,3,5.38
52bda346-fd8ac6e7.jpg,low_light,4,3.98
52bda346-fd8ac6e7.jpg,low_light,5,2.86
52bda346-fd8ac6e7.jpg,low_light,6,1.93
52bda346-fd8ac6e7.jpg,low_light,7,1.18
52bda346-fd8ac6e7.jpg,low_light,8,0.6
52bda346-fd8ac6e7.jpg,low_light,9,0.18
52bda346-fd8ac6e7.jpg,rain,1,22.44
52bda346-fd8ac6e7.jpg,rain,2,15.7
52bda346-fd8ac6e7.jpg,rain,3,11.44
52bda346-fd8ac6e7.jpg,rain,4,8.94
52bda346-fd8ac6e7.jpg,rain,5,7.15
52bda346-fd8ac6e7.jpg,rain,6,5.84
52bda346-fd8ac6e7.jpg,rain,7,4.77
52bda346-fd8ac6e7.jpg,rain,8,3.9
52bda346-fd8ac6e7.jpg,rain,9,3.15
534418ba-ee05398f.jpg,motion_blur,1,35.1
534418ba-ee05398f.jpg,motion_blur,2,30.09
534418ba-ee05398f.jpg,motion_blur,3,27.87
534418ba-ee05398f.jpg,motion_blur,4,26.58
534418ba-ee05398f.jpg,motion_blur,5,25.64
534418ba-ee05398f.jpg,motion_blur,6,24.91
534418ba-ee05398f.jpg,motion_blur,7,24.31
534418ba-ee05398f.jpg,motion_blur,8,23.81
534418ba-ee05398f.jpg,motion_blur,9,23.36
534418ba-ee05398f.jpg,low_light,1,9.38
534418ba-ee05398f.jpg,low_light,2,7.16
534418ba-ee05398f.jpg,low_light,3,5.38
534418ba-ee05398f.jpg,low_light,4,3.98
534418ba-ee05398f.jpg,low_light,5,2.86
534418ba-ee05398f.jpg,low_light,6,1.92
534418ba-ee05398f.jpg,low_light,7,1.18
534418ba-ee05398f.jpg,low_light,8,0.6
534418ba-ee05398f.jpg,low_light,9,0.18
534418ba-ee05398f.jpg,rain,1,21.73
534418ba-ee05398f.jpg,rain,2,15.74
534418ba-ee05398f.jpg,rain,3,11.86
534418ba-ee05398f.jpg,rain,4,9.52
534418ba-ee05398f.jpg,rain,5,7.81
534418ba-ee05398f.jpg,rain,6,6.55
534418ba-ee05398f.jpg,rain,7,5.54
534418ba-ee05398f.jpg,rain,8,4.74
534418ba-ee05398f.jpg,rain,9,4.02
54360b72-e00a3f70.jpg,motion_blur,1,30.49
54360b72-e00a3f70.jpg,motion_blur,2,25.99
54360b72-e00a3f70.jpg,motion_blur,3,23.98
54360b72-e00a3f70.jpg,motion_blur,4,22.79
54360b72-e00a3f70.jpg,motion_blur,5,21.95
54360b72-e00a3f70.jpg,motion_blur,6,21.3
54360b72-e00a3f70.jpg,motion_blur,7,20.77
54360b72-e00a3f70.jpg,motion_blur,8,20.32
54360b72-e00a3f70.jpg,motion_blur,9,19.94
54360b72-e00a3f70.jpg,low_light,1,9.92
54360b72-e00a3f70.jpg,low_light,2,7.51
54360b72-e00a3f70.jpg,low_light,3,5.61
54360b72-e00a3f70.jpg,low_light,4,4.14
54360b72-e00a3f70.jpg,low_light,5,2.96
54360b72-e00a3f70.jpg,low_light,6,1.99
54360b72-e00a3f70.jpg,low_light,7,1.22
54360b72-e00a3f70.jpg,low_light,8,0.63
54360b72-e00a3f70.jpg,low_light,9,0.19
54360b72-e00a3f70.jpg,rain,1,21.76
54360b72-e00a3f70.jpg,rain,2,15.92
54360b72-e00a3f70.jpg,rain,3,12.05
54360b72-e00a3f70.jpg,rain,4,9.69
54360b72-e00a3f70.jpg,rain,5,7.97
54360b72-e00a3f70.jpg,rain,6,6.69
54360b72-e00a3f70.jpg,rain,7,5.67
54360b72-e00a3f70.jpg,rain,8,4.87
54360b72-e00a3f70.jpg,rain,9,4.18
554d7cd5-a32486dd.jpg,motion_blur,1,36.33
554d7cd5-a32486dd.jpg,motion_blur,2,31.51
554d7cd5-a32486dd.jpg,motion_blur,3,29.46
554d7cd5-a32486dd.jpg,motion_blur,4,28.25
554d7cd5-a32486dd.jpg,motion_blur,5,27.34
554d7cd5-a32486dd.jpg,motion_blur,6,26.63
554d7cd5-a32486dd.jpg,motion_blur,7,26.07
554d7cd5-a32486dd.jpg,motion_blur,8,25.62
554d7cd5-a32486dd.jpg,motion_blur,9,25.25
554d7cd5-a32486dd.jpg,low_light,1,10.7
554d7cd5-a32486dd.jpg,low_light,2,7.96
554d7cd5-a32486dd.jpg,low_light,3,5.9
554d7cd5-a32486dd.jpg,low_light,4,4.32
554d7cd5-a32486dd.jpg,low_light,5,3.08
554d7cd5-a32486dd.jpg,low_light,6,2.07
554d7cd5-a32486dd.jpg,low_light,7,1.27
554d7cd5-a32486dd.jpg,low_light,8,0.65
554d7cd5-a32486dd.jpg,low_light,9,0.2
554d7cd5-a32486dd.jpg,rain,1,23.12
554d7cd5-a32486dd.jpg,rain,2,19.1
554d7cd5-a32486dd.jpg,rain,3,14.82
554d7cd5-a32486dd.jpg,rain,4,12.34
554d7cd5-a32486dd.jpg,rain,5,10.57
554d7cd5-a32486dd.jpg,rain,6,9.3
554d7cd5-a32486dd.jpg,rain,7,8.31
554d7cd5-a32486dd.jpg,rain,8,7.5
554d7cd5-a32486dd.jpg,rain,9,6.78
559fed19-7893646f.jpg,motion_blur,1,32.16
559fed19-7893646f.jpg,motion_blur,2,27.32
559fed19-7893646f.jpg,motion_blur,3,25.22
559fed19-7893646f.jpg,motion_blur,4,24.01
559fed19-7893646f.jpg,motion_blur,5,23.15
559fed19-7893646f.jpg,motion_blur,6,22.5
559fed19-7893646f.jpg,motion_blur,7,21.99
559fed19-7893646f.jpg,motion_blur,8,21.57
559fed19-7893646f.jpg,motion_blur,9,21.24
559fed19-7893646f.jpg,low_light,1,9.55
559fed19-7893646f.jpg,low_light,2,7.23
559fed19-7893646f.jpg,low_light,3,5.42
559fed19-7893646f.jpg,low_light,4,4.0
559fed19-7893646f.jpg,low_light,5,2.87
559fed19-7893646f.jpg,low_light,6,1.93
559fed19-7893646f.jpg,low_light,7,1.19
559fed19-7893646f.jpg,low_light,8,0.61
559fed19-7893646f.jpg,low_light,9,0.18
559fed19-7893646f.jpg,rain,1,22.44
559fed19-7893646f.jpg,rain,2,17.03
559fed19-7893646f.jpg,rain,3,13.03
559fed19-7893646f.jpg,rain,4,10.62
559fed19-7893646f.jpg,rain,5,8.91
559fed19-7893646f.jpg,rain,6,7.64
559fed19-7893646f.jpg,rain,7,6.65
559fed19-7893646f.jpg,rain,8,5.86
559fed19-7893646f.jpg,rain,9,5.15
57165857-e4d4a47f.jpg,motion_blur,1,35.63
57165857-e4d4a47f.jpg,motion_blur,2,30.7
57165857-e4d4a47f.jpg,motion_blur,3,28.24
57165857-e4d4a47f.jpg,motion_blur,4,26.64
57165857-e4d4a47f.jpg,motion_blur,5,25.46
57165857-e4d4a47f.jpg,motion_blur,6,24.55
57165857-e4d4a47f.jpg,motion_blur,7,23.82
57165857-e4d4a47f.jpg,motion_blur,8,23.22
57165857-e4d4a47f.jpg,motion_blur,9,22.69
57165857-e4d4a47f.jpg,low_light,1,9.87
57165857-e4d4a47f.jpg,low_light,2,7.41
57165857-e4d4a47f.jpg,low_light,3,5.53
57165857-e4d4a47f.jpg,low_light,4,4.07
57165857-e4d4a47f.jpg,low_light,5,2.91
57165857-e4d4a47f.jpg,low_light,6,1.96
57165857-e4d4a47f.jpg,low_light,7,1.2
57165857-e4d4a47f.jpg,low_light,8,0.62
57165857-e4d4a47f.jpg,low_light,9,0.19
57165857-e4d4a47f.jpg,rain,1,22.95
57165857-e4d4a47f.jpg,rain,2,18.05
57165857-e4d4a47f.jpg,rain,3,13.81
57165857-e4d4a47f.jpg,rain,4,11.34
57165857-e4d4a47f.jpg,rain,5,9.59
57165857-e4d4a47f.jpg,rain,6,8.32
57165857-e4d4a47f.jpg,rain,7,7.32
57165857-e4d4a47f.jpg,rain,8,6.55
57165857-e4d4a47f.jpg,rain,9,5.87
5795bfe7-a599384a.jpg,motion_blur,1,31.81
5795bfe7-a599384a.jpg,motion_blur,2,26.95
5795bfe7-a599384a.jpg,motion_blur,3,24.8
5795bfe7-a599384a.jpg,motion_blur,4,23.49
5795bfe7-a599384a.jpg,motion_blur,5,22.51
5795bfe7-a599384a.jpg,motion_blur,6,21.73
5795bfe7-a599384a.jpg,motion_blur,7,21.1
5795bfe7-a599384a.jpg,motion_blur,8,20.57
5795bfe7-a599384a.jpg,motion_blur,9,20.1
5795bfe7-a599384a.jpg,low_light,1,9.2
5795bfe7-a599384a.jpg,low_light,2,6.99
5795bfe7-a599384a.jpg,low_light,3,5.26
5795bfe7-a599384a.jpg,low_light,4,3.89
5795bfe7-a599384a.jpg,low_light,5,2.79
5795bfe7-a599384a.jpg,low_light,6,1.88
5795bfe7-a599384a.jpg,low_light,7,1.16
5795bfe7-a599384a.jpg,low_light,8,0.59
5795bfe7-a599384a.jpg,low_light,9,0.18
5795bfe7-a599384a.jpg,rain,1,21.89
5795bfe7-a599384a.jpg,rain,2,16.27
5795bfe7-a599384a.jpg,rain,3,12.29
5795bfe7-a599384a.jpg,rain,4,9.91
5795bfe7-a599384a.jpg,rain,5,8.19
5795bfe7-a599384a.jpg,rain,6,6.91
5795bfe7-a599384a.jpg,rain,7,5.9
5795bfe7-a599384a.jpg,rain,8,5.09
5795bfe7-a599384a.jpg,rain,9,4.39
57ac74e2-e86131f1.jpg,motion_blur,1,35.04
57ac74e2-e86131f1.jpg,motion_blur,2,29.99
57ac74e2-e86131f1.jpg,motion_blur,3,27.66
57ac74e2-e86131f1.jpg,motion_blur,4,26.26
57ac74e2-e86131f1.jpg,motion_blur,5,25.26
57ac74e2-e86131f1.jpg,motion_blur,6,24.48
57ac74e2-e86131f1.jpg,motion_blur,7,23.85
57ac74e2-e86131f1.jpg,motion_blur,8,23.32
57ac74e2-e86131f1.jpg,motion_blur,9,22.86
57ac74e2-e86131f1.jpg,low_light,1,9.86
57ac74e2-e86131f1.jpg,low_light,2,7.43
57ac74e2-e86131f1.jpg,low_light,3,5.55
57ac74e2-e86131f1.jpg,low_light,4,4.09
57ac74e2-e86131f1.jpg,low_light,5,2.93
57ac74e2-e86131f1.jpg,low_light,6,1.97
57ac74e2-e86131f1.jpg,low_light,7,1.21
57ac74e2-e86131f1.jpg,low_light,8,0.62
57ac74e2-e86131f1.jpg,low_light,9,0.19
57ac74e2-e86131f1.jpg,rain,1,22.94
57ac74e2-e86131f1.jpg,rain,2,17.74
57ac74e2-e86131f1.jpg,rain,3,13.53
57ac74e2-e86131f1.jpg,rain,4,11.02
57ac74e2-e86131f1.jpg,rain,5,9.24
57ac74e2-e86131f1.jpg,rain,6,7.92
57ac74e2-e86131f1.jpg,rain,7,6.91
57ac74e2-e86131f1.jpg,rain,8,6.08
57ac74e2-e86131f1.jpg,rain,9,5.38
57b495f2-6da6b1e5.jpg,motion_blur,1,41.49
57b495f2-6da6b1e5.jpg,motion_blur,2,36.55
57b495f2-6da6b1e5.jpg,motion_blur,3,33.96
57b495f2-6da6b1e5.jpg,motion_blur,4,32.33
57b495f2-6da6b1e5.jpg,motion_blur,5,31.15
57b495f2-6da6b1e5.jpg,motion_blur,6,30.21
57b495f2-6da6b1e5.jpg,motion_blur,7,29.43
57b495f2-6da6b1e5.jpg,motion_blur,8,28.77
57b495f2-6da6b1e5.jpg,motion_blur,9,28.2
57b495f2-6da6b1e5.jpg,low_light,1,10.79
57b495f2-6da6b1e5.jpg,low_light,2,8.02
57b495f2-6da6b1e5.jpg,low_light,3,5.94
57b495f2-6da6b1e5.jpg,low_light,4,4.35
57b495f2-6da6b1e5.jpg,low_light,5,3.1
57b495f2-6da6b1e5.jpg,low_light,6,2.08
57b495f2-6da6b1e5.jpg,low_light,7,1.28
57b495f2-6da6b1e5.jpg,low_light,8,0.65
57b495f2-6da6b1e5.jpg,low_light,9,0.2
57b495f2-6da6b1e5.jpg,rain,1,23.52
57b495f2-6da6b1e5.jpg,rain,2,20.05
57b495f2-6da6b1e5.jpg,rain,3,15.67
57b495f2-6da6b1e5.jpg,rain,4,13.12
57b495f2-6da6b1e5.jpg,rain,5,11.31
57b495f2-6da6b1e5.jpg,rain,6,10.02
57b495f2-6da6b1e5.jpg,rain,7,9.0
57b495f2-6da6b1e5.jpg,rain,8,8.2
57b495f2-6da6b1e5.jpg,rain,9,7.47
585443c8-2621a6b1.jpg,motion_blur,1,35.78
585443c8-2621a6b1.jpg,motion_blur,2,30.69
585443c8-2621a6b1.jpg,motion_blur,3,28.47
585443c8-2621a6b1.jpg,motion_blur,4,27.23
585443c8-2621a6b1.jpg,motion_blur,5,26.35
585443c8-2621a6b1.jpg,motion_blur,6,25.68
585443c8-2621a6b1.jpg,motion_blur,7,25.14
585443c8-2621a6b1.jpg,motion_blur,8,24.69
585443c8-2621a6b1.jpg,motion_blur,9,24.31
585443c8-2621a6b1.jpg,low_light,1,10.16
585443c8-2621a6b1.jpg,low_light,2,7.64
585443c8-2621a6b1.jpg,low_light,3,5.7
585443c8-2621a6b1.jpg,low_light,4,4.19
585443c8-2621a6b1.jpg,low_light,5,3.0
585443c8-2621a6b1.jpg,low_light,6,2.01
585443c8-2621a6b1.jpg,low_light,7,1.24
585443c8-2621a6b1.jpg,low_light,8,0.63
585443c8-2621a6b1.jpg,low_light,9,0.19
585443c8-2621a6b1.jpg,rain,1,23.21
585443c8-2621a6b1.jpg,rain,2,18.61
585443c8-2621a6b1.jpg,rain,3,14.41
585443c8-2621a6b1.jpg,rain,4,11.94
585443c8-2621a6b1.jpg,rain,5,10.16
585443c8-2621a6b1.jpg,rain,6,8.86
585443c8-2621a6b1.jpg,rain,7,7.84
585443c8-2621a6b1.jpg,rain,8,7.02
585443c8-2621a6b1.jpg,rain,9,6.3
5877b384-2545daf4.jpg,motion_blur,1,30.38
5877b384-2545daf4.jpg,motion_blur,2,25.62
5877b384-2545daf4.jpg,motion_blur,3,23.53
5877b384-2545daf4.jpg,motion_blur,4,22.29
5877b384-2545daf4.jpg,motion_blur,5,21.4
5877b384-2545daf4.jpg,motion_blur,6,20.73
5877b384-2545daf4.jpg,motion_blur,7,20.18
5877b384-2545daf4.jpg,motion_blur,8,19.73
5877b384-2545daf4.jpg,motion_blur,9,19.33
5877b384-2545daf4.jpg,low_light,1,9.35
5877b384-2545daf4.jpg,low_light,2,7.09
5877b384-2545daf4.jpg,low_light,3,5.33
5877b384-2545daf4.jpg,low_light,4,3.94
5877b384-2545daf4.jpg,low_light,5,2.82
5877b384-2545daf4.jpg,low_light,6,1.9
5877b384-2545daf4.jpg,low_light,7,1.17
5877b384-2545daf4.jpg,low_light,8,0.6
5877b384-2545daf4.jpg,low_light,9,0.18
5877b384-2545daf4.jpg,rain,1,21.35
5877b384-2545daf4.jpg,rain,2,16.03
5877b384-2545daf4.jpg,rain,3,12.24
5877b384-2545daf4.jpg,rain,4,9.94
5877b384-2545daf4.jpg,rain,5,8.26
5877b384-2545daf4.jpg,rain,6,7.02
5877b384-2545daf4.jpg,rain,7,6.04
5877b384-2545daf4.jpg,rain,8,5.24
5877b384-2545daf4.jpg,rain,9,4.55
587bb1bf-1aa00fe5.jpg,motion_blur,1,35.48
587bb1bf-1aa00fe5.jpg,motion_blur,2,30.1
587bb1bf-1aa00fe5.jpg,motion_blur,3,27.51
587bb1bf-1aa00fe5.jpg,motion_blur,4,25.92
587bb1bf-1aa00fe5.jpg,motion_blur,5,24.78
587bb1bf-1aa00fe5.jpg,motion_blur,6,23.9
587bb1bf-1aa00fe5.jpg,motion_blur,7,23.19
587bb1bf-1aa00fe5.jpg,motion_blur,8,22.59
587bb1bf-1aa00fe5.jpg,motion_blur,9,22.08
587bb1bf-1aa00fe5.jpg,low_light,1,9.9
587bb1bf-1aa00fe5.jpg,low_light,2,7.49
587bb1bf-1aa00fe5.jpg,low_light,3,5.6
587bb1bf-1aa00fe5.jpg,low_light,4,4.13
587bb1bf-1aa00fe5.jpg,low_light,5,2.96
587bb1bf-1aa00fe5.jpg,low_light,6,1.99
587bb1bf-1aa00fe5.jpg,low_light,7,1.22
587bb1bf-1aa00fe5.jpg,low_light,8,0.62
587bb1bf-1aa00fe5.jpg,low_light,9,0.19
587bb1bf-1aa00fe5.jpg,rain,1,23.14
587bb1bf-1aa00fe5.jpg,rain,2,17.39
587bb1bf-1aa00fe5.jpg,rain,3,12.92
587bb1bf-1aa00fe5.jpg,rain,4,10.33
587bb1bf-1aa00fe5.jpg,rain,5,8.51
587bb1bf-1aa00fe5.jpg,rain,6,7.18
587bb1bf-1aa00fe5.jpg,rain,7,6.13
587bb1bf-1aa00fe5.jpg,rain,8,5.25
587bb1bf-1aa00fe5.jpg,rain,9,4.5
5995c288-2d152172.jpg,motion_blur,1,31.64
5995c288-2d152172.jpg,motion_blur,2,26.78
5995c288-2d152172.jpg,motion_blur,3,24.74
5995c288-2d152172.jpg,motion_blur,4,23.64
5995c288-2d152172.jpg,motion_blur,5,22.87
5995c288-2d152172.jpg,motion_blur,6,22.27
5995c288-2d152172.jpg,motion_blur,7,21.77
5995c288-2d152172.jpg,motion_blur,8,21.36
5995c288-2d152172.jpg,motion_blur,9,21.0
5995c288-2d152172.jpg,low_light,1,9.69
5995c288-2d152172.jpg,low_light,2,7.32
5995c288-2d152172.jpg,low_light,3,5.48
5995c288-2d152172.jpg,low_light,4,4.04
5995c288-2d152172.jpg,low_light,5,2.89
5995c288-2d152172.jpg,low_light,6,1.95
5995c288-2d152172.jpg,low_light,7,1.2
5995c288-2d152172.jpg,low_light,8,0.61
5995c288-2d152172.jpg,low_light,9,0.19
5995c288-2d152172.jpg,rain,1,22.37
5995c288-2d152172.jpg,rain,2,16.78
5995c288-2d152172.jpg,rain,3,12.72
5995c288-2d152172.jpg,rain,4,10.29
5995c288-2d152172.jpg,rain,5,8.54
5995c288-2d152172.jpg,rain,6,7.26
5995c288-2d152172.jpg,rain,7,6.23
5995c288-2d152172.jpg,rain,8,5.41
5995c288-2d152172.jpg,rain,9,4.71
59cde7c7-344bffb1.jpg,motion_blur,1,35.57
59cde7c7-344bffb1.jpg,motion_blur,2,31.06
59cde7c7-344bffb1.jpg,motion_blur,3,28.9
59cde7c7-344bffb1.jpg,motion_blur,4,27.56
59cde7c7-344bffb1.jpg,motion_blur,5,26.6
59cde7c7-344bffb1.jpg,motion_blur,6,25.84
59cde7c7-344bffb1.jpg,motion_blur,7,25.21
59cde7c7-344bffb1.jpg,motion_blur,8,24.66
59cde7c7-344bffb1.jpg,motion_blur,9,24.16
59cde7c7-344bffb1.jpg,low_light,1,10.01
59cde7c7-344bffb1.jpg,low_light,2,7.54
59cde7c7-344bffb1.jpg,low_light,3,5.63
59cde7c7-344bffb1.jpg,low_light,4,4.14
59cde7c7-344bffb1.jpg,low_light,5,2.96
59cde7c7-344bffb1.jpg,low_light,6,1.99
59cde7c7-344bffb1.jpg,low_light,7,1.22
59cde7c7-344bffb1.jpg,low_light,8,0.62
59cde7c7-344bffb1.jpg,low_light,9,0.19
59cde7c7-344bffb1.jpg,rain,1,23.17
59cde7c7-344bffb1.jpg,rain,2,17.6
59cde7c7-344bffb1.jpg,rain,3,13.01
59cde7c7-344bffb1.jpg,rain,4,10.43
59cde7c7-344bffb1.jpg,rain,5,8.59
59cde7c7-344bffb1.jpg,rain,6,7.25
59cde7c7-344bffb1.jpg,rain,7,6.2
59cde7c7-344bffb1.jpg,rain,8,5.37
59cde7c7-344bffb1.jpg,rain,9,4.64
5a8f9b5d-1fdfd2d4.jpg,motion_blur,1,34.04
5a8f9b5d-1fdfd2d4.jpg,motion_blur,2,29.21
5a8f9b5d-1fdfd2d4.jpg,motion_blur,3,27.19
5a8f9b5d-1fdfd2d4.jpg,motion_blur,4,25.96
5a8f9b5d-1fdfd2d4.jpg,motion_blur,5,25.04
5a8f9b5d-1fdfd2d4.jpg,motion_blur,6,24.34
5a8f9b5d-1fdfd2d4.jpg,motion_blur,7,23.81
5a8f9b5d-1fdfd2d4.jpg,motion_blur,8,23.35
5a8f9b5d-1fdfd2d4.jpg,motion_blur,9,22.94
5a8f9b5d-1fdfd2d4.jpg,low_light,1,10.24
5a8f9b5d-1fdfd2d4.jpg,low_light,2,7.61
5a8f9b5d-1fdfd2d4.jpg,low_light,3,5.65
5a8f9b5d-1fdfd2d4.jpg,low_light,4,4.15
5a8f9b5d-1fdfd2d4.jpg,low_light,5,2.96
5a8f9b5d-1fdfd2d4.jpg,low_light,6,1.99
5a8f9b5d-1fdfd2d4.jpg,low_light,7,1.22
5a8f9b5d-1fdfd2d4.jpg,low_light,8,0.63
5a8f9b5d-1fdfd2d4.jpg,low_light,9,0.19
5a8f9b5d-1fdfd2d4.jpg,rain,1,17.13
5a8f9b5d-1fdfd2d4.jpg,rain,2,13.75
5a8f9b5d-1fdfd2d4.jpg,rain,3,11.06
5a8f9b5d-1fdfd2d4.jpg,rain,4,9.23
5a8f9b5d-1fdfd2d4.jpg,rain,5,7.85
5a8f9b5d-1fdfd2d4.jpg,rain,6,6.8
5a8f9b5d-1fdfd2d4.jpg,rain,7,6.0
5a8f9b5d-1fdfd2d4.jpg,rain,8,5.34
5a8f9b5d-1fdfd2d4.jpg,rain,9,4.79
5ae83f9c-da990b49.jpg,motion_blur,1,31.84
5ae83f9c-da990b49.jpg,motion_blur,2,26.76
5ae83f9c-da990b49.jpg,motion_blur,3,24.56
5ae83f9c-da990b49.jpg,motion_blur,4,23.31
5ae83f9c-da990b49.jpg,motion_blur,5,22.4
5ae83f9c-da990b49.jpg,motion_blur,6,21.69
5ae83f9c-da990b49.jpg,motion_blur,7,21.11
5ae83f9c-da990b49.jpg,motion_blur,8,20.6
5ae83f9c-da990b49.jpg,motion_blur,9,20.17
5ae83f9c-da990b49.jpg,low_light,1,9.75
5ae83f9c-da990b49.jpg,low_light,2,7.39
5ae83f9c-da990b49.jpg,low_light,3,5.54
5ae83f9c-da990b49.jpg,low_light,4,4.08
5ae83f9c-da990b49.jpg,low_light,5,2.93
5ae83f9c-da990b49.jpg,low_light,6,1.97
5ae83f9c-da990b49.jpg,low_light,7,1.21
5ae83f9c-da990b49.jpg,low_light,8,0.62
5ae83f9c-da990b49.jpg,low_light,9,0.19
5ae83f9c-da990b49.jpg,rain,1,21.7
5ae83f9c-da990b49.jpg,rain,2,16.21
5ae83f9c-da990b49.jpg,rain,3,12.42
5ae83f9c-da990b49.jpg,rain,4,10.1
5ae83f9c-da990b49.jpg,rain,5,8.41
5ae83f9c-da990b49.jpg,rain,6,7.17
5ae83f9c-da990b49.jpg,rain,7,6.18
5ae83f9c-da990b49.jpg,rain,8,5.36
5ae83f9c-da990b49.jpg,rain,9,4.66
5b2b4881-67a6cb87.jpg,motion_blur,1,34.34
5b2b4881-67a6cb87.jpg,motion_blur,2,29.29
5b2b4881-67a6cb87.jpg,motion_blur,3,26.87
5b2b4881-67a6cb87.jpg,motion_blur,4,25.35
5b2b4881-67a6cb87.jpg,motion_blur,5,24.21
5b2b4881-67a6cb87.jpg,motion_blur,6,23.32
5b2b4881-67a6cb87.jpg,motion_blur,7,22.58
5b2b4881-67a6cb87.jpg,motion_blur,8,21.96
5b2b4881-67a6cb87.jpg,motion_blur,9,21.44
5b2b4881-67a6cb87.jpg,low_light,1,9.28
5b2b4881-67a6cb87.jpg,low_light,2,7.08
5b2b4881-67a6cb87.jpg,low_light,3,5.33
5b2b4881-67a6cb87.jpg,low_light,4,3.94
5b2b4881-67a6cb87.jpg,low_light,5,2.83
5b2b4881-67a6cb87.jpg,low_light,6,1.91
5b2b4881-67a6cb87.jpg,low_light,7,1.17
5b2b4881-67a6cb87.jpg,low_light,8,0.59
5b2b4881-67a6cb87.jpg,low_light,9,0.18
5b2b4881-67a6cb87.jpg,rain,1,23.24
5b2b4881-67a6cb87.jpg,rain,2,16.68
5b2b4881-67a6cb87.jpg,rain,3,12.21
5b2b4881-67a6cb87.jpg,rain,4,9.59
5b2b4881-67a6cb87.jpg,rain,5,7.73
5b2b4881-67a6cb87.jpg,rain,6,6.39
5b2b4881-67a6cb87.jpg,rain,7,5.33
5b2b4881-67a6cb87.jpg,rain,8,4.5
5b2b4881-67a6cb87.jpg,rain,9,3.79
5b2fd56a-37759b05.jpg,motion_blur,1,37.32
5b2fd56a-37759b05.jpg,motion_blur,2,32.39
5b2fd56a-37759b05.jpg,motion_blur,3,30.21
5b2fd56a-37759b05.jpg,motion_blur,4,28.91
5b2fd56a-37759b05.jpg,motion_blur,5,27.93
5b2fd56a-37759b05.jpg,motion_blur,6,27.15
5b2fd56a-37759b05.jpg,motion_blur,7,26.49
5b2fd56a-37759b05.jpg,motion_blur,8,25.93
5b2fd56a-37759b05.jpg,motion_blur,9,25.45
5b2fd56a-37759b05.jpg,low_light,1,10.25
5b2fd56a-37759b05.jpg,low_light,2,7.62
5b2fd56a-37759b05.jpg,low_light,3,5.66
5b2fd56a-37759b05.jpg,low_light,4,4.15
5b2fd56a-37759b05.jpg,low_light,5,2.96
5b2fd56a-37759b05.jpg,low_light,6,1.99
5b2fd56a-37759b05.jpg,low_light,7,1.22
5b2fd56a-37759b05.jpg,low_light,8,0.63
5b2fd56a-37759b05.jpg,low_light,9,0.19
5b2fd56a-37759b05.jpg,rain,1,22.27
5b2fd56a-37759b05.jpg,rain,2,18.37
5b2fd56a-37759b05.jpg,rain,3,14.51
5b2fd56a-37759b05.jpg,rain,4,12.17
5b2fd56a-37759b05.jpg,rain,5,10.54
5b2fd56a-37759b05.jpg,rain,6,9.35
5b2fd56a-37759b05.jpg,rain,7,8.46
5b2fd56a-37759b05.jpg,rain,8,7.77
5b2fd56a-37759b05.jpg,rain,9,7.19
5b4b0b07-2fb56b82.jpg,motion_blur,1,29.87
5b4b0b07-2fb56b82.jpg,motion_blur,2,26.03
5b4b0b07-2fb56b82.jpg,motion_blur,3,24.63
5b4b0b07-2fb56b82.jpg,motion_blur,4,23.64
5b4b0b07-2fb56b82.jpg,motion_blur,5,22.83
5b4b0b07-2fb56b82.jpg,motion_blur,6,22.22
5b4b0b07-2fb56b82.jpg,motion_blur,7,21.76
5b4b0b07-2fb56b82.jpg,motion_blur,8,21.37
5b4b0b07-2fb56b82.jpg,motion_blur,9,21.01
5b4b0b07-2fb56b82.jpg,low_light,1,9.67
5b4b0b07-2fb56b82.jpg,low_light,2,7.37
5b4b0b07-2fb56b82.jpg,low_light,3,5.54
5b4b0b07-2fb56b82.jpg,low_light,4,4.09
5b4b0b07-2fb56b82.jpg,low_light,5,2.93
5b4b0b07-2fb56b82.jpg,low_light,6,1.97
5b4b0b07-2fb56b82.jpg,low_light,7,1.21
5b4b0b07-2fb56b82.jpg,low_light,8,0.62
5b4b0b07-2fb56b82.jpg,low_light,9,0.19
5b4b0b07-2fb56b82.jpg,rain,1,22.27
5b4b0b07-2fb56b82.jpg,rain,2,16.05
5b4b0b07-2fb56b82.jpg,rain,3,12.07
5b4b0b07-2fb56b82.jpg,rain,4,9.67
5b4b0b07-2fb56b82.jpg,rain,5,7.95
5b4b0b07-2fb56b82.jpg,rain,6,6.66
5b4b0b07-2fb56b82.jpg,rain,7,5.64
5b4b0b07-2fb56b82.jpg,rain,8,4.79
5b4b0b07-2fb56b82.jpg,rain,9,4.06
5bc44a50-c371c4d0.jpg,motion_blur,1,26.74
5bc44a50-c371c4d0.jpg,motion_blur,2,22.34
5bc44a50-c371c4d0.jpg,motion_blur,3,20.64
5bc44a50-c371c4d0.jpg,motion_blur,4,19.72
5bc44a50-c371c4d0.jpg,motion_blur,5,19.08
5bc44a50-c371c4d0.jpg,motion_blur,6,18.6
5bc44a50-c371c4d0.jpg,motion_blur,7,18.21
5bc44a50-c371c4d0.jpg,motion_blur,8,17.9
5bc44a50-c371c4d0.jpg,motion_blur,9,17.63
5bc44a50-c371c4d0.jpg,low_light,1,9.37
5bc44a50-c371c4d0.jpg,low_light,2,7.16
5bc44a50-c371c4d0.jpg,low_light,3,5.4
5bc44a50-c371c4d0.jpg,low_light,4,3.99
5bc44a50-c371c4d0.jpg,low_light,5,2.86
5bc44a50-c371c4d0.jpg,low_light,6,1.93
5bc44a50-c371c4d0.jpg,low_light,7,1.19
5bc44a50-c371c4d0.jpg,low_light,8,0.61
5bc44a50-c371c4d0.jpg,low_light,9,0.18
5bc44a50-c371c4d0.jpg,rain,1,21.03
5bc44a50-c371c4d0.jpg,rain,2,14.05
5bc44a50-c371c4d0.jpg,rain,3,10.25
5bc44a50-c371c4d0.jpg,rain,4,7.95
5bc44a50-c371c4d0.jpg,rain,5,6.24
5bc44a50-c371c4d0.jpg,rain,6,4.98
5bc44a50-c371c4d0.jpg,rain,7,3.96
5bc44a50-c371c4d0.jpg,rain,8,3.14
5bc44a50-c371c4d0.jpg,rain,9,2.42
5c4004b7-bf3b7941.jpg,motion_blur,1,35.47
5c4004b7-bf3b7941.jpg,motion_blur,2,30.81
5c4004b7-bf3b7941.jpg,motion_blur,3,28.69
5c4004b7-bf3b7941.jpg,motion_blur,4,27.42
5c4004b7-bf3b7941.jpg,motion_blur,5,26.52
5c4004b7-bf3b7941.jpg,motion_blur,6,25.82
5c4004b7-bf3b7941.jpg,motion_blur,7,25.25
5c4004b7-bf3b7941.jpg,motion_blur,8,24.78
5c4004b7-bf3b7941.jpg,motion_blur,9,24.37
5c4004b7-bf3b7941.jpg,low_light,1,9.74
5c4004b7-bf3b7941.jpg,low_light,2,7.45
5c4004b7-bf3b7941.jpg,low_light,3,5.59
5c4004b7-bf3b7941.jpg,low_light,4,4.13
5c4004b7-bf3b7941.jpg,low_light,5,2.96
5c4004b7-bf3b7941.jpg,low_light,6,1.99
5c4004b7-bf3b7941.jpg,low_light,7,1.22
5c4004b7-bf3b7941.jpg,low_light,8,0.62
5c4004b7-bf3b7941.jpg,low_light,9,0.19
5c4004b7-bf3b7941.jpg,rain,1,22.45
5c4004b7-bf3b7941.jpg,rain,2,16.14
5c4004b7-bf3b7941.jpg,rain,3,11.92
5c4004b7-bf3b7941.jpg,rain,4,9.43
5c4004b7-bf3b7941.jpg,rain,5,7.64
5c4004b7-bf3b7941.jpg,rain,6,6.31
5c4004b7-bf3b7941.jpg,rain,7,5.26
5c4004b7-bf3b7941.jpg,rain,8,4.38
5c4004b7-bf3b7941.jpg,rain,9,3.61
5c534f5f-a76c7f4b.jpg,motion_blur,1,35.37
5c534f5f-a76c7f4b.jpg,motion_blur,2,30.42
5c534f5f-a76c7f4b.jpg,motion_blur,3,28.21
5c534f5f-a76c7f4b.jpg,motion_blur,4,26.9
5c534f5f-a76c7f4b.jpg,motion_blur,5,25.95
5c534f5f-a76c7f4b.jpg,motion_blur,6,25.18
5c534f5f-a76c7f4b.jpg,motion_blur,7,24.54
5c534f5f-a76c7f4b.jpg,motion_blur,8,24.0
5c534f5f-a76c7f4b.jpg,motion_blur,9,23.52
5c534f5f-a76c7f4b.jpg,low_light,1,9.79
5c534f5f-a76c7f4b.jpg,low_light,2,7.37
5c534f5f-a76c7f4b.jpg,low_light,3,5.51
5c534f5f-a76c7f4b.jpg,low_light,4,4.06
5c534f5f-a76c7f4b.jpg,low_light,5,2.9
5c534f5f-a76c7f4b.jpg,low_light,6,1.95
5c534f5f-a76c7f4b.jpg,low_light,7,1.2
5c534f5f-a76c7f4b.jpg,low_light,8,0.61
5c534f5f-a76c7f4b.jpg,low_light,9,0.19
5c534f5f-a76c7f4b.jpg,rain,1,21.12
5c534f5f-a76c7f4b.jpg,rain,2,16.37
5c534f5f-a76c7f4b.jpg,rain,3,12.75
5c534f5f-a76c7f4b.jpg,rain,4,10.51
5c534f5f-a76c7f4b.jpg,rain,5,8.89
5c534f5f-a76c7f4b.jpg,rain,6,7.68
5c534f5f-a76c7f4b.jpg,rain,7,6.73
5c534f5f-a76c7f4b.jpg,rain,8,5.98
5c534f5f-a76c7f4b.jpg,rain,9,5.32
5c5dc708-35460444.jpg,motion_blur,1,32.69
5c5dc708-35460444.jpg,motion_blur,2,27.85
5c5dc708-35460444.jpg,motion_blur,3,25.61
5c5dc708-35460444.jpg,motion_blur,4,24.29
5c5dc708-35460444.jpg,motion_blur,5,23.37
5c5dc708-35460444.jpg,motion_blur,6,22.66
5c5dc708-35460444.jpg,motion_blur,7,22.09
5c5dc708-35460444.jpg,motion_blur,8,21.62
5c5dc708-35460444.jpg,motion_blur,9,21.21
5c5dc708-35460444.jpg,low_light,1,9.19
5c5dc708-35460444.jpg,low_light,2,7.01
5c5dc708-35460444.jpg,low_light,3,5.28
5c5dc708-35460444.jpg,low_light,4,3.91
5c5dc708-35460444.jpg,low_light,5,2.8
5c5dc708-35460444.jpg,low_light,6,1.89
5c5dc708-35460444.jpg,low_light,7,1.16
5c5dc708-35460444.jpg,low_light,8,0.59
5c5dc708-35460444.jpg,low_light,9,0.18
5c5dc708-35460444.jpg,rain,1,22.25
5c5dc708-35460444.jpg,rain,2,15.96
5c5dc708-35460444.jpg,rain,3,11.9
5c5dc708-35460444.jpg,rain,4,9.44
5c5dc708-35460444.jpg,rain,5,7.65
5c5dc708-35460444.jpg,rain,6,6.34
5c5dc708-35460444.jpg,rain,7,5.3
5c5dc708-35460444.jpg,rain,8,4.46
5c5dc708-35460444.jpg,rain,9,3.74
5da6c6b6-76c54605.jpg,motion_blur,1,33.54
5da6c6b6-76c54605.jpg,motion_blur,2,28.72
5da6c6b6-76c54605.jpg,motion_blur,3,26.56
5da6c6b6-76c54605.jpg,motion_blur,4,25.23
5da6c6b6-76c54605.jpg,motion_blur,5,24.25
5da6c6b6-76c54605.jpg,motion_blur,6,23.48
5da6c6b6-76c54605.jpg,motion_blur,7,22.85
5da6c6b6-76c54605.jpg,motion_blur,8,22.29
5da6c6b6-76c54605.jpg,motion_blur,9,21.8
5da6c6b6-76c54605.jpg,low_light,1,9.47
5da6c6b6-76c54605.jpg,low_light,2,7.17
5da6c6b6-76c54605.jpg,low_light,3,5.38
5da6c6b6-76c54605.jpg,low_light,4,3.97
5da6c6b6-76c54605.jpg,low_light,5,2.85
5da6c6b6-76c54605.jpg,low_light,6,1.92
5da6c6b6-76c54605.jpg,low_light,7,1.18
5da6c6b6-76c54605.jpg,low_light,8,0.6
5da6c6b6-76c54605.jpg,low_light,9,0.18
5da6c6b6-76c54605.jpg,rain,1,22.13
5da6c6b6-76c54605.jpg,rain,2,16.8
5da6c6b6-76c54605.jpg,rain,3,12.78
5da6c6b6-76c54605.jpg,rain,4,10.37
5da6c6b6-76c54605.jpg,rain,5,8.62
5da6c6b6-76c54605.jpg,rain,6,7.33
5da6c6b6-76c54605.jpg,rain,7,6.32
5da6c6b6-76c54605.jpg,rain,8,5.49
5da6c6b6-76c54605.jpg,rain,9,4.79
5dc5141c-5890b5b1.jpg,motion_blur,1,37.72
5dc5141c-5890b5b1.jpg,motion_blur,2,32.68
5dc5141c-5890b5b1.jpg,motion_blur,3,30.03
5dc5141c-5890b5b1.jpg,motion_blur,4,28.25
5dc5141c-5890b5b1.jpg,motion_blur,5,26.87
5dc5141c-5890b5b1.jpg,motion_blur,6,25.78
5dc5141c-5890b5b1.jpg,motion_blur,7,24.91
5dc5141c-5890b5b1.jpg,motion_blur,8,24.22
5dc5141c-5890b5b1.jpg,motion_blur,9,23.68
5dc5141c-5890b5b1.jpg,low_light,1,9.85
5dc5141c-5890b5b1.jpg,low_light,2,7.55
5dc5141c-5890b5b1.jpg,low_light,3,5.66
5dc5141c-5890b5b1.jpg,low_light,4,4.19
5dc5141c-5890b5b1.jpg,low_light,5,2.99
5dc5141c-5890b5b1.jpg,low_light,6,2.02
5dc5141c-5890b5b1.jpg,low_light,7,1.24
5dc5141c-5890b5b1.jpg,low_light,8,0.64
5dc5141c-5890b5b1.jpg,low_light,9,0.19
5dc5141c-5890b5b1.jpg,rain,1,21.54
5dc5141c-5890b5b1.jpg,rain,2,15.54
5dc5141c-5890b5b1.jpg,rain,3,11.66
5dc5141c-5890b5b1.jpg,rain,4,9.27
5dc5141c-5890b5b1.jpg,rain,5,7.5
5dc5141c-5890b5b1.jpg,rain,6,6.2
5dc5141c-5890b5b1.jpg,rain,7,5.14
5dc5141c-5890b5b1.jpg,rain,8,4.28
5dc5141c-5890b5b1.jpg,rain,9,3.52
5dd831da-bd00cf03.jpg,motion_blur,1,31.47
5dd831da-bd00cf03.jpg,motion_blur,2,26.59
5dd831da-bd00cf03.jpg,motion_blur,3,24.5
5dd831da-bd00cf03.jpg,motion_blur,4,23.33
5dd831da-bd00cf03.jpg,motion_blur,5,22.51
5dd831da-bd00cf03.jpg,motion_blur,6,21.89
5dd831da-bd00cf03.jpg,motion_blur,7,21.41
5dd831da-bd00cf03.jpg,motion_blur,8,21.01
5dd831da-bd00cf03.jpg,motion_blur,9,20.69
5dd831da-bd00cf03.jpg,low_light,1,9.66
5dd831da-bd00cf03.jpg,low_light,2,7.29
5dd831da-bd00cf03.jpg,low_light,3,5.45
5dd831da-bd00cf03.jpg,low_light,4,4.02
5dd831da-bd00cf03.jpg,low_light,5,2.88
5dd831da-bd00cf03.jpg,low_light,6,1.94
5dd831da-bd00cf03.jpg,low_light,7,1.19
5dd831da-bd00cf03.jpg,low_light,8,0.61
5dd831da-bd00cf03.jpg,low_light,9,0.18
5dd831da-bd00cf03.jpg,rain,1,21.65
5dd831da-bd00cf03.jpg,rain,2,17.13
5dd831da-bd00cf03.jpg,rain,3,13.33
5dd831da-bd00cf03.jpg,rain,4,11.01
5dd831da-bd00cf03.jpg,rain,5,9.32
5dd831da-bd00cf03.jpg,rain,6,8.06
5dd831da-bd00cf03.jpg,rain,7,7.07
5dd831da-bd00cf03.jpg,rain,8,6.26
5dd831da-bd00cf03.jpg,rain,9,5.58
5dfb063f-7bd23d5c.jpg,motion_blur,1,36.77
5dfb063f-7bd23d5c.jpg,motion_blur,2,31.82
5dfb063f-7bd23d5c.jpg,motion_blur,3,29.47
5dfb063f-7bd23d5c.jpg,motion_blur,4,28.01
5dfb063f-7bd23d5c.jpg,motion_blur,5,26.94
5dfb063f-7bd23d5c.jpg,motion_blur,6,26.13
5dfb063f-7bd23d5c.jpg,motion_blur,7,25.49
5dfb063f-7bd23d5c.jpg,motion_blur,8,24.96
5dfb063f-7bd23d5c.jpg,motion_blur,9,24.52
5dfb063f-7bd23d5c.jpg,low_light,1,10.51
5dfb063f-7bd23d5c.jpg,low_light,2,7.79
5dfb063f-7bd23d5c.jpg,low_light,3,5.77
5dfb063f-7bd23d5c.jpg,low_light,4,4.23
5dfb063f-7bd23d5c.jpg,low_light,5,3.01
5dfb063f-7bd23d5c.jpg,low_light,6,2.03
5dfb063f-7bd23d5c.jpg,low_light,7,1.24
5dfb063f-7bd23d5c.jpg,low_light,8,0.64
5dfb063f-7bd23d5c.jpg,low_light,9,0.2
5dfb063f-7bd23d5c.jpg,rain,1,23.29
5dfb063f-7bd23d5c.jpg,rain,2,19.64
5dfb063f-7bd23d5c.jpg,rain,3,15.17
5dfb063f-7bd23d5c.jpg,rain,4,12.58
5dfb063f-7bd23d5c.jpg,rain,5,10.77
5dfb063f-7bd23d5c.jpg,rain,6,9.51
5dfb063f-7bd23d5c.jpg,rain,7,8.57
5dfb063f-7bd23d5c.jpg,rain,8,7.87
5dfb063f-7bd23d5c.jpg,rain,9,7.29
5e0b701e-d443d8c2.jpg,motion_blur,1,31.93
5e0b701e-d443d8c2.jpg,motion_blur,2,27.13
5e0b701e-d443d8c2.jpg,motion_blur,3,25.1
5e0b701e-d443d8c2.jpg,motion_blur,4,23.9
5e0b701e-d443d8c2.jpg,motion_blur,5,23.03
5e0b701e-d443d8c2.jpg,motion_blur,6,22.36
5e0b701e-d443d8c2.jpg,motion_blur,7,21.81
5e0b701e-d443d8c2.jpg,motion_blur,8,21.35
5e0b701e-d443d8c2.jpg,motion_blur,9,20.96
5e0b701e-d443d8c2.jpg,low_light,1,9.8
5e0b701e-d443d8c2.jpg,low_light,2,7.4
5e0b701e-d443d8c2.jpg,low_light,3,5.53
5e0b701e-d443d8c2.jpg,low_light,4,4.08
5e0b701e-d443d8c2.jpg,low_light,5,2.92
5e0b701e-d443d8c2.jpg,low_light,6,1.96
5e0b701e-d443d8c2.jpg,low_light,7,1.21
5e0b701e-d443d8c2.jpg,low_light,8,0.62
5e0b701e-d443d8c2.jpg,low_light,9,0.19
5e0b701e-d443d8c2.jpg,rain,1,21.38
5e0b701e-d443d8c2.jpg,rain,2,16.28
5e0b701e-d443d8c2.jpg,rain,3,12.63
5e0b701e-d443d8c2.jpg,rain,4,10.38
5e0b701e-d443d8c2.jpg,rain,5,8.72
5e0b701e-d443d8c2.jpg,rain,6,7.49
5e0b701e-d443d8c2.jpg,rain,7,6.51
5e0b701e-d443d8c2.jpg,rain,8,5.72
5e0b701e-d443d8c2.jpg,rain,9,5.04
5e26f49d-0bc53c7e.jpg,motion_blur,1,40.24
5e26f49d-0bc53c7e.jpg,motion_blur,2,35.3
5e26f49d-0bc53c7e.jpg,motion_blur,3,32.87
5e26f49d-0bc53c7e.jpg,motion_blur,4,31.37
5e26f49d-0bc53c7e.jpg,motion_blur,5,30.25
5e26f49d-0bc53c7e.jpg,motion_blur,6,29.34
5e26f49d-0bc53c7e.jpg,motion_blur,7,28.58
5e26f49d-0bc53c7e.jpg,motion_blur,8,27.93
5e26f49d-0bc53c7e.jpg,motion_blur,9,27.37
5e26f49d-0bc53c7e.jpg,low_light,1,10.86
5e26f49d-0bc53c7e.jpg,low_light,2,7.98
5e26f49d-0bc53c7e.jpg,low_light,3,5.89
5e26f49d-0bc53c7e.jpg,low_light,4,4.3
5e26f49d-0bc53c7e.jpg,low_light,5,3.06
5e26f49d-0bc53c7e.jpg,low_light,6,2.06
5e26f49d-0bc53c7e.jpg,low_light,7,1.26
5e26f49d-0bc53c7e.jpg,low_light,8,0.65
5e26f49d-0bc53c7e.jpg,low_light,9,0.2
5e26f49d-0bc53c7e.jpg,rain,1,23.65
5e26f49d-0bc53c7e.jpg,rain,2,21.41
5e26f49d-0bc53c7e.jpg,rain,3,16.62
5e26f49d-0bc53c7e.jpg,rain,4,13.94
5e26f49d-0bc53c7e.jpg,rain,5,12.13
5e26f49d-0bc53c7e.jpg,rain,6,10.88
5e26f49d-0bc53c7e.jpg,rain,7,9.95
5e26f49d-0bc53c7e.jpg,rain,8,9.27
5e26f49d-0bc53c7e.jpg,rain,9,8.74
5e26f49d-9271bf00.jpg,motion_blur,1,33.1
5e26f49d-9271bf00.jpg,motion_blur,2,27.87
5e26f49d-9271bf00.jpg,motion_blur,3,25.4
5e26f49d-9271bf00.jpg,motion_blur,4,23.99
5e26f49d-9271bf00.jpg,motion_blur,5,23.03
5e26f49d-9271bf00.jpg,motion_blur,6,22.31
5e26f49d-9271bf00.jpg,motion_blur,7,21.73
5e26f49d-9271bf00.jpg,motion_blur,8,21.25
5e26f49d-9271bf00.jpg,motion_blur,9,20.83
5e26f49d-9271bf00.jpg,low_light,1,9.27
5e26f49d-9271bf00.jpg,low_light,2,7.05
5e26f49d-9271bf00.jpg,low_light,3,5.3
5e26f49d-9271bf00.jpg,low_light,4,3.92
5e26f49d-9271bf00.jpg,low_light,5,2.82
5e26f49d-9271bf00.jpg,low_light,6,1.9
5e26f49d-9271bf00.jpg,low_light,7,1.16
5e26f49d-9271bf00.jpg,low_light,8,0.59
5e26f49d-9271bf00.jpg,low_light,9,0.18
5e26f49d-9271bf00.jpg,rain,1,23.16
5e26f49d-9271bf00.jpg,rain,2,17.68
5e26f49d-9271bf00.jpg,rain,3,12.97
5e26f49d-9271bf00.jpg,rain,4,10.28
5e26f49d-9271bf00.jpg,rain,5,8.41
5e26f49d-9271bf00.jpg,rain,6,7.03
5e26f49d-9271bf00.jpg,rain,7,5.97
5e26f49d-9271bf00.jpg,rain,8,5.1
5e26f49d-9271bf00.jpg,rain,9,4.36
5e625ec3-7b4fc682.jpg,motion_blur,1,39.54
5e625ec3-7b4fc682.jpg,motion_blur,2,34.61
5e625ec3-7b4fc682.jpg,motion_blur,3,32.14
5e625ec3-7b4fc682.jpg,motion_blur,4,30.6
5e625ec3-7b4fc682.jpg,motion_blur,5,29.46
5e625ec3-7b4fc682.jpg,motion_blur,6,28.54
5e625ec3-7b4fc682.jpg,motion_blur,7,27.79
5e625ec3-7b4fc682.jpg,motion_blur,8,27.15
5e625ec3-7b4fc682.jpg,motion_blur,9,26.59
5e625ec3-7b4fc682.jpg,low_light,1,9.86
5e625ec3-7b4fc682.jpg,low_light,2,7.4
5e625ec3-7b4fc682.jpg,low_light,3,5.53
5e625ec3-7b4fc682.jpg,low_light,4,4.07
5e625ec3-7b4fc682.jpg,low_light,5,2.91
5e625ec3-7b4fc682.jpg,low_light,6,1.96
5e625ec3-7b4fc682.jpg,low_light,7,1.2
5e625ec3-7b4fc682.jpg,low_light,8,0.62
5e625ec3-7b4fc682.jpg,low_light,9,0.19
5e625ec3-7b4fc682.jpg,rain,1,22.51
5e625ec3-7b4fc682.jpg,rain,2,17.86
5e625ec3-7b4fc682.jpg,rain,3,13.91
5e625ec3-7b4fc682.jpg,rain,4,11.58
5e625ec3-7b4fc682.jpg,rain,5,9.91
5e625ec3-7b4fc682.jpg,rain,6,8.68
5e625ec3-7b4fc682.jpg,rain,7,7.72
5e625ec3-7b4fc682.jpg,rain,8,6.94
5e625ec3-7b4fc682.jpg,rain,9,6.27
5f9387ff-330136ae.jpg,motion_blur,1,33.25
5f9387ff-330136ae.jpg,motion_blur,2,28.39
5f9387ff-330136ae.jpg,motion_blur,3,26.26
5f9387ff-330136ae.jpg,motion_blur,4,25.07
5f9387ff-330136ae.jpg,motion_blur,5,24.24
5f9387ff-330136ae.jpg,motion_blur,6,23.6
5f9387ff-330136ae.jpg,motion_blur,7,23.08
5f9387ff-330136ae.jpg,motion_blur,8,22.65
5f9387ff-330136ae.jpg,motion_blur,9,22.28
5f9387ff-330136ae.jpg,low_light,1,9.35
5f9387ff-330136ae.jpg,low_light,2,7.09
5f9387ff-330136ae.jpg,low_light,3,5.32
5f9387ff-330136ae.jpg,low_light,4,3.93
5f9387ff-330136ae.jpg,low_light,5,2.82
5f9387ff-330136ae.jpg,low_light,6,1.9
5f9387ff-330136ae.jpg,low_light,7,1.17
5f9387ff-330136ae.jpg,low_light,8,0.6
5f9387ff-330136ae.jpg,low_light,9,0.18
5f9387ff-330136ae.jpg,rain,1,21.59
5f9387ff-330136ae.jpg,rain,2,16.33
5f9387ff-330136ae.jpg,rain,3,12.41
5f9387ff-330136ae.jpg,rain,4,10.04
5f9387ff-330136ae.jpg,rain,5,8.3
5f9387ff-330136ae.jpg,rain,6,7.01
5f9387ff-330136ae.jpg,rain,7,5.99
5f9387ff-330136ae.jpg,rain,8,5.18
5f9387ff-330136ae.jpg,rain,9,4.5
5fa17a25-88b8e6b9.jpg,motion_blur,1,38.56
5fa17a25-88b8e6b9.jpg,motion_blur,2,33.55
5fa17a25-88b8e6b9.jpg,motion_blur,3,30.91
5fa17a25-88b8e6b9.jpg,motion_blur,4,29.28
5fa17a25-88b8e6b9.jpg,motion_blur,5,28.11
5fa17a25-88b8e6b9.jpg,motion_blur,6,27.2
5fa17a25-88b8e6b9.jpg,motion_blur,7,26.44
5fa17a25-88b8e6b9.jpg,motion_blur,8,25.8
5fa17a25-88b8e6b9.jpg,motion_blur,9,25.24
5fa17a25-88b8e6b9.jpg,low_light,1,9.77
5fa17a25-88b8e6b9.jpg,low_light,2,7.37
5fa17a25-88b8e6b9.jpg,low_light,3,5.5
5fa17a25-88b8e6b9.jpg,low_light,4,4.06
5fa17a25-88b8e6b9.jpg,low_light,5,2.9
5fa17a25-88b8e6b9.jpg,low_light,6,1.95
5fa17a25-88b8e6b9.jpg,low_light,7,1.2
5fa17a25-88b8e6b9.jpg,low_light,8,0.61
5fa17a25-88b8e6b9.jpg,low_light,9,0.19
5fa17a25-88b8e6b9.jpg,rain,1,22.66
5fa17a25-88b8e6b9.jpg,rain,2,16.82
5fa17a25-88b8e6b9.jpg,rain,3,12.37
5fa17a25-88b8e6b9.jpg,rain,4,9.81
5fa17a25-88b8e6b9.jpg,rain,5,8.03
5fa17a25-88b8e6b9.jpg,rain,6,6.73
5fa17a25-88b8e6b9.jpg,rain,7,5.73
5fa17a25-88b8e6b9.jpg,rain,8,4.93
5fa17a25-88b8e6b9.jpg,rain,9,4.26
5fa422e1-2d8dd765.jpg,motion_blur,1,33.38
5fa422e1-2d8dd765.jpg,motion_blur,2,28.23
5fa422e1-2d8dd765.jpg,motion_blur,3,25.76
5fa422e1-2d8dd765.jpg,motion_blur,4,24.29
5fa422e1-2d8dd765.jpg,motion_blur,5,23.24
5fa422e1-2d8dd765.jpg,motion_blur,6,22.43
5fa422e1-2d8dd765.jpg,motion_blur,7,21.76
5fa422e1-2d8dd765.jpg,motion_blur,8,21.2
5fa422e1-2d8dd765.jpg,motion_blur,9,20.73
5fa422e1-2d8dd765.jpg,low_light,1,8.49
5fa422e1-2d8dd765.jpg,low_light,2,6.52
5fa422e1-2d8dd765.jpg,low_light,3,4.94
5fa422e1-2d8dd765.jpg,low_light,4,3.67
5fa422e1-2d8dd765.jpg,low_light,5,2.65
5fa422e1-2d8dd765.jpg,low_light,6,1.79
5fa422e1-2d8dd765.jpg,low_light,7,1.1
5fa422e1-2d8dd765.jpg,low_light,8,0.56
5fa422e1-2d8dd765.jpg,low_light,9,0.16
5fa422e1-2d8dd765.jpg,rain,1,22.19
5fa422e1-2d8dd765.jpg,rain,2,15.08
5fa422e1-2d8dd765.jpg,rain,3,10.88
5fa422e1-2d8dd765.jpg,rain,4,8.39
5fa422e1-2d8dd765.jpg,rain,5,6.62
5fa422e1-2d8dd765.jpg,rain,6,5.3
5fa422e1-2d8dd765.jpg,rain,7,4.25
5fa422e1-2d8dd765.jpg,rain,8,3.41
5fa422e1-2d8dd765.jpg,rain,9,2.69
5fb2a702-f56a339c.jpg,motion_blur,1,34.47
5fb2a702-f56a339c.jpg,motion_blur,2,29.69
5fb2a702-f56a339c.jpg,motion_blur,3,27.58
5fb2a702-f56a339c.jpg,motion_blur,4,26.35
5fb2a702-f56a339c.jpg,motion_blur,5,25.44
5fb2a702-f56a339c.jpg,motion_blur,6,24.71
5fb2a702-f56a339c.jpg,motion_blur,7,24.11
5fb2a702-f56a339c.jpg,motion_blur,8,23.59
5fb2a702-f56a339c.jpg,motion_blur,9,23.15
5fb2a702-f56a339c.jpg,low_light,1,9.73
5fb2a702-f56a339c.jpg,low_light,2,7.37
5fb2a702-f56a339c.jpg,low_light,3,5.52
5fb2a702-f56a339c.jpg,low_light,4,4.07
5fb2a702-f56a339c.jpg,low_light,5,2.92
5fb2a702-f56a339c.jpg,low_light,6,1.96
5fb2a702-f56a339c.jpg,low_light,7,1.21
5fb2a702-f56a339c.jpg,low_light,8,0.62
5fb2a702-f56a339c.jpg,low_light,9,0.19
5fb2a702-f56a339c.jpg,rain,1,21.08
5fb2a702-f56a339c.jpg,rain,2,16.03
5fb2a702-f56a339c.jpg,rain,3,12.47
5fb2a702-f56a339c.jpg,rain,4,10.27
5fb2a702-f56a339c.jpg,rain,5,8.64
5fb2a702-f56a339c.jpg,rain,6,7.43
5fb2a702-f56a339c.jpg,rain,7,6.47
5fb2a702-f56a339c.jpg,rain,8,5.67
5fb2a702-f56a339c.jpg,rain,9,4.98
6011831b-0992e205.jpg,motion_blur,1,31.41
6011831b-0992e205.jpg,motion_blur,2,26.39
6011831b-0992e205.jpg,motion_blur,3,24.16
6011831b-0992e205.jpg,motion_blur,4,22.9
6011831b-0992e205.jpg,motion_blur,5,22.02
6011831b-0992e205.jpg,motion_blur,6,21.35
6011831b-0992e205.jpg,motion_blur,7,20.81
6011831b-0992e205.jpg,motion_blur,8,20.36
6011831b-0992e205.jpg,motion_blur,9,19.98
6011831b-0992e205.jpg,low_light,1,9.56
6011831b-0992e205.jpg,low_light,2,7.22
6011831b-0992e205.jpg,low_light,3,5.4
6011831b-0992e205.jpg,low_light,4,3.98
6011831b-0992e205.jpg,low_light,5,2.86
6011831b-0992e205.jpg,low_light,6,1.92
6011831b-0992e205.jpg,low_light,7,1.18
6011831b-0992e205.jpg,low_light,8,0.6
6011831b-0992e205.jpg,low_light,9,0.18
6011831b-0992e205.jpg,rain,1,20.76
6011831b-0992e205.jpg,rain,2,15.84
6011831b-0992e205.jpg,rain,3,12.23
6011831b-0992e205.jpg,rain,4,9.97
6011831b-0992e205.jpg,rain,5,8.32
6011831b-0992e205.jpg,rain,6,7.08
6011831b-0992e205.jpg,rain,7,6.11
6011831b-0992e205.jpg,rain,8,5.33
6011831b-0992e205.jpg,rain,9,4.68
60137cc0-428b8f5b.jpg,motion_blur,1,29.32
60137cc0-428b8f5b.jpg,motion_blur,2,25.0
60137cc0-428b8f5b.jpg,motion_blur,3,23.53
60137cc0-428b8f5b.jpg,motion_blur,4,22.8
60137cc0-428b8f5b.jpg,motion_blur,5,22.29
60137cc0-428b8f5b.jpg,motion_blur,6,21.9
60137cc0-428b8f5b.jpg,motion_blur,7,21.55
60137cc0-428b8f5b.jpg,motion_blur,8,21.24
60137cc0-428b8f5b.jpg,motion_blur,9,20.98
60137cc0-428b8f5b.jpg,low_light,1,9.92
60137cc0-428b8f5b.jpg,low_light,2,7.45
60137cc0-428b8f5b.jpg,low_light,3,5.56
60137cc0-428b8f5b.jpg,low_light,4,4.09
60137cc0-428b8f5b.jpg,low_light,5,2.93
60137cc0-428b8f5b.jpg,low_light,6,1.97
60137cc0-428b8f5b.jpg,low_light,7,1.21
60137cc0-428b8f5b.jpg,low_light,8,0.62
60137cc0-428b8f5b.jpg,low_light,9,0.19
60137cc0-428b8f5b.jpg,rain,1,23.06
60137cc0-428b8f5b.jpg,rain,2,18.36
60137cc0-428b8f5b.jpg,rain,3,14.07
60137cc0-428b8f5b.jpg,rain,4,11.57
60137cc0-428b8f5b.jpg,rain,5,9.8
60137cc0-428b8f5b.jpg,rain,6,8.53
60137cc0-428b8f5b.jpg,rain,7,7.52
60137cc0-428b8f5b.jpg,rain,8,6.75
60137cc0-428b8f5b.jpg,rain,9,6.06
604b5b3e-3c2e6b6b.jpg,motion_blur,1,31.87
604b5b3e-3c2e6b6b.jpg,motion_blur,2,26.87
604b5b3e-3c2e6b6b.jpg,motion_blur,3,24.51
604b5b3e-3c2e6b6b.jpg,motion_blur,4,23.12
604b5b3e-3c2e6b6b.jpg,motion_blur,5,22.15
604b5b3e-3c2e6b6b.jpg,motion_blur,6,21.39
604b5b3e-3c2e6b6b.jpg,motion_blur,7,20.76
604b5b3e-3c2e6b6b.jpg,motion_blur,8,20.22
604b5b3e-3c2e6b6b.jpg,motion_blur,9,19.74
604b5b3e-3c2e6b6b.jpg,low_light,1,10.04
604b5b3e-3c2e6b6b.jpg,low_light,2,7.53
604b5b3e-3c2e6b6b.jpg,low_light,3,5.62
604b5b3e-3c2e6b6b.jpg,low_light,4,4.13
604b5b3e-3c2e6b6b.jpg,low_light,5,2.95
604b5b3e-3c2e6b6b.jpg,low_light,6,1.99
604b5b3e-3c2e6b6b.jpg,low_light,7,1.22
604b5b3e-3c2e6b6b.jpg,low_light,8,0.62
604b5b3e-3c2e6b6b.jpg,low_light,9,0.19
604b5b3e-3c2e6b6b.jpg,rain,1,21.78
604b5b3e-3c2e6b6b.jpg,rain,2,17.33
604b5b3e-3c2e6b6b.jpg,rain,3,13.42
604b5b3e-3c2e6b6b.jpg,rain,4,11.05
604b5b3e-3c2e6b6b.jpg,rain,5,9.36
604b5b3e-3c2e6b6b.jpg,rain,6,8.11
604b5b3e-3c2e6b6b.jpg,rain,7,7.13
604b5b3e-3c2e6b6b.jpg,rain,8,6.38
604b5b3e-3c2e6b6b.jpg,rain,9,5.7
6092f5a2-424550ba.jpg,motion_blur,1,34.91
6092f5a2-424550ba.jpg,motion_blur,2,30.11
6092f5a2-424550ba.jpg,motion_blur,3,27.97
6092f5a2-424550ba.jpg,motion_blur,4,26.73
6092f5a2-424550ba.jpg,motion_blur,5,25.84
6092f5a2-424550ba.jpg,motion_blur,6,25.13
6092f5a2-424550ba.jpg,motion_blur,7,24.54
6092f5a2-424550ba.jpg,motion_blur,8,24.04
6092f5a2-424550ba.jpg,motion_blur,9,23.6
6092f5a2-424550ba.jpg,low_light,1,10.2
6092f5a2-424550ba.jpg,low_light,2,7.62
6092f5a2-424550ba.jpg,low_light,3,5.67
6092f5a2-424550ba.jpg,low_light,4,4.16
6092f5a2-424550ba.jpg,low_light,5,2.97
6092f5a2-424550ba.jpg,low_light,6,2.0
6092f5a2-424550ba.jpg,low_light,7,1.23
6092f5a2-424550ba.jpg,low_light,8,0.63
6092f5a2-424550ba.jpg,low_light,9,0.19
6092f5a2-424550ba.jpg,rain,1,22.25
6092f5a2-424550ba.jpg,rain,2,17.4
6092f5a2-424550ba.jpg,rain,3,13.51
6092f5a2-424550ba.jpg,rain,4,11.12
6092f5a2-424550ba.jpg,rain,5,9.42
6092f5a2-424550ba.jpg,rain,6,8.2
6092f5a2-424550ba.jpg,rain,7,7.27
6092f5a2-424550ba.jpg,rain,8,6.55
6092f5a2-424550ba.jpg,rain,9,5.94
60ba25dd-6c0df417.jpg,motion_blur,1,35.35
60ba25dd-6c0df417.jpg,motion_blur,2,30.45
60ba25dd-6c0df417.jpg,motion_blur,3,28.34
60ba25dd-6c0df417.jpg,motion_blur,4,27.17
60ba25dd-6c0df417.jpg,motion_blur,5,26.33
60ba25dd-6c0df417.jpg,motion_blur,6,25.66
60ba25dd-6c0df417.jpg,motion_blur,7,25.12
60ba25dd-6c0df417.jpg,motion_blur,8,24.65
60ba25dd-6c0df417.jpg,motion_blur,9,24.24
60ba25dd-6c0df417.jpg,low_light,1,9.43
60ba25dd-6c0df417.jpg,low_light,2,7.1
60ba25dd-6c0df417.jpg,low_light,3,5.32
60ba25dd-6c0df417.jpg,low_light,4,3.92
60ba25dd-6c0df417.jpg,low_light,5,2.81
60ba25dd-6c0df417.jpg,low_light,6,1.89
60ba25dd-6c0df417.jpg,low_light,7,1.16
60ba25dd-6c0df417.jpg,low_light,8,0.59
60ba25dd-6c0df417.jpg,low_light,9,0.18
60ba25dd-6c0df417.jpg,rain,1,23.16
60ba25dd-6c0df417.jpg,rain,2,17.8
60ba25dd-6c0df417.jpg,rain,3,13.32
60ba25dd-6c0df417.jpg,rain,4,10.76
60ba25dd-6c0df417.jpg,rain,5,8.95
60ba25dd-6c0df417.jpg,rain,6,7.64
60ba25dd-6c0df417.jpg,rain,7,6.64
60ba25dd-6c0df417.jpg,rain,8,5.85
60ba25dd-6c0df417.jpg,rain,9,5.18
60c678e7-4813ae0f.jpg,motion_blur,1,28.34
60c678e7-4813ae0f.jpg,motion_blur,2,23.6
60c678e7-4813ae0f.jpg,motion_blur,3,21.6
60c678e7-4813ae0f.jpg,motion_blur,4,20.53
60c678e7-4813ae0f.jpg,motion_blur,5,19.77
60c678e7-4813ae0f.jpg,motion_blur,6,19.15
60c678e7-4813ae0f.jpg,motion_blur,7,18.64
60c678e7-4813ae0f.jpg,motion_blur,8,18.24
60c678e7-4813ae0f.jpg,motion_blur,9,17.89
60c678e7-4813ae0f.jpg,low_light,1,9.23
60c678e7-4813ae0f.jpg,low_light,2,7.02
60c678e7-4813ae0f.jpg,low_light,3,5.27
60c678e7-4813ae0f.jpg,low_light,4,3.9
60c678e7-4813ae0f.jpg,low_light,5,2.79
60c678e7-4813ae0f.jpg,low_light,6,1.89
60c678e7-4813ae0f.jpg,low_light,7,1.16
60c678e7-4813ae0f.jpg,low_light,8,0.59
60c678e7-4813ae0f.jpg,low_light,9,0.18
60c678e7-4813ae0f.jpg,rain,1,22.61
60c678e7-4813ae0f.jpg,rain,2,16.17
60c678e7-4813ae0f.jpg,rain,3,11.84
60c678e7-4813ae0f.jpg,rain,4,9.28
60c678e7-4813ae0f.jpg,rain,5,7.49
60c678e7-4813ae0f.jpg,rain,6,6.18
60c678e7-4813ae0f.jpg,rain,7,5.18
60c678e7-4813ae0f.jpg,rain,8,4.36
60c678e7-4813ae0f.jpg,rain,9,3.68
614ecada-16b0f8b6.jpg,motion_blur,1,33.65
614ecada-16b0f8b6.jpg,motion_blur,2,28.92
614ecada-16b0f8b6.jpg,motion_blur,3,26.91
614ecada-16b0f8b6.jpg,motion_blur,4,25.71
614ecada-16b0f8b6.jpg,motion_blur,5,24.83
614ecada-16b0f8b6.jpg,motion_blur,6,24.15
614ecada-16b0f8b6.jpg,motion_blur,7,23.6
614ecada-16b0f8b6.jpg,motion_blur,8,23.13
614ecada-16b0f8b6.jpg,motion_blur,9,22.73
614ecada-16b0f8b6.jpg,low_light,1,9.6
614ecada-16b0f8b6.jpg,low_light,2,7.29
614ecada-16b0f8b6.jpg,low_light,3,5.47
614ecada-16b0f8b6.jpg,low_light,4,4.03
614ecada-16b0f8b6.jpg,low_light,5,2.89
614ecada-16b0f8b6.jpg,low_light,6,1.95
614ecada-16b0f8b6.jpg,low_light,7,1.2
614ecada-16b0f8b6.jpg,low_light,8,0.61
614ecada-16b0f8b6.jpg,low_light,9,0.18
614ecada-16b0f8b6.jpg,rain,1,22.22
614ecada-16b0f8b6.jpg,rain,2,17.08
614ecada-16b0f8b6.jpg,rain,3,13.13
614ecada-16b0f8b6.jpg,rain,4,10.71
614ecada-16b0f8b6.jpg,rain,5,8.96
614ecada-16b0f8b6.jpg,rain,6,7.65
614ecada-16b0f8b6.jpg,rain,7,6.62
614ecada-16b0f8b6.jpg,rain,8,5.78
614ecada-16b0f8b6.jpg,rain,9,5.06
61e4ad87-53ceb455.jpg,motion_blur,1,36.15
61e4ad87-53ceb455.jpg,motion_blur,2,31.14
61e4ad87-53ceb455.jpg,motion_blur,3,28.65
61e4ad87-53ceb455.jpg,motion_blur,4,27.15
61e4ad87-53ceb455.jpg,motion_blur,5,26.11
61e4ad87-53ceb455.jpg,motion_blur,6,25.32
61e4ad87-53ceb455.jpg,motion_blur,7,24.68
61e4ad87-53ceb455.jpg,motion_blur,8,24.15
61e4ad87-53ceb455.jpg,motion_blur,9,23.69
61e4ad87-53ceb455.jpg,low_light,1,9.71
61e4ad87-53ceb455.jpg,low_light,2,7.32
61e4ad87-53ceb455.jpg,low_light,3,5.48
61e4ad87-53ceb455.jpg,low_light,4,4.03
61e4ad87-53ceb455.jpg,low_light,5,2.89
61e4ad87-53ceb455.jpg,low_light,6,1.94
61e4ad87-53ceb455.jpg,low_light,7,1.2
61e4ad87-53ceb455.jpg,low_light,8,0.61
61e4ad87-53ceb455.jpg,low_light,9,0.18
61e4ad87-53ceb455.jpg,rain,1,23.27
61e4ad87-53ceb455.jpg,rain,2,17.6
61e4ad87-53ceb455.jpg,rain,3,13.13
61e4ad87-53ceb455.jpg,rain,4,10.55
61e4ad87-53ceb455.jpg,rain,5,8.75
61e4ad87-53ceb455.jpg,rain,6,7.43
61e4ad87-53ceb455.jpg,rain,7,6.39
61e4ad87-53ceb455.jpg,rain,8,5.56
61e4ad87-53ceb455.jpg,rain,9,4.86
6240d7b3-b51b5788.jpg,motion_blur,1,34.31
6240d7b3-b51b5788.jpg,motion_blur,2,29.16
6240d7b3-b51b5788.jpg,motion_blur,3,26.64
6240d7b3-b51b5788.jpg,motion_blur,4,25.11
6240d7b3-b51b5788.jpg,motion_blur,5,24.05
6240d7b3-b51b5788.jpg,motion_blur,6,23.26
6240d7b3-b51b5788.jpg,motion_blur,7,22.63
6240d7b3-b51b5788.jpg,motion_blur,8,22.09
6240d7b3-b51b5788.jpg,motion_blur,9,21.63
6240d7b3-b51b5788.jpg,low_light,1,10.02
6240d7b3-b51b5788.jpg,low_light,2,7.52
6240d7b3-b51b5788.jpg,low_light,3,5.6
6240d7b3-b51b5788.jpg,low_light,4,4.12
6240d7b3-b51b5788.jpg,low_light,5,2.95
6240d7b3-b51b5788.jpg,low_light,6,1.98
6240d7b3-b51b5788.jpg,low_light,7,1.22
6240d7b3-b51b5788.jpg,low_light,8,0.62
6240d7b3-b51b5788.jpg,low_light,9,0.19
6240d7b3-b51b5788.jpg,rain,1,23.04
6240d7b3-b51b5788.jpg,rain,2,18.79
6240d7b3-b51b5788.jpg,rain,3,14.49
6240d7b3-b51b5788.jpg,rain,4,11.94
6240d7b3-b51b5788.jpg,rain,5,10.13
6240d7b3-b51b5788.jpg,rain,6,8.82
6240d7b3-b51b5788.jpg,rain,7,7.81
6240d7b3-b51b5788.jpg,rain,8,6.99
6240d7b3-b51b5788.jpg,rain,9,6.29
62aefb36-b685117f.jpg,motion_blur,1,34.39
62aefb36-b685117f.jpg,motion_blur,2,29.67
62aefb36-b685117f.jpg,motion_blur,3,27.79
62aefb36-b685117f.jpg,motion_blur,4,26.64
62aefb36-b685117f.jpg,motion_blur,5,25.69
62aefb36-b685117f.jpg,motion_blur,6,24.89
62aefb36-b685117f.jpg,motion_blur,7,24.22
62aefb36-b685117f.jpg,motion_blur,8,23.66
62aefb36-b685117f.jpg,motion_blur,9,23.17
62aefb36-b685117f.jpg,low_light,1,9.54
62aefb36-b685117f.jpg,low_light,2,7.25
62aefb36-b685117f.jpg,low_light,3,5.45
62aefb36-b685117f.jpg,low_light,4,4.02
62aefb36-b685117f.jpg,low_light,5,2.89
62aefb36-b685117f.jpg,low_light,6,1.94
62aefb36-b685117f.jpg,low_light,7,1.19
62aefb36-b685117f.jpg,low_light,8,0.61
62aefb36-b685117f.jpg,low_light,9,0.18
62aefb36-b685117f.jpg,rain,1,21.28
62aefb36-b685117f.jpg,rain,2,16.0
62aefb36-b685117f.jpg,rain,3,12.34
62aefb36-b685117f.jpg,rain,4,10.03
62aefb36-b685117f.jpg,rain,5,8.35
62aefb36-b685117f.jpg,rain,6,7.08
62aefb36-b685117f.jpg,rain,7,6.06
62aefb36-b685117f.jpg,rain,8,5.23
62aefb36-b685117f.jpg,rain,9,4.52
634c1785-3bb9a8a2.jpg,motion_blur,1,40.49
634c1785-3bb9a8a2.jpg,motion_blur,2,35.71
634c1785-3bb9a8a2.jpg,motion_blur,3,32.86
634c1785-3bb9a8a2.jpg,motion_blur,4,30.83
634c1785-3bb9a8a2.jpg,motion_blur,5,29.26
634c1785-3bb9a8a2.jpg,motion_blur,6,28.04
634c1785-3bb9a8a2.jpg,motion_blur,7,27.09
634c1785-3bb9a8a2.jpg,motion_blur,8,26.36
634c1785-3bb9a8a2.jpg,motion_blur,9,25.8
634c1785-3bb9a8a2.jpg,low_light,1,9.49
634c1785-3bb9a8a2.jpg,low_light,2,7.19
634c1785-3bb9a8a2.jpg,low_light,3,5.39
634c1785-3bb9a8a2.jpg,low_light,4,3.98
634c1785-3bb9a8a2.jpg,low_light,5,2.85
634c1785-3bb9a8a2.jpg,low_light,6,1.92
634c1785-3bb9a8a2.jpg,low_light,7,1.18
634c1785-3bb9a8a2.jpg,low_light,8,0.6
634c1785-3bb9a8a2.jpg,low_light,9,0.18
634c1785-3bb9a8a2.jpg,rain,1,22.0
634c1785-3bb9a8a2.jpg,rain,2,17.04
634c1785-3bb9a8a2.jpg,rain,3,13.13
634c1785-3bb9a8a2.jpg,rain,4,10.74
634c1785-3bb9a8a2.jpg,rain,5,9.01
634c1785-3bb9a8a2.jpg,rain,6,7.73
634c1785-3bb9a8a2.jpg,rain,7,6.71
634c1785-3bb9a8a2.jpg,rain,8,5.88
634c1785-3bb9a8a2.jpg,rain,9,5.17
634c1785-aeb1652f.jpg,motion_blur,1,38.54
634c1785-aeb1652f.jpg,motion_blur,2,33.16
634c1785-aeb1652f.jpg,motion_blur,3,30.4
634c1785-aeb1652f.jpg,motion_blur,4,28.68
634c1785-aeb1652f.jpg,motion_blur,5,27.43
634c1785-aeb1652f.jpg,motion_blur,6,26.46
634c1785-aeb1652f.jpg,motion_blur,7,25.67
634c1785-aeb1652f.jpg,motion_blur,8,24.99
634c1785-aeb1652f.jpg,motion_blur,9,24.41
634c1785-aeb1652f.jpg,low_light,1,9.33
634c1785-aeb1652f.jpg,low_light,2,7.1
634c1785-aeb1652f.jpg,low_light,3,5.33
634c1785-aeb1652f.jpg,low_light,4,3.94
634c1785-aeb1652f.jpg,low_light,5,2.83
634c1785-aeb1652f.jpg,low_light,6,1.9
634c1785-aeb1652f.jpg,low_light,7,1.17
634c1785-aeb1652f.jpg,low_light,8,0.6
634c1785-aeb1652f.jpg,low_light,9,0.18
634c1785-aeb1652f.jpg,rain,1,21.59
634c1785-aeb1652f.jpg,rain,2,16.27
634c1785-aeb1652f.jpg,rain,3,12.45
634c1785-aeb1652f.jpg,rain,4,10.09
634c1785-aeb1652f.jpg,rain,5,8.38
634c1785-aeb1652f.jpg,rain,6,7.1
634c1785-aeb1652f.jpg,rain,7,6.09
634c1785-aeb1652f.jpg,rain,8,5.26
634c1785-aeb1652f.jpg,rain,9,4.56
63f73472-028615f1.jpg,motion_blur,1,34.34
63f73472-028615f1.jpg,motion_blur,2,29.54
63f73472-028615f1.jpg,motion_blur,3,27.18
63f73472-028615f1.jpg,motion_blur,4,25.75
63f73472-028615f1.jpg,motion_blur,5,24.71
63f73472-028615f1.jpg,motion_blur,6,23.88
63f73472-028615f1.jpg,motion_blur,7,23.18
63f73472-028615f1.jpg,motion_blur,8,22.59
63f73472-028615f1.jpg,motion_blur,9,22.07
63f73472-028615f1.jpg,low_light,1,9.51
63f73472-028615f1.jpg,low_light,2,7.2
63f73472-028615f1.jpg,low_light,3,5.4
63f73472-028615f1.jpg,low_light,4,3.98
63f73472-028615f1.jpg,low_light,5,2.86
63f73472-028615f1.jpg,low_light,6,1.92
63f73472-028615f1.jpg,low_light,7,1.18
63f73472-028615f1.jpg,low_light,8,0.6
63f73472-028615f1.jpg,low_light,9,0.18
63f73472-028615f1.jpg,rain,1,21.56
63f73472-028615f1.jpg,rain,2,16.52
63f73472-028615f1.jpg,rain,3,12.74
63f73472-028615f1.jpg,rain,4,10.42
63f73472-028615f1.jpg,rain,5,8.71
63f73472-028615f1.jpg,rain,6,7.45
63f73472-028615f1.jpg,rain,7,6.45
63f73472-028615f1.jpg,rain,8,5.64
63f73472-028615f1.jpg,rain,9,4.96
6485ad0a-245d1600.jpg,motion_blur,1,36.13
6485ad0a-245d1600.jpg,motion_blur,2,30.55
6485ad0a-245d1600.jpg,motion_blur,3,27.78
6485ad0a-245d1600.jpg,motion_blur,4,26.29
6485ad0a-245d1600.jpg,motion_blur,5,25.5
6485ad0a-245d1600.jpg,motion_blur,6,25.06
6485ad0a-245d1600.jpg,motion_blur,7,24.75
6485ad0a-245d1600.jpg,motion_blur,8,24.45
6485ad0a-245d1600.jpg,motion_blur,9,24.14
6485ad0a-245d1600.jpg,low_light,1,10.31
6485ad0a-245d1600.jpg,low_light,2,7.7
6485ad0a-245d1600.jpg,low_light,3,5.72
6485ad0a-245d1600.jpg,low_light,4,4.2
6485ad0a-245d1600.jpg,low_light,5,3.0
6485ad0a-245d1600.jpg,low_light,6,2.01
6485ad0a-245d1600.jpg,low_light,7,1.24
6485ad0a-245d1600.jpg,low_light,8,0.63
6485ad0a-245d1600.jpg,low_light,9,0.2
6485ad0a-245d1600.jpg,rain,1,22.62
6485ad0a-245d1600.jpg,rain,2,18.17
6485ad0a-245d1600.jpg,rain,3,14.19
6485ad0a-245d1600.jpg,rain,4,11.77
6485ad0a-245d1600.jpg,rain,5,10.03
6485ad0a-245d1600.jpg,rain,6,8.77
6485ad0a-245d1600.jpg,rain,7,7.8
6485ad0a-245d1600.jpg,rain,8,7.02
6485ad0a-245d1600.jpg,rain,9,6.39
648dc925-e359dbec.jpg,motion_blur,1,39.28
648dc925-e359dbec.jpg,motion_blur,2,34.66
648dc925-e359dbec.jpg,motion_blur,3,32.2
648dc925-e359dbec.jpg,motion_blur,4,30.57
648dc925-e359dbec.jpg,motion_blur,5,29.37
648dc925-e359dbec.jpg,motion_blur,6,28.43
648dc925-e359dbec.jpg,motion_blur,7,27.66
648dc925-e359dbec.jpg,motion_blur,8,26.97
648dc925-e359dbec.jpg,motion_blur,9,26.36
648dc925-e359dbec.jpg,low_light,1,10.88
648dc925-e359dbec.jpg,low_light,2,8.04
648dc925-e359dbec.jpg,low_light,3,5.94
648dc925-e359dbec.jpg,low_light,4,4.34
648dc925-e359dbec.jpg,low_light,5,3.09
648dc925-e359dbec.jpg,low_light,6,2.08
648dc925-e359dbec.jpg,low_light,7,1.27
648dc925-e359dbec.jpg,low_light,8,0.65
648dc925-e359dbec.jpg,low_light,9,0.2
648dc925-e359dbec.jpg,rain,1,23.16
648dc925-e359dbec.jpg,rain,2,20.29
648dc925-e359dbec.jpg,rain,3,15.99
648dc925-e359dbec.jpg,rain,4,13.51
648dc925-e359dbec.jpg,rain,5,11.78
648dc925-e359dbec.jpg,rain,6,10.53
648dc925-e359dbec.jpg,rain,7,9.57
648dc925-e359dbec.jpg,rain,8,8.81
648dc925-e359dbec.jpg,rain,9,8.15
65edc5a1-f309fed7.jpg,motion_blur,1,34.28
65edc5a1-f309fed7.jpg,motion_blur,2,29.42
65edc5a1-f309fed7.jpg,motion_blur,3,27.36
65edc5a1-f309fed7.jpg,motion_blur,4,26.23
65edc5a1-f309fed7.jpg,motion_blur,5,25.44
65edc5a1-f309fed7.jpg,motion_blur,6,24.81
65edc5a1-f309fed7.jpg,motion_blur,7,24.29
65edc5a1-f309fed7.jpg,motion_blur,8,23.84
65edc5a1-f309fed7.jpg,motion_blur,9,23.44
65edc5a1-f309fed7.jpg,low_light,1,9.75
65edc5a1-f309fed7.jpg,low_light,2,7.4
65edc5a1-f309fed7.jpg,low_light,3,5.55
65edc5a1-f309fed7.jpg,low_light,4,4.09
65edc5a1-f309fed7.jpg,low_light,5,2.93
65edc5a1-f309fed7.jpg,low_light,6,1.97
65edc5a1-f309fed7.jpg,low_light,7,1.21
65edc5a1-f309fed7.jpg,low_light,8,0.62
65edc5a1-f309fed7.jpg,low_light,9,0.19
65edc5a1-f309fed7.jpg,rain,1,21.31
65edc5a1-f309fed7.jpg,rain,2,15.57
65edc5a1-f309fed7.jpg,rain,3,11.87
65edc5a1-f309fed7.jpg,rain,4,9.58
65edc5a1-f309fed7.jpg,rain,5,7.91
65edc5a1-f309fed7.jpg,rain,6,6.67
65edc5a1-f309fed7.jpg,rain,7,5.67
65edc5a1-f309fed7.jpg,rain,8,4.85
65edc5a1-f309fed7.jpg,rain,9,4.13
661381d9-1114a810.jpg,motion_blur,1,31.13
661381d9-1114a810.jpg,motion_blur,2,26.72
661381d9-1114a810.jpg,motion_blur,3,24.62
661381d9-1114a810.jpg,motion_blur,4,23.32
661381d9-1114a810.jpg,motion_blur,5,22.37
661381d9-1114a810.jpg,motion_blur,6,21.62
661381d9-1114a810.jpg,motion_blur,7,21.01
661381d9-1114a810.jpg,motion_blur,8,20.49
661381d9-1114a810.jpg,motion_blur,9,20.05
661381d9-1114a810.jpg,low_light,1,9.09
661381d9-1114a810.jpg,low_light,2,6.97
661381d9-1114a810.jpg,low_light,3,5.26
661381d9-1114a810.jpg,low_light,4,3.89
661381d9-1114a810.jpg,low_light,5,2.8
661381d9-1114a810.jpg,low_light,6,1.88
661381d9-1114a810.jpg,low_light,7,1.16
661381d9-1114a810.jpg,low_light,8,0.59
661381d9-1114a810.jpg,low_light,9,0.18
661381d9-1114a810.jpg,rain,1,22.94
661381d9-1114a810.jpg,rain,2,16.2
661381d9-1114a810.jpg,rain,3,11.87
661381d9-1114a810.jpg,rain,4,9.35
661381d9-1114a810.jpg,rain,5,7.55
661381d9-1114a810.jpg,rain,6,6.2
661381d9-1114a810.jpg,rain,7,5.14
661381d9-1114a810.jpg,rain,8,4.27
661381d9-1114a810.jpg,rain,9,3.52
664cb246-f84cfaf4.jpg,motion_blur,1,29.62
664cb246-f84cfaf4.jpg,motion_blur,2,24.37
664cb246-f84cfaf4.jpg,motion_blur,3,22.02
664cb246-f84cfaf4.jpg,motion_blur,4,20.63
664cb246-f84cfaf4.jpg,motion_blur,5,19.65
664cb246-f84cfaf4.jpg,motion_blur,6,18.91
664cb246-f84cfaf4.jpg,motion_blur,7,18.35
664cb246-f84cfaf4.jpg,motion_blur,8,17.89
664cb246-f84cfaf4.jpg,motion_blur,9,17.51
664cb246-f84cfaf4.jpg,low_light,1,10.0
664cb246-f84cfaf4.jpg,low_light,2,7.56
664cb246-f84cfaf4.jpg,low_light,3,5.65
664cb246-f84cfaf4.jpg,low_light,4,4.16
664cb246-f84cfaf4.jpg,low_light,5,2.98
664cb246-f84cfaf4.jpg,low_light,6,2.0
664cb246-f84cfaf4.jpg,low_light,7,1.23
664cb246-f84cfaf4.jpg,low_light,8,0.63
664cb246-f84cfaf4.jpg,low_light,9,0.19
664cb246-f84cfaf4.jpg,rain,1,21.95
664cb246-f84cfaf4.jpg,rain,2,15.22
664cb246-f84cfaf4.jpg,rain,3,11.27
664cb246-f84cfaf4.jpg,rain,4,8.91
664cb246-f84cfaf4.jpg,rain,5,7.2
664cb246-f84cfaf4.jpg,rain,6,5.94
664cb246-f84cfaf4.jpg,rain,7,4.93
664cb246-f84cfaf4.jpg,rain,8,4.1
664cb246-f84cfaf4.jpg,rain,9,3.38
675cf8fa-4b1ce8b9.jpg,motion_blur,1,30.65
675cf8fa-4b1ce8b9.jpg,motion_blur,2,25.9
675cf8fa-4b1ce8b9.jpg,motion_blur,3,23.91
675cf8fa-4b1ce8b9.jpg,motion_blur,4,22.76
675cf8fa-4b1ce8b9.jpg,motion_blur,5,21.94
675cf8fa-4b1ce8b9.jpg,motion_blur,6,21.31
675cf8fa-4b1ce8b9.jpg,motion_blur,7,20.81
675cf8fa-4b1ce8b9.jpg,motion_blur,8,20.38
675cf8fa-4b1ce8b9.jpg,motion_blur,9,20.02
675cf8fa-4b1ce8b9.jpg,low_light,1,9.09
675cf8fa-4b1ce8b9.jpg,low_light,2,6.98
675cf8fa-4b1ce8b9.jpg,low_light,3,5.27
675cf8fa-4b1ce8b9.jpg,low_light,4,3.91
675cf8fa-4b1ce8b9.jpg,low_light,5,2.81
675cf8fa-4b1ce8b9.jpg,low_light,6,1.89
675cf8fa-4b1ce8b9.jpg,low_light,7,1.16
675cf8fa-4b1ce8b9.jpg,low_light,8,0.59
675cf8fa-4b1ce8b9.jpg,low_light,9,0.18
675cf8fa-4b1ce8b9.jpg,rain,1,22.37
675cf8fa-4b1ce8b9.jpg,rain,2,14.87
675cf8fa-4b1ce8b9.jpg,rain,3,10.68
675cf8fa-4b1ce8b9.jpg,rain,4,8.21
675cf8fa-4b1ce8b9.jpg,rain,5,6.44
675cf8fa-4b1ce8b9.jpg,rain,6,5.12
675cf8fa-4b1ce8b9.jpg,rain,7,4.08
675cf8fa-4b1ce8b9.jpg,rain,8,3.23
675cf8fa-4b1ce8b9.jpg,rain,9,2.49
67faeadf-eb09a636.jpg,motion_blur,1,36.79
67faeadf-eb09a636.jpg,motion_blur,2,31.55
67faeadf-eb09a636.jpg,motion_blur,3,28.6
67faeadf-eb09a636.jpg,motion_blur,4,26.7
67faeadf-eb09a636.jpg,motion_blur,5,25.36
67faeadf-eb09a636.jpg,motion_blur,6,24.36
67faeadf-eb09a636.jpg,motion_blur,7,23.58
67faeadf-eb09a636.jpg,motion_blur,8,22.95
67faeadf-eb09a636.jpg,motion_blur,9,22.43
67faeadf-eb09a636.jpg,low_light,1,9.44
67faeadf-eb09a636.jpg,low_light,2,7.21
67faeadf-eb09a636.jpg,low_light,3,5.42
67faeadf-eb09a636.jpg,low_light,4,4.01
67faeadf-eb09a636.jpg,low_light,5,2.87
67faeadf-eb09a636.jpg,low_light,6,1.94
67faeadf-eb09a636.jpg,low_light,7,1.19
67faeadf-eb09a636.jpg,low_light,8,0.61
67faeadf-eb09a636.jpg,low_light,9,0.18
67faeadf-eb09a636.jpg,rain,1,22.72
67faeadf-eb09a636.jpg,rain,2,16.31
67faeadf-eb09a636.jpg,rain,3,11.97
67faeadf-eb09a636.jpg,rain,4,9.47
67faeadf-eb09a636.jpg,rain,5,7.67
67faeadf-eb09a636.jpg,rain,6,6.36
67faeadf-eb09a636.jpg,rain,7,5.31
67faeadf-eb09a636.jpg,rain,8,4.45
67faeadf-eb09a636.jpg,rain,9,3.71
691be377-5dbc29ee.jpg,motion_blur,1,36.59
691be377-5dbc29ee.jpg,motion_blur,2,32.32
691be377-5dbc29ee.jpg,motion_blur,3,30.36
691be377-5dbc29ee.jpg,motion_blur,4,29.14
691be377-5dbc29ee.jpg,motion_blur,5,28.23
691be377-5dbc29ee.jpg,motion_blur,6,27.52
691be377-5dbc29ee.jpg,motion_blur,7,26.94
691be377-5dbc29ee.jpg,motion_blur,8,26.44
691be377-5dbc29ee.jpg,motion_blur,9,26.0
691be377-5dbc29ee.jpg,low_light,1,10.52
691be377-5dbc29ee.jpg,low_light,2,7.83
691be377-5dbc29ee.jpg,low_light,3,5.8
691be377-5dbc29ee.jpg,low_light,4,4.25
691be377-5dbc29ee.jpg,low_light,5,3.04
691be377-5dbc29ee.jpg,low_light,6,2.04
691be377-5dbc29ee.jpg,low_light,7,1.25
691be377-5dbc29ee.jpg,low_light,8,0.64
691be377-5dbc29ee.jpg,low_light,9,0.2
691be377-5dbc29ee.jpg,rain,1,22.92
691be377-5dbc29ee.jpg,rain,2,18.9
691be377-5dbc29ee.jpg,rain,3,14.85
691be377-5dbc29ee.jpg,rain,4,12.49
691be377-5dbc29ee.jpg,rain,5,10.82
691be377-5dbc29ee.jpg,rain,6,9.6
691be377-5dbc29ee.jpg,rain,7,8.66
691be377-5dbc29ee.jpg,rain,8,7.9
691be377-5dbc29ee.jpg,rain,9,7.25
692f1303-05178963.jpg,motion_blur,1,33.3
692f1303-05178963.jpg,motion_blur,2,28.56
692f1303-05178963.jpg,motion_blur,3,26.4
692f1303-05178963.jpg,motion_blur,4,25.12
692f1303-05178963.jpg,motion_blur,5,24.24
692f1303-05178963.jpg,motion_blur,6,23.59
692f1303-05178963.jpg,motion_blur,7,23.08
692f1303-05178963.jpg,motion_blur,8,22.64
692f1303-05178963.jpg,motion_blur,9,22.27
692f1303-05178963.jpg,low_light,1,10.11
692f1303-05178963.jpg,low_light,2,7.6
692f1303-05178963.jpg,low_light,3,5.67
692f1303-05178963.jpg,low_light,4,4.17
692f1303-05178963.jpg,low_light,5,2.98
692f1303-05178963.jpg,low_light,6,2.0
692f1303-05178963.jpg,low_light,7,1.23
692f1303-05178963.jpg,low_light,8,0.63
692f1303-05178963.jpg,low_light,9,0.19
692f1303-05178963.jpg,rain,1,20.98
692f1303-05178963.jpg,rain,2,15.82
692f1303-05178963.jpg,rain,3,12.28
692f1303-05178963.jpg,rain,4,10.07
692f1303-05178963.jpg,rain,5,8.45
692f1303-05178963.jpg,rain,6,7.25
692f1303-05178963.jpg,rain,7,6.28
692f1303-05178963.jpg,rain,8,5.5
692f1303-05178963.jpg,rain,9,4.82
692f9b08-bdbbd729.jpg,motion_blur,1,38.47
692f9b08-bdbbd729.jpg,motion_blur,2,33.45
692f9b08-bdbbd729.jpg,motion_blur,3,31.03
692f9b08-bdbbd729.jpg,motion_blur,4,29.58
692f9b08-bdbbd729.jpg,motion_blur,5,28.53
692f9b08-bdbbd729.jpg,motion_blur,6,27.7
692f9b08-bdbbd729.jpg,motion_blur,7,27.02
692f9b08-bdbbd729.jpg,motion_blur,8,26.45
692f9b08-bdbbd729.jpg,motion_blur,9,25.96
692f9b08-bdbbd729.jpg,low_light,1,10.21
692f9b08-bdbbd729.jpg,low_light,2,7.69
692f9b08-bdbbd729.jpg,low_light,3,5.73
692f9b08-bdbbd729.jpg,low_light,4,4.21
692f9b08-bdbbd729.jpg,low_light,5,3.01
692f9b08-bdbbd729.jpg,low_light,6,2.02
692f9b08-bdbbd729.jpg,low_light,7,1.24
692f9b08-bdbbd729.jpg,low_light,8,0.64
692f9b08-bdbbd729.jpg,low_light,9,0.19
692f9b08-bdbbd729.jpg,rain,1,21.44
692f9b08-bdbbd729.jpg,rain,2,17.08
692f9b08-bdbbd729.jpg,rain,3,13.59
692f9b08-bdbbd729.jpg,rain,4,11.37
692f9b08-bdbbd729.jpg,rain,5,9.73
692f9b08-bdbbd729.jpg,rain,6,8.51
692f9b08-bdbbd729.jpg,rain,7,7.54
692f9b08-bdbbd729.jpg,rain,8,6.74
692f9b08-bdbbd729.jpg,rain,9,6.06
69bfbe31-5ee2a642.jpg,motion_blur,1,30.62
69bfbe31-5ee2a642.jpg,motion_blur,2,26.14
69bfbe31-5ee2a642.jpg,motion_blur,3,24.28
69bfbe31-5ee2a642.jpg,motion_blur,4,23.19
69bfbe31-5ee2a642.jpg,motion_blur,5,22.42
69bfbe31-5ee2a642.jpg,motion_blur,6,21.82
69bfbe31-5ee2a642.jpg,motion_blur,7,21.28
69bfbe31-5ee2a642.jpg,motion_blur,8,20.79
69bfbe31-5ee2a642.jpg,motion_blur,9,20.36
69bfbe31-5ee2a642.jpg,low_light,1,9.65
69bfbe31-5ee2a642.jpg,low_light,2,7.31
69bfbe31-5ee2a642.jpg,low_light,3,5.48
69bfbe31-5ee2a642.jpg,low_light,4,4.04
69bfbe31-5ee2a642.jpg,low_light,5,2.9
69bfbe31-5ee2a642.jpg,low_light,6,1.95
69bfbe31-5ee2a642.jpg,low_light,7,1.2
69bfbe31-5ee2a642.jpg,low_light,8,0.61
69bfbe31-5ee2a642.jpg,low_light,9,0.18
69bfbe31-5ee2a642.jpg,rain,1,22.84
69bfbe31-5ee2a642.jpg,rain,2,17.37
69bfbe31-5ee2a642.jpg,rain,3,13.17
69bfbe31-5ee2a642.jpg,rain,4,10.69
69bfbe31-5ee2a642.jpg,rain,5,8.92
69bfbe31-5ee2a642.jpg,rain,6,7.63
69bfbe31-5ee2a642.jpg,rain,7,6.61
69bfbe31-5ee2a642.jpg,rain,8,5.76
69bfbe31-5ee2a642.jpg,rain,9,5.03
69cf7667-68f59649.jpg,motion_blur,1,33.06
69cf7667-68f59649.jpg,motion_blur,2,28.42
69cf7667-68f59649.jpg,motion_blur,3,26.55
69cf7667-68f59649.jpg,motion_blur,4,25.54
69cf7667-68f59649.jpg,motion_blur,5,24.83
69cf7667-68f59649.jpg,motion_blur,6,24.27
69cf7667-68f59649.jpg,motion_blur,7,23.79
69cf7667-68f59649.jpg,motion_blur,8,23.39
69cf7667-68f59649.jpg,motion_blur,9,23.04
69cf7667-68f59649.jpg,low_light,1,10.17
69cf7667-68f59649.jpg,low_light,2,7.64
69cf7667-68f59649.jpg,low_light,3,5.69
69cf7667-68f59649.jpg,low_light,4,4.18
69cf7667-68f59649.jpg,low_light,5,2.99
69cf7667-68f59649.jpg,low_light,6,2.01
69cf7667-68f59649.jpg,low_light,7,1.23
69cf7667-68f59649.jpg,low_light,8,0.63
69cf7667-68f59649.jpg,low_light,9,0.19
69cf7667-68f59649.jpg,rain,1,21.84
69cf7667-68f59649.jpg,rain,2,17.06
69cf7667-68f59649.jpg,rain,3,13.36
69cf7667-68f59649.jpg,rain,4,11.1
69cf7667-68f59649.jpg,rain,5,9.45
69cf7667-68f59649.jpg,rain,6,8.23
69cf7667-68f59649.jpg,rain,7,7.26
69cf7667-68f59649.jpg,rain,8,6.48
69cf7667-68f59649.jpg,rain,9,5.79
69cf7667-7eb40860.jpg,motion_blur,1,33.73
69cf7667-7eb40860.jpg,motion_blur,2,28.65
69cf7667-7eb40860.jpg,motion_blur,3,26.23
69cf7667-7eb40860.jpg,motion_blur,4,24.86
69cf7667-7eb40860.jpg,motion_blur,5,23.95
69cf7667-7eb40860.jpg,motion_blur,6,23.24
69cf7667-7eb40860.jpg,motion_blur,7,22.63
69cf7667-7eb40860.jpg,motion_blur,8,22.11
69cf7667-7eb40860.jpg,motion_blur,9,21.69
69cf7667-7eb40860.jpg,low_light,1,9.53
69cf7667-7eb40860.jpg,low_light,2,7.21
69cf7667-7eb40860.jpg,low_light,3,5.41
69cf7667-7eb40860.jpg,low_light,4,3.99
69cf7667-7eb40860.jpg,low_light,5,2.86
69cf7667-7eb40860.jpg,low_light,6,1.93
69cf7667-7eb40860.jpg,low_light,7,1.18
69cf7667-7eb40860.jpg,low_light,8,0.6
69cf7667-7eb40860.jpg,low_light,9,0.19
69cf7667-7eb40860.jpg,rain,1,19.77
69cf7667-7eb40860.jpg,rain,2,13.88
69cf7667-7eb40860.jpg,rain,3,10.45
69cf7667-7eb40860.jpg,rain,4,8.35
69cf7667-7eb40860.jpg,rain,5,6.8
69cf7667-7eb40860.jpg,rain,6,5.66
69cf7667-7eb40860.jpg,rain,7,4.76
69cf7667-7eb40860.jpg,rain,8,4.01
69cf7667-7eb40860.jpg,rain,9,3.36
6a44fb9a-05a3dd18.jpg,motion_blur,1,34.02
6a44fb9a-05a3dd18.jpg,motion_blur,2,29.35
6a44fb9a-05a3dd18.jpg,motion_blur,3,27.47
6a44fb9a-05a3dd18.jpg,motion_blur,4,26.33
6a44fb9a-05a3dd18.jpg,motion_blur,5,25.41
6a44fb9a-05a3dd18.jpg,motion_blur,6,24.64
6a44fb9a-05a3dd18.jpg,motion_blur,7,23.99
6a44fb9a-05a3dd18.jpg,motion_blur,8,23.43
6a44fb9a-05a3dd18.jpg,motion_blur,9,22.96
6a44fb9a-05a3dd18.jpg,low_light,1,9.95
6a44fb9a-05a3dd18.jpg,low_light,2,7.51
6a44fb9a-05a3dd18.jpg,low_light,3,5.61
6a44fb9a-05a3dd18.jpg,low_light,4,4.13
6a44fb9a-05a3dd18.jpg,low_light,5,2.96
6a44fb9a-05a3dd18.jpg,low_light,6,1.99
6a44fb9a-05a3dd18.jpg,low_light,7,1.22
6a44fb9a-05a3dd18.jpg,low_light,8,0.62
6a44fb9a-05a3dd18.jpg,low_light,9,0.19
6a44fb9a-05a3dd18.jpg,rain,1,21.32
6a44fb9a-05a3dd18.jpg,rain,2,16.58
6a44fb9a-05a3dd18.jpg,rain,3,13.01
6a44fb9a-05a3dd18.jpg,rain,4,10.79
6a44fb9a-05a3dd18.jpg,rain,5,9.17
6a44fb9a-05a3dd18.jpg,rain,6,7.96
6a44fb9a-05a3dd18.jpg,rain,7,7.0
6a44fb9a-05a3dd18.jpg,rain,8,6.22
6a44fb9a-05a3dd18.jpg,rain,9,5.53
6a793e80-4f5e207f.jpg,motion_blur,1,38.17
6a793e80-4f5e207f.jpg,motion_blur,2,33.33
6a793e80-4f5e207f.jpg,motion_blur,3,31.0
6a793e80-4f5e207f.jpg,motion_blur,4,29.58
6a793e80-4f5e207f.jpg,motion_blur,5,28.55
6a793e80-4f5e207f.jpg,motion_blur,6,27.74
6a793e80-4f5e207f.jpg,motion_blur,7,27.08
6a793e80-4f5e207f.jpg,motion_blur,8,26.52
6a793e80-4f5e207f.jpg,motion_blur,9,26.03
6a793e80-4f5e207f.jpg,low_light,1,10.89
6a793e80-4f5e207f.jpg,low_light,2,8.08
6a793e80-4f5e207f.jpg,low_light,3,5.97
6a793e80-4f5e207f.jpg,low_light,4,4.37
6a793e80-4f5e207f.jpg,low_light,5,3.12
6a793e80-4f5e207f.jpg,low_light,6,2.09
6a793e80-4f5e207f.jpg,low_light,7,1.28
6a793e80-4f5e207f.jpg,low_light,8,0.66
6a793e80-4f5e207f.jpg,low_light,9,0.2
6a793e80-4f5e207f.jpg,rain,1,23.29
6a793e80-4f5e207f.jpg,rain,2,19.96
6a793e80-4f5e207f.jpg,rain,3,15.56
6a793e80-4f5e207f.jpg,rain,4,13.0
6a793e80-4f5e207f.jpg,rain,5,11.16
6a793e80-4f5e207f.jpg,rain,6,9.86
6a793e80-4f5e207f.jpg,rain,7,8.85
6a793e80-4f5e207f.jpg,rain,8,8.06
6a793e80-4f5e207f.jpg,rain,9,7.35
6a82c0d6-b31f6b90.jpg,motion_blur,1,35.72
6a82c0d6-b31f6b90.jpg,motion_blur,2,30.68
6a82c0d6-b31f6b90.jpg,motion_blur,3,28.31
6a82c0d6-b31f6b90.jpg,motion_blur,4,26.89
6a82c0d6-b31f6b90.jpg,motion_blur,5,25.87
6a82c0d6-b31f6b90.jpg,motion_blur,6,25.08
6a82c0d6-b31f6b90.jpg,motion_blur,7,24.47
6a82c0d6-b31f6b90.jpg,motion_blur,8,23.99
6a82c0d6-b31f6b90.jpg,motion_blur,9,23.63
6a82c0d6-b31f6b90.jpg,low_light,1,9.93
6a82c0d6-b31f6b90.jpg,low_light,2,7.47
6a82c0d6-b31f6b90.jpg,low_light,3,5.58
6a82c0d6-b31f6b90.jpg,low_light,4,4.1
6a82c0d6-b31f6b90.jpg,low_light,5,2.94
6a82c0d6-b31f6b90.jpg,low_light,6,1.97
6a82c0d6-b31f6b90.jpg,low_light,7,1.21
6a82c0d6-b31f6b90.jpg,low_light,8,0.62
6a82c0d6-b31f6b90.jpg,low_light,9,0.19
6a82c0d6-b31f6b90.jpg,rain,1,22.13
6a82c0d6-b31f6b90.jpg,rain,2,17.48
6a82c0d6-b31f6b90.jpg,rain,3,13.58
6a82c0d6-b31f6b90.jpg,rain,4,11.2
6a82c0d6-b31f6b90.jpg,rain,5,9.46
6a82c0d6-b31f6b90.jpg,rain,6,8.19
6a82c0d6-b31f6b90.jpg,rain,7,7.18
6a82c0d6-b31f6b90.jpg,rain,8,6.37
6a82c0d6-b31f6b90.jpg,rain,9,5.68
6a8d218d-14e4fa28.jpg,motion_blur,1,36.99
6a8d218d-14e4fa28.jpg,motion_blur,2,32.18
6a8d218d-14e4fa28.jpg,motion_blur,3,30.1
6a8d218d-14e4fa28.jpg,motion_blur,4,28.94
6a8d218d-14e4fa28.jpg,motion_blur,5,28.13
6a8d218d-14e4fa28.jpg,motion_blur,6,27.5
6a8d218d-14e4fa28.jpg,motion_blur,7,26.96
6a8d218d-14e4fa28.jpg,motion_blur,8,26.48
6a8d218d-14e4fa28.jpg,motion_blur,9,26.06
6a8d218d-14e4fa28.jpg,low_light,1,10.68
6a8d218d-14e4fa28.jpg,low_light,2,7.94
6a8d218d-14e4fa28.jpg,low_light,3,5.88
6a8d218d-14e4fa28.jpg,low_light,4,4.31
6a8d218d-14e4fa28.jpg,low_light,5,3.07
6a8d218d-14e4fa28.jpg,low_light,6,2.06
6a8d218d-14e4fa28.jpg,low_light,7,1.27
6a8d218d-14e4fa28.jpg,low_light,8,0.65
6a8d218d-14e4fa28.jpg,low_light,9,0.2
6a8d218d-14e4fa28.jpg,rain,1,23.36
6a8d218d-14e4fa28.jpg,rain,2,19.68
6a8d218d-14e4fa28.jpg,rain,3,15.3
6a8d218d-14e4fa28.jpg,rain,4,12.76
6a8d218d-14e4fa28.jpg,rain,5,10.94
6a8d218d-14e4fa28.jpg,rain,6,9.63
6a8d218d-14e4fa28.jpg,rain,7,8.61
6a8d218d-14e4fa28.jpg,rain,8,7.81
6a8d218d-14e4fa28.jpg,rain,9,7.11
6ad110c3-789e7724.jpg,motion_blur,1,29.9
6ad110c3-789e7724.jpg,motion_blur,2,24.91
6ad110c3-789e7724.jpg,motion_blur,3,22.64
6ad110c3-789e7724.jpg,motion_blur,4,21.3
6ad110c3-789e7724.jpg,motion_blur,5,20.37
6ad110c3-789e7724.jpg,motion_blur,6,19.7
6ad110c3-789e7724.jpg,motion_blur,7,19.19
6ad110c3-789e7724.jpg,motion_blur,8,18.77
6ad110c3-789e7724.jpg,motion_blur,9,18.41
6ad110c3-789e7724.jpg,low_light,1,9.26
6ad110c3-789e7724.jpg,low_light,2,7.13
6ad110c3-789e7724.jpg,low_light,3,5.39
6ad110c3-789e7724.jpg,low_light,4,3.99
6ad110c3-789e7724.jpg,low_light,5,2.87
6ad110c3-789e7724.jpg,low_light,6,1.93
6ad110c3-789e7724.jpg,low_light,7,1.19
6ad110c3-789e7724.jpg,low_light,8,0.6
6ad110c3-789e7724.jpg,low_light,9,0.18
6ad110c3-789e7724.jpg,rain,1,20.85
6ad110c3-789e7724.jpg,rain,2,13.17
6ad110c3-789e7724.jpg,rain,3,9.39
6ad110c3-789e7724.jpg,rain,4,7.08
6ad110c3-789e7724.jpg,rain,5,5.4
6ad110c3-789e7724.jpg,rain,6,4.15
6ad110c3-789e7724.jpg,rain,7,3.13
6ad110c3-789e7724.jpg,rain,8,2.3
6ad110c3-789e7724.jpg,rain,9,1.57
6b15392a-3a1699fd.jpg,motion_blur,1,31.87
6b15392a-3a1699fd.jpg,motion_blur,2,27.2
6b15392a-3a1699fd.jpg,motion_blur,3,25.2
6b15392a-3a1699fd.jpg,motion_blur,4,24.0
6b15392a-3a1699fd.jpg,motion_blur,5,23.11
6b15392a-3a1699fd.jpg,motion_blur,6,22.42
6b15392a-3a1699fd.jpg,motion_blur,7,21.85
6b15392a-3a1699fd.jpg,motion_blur,8,21.37
6b15392a-3a1699fd.jpg,motion_blur,9,20.95
6b15392a-3a1699fd.jpg,low_light,1,8.74
6b15392a-3a1699fd.jpg,low_light,2,6.64
6b15392a-3a1699fd.jpg,low_light,3,5.0
6b15392a-3a1699fd.jpg,low_light,4,3.7
6b15392a-3a1699fd.jpg,low_light,5,2.66
6b15392a-3a1699fd.jpg,low_light,6,1.8
6b15392a-3a1699fd.jpg,low_light,7,1.1
6b15392a-3a1699fd.jpg,low_light,8,0.56
6b15392a-3a1699fd.jpg,low_light,9,0.17
6b15392a-3a1699fd.jpg,rain,1,18.46
6b15392a-3a1699fd.jpg,rain,2,14.13
6b15392a-3a1699fd.jpg,rain,3,10.78
6b15392a-3a1699fd.jpg,rain,4,8.59
6b15392a-3a1699fd.jpg,rain,5,6.96
6b15392a-3a1699fd.jpg,rain,6,5.73
6b15392a-3a1699fd.jpg,rain,7,4.76
6b15392a-3a1699fd.jpg,rain,8,3.99
6b15392a-3a1699fd.jpg,rain,9,3.36
6b784eee-0a5a2c89.jpg,motion_blur,1,32.55
6b784eee-0a5a2c89.jpg,motion_blur,2,27.69
6b784eee-0a5a2c89.jpg,motion_blur,3,25.53
6b784eee-0a5a2c89.jpg,motion_blur,4,24.18
6b784eee-0a5a2c89.jpg,motion_blur,5,23.18
6b784eee-0a5a2c89.jpg,motion_blur,6,22.42
6b784eee-0a5a2c89.jpg,motion_blur,7,21.83
6b784eee-0a5a2c89.jpg,motion_blur,8,21.35
6b784eee-0a5a2c89.jpg,motion_blur,9,20.95
6b784eee-0a5a2c89.jpg,low_light,1,10.09
6b784eee-0a5a2c89.jpg,low_light,2,7.55
6b784eee-0a5a2c89.jpg,low_light,3,5.62
6b784eee-0a5a2c89.jpg,low_light,4,4.13
6b784eee-0a5a2c89.jpg,low_light,5,2.95
6b784eee-0a5a2c89.jpg,low_light,6,1.99
6b784eee-0a5a2c89.jpg,low_light,7,1.22
6b784eee-0a5a2c89.jpg,low_light,8,0.62
6b784eee-0a5a2c89.jpg,low_light,9,0.19
6b784eee-0a5a2c89.jpg,rain,1,21.99
6b784eee-0a5a2c89.jpg,rain,2,17.54
6b784eee-0a5a2c89.jpg,rain,3,13.67
6b784eee-0a5a2c89.jpg,rain,4,11.28
6b784eee-0a5a2c89.jpg,rain,5,9.57
6b784eee-0a5a2c89.jpg,rain,6,8.31
6b784eee-0a5a2c89.jpg,rain,7,7.34
6b784eee-0a5a2c89.jpg,rain,8,6.56
6b784eee-0a5a2c89.jpg,rain,9,5.92
6bb5a881-15e5c2c4.jpg,motion_blur,1,36.9
6bb5a881-15e5c2c4.jpg,motion_blur,2,32.35
6bb5a881-15e5c2c4.jpg,motion_blur,3,30.46
6bb5a881-15e5c2c4.jpg,motion_blur,4,29.17
6bb5a881-15e5c2c4.jpg,motion_blur,5,28.12
6bb5a881-15e5c2c4.jpg,motion_blur,6,27.3
6bb5a881-15e5c2c4.jpg,motion_blur,7,26.63
6bb5a881-15e5c2c4.jpg,motion_blur,8,26.05
6bb5a881-15e5c2c4.jpg,motion_blur,9,25.55
6bb5a881-15e5c2c4.jpg,low_light,1,11.34
6bb5a881-15e5c2c4.jpg,low_light,2,8.34
6bb5a881-15e5c2c4.jpg,low_light,3,6.14
6bb5a881-15e5c2c4.jpg,low_light,4,4.48
6bb5a881-15e5c2c4.jpg,low_light,5,3.18
6bb5a881-15e5c2c4.jpg,low_light,6,2.13
6bb5a881-15e5c2c4.jpg,low_light,7,1.31
6bb5a881-15e5c2c4.jpg,low_light,8,0.67
6bb5a881-15e5c2c4.jpg,low_light,9,0.21
6bb5a881-15e5c2c4.jpg,rain,1,23.15
6bb5a881-15e5c2c4.jpg,rain,2,19.57
6bb5a881-15e5c2c4.jpg,rain,3,15.43
6bb5a881-15e5c2c4.jpg,rain,4,13.02
6bb5a881-15e5c2c4.jpg,rain,5,11.3
6bb5a881-15e5c2c4.jpg,rain,6,10.07
6bb5a881-15e5c2c4.jpg,rain,7,9.1
6bb5a881-15e5c2c4.jpg,rain,8,8.33
6bb5a881-15e5c2c4.jpg,rain,9,7.64
6bd41587-d65ba5b4.jpg,motion_blur,1,34.28
6bd41587-d65ba5b4.jpg,motion_blur,2,29.43
6bd41587-d65ba5b4.jpg,motion_blur,3,27.26
6bd41587-d65ba5b4.jpg,motion_blur,4,26.0
6bd41587-d65ba5b4.jpg,motion_blur,5,25.09
6bd41587-d65ba5b4.jpg,motion_blur,6,24.35
6bd41587-d65ba5b4.jpg,motion_blur,7,23.72
6bd41587-d65ba5b4.jpg,motion_blur,8,23.16
6bd41587-d65ba5b4.jpg,motion_blur,9,22.68
6bd41587-d65ba5b4.jpg,low_light,1,9.79
6bd41587-d65ba5b4.jpg,low_light,2,7.37
6bd41587-d65ba5b4.jpg,low_light,3,5.5
6bd41587-d65ba5b4.jpg,low_light,4,4.05
6bd41587-d65ba5b4.jpg,low_light,5,2.9
6bd41587-d65ba5b4.jpg,low_light,6,1.95
6bd41587-d65ba5b4.jpg,low_light,7,1.2
6bd41587-d65ba5b4.jpg,low_light,8,0.61
6bd41587-d65ba5b4.jpg,low_light,9,0.19
6bd41587-d65ba5b4.jpg,rain,1,23.09
6bd41587-d65ba5b4.jpg,rain,2,18.44
6bd41587-d65ba5b4.jpg,rain,3,14.0
6bd41587-d65ba5b4.jpg,rain,4,11.36
6bd41587-d65ba5b4.jpg,rain,5,9.51
6bd41587-d65ba5b4.jpg,rain,6,8.18
6bd41587-d65ba5b4.jpg,rain,7,7.14
6bd41587-d65ba5b4.jpg,rain,8,6.34
6bd41587-d65ba5b4.jpg,rain,9,5.66
6d0d7bef-fb11b6e1.jpg,motion_blur,1,39.29
6d0d7bef-fb11b6e1.jpg,motion_blur,2,34.54
6d0d7bef-fb11b6e1.jpg,motion_blur,3,32.07
6d0d7bef-fb11b6e1.jpg,motion_blur,4,30.36
6d0d7bef-fb11b6e1.jpg,motion_blur,5,28.95
6d0d7bef-fb11b6e1.jpg,motion_blur,6,27.74
6d0d7bef-fb11b6e1.jpg,motion_blur,7,26.68
6d0d7bef-fb11b6e1.jpg,motion_blur,8,25.75
6d0d7bef-fb11b6e1.jpg,motion_blur,9,24.93
6d0d7bef-fb11b6e1.jpg,low_light,1,10.25
6d0d7bef-fb11b6e1.jpg,low_light,2,7.65
6d0d7bef-fb11b6e1.jpg,low_light,3,5.68
6d0d7bef-fb11b6e1.jpg,low_light,4,4.17
6d0d7bef-fb11b6e1.jpg,low_light,5,2.98
6d0d7bef-fb11b6e1.jpg,low_light,6,2.0
6d0d7bef-fb11b6e1.jpg,low_light,7,1.23
6d0d7bef-fb11b6e1.jpg,low_light,8,0.63
6d0d7bef-fb11b6e1.jpg,low_light,9,0.19
6d0d7bef-fb11b6e1.jpg,rain,1,22.6
6d0d7bef-fb11b6e1.jpg,rain,2,18.16
6d0d7bef-fb11b6e1.jpg,rain,3,14.08
6d0d7bef-fb11b6e1.jpg,rain,4,11.65
6d0d7bef-fb11b6e1.jpg,rain,5,9.93
6d0d7bef-fb11b6e1.jpg,rain,6,8.66
6d0d7bef-fb11b6e1.jpg,rain,7,7.69
6d0d7bef-fb11b6e1.jpg,rain,8,6.93
6d0d7bef-fb11b6e1.jpg,rain,9,6.29
6d57736c-a35808b9.jpg,motion_blur,1,39.34
6d57736c-a35808b9.jpg,motion_blur,2,34.73
6d57736c-a35808b9.jpg,motion_blur,3,32.6
6d57736c-a35808b9.jpg,motion_blur,4,31.27
6d57736c-a35808b9.jpg,motion_blur,5,30.28
6d57736c-a35808b9.jpg,motion_blur,6,29.51
6d57736c-a35808b9.jpg,motion_blur,7,28.88
6d57736c-a35808b9.jpg,motion_blur,8,28.33
6d57736c-a35808b9.jpg,motion_blur,9,27.86
6d57736c-a35808b9.jpg,low_light,1,11.13
6d57736c-a35808b9.jpg,low_light,2,8.15
6d57736c-a35808b9.jpg,low_light,3,6.0
6d57736c-a35808b9.jpg,low_light,4,4.37
6d57736c-a35808b9.jpg,low_light,5,3.11
6d57736c-a35808b9.jpg,low_light,6,2.09
6d57736c-a35808b9.jpg,low_light,7,1.28
6d57736c-a35808b9.jpg,low_light,8,0.66
6d57736c-a35808b9.jpg,low_light,9,0.21
6d57736c-a35808b9.jpg,rain,1,23.52
6d57736c-a35808b9.jpg,rain,2,21.52
6d57736c-a35808b9.jpg,rain,3,17.02
6d57736c-a35808b9.jpg,rain,4,14.57
6d57736c-a35808b9.jpg,rain,5,12.95
6d57736c-a35808b9.jpg,rain,6,11.79
6d57736c-a35808b9.jpg,rain,7,10.92
6d57736c-a35808b9.jpg,rain,8,10.24
6d57736c-a35808b9.jpg,rain,9,9.68
6d8a6d94-00a7ad92.jpg,motion_blur,1,36.69
6d8a6d94-00a7ad92.jpg,motion_blur,2,31.64
6d8a6d94-00a7ad92.jpg,motion_blur,3,29.33
6d8a6d94-00a7ad92.jpg,motion_blur,4,27.99
6d8a6d94-00a7ad92.jpg,motion_blur,5,27.03
6d8a6d94-00a7ad92.jpg,motion_blur,6,26.29
6d8a6d94-00a7ad92.jpg,motion_blur,7,25.69
6d8a6d94-00a7ad92.jpg,motion_blur,8,25.18
6d8a6d94-00a7ad92.jpg,motion_blur,9,24.73
6d8a6d94-00a7ad92.jpg,low_light,1,10.0
6d8a6d94-00a7ad92.jpg,low_light,2,7.5
6d8a6d94-00a7ad92.jpg,low_light,3,5.59
6d8a6d94-00a7ad92.jpg,low_light,4,4.11
6d8a6d94-00a7ad92.jpg,low_light,5,2.94
6d8a6d94-00a7ad92.jpg,low_light,6,1.98
6d8a6d94-00a7ad92.jpg,low_light,7,1.22
6d8a6d94-00a7ad92.jpg,low_light,8,0.62
6d8a6d94-00a7ad92.jpg,low_light,9,0.19
6d8a6d94-00a7ad92.jpg,rain,1,22.01
6d8a6d94-00a7ad92.jpg,rain,2,17.19
6d8a6d94-00a7ad92.jpg,rain,3,13.33
6d8a6d94-00a7ad92.jpg,rain,4,10.99
6d8a6d94-00a7ad92.jpg,rain,5,9.3
6d8a6d94-00a7ad92.jpg,rain,6,8.04
6d8a6d94-00a7ad92.jpg,rain,7,7.05
6d8a6d94-00a7ad92.jpg,rain,8,6.26
6d8a6d94-00a7ad92.jpg,rain,9,5.61
6eeed3fa-87a1b0c9.jpg,motion_blur,1,36.86
6eeed3fa-87a1b0c9.jpg,motion_blur,2,31.78
6eeed3fa-87a1b0c9.jpg,motion_blur,3,29.44
6eeed3fa-87a1b0c9.jpg,motion_blur,4,28.07
6eeed3fa-87a1b0c9.jpg,motion_blur,5,27.08
6eeed3fa-87a1b0c9.jpg,motion_blur,6,26.31
6eeed3fa-87a1b0c9.jpg,motion_blur,7,25.67
6eeed3fa-87a1b0c9.jpg,motion_blur,8,25.12
6eeed3fa-87a1b0c9.jpg,motion_blur,9,24.64
6eeed3fa-87a1b0c9.jpg,low_light,1,9.54
6eeed3fa-87a1b0c9.jpg,low_light,2,7.23
6eeed3fa-87a1b0c9.jpg,low_light,3,5.42
6eeed3fa-87a1b0c9.jpg,low_light,4,4.0
6eeed3fa-87a1b0c9.jpg,low_light,5,2.87
6eeed3fa-87a1b0c9.jpg,low_light,6,1.93
6eeed3fa-87a1b0c9.jpg,low_light,7,1.19
6eeed3fa-87a1b0c9.jpg,low_light,8,0.61
6eeed3fa-87a1b0c9.jpg,low_light,9,0.18
6eeed3fa-87a1b0c9.jpg,rain,1,22.3
6eeed3fa-87a1b0c9.jpg,rain,2,17.01
6eeed3fa-87a1b0c9.jpg,rain,3,13.05
6eeed3fa-87a1b0c9.jpg,rain,4,10.66
6eeed3fa-87a1b0c9.jpg,rain,5,8.92
6eeed3fa-87a1b0c9.jpg,rain,6,7.64
6eeed3fa-87a1b0c9.jpg,rain,7,6.62
6eeed3fa-87a1b0c9.jpg,rain,8,5.81
6eeed3fa-87a1b0c9.jpg,rain,9,5.08
701992bd-8a457895.jpg,motion_blur,1,36.59
701992bd-8a457895.jpg,motion_blur,2,31.42
701992bd-8a457895.jpg,motion_blur,3,29.02
701992bd-8a457895.jpg,motion_blur,4,27.58
701992bd-8a457895.jpg,motion_blur,5,26.56
701992bd-8a457895.jpg,motion_blur,6,25.77
701992bd-8a457895.jpg,motion_blur,7,25.15
701992bd-8a457895.jpg,motion_blur,8,24.64
701992bd-8a457895.jpg,motion_blur,9,24.19
701992bd-8a457895.jpg,low_light,1,10.18
701992bd-8a457895.jpg,low_light,2,7.63
701992bd-8a457895.jpg,low_light,3,5.68
701992bd-8a457895.jpg,low_light,4,4.17
701992bd-8a457895.jpg,low_light,5,2.98
701992bd-8a457895.jpg,low_light,6,2.0
701992bd-8a457895.jpg,low_light,7,1.23
701992bd-8a457895.jpg,low_light,8,0.63
701992bd-8a457895.jpg,low_light,9,0.19
701992bd-8a457895.jpg,rain,1,23.55
701992bd-8a457895.jpg,rain,2,19.0
701992bd-8a457895.jpg,rain,3,14.55
701992bd-8a457895.jpg,rain,4,11.99
701992bd-8a457895.jpg,rain,5,10.19
701992bd-8a457895.jpg,rain,6,8.9
701992bd-8a457895.jpg,rain,7,7.89
701992bd-8a457895.jpg,rain,8,7.07
701992bd-8a457895.jpg,rain,9,6.36
7171644d-4e74752e.jpg,motion_blur,1,31.62
7171644d-4e74752e.jpg,motion_blur,2,26.99
7171644d-4e74752e.jpg,motion_blur,3,25.03
7171644d-4e74752e.jpg,motion_blur,4,23.89
7171644d-4e74752e.jpg,motion_blur,5,23.04
7171644d-4e74752e.jpg,motion_blur,6,22.39
7171644d-4e74752e.jpg,motion_blur,7,21.87
7171644d-4e74752e.jpg,motion_blur,8,21.43
7171644d-4e74752e.jpg,motion_blur,9,21.05
7171644d-4e74752e.jpg,low_light,1,9.88
7171644d-4e74752e.jpg,low_light,2,7.56
7171644d-4e74752e.jpg,low_light,3,5.67
7171644d-4e74752e.jpg,low_light,4,4.19
7171644d-4e74752e.jpg,low_light,5,3.0
7171644d-4e74752e.jpg,low_light,6,2.02
7171644d-4e74752e.jpg,low_light,7,1.24
7171644d-4e74752e.jpg,low_light,8,0.63
7171644d-4e74752e.jpg,low_light,9,0.19
7171644d-4e74752e.jpg,rain,1,21.7
7171644d-4e74752e.jpg,rain,2,14.04
7171644d-4e74752e.jpg,rain,3,10.08
7171644d-4e74752e.jpg,rain,4,7.71
7171644d-4e74752e.jpg,rain,5,5.99
7171644d-4e74752e.jpg,rain,6,4.7
7171644d-4e74752e.jpg,rain,7,3.68
7171644d-4e74752e.jpg,rain,8,2.84
7171644d-4e74752e.jpg,rain,9,2.09
7171644d-ee92c71e.jpg,motion_blur,1,35.01
7171644d-ee92c71e.jpg,motion_blur,2,29.94
7171644d-ee92c71e.jpg,motion_blur,3,27.64
7171644d-ee92c71e.jpg,motion_blur,4,26.31
7171644d-ee92c71e.jpg,motion_blur,5,25.34
7171644d-ee92c71e.jpg,motion_blur,6,24.57
7171644d-ee92c71e.jpg,motion_blur,7,23.94
7171644d-ee92c71e.jpg,motion_blur,8,23.41
7171644d-ee92c71e.jpg,motion_blur,9,22.96
7171644d-ee92c71e.jpg,low_light,1,9.87
7171644d-ee92c71e.jpg,low_light,2,7.52
7171644d-ee92c71e.jpg,low_light,3,5.63
7171644d-ee92c71e.jpg,low_light,4,4.16
7171644d-ee92c71e.jpg,low_light,5,2.97
7171644d-ee92c71e.jpg,low_light,6,2.0
7171644d-ee92c71e.jpg,low_light,7,1.23
7171644d-ee92c71e.jpg,low_light,8,0.63
7171644d-ee92c71e.jpg,low_light,9,0.19
7171644d-ee92c71e.jpg,rain,1,22.6
7171644d-ee92c71e.jpg,rain,2,16.21
7171644d-ee92c71e.jpg,rain,3,11.94
7171644d-ee92c71e.jpg,rain,4,9.44
7171644d-ee92c71e.jpg,rain,5,7.66
7171644d-ee92c71e.jpg,rain,6,6.36
7171644d-ee92c71e.jpg,rain,7,5.32
7171644d-ee92c71e.jpg,rain,8,4.46
7171644d-ee92c71e.jpg,rain,9,3.71
72f22fa5-8af4615c.jpg,motion_blur,1,30.9
72f22fa5-8af4615c.jpg,motion_blur,2,25.62
72f22fa5-8af4615c.jpg,motion_blur,3,23.13
72f22fa5-8af4615c.jpg,motion_blur,4,21.67
72f22fa5-8af4615c.jpg,motion_blur,5,20.69
72f22fa5-8af4615c.jpg,motion_blur,6,19.94
72f22fa5-8af4615c.jpg,motion_blur,7,19.33
72f22fa5-8af4615c.jpg,motion_blur,8,18.81
72f22fa5-8af4615c.jpg,motion_blur,9,18.35
72f22fa5-8af4615c.jpg,low_light,1,10.46
72f22fa5-8af4615c.jpg,low_light,2,7.82
72f22fa5-8af4615c.jpg,low_light,3,5.81
72f22fa5-8af4615c.jpg,low_light,4,4.26
72f22fa5-8af4615c.jpg,low_light,5,3.04
72f22fa5-8af4615c.jpg,low_light,6,2.04
72f22fa5-8af4615c.jpg,low_light,7,1.25
72f22fa5-8af4615c.jpg,low_light,8,0.64
72f22fa5-8af4615c.jpg,low_light,9,0.2
72f22fa5-8af4615c.jpg,rain,1,21.19
72f22fa5-8af4615c.jpg,rain,2,16.16
72f22fa5-8af4615c.jpg,rain,3,12.62
72f22fa5-8af4615c.jpg,rain,4,10.44
72f22fa5-8af4615c.jpg,rain,5,8.82
72f22fa5-8af4615c.jpg,rain,6,7.64
72f22fa5-8af4615c.jpg,rain,7,6.69
72f22fa5-8af4615c.jpg,rain,8,5.92
72f22fa5-8af4615c.jpg,rain,9,5.25
72fd00fe-aeadfc89.jpg,motion_blur,1,40.59
72fd00fe-aeadfc89.jpg,motion_blur,2,35.13
72fd00fe-aeadfc89.jpg,motion_blur,3,32.4
72fd00fe-aeadfc89.jpg,motion_blur,4,30.75
72fd00fe-aeadfc89.jpg,motion_blur,5,29.6
72fd00fe-aeadfc89.jpg,motion_blur,6,28.73
72fd00fe-aeadfc89.jpg,motion_blur,7,28.02
72fd00fe-aeadfc89.jpg,motion_blur,8,27.44
72fd00fe-aeadfc89.jpg,motion_blur,9,26.94
72fd00fe-aeadfc89.jpg,low_light,1,11.43
72fd00fe-aeadfc89.jpg,low_light,2,8.37
72fd00fe-aeadfc89.jpg,low_light,3,6.15
72fd00fe-aeadfc89.jpg,low_light,4,4.48
72fd00fe-aeadfc89.jpg,low_light,5,3.19
72fd00fe-aeadfc89.jpg,low_light,6,2.13
72fd00fe-aeadfc89.jpg,low_light,7,1.31
72fd00fe-aeadfc89.jpg,low_light,8,0.67
72fd00fe-aeadfc89.jpg,low_light,9,0.21
72fd00fe-aeadfc89.jpg,rain,1,23.43
72fd00fe-aeadfc89.jpg,rain,2,21.5
72fd00fe-aeadfc89.jpg,rain,3,17.13
72fd00fe-aeadfc89.jpg,rain,4,14.62
72fd00fe-aeadfc89.jpg,rain,5,12.87
72fd00fe-aeadfc89.jpg,rain,6,11.61
72fd00fe-aeadfc89.jpg,rain,7,10.65
72fd00fe-aeadfc89.jpg,rain,8,9.86
72fd00fe-aeadfc89.jpg,rain,9,9.17
730c67a5-563e9b1f.jpg,motion_blur,1,37.79
730c67a5-563e9b1f.jpg,motion_blur,2,33.22
730c67a5-563e9b1f.jpg,motion_blur,3,31.17
730c67a5-563e9b1f.jpg,motion_blur,4,29.98
730c67a5-563e9b1f.jpg,motion_blur,5,29.16
730c67a5-563e9b1f.jpg,motion_blur,6,28.55
730c67a5-563e9b1f.jpg,motion_blur,7,28.07
730c67a5-563e9b1f.jpg,motion_blur,8,27.67
730c67a5-563e9b1f.jpg,motion_blur,9,27.33
730c67a5-563e9b1f.jpg,low_light,1,11.56
730c67a5-563e9b1f.jpg,low_light,2,8.4
730c67a5-563e9b1f.jpg,low_light,3,6.15
730c67a5-563e9b1f.jpg,low_light,4,4.48
730c67a5-563e9b1f.jpg,low_light,5,3.18
730c67a5-563e9b1f.jpg,low_light,6,2.13
730c67a5-563e9b1f.jpg,low_light,7,1.31
730c67a5-563e9b1f.jpg,low_light,8,0.67
730c67a5-563e9b1f.jpg,low_light,9,0.21
730c67a5-563e9b1f.jpg,rain,1,23.49
730c67a5-563e9b1f.jpg,rain,2,23.26
730c67a5-563e9b1f.jpg,rain,3,18.44
730c67a5-563e9b1f.jpg,rain,4,15.79
730c67a5-563e9b1f.jpg,rain,5,13.99
730c67a5-563e9b1f.jpg,rain,6,12.74
730c67a5-563e9b1f.jpg,rain,7,11.83
730c67a5-563e9b1f.jpg,rain,8,11.17
730c67a5-563e9b1f.jpg,rain,9,10.64
738a2bcd-7a6fde0d.jpg,motion_blur,1,37.87
738a2bcd-7a6fde0d.jpg,motion_blur,2,33.09
738a2bcd-7a6fde0d.jpg,motion_blur,3,30.8
738a2bcd-7a6fde0d.jpg,motion_blur,4,29.32
738a2bcd-7a6fde0d.jpg,motion_blur,5,28.22
738a2bcd-7a6fde0d.jpg,motion_blur,6,27.38
738a2bcd-7a6fde0d.jpg,motion_blur,7,26.7
738a2bcd-7a6fde0d.jpg,motion_blur,8,26.14
738a2bcd-7a6fde0d.jpg,motion_blur,9,25.65
738a2bcd-7a6fde0d.jpg,low_light,1,10.41
738a2bcd-7a6fde0d.jpg,low_light,2,7.73
738a2bcd-7a6fde0d.jpg,low_light,3,5.74
738a2bcd-7a6fde0d.jpg,low_light,4,4.2
738a2bcd-7a6fde0d.jpg,low_light,5,3.0
738a2bcd-7a6fde0d.jpg,low_light,6,2.01
738a2bcd-7a6fde0d.jpg,low_light,7,1.24
738a2bcd-7a6fde0d.jpg,low_light,8,0.63
738a2bcd-7a6fde0d.jpg,low_light,9,0.2
738a2bcd-7a6fde0d.jpg,rain,1,23.36
738a2bcd-7a6fde0d.jpg,rain,2,20.36
738a2bcd-7a6fde0d.jpg,rain,3,15.64
738a2bcd-7a6fde0d.jpg,rain,4,13.02
738a2bcd-7a6fde0d.jpg,rain,5,11.17
738a2bcd-7a6fde0d.jpg,rain,6,9.87
738a2bcd-7a6fde0d.jpg,rain,7,8.9
738a2bcd-7a6fde0d.jpg,rain,8,8.12
738a2bcd-7a6fde0d.jpg,rain,9,7.47
73aff960-d46366ec.jpg,motion_blur,1,33.11
73aff960-d46366ec.jpg,motion_blur,2,28.37
73aff960-d46366ec.jpg,motion_blur,3,26.39
73aff960-d46366ec.jpg,motion_blur,4,25.18
73aff960-d46366ec.jpg,motion_blur,5,24.26
73aff960-d46366ec.jpg,motion_blur,6,23.55
73aff960-d46366ec.jpg,motion_blur,7,22.97
73aff960-d46366ec.jpg,motion_blur,8,22.48
73aff960-d46366ec.jpg,motion_blur,9,22.08
73aff960-d46366ec.jpg,low_light,1,9.58
73aff960-d46366ec.jpg,low_light,2,7.26
73aff960-d46366ec.jpg,low_light,3,5.44
73aff960-d46366ec.jpg,low_light,4,4.02
73aff960-d46366ec.jpg,low_light,5,2.88
73aff960-d46366ec.jpg,low_light,6,1.94
73aff960-d46366ec.jpg,low_light,7,1.19
73aff960-d46366ec.jpg,low_light,8,0.61
73aff960-d46366ec.jpg,low_light,9,0.18
73aff960-d46366ec.jpg,rain,1,23.22
73aff960-d46366ec.jpg,rain,2,17.41
73aff960-d46366ec.jpg,rain,3,12.88
73aff960-d46366ec.jpg,rain,4,10.3
73aff960-d46366ec.jpg,rain,5,8.47
73aff960-d46366ec.jpg,rain,6,7.16
73aff960-d46366ec.jpg,rain,7,6.11
73aff960-d46366ec.jpg,rain,8,5.26
73aff960-d46366ec.jpg,rain,9,4.52
73d338d6-edf0b3db.jpg,motion_blur,1,39.02
73d338d6-edf0b3db.jpg,motion_blur,2,33.92
73d338d6-edf0b3db.jpg,motion_blur,3,30.95
73d338d6-edf0b3db.jpg,motion_blur,4,29.04
73d338d6-edf0b3db.jpg,motion_blur,5,27.69
73d338d6-edf0b3db.jpg,motion_blur,6,26.66
73d338d6-edf0b3db.jpg,motion_blur,7,25.85
73d338d6-edf0b3db.jpg,motion_blur,8,25.19
73d338d6-edf0b3db.jpg,motion_blur,9,24.66
73d338d6-edf0b3db.jpg,low_light,1,10.64
73d338d6-edf0b3db.jpg,low_light,2,7.9
73d338d6-edf0b3db.jpg,low_light,3,5.85
73d338d6-edf0b3db.jpg,low_light,4,4.28
73d338d6-edf0b3db.jpg,low_light,5,3.05
73d338d6-edf0b3db.jpg,low_light,6,2.05
73d338d6-edf0b3db.jpg,low_light,7,1.26
73d338d6-edf0b3db.jpg,low_light,8,0.64
73d338d6-edf0b3db.jpg,low_light,9,0.2
73d338d6-edf0b3db.jpg,rain,1,23.3
73d338d6-edf0b3db.jpg,rain,2,19.84
73d338d6-edf0b3db.jpg,rain,3,15.49
73d338d6-edf0b3db.jpg,rain,4,12.94
73d338d6-edf0b3db.jpg,rain,5,11.17
73d338d6-edf0b3db.jpg,rain,6,9.88
73d338d6-edf0b3db.jpg,rain,7,8.93
73d338d6-edf0b3db.jpg,rain,8,8.15
73d338d6-edf0b3db.jpg,rain,9,7.53
75ad1fff-77299093.jpg,motion_blur,1,33.77
75ad1fff-77299093.jpg,motion_blur,2,29.15
75ad1fff-77299093.jpg,motion_blur,3,27.31
75ad1fff-77299093.jpg,motion_blur,4,26.14
75ad1fff-77299093.jpg,motion_blur,5,25.22
75ad1fff-77299093.jpg,motion_blur,6,24.51
75ad1fff-77299093.jpg,motion_blur,7,23.94
75ad1fff-77299093.jpg,motion_blur,8,23.46
75ad1fff-77299093.jpg,motion_blur,9,23.06
75ad1fff-77299093.jpg,low_light,1,9.53
75ad1fff-77299093.jpg,low_light,2,7.2
75ad1fff-77299093.jpg,low_light,3,5.39
75ad1fff-77299093.jpg,low_light,4,3.98
75ad1fff-77299093.jpg,low_light,5,2.85
75ad1fff-77299093.jpg,low_light,6,1.92
75ad1fff-77299093.jpg,low_light,7,1.18
75ad1fff-77299093.jpg,low_light,8,0.6
75ad1fff-77299093.jpg,low_light,9,0.18
75ad1fff-77299093.jpg,rain,1,22.15
75ad1fff-77299093.jpg,rain,2,17.04
75ad1fff-77299093.jpg,rain,3,13.01
75ad1fff-77299093.jpg,rain,4,10.62
75ad1fff-77299093.jpg,rain,5,8.9
75ad1fff-77299093.jpg,rain,6,7.63
75ad1fff-77299093.jpg,rain,7,6.65
75ad1fff-77299093.jpg,rain,8,5.86
75ad1fff-77299093.jpg,rain,9,5.17
75f5f52c-6b67e736.jpg,motion_blur,1,30.0
75f5f52c-6b67e736.jpg,motion_blur,2,24.51
75f5f52c-6b67e736.jpg,motion_blur,3,21.41
75f5f52c-6b67e736.jpg,motion_blur,4,19.33
75f5f52c-6b67e736.jpg,motion_blur,5,17.79
75f5f52c-6b67e736.jpg,motion_blur,6,16.63
75f5f52c-6b67e736.jpg,motion_blur,7,15.7
75f5f52c-6b67e736.jpg,motion_blur,8,14.94
75f5f52c-6b67e736.jpg,motion_blur,9,14.3
75f5f52c-6b67e736.jpg,low_light,1,5.75
75f5f52c-6b67e736.jpg,low_light,2,4.65
75f5f52c-6b67e736.jpg,low_light,3,3.65
75f5f52c-6b67e736.jpg,low_light,4,2.78
75f5f52c-6b67e736.jpg,low_light,5,2.04
75f5f52c-6b67e736.jpg,low_light,6,1.38
75f5f52c-6b67e736.jpg,low_light,7,0.84
75f5f52c-6b67e736.jpg,low_light,8,0.41
75f5f52c-6b67e736.jpg,low_light,9,0.11
75f5f52c-6b67e736.jpg,rain,1,16.21
75f5f52c-6b67e736.jpg,rain,2,5.1
75f5f52c-6b67e736.jpg,rain,3,1.16
75f5f52c-6b67e736.jpg,rain,4,-1.19
75f5f52c-6b67e736.jpg,rain,5,-2.91
75f5f52c-6b67e736.jpg,rain,6,-4.21
75f5f52c-6b67e736.jpg,rain,7,-5.26
75f5f52c-6b67e736.jpg,rain,8,-6.12
75f5f52c-6b67e736.jpg,rain,9,-6.87
777005a8-14c739ad.jpg,motion_blur,1,36.82
777005a8-14c739ad.jpg,motion_blur,2,32.12
777005a8-14c739ad.jpg,motion_blur,3,30.01
777005a8-14c739ad.jpg,motion_blur,4,28.71
777005a8-14c739ad.jpg,motion_blur,5,27.76
777005a8-14c739ad.jpg,motion_blur,6,27.0
777005a8-14c739ad.jpg,motion_blur,7,26.39
777005a8-14c739ad.jpg,motion_blur,8,25.87
777005a8-14c739ad.jpg,motion_blur,9,25.44
777005a8-14c739ad.jpg,low_light,1,10.25
777005a8-14c739ad.jpg,low_light,2,7.69
777005a8-14c739ad.jpg,low_light,3,5.72
777005a8-14c739ad.jpg,low_light,4,4.21
777005a8-14c739ad.jpg,low_light,5,3.01
777005a8-14c739ad.jpg,low_light,6,2.02
777005a8-14c739ad.jpg,low_light,7,1.24
777005a8-14c739ad.jpg,low_light,8,0.64
777005a8-14c739ad.jpg,low_light,9,0.19
777005a8-14c739ad.jpg,rain,1,23.3
777005a8-14c739ad.jpg,rain,2,18.79
777005a8-14c739ad.jpg,rain,3,14.34
777005a8-14c739ad.jpg,rain,4,11.77
777005a8-14c739ad.jpg,rain,5,9.96
777005a8-14c739ad.jpg,rain,6,8.67
777005a8-14c739ad.jpg,rain,7,7.64
777005a8-14c739ad.jpg,rain,8,6.83
777005a8-14c739ad.jpg,rain,9,6.1
7771e03b-832e52c0.jpg,motion_blur,1,35.93
7771e03b-832e52c0.jpg,motion_blur,2,31.69
7771e03b-832e52c0.jpg,motion_blur,3,29.6
7771e03b-832e52c0.jpg,motion_blur,4,28.01
7771e03b-832e52c0.jpg,motion_blur,5,26.9
7771e03b-832e52c0.jpg,motion_blur,6,26.07
7771e03b-832e52c0.jpg,motion_blur,7,25.34
7771e03b-832e52c0.jpg,motion_blur,8,24.72
7771e03b-832e52c0.jpg,motion_blur,9,24.22
7771e03b-832e52c0.jpg,low_light,1,10.56
7771e03b-832e52c0.jpg,low_light,2,7.86
7771e03b-832e52c0.jpg,low_light,3,5.82
7771e03b-832e52c0.jpg,low_light,4,4.27
7771e03b-832e52c0.jpg,low_light,5,3.04
7771e03b-832e52c0.jpg,low_light,6,2.04
7771e03b-832e52c0.jpg,low_light,7,1.26
7771e03b-832e52c0.jpg,low_light,8,0.64
7771e03b-832e52c0.jpg,low_light,9,0.2
7771e03b-832e52c0.jpg,rain,1,23.47
7771e03b-832e52c0.jpg,rain,2,19.36
7771e03b-832e52c0.jpg,rain,3,14.95
7771e03b-832e52c0.jpg,rain,4,12.42
7771e03b-832e52c0.jpg,rain,5,10.62
7771e03b-832e52c0.jpg,rain,6,9.35
7771e03b-832e52c0.jpg,rain,7,8.34
7771e03b-832e52c0.jpg,rain,8,7.57
7771e03b-832e52c0.jpg,rain,9,6.88
7771e03b-a8f9d50c.jpg,motion_blur,1,30.99
7771e03b-a8f9d50c.jpg,motion_blur,2,27.3
7771e03b-a8f9d50c.jpg,motion_blur,3,26.02
7771e03b-a8f9d50c.jpg,motion_blur,4,25.13
7771e03b-a8f9d50c.jpg,motion_blur,5,24.39
7771e03b-a8f9d50c.jpg,motion_blur,6,23.77
7771e03b-a8f9d50c.jpg,motion_blur,7,23.16
7771e03b-a8f9d50c.jpg,motion_blur,8,22.64
7771e03b-a8f9d50c.jpg,motion_blur,9,22.25
7771e03b-a8f9d50c.jpg,low_light,1,9.82
7771e03b-a8f9d50c.jpg,low_light,2,7.46
7771e03b-a8f9d50c.jpg,low_light,3,5.59
7771e03b-a8f9d50c.jpg,low_light,4,4.12
7771e03b-a8f9d50c.jpg,low_light,5,2.95
7771e03b-a8f9d50c.jpg,low_light,6,1.99
7771e03b-a8f9d50c.jpg,low_light,7,1.22
7771e03b-a8f9d50c.jpg,low_light,8,0.62
7771e03b-a8f9d50c.jpg,low_light,9,0.19
7771e03b-a8f9d50c.jpg,rain,1,22.81
7771e03b-a8f9d50c.jpg,rain,2,16.73
7771e03b-a8f9d50c.jpg,rain,3,12.3
7771e03b-a8f9d50c.jpg,rain,4,9.72
7771e03b-a8f9d50c.jpg,rain,5,7.9
7771e03b-a8f9d50c.jpg,rain,6,6.54
7771e03b-a8f9d50c.jpg,rain,7,5.48
7771e03b-a8f9d50c.jpg,rain,8,4.6
7771e03b-a8f9d50c.jpg,rain,9,3.85
7797fea2-c37f9856.jpg,motion_blur,1,32.02
7797fea2-c37f9856.jpg,motion_blur,2,27.66
7797fea2-c37f9856.jpg,motion_blur,3,25.84
7797fea2-c37f9856.jpg,motion_blur,4,24.84
7797fea2-c37f9856.jpg,motion_blur,5,24.12
7797fea2-c37f9856.jpg,motion_blur,6,23.55
7797fea2-c37f9856.jpg,motion_blur,7,23.08
7797fea2-c37f9856.jpg,motion_blur,8,22.66
7797fea2-c37f9856.jpg,motion_blur,9,22.29
7797fea2-c37f9856.jpg,low_light,1,9.78
7797fea2-c37f9856.jpg,low_light,2,7.37
7797fea2-c37f9856.jpg,low_light,3,5.5
7797fea2-c37f9856.jpg,low_light,4,4.05
7797fea2-c37f9856.jpg,low_light,5,2.9
7797fea2-c37f9856.jpg,low_light,6,1.95
7797fea2-c37f9856.jpg,low_light,7,1.2
7797fea2-c37f9856.jpg,low_light,8,0.61
7797fea2-c37f9856.jpg,low_light,9,0.19
7797fea2-c37f9856.jpg,rain,1,21.03
7797fea2-c37f9856.jpg,rain,2,16.47
7797fea2-c37f9856.jpg,rain,3,12.89
7797fea2-c37f9856.jpg,rain,4,10.64
7797fea2-c37f9856.jpg,rain,5,8.99
7797fea2-c37f9856.jpg,rain,6,7.77
7797fea2-c37f9856.jpg,rain,7,6.81
7797fea2-c37f9856.jpg,rain,8,6.04
7797fea2-c37f9856.jpg,rain,9,5.41
77bdbeb0-edb0613f.jpg,motion_blur,1,37.12
77bdbeb0-edb0613f.jpg,motion_blur,2,32.35
77bdbeb0-edb0613f.jpg,motion_blur,3,30.06
77bdbeb0-edb0613f.jpg,motion_blur,4,28.65
77bdbeb0-edb0613f.jpg,motion_blur,5,27.63
77bdbeb0-edb0613f.jpg,motion_blur,6,26.83
77bdbeb0-edb0613f.jpg,motion_blur,7,26.19
77bdbeb0-edb0613f.jpg,motion_blur,8,25.64
77bdbeb0-edb0613f.jpg,motion_blur,9,25.17
77bdbeb0-edb0613f.jpg,low_light,1,9.45
77bdbeb0-edb0613f.jpg,low_light,2,7.18
77bdbeb0-edb0613f.jpg,low_light,3,5.39
77bdbeb0-edb0613f.jpg,low_light,4,3.98
77bdbeb0-edb0613f.jpg,low_light,5,2.86
77bdbeb0-edb0613f.jpg,low_light,6,1.92
77bdbeb0-edb0613f.jpg,low_light,7,1.18
77bdbeb0-edb0613f.jpg,low_light,8,0.61
77bdbeb0-edb0613f.jpg,low_light,9,0.18
77bdbeb0-edb0613f.jpg,rain,1,20.81
77bdbeb0-edb0613f.jpg,rain,2,16.03
77bdbeb0-edb0613f.jpg,rain,3,12.37
77bdbeb0-edb0613f.jpg,rain,4,10.1
77bdbeb0-edb0613f.jpg,rain,5,8.43
77bdbeb0-edb0613f.jpg,rain,6,7.18
77bdbeb0-edb0613f.jpg,rain,7,6.2
77bdbeb0-edb0613f.jpg,rain,8,5.41
77bdbeb0-edb0613f.jpg,rain,9,4.72
77dca577-16a39ea0.jpg,motion_blur,1,32.35
77dca577-16a39ea0.jpg,motion_blur,2,27.55
77dca577-16a39ea0.jpg,motion_blur,3,25.3
77dca577-16a39ea0.jpg,motion_blur,4,23.88
77dca577-16a39ea0.jpg,motion_blur,5,22.85
77dca577-16a39ea0.jpg,motion_blur,6,22.08
77dca577-16a39ea0.jpg,motion_blur,7,21.48
77dca577-16a39ea0.jpg,motion_blur,8,21.0
77dca577-16a39ea0.jpg,motion_blur,9,20.6
77dca577-16a39ea0.jpg,low_light,1,9.88
77dca577-16a39ea0.jpg,low_light,2,7.46
77dca577-16a39ea0.jpg,low_light,3,5.58
77dca577-16a39ea0.jpg,low_light,4,4.11
77dca577-16a39ea0.jpg,low_light,5,2.94
77dca577-16a39ea0.jpg,low_light,6,1.98
77dca577-16a39ea0.jpg,low_light,7,1.22
77dca577-16a39ea0.jpg,low_light,8,0.62
77dca577-16a39ea0.jpg,low_light,9,0.19
77dca577-16a39ea0.jpg,rain,1,21.99
77dca577-16a39ea0.jpg,rain,2,16.81
77dca577-16a39ea0.jpg,rain,3,12.96
77dca577-16a39ea0.jpg,rain,4,10.63
77dca577-16a39ea0.jpg,rain,5,8.93
77dca577-16a39ea0.jpg,rain,6,7.68
77dca577-16a39ea0.jpg,rain,7,6.69
77dca577-16a39ea0.jpg,rain,8,5.89
77dca577-16a39ea0.jpg,rain,9,5.19
77f810c4-43a39c1f.jpg,motion_blur,1,33.53
77f810c4-43a39c1f.jpg,motion_blur,2,29.06
77f810c4-43a39c1f.jpg,motion_blur,3,27.19
77f810c4-43a39c1f.jpg,motion_blur,4,26.16
77f810c4-43a39c1f.jpg,motion_blur,5,25.46
77f810c4-43a39c1f.jpg,motion_blur,6,24.94
77f810c4-43a39c1f.jpg,motion_blur,7,24.52
77f810c4-43a39c1f.jpg,motion_blur,8,24.17
77f810c4-43a39c1f.jpg,motion_blur,9,23.87
77f810c4-43a39c1f.jpg,low_light,1,9.54
77f810c4-43a39c1f.jpg,low_light,2,7.23
77f810c4-43a39c1f.jpg,low_light,3,5.42
77f810c4-43a39c1f.jpg,low_light,4,4.0
77f810c4-43a39c1f.jpg,low_light,5,2.87
77f810c4-43a39c1f.jpg,low_light,6,1.93
77f810c4-43a39c1f.jpg,low_light,7,1.19
77f810c4-43a39c1f.jpg,low_light,8,0.61
77f810c4-43a39c1f.jpg,low_light,9,0.18
77f810c4-43a39c1f.jpg,rain,1,21.95
77f810c4-43a39c1f.jpg,rain,2,16.6
77f810c4-43a39c1f.jpg,rain,3,12.75
77f810c4-43a39c1f.jpg,rain,4,10.42
77f810c4-43a39c1f.jpg,rain,5,8.75
77f810c4-43a39c1f.jpg,rain,6,7.51
77f810c4-43a39c1f.jpg,rain,7,6.54
77f810c4-43a39c1f.jpg,rain,8,5.75
77f810c4-43a39c1f.jpg,rain,9,5.06
7814206e-8e991d51.jpg,motion_blur,1,37.76
7814206e-8e991d51.jpg,motion_blur,2,32.64
7814206e-8e991d51.jpg,motion_blur,3,30.16
7814206e-8e991d51.jpg,motion_blur,4,28.6
7814206e-8e991d51.jpg,motion_blur,5,27.42
7814206e-8e991d51.jpg,motion_blur,6,26.49
7814206e-8e991d51.jpg,motion_blur,7,25.74
7814206e-8e991d51.jpg,motion_blur,8,25.14
7814206e-8e991d51.jpg,motion_blur,9,24.63
7814206e-8e991d51.jpg,low_light,1,10.16
7814206e-8e991d51.jpg,low_light,2,7.62
7814206e-8e991d51.jpg,low_light,3,5.68
7814206e-8e991d51.jpg,low_light,4,4.17
7814206e-8e991d51.jpg,low_light,5,2.98
7814206e-8e991d51.jpg,low_light,6,2.0
7814206e-8e991d51.jpg,low_light,7,1.23
7814206e-8e991d51.jpg,low_light,8,0.63
7814206e-8e991d51.jpg,low_light,9,0.19
7814206e-8e991d51.jpg,rain,1,23.51
7814206e-8e991d51.jpg,rain,2,19.14
7814206e-8e991d51.jpg,rain,3,14.7
7814206e-8e991d51.jpg,rain,4,12.15
7814206e-8e991d51.jpg,rain,5,10.38
7814206e-8e991d51.jpg,rain,6,9.09
7814206e-8e991d51.jpg,rain,7,8.07
7814206e-8e991d51.jpg,rain,8,7.26
7814206e-8e991d51.jpg,rain,9,6.54
7814206e-ea2508d0.jpg,motion_blur,1,39.44
7814206e-ea2508d0.jpg,motion_blur,2,34.02
7814206e-ea2508d0.jpg,motion_blur,3,31.15
7814206e-ea2508d0.jpg,motion_blur,4,29.43
7814206e-ea2508d0.jpg,motion_blur,5,28.27
7814206e-ea2508d0.jpg,motion_blur,6,27.41
7814206e-ea2508d0.jpg,motion_blur,7,26.73
7814206e-ea2508d0.jpg,motion_blur,8,26.16
7814206e-ea2508d0.jpg,motion_blur,9,25.68
7814206e-ea2508d0.jpg,low_light,1,10.08
7814206e-ea2508d0.jpg,low_light,2,7.57
7814206e-ea2508d0.jpg,low_light,3,5.65
7814206e-ea2508d0.jpg,low_light,4,4.15
7814206e-ea2508d0.jpg,low_light,5,2.97
7814206e-ea2508d0.jpg,low_light,6,2.0
7814206e-ea2508d0.jpg,low_light,7,1.23
7814206e-ea2508d0.jpg,low_light,8,0.63
7814206e-ea2508d0.jpg,low_light,9,0.19
7814206e-ea2508d0.jpg,rain,1,23.54
7814206e-ea2508d0.jpg,rain,2,18.94
7814206e-ea2508d0.jpg,rain,3,14.45
7814206e-ea2508d0.jpg,rain,4,11.87
7814206e-ea2508d0.jpg,rain,5,10.03
7814206e-ea2508d0.jpg,rain,6,8.71
7814206e-ea2508d0.jpg,rain,7,7.67
7814206e-ea2508d0.jpg,rain,8,6.81
7814206e-ea2508d0.jpg,rain,9,6.08
79e177bc-4d5d3acc.jpg,motion_blur,1,31.59
79e177bc-4d5d3acc.jpg,motion_blur,2,26.56
79e177bc-4d5d3acc.jpg,motion_blur,3,24.29
79e177bc-4d5d3acc.jpg,motion_blur,4,22.96
79e177bc-4d5d3acc.jpg,motion_blur,5,22.04
79e177bc-4d5d3acc.jpg,motion_blur,6,21.37
79e177bc-4d5d3acc.jpg,motion_blur,7,20.84
79e177bc-4d5d3acc.jpg,motion_blur,8,20.38
79e177bc-4d5d3acc.jpg,motion_blur,9,19.97
79e177bc-4d5d3acc.jpg,low_light,1,9.44
79e177bc-4d5d3acc.jpg,low_light,2,7.14
79e177bc-4d5d3acc.jpg,low_light,3,5.35
79e177bc-4d5d3acc.jpg,low_light,4,3.95
79e177bc-4d5d3acc.jpg,low_light,5,2.83
79e177bc-4d5d3acc.jpg,low_light,6,1.91
79e177bc-4d5d3acc.jpg,low_light,7,1.17
79e177bc-4d5d3acc.jpg,low_light,8,0.6
79e177bc-4d5d3acc.jpg,low_light,9,0.18
79e177bc-4d5d3acc.jpg,rain,1,23.19
79e177bc-4d5d3acc.jpg,rain,2,17.58
79e177bc-4d5d3acc.jpg,rain,3,12.95
79e177bc-4d5d3acc.jpg,rain,4,10.31
79e177bc-4d5d3acc.jpg,rain,5,8.48
79e177bc-4d5d3acc.jpg,rain,6,7.15
79e177bc-4d5d3acc.jpg,rain,7,6.12
79e177bc-4d5d3acc.jpg,rain,8,5.3
79e177bc-4d5d3acc.jpg,rain,9,4.62
7aa4ff0f-9d28d8a4.jpg,motion_blur,1,35.45
7aa4ff0f-9d28d8a4.jpg,motion_blur,2,30.67
7aa4ff0f-9d28d8a4.jpg,motion_blur,3,28.46
7aa4ff0f-9d28d8a4.jpg,motion_blur,4,27.14
7aa4ff0f-9d28d8a4.jpg,motion_blur,5,26.21
7aa4ff0f-9d28d8a4.jpg,motion_blur,6,25.52
7aa4ff0f-9d28d8a4.jpg,motion_blur,7,24.98
7aa4ff0f-9d28d8a4.jpg,motion_blur,8,24.53
7aa4ff0f-9d28d8a4.jpg,motion_blur,9,24.16
7aa4ff0f-9d28d8a4.jpg,low_light,1,10.95
7aa4ff0f-9d28d8a4.jpg,low_light,2,8.13
7aa4ff0f-9d28d8a4.jpg,low_light,3,6.02
7aa4ff0f-9d28d8a4.jpg,low_light,4,4.4
7aa4ff0f-9d28d8a4.jpg,low_light,5,3.14
7aa4ff0f-9d28d8a4.jpg,low_light,6,2.1
7aa4ff0f-9d28d8a4.jpg,low_light,7,1.29
7aa4ff0f-9d28d8a4.jpg,low_light,8,0.66
7aa4ff0f-9d28d8a4.jpg,low_light,9,0.2
7aa4ff0f-9d28d8a4.jpg,rain,1,22.81
7aa4ff0f-9d28d8a4.jpg,rain,2,19.66
7aa4ff0f-9d28d8a4.jpg,rain,3,15.29
7aa4ff0f-9d28d8a4.jpg,rain,4,12.75
7aa4ff0f-9d28d8a4.jpg,rain,5,10.92
7aa4ff0f-9d28d8a4.jpg,rain,6,9.6
7aa4ff0f-9d28d8a4.jpg,rain,7,8.55
7aa4ff0f-9d28d8a4.jpg,rain,8,7.68
7aa4ff0f-9d28d8a4.jpg,rain,9,6.92
7ad1174c-373265eb.jpg,motion_blur,1,32.98
7ad1174c-373265eb.jpg,motion_blur,2,27.92
7ad1174c-373265eb.jpg,motion_blur,3,25.69
7ad1174c-373265eb.jpg,motion_blur,4,24.35
7ad1174c-373265eb.jpg,motion_blur,5,23.34
7ad1174c-373265eb.jpg,motion_blur,6,22.53
7ad1174c-373265eb.jpg,motion_blur,7,21.87
7ad1174c-373265eb.jpg,motion_blur,8,21.32
7ad1174c-373265eb.jpg,motion_blur,9,20.85
7ad1174c-373265eb.jpg,low_light,1,9.4
7ad1174c-373265eb.jpg,low_light,2,7.12
7ad1174c-373265eb.jpg,low_light,3,5.34
7ad1174c-373265eb.jpg,low_light,4,3.95
7ad1174c-373265eb.jpg,low_light,5,2.83
7ad1174c-373265eb.jpg,low_light,6,1.91
7ad1174c-373265eb.jpg,low_light,7,1.17
7ad1174c-373265eb.jpg,low_light,8,0.6
7ad1174c-373265eb.jpg,low_light,9,0.18
7ad1174c-373265eb.jpg,rain,1,22.71
7ad1174c-373265eb.jpg,rain,2,16.89
7ad1174c-373265eb.jpg,rain,3,12.65
7ad1174c-373265eb.jpg,rain,4,10.16
7ad1174c-373265eb.jpg,rain,5,8.36
7ad1174c-373265eb.jpg,rain,6,7.03
7ad1174c-373265eb.jpg,rain,7,6.0
7ad1174c-373265eb.jpg,rain,8,5.18
7ad1174c-373265eb.jpg,rain,9,4.49
7b268b98-e0ec16c3.jpg,motion_blur,1,35.26
7b268b98-e0ec16c3.jpg,motion_blur,2,30.53
7b268b98-e0ec16c3.jpg,motion_blur,3,28.5
7b268b98-e0ec16c3.jpg,motion_blur,4,27.31
7b268b98-e0ec16c3.jpg,motion_blur,5,26.44
7b268b98-e0ec16c3.jpg,motion_blur,6,25.76
7b268b98-e0ec16c3.jpg,motion_blur,7,25.2
7b268b98-e0ec16c3.jpg,motion_blur,8,24.71
7b268b98-e0ec16c3.jpg,motion_blur,9,24.29
7b268b98-e0ec16c3.jpg,low_light,1,10.73
7b268b98-e0ec16c3.jpg,low_light,2,8.04
7b268b98-e0ec16c3.jpg,low_light,3,5.97
7b268b98-e0ec16c3.jpg,low_light,4,4.37
7b268b98-e0ec16c3.jpg,low_light,5,3.12
7b268b98-e0ec16c3.jpg,low_light,6,2.09
7b268b98-e0ec16c3.jpg,low_light,7,1.29
7b268b98-e0ec16c3.jpg,low_light,8,0.66
7b268b98-e0ec16c3.jpg,low_light,9,0.2
7b268b98-e0ec16c3.jpg,rain,1,22.41
7b268b98-e0ec16c3.jpg,rain,2,19.18
7b268b98-e0ec16c3.jpg,rain,3,14.8
7b268b98-e0ec16c3.jpg,rain,4,12.21
7b268b98-e0ec16c3.jpg,rain,5,10.32
7b268b98-e0ec16c3.jpg,rain,6,8.96
7b268b98-e0ec16c3.jpg,rain,7,7.85
7b268b98-e0ec16c3.jpg,rain,8,6.97
7b268b98-e0ec16c3.jpg,rain,9,6.18
7c5a2048-332896ea.jpg,motion_blur,1,32.82
7c5a2048-332896ea.jpg,motion_blur,2,27.96
7c5a2048-332896ea.jpg,motion_blur,3,26.1
7c5a2048-332896ea.jpg,motion_blur,4,25.08
7c5a2048-332896ea.jpg,motion_blur,5,24.25
7c5a2048-332896ea.jpg,motion_blur,6,23.56
7c5a2048-332896ea.jpg,motion_blur,7,22.99
7c5a2048-332896ea.jpg,motion_blur,8,22.52
7c5a2048-332896ea.jpg,motion_blur,9,22.11
7c5a2048-332896ea.jpg,low_light,1,10.15
7c5a2048-332896ea.jpg,low_light,2,7.6
7c5a2048-332896ea.jpg,low_light,3,5.66
7c5a2048-332896ea.jpg,low_light,4,4.16
7c5a2048-332896ea.jpg,low_light,5,2.97
7c5a2048-332896ea.jpg,low_light,6,2.0
7c5a2048-332896ea.jpg,low_light,7,1.23
7c5a2048-332896ea.jpg,low_light,8,0.63
7c5a2048-332896ea.jpg,low_light,9,0.19
7c5a2048-332896ea.jpg,rain,1,22.45
7c5a2048-332896ea.jpg,rain,2,17.84
7c5a2048-332896ea.jpg,rain,3,13.88
7c5a2048-332896ea.jpg,rain,4,11.47
7c5a2048-332896ea.jpg,rain,5,9.74
7c5a2048-332896ea.jpg,rain,6,8.48
7c5a2048-332896ea.jpg,rain,7,7.5
7c5a2048-332896ea.jpg,rain,8,6.71
7c5a2048-332896ea.jpg,rain,9,6.03
7c5d50c5-7292de37.jpg,motion_blur,1,35.09
7c5d50c5-7292de37.jpg,motion_blur,2,30.56
7c5d50c5-7292de37.jpg,motion_blur,3,28.36
7c5d50c5-7292de37.jpg,motion_blur,4,26.93
7c5d50c5-7292de37.jpg,motion_blur,5,25.88
7c5d50c5-7292de37.jpg,motion_blur,6,25.07
7c5d50c5-7292de37.jpg,motion_blur,7,24.41
7c5d50c5-7292de37.jpg,motion_blur,8,23.84
7c5d50c5-7292de37.jpg,motion_blur,9,23.35
7c5d50c5-7292de37.jpg,low_light,1,9.57
7c5d50c5-7292de37.jpg,low_light,2,7.25
7c5d50c5-7292de37.jpg,low_light,3,5.43
7c5d50c5-7292de37.jpg,low_light,4,4.01
7c5d50c5-7292de37.jpg,low_light,5,2.88
7c5d50c5-7292de37.jpg,low_light,6,1.94
7c5d50c5-7292de37.jpg,low_light,7,1.19
7c5d50c5-7292de37.jpg,low_light,8,0.61
7c5d50c5-7292de37.jpg,low_light,9,0.18
7c5d50c5-7292de37.jpg,rain,1,22.45
7c5d50c5-7292de37.jpg,rain,2,16.8
7c5d50c5-7292de37.jpg,rain,3,12.79
7c5d50c5-7292de37.jpg,rain,4,10.4
7c5d50c5-7292de37.jpg,rain,5,8.66
7c5d50c5-7292de37.jpg,rain,6,7.39
7c5d50c5-7292de37.jpg,rain,7,6.38
7c5d50c5-7292de37.jpg,rain,8,5.55
7c5d50c5-7292de37.jpg,rain,9,4.84
7d1fe115-936a2f47.jpg,motion_blur,1,37.28
7d1fe115-936a2f47.jpg,motion_blur,2,32.58
7d1fe115-936a2f47.jpg,motion_blur,3,30.49
7d1fe115-936a2f47.jpg,motion_blur,4,29.11
7d1fe115-936a2f47.jpg,motion_blur,5,28.03
7d1fe115-936a2f47.jpg,motion_blur,6,27.21
7d1fe115-936a2f47.jpg,motion_blur,7,26.54
7d1fe115-936a2f47.jpg,motion_blur,8,25.98
7d1fe115-936a2f47.jpg,motion_blur,9,25.49
7d1fe115-936a2f47.jpg,low_light,1,10.18
7d1fe115-936a2f47.jpg,low_light,2,7.66
7d1fe115-936a2f47.jpg,low_light,3,5.71
7d1fe115-936a2f47.jpg,low_light,4,4.2
7d1fe115-936a2f47.jpg,low_light,5,3.0
7d1fe115-936a2f47.jpg,low_light,6,2.01
7d1fe115-936a2f47.jpg,low_light,7,1.24
7d1fe115-936a2f47.jpg,low_light,8,0.63
7d1fe115-936a2f47.jpg,low_light,9,0.19
7d1fe115-936a2f47.jpg,rain,1,23.13
7d1fe115-936a2f47.jpg,rain,2,18.22
7d1fe115-936a2f47.jpg,rain,3,14.07
7d1fe115-936a2f47.jpg,rain,4,11.59
7d1fe115-936a2f47.jpg,rain,5,9.82
7d1fe115-936a2f47.jpg,rain,6,8.51
7d1fe115-936a2f47.jpg,rain,7,7.49
7d1fe115-936a2f47.jpg,rain,8,6.67
7d1fe115-936a2f47.jpg,rain,9,5.94
7dc2914d-a20a969a.jpg,motion_blur,1,39.53
7dc2914d-a20a969a.jpg,motion_blur,2,34.25
7dc2914d-a20a969a.jpg,motion_blur,3,31.69
7dc2914d-a20a969a.jpg,motion_blur,4,30.2
7dc2914d-a20a969a.jpg,motion_blur,5,29.15
7dc2914d-a20a969a.jpg,motion_blur,6,28.33
7dc2914d-a20a969a.jpg,motion_blur,7,27.64
7dc2914d-a20a969a.jpg,motion_blur,8,27.04
7dc2914d-a20a969a.jpg,motion_blur,9,26.52
7dc2914d-a20a969a.jpg,low_light,1,10.35
7dc2914d-a20a969a.jpg,low_light,2,7.74
7dc2914d-a20a969a.jpg,low_light,3,5.76
7dc2914d-a20a969a.jpg,low_light,4,4.23
7dc2914d-a20a969a.jpg,low_light,5,3.02
7dc2914d-a20a969a.jpg,low_light,6,2.03
7dc2914d-a20a969a.jpg,low_light,7,1.25
7dc2914d-a20a969a.jpg,low_light,8,0.64
7dc2914d-a20a969a.jpg,low_light,9,0.2
7dc2914d-a20a969a.jpg,rain,1,22.99
7dc2914d-a20a969a.jpg,rain,2,18.94
7dc2914d-a20a969a.jpg,rain,3,14.88
7dc2914d-a20a969a.jpg,rain,4,12.4
7dc2914d-a20a969a.jpg,rain,5,10.63
7dc2914d-a20a969a.jpg,rain,6,9.34
7dc2914d-a20a969a.jpg,rain,7,8.32
7dc2914d-a20a969a.jpg,rain,8,7.49
7dc2914d-a20a969a.jpg,rain,9,6.78
7e4ab78b-4a62c63e.jpg,motion_blur,1,34.57
7e4ab78b-4a62c63e.jpg,motion_blur,2,29.63
7e4ab78b-4a62c63e.jpg,motion_blur,3,27.29
7e4ab78b-4a62c63e.jpg,motion_blur,4,25.92
7e4ab78b-4a62c63e.jpg,motion_blur,5,24.93
7e4ab78b-4a62c63e.jpg,motion_blur,6,24.17
7e4ab78b-4a62c63e.jpg,motion_blur,7,23.55
7e4ab78b-4a62c63e.jpg,motion_blur,8,23.03
7e4ab78b-4a62c63e.jpg,motion_blur,9,22.6
7e4ab78b-4a62c63e.jpg,low_light,1,10.04
7e4ab78b-4a62c63e.jpg,low_light,2,7.54
7e4ab78b-4a62c63e.jpg,low_light,3,5.63
7e4ab78b-4a62c63e.jpg,low_light,4,4.14
7e4ab78b-4a62c63e.jpg,low_light,5,2.96
7e4ab78b-4a62c63e.jpg,low_light,6,1.99
7e4ab78b-4a62c63e.jpg,low_light,7,1.22
7e4ab78b-4a62c63e.jpg,low_light,8,0.62
7e4ab78b-4a62c63e.jpg,low_light,9,0.19
7e4ab78b-4a62c63e.jpg,rain,1,22.6
7e4ab78b-4a62c63e.jpg,rain,2,16.17
7e4ab78b-4a62c63e.jpg,rain,3,12.01
7e4ab78b-4a62c63e.jpg,rain,4,9.52
7e4ab78b-4a62c63e.jpg,rain,5,7.75
7e4ab78b-4a62c63e.jpg,rain,6,6.44
7e4ab78b-4a62c63e.jpg,rain,7,5.42
7e4ab78b-4a62c63e.jpg,rain,8,4.61
7e4ab78b-4a62c63e.jpg,rain,9,3.91
7e590c49-93f03732.jpg,motion_blur,1,30.37
7e590c49-93f03732.jpg,motion_blur,2,25.19
7e590c49-93f03732.jpg,motion_blur,3,23.02
7e590c49-93f03732.jpg,motion_blur,4,21.83
7e590c49-93f03732.jpg,motion_blur,5,21.04
7e590c49-93f03732.jpg,motion_blur,6,20.46
7e590c49-93f03732.jpg,motion_blur,7,19.98
7e590c49-93f03732.jpg,motion_blur,8,19.54
7e590c49-93f03732.jpg,motion_blur,9,19.15
7e590c49-93f03732.jpg,low_light,1,9.16
7e590c49-93f03732.jpg,low_light,2,7.02
7e590c49-93f03732.jpg,low_light,3,5.29
7e590c49-93f03732.jpg,low_light,4,3.92
7e590c49-93f03732.jpg,low_light,5,2.82
7e590c49-93f03732.jpg,low_light,6,1.9
7e590c49-93f03732.jpg,low_light,7,1.17
7e590c49-93f03732.jpg,low_light,8,0.6
7e590c49-93f03732.jpg,low_light,9,0.18
7e590c49-93f03732.jpg,rain,1,22.79
7e590c49-93f03732.jpg,rain,2,16.12
7e590c49-93f03732.jpg,rain,3,11.81
7e590c49-93f03732.jpg,rain,4,9.26
7e590c49-93f03732.jpg,rain,5,7.45
7e590c49-93f03732.jpg,rain,6,6.12
7e590c49-93f03732.jpg,rain,7,5.07
7e590c49-93f03732.jpg,rain,8,4.21
7e590c49-93f03732.jpg,rain,9,3.48
7ed57d0a-d7bcc13d.jpg,motion_blur,1,30.78
7ed57d0a-d7bcc13d.jpg,motion_blur,2,27.26
7ed57d0a-d7bcc13d.jpg,motion_blur,3,26.02
7ed57d0a-d7bcc13d.jpg,motion_blur,4,25.04
7ed57d0a-d7bcc13d.jpg,motion_blur,5,24.11
7ed57d0a-d7bcc13d.jpg,motion_blur,6,23.32
7ed57d0a-d7bcc13d.jpg,motion_blur,7,22.67
7ed57d0a-d7bcc13d.jpg,motion_blur,8,22.11
7ed57d0a-d7bcc13d.jpg,motion_blur,9,21.63
7ed57d0a-d7bcc13d.jpg,low_light,1,9.79
7ed57d0a-d7bcc13d.jpg,low_light,2,7.38
7ed57d0a-d7bcc13d.jpg,low_light,3,5.51
7ed57d0a-d7bcc13d.jpg,low_light,4,4.06
7ed57d0a-d7bcc13d.jpg,low_light,5,2.91
7ed57d0a-d7bcc13d.jpg,low_light,6,1.96
7ed57d0a-d7bcc13d.jpg,low_light,7,1.2
7ed57d0a-d7bcc13d.jpg,low_light,8,0.61
7ed57d0a-d7bcc13d.jpg,low_light,9,0.19
7ed57d0a-d7bcc13d.jpg,rain,1,20.45
7ed57d0a-d7bcc13d.jpg,rain,2,15.88
7ed57d0a-d7bcc13d.jpg,rain,3,12.44
7ed57d0a-d7bcc13d.jpg,rain,4,10.27
7ed57d0a-d7bcc13d.jpg,rain,5,8.67
7ed57d0a-d7bcc13d.jpg,rain,6,7.48
7ed57d0a-d7bcc13d.jpg,rain,7,6.54
7ed57d0a-d7bcc13d.jpg,rain,8,5.78
7ed57d0a-d7bcc13d.jpg,rain,9,5.13
7f0ef682-c93899df.jpg,motion_blur,1,33.9
7f0ef682-c93899df.jpg,motion_blur,2,28.81
7f0ef682-c93899df.jpg,motion_blur,3,26.2
7f0ef682-c93899df.jpg,motion_blur,4,24.51
7f0ef682-c93899df.jpg,motion_blur,5,23.26
7f0ef682-c93899df.jpg,motion_blur,6,22.31
7f0ef682-c93899df.jpg,motion_blur,7,21.57
7f0ef682-c93899df.jpg,motion_blur,8,20.97
7f0ef682-c93899df.jpg,motion_blur,9,20.49
7f0ef682-c93899df.jpg,low_light,1,9.2
7f0ef682-c93899df.jpg,low_light,2,7.03
7f0ef682-c93899df.jpg,low_light,3,5.29
7f0ef682-c93899df.jpg,low_light,4,3.92
7f0ef682-c93899df.jpg,low_light,5,2.81
7f0ef682-c93899df.jpg,low_light,6,1.9
7f0ef682-c93899df.jpg,low_light,7,1.16
7f0ef682-c93899df.jpg,low_light,8,0.59
7f0ef682-c93899df.jpg,low_light,9,0.17
7f0ef682-c93899df.jpg,rain,1,22.9
7f0ef682-c93899df.jpg,rain,2,16.55
7f0ef682-c93899df.jpg,rain,3,12.09
7f0ef682-c93899df.jpg,rain,4,9.49
7f0ef682-c93899df.jpg,rain,5,7.65
7f0ef682-c93899df.jpg,rain,6,6.28
7f0ef682-c93899df.jpg,rain,7,5.2
7f0ef682-c93899df.jpg,rain,8,4.33
7f0ef682-c93899df.jpg,rain,9,3.58
7f4ac354-777de900.jpg,motion_blur,1,30.86
7f4ac354-777de900.jpg,motion_blur,2,25.89
7f4ac354-777de900.jpg,motion_blur,3,23.68
7f4ac354-777de900.jpg,motion_blur,4,22.42
7f4ac354-777de900.jpg,motion_blur,5,21.54
7f4ac354-777de900.jpg,motion_blur,6,20.87
7f4ac354-777de900.jpg,motion_blur,7,20.34
7f4ac354-777de900.jpg,motion_blur,8,19.91
7f4ac354-777de900.jpg,motion_blur,9,19.55
7f4ac354-777de900.jpg,low_light,1,8.81
7f4ac354-777de900.jpg,low_light,2,6.76
7f4ac354-777de900.jpg,low_light,3,5.11
7f4ac354-777de900.jpg,low_light,4,3.79
7f4ac354-777de900.jpg,low_light,5,2.73
7f4ac354-777de900.jpg,low_light,6,1.84
7f4ac354-777de900.jpg,low_light,7,1.13
7f4ac354-777de900.jpg,low_light,8,0.58
7f4ac354-777de900.jpg,low_light,9,0.17
7f4ac354-777de900.jpg,rain,1,22.08
7f4ac354-777de900.jpg,rain,2,15.75
7f4ac354-777de900.jpg,rain,3,11.65
7f4ac354-777de900.jpg,rain,4,9.21
7f4ac354-777de900.jpg,rain,5,7.43
7f4ac354-777de900.jpg,rain,6,6.11
7f4ac354-777de900.jpg,rain,7,5.07
7f4ac354-777de900.jpg,rain,8,4.23
7f4ac354-777de900.jpg,rain,9,3.51
7f9bdf0d-c0e0061f.jpg,motion_blur,1,29.52
7f9bdf0d-c0e0061f.jpg,motion_blur,2,24.56
7f9bdf0d-c0e0061f.jpg,motion_blur,3,22.29
7f9bdf0d-c0e0061f.jpg,motion_blur,4,20.95
7f9bdf0d-c0e0061f.jpg,motion_blur,5,20.03
7f9bdf0d-c0e0061f.jpg,motion_blur,6,19.32
7f9bdf0d-c0e0061f.jpg,motion_blur,7,18.74
7f9bdf0d-c0e0061f.jpg,motion_blur,8,18.24
7f9bdf0d-c0e0061f.jpg,motion_blur,9,17.81
7f9bdf0d-c0e0061f.jpg,low_light,1,8.74
7f9bdf0d-c0e0061f.jpg,low_light,2,6.74
7f9bdf0d-c0e0061f.jpg,low_light,3,5.1
7f9bdf0d-c0e0061f.jpg,low_light,4,3.79
7f9bdf0d-c0e0061f.jpg,low_light,5,2.73
7f9bdf0d-c0e0061f.jpg,low_light,6,1.84
7f9bdf0d-c0e0061f.jpg,low_light,7,1.13
7f9bdf0d-c0e0061f.jpg,low_light,8,0.58
7f9bdf0d-c0e0061f.jpg,low_light,9,0.17
7f9bdf0d-c0e0061f.jpg,rain,1,21.38
7f9bdf0d-c0e0061f.jpg,rain,2,14.97
7f9bdf0d-c0e0061f.jpg,rain,3,10.98
7f9bdf0d-c0e0061f.jpg,rain,4,8.56
7f9bdf0d-c0e0061f.jpg,rain,5,6.8
7f9bdf0d-c0e0061f.jpg,rain,6,5.49
7f9bdf0d-c0e0061f.jpg,rain,7,4.45
7f9bdf0d-c0e0061f.jpg,rain,8,3.59
7f9bdf0d-c0e0061f.jpg,rain,9,2.85
7fd14da9-a855494b.jpg,motion_blur,1,40.1
7fd14da9-a855494b.jpg,motion_blur,2,35.14
7fd14da9-a855494b.jpg,motion_blur,3,32.57
7fd14da9-a855494b.jpg,motion_blur,4,30.96
7fd14da9-a855494b.jpg,motion_blur,5,29.78
7fd14da9-a855494b.jpg,motion_blur,6,28.83
7fd14da9-a855494b.jpg,motion_blur,7,28.04
7fd14da9-a855494b.jpg,motion_blur,8,27.35
7fd14da9-a855494b.jpg,motion_blur,9,26.73
7fd14da9-a855494b.jpg,low_light,1,10.72
7fd14da9-a855494b.jpg,low_light,2,7.98
7fd14da9-a855494b.jpg,low_light,3,5.91
7fd14da9-a855494b.jpg,low_light,4,4.33
7fd14da9-a855494b.jpg,low_light,5,3.09
7fd14da9-a855494b.jpg,low_light,6,2.07
7fd14da9-a855494b.jpg,low_light,7,1.27
7fd14da9-a855494b.jpg,low_light,8,0.65
7fd14da9-a855494b.jpg,low_light,9,0.2
7fd14da9-a855494b.jpg,rain,1,23.1
7fd14da9-a855494b.jpg,rain,2,19.31
7fd14da9-a855494b.jpg,rain,3,15.13
7fd14da9-a855494b.jpg,rain,4,12.64
7fd14da9-a855494b.jpg,rain,5,10.91
7fd14da9-a855494b.jpg,rain,6,9.63
7fd14da9-a855494b.jpg,rain,7,8.62
7fd14da9-a855494b.jpg,rain,8,7.8
7fd14da9-a855494b.jpg,rain,9,7.07
801bff84-a72998c7.jpg,motion_blur,1,30.18
801bff84-a72998c7.jpg,motion_blur,2,25.6
801bff84-a72998c7.jpg,motion_blur,3,23.4
801bff84-a72998c7.jpg,motion_blur,4,22.06
801bff84-a72998c7.jpg,motion_blur,5,21.1
801bff84-a72998c7.jpg,motion_blur,6,20.37
801bff84-a72998c7.jpg,motion_blur,7,19.77
801bff84-a72998c7.jpg,motion_blur,8,19.28
801bff84-a72998c7.jpg,motion_blur,9,18.86
801bff84-a72998c7.jpg,low_light,1,10.0
801bff84-a72998c7.jpg,low_light,2,7.74
801bff84-a72998c7.jpg,low_light,3,5.81
801bff84-a72998c7.jpg,low_light,4,4.31
801bff84-a72998c7.jpg,low_light,5,3.07
801bff84-a72998c7.jpg,low_light,6,2.08
801bff84-a72998c7.jpg,low_light,7,1.27
801bff84-a72998c7.jpg,low_light,8,0.65
801bff84-a72998c7.jpg,low_light,9,0.19
801bff84-a72998c7.jpg,rain,1,20.63
801bff84-a72998c7.jpg,rain,2,14.71
801bff84-a72998c7.jpg,rain,3,10.88
801bff84-a72998c7.jpg,rain,4,8.5
801bff84-a72998c7.jpg,rain,5,6.75
801bff84-a72998c7.jpg,rain,6,5.43
801bff84-a72998c7.jpg,rain,7,4.38
801bff84-a72998c7.jpg,rain,8,3.49
801bff84-a72998c7.jpg,rain,9,2.73
8073de38-f7eab6ec.jpg,motion_blur,1,33.14
8073de38-f7eab6ec.jpg,motion_blur,2,28.2
8073de38-f7eab6ec.jpg,motion_blur,3,26.11
8073de38-f7eab6ec.jpg,motion_blur,4,24.95
8073de38-f7eab6ec.jpg,motion_blur,5,24.11
8073de38-f7eab6ec.jpg,motion_blur,6,23.45
8073de38-f7eab6ec.jpg,motion_blur,7,22.9
8073de38-f7eab6ec.jpg,motion_blur,8,22.43
8073de38-f7eab6ec.jpg,motion_blur,9,22.04
8073de38-f7eab6ec.jpg,low_light,1,9.98
8073de38-f7eab6ec.jpg,low_light,2,7.53
8073de38-f7eab6ec.jpg,low_light,3,5.62
8073de38-f7eab6ec.jpg,low_light,4,4.14
8073de38-f7eab6ec.jpg,low_light,5,2.96
8073de38-f7eab6ec.jpg,low_light,6,1.99
8073de38-f7eab6ec.jpg,low_light,7,1.22
8073de38-f7eab6ec.jpg,low_light,8,0.63
8073de38-f7eab6ec.jpg,low_light,9,0.19
8073de38-f7eab6ec.jpg,rain,1,22.73
8073de38-f7eab6ec.jpg,rain,2,17.02
8073de38-f7eab6ec.jpg,rain,3,12.9
8073de38-f7eab6ec.jpg,rain,4,10.48
8073de38-f7eab6ec.jpg,rain,5,8.74
8073de38-f7eab6ec.jpg,rain,6,7.47
8073de38-f7eab6ec.jpg,rain,7,6.47
8073de38-f7eab6ec.jpg,rain,8,5.67
8073de38-f7eab6ec.jpg,rain,9,4.97
8082ea05-1a7bcd47.jpg,motion_blur,1,32.36
8082ea05-1a7bcd47.jpg,motion_blur,2,27.43
8082ea05-1a7bcd47.jpg,motion_blur,3,25.25
8082ea05-1a7bcd47.jpg,motion_blur,4,24.01
8082ea05-1a7bcd47.jpg,motion_blur,5,23.16
8082ea05-1a7bcd47.jpg,motion_blur,6,22.52
8082ea05-1a7bcd47.jpg,motion_blur,7,22.0
8082ea05-1a7bcd47.jpg,motion_blur,8,21.56
8082ea05-1a7bcd47.jpg,motion_blur,9,21.2
8082ea05-1a7bcd47.jpg,low_light,1,9.65
8082ea05-1a7bcd47.jpg,low_light,2,7.33
8082ea05-1a7bcd47.jpg,low_light,3,5.49
8082ea05-1a7bcd47.jpg,low_light,4,4.05
8082ea05-1a7bcd47.jpg,low_light,5,2.9
8082ea05-1a7bcd47.jpg,low_light,6,1.95
8082ea05-1a7bcd47.jpg,low_light,7,1.2
8082ea05-1a7bcd47.jpg,low_light,8,0.62
8082ea05-1a7bcd47.jpg,low_light,9,0.19
8082ea05-1a7bcd47.jpg,rain,1,21.35
8082ea05-1a7bcd47.jpg,rain,2,16.41
8082ea05-1a7bcd47.jpg,rain,3,12.75
8082ea05-1a7bcd47.jpg,rain,4,10.48
8082ea05-1a7bcd47.jpg,rain,5,8.81
8082ea05-1a7bcd47.jpg,rain,6,7.58
8082ea05-1a7bcd47.jpg,rain,7,6.59
8082ea05-1a7bcd47.jpg,rain,8,5.78
8082ea05-1a7bcd47.jpg,rain,9,5.08
80ecebc0-ca9605f4.jpg,motion_blur,1,41.91
80ecebc0-ca9605f4.jpg,motion_blur,2,37.1
80ecebc0-ca9605f4.jpg,motion_blur,3,34.79
80ecebc0-ca9605f4.jpg,motion_blur,4,33.4
80ecebc0-ca9605f4.jpg,motion_blur,5,32.36
80ecebc0-ca9605f4.jpg,motion_blur,6,31.55
80ecebc0-ca9605f4.jpg,motion_blur,7,30.87
80ecebc0-ca9605f4.jpg,motion_blur,8,30.3
80ecebc0-ca9605f4.jpg,motion_blur,9,29.81
80ecebc0-ca9605f4.jpg,low_light,1,9.81
80ecebc0-ca9605f4.jpg,low_light,2,7.4
80ecebc0-ca9605f4.jpg,low_light,3,5.53
80ecebc0-ca9605f4.jpg,low_light,4,4.08
80ecebc0-ca9605f4.jpg,low_light,5,2.92
80ecebc0-ca9605f4.jpg,low_light,6,1.96
80ecebc0-ca9605f4.jpg,low_light,7,1.21
80ecebc0-ca9605f4.jpg,low_light,8,0.62
80ecebc0-ca9605f4.jpg,low_light,9,0.19
80ecebc0-ca9605f4.jpg,rain,1,23.15
80ecebc0-ca9605f4.jpg,rain,2,17.52
80ecebc0-ca9605f4.jpg,rain,3,13.17
80ecebc0-ca9605f4.jpg,rain,4,10.65
80ecebc0-ca9605f4.jpg,rain,5,8.86
80ecebc0-ca9605f4.jpg,rain,6,7.57
80ecebc0-ca9605f4.jpg,rain,7,6.57
80ecebc0-ca9605f4.jpg,rain,8,5.78
80ecebc0-ca9605f4.jpg,rain,9,5.08
81ec3b39-1951f79e.jpg,motion_blur,1,34.65
81ec3b39-1951f79e.jpg,motion_blur,2,29.53
81ec3b39-1951f79e.jpg,motion_blur,3,27.16
81ec3b39-1951f79e.jpg,motion_blur,4,25.78
81ec3b39-1951f79e.jpg,motion_blur,5,24.82
81ec3b39-1951f79e.jpg,motion_blur,6,24.08
81ec3b39-1951f79e.jpg,motion_blur,7,23.48
81ec3b39-1951f79e.jpg,motion_blur,8,22.97
81ec3b39-1951f79e.jpg,motion_blur,9,22.52
81ec3b39-1951f79e.jpg,low_light,1,9.91
81ec3b39-1951f79e.jpg,low_light,2,7.46
81ec3b39-1951f79e.jpg,low_light,3,5.57
81ec3b39-1951f79e.jpg,low_light,4,4.1
81ec3b39-1951f79e.jpg,low_light,5,2.94
81ec3b39-1951f79e.jpg,low_light,6,1.97
81ec3b39-1951f79e.jpg,low_light,7,1.21
81ec3b39-1951f79e.jpg,low_light,8,0.62
81ec3b39-1951f79e.jpg,low_light,9,0.19
81ec3b39-1951f79e.jpg,rain,1,22.37
81ec3b39-1951f79e.jpg,rain,2,17.3
81ec3b39-1951f79e.jpg,rain,3,13.37
81ec3b39-1951f79e.jpg,rain,4,11.01
81ec3b39-1951f79e.jpg,rain,5,9.3
81ec3b39-1951f79e.jpg,rain,6,8.01
81ec3b39-1951f79e.jpg,rain,7,7.02
81ec3b39-1951f79e.jpg,rain,8,6.21
81ec3b39-1951f79e.jpg,rain,9,5.52
82b14c0c-79b99258.jpg,motion_blur,1,30.27
82b14c0c-79b99258.jpg,motion_blur,2,25.51
82b14c0c-79b99258.jpg,motion_blur,3,23.4
82b14c0c-79b99258.jpg,motion_blur,4,22.14
82b14c0c-79b99258.jpg,motion_blur,5,21.25
82b14c0c-79b99258.jpg,motion_blur,6,20.57
82b14c0c-79b99258.jpg,motion_blur,7,20.03
82b14c0c-79b99258.jpg,motion_blur,8,19.57
82b14c0c-79b99258.jpg,motion_blur,9,19.19
82b14c0c-79b99258.jpg,low_light,1,9.76
82b14c0c-79b99258.jpg,low_light,2,7.4
82b14c0c-79b99258.jpg,low_light,3,5.54
82b14c0c-79b99258.jpg,low_light,4,4.09
82b14c0c-79b99258.jpg,low_light,5,2.93
82b14c0c-79b99258.jpg,low_light,6,1.97
82b14c0c-79b99258.jpg,low_light,7,1.21
82b14c0c-79b99258.jpg,low_light,8,0.62
82b14c0c-79b99258.jpg,low_light,9,0.19
82b14c0c-79b99258.jpg,rain,1,22.97
82b14c0c-79b99258.jpg,rain,2,16.97
82b14c0c-79b99258.jpg,rain,3,12.58
82b14c0c-79b99258.jpg,rain,4,10.04
82b14c0c-79b99258.jpg,rain,5,8.22
82b14c0c-79b99258.jpg,rain,6,6.89
82b14c0c-79b99258.jpg,rain,7,5.83
82b14c0c-79b99258.jpg,rain,8,4.97
82b14c0c-79b99258.jpg,rain,9,4.21
82b5fc3b-90cadd1b.jpg,motion_blur,1,30.2
82b5fc3b-90cadd1b.jpg,motion_blur,2,25.1
82b5fc3b-90cadd1b.jpg,motion_blur,3,22.78
82b5fc3b-90cadd1b.jpg,motion_blur,4,21.42
82b5fc3b-90cadd1b.jpg,motion_blur,5,20.45
82b5fc3b-90cadd1b.jpg,motion_blur,6,19.69
82b5fc3b-90cadd1b.jpg,motion_blur,7,19.08
82b5fc3b-90cadd1b.jpg,motion_blur,8,18.57
82b5fc3b-90cadd1b.jpg,motion_blur,9,18.15
82b5fc3b-90cadd1b.jpg,low_light,1,8.62
82b5fc3b-90cadd1b.jpg,low_light,2,6.67
82b5fc3b-90cadd1b.jpg,low_light,3,5.07
82b5fc3b-90cadd1b.jpg,low_light,4,3.77
82b5fc3b-90cadd1b.jpg,low_light,5,2.72
82b5fc3b-90cadd1b.jpg,low_light,6,1.83
82b5fc3b-90cadd1b.jpg,low_light,7,1.13
82b5fc3b-90cadd1b.jpg,low_light,8,0.57
82b5fc3b-90cadd1b.jpg,low_light,9,0.17
82b5fc3b-90cadd1b.jpg,rain,1,21.1
82b5fc3b-90cadd1b.jpg,rain,2,14.08
82b5fc3b-90cadd1b.jpg,rain,3,10.14
82b5fc3b-90cadd1b.jpg,rain,4,7.75
82b5fc3b-90cadd1b.jpg,rain,5,6.01
82b5fc3b-90cadd1b.jpg,rain,6,4.7
82b5fc3b-90cadd1b.jpg,rain,7,3.65
82b5fc3b-90cadd1b.jpg,rain,8,2.8
82b5fc3b-90cadd1b.jpg,rain,9,2.06
82f03471-8e304dd5.jpg,motion_blur,1,32.95
82f03471-8e304dd5.jpg,motion_blur,2,27.86
82f03471-8e304dd5.jpg,motion_blur,3,25.31
82f03471-8e304dd5.jpg,motion_blur,4,23.89
82f03471-8e304dd5.jpg,motion_blur,5,22.97
82f03471-8e304dd5.jpg,motion_blur,6,22.25
82f03471-8e304dd5.jpg,motion_blur,7,21.64
82f03471-8e304dd5.jpg,motion_blur,8,21.11
82f03471-8e304dd5.jpg,motion_blur,9,20.66
82f03471-8e304dd5.jpg,low_light,1,10.02
82f03471-8e304dd5.jpg,low_light,2,7.55
82f03471-8e304dd5.jpg,low_light,3,5.63
82f03471-8e304dd5.jpg,low_light,4,4.14
82f03471-8e304dd5.jpg,low_light,5,2.96
82f03471-8e304dd5.jpg,low_light,6,1.99
82f03471-8e304dd5.jpg,low_light,7,1.22
82f03471-8e304dd5.jpg,low_light,8,0.62
82f03471-8e304dd5.jpg,low_light,9,0.19
82f03471-8e304dd5.jpg,rain,1,22.62
82f03471-8e304dd5.jpg,rain,2,17.12
82f03471-8e304dd5.jpg,rain,3,12.77
82f03471-8e304dd5.jpg,rain,4,10.25
82f03471-8e304dd5.jpg,rain,5,8.49
82f03471-8e304dd5.jpg,rain,6,7.2
82f03471-8e304dd5.jpg,rain,7,6.18
82f03471-8e304dd5.jpg,rain,8,5.36
82f03471-8e304dd5.jpg,rain,9,4.68
836fa13a-d6058a12.jpg,motion_blur,1,39.0
836fa13a-d6058a12.jpg,motion_blur,2,33.93
836fa13a-d6058a12.jpg,motion_blur,3,31.65
836fa13a-d6058a12.jpg,motion_blur,4,30.32
836fa13a-d6058a12.jpg,motion_blur,5,29.34
836fa13a-d6058a12.jpg,motion_blur,6,28.56
836fa13a-d6058a12.jpg,motion_blur,7,27.92
836fa13a-d6058a12.jpg,motion_blur,8,27.37
836fa13a-d6058a12.jpg,motion_blur,9,26.89
836fa13a-d6058a12.jpg,low_light,1,10.88
836fa13a-d6058a12.jpg,low_light,2,8.07
836fa13a-d6058a12.jpg,low_light,3,5.96
836fa13a-d6058a12.jpg,low_light,4,4.36
836fa13a-d6058a12.jpg,low_light,5,3.11
836fa13a-d6058a12.jpg,low_light,6,2.08
836fa13a-d6058a12.jpg,low_light,7,1.28
836fa13a-d6058a12.jpg,low_light,8,0.65
836fa13a-d6058a12.jpg,low_light,9,0.2
836fa13a-d6058a12.jpg,rain,1,23.04
836fa13a-d6058a12.jpg,rain,2,19.47
836fa13a-d6058a12.jpg,rain,3,15.01
836fa13a-d6058a12.jpg,rain,4,12.48
836fa13a-d6058a12.jpg,rain,5,10.7
836fa13a-d6058a12.jpg,rain,6,9.45
836fa13a-d6058a12.jpg,rain,7,8.48
836fa13a-d6058a12.jpg,rain,8,7.68
836fa13a-d6058a12.jpg,rain,9,6.96
84fb3f59-7d5d1fa4.jpg,motion_blur,1,32.09
84fb3f59-7d5d1fa4.jpg,motion_blur,2,27.42
84fb3f59-7d5d1fa4.jpg,motion_blur,3,25.39
84fb3f59-7d5d1fa4.jpg,motion_blur,4,24.07
84fb3f59-7d5d1fa4.jpg,motion_blur,5,23.04
84fb3f59-7d5d1fa4.jpg,motion_blur,6,22.24
84fb3f59-7d5d1fa4.jpg,motion_blur,7,21.61
84fb3f59-7d5d1fa4.jpg,motion_blur,8,21.1
84fb3f59-7d5d1fa4.jpg,motion_blur,9,20.67
84fb3f59-7d5d1fa4.jpg,low_light,1,8.91
84fb3f59-7d5d1fa4.jpg,low_light,2,6.95
84fb3f59-7d5d1fa4.jpg,low_light,3,5.27
84fb3f59-7d5d1fa4.jpg,low_light,4,3.93
84fb3f59-7d5d1fa4.jpg,low_light,5,2.82
84fb3f59-7d5d1fa4.jpg,low_light,6,1.92
84fb3f59-7d5d1fa4.jpg,low_light,7,1.17
84fb3f59-7d5d1fa4.jpg,low_light,8,0.6
84fb3f59-7d5d1fa4.jpg,low_light,9,0.17
84fb3f59-7d5d1fa4.jpg,rain,1,20.55
84fb3f59-7d5d1fa4.jpg,rain,2,13.39
84fb3f59-7d5d1fa4.jpg,rain,3,9.6
84fb3f59-7d5d1fa4.jpg,rain,4,7.27
84fb3f59-7d5d1fa4.jpg,rain,5,5.55
84fb3f59-7d5d1fa4.jpg,rain,6,4.26
84fb3f59-7d5d1fa4.jpg,rain,7,3.23
84fb3f59-7d5d1fa4.jpg,rain,8,2.37
84fb3f59-7d5d1fa4.jpg,rain,9,1.63
8542b4da-7795bcfd.jpg,motion_blur,1,40.79
8542b4da-7795bcfd.jpg,motion_blur,2,36.02
8542b4da-7795bcfd.jpg,motion_blur,3,33.37
8542b4da-7795bcfd.jpg,motion_blur,4,31.63
8542b4da-7795bcfd.jpg,motion_blur,5,30.34
8542b4da-7795bcfd.jpg,motion_blur,6,29.34
8542b4da-7795bcfd.jpg,motion_blur,7,28.52
8542b4da-7795bcfd.jpg,motion_blur,8,27.85
8542b4da-7795bcfd.jpg,motion_blur,9,27.29
8542b4da-7795bcfd.jpg,low_light,1,10.97
8542b4da-7795bcfd.jpg,low_light,2,8.17
8542b4da-7795bcfd.jpg,low_light,3,6.05
8542b4da-7795bcfd.jpg,low_light,4,4.42
8542b4da-7795bcfd.jpg,low_light,5,3.15
8542b4da-7795bcfd.jpg,low_light,6,2.11
8542b4da-7795bcfd.jpg,low_light,7,1.3
8542b4da-7795bcfd.jpg,low_light,8,0.66
8542b4da-7795bcfd.jpg,low_light,9,0.2
8542b4da-7795bcfd.jpg,rain,1,23.1
8542b4da-7795bcfd.jpg,rain,2,18.46
8542b4da-7795bcfd.jpg,rain,3,14.27
8542b4da-7795bcfd.jpg,rain,4,11.81
8542b4da-7795bcfd.jpg,rain,5,10.07
8542b4da-7795bcfd.jpg,rain,6,8.79
8542b4da-7795bcfd.jpg,rain,7,7.77
8542b4da-7795bcfd.jpg,rain,8,6.96
8542b4da-7795bcfd.jpg,rain,9,6.22
85f3f250-1fef85ac.jpg,motion_blur,1,32.07
85f3f250-1fef85ac.jpg,motion_blur,2,27.06
85f3f250-1fef85ac.jpg,motion_blur,3,24.86
85f3f250-1fef85ac.jpg,motion_blur,4,23.57
85f3f250-1fef85ac.jpg,motion_blur,5,22.62
85f3f250-1fef85ac.jpg,motion_blur,6,21.85
85f3f250-1fef85ac.jpg,motion_blur,7,21.22
85f3f250-1fef85ac.jpg,motion_blur,8,20.67
85f3f250-1fef85ac.jpg,motion_blur,9,20.2
85f3f250-1fef85ac.jpg,low_light,1,9.63
85f3f250-1fef85ac.jpg,low_light,2,7.32
85f3f250-1fef85ac.jpg,low_light,3,5.5
85f3f250-1fef85ac.jpg,low_light,4,4.06
85f3f250-1fef85ac.jpg,low_light,5,2.91
85f3f250-1fef85ac.jpg,low_light,6,1.96
85f3f250-1fef85ac.jpg,low_light,7,1.2
85f3f250-1fef85ac.jpg,low_light,8,0.62
85f3f250-1fef85ac.jpg,low_light,9,0.19
85f3f250-1fef85ac.jpg,rain,1,22.63
85f3f250-1fef85ac.jpg,rain,2,16.45
85f3f250-1fef85ac.jpg,rain,3,12.32
85f3f250-1fef85ac.jpg,rain,4,9.85
85f3f250-1fef85ac.jpg,rain,5,8.08
85f3f250-1fef85ac.jpg,rain,6,6.77
85f3f250-1fef85ac.jpg,rain,7,5.74
85f3f250-1fef85ac.jpg,rain,8,4.9
85f3f250-1fef85ac.jpg,rain,9,4.16
87ca2979-d5158824.jpg,motion_blur,1,33.38
87ca2979-d5158824.jpg,motion_blur,2,28.69
87ca2979-d5158824.jpg,motion_blur,3,26.65
87ca2979-d5158824.jpg,motion_blur,4,25.41
87ca2979-d5158824.jpg,motion_blur,5,24.48
87ca2979-d5158824.jpg,motion_blur,6,23.74
87ca2979-d5158824.jpg,motion_blur,7,23.14
87ca2979-d5158824.jpg,motion_blur,8,22.64
87ca2979-d5158824.jpg,motion_blur,9,22.21
87ca2979-d5158824.jpg,low_light,1,10.4
87ca2979-d5158824.jpg,low_light,2,7.78
87ca2979-d5158824.jpg,low_light,3,5.78
87ca2979-d5158824.jpg,low_light,4,4.24
87ca2979-d5158824.jpg,low_light,5,3.03
87ca2979-d5158824.jpg,low_light,6,2.04
87ca2979-d5158824.jpg,low_light,7,1.25
87ca2979-d5158824.jpg,low_light,8,0.64
87ca2979-d5158824.jpg,low_light,9,0.19
87ca2979-d5158824.jpg,rain,1,23.23
87ca2979-d5158824.jpg,rain,2,19.24
87ca2979-d5158824.jpg,rain,3,14.72
87ca2979-d5158824.jpg,rain,4,12.11
87ca2979-d5158824.jpg,rain,5,10.27
87ca2979-d5158824.jpg,rain,6,8.94
87ca2979-d5158824.jpg,rain,7,7.89
87ca2979-d5158824.jpg,rain,8,7.04
87ca2979-d5158824.jpg,rain,9,6.29
889b7dda-77f16103.jpg,motion_blur,1,30.84
889b7dda-77f16103.jpg,motion_blur,2,26.09
889b7dda-77f16103.jpg,motion_blur,3,24.1
889b7dda-77f16103.jpg,motion_blur,4,22.93
889b7dda-77f16103.jpg,motion_blur,5,22.06
889b7dda-77f16103.jpg,motion_blur,6,21.37
889b7dda-77f16103.jpg,motion_blur,7,20.8
889b7dda-77f16103.jpg,motion_blur,8,20.32
889b7dda-77f16103.jpg,motion_blur,9,19.91
889b7dda-77f16103.jpg,low_light,1,8.85
889b7dda-77f16103.jpg,low_light,2,6.8
889b7dda-77f16103.jpg,low_light,3,5.14
889b7dda-77f16103.jpg,low_light,4,3.82
889b7dda-77f16103.jpg,low_light,5,2.74
889b7dda-77f16103.jpg,low_light,6,1.85
889b7dda-77f16103.jpg,low_light,7,1.14
889b7dda-77f16103.jpg,low_light,8,0.58
889b7dda-77f16103.jpg,low_light,9,0.17
889b7dda-77f16103.jpg,rain,1,22.76
889b7dda-77f16103.jpg,rain,2,15.06
889b7dda-77f16103.jpg,rain,3,10.9
889b7dda-77f16103.jpg,rain,4,8.44
889b7dda-77f16103.jpg,rain,5,6.67
889b7dda-77f16103.jpg,rain,6,5.36
889b7dda-77f16103.jpg,rain,7,4.31
889b7dda-77f16103.jpg,rain,8,3.47
889b7dda-77f16103.jpg,rain,9,2.73
88dbf01a-d8b35dee.jpg,motion_blur,1,36.03
88dbf01a-d8b35dee.jpg,motion_blur,2,30.93
88dbf01a-d8b35dee.jpg,motion_blur,3,28.77
88dbf01a-d8b35dee.jpg,motion_blur,4,27.6
88dbf01a-d8b35dee.jpg,motion_blur,5,26.74
88dbf01a-d8b35dee.jpg,motion_blur,6,26.05
88dbf01a-d8b35dee.jpg,motion_blur,7,25.49
88dbf01a-d8b35dee.jpg,motion_blur,8,25.02
88dbf01a-d8b35dee.jpg,motion_blur,9,24.6
88dbf01a-d8b35dee.jpg,low_light,1,9.29
88dbf01a-d8b35dee.jpg,low_light,2,7.08
88dbf01a-d8b35dee.jpg,low_light,3,5.32
88dbf01a-d8b35dee.jpg,low_light,4,3.94
88dbf01a-d8b35dee.jpg,low_light,5,2.82
88dbf01a-d8b35dee.jpg,low_light,6,1.9
88dbf01a-d8b35dee.jpg,low_light,7,1.17
88dbf01a-d8b35dee.jpg,low_light,8,0.6
88dbf01a-d8b35dee.jpg,low_light,9,0.18
88dbf01a-d8b35dee.jpg,rain,1,22.31
88dbf01a-d8b35dee.jpg,rain,2,16.67
88dbf01a-d8b35dee.jpg,rain,3,12.55
88dbf01a-d8b35dee.jpg,rain,4,10.08
88dbf01a-d8b35dee.jpg,rain,5,8.3
88dbf01a-d8b35dee.jpg,rain,6,6.98
88dbf01a-d8b35dee.jpg,rain,7,5.93
88dbf01a-d8b35dee.jpg,rain,8,5.1
88dbf01a-d8b35dee.jpg,rain,9,4.37
897223bc-6938f1ab.jpg,motion_blur,1,33.94
897223bc-6938f1ab.jpg,motion_blur,2,28.94
897223bc-6938f1ab.jpg,motion_blur,3,26.88
897223bc-6938f1ab.jpg,motion_blur,4,25.77
897223bc-6938f1ab.jpg,motion_blur,5,24.92
897223bc-6938f1ab.jpg,motion_blur,6,24.2
897223bc-6938f1ab.jpg,motion_blur,7,23.64
897223bc-6938f1ab.jpg,motion_blur,8,23.22
897223bc-6938f1ab.jpg,motion_blur,9,22.86
897223bc-6938f1ab.jpg,low_light,1,9.34
897223bc-6938f1ab.jpg,low_light,2,7.07
897223bc-6938f1ab.jpg,low_light,3,5.3
897223bc-6938f1ab.jpg,low_light,4,3.91
897223bc-6938f1ab.jpg,low_light,5,2.8
897223bc-6938f1ab.jpg,low_light,6,1.89
897223bc-6938f1ab.jpg,low_light,7,1.16
897223bc-6938f1ab.jpg,low_light,8,0.59
897223bc-6938f1ab.jpg,low_light,9,0.18
897223bc-6938f1ab.jpg,rain,1,23.19
897223bc-6938f1ab.jpg,rain,2,18.21
897223bc-6938f1ab.jpg,rain,3,13.51
897223bc-6938f1ab.jpg,rain,4,10.83
897223bc-6938f1ab.jpg,rain,5,8.96
897223bc-6938f1ab.jpg,rain,6,7.62
897223bc-6938f1ab.jpg,rain,7,6.57
897223bc-6938f1ab.jpg,rain,8,5.75
897223bc-6938f1ab.jpg,rain,9,5.07
89b7454d-880eacbd.jpg,motion_blur,1,30.09
89b7454d-880eacbd.jpg,motion_blur,2,24.84
89b7454d-880eacbd.jpg,motion_blur,3,22.64
89b7454d-880eacbd.jpg,motion_blur,4,21.47
89b7454d-880eacbd.jpg,motion_blur,5,20.71
89b7454d-880eacbd.jpg,motion_blur,6,20.14
89b7454d-880eacbd.jpg,motion_blur,7,19.67
89b7454d-880eacbd.jpg,motion_blur,8,19.26
89b7454d-880eacbd.jpg,motion_blur,9,18.91
89b7454d-880eacbd.jpg,low_light,1,9.89
89b7454d-880eacbd.jpg,low_light,2,7.44
89b7454d-880eacbd.jpg,low_light,3,5.55
89b7454d-880eacbd.jpg,low_light,4,4.09
89b7454d-880eacbd.jpg,low_light,5,2.92
89b7454d-880eacbd.jpg,low_light,6,1.97
89b7454d-880eacbd.jpg,low_light,7,1.21
89b7454d-880eacbd.jpg,low_light,8,0.62
89b7454d-880eacbd.jpg,low_light,9,0.19
89b7454d-880eacbd.jpg,rain,1,20.94
89b7454d-880eacbd.jpg,rain,2,16.59
89b7454d-880eacbd.jpg,rain,3,13.02
89b7454d-880eacbd.jpg,rain,4,10.79
89b7454d-880eacbd.jpg,rain,5,9.15
89b7454d-880eacbd.jpg,rain,6,7.91
89b7454d-880eacbd.jpg,rain,7,6.95
89b7454d-880eacbd.jpg,rain,8,6.17
89b7454d-880eacbd.jpg,rain,9,5.52
89e85e71-7dd0a7b6.jpg,motion_blur,1,33.07
89e85e71-7dd0a7b6.jpg,motion_blur,2,28.39
89e85e71-7dd0a7b6.jpg,motion_blur,3,26.18
89e85e71-7dd0a7b6.jpg,motion_blur,4,24.85
89e85e71-7dd0a7b6.jpg,motion_blur,5,23.88
89e85e71-7dd0a7b6.jpg,motion_blur,6,23.11
89e85e71-7dd0a7b6.jpg,motion_blur,7,22.47
89e85e71-7dd0a7b6.jpg,motion_blur,8,21.93
89e85e71-7dd0a7b6.jpg,motion_blur,9,21.46
89e85e71-7dd0a7b6.jpg,low_light,1,8.91
89e85e71-7dd0a7b6.jpg,low_light,2,6.82
89e85e71-7dd0a7b6.jpg,low_light,3,5.15
89e85e71-7dd0a7b6.jpg,low_light,4,3.82
89e85e71-7dd0a7b6.jpg,low_light,5,2.75
89e85e71-7dd0a7b6.jpg,low_light,6,1.85
89e85e71-7dd0a7b6.jpg,low_light,7,1.14
89e85e71-7dd0a7b6.jpg,low_light,8,0.58
89e85e71-7dd0a7b6.jpg,low_light,9,0.17
89e85e71-7dd0a7b6.jpg,rain,1,21.75
89e85e71-7dd0a7b6.jpg,rain,2,15.16
89e85e71-7dd0a7b6.jpg,rain,3,11.22
89e85e71-7dd0a7b6.jpg,rain,4,8.84
89e85e71-7dd0a7b6.jpg,rain,5,7.1
89e85e71-7dd0a7b6.jpg,rain,6,5.8
89e85e71-7dd0a7b6.jpg,rain,7,4.77
89e85e71-7dd0a7b6.jpg,rain,8,3.93
89e85e71-7dd0a7b6.jpg,rain,9,3.21
8a4fbffe-47866ce9.jpg,motion_blur,1,32.81
8a4fbffe-47866ce9.jpg,motion_blur,2,27.86
8a4fbffe-47866ce9.jpg,motion_blur,3,25.63
8a4fbffe-47866ce9.jpg,motion_blur,4,24.27
8a4fbffe-47866ce9.jpg,motion_blur,5,23.26
8a4fbffe-47866ce9.jpg,motion_blur,6,22.46
8a4fbffe-47866ce9.jpg,motion_blur,7,21.81
8a4fbffe-47866ce9.jpg,motion_blur,8,21.26
8a4fbffe-47866ce9.jpg,motion_blur,9,20.8
8a4fbffe-47866ce9.jpg,low_light,1,9.55
8a4fbffe-47866ce9.jpg,low_light,2,7.26
8a4fbffe-47866ce9.jpg,low_light,3,5.45
8a4fbffe-47866ce9.jpg,low_light,4,4.02
8a4fbffe-47866ce9.jpg,low_light,5,2.88
8a4fbffe-47866ce9.jpg,low_light,6,1.94
8a4fbffe-47866ce9.jpg,low_light,7,1.19
8a4fbffe-47866ce9.jpg,low_light,8,0.61
8a4fbffe-47866ce9.jpg,low_light,9,0.18
8a4fbffe-47866ce9.jpg,rain,1,22.96
8a4fbffe-47866ce9.jpg,rain,2,16.77
8a4fbffe-47866ce9.jpg,rain,3,12.5
8a4fbffe-47866ce9.jpg,rain,4,10.01
8a4fbffe-47866ce9.jpg,rain,5,8.22
8a4fbffe-47866ce9.jpg,rain,6,6.92
8a4fbffe-47866ce9.jpg,rain,7,5.89
8a4fbffe-47866ce9.jpg,rain,8,5.04
8a4fbffe-47866ce9.jpg,rain,9,4.3
8a76c101-8bcefc32.jpg,motion_blur,1,35.62
8a76c101-8bcefc32.jpg,motion_blur,2,30.9
8a76c101-8bcefc32.jpg,motion_blur,3,28.84
8a76c101-8bcefc32.jpg,motion_blur,4,27.47
8a76c101-8bcefc32.jpg,motion_blur,5,26.37
8a76c101-8bcefc32.jpg,motion_blur,6,25.51
8a76c101-8bcefc32.jpg,motion_blur,7,24.83
8a76c101-8bcefc32.jpg,motion_blur,8,24.27
8a76c101-8bcefc32.jpg,motion_blur,9,23.78
8a76c101-8bcefc32.jpg,low_light,1,10.63
8a76c101-8bcefc32.jpg,low_light,2,7.94
8a76c101-8bcefc32.jpg,low_light,3,5.89
8a76c101-8bcefc32.jpg,low_light,4,4.32
8a76c101-8bcefc32.jpg,low_light,5,3.08
8a76c101-8bcefc32.jpg,low_light,6,2.07
8a76c101-8bcefc32.jpg,low_light,7,1.27
8a76c101-8bcefc32.jpg,low_light,8,0.65
8a76c101-8bcefc32.jpg,low_light,9,0.2
8a76c101-8bcefc32.jpg,rain,1,22.74
8a76c101-8bcefc32.jpg,rain,2,17.32
8a76c101-8bcefc32.jpg,rain,3,13.17
8a76c101-8bcefc32.jpg,rain,4,10.74
8a76c101-8bcefc32.jpg,rain,5,9.01
8a76c101-8bcefc32.jpg,rain,6,7.73
8a76c101-8bcefc32.jpg,rain,7,6.74
8a76c101-8bcefc32.jpg,rain,8,5.94
8a76c101-8bcefc32.jpg,rain,9,5.22
8b7ef6c4-6bbcf25f.jpg,motion_blur,1,32.29
8b7ef6c4-6bbcf25f.jpg,motion_blur,2,27.45
8b7ef6c4-6bbcf25f.jpg,motion_blur,3,25.27
8b7ef6c4-6bbcf25f.jpg,motion_blur,4,24.0
8b7ef6c4-6bbcf25f.jpg,motion_blur,5,23.12
8b7ef6c4-6bbcf25f.jpg,motion_blur,6,22.45
8b7ef6c4-6bbcf25f.jpg,motion_blur,7,21.9
8b7ef6c4-6bbcf25f.jpg,motion_blur,8,21.44
8b7ef6c4-6bbcf25f.jpg,motion_blur,9,21.04
8b7ef6c4-6bbcf25f.jpg,low_light,1,9.42
8b7ef6c4-6bbcf25f.jpg,low_light,2,7.19
8b7ef6c4-6bbcf25f.jpg,low_light,3,5.41
8b7ef6c4-6bbcf25f.jpg,low_light,4,4.0
8b7ef6c4-6bbcf25f.jpg,low_light,5,2.87
8b7ef6c4-6bbcf25f.jpg,low_light,6,1.93
8b7ef6c4-6bbcf25f.jpg,low_light,7,1.19
8b7ef6c4-6bbcf25f.jpg,low_light,8,0.61
8b7ef6c4-6bbcf25f.jpg,low_light,9,0.18
8b7ef6c4-6bbcf25f.jpg,rain,1,20.17
8b7ef6c4-6bbcf25f.jpg,rain,2,15.05
8b7ef6c4-6bbcf25f.jpg,rain,3,11.51
8b7ef6c4-6bbcf25f.jpg,rain,4,9.29
8b7ef6c4-6bbcf25f.jpg,rain,5,7.65
8b7ef6c4-6bbcf25f.jpg,rain,6,6.42
8b7ef6c4-6bbcf25f.jpg,rain,7,5.45
8b7ef6c4-6bbcf25f.jpg,rain,8,4.65
8b7ef6c4-6bbcf25f.jpg,rain,9,3.96
8bac644e-e0437ead.jpg,motion_blur,1,35.66
8bac644e-e0437ead.jpg,motion_blur,2,30.86
8bac644e-e0437ead.jpg,motion_blur,3,28.7
8bac644e-e0437ead.jpg,motion_blur,4,27.44
8bac644e-e0437ead.jpg,motion_blur,5,26.53
8bac644e-e0437ead.jpg,motion_blur,6,25.83
8bac644e-e0437ead.jpg,motion_blur,7,25.26
8bac644e-e0437ead.jpg,motion_blur,8,24.78
8bac644e-e0437ead.jpg,motion_blur,9,24.37
8bac644e-e0437ead.jpg,low_light,1,9.9
8bac644e-e0437ead.jpg,low_light,2,7.48
8bac644e-e0437ead.jpg,low_light,3,5.59
8bac644e-e0437ead.jpg,low_light,4,4.12
8bac644e-e0437ead.jpg,low_light,5,2.95
8bac644e-e0437ead.jpg,low_light,6,1.98
8bac644e-e0437ead.jpg,low_light,7,1.22
8bac644e-e0437ead.jpg,low_light,8,0.62
8bac644e-e0437ead.jpg,low_light,9,0.19
8bac644e-e0437ead.jpg,rain,1,22.95
8bac644e-e0437ead.jpg,rain,2,18.05
8bac644e-e0437ead.jpg,rain,3,13.88
8bac644e-e0437ead.jpg,rain,4,11.4
8bac644e-e0437ead.jpg,rain,5,9.6
8bac644e-e0437ead.jpg,rain,6,8.29
8bac644e-e0437ead.jpg,rain,7,7.25
8bac644e-e0437ead.jpg,rain,8,6.42
8bac644e-e0437ead.jpg,rain,9,5.69
8c94c649-8ba62efa.jpg,motion_blur,1,33.75
8c94c649-8ba62efa.jpg,motion_blur,2,28.65
8c94c649-8ba62efa.jpg,motion_blur,3,26.34
8c94c649-8ba62efa.jpg,motion_blur,4,25.04
8c94c649-8ba62efa.jpg,motion_blur,5,24.15
8c94c649-8ba62efa.jpg,motion_blur,6,23.46
8c94c649-8ba62efa.jpg,motion_blur,7,22.91
8c94c649-8ba62efa.jpg,motion_blur,8,22.46
8c94c649-8ba62efa.jpg,motion_blur,9,22.09
8c94c649-8ba62efa.jpg,low_light,1,9.67
8c94c649-8ba62efa.jpg,low_light,2,7.36
8c94c649-8ba62efa.jpg,low_light,3,5.52
8c94c649-8ba62efa.jpg,low_light,4,4.07
8c94c649-8ba62efa.jpg,low_light,5,2.92
8c94c649-8ba62efa.jpg,low_light,6,1.97
8c94c649-8ba62efa.jpg,low_light,7,1.21
8c94c649-8ba62efa.jpg,low_light,8,0.62
8c94c649-8ba62efa.jpg,low_light,9,0.18
8c94c649-8ba62efa.jpg,rain,1,22.74
8c94c649-8ba62efa.jpg,rain,2,16.32
8c94c649-8ba62efa.jpg,rain,3,12.04
8c94c649-8ba62efa.jpg,rain,4,9.51
8c94c649-8ba62efa.jpg,rain,5,7.71
8c94c649-8ba62efa.jpg,rain,6,6.37
8c94c649-8ba62efa.jpg,rain,7,5.3
8c94c649-8ba62efa.jpg,rain,8,4.43
8c94c649-8ba62efa.jpg,rain,9,3.67
8c9bbaa9-34934b66.jpg,motion_blur,1,37.14
8c9bbaa9-34934b66.jpg,motion_blur,2,32.13
8c9bbaa9-34934b66.jpg,motion_blur,3,29.51
8c9bbaa9-34934b66.jpg,motion_blur,4,27.85
8c9bbaa9-34934b66.jpg,motion_blur,5,26.68
8c9bbaa9-34934b66.jpg,motion_blur,6,25.78
8c9bbaa9-34934b66.jpg,motion_blur,7,25.07
8c9bbaa9-34934b66.jpg,motion_blur,8,24.49
8c9bbaa9-34934b66.jpg,motion_blur,9,24.0
8c9bbaa9-34934b66.jpg,low_light,1,9.32
8c9bbaa9-34934b66.jpg,low_light,2,7.16
8c9bbaa9-34934b66.jpg,low_light,3,5.39
8c9bbaa9-34934b66.jpg,low_light,4,4.0
8c9bbaa9-34934b66.jpg,low_light,5,2.86
8c9bbaa9-34934b66.jpg,low_light,6,1.94
8c9bbaa9-34934b66.jpg,low_light,7,1.19
8c9bbaa9-34934b66.jpg,low_light,8,0.6
8c9bbaa9-34934b66.jpg,low_light,9,0.18
8c9bbaa9-34934b66.jpg,rain,1,22.06
8c9bbaa9-34934b66.jpg,rain,2,16.81
8c9bbaa9-34934b66.jpg,rain,3,12.41
8c9bbaa9-34934b66.jpg,rain,4,9.8
8c9bbaa9-34934b66.jpg,rain,5,7.93
8c9bbaa9-34934b66.jpg,rain,6,6.54
8c9bbaa9-34934b66.jpg,rain,7,5.46
8c9bbaa9-34934b66.jpg,rain,8,4.59
8c9bbaa9-34934b66.jpg,rain,9,3.85
