filename,augmentation,level,achieved_snr_db,left_bottom_diff_px,left_top_diff_px,right_bottom_diff_px,right_top_diff_px,left_lost,right_lost
0049e5b8-725e21a0.jpg,motion_blur,1,34.45,4,2,18,7,False,False
008
1e27b-17bf4a9e.jpg,motion_blur,1,33.81,6,9,13,1,False,False
00beeb02-50440dcd.jpg,motion_blur,1,32.64,2,4,0,0,False,False
00d4b6b7-7d0a60bf.jpg,motion_blur,1,31.73,3,13,0,2,False,False
01118704-2d838d7f.jpg,motion_blur,1,31.93,15,9,32,14,False,False
0115917e-14907a6a.jpg,motion_blur,1,34.12,4,3,18,3,False,False
02188a44-65ad27f3.jpg,motion_blur,1,33.01,8,5,,,False,True
02494b7b-079febf8.jpg,motion_blur,1,33.82,12,7,1,0,False,False
029ffd50-dc944dba.jpg,motion_blur,1,31.33,14,7,7,1,False,False
0464a98b-860229d5.jpg,motion_blur,1,29.4,3,3,17,7,False,False
051aadb7-51aad566.jpg,motion_blur,1,36.26,1,3,30,11,False,False
051aadb7-e953bc4d.jpg,motion_blur,1,30.77,3,4,7,5,False,False
05743a9b-747658e7.jpg,motion_blur,1,37.29,0,1,57,36,False,False
057af272-6f700aef.jpg,motion_blur,1,37.07,24,3,3,1,False,False
05d62296-30c620d5.jpg,motion_blur,1,32.21,9,2,,,False,True
05e5a68e-f0e05a42.jpg,motion_blur,1,30.63,134,32,54,14,False,False
05fa6494-8f436d04.jpg,motion_blur,1,31.08,23,6,16,7,False,False
060039d9-5218402b.jpg,motion_blur,1,32.67,52,1,20,3,False,False
064aa0d6-f75ff4d5.jpg,motion_blur,1,37.83,4,1,7,1,False,False
07de5062-ddddcbd7.jpg,motion_blur,1,39.97,2,1,16,17,False,False
088351d1-30833ddc.jpg,motion_blur,1,32.3,10,1,91,3,False,False
08a49c01-675d3899.jpg,motion_blur,1,37.51,52,40,2,4,False,False
08d4285a-4a25b9b6.jpg,motion_blur,1,30.55,0,1,17,4,False,False
09ac21d6-eefa8ed0.jpg,motion_blur,1,27.14,14,0,4,1,False,False
0a0a0b1a-7c39d841.jpg,motion_blur,1,38.94,0,0,9,1,False,False
0af6039a-f3c91319.jpg,motion_blur,1,32.1,2,13,0,0,False,False
0b2f5d0d-8fddc1fc.jpg,motion_blur,1,31.1,2,3,6,4,False,False
0b4225f9-bfb10f88.jpg,motion_blur,1,33.81,24,28,24,25,False,False
0ba08fe3-880ae118.jpg,motion_blur,1,34.46,13,4,8,2,False,False
0c2f33b9-f94d69b5.jpg,motion_blur,1,34.52,5,2,33,26,False,False
0c984e6d-2b5d7ee4.jpg,motion_blur,1,36.07,3,3,24,2,False,False
0cb67a01-7cf1687e.jpg,motion_blur,1,33.09,8,5,8,7,False,False
0cc6f3e8-b4c9e348.jpg,motion_blur,1,30.75,7,7,1,0,False,False
0cf398b3-ce65ab64.jpg,motion_blur,1,27.33,2,0,107,6,False,False
0d3ec56a-f4cead6f.jpg,motion_blur,1,34.2,9,5,13,7,False,False
0d61234a-542010b2.jpg,motion_blur,1,35.87,23,4,18,3,False,False
0e442b65-b17e0b50.jpg,motion_blur,1,35.77,0,0,18,2,False,False
0e5c7e92-0d9c60f0.jpg,motion_blur,1,32.03,20,23,9,14,False,False
0f837def-9646c091.jpg,motion_blur,1,34.05,4,2,0,0,False,False
0fba84f9-73b520ee.jpg,motion_blur,1,32.95,12,5,2,0,False,False
101a0964-930eae70.jpg,motion_blur,1,38.86,1,0,8,5,False,False
10389fe8-433c740c.jpg,motion_blur,1,29.41,18,12,17,3,False,False
10453a95-40759ac3.jpg,motion_blur,1,33.02,760,52,3,3,False,False
1072195f-0a161ade.jpg,motion_blur,1,33.0,8,1,26,16,False,False
1072195f-6cf88b25.jpg,motion_blur,1,35.94,1,1,0,1,False,False
11513e3d-150058c3.jpg,motion_blur,1,33.61,6,5,33,3,False,False
1189ae68-1a8ad3c6.jpg,motion_blur,1,35.6,4,8,31,3,False,False
12076ebb-c07285d7.jpg,motion_blur,1,31.07,39,9,15,5,False,False
125134e5-7dfc45b9.jpg,motion_blur,1,35.64,0,0,10,1,False,False
12ae9ab8-794f5adc.jpg,motion_blur,1,31.86,39,41,13,19,False,False
13f61134-50021e53.jpg,motion_blur,1,34.37,78,36,35,1,False,False
14eace5a-ddf3b303.jpg,motion_blur,1,38.37,7,5,,,False,True
1608cfe7-32da2c5d.jpg,motion_blur,1,31.55,0,1,27,2,False,False
162995f1-d2c7d259.jpg,motion_blur,1,36.32,27,9,49,29,False,False
16b0973f-c07b564a.jpg,motion_blur,1,35.14,0,2,1,0,False,False
1784d67b-6b223914.jpg,motion_blur,1,35.44,1,0,1,1,False,False
1784d67b-d76145ce.jpg,motion_blur,1,35.2,71,2,6,3,False,False
188c58f3-792afc71.jpg,motion_blur,1,32.69,2,1,10,4,False,False
193f7f3b-84bc7998.jpg,motion_blur,1,36.67,1,1,12,9,False,False
194058b0-ac0616a6.jpg,motion_blur,1,30.98,5,10,,,False,True
19e56249-09c4bbc6.jpg,motion_blur,1,35.2,37,1,,,False,True
1a71faae-d5f255fd.jpg,motion_blur,1,33.32,10,0,0,3,False,False
1a8992a7-da5a8510.jpg,motion_blur,1,37.94,22,7,100,6,False,False
1ac0178c-0b259360.jpg,motion_blur,1,38.21,23,2,6,4,False,False
1b30f76f-95aa8a06.jpg,motion_blur,1,35.62,5,8,2,2,False,False
1bda5a26-420ceea6.jpg,motion_blur,1,36.53,9,2,8,19,False,False
1bf7f3d2-15f95138.jpg,motion_blur,1,33.43,17,8,27,3,False,False
1c227a12-10e5552c.jpg,motion_blur,1,35.44,10,7,4,5,False,False
1c227a12-ec67af93.jpg,motion_blur,1,32.22,1,3,4,6,False,False
1c5e9657-2e2a2863.jpg,motion_blur,1,35.1,29,3,3,0,False,False
1cb2a89b-4594573e.jpg,motion_blur,1,32.78,22,6,18,2,False,False
1cf54809-c6daa5a9.jpg,motion_blur,1,27.37,0,1,79,74,False,False
1d5e05f8-5020f67d.jpg,motion_blur,1,29.87,6,8,2,5,False,False
1e57ae90-806bc767.jpg,motion_blur,1,36.7,3,2,13,14,False,False
1f959fdd-6ff63d34.jpg,motion_blur,1,31.55,16,23,32,2,False,False
1fa65acf-d43367bc.jpg,motion_blur,1,29.61,1,1,11,4,False,False
20cfadfa-47711496.jpg,motion_blur,1,35.44,40,123,60,38,False,False
20cfadfa-6f87fdc1.jpg,motion_blur,1,38.47,8,8,1,3,False,False
225a1858-0e3a4b04.jpg,motion_blur,1,32.83,73,6,70,8,False,False
22be2f14-59fbdca0.jpg,motion_blur,1,33.22,11,3,1,1,False,False
23333f35-0cbc3f0f.jpg,motion_blur,1,32.47,61,18,7,7,False,False
23df146f-64b50e4c.jpg,motion_blur,1,35.28,12,8,2,1,False,False
24392d7c-998011c2.jpg,motion_blur,1,33.76,12,3,28,8,False,False
250e7595-b14da270.jpg,motion_blur,1,29.14,13,11,72,13,False,False
26190b83-39ccb412.jpg,motion_blur,1,31.46,2,2,8,1,False,False
272d52f6-8aac36b3.jpg,motion_blur,1,29.95,12,0,10,3,False,False
2752681a-e813599a.jpg,motion_blur,1,33.58,34,35,2,0,False,False
27645526-f038b033.jpg,motion_blur,1,26.99,7,8,0,2,False,False
2773af6f-23e23a6b.jpg,motion_blur,1,31.56,5,2,2,1,False,False
28faf684-03ef4c6e.jpg,motion_blur,1,37.23,9,2,9,7,False,False
292720ee-d847ee69.jpg,motion_blur,1,41.67,2,1,3,1,False,False
2b54fe2d-c5b810e6.jpg,motion_blur,1,30.58,3,0,1,5,False,False
2b605c48-8dfe352b.jpg,motion_blur,1,32.05,1,1,6,5,False,False
2beccce2-354608e2.jpg,motion_blur,1,33.16,1,1,26,6,False,False
2c87e51d-aa7a8031.jpg,motion_blur,1,39.69,182,28,79,71,False,False
2ce0b449-e818dc97.jpg,motion_blur,1,36.28,3,0,,,False,True
2cf976a2-479cd46b.jpg,motion_blur,1,29.45,47,15,24,12,False,False
2e2fae77-b7497ca0.jpg,motion_blur,1,27.35,11,4,2,1,False,False
2ead8042-2493c03f.jpg,motion_blur,1,33.84,0,1,5,0,False,False
2f1864c1-1a17d11c.jpg,motion_blur,1,29.08,1,1,31,24,False,False
2f879dc0-b09e4824.jpg,motion_blur,1,30.66,22,8,24,6,False,False
2fc9ad1e-ee4c9e43.jpg,motion_blur,1,36.66,1,8,12,1,False,False
3050b249-0ffbd6ec.jpg,motion_blur,1,36.6,1,2,3,14,False,False
314cc010-3eab5c90.jpg,motion_blur,1,35.7,46,3,0,1,False,False
31765c6b-90b0d612.jpg,motion_blur,1,33.24,6,1,0,1,False,False
31cf6eba-5c84c636.jpg,motion_blur,1,29.07,28,9,3,4,False,False
32de2244-122f1783.jpg,motion_blur,1,37.1,25,5,10,4,False,False
33420085-32996107.jpg,motion_blur,1,39.93,5,7,27,13,False,False
3430a5e6-00ec38d2.jpg,motion_blur,1,24.99,20,9,4,3,False,False
35eb46d0-8f7e28a0.jpg,motion_blur,1,38.49,30,7,1,3,False,False
3735fc3d-69d8b80c.jpg,motion_blur,1,33.05,19,4,19,4,False,False
3740cd4f-ff1d423d.jpg,motion_blur,1,32.65,40,0,30,1,False,False
375abba2-9f2ed56c.jpg,motion_blur,1,33.69,6,0,32,9,False,False
37723e55-31730cf5.jpg,motion_blur,1,30.72,34,9,19,7,False,False
380a3f8e-ba4f0def.jpg,motion_blur,1,36.57,8,0,0,1,False,False
385b0f61-1aee12ef.jpg,motion_blur,1,31.79,11,13,8,1,False,False
3865fea7-b4fe472d.jpg,motion_blur,1,33.63,53,215,2,2,False,False
38e561dd-8ea8ae2d.jpg,motion_blur,1,32.63,3,1,2,0,False,False
38ed8d8d-93c48de2.jpg,motion_blur,1,35.32,6,3,30,34,False,False
38ed8d8d-b1c230ef.jpg,motion_blur,1,35.32,2,2,4,1,False,False
38ed8d8d-fa50400c.jpg,motion_blur,1,35.83,3,0,30,41,False,False
3900ad8c-8834019f.jpg,motion_blur,1,34.53,,,27,18,True,False
39ddb110-04604b9c.jpg,motion_blur,1,29.49,5,2,9,8,False,False
39fc6d1c-6155351d.jpg,motion_blur,1,36.66,,,11,7,True,False
3a278d39-b92df256.jpg,motion_blur,1,32.98,7,5,8,2,False,False
3a3407a2-df8ea956.jpg,motion_blur,1,30.77,21,15,,,False,True
3ad0c4a7-2a3d544e.jpg,motion_blur,1,31.26,10,1,3,1,False,False
3b1e1bc1-ee64e36e.jpg,motion_blur,1,27.73,6,9,8,3,False,False
3b44ef5a-c09e8479.jpg,motion_blur,1,31.35,145,17,36,14,False,False
3b563c5e-0102edaf.jpg,motion_blur,1,36.58,6,4,16,5,False,False
3b9716a6-d2566395.jpg,motion_blur,1,33.72,8,16,2,5,False,False
3c0bbdc2-79baffce.jpg,motion_blur,1,38.65,21,4,10,0,False,False
3c5752b6-9c0bdf98.jpg,motion_blur,1,28.43,2,0,4,8,False,False
3c95ae26-68abac3f.jpg,motion_blur,1,32.95,4,1,8,2,False,False
3e0f1745-a95a63ad.jpg,motion_blur,1,33.41,1,0,0,3,False,False
3f4eb6a6-9eee52f9.jpg,motion_blur,1,33.63,12,2,3,4,False,False
3f85a987-1ef4053b.jpg,motion_blur,1,34.76,1,1,7,4,False,False
3fe1feaa-10126fec.jpg,motion_blur,1,31.85,10,2,13,25,False,False
3ffdaa26-b394f6f8.jpg,motion_blur,1,29.92,120,26,2,1,False,False
4027c10d-41d54e9b.jpg,motion_blur,1,36.74,24,7,21,2,False,False
428e99ea-4166e549.jpg,motion_blur,1,36.31,21,16,41,11,False,False
42e0dd11-74b81997.jpg,motion_blur,1,41.03,,,17,2,True,False
430395d1-931c959e.jpg,motion_blur,1,30.74,7,6,91,14,False,False
43126e0d-495d04a5.jpg,motion_blur,1,38.0,3,1,1,1,False,False
43126e0d-cce96832.jpg,motion_blur,1,35.62,10,2,30,4,False,False
432f9e20-83a0d96c.jpg,motion_blur,1,32.64,3,3,127,31,False,False
43c7ed5c-b0690325.jpg,motion_blur,1,33.69,1,0,30,10,False,False
44cc16d9-d2e06fd6.jpg,motion_blur,1,29.77,17,3,8,2,False,False
45bafa98-1ee18a2f.jpg,motion_blur,1,35.41,4,5,23,4,False,False
46d048a1-8f7f385c.jpg,motion_blur,1,35.03,0,1,13,8,False,False
46f76df9-8bf77914.jpg,motion_blur,1,33.38,5,5,1,1,False,False
480263a0-5aad7ae9.jpg,motion_blur,1,26.76,13,1,15,6,False,False
488480d6-b94cf415.jpg,motion_blur,1,31.28,19,13,3,1,False,False
48ed707e-5062e4c3.jpg,motion_blur,1,32.57,39,8,28,6,False,False
4a289ff2-7da7feb6.jpg,motion_blur,1,33.69,,,,,True,True
4a31f3e3-ac7ed780.jpg,motion_blur,1,34.06,2,2,18,8,False,False
4b2e1dde-65b54419.jpg,motion_blur,1,32.78,16,0,6,8,False,False
4d4a590b-4332c5ab.jpg,motion_blur,1,42.31,11,2,1,1,False,False
5069db50-52f5af30.jpg,motion_blur,1,42.48,34,7,23,2,False,False
50866f46-30d1f303.jpg,motion_blur,1,30.53,7,0,13,3,False,False
50b115d6-4b08a666.jpg,motion_blur,1,30.26,75,21,1,0,False,False
50b2e757-6c7d0f63.jpg,motion_blur,1,32.55,0,0,27,2,False,False
50d0fd05-8db58ebd.jpg,motion_blur,1,37.27,3,2,115,85,False,False
510671e9-603795e0.jpg,motion_blur,1,29.77,8,44,19,21,False,False
514a6d58-0790e0cd.jpg,motion_blur,1,35.09,1,1,27,2,False,False
5150bb50-300d52ce.jpg,motion_blur,1,33.72,22,2,19,13,False,False
52799e9e-8c8673f3.jpg,motion_blur,1,33.94,1,1,2,1,False,False
52bda346-fd8ac6e7.jpg,motion_blur,1,36.26,0,0,0,0,False,False
534418ba-ee05398f.jpg,motion_blur,1,35.1,19,5,5,2,False,False
54360b72-e00a3f70.jpg,motion_blur,1,30.49,10,3,13,1,False,False
554d7cd5-a32486dd.jpg,motion_blur,1,36.33,9,18,8,5,False,False
559fed19-7893646f.jpg,motion_blur,1,32.16,96,144,277,73,False,False
57165857-e4d4a47f.jpg,motion_blur,1,35.63,0,0,4,0,False,False
5795bfe7-a599384a.jpg,motion_blur,1,31.81,29,5,1,1,False,False
57ac74e2-e86131f1.jpg,motion_blur,1,35.04,10,1,23,13,False,False
57b495f2-6da6b1e5.jpg,motion_blur,1,41.49,2,2,,,False,True
585443c8-2621a6b1.jpg,motion_blur,1,35.78,4,1,19,4,False,False
5877b384-2545daf4.jpg,motion_blur,1,30.38,0,2,4,2,False,False
587bb1bf-1aa00fe5.jpg,motion_blur,1,35.48,11,4,6,1,False,False
5995c288-2d152172.jpg,motion_blur,1,31.64,1,2,78,24,False,False
59cde7c7-344bffb1.jpg,motion_blur,1,35.57,65,5,,,False,True
5a8f9b5d-1fdfd2d4.jpg,motion_blur,1,34.04,2,1,11,191,False,False
5ae83f9c-da990b49.jpg,motion_blur,1,31.84,2,0,7,6,False,False
5b2b4881-67a6cb87.jpg,motion_blur,1,34.34,5,3,8,0,False,False
5b2fd56a-37759b05.jpg,motion_blur,1,37.32,16,2,,,False,True
5b4b0b07-2fb56b82.jpg,motion_blur,1,29.87,12,2,4,2,False,False
5bc44a50-c371c4d0.jpg,motion_blur,1,26.74,24,5,13,3,False,False
5c4004b7-bf3b7941.jpg,motion_blur,1,35.47,20,5,7,3,False,False
5c534f5f-a76c7f4b.jpg,motion_blur,1,35.37,8,4,5,4,False,False
5c5dc708-35460444.jpg,motion_blur,1,32.69,6,1,47,3,False,False
5da6c6b6-76c54605.jpg,motion_blur,1,33.54,6,5,1,0,False,False
5dc5141c-5890b5b1.jpg,motion_blur,1,37.72,13,1,0,1,False,False
5dd831da-bd00cf03.jpg,motion_blur,1,31.47,3,0,4,5,False,False
5dfb063f-7bd23d5c.jpg,motion_blur,1,36.77,6,4,4,2,False,False
5e0b701e-d443d8c2.jpg,motion_blur,1,31.93,13,11,2,1,False,False
5e26f49d-0bc53c7e.jpg,motion_blur,1,40.24,4,7,41,2,False,False
5e26f49d-9271bf00.jpg,motion_blur,1,33.1,12,2,0,0,False,False
5e625ec3-7b4fc682.jpg,motion_blur,1,39.54,4,0,2,4,False,False
5f9387ff-330136ae.jpg,motion_blur,1,33.25,27,7,6,2,False,False
5fa17a25-88b8e6b9.jpg,motion_blur,1,38.56,8,4,0,1,False,False
5fa422e1-2d8dd765.jpg,motion_blur,1,33.38,6,0,2,0,False,False
5fb2a702-f56a339c.jpg,motion_blur,1,34.47,1,1,3,2,False,False
6011831b-0992e205.jpg,motion_blur,1,31.41,9,2,5,1,False,False
60137cc0-428b8f5b.jpg,motion_blur,1,29.32,11,2,17,4,False,False
604b5b3e-3c2e6b6b.jpg,motion_blur,1,31.87,16,9,6,12,False,False
6092f5a2-424550ba.jpg,motion_blur,1,34.91,29,3,1,3,False,False
60ba25dd-6c0df417.jpg,motion_blur,1,35.35,15,1,3,4,False,False
60c678e7-4813ae0f.jpg,motion_blur,1,28.34,2,13,,,False,True
614ecada-16b0f8b6.jpg,motion_blur,1,33.65,49,9,5,3,False,False
61e4ad87-53ceb455.jpg,motion_blur,1,36.15,17,8,25,3,False,False
6240d7b3-b51b5788.jpg,motion_blur,1,34.31,12,1,1,1,False,False
62aefb36-b685117f.jpg,motion_blur,1,34.39,2,0,1,1,False,False
634c1785-3bb9a8a2.jpg,motion_blur,1,40.49,0,1,4,1,False,False
634c1785-aeb1652f.jpg,motion_blur,1,38.54,112,7,7,9,False,False
63f73472-028615f1.jpg,motion_blur,1,34.34,6,2,3,1,False,False
6485ad0a-245d1600.jpg,motion_blur,1,36.13,7,4,11,27,False,False
648dc925-e359dbec.jpg,motion_blur,1,39.28,5,2,18,6,False,False
65edc5a1-f309fed7.jpg,motion_blur,1,34.28,3,1,5,1,False,False
661381d9-1114a810.jpg,motion_blur,1,31.13,0,0,10,4,False,False
664cb246-f84cfaf4.jpg,motion_blur,1,29.62,12,8,0,0,False,False
675cf8fa-4b1ce8b9.jpg,motion_blur,1,30.65,49,9,41,13,False,False
67faeadf-eb09a636.jpg,motion_blur,1,36.79,3,6,15,4,False,False
691be377-5dbc29ee.jpg,motion_blur,1,36.59,1,2,2,5,False,False
692f1303-05178963.jpg,motion_blur,1,33.3,24,2,14,3,False,False
692f9b08-bdbbd729.jpg,motion_blur,1,38.47,14,6,35,7,False,False
69bfbe31-5ee2a642.jpg,motion_blur,1,30.62,3,4,5,1,False,False
69cf7667-68f59649.jpg,motion_blur,1,33.06,3,73,4,3,False,False
69cf7667-7eb40860.jpg,motion_blur,1,33.73,18,6,16,10,False,False
6a44fb9a-05a3dd18.jpg,motion_blur,1,34.02,16,4,6,5,False,False
6a793e80-4f5e207f.jpg,motion_blur,1,38.17,15,5,76,62,False,False
6a82c0d6-b31f6b90.jpg,motion_blur,1,35.72,,,1,3,True,False
6a8d218d-14e4fa28.jpg,motion_blur,1,36.99,3,6,1,1,False,False
6ad110c3-789e7724.jpg,motion_blur,1,29.9,8,10,4,0,False,False
6b15392a-3a1699fd.jpg,motion_blur,1,31.87,24,3,14,3,False,False
6b784eee-0a5a2c89.jpg,motion_blur,1,32.55,19,7,5,0,False,False
6bb5a881-15e5c2c4.jpg,motion_blur,1,36.9,1,5,,,False,True
6bd41587-d65ba5b4.jpg,motion_blur,1,34.28,25,11,3,4,False,False
6d0d7bef-fb11b6e1.jpg,motion_blur,1,39.29,234,27,10,11,False,False
6d57736c-a35808b9.jpg,motion_blur,1,39.34,5,12,3,61,False,False
6d8a6d94-00a7ad92.jpg,motion_blur,1,36.69,0,0,13,7,False,False
6eeed3fa-87a1b0c9.jpg,motion_blur,1,36.86,0,1,9,1,False,False
701992bd-8a457895.jpg,motion_blur,1,36.59,7,0,1,0,False,False
7171644d-4e74752e.jpg,motion_blur,1,31.62,2,0,9,0,False,False
7171644d-ee92c71e.jpg,motion_blur,1,35.01,5,0,17,9,False,False
72f22fa5-8af4615c.jpg,motion_blur,1,30.9,18,4,8,2,False,False
72fd00fe-aeadfc89.jpg,motion_blur,1,40.59,19,41,7,6,False,False
730c67a5-563e9b1f.jpg,motion_blur,1,37.79,5,7,13,3,False,False
738a2bcd-7a6fde0d.jpg,motion_blur,1,37.87,4,1,97,18,False,False
73aff960-d46366ec.jpg,motion_blur,1,33.11,0,0,10,5,False,False
73d338d6-edf0b3db.jpg,motion_blur,1,39.02,10,3,23,3,False,False
75ad1fff-77299093.jpg,motion_blur,1,33.77,,,25,9,True,False
75f5f52c-6b67e736.jpg,motion_blur,1,30.0,16,22,47,20,False,False
777005a8-14c739ad.jpg,motion_blur,1,36.82,50,32,401,236,False,False
7771e03b-832e52c0.jpg,motion_blur,1,35.93,40,21,67,10,False,False
7771e03b-a8f9d50c.jpg,motion_blur,1,30.99,9,6,11,1,False,False
7797fea2-c37f9856.jpg,motion_blur,1,32.02,4,5,12,4,False,False
77bdbeb0-edb0613f.jpg,motion_blur,1,37.12,17,0,29,8,False,False
77dca577-16a39ea0.jpg,motion_blur,1,32.35,3,2,22,25,False,False
77f810c4-43a39c1f.jpg,motion_blur,1,33.53,0,1,13,3,False,False
7814206e-8e991d51.jpg,motion_blur,1,37.76,0,2,3,2,False,False
7814206e-ea2508d0.jpg,motion_blur,1,39.44,2,5,8,5,False,False
79e177bc-4d5d3acc.jpg,motion_blur,1,31.59,1,0,1,1,False,False
7aa4ff0f-9d28d8a4.jpg,motion_blur,1,35.45,2,2,9,34,False,False
7ad1174c-373265eb.jpg,motion_blur,1,32.98,1,3,,,False,True
7b268b98-e0ec16c3.jpg,motion_blur,1,35.26,11,0,42,12,False,False
7c5a2048-332896ea.jpg,motion_blur,1,32.82,10,6,0,0,False,False
7c5d50c5-7292de37.jpg,motion_blur,1,35.09,0,0,15,6,False,False
7d1fe115-936a2f47.jpg,motion_blur,1,37.28,5,0,12,4,False,False
7dc2914d-a20a969a.jpg,motion_blur,1,39.53,9,0,26,4,False,False
7e4ab78b-4a62c63e.jpg,motion_blur,1,34.57,25,13,1,2,False,False
7e590c49-93f03732.jpg,motion_blur,1,30.37,0,1,5,5,False,False
7ed57d0a-d7bcc13d.jpg,motion_blur,1,30.78,59,10,9,7,False,False
7f0ef682-c93899df.jpg,motion_blur,1,33.9,9,2,66,5,False,False
7f4ac354-777de900.jpg,motion_blur,1,30.86,1,0,24,0,False,False
7f9bdf0d-c0e0061f.jpg,motion_blur,1,29.52,21,3,0,0,False,False
7fd14da9-a855494b.jpg,motion_blur,1,40.1,2,1,7,1,False,False
801bff84-a72998c7.jpg,motion_blur,1,30.18,4,3,0,4,False,False
8073de38-f7eab6ec.jpg,motion_blur,1,33.14,2,5,6,8,False,False
8082ea05-1a7bcd47.jpg,motion_blur,1,32.36,20,18,6,3,False,False
80ecebc0-ca9605f4.jpg,motion_blur,1,41.91,1,0,12,1,False,False
81ec3b39-1951f79e.jpg,motion_blur,1,34.65,24,7,15,8,False,False
82b14c0c-79b99258.jpg,motion_blur,1,30.27,43,3,0,0,False,False
82b5fc3b-90cadd1b.jpg,motion_blur,1,30.2,9,0,10,21,False,False
82f03471-8e304dd5.jpg,motion_blur,1,32.95,2,0,26,15,False,False
836fa13a-d6058a12.jpg,motion_blur,1,39.0,41,13,16,8,False,False
84fb3f59-7d5d1fa4.jpg,motion_blur,1,32.09,19,5,26,1,False,False
8542b4da-7795bcfd.jpg,motion_blur,1,40.79,0,0,18,9,False,False
85f3f250-1fef85ac.jpg,motion_blur,1,32.07,7,1,7,2,False,False
87ca2979-d5158824.jpg,motion_blur,1,33.38,21,1,10,0,False,False
889b7dda-77f16103.jpg,motion_blur,1,30.84,1,3,5,6,False,False
88dbf01a-d8b35dee.jpg,motion_blur,1,36.03,19,0,17,0,False,False
897223bc-6938f1ab.jpg,motion_blur,1,33.94,3,2,84,5,False,False
89b7454d-880eacbd.jpg,motion_blur,1,30.09,8,1,11,3,False,False
89e85e71-7dd0a7b6.jpg,motion_blur,1,33.07,6,3,4,1,False,False
8a4fbffe-47866ce9.jpg,motion_blur,1,32.81,5,5,368,434,False,False
8a76c101-8bcefc32.jpg,motion_blur,1,35.62,2,19,2,34,False,False
8b7ef6c4-6bbcf25f.jpg,motion_blur,1,32.29,0,0,7,3,False,False
8bac644e-e0437ead.jpg,motion_blur,1,35.66,9,24,4,0,False,False
8c94c649-8ba62efa.jpg,motion_blur,1,33.75,2,2,11,1,False,False
8c9bbaa9-34934b66.jpg,motion_blur,1,37.14,16,5,13,1,False,False
0049e5b8-725e21a0.jpg,motion_blur,2,30.08,6,2,4,6,False,False
0081e27b-17bf4a9e.jpg,motion_blur,2,29.21,12,22,6,4,False,False
00beeb02-50440dcd.jpg,motion_blur,2,27.72,1,1,12,2,False,False
00d4b6b7-7d0a60bf.jpg,motion_blur,2,26.97,7,8,,,False,True
01118704-2d838d7f.jpg,motion_blur,2,27.41,2,1,22,5,False,False
0115917e-14907a6a.jpg,motion_blur,2,29.15,12,3,6,3,False,False
02188a44-65ad27f3.jpg,motion_blur,2,27.96,15,10,,,False,True
02494b7b-079febf8.jpg,motion_blur,2,28.61,28,16,21,7,False,False
029ffd50-dc944dba.jpg,motion_blur,2,26.64,9,0,36,9,False,False
0464a98b-860229d5.jpg,motion_blur,2,24.96,20,8,1,1,False,False
051aadb7-51aad566.jpg,motion_blur,2,31.27,3,7,46,17,False,False
051aadb7-e953bc4d.jpg,motion_blur,2,25.68,2,2,4,7,False,False
05743a9b-747658e7.jpg,motion_blur,2,32.21,9,5,96,23,False,False
057af272-6f700aef.jpg,motion_blur,2,32.41,,,19,1,True,False
05d62296-30c620d5.jpg,motion_blur,2,27.74,28,1,,,False,True
05e5a68e-f0e05a42.jpg,motion_blur,2,25.93,11,8,4,1,False,False
05fa6494-8f436d04.jpg,motion_blur,2,26.56,28,5,12,3,False,False
060039d9-5218402b.jpg,motion_blur,2,27.55,60,14,2,0,False,False
064aa0d6-f75ff4d5.jpg,motion_blur,2,32.85,10,3,120,24,False,False
07de5062-ddddcbd7.jpg,motion_blur,2,34.96,3,3,5,16,False,False
088351d1-30833ddc.jpg,motion_blur,2,27.56,30,0,,,False,True
08a49c01-675d3899.jpg,motion_blur,2,32.98,0,19,2,4,False,False
08d4285a-4a25b9b6.jpg,motion_blur,2,25.62,1,1,17,4,False,False
09ac21d6-eefa8ed0.jpg,motion_blur,2,22.58,26,1,5,0,False,False
0a0a0b1a-7c39d841.jpg,motion_blur,2,33.68,33,9,8,4,False,False
0af6039a-f3c91319.jpg,motion_blur,2,26.91,11,19,0,1,False,False
0b2f5d0d-8fddc1fc.jpg,motion_blur,2,26.24,7,0,6,5,False,False
0b4225f9-bfb10f88.jpg,motion_blur,2,29.35,2,16,1,13,False,False
0ba08fe3-880ae118.jpg,motion_blur,2,29.69,31,7,5,5,False,False
0c2f33b9-f94d69b5.jpg,motion_blur,2,29.6,4,6,9,11,False,False
0c984e6d-2b5d7ee4.jpg,motion_blur,2,31.61,20,3,25,2,False,False
0cb67a01-7cf1687e.jpg,motion_blur,2,28.12,6,2,24,16,False,False
0cc6f3e8-b4c9e348.jpg,motion_blur,2,26.17,1,0,10,10,False,False
0cf398b3-ce65ab64.jpg,motion_blur,2,21.93,22,2,79,4,False,False
0d3ec56a-f4cead6f.jpg,motion_blur,2,29.42,1,1,2,2,False,False
0d61234a-542010b2.jpg,motion_blur,2,30.23,24,4,5,4,False,False
0e442b65-b17e0b50.jpg,motion_blur,2,30.91,1,1,43,5,False,False
0e5c7e92-0d9c60f0.jpg,motion_blur,2,27.39,20,28,9,12,False,False
0f837def-9646c091.jpg,motion_blur,2,29.42,12,1,1,1,False,False
0fba84f9-73b520ee.jpg,motion_blur,2,28.24,35,1,6,3,False,False
101a0964-930eae70.jpg,motion_blur,2,33.78,5,3,0,0,False,False
10389fe8-433c740c.jpg,motion_blur,2,24.54,23,11,3,2,False,False
10453a95-40759ac3.jpg,motion_blur,2,28.2,30,2,2,2,False,False
1072195f-0a161ade.jpg,motion_blur,2,28.02,0,0,15,8,False,False
1072195f-6cf88b25.jpg,motion_blur,2,31.23,9,3,3,3,False,False
11513e3d-150058c3.jpg,motion_blur,2,28.66,6,5,68,15,False,False
1189ae68-1a8ad3c6.jpg,motion_blur,2,30.75,4,8,8,4,False,False
12076ebb-c07285d7.jpg,motion_blur,2,26.28,13,2,14,5,False,False
125134e5-7dfc45b9.jpg,motion_blur,2,31.19,3,2,1,1,False,False
12ae9ab8-794f5adc.jpg,motion_blur,2,26.91,22,53,8,0,False,False
13f61134-50021e53.jpg,motion_blur,2,29.48,5,7,58,5,False,False
14eace5a-ddf3b303.jpg,motion_blur,2,33.22,17,3,,,False,True
1608cfe7-32da2c5d.jpg,motion_blur,2,26.69,7,1,0,0,False,False
162995f1-d2c7d259.jpg,motion_blur,2,31.06,4,1,25,31,False,False
16b0973f-c07b564a.jpg,motion_blur,2,30.31,19,9,0,0,False,False
1784d67b-6b223914.jpg,motion_blur,2,30.61,0,1,7,1,False,False
1784d67b-d76145ce.jpg,motion_blur,2,31.22,39,1,12,1,False,False
188c58f3-792afc71.jpg,motion_blur,2,28.06,7,3,11,3,False,False
193f7f3b-84bc7998.jpg,motion_blur,2,32.03,1,7,20,11,False,False
194058b0-ac0616a6.jpg,motion_blur,2,26.06,8,31,,,False,True
19e56249-09c4bbc6.jpg,motion_blur,2,30.82,,,,,True,True
1a71faae-d5f255fd.jpg,motion_blur,2,28.31,7,4,2,4,False,False
1a8992a7-da5a8510.jpg,motion_blur,2,32.5,26,5,22,6,False,False
1ac0178c-0b259360.jpg,motion_blur,2,33.68,10,0,22,8,False,False
1b30f76f-95aa8a06.jpg,motion_blur,2,30.48,7,6,7,5,False,False
1bda5a26-420ceea6.jpg,motion_blur,2,31.26,11,3,17,2,False,False
1bf7f3d2-15f95138.jpg,motion_blur,2,28.55,9,3,0,1,False,False
1c227a12-10e5552c.jpg,motion_blur,2,30.71,2,4,1,1,False,False
1c227a12-ec67af93.jpg,motion_blur,2,27.95,0,1,1,14,False,False
1c5e9657-2e2a2863.jpg,motion_blur,2,30.86,28,2,5,4,False,False
1cb2a89b-4594573e.jpg,motion_blur,2,27.88,74,17,3,0,False,False
1cf54809-c6daa5a9.jpg,motion_blur,2,22.59,235,178,32,47,False,False
1d5e05f8-5020f67d.jpg,motion_blur,2,24.79,0,1,2,7,False,False
1e57ae90-806bc767.jpg,motion_blur,2,31.79,2,0,21,32,False,False
1f959fdd-6ff63d34.jpg,motion_blur,2,26.82,2,4,48,4,False,False
1fa65acf-d43367bc.jpg,motion_blur,2,24.73,2,2,24,5,False,False
20cfadfa-47711496.jpg,motion_blur,2,30.54,2,13,6,22,False,False
20cfadfa-6f87fdc1.jpg,motion_blur,2,33.54,18,18,1,7,False,False
225a1858-0e3a4b04.jpg,motion_blur,2,27.68,60,5,,,False,True
22be2f14-59fbdca0.jpg,motion_blur,2,28.62,26,4,7,3,False,False
23333f35-0cbc3f0f.jpg,motion_blur,2,27.55,71,17,8,2,False,False
23df146f-64b50e4c.jpg,motion_blur,2,30.24,17,4,2,1,False,False
24392d7c-998011c2.jpg,motion_blur,2,29.17,20,2,3,0,False,False
250e7595-b14da270.jpg,motion_blur,2,24.68,7,13,9,6,False,False
26190b83-39ccb412.jpg,motion_blur,2,26.38,15,10,10,0,False,False
272d52f6-8aac36b3.jpg,motion_blur,2,24.78,19,1,10,3,False,False
2752681a-e813599a.jpg,motion_blur,2,28.57,5,7,9,0,False,False
27645526-f038b033.jpg,motion_blur,2,22.34,8,9,379,293,False,False
2773af6f-23e23a6b.jpg,motion_blur,2,26.75,1,1,3,0,False,False
28faf684-03ef4c6e.jpg,motion_blur,2,32.27,1,2,1,0,False,False
292720ee-d847ee69.jpg,motion_blur,2,36.38,14,6,0,3,False,False
2b54fe2d-c5b810e6.jpg,motion_blur,2,25.61,1,1,1,7,False,False
2b605c48-8dfe352b.jpg,motion_blur,2,27.05,7,5,4,1,False,False
2beccce2-354608e2.jpg,motion_blur,2,28.23,9,1,7,2,False,False
2c87e51d-aa7a8031.jpg,motion_blur,2,34.49,184,31,,,False,True
2ce0b449-e818dc97.jpg,motion_blur,2,31.3,21,1,,,False,True
2cf976a2-479cd46b.jpg,motion_blur,2,24.77,36,18,24,12,False,False
2e2fae77-b7497ca0.jpg,motion_blur,2,22.52,9,4,4,0,False,False
2ead8042-2493c03f.jpg,motion_blur,2,28.63,1,1,0,0,False,False
2f1864c1-1a17d11c.jpg,motion_blur,2,24.22,3,2,17,9,False,False
2f879dc0-b09e4824.jpg,motion_blur,2,25.41,38,14,24,6,False,False
2fc9ad1e-ee4c9e43.jpg,motion_blur,2,31.76,117,34,10,1,False,False
3050b249-0ffbd6ec.jpg,motion_blur,2,31.45,8,4,28,33,False,False
314cc010-3eab5c90.jpg,motion_blur,2,31.01,58,5,1,1,False,False
31765c6b-90b0d612.jpg,motion_blur,2,28.39,2,0,9,5,False,False
31cf6eba-5c84c636.jpg,motion_blur,2,24.14,18,5,9,2,False,False
32de2244-122f1783.jpg,motion_blur,2,32.23,49,8,10,7,False,False
33420085-32996107.jpg,motion_blur,2,35.08,0,0,29,14,False,False
3430a5e6-00ec38d2.jpg,motion_blur,2,19.7,5,3,3,5,False,False
35eb46d0-8f7e28a0.jpg,motion_blur,2,33.59,1,0,0,3,False,False
3735fc3d-69d8b80c.jpg,motion_blur,2,27.82,5,5,2,1,False,False
3740cd4f-ff1d423d.jpg,motion_blur,2,27.62,3,2,32,4,False,False
375abba2-9f2ed56c.jpg,motion_blur,2,28.93,15,2,40,7,False,False
37723e55-31730cf5.jpg,motion_blur,2,25.98,23,8,21,7,False,False
380a3f8e-ba4f0def.jpg,motion_blur,2,32.07,8,4,9,5,False,False
385b0f61-1aee12ef.jpg,motion_blur,2,27.87,13,13,2,0,False,False
3865fea7-b4fe472d.jpg,motion_blur,2,28.46,1,4,4,5,False,False
38e561dd-8ea8ae2d.jpg,motion_blur,2,27.64,2,0,6,0,False,False
38ed8d8d-93c48de2.jpg,motion_blur,2,30.33,5,2,70,32,False,False
38ed8d8d-b1c230ef.jpg,motion_blur,2,30.55,58,9,5,0,False,False
38ed8d8d-fa50400c.jpg,motion_blur,2,30.97,26,1,13,9,False,False
3900ad8c-8834019f.jpg,motion_blur,2,29.85,,,50,7,True,False
39ddb110-04604b9c.jpg,motion_blur,2,24.42,7,1,18,0,False,False
39fc6d1c-6155351d.jpg,motion_blur,2,31.72,,,10,5,True,False
3a278d39-b92df256.jpg,motion_blur,2,27.81,5,0,29,23,False,False
3a3407a2-df8ea956.jpg,motion_blur,2,25.53,11,11,,,False,True
3ad0c4a7-2a3d544e.jpg,motion_blur,2,26.71,18,7,,,False,True
3b1e1bc1-ee64e36e.jpg,motion_blur,2,23.15,4,1,2,1,False,False
3b44ef5a-c09e8479.jpg,motion_blur,2,26.23,131,46,74,37,False,False
3b563c5e-0102edaf.jpg,motion_blur,2,31.16,5,8,57,14,False,False
3b9716a6-d2566395.jpg,motion_blur,2,28.92,164,19,1,1,False,False
3c0bbdc2-79baffce.jpg,motion_blur,2,33.41,6,3,11,1,False,False
3c5752b6-9c0bdf98.jpg,motion_blur,2,24.06,,,23,7,True,False
3c95ae26-68abac3f.jpg,motion_blur,2,28.2,4,1,6,2,False,False
3e0f1745-a95a63ad.jpg,motion_blur,2,28.86,19,2,2,14,False,False
3f4eb6a6-9eee52f9.jpg,motion_blur,2,28.92,13,2,92,8,False,False
3f85a987-1ef4053b.jpg,motion_blur,2,30.05,2,3,2,1,False,False
3fe1feaa-10126fec.jpg,motion_blur,2,26.73,34,4,10,24,False,False
3ffdaa26-b394f6f8.jpg,motion_blur,2,24.92,,,2,0,True,False
4027c10d-41d54e9b.jpg,motion_blur,2,31.82,24,7,0,2,False,False
428e99ea-4166e549.jpg,motion_blur,2,31.29,4,2,8,18,False,False
42e0dd11-74b81997.jpg,motion_blur,2,36.12,14,16,25,15,False,False
430395d1-931c959e.jpg,motion_blur,2,27.68,13,20,116,16,False,False
43126e0d-495d04a5.jpg,motion_blur,2,32.66,9,2,96,3,False,False
43126e0d-cce96832.jpg,motion_blur,2,30.67,52,1,31,4,False,False
432f9e20-83a0d96c.jpg,motion_blur,2,27.92,1,1,2,7,False,False
43c7ed5c-b0690325.jpg,motion_blur,2,28.64,1,0,7,0,False,False
44cc16d9-d2e06fd6.jpg,motion_blur,2,24.89,0,1,16,2,False,False
45bafa98-1ee18a2f.jpg,motion_blur,2,30.24,2,2,21,8,False,False
46d048a1-8f7f385c.jpg,motion_blur,2,30.16,0,1,52,17,False,False
46f76df9-8bf77914.jpg,motion_blur,2,28.43,16,0,74,26,False,False
480263a0-5aad7ae9.jpg,motion_blur,2,21.81,12,7,20,30,False,False
488480d6-b94cf415.jpg,motion_blur,2,26.45,3,7,4,1,False,False
48ed707e-5062e4c3.jpg,motion_blur,2,28.31,40,8,2,1,False,False
4a289ff2-7da7feb6.jpg,motion_blur,2,28.78,,,166,13,True,False
4a31f3e3-ac7ed780.jpg,motion_blur,2,29.27,9,5,9,6,False,False
4b2e1dde-65b54419.jpg,motion_blur,2,28.2,19,0,16,11,False,False
4d4a590b-4332c5ab.jpg,motion_blur,2,37.29,7,4,,,False,True
5069db50-52f5af30.jpg,motion_blur,2,36.74,3,6,13,4,False,False
50866f46-30d1f303.jpg,motion_blur,2,26.02,41,5,7,4,False,False
50b115d6-4b08a666.jpg,motion_blur,2,25.17,17,5,13,4,False,False
50b2e757-6c7d0f63.jpg,motion_blur,2,27.56,7,2,43,1,False,False
50d0fd05-8db58ebd.jpg,motion_blur,2,32.15,0,1,115,85,False,False
510671e9-603795e0.jpg,motion_blur,2,25.35,0,19,1,1,False,False
514a6d58-0790e0cd.jpg,motion_blur,2,30.11,3,4,1,1,False,False
5150bb50-300d52ce.jpg,motion_blur,2,28.45,2,4,7,4,False,False
52799e9e-8c8673f3.jpg,motion_blur,2,29.47,2,0,10,0,False,False
52bda346-fd8ac6e7.jpg,motion_blur,2,31.09,1,1,2,1,False,False
534418ba-ee05398f.jpg,motion_blur,2,30.09,13,3,2,0,False,False
54360b72-e00a3f70.jpg,motion_blur,2,25.99,274,29,16,2,False,False
554d7cd5-a32486dd.jpg,motion_blur,2,31.51,41,100,16,11,False,False
559fed19-7893646f.jpg,motion_blur,2,27.32,2,1,3,1,False,False
57165857-e4d4a47f.jpg,motion_blur,2,30.7,37,6,,,False,True
5795bfe7-a599384a.jpg,motion_blur,2,26.95,29,6,1,1,False,False
57ac74e2-e86131f1.jpg,motion_blur,2,29.99,,,11,14,True,False
57b495f2-6da6b1e5.jpg,motion_blur,2,36.55,2,2,4,1,False,False
585443c8-2621a6b1.jpg,motion_blur,2,30.69,8,2,53,10,False,False
5877b384-2545daf4.jpg,motion_blur,2,25.62,3,2,4,3,False,False
587bb1bf-1aa00fe5.jpg,motion_blur,2,30.1,31,5,9,0,False,False
5995c288-2d152172.jpg,motion_blur,2,26.78,10,3,,,False,True
59cde7c7-344bffb1.jpg,motion_blur,2,31.06,22,14,,,False,True
5a8f9b5d-1fdfd2d4.jpg,motion_blur,2,29.21,6,8,5,10,False,False
5ae83f9c-da990b49.jpg,motion_blur,2,26.76,4,0,7,6,False,False
5b2b4881-67a6cb87.jpg,motion_blur,2,29.29,4,2,18,1,False,False
5b2fd56a-37759b05.jpg,motion_blur,2,32.39,21,10,44,38,False,False
5b4b0b07-2fb56b82.jpg,motion_blur,2,26.03,26,3,3,1,False,False
5bc44a50-c371c4d0.jpg,motion_blur,2,22.34,14,1,24,6,False,False
5c4004b7-bf3b7941.jpg,motion_blur,2,30.81,8,3,4,1,False,False
5c534f5f-a76c7f4b.jpg,motion_blur,2,30.42,8,3,5,4,False,False
5c5dc708-35460444.jpg,motion_blur,2,27.85,24,3,55,5,False,False
5da6c6b6-76c54605.jpg,motion_blur,2,28.72,,,20,17,True,False
5dc5141c-5890b5b1.jpg,motion_blur,2,32.68,0,0,98,6,False,False
5dd831da-bd00cf03.jpg,motion_blur,2,26.59,4,5,34,176,False,False
5dfb063f-7bd23d5c.jpg,motion_blur,2,31.82,6,3,2,0,False,False
5e0b701e-d443d8c2.jpg,motion_blur,2,27.13,48,22,19,5,False,False
5e26f49d-0bc53c7e.jpg,motion_blur,2,35.3,2,7,14,0,False,False
5e26f49d-9271bf00.jpg,motion_blur,2,27.87,51,3,0,1,False,False
5e625ec3-7b4fc682.jpg,motion_blur,2,34.61,22,9,2,5,False,False
5f9387ff-330136ae.jpg,motion_blur,2,28.39,6,3,7,3,False,False
5fa17a25-88b8e6b9.jpg,motion_blur,2,33.55,3,0,4,2,False,False
5fa422e1-2d8dd765.jpg,motion_blur,2,28.23,9,1,24,3,False,False
5fb2a702-f56a339c.jpg,motion_blur,2,29.69,20,1,6,1,False,False
6011831b-0992e205.jpg,motion_blur,2,26.39,5,1,10,6,False,False
60137cc0-428b8f5b.jpg,motion_blur,2,25.0,6,2,26,7,False,False
604b5b3e-3c2e6b6b.jpg,motion_blur,2,26.87,1,0,6,12,False,False
6092f5a2-424550ba.jpg,motion_blur,2,30.11,7,6,4,6,False,False
60ba25dd-6c0df417.jpg,motion_blur,2,30.45,23,2,2,3,False,False
60c678e7-4813ae0f.jpg,motion_blur,2,23.6,21,6,,,False,True
614ecada-16b0f8b6.jpg,motion_blur,2,28.92,21,5,1,0,False,False
61e4ad87-53ceb455.jpg,motion_blur,2,31.14,15,1,55,6,False,False
6240d7b3-b51b5788.jpg,motion_blur,2,29.16,10,3,42,1,False,False
62aefb36-b685117f.jpg,motion_blur,2,29.67,6,5,13,2,False,False
634c1785-3bb9a8a2.jpg,motion_blur,2,35.71,11,3,0,1,False,False
634c1785-aeb1652f.jpg,motion_blur,2,33.16,3,2,4,0,False,False
63f73472-028615f1.jpg,motion_blur,2,29.54,80,17,6,7,False,False
6485ad0a-245d1600.jpg,motion_blur,2,30.55,4,4,1,8,False,False
648dc925-e359dbec.jpg,motion_blur,2,34.66,7,3,16,0,False,False
65edc5a1-f309fed7.jpg,motion_blur,2,29.42,1,5,1,1,False,False
661381d9-1114a810.jpg,motion_blur,2,26.72,43,4,12,4,False,False
664cb246-f84cfaf4.jpg,motion_blur,2,24.37,1,3,2,1,False,False
675cf8fa-4b1ce8b9.jpg,motion_blur,2,25.9,52,14,39,9,False,False
67faeadf-eb09a636.jpg,motion_blur,2,31.55,,,2,0,True,False
691be377-5dbc29ee.jpg,motion_blur,2,32.32,2,6,4,0,False,False
692f1303-05178963.jpg,motion_blur,2,28.56,27,7,36,3,False,False
692f9b08-bdbbd729.jpg,motion_blur,2,33.45,13,7,8,3,False,False
69bfbe31-5ee2a642.jpg,motion_blur,2,26.14,54,6,3,4,False,False
69cf7667-68f59649.jpg,motion_blur,2,28.42,3,2,2,1,False,False
69cf7667-7eb40860.jpg,motion_blur,2,28.65,29,4,1,1,False,False
6a44fb9a-05a3dd18.jpg,motion_blur,2,29.35,6,1,0,0,False,False
6a793e80-4f5e207f.jpg,motion_blur,2,33.33,6,1,106,32,False,False
6a82c0d6-b31f6b90.jpg,motion_blur,2,30.68,,,4,2,True,False
6a8d218d-14e4fa28.jpg,motion_blur,2,32.18,7,4,17,0,False,False
6ad110c3-789e7724.jpg,motion_blur,2,24.91,7,1,0,2,False,False
6b15392a-3a1699fd.jpg,motion_blur,2,27.2,7,2,12,2,False,False
6b784eee-0a5a2c89.jpg,motion_blur,2,27.69,2,0,7,0,False,False
6bb5a881-15e5c2c4.jpg,motion_blur,2,32.35,4,7,,,False,True
6bd41587-d65ba5b4.jpg,motion_blur,2,29.43,2,2,1,1,False,False
6d0d7bef-fb11b6e1.jpg,motion_blur,2,34.54,313,45,11,11,False,False
6d57736c-a35808b9.jpg,motion_blur,2,34.73,5,11,3,3,False,False
6d8a6d94-00a7ad92.jpg,motion_blur,2,31.64,0,0,44,36,False,False
6eeed3fa-87a1b0c9.jpg,motion_blur,2,31.78,3,2,7,1,False,False
701992bd-8a457895.jpg,motion_blur,2,31.42,1,0,22,8,False,False
7171644d-4e74752e.jpg,motion_blur,2,26.99,18,3,2,3,False,False
7171644d-ee92c71e.jpg,motion_blur,2,29.94,11,0,6,4,False,False
72f22fa5-8af4615c.jpg,motion_blur,2,25.62,3,6,22,4,False,False
72fd00fe-aeadfc89.jpg,motion_blur,2,35.13,10,31,1,6,False,False
730c67a5-563e9b1f.jpg,motion_blur,2,33.22,24,2,37,15,False,False
738a2bcd-7a6fde0d.jpg,motion_blur,2,33.09,5,1,1,0,False,False
73aff960-d46366ec.jpg,motion_blur,2,28.37,1,0,12,2,False,False
73d338d6-edf0b3db.jpg,motion_blur,2,33.92,34,5,4,12,False,False
75ad1fff-77299093.jpg,motion_blur,2,29.15,,,19,7,True,False
75f5f52c-6b67e736.jpg,motion_blur,2,24.51,8,15,36,17,False,False
777005a8-14c739ad.jpg,motion_blur,2,32.12,50,31,9,3,False,False
7771e03b-832e52c0.jpg,motion_blur,2,31.69,48,10,10,2,False,False
7771e03b-a8f9d50c.jpg,motion_blur,2,27.3,12,9,1,1,False,False
7797fea2-c37f9856.jpg,motion_blur,2,27.66,14,4,12,4,False,False
77bdbeb0-edb0613f.jpg,motion_blur,2,32.35,6,3,0,1,False,False
77dca577-16a39ea0.jpg,motion_blur,2,27.55,26,7,6,6,False,False
77f810c4-43a39c1f.jpg,motion_blur,2,29.06,4,5,12,3,False,False
7814206e-8e991d51.jpg,motion_blur,2,32.64,6,3,3,0,False,False
7814206e-ea2508d0.jpg,motion_blur,2,34.02,11,8,13,0,False,False
79e177bc-4d5d3acc.jpg,motion_blur,2,26.56,12,6,8,5,False,False
7aa4ff0f-9d28d8a4.jpg,motion_blur,2,30.67,1,8,12,35,False,False
7ad1174c-373265eb.jpg,motion_blur,2,27.92,,,,,True,True
7b268b98-e0ec16c3.jpg,motion_blur,2,30.53,16,3,3,8,False,False
7c5a2048-332896ea.jpg,motion_blur,2,27.96,9,6,0,0,False,False
7c5d50c5-7292de37.jpg,motion_blur,2,30.56,6,0,1,1,False,False
7d1fe115-936a2f47.jpg,motion_blur,2,32.58,2,1,15,2,False,False
7dc2914d-a20a969a.jpg,motion_blur,2,34.25,2,0,,,False,True
7e4ab78b-4a62c63e.jpg,motion_blur,2,29.63,32,21,24,6,False,False
7e590c49-93f03732.jpg,motion_blur,2,25.19,,,4,5,True,False
7ed57d0a-d7bcc13d.jpg,motion_blur,2,27.26,28,8,9,8,False,False
7f0ef682-c93899df.jpg,motion_blur,2,28.81,9,2,16,6,False,False
7f4ac354-777de900.jpg,motion_blur,2,25.89,26,1,7,1,False,False
7f9bdf0d-c0e0061f.jpg,motion_blur,2,24.56,21,2,3,4,False,False
7fd14da9-a855494b.jpg,motion_blur,2,35.14,17,8,19,56,False,False
801bff84-a72998c7.jpg,motion_blur,2,25.6,3,5,42,16,False,False
8073de38-f7eab6ec.jpg,motion_blur,2,28.2,6,4,15,10,False,False
8082ea05-1a7bcd47.jpg,motion_blur,2,27.43,2,3,6,3,False,False
80ecebc0-ca9605f4.jpg,motion_blur,2,37.1,62,6,11,0,False,False
81ec3b39-1951f79e.jpg,motion_blur,2,29.53,35,7,5,2,False,False
82b14c0c-79b99258.jpg,motion_blur,2,25.51,11,2,10,6,False,False
82b5fc3b-90cadd1b.jpg,motion_blur,2,25.1,8,7,36,11,False,False
82f03471-8e304dd5.jpg,motion_blur,2,27.86,1,5,3,15,False,False
836fa13a-d6058a12.jpg,motion_blur,2,33.93,1,1,7,4,False,False
84fb3f59-7d5d1fa4.jpg,motion_blur,2,27.42,206,80,4,1,False,False
8542b4da-7795bcfd.jpg,motion_blur,2,36.02,15,3,9,3,False,False
85f3f250-1fef85ac.jpg,motion_blur,2,27.06,0,1,3,2,False,False
87ca2979-d5158824.jpg,motion_blur,2,28.69,21,2,6,1,False,False
889b7dda-77f16103.jpg,motion_blur,2,26.09,18,49,3,1,False,False
88dbf01a-d8b35dee.jpg,motion_blur,2,30.93,7,1,18,9,False,False
897223bc-6938f1ab.jpg,motion_blur,2,28.94,3,2,85,1,False,False
89b7454d-880eacbd.jpg,motion_blur,2,24.84,13,3,30,2,False,False
89e85e71-7dd0a7b6.jpg,motion_blur,2,28.39,5,9,0,11,False,False
8a4fbffe-47866ce9.jpg,motion_blur,2,27.86,4,10,20,6,False,False
8a76c101-8bcefc32.jpg,motion_blur,2,30.9,6,78,5,11,False,False
8b7ef6c4-6bbcf25f.jpg,motion_blur,2,27.45,13,4,28,5,False,False
8bac644e-e0437ead.jpg,motion_blur,2,30.86,9,22,37,12,False,False
8c94c649-8ba62efa.jpg,motion_blur,2,28.65,5,1,3,0,False,False
8c9bbaa9-34934b66.jpg,motion_blur,2,32.13,41,4,16,4,False,False
0049e5b8-725e21a0.jpg,motion_blur,3,28.16,7,3,21,7,False,False
0081e27b-17bf4a9e.jpg,motion_blur,3,27.22,5,13,2,9,False,False
00beeb02-50440dcd.jpg,motion_blur,3,25.56,11,16,11,3,False,False
00d4b6b7-7d0a60bf.jpg,motion_blur,3,25.17,145,50,,,False,True
01118704-2d838d7f.jpg,motion_blur,3,25.29,16,2,25,10,False,False
0115917e-14907a6a.jpg,motion_blur,3,26.87,5,1,27,12,False,False
02188a44-65ad27f3.jpg,motion_blur,3,25.75,11,5,,,False,True
02494b7b-079febf8.jpg,motion_blur,3,26.08,6,8,4,9,False,False
029ffd50-dc944dba.jpg,motion_blur,3,24.59,,,36,9,True,False
0464a98b-860229d5.jpg,motion_blur,3,23.14,51,30,8,7,False,False
051aadb7-51aad566.jpg,motion_blur,3,29.17,,,,,True,True
051aadb7-e953bc4d.jpg,motion_blur,3,23.63,16,9,7,12,False,False
05743a9b-747658e7.jpg,motion_blur,3,29.84,9,5,0,21,False,False
057af272-6f700aef.jpg,motion_blur,3,30.21,,,3,1,True,False
05d62296-30c620d5.jpg,motion_blur,3,25.62,16,1,,,False,True
05e5a68e-f0e05a42.jpg,motion_blur,3,24.11,19,11,4,5,False,False
05fa6494-8f436d04.jpg,motion_blur,3,24.49,25,7,18,4,False,False
060039d9-5218402b.jpg,motion_blur,3,24.96,68,10,22,4,False,False
064aa0d6-f75ff4d5.jpg,motion_blur,3,30.21,3,1,71,23,False,False
07de5062-ddddcbd7.jpg,motion_blur,3,32.48,9,11,34,15,False,False
088351d1-30833ddc.jpg,motion_blur,3,25.46,37,1,,,False,True
08a49c01-675d3899.jpg,motion_blur,3,31.0,16,0,6,11,False,False
08d4285a-4a25b9b6.jpg,motion_blur,3,23.51,4,0,12,2,False,False
09ac21d6-eefa8ed0.jpg,motion_blur,3,20.46,17,9,18,0,False,False
0a0a0b1a-7c39d841.jpg,motion_blur,3,31.17,61,19,8,0,False,False
0af6039a-f3c91319.jpg,motion_blur,3,24.7,119,75,4,3,False,False
0b2f5d0d-8fddc1fc.jpg,motion_blur,3,24.14,15,2,0,0,False,False
0b4225f9-bfb10f88.jpg,motion_blur,3,27.57,12,18,0,6,False,False
0ba08fe3-880ae118.jpg,motion_blur,3,27.57,0,0,3,3,False,False
0c2f33b9-f94d69b5.jpg,motion_blur,3,27.41,16,1,16,12,False,False
0c984e6d-2b5d7ee4.jpg,motion_blur,3,29.65,20,3,1,3,False,False
0cb67a01-7cf1687e.jpg,motion_blur,3,25.94,48,20,,,False,True
0cc6f3e8-b4c9e348.jpg,motion_blur,3,24.28,1,1,3,7,False,False
0cf398b3-ce65ab64.jpg,motion_blur,3,19.21,5,1,92,8,False,False
0d3ec56a-f4cead6f.jpg,motion_blur,3,27.41,,,1,3,True,False
0d61234a-542010b2.jpg,motion_blur,3,27.01,13,3,5,4,False,False
0e442b65-b17e0b50.jpg,motion_blur,3,28.75,21,4,42,4,False,False
0e5c7e92-0d9c60f0.jpg,motion_blur,3,25.05,8,24,3,2,False,False
0f837def-9646c091.jpg,motion_blur,3,27.64,31,7,2,0,False,False
0fba84f9-73b520ee.jpg,motion_blur,3,26.27,12,4,9,4,False,False
101a0964-930eae70.jpg,motion_blur,3,31.06,4,2,6,5,False,False
10389fe8-433c740c.jpg,motion_blur,3,22.36,28,13,37,10,False,False
10453a95-40759ac3.jpg,motion_blur,3,26.11,38,4,12,1,False,False
1072195f-0a161ade.jpg,motion_blur,3,25.85,11,0,0,0,False,False
1072195f-6cf88b25.jpg,motion_blur,3,29.17,32,13,30,10,False,False
11513e3d-150058c3.jpg,motion_blur,3,26.52,7,5,67,13,False,False
1189ae68-1a8ad3c6.jpg,motion_blur,3,28.57,9,23,9,0,False,False
12076ebb-c07285d7.jpg,motion_blur,3,24.16,1,2,15,2,False,False
125134e5-7dfc45b9.jpg,motion_blur,3,29.27,,,,,True,True
12ae9ab8-794f5adc.jpg,motion_blur,3,24.93,26,20,3,5,False,False
13f61134-50021e53.jpg,motion_blur,3,27.12,12,10,73,20,False,False
14eace5a-ddf3b303.jpg,motion_blur,3,30.82,12,4,,,False,True
1608cfe7-32da2c5d.jpg,motion_blur,3,24.7,35,4,53,0,False,False
162995f1-d2c7d259.jpg,motion_blur,3,28.25,16,2,28,32,False,False
16b0973f-c07b564a.jpg,motion_blur,3,27.87,16,8,0,0,False,False
1784d67b-6b223914.jpg,motion_blur,3,28.48,1,1,26,1,False,False
1784d67b-d76145ce.jpg,motion_blur,3,29.48,63,2,14,5,False,False
188c58f3-792afc71.jpg,motion_blur,3,25.96,24,12,13,3,False,False
193f7f3b-84bc7998.jpg,motion_blur,3,29.41,11,0,12,12,False,False
194058b0-ac0616a6.jpg,motion_blur,3,23.98,33,31,,,False,True
19e56249-09c4bbc6.jpg,motion_blur,3,29.06,,,,,True,True
1a71faae-d5f255fd.jpg,motion_blur,3,25.81,15,1,0,7,False,False
1a8992a7-da5a8510.jpg,motion_blur,3,29.47,29,5,12,1,False,False
1ac0178c-0b259360.jpg,motion_blur,3,31.91,,,,,True,True
1b30f76f-95aa8a06.jpg,motion_blur,3,28.05,9,6,9,13,False,False
1bda5a26-420ceea6.jpg,motion_blur,3,28.61,1,0,,,False,True
1bf7f3d2-15f95138.jpg,motion_blur,3,26.37,15,7,18,3,False,False
1c227a12-10e5552c.jpg,motion_blur,3,28.61,71,1,7,22,False,False
1c227a12-ec67af93.jpg,motion_blur,3,26.17,0,1,8,3,False,False
1c5e9657-2e2a2863.jpg,motion_blur,3,29.19,,,,,True,True
1cb2a89b-4594573e.jpg,motion_blur,3,25.7,36,8,2,0,False,False
1cf54809-c6daa5a9.jpg,motion_blur,3,20.63,130,120,26,39,False,False
1d5e05f8-5020f67d.jpg,motion_blur,3,22.67,9,9,5,1,False,False
1e57ae90-806bc767.jpg,motion_blur,3,29.64,21,20,19,20,False,False
1f959fdd-6ff63d34.jpg,motion_blur,3,24.68,21,14,21,3,False,False
1fa65acf-d43367bc.jpg,motion_blur,3,22.56,91,19,16,3,False,False
20cfadfa-47711496.jpg,motion_blur,3,28.24,21,66,5,40,False,False
20cfadfa-6f87fdc1.jpg,motion_blur,3,30.88,36,16,3,6,False,False
225a1858-0e3a4b04.jpg,motion_blur,3,25.37,,,,,True,True
22be2f14-59fbdca0.jpg,motion_blur,3,26.31,21,6,9,4,False,False
23333f35-0cbc3f0f.jpg,motion_blur,3,25.5,46,19,10,4,False,False
23df146f-64b50e4c.jpg,motion_blur,3,27.93,11,1,16,4,False,False
24392d7c-998011c2.jpg,motion_blur,3,27.16,14,3,16,0,False,False
250e7595-b14da270.jpg,motion_blur,3,22.78,3,7,46,5,False,False
26190b83-39ccb412.jpg,motion_blur,3,24.17,,,8,1,True,False
272d52f6-8aac36b3.jpg,motion_blur,3,22.42,18,2,5,3,False,False
2752681a-e813599a.jpg,motion_blur,3,26.36,13,14,0,0,False,False
27645526-f038b033.jpg,motion_blur,3,20.42,34,19,72,12,False,False
2773af6f-23e23a6b.jpg,motion_blur,3,24.61,3,2,65,11,False,False
28faf684-03ef4c6e.jpg,motion_blur,3,29.9,11,1,1,0,False,False
292720ee-d847ee69.jpg,motion_blur,3,33.88,14,6,2,3,False,False
2b54fe2d-c5b810e6.jpg,motion_blur,3,23.24,6,4,2,5,False,False
2b605c48-8dfe352b.jpg,motion_blur,3,24.71,4,0,11,1,False,False
2beccce2-354608e2.jpg,motion_blur,3,26.18,4,1,19,170,False,False
2c87e51d-aa7a8031.jpg,motion_blur,3,31.62,184,29,93,86,False,False
2ce0b449-e818dc97.jpg,motion_blur,3,28.97,10,0,,,False,True
2cf976a2-479cd46b.jpg,motion_blur,3,22.49,2,0,12,14,False,False
2e2fae77-b7497ca0.jpg,motion_blur,3,20.51,15,22,7,1,False,False
2ead8042-2493c03f.jpg,motion_blur,3,25.93,27,3,1,1,False,False
2f1864c1-1a17d11c.jpg,motion_blur,3,22.12,16,11,9,4,False,False
2f879dc0-b09e4824.jpg,motion_blur,3,23.06,28,15,8,1,False,False
2fc9ad1e-ee4c9e43.jpg,motion_blur,3,29.58,5,4,1,0,False,False
3050b249-0ffbd6ec.jpg,motion_blur,3,28.75,9,4,116,94,False,False
314cc010-3eab5c90.jpg,motion_blur,3,28.81,,,3,2,True,False
31765c6b-90b0d612.jpg,motion_blur,3,26.19,0,0,4,3,False,False
31cf6eba-5c84c636.jpg,motion_blur,3,22.11,32,1,3,1,False,False
32de2244-122f1783.jpg,motion_blur,3,29.92,50,8,8,7,False,False
33420085-32996107.jpg,motion_blur,3,32.59,14,6,102,27,False,False
3430a5e6-00ec38d2.jpg,motion_blur,3,17.19,21,11,109,26,False,False
35eb46d0-8f7e28a0.jpg,motion_blur,3,31.11,26,8,1,2,False,False
3735fc3d-69d8b80c.jpg,motion_blur,3,25.43,0,17,19,3,False,False
3740cd4f-ff1d423d.jpg,motion_blur,3,25.24,6,1,9,6,False,False
375abba2-9f2ed56c.jpg,motion_blur,3,26.95,4,1,10,1,False,False
37723e55-31730cf5.jpg,motion_blur,3,23.87,,,4,4,True,False
380a3f8e-ba4f0def.jpg,motion_blur,3,30.27,5,2,9,4,False,False
385b0f61-1aee12ef.jpg,motion_blur,3,26.36,12,14,9,3,False,False
3865fea7-b4fe472d.jpg,motion_blur,3,26.2,6,11,7,4,False,False
38e561dd-8ea8ae2d.jpg,motion_blur,3,25.44,10,3,8,1,False,False
38ed8d8d-93c48de2.jpg,motion_blur,3,28.13,14,1,22,34,False,False
38ed8d8d-b1c230ef.jpg,motion_blur,3,28.39,60,9,5,1,False,False
38ed8d8d-fa50400c.jpg,motion_blur,3,28.47,31,2,13,12,False,False
3900ad8c-8834019f.jpg,motion_blur,3,27.79,,,,,True,True
39ddb110-04604b9c.jpg,motion_blur,3,22.24,12,0,32,24,False,False
39fc6d1c-6155351d.jpg,motion_blur,3,29.44,,,0,0,True,False
3a278d39-b92df256.jpg,motion_blur,3,25.39,3,1,36,40,False,False
3a3407a2-df8ea956.jpg,motion_blur,3,23.26,,,,,True,True
3ad0c4a7-2a3d544e.jpg,motion_blur,3,24.62,1,3,24,1,False,False
3b1e1bc1-ee64e36e.jpg,motion_blur,3,21.55,0,0,2,2,False,False
3b44ef5a-c09e8479.jpg,motion_blur,3,23.75,161,82,66,23,False,False
3b563c5e-0102edaf.jpg,motion_blur,3,28.28,8,27,56,13,False,False
3b9716a6-d2566395.jpg,motion_blur,3,26.98,,,10,13,True,False
3c0bbdc2-79baffce.jpg,motion_blur,3,30.86,26,9,8,1,False,False
3c5752b6-9c0bdf98.jpg,motion_blur,3,22.06,,,45,13,True,False
3c95ae26-68abac3f.jpg,motion_blur,3,26.17,1,1,9,3,False,False
3e0f1745-a95a63ad.jpg,motion_blur,3,26.85,12,1,2,16,False,False
3f4eb6a6-9eee52f9.jpg,motion_blur,3,26.69,8,1,8,2,False,False
3f85a987-1ef4053b.jpg,motion_blur,3,27.89,3,6,13,9,False,False
3fe1feaa-10126fec.jpg,motion_blur,3,24.62,33,3,,,False,True
3ffdaa26-b394f6f8.jpg,motion_blur,3,22.73,,,8,2,True,False
4027c10d-41d54e9b.jpg,motion_blur,3,29.15,24,6,13,13,False,False
428e99ea-4166e549.jpg,motion_blur,3,28.88,15,3,7,31,False,False
42e0dd11-74b81997.jpg,motion_blur,3,33.58,9,13,17,1,False,False
430395d1-931c959e.jpg,motion_blur,3,26.02,34,37,109,17,False,False
43126e0d-495d04a5.jpg,motion_blur,3,29.85,4,0,143,9,False,False
43126e0d-cce96832.jpg,motion_blur,3,28.36,56,7,8,1,False,False
432f9e20-83a0d96c.jpg,motion_blur,3,25.77,2,4,2,4,False,False
43c7ed5c-b0690325.jpg,motion_blur,3,26.26,0,0,6,2,False,False
44cc16d9-d2e06fd6.jpg,motion_blur,3,22.44,,,37,9,True,False
45bafa98-1ee18a2f.jpg,motion_blur,3,27.44,7,8,5,0,False,False
46d048a1-8f7f385c.jpg,motion_blur,3,27.61,0,1,47,21,False,False
46f76df9-8bf77914.jpg,motion_blur,3,26.34,14,1,25,2,False,False
480263a0-5aad7ae9.jpg,motion_blur,3,19.75,2,1,15,27,False,False
488480d6-b94cf415.jpg,motion_blur,3,24.35,4,5,6,7,False,False
48ed707e-5062e4c3.jpg,motion_blur,3,26.28,35,1,29,7,False,False
4a289ff2-7da7feb6.jpg,motion_blur,3,26.57,90,41,86,40,False,False
4a31f3e3-ac7ed780.jpg,motion_blur,3,27.24,2,1,27,17,False,False
4b2e1dde-65b54419.jpg,motion_blur,3,26.23,22,0,1,0,False,False
4d4a590b-4332c5ab.jpg,motion_blur,3,34.91,,,1,0,True,False
5069db50-52f5af30.jpg,motion_blur,3,33.26,36,11,12,1,False,False
50866f46-30d1f303.jpg,motion_blur,3,24.14,11,1,20,4,False,False
50b115d6-4b08a666.jpg,motion_blur,3,22.99,2,8,1,0,False,False
50b2e757-6c7d0f63.jpg,motion_blur,3,25.27,9,2,63,3,False,False
50d0fd05-8db58ebd.jpg,motion_blur,3,29.42,0,0,,,False,True
510671e9-603795e0.jpg,motion_blur,3,23.62,26,55,4,9,False,False
514a6d58-0790e0cd.jpg,motion_blur,3,27.64,5,8,15,0,False,False
5150bb50-300d52ce.jpg,motion_blur,3,26.2,19,1,12,7,False,False
52799e9e-8c8673f3.jpg,motion_blur,3,27.37,2,2,25,1,False,False
52bda346-fd8ac6e7.jpg,motion_blur,3,28.39,4,6,13,6,False,False
534418ba-ee05398f.jpg,motion_blur,3,27.87,19,5,20,4,False,False
54360b72-e00a3f70.jpg,motion_blur,3,23.98,283,22,8,11,False,False
554d7cd5-a32486dd.jpg,motion_blur,3,29.46,,,6,6,True,False
559fed19-7893646f.jpg,motion_blur,3,25.22,,,7,7,True,False
57165857-e4d4a47f.jpg,motion_blur,3,28.24,10,1,,,False,True
5795bfe7-a599384a.jpg,motion_blur,3,24.8,24,2,,,False,True
57ac74e2-e86131f1.jpg,motion_blur,3,27.66,,,2,21,True,False
57b495f2-6da6b1e5.jpg,motion_blur,3,33.96,30,4,47,4,False,False
585443c8-2621a6b1.jpg,motion_blur,3,28.47,0,3,61,11,False,False
5877b384-2545daf4.jpg,motion_blur,3,23.53,3,4,22,1,False,False
587bb1bf-1aa00fe5.jpg,motion_blur,3,27.51,31,4,13,4,False,False
5995c288-2d152172.jpg,motion_blur,3,24.74,11,2,357,100,False,False
59cde7c7-344bffb1.jpg,motion_blur,3,28.9,62,9,,,False,True
5a8f9b5d-1fdfd2d4.jpg,motion_blur,3,27.19,3,9,11,5,False,False
5ae83f9c-da990b49.jpg,motion_blur,3,24.56,1,0,7,6,False,False
5b2b4881-67a6cb87.jpg,motion_blur,3,26.87,3,1,15,1,False,False
5b2fd56a-37759b05.jpg,motion_blur,3,30.21,16,2,13,12,False,False
5b4b0b07-2fb56b82.jpg,motion_blur,3,24.63,15,1,24,2,False,False
5bc44a50-c371c4d0.jpg,motion_blur,3,20.64,38,8,11,7,False,False
5c4004b7-bf3b7941.jpg,motion_blur,3,28.69,,,2,1,True,False
5c534f5f-a76c7f4b.jpg,motion_blur,3,28.21,8,4,2,1,False,False
5c5dc708-35460444.jpg,motion_blur,3,25.61,14,3,45,3,False,False
5da6c6b6-76c54605.jpg,motion_blur,3,26.56,,,18,12,True,False
5dc5141c-5890b5b1.jpg,motion_blur,3,30.03,4,1,126,2,False,False
5dd831da-bd00cf03.jpg,motion_blur,3,24.5,5,169,323,204,False,False
5dfb063f-7bd23d5c.jpg,motion_blur,3,29.47,7,2,14,6,False,False
5e0b701e-d443d8c2.jpg,motion_blur,3,25.1,,,20,2,True,False
5e26f49d-0bc53c7e.jpg,motion_blur,3,32.87,2,7,13,1,False,False
5e26f49d-9271bf00.jpg,motion_blur,3,25.4,8,2,0,0,False,False
5e625ec3-7b4fc682.jpg,motion_blur,3,32.14,25,7,0,4,False,False
5f9387ff-330136ae.jpg,motion_blur,3,26.26,12,6,6,1,False,False
5fa17a25-88b8e6b9.jpg,motion_blur,3,30.91,23,8,4,3,False,False
5fa422e1-2d8dd765.jpg,motion_blur,3,25.76,18,8,0,4,False,False
5fb2a702-f56a339c.jpg,motion_blur,3,27.58,3,1,18,2,False,False
6011831b-0992e205.jpg,motion_blur,3,24.16,11,0,9,6,False,False
60137cc0-428b8f5b.jpg,motion_blur,3,23.53,7,1,1,1,False,False
604b5b3e-3c2e6b6b.jpg,motion_blur,3,24.51,42,10,6,12,False,False
6092f5a2-424550ba.jpg,motion_blur,3,27.97,18,2,2,0,False,False
60ba25dd-6c0df417.jpg,motion_blur,3,28.34,81,24,5,3,False,False
60c678e7-4813ae0f.jpg,motion_blur,3,21.6,2,16,,,False,True
614ecada-16b0f8b6.jpg,motion_blur,3,26.91,48,9,1,6,False,False
61e4ad87-53ceb455.jpg,motion_blur,3,28.65,4,5,121,10,False,False
6240d7b3-b51b5788.jpg,motion_blur,3,26.64,5,1,2,0,False,False
62aefb36-b685117f.jpg,motion_blur,3,27.79,1,3,11,3,False,False
634c1785-3bb9a8a2.jpg,motion_blur,3,32.86,8,0,0,1,False,False
634c1785-aeb1652f.jpg,motion_blur,3,30.4,231,58,10,14,False,False
63f73472-028615f1.jpg,motion_blur,3,27.18,22,11,4,4,False,False
6485ad0a-245d1600.jpg,motion_blur,3,27.78,62,7,2,1,False,False
648dc925-e359dbec.jpg,motion_blur,3,32.2,32,9,14,1,False,False
65edc5a1-f309fed7.jpg,motion_blur,3,27.36,2,4,1,1,False,False
661381d9-1114a810.jpg,motion_blur,3,24.62,6,1,17,2,False,False
664cb246-f84cfaf4.jpg,motion_blur,3,22.02,54,32,12,4,False,False
675cf8fa-4b1ce8b9.jpg,motion_blur,3,23.91,59,11,161,36,False,False
67faeadf-eb09a636.jpg,motion_blur,3,28.6,,,12,5,True,False
691be377-5dbc29ee.jpg,motion_blur,3,30.36,6,0,3,4,False,False
692f1303-05178963.jpg,motion_blur,3,26.4,21,10,3,3,False,False
692f9b08-bdbbd729.jpg,motion_blur,3,31.03,2,3,15,3,False,False
69bfbe31-5ee2a642.jpg,motion_blur,3,24.28,9,35,4,1,False,False
69cf7667-68f59649.jpg,motion_blur,3,26.55,5,2,4,0,False,False
69cf7667-7eb40860.jpg,motion_blur,3,26.23,7,9,1,1,False,False
6a44fb9a-05a3dd18.jpg,motion_blur,3,27.47,33,5,27,10,False,False
6a793e80-4f5e207f.jpg,motion_blur,3,31.0,8,3,,,False,True
6a82c0d6-b31f6b90.jpg,motion_blur,3,28.31,,,5,1,True,False
6a8d218d-14e4fa28.jpg,motion_blur,3,30.1,,,,,True,True
6ad110c3-789e7724.jpg,motion_blur,3,22.64,17,0,9,3,False,False
6b15392a-3a1699fd.jpg,motion_blur,3,25.2,40,7,4,3,False,False
6b784eee-0a5a2c89.jpg,motion_blur,3,25.53,23,5,8,2,False,False
6bb5a881-15e5c2c4.jpg,motion_blur,3,30.46,5,16,,,False,True
6bd41587-d65ba5b4.jpg,motion_blur,3,27.26,24,12,2,1,False,False
6d0d7bef-fb11b6e1.jpg,motion_blur,3,32.07,103,12,23,9,False,False
6d57736c-a35808b9.jpg,motion_blur,3,32.6,1,1,2,2,False,False
6d8a6d94-00a7ad92.jpg,motion_blur,3,29.33,,,61,27,True,False
6eeed3fa-87a1b0c9.jpg,motion_blur,3,29.44,7,0,10,4,False,False
701992bd-8a457895.jpg,motion_blur,3,29.02,4,0,22,8,False,False
7171644d-4e74752e.jpg,motion_blur,3,25.03,13,0,5,3,False,False
7171644d-ee92c71e.jpg,motion_blur,3,27.64,9,1,14,8,False,False
72f22fa5-8af4615c.jpg,motion_blur,3,23.13,13,6,17,3,False,False
72fd00fe-aeadfc89.jpg,motion_blur,3,32.4,4,17,0,0,False,False
730c67a5-563e9b1f.jpg,motion_blur,3,31.17,5,9,81,103,False,False
738a2bcd-7a6fde0d.jpg,motion_blur,3,30.8,4,1,1,0,False,False
73aff960-d46366ec.jpg,motion_blur,3,26.39,6,1,,,False,True
73d338d6-edf0b3db.jpg,motion_blur,3,30.95,36,4,26,140,False,False
75ad1fff-77299093.jpg,motion_blur,3,27.31,,,12,5,True,False
75f5f52c-6b67e736.jpg,motion_blur,3,21.41,8,12,11,9,False,False
777005a8-14c739ad.jpg,motion_blur,3,30.01,12,15,2,2,False,False
7771e03b-832e52c0.jpg,motion_blur,3,29.6,,,56,6,True,False
7771e03b-a8f9d50c.jpg,motion_blur,3,26.02,3,10,24,1,False,False
7797fea2-c37f9856.jpg,motion_blur,3,25.84,12,5,6,1,False,False
77bdbeb0-edb0613f.jpg,motion_blur,3,30.06,6,3,1,1,False,False
77dca577-16a39ea0.jpg,motion_blur,3,25.3,10,1,11,13,False,False
77f810c4-43a39c1f.jpg,motion_blur,3,27.19,10,8,,,False,True
7814206e-8e991d51.jpg,motion_blur,3,30.16,19,3,5,1,False,False
7814206e-ea2508d0.jpg,motion_blur,3,31.15,13,11,1,4,False,False
79e177bc-4d5d3acc.jpg,motion_blur,3,24.29,65,90,11,3,False,False
7aa4ff0f-9d28d8a4.jpg,motion_blur,3,28.46,0,4,1,31,False,False
7ad1174c-373265eb.jpg,motion_blur,3,25.69,,,18,22,True,False
7b268b98-e0ec16c3.jpg,motion_blur,3,28.5,10,1,3,1,False,False
7c5a2048-332896ea.jpg,motion_blur,3,26.1,0,1,,,False,True
7c5d50c5-7292de37.jpg,motion_blur,3,28.36,4,1,1,1,False,False
7d1fe115-936a2f47.jpg,motion_blur,3,30.49,213,29,11,10,False,False
7dc2914d-a20a969a.jpg,motion_blur,3,31.69,10,0,21,1,False,False
7e4ab78b-4a62c63e.jpg,motion_blur,3,27.29,35,24,17,8,False,False
7e590c49-93f03732.jpg,motion_blur,3,23.02,,,2,0,True,False
7ed57d0a-d7bcc13d.jpg,motion_blur,3,26.02,55,6,5,6,False,False
7f0ef682-c93899df.jpg,motion_blur,3,26.2,9,2,20,8,False,False
7f4ac354-777de900.jpg,motion_blur,3,23.68,1,0,9,2,False,False
7f9bdf0d-c0e0061f.jpg,motion_blur,3,22.29,21,3,2,3,False,False
7fd14da9-a855494b.jpg,motion_blur,3,32.57,15,5,38,71,False,False
801bff84-a72998c7.jpg,motion_blur,3,23.4,8,6,36,12,False,False
8073de38-f7eab6ec.jpg,motion_blur,3,26.11,16,8,5,10,False,False
8082ea05-1a7bcd47.jpg,motion_blur,3,25.25,5,3,2,6,False,False
80ecebc0-ca9605f4.jpg,motion_blur,3,34.79,55,6,,,False,True
81ec3b39-1951f79e.jpg,motion_blur,3,27.16,12,1,18,8,False,False
82b14c0c-79b99258.jpg,motion_blur,3,23.4,70,6,1,1,False,False
82b5fc3b-90cadd1b.jpg,motion_blur,3,22.78,20,5,28,10,False,False
82f03471-8e304dd5.jpg,motion_blur,3,25.31,70,11,21,3,False,False
836fa13a-d6058a12.jpg,motion_blur,3,31.65,48,22,3,1,False,False
84fb3f59-7d5d1fa4.jpg,motion_blur,3,25.39,179,260,,,False,True
8542b4da-7795bcfd.jpg,motion_blur,3,33.37,21,8,19,8,False,False
85f3f250-1fef85ac.jpg,motion_blur,3,24.86,8,5,4,2,False,False
87ca2979-d5158824.jpg,motion_blur,3,26.65,12,1,10,1,False,False
889b7dda-77f16103.jpg,motion_blur,3,24.1,43,92,2,2,False,False
88dbf01a-d8b35dee.jpg,motion_blur,3,28.77,15,8,0,0,False,False
897223bc-6938f1ab.jpg,motion_blur,3,26.88,3,2,1,1,False,False
89b7454d-880eacbd.jpg,motion_blur,3,22.64,11,6,37,13,False,False
89e85e71-7dd0a7b6.jpg,motion_blur,3,26.18,6,0,3,1,False,False
8a4fbffe-47866ce9.jpg,motion_blur,3,25.63,,,,,True,True
8a76c101-8bcefc32.jpg,motion_blur,3,28.84,9,25,10,13,False,False
8b7ef6c4-6bbcf25f.jpg,motion_blur,3,25.27,36,5,45,5,False,False
8bac644e-e0437ead.jpg,motion_blur,3,28.7,31,24,,,False,True
8c94c649-8ba62efa.jpg,motion_blur,3,26.34,7,2,30,1,False,False
8c9bbaa9-34934b66.jpg,motion_blur,3,29.51,6,1,51,7,False,False
0049e5b8-725e21a0.jpg,motion_blur,4,26.96,11,2,1,5,False,False
0081e27b-17bf4a9e.jpg,motion_blur,4,26.12,13,27,16,5,False,False
00beeb02-50440dcd.jpg,motion_blur,4,24.31,3,5,0,1,False,False
00d4b6b7-7d0a60bf.jpg,motion_blur,4,24.13,,,,,True,True
01118704-2d838d7f.jpg,motion_blur,4,23.97,20,3,71,40,False,False
0115917e-14907a6a.jpg,motion_blur,4,25.5,4,0,9,10,False,False
02188a44-65ad27f3.jpg,motion_blur,4,24.49,15,10,,,False,True
02494b7b-079febf8.jpg,motion_blur,4,24.58,26,11,1,1,False,False
029ffd50-dc944dba.jpg,motion_blur,4,23.35,,,1,1,True,False
0464a98b-860229d5.jpg,motion_blur,4,22.08,,,18,15,True,False
051aadb7-51aad566.jpg,motion_blur,4,27.93,,,,,True,True
051aadb7-e953bc4d.jpg,motion_blur,4,22.5,,,,,True,True
05743a9b-747658e7.jpg,motion_blur,4,28.39,,,3,20,True,False
057af272-6f700aef.jpg,motion_blur,4,28.84,,,17,1,True,False
05d62296-30c620d5.jpg,motion_blur,4,24.39,18,1,,,False,True
05e5a68e-f0e05a42.jpg,motion_blur,4,23.14,20,1,1,12,False,False
05fa6494-8f436d04.jpg,motion_blur,4,23.31,30,10,8,14,False,False
060039d9-5218402b.jpg,motion_blur,4,23.35,44,3,2,2,False,False
064aa0d6-f75ff4d5.jpg,motion_blur,4,28.52,10,1,39,14,False,False
07de5062-ddddcbd7.jpg,motion_blur,4,30.91,11,16,,,False,True
088351d1-30833ddc.jpg,motion_blur,4,24.24,51,5,66,2,False,False
08a49c01-675d3899.jpg,motion_blur,4,29.83,5,2,1,18,False,False
08d4285a-4a25b9b6.jpg,motion_blur,4,22.33,15,12,20,1,False,False
09ac21d6-eefa8ed0.jpg,motion_blur,4,19.21,22,7,47,7,False,False
0a0a0b1a-7c39d841.jpg,motion_blur,4,29.66,5,2,8,4,False,False
0af6039a-f3c91319.jpg,motion_blur,4,23.45,38,10,4,2,False,False
0b2f5d0d-8fddc1fc.jpg,motion_blur,4,22.92,15,3,6,4,False,False
0b4225f9-bfb10f88.jpg,motion_blur,4,26.51,10,4,21,11,False,False
0ba08fe3-880ae118.jpg,motion_blur,4,26.3,0,0,3,3,False,False
0c2f33b9-f94d69b5.jpg,motion_blur,4,26.11,17,4,18,17,False,False
0c984e6d-2b5d7ee4.jpg,motion_blur,4,28.45,20,3,25,1,False,False
0cb67a01-7cf1687e.jpg,motion_blur,4,24.69,80,341,,,False,True
0cc6f3e8-b4c9e348.jpg,motion_blur,4,23.22,1,4,6,17,False,False
0cf398b3-ce65ab64.jpg,motion_blur,4,17.49,26,5,98,3,False,False
0d3ec56a-f4cead6f.jpg,motion_blur,4,26.3,,,5,3,True,False
0d61234a-542010b2.jpg,motion_blur,4,24.97,23,6,5,5,False,False
0e442b65-b17e0b50.jpg,motion_blur,4,27.47,21,5,7,3,False,False
0e5c7e92-0d9c60f0.jpg,motion_blur,4,23.56,32,34,3,3,False,False
0f837def-9646c091.jpg,motion_blur,4,26.65,31,8,0,0,False,False
0fba84f9-73b520ee.jpg,motion_blur,4,25.18,25,11,2,0,False,False
101a0964-930eae70.jpg,motion_blur,4,29.29,6,1,7,5,False,False
10389fe8-433c740c.jpg,motion_blur,4,21.05,52,14,38,9,False,False
10453a95-40759ac3.jpg,motion_blur,4,24.86,20,0,4,3,False,False
1072195f-0a161ade.jpg,motion_blur,4,24.61,16,4,25,16,False,False
1072195f-6cf88b25.jpg,motion_blur,4,27.97,22,12,,,False,True
11513e3d-150058c3.jpg,motion_blur,4,25.25,0,2,46,10,False,False
1189ae68-1a8ad3c6.jpg,motion_blur,4,27.29,8,4,52,5,False,False
12076ebb-c07285d7.jpg,motion_blur,4,22.95,39,9,100,18,False,False
125134e5-7dfc45b9.jpg,motion_blur,4,28.13,,,,,True,True
12ae9ab8-794f5adc.jpg,motion_blur,4,23.87,1,2,7,5,False,False
13f61134-50021e53.jpg,motion_blur,4,25.7,426,283,35,3,False,False
14eace5a-ddf3b303.jpg,motion_blur,4,29.4,7,4,11,10,False,False
1608cfe7-32da2c5d.jpg,motion_blur,4,23.66,,,23,3,True,False
162995f1-d2c7d259.jpg,motion_blur,4,26.52,36,12,18,17,False,False
16b0973f-c07b564a.jpg,motion_blur,4,26.38,3,21,4,1,False,False
1784d67b-6b223914.jpg,motion_blur,4,27.17,,,1,0,True,False
1784d67b-d76145ce.jpg,motion_blur,4,28.25,48,0,36,5,False,False
188c58f3-792afc71.jpg,motion_blur,4,24.73,20,18,8,2,False,False
193f7f3b-84bc7998.jpg,motion_blur,4,27.64,,,46,26,True,False
194058b0-ac0616a6.jpg,motion_blur,4,22.78,17,34,,,False,True
19e56249-09c4bbc6.jpg,motion_blur,4,27.94,,,,,True,True
1a71faae-d5f255fd.jpg,motion_blur,4,24.34,25,5,1,8,False,False
1a8992a7-da5a8510.jpg,motion_blur,4,27.48,59,372,28,8,False,False
1ac0178c-0b259360.jpg,motion_blur,4,30.92,,,,,True,True
1b30f76f-95aa8a06.jpg,motion_blur,4,26.59,8,5,,,False,True
1bda5a26-420ceea6.jpg,motion_blur,4,26.93,7,6,,,False,True
1bf7f3d2-15f95138.jpg,motion_blur,4,25.07,1,5,31,7,False,False
1c227a12-10e5552c.jpg,motion_blur,4,27.43,,,7,11,True,False
1c227a12-ec67af93.jpg,motion_blur,4,25.15,4,4,6,14,False,False
1c5e9657-2e2a2863.jpg,motion_blur,4,27.99,,,,,True,True
1cb2a89b-4594573e.jpg,motion_blur,4,24.4,38,8,3,1,False,False
1cf54809-c6daa5a9.jpg,motion_blur,4,19.56,14,20,31,43,False,False
1d5e05f8-5020f67d.jpg,motion_blur,4,21.45,19,90,,,False,True
1e57ae90-806bc767.jpg,motion_blur,4,28.35,19,17,6,8,False,False
1f959fdd-6ff63d34.jpg,motion_blur,4,23.33,47,20,26,1,False,False
1fa65acf-d43367bc.jpg,motion_blur,4,21.27,100,12,8,3,False,False
20cfadfa-47711496.jpg,motion_blur,4,26.86,33,107,11,37,False,False
20cfadfa-6f87fdc1.jpg,motion_blur,4,29.14,10,10,6,9,False,False
225a1858-0e3a4b04.jpg,motion_blur,4,24.07,,,,,True,True
22be2f14-59fbdca0.jpg,motion_blur,4,24.82,10,1,2,1,False,False
23333f35-0cbc3f0f.jpg,motion_blur,4,24.38,114,14,23,16,False,False
23df146f-64b50e4c.jpg,motion_blur,4,26.55,41,37,4,3,False,False
24392d7c-998011c2.jpg,motion_blur,4,25.99,4,5,4,13,False,False
250e7595-b14da270.jpg,motion_blur,4,21.55,20,10,91,5,False,False
26190b83-39ccb412.jpg,motion_blur,4,22.92,0,4,7,1,False,False
272d52f6-8aac36b3.jpg,motion_blur,4,21.06,22,4,15,2,False,False
2752681a-e813599a.jpg,motion_blur,4,25.16,13,11,1,0,False,False
27645526-f038b033.jpg,motion_blur,4,19.36,13,10,0,1,False,False
2773af6f-23e23a6b.jpg,motion_blur,4,23.36,3,4,72,15,False,False
28faf684-03ef4c6e.jpg,motion_blur,4,28.44,2,3,1,0,False,False
292720ee-d847ee69.jpg,motion_blur,4,32.36,14,7,11,2,False,False
2b54fe2d-c5b810e6.jpg,motion_blur,4,21.81,12,12,12,4,False,False
2b605c48-8dfe352b.jpg,motion_blur,4,23.28,4,2,15,4,False,False
2beccce2-354608e2.jpg,motion_blur,4,25.07,14,1,16,148,False,False
2c87e51d-aa7a8031.jpg,motion_blur,4,29.72,,,,,True,True
2ce0b449-e818dc97.jpg,motion_blur,4,27.59,8,3,,,False,True
2cf976a2-479cd46b.jpg,motion_blur,4,21.09,32,13,4,12,False,False
2e2fae77-b7497ca0.jpg,motion_blur,4,19.44,17,22,1,3,False,False
2ead8042-2493c03f.jpg,motion_blur,4,24.21,21,4,20,4,False,False
2f1864c1-1a17d11c.jpg,motion_blur,4,20.91,12,3,6,2,False,False
2f879dc0-b09e4824.jpg,motion_blur,4,21.83,14,6,6,1,False,False
2fc9ad1e-ee4c9e43.jpg,motion_blur,4,28.25,45,16,19,2,False,False
3050b249-0ffbd6ec.jpg,motion_blur,4,27.02,10,4,397,218,False,False
314cc010-3eab5c90.jpg,motion_blur,4,27.51,,,6,12,True,False
31765c6b-90b0d612.jpg,motion_blur,4,24.89,1,1,2,1,False,False
31cf6eba-5c84c636.jpg,motion_blur,4,20.98,,,12,9,True,False
32de2244-122f1783.jpg,motion_blur,4,28.56,50,7,10,6,False,False
33420085-32996107.jpg,motion_blur,4,31.03,13,7,37,20,False,False
3430a5e6-00ec38d2.jpg,motion_blur,4,15.67,42,17,42,6,False,False
35eb46d0-8f7e28a0.jpg,motion_blur,4,29.58,0,1,1,4,False,False
3735fc3d-69d8b80c.jpg,motion_blur,4,24.12,,,29,2,True,False
3740cd4f-ff1d423d.jpg,motion_blur,4,23.83,6,1,13,4,False,False
375abba2-9f2ed56c.jpg,motion_blur,4,25.82,11,5,2,2,False,False
37723e55-31730cf5.jpg,motion_blur,4,22.64,,,21,1,True,False
380a3f8e-ba4f0def.jpg,motion_blur,4,29.19,71,12,9,5,False,False
385b0f61-1aee12ef.jpg,motion_blur,4,25.14,15,18,9,6,False,False
3865fea7-b4fe472d.jpg,motion_blur,4,24.92,17,34,1,2,False,False
38e561dd-8ea8ae2d.jpg,motion_blur,4,24.25,3,2,15,3,False,False
38ed8d8d-93c48de2.jpg,motion_blur,4,26.87,3,2,17,1,False,False
38ed8d8d-b1c230ef.jpg,motion_blur,4,27.17,61,9,2,2,False,False
38ed8d8d-fa50400c.jpg,motion_blur,4,26.89,1,4,45,37,False,False
3900ad8c-8834019f.jpg,motion_blur,4,26.6,,,,,True,True
39ddb110-04604b9c.jpg,motion_blur,4,21.05,17,0,16,3,False,False
39fc6d1c-6155351d.jpg,motion_blur,4,28.06,,,34,10,True,False
3a278d39-b92df256.jpg,motion_blur,4,23.91,11,0,20,19,False,False
3a3407a2-df8ea956.jpg,motion_blur,4,21.99,,,,,True,True
3ad0c4a7-2a3d544e.jpg,motion_blur,4,23.41,51,14,,,False,True
3b1e1bc1-ee64e36e.jpg,motion_blur,4,20.79,1,2,5,6,False,False
3b44ef5a-c09e8479.jpg,motion_blur,4,22.27,267,51,148,68,False,False
3b563c5e-0102edaf.jpg,motion_blur,4,26.55,8,25,19,1,False,False
3b9716a6-d2566395.jpg,motion_blur,4,25.92,,,14,22,True,False
3c0bbdc2-79baffce.jpg,motion_blur,4,29.35,25,9,0,2,False,False
3c5752b6-9c0bdf98.jpg,motion_blur,4,20.87,,,107,33,True,False
3c95ae26-68abac3f.jpg,motion_blur,4,25.03,2,1,11,5,False,False
3e0f1745-a95a63ad.jpg,motion_blur,4,25.62,0,1,4,14,False,False
3f4eb6a6-9eee52f9.jpg,motion_blur,4,25.35,9,1,15,7,False,False
3f85a987-1ef4053b.jpg,motion_blur,4,26.52,4,6,,,False,True
3fe1feaa-10126fec.jpg,motion_blur,4,23.43,0,13,,,False,True
3ffdaa26-b394f6f8.jpg,motion_blur,4,21.48,,,1,1,True,False
4027c10d-41d54e9b.jpg,motion_blur,4,27.37,25,6,12,12,False,False
428e99ea-4166e549.jpg,motion_blur,4,27.33,7,12,2,29,False,False
42e0dd11-74b81997.jpg,motion_blur,4,32.01,13,16,,,False,True
430395d1-931c959e.jpg,motion_blur,4,24.81,8,15,43,1,False,False
43126e0d-495d04a5.jpg,motion_blur,4,28.08,2,2,41,5,False,False
43126e0d-cce96832.jpg,motion_blur,4,26.96,53,5,9,1,False,False
432f9e20-83a0d96c.jpg,motion_blur,4,24.44,7,5,5,8,False,False
43c7ed5c-b0690325.jpg,motion_blur,4,24.87,1,1,34,8,False,False
44cc16d9-d2e06fd6.jpg,motion_blur,4,20.91,64,25,127,45,False,False
45bafa98-1ee18a2f.jpg,motion_blur,4,25.65,3,4,2,1,False,False
46d048a1-8f7f385c.jpg,motion_blur,4,25.98,0,0,0,0,False,False
46f76df9-8bf77914.jpg,motion_blur,4,25.14,13,1,40,7,False,False
480263a0-5aad7ae9.jpg,motion_blur,4,18.55,17,16,29,33,False,False
488480d6-b94cf415.jpg,motion_blur,4,23.1,91,8,20,13,False,False
48ed707e-5062e4c3.jpg,motion_blur,4,24.89,14,91,20,11,False,False
4a289ff2-7da7feb6.jpg,motion_blur,4,25.24,,,,,True,True
4a31f3e3-ac7ed780.jpg,motion_blur,4,26.07,32,1,63,14,False,False
4b2e1dde-65b54419.jpg,motion_blur,4,25.06,24,1,2,1,False,False
4d4a590b-4332c5ab.jpg,motion_blur,4,33.45,,,,,True,True
5069db50-52f5af30.jpg,motion_blur,4,31.04,1,1,10,1,False,False
50866f46-30d1f303.jpg,motion_blur,4,23.07,31,2,,,False,True
50b115d6-4b08a666.jpg,motion_blur,4,21.78,56,93,24,2,False,False
50b2e757-6c7d0f63.jpg,motion_blur,4,23.86,20,9,96,6,False,False
50d0fd05-8db58ebd.jpg,motion_blur,4,27.72,0,1,,,False,True
510671e9-603795e0.jpg,motion_blur,4,22.68,13,48,4,9,False,False
514a6d58-0790e0cd.jpg,motion_blur,4,26.14,6,19,31,3,False,False
5150bb50-300d52ce.jpg,motion_blur,4,24.89,17,4,5,1,False,False
52799e9e-8c8673f3.jpg,motion_blur,4,26.06,1,1,16,0,False,False
52bda346-fd8ac6e7.jpg,motion_blur,4,26.74,,,23,1,True,False
534418ba-ee05398f.jpg,motion_blur,4,26.58,5,0,7,2,False,False
54360b72-e00a3f70.jpg,motion_blur,4,22.79,314,54,16,12,False,False
554d7cd5-a32486dd.jpg,motion_blur,4,28.25,8,47,12,1,False,False
559fed19-7893646f.jpg,motion_blur,4,24.01,,,3,4,True,False
57165857-e4d4a47f.jpg,motion_blur,4,26.64,5,1,,,False,True
5795bfe7-a599384a.jpg,motion_blur,4,23.49,,,,,True,True
57ac74e2-e86131f1.jpg,motion_blur,4,26.26,,,4,24,True,False
57b495f2-6da6b1e5.jpg,motion_blur,4,32.33,5,1,48,5,False,False
585443c8-2621a6b1.jpg,motion_blur,4,27.23,9,1,35,4,False,False
5877b384-2545daf4.jpg,motion_blur,4,22.29,7,2,14,5,False,False
587bb1bf-1aa00fe5.jpg,motion_blur,4,25.92,31,5,9,13,False,False
5995c288-2d152172.jpg,motion_blur,4,23.64,12,2,,,False,True
59cde7c7-344bffb1.jpg,motion_blur,4,27.56,75,12,,,False,True
5a8f9b5d-1fdfd2d4.jpg,motion_blur,4,25.96,5,8,4,6,False,False
5ae83f9c-da990b49.jpg,motion_blur,4,23.31,6,3,6,6,False,False
5b2b4881-67a6cb87.jpg,motion_blur,4,25.35,182,18,3,0,False,False
5b2fd56a-37759b05.jpg,motion_blur,4,28.91,17,3,19,16,False,False
5b4b0b07-2fb56b82.jpg,motion_blur,4,23.64,32,4,,,False,True
5bc44a50-c371c4d0.jpg,motion_blur,4,19.72,90,10,1,5,False,False
5c4004b7-bf3b7941.jpg,motion_blur,4,27.42,,,,,True,True
5c534f5f-a76c7f4b.jpg,motion_blur,4,26.9,8,4,0,13,False,False
5c5dc708-35460444.jpg,motion_blur,4,24.29,4,1,20,9,False,False
5da6c6b6-76c54605.jpg,motion_blur,4,25.23,,,,,True,True
5dc5141c-5890b5b1.jpg,motion_blur,4,28.25,4,1,,,False,True
5dd831da-bd00cf03.jpg,motion_blur,4,23.33,60,150,14,4,False,False
5dfb063f-7bd23d5c.jpg,motion_blur,4,28.01,6,3,40,23,False,False
5e0b701e-d443d8c2.jpg,motion_blur,4,23.9,,,41,2,True,False
5e26f49d-0bc53c7e.jpg,motion_blur,4,31.37,,,,,True,True
5e26f49d-9271bf00.jpg,motion_blur,4,23.99,11,0,1,3,False,False
5e625ec3-7b4fc682.jpg,motion_blur,4,30.6,0,0,2,7,False,False
5f9387ff-330136ae.jpg,motion_blur,4,25.07,42,6,5,2,False,False
5fa17a25-88b8e6b9.jpg,motion_blur,4,29.28,40,14,4,3,False,False
5fa422e1-2d8dd765.jpg,motion_blur,4,24.29,44,9,26,2,False,False
5fb2a702-f56a339c.jpg,motion_blur,4,26.35,0,0,23,1,False,False
6011831b-0992e205.jpg,motion_blur,4,22.9,8,28,4,4,False,False
60137cc0-428b8f5b.jpg,motion_blur,4,22.8,20,5,3,1,False,False
604b5b3e-3c2e6b6b.jpg,motion_blur,4,23.12,0,1,7,12,False,False
6092f5a2-424550ba.jpg,motion_blur,4,26.73,10,13,15,16,False,False
60ba25dd-6c0df417.jpg,motion_blur,4,27.17,77,23,,,False,True
60c678e7-4813ae0f.jpg,motion_blur,4,20.53,2,12,,,False,True
614ecada-16b0f8b6.jpg,motion_blur,4,25.71,49,9,2,35,False,False
61e4ad87-53ceb455.jpg,motion_blur,4,27.15,13,10,123,10,False,False
6240d7b3-b51b5788.jpg,motion_blur,4,25.11,24,8,68,3,False,False
62aefb36-b685117f.jpg,motion_blur,4,26.64,21,14,18,0,False,False
634c1785-3bb9a8a2.jpg,motion_blur,4,30.83,6,2,1,2,False,False
634c1785-aeb1652f.jpg,motion_blur,4,28.68,230,59,4,1,False,False
63f73472-028615f1.jpg,motion_blur,4,25.75,2,2,5,4,False,False
6485ad0a-245d1600.jpg,motion_blur,4,26.29,69,16,2,1,False,False
648dc925-e359dbec.jpg,motion_blur,4,30.57,9,5,27,7,False,False
65edc5a1-f309fed7.jpg,motion_blur,4,26.23,45,28,5,0,False,False
661381d9-1114a810.jpg,motion_blur,4,23.32,3,3,7,3,False,False
664cb246-f84cfaf4.jpg,motion_blur,4,20.63,64,31,12,4,False,False
675cf8fa-4b1ce8b9.jpg,motion_blur,4,22.76,93,24,243,80,False,False
67faeadf-eb09a636.jpg,motion_blur,4,26.7,,,3,1,True,False
691be377-5dbc29ee.jpg,motion_blur,4,29.14,1,9,0,3,False,False
692f1303-05178963.jpg,motion_blur,4,25.12,,,8,7,True,False
692f9b08-bdbbd729.jpg,motion_blur,4,29.58,11,5,10,1,False,False
69bfbe31-5ee2a642.jpg,motion_blur,4,23.19,15,21,21,2,False,False
69cf7667-68f59649.jpg,motion_blur,4,25.54,4,3,4,4,False,False
69cf7667-7eb40860.jpg,motion_blur,4,24.86,,,16,9,True,False
6a44fb9a-05a3dd18.jpg,motion_blur,4,26.33,12,2,10,2,False,False
6a793e80-4f5e207f.jpg,motion_blur,4,29.58,7,2,132,25,False,False
6a82c0d6-b31f6b90.jpg,motion_blur,4,26.89,,,75,98,True,False
6a8d218d-14e4fa28.jpg,motion_blur,4,28.94,,,,,True,True
6ad110c3-789e7724.jpg,motion_blur,4,21.3,12,7,2,3,False,False
6b15392a-3a1699fd.jpg,motion_blur,4,24.0,,,6,5,True,False
6b784eee-0a5a2c89.jpg,motion_blur,4,24.18,26,2,,,False,True
6bb5a881-15e5c2c4.jpg,motion_blur,4,29.17,10,35,,,False,True
6bd41587-d65ba5b4.jpg,motion_blur,4,26.0,32,9,53,20,False,False
6d0d7bef-fb11b6e1.jpg,motion_blur,4,30.36,349,304,42,11,False,False
6d57736c-a35808b9.jpg,motion_blur,4,31.27,0,0,1,1,False,False
6d8a6d94-00a7ad92.jpg,motion_blur,4,27.99,,,,,True,True
6eeed3fa-87a1b0c9.jpg,motion_blur,4,28.07,57,4,8,3,False,False
701992bd-8a457895.jpg,motion_blur,4,27.58,2,1,1,1,False,False
7171644d-4e74752e.jpg,motion_blur,4,23.89,19,6,7,3,False,False
7171644d-ee92c71e.jpg,motion_blur,4,26.31,37,3,18,10,False,False
72f22fa5-8af4615c.jpg,motion_blur,4,21.67,103,2,23,6,False,False
72fd00fe-aeadfc89.jpg,motion_blur,4,30.75,5,23,3,4,False,False
730c67a5-563e9b1f.jpg,motion_blur,4,29.98,5,9,48,36,False,False
738a2bcd-7a6fde0d.jpg,motion_blur,4,29.32,3,0,2,0,False,False
73aff960-d46366ec.jpg,motion_blur,4,25.18,31,17,,,False,True
73d338d6-edf0b3db.jpg,motion_blur,4,29.04,45,0,,,False,True
75ad1fff-77299093.jpg,motion_blur,4,26.14,,,11,9,True,False
75f5f52c-6b67e736.jpg,motion_blur,4,19.33,,,,,True,True
777005a8-14c739ad.jpg,motion_blur,4,28.71,39,4,3,2,False,False
7771e03b-832e52c0.jpg,motion_blur,4,28.01,,,0,1,True,False
7771e03b-a8f9d50c.jpg,motion_blur,4,25.13,15,20,0,0,False,False
7797fea2-c37f9856.jpg,motion_blur,4,24.84,11,4,7,3,False,False
77bdbeb0-edb0613f.jpg,motion_blur,4,28.65,20,1,55,10,False,False
77dca577-16a39ea0.jpg,motion_blur,4,23.88,47,9,8,6,False,False
77f810c4-43a39c1f.jpg,motion_blur,4,26.16,,,,,True,True
7814206e-8e991d51.jpg,motion_blur,4,28.6,18,3,9,0,False,False
7814206e-ea2508d0.jpg,motion_blur,4,29.43,8,9,20,8,False,False
79e177bc-4d5d3acc.jpg,motion_blur,4,22.96,104,120,13,1,False,False
7aa4ff0f-9d28d8a4.jpg,motion_blur,4,27.14,0,3,12,19,False,False
7ad1174c-373265eb.jpg,motion_blur,4,24.35,,,,,True,True
7b268b98-e0ec16c3.jpg,motion_blur,4,27.31,17,3,7,2,False,False
7c5a2048-332896ea.jpg,motion_blur,4,25.08,1,4,,,False,True
7c5d50c5-7292de37.jpg,motion_blur,4,26.93,15,2,1,0,False,False
7d1fe115-936a2f47.jpg,motion_blur,4,29.11,3,2,24,10,False,False
7dc2914d-a20a969a.jpg,motion_blur,4,30.2,7,7,19,5,False,False
7e4ab78b-4a62c63e.jpg,motion_blur,4,25.92,25,13,,,False,True
7e590c49-93f03732.jpg,motion_blur,4,21.83,,,1,0,True,False
7ed57d0a-d7bcc13d.jpg,motion_blur,4,25.04,28,15,5,6,False,False
7f0ef682-c93899df.jpg,motion_blur,4,24.51,10,1,2,1,False,False
7f4ac354-777de900.jpg,motion_blur,4,22.42,18,4,24,0,False,False
7f9bdf0d-c0e0061f.jpg,motion_blur,4,20.95,8,1,5,4,False,False
7fd14da9-a855494b.jpg,motion_blur,4,30.96,1,3,11,2,False,False
801bff84-a72998c7.jpg,motion_blur,4,22.06,9,0,43,12,False,False
8073de38-f7eab6ec.jpg,motion_blur,4,24.95,19,12,15,16,False,False
8082ea05-1a7bcd47.jpg,motion_blur,4,24.01,5,6,2,2,False,False
80ecebc0-ca9605f4.jpg,motion_blur,4,33.4,,,,,True,True
81ec3b39-1951f79e.jpg,motion_blur,4,25.78,1,2,28,13,False,False
82b14c0c-79b99258.jpg,motion_blur,4,22.14,77,5,13,2,False,False
82b5fc3b-90cadd1b.jpg,motion_blur,4,21.42,,,5,19,True,False
82f03471-8e304dd5.jpg,motion_blur,4,23.89,63,10,5,61,False,False
836fa13a-d6058a12.jpg,motion_blur,4,30.32,30,12,6,3,False,False
84fb3f59-7d5d1fa4.jpg,motion_blur,4,24.07,204,11,,,False,True
8542b4da-7795bcfd.jpg,motion_blur,4,31.63,28,8,20,7,False,False
85f3f250-1fef85ac.jpg,motion_blur,4,23.57,6,1,13,4,False,False
87ca2979-d5158824.jpg,motion_blur,4,25.41,13,4,16,11,False,False
889b7dda-77f16103.jpg,motion_blur,4,22.93,3,4,6,12,False,False
88dbf01a-d8b35dee.jpg,motion_blur,4,27.6,15,7,0,0,False,False
897223bc-6938f1ab.jpg,motion_blur,4,25.77,0,3,35,7,False,False
89b7454d-880eacbd.jpg,motion_blur,4,21.47,40,11,,,False,True
89e85e71-7dd0a7b6.jpg,motion_blur,4,24.85,8,2,6,2,False,False
8a4fbffe-47866ce9.jpg,motion_blur,4,24.27,,,,,True,True
8a76c101-8bcefc32.jpg,motion_blur,4,27.47,,,4,6,True,False
8b7ef6c4-6bbcf25f.jpg,motion_blur,4,24.0,37,4,53,8,False,False
8bac644e-e0437ead.jpg,motion_blur,4,27.44,24,56,,,False,True
8c94c649-8ba62efa.jpg,motion_blur,4,25.04,19,9,10,1,False,False
8c9bbaa9-34934b66.jpg,motion_blur,4,27.85,17,2,61,1,False,False
0049e5b8-725e21a0.jpg,motion_blur,5,26.04,10,5,1,3,False,False
0081e27b-17bf4a9e.jpg,motion_blur,5,25.35,9,14,25,0,False,False
00beeb02-50440dcd.jpg,motion_blur,5,23.4,6,12,5,0,False,False
00d4b6b7-7d0a60bf.jpg,motion_blur,5,23.3,121,52,,,False,True
01118704-2d838d7f.jpg,motion_blur,5,23.03,7,5,37,59,False,False
0115917e-14907a6a.jpg,motion_blur,5,24.51,6,11,22,1,False,False
02188a44-65ad27f3.jpg,motion_blur,5,23.59,7,6,,,False,True
02494b7b-079febf8.jpg,motion_blur,5,23.55,3,3,18,7,False,False
029ffd50-dc944dba.jpg,motion_blur,5,22.44,,,8,2,True,False
0464a98b-860229d5.jpg,motion_blur,5,21.29,,,15,16,True,False
051aadb7-51aad566.jpg,motion_blur,5,27.02,,,,,True,True
051aadb7-e953bc4d.jpg,motion_blur,5,21.66,,,,,True,True
05743a9b-747658e7.jpg,motion_blur,5,27.32,,,2,8,True,False
057af272-6f700aef.jpg,motion_blur,5,27.83,,,11,1,True,False
05d62296-30c620d5.jpg,motion_blur,5,23.56,9,4,,,False,True
05e5a68e-f0e05a42.jpg,motion_blur,5,22.43,,,22,7,True,False
05fa6494-8f436d04.jpg,motion_blur,5,22.51,125,48,2,39,False,False
060039d9-5218402b.jpg,motion_blur,5,22.18,36,1,19,5,False,False
064aa0d6-f75ff4d5.jpg,motion_blur,5,27.29,36,8,23,9,False,False
07de5062-ddddcbd7.jpg,motion_blur,5,29.76,4,10,,,False,True
088351d1-30833ddc.jpg,motion_blur,5,23.37,,,67,1,True,False
08a49c01-675d3899.jpg,motion_blur,5,28.98,6,1,3,1,False,False
08d4285a-4a25b9b6.jpg,motion_blur,5,21.53,14,3,2,5,False,False
09ac21d6-eefa8ed0.jpg,motion_blur,5,18.34,,,6,1,True,False
0a0a0b1a-7c39d841.jpg,motion_blur,5,28.54,9,7,1,9,False,False
0af6039a-f3c91319.jpg,motion_blur,5,22.55,40,2,6,4,False,False
0b2f5d0d-8fddc1fc.jpg,motion_blur,5,22.02,36,7,2,8,False,False
0b4225f9-bfb10f88.jpg,motion_blur,5,25.67,4,34,26,78,False,False
0ba08fe3-880ae118.jpg,motion_blur,5,25.41,14,4,0,2,False,False
0c2f33b9-f94d69b5.jpg,motion_blur,5,25.16,,,18,15,True,False
0c984e6d-2b5d7ee4.jpg,motion_blur,5,27.55,,,25,1,True,False
0cb67a01-7cf1687e.jpg,motion_blur,5,23.8,89,295,,,False,True
0cc6f3e8-b4c9e348.jpg,motion_blur,5,22.43,104,25,,,False,True
0cf398b3-ce65ab64.jpg,motion_blur,5,16.19,,,99,8,True,False
0d3ec56a-f4cead6f.jpg,motion_blur,5,25.51,,,1,22,True,False
0d61234a-542010b2.jpg,motion_blur,5,23.5,4,7,4,4,False,False
0e442b65-b17e0b50.jpg,motion_blur,5,26.53,17,2,,,False,True
0e5c7e92-0d9c60f0.jpg,motion_blur,5,22.51,4,13,200,333,False,False
0f837def-9646c091.jpg,motion_blur,5,25.88,,,9,2,True,False
0fba84f9-73b520ee.jpg,motion_blur,5,24.38,6,10,11,1,False,False
101a0964-930eae70.jpg,motion_blur,5,27.95,,,0,1,True,False
10389fe8-433c740c.jpg,motion_blur,5,20.11,,,,,True,True
10453a95-40759ac3.jpg,motion_blur,5,23.96,76,13,4,2,False,False
1072195f-0a161ade.jpg,motion_blur,5,23.75,39,10,21,1,False,False
1072195f-6cf88b25.jpg,motion_blur,5,27.09,109,47,,,False,True
11513e3d-150058c3.jpg,motion_blur,5,24.35,31,12,18,1,False,False
1189ae68-1a8ad3c6.jpg,motion_blur,5,26.4,19,11,30,3,False,False
12076ebb-c07285d7.jpg,motion_blur,5,22.1,,,355,266,True,False
125134e5-7dfc45b9.jpg,motion_blur,5,27.32,,,,,True,True
12ae9ab8-794f5adc.jpg,motion_blur,5,23.07,19,2,10,10,False,False
13f61134-50021e53.jpg,motion_blur,5,24.72,,,60,10,True,False
14eace5a-ddf3b303.jpg,motion_blur,5,28.37,48,2,,,False,True
1608cfe7-32da2c5d.jpg,motion_blur,5,22.92,,,29,3,True,False
162995f1-d2c7d259.jpg,motion_blur,5,25.33,,,36,22,True,False
16b0973f-c07b564a.jpg,motion_blur,5,25.33,28,0,4,2,False,False
1784d67b-6b223914.jpg,motion_blur,5,26.22,,,12,4,True,False
1784d67b-d76145ce.jpg,motion_blur,5,27.27,41,1,45,7,False,False
188c58f3-792afc71.jpg,motion_blur,5,23.84,3,9,,,False,True
193f7f3b-84bc7998.jpg,motion_blur,5,26.37,,,28,7,True,False
194058b0-ac0616a6.jpg,motion_blur,5,21.91,165,501,6,30,False,False
19e56249-09c4bbc6.jpg,motion_blur,5,27.11,,,,,True,True
1a71faae-d5f255fd.jpg,motion_blur,5,23.36,19,4,14,19,False,False
1a8992a7-da5a8510.jpg,motion_blur,5,26.01,,,,,True,True
1ac0178c-0b259360.jpg,motion_blur,5,30.13,,,,,True,True
1b30f76f-95aa8a06.jpg,motion_blur,5,25.53,9,11,,,False,True
1bda5a26-420ceea6.jpg,motion_blur,5,25.67,,,,,True,True
1bf7f3d2-15f95138.jpg,motion_blur,5,24.13,14,6,0,4,False,False
1c227a12-10e5552c.jpg,motion_blur,5,26.63,42,14,,,False,True
1c227a12-ec67af93.jpg,motion_blur,5,24.44,8,7,3,9,False,False
1c5e9657-2e2a2863.jpg,motion_blur,5,27.04,,,,,True,True
1cb2a89b-4594573e.jpg,motion_blur,5,23.47,16,2,,,False,True
1cf54809-c6daa5a9.jpg,motion_blur,5,18.82,297,235,44,58,False,False
1d5e05f8-5020f67d.jpg,motion_blur,5,20.6,81,12,,,False,True
1e57ae90-806bc767.jpg,motion_blur,5,27.39,15,13,1,43,False,False
1f959fdd-6ff63d34.jpg,motion_blur,5,22.34,47,20,,,False,True
1fa65acf-d43367bc.jpg,motion_blur,5,20.34,113,17,,,False,True
20cfadfa-47711496.jpg,motion_blur,5,25.83,26,88,29,30,False,False
20cfadfa-6f87fdc1.jpg,motion_blur,5,27.83,8,10,4,3,False,False
225a1858-0e3a4b04.jpg,motion_blur,5,23.16,,,,,True,True
22be2f14-59fbdca0.jpg,motion_blur,5,23.73,35,11,1,0,False,False
23333f35-0cbc3f0f.jpg,motion_blur,5,23.6,106,4,2,2,False,False
23df146f-64b50e4c.jpg,motion_blur,5,25.57,36,10,8,1,False,False
24392d7c-998011c2.jpg,motion_blur,5,25.13,3,4,,,False,True
250e7595-b14da270.jpg,motion_blur,5,20.67,98,19,76,16,False,False
26190b83-39ccb412.jpg,motion_blur,5,22.02,14,2,1,1,False,False
272d52f6-8aac36b3.jpg,motion_blur,5,20.07,,,,,True,True
2752681a-e813599a.jpg,motion_blur,5,24.36,1,10,29,8,False,False
27645526-f038b033.jpg,motion_blur,5,18.6,45,11,4,8,False,False
2773af6f-23e23a6b.jpg,motion_blur,5,22.49,,,3,14,True,False
28faf684-03ef4c6e.jpg,motion_blur,5,27.37,13,1,9,7,False,False
292720ee-d847ee69.jpg,motion_blur,5,31.24,16,1,14,15,False,False
2b54fe2d-c5b810e6.jpg,motion_blur,5,20.8,3,11,10,8,False,False
2b605c48-8dfe352b.jpg,motion_blur,5,22.23,17,4,11,10,False,False
2beccce2-354608e2.jpg,motion_blur,5,24.27,77,21,7,15,False,False
2c87e51d-aa7a8031.jpg,motion_blur,5,28.35,183,29,,,False,True
2ce0b449-e818dc97.jpg,motion_blur,5,26.7,8,2,,,False,True
2cf976a2-479cd46b.jpg,motion_blur,5,20.13,,,,,True,True
2e2fae77-b7497ca0.jpg,motion_blur,5,18.71,143,34,15,2,False,False
2ead8042-2493c03f.jpg,motion_blur,5,22.95,43,7,51,21,False,False
2f1864c1-1a17d11c.jpg,motion_blur,5,20.05,6,6,19,0,False,False
2f879dc0-b09e4824.jpg,motion_blur,5,21.07,1,9,30,9,False,False
2fc9ad1e-ee4c9e43.jpg,motion_blur,5,27.26,72,24,,,False,True
3050b249-0ffbd6ec.jpg,motion_blur,5,25.78,14,5,,,False,True
314cc010-3eab5c90.jpg,motion_blur,5,26.6,,,22,2,True,False
31765c6b-90b0d612.jpg,motion_blur,5,23.92,,,,,True,True
31cf6eba-5c84c636.jpg,motion_blur,5,20.21,,,18,7,True,False
32de2244-122f1783.jpg,motion_blur,5,27.59,42,10,11,9,False,False
33420085-32996107.jpg,motion_blur,5,29.9,29,0,145,26,False,False
3430a5e6-00ec38d2.jpg,motion_blur,5,14.59,93,35,105,28,False,False
35eb46d0-8f7e28a0.jpg,motion_blur,5,28.48,4,8,1,2,False,False
3735fc3d-69d8b80c.jpg,motion_blur,5,23.28,,,,,True,True
3740cd4f-ff1d423d.jpg,motion_blur,5,22.84,35,7,1,7,False,False
375abba2-9f2ed56c.jpg,motion_blur,5,24.99,,,16,2,True,False
37723e55-31730cf5.jpg,motion_blur,5,21.76,,,11,14,True,False
380a3f8e-ba4f0def.jpg,motion_blur,5,28.38,,,,,True,True
385b0f61-1aee12ef.jpg,motion_blur,5,24.16,21,37,,,False,True
3865fea7-b4fe472d.jpg,motion_blur,5,24.01,10,18,11,13,False,False
38e561dd-8ea8ae2d.jpg,motion_blur,5,23.47,10,5,23,5,False,False
38ed8d8d-93c48de2.jpg,motion_blur,5,25.95,15,9,19,1,False,False
38ed8d8d-b1c230ef.jpg,motion_blur,5,26.33,14,5,6,1,False,False
38ed8d8d-fa50400c.jpg,motion_blur,5,25.75,,,44,26,True,False
3900ad8c-8834019f.jpg,motion_blur,5,25.77,,,,,True,True
39ddb110-04604b9c.jpg,motion_blur,5,20.25,,,9,9,True,False
39fc6d1c-6155351d.jpg,motion_blur,5,27.02,,,36,17,True,False
3a278d39-b92df256.jpg,motion_blur,5,22.84,10,14,9,8,False,False
3a3407a2-df8ea956.jpg,motion_blur,5,21.08,,,,,True,True
3ad0c4a7-2a3d544e.jpg,motion_blur,5,22.57,,,,,True,True
3b1e1bc1-ee64e36e.jpg,motion_blur,5,20.27,2,3,105,193,False,False
3b44ef5a-c09e8479.jpg,motion_blur,5,21.23,136,5,,,False,True
3b563c5e-0102edaf.jpg,motion_blur,5,25.36,,,80,20,True,False
3b9716a6-d2566395.jpg,motion_blur,5,25.17,,,3,6,True,False
3c0bbdc2-79baffce.jpg,motion_blur,5,28.25,,,8,1,True,False
3c5752b6-9c0bdf98.jpg,motion_blur,5,20.04,,,72,16,True,False
3c95ae26-68abac3f.jpg,motion_blur,5,24.23,7,7,237,88,False,False
3e0f1745-a95a63ad.jpg,motion_blur,5,24.67,0,13,3,9,False,False
3f4eb6a6-9eee52f9.jpg,motion_blur,5,24.44,44,121,,,False,True
3f85a987-1ef4053b.jpg,motion_blur,5,25.48,1,1,,,False,True
3fe1feaa-10126fec.jpg,motion_blur,5,22.53,,,,,True,True
3ffdaa26-b394f6f8.jpg,motion_blur,5,20.61,54,6,16,10,False,False
4027c10d-41d54e9b.jpg,motion_blur,5,26.05,,,23,8,True,False
428e99ea-4166e549.jpg,motion_blur,5,26.15,30,14,17,35,False,False
42e0dd11-74b81997.jpg,motion_blur,5,30.9,9,10,,,False,True
430395d1-931c959e.jpg,motion_blur,5,24.08,1,19,72,9,False,False
43126e0d-495d04a5.jpg,motion_blur,5,26.81,4,0,120,4,False,False
43126e0d-cce96832.jpg,motion_blur,5,25.94,57,11,2,5,False,False
432f9e20-83a0d96c.jpg,motion_blur,5,23.44,,,12,4,True,False
43c7ed5c-b0690325.jpg,motion_blur,5,23.91,1,1,27,10,False,False
44cc16d9-d2e06fd6.jpg,motion_blur,5,19.82,,,,,True,True
45bafa98-1ee18a2f.jpg,motion_blur,5,24.36,,,34,1,True,False
46d048a1-8f7f385c.jpg,motion_blur,5,24.77,1,1,,,False,True
46f76df9-8bf77914.jpg,motion_blur,5,24.29,14,2,24,4,False,False
480263a0-5aad7ae9.jpg,motion_blur,5,17.69,135,93,4,34,False,False
488480d6-b94cf415.jpg,motion_blur,5,22.19,77,12,2,0,False,False
48ed707e-5062e4c3.jpg,motion_blur,5,23.87,,,,,True,True
4a289ff2-7da7feb6.jpg,motion_blur,5,24.24,,,,,True,True
4a31f3e3-ac7ed780.jpg,motion_blur,5,25.21,,,,,True,True
4b2e1dde-65b54419.jpg,motion_blur,5,24.18,,,24,27,True,False
4d4a590b-4332c5ab.jpg,motion_blur,5,32.38,,,,,True,True
5069db50-52f5af30.jpg,motion_blur,5,29.51,56,1,3,1,False,False
50866f46-30d1f303.jpg,motion_blur,5,22.32,80,35,,,False,True
50b115d6-4b08a666.jpg,motion_blur,5,20.94,58,96,175,374,False,False
50b2e757-6c7d0f63.jpg,motion_blur,5,22.87,73,81,3,6,False,False
50d0fd05-8db58ebd.jpg,motion_blur,5,26.5,9,3,,,False,True
510671e9-603795e0.jpg,motion_blur,5,22.03,131,210,2,2,False,False
514a6d58-0790e0cd.jpg,motion_blur,5,25.06,15,13,35,12,False,False
5150bb50-300d52ce.jpg,motion_blur,5,23.96,3,4,23,12,False,False
52799e9e-8c8673f3.jpg,motion_blur,5,25.09,29,7,16,1,False,False
52bda346-fd8ac6e7.jpg,motion_blur,5,25.6,,,,,True,True
534418ba-ee05398f.jpg,motion_blur,5,25.64,1,7,3,3,False,False
54360b72-e00a3f70.jpg,motion_blur,5,21.95,308,59,91,4,False,False
554d7cd5-a32486dd.jpg,motion_blur,5,27.34,,,13,9,True,False
559fed19-7893646f.jpg,motion_blur,5,23.15,,,11,9,True,False
57165857-e4d4a47f.jpg,motion_blur,5,25.46,4,1,,,False,True
5795bfe7-a599384a.jpg,motion_blur,5,22.51,,,,,True,True
57ac74e2-e86131f1.jpg,motion_blur,5,25.26,,,2,24,True,False
57b495f2-6da6b1e5.jpg,motion_blur,5,31.15,28,1,,,False,True
585443c8-2621a6b1.jpg,motion_blur,5,26.35,1,0,43,9,False,False
5877b384-2545daf4.jpg,motion_blur,5,21.4,12,7,,,False,True
587bb1bf-1aa00fe5.jpg,motion_blur,5,24.78,54,51,4,11,False,False
5995c288-2d152172.jpg,motion_blur,5,22.87,11,1,,,False,True
59cde7c7-344bffb1.jpg,motion_blur,5,26.6,74,5,,,False,True
5a8f9b5d-1fdfd2d4.jpg,motion_blur,5,25.04,2,0,1,14,False,False
5ae83f9c-da990b49.jpg,motion_blur,5,22.4,,,6,6,True,False
5b2b4881-67a6cb87.jpg,motion_blur,5,24.21,5,2,1025,59,False,False
5b2fd56a-37759b05.jpg,motion_blur,5,27.93,,,,,True,True
5b4b0b07-2fb56b82.jpg,motion_blur,5,22.83,,,,,True,True
5bc44a50-c371c4d0.jpg,motion_blur,5,19.08,85,3,2,9,False,False
5c4004b7-bf3b7941.jpg,motion_blur,5,26.52,,,,,True,True
5c534f5f-a76c7f4b.jpg,motion_blur,5,25.95,,,,,True,True
5c5dc708-35460444.jpg,motion_blur,5,23.37,94,1,,,False,True
5da6c6b6-76c54605.jpg,motion_blur,5,24.25,,,15,10,True,False
5dc5141c-5890b5b1.jpg,motion_blur,5,26.87,,,,,True,True
5dd831da-bd00cf03.jpg,motion_blur,5,22.51,33,158,252,222,False,False
5dfb063f-7bd23d5c.jpg,motion_blur,5,26.94,6,4,,,False,True
5e0b701e-d443d8c2.jpg,motion_blur,5,23.03,,,27,2,True,False
5e26f49d-0bc53c7e.jpg,motion_blur,5,30.25,,,,,True,True
5e26f49d-9271bf00.jpg,motion_blur,5,23.03,14,9,13,6,False,False
5e625ec3-7b4fc682.jpg,motion_blur,5,29.46,3,10,2,8,False,False
5f9387ff-330136ae.jpg,motion_blur,5,24.24,,,20,14,True,False
5fa17a25-88b8e6b9.jpg,motion_blur,5,28.11,4,4,4,3,False,False
5fa422e1-2d8dd765.jpg,motion_blur,5,23.24,4,1,26,2,False,False
5fb2a702-f56a339c.jpg,motion_blur,5,25.44,29,7,91,13,False,False
6011831b-0992e205.jpg,motion_blur,5,22.02,13,33,,,False,True
60137cc0-428b8f5b.jpg,motion_blur,5,22.29,17,8,,,False,True
604b5b3e-3c2e6b6b.jpg,motion_blur,5,22.15,13,6,,,False,True
6092f5a2-424550ba.jpg,motion_blur,5,25.84,33,9,13,4,False,False
60ba25dd-6c0df417.jpg,motion_blur,5,26.33,75,19,,,False,True
60c678e7-4813ae0f.jpg,motion_blur,5,19.77,2,20,,,False,True
614ecada-16b0f8b6.jpg,motion_blur,5,24.83,28,5,6,55,False,False
61e4ad87-53ceb455.jpg,motion_blur,5,26.11,0,4,27,10,False,False
6240d7b3-b51b5788.jpg,motion_blur,5,24.05,12,1,59,4,False,False
62aefb36-b685117f.jpg,motion_blur,5,25.69,,,20,1,True,False
634c1785-3bb9a8a2.jpg,motion_blur,5,29.26,39,16,0,1,False,False
634c1785-aeb1652f.jpg,motion_blur,5,27.43,236,52,5,11,False,False
63f73472-028615f1.jpg,motion_blur,5,24.71,114,2,15,14,False,False
6485ad0a-245d1600.jpg,motion_blur,5,25.5,,,3,1,True,False
648dc925-e359dbec.jpg,motion_blur,5,29.37,1,2,18,7,False,False
65edc5a1-f309fed7.jpg,motion_blur,5,25.44,,,4,0,True,False
661381d9-1114a810.jpg,motion_blur,5,22.37,38,3,3,2,False,False
664cb246-f84cfaf4.jpg,motion_blur,5,19.65,48,27,12,5,False,False
675cf8fa-4b1ce8b9.jpg,motion_blur,5,21.94,40,90,220,314,False,False
67faeadf-eb09a636.jpg,motion_blur,5,25.36,,,10,3,True,False
691be377-5dbc29ee.jpg,motion_blur,5,28.23,,,3,4,True,False
692f1303-05178963.jpg,motion_blur,5,24.24,,,19,15,True,False
692f9b08-bdbbd729.jpg,motion_blur,5,28.53,1,5,1,2,False,False
69bfbe31-5ee2a642.jpg,motion_blur,5,22.42,21,3,3,3,False,False
69cf7667-68f59649.jpg,motion_blur,5,24.83,2,0,2,2,False,False
69cf7667-7eb40860.jpg,motion_blur,5,23.95,,,7,6,True,False
6a44fb9a-05a3dd18.jpg,motion_blur,5,25.41,26,4,14,5,False,False
6a793e80-4f5e207f.jpg,motion_blur,5,28.55,10,4,,,False,True
6a82c0d6-b31f6b90.jpg,motion_blur,5,25.87,,,19,1,True,False
6a8d218d-14e4fa28.jpg,motion_blur,5,28.13,,,,,True,True
6ad110c3-789e7724.jpg,motion_blur,5,20.37,,,10,5,True,False
6b15392a-3a1699fd.jpg,motion_blur,5,23.11,,,32,8,True,False
6b784eee-0a5a2c89.jpg,motion_blur,5,23.18,,,,,True,True
6bb5a881-15e5c2c4.jpg,motion_blur,5,28.12,,,,,True,True
6bd41587-d65ba5b4.jpg,motion_blur,5,25.09,9,27,68,13,False,False
6d0d7bef-fb11b6e1.jpg,motion_blur,5,28.95,,,36,14,True,False
6d57736c-a35808b9.jpg,motion_blur,5,30.28,0,0,9,17,False,False
6d8a6d94-00a7ad92.jpg,motion_blur,5,27.03,,,,,True,True
6eeed3fa-87a1b0c9.jpg,motion_blur,5,27.08,69,6,15,6,False,False
701992bd-8a457895.jpg,motion_blur,5,26.56,12,2,1,0,False,False
7171644d-4e74752e.jpg,motion_blur,5,23.04,,,12,2,True,False
7171644d-ee92c71e.jpg,motion_blur,5,25.34,,,21,5,True,False
72f22fa5-8af4615c.jpg,motion_blur,5,20.69,,,23,12,True,False
72fd00fe-aeadfc89.jpg,motion_blur,5,29.6,19,38,433,205,False,False
730c67a5-563e9b1f.jpg,motion_blur,5,29.16,18,15,,,False,True
738a2bcd-7a6fde0d.jpg,motion_blur,5,28.22,5,0,152,28,False,False
73aff960-d46366ec.jpg,motion_blur,5,24.26,,,,,True,True
73d338d6-edf0b3db.jpg,motion_blur,5,27.69,45,1,,,False,True
75ad1fff-77299093.jpg,motion_blur,5,25.22,,,22,18,True,False
75f5f52c-6b67e736.jpg,motion_blur,5,17.79,,,,,True,True
777005a8-14c739ad.jpg,motion_blur,5,27.76,189,308,3,2,False,False
7771e03b-832e52c0.jpg,motion_blur,5,26.9,,,27,12,True,False
7771e03b-a8f9d50c.jpg,motion_blur,5,24.39,175,39,42,6,False,False
7797fea2-c37f9856.jpg,motion_blur,5,24.12,1,5,117,13,False,False
77bdbeb0-edb0613f.jpg,motion_blur,5,27.63,18,5,60,5,False,False
77dca577-16a39ea0.jpg,motion_blur,5,22.85,12,2,,,False,True
77f810c4-43a39c1f.jpg,motion_blur,5,25.46,,,,,True,True
7814206e-8e991d51.jpg,motion_blur,5,27.42,176,25,16,0,False,False
7814206e-ea2508d0.jpg,motion_blur,5,28.27,32,15,10,4,False,False
79e177bc-4d5d3acc.jpg,motion_blur,5,22.04,38,43,4,7,False,False
7aa4ff0f-9d28d8a4.jpg,motion_blur,5,26.21,9,12,,,False,True
7ad1174c-373265eb.jpg,motion_blur,5,23.34,,,,,True,True
7b268b98-e0ec16c3.jpg,motion_blur,5,26.44,12,0,19,4,False,False
7c5a2048-332896ea.jpg,motion_blur,5,24.25,6,10,,,False,True
7c5d50c5-7292de37.jpg,motion_blur,5,25.88,15,2,0,1,False,False
7d1fe115-936a2f47.jpg,motion_blur,5,28.03,215,29,31,16,False,False
7dc2914d-a20a969a.jpg,motion_blur,5,29.15,,,13,4,True,False
7e4ab78b-4a62c63e.jpg,motion_blur,5,24.93,33,21,49,14,False,False
7e590c49-93f03732.jpg,motion_blur,5,21.04,,,63,23,True,False
7ed57d0a-d7bcc13d.jpg,motion_blur,5,24.11,1,6,,,False,True
7f0ef682-c93899df.jpg,motion_blur,5,23.26,,,3,2,True,False
7f4ac354-777de900.jpg,motion_blur,5,21.54,27,1,23,1,False,False
7f9bdf0d-c0e0061f.jpg,motion_blur,5,20.03,20,4,8,1,False,False
7fd14da9-a855494b.jpg,motion_blur,5,29.78,28,3,54,17,False,False
801bff84-a72998c7.jpg,motion_blur,5,21.1,4,2,18,5,False,False
8073de38-f7eab6ec.jpg,motion_blur,5,24.11,27,10,4,13,False,False
8082ea05-1a7bcd47.jpg,motion_blur,5,23.16,3,22,3,3,False,False
80ecebc0-ca9605f4.jpg,motion_blur,5,32.36,,,,,True,True
81ec3b39-1951f79e.jpg,motion_blur,5,24.82,14,5,12,5,False,False
82b14c0c-79b99258.jpg,motion_blur,5,21.25,66,2,5,5,False,False
82b5fc3b-90cadd1b.jpg,motion_blur,5,20.45,,,6,15,True,False
82f03471-8e304dd5.jpg,motion_blur,5,22.97,119,22,144,49,False,False
836fa13a-d6058a12.jpg,motion_blur,5,29.34,39,9,47,37,False,False
84fb3f59-7d5d1fa4.jpg,motion_blur,5,23.04,,,,,True,True
8542b4da-7795bcfd.jpg,motion_blur,5,30.34,42,15,3,1,False,False
85f3f250-1fef85ac.jpg,motion_blur,5,22.62,8,3,,,False,True
87ca2979-d5158824.jpg,motion_blur,5,24.48,15,4,7,2,False,False
889b7dda-77f16103.jpg,motion_blur,5,22.06,,,11,14,True,False
88dbf01a-d8b35dee.jpg,motion_blur,5,26.74,6,1,6,2,False,False
897223bc-6938f1ab.jpg,motion_blur,5,24.92,,,,,True,True
89b7454d-880eacbd.jpg,motion_blur,5,20.71,,,,,True,True
89e85e71-7dd0a7b6.jpg,motion_blur,5,23.88,6,9,8,0,False,False
8a4fbffe-47866ce9.jpg,motion_blur,5,23.26,,,,,True,True
8a76c101-8bcefc32.jpg,motion_blur,5,26.37,,,108,109,True,False
8b7ef6c4-6bbcf25f.jpg,motion_blur,5,23.12,2,1,41,4,False,False
8bac644e-e0437ead.jpg,motion_blur,5,26.53,,,,,True,True
8c94c649-8ba62efa.jpg,motion_blur,5,24.15,12,2,30,4,False,False
8c9bbaa9-34934b66.jpg,motion_blur,5,26.68,25,3,,,False,True
0049e5b8-725e21a0.jpg,motion_blur,6,25.29,10,1,3,1,False,False
0081e27b-17bf4a9e.jpg,motion_blur,6,24.75,8,41,37,12,False,False
00beeb02-50440dcd.jpg,motion_blur,6,22.69,22,42,0,1,False,False
00d4b6b7-7d0a60bf.jpg,motion_blur,6,22.65,168,47,,,False,True
01118704-2d838d7f.jpg,motion_blur,6,22.32,119,295,,,False,True
0115917e-14907a6a.jpg,motion_blur,6,23.77,,,9,10,True,False
02188a44-65ad27f3.jpg,motion_blur,6,22.9,,,,,True,True
02494b7b-079febf8.jpg,motion_blur,6,22.78,,,1,3,True,False
029ffd50-dc944dba.jpg,motion_blur,6,21.74,,,69,4,True,False
0464a98b-860229d5.jpg,motion_blur,6,20.66,,,19,32,True,False
051aadb7-51aad566.jpg,motion_blur,6,26.32,,,,,True,True
051aadb7-e953bc4d.jpg,motion_blur,6,21.0,,,,,True,True
05743a9b-747658e7.jpg,motion_blur,6,26.48,,,2,16,True,False
057af272-6f700aef.jpg,motion_blur,6,27.07,,,10,6,True,False
05d62296-30c620d5.jpg,motion_blur,6,22.89,4,4,,,False,True
05e5a68e-f0e05a42.jpg,motion_blur,6,21.86,,,,,True,True
05fa6494-8f436d04.jpg,motion_blur,6,21.89,,,,,True,True
060039d9-5218402b.jpg,motion_blur,6,21.26,35,1,,,False,True
064aa0d6-f75ff4d5.jpg,motion_blur,6,26.34,12,1,34,2,False,False
07de5062-ddddcbd7.jpg,motion_blur,6,28.88,,,,,True,True
088351d1-30833ddc.jpg,motion_blur,6,22.7,,,54,11,True,False
08a49c01-675d3899.jpg,motion_blur,6,28.3,,,5,5,True,False
08d4285a-4a25b9b6.jpg,motion_blur,6,20.92,16,2,,,False,True
09ac21d6-eefa8ed0.jpg,motion_blur,6,17.69,,,43,15,True,False
0a0a0b1a-7c39d841.jpg,motion_blur,6,27.65,65,16,0,12,False,False
0af6039a-f3c91319.jpg,motion_blur,6,21.83,,,87,11,True,False
0b2f5d0d-8fddc1fc.jpg,motion_blur,6,21.31,56,5,,,False,True
0b4225f9-bfb10f88.jpg,motion_blur,6,24.97,,,,,True,True
0ba08fe3-880ae118.jpg,motion_blur,6,24.72,1,0,24,2,False,False
0c2f33b9-f94d69b5.jpg,motion_blur,6,24.41,,,9,14,True,False
0c984e6d-2b5d7ee4.jpg,motion_blur,6,26.83,,,18,10,True,False
0cb67a01-7cf1687e.jpg,motion_blur,6,23.13,90,297,,,False,True
0cc6f3e8-b4c9e348.jpg,motion_blur,6,21.81,103,24,,,False,True
0cf398b3-ce65ab64.jpg,motion_blur,6,15.15,,,,,True,True
0d3ec56a-f4cead6f.jpg,motion_blur,6,24.9,,,,,True,True
0d61234a-542010b2.jpg,motion_blur,6,22.38,18,8,14,4,False,False
0e442b65-b17e0b50.jpg,motion_blur,6,25.8,,,1,5,True,False
0e5c7e92-0d9c60f0.jpg,motion_blur,6,21.72,4,13,,,False,True
0f837def-9646c091.jpg,motion_blur,6,25.27,,,10,5,True,False
0fba84f9-73b520ee.jpg,motion_blur,6,23.74,,,,,True,True
101a0964-930eae70.jpg,motion_blur,6,26.9,,,1,4,True,False
10389fe8-433c740c.jpg,motion_blur,6,19.38,,,,,True,True
10453a95-40759ac3.jpg,motion_blur,6,23.29,0,2,,,False,True
1072195f-0a161ade.jpg,motion_blur,6,23.07,7,4,24,1,False,False
1072195f-6cf88b25.jpg,motion_blur,6,26.41,358,16,,,False,True
11513e3d-150058c3.jpg,motion_blur,6,23.64,1,12,59,10,False,False
1189ae68-1a8ad3c6.jpg,motion_blur,6,25.75,,,,,True,True
12076ebb-c07285d7.jpg,motion_blur,6,21.45,,,350,274,True,False
125134e5-7dfc45b9.jpg,motion_blur,6,26.72,,,,,True,True
12ae9ab8-794f5adc.jpg,motion_blur,6,22.4,26,13,131,57,False,False
13f61134-50021e53.jpg,motion_blur,6,23.98,,,21,5,True,False
14eace5a-ddf3b303.jpg,motion_blur,6,27.56,,,,,True,True
1608cfe7-32da2c5d.jpg,motion_blur,6,22.3,,,61,2,True,False
162995f1-d2c7d259.jpg,motion_blur,6,24.43,,,14,4,True,False
16b0973f-c07b564a.jpg,motion_blur,6,24.54,30,1,6,3,False,False
1784d67b-6b223914.jpg,motion_blur,6,25.5,,,5,8,True,False
1784d67b-d76145ce.jpg,motion_blur,6,26.53,57,5,,,False,True
188c58f3-792afc71.jpg,motion_blur,6,23.15,8,10,21,8,False,False
193f7f3b-84bc7998.jpg,motion_blur,6,25.43,,,49,12,True,False
194058b0-ac0616a6.jpg,motion_blur,6,21.24,,,,,True,True
19e56249-09c4bbc6.jpg,motion_blur,6,26.51,,,,,True,True
1a71faae-d5f255fd.jpg,motion_blur,6,22.66,99,152,50,13,False,False
1a8992a7-da5a8510.jpg,motion_blur,6,24.86,,,,,True,True
1ac0178c-0b259360.jpg,motion_blur,6,29.46,,,,,True,True
1b30f76f-95aa8a06.jpg,motion_blur,6,24.7,31,42,,,False,True
1bda5a26-420ceea6.jpg,motion_blur,6,24.66,,,,,True,True
1bf7f3d2-15f95138.jpg,motion_blur,6,23.39,,,13,3,True,False
1c227a12-10e5552c.jpg,motion_blur,6,26.02,41,13,,,False,True
1c227a12-ec67af93.jpg,motion_blur,6,23.87,22,23,13,6,False,False
1c5e9657-2e2a2863.jpg,motion_blur,6,26.32,,,,,True,True
1cb2a89b-4594573e.jpg,motion_blur,6,22.74,5,2,,,False,True
1cf54809-c6daa5a9.jpg,motion_blur,6,18.27,,,60,78,True,False
1d5e05f8-5020f67d.jpg,motion_blur,6,19.95,76,1,,,False,True
1e57ae90-806bc767.jpg,motion_blur,6,26.64,17,21,9,45,False,False
1f959fdd-6ff63d34.jpg,motion_blur,6,21.58,,,,,True,True
1fa65acf-d43367bc.jpg,motion_blur,6,19.63,116,14,,,False,True
20cfadfa-47711496.jpg,motion_blur,6,25.03,13,35,3,36,False,False
20cfadfa-6f87fdc1.jpg,motion_blur,6,26.8,9,11,7,9,False,False
225a1858-0e3a4b04.jpg,motion_blur,6,22.46,,,,,True,True
22be2f14-59fbdca0.jpg,motion_blur,6,22.89,13,3,3,12,False,False
23333f35-0cbc3f0f.jpg,motion_blur,6,22.98,124,27,21,2,False,False
23df146f-64b50e4c.jpg,motion_blur,6,24.79,38,14,13,21,False,False
24392d7c-998011c2.jpg,motion_blur,6,24.46,6,4,,,False,True
250e7595-b14da270.jpg,motion_blur,6,20.04,112,18,,,False,True
26190b83-39ccb412.jpg,motion_blur,6,21.29,,,2,2,True,False
272d52f6-8aac36b3.jpg,motion_blur,6,19.26,,,,,True,True
2752681a-e813599a.jpg,motion_blur,6,23.74,,,,,True,True
27645526-f038b033.jpg,motion_blur,6,18.0,11,3,2,10,False,False
2773af6f-23e23a6b.jpg,motion_blur,6,21.81,,,,,True,True
28faf684-03ef4c6e.jpg,motion_blur,6,26.54,12,9,0,1,False,False
292720ee-d847ee69.jpg,motion_blur,6,30.35,,,,,True,True
2b54fe2d-c5b810e6.jpg,motion_blur,6,20.04,6,5,14,5,False,False
2b605c48-8dfe352b.jpg,motion_blur,6,21.42,30,21,12,7,False,False
2beccce2-354608e2.jpg,motion_blur,6,23.61,,,,,True,True
2c87e51d-aa7a8031.jpg,motion_blur,6,27.33,,,235,241,True,False
2ce0b449-e818dc97.jpg,motion_blur,6,26.03,2,8,,,False,True
2cf976a2-479cd46b.jpg,motion_blur,6,19.44,,,,,True,True
2e2fae77-b7497ca0.jpg,motion_blur,6,18.16,,,,,True,True
2ead8042-2493c03f.jpg,motion_blur,6,21.95,,,,,True,True
2f1864c1-1a17d11c.jpg,motion_blur,6,19.37,,,,,True,True
2f879dc0-b09e4824.jpg,motion_blur,6,20.51,101,32,5,6,False,False
2fc9ad1e-ee4c9e43.jpg,motion_blur,6,26.47,,,,,True,True
3050b249-0ffbd6ec.jpg,motion_blur,6,24.84,,,,,True,True
314cc010-3eab5c90.jpg,motion_blur,6,25.92,,,15,3,True,False
31765c6b-90b0d612.jpg,motion_blur,6,23.14,,,,,True,True
31cf6eba-5c84c636.jpg,motion_blur,6,19.66,,,,,True,True
32de2244-122f1783.jpg,motion_blur,6,26.85,,,9,7,True,False
33420085-32996107.jpg,motion_blur,6,29.01,50,9,,,False,True
3430a5e6-00ec38d2.jpg,motion_blur,6,13.78,27,10,,,False,True
35eb46d0-8f7e28a0.jpg,motion_blur,6,27.63,29,4,8,9,False,False
3735fc3d-69d8b80c.jpg,motion_blur,6,22.66,,,,,True,True
3740cd4f-ff1d423d.jpg,motion_blur,6,22.08,16,4,,,False,True
375abba2-9f2ed56c.jpg,motion_blur,6,24.32,,,21,16,True,False
37723e55-31730cf5.jpg,motion_blur,6,21.08,,,22,8,True,False
380a3f8e-ba4f0def.jpg,motion_blur,6,27.75,,,,,True,True
385b0f61-1aee12ef.jpg,motion_blur,6,23.44,,,,,True,True
3865fea7-b4fe472d.jpg,motion_blur,6,23.27,10,20,14,38,False,False
38e561dd-8ea8ae2d.jpg,motion_blur,6,22.89,16,5,12,1,False,False
38ed8d8d-93c48de2.jpg,motion_blur,6,25.25,25,7,,,False,True
38ed8d8d-b1c230ef.jpg,motion_blur,6,25.66,13,5,23,7,False,False
38ed8d8d-fa50400c.jpg,motion_blur,6,24.89,,,65,35,True,False
3900ad8c-8834019f.jpg,motion_blur,6,25.13,,,,,True,True
39ddb110-04604b9c.jpg,motion_blur,6,19.66,,,7,8,True,False
39fc6d1c-6155351d.jpg,motion_blur,6,26.17,,,43,39,True,False
3a278d39-b92df256.jpg,motion_blur,6,22.0,12,2,20,25,False,False
3a3407a2-df8ea956.jpg,motion_blur,6,20.36,,,,,True,True
3ad0c4a7-2a3d544e.jpg,motion_blur,6,21.94,,,76,21,True,False
3b1e1bc1-ee64e36e.jpg,motion_blur,6,19.86,40,88,,,False,True
3b44ef5a-c09e8479.jpg,motion_blur,6,20.44,,,,,True,True
3b563c5e-0102edaf.jpg,motion_blur,6,24.46,,,58,17,True,False
3b9716a6-d2566395.jpg,motion_blur,6,24.57,1,34,,,False,True
3c0bbdc2-79baffce.jpg,motion_blur,6,27.38,,,3,3,True,False
3c5752b6-9c0bdf98.jpg,motion_blur,6,19.45,,,105,34,True,False
3c95ae26-68abac3f.jpg,motion_blur,6,23.61,6,8,14,14,False,False
3e0f1745-a95a63ad.jpg,motion_blur,6,23.92,4,7,7,7,False,False
3f4eb6a6-9eee52f9.jpg,motion_blur,6,23.81,23,120,,,False,True
3f85a987-1ef4053b.jpg,motion_blur,6,24.65,1,1,,,False,True
3fe1feaa-10126fec.jpg,motion_blur,6,21.81,,,,,True,True
3ffdaa26-b394f6f8.jpg,motion_blur,6,19.96,111,19,1,4,False,False
4027c10d-41d54e9b.jpg,motion_blur,6,25.03,,,,,True,True
428e99ea-4166e549.jpg,motion_blur,6,25.23,93,4,,,False,True
42e0dd11-74b81997.jpg,motion_blur,6,30.06,80,53,,,False,True
430395d1-931c959e.jpg,motion_blur,6,23.37,,,,,True,True
43126e0d-495d04a5.jpg,motion_blur,6,25.84,21,8,,,False,True
43126e0d-cce96832.jpg,motion_blur,6,25.15,,,27,4,True,False
432f9e20-83a0d96c.jpg,motion_blur,6,22.64,,,15,14,True,False
43c7ed5c-b0690325.jpg,motion_blur,6,23.19,1,1,26,10,False,False
44cc16d9-d2e06fd6.jpg,motion_blur,6,19.0,,,,,True,True
45bafa98-1ee18a2f.jpg,motion_blur,6,23.36,,,21,7,True,False
46d048a1-8f7f385c.jpg,motion_blur,6,23.82,,,,,True,True
46f76df9-8bf77914.jpg,motion_blur,6,23.68,7,1,5,7,False,False
480263a0-5aad7ae9.jpg,motion_blur,6,17.06,,,5,33,True,False
488480d6-b94cf415.jpg,motion_blur,6,21.49,11,2,5,3,False,False
48ed707e-5062e4c3.jpg,motion_blur,6,23.1,,,,,True,True
4a289ff2-7da7feb6.jpg,motion_blur,6,23.46,,,,,True,True
4a31f3e3-ac7ed780.jpg,motion_blur,6,24.51,,,,,True,True
4b2e1dde-65b54419.jpg,motion_blur,6,23.5,,,,,True,True
4d4a590b-4332c5ab.jpg,motion_blur,6,31.55,,,,,True,True
5069db50-52f5af30.jpg,motion_blur,6,28.38,17,3,11,8,False,False
50866f46-30d1f303.jpg,motion_blur,6,21.75,,,,,True,True
50b115d6-4b08a666.jpg,motion_blur,6,20.28,55,93,174,419,False,False
50b2e757-6c7d0f63.jpg,motion_blur,6,22.12,79,80,,,False,True
50d0fd05-8db58ebd.jpg,motion_blur,6,25.55,,,,,True,True
510671e9-603795e0.jpg,motion_blur,6,21.54,25,58,,,False,True
514a6d58-0790e0cd.jpg,motion_blur,6,24.23,,,,,True,True
5150bb50-300d52ce.jpg,motion_blur,6,23.29,10,13,7,3,False,False
52799e9e-8c8673f3.jpg,motion_blur,6,24.36,4,0,3,1,False,False
52bda346-fd8ac6e7.jpg,motion_blur,6,24.77,,,,,True,True
534418ba-ee05398f.jpg,motion_blur,6,24.91,,,,,True,True
54360b72-e00a3f70.jpg,motion_blur,6,21.3,246,74,28,23,False,False
554d7cd5-a32486dd.jpg,motion_blur,6,26.63,,,17,14,True,False
559fed19-7893646f.jpg,motion_blur,6,22.5,,,,,True,True
57165857-e4d4a47f.jpg,motion_blur,6,24.55,13,2,,,False,True
5795bfe7-a599384a.jpg,motion_blur,6,21.73,,,,,True,True
57ac74e2-e86131f1.jpg,motion_blur,6,24.48,,,3,15,True,False
57b495f2-6da6b1e5.jpg,motion_blur,6,30.21,16,1,,,False,True
585443c8-2621a6b1.jpg,motion_blur,6,25.68,4,2,39,8,False,False
5877b384-2545daf4.jpg,motion_blur,6,20.73,14,6,,,False,True
587bb1bf-1aa00fe5.jpg,motion_blur,6,23.9,,,6,3,True,False
5995c288-2d152172.jpg,motion_blur,6,22.27,,,,,True,True
59cde7c7-344bffb1.jpg,motion_blur,6,25.84,60,4,,,False,True
5a8f9b5d-1fdfd2d4.jpg,motion_blur,6,24.34,,,3,10,True,False
5ae83f9c-da990b49.jpg,motion_blur,6,21.69,,,7,6,True,False
5b2b4881-67a6cb87.jpg,motion_blur,6,23.32,190,36,,,False,True
5b2fd56a-37759b05.jpg,motion_blur,6,27.15,,,,,True,True
5b4b0b07-2fb56b82.jpg,motion_blur,6,22.22,,,,,True,True
5bc44a50-c371c4d0.jpg,motion_blur,6,18.6,,,33,9,True,False
5c4004b7-bf3b7941.jpg,motion_blur,6,25.82,,,,,True,True
5c534f5f-a76c7f4b.jpg,motion_blur,6,25.18,,,,,True,True
5c5dc708-35460444.jpg,motion_blur,6,22.66,62,5,,,False,True
5da6c6b6-76c54605.jpg,motion_blur,6,23.48,,,,,True,True
5dc5141c-5890b5b1.jpg,motion_blur,6,25.78,,,,,True,True
5dd831da-bd00cf03.jpg,motion_blur,6,21.89,23,162,,,False,True
5dfb063f-7bd23d5c.jpg,motion_blur,6,26.13,5,3,,,False,True
5e0b701e-d443d8c2.jpg,motion_blur,6,22.36,,,17,1,True,False
5e26f49d-0bc53c7e.jpg,motion_blur,6,29.34,,,,,True,True
5e26f49d-9271bf00.jpg,motion_blur,6,22.31,,,,,True,True
5e625ec3-7b4fc682.jpg,motion_blur,6,28.54,,,5,3,True,False
5f9387ff-330136ae.jpg,motion_blur,6,23.6,,,,,True,True
5fa17a25-88b8e6b9.jpg,motion_blur,6,27.2,,,4,4,True,False
5fa422e1-2d8dd765.jpg,motion_blur,6,22.43,,,11,1,True,False
5fb2a702-f56a339c.jpg,motion_blur,6,24.71,0,1,107,16,False,False
6011831b-0992e205.jpg,motion_blur,6,21.35,0,27,,,False,True
60137cc0-428b8f5b.jpg,motion_blur,6,21.9,,,,,True,True
604b5b3e-3c2e6b6b.jpg,motion_blur,6,21.39,40,14,,,False,True
6092f5a2-424550ba.jpg,motion_blur,6,25.13,16,3,,,False,True
60ba25dd-6c0df417.jpg,motion_blur,6,25.66,52,10,,,False,True
60c678e7-4813ae0f.jpg,motion_blur,6,19.15,33,6,,,False,True
614ecada-16b0f8b6.jpg,motion_blur,6,24.15,1,1,,,False,True
61e4ad87-53ceb455.jpg,motion_blur,6,25.32,7,7,,,False,True
6240d7b3-b51b5788.jpg,motion_blur,6,23.26,,,,,True,True
62aefb36-b685117f.jpg,motion_blur,6,24.89,,,8,4,True,False
634c1785-3bb9a8a2.jpg,motion_blur,6,28.04,,,,,True,True
634c1785-aeb1652f.jpg,motion_blur,6,26.46,238,53,3,2,False,False
63f73472-028615f1.jpg,motion_blur,6,23.88,127,20,30,45,False,False
6485ad0a-245d1600.jpg,motion_blur,6,25.06,,,12,7,True,False
648dc925-e359dbec.jpg,motion_blur,6,28.43,28,9,,,False,True
65edc5a1-f309fed7.jpg,motion_blur,6,24.81,,,,,True,True
661381d9-1114a810.jpg,motion_blur,6,21.62,,,,,True,True
664cb246-f84cfaf4.jpg,motion_blur,6,18.91,72,40,,,False,True
675cf8fa-4b1ce8b9.jpg,motion_blur,6,21.31,100,17,224,315,False,False
67faeadf-eb09a636.jpg,motion_blur,6,24.36,,,11,4,True,False
691be377-5dbc29ee.jpg,motion_blur,6,27.52,,,7,2,True,False
692f1303-05178963.jpg,motion_blur,6,23.59,,,,,True,True
692f9b08-bdbbd729.jpg,motion_blur,6,27.7,0,4,20,5,False,False
69bfbe31-5ee2a642.jpg,motion_blur,6,21.82,17,17,20,4,False,False
69cf7667-68f59649.jpg,motion_blur,6,24.27,2,10,1,0,False,False
69cf7667-7eb40860.jpg,motion_blur,6,23.24,,,,,True,True
6a44fb9a-05a3dd18.jpg,motion_blur,6,24.64,11,2,1,1,False,False
6a793e80-4f5e207f.jpg,motion_blur,6,27.74,5,1,,,False,True
6a82c0d6-b31f6b90.jpg,motion_blur,6,25.08,,,,,True,True
6a8d218d-14e4fa28.jpg,motion_blur,6,27.5,,,,,True,True
6ad110c3-789e7724.jpg,motion_blur,6,19.7,,,,,True,True
6b15392a-3a1699fd.jpg,motion_blur,6,22.42,,,3,6,True,False
6b784eee-0a5a2c89.jpg,motion_blur,6,22.42,,,,,True,True
6bb5a881-15e5c2c4.jpg,motion_blur,6,27.3,,,,,True,True
6bd41587-d65ba5b4.jpg,motion_blur,6,24.35,,,92,18,True,False
6d0d7bef-fb11b6e1.jpg,motion_blur,6,27.74,,,,,True,True
6d57736c-a35808b9.jpg,motion_blur,6,29.51,3,16,17,41,False,False
6d8a6d94-00a7ad92.jpg,motion_blur,6,26.29,,,,,True,True
6eeed3fa-87a1b0c9.jpg,motion_blur,6,26.31,33,15,,,False,True
701992bd-8a457895.jpg,motion_blur,6,25.77,9,1,2,1,False,False
7171644d-4e74752e.jpg,motion_blur,6,22.39,7,12,105,3,False,False
7171644d-ee92c71e.jpg,motion_blur,6,24.57,,,16,8,True,False
72f22fa5-8af4615c.jpg,motion_blur,6,19.94,,,,,True,True
72fd00fe-aeadfc89.jpg,motion_blur,6,28.73,20,28,,,False,True
730c67a5-563e9b1f.jpg,motion_blur,6,28.55,,,,,True,True
738a2bcd-7a6fde0d.jpg,motion_blur,6,27.38,4,3,188,23,False,False
73aff960-d46366ec.jpg,motion_blur,6,23.55,,,,,True,True
73d338d6-edf0b3db.jpg,motion_blur,6,26.66,45,1,,,False,True
75ad1fff-77299093.jpg,motion_blur,6,24.51,,,44,30,True,False
75f5f52c-6b67e736.jpg,motion_blur,6,16.63,,,,,True,True
777005a8-14c739ad.jpg,motion_blur,6,27.0,,,,,True,True
7771e03b-832e52c0.jpg,motion_blur,6,26.07,,,25,12,True,False
7771e03b-a8f9d50c.jpg,motion_blur,6,23.77,35,7,15,4,False,False
7797fea2-c37f9856.jpg,motion_blur,6,23.55,,,,,True,True
77bdbeb0-edb0613f.jpg,motion_blur,6,26.83,3,1,35,8,False,False
77dca577-16a39ea0.jpg,motion_blur,6,22.08,56,4,,,False,True
77f810c4-43a39c1f.jpg,motion_blur,6,24.94,,,,,True,True
7814206e-8e991d51.jpg,motion_blur,6,26.49,177,25,4,6,False,False
7814206e-ea2508d0.jpg,motion_blur,6,27.41,,,20,8,True,False
79e177bc-4d5d3acc.jpg,motion_blur,6,21.37,19,21,16,2,False,False
7aa4ff0f-9d28d8a4.jpg,motion_blur,6,25.52,,,,,True,True
7ad1174c-373265eb.jpg,motion_blur,6,22.53,,,,,True,True
7b268b98-e0ec16c3.jpg,motion_blur,6,25.76,,,3,9,True,False
7c5a2048-332896ea.jpg,motion_blur,6,23.56,,,,,True,True
7c5d50c5-7292de37.jpg,motion_blur,6,25.07,33,6,,,False,True
7d1fe115-936a2f47.jpg,motion_blur,6,27.21,26,2,3,1,False,False
7dc2914d-a20a969a.jpg,motion_blur,6,28.33,,,2,2,True,False
7e4ab78b-4a62c63e.jpg,motion_blur,6,24.17,31,23,,,False,True
7e590c49-93f03732.jpg,motion_blur,6,20.46,,,,,True,True
7ed57d0a-d7bcc13d.jpg,motion_blur,6,23.32,,,,,True,True
7f0ef682-c93899df.jpg,motion_blur,6,22.31,,,,,True,True
7f4ac354-777de900.jpg,motion_blur,6,20.87,10,28,12,9,False,False
7f9bdf0d-c0e0061f.jpg,motion_blur,6,19.32,23,4,6,2,False,False
7fd14da9-a855494b.jpg,motion_blur,6,28.83,33,5,64,19,False,False
801bff84-a72998c7.jpg,motion_blur,6,20.37,,,5,17,True,False
8073de38-f7eab6ec.jpg,motion_blur,6,23.45,40,18,5,18,False,False
8082ea05-1a7bcd47.jpg,motion_blur,6,22.52,8,12,1,7,False,False
80ecebc0-ca9605f4.jpg,motion_blur,6,31.55,,,,,True,True
81ec3b39-1951f79e.jpg,motion_blur,6,24.08,235,49,11,15,False,False
82b14c0c-79b99258.jpg,motion_blur,6,20.57,53,3,1,3,False,False
82b5fc3b-90cadd1b.jpg,motion_blur,6,19.69,,,1,6,True,False
82f03471-8e304dd5.jpg,motion_blur,6,22.25,128,25,,,False,True
836fa13a-d6058a12.jpg,motion_blur,6,28.56,,,141,97,True,False
84fb3f59-7d5d1fa4.jpg,motion_blur,6,22.24,,,,,True,True
8542b4da-7795bcfd.jpg,motion_blur,6,29.34,63,24,3,10,False,False
85f3f250-1fef85ac.jpg,motion_blur,6,21.85,,,,,True,True
87ca2979-d5158824.jpg,motion_blur,6,23.74,,,3,1,True,False
889b7dda-77f16103.jpg,motion_blur,6,21.37,,,,,True,True
88dbf01a-d8b35dee.jpg,motion_blur,6,26.05,15,11,,,False,True
897223bc-6938f1ab.jpg,motion_blur,6,24.2,,,,,True,True
89b7454d-880eacbd.jpg,motion_blur,6,20.14,,,,,True,True
89e85e71-7dd0a7b6.jpg,motion_blur,6,23.11,1,28,5,1,False,False
8a4fbffe-47866ce9.jpg,motion_blur,6,22.46,,,,,True,True
8a76c101-8bcefc32.jpg,motion_blur,6,25.51,,,,,True,True
8b7ef6c4-6bbcf25f.jpg,motion_blur,6,22.45,16,7,16,4,False,False
8bac644e-e0437ead.jpg,motion_blur,6,25.83,,,,,True,True
8c94c649-8ba62efa.jpg,motion_blur,6,23.46,4,4,,,False,True
8c9bbaa9-34934b66.jpg,motion_blur,6,25.78,9,3,31,10,False,False
0049e5b8-725e21a0.jpg,motion_blur,7,24.69,11,6,4,6,False,False
0081e27b-17bf4a9e.jpg,motion_blur,7,24.25,,,,,True,True
00beeb02-50440dcd.jpg,motion_blur,7,22.12,,,10,1,True,False
00d4b6b7-7d0a60bf.jpg,motion_blur,7,22.13,,,,,True,True
01118704-2d838d7f.jpg,motion_blur,7,21.76,,,,,True,True
0115917e-14907a6a.jpg,motion_blur,7,23.19,,,24,10,True,False
02188a44-65ad27f3.jpg,motion_blur,7,22.35,,,,,True,True
02494b7b-079febf8.jpg,motion_blur,7,22.17,,,18,1,True,False
029ffd50-dc944dba.jpg,motion_blur,7,21.18,,,,,True,True
0464a98b-860229d5.jpg,motion_blur,7,20.13,,,4,13,True,False
051aadb7-51aad566.jpg,motion_blur,7,25.76,,,,,True,True
051aadb7-e953bc4d.jpg,motion_blur,7,20.5,,,,,True,True
05743a9b-747658e7.jpg,motion_blur,7,25.81,,,,,True,True
057af272-6f700aef.jpg,motion_blur,7,26.46,,,9,8,True,False
05d62296-30c620d5.jpg,motion_blur,7,22.3,46,7,,,False,True
05e5a68e-f0e05a42.jpg,motion_blur,7,21.38,,,,,True,True
05fa6494-8f436d04.jpg,motion_blur,7,21.37,,,,,True,True
060039d9-5218402b.jpg,motion_blur,7,20.49,40,3,,,False,True
064aa0d6-f75ff4d5.jpg,motion_blur,7,25.56,9,6,69,19,False,False
07de5062-ddddcbd7.jpg,motion_blur,7,28.15,,,,,True,True
088351d1-30833ddc.jpg,motion_blur,7,22.15,,,,,True,True
08a49c01-675d3899.jpg,motion_blur,7,27.73,,,,,True,True
08d4285a-4a25b9b6.jpg,motion_blur,7,20.42,,,,,True,True
09ac21d6-eefa8ed0.jpg,motion_blur,7,17.18,,,53,18,True,False
0a0a0b1a-7c39d841.jpg,motion_blur,7,26.9,,,3,8,True,False
0af6039a-f3c91319.jpg,motion_blur,7,21.25,,,,,True,True
0b2f5d0d-8fddc1fc.jpg,motion_blur,7,20.72,48,3,159,252,False,False
0b4225f9-bfb10f88.jpg,motion_blur,7,24.41,,,,,True,True
0ba08fe3-880ae118.jpg,motion_blur,7,24.15,,,22,8,True,False
0c2f33b9-f94d69b5.jpg,motion_blur,7,23.79,,,25,21,True,False
0c984e6d-2b5d7ee4.jpg,motion_blur,7,26.23,,,,,True,True
0cb67a01-7cf1687e.jpg,motion_blur,7,22.58,85,322,,,False,True
0cc6f3e8-b4c9e348.jpg,motion_blur,7,21.29,,,,,True,True
0cf398b3-ce65ab64.jpg,motion_blur,7,14.3,,,,,True,True
0d3ec56a-f4cead6f.jpg,motion_blur,7,24.4,,,,,True,True
0d61234a-542010b2.jpg,motion_blur,7,21.48,14,8,28,4,False,False
0e442b65-b17e0b50.jpg,motion_blur,7,25.2,,,4,8,True,False
0e5c7e92-0d9c60f0.jpg,motion_blur,7,21.08,,,,,True,True
0f837def-9646c091.jpg,motion_blur,7,24.78,,,1,5,True,False
0fba84f9-73b520ee.jpg,motion_blur,7,23.2,,,,,True,True
101a0964-930eae70.jpg,motion_blur,7,26.04,,,,,True,True
10389fe8-433c740c.jpg,motion_blur,7,18.79,,,,,True,True
10453a95-40759ac3.jpg,motion_blur,7,22.76,,,,,True,True
1072195f-0a161ade.jpg,motion_blur,7,22.53,,,,,True,True
1072195f-6cf88b25.jpg,motion_blur,7,25.85,,,,,True,True
11513e3d-150058c3.jpg,motion_blur,7,23.03,1,13,47,22,False,False
1189ae68-1a8ad3c6.jpg,motion_blur,7,25.25,,,,,True,True
12076ebb-c07285d7.jpg,motion_blur,7,20.91,,,,,True,True
125134e5-7dfc45b9.jpg,motion_blur,7,26.24,,,,,True,True
12ae9ab8-794f5adc.jpg,motion_blur,7,21.83,,,,,True,True
13f61134-50021e53.jpg,motion_blur,7,23.38,,,,,True,True
14eace5a-ddf3b303.jpg,motion_blur,7,26.91,,,,,True,True
1608cfe7-32da2c5d.jpg,motion_blur,7,21.77,,,,,True,True
162995f1-d2c7d259.jpg,motion_blur,7,23.72,,,27,16,True,False
16b0973f-c07b564a.jpg,motion_blur,7,23.9,27,15,3,1,False,False
1784d67b-6b223914.jpg,motion_blur,7,24.94,,,30,33,True,False
1784d67b-d76145ce.jpg,motion_blur,7,25.92,,,,,True,True
188c58f3-792afc71.jpg,motion_blur,7,22.58,16,20,,,False,True
193f7f3b-84bc7998.jpg,motion_blur,7,24.71,,,37,4,True,False
194058b0-ac0616a6.jpg,motion_blur,7,20.68,,,,,True,True
19e56249-09c4bbc6.jpg,motion_blur,7,26.03,,,,,True,True
1a71faae-d5f255fd.jpg,motion_blur,7,22.11,,,,,True,True
1a8992a7-da5a8510.jpg,motion_blur,7,23.95,,,,,True,True
1ac0178c-0b259360.jpg,motion_blur,7,28.9,,,,,True,True
1b30f76f-95aa8a06.jpg,motion_blur,7,24.02,,,,,True,True
1bda5a26-420ceea6.jpg,motion_blur,7,23.85,,,,,True,True
1bf7f3d2-15f95138.jpg,motion_blur,7,22.8,,,8,2,True,False
1c227a12-10e5552c.jpg,motion_blur,7,25.51,,,,,True,True
1c227a12-ec67af93.jpg,motion_blur,7,23.39,9,14,,,False,True
1c5e9657-2e2a2863.jpg,motion_blur,7,25.76,,,,,True,True
1cb2a89b-4594573e.jpg,motion_blur,7,22.12,1,7,,,False,True
1cf54809-c6daa5a9.jpg,motion_blur,7,17.83,,,50,61,True,False
1d5e05f8-5020f67d.jpg,motion_blur,7,19.41,,,,,True,True
1e57ae90-806bc767.jpg,motion_blur,7,26.01,23,4,,,False,True
1f959fdd-6ff63d34.jpg,motion_blur,7,20.99,,,,,True,True
1fa65acf-d43367bc.jpg,motion_blur,7,19.06,,,,,True,True
20cfadfa-47711496.jpg,motion_blur,7,24.37,8,19,16,49,False,False
20cfadfa-6f87fdc1.jpg,motion_blur,7,25.96,4,3,2,0,False,False
225a1858-0e3a4b04.jpg,motion_blur,7,21.89,,,,,True,True
22be2f14-59fbdca0.jpg,motion_blur,7,22.21,,,6,11,True,False
23333f35-0cbc3f0f.jpg,motion_blur,7,22.47,125,25,,,False,True
23df146f-64b50e4c.jpg,motion_blur,7,24.13,43,21,,,False,True
24392d7c-998011c2.jpg,motion_blur,7,23.91,,,,,True,True
250e7595-b14da270.jpg,motion_blur,7,19.53,68,21,,,False,True
26190b83-39ccb412.jpg,motion_blur,7,20.69,,,33,2,True,False
272d52f6-8aac36b3.jpg,motion_blur,7,18.58,,,,,True,True
2752681a-e813599a.jpg,motion_blur,7,23.22,,,,,True,True
27645526-f038b033.jpg,motion_blur,7,17.5,34,7,2,125,False,False
2773af6f-23e23a6b.jpg,motion_blur,7,21.25,,,,,True,True
28faf684-03ef4c6e.jpg,motion_blur,7,25.86,,,10,28,True,False
292720ee-d847ee69.jpg,motion_blur,7,29.62,,,,,True,True
2b54fe2d-c5b810e6.jpg,motion_blur,7,19.42,2,8,13,6,False,False
2b605c48-8dfe352b.jpg,motion_blur,7,20.78,,,1,4,True,False
2beccce2-354608e2.jpg,motion_blur,7,23.06,,,,,True,True
2c87e51d-aa7a8031.jpg,motion_blur,7,26.57,183,29,,,False,True
2ce0b449-e818dc97.jpg,motion_blur,7,25.42,,,,,True,True
2cf976a2-479cd46b.jpg,motion_blur,7,18.9,,,,,True,True
2e2fae77-b7497ca0.jpg,motion_blur,7,17.71,,,,,True,True
2ead8042-2493c03f.jpg,motion_blur,7,21.14,,,,,True,True
2f1864c1-1a17d11c.jpg,motion_blur,7,18.82,,,,,True,True
2f879dc0-b09e4824.jpg,motion_blur,7,20.05,,,,,True,True
2fc9ad1e-ee4c9e43.jpg,motion_blur,7,25.81,,,,,True,True
3050b249-0ffbd6ec.jpg,motion_blur,7,24.1,,,,,True,True
314cc010-3eab5c90.jpg,motion_blur,7,25.39,,,24,2,True,False
31765c6b-90b0d612.jpg,motion_blur,7,22.49,,,,,True,True
31cf6eba-5c84c636.jpg,motion_blur,7,19.24,,,,,True,True
32de2244-122f1783.jpg,motion_blur,7,26.25,31,13,8,6,False,False
33420085-32996107.jpg,motion_blur,7,28.29,,,,,True,True
3430a5e6-00ec38d2.jpg,motion_blur,7,13.13,,,,,True,True
35eb46d0-8f7e28a0.jpg,motion_blur,7,26.94,,,14,33,True,False
3735fc3d-69d8b80c.jpg,motion_blur,7,22.15,,,,,True,True
3740cd4f-ff1d423d.jpg,motion_blur,7,21.46,15,9,,,False,True
375abba2-9f2ed56c.jpg,motion_blur,7,23.77,,,,,True,True
37723e55-31730cf5.jpg,motion_blur,7,20.52,,,,,True,True
380a3f8e-ba4f0def.jpg,motion_blur,7,27.24,,,,,True,True
385b0f61-1aee12ef.jpg,motion_blur,7,22.9,,,,,True,True
3865fea7-b4fe472d.jpg,motion_blur,7,22.65,7,1,,,False,True
38e561dd-8ea8ae2d.jpg,motion_blur,7,22.43,7,7,101,2,False,False
38ed8d8d-93c48de2.jpg,motion_blur,7,24.69,31,6,,,False,True
38ed8d8d-b1c230ef.jpg,motion_blur,7,25.08,36,0,,,False,True
38ed8d8d-fa50400c.jpg,motion_blur,7,24.21,,,,,True,True
3900ad8c-8834019f.jpg,motion_blur,7,24.59,323,35,,,False,True
39ddb110-04604b9c.jpg,motion_blur,7,19.19,,,,,True,True
39fc6d1c-6155351d.jpg,motion_blur,7,25.46,,,,,True,True
3a278d39-b92df256.jpg,motion_blur,7,21.32,,,0,12,True,False
3a3407a2-df8ea956.jpg,motion_blur,7,19.75,,,,,True,True
3ad0c4a7-2a3d544e.jpg,motion_blur,7,21.42,,,159,59,True,False
3b1e1bc1-ee64e36e.jpg,motion_blur,7,19.52,,,,,True,True
3b44ef5a-c09e8479.jpg,motion_blur,7,19.81,,,,,True,True
3b563c5e-0102edaf.jpg,motion_blur,7,23.75,,,41,23,True,False
3b9716a6-d2566395.jpg,motion_blur,7,24.09,,,,,True,True
3c0bbdc2-79baffce.jpg,motion_blur,7,26.66,,,15,7,True,False
3c5752b6-9c0bdf98.jpg,motion_blur,7,19.0,,,114,33,True,False
3c95ae26-68abac3f.jpg,motion_blur,7,23.11,,,9,7,True,False
3e0f1745-a95a63ad.jpg,motion_blur,7,23.31,,,22,3,True,False
3f4eb6a6-9eee52f9.jpg,motion_blur,7,23.35,77,121,,,False,True
3f85a987-1ef4053b.jpg,motion_blur,7,23.97,,,,,True,True
3fe1feaa-10126fec.jpg,motion_blur,7,21.22,,,,,True,True
3ffdaa26-b394f6f8.jpg,motion_blur,7,19.46,,,20,2,True,False
4027c10d-41d54e9b.jpg,motion_blur,7,24.21,,,,,True,True
428e99ea-4166e549.jpg,motion_blur,7,24.51,94,3,,,False,True
42e0dd11-74b81997.jpg,motion_blur,7,29.38,,,,,True,True
430395d1-931c959e.jpg,motion_blur,7,22.84,,,,,True,True
43126e0d-495d04a5.jpg,motion_blur,7,25.06,35,24,,,False,True
43126e0d-cce96832.jpg,motion_blur,7,24.52,,,,,True,True
432f9e20-83a0d96c.jpg,motion_blur,7,21.97,,,,,True,True
43c7ed5c-b0690325.jpg,motion_blur,7,22.57,,,0,1,True,False
44cc16d9-d2e06fd6.jpg,motion_blur,7,18.34,,,,,True,True
45bafa98-1ee18a2f.jpg,motion_blur,7,22.56,,,22,8,True,False
46d048a1-8f7f385c.jpg,motion_blur,7,23.05,,,,,True,True
46f76df9-8bf77914.jpg,motion_blur,7,23.21,14,4,,,False,True
480263a0-5aad7ae9.jpg,motion_blur,7,16.58,,,,,True,True
488480d6-b94cf415.jpg,motion_blur,7,20.91,19,2,7,1,False,False
48ed707e-5062e4c3.jpg,motion_blur,7,22.49,,,,,True,True
4a289ff2-7da7feb6.jpg,motion_blur,7,22.82,,,,,True,True
4a31f3e3-ac7ed780.jpg,motion_blur,7,23.93,,,,,True,True
4b2e1dde-65b54419.jpg,motion_blur,7,22.96,,,,,True,True
4d4a590b-4332c5ab.jpg,motion_blur,7,30.87,,,,,True,True
5069db50-52f5af30.jpg,motion_blur,7,27.49,,,3,9,True,False
50866f46-30d1f303.jpg,motion_blur,7,21.29,,,,,True,True
50b115d6-4b08a666.jpg,motion_blur,7,19.73,,,,,True,True
50b2e757-6c7d0f63.jpg,motion_blur,7,21.49,,,,,True,True
50d0fd05-8db58ebd.jpg,motion_blur,7,24.77,,,,,True,True
510671e9-603795e0.jpg,motion_blur,7,21.15,134,39,,,False,True
514a6d58-0790e0cd.jpg,motion_blur,7,23.56,,,,,True,True
5150bb50-300d52ce.jpg,motion_blur,7,22.82,21,21,3,7,False,False
52799e9e-8c8673f3.jpg,motion_blur,7,23.76,8,4,52,9,False,False
52bda346-fd8ac6e7.jpg,motion_blur,7,24.1,,,,,True,True
534418ba-ee05398f.jpg,motion_blur,7,24.31,,,,,True,True
54360b72-e00a3f70.jpg,motion_blur,7,20.77,,,24,12,True,False
554d7cd5-a32486dd.jpg,motion_blur,7,26.07,,,8,22,True,False
559fed19-7893646f.jpg,motion_blur,7,21.99,,,,,True,True
57165857-e4d4a47f.jpg,motion_blur,7,23.82,,,,,True,True
5795bfe7-a599384a.jpg,motion_blur,7,21.1,,,,,True,True
57ac74e2-e86131f1.jpg,motion_blur,7,23.85,,,,,True,True
57b495f2-6da6b1e5.jpg,motion_blur,7,29.43,,,,,True,True
585443c8-2621a6b1.jpg,motion_blur,7,25.14,0,1,46,7,False,False
5877b384-2545daf4.jpg,motion_blur,7,20.18,2,1,,,False,True
587bb1bf-1aa00fe5.jpg,motion_blur,7,23.19,,,,,True,True
5995c288-2d152172.jpg,motion_blur,7,21.77,,,,,True,True
59cde7c7-344bffb1.jpg,motion_blur,7,25.21,,,,,True,True
5a8f9b5d-1fdfd2d4.jpg,motion_blur,7,23.81,,,230,166,True,False
5ae83f9c-da990b49.jpg,motion_blur,7,21.11,,,13,59,True,False
5b2b4881-67a6cb87.jpg,motion_blur,7,22.58,,,542,512,True,False
5b2fd56a-37759b05.jpg,motion_blur,7,26.49,,,16,17,True,False
5b4b0b07-2fb56b82.jpg,motion_blur,7,21.76,,,,,True,True
5bc44a50-c371c4d0.jpg,motion_blur,7,18.21,,,,,True,True
5c4004b7-bf3b7941.jpg,motion_blur,7,25.25,,,,,True,True
5c534f5f-a76c7f4b.jpg,motion_blur,7,24.54,,,,,True,True
5c5dc708-35460444.jpg,motion_blur,7,22.09,,,,,True,True
5da6c6b6-76c54605.jpg,motion_blur,7,22.85,,,,,True,True
5dc5141c-5890b5b1.jpg,motion_blur,7,24.91,,,,,True,True
5dd831da-bd00cf03.jpg,motion_blur,7,21.41,,,,,True,True
5dfb063f-7bd23d5c.jpg,motion_blur,7,25.49,14,3,,,False,True
5e0b701e-d443d8c2.jpg,motion_blur,7,21.81,,,,,True,True
5e26f49d-0bc53c7e.jpg,motion_blur,7,28.58,,,,,True,True
5e26f49d-9271bf00.jpg,motion_blur,7,21.73,,,,,True,True
5e625ec3-7b4fc682.jpg,motion_blur,7,27.79,,,15,5,True,False
5f9387ff-330136ae.jpg,motion_blur,7,23.08,,,,,True,True
5fa17a25-88b8e6b9.jpg,motion_blur,7,26.44,,,5,2,True,False
5fa422e1-2d8dd765.jpg,motion_blur,7,21.76,,,,,True,True
5fb2a702-f56a339c.jpg,motion_blur,7,24.11,21,3,37,7,False,False
6011831b-0992e205.jpg,motion_blur,7,20.81,10,29,,,False,True
60137cc0-428b8f5b.jpg,motion_blur,7,21.55,,,,,True,True
604b5b3e-3c2e6b6b.jpg,motion_blur,7,20.76,43,13,,,False,True
6092f5a2-424550ba.jpg,motion_blur,7,24.54,24,5,,,False,True
60ba25dd-6c0df417.jpg,motion_blur,7,25.12,,,,,True,True
60c678e7-4813ae0f.jpg,motion_blur,7,18.64,21,8,,,False,True
614ecada-16b0f8b6.jpg,motion_blur,7,23.6,38,3,,,False,True
61e4ad87-53ceb455.jpg,motion_blur,7,24.68,,,,,True,True
6240d7b3-b51b5788.jpg,motion_blur,7,22.63,48,5,,,False,True
62aefb36-b685117f.jpg,motion_blur,7,24.22,,,9,4,True,False
634c1785-3bb9a8a2.jpg,motion_blur,7,27.09,,,,,True,True
634c1785-aeb1652f.jpg,motion_blur,7,25.67,238,54,6,15,False,False
63f73472-028615f1.jpg,motion_blur,7,23.18,107,4,,,False,True
6485ad0a-245d1600.jpg,motion_blur,7,24.75,,,,,True,True
648dc925-e359dbec.jpg,motion_blur,7,27.66,20,9,,,False,True
65edc5a1-f309fed7.jpg,motion_blur,7,24.29,,,,,True,True
661381d9-1114a810.jpg,motion_blur,7,21.01,,,,,True,True
664cb246-f84cfaf4.jpg,motion_blur,7,18.35,,,,,True,True
675cf8fa-4b1ce8b9.jpg,motion_blur,7,20.81,36,156,,,False,True
67faeadf-eb09a636.jpg,motion_blur,7,23.58,,,15,4,True,False
691be377-5dbc29ee.jpg,motion_blur,7,26.94,,,,,True,True
692f1303-05178963.jpg,motion_blur,7,23.08,,,,,True,True
692f9b08-bdbbd729.jpg,motion_blur,7,27.02,,,28,6,True,False
69bfbe31-5ee2a642.jpg,motion_blur,7,21.28,22,20,,,False,True
69cf7667-68f59649.jpg,motion_blur,7,23.79,7,15,10,7,False,False
69cf7667-7eb40860.jpg,motion_blur,7,22.63,,,,,True,True
6a44fb9a-05a3dd18.jpg,motion_blur,7,23.99,13,2,11,2,False,False
6a793e80-4f5e207f.jpg,motion_blur,7,27.08,22,9,,,False,True
6a82c0d6-b31f6b90.jpg,motion_blur,7,24.47,,,,,True,True
6a8d218d-14e4fa28.jpg,motion_blur,7,26.96,,,,,True,True
6ad110c3-789e7724.jpg,motion_blur,7,19.19,,,,,True,True
6b15392a-3a1699fd.jpg,motion_blur,7,21.85,,,2,5,True,False
6b784eee-0a5a2c89.jpg,motion_blur,7,21.83,,,,,True,True
6bb5a881-15e5c2c4.jpg,motion_blur,7,26.63,,,,,True,True
6bd41587-d65ba5b4.jpg,motion_blur,7,23.72,,,,,True,True
6d0d7bef-fb11b6e1.jpg,motion_blur,7,26.68,,,,,True,True
6d57736c-a35808b9.jpg,motion_blur,7,28.88,2,19,32,86,False,False
6d8a6d94-00a7ad92.jpg,motion_blur,7,25.69,,,,,True,True
6eeed3fa-87a1b0c9.jpg,motion_blur,7,25.67,33,16,,,False,True
701992bd-8a457895.jpg,motion_blur,7,25.15,24,9,5,7,False,False
7171644d-4e74752e.jpg,motion_blur,7,21.87,,,85,9,True,False
7171644d-ee92c71e.jpg,motion_blur,7,23.94,,,121,8,True,False
72f22fa5-8af4615c.jpg,motion_blur,7,19.33,,,324,208,True,False
72fd00fe-aeadfc89.jpg,motion_blur,7,28.02,3,27,,,False,True
730c67a5-563e9b1f.jpg,motion_blur,7,28.07,,,,,True,True
738a2bcd-7a6fde0d.jpg,motion_blur,7,26.7,,,,,True,True
73aff960-d46366ec.jpg,motion_blur,7,22.97,,,,,True,True
73d338d6-edf0b3db.jpg,motion_blur,7,25.85,,,,,True,True
75ad1fff-77299093.jpg,motion_blur,7,23.94,,,,,True,True
75f5f52c-6b67e736.jpg,motion_blur,7,15.7,,,,,True,True
777005a8-14c739ad.jpg,motion_blur,7,26.39,,,,,True,True
7771e03b-832e52c0.jpg,motion_blur,7,25.34,,,46,14,True,False
7771e03b-a8f9d50c.jpg,motion_blur,7,23.16,189,29,45,0,False,False
7797fea2-c37f9856.jpg,motion_blur,7,23.08,,,,,True,True
77bdbeb0-edb0613f.jpg,motion_blur,7,26.19,,,37,7,True,False
77dca577-16a39ea0.jpg,motion_blur,7,21.48,44,8,,,False,True
77f810c4-43a39c1f.jpg,motion_blur,7,24.52,,,,,True,True
7814206e-8e991d51.jpg,motion_blur,7,25.74,,,5,1,True,False
7814206e-ea2508d0.jpg,motion_blur,7,26.73,,,10,1,True,False
79e177bc-4d5d3acc.jpg,motion_blur,7,20.84,,,5,33,True,False
7aa4ff0f-9d28d8a4.jpg,motion_blur,7,24.98,,,,,True,True
7ad1174c-373265eb.jpg,motion_blur,7,21.87,,,,,True,True
7b268b98-e0ec16c3.jpg,motion_blur,7,25.2,,,4,9,True,False
7c5a2048-332896ea.jpg,motion_blur,7,22.99,,,,,True,True
7c5d50c5-7292de37.jpg,motion_blur,7,24.41,1,10,,,False,True
7d1fe115-936a2f47.jpg,motion_blur,7,26.54,,,22,12,True,False
7dc2914d-a20a969a.jpg,motion_blur,7,27.64,,,20,5,True,False
7e4ab78b-4a62c63e.jpg,motion_blur,7,23.55,31,23,,,False,True
7e590c49-93f03732.jpg,motion_blur,7,19.98,,,,,True,True
7ed57d0a-d7bcc13d.jpg,motion_blur,7,22.67,,,,,True,True
7f0ef682-c93899df.jpg,motion_blur,7,21.57,,,,,True,True
7f4ac354-777de900.jpg,motion_blur,7,20.34,2,62,45,47,False,False
7f9bdf0d-c0e0061f.jpg,motion_blur,7,18.74,,,,,True,True
7fd14da9-a855494b.jpg,motion_blur,7,28.04,3,13,,,False,True
801bff84-a72998c7.jpg,motion_blur,7,19.77,,,19,7,True,False
8073de38-f7eab6ec.jpg,motion_blur,7,22.9,,,15,17,True,False
8082ea05-1a7bcd47.jpg,motion_blur,7,22.0,7,8,61,88,False,False
80ecebc0-ca9605f4.jpg,motion_blur,7,30.87,,,,,True,True
81ec3b39-1951f79e.jpg,motion_blur,7,23.48,,,,,True,True
82b14c0c-79b99258.jpg,motion_blur,7,20.03,,,22,9,True,False
82b5fc3b-90cadd1b.jpg,motion_blur,7,19.08,,,,,True,True
82f03471-8e304dd5.jpg,motion_blur,7,21.64,131,28,,,False,True
836fa13a-d6058a12.jpg,motion_blur,7,27.92,,,37,31,True,False
84fb3f59-7d5d1fa4.jpg,motion_blur,7,21.61,,,,,True,True
8542b4da-7795bcfd.jpg,motion_blur,7,28.52,80,32,,,False,True
85f3f250-1fef85ac.jpg,motion_blur,7,21.22,,,,,True,True
87ca2979-d5158824.jpg,motion_blur,7,23.14,,,0,8,True,False
889b7dda-77f16103.jpg,motion_blur,7,20.8,,,,,True,True
88dbf01a-d8b35dee.jpg,motion_blur,7,25.49,3,18,,,False,True
897223bc-6938f1ab.jpg,motion_blur,7,23.64,,,,,True,True
89b7454d-880eacbd.jpg,motion_blur,7,19.67,,,,,True,True
89e85e71-7dd0a7b6.jpg,motion_blur,7,22.47,4,23,0,1,False,False
8a4fbffe-47866ce9.jpg,motion_blur,7,21.81,,,,,True,True
8a76c101-8bcefc32.jpg,motion_blur,7,24.83,,,,,True,True
8b7ef6c4-6bbcf25f.jpg,motion_blur,7,21.9,,,,,True,True
8bac644e-e0437ead.jpg,motion_blur,7,25.26,,,,,True,True
8c94c649-8ba62efa.jpg,motion_blur,7,22.91,9,0,,,False,True
8c9bbaa9-34934b66.jpg,motion_blur,7,25.07,,,,,True,True
0049e5b8-725e21a0.jpg,motion_blur,8,24.21,83,16,0,5,False,False
0081e27b-17bf4a9e.jpg,motion_blur,8,23.82,,,,,True,True
00beeb02-50440dcd.jpg,motion_blur,8,21.66,,,17,1,True,False
00d4b6b7-7d0a60bf.jpg,motion_blur,8,21.68,,,,,True,True
01118704-2d838d7f.jpg,motion_blur,8,21.29,,,,,True,True
0115917e-14907a6a.jpg,motion_blur,8,22.7,,,3,1,True,False
02188a44-65ad27f3.jpg,motion_blur,8,21.89,,,,,True,True
02494b7b-079febf8.jpg,motion_blur,8,21.67,,,29,14,True,False
029ffd50-dc944dba.jpg,motion_blur,8,20.71,,,,,True,True
0464a98b-860229d5.jpg,motion_blur,8,19.68,,,,,True,True
051aadb7-51aad566.jpg,motion_blur,8,25.29,,,,,True,True
051aadb7-e953bc4d.jpg,motion_blur,8,20.1,,,,,True,True
05743a9b-747658e7.jpg,motion_blur,8,25.26,,,3,23,True,False
057af272-6f700aef.jpg,motion_blur,8,25.94,,,,,True,True
05d62296-30c620d5.jpg,motion_blur,8,21.8,,,,,True,True
05e5a68e-f0e05a42.jpg,motion_blur,8,20.98,,,,,True,True
05fa6494-8f436d04.jpg,motion_blur,8,20.91,,,,,True,True
060039d9-5218402b.jpg,motion_blur,8,19.84,41,3,,,False,True
064aa0d6-f75ff4d5.jpg,motion_blur,8,24.91,,,,,True,True
07de5062-ddddcbd7.jpg,motion_blur,8,27.54,,,,,True,True
088351d1-30833ddc.jpg,motion_blur,8,21.69,,,,,True,True
08a49c01-675d3899.jpg,motion_blur,8,27.24,,,,,True,True
08d4285a-4a25b9b6.jpg,motion_blur,8,20.0,,,,,True,True
09ac21d6-eefa8ed0.jpg,motion_blur,8,16.76,,,3,10,True,False
0a0a0b1a-7c39d841.jpg,motion_blur,8,26.27,,,,,True,True
0af6039a-f3c91319.jpg,motion_blur,8,20.76,,,,,True,True
0b2f5d0d-8fddc1fc.jpg,motion_blur,8,20.21,,,158,251,True,False
0b4225f9-bfb10f88.jpg,motion_blur,8,23.97,,,,,True,True
0ba08fe3-880ae118.jpg,motion_blur,8,23.66,,,,,True,True
0c2f33b9-f94d69b5.jpg,motion_blur,8,23.25,,,,,True,True
0c984e6d-2b5d7ee4.jpg,motion_blur,8,25.71,,,,,True,True
0cb67a01-7cf1687e.jpg,motion_blur,8,22.12,80,353,,,False,True
0cc6f3e8-b4c9e348.jpg,motion_blur,8,20.86,,,,,True,True
0cf398b3-ce65ab64.jpg,motion_blur,8,13.59,,,,,True,True
0d3ec56a-f4cead6f.jpg,motion_blur,8,23.97,,,,,True,True
0d61234a-542010b2.jpg,motion_blur,8,20.72,9,10,19,3,False,False
0e442b65-b17e0b50.jpg,motion_blur,8,24.69,,,,,True,True
0e5c7e92-0d9c60f0.jpg,motion_blur,8,20.55,,,,,True,True
0f837def-9646c091.jpg,motion_blur,8,24.38,,,3,5,True,False
0fba84f9-73b520ee.jpg,motion_blur,8,22.75,,,,,True,True
101a0964-930eae70.jpg,motion_blur,8,25.3,,,,,True,True
10389fe8-433c740c.jpg,motion_blur,8,18.31,,,,,True,True
10453a95-40759ac3.jpg,motion_blur,8,22.32,,,,,True,True
1072195f-0a161ade.jpg,motion_blur,8,22.07,,,,,True,True
1072195f-6cf88b25.jpg,motion_blur,8,25.38,,,,,True,True
11513e3d-150058c3.jpg,motion_blur,8,22.52,9,13,118,24,False,False
1189ae68-1a8ad3c6.jpg,motion_blur,8,24.84,,,,,True,True
12076ebb-c07285d7.jpg,motion_blur,8,20.45,,,345,314,True,False
125134e5-7dfc45b9.jpg,motion_blur,8,25.83,,,,,True,True
12ae9ab8-794f5adc.jpg,motion_blur,8,21.34,,,,,True,True
13f61134-50021e53.jpg,motion_blur,8,22.88,,,,,True,True
14eace5a-ddf3b303.jpg,motion_blur,8,26.36,,,,,True,True
1608cfe7-32da2c5d.jpg,motion_blur,8,21.3,,,,,True,True
162995f1-d2c7d259.jpg,motion_blur,8,23.15,,,,,True,True
16b0973f-c07b564a.jpg,motion_blur,8,23.36,,,,,True,True
1784d67b-6b223914.jpg,motion_blur,8,24.47,,,,,True,True
1784d67b-d76145ce.jpg,motion_blur,8,25.38,,,,,True,True
188c58f3-792afc71.jpg,motion_blur,8,22.1,3,14,,,False,True
193f7f3b-84bc7998.jpg,motion_blur,8,24.14,,,,,True,True
194058b0-ac0616a6.jpg,motion_blur,8,20.2,,,,,True,True
19e56249-09c4bbc6.jpg,motion_blur,8,25.6,,,,,True,True
1a71faae-d5f255fd.jpg,motion_blur,8,21.68,,,,,True,True
1a8992a7-da5a8510.jpg,motion_blur,8,23.2,,,,,True,True
1ac0178c-0b259360.jpg,motion_blur,8,28.41,,,,,True,True
1b30f76f-95aa8a06.jpg,motion_blur,8,23.45,,,,,True,True
1bda5a26-420ceea6.jpg,motion_blur,8,23.19,,,,,True,True
1bf7f3d2-15f95138.jpg,motion_blur,8,22.3,,,11,11,True,False
1c227a12-10e5552c.jpg,motion_blur,8,25.09,,,,,True,True
1c227a12-ec67af93.jpg,motion_blur,8,22.99,,,,,True,True
1c5e9657-2e2a2863.jpg,motion_blur,8,25.26,,,,,True,True
1cb2a89b-4594573e.jpg,motion_blur,8,21.58,,,,,True,True
1cf54809-c6daa5a9.jpg,motion_blur,8,17.46,,,4,20,True,False
1d5e05f8-5020f67d.jpg,motion_blur,8,18.95,,,,,True,True
1e57ae90-806bc767.jpg,motion_blur,8,25.49,,,7,47,True,False
1f959fdd-6ff63d34.jpg,motion_blur,8,20.51,,,,,True,True
1fa65acf-d43367bc.jpg,motion_blur,8,18.58,,,,,True,True
20cfadfa-47711496.jpg,motion_blur,8,23.82,37,121,4,50,False,False
20cfadfa-6f87fdc1.jpg,motion_blur,8,25.25,13,7,20,23,False,False
225a1858-0e3a4b04.jpg,motion_blur,8,21.41,,,,,True,True
22be2f14-59fbdca0.jpg,motion_blur,8,21.64,,,5,10,True,False
23333f35-0cbc3f0f.jpg,motion_blur,8,22.07,110,3,,,False,True
23df146f-64b50e4c.jpg,motion_blur,8,23.55,35,3,,,False,True
24392d7c-998011c2.jpg,motion_blur,8,23.45,,,,,True,True
250e7595-b14da270.jpg,motion_blur,8,19.1,,,,,True,True
26190b83-39ccb412.jpg,motion_blur,8,20.19,,,29,5,True,False
272d52f6-8aac36b3.jpg,motion_blur,8,18.02,,,,,True,True
2752681a-e813599a.jpg,motion_blur,8,22.77,,,,,True,True
27645526-f038b033.jpg,motion_blur,8,17.09,6,9,,,False,True
2773af6f-23e23a6b.jpg,motion_blur,8,20.78,,,,,True,True
28faf684-03ef4c6e.jpg,motion_blur,8,25.28,,,5,8,True,False
292720ee-d847ee69.jpg,motion_blur,8,29.02,,,,,True,True
2b54fe2d-c5b810e6.jpg,motion_blur,8,18.92,,,15,1,True,False
2b605c48-8dfe352b.jpg,motion_blur,8,20.24,,,3,4,True,False
2beccce2-354608e2.jpg,motion_blur,8,22.59,,,,,True,True
2c87e51d-aa7a8031.jpg,motion_blur,8,25.97,182,26,,,False,True
2ce0b449-e818dc97.jpg,motion_blur,8,24.87,,,,,True,True
2cf976a2-479cd46b.jpg,motion_blur,8,18.44,,,,,True,True
2e2fae77-b7497ca0.jpg,motion_blur,8,17.33,,,,,True,True
2ead8042-2493c03f.jpg,motion_blur,8,20.47,7,7,,,False,True
2f1864c1-1a17d11c.jpg,motion_blur,8,18.34,,,,,True,True
2f879dc0-b09e4824.jpg,motion_blur,8,19.65,,,16,14,True,False
2fc9ad1e-ee4c9e43.jpg,motion_blur,8,25.24,,,,,True,True
3050b249-0ffbd6ec.jpg,motion_blur,8,23.51,,,,,True,True
314cc010-3eab5c90.jpg,motion_blur,8,24.95,,,,,True,True
31765c6b-90b0d612.jpg,motion_blur,8,21.94,,,,,True,True
31cf6eba-5c84c636.jpg,motion_blur,8,18.9,,,,,True,True
32de2244-122f1783.jpg,motion_blur,8,25.75,,,,,True,True
33420085-32996107.jpg,motion_blur,8,27.68,,,,,True,True
3430a5e6-00ec38d2.jpg,motion_blur,8,12.58,,,,,True,True
35eb46d0-8f7e28a0.jpg,motion_blur,8,26.35,,,11,25,True,False
3735fc3d-69d8b80c.jpg,motion_blur,8,21.72,,,,,True,True
3740cd4f-ff1d423d.jpg,motion_blur,8,20.95,,,,,True,True
375abba2-9f2ed56c.jpg,motion_blur,8,23.3,,,,,True,True
37723e55-31730cf5.jpg,motion_blur,8,20.04,,,,,True,True
380a3f8e-ba4f0def.jpg,motion_blur,8,26.81,,,,,True,True
385b0f61-1aee12ef.jpg,motion_blur,8,22.44,,,,,True,True
3865fea7-b4fe472d.jpg,motion_blur,8,22.11,,,,,True,True
38e561dd-8ea8ae2d.jpg,motion_blur,8,22.03,22,1,56,177,False,False
38ed8d8d-93c48de2.jpg,motion_blur,8,24.23,20,13,,,False,True
38ed8d8d-b1c230ef.jpg,motion_blur,8,24.59,51,15,,,False,True
38ed8d8d-fa50400c.jpg,motion_blur,8,23.65,,,,,True,True
3900ad8c-8834019f.jpg,motion_blur,8,24.15,,,,,True,True
39ddb110-04604b9c.jpg,motion_blur,8,18.81,,,,,True,True
39fc6d1c-6155351d.jpg,motion_blur,8,24.84,,,,,True,True
3a278d39-b92df256.jpg,motion_blur,8,20.75,,,6,9,True,False
3a3407a2-df8ea956.jpg,motion_blur,8,19.22,,,,,True,True
3ad0c4a7-2a3d544e.jpg,motion_blur,8,20.99,,,,,True,True
3b1e1bc1-ee64e36e.jpg,motion_blur,8,19.21,,,,,True,True
3b44ef5a-c09e8479.jpg,motion_blur,8,19.29,,,,,True,True
3b563c5e-0102edaf.jpg,motion_blur,8,23.16,,,,,True,True
3b9716a6-d2566395.jpg,motion_blur,8,23.67,,,,,True,True
3c0bbdc2-79baffce.jpg,motion_blur,8,26.04,,,,,True,True
3c5752b6-9c0bdf98.jpg,motion_blur,8,18.63,,,103,36,True,False
3c95ae26-68abac3f.jpg,motion_blur,8,22.69,,,36,2,True,False
3e0f1745-a95a63ad.jpg,motion_blur,8,22.79,,,,,True,True
3f4eb6a6-9eee52f9.jpg,motion_blur,8,22.99,,,,,True,True
3f85a987-1ef4053b.jpg,motion_blur,8,23.39,,,,,True,True
3fe1feaa-10126fec.jpg,motion_blur,8,20.74,,,,,True,True
3ffdaa26-b394f6f8.jpg,motion_blur,8,19.05,,,3,1,True,False
4027c10d-41d54e9b.jpg,motion_blur,8,23.54,,,,,True,True
428e99ea-4166e549.jpg,motion_blur,8,23.93,93,3,,,False,True
42e0dd11-74b81997.jpg,motion_blur,8,28.81,,,,,True,True
430395d1-931c959e.jpg,motion_blur,8,22.39,,,,,True,True
43126e0d-495d04a5.jpg,motion_blur,8,24.41,,,,,True,True
43126e0d-cce96832.jpg,motion_blur,8,24.0,,,,,True,True
432f9e20-83a0d96c.jpg,motion_blur,8,21.38,,,,,True,True
43c7ed5c-b0690325.jpg,motion_blur,8,22.03,,,14,12,True,False
44cc16d9-d2e06fd6.jpg,motion_blur,8,17.78,,,,,True,True
45bafa98-1ee18a2f.jpg,motion_blur,8,21.91,,,27,7,True,False
46d048a1-8f7f385c.jpg,motion_blur,8,22.4,,,,,True,True
46f76df9-8bf77914.jpg,motion_blur,8,22.83,,,,,True,True
480263a0-5aad7ae9.jpg,motion_blur,8,16.2,,,,,True,True
488480d6-b94cf415.jpg,motion_blur,8,20.43,25,3,1,75,False,False
48ed707e-5062e4c3.jpg,motion_blur,8,22.0,,,,,True,True
4a289ff2-7da7feb6.jpg,motion_blur,8,22.3,,,163,24,True,False
4a31f3e3-ac7ed780.jpg,motion_blur,8,23.43,,,,,True,True
4b2e1dde-65b54419.jpg,motion_blur,8,22.51,,,,,True,True
4d4a590b-4332c5ab.jpg,motion_blur,8,30.29,,,,,True,True
5069db50-52f5af30.jpg,motion_blur,8,26.77,,,,,True,True
50866f46-30d1f303.jpg,motion_blur,8,20.91,,,,,True,True
50b115d6-4b08a666.jpg,motion_blur,8,19.27,,,,,True,True
50b2e757-6c7d0f63.jpg,motion_blur,8,20.96,,,,,True,True
50d0fd05-8db58ebd.jpg,motion_blur,8,24.1,,,,,True,True
510671e9-603795e0.jpg,motion_blur,8,20.82,,,,,True,True
514a6d58-0790e0cd.jpg,motion_blur,8,22.98,,,,,True,True
5150bb50-300d52ce.jpg,motion_blur,8,22.45,,,6,27,True,False
52799e9e-8c8673f3.jpg,motion_blur,8,23.27,1,13,12,2,False,False
52bda346-fd8ac6e7.jpg,motion_blur,8,23.55,,,,,True,True
534418ba-ee05398f.jpg,motion_blur,8,23.81,,,,,True,True
54360b72-e00a3f70.jpg,motion_blur,8,20.32,,,,,True,True
554d7cd5-a32486dd.jpg,motion_blur,8,25.62,,,,,True,True
559fed19-7893646f.jpg,motion_blur,8,21.57,,,,,True,True
57165857-e4d4a47f.jpg,motion_blur,8,23.22,,,,,True,True
5795bfe7-a599384a.jpg,motion_blur,8,20.57,,,,,True,True
57ac74e2-e86131f1.jpg,motion_blur,8,23.32,,,,,True,True
57b495f2-6da6b1e5.jpg,motion_blur,8,28.77,,,,,True,True
585443c8-2621a6b1.jpg,motion_blur,8,24.69,8,10,,,False,True
5877b384-2545daf4.jpg,motion_blur,8,19.73,39,23,,,False,True
587bb1bf-1aa00fe5.jpg,motion_blur,8,22.59,,,,,True,True
5995c288-2d152172.jpg,motion_blur,8,21.36,,,,,True,True
59cde7c7-344bffb1.jpg,motion_blur,8,24.66,,,,,True,True
5a8f9b5d-1fdfd2d4.jpg,motion_blur,8,23.35,,,,,True,True
5ae83f9c-da990b49.jpg,motion_blur,8,20.6,,,7,30,True,False
5b2b4881-67a6cb87.jpg,motion_blur,8,21.96,,,,,True,True
5b2fd56a-37759b05.jpg,motion_blur,8,25.93,,,,,True,True
5b4b0b07-2fb56b82.jpg,motion_blur,8,21.37,,,,,True,True
5bc44a50-c371c4d0.jpg,motion_blur,8,17.9,125,9,,,False,True
5c4004b7-bf3b7941.jpg,motion_blur,8,24.78,,,,,True,True
5c534f5f-a76c7f4b.jpg,motion_blur,8,24.0,,,,,True,True
5c5dc708-35460444.jpg,motion_blur,8,21.62,,,,,True,True
5da6c6b6-76c54605.jpg,motion_blur,8,22.29,,,,,True,True
5dc5141c-5890b5b1.jpg,motion_blur,8,24.22,,,,,True,True
5dd831da-bd00cf03.jpg,motion_blur,8,21.01,,,,,True,True
5dfb063f-7bd23d5c.jpg,motion_blur,8,24.96,,,,,True,True
5e0b701e-d443d8c2.jpg,motion_blur,8,21.35,,,,,True,True
5e26f49d-0bc53c7e.jpg,motion_blur,8,27.93,,,,,True,True
5e26f49d-9271bf00.jpg,motion_blur,8,21.25,,,,,True,True
5e625ec3-7b4fc682.jpg,motion_blur,8,27.15,,,,,True,True
5f9387ff-330136ae.jpg,motion_blur,8,22.65,,,,,True,True
5fa17a25-88b8e6b9.jpg,motion_blur,8,25.8,,,,,True,True
5fa422e1-2d8dd765.jpg,motion_blur,8,21.2,,,,,True,True
5fb2a702-f56a339c.jpg,motion_blur,8,23.59,10,8,31,3,False,False
6011831b-0992e205.jpg,motion_blur,8,20.36,16,25,,,False,True
60137cc0-428b8f5b.jpg,motion_blur,8,21.24,,,,,True,True
604b5b3e-3c2e6b6b.jpg,motion_blur,8,20.22,,,,,True,True
6092f5a2-424550ba.jpg,motion_blur,8,24.04,25,6,,,False,True
60ba25dd-6c0df417.jpg,motion_blur,8,24.65,,,,,True,True
60c678e7-4813ae0f.jpg,motion_blur,8,18.24,15,23,,,False,True
614ecada-16b0f8b6.jpg,motion_blur,8,23.13,51,4,,,False,True
61e4ad87-53ceb455.jpg,motion_blur,8,24.15,,,,,True,True
6240d7b3-b51b5788.jpg,motion_blur,8,22.09,,,,,True,True
62aefb36-b685117f.jpg,motion_blur,8,23.66,,,32,53,True,False
634c1785-3bb9a8a2.jpg,motion_blur,8,26.36,,,,,True,True
634c1785-aeb1652f.jpg,motion_blur,8,24.99,,,6,25,True,False
63f73472-028615f1.jpg,motion_blur,8,22.59,,,,,True,True
6485ad0a-245d1600.jpg,motion_blur,8,24.45,,,,,True,True
648dc925-e359dbec.jpg,motion_blur,8,26.97,26,14,,,False,True
65edc5a1-f309fed7.jpg,motion_blur,8,23.84,,,,,True,True
661381d9-1114a810.jpg,motion_blur,8,20.49,,,,,True,True
664cb246-f84cfaf4.jpg,motion_blur,8,17.89,,,,,True,True
675cf8fa-4b1ce8b9.jpg,motion_blur,8,20.38,,,,,True,True
67faeadf-eb09a636.jpg,motion_blur,8,22.95,,,3,4,True,False
691be377-5dbc29ee.jpg,motion_blur,8,26.44,,,3,9,True,False
692f1303-05178963.jpg,motion_blur,8,22.64,,,,,True,True
692f9b08-bdbbd729.jpg,motion_blur,8,26.45,,,21,4,True,False
69bfbe31-5ee2a642.jpg,motion_blur,8,20.79,,,,,True,True
69cf7667-68f59649.jpg,motion_blur,8,23.39,,,2,3,True,False
69cf7667-7eb40860.jpg,motion_blur,8,22.11,,,,,True,True
6a44fb9a-05a3dd18.jpg,motion_blur,8,23.43,33,4,24,2,False,False
6a793e80-4f5e207f.jpg,motion_blur,8,26.52,6,16,,,False,True
6a82c0d6-b31f6b90.jpg,motion_blur,8,23.99,,,,,True,True
6a8d218d-14e4fa28.jpg,motion_blur,8,26.48,,,,,True,True
6ad110c3-789e7724.jpg,motion_blur,8,18.77,,,,,True,True
6b15392a-3a1699fd.jpg,motion_blur,8,21.37,,,5,6,True,False
6b784eee-0a5a2c89.jpg,motion_blur,8,21.35,,,,,True,True
6bb5a881-15e5c2c4.jpg,motion_blur,8,26.05,,,,,True,True
6bd41587-d65ba5b4.jpg,motion_blur,8,23.16,,,,,True,True
6d0d7bef-fb11b6e1.jpg,motion_blur,8,25.75,,,,,True,True
6d57736c-a35808b9.jpg,motion_blur,8,28.33,,,9,4,True,False
6d8a6d94-00a7ad92.jpg,motion_blur,8,25.18,,,,,True,True
6eeed3fa-87a1b0c9.jpg,motion_blur,8,25.12,84,1,,,False,True
701992bd-8a457895.jpg,motion_blur,8,24.64,1,13,,,False,True
7171644d-4e74752e.jpg,motion_blur,8,21.43,,,,,True,True
7171644d-ee92c71e.jpg,motion_blur,8,23.41,,,,,True,True
72f22fa5-8af4615c.jpg,motion_blur,8,18.81,,,,,True,True
72fd00fe-aeadfc89.jpg,motion_blur,8,27.44,,,,,True,True
730c67a5-563e9b1f.jpg,motion_blur,8,27.67,,,,,True,True
738a2bcd-7a6fde0d.jpg,motion_blur,8,26.14,,,,,True,True
73aff960-d46366ec.jpg,motion_blur,8,22.48,,,,,True,True
73d338d6-edf0b3db.jpg,motion_blur,8,25.19,,,,,True,True
75ad1fff-77299093.jpg,motion_blur,8,23.46,,,,,True,True
75f5f52c-6b67e736.jpg,motion_blur,8,14.94,,,,,True,True
777005a8-14c739ad.jpg,motion_blur,8,25.87,,,,,True,True
7771e03b-832e52c0.jpg,motion_blur,8,24.72,,,,,True,True
7771e03b-a8f9d50c.jpg,motion_blur,8,22.64,,,12,4,True,False
7797fea2-c37f9856.jpg,motion_blur,8,22.66,,,,,True,True
77bdbeb0-edb0613f.jpg,motion_blur,8,25.64,,,0,10,True,False
77dca577-16a39ea0.jpg,motion_blur,8,21.0,,,,,True,True
77f810c4-43a39c1f.jpg,motion_blur,8,24.17,,,,,True,True
7814206e-8e991d51.jpg,motion_blur,8,25.14,,,2,11,True,False
7814206e-ea2508d0.jpg,motion_blur,8,26.16,,,5,2,True,False
79e177bc-4d5d3acc.jpg,motion_blur,8,20.38,,,56,63,True,False
7aa4ff0f-9d28d8a4.jpg,motion_blur,8,24.53,,,,,True,True
7ad1174c-373265eb.jpg,motion_blur,8,21.32,,,,,True,True
7b268b98-e0ec16c3.jpg,motion_blur,8,24.71,,,12,8,True,False
7c5a2048-332896ea.jpg,motion_blur,8,22.52,,,,,True,True
7c5d50c5-7292de37.jpg,motion_blur,8,23.84,,,,,True,True
7d1fe115-936a2f47.jpg,motion_blur,8,25.98,,,8,3,True,False
7dc2914d-a20a969a.jpg,motion_blur,8,27.04,,,,,True,True
7e4ab78b-4a62c63e.jpg,motion_blur,8,23.03,,,,,True,True
7e590c49-93f03732.jpg,motion_blur,8,19.54,,,,,True,True
7ed57d0a-d7bcc13d.jpg,motion_blur,8,22.11,,,,,True,True
7f0ef682-c93899df.jpg,motion_blur,8,20.97,,,,,True,True
7f4ac354-777de900.jpg,motion_blur,8,19.91,,,,,True,True
7f9bdf0d-c0e0061f.jpg,motion_blur,8,18.24,,,,,True,True
7fd14da9-a855494b.jpg,motion_blur,8,27.35,21,16,,,False,True
801bff84-a72998c7.jpg,motion_blur,8,19.28,,,,,True,True
8073de38-f7eab6ec.jpg,motion_blur,8,22.43,,,,,True,True
8082ea05-1a7bcd47.jpg,motion_blur,8,21.56,,,,,True,True
80ecebc0-ca9605f4.jpg,motion_blur,8,30.3,,,,,True,True
81ec3b39-1951f79e.jpg,motion_blur,8,22.97,,,,,True,True
82b14c0c-79b99258.jpg,motion_blur,8,19.57,,,,,True,True
82b5fc3b-90cadd1b.jpg,motion_blur,8,18.57,,,,,True,True
82f03471-8e304dd5.jpg,motion_blur,8,21.11,44,10,,,False,True
836fa13a-d6058a12.jpg,motion_blur,8,27.37,,,,,True,True
84fb3f59-7d5d1fa4.jpg,motion_blur,8,21.1,,,,,True,True
8542b4da-7795bcfd.jpg,motion_blur,8,27.85,,,,,True,True
85f3f250-1fef85ac.jpg,motion_blur,8,20.67,,,,,True,True
87ca2979-d5158824.jpg,motion_blur,8,22.64,,,,,True,True
889b7dda-77f16103.jpg,motion_blur,8,20.32,,,,,True,True
88dbf01a-d8b35dee.jpg,motion_blur,8,25.02,,,,,True,True
897223bc-6938f1ab.jpg,motion_blur,8,23.22,,,,,True,True
89b7454d-880eacbd.jpg,motion_blur,8,19.26,,,,,True,True
89e85e71-7dd0a7b6.jpg,motion_blur,8,21.93,9,10,12,0,False,False
8a4fbffe-47866ce9.jpg,motion_blur,8,21.26,,,,,True,True
8a76c101-8bcefc32.jpg,motion_blur,8,24.27,,,,,True,True
8b7ef6c4-6bbcf25f.jpg,motion_blur,8,21.44,,,,,True,True
8bac644e-e0437ead.jpg,motion_blur,8,24.78,,,,,True,True
8c94c649-8ba62efa.jpg,motion_blur,8,22.46,13,8,,,False,True
8c9bbaa9-34934b66.jpg,motion_blur,8,24.49,,,,,True,True
0049e5b8-725e21a0.jpg,motion_blur,9,23.82,,,,,True,True
0081e27b-17bf4a9e.jpg,motion_blur,9,23.45,,,,,True,True
00beeb02-50440dcd.jpg,motion_blur,9,21.28,,,,,True,True
00d4b6b7-7d0a60bf.jpg,motion_blur,9,21.28,,,,,True,True
01118704-2d838d7f.jpg,motion_blur,9,20.88,,,,,True,True
0115917e-14907a6a.jpg,motion_blur,9,22.27,,,13,6,True,False
02188a44-65ad27f3.jpg,motion_blur,9,21.5,,,,,True,True
02494b7b-079febf8.jpg,motion_blur,9,21.23,,,,,True,True
029ffd50-dc944dba.jpg,motion_blur,9,20.33,,,,,True,True
0464a98b-860229d5.jpg,motion_blur,9,19.29,,,,,True,True
051aadb7-51aad566.jpg,motion_blur,9,24.88,,,,,True,True
051aadb7-e953bc4d.jpg,motion_blur,9,19.78,,,,,True,True
05743a9b-747658e7.jpg,motion_blur,9,24.8,,,,,True,True
057af272-6f700aef.jpg,motion_blur,9,25.51,,,,,True,True
05d62296-30c620d5.jpg,motion_blur,9,21.37,,,,,True,True
05e5a68e-f0e05a42.jpg,motion_blur,9,20.61,,,,,True,True
05fa6494-8f436d04.jpg,motion_blur,9,20.52,,,,,True,True
060039d9-5218402b.jpg,motion_blur,9,19.27,37,4,,,False,True
064aa0d6-f75ff4d5.jpg,motion_blur,9,24.35,,,,,True,True
07de5062-ddddcbd7.jpg,motion_blur,9,27.02,,,,,True,True
088351d1-30833ddc.jpg,motion_blur,9,21.29,,,,,True,True
08a49c01-675d3899.jpg,motion_blur,9,26.82,,,,,True,True
08d4285a-4a25b9b6.jpg,motion_blur,9,19.64,,,,,True,True
09ac21d6-eefa8ed0.jpg,motion_blur,9,16.42,,,,,True,True
0a0a0b1a-7c39d841.jpg,motion_blur,9,25.72,,,,,True,True
0af6039a-f3c91319.jpg,motion_blur,9,20.34,,,,,True,True
0b2f5d0d-8fddc1fc.jpg,motion_blur,9,19.77,,,,,True,True
0b4225f9-bfb10f88.jpg,motion_blur,9,23.6,,,,,True,True
0ba08fe3-880ae118.jpg,motion_blur,9,23.22,,,,,True,True
0c2f33b9-f94d69b5.jpg,motion_blur,9,22.78,,,,,True,True
0c984e6d-2b5d7ee4.jpg,motion_blur,9,25.25,,,,,True,True
0cb67a01-7cf1687e.jpg,motion_blur,9,21.73,81,349,,,False,True
0cc6f3e8-b4c9e348.jpg,motion_blur,9,20.5,,,,,True,True
0cf398b3-ce65ab64.jpg,motion_blur,9,13.0,,,,,True,True
0d3ec56a-f4cead6f.jpg,motion_blur,9,23.6,,,,,True,True
0d61234a-542010b2.jpg,motion_blur,9,20.09,49,10,14,9,False,False
0e442b65-b17e0b50.jpg,motion_blur,9,24.26,,,,,True,True
0e5c7e92-0d9c60f0.jpg,motion_blur,9,20.09,,,,,True,True
0f837def-9646c091.jpg,motion_blur,9,24.04,,,9,6,True,False
0fba84f9-73b520ee.jpg,motion_blur,9,22.36,,,,,True,True
101a0964-930eae70.jpg,motion_blur,9,24.67,,,,,True,True
10389fe8-433c740c.jpg,motion_blur,9,17.89,,,,,True,True
10453a95-40759ac3.jpg,motion_blur,9,21.94,,,,,True,True
1072195f-0a161ade.jpg,motion_blur,9,21.69,,,,,True,True
1072195f-6cf88b25.jpg,motion_blur,9,24.97,,,,,True,True
11513e3d-150058c3.jpg,motion_blur,9,22.08,11,15,,,False,True
1189ae68-1a8ad3c6.jpg,motion_blur,9,24.49,,,,,True,True
12076ebb-c07285d7.jpg,motion_blur,9,20.06,,,,,True,True
125134e5-7dfc45b9.jpg,motion_blur,9,25.48,,,,,True,True
12ae9ab8-794f5adc.jpg,motion_blur,9,20.92,,,,,True,True
13f61134-50021e53.jpg,motion_blur,9,22.46,,,,,True,True
14eace5a-ddf3b303.jpg,motion_blur,9,25.9,,,,,True,True
1608cfe7-32da2c5d.jpg,motion_blur,9,20.89,,,,,True,True
162995f1-d2c7d259.jpg,motion_blur,9,22.68,,,,,True,True
16b0973f-c07b564a.jpg,motion_blur,9,22.89,,,,,True,True
1784d67b-6b223914.jpg,motion_blur,9,24.06,,,,,True,True
1784d67b-d76145ce.jpg,motion_blur,9,24.92,,,101,59,True,False
188c58f3-792afc71.jpg,motion_blur,9,21.67,4,18,,,False,True
193f7f3b-84bc7998.jpg,motion_blur,9,23.67,,,,,True,True
194058b0-ac0616a6.jpg,motion_blur,9,19.79,,,,,True,True
19e56249-09c4bbc6.jpg,motion_blur,9,25.23,,,,,True,True
1a71faae-d5f255fd.jpg,motion_blur,9,21.32,,,,,True,True
1a8992a7-da5a8510.jpg,motion_blur,9,22.58,,,,,True,True
1ac0178c-0b259360.jpg,motion_blur,9,27.97,,,,,True,True
1b30f76f-95aa8a06.jpg,motion_blur,9,22.96,,,,,True,True
1bda5a26-420ceea6.jpg,motion_blur,9,22.63,,,,,True,True
1bf7f3d2-15f95138.jpg,motion_blur,9,21.87,,,45,26,True,False
1c227a12-10e5552c.jpg,motion_blur,9,24.73,,,,,True,True
1c227a12-ec67af93.jpg,motion_blur,9,22.66,,,,,True,True
1c5e9657-2e2a2863.jpg,motion_blur,9,24.81,,,,,True,True
1cb2a89b-4594573e.jpg,motion_blur,9,21.1,,,,,True,True
1cf54809-c6daa5a9.jpg,motion_blur,9,17.14,,,,,True,True
1d5e05f8-5020f67d.jpg,motion_blur,9,18.56,,,,,True,True
1e57ae90-806bc767.jpg,motion_blur,9,25.03,,,,,True,True
1f959fdd-6ff63d34.jpg,motion_blur,9,20.09,,,,,True,True
1fa65acf-d43367bc.jpg,motion_blur,9,18.17,,,,,True,True
20cfadfa-47711496.jpg,motion_blur,9,23.35,42,142,,,False,True
20cfadfa-6f87fdc1.jpg,motion_blur,9,24.63,1,1,28,56,False,False
225a1858-0e3a4b04.jpg,motion_blur,9,21.0,,,,,True,True
22be2f14-59fbdca0.jpg,motion_blur,9,21.14,,,9,8,True,False
23333f35-0cbc3f0f.jpg,motion_blur,9,21.76,,,,,True,True
23df146f-64b50e4c.jpg,motion_blur,9,23.04,38,3,,,False,True
24392d7c-998011c2.jpg,motion_blur,9,23.04,,,,,True,True
250e7595-b14da270.jpg,motion_blur,9,18.71,,,,,True,True
26190b83-39ccb412.jpg,motion_blur,9,19.77,,,,,True,True
272d52f6-8aac36b3.jpg,motion_blur,9,17.53,,,,,True,True
2752681a-e813599a.jpg,motion_blur,9,22.39,,,,,True,True
27645526-f038b033.jpg,motion_blur,9,16.73,,,209,69,True,False
2773af6f-23e23a6b.jpg,motion_blur,9,20.38,,,,,True,True
28faf684-03ef4c6e.jpg,motion_blur,9,24.78,,,,,True,True
292720ee-d847ee69.jpg,motion_blur,9,28.51,,,,,True,True
2b54fe2d-c5b810e6.jpg,motion_blur,9,18.49,,,,,True,True
2b605c48-8dfe352b.jpg,motion_blur,9,19.78,,,,,True,True
2beccce2-354608e2.jpg,motion_blur,9,22.2,,,,,True,True
2c87e51d-aa7a8031.jpg,motion_blur,9,25.5,,,,,True,True
2ce0b449-e818dc97.jpg,motion_blur,9,24.39,,,,,True,True
2cf976a2-479cd46b.jpg,motion_blur,9,18.02,,,,,True,True
2e2fae77-b7497ca0.jpg,motion_blur,9,17.0,,,21,0,True,False
2ead8042-2493c03f.jpg,motion_blur,9,19.9,,,,,True,True
2f1864c1-1a17d11c.jpg,motion_blur,9,17.93,,,,,True,True
2f879dc0-b09e4824.jpg,motion_blur,9,19.32,,,,,True,True
2fc9ad1e-ee4c9e43.jpg,motion_blur,9,24.74,,,,,True,True
3050b249-0ffbd6ec.jpg,motion_blur,9,23.03,,,,,True,True
314cc010-3eab5c90.jpg,motion_blur,9,24.55,,,,,True,True
31765c6b-90b0d612.jpg,motion_blur,9,21.48,,,,,True,True
31cf6eba-5c84c636.jpg,motion_blur,9,18.6,,,,,True,True
32de2244-122f1783.jpg,motion_blur,9,25.31,,,,,True,True
33420085-32996107.jpg,motion_blur,9,27.15,,,,,True,True
3430a5e6-00ec38d2.jpg,motion_blur,9,12.12,,,,,True,True
35eb46d0-8f7e28a0.jpg,motion_blur,9,25.85,,,22,39,True,False
3735fc3d-69d8b80c.jpg,motion_blur,9,21.34,,,,,True,True
3740cd4f-ff1d423d.jpg,motion_blur,9,20.52,,,,,True,True
375abba2-9f2ed56c.jpg,motion_blur,9,22.9,,,,,True,True
37723e55-31730cf5.jpg,motion_blur,9,19.62,,,,,True,True
380a3f8e-ba4f0def.jpg,motion_blur,9,26.46,,,,,True,True
385b0f61-1aee12ef.jpg,motion_blur,9,22.06,,,,,True,True
3865fea7-b4fe472d.jpg,motion_blur,9,21.66,,,,,True,True
38e561dd-8ea8ae2d.jpg,motion_blur,9,21.67,16,3,,,False,True
38ed8d8d-93c48de2.jpg,motion_blur,9,23.83,58,0,,,False,True
38ed8d8d-b1c230ef.jpg,motion_blur,9,24.16,,,,,True,True
38ed8d8d-fa50400c.jpg,motion_blur,9,23.17,,,,,True,True
3900ad8c-8834019f.jpg,motion_blur,9,23.77,,,,,True,True
39ddb110-04604b9c.jpg,motion_blur,9,18.47,,,,,True,True
39fc6d1c-6155351d.jpg,motion_blur,9,24.31,,,,,True,True
3a278d39-b92df256.jpg,motion_blur,9,20.26,,,,,True,True
3a3407a2-df8ea956.jpg,motion_blur,9,18.75,,,,,True,True
3ad0c4a7-2a3d544e.jpg,motion_blur,9,20.61,,,,,True,True
3b1e1bc1-ee64e36e.jpg,motion_blur,9,18.93,,,,,True,True
3b44ef5a-c09e8479.jpg,motion_blur,9,18.85,,,,,True,True
3b563c5e-0102edaf.jpg,motion_blur,9,22.66,,,,,True,True
3b9716a6-d2566395.jpg,motion_blur,9,23.3,,,,,True,True
3c0bbdc2-79baffce.jpg,motion_blur,9,25.49,,,,,True,True
3c5752b6-9c0bdf98.jpg,motion_blur,9,18.32,,,,,True,True
3c95ae26-68abac3f.jpg,motion_blur,9,22.34,,,15,7,True,False
3e0f1745-a95a63ad.jpg,motion_blur,9,22.34,,,,,True,True
3f4eb6a6-9eee52f9.jpg,motion_blur,9,22.67,,,,,True,True
3f85a987-1ef4053b.jpg,motion_blur,9,22.91,,,,,True,True
3fe1feaa-10126fec.jpg,motion_blur,9,20.34,,,,,True,True
3ffdaa26-b394f6f8.jpg,motion_blur,9,18.72,,,11,10,True,False
4027c10d-41d54e9b.jpg,motion_blur,9,22.99,,,,,True,True
428e99ea-4166e549.jpg,motion_blur,9,23.43,94,4,,,False,True
42e0dd11-74b81997.jpg,motion_blur,9,28.32,,,,,True,True
430395d1-931c959e.jpg,motion_blur,9,21.96,5,15,,,False,True
43126e0d-495d04a5.jpg,motion_blur,9,23.86,,,,,True,True
43126e0d-cce96832.jpg,motion_blur,9,23.55,,,,,True,True
432f9e20-83a0d96c.jpg,motion_blur,9,20.86,,,,,True,True
43c7ed5c-b0690325.jpg,motion_blur,9,21.55,,,,,True,True
44cc16d9-d2e06fd6.jpg,motion_blur,9,17.31,,,,,True,True
45bafa98-1ee18a2f.jpg,motion_blur,9,21.38,,,,,True,True
46d048a1-8f7f385c.jpg,motion_blur,9,21.86,,,,,True,True
46f76df9-8bf77914.jpg,motion_blur,9,22.5,,,,,True,True
480263a0-5aad7ae9.jpg,motion_blur,9,15.9,,,,,True,True
488480d6-b94cf415.jpg,motion_blur,9,20.01,,,,,True,True
48ed707e-5062e4c3.jpg,motion_blur,9,21.57,,,,,True,True
4a289ff2-7da7feb6.jpg,motion_blur,9,21.85,,,,,True,True
4a31f3e3-ac7ed780.jpg,motion_blur,9,23.0,,,,,True,True
4b2e1dde-65b54419.jpg,motion_blur,9,22.12,,,,,True,True
4d4a590b-4332c5ab.jpg,motion_blur,9,29.79,,,,,True,True
5069db50-52f5af30.jpg,motion_blur,9,26.16,,,,,True,True
50866f46-30d1f303.jpg,motion_blur,9,20.58,,,,,True,True
50b115d6-4b08a666.jpg,motion_blur,9,18.87,,,,,True,True
50b2e757-6c7d0f63.jpg,motion_blur,9,20.51,,,,,True,True
50d0fd05-8db58ebd.jpg,motion_blur,9,23.53,,,,,True,True
510671e9-603795e0.jpg,motion_blur,9,20.55,,,,,True,True
514a6d58-0790e0cd.jpg,motion_blur,9,22.48,,,,,True,True
5150bb50-300d52ce.jpg,motion_blur,9,22.11,,,,,True,True
52799e9e-8c8673f3.jpg,motion_blur,9,22.86,,,45,19,True,False
52bda346-fd8ac6e7.jpg,motion_blur,9,23.07,,,,,True,True
534418ba-ee05398f.jpg,motion_blur,9,23.36,,,,,True,True
54360b72-e00a3f70.jpg,motion_blur,9,19.94,,,,,True,True
554d7cd5-a32486dd.jpg,motion_blur,9,25.25,,,,,True,True
559fed19-7893646f.jpg,motion_blur,9,21.24,,,,,True,True
57165857-e4d4a47f.jpg,motion_blur,9,22.69,,,,,True,True
5795bfe7-a599384a.jpg,motion_blur,9,20.1,,,,,True,True
57ac74e2-e86131f1.jpg,motion_blur,9,22.86,,,,,True,True
57b495f2-6da6b1e5.jpg,motion_blur,9,28.2,,,,,True,True
585443c8-2621a6b1.jpg,motion_blur,9,24.31,,,10,13,True,False
5877b384-2545daf4.jpg,motion_blur,9,19.33,,,,,True,True
587bb1bf-1aa00fe5.jpg,motion_blur,9,22.08,,,,,True,True
5995c288-2d152172.jpg,motion_blur,9,21.0,,,,,True,True
59cde7c7-344bffb1.jpg,motion_blur,9,24.16,,,,,True,True
5a8f9b5d-1fdfd2d4.jpg,motion_blur,9,22.94,,,,,True,True
5ae83f9c-da990b49.jpg,motion_blur,9,20.17,,,7,37,True,False
5b2b4881-67a6cb87.jpg,motion_blur,9,21.44,,,,,True,True
5b2fd56a-37759b05.jpg,motion_blur,9,25.45,,,,,True,True
5b4b0b07-2fb56b82.jpg,motion_blur,9,21.01,,,,,True,True
5bc44a50-c371c4d0.jpg,motion_blur,9,17.63,,,,,True,True
5c4004b7-bf3b7941.jpg,motion_blur,9,24.37,,,,,True,True
5c534f5f-a76c7f4b.jpg,motion_blur,9,23.52,,,,,True,True
5c5dc708-35460444.jpg,motion_blur,9,21.21,,,,,True,True
5da6c6b6-76c54605.jpg,motion_blur,9,21.8,,,,,True,True
5dc5141c-5890b5b1.jpg,motion_blur,9,23.68,,,,,True,True
5dd831da-bd00cf03.jpg,motion_blur,9,20.69,,,,,True,True
5dfb063f-7bd23d5c.jpg,motion_blur,9,24.52,,,,,True,True
5e0b701e-d443d8c2.jpg,motion_blur,9,20.96,,,,,True,True
5e26f49d-0bc53c7e.jpg,motion_blur,9,27.37,,,,,True,True
5e26f49d-9271bf00.jpg,motion_blur,9,20.83,,,,,True,True
5e625ec3-7b4fc682.jpg,motion_blur,9,26.59,,,,,True,True
5f9387ff-330136ae.jpg,motion_blur,9,22.28,,,,,True,True
5fa17a25-88b8e6b9.jpg,motion_blur,9,25.24,,,,,True,True
5fa422e1-2d8dd765.jpg,motion_blur,9,20.73,,,,,True,True
5fb2a702-f56a339c.jpg,motion_blur,9,23.15,30,1,,,False,True
6011831b-0992e205.jpg,motion_blur,9,19.98,17,12,,,False,True
60137cc0-428b8f5b.jpg,motion_blur,9,20.98,,,,,True,True
604b5b3e-3c2e6b6b.jpg,motion_blur,9,19.74,,,,,True,True
6092f5a2-424550ba.jpg,motion_blur,9,23.6,,,,,True,True
60ba25dd-6c0df417.jpg,motion_blur,9,24.24,,,,,True,True
60c678e7-4813ae0f.jpg,motion_blur,9,17.89,,,,,True,True
614ecada-16b0f8b6.jpg,motion_blur,9,22.73,49,5,,,False,True
61e4ad87-53ceb455.jpg,motion_blur,9,23.69,,,,,True,True
6240d7b3-b51b5788.jpg,motion_blur,9,21.63,,,,,True,True
62aefb36-b685117f.jpg,motion_blur,9,23.17,,,30,47,True,False
634c1785-3bb9a8a2.jpg,motion_blur,9,25.8,,,,,True,True
634c1785-aeb1652f.jpg,motion_blur,9,24.41,,,9,26,True,False
63f73472-028615f1.jpg,motion_blur,9,22.07,,,,,True,True
6485ad0a-245d1600.jpg,motion_blur,9,24.14,,,,,True,True
648dc925-e359dbec.jpg,motion_blur,9,26.36,,,,,True,True
65edc5a1-f309fed7.jpg,motion_blur,9,23.44,,,,,True,True
661381d9-1114a810.jpg,motion_blur,9,20.05,,,,,True,True
664cb246-f84cfaf4.jpg,motion_blur,9,17.51,,,,,True,True
675cf8fa-4b1ce8b9.jpg,motion_blur,9,20.02,,,,,True,True
67faeadf-eb09a636.jpg,motion_blur,9,22.43,,,,,True,True
691be377-5dbc29ee.jpg,motion_blur,9,26.0,,,,,True,True
692f1303-05178963.jpg,motion_blur,9,22.27,,,,,True,True
692f9b08-bdbbd729.jpg,motion_blur,9,25.96,,,10,14,True,False
69bfbe31-5ee2a642.jpg,motion_blur,9,20.36,,,,,True,True
69cf7667-68f59649.jpg,motion_blur,9,23.04,2,15,4,3,False,False
69cf7667-7eb40860.jpg,motion_blur,9,21.69,,,,,True,True
6a44fb9a-05a3dd18.jpg,motion_blur,9,22.96,55,8,,,False,True
6a793e80-4f5e207f.jpg,motion_blur,9,26.03,8,11,,,False,True
6a82c0d6-b31f6b90.jpg,motion_blur,9,23.63,,,,,True,True
6a8d218d-14e4fa28.jpg,motion_blur,9,26.06,,,,,True,True
6ad110c3-789e7724.jpg,motion_blur,9,18.41,,,,,True,True
6b15392a-3a1699fd.jpg,motion_blur,9,20.95,,,,,True,True
6b784eee-0a5a2c89.jpg,motion_blur,9,20.95,,,,,True,True
6bb5a881-15e5c2c4.jpg,motion_blur,9,25.55,,,,,True,True
6bd41587-d65ba5b4.jpg,motion_blur,9,22.68,,,,,True,True
6d0d7bef-fb11b6e1.jpg,motion_blur,9,24.93,,,,,True,True
6d57736c-a35808b9.jpg,motion_blur,9,27.86,,,11,7,True,False
6d8a6d94-00a7ad92.jpg,motion_blur,9,24.73,,,,,True,True
6eeed3fa-87a1b0c9.jpg,motion_blur,9,24.64,,,,,True,True
701992bd-8a457895.jpg,motion_blur,9,24.19,,,,,True,True
7171644d-4e74752e.jpg,motion_blur,9,21.05,,,,,True,True
7171644d-ee92c71e.jpg,motion_blur,9,22.96,,,,,True,True
72f22fa5-8af4615c.jpg,motion_blur,9,18.35,,,,,True,True
72fd00fe-aeadfc89.jpg,motion_blur,9,26.94,,,,,True,True
730c67a5-563e9b1f.jpg,motion_blur,9,27.33,,,,,True,True
738a2bcd-7a6fde0d.jpg,motion_blur,9,25.65,,,,,True,True
73aff960-d46366ec.jpg,motion_blur,9,22.08,,,,,True,True
73d338d6-edf0b3db.jpg,motion_blur,9,24.66,,,,,True,True
75ad1fff-77299093.jpg,motion_blur,9,23.06,,,,,True,True
75f5f52c-6b67e736.jpg,motion_blur,9,14.3,,,,,True,True
777005a8-14c739ad.jpg,motion_blur,9,25.44,,,,,True,True
7771e03b-832e52c0.jpg,motion_blur,9,24.22,,,,,True,True
7771e03b-a8f9d50c.jpg,motion_blur,9,22.25,,,22,5,True,False
7797fea2-c37f9856.jpg,motion_blur,9,22.29,,,,,True,True
77bdbeb0-edb0613f.jpg,motion_blur,9,25.17,,,3,1,True,False
77dca577-16a39ea0.jpg,motion_blur,9,20.6,,,,,True,True
77f810c4-43a39c1f.jpg,motion_blur,9,23.87,,,,,True,True
7814206e-8e991d51.jpg,motion_blur,9,24.63,,,17,11,True,False
7814206e-ea2508d0.jpg,motion_blur,9,25.68,,,8,1,True,False
79e177bc-4d5d3acc.jpg,motion_blur,9,19.97,,,69,89,True,False
7aa4ff0f-9d28d8a4.jpg,motion_blur,9,24.16,,,,,True,True
7ad1174c-373265eb.jpg,motion_blur,9,20.85,,,,,True,True
7b268b98-e0ec16c3.jpg,motion_blur,9,24.29,,,44,16,True,False
7c5a2048-332896ea.jpg,motion_blur,9,22.11,,,,,True,True
7c5d50c5-7292de37.jpg,motion_blur,9,23.35,,,,,True,True
7d1fe115-936a2f47.jpg,motion_blur,9,25.49,,,2,14,True,False
7dc2914d-a20a969a.jpg,motion_blur,9,26.52,,,6,8,True,False
7e4ab78b-4a62c63e.jpg,motion_blur,9,22.6,,,,,True,True
7e590c49-93f03732.jpg,motion_blur,9,19.15,,,,,True,True
7ed57d0a-d7bcc13d.jpg,motion_blur,9,21.63,,,,,True,True
7f0ef682-c93899df.jpg,motion_blur,9,20.49,,,,,True,True
7f4ac354-777de900.jpg,motion_blur,9,19.55,,,,,True,True
7f9bdf0d-c0e0061f.jpg,motion_blur,9,17.81,,,,,True,True
7fd14da9-a855494b.jpg,motion_blur,9,26.73,23,20,,,False,True
801bff84-a72998c7.jpg,motion_blur,9,18.86,,,,,True,True
8073de38-f7eab6ec.jpg,motion_blur,9,22.04,,,,,True,True
8082ea05-1a7bcd47.jpg,motion_blur,9,21.2,,,,,True,True
80ecebc0-ca9605f4.jpg,motion_blur,9,29.81,,,,,True,True
81ec3b39-1951f79e.jpg,motion_blur,9,22.52,,,,,True,True
82b14c0c-79b99258.jpg,motion_blur,9,19.19,,,,,True,True
82b5fc3b-90cadd1b.jpg,motion_blur,9,18.15,,,,,True,True
82f03471-8e304dd5.jpg,motion_blur,9,20.66,,,,,True,True
836fa13a-d6058a12.jpg,motion_blur,9,26.89,,,,,True,True
84fb3f59-7d5d1fa4.jpg,motion_blur,9,20.67,,,,,True,True
8542b4da-7795bcfd.jpg,motion_blur,9,27.29,,,,,True,True
85f3f250-1fef85ac.jpg,motion_blur,9,20.2,,,,,True,True
87ca2979-d5158824.jpg,motion_blur,9,22.21,,,,,True,True
889b7dda-77f16103.jpg,motion_blur,9,19.91,,,,,True,True
88dbf01a-d8b35dee.jpg,motion_blur,9,24.6,,,,,True,True
897223bc-6938f1ab.jpg,motion_blur,9,22.86,,,,,True,True
89b7454d-880eacbd.jpg,motion_blur,9,18.91,,,,,True,True
89e85e71-7dd0a7b6.jpg,motion_blur,9,21.46,4,9,10,1,False,False
8a4fbffe-47866ce9.jpg,motion_blur,9,20.8,,,,,True,True
8a76c101-8bcefc32.jpg,motion_blur,9,23.78,,,,,True,True
8b7ef6c4-6bbcf25f.jpg,motion_blur,9,21.04,,,,,True,True
8bac644e-e0437ead.jpg,motion_blur,9,24.37,,,,,True,True
8c94c649-8ba62efa.jpg,motion_blur,9,22.09,16,1,,,False,True
8c9bbaa9-34934b66.jpg,motion_blur,9,24.0,,,,,True,True
0049e5b8-725e21a0.jpg,low_light,1,9.9,7,0,8,2,False,False
0081e27b-17bf4a9e.jpg,low_light,1,9.93,1,6,1,13,False,False
00beeb02-50440dcd.jpg,low_light,1,9.73,11,9,0,0,False,False
00d4b6b7-7d0a60bf.jpg,low_light,1,10.16,1,6,0,0,False,False
01118704-2d838d7f.jpg,low_light,1,10.18,12,0,37,18,False,False
0115917e-14907a6a.jpg,low_light,1,9.42,9,1,7,0,False,False
02188a44-65ad27f3.jpg,low_light,1,8.84,2,1,2,1,False,False
02494b7b-079febf8.jpg,low_light,1,9.77,7,6,25,10,False,False
029ffd50-dc944dba.jpg,low_light,1,9.48,7,0,5,2,False,False
0464a98b-860229d5.jpg,low_light,1,10.25,16,9,13,14,False,False
051aadb7-51aad566.jpg,low_light,1,10.16,2,3,37,15,False,False
051aadb7-e953bc4d.jpg,low_light,1,9.62,16,6,,,False,True
05743a9b-747658e7.jpg,low_light,1,10.48,5,0,3,9,False,False
057af272-6f700aef.jpg,low_light,1,9.9,,,4,1,True,False
05d62296-30c620d5.jpg,low_light,1,9.97,11,5,0,0,False,False
05e5a68e-f0e05a42.jpg,low_light,1,9.69,129,50,11,1,False,False
05fa6494-8f436d04.jpg,low_light,1,9.21,11,6,19,4,False,False
060039d9-5218402b.jpg,low_light,1,9.76,197,33,10,2,False,False
064aa0d6-f75ff4d5.jpg,low_light,1,9.78,0,0,1,2,False,False
07de5062-ddddcbd7.jpg,low_light,1,10.84,1,3,10,16,False,False
088351d1-30833ddc.jpg,low_light,1,9.98,52,2,8,4,False,False
08a49c01-675d3899.jpg,low_light,1,9.92,44,31,1,0,False,False
08d4285a-4a25b9b6.jpg,low_light,1,9.16,2,3,20,1,False,False
09ac21d6-eefa8ed0.jpg,low_light,1,8.04,2,1,49,9,False,False
0a0a0b1a-7c39d841.jpg,low_light,1,10.28,45,11,6,2,False,False
0af6039a-f3c91319.jpg,low_light,1,9.71,172,119,0,1,False,False
0b2f5d0d-8fddc1fc.jpg,low_light,1,9.6,9,5,32,9,False,False
0b4225f9-bfb10f88.jpg,low_light,1,10.03,22,29,23,24,False,False
0ba08fe3-880ae118.jpg,low_light,1,9.31,1,1,5,2,False,False
0c2f33b9-f94d69b5.jpg,low_light,1,9.69,4,0,12,11,False,False
0c984e6d-2b5d7ee4.jpg,low_light,1,9.61,7,1,24,0,False,False
0cb67a01-7cf1687e.jpg,low_light,1,10.46,92,5,10,5,False,False
0cc6f3e8-b4c9e348.jpg,low_light,1,9.47,7,8,0,1,False,False
0cf398b3-ce65ab64.jpg,low_light,1,6.3,31,2,92,5,False,False
0d3ec56a-f4cead6f.jpg,low_light,1,9.72,1,1,13,7,False,False
0d61234a-542010b2.jpg,low_light,1,7.36,22,5,5,4,False,False
0e442b65-b17e0b50.jpg,low_light,1,10.45,0,1,2,0,False,False
0e5c7e92-0d9c60f0.jpg,low_light,1,9.3,18,31,1,0,False,False
0f837def-9646c091.jpg,low_light,1,10.13,2,2,2,0,False,False
0fba84f9-73b520ee.jpg,low_light,1,9.88,29,6,11,3,False,False
101a0964-930eae70.jpg,low_light,1,8.44,10,2,7,5,False,False
10389fe8-433c740c.jpg,low_light,1,8.67,19,7,4,2,False,False
10453a95-40759ac3.jpg,low_light,1,9.68,32,3,0,1,False,False
1072195f-0a161ade.jpg,low_light,1,9.67,8,5,25,16,False,False
1072195f-6cf88b25.jpg,low_light,1,9.98,4,4,3,5,False,False
11513e3d-150058c3.jpg,low_light,1,10.28,7,5,21,0,False,False
1189ae68-1a8ad3c6.jpg,low_light,1,10.05,12,4,52,6,False,False
12076ebb-c07285d7.jpg,low_light,1,9.64,39,9,20,1,False,False
125134e5-7dfc45b9.jpg,low_light,1,9.8,1,0,1,1,False,False
12ae9ab8-794f5adc.jpg,low_light,1,9.55,33,43,3,3,False,False
13f61134-50021e53.jpg,low_light,1,10.5,86,41,,,False,True
14eace5a-ddf3b303.jpg,low_light,1,10.01,19,3,7,4,False,False
1608cfe7-32da2c5d.jpg,low_light,1,9.13,10,1,1,0,False,False
162995f1-d2c7d259.jpg,low_light,1,10.29,11,20,16,24,False,False
16b0973f-c07b564a.jpg,low_light,1,8.8,6,4,0,0,False,False
1784d67b-6b223914.jpg,low_light,1,9.98,9,3,2,0,False,False
1784d67b-d76145ce.jpg,low_light,1,10.24,72,3,10,1,False,False
188c58f3-792afc71.jpg,low_light,1,8.58,32,11,9,5,False,False
193f7f3b-84bc7998.jpg,low_light,1,9.93,8,3,36,6,False,False
194058b0-ac0616a6.jpg,low_light,1,9.67,1,1,,,False,True
19e56249-09c4bbc6.jpg,low_light,1,10.33,37,0,14,11,False,False
1a71faae-d5f255fd.jpg,low_light,1,10.33,6,0,1,3,False,False
1a8992a7-da5a8510.jpg,low_light,1,9.96,2,2,15,4,False,False
1ac0178c-0b259360.jpg,low_light,1,10.64,3,0,19,6,False,False
1b30f76f-95aa8a06.jpg,low_light,1,10.18,4,13,1,4,False,False
1bda5a26-420ceea6.jpg,low_light,1,9.84,9,2,9,7,False,False
1bf7f3d2-15f95138.jpg,low_light,1,9.96,24,14,0,3,False,False
1c227a12-10e5552c.jpg,low_light,1,10.39,1,1,6,19,False,False
1c227a12-ec67af93.jpg,low_light,1,10.21,0,1,0,13,False,False
1c5e9657-2e2a2863.jpg,low_light,1,9.07,,,,,True,True
1cb2a89b-4594573e.jpg,low_light,1,10.37,19,4,19,3,False,False
1cf54809-c6daa5a9.jpg,low_light,1,8.98,1,1,30,42,False,False
1d5e05f8-5020f67d.jpg,low_light,1,10.38,13,11,1,3,False,False
1e57ae90-806bc767.jpg,low_light,1,10.8,13,7,18,29,False,False
1f959fdd-6ff63d34.jpg,low_light,1,9.96,1,1,23,2,False,False
1fa65acf-d43367bc.jpg,low_light,1,8.93,1,2,11,4,False,False
20cfadfa-47711496.jpg,low_light,1,9.66,0,12,1,25,False,False
20cfadfa-6f87fdc1.jpg,low_light,1,10.03,0,6,2,4,False,False
225a1858-0e3a4b04.jpg,low_light,1,9.66,345,24,,,False,True
22be2f14-59fbdca0.jpg,low_light,1,10.01,12,2,7,3,False,False
23333f35-0cbc3f0f.jpg,low_light,1,10.29,48,27,20,4,False,False
23df146f-64b50e4c.jpg,low_light,1,10.63,12,9,1,1,False,False
24392d7c-998011c2.jpg,low_light,1,10.1,16,4,15,8,False,False
250e7595-b14da270.jpg,low_light,1,9.86,13,11,12,9,False,False
26190b83-39ccb412.jpg,low_light,1,9.68,1,3,2,4,False,False
272d52f6-8aac36b3.jpg,low_light,1,8.53,16,1,12,4,False,False
2752681a-e813599a.jpg,low_light,1,10.09,8,9,6,4,False,False
27645526-f038b033.jpg,low_light,1,8.46,24,4,1,12,False,False
2773af6f-23e23a6b.jpg,low_light,1,9.05,0,0,8,1,False,False
28faf684-03ef4c6e.jpg,low_light,1,10.62,0,1,1,0,False,False
292720ee-d847ee69.jpg,low_light,1,10.95,2,1,2,1,False,False
2b54fe2d-c5b810e6.jpg,low_light,1,8.85,21,3,17,7,False,False
2b605c48-8dfe352b.jpg,low_light,1,9.47,6,7,10,2,False,False
2beccce2-354608e2.jpg,low_light,1,9.48,1,1,8,1,False,False
2c87e51d-aa7a8031.jpg,low_light,1,10.24,2,5,,,False,True
2ce0b449-e818dc97.jpg,low_light,1,10.25,7,2,27,0,False,False
2cf976a2-479cd46b.jpg,low_light,1,9.55,11,4,15,16,False,False
2e2fae77-b7497ca0.jpg,low_light,1,9.22,21,5,4,1,False,False
2ead8042-2493c03f.jpg,low_light,1,8.98,0,1,0,0,False,False
2f1864c1-1a17d11c.jpg,low_light,1,8.42,2,5,2,1,False,False
2f879dc0-b09e4824.jpg,low_light,1,10.23,28,10,15,10,False,False
2fc9ad1e-ee4c9e43.jpg,low_light,1,10.06,96,29,14,1,False,False
3050b249-0ffbd6ec.jpg,low_light,1,9.98,8,2,4,1,False,False
314cc010-3eab5c90.jpg,low_light,1,9.67,12,1,0,0,False,False
31765c6b-90b0d612.jpg,low_light,1,9.54,6,1,0,2,False,False
31cf6eba-5c84c636.jpg,low_light,1,9.32,1,4,5,1,False,False
32de2244-122f1783.jpg,low_light,1,10.95,40,7,10,5,False,False
33420085-32996107.jpg,low_light,1,11.13,10,10,24,16,False,False
3430a5e6-00ec38d2.jpg,low_light,1,6.8,1,2,,,False,True
35eb46d0-8f7e28a0.jpg,low_light,1,10.68,4,4,1,4,False,False
3735fc3d-69d8b80c.jpg,low_light,1,10.14,5,2,24,2,False,False
3740cd4f-ff1d423d.jpg,low_light,1,8.19,6,2,9,0,False,False
375abba2-9f2ed56c.jpg,low_light,1,9.75,19,0,25,4,False,False
37723e55-31730cf5.jpg,low_light,1,8.5,25,8,12,12,False,False
380a3f8e-ba4f0def.jpg,low_light,1,11.17,4,1,15,1,False,False
385b0f61-1aee12ef.jpg,low_light,1,9.15,14,13,1,1,False,False
3865fea7-b4fe472d.jpg,low_light,1,9.47,3,9,8,6,False,False
38e561dd-8ea8ae2d.jpg,low_light,1,9.68,2,0,11,2,False,False
38ed8d8d-93c48de2.jpg,low_light,1,10.15,11,4,43,9,False,False
38ed8d8d-b1c230ef.jpg,low_light,1,9.68,39,2,22,6,False,False
38ed8d8d-fa50400c.jpg,low_light,1,9.44,12,0,37,32,False,False
3900ad8c-8834019f.jpg,low_light,1,9.36,,,5,6,True,False
39ddb110-04604b9c.jpg,low_light,1,9.4,7,1,10,5,False,False
39fc6d1c-6155351d.jpg,low_light,1,9.78,,,5,2,True,False
3a278d39-b92df256.jpg,low_light,1,9.94,2,2,223,264,False,False
3a3407a2-df8ea956.jpg,low_light,1,9.83,,,,,True,True
3ad0c4a7-2a3d544e.jpg,low_light,1,9.22,6,2,1,1,False,False
3b1e1bc1-ee64e36e.jpg,low_light,1,9.38,3,3,6,3,False,False
3b44ef5a-c09e8479.jpg,low_light,1,9.47,121,25,152,12,False,False
3b563c5e-0102edaf.jpg,low_light,1,9.28,2,13,43,7,False,False
3b9716a6-d2566395.jpg,low_light,1,10.31,43,7,3,5,False,False
3c0bbdc2-79baffce.jpg,low_light,1,10.22,13,4,3,1,False,False
3c5752b6-9c0bdf98.jpg,low_light,1,9.95,96,16,91,11,False,False
3c95ae26-68abac3f.jpg,low_light,1,9.31,4,1,0,1,False,False
3e0f1745-a95a63ad.jpg,low_light,1,9.29,0,0,1,12,False,False
3f4eb6a6-9eee52f9.jpg,low_light,1,9.55,1,1,121,37,False,False
3f85a987-1ef4053b.jpg,low_light,1,9.86,1,0,16,6,False,False
3fe1feaa-10126fec.jpg,low_light,1,9.76,1,7,18,22,False,False
3ffdaa26-b394f6f8.jpg,low_light,1,8.79,3,1,0,0,False,False
4027c10d-41d54e9b.jpg,low_light,1,8.88,24,5,9,2,False,False
428e99ea-4166e549.jpg,low_light,1,10.38,8,4,10,28,False,False
42e0dd11-74b81997.jpg,low_light,1,11.2,16,9,1,1,False,False
430395d1-931c959e.jpg,low_light,1,10.02,19,16,94,12,False,False
43126e0d-495d04a5.jpg,low_light,1,10.19,1,2,129,6,False,False
43126e0d-cce96832.jpg,low_light,1,9.69,39,4,6,1,False,False
432f9e20-83a0d96c.jpg,low_light,1,9.62,3,2,2,4,False,False
43c7ed5c-b0690325.jpg,low_light,1,9.92,0,1,3,1,False,False
44cc16d9-d2e06fd6.jpg,low_light,1,9.07,12,2,15,4,False,False
45bafa98-1ee18a2f.jpg,low_light,1,9.12,6,7,11,2,False,False
46d048a1-8f7f385c.jpg,low_light,1,9.41,0,0,27,11,False,False
46f76df9-8bf77914.jpg,low_light,1,9.83,1,0,29,3,False,False
480263a0-5aad7ae9.jpg,low_light,1,9.25,2,0,24,32,False,False
488480d6-b94cf415.jpg,low_light,1,9.28,23,15,0,0,False,False
48ed707e-5062e4c3.jpg,low_light,1,9.86,47,14,29,6,False,False
4a289ff2-7da7feb6.jpg,low_light,1,9.86,2,1,94,90,False,False
4a31f3e3-ac7ed780.jpg,low_light,1,9.68,7,7,3,5,False,False
4b2e1dde-65b54419.jpg,low_light,1,8.83,31,0,5,8,False,False
4d4a590b-4332c5ab.jpg,low_light,1,10.73,5,4,1,0,False,False
5069db50-52f5af30.jpg,low_light,1,10.95,44,6,3,3,False,False
50866f46-30d1f303.jpg,low_light,1,9.98,31,1,10,3,False,False
50b115d6-4b08a666.jpg,low_light,1,10.02,77,5,2,3,False,False
50b2e757-6c7d0f63.jpg,low_light,1,10.04,6,1,15,1,False,False
50d0fd05-8db58ebd.jpg,low_light,1,9.96,11,1,121,104,False,False
510671e9-603795e0.jpg,low_light,1,9.45,2,18,13,15,False,False
514a6d58-0790e0cd.jpg,low_light,1,10.17,0,1,31,3,False,False
5150bb50-300d52ce.jpg,low_light,1,10.2,4,4,3,0,False,False
52799e9e-8c8673f3.jpg,low_light,1,10.16,1,1,20,2,False,False
52bda346-fd8ac6e7.jpg,low_light,1,9.31,1,1,4,18,False,False
534418ba-ee05398f.jpg,low_light,1,9.38,7,5,13,3,False,False
54360b72-e00a3f70.jpg,low_light,1,9.92,131,26,16,6,False,False
554d7cd5-a32486dd.jpg,low_light,1,10.7,2,3,8,5,False,False
559fed19-7893646f.jpg,low_light,1,9.55,4,5,14,9,False,False
57165857-e4d4a47f.jpg,low_light,1,9.87,5,1,6,4,False,False
5795bfe7-a599384a.jpg,low_light,1,9.2,12,10,0,0,False,False
57ac74e2-e86131f1.jpg,low_light,1,9.86,8,3,3,1,False,False
57b495f2-6da6b1e5.jpg,low_light,1,10.79,21,4,23,1,False,False
585443c8-2621a6b1.jpg,low_light,1,10.16,2,2,18,4,False,False
5877b384-2545daf4.jpg,low_light,1,9.35,5,3,21,2,False,False
587bb1bf-1aa00fe5.jpg,low_light,1,9.9,12,4,6,4,False,False
5995c288-2d152172.jpg,low_light,1,9.69,7,0,,,False,True
59cde7c7-344bffb1.jpg,low_light,1,10.01,2,14,,,False,True
5a8f9b5d-1fdfd2d4.jpg,low_light,1,10.24,3,1,18,15,False,False
5ae83f9c-da990b49.jpg,low_light,1,9.75,4,1,6,6,False,False
5b2b4881-67a6cb87.jpg,low_light,1,9.28,14,0,14,1,False,False
5b2fd56a-37759b05.jpg,low_light,1,10.25,29,9,,,False,True
5b4b0b07-2fb56b82.jpg,low_light,1,9.67,10,1,2,0,False,False
5bc44a50-c371c4d0.jpg,low_light,1,9.37,37,3,11,9,False,False
5c4004b7-bf3b7941.jpg,low_light,1,9.74,22,5,2,1,False,False
5c534f5f-a76c7f4b.jpg,low_light,1,9.79,4,1,1,1,False,False
5c5dc708-35460444.jpg,low_light,1,9.19,64,4,43,4,False,False
5da6c6b6-76c54605.jpg,low_light,1,9.47,1,0,17,10,False,False
5dc5141c-5890b5b1.jpg,low_light,1,9.85,18,1,24,2,False,False
5dd831da-bd00cf03.jpg,low_light,1,9.66,11,9,23,1,False,False
5dfb063f-7bd23d5c.jpg,low_light,1,10.51,6,2,13,7,False,False
5e0b701e-d443d8c2.jpg,low_light,1,9.8,18,4,1,2,False,False
5e26f49d-0bc53c7e.jpg,low_light,1,10.86,3,4,22,1,False,False
5e26f49d-9271bf00.jpg,low_light,1,9.27,6,1,10,4,False,False
5e625ec3-7b4fc682.jpg,low_light,1,9.86,0,1,2,5,False,False
5f9387ff-330136ae.jpg,low_light,1,9.35,15,7,8,2,False,False
5fa17a25-88b8e6b9.jpg,low_light,1,9.77,0,1,2,1,False,False
5fa422e1-2d8dd765.jpg,low_light,1,8.49,15,2,24,1,False,False
5fb2a702-f56a339c.jpg,low_light,1,9.73,5,2,2,2,False,False
6011831b-0992e205.jpg,low_light,1,9.56,1,3,10,4,False,False
60137cc0-428b8f5b.jpg,low_light,1,9.92,9,2,17,4,False,False
604b5b3e-3c2e6b6b.jpg,low_light,1,10.04,1,0,6,12,False,False
6092f5a2-424550ba.jpg,low_light,1,10.2,17,1,3,3,False,False
60ba25dd-6c0df417.jpg,low_light,1,9.43,17,1,0,1,False,False
60c678e7-4813ae0f.jpg,low_light,1,9.23,4,18,21,3,False,False
614ecada-16b0f8b6.jpg,low_light,1,9.6,29,5,4,1,False,False
61e4ad87-53ceb455.jpg,low_light,1,9.71,2,6,17,1,False,False
6240d7b3-b51b5788.jpg,low_light,1,10.02,6,1,57,1,False,False
62aefb36-b685117f.jpg,low_light,1,9.54,12,4,6,7,False,False
634c1785-3bb9a8a2.jpg,low_light,1,9.49,0,0,0,0,False,False
634c1785-aeb1652f.jpg,low_light,1,9.33,93,6,4,3,False,False
63f73472-028615f1.jpg,low_light,1,9.51,22,10,10,9,False,False
6485ad0a-245d1600.jpg,low_light,1,10.31,2,1,16,20,False,False
648dc925-e359dbec.jpg,low_light,1,10.88,9,2,1,1,False,False
65edc5a1-f309fed7.jpg,low_light,1,9.75,7,1,1,0,False,False
661381d9-1114a810.jpg,low_light,1,9.09,4,1,13,8,False,False
664cb246-f84cfaf4.jpg,low_light,1,10.0,6,3,2,1,False,False
675cf8fa-4b1ce8b9.jpg,low_light,1,9.09,7,2,281,79,False,False
67faeadf-eb09a636.jpg,low_light,1,9.44,,,16,4,True,False
691be377-5dbc29ee.jpg,low_light,1,10.52,5,1,1,5,False,False
692f1303-05178963.jpg,low_light,1,10.11,18,8,9,1,False,False
692f9b08-bdbbd729.jpg,low_light,1,10.21,14,6,3,0,False,False
69bfbe31-5ee2a642.jpg,low_light,1,9.65,10,1,6,8,False,False
69cf7667-68f59649.jpg,low_light,1,10.17,0,1,3,1,False,False
69cf7667-7eb40860.jpg,low_light,1,9.53,23,3,4,2,False,False
6a44fb9a-05a3dd18.jpg,low_light,1,9.95,21,4,19,6,False,False
6a793e80-4f5e207f.jpg,low_light,1,10.89,20,3,24,8,False,False
6a82c0d6-b31f6b90.jpg,low_light,1,9.93,,,3,7,True,False
6a8d218d-14e4fa28.jpg,low_light,1,10.68,22,8,23,4,False,False
6ad110c3-789e7724.jpg,low_light,1,9.26,24,0,19,6,False,False
6b15392a-3a1699fd.jpg,low_light,1,8.74,11,4,5,4,False,False
6b784eee-0a5a2c89.jpg,low_light,1,10.09,2,1,8,4,False,False
6bb5a881-15e5c2c4.jpg,low_light,1,11.34,2,5,,,False,True
6bd41587-d65ba5b4.jpg,low_light,1,9.79,32,10,0,0,False,False
6d0d7bef-fb11b6e1.jpg,low_light,1,10.25,56,14,2,15,False,False
6d57736c-a35808b9.jpg,low_light,1,11.13,0,0,41,92,False,False
6d8a6d94-00a7ad92.jpg,low_light,1,10.0,1,0,31,6,False,False
6eeed3fa-87a1b0c9.jpg,low_light,1,9.54,59,2,24,5,False,False
701992bd-8a457895.jpg,low_light,1,10.18,7,3,16,1,False,False
7171644d-4e74752e.jpg,low_light,1,9.88,23,2,11,3,False,False
7171644d-ee92c71e.jpg,low_light,1,9.87,30,6,21,11,False,False
72f22fa5-8af4615c.jpg,low_light,1,10.46,24,4,19,3,False,False
72fd00fe-aeadfc89.jpg,low_light,1,11.43,29,23,2,8,False,False
730c67a5-563e9b1f.jpg,low_light,1,11.56,6,7,26,5,False,False
738a2bcd-7a6fde0d.jpg,low_light,1,10.41,3,1,1,1,False,False
73aff960-d46366ec.jpg,low_light,1,9.58,1,1,11,5,False,False
73d338d6-edf0b3db.jpg,low_light,1,10.64,5,5,112,80,False,False
75ad1fff-77299093.jpg,low_light,1,9.53,2,1,2,2,False,False
75f5f52c-6b67e736.jpg,low_light,1,5.75,2,6,9,7,False,False
777005a8-14c739ad.jpg,low_light,1,10.25,1,10,12,5,False,False
7771e03b-832e52c0.jpg,low_light,1,10.56,39,2,67,11,False,False
7771e03b-a8f9d50c.jpg,low_light,1,9.82,18,6,16,4,False,False
7797fea2-c37f9856.jpg,low_light,1,9.78,12,5,7,2,False,False
77bdbeb0-edb0613f.jpg,low_light,1,9.45,6,4,14,0,False,False
77dca577-16a39ea0.jpg,low_light,1,9.88,9,2,3,3,False,False
77f810c4-43a39c1f.jpg,low_light,1,9.54,6,7,20,10,False,False
7814206e-8e991d51.jpg,low_light,1,10.16,2,0,0,0,False,False
7814206e-ea2508d0.jpg,low_light,1,10.08,3,3,8,0,False,False
79e177bc-4d5d3acc.jpg,low_light,1,9.44,0,1,4,3,False,False
7aa4ff0f-9d28d8a4.jpg,low_light,1,10.95,4,2,13,35,False,False
7ad1174c-373265eb.jpg,low_light,1,9.4,,,6,16,True,False
7b268b98-e0ec16c3.jpg,low_light,1,10.73,15,3,4,8,False,False
7c5a2048-332896ea.jpg,low_light,1,10.15,5,3,4,2,False,False
7c5d50c5-7292de37.jpg,low_light,1,9.57,5,0,1,0,False,False
7d1fe115-936a2f47.jpg,low_light,1,10.18,216,30,9,6,False,False
7dc2914d-a20a969a.jpg,low_light,1,10.35,21,1,1,0,False,False
7e4ab78b-4a62c63e.jpg,low_light,1,10.04,32,19,12,1,False,False
7e590c49-93f03732.jpg,low_light,1,9.16,,,5,7,True,False
7ed57d0a-d7bcc13d.jpg,low_light,1,9.79,46,11,0,1,False,False
7f0ef682-c93899df.jpg,low_light,1,9.2,3,1,23,12,False,False
7f4ac354-777de900.jpg,low_light,1,8.81,21,6,7,1,False,False
7f9bdf0d-c0e0061f.jpg,low_light,1,8.74,21,3,2,1,False,False
7fd14da9-a855494b.jpg,low_light,1,10.72,22,10,23,62,False,False
801bff84-a72998c7.jpg,low_light,1,10.0,12,9,42,12,False,False
8073de38-f7eab6ec.jpg,low_light,1,9.98,18,10,23,12,False,False
8082ea05-1a7bcd47.jpg,low_light,1,9.65,0,2,2,0,False,False
80ecebc0-ca9605f4.jpg,low_light,1,9.81,69,6,2,1,False,False
81ec3b39-1951f79e.jpg,low_light,1,9.91,16,1,17,8,False,False
82b14c0c-79b99258.jpg,low_light,1,9.76,6,2,2,1,False,False
82b5fc3b-90cadd1b.jpg,low_light,1,8.62,9,1,6,6,False,False
82f03471-8e304dd5.jpg,low_light,1,10.02,625,50,22,14,False,False
836fa13a-d6058a12.jpg,low_light,1,10.88,40,13,15,11,False,False
84fb3f59-7d5d1fa4.jpg,low_light,1,8.91,,,43,1,True,False
8542b4da-7795bcfd.jpg,low_light,1,10.97,8,3,15,2,False,False
85f3f250-1fef85ac.jpg,low_light,1,9.63,13,2,4,0,False,False
87ca2979-d5158824.jpg,low_light,1,10.4,0,0,8,2,False,False
889b7dda-77f16103.jpg,low_light,1,8.85,20,46,1,1,False,False
88dbf01a-d8b35dee.jpg,low_light,1,9.29,33,1,32,5,False,False
897223bc-6938f1ab.jpg,low_light,1,9.34,2,2,26,9,False,False
89b7454d-880eacbd.jpg,low_light,1,9.89,12,1,18,3,False,False
89e85e71-7dd0a7b6.jpg,low_light,1,8.91,5,3,9,9,False,False
8a4fbffe-47866ce9.jpg,low_light,1,9.55,3,12,,,False,True
8a76c101-8bcefc32.jpg,low_light,1,10.63,2,9,12,6,False,False
8b7ef6c4-6bbcf25f.jpg,low_light,1,9.42,35,5,1,2,False,False
8bac644e-e0437ead.jpg,low_light,1,9.9,24,14,14,4,False,False
8c94c649-8ba62efa.jpg,low_light,1,9.67,16,7,10,1,False,False
8c9bbaa9-34934b66.jpg,low_light,1,9.32,15,5,52,8,False,False
0049e5b8-725e21a0.jpg,low_light,2,7.48,7,4,20,7,False,False
0081e27b-17bf4a9e.jpg,low_light,2,7.5,10,22,17,2,False,False
00beeb02-50440dcd.jpg,low_light,2,7.43,2,4,0,1,False,False
00d4b6b7-7d0a60bf.jpg,low_light,2,7.59,2,3,1,1,False,False
01118704-2d838d7f.jpg,low_light,2,7.63,10,5,33,14,False,False
0115917e-14907a6a.jpg,low_light,2,7.17,4,1,5,8,False,False
02188a44-65ad27f3.jpg,low_light,2,6.77,2,8,,,False,True
02494b7b-079febf8.jpg,low_light,2,7.49,8,7,9,11,False,False
029ffd50-dc944dba.jpg,low_light,2,7.25,,,7,4,True,False
0464a98b-860229d5.jpg,low_light,2,7.74,49,23,1,2,False,False
051aadb7-51aad566.jpg,low_light,2,7.62,0,0,71,23,False,False
051aadb7-e953bc4d.jpg,low_light,2,7.35,,,,,True,True
05743a9b-747658e7.jpg,low_light,2,7.79,0,1,4,25,False,False
057af272-6f700aef.jpg,low_light,2,7.5,,,16,1,True,False
05d62296-30c620d5.jpg,low_light,2,7.54,8,2,1,0,False,False
05e5a68e-f0e05a42.jpg,low_light,2,7.3,19,5,4,10,False,False
05fa6494-8f436d04.jpg,low_light,2,7.02,23,2,4,6,False,False
060039d9-5218402b.jpg,low_light,2,7.4,19,29,2,1,False,False
064aa0d6-f75ff4d5.jpg,low_light,2,7.39,7,1,12,2,False,False
07de5062-ddddcbd7.jpg,low_light,2,8.05,,,0,1,True,False
088351d1-30833ddc.jpg,low_light,2,7.59,38,3,81,11,False,False
08a49c01-675d3899.jpg,low_light,2,7.47,46,35,2,3,False,False
08d4285a-4a25b9b6.jpg,low_light,2,7.05,1,1,5,1,False,False
09ac21d6-eefa8ed0.jpg,low_light,2,6.25,,,1,0,True,False
0a0a0b1a-7c39d841.jpg,low_light,2,7.74,32,9,4,7,False,False
0af6039a-f3c91319.jpg,low_light,2,7.36,72,2,5,4,False,False
0b2f5d0d-8fddc1fc.jpg,low_light,2,7.32,7,2,18,5,False,False
0b4225f9-bfb10f88.jpg,low_light,2,7.55,9,4,12,16,False,False
0ba08fe3-880ae118.jpg,low_light,2,7.08,1,0,37,18,False,False
0c2f33b9-f94d69b5.jpg,low_light,2,7.34,2,1,12,13,False,False
0c984e6d-2b5d7ee4.jpg,low_light,2,7.26,6,2,25,1,False,False
0cb67a01-7cf1687e.jpg,low_light,2,7.78,9,0,1,5,False,False
0cc6f3e8-b4c9e348.jpg,low_light,2,7.18,1,1,7,8,False,False
0cf398b3-ce65ab64.jpg,low_light,2,5.11,26,4,,,False,True
0d3ec56a-f4cead6f.jpg,low_light,2,7.34,,,7,3,True,False
0d61234a-542010b2.jpg,low_light,2,5.69,14,0,0,0,False,False
0e442b65-b17e0b50.jpg,low_light,2,7.83,1,2,13,1,False,False
0e5c7e92-0d9c60f0.jpg,low_light,2,7.1,5,12,2,1,False,False
0f837def-9646c091.jpg,low_light,2,7.6,7,1,1,2,False,False
0fba84f9-73b520ee.jpg,low_light,2,7.46,2,1,0,1,False,False
101a0964-930eae70.jpg,low_light,2,6.49,4,3,7,5,False,False
10389fe8-433c740c.jpg,low_light,2,6.63,25,9,0,2,False,False
10453a95-40759ac3.jpg,low_light,2,7.31,32,3,1,2,False,False
1072195f-0a161ade.jpg,low_light,2,7.32,8,4,14,8,False,False
1072195f-6cf88b25.jpg,low_light,2,7.52,17,6,3,4,False,False
11513e3d-150058c3.jpg,low_light,2,7.73,7,5,0,4,False,False
1189ae68-1a8ad3c6.jpg,low_light,2,7.53,17,13,30,3,False,False
12076ebb-c07285d7.jpg,low_light,2,7.36,6,0,3,0,False,False
125134e5-7dfc45b9.jpg,low_light,2,7.38,8,9,1,2,False,False
12ae9ab8-794f5adc.jpg,low_light,2,7.23,25,11,1,4,False,False
13f61134-50021e53.jpg,low_light,2,7.82,,,30,13,True,False
14eace5a-ddf3b303.jpg,low_light,2,7.53,16,2,8,14,False,False
1608cfe7-32da2c5d.jpg,low_light,2,6.95,38,2,19,3,False,False
162995f1-d2c7d259.jpg,low_light,2,7.73,15,27,28,30,False,False
16b0973f-c07b564a.jpg,low_light,2,6.77,19,2,4,1,False,False
1784d67b-6b223914.jpg,low_light,2,7.51,1,1,25,1,False,False
1784d67b-d76145ce.jpg,low_light,2,7.65,35,1,12,2,False,False
188c58f3-792afc71.jpg,low_light,2,6.62,8,3,9,4,False,False
193f7f3b-84bc7998.jpg,low_light,2,7.48,0,7,37,5,False,False
194058b0-ac0616a6.jpg,low_light,2,7.32,0,1,,,False,True
19e56249-09c4bbc6.jpg,low_light,2,7.66,40,6,,,False,True
1a71faae-d5f255fd.jpg,low_light,2,7.75,14,2,2,7,False,False
1a8992a7-da5a8510.jpg,low_light,2,7.61,21,6,12,4,False,False
1ac0178c-0b259360.jpg,low_light,2,7.86,7,1,21,7,False,False
1b30f76f-95aa8a06.jpg,low_light,2,7.62,5,8,7,6,False,False
1bda5a26-420ceea6.jpg,low_light,2,7.45,5,4,7,6,False,False
1bf7f3d2-15f95138.jpg,low_light,2,7.51,18,8,3,1,False,False
1c227a12-10e5552c.jpg,low_light,2,7.75,51,10,3,8,False,False
1c227a12-ec67af93.jpg,low_light,2,7.66,1,1,8,14,False,False
1c5e9657-2e2a2863.jpg,low_light,2,6.93,,,,,True,True
1cb2a89b-4594573e.jpg,low_light,2,7.83,12,2,36,4,False,False
1cf54809-c6daa5a9.jpg,low_light,2,6.91,169,105,29,41,False,False
1d5e05f8-5020f67d.jpg,low_light,2,7.78,5,11,2,14,False,False
1e57ae90-806bc767.jpg,low_light,2,8.03,16,13,25,28,False,False
1f959fdd-6ff63d34.jpg,low_light,2,7.49,9,5,44,1,False,False
1fa65acf-d43367bc.jpg,low_light,2,6.82,38,2,11,3,False,False
20cfadfa-47711496.jpg,low_light,2,7.3,9,17,16,34,False,False
20cfadfa-6f87fdc1.jpg,low_light,2,7.54,9,1,1,4,False,False
225a1858-0e3a4b04.jpg,low_light,2,7.4,,,,,True,True
22be2f14-59fbdca0.jpg,low_light,2,7.54,11,3,4,3,False,False
23333f35-0cbc3f0f.jpg,low_light,2,7.7,52,19,112,183,False,False
23df146f-64b50e4c.jpg,low_light,2,7.9,6,1,1,2,False,False
24392d7c-998011c2.jpg,low_light,2,7.58,8,2,6,3,False,False
250e7595-b14da270.jpg,low_light,2,7.44,,,5,5,True,False
26190b83-39ccb412.jpg,low_light,2,7.39,2,2,1,1,False,False
272d52f6-8aac36b3.jpg,low_light,2,6.59,23,3,6,1,False,False
2752681a-e813599a.jpg,low_light,2,7.58,2,5,8,3,False,False
27645526-f038b033.jpg,low_light,2,6.53,18,2,,,False,True
2773af6f-23e23a6b.jpg,low_light,2,6.9,0,2,3,2,False,False
28faf684-03ef4c6e.jpg,low_light,2,7.97,4,3,2,0,False,False
292720ee-d847ee69.jpg,low_light,2,8.06,1,0,3,2,False,False
2b54fe2d-c5b810e6.jpg,low_light,2,6.75,1,15,3,7,False,False
2b605c48-8dfe352b.jpg,low_light,2,7.17,1,1,2,14,False,False
2beccce2-354608e2.jpg,low_light,2,7.19,2,1,3,1,False,False
2c87e51d-aa7a8031.jpg,low_light,2,7.63,0,4,10,3,False,False
2ce0b449-e818dc97.jpg,low_light,2,7.63,4,1,,,False,True
2cf976a2-479cd46b.jpg,low_light,2,7.31,9,4,10,11,False,False
2e2fae77-b7497ca0.jpg,low_light,2,7.02,19,4,8,2,False,False
2ead8042-2493c03f.jpg,low_light,2,6.9,0,1,1,0,False,False
2f1864c1-1a17d11c.jpg,low_light,2,6.45,3,5,6,1,False,False
2f879dc0-b09e4824.jpg,low_light,2,7.66,14,5,12,3,False,False
2fc9ad1e-ee4c9e43.jpg,low_light,2,7.58,133,37,23,4,False,False
3050b249-0ffbd6ec.jpg,low_light,2,7.47,9,3,28,13,False,False
314cc010-3eab5c90.jpg,low_light,2,7.28,16,1,0,0,False,False
31765c6b-90b0d612.jpg,low_light,2,7.23,1,0,9,1,False,False
31cf6eba-5c84c636.jpg,low_light,2,7.2,1,4,17,5,False,False
32de2244-122f1783.jpg,low_light,2,8.12,15,2,9,4,False,False
33420085-32996107.jpg,low_light,2,8.19,0,0,17,19,False,False
3430a5e6-00ec38d2.jpg,low_light,2,5.44,33,4,58,14,False,False
35eb46d0-8f7e28a0.jpg,low_light,2,7.93,30,7,4,2,False,False
3735fc3d-69d8b80c.jpg,low_light,2,7.58,1,7,25,2,False,False
3740cd4f-ff1d423d.jpg,low_light,2,6.36,17,5,29,2,False,False
375abba2-9f2ed56c.jpg,low_light,2,7.36,12,2,13,1,False,False
37723e55-31730cf5.jpg,low_light,2,6.52,25,8,29,2,False,False
380a3f8e-ba4f0def.jpg,low_light,2,8.19,7,3,8,4,False,False
385b0f61-1aee12ef.jpg,low_light,2,6.96,6,5,0,1,False,False
3865fea7-b4fe472d.jpg,low_light,2,7.2,2,5,8,6,False,False
38e561dd-8ea8ae2d.jpg,low_light,2,7.34,2,0,19,4,False,False
38ed8d8d-93c48de2.jpg,low_light,2,7.62,12,6,25,7,False,False
38ed8d8d-b1c230ef.jpg,low_light,2,7.32,38,3,3,2,False,False
38ed8d8d-fa50400c.jpg,low_light,2,7.17,12,0,90,10,False,False
3900ad8c-8834019f.jpg,low_light,2,7.13,310,32,8,4,False,False
39ddb110-04604b9c.jpg,low_light,2,7.17,0,0,6,7,False,False
39fc6d1c-6155351d.jpg,low_light,2,7.41,,,8,4,True,False
3a278d39-b92df256.jpg,low_light,2,7.5,11,10,3,1,False,False
3a3407a2-df8ea956.jpg,low_light,2,7.48,,,,,True,True
3ad0c4a7-2a3d544e.jpg,low_light,2,7.07,22,8,14,2,False,False
3b1e1bc1-ee64e36e.jpg,low_light,2,7.14,5,5,9,5,False,False
3b44ef5a-c09e8479.jpg,low_light,2,7.16,100,23,3,1,False,False
3b563c5e-0102edaf.jpg,low_light,2,7.1,4,8,31,4,False,False
3b9716a6-d2566395.jpg,low_light,2,7.69,3,24,7,8,False,False
3c0bbdc2-79baffce.jpg,low_light,2,7.69,20,5,0,0,False,False
3c5752b6-9c0bdf98.jpg,low_light,2,7.44,9,0,48,6,False,False
3c95ae26-68abac3f.jpg,low_light,2,7.05,4,0,6,1,False,False
3e0f1745-a95a63ad.jpg,low_light,2,7.1,22,4,1,11,False,False
3f4eb6a6-9eee52f9.jpg,low_light,2,7.23,2,3,54,2,False,False
3f85a987-1ef4053b.jpg,low_light,2,7.42,0,0,6,2,False,False
3fe1feaa-10126fec.jpg,low_light,2,7.36,7,13,8,16,False,False
3ffdaa26-b394f6f8.jpg,low_light,2,6.75,76,14,2,1,False,False
4027c10d-41d54e9b.jpg,low_light,2,6.77,22,6,20,6,False,False
428e99ea-4166e549.jpg,low_light,2,7.75,4,8,44,7,False,False
42e0dd11-74b81997.jpg,low_light,2,8.23,,,17,1,True,False
430395d1-931c959e.jpg,low_light,2,7.56,24,19,72,7,False,False
43126e0d-495d04a5.jpg,low_light,2,7.7,4,2,123,5,False,False
43126e0d-cce96832.jpg,low_light,2,7.35,45,2,15,5,False,False
432f9e20-83a0d96c.jpg,low_light,2,7.39,10,7,2,3,False,False
43c7ed5c-b0690325.jpg,low_light,2,7.48,1,1,24,8,False,False
44cc16d9-d2e06fd6.jpg,low_light,2,6.94,,,88,32,True,False
45bafa98-1ee18a2f.jpg,low_light,2,6.94,3,3,11,2,False,False
46d048a1-8f7f385c.jpg,low_light,2,7.14,1,1,23,9,False,False
46f76df9-8bf77914.jpg,low_light,2,7.42,10,0,44,8,False,False
480263a0-5aad7ae9.jpg,low_light,2,7.02,19,0,21,7,False,False
488480d6-b94cf415.jpg,low_light,2,7.08,12,6,2,0,False,False
48ed707e-5062e4c3.jpg,low_light,2,7.39,54,19,2,0,False,False
4a289ff2-7da7feb6.jpg,low_light,2,7.4,14,5,113,16,False,False
4a31f3e3-ac7ed780.jpg,low_light,2,7.32,14,3,3,4,False,False
4b2e1dde-65b54419.jpg,low_light,2,6.85,3,3,,,False,True
4d4a590b-4332c5ab.jpg,low_light,2,7.94,16,13,0,1,False,False
5069db50-52f5af30.jpg,low_light,2,8.1,135,3,1,3,False,False
50866f46-30d1f303.jpg,low_light,2,7.55,41,8,7,10,False,False
50b115d6-4b08a666.jpg,low_light,2,7.6,,,4,5,True,False
50b2e757-6c7d0f63.jpg,low_light,2,7.53,26,8,86,6,False,False
50d0fd05-8db58ebd.jpg,low_light,2,7.53,97,2,,,False,True
510671e9-603795e0.jpg,low_light,2,7.21,22,23,1,2,False,False
514a6d58-0790e0cd.jpg,low_light,2,7.62,5,8,31,3,False,False
5150bb50-300d52ce.jpg,low_light,2,7.63,1,5,10,6,False,False
52799e9e-8c8673f3.jpg,low_light,2,7.62,3,0,16,1,False,False
52bda346-fd8ac6e7.jpg,low_light,2,7.14,4,7,,,False,True
534418ba-ee05398f.jpg,low_light,2,7.16,9,2,23,4,False,False
54360b72-e00a3f70.jpg,low_light,2,7.51,161,20,5,5,False,False
554d7cd5-a32486dd.jpg,low_light,2,7.96,68,150,1,1,False,False
559fed19-7893646f.jpg,low_light,2,7.23,,,14,6,True,False
57165857-e4d4a47f.jpg,low_light,2,7.41,6,0,9,3,False,False
5795bfe7-a599384a.jpg,low_light,2,6.99,8,2,1,0,False,False
57ac74e2-e86131f1.jpg,low_light,2,7.43,485,247,1,22,False,False
57b495f2-6da6b1e5.jpg,low_light,2,8.02,5,1,36,3,False,False
585443c8-2621a6b1.jpg,low_light,2,7.64,3,1,46,9,False,False
5877b384-2545daf4.jpg,low_light,2,7.09,8,5,20,2,False,False
587bb1bf-1aa00fe5.jpg,low_light,2,7.49,30,6,6,4,False,False
5995c288-2d152172.jpg,low_light,2,7.32,11,5,,,False,True
59cde7c7-344bffb1.jpg,low_light,2,7.54,,,,,True,True
5a8f9b5d-1fdfd2d4.jpg,low_light,2,7.61,6,7,11,16,False,False
5ae83f9c-da990b49.jpg,low_light,2,7.39,0,1,6,6,False,False
5b2b4881-67a6cb87.jpg,low_light,2,7.08,13,1,6,0,False,False
5b2fd56a-37759b05.jpg,low_light,2,7.62,15,1,12,10,False,False
5b4b0b07-2fb56b82.jpg,low_light,2,7.37,27,3,10,1,False,False
5bc44a50-c371c4d0.jpg,low_light,2,7.16,136,11,23,12,False,False
5c4004b7-bf3b7941.jpg,low_light,2,7.45,,,,,True,True
5c534f5f-a76c7f4b.jpg,low_light,2,7.37,16,6,5,2,False,False
5c5dc708-35460444.jpg,low_light,2,7.01,7,3,75,4,False,False
5da6c6b6-76c54605.jpg,low_light,2,7.17,3,3,10,9,False,False
5dc5141c-5890b5b1.jpg,low_light,2,7.55,2,1,81,1,False,False
5dd831da-bd00cf03.jpg,low_light,2,7.29,8,5,352,28,False,False
5dfb063f-7bd23d5c.jpg,low_light,2,7.79,8,1,6,0,False,False
5e0b701e-d443d8c2.jpg,low_light,2,7.4,9,19,26,0,False,False
5e26f49d-0bc53c7e.jpg,low_light,2,7.98,2,6,22,1,False,False
5e26f49d-9271bf00.jpg,low_light,2,7.05,3,1,15,3,False,False
5e625ec3-7b4fc682.jpg,low_light,2,7.4,0,0,4,5,False,False
5f9387ff-330136ae.jpg,low_light,2,7.09,20,8,6,2,False,False
5fa17a25-88b8e6b9.jpg,low_light,2,7.37,8,4,15,1,False,False
5fa422e1-2d8dd765.jpg,low_light,2,6.52,15,5,8,1,False,False
5fb2a702-f56a339c.jpg,low_light,2,7.37,19,2,26,6,False,False
6011831b-0992e205.jpg,low_light,2,7.22,5,0,6,4,False,False
60137cc0-428b8f5b.jpg,low_light,2,7.45,2,2,9,2,False,False
604b5b3e-3c2e6b6b.jpg,low_light,2,7.53,13,8,5,13,False,False
6092f5a2-424550ba.jpg,low_light,2,7.62,21,0,4,4,False,False
60ba25dd-6c0df417.jpg,low_light,2,7.1,3,1,0,0,False,False
60c678e7-4813ae0f.jpg,low_light,2,7.02,4,13,50,3,False,False
614ecada-16b0f8b6.jpg,low_light,2,7.29,0,0,8,6,False,False
61e4ad87-53ceb455.jpg,low_light,2,7.32,7,2,34,7,False,False
6240d7b3-b51b5788.jpg,low_light,2,7.52,8,1,2,3,False,False
62aefb36-b685117f.jpg,low_light,2,7.25,36,16,15,2,False,False
634c1785-3bb9a8a2.jpg,low_light,2,7.19,4,2,1,2,False,False
634c1785-aeb1652f.jpg,low_light,2,7.1,2,0,2,3,False,False
63f73472-028615f1.jpg,low_light,2,7.2,91,5,1,0,False,False
6485ad0a-245d1600.jpg,low_light,2,7.7,1,5,1,3,False,False
648dc925-e359dbec.jpg,low_light,2,8.04,10,2,5,1,False,False
65edc5a1-f309fed7.jpg,low_light,2,7.4,14,3,6,2,False,False
661381d9-1114a810.jpg,low_light,2,6.97,6,0,4,3,False,False
664cb246-f84cfaf4.jpg,low_light,2,7.56,46,26,3,1,False,False
675cf8fa-4b1ce8b9.jpg,low_light,2,6.98,43,9,35,10,False,False
67faeadf-eb09a636.jpg,low_light,2,7.21,,,,,True,True
691be377-5dbc29ee.jpg,low_light,2,7.83,2,2,1,5,False,False
692f1303-05178963.jpg,low_light,2,7.6,20,2,18,0,False,False
692f9b08-bdbbd729.jpg,low_light,2,7.69,13,7,41,7,False,False
69bfbe31-5ee2a642.jpg,low_light,2,7.31,4,7,4,5,False,False
69cf7667-68f59649.jpg,low_light,2,7.64,3,3,3,0,False,False
69cf7667-7eb40860.jpg,low_light,2,7.21,66,6,3,1,False,False
6a44fb9a-05a3dd18.jpg,low_light,2,7.51,34,4,9,3,False,False
6a793e80-4f5e207f.jpg,low_light,2,8.08,9,2,,,False,True
6a82c0d6-b31f6b90.jpg,low_light,2,7.47,,,1,2,True,False
6a8d218d-14e4fa28.jpg,low_light,2,7.94,6,6,22,4,False,False
6ad110c3-789e7724.jpg,low_light,2,7.13,,,2,2,True,False
6b15392a-3a1699fd.jpg,low_light,2,6.64,21,4,10,2,False,False
6b784eee-0a5a2c89.jpg,low_light,2,7.55,1,0,7,1,False,False
6bb5a881-15e5c2c4.jpg,low_light,2,8.34,5,16,,,False,True
6bd41587-d65ba5b4.jpg,low_light,2,7.37,24,12,2,4,False,False
6d0d7bef-fb11b6e1.jpg,low_light,2,7.65,58,14,12,12,False,False
6d57736c-a35808b9.jpg,low_light,2,8.15,0,1,6,13,False,False
6d8a6d94-00a7ad92.jpg,low_light,2,7.5,6,2,,,False,True
6eeed3fa-87a1b0c9.jpg,low_light,2,7.23,1,1,11,1,False,False
701992bd-8a457895.jpg,low_light,2,7.63,4,0,16,1,False,False
7171644d-4e74752e.jpg,low_light,2,7.56,16,1,35,1,False,False
7171644d-ee92c71e.jpg,low_light,2,7.52,11,1,0,0,False,False
72f22fa5-8af4615c.jpg,low_light,2,7.82,32,6,20,9,False,False
72fd00fe-aeadfc89.jpg,low_light,2,8.37,17,1,5,1,False,False
730c67a5-563e9b1f.jpg,low_light,2,8.4,16,3,34,9,False,False
738a2bcd-7a6fde0d.jpg,low_light,2,7.73,5,0,1,1,False,False
73aff960-d46366ec.jpg,low_light,2,7.26,4,1,10,2,False,False
73d338d6-edf0b3db.jpg,low_light,2,7.9,4,3,49,6,False,False
75ad1fff-77299093.jpg,low_light,2,7.2,,,2,0,True,False
75f5f52c-6b67e736.jpg,low_light,2,4.65,,,,,True,True
777005a8-14c739ad.jpg,low_light,2,7.69,26,6,11,5,False,False
7771e03b-832e52c0.jpg,low_light,2,7.86,12,1,40,4,False,False
7771e03b-a8f9d50c.jpg,low_light,2,7.46,10,9,33,2,False,False
7797fea2-c37f9856.jpg,low_light,2,7.37,33,7,7,1,False,False
77bdbeb0-edb0613f.jpg,low_light,2,7.18,41,2,11,13,False,False
77dca577-16a39ea0.jpg,low_light,2,7.46,13,2,2,3,False,False
77f810c4-43a39c1f.jpg,low_light,2,7.23,4,7,,,False,True
7814206e-8e991d51.jpg,low_light,2,7.62,2,2,1,1,False,False
7814206e-ea2508d0.jpg,low_light,2,7.57,9,9,6,3,False,False
79e177bc-4d5d3acc.jpg,low_light,2,7.14,2,1,2,0,False,False
7aa4ff0f-9d28d8a4.jpg,low_light,2,8.13,1,7,3,29,False,False
7ad1174c-373265eb.jpg,low_light,2,7.12,24,184,1,1,False,False
7b268b98-e0ec16c3.jpg,low_light,2,8.04,13,2,4,8,False,False
7c5a2048-332896ea.jpg,low_light,2,7.6,1,2,,,False,True
7c5d50c5-7292de37.jpg,low_light,2,7.25,0,0,18,1,False,False
7d1fe115-936a2f47.jpg,low_light,2,7.66,207,29,16,7,False,False
7dc2914d-a20a969a.jpg,low_light,2,7.74,19,1,6,4,False,False
7e4ab78b-4a62c63e.jpg,low_light,2,7.54,28,14,2,1,False,False
7e590c49-93f03732.jpg,low_light,2,7.02,,,6,6,True,False
7ed57d0a-d7bcc13d.jpg,low_light,2,7.38,41,15,2,0,False,False
7f0ef682-c93899df.jpg,low_light,2,7.03,4,1,0,1,False,False
7f4ac354-777de900.jpg,low_light,2,6.76,1,1,18,0,False,False
7f9bdf0d-c0e0061f.jpg,low_light,2,6.74,10,0,4,4,False,False
7fd14da9-a855494b.jpg,low_light,2,7.98,20,3,12,2,False,False
801bff84-a72998c7.jpg,low_light,2,7.74,12,7,40,10,False,False
8073de38-f7eab6ec.jpg,low_light,2,7.53,2,6,7,8,False,False
8082ea05-1a7bcd47.jpg,low_light,2,7.33,1,0,2,0,False,False
80ecebc0-ca9605f4.jpg,low_light,2,7.4,,,19,9,True,False
81ec3b39-1951f79e.jpg,low_light,2,7.46,0,1,12,6,False,False
82b14c0c-79b99258.jpg,low_light,2,7.4,0,0,2,1,False,False
82b5fc3b-90cadd1b.jpg,low_light,2,6.67,17,6,16,62,False,False
82f03471-8e304dd5.jpg,low_light,2,7.55,95,14,17,1,False,False
836fa13a-d6058a12.jpg,low_light,2,8.07,30,11,16,8,False,False
84fb3f59-7d5d1fa4.jpg,low_light,2,6.95,,,,,True,True
8542b4da-7795bcfd.jpg,low_light,2,8.17,9,2,5,0,False,False
85f3f250-1fef85ac.jpg,low_light,2,7.32,15,3,4,2,False,False
87ca2979-d5158824.jpg,low_light,2,7.78,12,0,27,11,False,False
889b7dda-77f16103.jpg,low_light,2,6.8,19,45,2,6,False,False
88dbf01a-d8b35dee.jpg,low_light,2,7.08,1,0,7,0,False,False
897223bc-6938f1ab.jpg,low_light,2,7.07,2,3,1,1,False,False
89b7454d-880eacbd.jpg,low_light,2,7.44,33,3,11,5,False,False
89e85e71-7dd0a7b6.jpg,low_light,2,6.82,10,4,6,3,False,False
8a4fbffe-47866ce9.jpg,low_light,2,7.26,,,,,True,True
8a76c101-8bcefc32.jpg,low_light,2,7.94,2,3,7,23,False,False
8b7ef6c4-6bbcf25f.jpg,low_light,2,7.19,0,0,33,5,False,False
8bac644e-e0437ead.jpg,low_light,2,7.48,26,13,,,False,True
8c94c649-8ba62efa.jpg,low_light,2,7.36,11,1,7,1,False,False
8c9bbaa9-34934b66.jpg,low_light,2,7.16,16,1,42,4,False,False
0049e5b8-725e21a0.jpg,low_light,3,5.59,24,6,11,6,False,False
0081e27b-17bf4a9e.jpg,low_light,3,5.6,5,8,7,8,False,False
00beeb02-50440dcd.jpg,low_light,3,5.58,5,12,2,2,False,False
00d4b6b7-7d0a60bf.jpg,low_light,3,5.64,163,49,,,False,True
01118704-2d838d7f.jpg,low_light,3,5.68,10,0,33,15,False,False
0115917e-14907a6a.jpg,low_light,3,5.39,4,1,1,4,False,False
02188a44-65ad27f3.jpg,low_light,3,5.11,4,4,,,False,True
02494b7b-079febf8.jpg,low_light,3,5.61,29,16,3,5,False,False
029ffd50-dc944dba.jpg,low_light,3,5.45,,,27,12,True,False
0464a98b-860229d5.jpg,low_light,3,5.77,28,13,16,13,False,False
051aadb7-51aad566.jpg,low_light,3,5.68,,,,,True,True
051aadb7-e953bc4d.jpg,low_light,3,5.52,,,,,True,True
05743a9b-747658e7.jpg,low_light,3,5.78,33,13,77,23,False,False
057af272-6f700aef.jpg,low_light,3,5.61,,,28,2,True,False
05d62296-30c620d5.jpg,low_light,3,5.64,489,274,,,False,True
05e5a68e-f0e05a42.jpg,low_light,3,5.46,24,5,3,7,False,False
05fa6494-8f436d04.jpg,low_light,3,5.28,19,2,13,4,False,False
060039d9-5218402b.jpg,low_light,3,5.54,34,2,8,0,False,False
064aa0d6-f75ff4d5.jpg,low_light,3,5.53,3,0,8,0,False,False
07de5062-ddddcbd7.jpg,low_light,3,5.95,,,1,1,True,False
088351d1-30833ddc.jpg,low_light,3,5.69,,,,,True,True
08a49c01-675d3899.jpg,low_light,3,5.58,,,6,2,True,False
08d4285a-4a25b9b6.jpg,low_light,3,5.32,28,5,17,4,False,False
09ac21d6-eefa8ed0.jpg,low_light,3,4.76,,,13,0,True,False
0a0a0b1a-7c39d841.jpg,low_light,3,5.77,34,10,2,11,False,False
0af6039a-f3c91319.jpg,low_light,3,5.51,113,4,6,4,False,False
0b2f5d0d-8fddc1fc.jpg,low_light,3,5.5,9,1,33,5,False,False
0b4225f9-bfb10f88.jpg,low_light,3,5.64,1,1,0,6,False,False
0ba08fe3-880ae118.jpg,low_light,3,5.32,1,0,10,1,False,False
0c2f33b9-f94d69b5.jpg,low_light,3,5.5,2,1,8,10,False,False
0c984e6d-2b5d7ee4.jpg,low_light,3,5.44,0,0,25,0,False,False
0cb67a01-7cf1687e.jpg,low_light,3,5.76,69,8,,,False,True
0cc6f3e8-b4c9e348.jpg,low_light,3,5.39,7,7,5,5,False,False
0cf398b3-ce65ab64.jpg,low_light,3,4.0,,,84,3,True,False
0d3ec56a-f4cead6f.jpg,low_light,3,5.5,,,0,2,True,False
0d61234a-542010b2.jpg,low_light,3,4.34,,,1,0,True,False
0e442b65-b17e0b50.jpg,low_light,3,5.82,0,1,45,4,False,False
0e5c7e92-0d9c60f0.jpg,low_light,3,5.35,5,14,2,0,False,False
0f837def-9646c091.jpg,low_light,3,5.67,30,6,2,1,False,False
0fba84f9-73b520ee.jpg,low_light,3,5.58,0,2,5,2,False,False
101a0964-930eae70.jpg,low_light,3,4.92,6,1,0,0,False,False
10389fe8-433c740c.jpg,low_light,3,5.0,37,7,6,1,False,False
10453a95-40759ac3.jpg,low_light,3,5.48,47,4,3,0,False,False
1072195f-0a161ade.jpg,low_light,3,5.48,3,3,0,0,False,False
1072195f-6cf88b25.jpg,low_light,3,5.62,5,2,0,1,False,False
11513e3d-150058c3.jpg,low_light,3,5.76,6,4,16,5,False,False
1189ae68-1a8ad3c6.jpg,low_light,3,5.61,12,6,21,1,False,False
12076ebb-c07285d7.jpg,low_light,3,5.53,4,0,8,4,False,False
125134e5-7dfc45b9.jpg,low_light,3,5.52,,,6,12,True,False
12ae9ab8-794f5adc.jpg,low_light,3,5.42,33,35,2,3,False,False
13f61134-50021e53.jpg,low_light,3,5.8,,,94,8,True,False
14eace5a-ddf3b303.jpg,low_light,3,5.62,6,4,,,False,True
1608cfe7-32da2c5d.jpg,low_light,3,5.23,21,1,54,0,False,False
162995f1-d2c7d259.jpg,low_light,3,5.75,1,3,39,21,False,False
16b0973f-c07b564a.jpg,low_light,3,5.12,42,14,2,1,False,False
1784d67b-6b223914.jpg,low_light,3,5.61,30,2,8,0,False,False
1784d67b-d76145ce.jpg,low_light,3,5.7,49,1,9,2,False,False
188c58f3-792afc71.jpg,low_light,3,5.02,2,0,14,4,False,False
193f7f3b-84bc7998.jpg,low_light,3,5.59,,,1,18,True,False
194058b0-ac0616a6.jpg,low_light,3,5.48,4,8,,,False,True
19e56249-09c4bbc6.jpg,low_light,3,5.68,,,,,True,True
1a71faae-d5f255fd.jpg,low_light,3,5.77,,,,,True,True
1a8992a7-da5a8510.jpg,low_light,3,5.7,,,40,10,True,False
1ac0178c-0b259360.jpg,low_light,3,5.81,5,0,24,7,False,False
1b30f76f-95aa8a06.jpg,low_light,3,5.67,4,10,9,9,False,False
1bda5a26-420ceea6.jpg,low_light,3,5.58,1,1,6,7,False,False
1bf7f3d2-15f95138.jpg,low_light,3,5.61,12,12,1,3,False,False
1c227a12-10e5552c.jpg,low_light,3,5.76,30,9,4,11,False,False
1c227a12-ec67af93.jpg,low_light,3,5.71,1,1,0,13,False,False
1c5e9657-2e2a2863.jpg,low_light,3,5.22,,,,,True,True
1cb2a89b-4594573e.jpg,low_light,3,5.84,87,16,31,1,False,False
1cf54809-c6daa5a9.jpg,low_light,3,5.23,16,104,31,43,False,False
1d5e05f8-5020f67d.jpg,low_light,3,5.79,74,3,,,False,True
1e57ae90-806bc767.jpg,low_light,3,5.95,5,3,13,15,False,False
1f959fdd-6ff63d34.jpg,low_light,3,5.6,,,0,0,True,False
1fa65acf-d43367bc.jpg,low_light,3,5.15,17,4,13,8,False,False
20cfadfa-47711496.jpg,low_light,3,5.47,4,11,11,38,False,False
20cfadfa-6f87fdc1.jpg,low_light,3,5.62,1,1,3,11,False,False
225a1858-0e3a4b04.jpg,low_light,3,5.56,,,,,True,True
22be2f14-59fbdca0.jpg,low_light,3,5.63,10,2,2,1,False,False
23333f35-0cbc3f0f.jpg,low_light,3,5.72,112,14,10,5,False,False
23df146f-64b50e4c.jpg,low_light,3,5.85,23,15,3,3,False,False
24392d7c-998011c2.jpg,low_light,3,5.65,1,0,14,8,False,False
250e7595-b14da270.jpg,low_light,3,5.56,,,9,8,True,False
26190b83-39ccb412.jpg,low_light,3,5.56,2,6,12,0,False,False
272d52f6-8aac36b3.jpg,low_light,3,5.0,27,1,7,4,False,False
2752681a-e813599a.jpg,low_light,3,5.65,2,2,2,1,False,False
27645526-f038b033.jpg,low_light,3,4.96,11,11,10,23,False,False
2773af6f-23e23a6b.jpg,low_light,3,5.2,0,3,4,2,False,False
28faf684-03ef4c6e.jpg,low_light,3,5.92,3,2,1,1,False,False
292720ee-d847ee69.jpg,low_light,3,5.94,13,6,4,9,False,False
2b54fe2d-c5b810e6.jpg,low_light,3,5.09,1,16,0,4,False,False
2b605c48-8dfe352b.jpg,low_light,3,5.38,13,5,19,9,False,False
2beccce2-354608e2.jpg,low_light,3,5.4,9,1,18,114,False,False
2c87e51d-aa7a8031.jpg,low_light,3,5.67,189,102,,,False,True
2ce0b449-e818dc97.jpg,low_light,3,5.67,10,1,,,False,True
2cf976a2-479cd46b.jpg,low_light,3,5.5,6,2,9,12,False,False
2e2fae77-b7497ca0.jpg,low_light,3,5.27,11,4,5,1,False,False
2ead8042-2493c03f.jpg,low_light,3,5.21,0,1,3,0,False,False
2f1864c1-1a17d11c.jpg,low_light,3,4.88,2,1,3,0,False,False
2f879dc0-b09e4824.jpg,low_light,3,5.7,50,25,32,13,False,False
2fc9ad1e-ee4c9e43.jpg,low_light,3,5.66,58,21,0,1,False,False
3050b249-0ffbd6ec.jpg,low_light,3,5.57,9,3,18,8,False,False
314cc010-3eab5c90.jpg,low_light,3,5.44,23,2,5,3,False,False
31765c6b-90b0d612.jpg,low_light,3,5.42,2,1,4,4,False,False
31cf6eba-5c84c636.jpg,low_light,3,5.45,,,,,True,True
32de2244-122f1783.jpg,low_light,3,6.0,70,13,0,1,False,False
33420085-32996107.jpg,low_light,3,6.04,4,6,166,31,False,False
3430a5e6-00ec38d2.jpg,low_light,3,4.23,6,14,104,19,False,False
35eb46d0-8f7e28a0.jpg,low_light,3,5.87,30,7,1,1,False,False
3735fc3d-69d8b80c.jpg,low_light,3,5.63,6,7,18,4,False,False
3740cd4f-ff1d423d.jpg,low_light,3,4.85,40,0,29,2,False,False
375abba2-9f2ed56c.jpg,low_light,3,5.5,24,3,7,0,False,False
37723e55-31730cf5.jpg,low_light,3,4.93,24,8,19,8,False,False
380a3f8e-ba4f0def.jpg,low_light,3,6.02,2,1,9,4,False,False
385b0f61-1aee12ef.jpg,low_light,3,5.24,14,13,0,1,False,False
3865fea7-b4fe472d.jpg,low_light,3,5.4,92,64,6,11,False,False
38e561dd-8ea8ae2d.jpg,low_light,3,5.5,11,2,19,3,False,False
38ed8d8d-93c48de2.jpg,low_light,3,5.68,10,5,,,False,True
38ed8d8d-b1c230ef.jpg,low_light,3,5.48,28,3,28,4,False,False
38ed8d8d-fa50400c.jpg,low_light,3,5.38,18,1,,,False,True
3900ad8c-8834019f.jpg,low_light,3,5.36,,,,,True,True
39ddb110-04604b9c.jpg,low_light,3,5.39,0,0,27,5,False,False
39fc6d1c-6155351d.jpg,low_light,3,5.55,,,33,12,True,False
3a278d39-b92df256.jpg,low_light,3,5.61,10,8,30,47,False,False
3a3407a2-df8ea956.jpg,low_light,3,5.61,,,,,True,True
3ad0c4a7-2a3d544e.jpg,low_light,3,5.33,1,2,5,0,False,False
3b1e1bc1-ee64e36e.jpg,low_light,3,5.36,5,5,3,4,False,False
3b44ef5a-c09e8479.jpg,low_light,3,5.38,109,4,28,11,False,False
3b563c5e-0102edaf.jpg,low_light,3,5.35,,,51,11,True,False
3b9716a6-d2566395.jpg,low_light,3,5.72,,,8,5,True,False
3c0bbdc2-79baffce.jpg,low_light,3,5.74,6,3,2,0,False,False
3c5752b6-9c0bdf98.jpg,low_light,3,5.55,4,1,12,12,False,False
3c95ae26-68abac3f.jpg,low_light,3,5.29,1,0,13,2,False,False
3e0f1745-a95a63ad.jpg,low_light,3,5.34,25,3,2,6,False,False
3f4eb6a6-9eee52f9.jpg,low_light,3,5.42,19,8,25,4,False,False
3f85a987-1ef4053b.jpg,low_light,3,5.54,0,1,3,1,False,False
3fe1feaa-10126fec.jpg,low_light,3,5.5,8,3,,,False,True
3ffdaa26-b394f6f8.jpg,low_light,3,5.1,71,10,3,1,False,False
4027c10d-41d54e9b.jpg,low_light,3,5.1,25,6,18,8,False,False
428e99ea-4166e549.jpg,low_light,3,5.76,17,12,142,76,False,False
42e0dd11-74b81997.jpg,low_light,3,6.07,1,2,,,False,True
430395d1-931c959e.jpg,low_light,3,5.65,24,32,73,3,False,False
43126e0d-495d04a5.jpg,low_light,3,5.75,,,,,True,True
43126e0d-cce96832.jpg,low_light,3,5.51,51,2,12,3,False,False
432f9e20-83a0d96c.jpg,low_light,3,5.57,10,1,16,9,False,False
43c7ed5c-b0690325.jpg,low_light,3,5.58,0,1,8,1,False,False
44cc16d9-d2e06fd6.jpg,low_light,3,5.24,,,,,True,True
45bafa98-1ee18a2f.jpg,low_light,3,5.22,5,8,21,7,False,False
46d048a1-8f7f385c.jpg,low_light,3,5.36,1,0,47,20,False,False
46f76df9-8bf77914.jpg,low_light,3,5.55,30,0,11,1,False,False
480263a0-5aad7ae9.jpg,low_light,3,5.27,3,1,82,32,False,False
488480d6-b94cf415.jpg,low_light,3,5.33,27,1,3,1,False,False
48ed707e-5062e4c3.jpg,low_light,3,5.51,40,7,29,6,False,False
4a289ff2-7da7feb6.jpg,low_light,3,5.52,,,99,48,True,False
4a31f3e3-ac7ed780.jpg,low_light,3,5.48,3,0,28,10,False,False
4b2e1dde-65b54419.jpg,low_light,3,5.2,,,,,True,True
4d4a590b-4332c5ab.jpg,low_light,3,5.88,14,5,1,1,False,False
5069db50-52f5af30.jpg,low_light,3,5.98,124,17,4,2,False,False
50866f46-30d1f303.jpg,low_light,3,5.65,30,4,19,27,False,False
50b115d6-4b08a666.jpg,low_light,3,5.69,,,,,True,True
50b2e757-6c7d0f63.jpg,low_light,3,5.61,26,8,7,2,False,False
50d0fd05-8db58ebd.jpg,low_light,3,5.63,0,0,,,False,True
510671e9-603795e0.jpg,low_light,3,5.42,10,2,0,2,False,False
514a6d58-0790e0cd.jpg,low_light,3,5.67,0,0,25,3,False,False
5150bb50-300d52ce.jpg,low_light,3,5.68,21,0,0,3,False,False
52799e9e-8c8673f3.jpg,low_light,3,5.68,12,2,10,0,False,False
52bda346-fd8ac6e7.jpg,low_light,3,5.38,,,,,True,True
534418ba-ee05398f.jpg,low_light,3,5.38,18,5,4,0,False,False
54360b72-e00a3f70.jpg,low_light,3,5.61,9,23,18,2,False,False
554d7cd5-a32486dd.jpg,low_light,3,5.9,,,18,10,True,False
559fed19-7893646f.jpg,low_light,3,5.42,,,9,5,True,False
57165857-e4d4a47f.jpg,low_light,3,5.53,,,9,4,True,False
5795bfe7-a599384a.jpg,low_light,3,5.26,17,1,,,False,True
57ac74e2-e86131f1.jpg,low_light,3,5.55,328,156,2,24,False,False
57b495f2-6da6b1e5.jpg,low_light,3,5.94,39,2,,,False,True
585443c8-2621a6b1.jpg,low_light,3,5.7,3,0,13,3,False,False
5877b384-2545daf4.jpg,low_light,3,5.33,15,5,3,6,False,False
587bb1bf-1aa00fe5.jpg,low_light,3,5.6,24,4,5,3,False,False
5995c288-2d152172.jpg,low_light,3,5.48,10,3,,,False,True
59cde7c7-344bffb1.jpg,low_light,3,5.63,,,,,True,True
5a8f9b5d-1fdfd2d4.jpg,low_light,3,5.65,2,2,3,2,False,False
5ae83f9c-da990b49.jpg,low_light,3,5.54,2,0,6,6,False,False
5b2b4881-67a6cb87.jpg,low_light,3,5.33,13,1,1006,39,False,False
5b2fd56a-37759b05.jpg,low_light,3,5.66,13,3,13,13,False,False
5b4b0b07-2fb56b82.jpg,low_light,3,5.54,22,3,11,5,False,False
5bc44a50-c371c4d0.jpg,low_light,3,5.4,,,51,3,True,False
5c4004b7-bf3b7941.jpg,low_light,3,5.59,,,,,True,True
5c534f5f-a76c7f4b.jpg,low_light,3,5.51,7,5,5,4,False,False
5c5dc708-35460444.jpg,low_light,3,5.28,58,8,47,3,False,False
5da6c6b6-76c54605.jpg,low_light,3,5.38,,,18,12,True,False
5dc5141c-5890b5b1.jpg,low_light,3,5.66,6,1,102,4,False,False
5dd831da-bd00cf03.jpg,low_light,3,5.45,18,16,335,198,False,False
5dfb063f-7bd23d5c.jpg,low_light,3,5.77,25,8,13,4,False,False
5e0b701e-d443d8c2.jpg,low_light,3,5.53,80,57,25,1,False,False
5e26f49d-0bc53c7e.jpg,low_light,3,5.89,4,10,13,1,False,False
5e26f49d-9271bf00.jpg,low_light,3,5.3,32,1,54,1,False,False
5e625ec3-7b4fc682.jpg,low_light,3,5.53,0,0,2,5,False,False
5f9387ff-330136ae.jpg,low_light,3,5.32,54,0,5,3,False,False
5fa17a25-88b8e6b9.jpg,low_light,3,5.5,9,3,5,1,False,False
5fa422e1-2d8dd765.jpg,low_light,3,4.94,20,9,16,7,False,False
5fb2a702-f56a339c.jpg,low_light,3,5.52,17,3,9,0,False,False
6011831b-0992e205.jpg,low_light,3,5.4,9,3,7,5,False,False
60137cc0-428b8f5b.jpg,low_light,3,5.56,4,1,3,2,False,False
604b5b3e-3c2e6b6b.jpg,low_light,3,5.62,1,1,6,12,False,False
6092f5a2-424550ba.jpg,low_light,3,5.67,46,17,6,2,False,False
60ba25dd-6c0df417.jpg,low_light,3,5.32,25,5,2,3,False,False
60c678e7-4813ae0f.jpg,low_light,3,5.27,8,18,,,False,True
614ecada-16b0f8b6.jpg,low_light,3,5.47,35,4,13,5,False,False
61e4ad87-53ceb455.jpg,low_light,3,5.48,1,3,17,6,False,False
6240d7b3-b51b5788.jpg,low_light,3,5.6,9,5,16,3,False,False
62aefb36-b685117f.jpg,low_light,3,5.45,0,1,10,6,False,False
634c1785-3bb9a8a2.jpg,low_light,3,5.39,2,1,1,0,False,False
634c1785-aeb1652f.jpg,low_light,3,5.33,235,53,15,15,False,False
63f73472-028615f1.jpg,low_light,3,5.4,26,11,16,15,False,False
6485ad0a-245d1600.jpg,low_light,3,5.72,18,0,14,29,False,False
648dc925-e359dbec.jpg,low_light,3,5.94,7,5,16,1,False,False
65edc5a1-f309fed7.jpg,low_light,3,5.55,11,4,6,0,False,False
661381d9-1114a810.jpg,low_light,3,5.26,7,3,13,7,False,False
664cb246-f84cfaf4.jpg,low_light,3,5.65,7,3,17,3,False,False
675cf8fa-4b1ce8b9.jpg,low_light,3,5.27,13,181,273,89,False,False
67faeadf-eb09a636.jpg,low_light,3,5.42,,,,,True,True
691be377-5dbc29ee.jpg,low_light,3,5.8,1,2,0,5,False,False
692f1303-05178963.jpg,low_light,3,5.67,34,5,27,7,False,False
692f9b08-bdbbd729.jpg,low_light,3,5.73,2,7,7,2,False,False
69bfbe31-5ee2a642.jpg,low_light,3,5.48,9,2,1,2,False,False
69cf7667-68f59649.jpg,low_light,3,5.69,1,2,3,1,False,False
69cf7667-7eb40860.jpg,low_light,3,5.41,290,23,19,6,False,False
6a44fb9a-05a3dd18.jpg,low_light,3,5.61,7,2,22,5,False,False
6a793e80-4f5e207f.jpg,low_light,3,5.97,1,0,97,0,False,False
6a82c0d6-b31f6b90.jpg,low_light,3,5.58,,,3,1,True,False
6a8d218d-14e4fa28.jpg,low_light,3,5.88,,,21,5,True,False
6ad110c3-789e7724.jpg,low_light,3,5.39,,,,,True,True
6b15392a-3a1699fd.jpg,low_light,3,5.0,19,12,42,0,False,False
6b784eee-0a5a2c89.jpg,low_light,3,5.62,3,1,9,5,False,False
6bb5a881-15e5c2c4.jpg,low_light,3,6.14,4,16,,,False,True
6bd41587-d65ba5b4.jpg,low_light,3,5.5,13,2,1,2,False,False
6d0d7bef-fb11b6e1.jpg,low_light,3,5.68,56,14,10,11,False,False
6d57736c-a35808b9.jpg,low_light,3,6.0,10,21,2,4,False,False
6d8a6d94-00a7ad92.jpg,low_light,3,5.59,1,1,,,False,True
6eeed3fa-87a1b0c9.jpg,low_light,3,5.42,73,2,4,1,False,False
701992bd-8a457895.jpg,low_light,3,5.68,22,2,23,7,False,False
7171644d-4e74752e.jpg,low_light,3,5.67,32,1,77,1,False,False
7171644d-ee92c71e.jpg,low_light,3,5.63,6,0,6,5,False,False
72f22fa5-8af4615c.jpg,low_light,3,5.81,82,0,13,5,False,False
72fd00fe-aeadfc89.jpg,low_light,3,6.15,19,6,2,3,False,False
730c67a5-563e9b1f.jpg,low_light,3,6.15,44,11,,,False,True
738a2bcd-7a6fde0d.jpg,low_light,3,5.74,5,0,,,False,True
73aff960-d46366ec.jpg,low_light,3,5.44,25,5,,,False,True
73d338d6-edf0b3db.jpg,low_light,3,5.85,10,2,17,145,False,False
75ad1fff-77299093.jpg,low_light,3,5.39,,,1,0,True,False
75f5f52c-6b67e736.jpg,low_light,3,3.65,,,,,True,True
777005a8-14c739ad.jpg,low_light,3,5.72,,,,,True,True
7771e03b-832e52c0.jpg,low_light,3,5.82,,,24,1,True,False
7771e03b-a8f9d50c.jpg,low_light,3,5.59,8,1,8,0,False,False
7797fea2-c37f9856.jpg,low_light,3,5.5,17,5,15,6,False,False
77bdbeb0-edb0613f.jpg,low_light,3,5.39,22,0,14,1,False,False
77dca577-16a39ea0.jpg,low_light,3,5.58,15,2,19,27,False,False
77f810c4-43a39c1f.jpg,low_light,3,5.42,10,8,,,False,True
7814206e-8e991d51.jpg,low_light,3,5.68,5,3,2,0,False,False
7814206e-ea2508d0.jpg,low_light,3,5.65,10,8,7,1,False,False
79e177bc-4d5d3acc.jpg,low_light,3,5.35,0,0,1,1,False,False
7aa4ff0f-9d28d8a4.jpg,low_light,3,6.02,4,10,3,27,False,False
7ad1174c-373265eb.jpg,low_light,3,5.34,,,6,16,True,False
7b268b98-e0ec16c3.jpg,low_light,3,5.97,12,1,2,1,False,False
7c5a2048-332896ea.jpg,low_light,3,5.66,6,3,,,False,True
7c5d50c5-7292de37.jpg,low_light,3,5.43,20,1,17,1,False,False
7d1fe115-936a2f47.jpg,low_light,3,5.71,214,29,13,10,False,False
7dc2914d-a20a969a.jpg,low_light,3,5.76,8,0,38,4,False,False
7e4ab78b-4a62c63e.jpg,low_light,3,5.63,41,24,17,8,False,False
7e590c49-93f03732.jpg,low_light,3,5.29,,,5,6,True,False
7ed57d0a-d7bcc13d.jpg,low_light,3,5.51,38,11,6,4,False,False
7f0ef682-c93899df.jpg,low_light,3,5.29,,,0,1,True,False
7f4ac354-777de900.jpg,low_light,3,5.11,3,1,3,1,False,False
7f9bdf0d-c0e0061f.jpg,low_light,3,5.1,10,4,5,4,False,False
7fd14da9-a855494b.jpg,low_light,3,5.91,15,4,31,117,False,False
801bff84-a72998c7.jpg,low_light,3,5.81,30,18,0,1,False,False
8073de38-f7eab6ec.jpg,low_light,3,5.62,14,9,112,14,False,False
8082ea05-1a7bcd47.jpg,low_light,3,5.49,10,1,1,1,False,False
80ecebc0-ca9605f4.jpg,low_light,3,5.53,,,,,True,True
81ec3b39-1951f79e.jpg,low_light,3,5.57,19,5,13,6,False,False
82b14c0c-79b99258.jpg,low_light,3,5.54,22,3,6,5,False,False
82b5fc3b-90cadd1b.jpg,low_light,3,5.07,7,2,34,46,False,False
82f03471-8e304dd5.jpg,low_light,3,5.63,129,22,35,19,False,False
836fa13a-d6058a12.jpg,low_light,3,5.96,24,9,22,10,False,False
84fb3f59-7d5d1fa4.jpg,low_light,3,5.27,,,,,True,True
8542b4da-7795bcfd.jpg,low_light,3,6.05,6,0,18,8,False,False
85f3f250-1fef85ac.jpg,low_light,3,5.5,39,20,,,False,True
87ca2979-d5158824.jpg,low_light,3,5.78,4,0,1,4,False,False
889b7dda-77f16103.jpg,low_light,3,5.14,,,2,2,True,False
88dbf01a-d8b35dee.jpg,low_light,3,5.32,15,7,10,6,False,False
897223bc-6938f1ab.jpg,low_light,3,5.3,1,2,1,1,False,False
89b7454d-880eacbd.jpg,low_light,3,5.55,11,3,28,3,False,False
89e85e71-7dd0a7b6.jpg,low_light,3,5.15,8,5,4,4,False,False
8a4fbffe-47866ce9.jpg,low_light,3,5.45,,,,,True,True
8a76c101-8bcefc32.jpg,low_light,3,5.89,45,221,,,False,True
8b7ef6c4-6bbcf25f.jpg,low_light,3,5.41,35,6,52,8,False,False
8bac644e-e0437ead.jpg,low_light,3,5.59,32,28,,,False,True
8c94c649-8ba62efa.jpg,low_light,3,5.52,16,6,13,2,False,False
8c9bbaa9-34934b66.jpg,low_light,3,5.39,11,2,41,3,False,False
0049e5b8-725e21a0.jpg,low_light,4,4.12,0,3,8,6,False,False
0081e27b-17bf4a9e.jpg,low_light,4,4.12,14,25,48,4,False,False
00beeb02-50440dcd.jpg,low_light,4,4.12,6,11,10,1,False,False
00d4b6b7-7d0a60bf.jpg,low_light,4,4.15,164,49,,,False,True
01118704-2d838d7f.jpg,low_light,4,4.17,0,1,,,False,True
0115917e-14907a6a.jpg,low_light,4,3.98,12,2,8,6,False,False
02188a44-65ad27f3.jpg,low_light,4,3.79,23,6,,,False,True
02494b7b-079febf8.jpg,low_light,4,4.16,7,2,24,9,False,False
029ffd50-dc944dba.jpg,low_light,4,4.03,,,28,13,True,False
0464a98b-860229d5.jpg,low_light,4,4.24,,,15,16,True,False
051aadb7-51aad566.jpg,low_light,4,4.17,,,,,True,True
051aadb7-e953bc4d.jpg,low_light,4,4.08,,,,,True,True
05743a9b-747658e7.jpg,low_light,4,4.24,,,3,25,True,False
057af272-6f700aef.jpg,low_light,4,4.13,,,17,0,True,False
05d62296-30c620d5.jpg,low_light,4,4.15,,,,,True,True
05e5a68e-f0e05a42.jpg,low_light,4,4.02,,,11,14,True,False
05fa6494-8f436d04.jpg,low_light,4,3.9,49,11,28,3,False,False
060039d9-5218402b.jpg,low_light,4,4.09,36,0,11,1,False,False
064aa0d6-f75ff4d5.jpg,low_light,4,4.07,52,15,3,1,False,False
07de5062-ddddcbd7.jpg,low_light,4,4.36,,,,,True,True
088351d1-30833ddc.jpg,low_light,4,4.19,,,,,True,True
08a49c01-675d3899.jpg,low_light,4,4.11,,,21,7,True,False
08d4285a-4a25b9b6.jpg,low_light,4,3.95,9,2,17,5,False,False
09ac21d6-eefa8ed0.jpg,low_light,4,3.56,,,,,True,True
0a0a0b1a-7c39d841.jpg,low_light,4,4.24,46,13,4,7,False,False
0af6039a-f3c91319.jpg,low_light,4,4.06,37,6,1,0,False,False
0b2f5d0d-8fddc1fc.jpg,low_light,4,4.06,22,0,34,2,False,False
0b4225f9-bfb10f88.jpg,low_light,4,4.15,,,11,24,True,False
0ba08fe3-880ae118.jpg,low_light,4,3.94,13,4,28,10,False,False
0c2f33b9-f94d69b5.jpg,low_light,4,4.06,4,0,39,27,False,False
0c984e6d-2b5d7ee4.jpg,low_light,4,4.01,20,2,25,1,False,False
0cb67a01-7cf1687e.jpg,low_light,4,4.23,71,1,,,False,True
0cc6f3e8-b4c9e348.jpg,low_light,4,3.98,3,7,5,9,False,False
0cf398b3-ce65ab64.jpg,low_light,4,3.04,,,123,3,True,False
0d3ec56a-f4cead6f.jpg,low_light,4,4.05,,,13,0,True,False
0d61234a-542010b2.jpg,low_light,4,3.25,,,1,0,True,False
0e442b65-b17e0b50.jpg,low_light,4,4.27,5,4,41,2,False,False
0e5c7e92-0d9c60f0.jpg,low_light,4,3.96,,,,,True,True
0f837def-9646c091.jpg,low_light,4,4.16,31,6,1,2,False,False
0fba84f9-73b520ee.jpg,low_light,4,4.11,,,,,True,True
101a0964-930eae70.jpg,low_light,4,3.66,,,3,0,True,False
10389fe8-433c740c.jpg,low_light,4,3.71,55,4,8,29,False,False
10453a95-40759ac3.jpg,low_light,4,4.04,33,2,10,2,False,False
1072195f-0a161ade.jpg,low_light,4,4.05,23,3,22,3,False,False
1072195f-6cf88b25.jpg,low_light,4,4.14,,,30,10,True,False
11513e3d-150058c3.jpg,low_light,4,4.23,1,7,12,6,False,False
1189ae68-1a8ad3c6.jpg,low_light,4,4.12,9,5,30,4,False,False
12076ebb-c07285d7.jpg,low_light,4,4.08,36,7,16,1,False,False
125134e5-7dfc45b9.jpg,low_light,4,4.06,,,,,True,True
12ae9ab8-794f5adc.jpg,low_light,4,4.0,12,12,7,21,False,False
13f61134-50021e53.jpg,low_light,4,4.25,,,,,True,True
14eace5a-ddf3b303.jpg,low_light,4,4.14,6,2,9,13,False,False
1608cfe7-32da2c5d.jpg,low_light,4,3.87,12,22,55,0,False,False
162995f1-d2c7d259.jpg,low_light,4,4.23,8,1,42,21,False,False
16b0973f-c07b564a.jpg,low_light,4,3.8,34,2,1,0,False,False
1784d67b-6b223914.jpg,low_light,4,4.13,,,19,4,True,False
1784d67b-d76145ce.jpg,low_light,4,4.18,46,1,1,5,False,False
188c58f3-792afc71.jpg,low_light,4,3.73,11,5,6,5,False,False
193f7f3b-84bc7998.jpg,low_light,4,4.11,,,,,True,True
194058b0-ac0616a6.jpg,low_light,4,4.04,18,31,24,17,False,False
19e56249-09c4bbc6.jpg,low_light,4,4.16,,,,,True,True
1a71faae-d5f255fd.jpg,low_light,4,4.24,,,,,True,True
1a8992a7-da5a8510.jpg,low_light,4,4.21,,,,,True,True
1ac0178c-0b259360.jpg,low_light,4,4.25,,,,,True,True
1b30f76f-95aa8a06.jpg,low_light,4,4.16,,,,,True,True
1bda5a26-420ceea6.jpg,low_light,4,4.11,,,,,True,True
1bf7f3d2-15f95138.jpg,low_light,4,4.13,13,4,0,3,False,False
1c227a12-10e5552c.jpg,low_light,4,4.22,,,8,24,True,False
1c227a12-ec67af93.jpg,low_light,4,4.19,2,1,1,12,False,False
1c5e9657-2e2a2863.jpg,low_light,4,3.86,,,,,True,True
1cb2a89b-4594573e.jpg,low_light,4,4.28,13,1,4,0,False,False
1cf54809-c6daa5a9.jpg,low_light,4,3.88,20,124,6,19,False,False
1d5e05f8-5020f67d.jpg,low_light,4,4.25,10,108,,,False,True
1e57ae90-806bc767.jpg,low_light,4,4.35,7,3,9,19,False,False
1f959fdd-6ff63d34.jpg,low_light,4,4.12,,,17,4,True,False
1fa65acf-d43367bc.jpg,low_light,4,3.82,,,,,True,True
20cfadfa-47711496.jpg,low_light,4,4.03,6,23,9,38,False,False
20cfadfa-6f87fdc1.jpg,low_light,4,4.13,13,7,2,5,False,False
225a1858-0e3a4b04.jpg,low_light,4,4.11,,,,,True,True
22be2f14-59fbdca0.jpg,low_light,4,4.14,6,1,1,0,False,False
23333f35-0cbc3f0f.jpg,low_light,4,4.2,19,21,9,0,False,False
23df146f-64b50e4c.jpg,low_light,4,4.29,,,16,6,True,False
24392d7c-998011c2.jpg,low_light,4,4.15,5,4,,,False,True
250e7595-b14da270.jpg,low_light,4,4.1,,,75,14,True,False
26190b83-39ccb412.jpg,low_light,4,4.1,,,11,0,True,False
272d52f6-8aac36b3.jpg,low_light,4,3.72,,,,,True,True
2752681a-e813599a.jpg,low_light,4,4.15,20,1,2,2,False,False
27645526-f038b033.jpg,low_light,4,3.69,9,3,15,42,False,False
2773af6f-23e23a6b.jpg,low_light,4,3.85,,,22,2,True,False
28faf684-03ef4c6e.jpg,low_light,4,4.34,8,1,1,1,False,False
292720ee-d847ee69.jpg,low_light,4,4.34,,,2,0,True,False
2b54fe2d-c5b810e6.jpg,low_light,4,3.77,19,15,15,3,False,False
2b605c48-8dfe352b.jpg,low_light,4,3.97,,,8,3,True,False
2beccce2-354608e2.jpg,low_light,4,3.99,,,,,True,True
2c87e51d-aa7a8031.jpg,low_light,4,4.16,,,,,True,True
2ce0b449-e818dc97.jpg,low_light,4,4.16,13,0,,,False,True
2cf976a2-479cd46b.jpg,low_light,4,4.07,,,,,True,True
2e2fae77-b7497ca0.jpg,low_light,4,3.9,10,3,6,1,False,False
2ead8042-2493c03f.jpg,low_light,4,3.87,1,0,10,3,False,False
2f1864c1-1a17d11c.jpg,low_light,4,3.62,1,1,11,6,False,False
2f879dc0-b09e4824.jpg,low_light,4,4.18,25,13,19,7,False,False
2fc9ad1e-ee4c9e43.jpg,low_light,4,4.16,58,23,42,8,False,False
3050b249-0ffbd6ec.jpg,low_light,4,4.09,8,3,3,3,False,False
314cc010-3eab5c90.jpg,low_light,4,4.01,66,5,10,1,False,False
31765c6b-90b0d612.jpg,low_light,4,4.0,2,0,0,2,False,False
31cf6eba-5c84c636.jpg,low_light,4,4.04,,,,,True,True
32de2244-122f1783.jpg,low_light,4,4.39,36,7,0,0,False,False
33420085-32996107.jpg,low_light,4,4.41,3,6,113,29,False,False
3430a5e6-00ec38d2.jpg,low_light,4,3.2,,,,,True,True
35eb46d0-8f7e28a0.jpg,low_light,4,4.3,9,0,1,3,False,False
3735fc3d-69d8b80c.jpg,low_light,4,4.14,,,,,True,True
3740cd4f-ff1d423d.jpg,low_light,4,3.62,5,1,9,1,False,False
375abba2-9f2ed56c.jpg,low_light,4,4.05,1,1,31,1,False,False
37723e55-31730cf5.jpg,low_light,4,3.66,,,36,4,True,False
380a3f8e-ba4f0def.jpg,low_light,4,4.39,4,3,,,False,True
385b0f61-1aee12ef.jpg,low_light,4,3.88,11,13,11,3,False,False
3865fea7-b4fe472d.jpg,low_light,4,3.99,6,13,4,3,False,False
38e561dd-8ea8ae2d.jpg,low_light,4,4.06,3,1,19,4,False,False
38ed8d8d-93c48de2.jpg,low_light,4,4.17,6,2,,,False,True
38ed8d8d-b1c230ef.jpg,low_light,4,4.04,37,0,1,3,False,False
38ed8d8d-fa50400c.jpg,low_light,4,3.97,26,0,,,False,True
3900ad8c-8834019f.jpg,low_light,4,3.97,,,,,True,True
39ddb110-04604b9c.jpg,low_light,4,3.99,5,2,26,26,False,False
39fc6d1c-6155351d.jpg,low_light,4,4.09,,,27,13,True,False
3a278d39-b92df256.jpg,low_light,4,4.13,3,3,18,30,False,False
3a3407a2-df8ea956.jpg,low_light,4,4.14,,,,,True,True
3ad0c4a7-2a3d544e.jpg,low_light,4,3.95,88,43,54,22,False,False
3b1e1bc1-ee64e36e.jpg,low_light,4,3.97,2,2,3,1,False,False
3b44ef5a-c09e8479.jpg,low_light,4,3.96,147,7,,,False,True
3b563c5e-0102edaf.jpg,low_light,4,3.96,,,51,4,True,False
3b9716a6-d2566395.jpg,low_light,4,4.2,,,27,28,True,False
3c0bbdc2-79baffce.jpg,low_light,4,4.22,20,4,1,1,False,False
3c5752b6-9c0bdf98.jpg,low_light,4,4.08,,,61,6,True,False
3c95ae26-68abac3f.jpg,low_light,4,3.91,9,5,2,1,False,False
3e0f1745-a95a63ad.jpg,low_light,4,3.95,37,7,3,13,False,False
3f4eb6a6-9eee52f9.jpg,low_light,4,4.0,27,1,5,2,False,False
3f85a987-1ef4053b.jpg,low_light,4,4.08,,,5,4,True,False
3fe1feaa-10126fec.jpg,low_light,4,4.05,38,14,91,132,False,False
3ffdaa26-b394f6f8.jpg,low_light,4,3.79,55,9,4,2,False,False
4027c10d-41d54e9b.jpg,low_light,4,3.78,,,,,True,True
428e99ea-4166e549.jpg,low_light,4,4.23,7,3,15,35,False,False
42e0dd11-74b81997.jpg,low_light,4,4.43,,,,,True,True
430395d1-931c959e.jpg,low_light,4,4.16,28,34,89,10,False,False
43126e0d-495d04a5.jpg,low_light,4,4.23,,,,,True,True
43126e0d-cce96832.jpg,low_light,4,4.06,46,3,24,2,False,False
432f9e20-83a0d96c.jpg,low_light,4,4.12,18,3,,,False,True
43c7ed5c-b0690325.jpg,low_light,4,4.11,0,0,23,8,False,False
44cc16d9-d2e06fd6.jpg,low_light,4,3.88,,,,,True,True
45bafa98-1ee18a2f.jpg,low_light,4,3.87,1,0,21,8,False,False
46d048a1-8f7f385c.jpg,low_light,4,3.97,0,0,48,20,False,False
46f76df9-8bf77914.jpg,low_light,4,4.08,5,0,8,5,False,False
480263a0-5aad7ae9.jpg,low_light,4,3.9,3,1,1,17,False,False
488480d6-b94cf415.jpg,low_light,4,3.94,7,4,4,1,False,False
48ed707e-5062e4c3.jpg,low_light,4,4.06,,,20,10,True,False
4a289ff2-7da7feb6.jpg,low_light,4,4.06,175,81,238,77,False,False
4a31f3e3-ac7ed780.jpg,low_light,4,4.04,,,20,8,True,False
4b2e1dde-65b54419.jpg,low_light,4,3.87,,,,,True,True
4d4a590b-4332c5ab.jpg,low_light,4,4.3,,,,,True,True
5069db50-52f5af30.jpg,low_light,4,4.37,,,7,4,True,False
50866f46-30d1f303.jpg,low_light,4,4.16,31,3,,,False,True
50b115d6-4b08a666.jpg,low_light,4,4.19,,,,,True,True
50b2e757-6c7d0f63.jpg,low_light,4,4.12,,,,,True,True
50d0fd05-8db58ebd.jpg,low_light,4,4.14,,,,,True,True
510671e9-603795e0.jpg,low_light,4,4.0,92,44,20,7,False,False
514a6d58-0790e0cd.jpg,low_light,4,4.16,7,10,22,3,False,False
5150bb50-300d52ce.jpg,low_light,4,4.17,26,3,0,5,False,False
52799e9e-8c8673f3.jpg,low_light,4,4.17,0,1,21,2,False,False
52bda346-fd8ac6e7.jpg,low_light,4,3.98,,,,,True,True
534418ba-ee05398f.jpg,low_light,4,3.98,,,2,2,True,False
54360b72-e00a3f70.jpg,low_light,4,4.14,12,24,59,14,False,False
554d7cd5-a32486dd.jpg,low_light,4,4.32,,,23,25,True,False
559fed19-7893646f.jpg,low_light,4,4.0,,,,,True,True
57165857-e4d4a47f.jpg,low_light,4,4.07,,,,,True,True
5795bfe7-a599384a.jpg,low_light,4,3.89,,,210,265,True,False
57ac74e2-e86131f1.jpg,low_light,4,4.09,,,2,24,True,False
57b495f2-6da6b1e5.jpg,low_light,4,4.35,35,3,,,False,True
585443c8-2621a6b1.jpg,low_light,4,4.19,15,0,4,2,False,False
5877b384-2545daf4.jpg,low_light,4,3.94,11,6,2,4,False,False
587bb1bf-1aa00fe5.jpg,low_light,4,4.13,,,6,3,True,False
5995c288-2d152172.jpg,low_light,4,4.04,,,,,True,True
59cde7c7-344bffb1.jpg,low_light,4,4.14,,,,,True,True
5a8f9b5d-1fdfd2d4.jpg,low_light,4,4.15,11,1,18,27,False,False
5ae83f9c-da990b49.jpg,low_light,4,4.08,3,2,6,7,False,False
5b2b4881-67a6cb87.jpg,low_light,4,3.94,5,3,18,1,False,False
5b2fd56a-37759b05.jpg,low_light,4,4.15,17,8,13,9,False,False
5b4b0b07-2fb56b82.jpg,low_light,4,4.09,,,,,True,True
5bc44a50-c371c4d0.jpg,low_light,4,3.99,,,5,11,True,False
5c4004b7-bf3b7941.jpg,low_light,4,4.13,,,,,True,True
5c534f5f-a76c7f4b.jpg,low_light,4,4.06,15,7,1,0,False,False
5c5dc708-35460444.jpg,low_light,4,3.91,26,11,78,3,False,False
5da6c6b6-76c54605.jpg,low_light,4,3.97,,,17,13,True,False
5dc5141c-5890b5b1.jpg,low_light,4,4.19,,,,,True,True
5dd831da-bd00cf03.jpg,low_light,4,4.02,35,157,328,75,False,False
5dfb063f-7bd23d5c.jpg,low_light,4,4.23,0,1,,,False,True
5e0b701e-d443d8c2.jpg,low_light,4,4.08,,,1,7,True,False
5e26f49d-0bc53c7e.jpg,low_light,4,4.3,,,,,True,True
5e26f49d-9271bf00.jpg,low_light,4,3.92,,,,,True,True
5e625ec3-7b4fc682.jpg,low_light,4,4.07,1,1,2,6,False,False
5f9387ff-330136ae.jpg,low_light,4,3.93,52,1,5,3,False,False
5fa17a25-88b8e6b9.jpg,low_light,4,4.06,34,21,2,3,False,False
5fa422e1-2d8dd765.jpg,low_light,4,3.67,29,12,4,1,False,False
5fb2a702-f56a339c.jpg,low_light,4,4.07,3,1,2,2,False,False
6011831b-0992e205.jpg,low_light,4,3.98,10,24,26,15,False,False
60137cc0-428b8f5b.jpg,low_light,4,4.09,25,3,7,1,False,False
604b5b3e-3c2e6b6b.jpg,low_light,4,4.13,1,1,7,1,False,False
6092f5a2-424550ba.jpg,low_light,4,4.16,7,6,,,False,True
60ba25dd-6c0df417.jpg,low_light,4,3.92,87,24,9,0,False,False
60c678e7-4813ae0f.jpg,low_light,4,3.9,6,14,,,False,True
614ecada-16b0f8b6.jpg,low_light,4,4.03,34,3,9,3,False,False
61e4ad87-53ceb455.jpg,low_light,4,4.03,9,5,,,False,True
6240d7b3-b51b5788.jpg,low_light,4,4.12,8,3,52,3,False,False
62aefb36-b685117f.jpg,low_light,4,4.02,27,11,16,17,False,False
634c1785-3bb9a8a2.jpg,low_light,4,3.98,6,1,0,1,False,False
634c1785-aeb1652f.jpg,low_light,4,3.94,230,59,2,1,False,False
63f73472-028615f1.jpg,low_light,4,3.98,13,1,5,5,False,False
6485ad0a-245d1600.jpg,low_light,4,4.2,,,7,7,True,False
648dc925-e359dbec.jpg,low_light,4,4.34,33,14,241,14,False,False
65edc5a1-f309fed7.jpg,low_light,4,4.09,,,,,True,True
661381d9-1114a810.jpg,low_light,4,3.89,7,4,0,5,False,False
664cb246-f84cfaf4.jpg,low_light,4,4.16,10,4,,,False,True
675cf8fa-4b1ce8b9.jpg,low_light,4,3.91,24,155,220,300,False,False
67faeadf-eb09a636.jpg,low_light,4,4.01,,,,,True,True
691be377-5dbc29ee.jpg,low_light,4,4.25,5,3,,,False,True
692f1303-05178963.jpg,low_light,4,4.17,33,5,0,0,False,False
692f9b08-bdbbd729.jpg,low_light,4,4.21,5,5,18,4,False,False
69bfbe31-5ee2a642.jpg,low_light,4,4.04,11,16,3,4,False,False
69cf7667-68f59649.jpg,low_light,4,4.18,9,6,3,4,False,False
69cf7667-7eb40860.jpg,low_light,4,3.99,,,,,True,True
6a44fb9a-05a3dd18.jpg,low_light,4,4.13,3,1,22,5,False,False
6a793e80-4f5e207f.jpg,low_light,4,4.37,2,0,,,False,True
6a82c0d6-b31f6b90.jpg,low_light,4,4.1,,,,,True,True
6a8d218d-14e4fa28.jpg,low_light,4,4.31,,,,,True,True
6ad110c3-789e7724.jpg,low_light,4,3.99,,,,,True,True
6b15392a-3a1699fd.jpg,low_light,4,3.7,,,22,3,True,False
6b784eee-0a5a2c89.jpg,low_light,4,4.13,,,,,True,True
6bb5a881-15e5c2c4.jpg,low_light,4,4.48,,,,,True,True
6bd41587-d65ba5b4.jpg,low_light,4,4.05,,,11,7,True,False
6d0d7bef-fb11b6e1.jpg,low_light,4,4.17,,,12,12,True,False
6d57736c-a35808b9.jpg,low_light,4,4.37,5,11,1,1,False,False
6d8a6d94-00a7ad92.jpg,low_light,4,4.11,,,,,True,True
6eeed3fa-87a1b0c9.jpg,low_light,4,4.0,90,4,1,0,False,False
701992bd-8a457895.jpg,low_light,4,4.17,14,3,23,7,False,False
7171644d-4e74752e.jpg,low_light,4,4.19,,,,,True,True
7171644d-ee92c71e.jpg,low_light,4,4.16,,,15,8,True,False
72f22fa5-8af4615c.jpg,low_light,4,4.26,,,,,True,True
72fd00fe-aeadfc89.jpg,low_light,4,4.48,8,5,,,False,True
730c67a5-563e9b1f.jpg,low_light,4,4.48,,,,,True,True
738a2bcd-7a6fde0d.jpg,low_light,4,4.2,4,0,,,False,True
73aff960-d46366ec.jpg,low_light,4,4.02,,,,,True,True
73d338d6-edf0b3db.jpg,low_light,4,4.28,31,2,,,False,True
75ad1fff-77299093.jpg,low_light,4,3.98,,,1,4,True,False
75f5f52c-6b67e736.jpg,low_light,4,2.78,,,,,True,True
777005a8-14c739ad.jpg,low_light,4,4.21,,,,,True,True
7771e03b-832e52c0.jpg,low_light,4,4.27,,,11,7,True,False
7771e03b-a8f9d50c.jpg,low_light,4,4.12,2,13,10,1,False,False
7797fea2-c37f9856.jpg,low_light,4,4.05,26,6,231,186,False,False
77bdbeb0-edb0613f.jpg,low_light,4,3.98,23,0,15,2,False,False
77dca577-16a39ea0.jpg,low_light,4,4.11,24,3,,,False,True
77f810c4-43a39c1f.jpg,low_light,4,4.0,,,,,True,True
7814206e-8e991d51.jpg,low_light,4,4.17,18,4,2,1,False,False
7814206e-ea2508d0.jpg,low_light,4,4.15,7,11,9,5,False,False
79e177bc-4d5d3acc.jpg,low_light,4,3.95,3,4,10,3,False,False
7aa4ff0f-9d28d8a4.jpg,low_light,4,4.4,,,6,29,True,False
7ad1174c-373265eb.jpg,low_light,4,3.95,,,,,True,True
7b268b98-e0ec16c3.jpg,low_light,4,4.37,15,4,7,2,False,False
7c5a2048-332896ea.jpg,low_light,4,4.16,9,5,1,8,False,False
7c5d50c5-7292de37.jpg,low_light,4,4.01,17,2,23,4,False,False
7d1fe115-936a2f47.jpg,low_light,4,4.2,65,9,5,1,False,False
7dc2914d-a20a969a.jpg,low_light,4,4.23,23,2,37,6,False,False
7e4ab78b-4a62c63e.jpg,low_light,4,4.14,28,15,,,False,True
7e590c49-93f03732.jpg,low_light,4,3.92,,,,,True,True
7ed57d0a-d7bcc13d.jpg,low_light,4,4.06,55,618,106,15,False,False
7f0ef682-c93899df.jpg,low_light,4,3.92,,,4,3,True,False
7f4ac354-777de900.jpg,low_light,4,3.79,6,0,1,1,False,False
7f9bdf0d-c0e0061f.jpg,low_light,4,3.79,73,52,3,5,False,False
7fd14da9-a855494b.jpg,low_light,4,4.33,58,8,15,4,False,False
801bff84-a72998c7.jpg,low_light,4,4.31,33,10,45,11,False,False
8073de38-f7eab6ec.jpg,low_light,4,4.14,20,12,,,False,True
8082ea05-1a7bcd47.jpg,low_light,4,4.05,0,0,0,2,False,False
80ecebc0-ca9605f4.jpg,low_light,4,4.08,,,,,True,True
81ec3b39-1951f79e.jpg,low_light,4,4.1,0,0,27,14,False,False
82b14c0c-79b99258.jpg,low_light,4,4.09,81,1,5,3,False,False
82b5fc3b-90cadd1b.jpg,low_light,4,3.77,38,4,0,17,False,False
82f03471-8e304dd5.jpg,low_light,4,4.14,71,10,143,49,False,False
836fa13a-d6058a12.jpg,low_light,4,4.36,,,18,8,True,False
84fb3f59-7d5d1fa4.jpg,low_light,4,3.93,130,260,,,False,True
8542b4da-7795bcfd.jpg,low_light,4,4.42,59,22,18,8,False,False
85f3f250-1fef85ac.jpg,low_light,4,4.06,,,,,True,True
87ca2979-d5158824.jpg,low_light,4,4.24,5,2,6,1,False,False
889b7dda-77f16103.jpg,low_light,4,3.82,,,,,True,True
88dbf01a-d8b35dee.jpg,low_light,4,3.94,5,0,21,7,False,False
897223bc-6938f1ab.jpg,low_light,4,3.91,3,2,,,False,True
89b7454d-880eacbd.jpg,low_light,4,4.09,11,4,,,False,True
89e85e71-7dd0a7b6.jpg,low_light,4,3.82,1,18,2,6,False,False
8a4fbffe-47866ce9.jpg,low_light,4,4.02,,,,,True,True
8a76c101-8bcefc32.jpg,low_light,4,4.32,,,,,True,True
8b7ef6c4-6bbcf25f.jpg,low_light,4,4.0,21,5,44,4,False,False
8bac644e-e0437ead.jpg,low_light,4,4.12,,,,,True,True
8c94c649-8ba62efa.jpg,low_light,4,4.07,29,6,9,0,False,False
8c9bbaa9-34934b66.jpg,low_light,4,4.0,2,0,,,False,True
0049e5b8-725e21a0.jpg,low_light,5,2.95,7,1,20,9,False,False
0081e27b-17bf4a9e.jpg,low_light,5,2.95,16,32,,,False,True
00beeb02-50440dcd.jpg,low_light,5,2.95,7,13,0,1,False,False
00d4b6b7-7d0a60bf.jpg,low_light,5,2.96,,,,,True,True
01118704-2d838d7f.jpg,low_light,5,2.98,,,,,True,True
0115917e-14907a6a.jpg,low_light,5,2.86,25,2,5,2,False,False
02188a44-65ad27f3.jpg,low_light,5,2.72,,,,,True,True
02494b7b-079febf8.jpg,low_light,5,2.97,,,,,True,True
029ffd50-dc944dba.jpg,low_light,5,2.89,,,,,True,True
0464a98b-860229d5.jpg,low_light,5,3.03,,,,,True,True
051aadb7-51aad566.jpg,low_light,5,2.98,,,,,True,True
051aadb7-e953bc4d.jpg,low_light,5,2.92,,,,,True,True
05743a9b-747658e7.jpg,low_light,5,3.02,,,,,True,True
057af272-6f700aef.jpg,low_light,5,2.96,,,2,3,True,False
05d62296-30c620d5.jpg,low_light,5,2.97,,,,,True,True
05e5a68e-f0e05a42.jpg,low_light,5,2.88,,,0,8,True,False
05fa6494-8f436d04.jpg,low_light,5,2.8,,,,,True,True
060039d9-5218402b.jpg,low_light,5,2.93,41,4,,,False,True
064aa0d6-f75ff4d5.jpg,low_light,5,2.92,3,1,6,5,False,False
07de5062-ddddcbd7.jpg,low_light,5,3.11,,,,,True,True
088351d1-30833ddc.jpg,low_light,5,3.0,,,,,True,True
08a49c01-675d3899.jpg,low_light,5,2.94,,,,,True,True
08d4285a-4a25b9b6.jpg,low_light,5,2.83,,,8,1,True,False
09ac21d6-eefa8ed0.jpg,low_light,5,2.57,,,,,True,True
0a0a0b1a-7c39d841.jpg,low_light,5,3.03,0,0,,,False,True
0af6039a-f3c91319.jpg,low_light,5,2.91,94,13,,,False,True
0b2f5d0d-8fddc1fc.jpg,low_light,5,2.91,21,4,,,False,True
0b4225f9-bfb10f88.jpg,low_light,5,2.97,,,,,True,True
0ba08fe3-880ae118.jpg,low_light,5,2.83,1,0,,,False,True
0c2f33b9-f94d69b5.jpg,low_light,5,2.91,,,29,21,True,False
0c984e6d-2b5d7ee4.jpg,low_light,5,2.87,20,3,,,False,True
0cb67a01-7cf1687e.jpg,low_light,5,3.01,83,321,,,False,True
0cc6f3e8-b4c9e348.jpg,low_light,5,2.85,,,,,True,True
0cf398b3-ce65ab64.jpg,low_light,5,2.22,,,52,4,True,False
0d3ec56a-f4cead6f.jpg,low_light,5,2.9,,,,,True,True
0d61234a-542010b2.jpg,low_light,5,2.35,,,37,7,True,False
0e442b65-b17e0b50.jpg,low_light,5,3.05,,,13,2,True,False
0e5c7e92-0d9c60f0.jpg,low_light,5,2.84,,,,,True,True
0f837def-9646c091.jpg,low_light,5,2.98,,,,,True,True
0fba84f9-73b520ee.jpg,low_light,5,2.94,,,,,True,True
101a0964-930eae70.jpg,low_light,5,2.63,,,,,True,True
10389fe8-433c740c.jpg,low_light,5,2.67,,,,,True,True
10453a95-40759ac3.jpg,low_light,5,2.89,13,6,4,0,False,False
1072195f-0a161ade.jpg,low_light,5,2.9,12,1,,,False,True
1072195f-6cf88b25.jpg,low_light,5,2.96,,,,,True,True
11513e3d-150058c3.jpg,low_light,5,3.03,23,8,28,4,False,False
1189ae68-1a8ad3c6.jpg,low_light,5,2.95,,,,,True,True
12076ebb-c07285d7.jpg,low_light,5,2.92,,,,,True,True
125134e5-7dfc45b9.jpg,low_light,5,2.91,,,,,True,True
12ae9ab8-794f5adc.jpg,low_light,5,2.87,,,10,28,True,False
13f61134-50021e53.jpg,low_light,5,3.03,,,,,True,True
14eace5a-ddf3b303.jpg,low_light,5,2.96,,,,,True,True
1608cfe7-32da2c5d.jpg,low_light,5,2.78,12,19,,,False,True
162995f1-d2c7d259.jpg,low_light,5,3.02,,,,,True,True
16b0973f-c07b564a.jpg,low_light,5,2.74,44,16,9,3,False,False
1784d67b-6b223914.jpg,low_light,5,2.95,,,,,True,True
1784d67b-d76145ce.jpg,low_light,5,2.99,62,2,,,False,True
188c58f3-792afc71.jpg,low_light,5,2.69,,,,,True,True
193f7f3b-84bc7998.jpg,low_light,5,2.94,,,,,True,True
194058b0-ac0616a6.jpg,low_light,5,2.9,4,10,16,6,False,False
19e56249-09c4bbc6.jpg,low_light,5,2.97,,,,,True,True
1a71faae-d5f255fd.jpg,low_light,5,3.03,,,,,True,True
1a8992a7-da5a8510.jpg,low_light,5,3.01,,,,,True,True
1ac0178c-0b259360.jpg,low_light,5,3.03,,,,,True,True
1b30f76f-95aa8a06.jpg,low_light,5,2.97,,,,,True,True
1bda5a26-420ceea6.jpg,low_light,5,2.94,,,,,True,True
1bf7f3d2-15f95138.jpg,low_light,5,2.96,,,4,1,True,False
1c227a12-10e5552c.jpg,low_light,5,3.02,,,,,True,True
1c227a12-ec67af93.jpg,low_light,5,3.0,1,2,,,False,True
1c5e9657-2e2a2863.jpg,low_light,5,2.77,,,,,True,True
1cb2a89b-4594573e.jpg,low_light,5,3.06,14,4,,,False,True
1cf54809-c6daa5a9.jpg,low_light,5,2.79,,,54,71,True,False
1d5e05f8-5020f67d.jpg,low_light,5,3.03,,,,,True,True
1e57ae90-806bc767.jpg,low_light,5,3.11,,,,,True,True
1f959fdd-6ff63d34.jpg,low_light,5,2.94,,,,,True,True
1fa65acf-d43367bc.jpg,low_light,5,2.74,,,,,True,True
20cfadfa-47711496.jpg,low_light,5,2.89,3,21,12,34,False,False
20cfadfa-6f87fdc1.jpg,low_light,5,2.96,5,4,11,3,False,False
225a1858-0e3a4b04.jpg,low_light,5,2.94,,,,,True,True
22be2f14-59fbdca0.jpg,low_light,5,2.96,2,0,4,1,False,False
23333f35-0cbc3f0f.jpg,low_light,5,3.0,38,0,8,8,False,False
23df146f-64b50e4c.jpg,low_light,5,3.06,,,,,True,True
24392d7c-998011c2.jpg,low_light,5,2.96,,,,,True,True
250e7595-b14da270.jpg,low_light,5,2.93,,,18,16,True,False
26190b83-39ccb412.jpg,low_light,5,2.94,,,5,1,True,False
272d52f6-8aac36b3.jpg,low_light,5,2.68,,,,,True,True
2752681a-e813599a.jpg,low_light,5,2.97,30,13,9,3,False,False
27645526-f038b033.jpg,low_light,5,2.66,,,,,True,True
2773af6f-23e23a6b.jpg,low_light,5,2.76,,,,,True,True
28faf684-03ef4c6e.jpg,low_light,5,3.1,41,5,13,1,False,False
292720ee-d847ee69.jpg,low_light,5,3.09,,,1,1,True,False
2b54fe2d-c5b810e6.jpg,low_light,5,2.71,3,11,22,5,False,False
2b605c48-8dfe352b.jpg,low_light,5,2.85,,,3,4,True,False
2beccce2-354608e2.jpg,low_light,5,2.86,,,,,True,True
2c87e51d-aa7a8031.jpg,low_light,5,2.97,,,,,True,True
2ce0b449-e818dc97.jpg,low_light,5,2.97,,,,,True,True
2cf976a2-479cd46b.jpg,low_light,5,2.92,,,,,True,True
2e2fae77-b7497ca0.jpg,low_light,5,2.8,,,,,True,True
2ead8042-2493c03f.jpg,low_light,5,2.78,0,1,,,False,True
2f1864c1-1a17d11c.jpg,low_light,5,2.61,,,,,True,True
2f879dc0-b09e4824.jpg,low_light,5,2.99,35,17,,,False,True
2fc9ad1e-ee4c9e43.jpg,low_light,5,2.98,,,,,True,True
3050b249-0ffbd6ec.jpg,low_light,5,2.93,,,9,0,True,False
314cc010-3eab5c90.jpg,low_light,5,2.87,,,,,True,True
31765c6b-90b0d612.jpg,low_light,5,2.87,,,,,True,True
31cf6eba-5c84c636.jpg,low_light,5,2.9,,,,,True,True
32de2244-122f1783.jpg,low_light,5,3.13,61,27,1,0,False,False
33420085-32996107.jpg,low_light,5,3.14,,,,,True,True
3430a5e6-00ec38d2.jpg,low_light,5,2.33,143,165,,,False,True
35eb46d0-8f7e28a0.jpg,low_light,5,3.06,31,6,1,3,False,False
3735fc3d-69d8b80c.jpg,low_light,5,2.96,,,,,True,True
3740cd4f-ff1d423d.jpg,low_light,5,2.61,3,1,9,10,False,False
375abba2-9f2ed56c.jpg,low_light,5,2.9,,,,,True,True
37723e55-31730cf5.jpg,low_light,5,2.64,,,,,True,True
380a3f8e-ba4f0def.jpg,low_light,5,3.13,30,3,,,False,True
385b0f61-1aee12ef.jpg,low_light,5,2.78,,,,,True,True
3865fea7-b4fe472d.jpg,low_light,5,2.86,108,73,,,False,True
38e561dd-8ea8ae2d.jpg,low_light,5,2.91,,,17,5,True,False
38ed8d8d-93c48de2.jpg,low_light,5,2.98,,,,,True,True
38ed8d8d-b1c230ef.jpg,low_light,5,2.9,12,4,3,2,False,False
38ed8d8d-fa50400c.jpg,low_light,5,2.85,,,,,True,True
3900ad8c-8834019f.jpg,low_light,5,2.85,,,,,True,True
39ddb110-04604b9c.jpg,low_light,5,2.86,,,,,True,True
39fc6d1c-6155351d.jpg,low_light,5,2.93,,,33,11,True,False
3a278d39-b92df256.jpg,low_light,5,2.95,,,,,True,True
3a3407a2-df8ea956.jpg,low_light,5,2.97,,,,,True,True
3ad0c4a7-2a3d544e.jpg,low_light,5,2.84,34,27,,,False,True
3b1e1bc1-ee64e36e.jpg,low_light,5,2.85,,,,,True,True
3b44ef5a-c09e8479.jpg,low_light,5,2.84,159,97,,,False,True
3b563c5e-0102edaf.jpg,low_light,5,2.84,,,,,True,True
3b9716a6-d2566395.jpg,low_light,5,3.0,,,,,True,True
3c0bbdc2-79baffce.jpg,low_light,5,3.02,,,17,4,True,False
3c5752b6-9c0bdf98.jpg,low_light,5,2.91,,,60,35,True,False
3c95ae26-68abac3f.jpg,low_light,5,2.8,,,,,True,True
3e0f1745-a95a63ad.jpg,low_light,5,2.84,,,101,7,True,False
3f4eb6a6-9eee52f9.jpg,low_light,5,2.87,,,3,1,True,False
3f85a987-1ef4053b.jpg,low_light,5,2.92,,,,,True,True
3fe1feaa-10126fec.jpg,low_light,5,2.9,157,38,,,False,True
3ffdaa26-b394f6f8.jpg,low_light,5,2.73,18,2,5,5,False,False
4027c10d-41d54e9b.jpg,low_light,5,2.72,,,,,True,True
428e99ea-4166e549.jpg,low_light,5,3.02,39,8,14,35,False,False
42e0dd11-74b81997.jpg,low_light,5,3.15,,,,,True,True
430395d1-931c959e.jpg,low_light,5,2.97,,,23,8,True,False
43126e0d-495d04a5.jpg,low_light,5,3.03,,,,,True,True
43126e0d-cce96832.jpg,low_light,5,2.91,,,,,True,True
432f9e20-83a0d96c.jpg,low_light,5,2.96,,,,,True,True
43c7ed5c-b0690325.jpg,low_light,5,2.94,0,1,27,9,False,False
44cc16d9-d2e06fd6.jpg,low_light,5,2.79,,,,,True,True
45bafa98-1ee18a2f.jpg,low_light,5,2.77,5,8,,,False,True
46d048a1-8f7f385c.jpg,low_light,5,2.84,,,,,True,True
46f76df9-8bf77914.jpg,low_light,5,2.92,28,15,,,False,True
480263a0-5aad7ae9.jpg,low_light,5,2.8,,,4,40,True,False
488480d6-b94cf415.jpg,low_light,5,2.83,,,3,2,True,False
48ed707e-5062e4c3.jpg,low_light,5,2.9,,,,,True,True
4a289ff2-7da7feb6.jpg,low_light,5,2.91,,,,,True,True
4a31f3e3-ac7ed780.jpg,low_light,5,2.9,,,,,True,True
4b2e1dde-65b54419.jpg,low_light,5,2.78,,,,,True,True
4d4a590b-4332c5ab.jpg,low_light,5,3.07,,,,,True,True
5069db50-52f5af30.jpg,low_light,5,3.11,,,,,True,True
50866f46-30d1f303.jpg,low_light,5,2.98,,,,,True,True
50b115d6-4b08a666.jpg,low_light,5,3.0,,,,,True,True
50b2e757-6c7d0f63.jpg,low_light,5,2.95,,,,,True,True
50d0fd05-8db58ebd.jpg,low_light,5,2.97,,,,,True,True
510671e9-603795e0.jpg,low_light,5,2.87,,,,,True,True
514a6d58-0790e0cd.jpg,low_light,5,2.97,,,,,True,True
5150bb50-300d52ce.jpg,low_light,5,2.98,9,2,8,2,False,False
52799e9e-8c8673f3.jpg,low_light,5,2.98,9,4,7,4,False,False
52bda346-fd8ac6e7.jpg,low_light,5,2.86,,,,,True,True
534418ba-ee05398f.jpg,low_light,5,2.86,,,,,True,True
54360b72-e00a3f70.jpg,low_light,5,2.96,,,7,0,True,False
554d7cd5-a32486dd.jpg,low_light,5,3.08,,,,,True,True
559fed19-7893646f.jpg,low_light,5,2.87,,,,,True,True
57165857-e4d4a47f.jpg,low_light,5,2.91,,,,,True,True
5795bfe7-a599384a.jpg,low_light,5,2.79,,,,,True,True
57ac74e2-e86131f1.jpg,low_light,5,2.93,,,14,18,True,False
57b495f2-6da6b1e5.jpg,low_light,5,3.1,5,1,,,False,True
585443c8-2621a6b1.jpg,low_light,5,3.0,18,0,10,2,False,False
5877b384-2545daf4.jpg,low_light,5,2.82,4,4,,,False,True
587bb1bf-1aa00fe5.jpg,low_light,5,2.96,,,3,5,True,False
5995c288-2d152172.jpg,low_light,5,2.89,,,,,True,True
59cde7c7-344bffb1.jpg,low_light,5,2.96,,,,,True,True
5a8f9b5d-1fdfd2d4.jpg,low_light,5,2.96,12,1,,,False,True
5ae83f9c-da990b49.jpg,low_light,5,2.93,1,1,7,6,False,False
5b2b4881-67a6cb87.jpg,low_light,5,2.83,2,5,,,False,True
5b2fd56a-37759b05.jpg,low_light,5,2.96,42,5,,,False,True
5b4b0b07-2fb56b82.jpg,low_light,5,2.93,,,,,True,True
5bc44a50-c371c4d0.jpg,low_light,5,2.86,,,,,True,True
5c4004b7-bf3b7941.jpg,low_light,5,2.96,,,,,True,True
5c534f5f-a76c7f4b.jpg,low_light,5,2.9,,,,,True,True
5c5dc708-35460444.jpg,low_light,5,2.8,,,73,4,True,False
5da6c6b6-76c54605.jpg,low_light,5,2.85,,,,,True,True
5dc5141c-5890b5b1.jpg,low_light,5,2.99,,,,,True,True
5dd831da-bd00cf03.jpg,low_light,5,2.88,,,700,538,True,False
5dfb063f-7bd23d5c.jpg,low_light,5,3.01,,,,,True,True
5e0b701e-d443d8c2.jpg,low_light,5,2.92,,,,,True,True
5e26f49d-0bc53c7e.jpg,low_light,5,3.06,,,,,True,True
5e26f49d-9271bf00.jpg,low_light,5,2.82,,,,,True,True
5e625ec3-7b4fc682.jpg,low_light,5,2.91,,,2,7,True,False
5f9387ff-330136ae.jpg,low_light,5,2.82,,,,,True,True
5fa17a25-88b8e6b9.jpg,low_light,5,2.9,40,15,15,2,False,False
5fa422e1-2d8dd765.jpg,low_light,5,2.65,,,,,True,True
5fb2a702-f56a339c.jpg,low_light,5,2.92,18,2,32,3,False,False
6011831b-0992e205.jpg,low_light,5,2.86,0,6,,,False,True
60137cc0-428b8f5b.jpg,low_light,5,2.93,,,,,True,True
604b5b3e-3c2e6b6b.jpg,low_light,5,2.95,,,13,1,True,False
6092f5a2-424550ba.jpg,low_light,5,2.97,69,38,,,False,True
60ba25dd-6c0df417.jpg,low_light,5,2.81,,,,,True,True
60c678e7-4813ae0f.jpg,low_light,5,2.79,5,20,,,False,True
614ecada-16b0f8b6.jpg,low_light,5,2.89,0,1,,,False,True
61e4ad87-53ceb455.jpg,low_light,5,2.89,,,,,True,True
6240d7b3-b51b5788.jpg,low_light,5,2.95,,,,,True,True
62aefb36-b685117f.jpg,low_light,5,2.89,,,,,True,True
634c1785-3bb9a8a2.jpg,low_light,5,2.85,24,2,,,False,True
634c1785-aeb1652f.jpg,low_light,5,2.83,,,9,4,True,False
63f73472-028615f1.jpg,low_light,5,2.86,,,3,5,True,False
6485ad0a-245d1600.jpg,low_light,5,3.0,,,12,3,True,False
648dc925-e359dbec.jpg,low_light,5,3.09,3,11,,,False,True
65edc5a1-f309fed7.jpg,low_light,5,2.93,,,,,True,True
661381d9-1114a810.jpg,low_light,5,2.8,,,2,3,True,False
664cb246-f84cfaf4.jpg,low_light,5,2.98,,,,,True,True
675cf8fa-4b1ce8b9.jpg,low_light,5,2.81,26,166,,,False,True
67faeadf-eb09a636.jpg,low_light,5,2.87,,,,,True,True
691be377-5dbc29ee.jpg,low_light,5,3.04,,,3,4,True,False
692f1303-05178963.jpg,low_light,5,2.98,,,,,True,True
692f9b08-bdbbd729.jpg,low_light,5,3.01,2,2,36,7,False,False
69bfbe31-5ee2a642.jpg,low_light,5,2.9,9,3,24,7,False,False
69cf7667-68f59649.jpg,low_light,5,2.99,2,0,2,2,False,False
69cf7667-7eb40860.jpg,low_light,5,2.86,,,,,True,True
6a44fb9a-05a3dd18.jpg,low_light,5,2.96,8,19,0,0,False,False
6a793e80-4f5e207f.jpg,low_light,5,3.12,,,,,True,True
6a82c0d6-b31f6b90.jpg,low_light,5,2.94,,,,,True,True
6a8d218d-14e4fa28.jpg,low_light,5,3.07,,,,,True,True
6ad110c3-789e7724.jpg,low_light,5,2.87,,,,,True,True
6b15392a-3a1699fd.jpg,low_light,5,2.66,,,22,2,True,False
6b784eee-0a5a2c89.jpg,low_light,5,2.95,,,,,True,True
6bb5a881-15e5c2c4.jpg,low_light,5,3.18,,,,,True,True
6bd41587-d65ba5b4.jpg,low_light,5,2.9,,,,,True,True
6d0d7bef-fb11b6e1.jpg,low_light,5,2.98,,,13,11,True,False
6d57736c-a35808b9.jpg,low_light,5,3.11,4,6,2,6,False,False
6d8a6d94-00a7ad92.jpg,low_light,5,2.94,,,,,True,True
6eeed3fa-87a1b0c9.jpg,low_light,5,2.87,63,6,18,7,False,False
701992bd-8a457895.jpg,low_light,5,2.98,12,1,1,1,False,False
7171644d-4e74752e.jpg,low_light,5,3.0,,,,,True,True
7171644d-ee92c71e.jpg,low_light,5,2.97,,,12,9,True,False
72f22fa5-8af4615c.jpg,low_light,5,3.04,,,,,True,True
72fd00fe-aeadfc89.jpg,low_light,5,3.19,,,,,True,True
730c67a5-563e9b1f.jpg,low_light,5,3.18,,,,,True,True
738a2bcd-7a6fde0d.jpg,low_light,5,3.0,,,,,True,True
73aff960-d46366ec.jpg,low_light,5,2.88,,,,,True,True
73d338d6-edf0b3db.jpg,low_light,5,3.05,,,,,True,True
75ad1fff-77299093.jpg,low_light,5,2.85,,,,,True,True
75f5f52c-6b67e736.jpg,low_light,5,2.04,,,,,True,True
777005a8-14c739ad.jpg,low_light,5,3.01,,,,,True,True
7771e03b-832e52c0.jpg,low_light,5,3.04,,,,,True,True
7771e03b-a8f9d50c.jpg,low_light,5,2.95,,,6,9,True,False
7797fea2-c37f9856.jpg,low_light,5,2.9,,,,,True,True
77bdbeb0-edb0613f.jpg,low_light,5,2.86,,,15,2,True,False
77dca577-16a39ea0.jpg,low_light,5,2.94,22,2,,,False,True
77f810c4-43a39c1f.jpg,low_light,5,2.87,32,68,,,False,True
7814206e-8e991d51.jpg,low_light,5,2.98,165,27,40,4,False,False
7814206e-ea2508d0.jpg,low_light,5,2.97,,,6,6,True,False
79e177bc-4d5d3acc.jpg,low_light,5,2.83,,,5,5,True,False
7aa4ff0f-9d28d8a4.jpg,low_light,5,3.14,,,,,True,True
7ad1174c-373265eb.jpg,low_light,5,2.83,,,,,True,True
7b268b98-e0ec16c3.jpg,low_light,5,3.12,,,1,1,True,False
7c5a2048-332896ea.jpg,low_light,5,2.97,,,,,True,True
7c5d50c5-7292de37.jpg,low_light,5,2.88,,,,,True,True
7d1fe115-936a2f47.jpg,low_light,5,3.0,1,1,10,1,False,False
7dc2914d-a20a969a.jpg,low_light,5,3.02,,,,,True,True
7e4ab78b-4a62c63e.jpg,low_light,5,2.96,29,15,,,False,True
7e590c49-93f03732.jpg,low_light,5,2.82,,,,,True,True
7ed57d0a-d7bcc13d.jpg,low_light,5,2.91,,,,,True,True
7f0ef682-c93899df.jpg,low_light,5,2.81,,,2,2,True,False
7f4ac354-777de900.jpg,low_light,5,2.73,,,3,1,True,False
7f9bdf0d-c0e0061f.jpg,low_light,5,2.73,,,,,True,True
7fd14da9-a855494b.jpg,low_light,5,3.09,,,,,True,True
801bff84-a72998c7.jpg,low_light,5,3.07,,,,,True,True
8073de38-f7eab6ec.jpg,low_light,5,2.96,,,,,True,True
8082ea05-1a7bcd47.jpg,low_light,5,2.9,11,11,18,1,False,False
80ecebc0-ca9605f4.jpg,low_light,5,2.92,,,,,True,True
81ec3b39-1951f79e.jpg,low_light,5,2.94,,,,,True,True
82b14c0c-79b99258.jpg,low_light,5,2.93,,,,,True,True
82b5fc3b-90cadd1b.jpg,low_light,5,2.72,,,16,8,True,False
82f03471-8e304dd5.jpg,low_light,5,2.96,108,18,,,False,True
836fa13a-d6058a12.jpg,low_light,5,3.11,,,,,True,True
84fb3f59-7d5d1fa4.jpg,low_light,5,2.82,204,79,,,False,True
8542b4da-7795bcfd.jpg,low_light,5,3.15,,,,,True,True
85f3f250-1fef85ac.jpg,low_light,5,2.91,,,,,True,True
87ca2979-d5158824.jpg,low_light,5,3.03,3,1,,,False,True
889b7dda-77f16103.jpg,low_light,5,2.74,,,,,True,True
88dbf01a-d8b35dee.jpg,low_light,5,2.82,,,6,3,True,False
897223bc-6938f1ab.jpg,low_light,5,2.8,,,,,True,True
89b7454d-880eacbd.jpg,low_light,5,2.92,13,5,,,False,True
89e85e71-7dd0a7b6.jpg,low_light,5,2.75,9,0,2,14,False,False
8a4fbffe-47866ce9.jpg,low_light,5,2.88,,,,,True,True
8a76c101-8bcefc32.jpg,low_light,5,3.08,,,,,True,True
8b7ef6c4-6bbcf25f.jpg,low_light,5,2.87,,,,,True,True
8bac644e-e0437ead.jpg,low_light,5,2.95,,,,,True,True
8c94c649-8ba62efa.jpg,low_light,5,2.92,,,,,True,True
8c9bbaa9-34934b66.jpg,low_light,5,2.86,,,,,True,True
0049e5b8-725e21a0.jpg,low_light,6,1.98,,,,,True,True
0081e27b-17bf4a9e.jpg,low_light,6,1.99,,,,,True,True
00beeb02-50440dcd.jpg,low_light,6,1.99,,,,,True,True
00d4b6b7-7d0a60bf.jpg,low_light,6,1.99,,,,,True,True
01118704-2d838d7f.jpg,low_light,6,2.0,,,,,True,True
0115917e-14907a6a.jpg,low_light,6,1.92,,,,,True,True
02188a44-65ad27f3.jpg,low_light,6,1.84,,,,,True,True
02494b7b-079febf8.jpg,low_light,6,2.01,,,,,True,True
029ffd50-dc944dba.jpg,low_light,6,1.95,,,,,True,True
0464a98b-860229d5.jpg,low_light,6,2.04,,,,,True,True
051aadb7-51aad566.jpg,low_light,6,2.0,,,,,True,True
051aadb7-e953bc4d.jpg,low_light,6,1.97,,,,,True,True
05743a9b-747658e7.jpg,low_light,6,2.03,,,,,True,True
057af272-6f700aef.jpg,low_light,6,1.99,,,,,True,True
05d62296-30c620d5.jpg,low_light,6,2.0,,,,,True,True
05e5a68e-f0e05a42.jpg,low_light,6,1.94,,,,,True,True
05fa6494-8f436d04.jpg,low_light,6,1.89,,,,,True,True
060039d9-5218402b.jpg,low_light,6,1.97,,,,,True,True
064aa0d6-f75ff4d5.jpg,low_light,6,1.97,,,,,True,True
07de5062-ddddcbd7.jpg,low_light,6,2.08,,,,,True,True
088351d1-30833ddc.jpg,low_light,6,2.02,,,,,True,True
08a49c01-675d3899.jpg,low_light,6,1.98,,,,,True,True
08d4285a-4a25b9b6.jpg,low_light,6,1.91,,,,,True,True
09ac21d6-eefa8ed0.jpg,low_light,6,1.74,,,,,True,True
0a0a0b1a-7c39d841.jpg,low_light,6,2.04,,,,,True,True
0af6039a-f3c91319.jpg,low_light,6,1.96,,,,,True,True
0b2f5d0d-8fddc1fc.jpg,low_light,6,1.96,,,,,True,True
0b4225f9-bfb10f88.jpg,low_light,6,1.99,,,,,True,True
0ba08fe3-880ae118.jpg,low_light,6,1.9,,,,,True,True
0c2f33b9-f94d69b5.jpg,low_light,6,1.95,,,,,True,True
0c984e6d-2b5d7ee4.jpg,low_light,6,1.93,,,,,True,True
0cb67a01-7cf1687e.jpg,low_light,6,2.02,,,,,True,True
0cc6f3e8-b4c9e348.jpg,low_light,6,1.92,,,,,True,True
0cf398b3-ce65ab64.jpg,low_light,6,1.51,,,,,True,True
0d3ec56a-f4cead6f.jpg,low_light,6,1.95,,,,,True,True
0d61234a-542010b2.jpg,low_light,6,1.59,,,36,7,True,False
0e442b65-b17e0b50.jpg,low_light,6,2.05,,,,,True,True
0e5c7e92-0d9c60f0.jpg,low_light,6,1.91,,,,,True,True
0f837def-9646c091.jpg,low_light,6,2.0,,,,,True,True
0fba84f9-73b520ee.jpg,low_light,6,1.98,,,,,True,True
101a0964-930eae70.jpg,low_light,6,1.78,,,,,True,True
10389fe8-433c740c.jpg,low_light,6,1.8,,,,,True,True
10453a95-40759ac3.jpg,low_light,6,1.95,,,,,True,True
1072195f-0a161ade.jpg,low_light,6,1.95,,,,,True,True
1072195f-6cf88b25.jpg,low_light,6,1.99,,,,,True,True
11513e3d-150058c3.jpg,low_light,6,2.03,,,,,True,True
1189ae68-1a8ad3c6.jpg,low_light,6,1.98,,,,,True,True
12076ebb-c07285d7.jpg,low_light,6,1.97,,,,,True,True
125134e5-7dfc45b9.jpg,low_light,6,1.96,,,,,True,True
12ae9ab8-794f5adc.jpg,low_light,6,1.93,,,,,True,True
13f61134-50021e53.jpg,low_light,6,2.03,,,,,True,True
14eace5a-ddf3b303.jpg,low_light,6,1.99,,,,,True,True
1608cfe7-32da2c5d.jpg,low_light,6,1.87,,,,,True,True
162995f1-d2c7d259.jpg,low_light,6,2.03,,,,,True,True
16b0973f-c07b564a.jpg,low_light,6,1.84,,,,,True,True
1784d67b-6b223914.jpg,low_light,6,1.99,,,,,True,True
1784d67b-d76145ce.jpg,low_light,6,2.01,,,,,True,True
188c58f3-792afc71.jpg,low_light,6,1.81,,,,,True,True
193f7f3b-84bc7998.jpg,low_light,6,1.98,,,,,True,True
194058b0-ac0616a6.jpg,low_light,6,1.95,,,,,True,True
19e56249-09c4bbc6.jpg,low_light,6,2.0,,,,,True,True
1a71faae-d5f255fd.jpg,low_light,6,2.03,,,,,True,True
1a8992a7-da5a8510.jpg,low_light,6,2.03,,,,,True,True
1ac0178c-0b259360.jpg,low_light,6,2.04,,,,,True,True
1b30f76f-95aa8a06.jpg,low_light,6,2.0,,,,,True,True
1bda5a26-420ceea6.jpg,low_light,6,1.98,,,,,True,True
1bf7f3d2-15f95138.jpg,low_light,6,1.99,,,,,True,True
1c227a12-10e5552c.jpg,low_light,6,2.03,,,,,True,True
1c227a12-ec67af93.jpg,low_light,6,2.01,,,,,True,True
1c5e9657-2e2a2863.jpg,low_light,6,1.87,,,,,True,True
1cb2a89b-4594573e.jpg,low_light,6,2.06,,,,,True,True
1cf54809-c6daa5a9.jpg,low_light,6,1.88,,,,,True,True
1d5e05f8-5020f67d.jpg,low_light,6,2.04,,,,,True,True
1e57ae90-806bc767.jpg,low_light,6,2.08,84,246,,,False,True
1f959fdd-6ff63d34.jpg,low_light,6,1.98,,,,,True,True
1fa65acf-d43367bc.jpg,low_light,6,1.85,,,,,True,True
20cfadfa-47711496.jpg,low_light,6,1.94,,,,,True,True
20cfadfa-6f87fdc1.jpg,low_light,6,1.99,,,,,True,True
225a1858-0e3a4b04.jpg,low_light,6,1.99,,,,,True,True
22be2f14-59fbdca0.jpg,low_light,6,1.99,,,,,True,True
23333f35-0cbc3f0f.jpg,low_light,6,2.02,,,,,True,True
23df146f-64b50e4c.jpg,low_light,6,2.05,,,,,True,True
24392d7c-998011c2.jpg,low_light,6,1.99,,,,,True,True
250e7595-b14da270.jpg,low_light,6,1.97,,,,,True,True
26190b83-39ccb412.jpg,low_light,6,1.98,,,,,True,True
272d52f6-8aac36b3.jpg,low_light,6,1.81,,,,,True,True
2752681a-e813599a.jpg,low_light,6,2.0,,,,,True,True
27645526-f038b033.jpg,low_light,6,1.79,,,,,True,True
2773af6f-23e23a6b.jpg,low_light,6,1.86,,,,,True,True
28faf684-03ef4c6e.jpg,low_light,6,2.08,,,,,True,True
292720ee-d847ee69.jpg,low_light,6,2.07,,,,,True,True
2b54fe2d-c5b810e6.jpg,low_light,6,1.83,,,,,True,True
2b605c48-8dfe352b.jpg,low_light,6,1.92,,,,,True,True
2beccce2-354608e2.jpg,low_light,6,1.93,,,,,True,True
2c87e51d-aa7a8031.jpg,low_light,6,2.0,,,,,True,True
2ce0b449-e818dc97.jpg,low_light,6,2.0,,,,,True,True
2cf976a2-479cd46b.jpg,low_light,6,1.96,,,,,True,True
2e2fae77-b7497ca0.jpg,low_light,6,1.89,,,,,True,True
2ead8042-2493c03f.jpg,low_light,6,1.88,,,,,True,True
2f1864c1-1a17d11c.jpg,low_light,6,1.76,,,,,True,True
2f879dc0-b09e4824.jpg,low_light,6,2.01,,,,,True,True
2fc9ad1e-ee4c9e43.jpg,low_light,6,2.0,,,,,True,True
3050b249-0ffbd6ec.jpg,low_light,6,1.97,,,,,True,True
314cc010-3eab5c90.jpg,low_light,6,1.93,,,,,True,True
31765c6b-90b0d612.jpg,low_light,6,1.93,,,,,True,True
31cf6eba-5c84c636.jpg,low_light,6,1.96,,,,,True,True
32de2244-122f1783.jpg,low_light,6,2.1,,,,,True,True
33420085-32996107.jpg,low_light,6,2.1,,,,,True,True
3430a5e6-00ec38d2.jpg,low_light,6,1.58,,,,,True,True
35eb46d0-8f7e28a0.jpg,low_light,6,2.06,,,,,True,True
3735fc3d-69d8b80c.jpg,low_light,6,1.99,,,,,True,True
3740cd4f-ff1d423d.jpg,low_light,6,1.76,,,,,True,True
375abba2-9f2ed56c.jpg,low_light,6,1.95,,,,,True,True
37723e55-31730cf5.jpg,low_light,6,1.78,,,,,True,True
380a3f8e-ba4f0def.jpg,low_light,6,2.1,,,,,True,True
385b0f61-1aee12ef.jpg,low_light,6,1.88,,,,,True,True
3865fea7-b4fe472d.jpg,low_light,6,1.93,,,,,True,True
38e561dd-8ea8ae2d.jpg,low_light,6,1.96,,,,,True,True
38ed8d8d-93c48de2.jpg,low_light,6,2.01,,,,,True,True
38ed8d8d-b1c230ef.jpg,low_light,6,1.95,,,,,True,True
38ed8d8d-fa50400c.jpg,low_light,6,1.92,,,,,True,True
3900ad8c-8834019f.jpg,low_light,6,1.92,,,,,True,True
39ddb110-04604b9c.jpg,low_light,6,1.93,,,,,True,True
39fc6d1c-6155351d.jpg,low_light,6,1.97,,,,,True,True
3a278d39-b92df256.jpg,low_light,6,1.99,,,,,True,True
3a3407a2-df8ea956.jpg,low_light,6,1.99,,,,,True,True
3ad0c4a7-2a3d544e.jpg,low_light,6,1.91,,,,,True,True
3b1e1bc1-ee64e36e.jpg,low_light,6,1.92,,,,,True,True
3b44ef5a-c09e8479.jpg,low_light,6,1.91,,,,,True,True
3b563c5e-0102edaf.jpg,low_light,6,1.92,,,,,True,True
3b9716a6-d2566395.jpg,low_light,6,2.01,,,,,True,True
3c0bbdc2-79baffce.jpg,low_light,6,2.03,,,,,True,True
3c5752b6-9c0bdf98.jpg,low_light,6,1.96,,,,,True,True
3c95ae26-68abac3f.jpg,low_light,6,1.89,,,,,True,True
3e0f1745-a95a63ad.jpg,low_light,6,1.91,,,,,True,True
3f4eb6a6-9eee52f9.jpg,low_light,6,1.93,,,,,True,True
3f85a987-1ef4053b.jpg,low_light,6,1.96,,,,,True,True
3fe1feaa-10126fec.jpg,low_light,6,1.95,,,,,True,True
3ffdaa26-b394f6f8.jpg,low_light,6,1.84,,,,,True,True
4027c10d-41d54e9b.jpg,low_light,6,1.83,,,,,True,True
428e99ea-4166e549.jpg,low_light,6,2.03,,,,,True,True
42e0dd11-74b81997.jpg,low_light,6,2.11,,,,,True,True
430395d1-931c959e.jpg,low_light,6,2.0,,,,,True,True
43126e0d-495d04a5.jpg,low_light,6,2.03,,,,,True,True
43126e0d-cce96832.jpg,low_light,6,1.96,,,,,True,True
432f9e20-83a0d96c.jpg,low_light,6,1.99,,,,,True,True
43c7ed5c-b0690325.jpg,low_light,6,1.98,,,,,True,True
44cc16d9-d2e06fd6.jpg,low_light,6,1.88,,,,,True,True
45bafa98-1ee18a2f.jpg,low_light,6,1.87,,,,,True,True
46d048a1-8f7f385c.jpg,low_light,6,1.91,,,,,True,True
46f76df9-8bf77914.jpg,low_light,6,1.97,,,,,True,True
480263a0-5aad7ae9.jpg,low_light,6,1.89,,,,,True,True
488480d6-b94cf415.jpg,low_light,6,1.91,,,,,True,True
48ed707e-5062e4c3.jpg,low_light,6,1.95,,,,,True,True
4a289ff2-7da7feb6.jpg,low_light,6,1.96,,,,,True,True
4a31f3e3-ac7ed780.jpg,low_light,6,1.95,,,,,True,True
4b2e1dde-65b54419.jpg,low_light,6,1.88,,,,,True,True
4d4a590b-4332c5ab.jpg,low_light,6,2.06,,,,,True,True
5069db50-52f5af30.jpg,low_light,6,2.09,,,,,True,True
50866f46-30d1f303.jpg,low_light,6,2.0,,,,,True,True
50b115d6-4b08a666.jpg,low_light,6,2.02,,,,,True,True
50b2e757-6c7d0f63.jpg,low_light,6,1.98,,,,,True,True
50d0fd05-8db58ebd.jpg,low_light,6,1.99,,,,,True,True
510671e9-603795e0.jpg,low_light,6,1.94,,,,,True,True
514a6d58-0790e0cd.jpg,low_light,6,2.0,,,,,True,True
5150bb50-300d52ce.jpg,low_light,6,2.0,,,,,True,True
52799e9e-8c8673f3.jpg,low_light,6,2.01,,,,,True,True
52bda346-fd8ac6e7.jpg,low_light,6,1.93,,,,,True,True
534418ba-ee05398f.jpg,low_light,6,1.92,,,,,True,True
54360b72-e00a3f70.jpg,low_light,6,1.99,,,,,True,True
554d7cd5-a32486dd.jpg,low_light,6,2.07,,,,,True,True
559fed19-7893646f.jpg,low_light,6,1.93,,,,,True,True
57165857-e4d4a47f.jpg,low_light,6,1.96,,,,,True,True
5795bfe7-a599384a.jpg,low_light,6,1.88,,,,,True,True
57ac74e2-e86131f1.jpg,low_light,6,1.97,,,,,True,True
57b495f2-6da6b1e5.jpg,low_light,6,2.08,,,,,True,True
585443c8-2621a6b1.jpg,low_light,6,2.01,,,,,True,True
5877b384-2545daf4.jpg,low_light,6,1.9,,,,,True,True
587bb1bf-1aa00fe5.jpg,low_light,6,1.99,,,,,True,True
5995c288-2d152172.jpg,low_light,6,1.95,,,,,True,True
59cde7c7-344bffb1.jpg,low_light,6,1.99,,,,,True,True
5a8f9b5d-1fdfd2d4.jpg,low_light,6,1.99,,,,,True,True
5ae83f9c-da990b49.jpg,low_light,6,1.97,,,,,True,True
5b2b4881-67a6cb87.jpg,low_light,6,1.91,,,,,True,True
5b2fd56a-37759b05.jpg,low_light,6,1.99,,,,,True,True
5b4b0b07-2fb56b82.jpg,low_light,6,1.97,,,,,True,True
5bc44a50-c371c4d0.jpg,low_light,6,1.93,,,,,True,True
5c4004b7-bf3b7941.jpg,low_light,6,1.99,,,,,True,True
5c534f5f-a76c7f4b.jpg,low_light,6,1.95,,,,,True,True
5c5dc708-35460444.jpg,low_light,6,1.89,,,,,True,True
5da6c6b6-76c54605.jpg,low_light,6,1.92,,,,,True,True
5dc5141c-5890b5b1.jpg,low_light,6,2.02,,,,,True,True
5dd831da-bd00cf03.jpg,low_light,6,1.94,,,,,True,True
5dfb063f-7bd23d5c.jpg,low_light,6,2.03,,,,,True,True
5e0b701e-d443d8c2.jpg,low_light,6,1.96,,,,,True,True
5e26f49d-0bc53c7e.jpg,low_light,6,2.06,,,,,True,True
5e26f49d-9271bf00.jpg,low_light,6,1.9,,,,,True,True
5e625ec3-7b4fc682.jpg,low_light,6,1.96,,,,,True,True
5f9387ff-330136ae.jpg,low_light,6,1.9,,,,,True,True
5fa17a25-88b8e6b9.jpg,low_light,6,1.95,,,,,True,True
5fa422e1-2d8dd765.jpg,low_light,6,1.79,,,,,True,True
5fb2a702-f56a339c.jpg,low_light,6,1.96,,,,,True,True
6011831b-0992e205.jpg,low_light,6,1.92,,,,,True,True
60137cc0-428b8f5b.jpg,low_light,6,1.97,,,,,True,True
604b5b3e-3c2e6b6b.jpg,low_light,6,1.99,,,,,True,True
6092f5a2-424550ba.jpg,low_light,6,2.0,,,,,True,True
60ba25dd-6c0df417.jpg,low_light,6,1.89,,,,,True,True
60c678e7-4813ae0f.jpg,low_light,6,1.89,,,,,True,True
614ecada-16b0f8b6.jpg,low_light,6,1.95,,,,,True,True
61e4ad87-53ceb455.jpg,low_light,6,1.94,,,,,True,True
6240d7b3-b51b5788.jpg,low_light,6,1.98,,,,,True,True
62aefb36-b685117f.jpg,low_light,6,1.94,,,,,True,True
634c1785-3bb9a8a2.jpg,low_light,6,1.92,,,,,True,True
634c1785-aeb1652f.jpg,low_light,6,1.9,,,,,True,True
63f73472-028615f1.jpg,low_light,6,1.92,,,,,True,True
6485ad0a-245d1600.jpg,low_light,6,2.01,,,,,True,True
648dc925-e359dbec.jpg,low_light,6,2.08,,,,,True,True
65edc5a1-f309fed7.jpg,low_light,6,1.97,,,,,True,True
661381d9-1114a810.jpg,low_light,6,1.88,,,,,True,True
664cb246-f84cfaf4.jpg,low_light,6,2.0,,,,,True,True
675cf8fa-4b1ce8b9.jpg,low_light,6,1.89,,,,,True,True
67faeadf-eb09a636.jpg,low_light,6,1.94,,,,,True,True
691be377-5dbc29ee.jpg,low_light,6,2.04,,,,,True,True
692f1303-05178963.jpg,low_light,6,2.0,,,,,True,True
692f9b08-bdbbd729.jpg,low_light,6,2.02,,,,,True,True
69bfbe31-5ee2a642.jpg,low_light,6,1.95,,,,,True,True
69cf7667-68f59649.jpg,low_light,6,2.01,,,,,True,True
69cf7667-7eb40860.jpg,low_light,6,1.93,,,,,True,True
6a44fb9a-05a3dd18.jpg,low_light,6,1.99,,,,,True,True
6a793e80-4f5e207f.jpg,low_light,6,2.09,,,,,True,True
6a82c0d6-b31f6b90.jpg,low_light,6,1.97,,,,,True,True
6a8d218d-14e4fa28.jpg,low_light,6,2.06,,,,,True,True
6ad110c3-789e7724.jpg,low_light,6,1.93,,,,,True,True
6b15392a-3a1699fd.jpg,low_light,6,1.8,,,,,True,True
6b784eee-0a5a2c89.jpg,low_light,6,1.99,,,,,True,True
6bb5a881-15e5c2c4.jpg,low_light,6,2.13,,,,,True,True
6bd41587-d65ba5b4.jpg,low_light,6,1.95,,,,,True,True
6d0d7bef-fb11b6e1.jpg,low_light,6,2.0,,,,,True,True
6d57736c-a35808b9.jpg,low_light,6,2.09,,,,,True,True
6d8a6d94-00a7ad92.jpg,low_light,6,1.98,,,,,True,True
6eeed3fa-87a1b0c9.jpg,low_light,6,1.93,,,,,True,True
701992bd-8a457895.jpg,low_light,6,2.0,,,,,True,True
7171644d-4e74752e.jpg,low_light,6,2.02,,,,,True,True
7171644d-ee92c71e.jpg,low_light,6,2.0,,,,,True,True
72f22fa5-8af4615c.jpg,low_light,6,2.04,,,,,True,True
72fd00fe-aeadfc89.jpg,low_light,6,2.13,,,,,True,True
730c67a5-563e9b1f.jpg,low_light,6,2.13,,,,,True,True
738a2bcd-7a6fde0d.jpg,low_light,6,2.01,,,,,True,True
73aff960-d46366ec.jpg,low_light,6,1.94,,,,,True,True
73d338d6-edf0b3db.jpg,low_light,6,2.05,,,,,True,True
75ad1fff-77299093.jpg,low_light,6,1.92,,,,,True,True
75f5f52c-6b67e736.jpg,low_light,6,1.38,,,,,True,True
777005a8-14c739ad.jpg,low_light,6,2.02,,,,,True,True
7771e03b-832e52c0.jpg,low_light,6,2.04,,,,,True,True
7771e03b-a8f9d50c.jpg,low_light,6,1.99,,,,,True,True
7797fea2-c37f9856.jpg,low_light,6,1.95,,,,,True,True
77bdbeb0-edb0613f.jpg,low_light,6,1.92,,,,,True,True
77dca577-16a39ea0.jpg,low_light,6,1.98,,,,,True,True
77f810c4-43a39c1f.jpg,low_light,6,1.93,,,,,True,True
7814206e-8e991d51.jpg,low_light,6,2.0,,,,,True,True
7814206e-ea2508d0.jpg,low_light,6,2.0,,,,,True,True
79e177bc-4d5d3acc.jpg,low_light,6,1.91,,,,,True,True
7aa4ff0f-9d28d8a4.jpg,low_light,6,2.1,,,,,True,True
7ad1174c-373265eb.jpg,low_light,6,1.91,,,,,True,True
7b268b98-e0ec16c3.jpg,low_light,6,2.09,,,,,True,True
7c5a2048-332896ea.jpg,low_light,6,2.0,,,,,True,True
7c5d50c5-7292de37.jpg,low_light,6,1.94,,,,,True,True
7d1fe115-936a2f47.jpg,low_light,6,2.01,,,,,True,True
7dc2914d-a20a969a.jpg,low_light,6,2.03,,,,,True,True
7e4ab78b-4a62c63e.jpg,low_light,6,1.99,,,,,True,True
7e590c49-93f03732.jpg,low_light,6,1.9,,,,,True,True
7ed57d0a-d7bcc13d.jpg,low_light,6,1.96,,,,,True,True
7f0ef682-c93899df.jpg,low_light,6,1.9,,,,,True,True
7f4ac354-777de900.jpg,low_light,6,1.84,,,,,True,True
7f9bdf0d-c0e0061f.jpg,low_light,6,1.84,,,,,True,True
7fd14da9-a855494b.jpg,low_light,6,2.07,,,,,True,True
801bff84-a72998c7.jpg,low_light,6,2.08,,,,,True,True
8073de38-f7eab6ec.jpg,low_light,6,1.99,,,,,True,True
8082ea05-1a7bcd47.jpg,low_light,6,1.95,,,,,True,True
80ecebc0-ca9605f4.jpg,low_light,6,1.96,,,,,True,True
81ec3b39-1951f79e.jpg,low_light,6,1.97,,,,,True,True
82b14c0c-79b99258.jpg,low_light,6,1.97,,,,,True,True
82b5fc3b-90cadd1b.jpg,low_light,6,1.83,,,,,True,True
82f03471-8e304dd5.jpg,low_light,6,1.99,,,,,True,True
836fa13a-d6058a12.jpg,low_light,6,2.08,,,,,True,True
84fb3f59-7d5d1fa4.jpg,low_light,6,1.92,,,,,True,True
8542b4da-7795bcfd.jpg,low_light,6,2.11,,,,,True,True
85f3f250-1fef85ac.jpg,low_light,6,1.96,,,,,True,True
87ca2979-d5158824.jpg,low_light,6,2.04,,,,,True,True
889b7dda-77f16103.jpg,low_light,6,1.85,,,,,True,True
88dbf01a-d8b35dee.jpg,low_light,6,1.9,,,,,True,True
897223bc-6938f1ab.jpg,low_light,6,1.89,,,,,True,True
89b7454d-880eacbd.jpg,low_light,6,1.97,,,,,True,True
89e85e71-7dd0a7b6.jpg,low_light,6,1.85,,,,,True,True
8a4fbffe-47866ce9.jpg,low_light,6,1.94,,,,,True,True
8a76c101-8bcefc32.jpg,low_light,6,2.07,,,,,True,True
8b7ef6c4-6bbcf25f.jpg,low_light,6,1.93,,,,,True,True
8bac644e-e0437ead.jpg,low_light,6,1.98,,,,,True,True
8c94c649-8ba62efa.jpg,low_light,6,1.97,,,,,True,True
8c9bbaa9-34934b66.jpg,low_light,6,1.94,,,,,True,True
0049e5b8-725e21a0.jpg,low_light,7,1.22,,,,,True,True
0081e27b-17bf4a9e.jpg,low_light,7,1.22,,,,,True,True
00beeb02-50440dcd.jpg,low_light,7,1.22,,,,,True,True
00d4b6b7-7d0a60bf.jpg,low_light,7,1.22,,,,,True,True
01118704-2d838d7f.jpg,low_light,7,1.23,,,,,True,True
0115917e-14907a6a.jpg,low_light,7,1.18,,,,,True,True
02188a44-65ad27f3.jpg,low_light,7,1.13,,,,,True,True
02494b7b-079febf8.jpg,low_light,7,1.23,,,,,True,True
029ffd50-dc944dba.jpg,low_light,7,1.2,,,,,True,True
0464a98b-860229d5.jpg,low_light,7,1.25,,,,,True,True
051aadb7-51aad566.jpg,low_light,7,1.23,,,,,True,True
051aadb7-e953bc4d.jpg,low_light,7,1.21,,,,,True,True
05743a9b-747658e7.jpg,low_light,7,1.25,,,,,True,True
057af272-6f700aef.jpg,low_light,7,1.22,,,,,True,True
05d62296-30c620d5.jpg,low_light,7,1.23,,,,,True,True
05e5a68e-f0e05a42.jpg,low_light,7,1.19,,,,,True,True
05fa6494-8f436d04.jpg,low_light,7,1.16,,,,,True,True
060039d9-5218402b.jpg,low_light,7,1.21,,,,,True,True
064aa0d6-f75ff4d5.jpg,low_light,7,1.21,,,,,True,True
07de5062-ddddcbd7.jpg,low_light,7,1.28,,,,,True,True
088351d1-30833ddc.jpg,low_light,7,1.24,,,,,True,True
08a49c01-675d3899.jpg,low_light,7,1.22,,,,,True,True
08d4285a-4a25b9b6.jpg,low_light,7,1.17,,,,,True,True
09ac21d6-eefa8ed0.jpg,low_light,7,1.07,,,,,True,True
0a0a0b1a-7c39d841.jpg,low_light,7,1.25,,,,,True,True
0af6039a-f3c91319.jpg,low_light,7,1.2,,,,,True,True
0b2f5d0d-8fddc1fc.jpg,low_light,7,1.2,,,,,True,True
0b4225f9-bfb10f88.jpg,low_light,7,1.23,,,,,True,True
0ba08fe3-880ae118.jpg,low_light,7,1.17,,,,,True,True
0c2f33b9-f94d69b5.jpg,low_light,7,1.2,,,,,True,True
0c984e6d-2b5d7ee4.jpg,low_light,7,1.19,,,,,True,True
0cb67a01-7cf1687e.jpg,low_light,7,1.24,,,,,True,True
0cc6f3e8-b4c9e348.jpg,low_light,7,1.18,,,,,True,True
0cf398b3-ce65ab64.jpg,low_light,7,0.92,,,,,True,True
0d3ec56a-f4cead6f.jpg,low_light,7,1.2,,,,,True,True
0d61234a-542010b2.jpg,low_light,7,0.97,,,,,True,True
0e442b65-b17e0b50.jpg,low_light,7,1.26,,,,,True,True
0e5c7e92-0d9c60f0.jpg,low_light,7,1.18,,,,,True,True
0f837def-9646c091.jpg,low_light,7,1.23,,,,,True,True
0fba84f9-73b520ee.jpg,low_light,7,1.22,,,,,True,True
101a0964-930eae70.jpg,low_light,7,1.09,,,,,True,True
10389fe8-433c740c.jpg,low_light,7,1.11,,,,,True,True
10453a95-40759ac3.jpg,low_light,7,1.2,,,,,True,True
1072195f-0a161ade.jpg,low_light,7,1.2,,,,,True,True
1072195f-6cf88b25.jpg,low_light,7,1.22,,,,,True,True
11513e3d-150058c3.jpg,low_light,7,1.25,,,,,True,True
1189ae68-1a8ad3c6.jpg,low_light,7,1.22,,,,,True,True
12076ebb-c07285d7.jpg,low_light,7,1.21,,,,,True,True
125134e5-7dfc45b9.jpg,low_light,7,1.2,,,,,True,True
12ae9ab8-794f5adc.jpg,low_light,7,1.19,,,,,True,True
13f61134-50021e53.jpg,low_light,7,1.25,,,,,True,True
14eace5a-ddf3b303.jpg,low_light,7,1.22,,,,,True,True
1608cfe7-32da2c5d.jpg,low_light,7,1.15,,,,,True,True
162995f1-d2c7d259.jpg,low_light,7,1.25,,,,,True,True
16b0973f-c07b564a.jpg,low_light,7,1.13,,,,,True,True
1784d67b-6b223914.jpg,low_light,7,1.22,,,,,True,True
1784d67b-d76145ce.jpg,low_light,7,1.23,,,,,True,True
188c58f3-792afc71.jpg,low_light,7,1.11,,,,,True,True
193f7f3b-84bc7998.jpg,low_light,7,1.22,,,,,True,True
194058b0-ac0616a6.jpg,low_light,7,1.2,,,,,True,True
19e56249-09c4bbc6.jpg,low_light,7,1.23,,,,,True,True
1a71faae-d5f255fd.jpg,low_light,7,1.25,,,,,True,True
1a8992a7-da5a8510.jpg,low_light,7,1.24,,,,,True,True
1ac0178c-0b259360.jpg,low_light,7,1.25,,,,,True,True
1b30f76f-95aa8a06.jpg,low_light,7,1.23,,,,,True,True
1bda5a26-420ceea6.jpg,low_light,7,1.22,,,,,True,True
1bf7f3d2-15f95138.jpg,low_light,7,1.22,,,,,True,True
1c227a12-10e5552c.jpg,low_light,7,1.25,,,,,True,True
1c227a12-ec67af93.jpg,low_light,7,1.24,,,,,True,True
1c5e9657-2e2a2863.jpg,low_light,7,1.15,,,,,True,True
1cb2a89b-4594573e.jpg,low_light,7,1.26,,,,,True,True
1cf54809-c6daa5a9.jpg,low_light,7,1.16,,,,,True,True
1d5e05f8-5020f67d.jpg,low_light,7,1.25,,,,,True,True
1e57ae90-806bc767.jpg,low_light,7,1.28,,,,,True,True
1f959fdd-6ff63d34.jpg,low_light,7,1.22,,,,,True,True
1fa65acf-d43367bc.jpg,low_light,7,1.14,,,,,True,True
20cfadfa-47711496.jpg,low_light,7,1.19,,,,,True,True
20cfadfa-6f87fdc1.jpg,low_light,7,1.22,,,,,True,True
225a1858-0e3a4b04.jpg,low_light,7,1.22,,,,,True,True
22be2f14-59fbdca0.jpg,low_light,7,1.22,,,,,True,True
23333f35-0cbc3f0f.jpg,low_light,7,1.24,,,,,True,True
23df146f-64b50e4c.jpg,low_light,7,1.26,,,,,True,True
24392d7c-998011c2.jpg,low_light,7,1.22,,,,,True,True
250e7595-b14da270.jpg,low_light,7,1.21,,,,,True,True
26190b83-39ccb412.jpg,low_light,7,1.22,,,,,True,True
272d52f6-8aac36b3.jpg,low_light,7,1.11,,,,,True,True
2752681a-e813599a.jpg,low_light,7,1.23,,,,,True,True
27645526-f038b033.jpg,low_light,7,1.1,,,,,True,True
2773af6f-23e23a6b.jpg,low_light,7,1.14,,,,,True,True
28faf684-03ef4c6e.jpg,low_light,7,1.28,,,,,True,True
292720ee-d847ee69.jpg,low_light,7,1.27,,,,,True,True
2b54fe2d-c5b810e6.jpg,low_light,7,1.12,,,,,True,True
2b605c48-8dfe352b.jpg,low_light,7,1.18,,,,,True,True
2beccce2-354608e2.jpg,low_light,7,1.18,,,,,True,True
2c87e51d-aa7a8031.jpg,low_light,7,1.23,,,,,True,True
2ce0b449-e818dc97.jpg,low_light,7,1.23,,,,,True,True
2cf976a2-479cd46b.jpg,low_light,7,1.21,,,,,True,True
2e2fae77-b7497ca0.jpg,low_light,7,1.16,,,,,True,True
2ead8042-2493c03f.jpg,low_light,7,1.15,,,,,True,True
2f1864c1-1a17d11c.jpg,low_light,7,1.08,,,,,True,True
2f879dc0-b09e4824.jpg,low_light,7,1.23,,,,,True,True
2fc9ad1e-ee4c9e43.jpg,low_light,7,1.23,,,,,True,True
3050b249-0ffbd6ec.jpg,low_light,7,1.21,,,,,True,True
314cc010-3eab5c90.jpg,low_light,7,1.19,,,,,True,True
31765c6b-90b0d612.jpg,low_light,7,1.19,,,,,True,True
31cf6eba-5c84c636.jpg,low_light,7,1.2,,,,,True,True
32de2244-122f1783.jpg,low_light,7,1.29,,,,,True,True
33420085-32996107.jpg,low_light,7,1.29,,,,,True,True
3430a5e6-00ec38d2.jpg,low_light,7,0.96,,,,,True,True
35eb46d0-8f7e28a0.jpg,low_light,7,1.26,,,,,True,True
3735fc3d-69d8b80c.jpg,low_light,7,1.22,,,,,True,True
3740cd4f-ff1d423d.jpg,low_light,7,1.09,,,,,True,True
375abba2-9f2ed56c.jpg,low_light,7,1.2,,,,,True,True
37723e55-31730cf5.jpg,low_light,7,1.09,,,,,True,True
380a3f8e-ba4f0def.jpg,low_light,7,1.29,,,,,True,True
385b0f61-1aee12ef.jpg,low_light,7,1.15,,,,,True,True
3865fea7-b4fe472d.jpg,low_light,7,1.18,,,,,True,True
38e561dd-8ea8ae2d.jpg,low_light,7,1.2,,,,,True,True
38ed8d8d-93c48de2.jpg,low_light,7,1.23,,,,,True,True
38ed8d8d-b1c230ef.jpg,low_light,7,1.2,,,,,True,True
38ed8d8d-fa50400c.jpg,low_light,7,1.18,,,,,True,True
3900ad8c-8834019f.jpg,low_light,7,1.18,,,,,True,True
39ddb110-04604b9c.jpg,low_light,7,1.18,,,,,True,True
39fc6d1c-6155351d.jpg,low_light,7,1.21,,,,,True,True
3a278d39-b92df256.jpg,low_light,7,1.22,,,,,True,True
3a3407a2-df8ea956.jpg,low_light,7,1.22,,,,,True,True
3ad0c4a7-2a3d544e.jpg,low_light,7,1.18,,,,,True,True
3b1e1bc1-ee64e36e.jpg,low_light,7,1.18,,,,,True,True
3b44ef5a-c09e8479.jpg,low_light,7,1.17,,,,,True,True
3b563c5e-0102edaf.jpg,low_light,7,1.18,,,,,True,True
3b9716a6-d2566395.jpg,low_light,7,1.24,,,,,True,True
3c0bbdc2-79baffce.jpg,low_light,7,1.24,,,,,True,True
3c5752b6-9c0bdf98.jpg,low_light,7,1.2,,,,,True,True
3c95ae26-68abac3f.jpg,low_light,7,1.16,,,,,True,True
3e0f1745-a95a63ad.jpg,low_light,7,1.18,,,,,True,True
3f4eb6a6-9eee52f9.jpg,low_light,7,1.19,,,,,True,True
3f85a987-1ef4053b.jpg,low_light,7,1.21,,,,,True,True
3fe1feaa-10126fec.jpg,low_light,7,1.2,,,,,True,True
3ffdaa26-b394f6f8.jpg,low_light,7,1.13,,,,,True,True
4027c10d-41d54e9b.jpg,low_light,7,1.13,,,,,True,True
428e99ea-4166e549.jpg,low_light,7,1.25,,,,,True,True
42e0dd11-74b81997.jpg,low_light,7,1.3,,,,,True,True
430395d1-931c959e.jpg,low_light,7,1.23,,,,,True,True
43126e0d-495d04a5.jpg,low_light,7,1.25,,,,,True,True
43126e0d-cce96832.jpg,low_light,7,1.2,,,,,True,True
432f9e20-83a0d96c.jpg,low_light,7,1.22,,,,,True,True
43c7ed5c-b0690325.jpg,low_light,7,1.22,,,,,True,True
44cc16d9-d2e06fd6.jpg,low_light,7,1.16,,,,,True,True
45bafa98-1ee18a2f.jpg,low_light,7,1.15,,,,,True,True
46d048a1-8f7f385c.jpg,low_light,7,1.18,,,,,True,True
46f76df9-8bf77914.jpg,low_light,7,1.21,,,,,True,True
480263a0-5aad7ae9.jpg,low_light,7,1.16,,,,,True,True
488480d6-b94cf415.jpg,low_light,7,1.17,,,,,True,True
48ed707e-5062e4c3.jpg,low_light,7,1.2,,,,,True,True
4a289ff2-7da7feb6.jpg,low_light,7,1.2,,,,,True,True
4a31f3e3-ac7ed780.jpg,low_light,7,1.2,,,,,True,True
4b2e1dde-65b54419.jpg,low_light,7,1.15,,,,,True,True
4d4a590b-4332c5ab.jpg,low_light,7,1.26,,,,,True,True
5069db50-52f5af30.jpg,low_light,7,1.28,,,,,True,True
50866f46-30d1f303.jpg,low_light,7,1.23,,,,,True,True
50b115d6-4b08a666.jpg,low_light,7,1.24,,,,,True,True
50b2e757-6c7d0f63.jpg,low_light,7,1.22,,,,,True,True
50d0fd05-8db58ebd.jpg,low_light,7,1.22,,,,,True,True
510671e9-603795e0.jpg,low_light,7,1.19,,,,,True,True
514a6d58-0790e0cd.jpg,low_light,7,1.23,,,,,True,True
5150bb50-300d52ce.jpg,low_light,7,1.23,,,,,True,True
52799e9e-8c8673f3.jpg,low_light,7,1.23,,,,,True,True
52bda346-fd8ac6e7.jpg,low_light,7,1.18,,,,,True,True
534418ba-ee05398f.jpg,low_light,7,1.18,,,,,True,True
54360b72-e00a3f70.jpg,low_light,7,1.22,,,,,True,True
554d7cd5-a32486dd.jpg,low_light,7,1.27,,,,,True,True
559fed19-7893646f.jpg,low_light,7,1.19,,,,,True,True
57165857-e4d4a47f.jpg,low_light,7,1.2,,,,,True,True
5795bfe7-a599384a.jpg,low_light,7,1.16,,,,,True,True
57ac74e2-e86131f1.jpg,low_light,7,1.21,,,,,True,True
57b495f2-6da6b1e5.jpg,low_light,7,1.28,,,,,True,True
585443c8-2621a6b1.jpg,low_light,7,1.24,,,,,True,True
5877b384-2545daf4.jpg,low_light,7,1.17,,,,,True,True
587bb1bf-1aa00fe5.jpg,low_light,7,1.22,,,,,True,True
5995c288-2d152172.jpg,low_light,7,1.2,,,,,True,True
59cde7c7-344bffb1.jpg,low_light,7,1.22,,,,,True,True
5a8f9b5d-1fdfd2d4.jpg,low_light,7,1.22,,,,,True,True
5ae83f9c-da990b49.jpg,low_light,7,1.21,,,,,True,True
5b2b4881-67a6cb87.jpg,low_light,7,1.17,,,,,True,True
5b2fd56a-37759b05.jpg,low_light,7,1.22,,,,,True,True
5b4b0b07-2fb56b82.jpg,low_light,7,1.21,,,,,True,True
5bc44a50-c371c4d0.jpg,low_light,7,1.19,,,,,True,True
5c4004b7-bf3b7941.jpg,low_light,7,1.22,,,,,True,True
5c534f5f-a76c7f4b.jpg,low_light,7,1.2,,,,,True,True
5c5dc708-35460444.jpg,low_light,7,1.16,,,,,True,True
5da6c6b6-76c54605.jpg,low_light,7,1.18,,,,,True,True
5dc5141c-5890b5b1.jpg,low_light,7,1.24,,,,,True,True
5dd831da-bd00cf03.jpg,low_light,7,1.19,,,,,True,True
5dfb063f-7bd23d5c.jpg,low_light,7,1.24,,,,,True,True
5e0b701e-d443d8c2.jpg,low_light,7,1.21,,,,,True,True
5e26f49d-0bc53c7e.jpg,low_light,7,1.26,,,,,True,True
5e26f49d-9271bf00.jpg,low_light,7,1.16,,,,,True,True
5e625ec3-7b4fc682.jpg,low_light,7,1.2,,,,,True,True
5f9387ff-330136ae.jpg,low_light,7,1.17,,,,,True,True
5fa17a25-88b8e6b9.jpg,low_light,7,1.2,,,,,True,True
5fa422e1-2d8dd765.jpg,low_light,7,1.1,,,,,True,True
5fb2a702-f56a339c.jpg,low_light,7,1.21,,,,,True,True
6011831b-0992e205.jpg,low_light,7,1.18,,,,,True,True
60137cc0-428b8f5b.jpg,low_light,7,1.21,,,,,True,True
604b5b3e-3c2e6b6b.jpg,low_light,7,1.22,,,,,True,True
6092f5a2-424550ba.jpg,low_light,7,1.23,,,,,True,True
60ba25dd-6c0df417.jpg,low_light,7,1.16,,,,,True,True
60c678e7-4813ae0f.jpg,low_light,7,1.16,,,,,True,True
614ecada-16b0f8b6.jpg,low_light,7,1.2,,,,,True,True
61e4ad87-53ceb455.jpg,low_light,7,1.2,,,,,True,True
6240d7b3-b51b5788.jpg,low_light,7,1.22,,,,,True,True
62aefb36-b685117f.jpg,low_light,7,1.19,,,,,True,True
634c1785-3bb9a8a2.jpg,low_light,7,1.18,,,,,True,True
634c1785-aeb1652f.jpg,low_light,7,1.17,,,,,True,True
63f73472-028615f1.jpg,low_light,7,1.18,,,,,True,True
6485ad0a-245d1600.jpg,low_light,7,1.24,,,,,True,True
648dc925-e359dbec.jpg,low_light,7,1.27,,,,,True,True
65edc5a1-f309fed7.jpg,low_light,7,1.21,,,,,True,True
661381d9-1114a810.jpg,low_light,7,1.16,,,,,True,True
664cb246-f84cfaf4.jpg,low_light,7,1.23,,,,,True,True
675cf8fa-4b1ce8b9.jpg,low_light,7,1.16,,,,,True,True
67faeadf-eb09a636.jpg,low_light,7,1.19,,,,,True,True
691be377-5dbc29ee.jpg,low_light,7,1.25,,,,,True,True
692f1303-05178963.jpg,low_light,7,1.23,,,,,True,True
692f9b08-bdbbd729.jpg,low_light,7,1.24,,,,,True,True
69bfbe31-5ee2a642.jpg,low_light,7,1.2,,,,,True,True
69cf7667-68f59649.jpg,low_light,7,1.23,,,,,True,True
69cf7667-7eb40860.jpg,low_light,7,1.18,,,,,True,True
6a44fb9a-05a3dd18.jpg,low_light,7,1.22,,,,,True,True
6a793e80-4f5e207f.jpg,low_light,7,1.28,,,,,True,True
6a82c0d6-b31f6b90.jpg,low_light,7,1.21,,,,,True,True
6a8d218d-14e4fa28.jpg,low_light,7,1.27,,,,,True,True
6ad110c3-789e7724.jpg,low_light,7,1.19,,,,,True,True
6b15392a-3a1699fd.jpg,low_light,7,1.1,,,,,True,True
6b784eee-0a5a2c89.jpg,low_light,7,1.22,,,,,True,True
6bb5a881-15e5c2c4.jpg,low_light,7,1.31,,,,,True,True
6bd41587-d65ba5b4.jpg,low_light,7,1.2,,,,,True,True
6d0d7bef-fb11b6e1.jpg,low_light,7,1.23,,,,,True,True
6d57736c-a35808b9.jpg,low_light,7,1.28,,,,,True,True
6d8a6d94-00a7ad92.jpg,low_light,7,1.22,,,,,True,True
6eeed3fa-87a1b0c9.jpg,low_light,7,1.19,,,,,True,True
701992bd-8a457895.jpg,low_light,7,1.23,,,,,True,True
7171644d-4e74752e.jpg,low_light,7,1.24,,,,,True,True
7171644d-ee92c71e.jpg,low_light,7,1.23,,,,,True,True
72f22fa5-8af4615c.jpg,low_light,7,1.25,,,,,True,True
72fd00fe-aeadfc89.jpg,low_light,7,1.31,,,,,True,True
730c67a5-563e9b1f.jpg,low_light,7,1.31,,,,,True,True
738a2bcd-7a6fde0d.jpg,low_light,7,1.24,,,,,True,True
73aff960-d46366ec.jpg,low_light,7,1.19,,,,,True,True
73d338d6-edf0b3db.jpg,low_light,7,1.26,,,,,True,True
75ad1fff-77299093.jpg,low_light,7,1.18,,,,,True,True
75f5f52c-6b67e736.jpg,low_light,7,0.84,,,,,True,True
777005a8-14c739ad.jpg,low_light,7,1.24,,,,,True,True
7771e03b-832e52c0.jpg,low_light,7,1.26,,,,,True,True
7771e03b-a8f9d50c.jpg,low_light,7,1.22,,,,,True,True
7797fea2-c37f9856.jpg,low_light,7,1.2,,,,,True,True
77bdbeb0-edb0613f.jpg,low_light,7,1.18,,,,,True,True
77dca577-16a39ea0.jpg,low_light,7,1.22,,,,,True,True
77f810c4-43a39c1f.jpg,low_light,7,1.19,,,,,True,True
7814206e-8e991d51.jpg,low_light,7,1.23,,,,,True,True
7814206e-ea2508d0.jpg,low_light,7,1.23,,,,,True,True
79e177bc-4d5d3acc.jpg,low_light,7,1.17,,,,,True,True
7aa4ff0f-9d28d8a4.jpg,low_light,7,1.29,,,,,True,True
7ad1174c-373265eb.jpg,low_light,7,1.17,,,,,True,True
7b268b98-e0ec16c3.jpg,low_light,7,1.29,,,,,True,True
7c5a2048-332896ea.jpg,low_light,7,1.23,,,,,True,True
7c5d50c5-7292de37.jpg,low_light,7,1.19,,,,,True,True
7d1fe115-936a2f47.jpg,low_light,7,1.24,,,,,True,True
7dc2914d-a20a969a.jpg,low_light,7,1.25,,,,,True,True
7e4ab78b-4a62c63e.jpg,low_light,7,1.22,,,,,True,True
7e590c49-93f03732.jpg,low_light,7,1.17,,,,,True,True
7ed57d0a-d7bcc13d.jpg,low_light,7,1.2,,,,,True,True
7f0ef682-c93899df.jpg,low_light,7,1.16,,,,,True,True
7f4ac354-777de900.jpg,low_light,7,1.13,,,,,True,True
7f9bdf0d-c0e0061f.jpg,low_light,7,1.13,,,,,True,True
7fd14da9-a855494b.jpg,low_light,7,1.27,,,,,True,True
801bff84-a72998c7.jpg,low_light,7,1.27,,,,,True,True
8073de38-f7eab6ec.jpg,low_light,7,1.22,,,,,True,True
8082ea05-1a7bcd47.jpg,low_light,7,1.2,,,,,True,True
80ecebc0-ca9605f4.jpg,low_light,7,1.21,,,,,True,True
81ec3b39-1951f79e.jpg,low_light,7,1.21,,,,,True,True
82b14c0c-79b99258.jpg,low_light,7,1.21,,,,,True,True
82b5fc3b-90cadd1b.jpg,low_light,7,1.13,,,,,True,True
82f03471-8e304dd5.jpg,low_light,7,1.22,,,,,True,True
836fa13a-d6058a12.jpg,low_light,7,1.28,,,,,True,True
84fb3f59-7d5d1fa4.jpg,low_light,7,1.17,,,,,True,True
8542b4da-7795bcfd.jpg,low_light,7,1.3,,,,,True,True
85f3f250-1fef85ac.jpg,low_light,7,1.2,,,,,True,True
87ca2979-d5158824.jpg,low_light,7,1.25,,,,,True,True
889b7dda-77f16103.jpg,low_light,7,1.14,,,,,True,True
88dbf01a-d8b35dee.jpg,low_light,7,1.17,,,,,True,True
897223bc-6938f1ab.jpg,low_light,7,1.16,,,,,True,True
89b7454d-880eacbd.jpg,low_light,7,1.21,,,,,True,True
89e85e71-7dd0a7b6.jpg,low_light,7,1.14,,,,,True,True
8a4fbffe-47866ce9.jpg,low_light,7,1.19,,,,,True,True
8a76c101-8bcefc32.jpg,low_light,7,1.27,,,,,True,True
8b7ef6c4-6bbcf25f.jpg,low_light,7,1.19,,,,,True,True
8bac644e-e0437ead.jpg,low_light,7,1.22,,,,,True,True
8c94c649-8ba62efa.jpg,low_light,7,1.21,,,,,True,True
8c9bbaa9-34934b66.jpg,low_light,7,1.19,,,,,True,True
0049e5b8-725e21a0.jpg,low_light,8,0.62,,,,,True,True
0081e27b-17bf4a9e.jpg,low_light,8,0.63,,,,,True,True
00beeb02-50440dcd.jpg,low_light,8,0.62,,,,,True,True
00d4b6b7-7d0a60bf.jpg,low_light,8,0.62,,,,,True,True
01118704-2d838d7f.jpg,low_light,8,0.63,,,,,True,True
0115917e-14907a6a.jpg,low_light,8,0.6,,,,,True,True
02188a44-65ad27f3.jpg,low_light,8,0.57,,,,,True,True
02494b7b-079febf8.jpg,low_light,8,0.63,,,,,True,True
029ffd50-dc944dba.jpg,low_light,8,0.61,,,,,True,True
0464a98b-860229d5.jpg,low_light,8,0.64,,,,,True,True
051aadb7-51aad566.jpg,low_light,8,0.63,,,,,True,True
051aadb7-e953bc4d.jpg,low_light,8,0.62,,,,,True,True
05743a9b-747658e7.jpg,low_light,8,0.64,,,,,True,True
057af272-6f700aef.jpg,low_light,8,0.63,,,,,True,True
05d62296-30c620d5.jpg,low_light,8,0.63,,,,,True,True
05e5a68e-f0e05a42.jpg,low_light,8,0.61,,,,,True,True
05fa6494-8f436d04.jpg,low_light,8,0.59,,,,,True,True
060039d9-5218402b.jpg,low_light,8,0.62,,,,,True,True
064aa0d6-f75ff4d5.jpg,low_light,8,0.62,,,,,True,True
07de5062-ddddcbd7.jpg,low_light,8,0.66,,,,,True,True
088351d1-30833ddc.jpg,low_light,8,0.63,,,,,True,True
08a49c01-675d3899.jpg,low_light,8,0.62,,,,,True,True
08d4285a-4a25b9b6.jpg,low_light,8,0.6,,,,,True,True
09ac21d6-eefa8ed0.jpg,low_light,8,0.54,,,,,True,True
0a0a0b1a-7c39d841.jpg,low_light,8,0.64,,,,,True,True
0af6039a-f3c91319.jpg,low_light,8,0.62,,,,,True,True
0b2f5d0d-8fddc1fc.jpg,low_light,8,0.62,,,,,True,True
0b4225f9-bfb10f88.jpg,low_light,8,0.63,,,,,True,True
0ba08fe3-880ae118.jpg,low_light,8,0.6,,,,,True,True
0c2f33b9-f94d69b5.jpg,low_light,8,0.62,,,,,True,True
0c984e6d-2b5d7ee4.jpg,low_light,8,0.61,,,,,True,True
0cb67a01-7cf1687e.jpg,low_light,8,0.63,,,,,True,True
0cc6f3e8-b4c9e348.jpg,low_light,8,0.6,,,,,True,True
0cf398b3-ce65ab64.jpg,low_light,8,0.46,,,,,True,True
0d3ec56a-f4cead6f.jpg,low_light,8,0.61,,,,,True,True
0d61234a-542010b2.jpg,low_light,8,0.49,,,,,True,True
0e442b65-b17e0b50.jpg,low_light,8,0.64,,,,,True,True
0e5c7e92-0d9c60f0.jpg,low_light,8,0.6,,,,,True,True
0f837def-9646c091.jpg,low_light,8,0.63,,,,,True,True
0fba84f9-73b520ee.jpg,low_light,8,0.62,,,,,True,True
101a0964-930eae70.jpg,low_light,8,0.56,,,,,True,True
10389fe8-433c740c.jpg,low_light,8,0.56,,,,,True,True
10453a95-40759ac3.jpg,low_light,8,0.61,,,,,True,True
1072195f-0a161ade.jpg,low_light,8,0.61,,,,,True,True
1072195f-6cf88b25.jpg,low_light,8,0.63,,,,,True,True
11513e3d-150058c3.jpg,low_light,8,0.64,,,,,True,True
1189ae68-1a8ad3c6.jpg,low_light,8,0.62,,,,,True,True
12076ebb-c07285d7.jpg,low_light,8,0.62,,,,,True,True
125134e5-7dfc45b9.jpg,low_light,8,0.62,,,,,True,True
12ae9ab8-794f5adc.jpg,low_light,8,0.61,,,,,True,True
13f61134-50021e53.jpg,low_light,8,0.64,,,,,True,True
14eace5a-ddf3b303.jpg,low_light,8,0.63,,,,,True,True
1608cfe7-32da2c5d.jpg,low_light,8,0.58,,,,,True,True
162995f1-d2c7d259.jpg,low_light,8,0.64,,,,,True,True
16b0973f-c07b564a.jpg,low_light,8,0.58,,,,,True,True
1784d67b-6b223914.jpg,low_light,8,0.62,,,,,True,True
1784d67b-d76145ce.jpg,low_light,8,0.63,,,,,True,True
188c58f3-792afc71.jpg,low_light,8,0.57,,,,,True,True
193f7f3b-84bc7998.jpg,low_light,8,0.62,,,,,True,True
194058b0-ac0616a6.jpg,low_light,8,0.61,,,,,True,True
19e56249-09c4bbc6.jpg,low_light,8,0.63,,,,,True,True
1a71faae-d5f255fd.jpg,low_light,8,0.64,,,,,True,True
1a8992a7-da5a8510.jpg,low_light,8,0.64,,,,,True,True
1ac0178c-0b259360.jpg,low_light,8,0.64,,,,,True,True
1b30f76f-95aa8a06.jpg,low_light,8,0.63,,,,,True,True
1bda5a26-420ceea6.jpg,low_light,8,0.62,,,,,True,True
1bf7f3d2-15f95138.jpg,low_light,8,0.63,,,,,True,True
1c227a12-10e5552c.jpg,low_light,8,0.64,,,,,True,True
1c227a12-ec67af93.jpg,low_light,8,0.63,,,,,True,True
1c5e9657-2e2a2863.jpg,low_light,8,0.58,,,,,True,True
1cb2a89b-4594573e.jpg,low_light,8,0.65,,,,,True,True
1cf54809-c6daa5a9.jpg,low_light,8,0.59,,,,,True,True
1d5e05f8-5020f67d.jpg,low_light,8,0.64,,,,,True,True
1e57ae90-806bc767.jpg,low_light,8,0.66,,,,,True,True
1f959fdd-6ff63d34.jpg,low_light,8,0.62,,,,,True,True
1fa65acf-d43367bc.jpg,low_light,8,0.58,,,,,True,True
20cfadfa-47711496.jpg,low_light,8,0.61,,,,,True,True
20cfadfa-6f87fdc1.jpg,low_light,8,0.63,,,,,True,True
225a1858-0e3a4b04.jpg,low_light,8,0.62,,,,,True,True
22be2f14-59fbdca0.jpg,low_light,8,0.63,,,,,True,True
23333f35-0cbc3f0f.jpg,low_light,8,0.63,,,,,True,True
23df146f-64b50e4c.jpg,low_light,8,0.64,,,,,True,True
24392d7c-998011c2.jpg,low_light,8,0.63,,,,,True,True
250e7595-b14da270.jpg,low_light,8,0.62,,,,,True,True
26190b83-39ccb412.jpg,low_light,8,0.62,,,,,True,True
272d52f6-8aac36b3.jpg,low_light,8,0.56,,,,,True,True
2752681a-e813599a.jpg,low_light,8,0.63,,,,,True,True
27645526-f038b033.jpg,low_light,8,0.56,,,,,True,True
2773af6f-23e23a6b.jpg,low_light,8,0.58,,,,,True,True
28faf684-03ef4c6e.jpg,low_light,8,0.65,,,,,True,True
292720ee-d847ee69.jpg,low_light,8,0.65,,,,,True,True
2b54fe2d-c5b810e6.jpg,low_light,8,0.57,,,,,True,True
2b605c48-8dfe352b.jpg,low_light,8,0.6,,,,,True,True
2beccce2-354608e2.jpg,low_light,8,0.6,,,,,True,True
2c87e51d-aa7a8031.jpg,low_light,8,0.63,,,,,True,True
2ce0b449-e818dc97.jpg,low_light,8,0.63,,,,,True,True
2cf976a2-479cd46b.jpg,low_light,8,0.62,,,,,True,True
2e2fae77-b7497ca0.jpg,low_light,8,0.59,,,,,True,True
2ead8042-2493c03f.jpg,low_light,8,0.59,,,,,True,True
2f1864c1-1a17d11c.jpg,low_light,8,0.55,,,,,True,True
2f879dc0-b09e4824.jpg,low_light,8,0.63,,,,,True,True
2fc9ad1e-ee4c9e43.jpg,low_light,8,0.63,,,,,True,True
3050b249-0ffbd6ec.jpg,low_light,8,0.62,,,,,True,True
314cc010-3eab5c90.jpg,low_light,8,0.61,,,,,True,True
31765c6b-90b0d612.jpg,low_light,8,0.6,,,,,True,True
31cf6eba-5c84c636.jpg,low_light,8,0.61,,,,,True,True
32de2244-122f1783.jpg,low_light,8,0.66,,,,,True,True
33420085-32996107.jpg,low_light,8,0.66,,,,,True,True
3430a5e6-00ec38d2.jpg,low_light,8,0.48,,,,,True,True
35eb46d0-8f7e28a0.jpg,low_light,8,0.65,,,,,True,True
3735fc3d-69d8b80c.jpg,low_light,8,0.63,,,,,True,True
3740cd4f-ff1d423d.jpg,low_light,8,0.55,,,,,True,True
375abba2-9f2ed56c.jpg,low_light,8,0.61,,,,,True,True
37723e55-31730cf5.jpg,low_light,8,0.56,,,,,True,True
380a3f8e-ba4f0def.jpg,low_light,8,0.66,,,,,True,True
385b0f61-1aee12ef.jpg,low_light,8,0.59,,,,,True,True
3865fea7-b4fe472d.jpg,low_light,8,0.61,,,,,True,True
38e561dd-8ea8ae2d.jpg,low_light,8,0.61,,,,,True,True
38ed8d8d-93c48de2.jpg,low_light,8,0.63,,,,,True,True
38ed8d8d-b1c230ef.jpg,low_light,8,0.61,,,,,True,True
38ed8d8d-fa50400c.jpg,low_light,8,0.6,,,,,True,True
3900ad8c-8834019f.jpg,low_light,8,0.6,,,,,True,True
39ddb110-04604b9c.jpg,low_light,8,0.6,,,,,True,True
39fc6d1c-6155351d.jpg,low_light,8,0.62,,,,,True,True
3a278d39-b92df256.jpg,low_light,8,0.62,,,,,True,True
3a3407a2-df8ea956.jpg,low_light,8,0.63,,,,,True,True
3ad0c4a7-2a3d544e.jpg,low_light,8,0.6,,,,,True,True
3b1e1bc1-ee64e36e.jpg,low_light,8,0.6,,,,,True,True
3b44ef5a-c09e8479.jpg,low_light,8,0.6,,,,,True,True
3b563c5e-0102edaf.jpg,low_light,8,0.6,,,,,True,True
3b9716a6-d2566395.jpg,low_light,8,0.63,,,,,True,True
3c0bbdc2-79baffce.jpg,low_light,8,0.64,,,,,True,True
3c5752b6-9c0bdf98.jpg,low_light,8,0.61,,,,,True,True
3c95ae26-68abac3f.jpg,low_light,8,0.59,,,,,True,True
3e0f1745-a95a63ad.jpg,low_light,8,0.6,,,,,True,True
3f4eb6a6-9eee52f9.jpg,low_light,8,0.61,,,,,True,True
3f85a987-1ef4053b.jpg,low_light,8,0.61,,,,,True,True
3fe1feaa-10126fec.jpg,low_light,8,0.61,,,,,True,True
3ffdaa26-b394f6f8.jpg,low_light,8,0.58,,,,,True,True
4027c10d-41d54e9b.jpg,low_light,8,0.57,,,,,True,True
428e99ea-4166e549.jpg,low_light,8,0.64,,,,,True,True
42e0dd11-74b81997.jpg,low_light,8,0.66,,,,,True,True
430395d1-931c959e.jpg,low_light,8,0.63,,,,,True,True
43126e0d-495d04a5.jpg,low_light,8,0.64,,,,,True,True
43126e0d-cce96832.jpg,low_light,8,0.61,,,,,True,True
432f9e20-83a0d96c.jpg,low_light,8,0.62,,,,,True,True
43c7ed5c-b0690325.jpg,low_light,8,0.62,,,,,True,True
44cc16d9-d2e06fd6.jpg,low_light,8,0.59,,,,,True,True
45bafa98-1ee18a2f.jpg,low_light,8,0.59,,,,,True,True
46d048a1-8f7f385c.jpg,low_light,8,0.6,,,,,True,True
46f76df9-8bf77914.jpg,low_light,8,0.62,,,,,True,True
480263a0-5aad7ae9.jpg,low_light,8,0.59,,,,,True,True
488480d6-b94cf415.jpg,low_light,8,0.6,,,,,True,True
48ed707e-5062e4c3.jpg,low_light,8,0.61,,,,,True,True
4a289ff2-7da7feb6.jpg,low_light,8,0.62,,,,,True,True
4a31f3e3-ac7ed780.jpg,low_light,8,0.61,,,,,True,True
4b2e1dde-65b54419.jpg,low_light,8,0.59,,,,,True,True
4d4a590b-4332c5ab.jpg,low_light,8,0.65,,,,,True,True
5069db50-52f5af30.jpg,low_light,8,0.66,,,,,True,True
50866f46-30d1f303.jpg,low_light,8,0.63,,,,,True,True
50b115d6-4b08a666.jpg,low_light,8,0.63,,,,,True,True
50b2e757-6c7d0f63.jpg,low_light,8,0.62,,,,,True,True
50d0fd05-8db58ebd.jpg,low_light,8,0.62,,,,,True,True
510671e9-603795e0.jpg,low_light,8,0.61,,,,,True,True
514a6d58-0790e0cd.jpg,low_light,8,0.63,,,,,True,True
5150bb50-300d52ce.jpg,low_light,8,0.63,,,,,True,True
52799e9e-8c8673f3.jpg,low_light,8,0.63,,,,,True,True
52bda346-fd8ac6e7.jpg,low_light,8,0.6,,,,,True,True
534418ba-ee05398f.jpg,low_light,8,0.6,,,,,True,True
54360b72-e00a3f70.jpg,low_light,8,0.63,,,,,True,True
554d7cd5-a32486dd.jpg,low_light,8,0.65,,,,,True,True
559fed19-7893646f.jpg,low_light,8,0.61,,,,,True,True
57165857-e4d4a47f.jpg,low_light,8,0.62,,,,,True,True
5795bfe7-a599384a.jpg,low_light,8,0.59,,,,,True,True
57ac74e2-e86131f1.jpg,low_light,8,0.62,,,,,True,True
57b495f2-6da6b1e5.jpg,low_light,8,0.65,,,,,True,True
585443c8-2621a6b1.jpg,low_light,8,0.63,,,,,True,True
5877b384-2545daf4.jpg,low_light,8,0.6,,,,,True,True
587bb1bf-1aa00fe5.jpg,low_light,8,0.62,,,,,True,True
5995c288-2d152172.jpg,low_light,8,0.61,,,,,True,True
59cde7c7-344bffb1.jpg,low_light,8,0.62,,,,,True,True
5a8f9b5d-1fdfd2d4.jpg,low_light,8,0.63,,,,,True,True
5ae83f9c-da990b49.jpg,low_light,8,0.62,,,,,True,True
5b2b4881-67a6cb87.jpg,low_light,8,0.59,,,,,True,True
5b2fd56a-37759b05.jpg,low_light,8,0.63,,,,,True,True
5b4b0b07-2fb56b82.jpg,low_light,8,0.62,,,,,True,True
5bc44a50-c371c4d0.jpg,low_light,8,0.61,,,,,True,True
5c4004b7-bf3b7941.jpg,low_light,8,0.62,,,,,True,True
5c534f5f-a76c7f4b.jpg,low_light,8,0.61,,,,,True,True
5c5dc708-35460444.jpg,low_light,8,0.59,,,,,True,True
5da6c6b6-76c54605.jpg,low_light,8,0.6,,,,,True,True
5dc5141c-5890b5b1.jpg,low_light,8,0.64,,,,,True,True
5dd831da-bd00cf03.jpg,low_light,8,0.61,,,,,True,True
5dfb063f-7bd23d5c.jpg,low_light,8,0.64,,,,,True,True
5e0b701e-d443d8c2.jpg,low_light,8,0.62,,,,,True,True
5e26f49d-0bc53c7e.jpg,low_light,8,0.65,,,,,True,True
5e26f49d-9271bf00.jpg,low_light,8,0.59,,,,,True,True
5e625ec3-7b4fc682.jpg,low_light,8,0.62,,,,,True,True
5f9387ff-330136ae.jpg,low_light,8,0.6,,,,,True,True
5fa17a25-88b8e6b9.jpg,low_light,8,0.61,,,,,True,True
5fa422e1-2d8dd765.jpg,low_light,8,0.56,,,,,True,True
5fb2a702-f56a339c.jpg,low_light,8,0.62,,,,,True,True
6011831b-0992e205.jpg,low_light,8,0.6,,,,,True,True
60137cc0-428b8f5b.jpg,low_light,8,0.62,,,,,True,True
604b5b3e-3c2e6b6b.jpg,low_light,8,0.62,,,,,True,True
6092f5a2-424550ba.jpg,low_light,8,0.63,,,,,True,True
60ba25dd-6c0df417.jpg,low_light,8,0.59,,,,,True,True
60c678e7-4813ae0f.jpg,low_light,8,0.59,,,,,True,True
614ecada-16b0f8b6.jpg,low_light,8,0.61,,,,,True,True
61e4ad87-53ceb455.jpg,low_light,8,0.61,,,,,True,True
6240d7b3-b51b5788.jpg,low_light,8,0.62,,,,,True,True
62aefb36-b685117f.jpg,low_light,8,0.61,,,,,True,True
634c1785-3bb9a8a2.jpg,low_light,8,0.6,,,,,True,True
634c1785-aeb1652f.jpg,low_light,8,0.6,,,,,True,True
63f73472-028615f1.jpg,low_light,8,0.6,,,,,True,True
6485ad0a-245d1600.jpg,low_light,8,0.63,,,,,True,True
648dc925-e359dbec.jpg,low_light,8,0.65,,,,,True,True
65edc5a1-f309fed7.jpg,low_light,8,0.62,,,,,True,True
661381d9-1114a810.jpg,low_light,8,0.59,,,,,True,True
664cb246-f84cfaf4.jpg,low_light,8,0.63,,,,,True,True
675cf8fa-4b1ce8b9.jpg,low_light,8,0.59,,,,,True,True
67faeadf-eb09a636.jpg,low_light,8,0.61,,,,,True,True
691be377-5dbc29ee.jpg,low_light,8,0.64,,,,,True,True
692f1303-05178963.jpg,low_light,8,0.63,,,,,True,True
692f9b08-bdbbd729.jpg,low_light,8,0.64,,,,,True,True
69bfbe31-5ee2a642.jpg,low_light,8,0.61,,,,,True,True
69cf7667-68f59649.jpg,low_light,8,0.63,,,,,True,True
69cf7667-7eb40860.jpg,low_light,8,0.6,,,,,True,True
6a44fb9a-05a3dd18.jpg,low_light,8,0.62,,,,,True,True
6a793e80-4f5e207f.jpg,low_light,8,0.66,,,,,True,True
6a82c0d6-b31f6b90.jpg,low_light,8,0.62,,,,,True,True
6a8d218d-14e4fa28.jpg,low_light,8,0.65,,,,,True,True
6ad110c3-789e7724.jpg,low_light,8,0.6,,,,,True,True
6b15392a-3a1699fd.jpg,low_light,8,0.56,,,,,True,True
6b784eee-0a5a2c89.jpg,low_light,8,0.62,,,,,True,True
6bb5a881-15e5c2c4.jpg,low_light,8,0.67,,,,,True,True
6bd41587-d65ba5b4.jpg,low_light,8,0.61,,,,,True,True
6d0d7bef-fb11b6e1.jpg,low_light,8,0.63,,,,,True,True
6d57736c-a35808b9.jpg,low_light,8,0.66,,,,,True,True
6d8a6d94-00a7ad92.jpg,low_light,8,0.62,,,,,True,True
6eeed3fa-87a1b0c9.jpg,low_light,8,0.61,,,,,True,True
701992bd-8a457895.jpg,low_light,8,0.63,,,,,True,True
7171644d-4e74752e.jpg,low_light,8,0.63,,,,,True,True
7171644d-ee92c71e.jpg,low_light,8,0.63,,,,,True,True
72f22fa5-8af4615c.jpg,low_light,8,0.64,,,,,True,True
72fd00fe-aeadfc89.jpg,low_light,8,0.67,,,,,True,True
730c67a5-563e9b1f.jpg,low_light,8,0.67,,,,,True,True
738a2bcd-7a6fde0d.jpg,low_light,8,0.63,,,,,True,True
73aff960-d46366ec.jpg,low_light,8,0.61,,,,,True,True
73d338d6-edf0b3db.jpg,low_light,8,0.64,,,,,True,True
75ad1fff-77299093.jpg,low_light,8,0.6,,,,,True,True
75f5f52c-6b67e736.jpg,low_light,8,0.41,,,,,True,True
777005a8-14c739ad.jpg,low_light,8,0.64,,,,,True,True
7771e03b-832e52c0.jpg,low_light,8,0.64,,,,,True,True
7771e03b-a8f9d50c.jpg,low_light,8,0.62,,,,,True,True
7797fea2-c37f9856.jpg,low_light,8,0.61,,,,,True,True
77bdbeb0-edb0613f.jpg,low_light,8,0.61,,,,,True,True
77dca577-16a39ea0.jpg,low_light,8,0.62,,,,,True,True
77f810c4-43a39c1f.jpg,low_light,8,0.61,,,,,True,True
7814206e-8e991d51.jpg,low_light,8,0.63,,,,,True,True
7814206e-ea2508d0.jpg,low_light,8,0.63,,,,,True,True
79e177bc-4d5d3acc.jpg,low_light,8,0.6,,,,,True,True
7aa4ff0f-9d28d8a4.jpg,low_light,8,0.66,,,,,True,True
7ad1174c-373265eb.jpg,low_light,8,0.6,,,,,True,True
7b268b98-e0ec16c3.jpg,low_light,8,0.66,,,,,True,True
7c5a2048-332896ea.jpg,low_light,8,0.63,,,,,True,True
7c5d50c5-7292de37.jpg,low_light,8,0.61,,,,,True,True
7d1fe115-936a2f47.jpg,low_light,8,0.63,,,,,True,True
7dc2914d-a20a969a.jpg,low_light,8,0.64,,,,,True,True
7e4ab78b-4a62c63e.jpg,low_light,8,0.62,,,,,True,True
7e590c49-93f03732.jpg,low_light,8,0.6,,,,,True,True
7ed57d0a-d7bcc13d.jpg,low_light,8,0.61,,,,,True,True
7f0ef682-c93899df.jpg,low_light,8,0.59,,,,,True,True
7f4ac354-777de900.jpg,low_light,8,0.58,,,,,True,True
7f9bdf0d-c0e0061f.jpg,low_light,8,0.58,,,,,True,True
7fd14da9-a855494b.jpg,low_light,8,0.65,,,,,True,True
801bff84-a72998c7.jpg,low_light,8,0.65,,,,,True,True
8073de38-f7eab6ec.jpg,low_light,8,0.63,,,,,True,True
8082ea05-1a7bcd47.jpg,low_light,8,0.62,,,,,True,True
80ecebc0-ca9605f4.jpg,low_light,8,0.62,,,,,True,True
81ec3b39-1951f79e.jpg,low_light,8,0.62,,,,,True,True
82b14c0c-79b99258.jpg,low_light,8,0.62,,,,,True,True
82b5fc3b-90cadd1b.jpg,low_light,8,0.57,,,,,True,True
82f03471-8e304dd5.jpg,low_light,8,0.62,,,,,True,True
836fa13a-d6058a12.jpg,low_light,8,0.65,,,,,True,True
84fb3f59-7d5d1fa4.jpg,low_light,8,0.6,,,,,True,True
8542b4da-7795bcfd.jpg,low_light,8,0.66,,,,,True,True
85f3f250-1fef85ac.jpg,low_light,8,0.62,,,,,True,True
87ca2979-d5158824.jpg,low_light,8,0.64,,,,,True,True
889b7dda-77f16103.jpg,low_light,8,0.58,,,,,True,True
88dbf01a-d8b35dee.jpg,low_light,8,0.6,,,,,True,True
897223bc-6938f1ab.jpg,low_light,8,0.59,,,,,True,True
89b7454d-880eacbd.jpg,low_light,8,0.62,,,,,True,True
89e85e71-7dd0a7b6.jpg,low_light,8,0.58,,,,,True,True
8a4fbffe-47866ce9.jpg,low_light,8,0.61,,,,,True,True
8a76c101-8bcefc32.jpg,low_light,8,0.65,,,,,True,True
8b7ef6c4-6bbcf25f.jpg,low_light,8,0.61,,,,,True,True
8bac644e-e0437ead.jpg,low_light,8,0.62,,,,,True,True
8c94c649-8ba62efa.jpg,low_light,8,0.62,,,,,True,True
8c9bbaa9-34934b66.jpg,low_light,8,0.6,,,,,True,True
0049e5b8-725e21a0.jpg,low_light,9,0.19,,,,,True,True
0081e27b-17bf4a9e.jpg,low_light,9,0.19,,,,,True,True
00beeb02-50440dcd.jpg,low_light,9,0.19,,,,,True,True
00d4b6b7-7d0a60bf.jpg,low_light,9,0.19,,,,,True,True
01118704-2d838d7f.jpg,low_light,9,0.19,,,,,True,True
0115917e-14907a6a.jpg,low_light,9,0.18,,,,,True,True
02188a44-65ad27f3.jpg,low_light,9,0.17,,,,,True,True
02494b7b-079febf8.jpg,low_light,9,0.19,,,,,True,True
029ffd50-dc944dba.jpg,low_light,9,0.18,,,,,True,True
0464a98b-860229d5.jpg,low_light,9,0.19,,,,,True,True
051aadb7-51aad566.jpg,low_light,9,0.19,,,,,True,True
051aadb7-e953bc4d.jpg,low_light,9,0.19,,,,,True,True
05743a9b-747658e7.jpg,low_light,9,0.2,,,,,True,True
057af272-6f700aef.jpg,low_light,9,0.19,,,,,True,True
05d62296-30c620d5.jpg,low_light,9,0.19,,,,,True,True
05e5a68e-f0e05a42.jpg,low_light,9,0.18,,,,,True,True
05fa6494-8f436d04.jpg,low_light,9,0.18,,,,,True,True
060039d9-5218402b.jpg,low_light,9,0.19,,,,,True,True
064aa0d6-f75ff4d5.jpg,low_light,9,0.19,,,,,True,True
07de5062-ddddcbd7.jpg,low_light,9,0.2,,,,,True,True
088351d1-30833ddc.jpg,low_light,9,0.19,,,,,True,True
08a49c01-675d3899.jpg,low_light,9,0.19,,,,,True,True
08d4285a-4a25b9b6.jpg,low_light,9,0.18,,,,,True,True
09ac21d6-eefa8ed0.jpg,low_light,9,0.15,,,,,True,True
0a0a0b1a-7c39d841.jpg,low_light,9,0.2,,,,,True,True
0af6039a-f3c91319.jpg,low_light,9,0.19,,,,,True,True
0b2f5d0d-8fddc1fc.jpg,low_light,9,0.19,,,,,True,True
0b4225f9-bfb10f88.jpg,low_light,9,0.19,,,,,True,True
0ba08fe3-880ae118.jpg,low_light,9,0.18,,,,,True,True
0c2f33b9-f94d69b5.jpg,low_light,9,0.19,,,,,True,True
0c984e6d-2b5d7ee4.jpg,low_light,9,0.18,,,,,True,True
0cb67a01-7cf1687e.jpg,low_light,9,0.19,,,,,True,True
0cc6f3e8-b4c9e348.jpg,low_light,9,0.18,,,,,True,True
0cf398b3-ce65ab64.jpg,low_light,9,0.12,,,,,True,True
0d3ec56a-f4cead6f.jpg,low_light,9,0.19,,,,,True,True
0d61234a-542010b2.jpg,low_light,9,0.13,,,,,True,True
0e442b65-b17e0b50.jpg,low_light,9,0.2,,,,,True,True
0e5c7e92-0d9c60f0.jpg,low_light,9,0.18,,,,,True,True
0f837def-9646c091.jpg,low_light,9,0.19,,,,,True,True
0fba84f9-73b520ee.jpg,low_light,9,0.19,,,,,True,True
101a0964-930eae70.jpg,low_light,9,0.16,,,,,True,True
10389fe8-433c740c.jpg,low_light,9,0.16,,,,,True,True
10453a95-40759ac3.jpg,low_light,9,0.19,,,,,True,True
1072195f-0a161ade.jpg,low_light,9,0.19,,,,,True,True
1072195f-6cf88b25.jpg,low_light,9,0.19,,,,,True,True
11513e3d-150058c3.jpg,low_light,9,0.2,,,,,True,True
1189ae68-1a8ad3c6.jpg,low_light,9,0.19,,,,,True,True
12076ebb-c07285d7.jpg,low_light,9,0.19,,,,,True,True
125134e5-7dfc45b9.jpg,low_light,9,0.19,,,,,True,True
12ae9ab8-794f5adc.jpg,low_light,9,0.18,,,,,True,True
13f61134-50021e53.jpg,low_light,9,0.2,,,,,True,True
14eace5a-ddf3b303.jpg,low_light,9,0.19,,,,,True,True
1608cfe7-32da2c5d.jpg,low_light,9,0.18,,,,,True,True
162995f1-d2c7d259.jpg,low_light,9,0.2,,,,,True,True
16b0973f-c07b564a.jpg,low_light,9,0.17,,,,,True,True
1784d67b-6b223914.jpg,low_light,9,0.19,,,,,True,True
1784d67b-d76145ce.jpg,low_light,9,0.19,,,,,True,True
188c58f3-792afc71.jpg,low_light,9,0.16,,,,,True,True
193f7f3b-84bc7998.jpg,low_light,9,0.19,,,,,True,True
194058b0-ac0616a6.jpg,low_light,9,0.19,,,,,True,True
19e56249-09c4bbc6.jpg,low_light,9,0.19,,,,,True,True
1a71faae-d5f255fd.jpg,low_light,9,0.2,,,,,True,True
1a8992a7-da5a8510.jpg,low_light,9,0.19,,,,,True,True
1ac0178c-0b259360.jpg,low_light,9,0.2,,,,,True,True
1b30f76f-95aa8a06.jpg,low_light,9,0.19,,,,,True,True
1bda5a26-420ceea6.jpg,low_light,9,0.19,,,,,True,True
1bf7f3d2-15f95138.jpg,low_light,9,0.19,,,,,True,True
1c227a12-10e5552c.jpg,low_light,9,0.19,,,,,True,True
1c227a12-ec67af93.jpg,low_light,9,0.19,,,,,True,True
1c5e9657-2e2a2863.jpg,low_light,9,0.17,,,,,True,True
1cb2a89b-4594573e.jpg,low_light,9,0.2,,,,,True,True
1cf54809-c6daa5a9.jpg,low_light,9,0.17,,,,,True,True
1d5e05f8-5020f67d.jpg,low_light,9,0.2,,,,,True,True
1e57ae90-806bc767.jpg,low_light,9,0.2,,,,,True,True
1f959fdd-6ff63d34.jpg,low_light,9,0.19,,,,,True,True
1fa65acf-d43367bc.jpg,low_light,9,0.17,,,,,True,True
20cfadfa-47711496.jpg,low_light,9,0.18,,,,,True,True
20cfadfa-6f87fdc1.jpg,low_light,9,0.19,,,,,True,True
225a1858-0e3a4b04.jpg,low_light,9,0.19,,,,,True,True
22be2f14-59fbdca0.jpg,low_light,9,0.19,,,,,True,True
23333f35-0cbc3f0f.jpg,low_light,9,0.19,,,,,True,True
23df146f-64b50e4c.jpg,low_light,9,0.2,,,,,True,True
24392d7c-998011c2.jpg,low_light,9,0.19,,,,,True,True
250e7595-b14da270.jpg,low_light,9,0.19,,,,,True,True
26190b83-39ccb412.jpg,low_light,9,0.19,,,,,True,True
272d52f6-8aac36b3.jpg,low_light,9,0.17,,,,,True,True
2752681a-e813599a.jpg,low_light,9,0.19,,,,,True,True
27645526-f038b033.jpg,low_light,9,0.16,,,,,True,True
2773af6f-23e23a6b.jpg,low_light,9,0.17,,,,,True,True
28faf684-03ef4c6e.jpg,low_light,9,0.2,,,,,True,True
292720ee-d847ee69.jpg,low_light,9,0.2,,,,,True,True
2b54fe2d-c5b810e6.jpg,low_light,9,0.17,,,,,True,True
2b605c48-8dfe352b.jpg,low_light,9,0.18,,,,,True,True
2beccce2-354608e2.jpg,low_light,9,0.18,,,,,True,True
2c87e51d-aa7a8031.jpg,low_light,9,0.19,,,,,True,True
2ce0b449-e818dc97.jpg,low_light,9,0.19,,,,,True,True
2cf976a2-479cd46b.jpg,low_light,9,0.18,,,,,True,True
2e2fae77-b7497ca0.jpg,low_light,9,0.17,,,,,True,True
2ead8042-2493c03f.jpg,low_light,9,0.17,,,,,True,True
2f1864c1-1a17d11c.jpg,low_light,9,0.16,,,,,True,True
2f879dc0-b09e4824.jpg,low_light,9,0.2,,,,,True,True
2fc9ad1e-ee4c9e43.jpg,low_light,9,0.19,,,,,True,True
3050b249-0ffbd6ec.jpg,low_light,9,0.19,,,,,True,True
314cc010-3eab5c90.jpg,low_light,9,0.18,,,,,True,True
31765c6b-90b0d612.jpg,low_light,9,0.18,,,,,True,True
31cf6eba-5c84c636.jpg,low_light,9,0.18,,,,,True,True
32de2244-122f1783.jpg,low_light,9,0.2,,,,,True,True
33420085-32996107.jpg,low_light,9,0.21,,,,,True,True
3430a5e6-00ec38d2.jpg,low_light,9,0.13,,,,,True,True
35eb46d0-8f7e28a0.jpg,low_light,9,0.2,,,,,True,True
3735fc3d-69d8b80c.jpg,low_light,9,0.19,,,,,True,True
3740cd4f-ff1d423d.jpg,low_light,9,0.16,,,,,True,True
375abba2-9f2ed56c.jpg,low_light,9,0.19,,,,,True,True
37723e55-31730cf5.jpg,low_light,9,0.16,,,,,True,True
380a3f8e-ba4f0def.jpg,low_light,9,0.2,,,,,True,True
385b0f61-1aee12ef.jpg,low_light,9,0.18,,,,,True,True
3865fea7-b4fe472d.jpg,low_light,9,0.18,,,,,True,True
38e561dd-8ea8ae2d.jpg,low_light,9,0.19,,,,,True,True
38ed8d8d-93c48de2.jpg,low_light,9,0.19,,,,,True,True
38ed8d8d-b1c230ef.jpg,low_light,9,0.18,,,,,True,True
38ed8d8d-fa50400c.jpg,low_light,9,0.18,,,,,True,True
3900ad8c-8834019f.jpg,low_light,9,0.18,,,,,True,True
39ddb110-04604b9c.jpg,low_light,9,0.18,,,,,True,True
39fc6d1c-6155351d.jpg,low_light,9,0.19,,,,,True,True
3a278d39-b92df256.jpg,low_light,9,0.19,,,,,True,True
3a3407a2-df8ea956.jpg,low_light,9,0.19,,,,,True,True
3ad0c4a7-2a3d544e.jpg,low_light,9,0.18,,,,,True,True
3b1e1bc1-ee64e36e.jpg,low_light,9,0.18,,,,,True,True
3b44ef5a-c09e8479.jpg,low_light,9,0.18,,,,,True,True
3b563c5e-0102edaf.jpg,low_light,9,0.18,,,,,True,True
3b9716a6-d2566395.jpg,low_light,9,0.19,,,,,True,True
3c0bbdc2-79baffce.jpg,low_light,9,0.19,,,,,True,True
3c5752b6-9c0bdf98.jpg,low_light,9,0.19,,,,,True,True
3c95ae26-68abac3f.jpg,low_light,9,0.18,,,,,True,True
3e0f1745-a95a63ad.jpg,low_light,9,0.18,,,,,True,True
3f4eb6a6-9eee52f9.jpg,low_light,9,0.18,,,,,True,True
3f85a987-1ef4053b.jpg,low_light,9,0.19,,,,,True,True
3fe1feaa-10126fec.jpg,low_light,9,0.19,,,,,True,True
3ffdaa26-b394f6f8.jpg,low_light,9,0.17,,,,,True,True
4027c10d-41d54e9b.jpg,low_light,9,0.17,,,,,True,True
428e99ea-4166e549.jpg,low_light,9,0.19,,,,,True,True
42e0dd11-74b81997.jpg,low_light,9,0.21,,,,,True,True
430395d1-931c959e.jpg,low_light,9,0.19,,,,,True,True
43126e0d-495d04a5.jpg,low_light,9,0.2,,,,,True,True
43126e0d-cce96832.jpg,low_light,9,0.19,,,,,True,True
432f9e20-83a0d96c.jpg,low_light,9,0.19,,,,,True,True
43c7ed5c-b0690325.jpg,low_light,9,0.19,,,,,True,True
44cc16d9-d2e06fd6.jpg,low_light,9,0.18,,,,,True,True
45bafa98-1ee18a2f.jpg,low_light,9,0.17,,,,,True,True
46d048a1-8f7f385c.jpg,low_light,9,0.18,,,,,True,True
46f76df9-8bf77914.jpg,low_light,9,0.19,,,,,True,True
480263a0-5aad7ae9.jpg,low_light,9,0.18,,,,,True,True
488480d6-b94cf415.jpg,low_light,9,0.18,,,,,True,True
48ed707e-5062e4c3.jpg,low_light,9,0.19,,,,,True,True
4a289ff2-7da7feb6.jpg,low_light,9,0.19,,,,,True,True
4a31f3e3-ac7ed780.jpg,low_light,9,0.18,,,,,True,True
4b2e1dde-65b54419.jpg,low_light,9,0.17,,,,,True,True
4d4a590b-4332c5ab.jpg,low_light,9,0.2,,,,,True,True
5069db50-52f5af30.jpg,low_light,9,0.2,,,,,True,True
50866f46-30d1f303.jpg,low_light,9,0.19,,,,,True,True
50b115d6-4b08a666.jpg,low_light,9,0.19,,,,,True,True
50b2e757-6c7d0f63.jpg,low_light,9,0.19,,,,,True,True
50d0fd05-8db58ebd.jpg,low_light,9,0.19,,,,,True,True
510671e9-603795e0.jpg,low_light,9,0.18,,,,,True,True
514a6d58-0790e0cd.jpg,low_light,9,0.19,,,,,True,True
5150bb50-300d52ce.jpg,low_light,9,0.19,,,,,True,True
52799e9e-8c8673f3.jpg,low_light,9,0.19,,,,,True,True
52bda346-fd8ac6e7.jpg,low_light,9,0.18,,,,,True,True
534418ba-ee05398f.jpg,low_light,9,0.18,,,,,True,True
54360b72-e00a3f70.jpg,low_light,9,0.19,,,,,True,True
554d7cd5-a32486dd.jpg,low_light,9,0.2,,,,,True,True
559fed19-7893646f.jpg,low_light,9,0.18,,,,,True,True
57165857-e4d4a47f.jpg,low_light,9,0.19,,,,,True,True
5795bfe7-a599384a.jpg,low_light,9,0.18,,,,,True,True
57ac74e2-e86131f1.jpg,low_light,9,0.19,,,,,True,True
57b495f2-6da6b1e5.jpg,low_light,9,0.2,,,,,True,True
585443c8-2621a6b1.jpg,low_light,9,0.19,,,,,True,True
5877b384-2545daf4.jpg,low_light,9,0.18,,,,,True,True
587bb1bf-1aa00fe5.jpg,low_light,9,0.19,,,,,True,True
5995c288-2d152172.jpg,low_light,9,0.19,,,,,True,True
59cde7c7-344bffb1.jpg,low_light,9,0.19,,,,,True,True
5a8f9b5d-1fdfd2d4.jpg,low_light,9,0.19,,,,,True,True
5ae83f9c-da990b49.jpg,low_light,9,0.19,,,,,True,True
5b2b4881-67a6cb87.jpg,low_light,9,0.18,,,,,True,True
5b2fd56a-37759b05.jpg,low_light,9,0.19,,,,,True,True
5b4b0b07-2fb56b82.jpg,low_light,9,0.19,,,,,True,True
5bc44a50-c371c4d0.jpg,low_light,9,0.18,,,,,True,True
5c4004b7-bf3b7941.jpg,low_light,9,0.19,,,,,True,True
5c534f5f-a76c7f4b.jpg,low_light,9,0.19,,,,,True,True
5c5dc708-35460444.jpg,low_light,9,0.18,,,,,True,True
5da6c6b6-76c54605.jpg,low_light,9,0.18,,,,,True,True
5dc5141c-5890b5b1.jpg,low_light,9,0.19,,,,,True,True
5dd831da-bd00cf03.jpg,low_light,9,0.18,,,,,True,True
5dfb063f-7bd23d5c.jpg,low_light,9,0.2,,,,,True,True
5e0b701e-d443d8c2.jpg,low_light,9,0.19,,,,,True,True
5e26f49d-0bc53c7e.jpg,low_light,9,0.2,,,,,True,True
5e26f49d-9271bf00.jpg,low_light,9,0.18,,,,,True,True
5e625ec3-7b4fc682.jpg,low_light,9,0.19,,,,,True,True
5f9387ff-330136ae.jpg,low_light,9,0.18,,,,,True,True
5fa17a25-88b8e6b9.jpg,low_light,9,0.19,,,,,True,True
5fa422e1-2d8dd765.jpg,low_light,9,0.16,,,,,True,True
5fb2a702-f56a339c.jpg,low_light,9,0.19,,,,,True,True
6011831b-0992e205.jpg,low_light,9,0.18,,,,,True,True
60137cc0-428b8f5b.jpg,low_light,9,0.19,,,,,True,True
604b5b3e-3c2e6b6b.jpg,low_light,9,0.19,,,,,True,True
6092f5a2-424550ba.jpg,low_light,9,0.19,,,,,True,True
60ba25dd-6c0df417.jpg,low_light,9,0.18,,,,,True,True
60c678e7-4813ae0f.jpg,low_light,9,0.18,,,,,True,True
614ecada-16b0f8b6.jpg,low_light,9,0.18,,,,,True,True
61e4ad87-53ceb455.jpg,low_light,9,0.18,,,,,True,True
6240d7b3-b51b5788.jpg,low_light,9,0.19,,,,,True,True
62aefb36-b685117f.jpg,low_light,9,0.18,,,,,True,True
634c1785-3bb9a8a2.jpg,low_light,9,0.18,,,,,True,True
634c1785-aeb1652f.jpg,low_light,9,0.18,,,,,True,True
63f73472-028615f1.jpg,low_light,9,0.18,,,,,True,True
6485ad0a-245d1600.jpg,low_light,9,0.2,,,,,True,True
648dc925-e359dbec.jpg,low_light,9,0.2,,,,,True,True
65edc5a1-f309fed7.jpg,low_light,9,0.19,,,,,True,True
661381d9-1114a810.jpg,low_light,9,0.18,,,,,True,True
664cb246-f84cfaf4.jpg,low_light,9,0.19,,,,,True,True
675cf8fa-4b1ce8b9.jpg,low_light,9,0.18,,,,,True,True
67faeadf-eb09a636.jpg,low_light,9,0.18,,,,,True,True
691be377-5dbc29ee.jpg,low_light,9,0.2,,,,,True,True
692f1303-05178963.jpg,low_light,9,0.19,,,,,True,True
692f9b08-bdbbd729.jpg,low_light,9,0.19,,,,,True,True
69bfbe31-5ee2a642.jpg,low_light,9,0.18,,,,,True,True
69cf7667-68f59649.jpg,low_light,9,0.19,,,,,True,True
69cf7667-7eb40860.jpg,low_light,9,0.19,,,,,True,True
6a44fb9a-05a3dd18.jpg,low_light,9,0.19,,,,,True,True
6a793e80-4f5e207f.jpg,low_light,9,0.2,,,,,True,True
6a82c0d6-b31f6b90.jpg,low_light,9,0.19,,,,,True,True
6a8d218d-14e4fa28.jpg,low_light,9,0.2,,,,,True,True
6ad110c3-789e7724.jpg,low_light,9,0.18,,,,,True,True
6b15392a-3a1699fd.jpg,low_light,9,0.17,,,,,True,True
6b784eee-0a5a2c89.jpg,low_light,9,0.19,,,,,True,True
6bb5a881-15e5c2c4.jpg,low_light,9,0.21,,,,,True,True
6bd41587-d65ba5b4.jpg,low_light,9,0.19,,,,,True,True
6d0d7bef-fb11b6e1.jpg,low_light,9,0.19,,,,,True,True
6d57736c-a35808b9.jpg,low_light,9,0.21,,,,,True,True
6d8a6d94-00a7ad92.jpg,low_light,9,0.19,,,,,True,True
6eeed3fa-87a1b0c9.jpg,low_light,9,0.18,,,,,True,True
701992bd-8a457895.jpg,low_light,9,0.19,,,,,True,True
7171644d-4e74752e.jpg,low_light,9,0.19,,,,,True,True
7171644d-ee92c71e.jpg,low_light,9,0.19,,,,,True,True
72f22fa5-8af4615c.jpg,low_light,9,0.2,,,,,True,True
72fd00fe-aeadfc89.jpg,low_light,9,0.21,,,,,True,True
730c67a5-563e9b1f.jpg,low_light,9,0.21,,,,,True,True
738a2bcd-7a6fde0d.jpg,low_light,9,0.2,,,,,True,True
73aff960-d46366ec.jpg,low_light,9,0.18,,,,,True,True
73d338d6-edf0b3db.jpg,low_light,9,0.2,,,,,True,True
75ad1fff-77299093.jpg,low_light,9,0.18,,,,,True,True
75f5f52c-6b67e736.jpg,low_light,9,0.11,,,,,True,True
777005a8-14c739ad.jpg,low_light,9,0.19,,,,,True,True
7771e03b-832e52c0.jpg,low_light,9,0.2,,,,,True,True
7771e03b-a8f9d50c.jpg,low_light,9,0.19,,,,,True,True
7797fea2-c37f9856.jpg,low_light,9,0.19,,,,,True,True
77bdbeb0-edb0613f.jpg,low_light,9,0.18,,,,,True,True
77dca577-16a39ea0.jpg,low_light,9,0.19,,,,,True,True
77f810c4-43a39c1f.jpg,low_light,9,0.18,,,,,True,True
7814206e-8e991d51.jpg,low_light,9,0.19,,,,,True,True
7814206e-ea2508d0.jpg,low_light,9,0.19,,,,,True,True
79e177bc-4d5d3acc.jpg,low_light,9,0.18,,,,,True,True
7aa4ff0f-9d28d8a4.jpg,low_light,9,0.2,,,,,True,True
7ad1174c-373265eb.jpg,low_light,9,0.18,,,,,True,True
7b268b98-e0ec16c3.jpg,low_light,9,0.2,,,,,True,True
7c5a2048-332896ea.jpg,low_light,9,0.19,,,,,True,True
7c5d50c5-7292de37.jpg,low_light,9,0.18,,,,,True,True
7d1fe115-936a2f47.jpg,low_light,9,0.19,,,,,True,True
7dc2914d-a20a969a.jpg,low_light,9,0.2,,,,,True,True
7e4ab78b-4a62c63e.jpg,low_light,9,0.19,,,,,True,True
7e590c49-93f03732.jpg,low_light,9,0.18,,,,,True,True
7ed57d0a-d7bcc13d.jpg,low_light,9,0.19,,,,,True,True
7f0ef682-c93899df.jpg,low_light,9,0.17,,,,,True,True
7f4ac354-777de900.jpg,low_light,9,0.17,,,,,True,True
7f9bdf0d-c0e0061f.jpg,low_light,9,0.17,,,,,True,True
7fd14da9-a855494b.jpg,low_light,9,0.2,,,,,True,True
801bff84-a72998c7.jpg,low_light,9,0.19,,,,,True,True
8073de38-f7eab6ec.jpg,low_light,9,0.19,,,,,True,True
8082ea05-1a7bcd47.jpg,low_light,9,0.19,,,,,True,True
80ecebc0-ca9605f4.jpg,low_light,9,0.19,,,,,True,True
81ec3b39-1951f79e.jpg,low_light,9,0.19,,,,,True,True
82b14c0c-79b99258.jpg,low_light,9,0.19,,,,,True,True
82b5fc3b-90cadd1b.jpg,low_light,9,0.17,,,,,True,True
82f03471-8e304dd5.jpg,low_light,9,0.19,,,,,True,True
836fa13a-d6058a12.jpg,low_light,9,0.2,,,,,True,True
84fb3f59-7d5d1fa4.jpg,low_light,9,0.17,,,,,True,True
8542b4da-7795bcfd.jpg,low_light,9,0.2,,,,,True,True
85f3f250-1fef85ac.jpg,low_light,9,0.19,,,,,True,True
87ca2979-d5158824.jpg,low_light,9,0.19,,,,,True,True
889b7dda-77f16103.jpg,low_light,9,0.17,,,,,True,True
88dbf01a-d8b35dee.jpg,low_light,9,0.18,,,,,True,True
897223bc-6938f1ab.jpg,low_light,9,0.18,,,,,True,True
89b7454d-880eacbd.jpg,low_light,9,0.19,,,,,True,True
89e85e71-7dd0a7b6.jpg,low_light,9,0.17,,,,,True,True
8a4fbffe-47866ce9.jpg,low_light,9,0.18,,,,,True,True
8a76c101-8bcefc32.jpg,low_light,9,0.2,,,,,True,True
8b7ef6c4-6bbcf25f.jpg,low_light,9,0.18,,,,,True,True
8bac644e-e0437ead.jpg,low_light,9,0.19,,,,,True,True
8c94c649-8ba62efa.jpg,low_light,9,0.18,,,,,True,True
8c9bbaa9-34934b66.jpg,low_light,9,0.18,,,,,True,True
0049e5b8-725e21a0.jpg,rain,1,20.83,6,0,21,7,False,False
0081e27b-17bf4a9e.jpg,rain,1,21.7,25,50,7,9,False,False
00beeb02-50440dcd.jpg,rain,1,22.19,11,6,10,1,False,False
00d4b6b7-7d0a60bf.jpg,rain,1,21.62,1,30,6,33,False,False
01118704-2d838d7f.jpg,rain,1,23.22,3,0,41,25,False,False
0115917e-14907a6a.jpg,rain,1,21.83,9,2,1,1,False,False
02188a44-65ad27f3.jpg,rain,1,23.14,7,11,,,False,True
02494b7b-079febf8.jpg,rain,1,21.53,6,8,4,9,False,False
029ffd50-dc944dba.jpg,rain,1,22.0,22,6,3,1,False,False
0464a98b-860229d5.jpg,rain,1,22.61,42,22,3,1,False,False
051aadb7-51aad566.jpg,rain,1,21.29,1,1,,,False,True
051aadb7-e953bc4d.jpg,rain,1,19.89,14,9,4,4,False,False
05743a9b-747658e7.jpg,rain,1,23.1,2,1,2,5,False,False
057af272-6f700aef.jpg,rain,1,23.03,1,5,3,1,False,False
05d62296-30c620d5.jpg,rain,1,23.08,13,5,,,False,True
05e5a68e-f0e05a42.jpg,rain,1,17.98,204,12,16,17,False,False
05fa6494-8f436d04.jpg,rain,1,23.35,4,0,14,4,False,False
060039d9-5218402b.jpg,rain,1,23.04,0,4,2,0,False,False
064aa0d6-f75ff4d5.jpg,rain,1,21.21,2,2,29,14,False,False
07de5062-ddddcbd7.jpg,rain,1,22.73,3,2,24,17,False,False
088351d1-30833ddc.jpg,rain,1,22.3,56,0,429,47,False,False
08a49c01-675d3899.jpg,rain,1,22.26,43,34,0,2,False,False
08d4285a-4a25b9b6.jpg,rain,1,21.54,21,4,21,1,False,False
09ac21d6-eefa8ed0.jpg,rain,1,22.25,16,0,5,1,False,False
0a0a0b1a-7c39d841.jpg,rain,1,21.5,5,2,8,0,False,False
0af6039a-f3c91319.jpg,rain,1,22.36,3,28,1,0,False,False
0b2f5d0d-8fddc1fc.jpg,rain,1,20.88,3,3,44,12,False,False
0b4225f9-bfb10f88.jpg,rain,1,22.07,12,20,13,12,False,False
0ba08fe3-880ae118.jpg,rain,1,22.38,13,6,13,6,False,False
0c2f33b9-f94d69b5.jpg,rain,1,22.36,17,1,35,18,False,False
0c984e6d-2b5d7ee4.jpg,rain,1,21.88,20,3,24,1,False,False
0cb67a01-7cf1687e.jpg,rain,1,23.23,82,46,13,10,False,False
0cc6f3e8-b4c9e348.jpg,rain,1,21.92,7,6,6,3,False,False
0cf398b3-ce65ab64.jpg,rain,1,13.0,6,4,116,10,False,False
0d3ec56a-f4cead6f.jpg,rain,1,22.87,12,2,8,5,False,False
0d61234a-542010b2.jpg,rain,1,22.37,21,5,0,0,False,False
0e442b65-b17e0b50.jpg,rain,1,23.2,26,3,25,3,False,False
0e5c7e92-0d9c60f0.jpg,rain,1,22.72,4,4,5,3,False,False
0f837def-9646c091.jpg,rain,1,21.82,17,3,0,0,False,False
0fba84f9-73b520ee.jpg,rain,1,22.04,43,4,10,3,False,False
101a0964-930eae70.jpg,rain,1,17.91,4,0,7,5,False,False
10389fe8-433c740c.jpg,rain,1,22.69,33,1,5,3,False,False
10453a95-40759ac3.jpg,rain,1,21.21,16,2,4,0,False,False
1072195f-0a161ade.jpg,rain,1,21.79,10,18,26,15,False,False
1072195f-6cf88b25.jpg,rain,1,22.69,72,143,3,5,False,False
11513e3d-150058c3.jpg,rain,1,21.71,1,0,66,8,False,False
1189ae68-1a8ad3c6.jpg,rain,1,22.51,13,26,53,6,False,False
12076ebb-c07285d7.jpg,rain,1,22.18,4,2,20,1,False,False
125134e5-7dfc45b9.jpg,rain,1,21.55,1,1,0,8,False,False
12ae9ab8-794f5adc.jpg,rain,1,19.91,6,47,1,3,False,False
13f61134-50021e53.jpg,rain,1,23.0,90,42,60,9,False,False
14eace5a-ddf3b303.jpg,rain,1,23.19,24,9,8,10,False,False
1608cfe7-32da2c5d.jpg,rain,1,22.88,1,0,54,1,False,False
162995f1-d2c7d259.jpg,rain,1,20.41,8,1,58,18,False,False
16b0973f-c07b564a.jpg,rain,1,23.01,33,12,3,1,False,False
1784d67b-6b223914.jpg,rain,1,21.91,47,0,1,1,False,False
1784d67b-d76145ce.jpg,rain,1,23.55,77,2,5,5,False,False
188c58f3-792afc71.jpg,rain,1,22.8,5,1,19,2,False,False
193f7f3b-84bc7998.jpg,rain,1,23.46,25,1,17,7,False,False
194058b0-ac0616a6.jpg,rain,1,21.29,1,1,12,31,False,False
19e56249-09c4bbc6.jpg,rain,1,22.8,,,,,True,True
1a71faae-d5f255fd.jpg,rain,1,23.0,13,0,2,15,False,False
1a8992a7-da5a8510.jpg,rain,1,21.96,27,4,14,4,False,False
1ac0178c-0b259360.jpg,rain,1,22.78,18,1,20,1,False,False
1b30f76f-95aa8a06.jpg,rain,1,21.46,6,7,8,8,False,False
1bda5a26-420ceea6.jpg,rain,1,21.45,7,2,10,8,False,False
1bf7f3d2-15f95138.jpg,rain,1,21.28,15,8,5,3,False,False
1c227a12-10e5552c.jpg,rain,1,22.7,8,4,7,22,False,False
1c227a12-ec67af93.jpg,rain,1,22.54,7,6,1,14,False,False
1c5e9657-2e2a2863.jpg,rain,1,23.04,26,2,2,2,False,False
1cb2a89b-4594573e.jpg,rain,1,22.41,46,10,29,2,False,False
1cf54809-c6daa5a9.jpg,rain,1,22.14,23,13,30,42,False,False
1d5e05f8-5020f67d.jpg,rain,1,20.54,4,10,1,6,False,False
1e57ae90-806bc767.jpg,rain,1,21.71,12,7,1,1,False,False
1f959fdd-6ff63d34.jpg,rain,1,22.82,21,13,6,3,False,False
1fa65acf-d43367bc.jpg,rain,1,21.88,10,6,1,2,False,False
20cfadfa-47711496.jpg,rain,1,21.9,34,110,12,27,False,False
20cfadfa-6f87fdc1.jpg,rain,1,22.38,12,8,1,4,False,False
225a1858-0e3a4b04.jpg,rain,1,21.59,6,2,,,False,True
22be2f14-59fbdca0.jpg,rain,1,22.44,11,4,2,3,False,False
23333f35-0cbc3f0f.jpg,rain,1,20.79,107,8,15,14,False,False
23df146f-64b50e4c.jpg,rain,1,22.86,8,2,2,1,False,False
24392d7c-998011c2.jpg,rain,1,21.09,1,1,29,10,False,False
250e7595-b14da270.jpg,rain,1,22.07,9,17,7,3,False,False
26190b83-39ccb412.jpg,rain,1,22.47,8,0,9,1,False,False
272d52f6-8aac36b3.jpg,rain,1,21.33,49,1,14,5,False,False
2752681a-e813599a.jpg,rain,1,20.72,0,5,1,0,False,False
27645526-f038b033.jpg,rain,1,21.06,2,0,106,252,False,False
2773af6f-23e23a6b.jpg,rain,1,22.75,2,0,3,0,False,False
28faf684-03ef4c6e.jpg,rain,1,22.7,17,1,1,0,False,False
292720ee-d847ee69.jpg,rain,1,23.52,14,8,7,4,False,False
2b54fe2d-c5b810e6.jpg,rain,1,23.2,11,2,15,6,False,False
2b605c48-8dfe352b.jpg,rain,1,22.67,12,1,16,5,False,False
2beccce2-354608e2.jpg,rain,1,23.01,3,0,1,7,False,False
2c87e51d-aa7a8031.jpg,rain,1,21.69,9,4,,,False,True
2ce0b449-e818dc97.jpg,rain,1,23.43,1,1,20,2,False,False
2cf976a2-479cd46b.jpg,rain,1,22.7,47,19,14,12,False,False
2e2fae77-b7497ca0.jpg,rain,1,23.24,21,5,8,0,False,False
2ead8042-2493c03f.jpg,rain,1,18.88,41,6,3,0,False,False
2f1864c1-1a17d11c.jpg,rain,1,19.43,3,3,6,2,False,False
2f879dc0-b09e4824.jpg,rain,1,21.31,29,9,19,7,False,False
2fc9ad1e-ee4c9e43.jpg,rain,1,22.09,0,3,6,2,False,False
3050b249-0ffbd6ec.jpg,rain,1,23.36,9,3,11,1,False,False
314cc010-3eab5c90.jpg,rain,1,22.82,51,3,4,3,False,False
31765c6b-90b0d612.jpg,rain,1,23.62,1,0,33,11,False,False
31cf6eba-5c84c636.jpg,rain,1,21.8,27,8,17,11,False,False
32de2244-122f1783.jpg,rain,1,23.21,30,4,9,3,False,False
33420085-32996107.jpg,rain,1,23.22,1,0,29,2,False,False
3430a5e6-00ec38d2.jpg,rain,1,17.73,1,4,5,9,False,False
35eb46d0-8f7e28a0.jpg,rain,1,23.33,30,7,0,3,False,False
3735fc3d-69d8b80c.jpg,rain,1,23.15,3,16,24,1,False,False
3740cd4f-ff1d423d.jpg,rain,1,22.86,40,1,9,2,False,False
375abba2-9f2ed56c.jpg,rain,1,21.85,2,0,31,6,False,False
37723e55-31730cf5.jpg,rain,1,22.3,4,1,21,1,False,False
380a3f8e-ba4f0def.jpg,rain,1,23.43,3,1,4,0,False,False
385b0f61-1aee12ef.jpg,rain,1,19.89,32,6,4,2,False,False
3865fea7-b4fe472d.jpg,rain,1,20.51,2,2,14,14,False,False
38e561dd-8ea8ae2d.jpg,rain,1,22.89,24,5,0,3,False,False
38ed8d8d-93c48de2.jpg,rain,1,23.29,8,1,28,38,False,False
38ed8d8d-b1c230ef.jpg,rain,1,22.5,38,2,4,1,False,False
38ed8d8d-fa50400c.jpg,rain,1,22.46,21,3,19,14,False,False
3900ad8c-8834019f.jpg,rain,1,22.85,,,0,0,True,False
39ddb110-04604b9c.jpg,rain,1,22.67,0,0,4,23,False,False
39fc6d1c-6155351d.jpg,rain,1,22.37,,,25,10,True,False
3a278d39-b92df256.jpg,rain,1,20.85,5,4,13,15,False,False
3a3407a2-df8ea956.jpg,rain,1,20.6,9,10,,,False,True
3ad0c4a7-2a3d544e.jpg,rain,1,21.06,16,5,12,2,False,False
3b1e1bc1-ee64e36e.jpg,rain,1,21.8,4,3,2,3,False,False
3b44ef5a-c09e8479.jpg,rain,1,22.66,27,31,30,13,False,False
3b563c5e-0102edaf.jpg,rain,1,22.63,4,8,6,3,False,False
3b9716a6-d2566395.jpg,rain,1,23.35,8,17,5,11,False,False
3c0bbdc2-79baffce.jpg,rain,1,20.4,0,0,9,1,False,False
3c5752b6-9c0bdf98.jpg,rain,1,22.2,,,8,2,True,False
3c95ae26-68abac3f.jpg,rain,1,20.62,11,1,7,2,False,False
3e0f1745-a95a63ad.jpg,rain,1,20.72,4,1,6,6,False,False
3f4eb6a6-9eee52f9.jpg,rain,1,23.11,14,1,5,3,False,False
3f85a987-1ef4053b.jpg,rain,1,23.2,6,8,3,5,False,False
3fe1feaa-10126fec.jpg,rain,1,21.98,5,1,6,339,False,False
3ffdaa26-b394f6f8.jpg,rain,1,22.48,35,2,1,1,False,False
4027c10d-41d54e9b.jpg,rain,1,23.05,23,6,2,0,False,False
428e99ea-4166e549.jpg,rain,1,22.68,4,2,2,17,False,False
42e0dd11-74b81997.jpg,rain,1,23.45,13,13,16,4,False,False
430395d1-931c959e.jpg,rain,1,20.69,30,38,42,18,False,False
43126e0d-495d04a5.jpg,rain,1,22.59,3,1,1,0,False,False
43126e0d-cce96832.jpg,rain,1,22.83,37,1,52,12,False,False
432f9e20-83a0d96c.jpg,rain,1,22.33,3,3,0,4,False,False
43c7ed5c-b0690325.jpg,rain,1,23.22,1,1,2,1,False,False
44cc16d9-d2e06fd6.jpg,rain,1,22.93,17,5,27,8,False,False
45bafa98-1ee18a2f.jpg,rain,1,22.65,7,7,20,8,False,False
46d048a1-8f7f385c.jpg,rain,1,23.34,0,1,22,10,False,False
46f76df9-8bf77914.jpg,rain,1,21.31,14,1,19,1,False,False
480263a0-5aad7ae9.jpg,rain,1,21.62,5,8,68,52,False,False
488480d6-b94cf415.jpg,rain,1,20.25,8,7,19,12,False,False
48ed707e-5062e4c3.jpg,rain,1,22.33,52,21,5,3,False,False
4a289ff2-7da7feb6.jpg,rain,1,22.03,1,1,179,18,False,False
4a31f3e3-ac7ed780.jpg,rain,1,20.72,10,4,3,0,False,False
4b2e1dde-65b54419.jpg,rain,1,19.11,6,1,1,0,False,False
4d4a590b-4332c5ab.jpg,rain,1,23.68,14,5,1,0,False,False
5069db50-52f5af30.jpg,rain,1,23.64,4,6,7,2,False,False
50866f46-30d1f303.jpg,rain,1,22.44,27,7,7,2,False,False
50b115d6-4b08a666.jpg,rain,1,22.0,20,2,0,0,False,False
50b2e757-6c7d0f63.jpg,rain,1,23.34,1,2,4,2,False,False
50d0fd05-8db58ebd.jpg,rain,1,22.81,12,1,99,2,False,False
510671e9-603795e0.jpg,rain,1,22.54,8,37,13,5,False,False
514a6d58-0790e0cd.jpg,rain,1,21.32,2,3,31,3,False,False
5150bb50-300d52ce.jpg,rain,1,21.42,1,4,12,8,False,False
52799e9e-8c8673f3.jpg,rain,1,22.72,2,1,21,0,False,False
52bda346-fd8ac6e7.jpg,rain,1,22.44,4,9,6,4,False,False
534418ba-ee05398f.jpg,rain,1,21.73,11,2,7,0,False,False
54360b72-e00a3f70.jpg,rain,1,21.76,226,29,5,3,False,False
554d7cd5-a32486dd.jpg,rain,1,23.12,3,2,18,9,False,False
559fed19-7893646f.jpg,rain,1,22.44,2,4,3,1,False,False
57165857-e4d4a47f.jpg,rain,1,22.95,10,1,195,77,False,False
5795bfe7-a599384a.jpg,rain,1,21.89,25,0,1,1,False,False
57ac74e2-e86131f1.jpg,rain,1,22.94,7,3,15,7,False,False
57b495f2-6da6b1e5.jpg,rain,1,23.52,21,3,9,1,False,False
585443c8-2621a6b1.jpg,rain,1,23.21,1,2,54,11,False,False
5877b384-2545daf4.jpg,rain,1,21.35,4,1,1,0,False,False
587bb1bf-1aa00fe5.jpg,rain,1,23.14,14,5,3,0,False,False
5995c288-2d152172.jpg,rain,1,22.37,7,5,12,10,False,False
59cde7c7-344bffb1.jpg,rain,1,23.17,20,28,,,False,True
5a8f9b5d-1fdfd2d4.jpg,rain,1,17.13,16,15,0,0,False,False
5ae83f9c-da990b49.jpg,rain,1,21.7,3,1,6,7,False,False
5b2b4881-67a6cb87.jpg,rain,1,23.24,16,5,4,0,False,False
5b2fd56a-37759b05.jpg,rain,1,22.27,23,17,13,12,False,False
5b4b0b07-2fb56b82.jpg,rain,1,22.27,17,1,5,2,False,False
5bc44a50-c371c4d0.jpg,rain,1,21.03,30,3,2,1,False,False
5c4004b7-bf3b7941.jpg,rain,1,22.45,10,2,4,0,False,False
5c534f5f-a76c7f4b.jpg,rain,1,21.12,15,6,4,3,False,False
5c5dc708-35460444.jpg,rain,1,22.25,7,6,31,2,False,False
5da6c6b6-76c54605.jpg,rain,1,22.13,1,2,25,17,False,False
5dc5141c-5890b5b1.jpg,rain,1,21.54,6,1,23,6,False,False
5dd831da-bd00cf03.jpg,rain,1,21.65,66,21,6,14,False,False
5dfb063f-7bd23d5c.jpg,rain,1,23.29,6,4,1,1,False,False
5e0b701e-d443d8c2.jpg,rain,1,21.38,84,114,22,3,False,False
5e26f49d-0bc53c7e.jpg,rain,1,23.65,1,0,12,1,False,False
5e26f49d-9271bf00.jpg,rain,1,23.16,10,0,0,0,False,False
5e625ec3-7b4fc682.jpg,rain,1,22.51,6,5,7,8,False,False
5f9387ff-330136ae.jpg,rain,1,21.59,3,3,7,2,False,False
5fa17a25-88b8e6b9.jpg,rain,1,22.66,0,0,1,0,False,False
5fa422e1-2d8dd765.jpg,rain,1,22.19,1,2,2,2,False,False
5fb2a702-f56a339c.jpg,rain,1,21.08,27,7,100,12,False,False
6011831b-0992e205.jpg,rain,1,20.76,2,4,7,4,False,False
60137cc0-428b8f5b.jpg,rain,1,23.06,23,5,2,2,False,False
604b5b3e-3c2e6b6b.jpg,rain,1,21.78,1,1,6,12,False,False
6092f5a2-424550ba.jpg,rain,1,22.25,26,5,1,2,False,False
60ba25dd-6c0df417.jpg,rain,1,23.16,25,2,3,5,False,False
60c678e7-4813ae0f.jpg,rain,1,22.61,40,23,,,False,True
614ecada-16b0f8b6.jpg,rain,1,22.22,25,3,12,5,False,False
61e4ad87-53ceb455.jpg,rain,1,23.27,17,4,36,2,False,False
6240d7b3-b51b5788.jpg,rain,1,23.04,9,0,68,4,False,False
62aefb36-b685117f.jpg,rain,1,21.28,5,2,4,8,False,False
634c1785-3bb9a8a2.jpg,rain,1,22.0,6,0,4,1,False,False
634c1785-aeb1652f.jpg,rain,1,21.59,124,3,5,2,False,False
63f73472-028615f1.jpg,rain,1,21.56,1,1,7,8,False,False
6485ad0a-245d1600.jpg,rain,1,22.62,7,2,2,7,False,False
648dc925-e359dbec.jpg,rain,1,23.16,9,1,18,6,False,False
65edc5a1-f309fed7.jpg,rain,1,21.31,4,2,5,2,False,False
661381d9-1114a810.jpg,rain,1,22.94,9,2,3,3,False,False
664cb246-f84cfaf4.jpg,rain,1,21.95,8,7,12,6,False,False
675cf8fa-4b1ce8b9.jpg,rain,1,22.37,30,7,4,0,False,False
67faeadf-eb09a636.jpg,rain,1,22.72,3,6,1,1,False,False
691be377-5dbc29ee.jpg,rain,1,22.92,5,0,2,5,False,False
692f1303-05178963.jpg,rain,1,20.98,4,4,51,7,False,False
692f9b08-bdbbd729.jpg,rain,1,21.44,7,2,4,2,False,False
69bfbe31-5ee2a642.jpg,rain,1,22.84,0,1,2,0,False,False
69cf7667-68f59649.jpg,rain,1,21.84,2,1,2,10,False,False
69cf7667-7eb40860.jpg,rain,1,19.77,9,3,15,7,False,False
6a44fb9a-05a3dd18.jpg,rain,1,21.32,5,0,22,5,False,False
6a793e80-4f5e207f.jpg,rain,1,23.29,5,2,19,10,False,False
6a82c0d6-b31f6b90.jpg,rain,1,22.13,,,4,1,True,False
6a8d218d-14e4fa28.jpg,rain,1,23.36,5,7,10,3,False,False
6ad110c3-789e7724.jpg,rain,1,20.85,11,6,18,8,False,False
6b15392a-3a1699fd.jpg,rain,1,18.46,10,1,4,3,False,False
6b784eee-0a5a2c89.jpg,rain,1,21.99,1,0,3,0,False,False
6bb5a881-15e5c2c4.jpg,rain,1,23.15,3,7,,,False,True
6bd41587-d65ba5b4.jpg,rain,1,23.09,4,1,1,1,False,False
6d0d7bef-fb11b6e1.jpg,rain,1,22.6,57,13,12,12,False,False
6d57736c-a35808b9.jpg,rain,1,23.52,1,0,1,3,False,False
6d8a6d94-00a7ad92.jpg,rain,1,22.01,5,2,7,2,False,False
6eeed3fa-87a1b0c9.jpg,rain,1,22.3,63,4,12,2,False,False
701992bd-8a457895.jpg,rain,1,23.55,5,0,0,0,False,False
7171644d-4e74752e.jpg,rain,1,21.7,11,1,4,0,False,False
7171644d-ee92c71e.jpg,rain,1,22.6,31,6,30,15,False,False
72f22fa5-8af4615c.jpg,rain,1,21.19,5,5,14,12,False,False
72fd00fe-aeadfc89.jpg,rain,1,23.43,11,7,1,1,False,False
730c67a5-563e9b1f.jpg,rain,1,23.49,24,7,80,10,False,False
738a2bcd-7a6fde0d.jpg,rain,1,23.36,3,4,93,15,False,False
73aff960-d46366ec.jpg,rain,1,23.22,3,1,12,2,False,False
73d338d6-edf0b3db.jpg,rain,1,23.3,19,4,28,67,False,False
75ad1fff-77299093.jpg,rain,1,22.15,,,13,5,True,False
75f5f52c-6b67e736.jpg,rain,1,16.21,1,1,1,1,False,False
777005a8-14c739ad.jpg,rain,1,23.3,60,28,3,1,False,False
7771e03b-832e52c0.jpg,rain,1,23.47,48,22,42,7,False,False
7771e03b-a8f9d50c.jpg,rain,1,22.81,9,12,1,1,False,False
7797fea2-c37f9856.jpg,rain,1,21.03,20,6,17,5,False,False
77bdbeb0-edb0613f.jpg,rain,1,20.81,5,4,12,6,False,False
77dca577-16a39ea0.jpg,rain,1,21.99,4,1,4,8,False,False
77f810c4-43a39c1f.jpg,rain,1,21.95,2,7,8,3,False,False
7814206e-8e991d51.jpg,rain,1,23.51,4,3,6,0,False,False
7814206e-ea2508d0.jpg,rain,1,23.54,2,4,21,1,False,False
79e177bc-4d5d3acc.jpg,rain,1,23.19,1,0,1,1,False,False
7aa4ff0f-9d28d8a4.jpg,rain,1,22.81,14,4,13,34,False,False
7ad1174c-373265eb.jpg,rain,1,22.71,,,,,True,True
7b268b98-e0ec16c3.jpg,rain,1,22.41,13,1,43,12,False,False
7c5a2048-332896ea.jpg,rain,1,22.45,13,8,,,False,True
7c5d50c5-7292de37.jpg,rain,1,22.45,9,0,23,4,False,False
7d1fe115-936a2f47.jpg,rain,1,23.13,216,30,14,4,False,False
7dc2914d-a20a969a.jpg,rain,1,22.99,6,0,5,2,False,False
7e4ab78b-4a62c63e.jpg,rain,1,22.6,51,33,10,1,False,False
7e590c49-93f03732.jpg,rain,1,22.79,52,203,5,5,False,False
7ed57d0a-d7bcc13d.jpg,rain,1,20.45,49,11,3,5,False,False
7f0ef682-c93899df.jpg,rain,1,22.9,2,0,45,10,False,False
7f4ac354-777de900.jpg,rain,1,22.08,24,2,18,1,False,False
7f9bdf0d-c0e0061f.jpg,rain,1,21.38,21,2,4,2,False,False
7fd14da9-a855494b.jpg,rain,1,23.1,3,2,10,127,False,False
801bff84-a72998c7.jpg,rain,1,20.63,11,9,15,10,False,False
8073de38-f7eab6ec.jpg,rain,1,22.73,8,3,11,8,False,False
8082ea05-1a7bcd47.jpg,rain,1,21.35,1,1,2,1,False,False
80ecebc0-ca9605f4.jpg,rain,1,23.15,65,6,,,False,True
81ec3b39-1951f79e.jpg,rain,1,22.37,0,1,11,6,False,False
82b14c0c-79b99258.jpg,rain,1,22.97,42,1,19,13,False,False
82b5fc3b-90cadd1b.jpg,rain,1,21.1,9,4,36,10,False,False
82f03471-8e304dd5.jpg,rain,1,22.62,1,1,18,10,False,False
836fa13a-d6058a12.jpg,rain,1,23.04,30,10,4,2,False,False
84fb3f59-7d5d1fa4.jpg,rain,1,20.55,20,5,22,1,False,False
8542b4da-7795bcfd.jpg,rain,1,23.1,3,2,0,0,False,False
85f3f250-1fef85ac.jpg,rain,1,22.63,7,3,1,1,False,False
87ca2979-d5158824.jpg,rain,1,23.23,9,0,4,4,False,False
889b7dda-77f16103.jpg,rain,1,22.76,36,83,2,3,False,False
88dbf01a-d8b35dee.jpg,rain,1,22.31,3,1,8,2,False,False
897223bc-6938f1ab.jpg,rain,1,23.19,3,2,83,2,False,False
89b7454d-880eacbd.jpg,rain,1,20.94,5,0,9,2,False,False
89e85e71-7dd0a7b6.jpg,rain,1,21.75,7,2,9,3,False,False
8a4fbffe-47866ce9.jpg,rain,1,22.96,7,11,14,6,False,False
8a76c101-8bcefc32.jpg,rain,1,22.74,10,78,27,81,False,False
8b7ef6c4-6bbcf25f.jpg,rain,1,20.17,37,5,30,4,False,False
8bac644e-e0437ead.jpg,rain,1,22.95,1,1,44,7,False,False
8c94c649-8ba62efa.jpg,rain,1,22.74,32,8,15,6,False,False
8c9bbaa9-34934b66.jpg,rain,1,22.06,12,3,9,1,False,False
0049e5b8-725e21a0.jpg,rain,2,15.65,9,0,13,5,False,False
0081e27b-17bf4a9e.jpg,rain,2,16.65,15,25,8,5,False,False
00beeb02-50440dcd.jpg,rain,2,15.99,24,15,0,1,False,False
00d4b6b7-7d0a60bf.jpg,rain,2,16.35,4,7,,,False,True
01118704-2d838d7f.jpg,rain,2,18.45,1,4,37,15,False,False
0115917e-14907a6a.jpg,rain,2,16.11,4,1,2,1,False,False
02188a44-65ad27f3.jpg,rain,2,16.92,23,12,,,False,True
02494b7b-079febf8.jpg,rain,2,15.82,18,5,1,0,False,False
029ffd50-dc944dba.jpg,rain,2,15.09,5,0,35,9,False,False
0464a98b-860229d5.jpg,rain,2,17.31,30,16,2,2,False,False
051aadb7-51aad566.jpg,rain,2,16.94,1,1,9,9,False,False
051aadb7-e953bc4d.jpg,rain,2,13.49,5,6,2,5,False,False
05743a9b-747658e7.jpg,rain,2,19.13,2,0,6,9,False,False
057af272-6f700aef.jpg,rain,2,17.22,61,44,27,4,False,False
05d62296-30c620d5.jpg,rain,2,17.38,10,5,1,0,False,False
05e5a68e-f0e05a42.jpg,rain,2,14.16,87,8,4,5,False,False
05fa6494-8f436d04.jpg,rain,2,17.54,2,0,17,7,False,False
060039d9-5218402b.jpg,rain,2,17.6,7,2,2,0,False,False
064aa0d6-f75ff4d5.jpg,rain,2,16.33,9,3,3,0,False,False
07de5062-ddddcbd7.jpg,rain,2,21.14,31,66,12,15,False,False
088351d1-30833ddc.jpg,rain,2,15.25,37,3,135,107,False,False
08a49c01-675d3899.jpg,rain,2,17.11,0,16,5,12,False,False
08d4285a-4a25b9b6.jpg,rain,2,14.95,11,1,20,1,False,False
09ac21d6-eefa8ed0.jpg,rain,2,14.42,3,10,10,1,False,False
0a0a0b1a-7c39d841.jpg,rain,2,16.66,49,4,3,13,False,False
0af6039a-f3c91319.jpg,rain,2,16.56,3,13,0,1,False,False
0b2f5d0d-8fddc1fc.jpg,rain,2,14.04,4,5,39,8,False,False
0b4225f9-bfb10f88.jpg,rain,2,17.05,11,20,8,8,False,False
0ba08fe3-880ae118.jpg,rain,2,16.51,16,4,4,1,False,False
0c2f33b9-f94d69b5.jpg,rain,2,16.88,16,1,5,4,False,False
0c984e6d-2b5d7ee4.jpg,rain,2,17.02,21,5,25,2,False,False
0cb67a01-7cf1687e.jpg,rain,2,19.56,28,8,,,False,True
0cc6f3e8-b4c9e348.jpg,rain,2,16.59,9,5,1,0,False,False
0cf398b3-ce65ab64.jpg,rain,2,2.06,11,7,,,False,True
0d3ec56a-f4cead6f.jpg,rain,2,17.76,12,9,7,2,False,False
0d61234a-542010b2.jpg,rain,2,12.66,23,4,5,4,False,False
0e442b65-b17e0b50.jpg,rain,2,19.13,0,1,21,2,False,False
0e5c7e92-0d9c60f0.jpg,rain,2,16.19,1,3,8,10,False,False
0f837def-9646c091.jpg,rain,2,17.07,19,2,0,0,False,False
0fba84f9-73b520ee.jpg,rain,2,16.96,1,1,1,2,False,False
101a0964-930eae70.jpg,rain,2,12.88,10,3,7,5,False,False
10389fe8-433c740c.jpg,rain,2,15.99,41,14,32,4,False,False
10453a95-40759ac3.jpg,rain,2,16.34,31,3,2,2,False,False
1072195f-0a161ade.jpg,rain,2,16.32,1,0,0,0,False,False
1072195f-6cf88b25.jpg,rain,2,17.25,5,6,16,9,False,False
11513e3d-150058c3.jpg,rain,2,16.36,6,5,105,19,False,False
1189ae68-1a8ad3c6.jpg,rain,2,18.39,11,3,54,8,False,False
12076ebb-c07285d7.jpg,rain,2,14.9,19,0,14,5,False,False
125134e5-7dfc45b9.jpg,rain,2,16.67,2,3,2,10,False,False
12ae9ab8-794f5adc.jpg,rain,2,15.35,22,59,4,0,False,False
13f61134-50021e53.jpg,rain,2,18.65,79,35,13,1,False,False
14eace5a-ddf3b303.jpg,rain,2,18.74,15,1,11,9,False,False
1608cfe7-32da2c5d.jpg,rain,2,16.74,6,0,42,5,False,False
162995f1-d2c7d259.jpg,rain,2,15.19,15,2,0,0,False,False
16b0973f-c07b564a.jpg,rain,2,15.86,4,3,2,1,False,False
1784d67b-6b223914.jpg,rain,2,16.92,0,0,25,1,False,False
1784d67b-d76145ce.jpg,rain,2,19.24,66,2,13,1,False,False
188c58f3-792afc71.jpg,rain,2,15.55,0,1,8,5,False,False
193f7f3b-84bc7998.jpg,rain,2,17.92,12,1,10,15,False,False
194058b0-ac0616a6.jpg,rain,2,16.03,6,6,13,32,False,False
19e56249-09c4bbc6.jpg,rain,2,18.94,38,2,14,24,False,False
1a71faae-d5f255fd.jpg,rain,2,18.23,6,1,1,7,False,False
1a8992a7-da5a8510.jpg,rain,2,16.4,23,6,21,7,False,False
1ac0178c-0b259360.jpg,rain,2,19.34,,,31,5,True,False
1b30f76f-95aa8a06.jpg,rain,2,17.32,16,13,15,14,False,False
1bda5a26-420ceea6.jpg,rain,2,16.07,16,3,0,3,False,False
1bf7f3d2-15f95138.jpg,rain,2,16.23,10,7,28,2,False,False
1c227a12-10e5552c.jpg,rain,2,18.35,0,0,1,4,False,False
1c227a12-ec67af93.jpg,rain,2,17.68,2,2,9,6,False,False
1c5e9657-2e2a2863.jpg,rain,2,16.51,,,6,2,True,False
1cb2a89b-4594573e.jpg,rain,2,17.13,38,2,2,1,False,False
1cf54809-c6daa5a9.jpg,rain,2,14.64,2,0,30,44,False,False
1d5e05f8-5020f67d.jpg,rain,2,15.41,5,7,3,1,False,False
1e57ae90-806bc767.jpg,rain,2,17.41,15,10,17,24,False,False
1f959fdd-6ff63d34.jpg,rain,2,17.7,40,32,0,0,False,False
1fa65acf-d43367bc.jpg,rain,2,15.42,3,2,23,5,False,False
20cfadfa-47711496.jpg,rain,2,16.57,25,78,12,8,False,False
20cfadfa-6f87fdc1.jpg,rain,2,17.49,3,16,4,9,False,False
225a1858-0e3a4b04.jpg,rain,2,15.18,50,7,,,False,True
22be2f14-59fbdca0.jpg,rain,2,17.21,14,3,1,3,False,False
23333f35-0cbc3f0f.jpg,rain,2,16.27,42,26,2,1,False,False
23df146f-64b50e4c.jpg,rain,2,18.68,12,9,2,0,False,False
24392d7c-998011c2.jpg,rain,2,16.49,8,2,94,40,False,False
250e7595-b14da270.jpg,rain,2,16.55,8,8,35,2,False,False
26190b83-39ccb412.jpg,rain,2,16.68,2,5,2,1,False,False
272d52f6-8aac36b3.jpg,rain,2,13.4,37,0,157,10,False,False
2752681a-e813599a.jpg,rain,2,16.33,22,24,2,1,False,False
27645526-f038b033.jpg,rain,2,14.31,6,8,76,8,False,False
2773af6f-23e23a6b.jpg,rain,2,16.43,1,3,0,0,False,False
28faf684-03ef4c6e.jpg,rain,2,18.65,6,1,0,1,False,False
292720ee-d847ee69.jpg,rain,2,21.6,4,4,2,1,False,False
2b54fe2d-c5b810e6.jpg,rain,2,17.0,29,4,13,131,False,False
2b605c48-8dfe352b.jpg,rain,2,17.38,5,8,9,10,False,False
2beccce2-354608e2.jpg,rain,2,17.25,4,1,8,11,False,False
2c87e51d-aa7a8031.jpg,rain,2,17.49,33,13,,,False,True
2ce0b449-e818dc97.jpg,rain,2,20.16,17,0,63,4,False,False
2cf976a2-479cd46b.jpg,rain,2,15.85,3,1,23,12,False,False
2e2fae77-b7497ca0.jpg,rain,2,16.94,9,3,1,2,False,False
2ead8042-2493c03f.jpg,rain,2,13.53,0,1,5,2,False,False
2f1864c1-1a17d11c.jpg,rain,2,14.06,3,3,2,1,False,False
2f879dc0-b09e4824.jpg,rain,2,16.24,14,6,12,2,False,False
2fc9ad1e-ee4c9e43.jpg,rain,2,17.04,2,9,22,4,False,False
3050b249-0ffbd6ec.jpg,rain,2,19.15,3,0,9,4,False,False
314cc010-3eab5c90.jpg,rain,2,18.07,45,7,1,0,False,False
31765c6b-90b0d612.jpg,rain,2,18.14,11,2,16,6,False,False
31cf6eba-5c84c636.jpg,rain,2,13.67,37,8,7,3,False,False
32de2244-122f1783.jpg,rain,2,19.01,51,6,1,0,False,False
33420085-32996107.jpg,rain,2,20.22,2,1,21,35,False,False
3430a5e6-00ec38d2.jpg,rain,2,6.9,14,6,6,10,False,False
35eb46d0-8f7e28a0.jpg,rain,2,20.01,0,0,0,2,False,False
3735fc3d-69d8b80c.jpg,rain,2,19.07,32,1,15,8,False,False
3740cd4f-ff1d423d.jpg,rain,2,15.04,19,3,16,2,False,False
375abba2-9f2ed56c.jpg,rain,2,16.98,23,3,23,4,False,False
37723e55-31730cf5.jpg,rain,2,15.82,5,0,20,8,False,False
380a3f8e-ba4f0def.jpg,rain,2,21.92,11,2,20,2,False,False
385b0f61-1aee12ef.jpg,rain,2,14.65,14,13,3,1,False,False
3865fea7-b4fe472d.jpg,rain,2,15.59,27,192,0,1,False,False
38e561dd-8ea8ae2d.jpg,rain,2,16.63,16,2,19,4,False,False
38ed8d8d-93c48de2.jpg,rain,2,18.41,0,2,56,46,False,False
38ed8d8d-b1c230ef.jpg,rain,2,17.44,13,7,24,5,False,False
38ed8d8d-fa50400c.jpg,rain,2,16.69,13,0,34,87,False,False
3900ad8c-8834019f.jpg,rain,2,15.57,,,6,3,True,False
39ddb110-04604b9c.jpg,rain,2,15.33,1,1,5,26,False,False
39fc6d1c-6155351d.jpg,rain,2,16.9,,,9,4,True,False
3a278d39-b92df256.jpg,rain,2,16.03,14,2,158,195,False,False
3a3407a2-df8ea956.jpg,rain,2,13.03,10,8,14,4,False,False
3ad0c4a7-2a3d544e.jpg,rain,2,14.24,14,6,7,2,False,False
3b1e1bc1-ee64e36e.jpg,rain,2,16.18,3,1,6,3,False,False
3b44ef5a-c09e8479.jpg,rain,2,16.53,30,37,62,21,False,False
3b563c5e-0102edaf.jpg,rain,2,15.5,4,0,6,7,False,False
3b9716a6-d2566395.jpg,rain,2,19.16,4,75,1,4,False,False
3c0bbdc2-79baffce.jpg,rain,2,16.82,0,0,1,1,False,False
3c5752b6-9c0bdf98.jpg,rain,2,17.87,,,24,7,True,False
3c95ae26-68abac3f.jpg,rain,2,16.43,6,1,1,1,False,False
3e0f1745-a95a63ad.jpg,rain,2,14.5,0,1,6,11,False,False
3f4eb6a6-9eee52f9.jpg,rain,2,17.93,1,1,7,7,False,False
3f85a987-1ef4053b.jpg,rain,2,18.51,1,1,17,6,False,False
3fe1feaa-10126fec.jpg,rain,2,16.95,20,10,3,7,False,False
3ffdaa26-b394f6f8.jpg,rain,2,15.32,,,1,0,True,False
4027c10d-41d54e9b.jpg,rain,2,16.72,23,7,2,0,False,False
428e99ea-4166e549.jpg,rain,2,18.71,1,5,3,25,False,False
42e0dd11-74b81997.jpg,rain,2,21.06,,,29,18,True,False
430395d1-931c959e.jpg,rain,2,15.23,18,20,118,17,False,False
43126e0d-495d04a5.jpg,rain,2,15.9,3,1,1,0,False,False
43126e0d-cce96832.jpg,rain,2,16.98,34,2,40,8,False,False
432f9e20-83a0d96c.jpg,rain,2,15.52,3,1,1,2,False,False
43c7ed5c-b0690325.jpg,rain,2,17.75,0,0,2,2,False,False
44cc16d9-d2e06fd6.jpg,rain,2,15.17,12,2,27,8,False,False
45bafa98-1ee18a2f.jpg,rain,2,16.9,6,5,22,4,False,False
46d048a1-8f7f385c.jpg,rain,2,18.16,0,1,51,17,False,False
46f76df9-8bf77914.jpg,rain,2,15.91,1,1,23,2,False,False
480263a0-5aad7ae9.jpg,rain,2,16.05,15,5,8,5,False,False
488480d6-b94cf415.jpg,rain,2,15.0,26,16,1,1,False,False
48ed707e-5062e4c3.jpg,rain,2,17.68,43,3,30,6,False,False
4a289ff2-7da7feb6.jpg,rain,2,16.99,,,25,7,True,False
4a31f3e3-ac7ed780.jpg,rain,2,16.0,9,7,2,0,False,False
4b2e1dde-65b54419.jpg,rain,2,12.06,22,0,14,8,False,False
4d4a590b-4332c5ab.jpg,rain,2,20.66,10,4,6,5,False,False
5069db50-52f5af30.jpg,rain,2,20.61,3,2,11,4,False,False
50866f46-30d1f303.jpg,rain,2,16.68,19,1,9,4,False,False
50b115d6-4b08a666.jpg,rain,2,14.21,36,1,238,90,False,False
50b2e757-6c7d0f63.jpg,rain,2,18.49,1,0,3,1,False,False
50d0fd05-8db58ebd.jpg,rain,2,16.8,35,4,116,84,False,False
510671e9-603795e0.jpg,rain,2,15.95,3,25,3,2,False,False
514a6d58-0790e0cd.jpg,rain,2,16.52,1,1,18,2,False,False
5150bb50-300d52ce.jpg,rain,2,17.21,30,5,11,8,False,False
52799e9e-8c8673f3.jpg,rain,2,18.28,13,0,14,1,False,False
52bda346-fd8ac6e7.jpg,rain,2,15.7,1,0,5,0,False,False
534418ba-ee05398f.jpg,rain,2,15.74,1,0,7,2,False,False
54360b72-e00a3f70.jpg,rain,2,15.92,19,3,0,0,False,False
554d7cd5-a32486dd.jpg,rain,2,19.1,4,1,0,1,False,False
559fed19-7893646f.jpg,rain,2,17.03,9,13,99,26,False,False
57165857-e4d4a47f.jpg,rain,2,18.05,0,1,,,False,True
5795bfe7-a599384a.jpg,rain,2,16.27,25,3,4,9,False,False
57ac74e2-e86131f1.jpg,rain,2,17.74,0,1,12,7,False,False
57b495f2-6da6b1e5.jpg,rain,2,20.05,0,2,6,0,False,False
585443c8-2621a6b1.jpg,rain,2,18.61,8,2,42,9,False,False
5877b384-2545daf4.jpg,rain,2,16.03,3,6,1,0,False,False
587bb1bf-1aa00fe5.jpg,rain,2,17.39,15,4,5,3,False,False
5995c288-2d152172.jpg,rain,2,16.78,2,2,,,False,True
59cde7c7-344bffb1.jpg,rain,2,17.6,31,0,3,1,False,False
5a8f9b5d-1fdfd2d4.jpg,rain,2,13.75,15,17,49,238,False,False
5ae83f9c-da990b49.jpg,rain,2,16.21,4,1,6,7,False,False
5b2b4881-67a6cb87.jpg,rain,2,16.68,20,3,781,77,False,False
5b2fd56a-37759b05.jpg,rain,2,18.37,17,2,13,13,False,False
5b4b0b07-2fb56b82.jpg,rain,2,16.05,2,2,3,1,False,False
5bc44a50-c371c4d0.jpg,rain,2,14.05,105,14,1,0,False,False
5c4004b7-bf3b7941.jpg,rain,2,16.14,32,8,3,0,False,False
5c534f5f-a76c7f4b.jpg,rain,2,16.37,8,3,5,2,False,False
5c5dc708-35460444.jpg,rain,2,15.96,14,2,2,3,False,False
5da6c6b6-76c54605.jpg,rain,2,16.8,18,27,16,14,False,False
5dc5141c-5890b5b1.jpg,rain,2,15.54,5,1,22,6,False,False
5dd831da-bd00cf03.jpg,rain,2,17.13,1,1,17,16,False,False
5dfb063f-7bd23d5c.jpg,rain,2,19.64,7,3,9,4,False,False
5e0b701e-d443d8c2.jpg,rain,2,16.28,122,137,19,0,False,False
5e26f49d-0bc53c7e.jpg,rain,2,21.41,13,12,,,False,True
5e26f49d-9271bf00.jpg,rain,2,17.68,42,2,1,2,False,False
5e625ec3-7b4fc682.jpg,rain,2,17.86,0,1,4,5,False,False
5f9387ff-330136ae.jpg,rain,2,16.33,16,7,5,2,False,False
5fa17a25-88b8e6b9.jpg,rain,2,16.82,9,3,4,1,False,False
5fa422e1-2d8dd765.jpg,rain,2,15.08,2,1,13,1,False,False
5fb2a702-f56a339c.jpg,rain,2,16.03,4,3,49,2,False,False
6011831b-0992e205.jpg,rain,2,15.84,4,1,5,33,False,False
60137cc0-428b8f5b.jpg,rain,2,18.36,3,1,1,1,False,False
604b5b3e-3c2e6b6b.jpg,rain,2,17.33,17,10,5,12,False,False
6092f5a2-424550ba.jpg,rain,2,17.4,41,6,1,1,False,False
60ba25dd-6c0df417.jpg,rain,2,17.8,18,2,2,4,False,False
60c678e7-4813ae0f.jpg,rain,2,16.17,32,16,,,False,True
614ecada-16b0f8b6.jpg,rain,2,17.08,28,6,12,8,False,False
61e4ad87-53ceb455.jpg,rain,2,17.6,2,5,51,4,False,False
6240d7b3-b51b5788.jpg,rain,2,18.79,3,5,2,2,False,False
62aefb36-b685117f.jpg,rain,2,16.0,6,2,0,1,False,False
634c1785-3bb9a8a2.jpg,rain,2,17.04,8,2,0,1,False,False
634c1785-aeb1652f.jpg,rain,2,16.27,94,13,11,5,False,False
63f73472-028615f1.jpg,rain,2,16.52,55,19,7,8,False,False
6485ad0a-245d1600.jpg,rain,2,18.17,12,15,2,1,False,False
648dc925-e359dbec.jpg,rain,2,20.29,4,1,9,1,False,False
65edc5a1-f309fed7.jpg,rain,2,15.57,3,3,3,0,False,False
661381d9-1114a810.jpg,rain,2,16.2,11,8,2,4,False,False
664cb246-f84cfaf4.jpg,rain,2,15.22,13,9,0,0,False,False
675cf8fa-4b1ce8b9.jpg,rain,2,14.87,46,7,216,77,False,False
67faeadf-eb09a636.jpg,rain,2,16.31,,,11,3,True,False
691be377-5dbc29ee.jpg,rain,2,18.9,2,5,0,6,False,False
692f1303-05178963.jpg,rain,2,15.82,23,11,10,10,False,False
692f9b08-bdbbd729.jpg,rain,2,17.08,14,5,5,1,False,False
69bfbe31-5ee2a642.jpg,rain,2,17.37,4,6,7,1,False,False
69cf7667-68f59649.jpg,rain,2,17.06,0,2,10,7,False,False
69cf7667-7eb40860.jpg,rain,2,13.88,4,1,23,3,False,False
6a44fb9a-05a3dd18.jpg,rain,2,16.58,3,0,21,5,False,False
6a793e80-4f5e207f.jpg,rain,2,19.96,29,9,34,64,False,False
6a82c0d6-b31f6b90.jpg,rain,2,17.48,,,2,1,True,False
6a8d218d-14e4fa28.jpg,rain,2,19.68,6,8,15,3,False,False
6ad110c3-789e7724.jpg,rain,2,13.17,0,1,2,3,False,False
6b15392a-3a1699fd.jpg,rain,2,14.13,15,8,11,0,False,False
6b784eee-0a5a2c89.jpg,rain,2,17.54,6,0,3,0,False,False
6bb5a881-15e5c2c4.jpg,rain,2,19.57,3,9,11,3,False,False
6bd41587-d65ba5b4.jpg,rain,2,18.44,14,0,1,1,False,False
6d0d7bef-fb11b6e1.jpg,rain,2,18.16,49,21,1,1,False,False
6d57736c-a35808b9.jpg,rain,2,21.52,0,0,11,21,False,False
6d8a6d94-00a7ad92.jpg,rain,2,17.19,0,0,1,2,False,False
6eeed3fa-87a1b0c9.jpg,rain,2,17.01,6,3,9,4,False,False
701992bd-8a457895.jpg,rain,2,19.0,6,3,1,0,False,False
7171644d-4e74752e.jpg,rain,2,14.04,10,2,1,0,False,False
7171644d-ee92c71e.jpg,rain,2,16.21,9,1,5,4,False,False
72f22fa5-8af4615c.jpg,rain,2,16.16,2,4,14,2,False,False
72fd00fe-aeadfc89.jpg,rain,2,21.5,11,30,2,1,False,False
730c67a5-563e9b1f.jpg,rain,2,23.26,0,2,17,6,False,False
738a2bcd-7a6fde0d.jpg,rain,2,20.36,4,1,109,20,False,False
73aff960-d46366ec.jpg,rain,2,17.41,29,17,15,6,False,False
73d338d6-edf0b3db.jpg,rain,2,19.84,37,4,336,302,False,False
75ad1fff-77299093.jpg,rain,2,17.04,11,2,25,10,False,False
75f5f52c-6b67e736.jpg,rain,2,5.1,3,3,10,4,False,False
777005a8-14c739ad.jpg,rain,2,18.79,1,4,245,89,False,False
7771e03b-832e52c0.jpg,rain,2,19.36,,,21,1,True,False
7771e03b-a8f9d50c.jpg,rain,2,16.73,19,5,16,4,False,False
7797fea2-c37f9856.jpg,rain,2,16.47,15,5,9,4,False,False
77bdbeb0-edb0613f.jpg,rain,2,16.03,18,1,17,5,False,False
77dca577-16a39ea0.jpg,rain,2,16.81,4,0,15,20,False,False
77f810c4-43a39c1f.jpg,rain,2,16.6,14,1,23,8,False,False
7814206e-8e991d51.jpg,rain,2,19.14,3,0,2,0,False,False
7814206e-ea2508d0.jpg,rain,2,18.94,4,3,7,0,False,False
79e177bc-4d5d3acc.jpg,rain,2,17.58,2,0,2,1,False,False
7aa4ff0f-9d28d8a4.jpg,rain,2,19.66,1,2,6,23,False,False
7ad1174c-373265eb.jpg,rain,2,16.89,5,1,65,102,False,False
7b268b98-e0ec16c3.jpg,rain,2,19.18,3,1,40,11,False,False
7c5a2048-332896ea.jpg,rain,2,17.84,4,4,,,False,True
7c5d50c5-7292de37.jpg,rain,2,16.8,3,0,1,0,False,False
7d1fe115-936a2f47.jpg,rain,2,18.22,2,1,12,4,False,False
7dc2914d-a20a969a.jpg,rain,2,18.94,4,1,21,1,False,False
7e4ab78b-4a62c63e.jpg,rain,2,16.17,478,23,24,7,False,False
7e590c49-93f03732.jpg,rain,2,16.12,15,211,2,0,False,False
7ed57d0a-d7bcc13d.jpg,rain,2,15.88,41,8,2,6,False,False
7f0ef682-c93899df.jpg,rain,2,16.55,8,2,44,17,False,False
7f4ac354-777de900.jpg,rain,2,15.75,21,6,7,2,False,False
7f9bdf0d-c0e0061f.jpg,rain,2,14.97,2,1,0,3,False,False
7fd14da9-a855494b.jpg,rain,2,19.31,3,3,8,16,False,False
801bff84-a72998c7.jpg,rain,2,14.71,4,6,43,18,False,False
8073de38-f7eab6ec.jpg,rain,2,17.02,3,3,20,11,False,False
8082ea05-1a7bcd47.jpg,rain,2,16.41,6,6,2,4,False,False
80ecebc0-ca9605f4.jpg,rain,2,17.52,46,7,7,1,False,False
81ec3b39-1951f79e.jpg,rain,2,17.3,0,1,0,1,False,False
82b14c0c-79b99258.jpg,rain,2,16.97,57,18,1,1,False,False
82b5fc3b-90cadd1b.jpg,rain,2,14.08,9,6,2,4,False,False
82f03471-8e304dd5.jpg,rain,2,17.12,5,1,20,15,False,False
836fa13a-d6058a12.jpg,rain,2,19.47,40,15,18,8,False,False
84fb3f59-7d5d1fa4.jpg,rain,2,13.39,161,95,23,1,False,False
8542b4da-7795bcfd.jpg,rain,2,18.46,5,3,4,1,False,False
85f3f250-1fef85ac.jpg,rain,2,16.45,6,1,5,1,False,False
87ca2979-d5158824.jpg,rain,2,19.24,12,2,4,4,False,False
889b7dda-77f16103.jpg,rain,2,15.06,347,225,3,5,False,False
88dbf01a-d8b35dee.jpg,rain,2,16.67,23,2,6,1,False,False
897223bc-6938f1ab.jpg,rain,2,18.21,3,2,12,1,False,False
89b7454d-880eacbd.jpg,rain,2,16.59,6,4,28,1,False,False
89e85e71-7dd0a7b6.jpg,rain,2,15.16,7,6,10,8,False,False
8a4fbffe-47866ce9.jpg,rain,2,16.77,9,14,12,4,False,False
8a76c101-8bcefc32.jpg,rain,2,17.32,10,1,30,36,False,False
8b7ef6c4-6bbcf25f.jpg,rain,2,15.05,13,4,24,4,False,False
8bac644e-e0437ead.jpg,rain,2,18.05,25,12,26,18,False,False
8c94c649-8ba62efa.jpg,rain,2,16.32,3,2,11,1,False,False
8c9bbaa9-34934b66.jpg,rain,2,16.81,13,2,42,2,False,False
0049e5b8-725e21a0.jpg,rain,3,12.14,6,3,21,7,False,False
0081e27b-17bf4a9e.jpg,rain,3,12.85,9,12,23,6,False,False
00beeb02-50440dcd.jpg,rain,3,12.01,12,11,0,1,False,False
00d4b6b7-7d0a60bf.jpg,rain,3,12.3,,,,,True,True
01118704-2d838d7f.jpg,rain,3,14.0,16,6,19,8,False,False
0115917e-14907a6a.jpg,rain,3,12.26,15,3,21,8,False,False
02188a44-65ad27f3.jpg,rain,3,12.41,24,4,,,False,True
02494b7b-079febf8.jpg,rain,3,11.72,24,7,1,2,False,False
029ffd50-dc944dba.jpg,rain,3,11.09,6,1,35,9,False,False
0464a98b-860229d5.jpg,rain,3,13.07,36,20,17,12,False,False
051aadb7-51aad566.jpg,rain,3,13.41,0,2,26,9,False,False
051aadb7-e953bc4d.jpg,rain,3,9.97,3,0,3,7,False,False
05743a9b-747658e7.jpg,rain,3,14.99,237,24,1,3,False,False
057af272-6f700aef.jpg,rain,3,12.95,27,3,15,1,False,False
05d62296-30c620d5.jpg,rain,3,12.97,34,18,5,1,False,False
05e5a68e-f0e05a42.jpg,rain,3,11.12,81,37,5,10,False,False
05fa6494-8f436d04.jpg,rain,3,13.03,35,12,13,4,False,False
060039d9-5218402b.jpg,rain,3,13.07,8,5,2,1,False,False
064aa0d6-f75ff4d5.jpg,rain,3,12.73,1,1,1,1,False,False
07de5062-ddddcbd7.jpg,rain,3,16.51,0,3,3,5,False,False
088351d1-30833ddc.jpg,rain,3,11.33,32,0,61,4,False,False
08a49c01-675d3899.jpg,rain,3,13.23,5,5,1,2,False,False
08d4285a-4a25b9b6.jpg,rain,3,11.03,19,5,17,4,False,False
09ac21d6-eefa8ed0.jpg,rain,3,10.06,8,1,4,1,False,False
0a0a0b1a-7c39d841.jpg,rain,3,13.05,1,0,2,12,False,False
0af6039a-f3c91319.jpg,rain,3,12.56,11,14,6,4,False,False
0b2f5d0d-8fddc1fc.jpg,rain,3,10.36,0,1,39,8,False,False
0b4225f9-bfb10f88.jpg,rain,3,13.32,13,33,12,14,False,False
0ba08fe3-880ae118.jpg,rain,3,12.45,13,3,2,1,False,False
0c2f33b9-f94d69b5.jpg,rain,3,12.85,0,1,26,25,False,False
0c984e6d-2b5d7ee4.jpg,rain,3,13.13,21,5,1,3,False,False
0cb67a01-7cf1687e.jpg,rain,3,15.14,12,35,34,12,False,False
0cc6f3e8-b4c9e348.jpg,rain,3,12.65,2,0,4,5,False,False
0cf398b3-ce65ab64.jpg,rain,3,-1.78,1,3,105,9,False,False
0d3ec56a-f4cead6f.jpg,rain,3,13.54,3,4,7,2,False,False
0d61234a-542010b2.jpg,rain,3,8.35,23,4,8,4,False,False
0e442b65-b17e0b50.jpg,rain,3,14.68,1,1,24,2,False,False
0e5c7e92-0d9c60f0.jpg,rain,3,12.06,2,5,6,31,False,False
0f837def-9646c091.jpg,rain,3,13.33,0,3,11,2,False,False
0fba84f9-73b520ee.jpg,rain,3,13.1,0,1,22,6,False,False
101a0964-930eae70.jpg,rain,3,9.51,6,5,8,5,False,False
10389fe8-433c740c.jpg,rain,3,11.59,7,71,25,9,False,False
10453a95-40759ac3.jpg,rain,3,12.71,48,4,5,0,False,False
1072195f-0a161ade.jpg,rain,3,12.47,0,0,17,10,False,False
1072195f-6cf88b25.jpg,rain,3,13.31,10,4,15,11,False,False
11513e3d-150058c3.jpg,rain,3,12.64,1,1,81,9,False,False
1189ae68-1a8ad3c6.jpg,rain,3,14.4,8,3,31,3,False,False
12076ebb-c07285d7.jpg,rain,3,10.93,1,1,20,1,False,False
125134e5-7dfc45b9.jpg,rain,3,12.97,1,0,0,2,False,False
12ae9ab8-794f5adc.jpg,rain,3,12.0,46,45,5,13,False,False
13f61134-50021e53.jpg,rain,3,14.2,370,149,36,4,False,False
14eace5a-ddf3b303.jpg,rain,3,14.31,13,0,,,False,True
1608cfe7-32da2c5d.jpg,rain,3,12.27,,,43,9,True,False
162995f1-d2c7d259.jpg,rain,3,11.88,7,1,64,21,False,False
16b0973f-c07b564a.jpg,rain,3,11.52,83,44,5,2,False,False
1784d67b-6b223914.jpg,rain,3,13.1,17,3,3,0,False,False
1784d67b-d76145ce.jpg,rain,3,14.74,60,2,11,6,False,False
188c58f3-792afc71.jpg,rain,3,11.22,12,5,147,26,False,False
193f7f3b-84bc7998.jpg,rain,3,13.52,27,7,1,10,False,False
194058b0-ac0616a6.jpg,rain,3,12.17,1,27,19,67,False,False
19e56249-09c4bbc6.jpg,rain,3,14.82,,,,,True,True
1a71faae-d5f255fd.jpg,rain,3,13.97,7,0,1,2,False,False
1a8992a7-da5a8510.jpg,rain,3,12.28,45,2,15,4,False,False
1ac0178c-0b259360.jpg,rain,3,15.22,,,,,True,True
1b30f76f-95aa8a06.jpg,rain,3,13.68,5,6,14,12,False,False
1bda5a26-420ceea6.jpg,rain,3,12.35,7,3,9,8,False,False
1bf7f3d2-15f95138.jpg,rain,3,12.63,10,8,3,4,False,False
1c227a12-10e5552c.jpg,rain,3,14.41,2,0,6,21,False,False
1c227a12-ec67af93.jpg,rain,3,13.78,5,4,,,False,True
1c5e9657-2e2a2863.jpg,rain,3,11.97,47,2,18,2,False,False
1cb2a89b-4594573e.jpg,rain,3,12.92,16,2,29,1,False,False
1cf54809-c6daa5a9.jpg,rain,3,10.61,229,99,9,2,False,False
1d5e05f8-5020f67d.jpg,rain,3,12.01,7,3,0,0,False,False
1e57ae90-806bc767.jpg,rain,3,14.0,12,17,10,20,False,False
1f959fdd-6ff63d34.jpg,rain,3,13.48,23,14,45,2,False,False
1fa65acf-d43367bc.jpg,rain,3,11.36,19,2,16,3,False,False
20cfadfa-47711496.jpg,rain,3,12.78,36,110,6,17,False,False
20cfadfa-6f87fdc1.jpg,rain,3,13.64,12,2,2,7,False,False
225a1858-0e3a4b04.jpg,rain,3,11.28,13,0,,,False,True
22be2f14-59fbdca0.jpg,rain,3,13.19,12,4,8,5,False,False
23333f35-0cbc3f0f.jpg,rain,3,12.89,56,24,20,8,False,False
23df146f-64b50e4c.jpg,rain,3,14.65,4,3,0,0,False,False
24392d7c-998011c2.jpg,rain,3,12.9,31,17,,,False,True
250e7595-b14da270.jpg,rain,3,12.68,9,15,5,1,False,False
26190b83-39ccb412.jpg,rain,3,12.33,,,12,1,True,False
272d52f6-8aac36b3.jpg,rain,3,9.39,16,1,11,3,False,False
2752681a-e813599a.jpg,rain,3,12.93,3,1,1,0,False,False
27645526-f038b033.jpg,rain,3,10.39,8,5,1,4,False,False
2773af6f-23e23a6b.jpg,rain,3,12.09,3,4,19,5,False,False
28faf684-03ef4c6e.jpg,rain,3,14.27,8,0,1,1,False,False
292720ee-d847ee69.jpg,rain,3,16.78,14,6,4,1,False,False
2b54fe2d-c5b810e6.jpg,rain,3,12.39,12,8,17,4,False,False
2b605c48-8dfe352b.jpg,rain,3,13.08,0,0,1,2,False,False
2beccce2-354608e2.jpg,rain,3,12.99,1,0,3,72,False,False
2c87e51d-aa7a8031.jpg,rain,3,13.88,,,,,True,True
2ce0b449-e818dc97.jpg,rain,3,15.17,19,1,,,False,True
2cf976a2-479cd46b.jpg,rain,3,11.64,2,0,13,14,False,False
2e2fae77-b7497ca0.jpg,rain,3,12.47,6,2,13,4,False,False
2ead8042-2493c03f.jpg,rain,3,10.07,1,1,5,1,False,False
2f1864c1-1a17d11c.jpg,rain,3,10.38,18,13,13,7,False,False
2f879dc0-b09e4824.jpg,rain,3,12.57,20,5,2,0,False,False
2fc9ad1e-ee4c9e43.jpg,rain,3,13.32,4,2,4,0,False,False
3050b249-0ffbd6ec.jpg,rain,3,14.67,25,0,236,117,False,False
314cc010-3eab5c90.jpg,rain,3,13.75,,,4,4,True,False
31765c6b-90b0d612.jpg,rain,3,13.59,6,2,6,2,False,False
31cf6eba-5c84c636.jpg,rain,3,9.62,1,2,1,9,False,False
32de2244-122f1783.jpg,rain,3,14.85,10,2,10,3,False,False
33420085-32996107.jpg,rain,3,16.05,1,2,27,4,False,False
3430a5e6-00ec38d2.jpg,rain,3,2.92,14,7,,,False,True
35eb46d0-8f7e28a0.jpg,rain,3,15.42,25,8,1,4,False,False
3735fc3d-69d8b80c.jpg,rain,3,14.64,17,15,,,False,True
3740cd4f-ff1d423d.jpg,rain,3,10.65,3,17,4,4,False,False
375abba2-9f2ed56c.jpg,rain,3,13.18,6,1,13,1,False,False
37723e55-31730cf5.jpg,rain,3,11.58,4,3,21,0,False,False
380a3f8e-ba4f0def.jpg,rain,3,17.32,11,1,7,1,False,False
385b0f61-1aee12ef.jpg,rain,3,11.1,14,12,1,0,False,False
3865fea7-b4fe472d.jpg,rain,3,11.95,18,8,0,2,False,False
38e561dd-8ea8ae2d.jpg,rain,3,12.33,11,2,10,2,False,False
38ed8d8d-93c48de2.jpg,rain,3,14.12,7,3,12,14,False,False
38ed8d8d-b1c230ef.jpg,rain,3,13.45,13,6,27,4,False,False
38ed8d8d-fa50400c.jpg,rain,3,12.59,13,1,6,20,False,False
3900ad8c-8834019f.jpg,rain,3,11.38,,,9,5,True,False
39ddb110-04604b9c.jpg,rain,3,11.24,5,2,10,4,False,False
39fc6d1c-6155351d.jpg,rain,3,13.01,,,23,8,True,False
3a278d39-b92df256.jpg,rain,3,12.56,8,3,252,304,False,False
3a3407a2-df8ea956.jpg,rain,3,9.3,15,12,3,1,False,False
3ad0c4a7-2a3d544e.jpg,rain,3,10.51,27,7,21,1,False,False
3b1e1bc1-ee64e36e.jpg,rain,3,12.33,3,1,1,2,False,False
3b44ef5a-c09e8479.jpg,rain,3,12.2,38,7,85,84,False,False
3b563c5e-0102edaf.jpg,rain,3,11.51,17,3,0,2,False,False
3b9716a6-d2566395.jpg,rain,3,14.87,4,28,4,2,False,False
3c0bbdc2-79baffce.jpg,rain,3,13.32,0,0,0,0,False,False
3c5752b6-9c0bdf98.jpg,rain,3,13.65,,,30,26,True,False
3c95ae26-68abac3f.jpg,rain,3,12.65,8,4,3,1,False,False
3e0f1745-a95a63ad.jpg,rain,3,10.76,13,0,14,10,False,False
3f4eb6a6-9eee52f9.jpg,rain,3,13.67,26,1,8,1,False,False
3f85a987-1ef4053b.jpg,rain,3,13.93,9,12,5,2,False,False
3fe1feaa-10126fec.jpg,rain,3,13.13,32,1,6,18,False,False
3ffdaa26-b394f6f8.jpg,rain,3,11.14,15,5,2,2,False,False
4027c10d-41d54e9b.jpg,rain,3,12.27,23,7,13,0,False,False
428e99ea-4166e549.jpg,rain,3,14.8,9,19,20,15,False,False
42e0dd11-74b81997.jpg,rain,3,16.67,19,3,18,2,False,False
430395d1-931c959e.jpg,rain,3,11.72,25,17,87,9,False,False
43126e0d-495d04a5.jpg,rain,3,11.93,6,3,11,2,False,False
43126e0d-cce96832.jpg,rain,3,12.56,46,2,45,7,False,False
432f9e20-83a0d96c.jpg,rain,3,11.3,2,0,0,1,False,False
43c7ed5c-b0690325.jpg,rain,3,13.26,0,0,6,1,False,False
44cc16d9-d2e06fd6.jpg,rain,3,10.7,17,4,32,8,False,False
45bafa98-1ee18a2f.jpg,rain,3,12.59,0,2,6,1,False,False
46d048a1-8f7f385c.jpg,rain,3,13.49,1,1,1,0,False,False
46f76df9-8bf77914.jpg,rain,3,12.21,4,1,33,7,False,False
480263a0-5aad7ae9.jpg,rain,3,12.07,3,3,13,66,False,False
488480d6-b94cf415.jpg,rain,3,11.55,20,11,3,4,False,False
48ed707e-5062e4c3.jpg,rain,3,13.6,41,2,30,6,False,False
4a289ff2-7da7feb6.jpg,rain,3,13.09,,,96,193,True,False
4a31f3e3-ac7ed780.jpg,rain,3,12.51,3,2,12,15,False,False
4b2e1dde-65b54419.jpg,rain,3,8.57,22,1,10,5,False,False
4d4a590b-4332c5ab.jpg,rain,3,16.13,26,7,,,False,True
5069db50-52f5af30.jpg,rain,3,16.25,4,3,5,1,False,False
50866f46-30d1f303.jpg,rain,3,12.71,3,2,5,2,False,False
50b115d6-4b08a666.jpg,rain,3,10.12,23,4,2,1,False,False
50b2e757-6c7d0f63.jpg,rain,3,13.99,4,1,1,3,False,False
50d0fd05-8db58ebd.jpg,rain,3,12.41,1,0,,,False,True
510671e9-603795e0.jpg,rain,3,11.85,26,106,13,2,False,False
514a6d58-0790e0cd.jpg,rain,3,12.81,8,18,19,1,False,False
5150bb50-300d52ce.jpg,rain,3,13.65,12,15,12,8,False,False
52799e9e-8c8673f3.jpg,rain,3,14.34,2,0,10,0,False,False
52bda346-fd8ac6e7.jpg,rain,3,11.44,1,1,3,4,False,False
534418ba-ee05398f.jpg,rain,3,11.86,21,3,421,58,False,False
54360b72-e00a3f70.jpg,rain,3,12.05,244,16,0,10,False,False
554d7cd5-a32486dd.jpg,rain,3,14.82,6,1,19,8,False,False
559fed19-7893646f.jpg,rain,3,13.03,8,12,1,0,False,False
57165857-e4d4a47f.jpg,rain,3,13.81,5,1,,,False,True
5795bfe7-a599384a.jpg,rain,3,12.29,66,33,0,0,False,False
57ac74e2-e86131f1.jpg,rain,3,13.53,307,175,11,5,False,False
57b495f2-6da6b1e5.jpg,rain,3,15.67,3,2,33,2,False,False
585443c8-2621a6b1.jpg,rain,3,14.41,5,2,52,11,False,False
5877b384-2545daf4.jpg,rain,3,12.24,4,1,3,1,False,False
587bb1bf-1aa00fe5.jpg,rain,3,12.92,20,5,2,0,False,False
5995c288-2d152172.jpg,rain,3,12.72,1,2,,,False,True
59cde7c7-344bffb1.jpg,rain,3,13.01,41,5,,,False,True
5a8f9b5d-1fdfd2d4.jpg,rain,3,11.06,19,9,14,13,False,False
5ae83f9c-da990b49.jpg,rain,3,12.42,0,1,6,6,False,False
5b2b4881-67a6cb87.jpg,rain,3,12.21,14,4,6,0,False,False
5b2fd56a-37759b05.jpg,rain,3,14.51,43,4,19,22,False,False
5b4b0b07-2fb56b82.jpg,rain,3,12.07,3,2,3,0,False,False
5bc44a50-c371c4d0.jpg,rain,3,10.25,43,6,15,2,False,False
5c4004b7-bf3b7941.jpg,rain,3,11.92,20,5,15,2,False,False
5c534f5f-a76c7f4b.jpg,rain,3,12.75,8,4,5,4,False,False
5c5dc708-35460444.jpg,rain,3,11.9,33,11,44,4,False,False
5da6c6b6-76c54605.jpg,rain,3,12.78,4,2,4,1,False,False
5dc5141c-5890b5b1.jpg,rain,3,11.66,13,1,25,1,False,False
5dd831da-bd00cf03.jpg,rain,3,13.33,14,32,13,4,False,False
5dfb063f-7bd23d5c.jpg,rain,3,15.17,7,2,4,0,False,False
5e0b701e-d443d8c2.jpg,rain,3,12.63,67,23,22,1,False,False
5e26f49d-0bc53c7e.jpg,rain,3,16.62,9,18,,,False,True
5e26f49d-9271bf00.jpg,rain,3,12.97,17,1,1,0,False,False
5e625ec3-7b4fc682.jpg,rain,3,13.91,0,1,5,7,False,False
5f9387ff-330136ae.jpg,rain,3,12.41,14,4,7,2,False,False
5fa17a25-88b8e6b9.jpg,rain,3,12.37,6,5,5,5,False,False
5fa422e1-2d8dd765.jpg,rain,3,10.88,11,2,16,8,False,False
5fb2a702-f56a339c.jpg,rain,3,12.47,1,0,23,1,False,False
6011831b-0992e205.jpg,rain,3,12.23,9,11,11,11,False,False
60137cc0-428b8f5b.jpg,rain,3,14.07,1,0,28,6,False,False
604b5b3e-3c2e6b6b.jpg,rain,3,13.42,2,0,6,12,False,False
6092f5a2-424550ba.jpg,rain,3,13.51,29,3,1,2,False,False
60ba25dd-6c0df417.jpg,rain,3,13.32,22,2,2,6,False,False
60c678e7-4813ae0f.jpg,rain,3,11.84,2,19,,,False,True
614ecada-16b0f8b6.jpg,rain,3,13.13,31,6,7,4,False,False
61e4ad87-53ceb455.jpg,rain,3,13.13,5,1,42,11,False,False
6240d7b3-b51b5788.jpg,rain,3,14.49,0,0,59,2,False,False
62aefb36-b685117f.jpg,rain,3,12.34,3,4,0,1,False,False
634c1785-3bb9a8a2.jpg,rain,3,13.13,2,2,5,1,False,False
634c1785-aeb1652f.jpg,rain,3,12.45,4,2,11,8,False,False
63f73472-028615f1.jpg,rain,3,12.74,30,6,8,6,False,False
6485ad0a-245d1600.jpg,rain,3,14.19,16,23,1,3,False,False
648dc925-e359dbec.jpg,rain,3,15.99,17,6,16,1,False,False
65edc5a1-f309fed7.jpg,rain,3,11.87,6,1,4,2,False,False
661381d9-1114a810.jpg,rain,3,11.87,18,4,12,3,False,False
664cb246-f84cfaf4.jpg,rain,3,11.27,8,11,12,4,False,False
675cf8fa-4b1ce8b9.jpg,rain,3,10.68,19,4,55,16,False,False
67faeadf-eb09a636.jpg,rain,3,11.97,4,5,1,1,False,False
691be377-5dbc29ee.jpg,rain,3,14.85,0,5,1,5,False,False
692f1303-05178963.jpg,rain,3,12.28,40,1,9,5,False,False
692f9b08-bdbbd729.jpg,rain,3,13.59,16,5,19,6,False,False
69bfbe31-5ee2a642.jpg,rain,3,13.17,7,2,4,1,False,False
69cf7667-68f59649.jpg,rain,3,13.36,14,5,2,0,False,False
69cf7667-7eb40860.jpg,rain,3,10.45,38,10,20,3,False,False
6a44fb9a-05a3dd18.jpg,rain,3,13.01,7,1,1,0,False,False
6a793e80-4f5e207f.jpg,rain,3,15.56,44,14,36,7,False,False
6a82c0d6-b31f6b90.jpg,rain,3,13.58,,,1,1,True,False
6a8d218d-14e4fa28.jpg,rain,3,15.3,8,8,12,3,False,False
6ad110c3-789e7724.jpg,rain,3,9.39,2,6,2,0,False,False
6b15392a-3a1699fd.jpg,rain,3,10.78,14,10,7,6,False,False
6b784eee-0a5a2c89.jpg,rain,3,13.67,11,0,9,5,False,False
6bb5a881-15e5c2c4.jpg,rain,3,15.43,3,10,16,16,False,False
6bd41587-d65ba5b4.jpg,rain,3,14.0,32,9,16,3,False,False
6d0d7bef-fb11b6e1.jpg,rain,3,14.08,59,14,1,1,False,False
6d57736c-a35808b9.jpg,rain,3,17.02,4,11,2,5,False,False
6d8a6d94-00a7ad92.jpg,rain,3,13.33,4,2,41,19,False,False
6eeed3fa-87a1b0c9.jpg,rain,3,13.05,70,4,1,1,False,False
701992bd-8a457895.jpg,rain,3,14.55,21,3,23,8,False,False
7171644d-4e74752e.jpg,rain,3,10.08,13,2,13,1,False,False
7171644d-ee92c71e.jpg,rain,3,11.94,31,5,27,14,False,False
72f22fa5-8af4615c.jpg,rain,3,12.62,29,2,2,1,False,False
72fd00fe-aeadfc89.jpg,rain,3,17.13,20,40,12,13,False,False
730c67a5-563e9b1f.jpg,rain,3,18.44,15,15,,,False,True
738a2bcd-7a6fde0d.jpg,rain,3,15.64,5,1,0,0,False,False
73aff960-d46366ec.jpg,rain,3,12.88,1,0,12,3,False,False
73d338d6-edf0b3db.jpg,rain,3,15.49,36,6,34,253,False,False
75ad1fff-77299093.jpg,rain,3,13.01,10,0,14,9,False,False
75f5f52c-6b67e736.jpg,rain,3,1.16,6,3,34,14,False,False
777005a8-14c739ad.jpg,rain,3,14.34,11,6,417,242,False,False
7771e03b-832e52c0.jpg,rain,3,14.95,,,63,6,True,False
7771e03b-a8f9d50c.jpg,rain,3,12.3,6,5,5,0,False,False
7797fea2-c37f9856.jpg,rain,3,12.89,51,7,7,3,False,False
77bdbeb0-edb0613f.jpg,rain,3,12.37,30,5,11,2,False,False
77dca577-16a39ea0.jpg,rain,3,12.96,20,10,9,14,False,False
77f810c4-43a39c1f.jpg,rain,3,12.75,13,1,18,6,False,False
7814206e-8e991d51.jpg,rain,3,14.7,1,0,6,0,False,False
7814206e-ea2508d0.jpg,rain,3,14.45,0,3,13,1,False,False
79e177bc-4d5d3acc.jpg,rain,3,12.95,2,1,1,1,False,False
7aa4ff0f-9d28d8a4.jpg,rain,3,15.29,2,2,0,28,False,False
7ad1174c-373265eb.jpg,rain,3,12.65,,,5,11,True,False
7b268b98-e0ec16c3.jpg,rain,3,14.8,7,0,4,0,False,False
7c5a2048-332896ea.jpg,rain,3,13.88,2,0,,,False,True
7c5d50c5-7292de37.jpg,rain,3,12.79,10,1,23,4,False,False
7d1fe115-936a2f47.jpg,rain,3,14.07,8,0,25,11,False,False
7dc2914d-a20a969a.jpg,rain,3,14.88,8,9,20,1,False,False
7e4ab78b-4a62c63e.jpg,rain,3,12.01,32,20,,,False,True
7e590c49-93f03732.jpg,rain,3,11.81,,,1,1,True,False
7ed57d0a-d7bcc13d.jpg,rain,3,12.44,144,24,37,31,False,False
7f0ef682-c93899df.jpg,rain,3,12.09,605,55,98,14,False,False
7f4ac354-777de900.jpg,rain,3,11.65,21,6,0,2,False,False
7f9bdf0d-c0e0061f.jpg,rain,3,10.98,20,2,3,2,False,False
7fd14da9-a855494b.jpg,rain,3,15.13,2,2,4,39,False,False
801bff84-a72998c7.jpg,rain,3,10.88,3,4,0,1,False,False
8073de38-f7eab6ec.jpg,rain,3,12.9,2,4,8,7,False,False
8082ea05-1a7bcd47.jpg,rain,3,12.75,2,5,1,3,False,False
80ecebc0-ca9605f4.jpg,rain,3,13.17,46,8,0,1,False,False
81ec3b39-1951f79e.jpg,rain,3,13.37,7,1,8,2,False,False
82b14c0c-79b99258.jpg,rain,3,12.58,66,11,0,0,False,False
82b5fc3b-90cadd1b.jpg,rain,3,10.14,12,13,4,4,False,False
82f03471-8e304dd5.jpg,rain,3,12.77,4,5,20,13,False,False
836fa13a-d6058a12.jpg,rain,3,15.01,41,12,22,10,False,False
84fb3f59-7d5d1fa4.jpg,rain,3,9.6,102,59,22,1,False,False
8542b4da-7795bcfd.jpg,rain,3,14.27,2,2,11,3,False,False
85f3f250-1fef85ac.jpg,rain,3,12.32,6,3,0,1,False,False
87ca2979-d5158824.jpg,rain,3,14.72,4,1,4,3,False,False
889b7dda-77f16103.jpg,rain,3,10.9,13,11,7,6,False,False
88dbf01a-d8b35dee.jpg,rain,3,12.55,9,3,11,9,False,False
897223bc-6938f1ab.jpg,rain,3,13.51,1,2,21,6,False,False
89b7454d-880eacbd.jpg,rain,3,13.02,11,2,17,7,False,False
89e85e71-7dd0a7b6.jpg,rain,3,11.22,2,2,5,10,False,False
8a4fbffe-47866ce9.jpg,rain,3,12.5,15,30,33,9,False,False
8a76c101-8bcefc32.jpg,rain,3,13.17,4,49,16,24,False,False
8b7ef6c4-6bbcf25f.jpg,rain,3,11.51,7,4,0,1,False,False
8bac644e-e0437ead.jpg,rain,3,13.88,4,25,89,38,False,False
8c94c649-8ba62efa.jpg,rain,3,12.04,35,5,19,6,False,False
8c9bbaa9-34934b66.jpg,rain,3,12.41,15,3,26,5,False,False
0049e5b8-725e21a0.jpg,rain,4,9.95,12,5,1,1,False,False
0081e27b-17bf4a9e.jpg,rain,4,10.5,95,166,6,0,False,False
00beeb02-50440dcd.jpg,rain,4,9.6,13,11,11,0,False,False
00d4b6b7-7d0a60bf.jpg,rain,4,9.88,,,,,True,True
01118704-2d838d7f.jpg,rain,4,11.42,2,16,29,9,False,False
0115917e-14907a6a.jpg,rain,4,9.91,2,1,32,9,False,False
02188a44-65ad27f3.jpg,rain,4,9.79,8,6,,,False,True
02494b7b-079febf8.jpg,rain,4,9.21,28,13,3,10,False,False
029ffd50-dc944dba.jpg,rain,4,8.69,28,7,35,9,False,False
0464a98b-860229d5.jpg,rain,4,10.54,24,17,5,7,False,False
051aadb7-51aad566.jpg,rain,4,11.22,0,9,,,False,True
051aadb7-e953bc4d.jpg,rain,4,7.78,5,7,3,4,False,False
05743a9b-747658e7.jpg,rain,4,12.56,222,5,2,4,False,False
057af272-6f700aef.jpg,rain,4,10.48,2,4,5,2,False,False
05d62296-30c620d5.jpg,rain,4,10.44,100,16,1,0,False,False
05e5a68e-f0e05a42.jpg,rain,4,9.07,89,11,9,4,False,False
05fa6494-8f436d04.jpg,rain,4,10.4,25,6,16,7,False,False
060039d9-5218402b.jpg,rain,4,10.49,6,0,2,1,False,False
064aa0d6-f75ff4d5.jpg,rain,4,10.52,34,9,0,1,False,False
07de5062-ddddcbd7.jpg,rain,4,13.83,14,19,3,6,False,False
088351d1-30833ddc.jpg,rain,4,8.97,40,3,53,155,False,False
08a49c01-675d3899.jpg,rain,4,10.88,1,11,6,12,False,False
08d4285a-4a25b9b6.jpg,rain,4,8.61,8,4,21,0,False,False
09ac21d6-eefa8ed0.jpg,rain,4,7.51,21,7,27,6,False,False
0a0a0b1a-7c39d841.jpg,rain,4,10.81,0,0,9,1,False,False
0af6039a-f3c91319.jpg,rain,4,10.17,5,14,0,0,False,False
0b2f5d0d-8fddc1fc.jpg,rain,4,8.1,1,1,24,9,False,False
0b4225f9-bfb10f88.jpg,rain,4,11.04,5,8,14,20,False,False
0ba08fe3-880ae118.jpg,rain,4,10.05,31,8,6,0,False,False
0c2f33b9-f94d69b5.jpg,rain,4,10.4,6,2,10,10,False,False
0c984e6d-2b5d7ee4.jpg,rain,4,10.73,21,6,26,2,False,False
0cb67a01-7cf1687e.jpg,rain,4,12.55,71,64,,,False,True
0cc6f3e8-b4c9e348.jpg,rain,4,10.25,3,0,5,2,False,False
0cf398b3-ce65ab64.jpg,rain,4,-4.09,8,1,1,2,False,False
0d3ec56a-f4cead6f.jpg,rain,4,11.06,14,1,14,6,False,False
0d61234a-542010b2.jpg,rain,4,5.83,23,5,14,4,False,False
0e442b65-b17e0b50.jpg,rain,4,12.09,0,2,14,1,False,False
0e5c7e92-0d9c60f0.jpg,rain,4,9.59,36,42,7,8,False,False
0f837def-9646c091.jpg,rain,4,11.04,14,1,0,0,False,False
0fba84f9-73b520ee.jpg,rain,4,10.76,1,0,10,4,False,False
101a0964-930eae70.jpg,rain,4,7.33,5,3,7,5,False,False
10389fe8-433c740c.jpg,rain,4,9.0,11,81,37,9,False,False
10453a95-40759ac3.jpg,rain,4,10.48,27,2,4,1,False,False
1072195f-0a161ade.jpg,rain,4,10.14,1,0,27,17,False,False
1072195f-6cf88b25.jpg,rain,4,10.96,2,2,0,0,False,False
11513e3d-150058c3.jpg,rain,4,10.36,7,4,1,1,False,False
1189ae68-1a8ad3c6.jpg,rain,4,12.03,9,4,31,3,False,False
12076ebb-c07285d7.jpg,rain,4,8.53,4,0,20,1,False,False
125134e5-7dfc45b9.jpg,rain,4,10.69,2,0,9,2,False,False
12ae9ab8-794f5adc.jpg,rain,4,9.89,10,8,5,16,False,False
13f61134-50021e53.jpg,rain,4,11.7,18,14,,,False,True
14eace5a-ddf3b303.jpg,rain,4,11.74,13,1,10,8,False,False
1608cfe7-32da2c5d.jpg,rain,4,9.66,,,23,2,True,False
162995f1-d2c7d259.jpg,rain,4,9.78,5,3,34,18,False,False
16b0973f-c07b564a.jpg,rain,4,8.98,18,15,4,2,False,False
1784d67b-6b223914.jpg,rain,4,10.78,11,2,5,3,False,False
1784d67b-d76145ce.jpg,rain,4,12.13,56,1,6,4,False,False
188c58f3-792afc71.jpg,rain,4,8.66,8,9,141,7,False,False
193f7f3b-84bc7998.jpg,rain,4,10.98,25,2,25,9,False,False
194058b0-ac0616a6.jpg,rain,4,9.78,0,15,,,False,True
19e56249-09c4bbc6.jpg,rain,4,12.44,,,,,True,True
1a71faae-d5f255fd.jpg,rain,4,11.45,20,2,1,6,False,False
1a8992a7-da5a8510.jpg,rain,4,9.78,44,1,17,5,False,False
1ac0178c-0b259360.jpg,rain,4,12.79,,,,,True,True
1b30f76f-95aa8a06.jpg,rain,4,11.45,4,3,171,12,False,False
1bda5a26-420ceea6.jpg,rain,4,10.08,14,2,1,4,False,False
1bf7f3d2-15f95138.jpg,rain,4,10.4,24,15,20,5,False,False
1c227a12-10e5552c.jpg,rain,4,12.04,9,9,5,24,False,False
1c227a12-ec67af93.jpg,rain,4,11.41,3,1,,,False,True
1c5e9657-2e2a2863.jpg,rain,4,9.37,,,13,3,True,False
1cb2a89b-4594573e.jpg,rain,4,10.43,22,5,0,1,False,False
1cf54809-c6daa5a9.jpg,rain,4,8.2,2,1,2,2,False,False
1d5e05f8-5020f67d.jpg,rain,4,9.9,10,5,1,7,False,False
1e57ae90-806bc767.jpg,rain,4,11.87,5,5,10,21,False,False
1f959fdd-6ff63d34.jpg,rain,4,10.98,21,15,31,2,False,False
1fa65acf-d43367bc.jpg,rain,4,8.91,21,1,2,3,False,False
20cfadfa-47711496.jpg,rain,4,10.46,6,7,3,31,False,False
20cfadfa-6f87fdc1.jpg,rain,4,11.37,4,1,2,3,False,False
225a1858-0e3a4b04.jpg,rain,4,8.9,337,20,22,1,False,False
22be2f14-59fbdca0.jpg,rain,4,10.77,9,3,2,0,False,False
23333f35-0cbc3f0f.jpg,rain,4,10.78,97,3,7,4,False,False
23df146f-64b50e4c.jpg,rain,4,12.3,12,4,1,0,False,False
24392d7c-998011c2.jpg,rain,4,10.63,,,,,True,True
250e7595-b14da270.jpg,rain,4,10.36,7,10,11,1,False,False
26190b83-39ccb412.jpg,rain,4,9.77,2,4,4,3,False,False
272d52f6-8aac36b3.jpg,rain,4,6.98,13,1,339,67,False,False
2752681a-e813599a.jpg,rain,4,10.79,107,104,15,4,False,False
27645526-f038b033.jpg,rain,4,8.02,13,18,872,332,False,False
2773af6f-23e23a6b.jpg,rain,4,9.54,1,1,23,4,False,False
28faf684-03ef4c6e.jpg,rain,4,11.72,6,1,1,0,False,False
292720ee-d847ee69.jpg,rain,4,14.16,14,7,17,3,False,False
2b54fe2d-c5b810e6.jpg,rain,4,9.76,11,4,15,6,False,False
2b605c48-8dfe352b.jpg,rain,4,10.56,16,4,2,0,False,False
2beccce2-354608e2.jpg,rain,4,10.47,21,2,15,123,False,False
2c87e51d-aa7a8031.jpg,rain,4,11.7,,,,,True,True
2ce0b449-e818dc97.jpg,rain,4,12.39,18,1,43,4,False,False
2cf976a2-479cd46b.jpg,rain,4,9.15,18,8,23,11,False,False
2e2fae77-b7497ca0.jpg,rain,4,9.88,15,1,1,3,False,False
2ead8042-2493c03f.jpg,rain,4,7.87,24,4,1,0,False,False
2f1864c1-1a17d11c.jpg,rain,4,8.06,6,6,6,1,False,False
2f879dc0-b09e4824.jpg,rain,4,10.36,62,33,25,4,False,False
2fc9ad1e-ee4c9e43.jpg,rain,4,11.03,178,4,1,2,False,False
3050b249-0ffbd6ec.jpg,rain,4,12.08,16,1,6,0,False,False
314cc010-3eab5c90.jpg,rain,4,11.19,,,0,0,True,False
31765c6b-90b0d612.jpg,rain,4,10.94,0,0,12,5,False,False
31cf6eba-5c84c636.jpg,rain,4,7.23,36,9,17,4,False,False
32de2244-122f1783.jpg,rain,4,12.41,3,1,10,3,False,False
33420085-32996107.jpg,rain,4,13.64,12,4,29,13,False,False
3430a5e6-00ec38d2.jpg,rain,4,0.56,20,15,71,16,False,False
35eb46d0-8f7e28a0.jpg,rain,4,12.84,1,1,3,3,False,False
3735fc3d-69d8b80c.jpg,rain,4,12.05,30,62,,,False,True
3740cd4f-ff1d423d.jpg,rain,4,8.1,7,2,23,5,False,False
375abba2-9f2ed56c.jpg,rain,4,10.82,3,0,42,5,False,False
37723e55-31730cf5.jpg,rain,4,9.04,34,12,20,1,False,False
380a3f8e-ba4f0def.jpg,rain,4,14.71,6,1,18,4,False,False
385b0f61-1aee12ef.jpg,rain,4,8.84,11,14,4,0,False,False
3865fea7-b4fe472d.jpg,rain,4,9.66,13,105,21,19,False,False
38e561dd-8ea8ae2d.jpg,rain,4,9.82,10,2,23,6,False,False
38ed8d8d-93c48de2.jpg,rain,4,11.59,10,4,41,31,False,False
38ed8d8d-b1c230ef.jpg,rain,4,11.05,29,4,13,1,False,False
38ed8d8d-fa50400c.jpg,rain,4,10.14,13,1,22,21,False,False
3900ad8c-8834019f.jpg,rain,4,8.95,,,20,13,True,False
39ddb110-04604b9c.jpg,rain,4,8.81,586,21,6,7,False,False
39fc6d1c-6155351d.jpg,rain,4,10.61,21,2,23,14,False,False
3a278d39-b92df256.jpg,rain,4,10.41,5,3,45,51,False,False
3a3407a2-df8ea956.jpg,rain,4,7.04,17,14,23,3,False,False
3ad0c4a7-2a3d544e.jpg,rain,4,8.21,89,51,3,0,False,False
3b1e1bc1-ee64e36e.jpg,rain,4,9.96,3,2,0,1,False,False
3b44ef5a-c09e8479.jpg,rain,4,9.65,72,14,,,False,True
3b563c5e-0102edaf.jpg,rain,4,9.11,20,8,6,6,False,False
3b9716a6-d2566395.jpg,rain,4,12.36,211,210,22,24,False,False
3c0bbdc2-79baffce.jpg,rain,4,11.03,0,1,11,1,False,False
3c5752b6-9c0bdf98.jpg,rain,4,11.13,,,112,30,True,False
3c95ae26-68abac3f.jpg,rain,4,10.28,12,4,55,16,False,False
3e0f1745-a95a63ad.jpg,rain,4,8.45,16,4,2,13,False,False
3f4eb6a6-9eee52f9.jpg,rain,4,11.16,4,0,21,42,False,False
3f85a987-1ef4053b.jpg,rain,4,11.26,2,2,4,5,False,False
3fe1feaa-10126fec.jpg,rain,4,10.83,11,4,,,False,True
3ffdaa26-b394f6f8.jpg,rain,4,8.66,47,11,2,5,False,False
4027c10d-41d54e9b.jpg,rain,4,9.67,5,1,2,1,False,False
428e99ea-4166e549.jpg,rain,4,12.42,51,5,2,29,False,False
42e0dd11-74b81997.jpg,rain,4,14.13,15,7,18,2,False,False
430395d1-931c959e.jpg,rain,4,9.53,36,24,89,9,False,False
43126e0d-495d04a5.jpg,rain,4,9.56,4,1,30,1,False,False
43126e0d-cce96832.jpg,rain,4,10.0,26,1,35,8,False,False
432f9e20-83a0d96c.jpg,rain,4,8.81,2,2,1,7,False,False
43c7ed5c-b0690325.jpg,rain,4,10.67,0,1,0,1,False,False
44cc16d9-d2e06fd6.jpg,rain,4,8.19,11,1,2,1,False,False
45bafa98-1ee18a2f.jpg,rain,4,10.03,2,4,9,3,False,False
46d048a1-8f7f385c.jpg,rain,4,10.82,0,1,0,2,False,False
46f76df9-8bf77914.jpg,rain,4,9.96,14,2,17,5,False,False
480263a0-5aad7ae9.jpg,rain,4,9.65,1,3,11,42,False,False
488480d6-b94cf415.jpg,rain,4,9.38,13,10,5,2,False,False
48ed707e-5062e4c3.jpg,rain,4,11.19,,,13,7,True,False
4a289ff2-7da7feb6.jpg,rain,4,10.78,,,269,109,True,False
4a31f3e3-ac7ed780.jpg,rain,4,10.3,1,4,29,15,False,False
4b2e1dde-65b54419.jpg,rain,4,6.38,12,1,18,10,False,False
4d4a590b-4332c5ab.jpg,rain,4,13.56,16,3,,,False,True
5069db50-52f5af30.jpg,rain,4,13.72,8,4,11,5,False,False
50866f46-30d1f303.jpg,rain,4,10.3,7,5,9,4,False,False
50b115d6-4b08a666.jpg,rain,4,7.72,36,2,236,77,False,False
50b2e757-6c7d0f63.jpg,rain,4,11.39,2,1,,,False,True
50d0fd05-8db58ebd.jpg,rain,4,9.86,1,0,,,False,True
510671e9-603795e0.jpg,rain,4,9.43,8,36,15,3,False,False
514a6d58-0790e0cd.jpg,rain,4,10.5,4,9,34,3,False,False
5150bb50-300d52ce.jpg,rain,4,11.46,0,0,23,13,False,False
52799e9e-8c8673f3.jpg,rain,4,11.97,9,3,18,1,False,False
52bda346-fd8ac6e7.jpg,rain,4,8.94,8,16,4,4,False,False
534418ba-ee05398f.jpg,rain,4,9.52,21,3,5,0,False,False
54360b72-e00a3f70.jpg,rain,4,9.69,7,1,2,0,False,False
554d7cd5-a32486dd.jpg,rain,4,12.34,9,1,8,5,False,False
559fed19-7893646f.jpg,rain,4,10.62,145,41,24,11,False,False
57165857-e4d4a47f.jpg,rain,4,11.34,2,2,,,False,True
5795bfe7-a599384a.jpg,rain,4,9.91,29,5,1,0,False,False
57ac74e2-e86131f1.jpg,rain,4,11.02,,,8,14,True,False
57b495f2-6da6b1e5.jpg,rain,4,13.12,2,3,24,2,False,False
585443c8-2621a6b1.jpg,rain,4,11.94,18,1,50,10,False,False
5877b384-2545daf4.jpg,rain,4,9.94,2,4,1,1,False,False
587bb1bf-1aa00fe5.jpg,rain,4,10.33,10,2,4,3,False,False
5995c288-2d152172.jpg,rain,4,10.29,1,0,,,False,True
59cde7c7-344bffb1.jpg,rain,4,10.43,60,8,,,False,True
5a8f9b5d-1fdfd2d4.jpg,rain,4,9.23,15,10,12,8,False,False
5ae83f9c-da990b49.jpg,rain,4,10.1,3,0,13,11,False,False
5b2b4881-67a6cb87.jpg,rain,4,9.59,10,7,1,1,False,False
5b2fd56a-37759b05.jpg,rain,4,12.17,261,193,0,33,False,False
5b4b0b07-2fb56b82.jpg,rain,4,9.67,0,0,1,2,False,False
5bc44a50-c371c4d0.jpg,rain,4,7.95,43,2,8,3,False,False
5c4004b7-bf3b7941.jpg,rain,4,9.43,25,3,4,2,False,False
5c534f5f-a76c7f4b.jpg,rain,4,10.51,8,3,1,2,False,False
5c5dc708-35460444.jpg,rain,4,9.44,19,3,2,0,False,False
5da6c6b6-76c54605.jpg,rain,4,10.37,16,25,5,1,False,False
5dc5141c-5890b5b1.jpg,rain,4,9.27,21,0,21,6,False,False
5dd831da-bd00cf03.jpg,rain,4,11.01,10,6,0,66,False,False
5dfb063f-7bd23d5c.jpg,rain,4,12.58,5,4,3,2,False,False
5e0b701e-d443d8c2.jpg,rain,4,10.38,65,59,9,4,False,False
5e26f49d-0bc53c7e.jpg,rain,4,13.94,0,5,,,False,True
5e26f49d-9271bf00.jpg,rain,4,10.28,83,6,1,1,False,False
5e625ec3-7b4fc682.jpg,rain,4,11.58,0,0,2,6,False,False
5f9387ff-330136ae.jpg,rain,4,10.04,16,5,5,2,False,False
5fa17a25-88b8e6b9.jpg,rain,4,9.81,3,2,7,6,False,False
5fa422e1-2d8dd765.jpg,rain,4,8.39,9,2,16,8,False,False
5fb2a702-f56a339c.jpg,rain,4,10.27,15,3,1,2,False,False
6011831b-0992e205.jpg,rain,4,9.97,11,28,4,17,False,False
60137cc0-428b8f5b.jpg,rain,4,11.57,2,0,12,3,False,False
604b5b3e-3c2e6b6b.jpg,rain,4,11.05,42,8,1,1,False,False
6092f5a2-424550ba.jpg,rain,4,11.12,41,7,6,5,False,False
60ba25dd-6c0df417.jpg,rain,4,10.76,37,3,0,0,False,False
60c678e7-4813ae0f.jpg,rain,4,9.28,18,5,,,False,True
614ecada-16b0f8b6.jpg,rain,4,10.71,34,3,5,0,False,False
61e4ad87-53ceb455.jpg,rain,4,10.55,30,15,16,6,False,False
6240d7b3-b51b5788.jpg,rain,4,11.94,10,4,47,4,False,False
62aefb36-b685117f.jpg,rain,4,10.03,7,4,1,1,False,False
634c1785-3bb9a8a2.jpg,rain,4,10.74,7,3,2,1,False,False
634c1785-aeb1652f.jpg,rain,4,10.09,147,58,11,6,False,False
63f73472-028615f1.jpg,rain,4,10.42,25,42,2,1,False,False
6485ad0a-245d1600.jpg,rain,4,11.77,21,1,2,6,False,False
648dc925-e359dbec.jpg,rain,4,13.51,0,0,14,2,False,False
65edc5a1-f309fed7.jpg,rain,4,9.58,11,5,1,0,False,False
661381d9-1114a810.jpg,rain,4,9.35,12,8,8,3,False,False
664cb246-f84cfaf4.jpg,rain,4,8.91,1,1,11,4,False,False
675cf8fa-4b1ce8b9.jpg,rain,4,8.21,7,4,19,4,False,False
67faeadf-eb09a636.jpg,rain,4,9.47,3,5,0,0,False,False
691be377-5dbc29ee.jpg,rain,4,12.49,5,12,2,1,False,False
692f1303-05178963.jpg,rain,4,10.07,20,12,14,5,False,False
692f9b08-bdbbd729.jpg,rain,4,11.37,21,11,29,7,False,False
69bfbe31-5ee2a642.jpg,rain,4,10.69,57,5,25,10,False,False
69cf7667-68f59649.jpg,rain,4,11.1,12,10,2,1,False,False
69cf7667-7eb40860.jpg,rain,4,8.35,3,0,0,0,False,False
6a44fb9a-05a3dd18.jpg,rain,4,10.79,7,2,22,5,False,False
6a793e80-4f5e207f.jpg,rain,4,13.0,13,6,30,62,False,False
6a82c0d6-b31f6b90.jpg,rain,4,11.2,2,21,5,12,False,False
6a8d218d-14e4fa28.jpg,rain,4,12.76,9,5,4,1,False,False
6ad110c3-789e7724.jpg,rain,4,7.08,10,8,5,2,False,False
6b15392a-3a1699fd.jpg,rain,4,8.59,3,4,13,6,False,False
6b784eee-0a5a2c89.jpg,rain,4,11.28,21,3,31,14,False,False
6bb5a881-15e5c2c4.jpg,rain,4,13.02,2,6,30,7,False,False
6bd41587-d65ba5b4.jpg,rain,4,11.36,7,1,60,20,False,False
6d0d7bef-fb11b6e1.jpg,rain,4,11.65,267,22,6,5,False,False
6d57736c-a35808b9.jpg,rain,4,14.57,1,0,1,4,False,False
6d8a6d94-00a7ad92.jpg,rain,4,10.99,0,1,1,3,False,False
6eeed3fa-87a1b0c9.jpg,rain,4,10.66,50,1,7,4,False,False
701992bd-8a457895.jpg,rain,4,11.99,12,4,1,1,False,False
7171644d-4e74752e.jpg,rain,4,7.71,13,1,9,8,False,False
7171644d-ee92c71e.jpg,rain,4,9.44,6,0,16,8,False,False
72f22fa5-8af4615c.jpg,rain,4,10.44,139,10,29,5,False,False
72fd00fe-aeadfc89.jpg,rain,4,14.62,20,45,16,21,False,False
730c67a5-563e9b1f.jpg,rain,4,15.79,27,5,,,False,True
738a2bcd-7a6fde0d.jpg,rain,4,13.02,3,0,66,14,False,False
73aff960-d46366ec.jpg,rain,4,10.3,1,1,13,1,False,False
73d338d6-edf0b3db.jpg,rain,4,12.94,45,2,,,False,True
75ad1fff-77299093.jpg,rain,4,10.62,56,6,1,2,False,False
75f5f52c-6b67e736.jpg,rain,4,-1.19,3,8,45,19,False,False
777005a8-14c739ad.jpg,rain,4,11.77,8,3,238,60,False,False
7771e03b-832e52c0.jpg,rain,4,12.42,,,20,14,True,False
7771e03b-a8f9d50c.jpg,rain,4,9.72,16,19,45,6,False,False
7797fea2-c37f9856.jpg,rain,4,10.64,52,9,8,4,False,False
77bdbeb0-edb0613f.jpg,rain,4,10.1,26,1,4,6,False,False
77dca577-16a39ea0.jpg,rain,4,10.63,0,2,21,19,False,False
77f810c4-43a39c1f.jpg,rain,4,10.42,0,0,44,12,False,False
7814206e-8e991d51.jpg,rain,4,12.15,0,0,4,1,False,False
7814206e-ea2508d0.jpg,rain,4,11.87,11,8,5,4,False,False
79e177bc-4d5d3acc.jpg,rain,4,10.31,2,0,5,3,False,False
7aa4ff0f-9d28d8a4.jpg,rain,4,12.75,2,4,12,35,False,False
7ad1174c-373265eb.jpg,rain,4,10.16,,,,,True,True
7b268b98-e0ec16c3.jpg,rain,4,12.21,7,0,2,8,False,False
7c5a2048-332896ea.jpg,rain,4,11.47,6,2,1,2,False,False
7c5d50c5-7292de37.jpg,rain,4,10.4,23,2,1,0,False,False
7d1fe115-936a2f47.jpg,rain,4,11.59,8,1,30,16,False,False
7dc2914d-a20a969a.jpg,rain,4,12.4,9,2,6,2,False,False
7e4ab78b-4a62c63e.jpg,rain,4,9.52,172,44,,,False,True
7e590c49-93f03732.jpg,rain,4,9.26,236,170,0,0,False,False
7ed57d0a-d7bcc13d.jpg,rain,4,10.27,51,4,86,17,False,False
7f0ef682-c93899df.jpg,rain,4,9.49,3,1,129,12,False,False
7f4ac354-777de900.jpg,rain,4,9.21,2,2,2,0,False,False
7f9bdf0d-c0e0061f.jpg,rain,4,8.56,20,2,26,6,False,False
7fd14da9-a855494b.jpg,rain,4,12.64,13,5,29,107,False,False
801bff84-a72998c7.jpg,rain,4,8.5,19,11,21,4,False,False
8073de38-f7eab6ec.jpg,rain,4,10.48,13,8,13,10,False,False
8082ea05-1a7bcd47.jpg,rain,4,10.48,1,2,9,5,False,False
80ecebc0-ca9605f4.jpg,rain,4,10.65,4,4,4,0,False,False
81ec3b39-1951f79e.jpg,rain,4,11.01,24,7,4,3,False,False
82b14c0c-79b99258.jpg,rain,4,10.04,83,8,15,3,False,False
82b5fc3b-90cadd1b.jpg,rain,4,7.75,7,11,7,7,False,False
82f03471-8e304dd5.jpg,rain,4,10.25,14,2,7,3,False,False
836fa13a-d6058a12.jpg,rain,4,12.48,1,3,22,11,False,False
84fb3f59-7d5d1fa4.jpg,rain,4,7.27,2,1,27,1,False,False
8542b4da-7795bcfd.jpg,rain,4,11.81,2,1,10,3,False,False
85f3f250-1fef85ac.jpg,rain,4,9.85,5,1,4,1,False,False
87ca2979-d5158824.jpg,rain,4,12.11,4,2,9,5,False,False
889b7dda-77f16103.jpg,rain,4,8.44,8,11,2,0,False,False
88dbf01a-d8b35dee.jpg,rain,4,10.08,7,1,4,2,False,False
897223bc-6938f1ab.jpg,rain,4,10.83,2,2,53,267,False,False
89b7454d-880eacbd.jpg,rain,4,10.79,50,17,29,0,False,False
89e85e71-7dd0a7b6.jpg,rain,4,8.84,9,65,23,22,False,False
8a4fbffe-47866ce9.jpg,rain,4,10.01,16,18,,,False,True
8a76c101-8bcefc32.jpg,rain,4,10.74,,,6,37,True,False
8b7ef6c4-6bbcf25f.jpg,rain,4,9.29,22,5,31,5,False,False
8bac644e-e0437ead.jpg,rain,4,11.4,516,468,30,16,False,False
8c94c649-8ba62efa.jpg,rain,4,9.51,10,0,2,1,False,False
8c9bbaa9-34934b66.jpg,rain,4,9.8,28,2,42,3,False,False
0049e5b8-725e21a0.jpg,rain,5,8.36,9,5,4,2,False,False
0081e27b-17bf4a9e.jpg,rain,5,8.77,15,25,8,9,False,False
00beeb02-50440dcd.jpg,rain,5,7.86,20,23,2,0,False,False
00d4b6b7-7d0a60bf.jpg,rain,5,8.16,,,,,True,True
01118704-2d838d7f.jpg,rain,5,9.62,1,2,33,14,False,False
0115917e-14907a6a.jpg,rain,5,8.21,14,2,18,7,False,False
02188a44-65ad27f3.jpg,rain,5,7.94,16,10,,,False,True
02494b7b-079febf8.jpg,rain,5,7.39,5,5,19,7,False,False
029ffd50-dc944dba.jpg,rain,5,6.95,10,0,35,10,False,False
0464a98b-860229d5.jpg,rain,5,8.74,14,6,1,0,False,False
051aadb7-51aad566.jpg,rain,5,9.61,0,1,2,7,False,False
051aadb7-e953bc4d.jpg,rain,5,6.16,2,4,4,5,False,False
05743a9b-747658e7.jpg,rain,5,10.82,212,34,2,11,False,False
057af272-6f700aef.jpg,rain,5,8.7,28,26,16,1,False,False
05d62296-30c620d5.jpg,rain,5,8.62,24,1,1,0,False,False
05e5a68e-f0e05a42.jpg,rain,5,7.55,109,5,7,8,False,False
05fa6494-8f436d04.jpg,rain,5,8.51,25,0,16,1,False,False
060039d9-5218402b.jpg,rain,5,8.64,29,6,2,2,False,False
064aa0d6-f75ff4d5.jpg,rain,5,8.91,8,3,1,2,False,False
07de5062-ddddcbd7.jpg,rain,5,11.9,,,4,41,True,False
088351d1-30833ddc.jpg,rain,5,7.25,39,0,92,113,False,False
08a49c01-675d3899.jpg,rain,5,9.21,6,12,5,1,False,False
08d4285a-4a25b9b6.jpg,rain,5,6.87,28,9,11,1,False,False
09ac21d6-eefa8ed0.jpg,rain,5,5.67,12,3,14,0,False,False
0a0a0b1a-7c39d841.jpg,rain,5,9.15,0,0,7,4,False,False
0af6039a-f3c91319.jpg,rain,5,8.43,10,9,0,1,False,False
0b2f5d0d-8fddc1fc.jpg,rain,5,6.44,7,0,11,3,False,False
0b4225f9-bfb10f88.jpg,rain,5,9.38,20,71,16,17,False,False
0ba08fe3-880ae118.jpg,rain,5,8.3,13,4,11,4,False,False
0c2f33b9-f94d69b5.jpg,rain,5,8.64,4,0,25,19,False,False
0c984e6d-2b5d7ee4.jpg,rain,5,8.98,19,7,9,46,False,False
0cb67a01-7cf1687e.jpg,rain,5,10.75,16,14,,,False,True
0cc6f3e8-b4c9e348.jpg,rain,5,8.52,9,5,1,0,False,False
0cf398b3-ce65ab64.jpg,rain,5,-5.78,6,2,41,1,False,False
0d3ec56a-f4cead6f.jpg,rain,5,9.29,41,12,14,7,False,False
0d61234a-542010b2.jpg,rain,5,4.01,23,3,6,4,False,False
0e442b65-b17e0b50.jpg,rain,5,10.28,26,3,5,0,False,False
0e5c7e92-0d9c60f0.jpg,rain,5,7.82,17,19,6,3,False,False
0f837def-9646c091.jpg,rain,5,9.37,30,7,1,0,False,False
0fba84f9-73b520ee.jpg,rain,5,9.04,44,10,5,1,False,False
101a0964-930eae70.jpg,rain,5,5.72,1,1,1,0,False,False
10389fe8-433c740c.jpg,rain,5,7.16,57,67,,,False,True
10453a95-40759ac3.jpg,rain,5,8.85,51,3,14,1,False,False
1072195f-0a161ade.jpg,rain,5,8.45,3,6,18,0,False,False
1072195f-6cf88b25.jpg,rain,5,9.24,14,5,2,6,False,False
11513e3d-150058c3.jpg,rain,5,8.68,7,5,156,28,False,False
1189ae68-1a8ad3c6.jpg,rain,5,10.32,2,1,31,4,False,False
12076ebb-c07285d7.jpg,rain,5,6.8,1,1,21,1,False,False
125134e5-7dfc45b9.jpg,rain,5,9.01,1,0,4,13,False,False
12ae9ab8-794f5adc.jpg,rain,5,8.36,34,48,1,6,False,False
13f61134-50021e53.jpg,rain,5,9.94,86,10,57,3,False,False
14eace5a-ddf3b303.jpg,rain,5,9.95,5,3,22,3,False,False
1608cfe7-32da2c5d.jpg,rain,5,7.82,,,41,8,True,False
162995f1-d2c7d259.jpg,rain,5,8.23,30,88,31,21,False,False
16b0973f-c07b564a.jpg,rain,5,7.15,14,8,9,4,False,False
1784d67b-6b223914.jpg,rain,5,9.09,8,1,17,6,False,False
1784d67b-d76145ce.jpg,rain,5,10.29,56,10,21,0,False,False
188c58f3-792afc71.jpg,rain,5,6.84,14,1,376,13,False,False
193f7f3b-84bc7998.jpg,rain,5,9.21,13,4,10,2,False,False
194058b0-ac0616a6.jpg,rain,5,8.05,1,8,,,False,True
19e56249-09c4bbc6.jpg,rain,5,10.8,,,,,True,True
1a71faae-d5f255fd.jpg,rain,5,9.66,13,2,2,19,False,False
1a8992a7-da5a8510.jpg,rain,5,7.97,42,3,19,6,False,False
1ac0178c-0b259360.jpg,rain,5,11.11,,,,,True,True
1b30f76f-95aa8a06.jpg,rain,5,9.86,9,9,8,5,False,False
1bda5a26-420ceea6.jpg,rain,5,8.41,1,0,4,0,False,False
1bf7f3d2-15f95138.jpg,rain,5,8.75,3,2,29,2,False,False
1c227a12-10e5552c.jpg,rain,5,10.32,10,6,2,4,False,False
1c227a12-ec67af93.jpg,rain,5,9.71,8,7,11,3,False,False
1c5e9657-2e2a2863.jpg,rain,5,7.52,,,20,2,True,False
1cb2a89b-4594573e.jpg,rain,5,8.61,7,0,7,1,False,False
1cf54809-c6daa5a9.jpg,rain,5,6.46,2,1,34,46,False,False
1d5e05f8-5020f67d.jpg,rain,5,8.32,18,1,5,5,False,False
1e57ae90-806bc767.jpg,rain,5,10.29,7,3,5,10,False,False
1f959fdd-6ff63d34.jpg,rain,5,9.23,1,2,5,3,False,False
1fa65acf-d43367bc.jpg,rain,5,7.13,121,19,24,3,False,False
20cfadfa-47711496.jpg,rain,5,8.76,2,13,32,32,False,False
20cfadfa-6f87fdc1.jpg,rain,5,9.73,4,4,0,4,False,False
225a1858-0e3a4b04.jpg,rain,5,7.16,90,8,,,False,True
22be2f14-59fbdca0.jpg,rain,5,9.04,6,1,1,1,False,False
23333f35-0cbc3f0f.jpg,rain,5,9.23,114,15,140,236,False,False
23df146f-64b50e4c.jpg,rain,5,10.62,15,7,1,1,False,False
24392d7c-998011c2.jpg,rain,5,8.99,,,,,True,True
250e7595-b14da270.jpg,rain,5,8.69,3,0,6,1,False,False
26190b83-39ccb412.jpg,rain,5,7.94,21,13,7,0,False,False
272d52f6-8aac36b3.jpg,rain,5,5.24,23,0,4,2,False,False
2752681a-e813599a.jpg,rain,5,9.21,161,141,14,4,False,False
27645526-f038b033.jpg,rain,5,6.3,7,8,6,16,False,False
2773af6f-23e23a6b.jpg,rain,5,7.71,3,5,30,6,False,False
28faf684-03ef4c6e.jpg,rain,5,9.9,7,2,1,0,False,False
292720ee-d847ee69.jpg,rain,5,12.35,0,1,2,2,False,False
2b54fe2d-c5b810e6.jpg,rain,5,7.92,16,2,28,12,False,False
2b605c48-8dfe352b.jpg,rain,5,8.76,10,12,15,3,False,False
2beccce2-354608e2.jpg,rain,5,8.67,29,13,63,32,False,False
2c87e51d-aa7a8031.jpg,rain,5,10.12,,,,,True,True
2ce0b449-e818dc97.jpg,rain,5,10.53,26,3,63,5,False,False
2cf976a2-479cd46b.jpg,rain,5,7.37,1,3,23,11,False,False
2e2fae77-b7497ca0.jpg,rain,5,8.05,11,4,4,8,False,False
2ead8042-2493c03f.jpg,rain,5,6.24,24,4,3,0,False,False
2f1864c1-1a17d11c.jpg,rain,5,6.35,10,7,17,7,False,False
2f879dc0-b09e4824.jpg,rain,5,8.77,9,3,13,2,False,False
2fc9ad1e-ee4c9e43.jpg,rain,5,9.38,1,10,2,2,False,False
3050b249-0ffbd6ec.jpg,rain,5,10.25,,,480,207,True,False
314cc010-3eab5c90.jpg,rain,5,9.4,53,23,1,1,False,False
31765c6b-90b0d612.jpg,rain,5,9.06,9,1,14,4,False,False
31cf6eba-5c84c636.jpg,rain,5,5.48,6,1,17,6,False,False
32de2244-122f1783.jpg,rain,5,10.63,32,4,11,3,False,False
33420085-32996107.jpg,rain,5,11.94,9,7,22,26,False,False
3430a5e6-00ec38d2.jpg,rain,5,-1.17,11,8,34,11,False,False
35eb46d0-8f7e28a0.jpg,rain,5,11.05,0,1,1,3,False,False
3735fc3d-69d8b80c.jpg,rain,5,10.23,,,,,True,True
3740cd4f-ff1d423d.jpg,rain,5,6.26,6,21,32,2,False,False
375abba2-9f2ed56c.jpg,rain,5,9.11,2,0,121,31,False,False
37723e55-31730cf5.jpg,rain,5,7.21,,,19,3,True,False
380a3f8e-ba4f0def.jpg,rain,5,12.93,6,2,10,4,False,False
385b0f61-1aee12ef.jpg,rain,5,7.2,40,55,,,False,True
3865fea7-b4fe472d.jpg,rain,5,7.98,85,145,2,2,False,False
38e561dd-8ea8ae2d.jpg,rain,5,8.04,10,2,2,1,False,False
38ed8d8d-93c48de2.jpg,rain,5,9.78,8,4,12,5,False,False
38ed8d8d-b1c230ef.jpg,rain,5,9.31,33,4,9,2,False,False
38ed8d8d-fa50400c.jpg,rain,5,8.38,15,1,17,22,False,False
3900ad8c-8834019f.jpg,rain,5,7.22,565,696,18,10,False,False
39ddb110-04604b9c.jpg,rain,5,7.06,24,2,26,16,False,False
39fc6d1c-6155351d.jpg,rain,5,8.89,7,7,36,16,False,False
3a278d39-b92df256.jpg,rain,5,8.81,13,7,35,42,False,False
3a3407a2-df8ea956.jpg,rain,5,5.38,32,17,6,1,False,False
3ad0c4a7-2a3d544e.jpg,rain,5,6.51,59,38,23,2,False,False
3b1e1bc1-ee64e36e.jpg,rain,5,8.25,5,5,0,3,False,False
3b44ef5a-c09e8479.jpg,rain,5,7.83,51,12,82,83,False,False
3b563c5e-0102edaf.jpg,rain,5,7.38,17,33,2,3,False,False
3b9716a6-d2566395.jpg,rain,5,10.59,136,18,5,6,False,False
3c0bbdc2-79baffce.jpg,rain,5,9.34,17,8,6,1,False,False
3c5752b6-9c0bdf98.jpg,rain,5,9.39,114,102,82,35,False,False
3c95ae26-68abac3f.jpg,rain,5,8.57,7,3,6,5,False,False
3e0f1745-a95a63ad.jpg,rain,5,6.76,39,13,3,11,False,False
3f4eb6a6-9eee52f9.jpg,rain,5,9.34,1,5,193,19,False,False
3f85a987-1ef4053b.jpg,rain,5,9.38,2,2,6,1,False,False
3fe1feaa-10126fec.jpg,rain,5,9.15,,,,,True,True
3ffdaa26-b394f6f8.jpg,rain,5,6.87,,,3,8,True,False
4027c10d-41d54e9b.jpg,rain,5,7.82,8,2,7,4,False,False
428e99ea-4166e549.jpg,rain,5,10.71,95,1,2,10,False,False
42e0dd11-74b81997.jpg,rain,5,12.36,5,0,29,17,False,False
430395d1-931c959e.jpg,rain,5,7.9,28,24,9,10,False,False
43126e0d-495d04a5.jpg,rain,5,7.85,4,2,1,0,False,False
43126e0d-cce96832.jpg,rain,5,8.18,36,2,47,2,False,False
432f9e20-83a0d96c.jpg,rain,5,6.99,2,5,0,7,False,False
43c7ed5c-b0690325.jpg,rain,5,8.82,0,0,37,8,False,False
44cc16d9-d2e06fd6.jpg,rain,5,6.4,22,4,5,0,False,False
45bafa98-1ee18a2f.jpg,rain,5,8.21,0,3,22,10,False,False
46d048a1-8f7f385c.jpg,rain,5,8.97,0,0,52,17,False,False
46f76df9-8bf77914.jpg,rain,5,8.33,5,1,22,3,False,False
480263a0-5aad7ae9.jpg,rain,5,7.91,6,12,2,37,False,False
488480d6-b94cf415.jpg,rain,5,7.77,13,4,14,4,False,False
48ed707e-5062e4c3.jpg,rain,5,9.47,86,83,,,False,True
4a289ff2-7da7feb6.jpg,rain,5,9.15,,,95,195,True,False
4a31f3e3-ac7ed780.jpg,rain,5,8.67,12,2,31,18,False,False
4b2e1dde-65b54419.jpg,rain,5,4.74,28,1,18,13,False,False
4d4a590b-4332c5ab.jpg,rain,5,11.76,4,3,4,1,False,False
5069db50-52f5af30.jpg,rain,5,11.93,6,6,11,7,False,False
50866f46-30d1f303.jpg,rain,5,8.57,41,5,4,1,False,False
50b115d6-4b08a666.jpg,rain,5,5.97,26,7,4,1,False,False
50b2e757-6c7d0f63.jpg,rain,5,9.56,1,1,,,False,True
50d0fd05-8db58ebd.jpg,rain,5,8.06,29,101,7,5,False,False
510671e9-603795e0.jpg,rain,5,7.69,1,5,5,7,False,False
514a6d58-0790e0cd.jpg,rain,5,8.82,,,32,13,True,False
5150bb50-300d52ce.jpg,rain,5,9.87,8,6,5,1,False,False
52799e9e-8c8673f3.jpg,rain,5,10.26,4,4,2,2,False,False
52bda346-fd8ac6e7.jpg,rain,5,7.15,0,1,10,3,False,False
534418ba-ee05398f.jpg,rain,5,7.81,25,9,17,3,False,False
54360b72-e00a3f70.jpg,rain,5,7.97,251,30,12,4,False,False
554d7cd5-a32486dd.jpg,rain,5,10.57,4,4,15,13,False,False
559fed19-7893646f.jpg,rain,5,8.91,307,93,2,1,False,False
57165857-e4d4a47f.jpg,rain,5,9.59,0,0,,,False,True
5795bfe7-a599384a.jpg,rain,5,8.19,21,4,47,221,False,False
57ac74e2-e86131f1.jpg,rain,5,9.24,,,22,13,True,False
57b495f2-6da6b1e5.jpg,rain,5,11.31,30,2,59,5,False,False
585443c8-2621a6b1.jpg,rain,5,10.16,17,1,49,8,False,False
5877b384-2545daf4.jpg,rain,5,8.26,28,1,4,3,False,False
587bb1bf-1aa00fe5.jpg,rain,5,8.51,15,4,2,1,False,False
5995c288-2d152172.jpg,rain,5,8.54,2,3,,,False,True
59cde7c7-344bffb1.jpg,rain,5,8.59,9,5,,,False,True
5a8f9b5d-1fdfd2d4.jpg,rain,5,7.85,9,5,14,187,False,False
5ae83f9c-da990b49.jpg,rain,5,8.41,9,3,8,2,False,False
5b2b4881-67a6cb87.jpg,rain,5,7.73,8,1,9,1,False,False
5b2fd56a-37759b05.jpg,rain,5,10.54,282,189,,,False,True
5b4b0b07-2fb56b82.jpg,rain,5,7.95,3,0,24,2,False,False
5bc44a50-c371c4d0.jpg,rain,5,6.24,19,3,0,0,False,False
5c4004b7-bf3b7941.jpg,rain,5,7.64,31,9,2,2,False,False
5c534f5f-a76c7f4b.jpg,rain,5,8.89,14,7,4,4,False,False
5c5dc708-35460444.jpg,rain,5,7.65,87,1,19,3,False,False
5da6c6b6-76c54605.jpg,rain,5,8.62,,,24,19,True,False
5dc5141c-5890b5b1.jpg,rain,5,7.5,21,1,26,6,False,False
5dd831da-bd00cf03.jpg,rain,5,9.32,2,3,4,13,False,False
5dfb063f-7bd23d5c.jpg,rain,5,10.77,6,2,13,6,False,False
5e0b701e-d443d8c2.jpg,rain,5,8.72,2,102,5,3,False,False
5e26f49d-0bc53c7e.jpg,rain,5,12.13,0,31,,,False,True
5e26f49d-9271bf00.jpg,rain,5,8.41,4,3,0,2,False,False
5e625ec3-7b4fc682.jpg,rain,5,9.91,18,11,3,8,False,False
5f9387ff-330136ae.jpg,rain,5,8.3,2,2,7,2,False,False
5fa17a25-88b8e6b9.jpg,rain,5,8.03,1,1,8,8,False,False
5fa422e1-2d8dd765.jpg,rain,5,6.62,11,0,17,8,False,False
5fb2a702-f56a339c.jpg,rain,5,8.64,14,3,1,1,False,False
6011831b-0992e205.jpg,rain,5,8.32,10,23,4,10,False,False
60137cc0-428b8f5b.jpg,rain,5,9.8,10,1,59,14,False,False
604b5b3e-3c2e6b6b.jpg,rain,5,9.36,15,5,6,13,False,False
6092f5a2-424550ba.jpg,rain,5,9.42,41,6,1,1,False,False
60ba25dd-6c0df417.jpg,rain,5,8.95,109,27,3,4,False,False
60c678e7-4813ae0f.jpg,rain,5,7.49,15,1,,,False,True
614ecada-16b0f8b6.jpg,rain,5,8.96,25,4,7,5,False,False
61e4ad87-53ceb455.jpg,rain,5,8.75,16,6,23,0,False,False
6240d7b3-b51b5788.jpg,rain,5,10.13,3,5,32,1,False,False
62aefb36-b685117f.jpg,rain,5,8.35,5,3,1,1,False,False
634c1785-3bb9a8a2.jpg,rain,5,9.01,11,2,,,False,True
634c1785-aeb1652f.jpg,rain,5,8.38,231,59,22,10,False,False
63f73472-028615f1.jpg,rain,5,8.71,26,10,6,5,False,False
6485ad0a-245d1600.jpg,rain,5,10.03,27,14,4,6,False,False
648dc925-e359dbec.jpg,rain,5,11.78,6,0,27,6,False,False
65edc5a1-f309fed7.jpg,rain,5,7.91,34,2,1,0,False,False
661381d9-1114a810.jpg,rain,5,7.55,12,8,19,1,False,False
664cb246-f84cfaf4.jpg,rain,5,7.2,17,22,0,0,False,False
675cf8fa-4b1ce8b9.jpg,rain,5,6.44,25,8,63,15,False,False
67faeadf-eb09a636.jpg,rain,5,7.67,1,31,12,4,False,False
691be377-5dbc29ee.jpg,rain,5,10.82,1,1,6,6,False,False
692f1303-05178963.jpg,rain,5,8.45,47,4,10,5,False,False
692f9b08-bdbbd729.jpg,rain,5,9.73,22,10,13,4,False,False
69bfbe31-5ee2a642.jpg,rain,5,8.92,18,29,25,7,False,False
69cf7667-68f59649.jpg,rain,5,9.45,12,7,4,3,False,False
69cf7667-7eb40860.jpg,rain,5,6.8,14,3,,,False,True
6a44fb9a-05a3dd18.jpg,rain,5,9.17,30,4,24,3,False,False
6a793e80-4f5e207f.jpg,rain,5,11.16,14,6,95,71,False,False
6a82c0d6-b31f6b90.jpg,rain,5,9.46,17,202,7,1,False,False
6a8d218d-14e4fa28.jpg,rain,5,10.94,9,4,37,56,False,False
6ad110c3-789e7724.jpg,rain,5,5.4,6,0,5,3,False,False
6b15392a-3a1699fd.jpg,rain,5,6.96,7,11,7,8,False,False
6b784eee-0a5a2c89.jpg,rain,5,9.57,26,1,,,False,True
6bb5a881-15e5c2c4.jpg,rain,5,11.3,5,10,34,16,False,False
6bd41587-d65ba5b4.jpg,rain,5,9.51,19,4,1,0,False,False
6d0d7bef-fb11b6e1.jpg,rain,5,9.93,55,10,0,1,False,False
6d57736c-a35808b9.jpg,rain,5,12.95,1,0,2,4,False,False
6d8a6d94-00a7ad92.jpg,rain,5,9.3,,,1,0,True,False
6eeed3fa-87a1b0c9.jpg,rain,5,8.92,20,11,5,2,False,False
701992bd-8a457895.jpg,rain,5,10.19,6,1,1,1,False,False
7171644d-4e74752e.jpg,rain,5,5.99,9,2,5,3,False,False
7171644d-ee92c71e.jpg,rain,5,7.66,6,0,28,12,False,False
72f22fa5-8af4615c.jpg,rain,5,8.82,39,9,9,2,False,False
72fd00fe-aeadfc89.jpg,rain,5,12.87,17,39,1,0,False,False
730c67a5-563e9b1f.jpg,rain,5,13.99,27,4,,,False,True
738a2bcd-7a6fde0d.jpg,rain,5,11.17,7,4,1,1,False,False
73aff960-d46366ec.jpg,rain,5,8.47,1,0,17,4,False,False
73d338d6-edf0b3db.jpg,rain,5,11.17,,,400,184,True,False
75ad1fff-77299093.jpg,rain,5,8.9,,,15,1,True,False
75f5f52c-6b67e736.jpg,rain,5,-2.91,16,22,22,9,False,False
777005a8-14c739ad.jpg,rain,5,9.96,29,5,212,20,False,False
7771e03b-832e52c0.jpg,rain,5,10.62,,,3,2,True,False
7771e03b-a8f9d50c.jpg,rain,5,7.9,161,41,0,0,False,False
7797fea2-c37f9856.jpg,rain,5,8.99,,,28,73,True,False
77bdbeb0-edb0613f.jpg,rain,5,8.43,37,3,4,5,False,False
77dca577-16a39ea0.jpg,rain,5,8.93,46,9,12,16,False,False
77f810c4-43a39c1f.jpg,rain,5,8.75,17,4,21,13,False,False
7814206e-8e991d51.jpg,rain,5,10.38,7,1,2,0,False,False
7814206e-ea2508d0.jpg,rain,5,10.03,10,9,13,1,False,False
79e177bc-4d5d3acc.jpg,rain,5,8.48,1,1,2,1,False,False
7aa4ff0f-9d28d8a4.jpg,rain,5,10.92,4,6,13,36,False,False
7ad1174c-373265eb.jpg,rain,5,8.36,12,8,,,False,True
7b268b98-e0ec16c3.jpg,rain,5,10.32,23,7,6,2,False,False
7c5a2048-332896ea.jpg,rain,5,9.74,11,15,540,540,False,False
7c5d50c5-7292de37.jpg,rain,5,8.66,15,1,2,0,False,False
7d1fe115-936a2f47.jpg,rain,5,9.82,8,2,24,10,False,False
7dc2914d-a20a969a.jpg,rain,5,10.63,12,0,32,11,False,False
7e4ab78b-4a62c63e.jpg,rain,5,7.75,32,20,,,False,True
7e590c49-93f03732.jpg,rain,5,7.45,214,176,5,7,False,False
7ed57d0a-d7bcc13d.jpg,rain,5,8.67,16,74,8,4,False,False
7f0ef682-c93899df.jpg,rain,5,7.65,7,0,148,83,False,False
7f4ac354-777de900.jpg,rain,5,7.43,11,2,2,2,False,False
7f9bdf0d-c0e0061f.jpg,rain,5,6.8,1,0,34,14,False,False
7fd14da9-a855494b.jpg,rain,5,10.91,18,5,14,5,False,False
801bff84-a72998c7.jpg,rain,5,6.75,10,2,45,19,False,False
8073de38-f7eab6ec.jpg,rain,5,8.74,8,8,7,8,False,False
8082ea05-1a7bcd47.jpg,rain,5,8.81,3,3,5,7,False,False
80ecebc0-ca9605f4.jpg,rain,5,8.86,82,70,9,7,False,False
81ec3b39-1951f79e.jpg,rain,5,9.3,0,1,16,7,False,False
82b14c0c-79b99258.jpg,rain,5,8.22,33,12,21,10,False,False
82b5fc3b-90cadd1b.jpg,rain,5,6.01,9,6,2,13,False,False
82f03471-8e304dd5.jpg,rain,5,8.49,2,6,17,61,False,False
836fa13a-d6058a12.jpg,rain,5,10.7,40,13,8,4,False,False
84fb3f59-7d5d1fa4.jpg,rain,5,5.55,20,3,37,5,False,False
8542b4da-7795bcfd.jpg,rain,5,10.07,0,1,1,0,False,False
85f3f250-1fef85ac.jpg,rain,5,8.08,1,4,4,1,False,False
87ca2979-d5158824.jpg,rain,5,10.27,19,5,10,5,False,False
889b7dda-77f16103.jpg,rain,5,6.67,,,0,1,True,False
88dbf01a-d8b35dee.jpg,rain,5,8.3,7,1,18,0,False,False
897223bc-6938f1ab.jpg,rain,5,8.96,3,2,56,225,False,False
89b7454d-880eacbd.jpg,rain,5,9.15,,,29,1,True,False
89e85e71-7dd0a7b6.jpg,rain,5,7.1,2,1,20,8,False,False
8a4fbffe-47866ce9.jpg,rain,5,8.22,17,28,12,6,False,False
8a76c101-8bcefc32.jpg,rain,5,9.01,,,2,4,True,False
8b7ef6c4-6bbcf25f.jpg,rain,5,7.65,36,6,53,8,False,False
8bac644e-e0437ead.jpg,rain,5,9.6,1,1,18,7,False,False
8c94c649-8ba62efa.jpg,rain,5,7.71,12,1,13,3,False,False
8c9bbaa9-34934b66.jpg,rain,5,7.93,,,5,3,True,False
0049e5b8-725e21a0.jpg,rain,6,7.18,8,19,7,0,False,False
0081e27b-17bf4a9e.jpg,rain,6,7.5,36,72,1,5,False,False
00beeb02-50440dcd.jpg,rain,6,6.57,13,10,8,0,False,False
00d4b6b7-7d0a60bf.jpg,rain,6,6.91,,,,,True,True
01118704-2d838d7f.jpg,rain,6,8.31,7,7,35,14,False,False
0115917e-14907a6a.jpg,rain,6,6.94,5,2,0,6,False,False
02188a44-65ad27f3.jpg,rain,6,6.58,226,194,,,False,True
02494b7b-079febf8.jpg,rain,6,6.04,23,3,11,9,False,False
029ffd50-dc944dba.jpg,rain,6,5.66,14,6,8,3,False,False
0464a98b-860229d5.jpg,rain,6,7.4,40,22,0,3,False,False
051aadb7-51aad566.jpg,rain,6,8.42,1,0,,,False,True
051aadb7-e953bc4d.jpg,rain,6,4.94,3,1,3,7,False,False
05743a9b-747658e7.jpg,rain,6,9.57,228,24,1,13,False,False
057af272-6f700aef.jpg,rain,6,7.4,25,5,3,2,False,False
05d62296-30c620d5.jpg,rain,6,7.33,132,46,4,0,False,False
05e5a68e-f0e05a42.jpg,rain,6,6.38,55,26,3,13,False,False
05fa6494-8f436d04.jpg,rain,6,7.14,13,2,3,10,False,False
060039d9-5218402b.jpg,rain,6,7.3,19,7,16,0,False,False
064aa0d6-f75ff4d5.jpg,rain,6,7.7,37,7,36,11,False,False
07de5062-ddddcbd7.jpg,rain,6,10.53,4,9,5,2,False,False
088351d1-30833ddc.jpg,rain,6,5.97,43,3,38,4,False,False
08a49c01-675d3899.jpg,rain,6,7.97,6,12,7,10,False,False
08d4285a-4a25b9b6.jpg,rain,6,5.57,5,2,17,4,False,False
09ac21d6-eefa8ed0.jpg,rain,6,4.3,5,2,5,0,False,False
0a0a0b1a-7c39d841.jpg,rain,6,7.93,43,12,4,5,False,False
0af6039a-f3c91319.jpg,rain,6,7.14,8,5,1,0,False,False
0b2f5d0d-8fddc1fc.jpg,rain,6,5.2,8,2,2,0,False,False
0b4225f9-bfb10f88.jpg,rain,6,8.15,7,8,12,15,False,False
0ba08fe3-880ae118.jpg,rain,6,7.01,0,1,13,6,False,False
0c2f33b9-f94d69b5.jpg,rain,6,7.33,6,2,8,12,False,False
0c984e6d-2b5d7ee4.jpg,rain,6,7.67,30,124,21,6,False,False
0cb67a01-7cf1687e.jpg,rain,6,9.47,25,104,,,False,True
0cc6f3e8-b4c9e348.jpg,rain,6,7.24,4,3,11,14,False,False
0cf398b3-ce65ab64.jpg,rain,6,-7.07,21,1,104,9,False,False
0d3ec56a-f4cead6f.jpg,rain,6,8.0,15,7,10,6,False,False
0d61234a-542010b2.jpg,rain,6,2.65,23,5,7,3,False,False
0e442b65-b17e0b50.jpg,rain,6,8.96,17,2,14,1,False,False
0e5c7e92-0d9c60f0.jpg,rain,6,6.5,23,25,7,3,False,False
0f837def-9646c091.jpg,rain,6,8.14,8,2,1,0,False,False
0fba84f9-73b520ee.jpg,rain,6,7.76,14,8,2,0,False,False
101a0964-930eae70.jpg,rain,6,4.5,0,0,1,0,False,False
10389fe8-433c740c.jpg,rain,6,5.81,88,6,,,False,True
10453a95-40759ac3.jpg,rain,6,7.62,64,9,15,2,False,False
1072195f-0a161ade.jpg,rain,6,7.19,0,2,24,3,False,False
1072195f-6cf88b25.jpg,rain,6,7.99,5,2,27,10,False,False
11513e3d-150058c3.jpg,rain,6,7.44,6,5,108,13,False,False
1189ae68-1a8ad3c6.jpg,rain,6,9.08,3,0,33,9,False,False
12076ebb-c07285d7.jpg,rain,6,5.51,13,0,1,0,False,False
125134e5-7dfc45b9.jpg,rain,6,7.77,2,1,33,306,False,False
12ae9ab8-794f5adc.jpg,rain,6,7.2,14,52,3,1,False,False
13f61134-50021e53.jpg,rain,6,8.7,29,18,52,0,False,False
14eace5a-ddf3b303.jpg,rain,6,8.64,4,8,23,4,False,False
1608cfe7-32da2c5d.jpg,rain,6,6.48,57,91,22,3,False,False
162995f1-d2c7d259.jpg,rain,6,7.05,277,126,18,19,False,False
16b0973f-c07b564a.jpg,rain,6,5.78,4,1,10,4,False,False
1784d67b-6b223914.jpg,rain,6,7.85,1,2,8,1,False,False
1784d67b-d76145ce.jpg,rain,6,8.97,79,5,2,7,False,False
188c58f3-792afc71.jpg,rain,6,5.49,180,123,48,25,False,False
193f7f3b-84bc7998.jpg,rain,6,7.92,0,5,9,5,False,False
194058b0-ac0616a6.jpg,rain,6,6.75,1,7,,,False,True
19e56249-09c4bbc6.jpg,rain,6,9.65,,,41,78,True,False
1a71faae-d5f255fd.jpg,rain,6,8.37,16,4,2,2,False,False
1a8992a7-da5a8510.jpg,rain,6,6.63,45,3,32,7,False,False
1ac0178c-0b259360.jpg,rain,6,9.92,,,,,True,True
1b30f76f-95aa8a06.jpg,rain,6,8.69,8,7,3,1,False,False
1bda5a26-420ceea6.jpg,rain,6,7.17,12,1,4,2,False,False
1bf7f3d2-15f95138.jpg,rain,6,7.52,4,4,1,4,False,False
1c227a12-10e5552c.jpg,rain,6,9.06,3,0,1,7,False,False
1c227a12-ec67af93.jpg,rain,6,8.47,3,1,2,4,False,False
1c5e9657-2e2a2863.jpg,rain,6,6.17,,,7,5,True,False
1cb2a89b-4594573e.jpg,rain,6,7.27,63,14,7,1,False,False
1cf54809-c6daa5a9.jpg,rain,6,5.15,0,0,2,3,False,False
1d5e05f8-5020f67d.jpg,rain,6,7.16,13,4,2,0,False,False
1e57ae90-806bc767.jpg,rain,6,9.1,1,2,28,65,False,False
1f959fdd-6ff63d34.jpg,rain,6,7.95,8,4,20,3,False,False
1fa65acf-d43367bc.jpg,rain,6,5.82,59,16,,,False,True
20cfadfa-47711496.jpg,rain,6,7.51,7,18,0,35,False,False
20cfadfa-6f87fdc1.jpg,rain,6,8.54,9,13,9,18,False,False
225a1858-0e3a4b04.jpg,rain,6,5.85,5,1,,,False,True
22be2f14-59fbdca0.jpg,rain,6,7.76,46,11,5,11,False,False
23333f35-0cbc3f0f.jpg,rain,6,8.08,114,14,,,False,True
23df146f-64b50e4c.jpg,rain,6,9.4,9,4,15,4,False,False
24392d7c-998011c2.jpg,rain,6,7.77,,,,,True,True
250e7595-b14da270.jpg,rain,6,7.45,10,9,135,3,False,False
26190b83-39ccb412.jpg,rain,6,6.6,14,2,7,1,False,False
272d52f6-8aac36b3.jpg,rain,6,3.95,26,1,6,5,False,False
2752681a-e813599a.jpg,rain,6,8.04,233,244,23,12,False,False
27645526-f038b033.jpg,rain,6,5.0,11,16,8,14,False,False
2773af6f-23e23a6b.jpg,rain,6,6.37,4,4,,,False,True
28faf684-03ef4c6e.jpg,rain,6,8.57,6,2,1,1,False,False
292720ee-d847ee69.jpg,rain,6,11.12,9,9,10,6,False,False
2b54fe2d-c5b810e6.jpg,rain,6,6.57,18,2,2,28,False,False
2b605c48-8dfe352b.jpg,rain,6,7.45,1,2,12,4,False,False
2beccce2-354608e2.jpg,rain,6,7.35,14,1,8,151,False,False
2c87e51d-aa7a8031.jpg,rain,6,8.97,184,29,,,False,True
2ce0b449-e818dc97.jpg,rain,6,9.24,20,1,,,False,True
2cf976a2-479cd46b.jpg,rain,6,6.05,36,12,10,12,False,False
2e2fae77-b7497ca0.jpg,rain,6,6.72,21,11,22,6,False,False
2ead8042-2493c03f.jpg,rain,6,5.01,24,5,2,0,False,False
2f1864c1-1a17d11c.jpg,rain,6,5.06,15,0,23,5,False,False
2f879dc0-b09e4824.jpg,rain,6,7.61,14,6,13,1,False,False
2fc9ad1e-ee4c9e43.jpg,rain,6,8.14,2,5,19,2,False,False
3050b249-0ffbd6ec.jpg,rain,6,8.92,,,40,1,True,False
314cc010-3eab5c90.jpg,rain,6,8.1,,,0,0,True,False
31765c6b-90b0d612.jpg,rain,6,7.7,0,7,13,5,False,False
31cf6eba-5c84c636.jpg,rain,6,4.18,18,4,1,1,False,False
32de2244-122f1783.jpg,rain,6,9.38,11,4,11,4,False,False
33420085-32996107.jpg,rain,6,10.75,2,2,27,1,False,False
3430a5e6-00ec38d2.jpg,rain,6,-2.48,75,34,3,4,False,False
35eb46d0-8f7e28a0.jpg,rain,6,9.76,0,0,1,4,False,False
3735fc3d-69d8b80c.jpg,rain,6,8.9,332,157,,,False,True
3740cd4f-ff1d423d.jpg,rain,6,4.89,16,28,31,4,False,False
375abba2-9f2ed56c.jpg,rain,6,7.85,14,5,111,32,False,False
37723e55-31730cf5.jpg,rain,6,5.86,,,1,16,True,False
380a3f8e-ba4f0def.jpg,rain,6,11.66,41,54,11,6,False,False
385b0f61-1aee12ef.jpg,rain,6,5.94,9,7,,,False,True
3865fea7-b4fe472d.jpg,rain,6,6.73,43,260,3,10,False,False
38e561dd-8ea8ae2d.jpg,rain,6,6.73,11,2,0,1,False,False
38ed8d8d-93c48de2.jpg,rain,6,8.46,10,3,46,43,False,False
38ed8d8d-b1c230ef.jpg,rain,6,8.04,44,5,1,0,False,False
38ed8d8d-fa50400c.jpg,rain,6,7.07,12,0,14,25,False,False
3900ad8c-8834019f.jpg,rain,6,5.93,,,67,42,True,False
39ddb110-04604b9c.jpg,rain,6,5.76,25,0,4,21,False,False
39fc6d1c-6155351d.jpg,rain,6,7.61,19,1,5,6,False,False
3a278d39-b92df256.jpg,rain,6,7.63,7,4,6,6,False,False
3a3407a2-df8ea956.jpg,rain,6,4.15,31,18,,,False,True
3ad0c4a7-2a3d544e.jpg,rain,6,5.25,22,37,35,5,False,False
3b1e1bc1-ee64e36e.jpg,rain,6,6.97,5,6,18,1,False,False
3b44ef5a-c09e8479.jpg,rain,6,6.51,55,41,86,84,False,False
3b563c5e-0102edaf.jpg,rain,6,6.1,3,2,4,0,False,False
3b9716a6-d2566395.jpg,rain,6,9.31,13,8,6,7,False,False
3c0bbdc2-79baffce.jpg,rain,6,8.06,26,9,2,2,False,False
3c5752b6-9c0bdf98.jpg,rain,6,8.12,,,69,20,True,False
3c95ae26-68abac3f.jpg,rain,6,7.29,,,,,True,True
3e0f1745-a95a63ad.jpg,rain,6,5.49,18,3,2,2,False,False
3f4eb6a6-9eee52f9.jpg,rain,6,8.03,4,11,13,10,False,False
3f85a987-1ef4053b.jpg,rain,6,8.0,,,13,9,True,False
3fe1feaa-10126fec.jpg,rain,6,7.89,,,350,284,True,False
3ffdaa26-b394f6f8.jpg,rain,6,5.55,,,6,1,True,False
4027c10d-41d54e9b.jpg,rain,6,6.47,3,2,3,1,False,False
428e99ea-4166e549.jpg,rain,6,9.46,94,1,50,5,False,False
42e0dd11-74b81997.jpg,rain,6,11.09,,,3,3,True,False
430395d1-931c959e.jpg,rain,6,6.68,8,13,25,6,False,False
43126e0d-495d04a5.jpg,rain,6,6.59,9,2,3,0,False,False
43126e0d-cce96832.jpg,rain,6,6.85,12,6,48,1,False,False
432f9e20-83a0d96c.jpg,rain,6,5.65,3,4,7,25,False,False
43c7ed5c-b0690325.jpg,rain,6,7.51,1,0,23,9,False,False
44cc16d9-d2e06fd6.jpg,rain,6,5.1,2,3,27,7,False,False
45bafa98-1ee18a2f.jpg,rain,6,6.87,,,26,21,True,False
46d048a1-8f7f385c.jpg,rain,6,7.62,0,0,20,9,False,False
46f76df9-8bf77914.jpg,rain,6,7.13,13,2,48,7,False,False
480263a0-5aad7ae9.jpg,rain,6,6.61,6,2,40,82,False,False
488480d6-b94cf415.jpg,rain,6,6.57,12,12,14,4,False,False
48ed707e-5062e4c3.jpg,rain,6,8.24,49,15,,,False,True
4a289ff2-7da7feb6.jpg,rain,6,7.94,,,176,156,True,False
4a31f3e3-ac7ed780.jpg,rain,6,7.44,19,9,300,252,False,False
4b2e1dde-65b54419.jpg,rain,6,3.51,12,0,9,9,False,False
4d4a590b-4332c5ab.jpg,rain,6,10.49,23,8,11,7,False,False
5069db50-52f5af30.jpg,rain,6,10.66,9,7,12,0,False,False
50866f46-30d1f303.jpg,rain,6,7.31,40,5,6,1,False,False
50b115d6-4b08a666.jpg,rain,6,4.68,27,5,6,1,False,False
50b2e757-6c7d0f63.jpg,rain,6,8.23,19,2,23,101,False,False
50d0fd05-8db58ebd.jpg,rain,6,6.75,0,1,103,12,False,False
510671e9-603795e0.jpg,rain,6,6.39,13,39,13,25,False,False
514a6d58-0790e0cd.jpg,rain,6,7.59,,,,,True,True
5150bb50-300d52ce.jpg,rain,6,8.7,27,3,1,5,False,False
52799e9e-8c8673f3.jpg,rain,6,9.0,8,1,11,0,False,False
52bda346-fd8ac6e7.jpg,rain,6,5.84,1,0,9,4,False,False
534418ba-ee05398f.jpg,rain,6,6.55,18,5,3,1,False,False
54360b72-e00a3f70.jpg,rain,6,6.69,236,29,10,3,False,False
554d7cd5-a32486dd.jpg,rain,6,9.3,10,1,19,8,False,False
559fed19-7893646f.jpg,rain,6,7.64,117,116,284,36,False,False
57165857-e4d4a47f.jpg,rain,6,8.32,19,2,,,False,True
5795bfe7-a599384a.jpg,rain,6,6.91,,,9,14,True,False
57ac74e2-e86131f1.jpg,rain,6,7.92,,,14,20,True,False
57b495f2-6da6b1e5.jpg,rain,6,10.02,1,1,48,4,False,False
585443c8-2621a6b1.jpg,rain,6,8.86,17,0,45,9,False,False
5877b384-2545daf4.jpg,rain,6,7.02,21,8,15,6,False,False
587bb1bf-1aa00fe5.jpg,rain,6,7.18,15,0,2,7,False,False
5995c288-2d152172.jpg,rain,6,7.26,9,3,,,False,True
59cde7c7-344bffb1.jpg,rain,6,7.25,15,7,4,0,False,False
5a8f9b5d-1fdfd2d4.jpg,rain,6,6.8,12,10,3,222,False,False
5ae83f9c-da990b49.jpg,rain,6,7.17,4,1,1,3,False,False
5b2b4881-67a6cb87.jpg,rain,6,6.39,181,18,3,0,False,False
5b2fd56a-37759b05.jpg,rain,6,9.35,102,62,,,False,True
5b4b0b07-2fb56b82.jpg,rain,6,6.66,9,1,329,95,False,False
5bc44a50-c371c4d0.jpg,rain,6,4.98,44,1,21,12,False,False
5c4004b7-bf3b7941.jpg,rain,6,6.31,22,4,6,4,False,False
5c534f5f-a76c7f4b.jpg,rain,6,7.68,8,5,0,2,False,False
5c5dc708-35460444.jpg,rain,6,6.34,38,12,55,4,False,False
5da6c6b6-76c54605.jpg,rain,6,7.33,,,20,20,True,False
5dc5141c-5890b5b1.jpg,rain,6,6.2,12,0,40,3,False,False
5dd831da-bd00cf03.jpg,rain,6,8.06,12,10,39,70,False,False
5dfb063f-7bd23d5c.jpg,rain,6,9.51,7,2,4,0,False,False
5e0b701e-d443d8c2.jpg,rain,6,7.49,4,16,17,3,False,False
5e26f49d-0bc53c7e.jpg,rain,6,10.88,4,2,,,False,True
5e26f49d-9271bf00.jpg,rain,6,7.03,10,10,12,4,False,False
5e625ec3-7b4fc682.jpg,rain,6,8.68,14,8,10,5,False,False
5f9387ff-330136ae.jpg,rain,6,7.01,64,9,7,1,False,False
5fa17a25-88b8e6b9.jpg,rain,6,6.73,2,3,9,9,False,False
5fa422e1-2d8dd765.jpg,rain,6,5.3,14,2,7,1,False,False
5fb2a702-f56a339c.jpg,rain,6,7.43,18,2,72,8,False,False
6011831b-0992e205.jpg,rain,6,7.08,22,12,,,False,True
60137cc0-428b8f5b.jpg,rain,6,8.53,23,3,40,7,False,False
604b5b3e-3c2e6b6b.jpg,rain,6,8.11,5,2,5,13,False,False
6092f5a2-424550ba.jpg,rain,6,8.2,41,7,1,4,False,False
60ba25dd-6c0df417.jpg,rain,6,7.64,52,17,0,1,False,False
60c678e7-4813ae0f.jpg,rain,6,6.18,17,2,,,False,True
614ecada-16b0f8b6.jpg,rain,6,7.65,17,4,12,5,False,False
61e4ad87-53ceb455.jpg,rain,6,7.43,14,1,42,20,False,False
6240d7b3-b51b5788.jpg,rain,6,8.82,11,6,61,1,False,False
62aefb36-b685117f.jpg,rain,6,7.08,3,16,1,1,False,False
634c1785-3bb9a8a2.jpg,rain,6,7.73,11,6,,,False,True
634c1785-aeb1652f.jpg,rain,6,7.1,236,53,4,4,False,False
63f73472-028615f1.jpg,rain,6,7.45,62,119,10,6,False,False
6485ad0a-245d1600.jpg,rain,6,8.77,64,6,16,5,False,False
648dc925-e359dbec.jpg,rain,6,10.53,11,6,9,3,False,False
65edc5a1-f309fed7.jpg,rain,6,6.67,56,25,8,4,False,False
661381d9-1114a810.jpg,rain,6,6.2,6,15,8,4,False,False
664cb246-f84cfaf4.jpg,rain,6,5.94,13,25,1,0,False,False
675cf8fa-4b1ce8b9.jpg,rain,6,5.12,47,8,245,85,False,False
67faeadf-eb09a636.jpg,rain,6,6.36,7,77,13,5,False,False
691be377-5dbc29ee.jpg,rain,6,9.6,3,2,31,8,False,False
692f1303-05178963.jpg,rain,6,7.25,43,1,47,4,False,False
692f9b08-bdbbd729.jpg,rain,6,8.51,3,5,3,0,False,False
69bfbe31-5ee2a642.jpg,rain,6,7.63,11,34,5,1,False,False
69cf7667-68f59649.jpg,rain,6,8.23,11,3,3,2,False,False
69cf7667-7eb40860.jpg,rain,6,5.66,12,9,23,3,False,False
6a44fb9a-05a3dd18.jpg,rain,6,7.96,1,1,23,5,False,False
6a793e80-4f5e207f.jpg,rain,6,9.86,12,3,21,39,False,False
6a82c0d6-b31f6b90.jpg,rain,6,8.19,,,17,12,True,False
6a8d218d-14e4fa28.jpg,rain,6,9.63,,,38,53,True,False
6ad110c3-789e7724.jpg,rain,6,4.15,9,8,12,1,False,False
6b15392a-3a1699fd.jpg,rain,6,5.73,16,69,17,16,False,False
6b784eee-0a5a2c89.jpg,rain,6,8.31,330,72,,,False,True
6bb5a881-15e5c2c4.jpg,rain,6,10.07,13,66,31,10,False,False
6bd41587-d65ba5b4.jpg,rain,6,8.18,20,8,35,2,False,False
6d0d7bef-fb11b6e1.jpg,rain,6,8.66,370,156,43,42,False,False
6d57736c-a35808b9.jpg,rain,6,11.79,5,12,2,5,False,False
6d8a6d94-00a7ad92.jpg,rain,6,8.04,,,3,1,True,False
6eeed3fa-87a1b0c9.jpg,rain,6,7.64,67,4,25,8,False,False
701992bd-8a457895.jpg,rain,6,8.9,9,1,18,7,False,False
7171644d-4e74752e.jpg,rain,6,4.7,1,0,8,3,False,False
7171644d-ee92c71e.jpg,rain,6,6.36,31,5,1,0,False,False
72f22fa5-8af4615c.jpg,rain,6,7.64,1,0,43,7,False,False
72fd00fe-aeadfc89.jpg,rain,6,11.61,21,43,12,13,False,False
730c67a5-563e9b1f.jpg,rain,6,12.74,,,,,True,True
738a2bcd-7a6fde0d.jpg,rain,6,9.87,4,2,1,2,False,False
73aff960-d46366ec.jpg,rain,6,7.16,25,5,2,1,False,False
73d338d6-edf0b3db.jpg,rain,6,9.88,,,404,232,True,False
75ad1fff-77299093.jpg,rain,6,7.63,,,,,True,True
75f5f52c-6b67e736.jpg,rain,6,-4.21,8,11,34,15,False,False
777005a8-14c739ad.jpg,rain,6,8.67,7,2,3,1,False,False
7771e03b-832e52c0.jpg,rain,6,9.35,,,,,True,True
7771e03b-a8f9d50c.jpg,rain,6,6.54,40,4,24,6,False,False
7797fea2-c37f9856.jpg,rain,6,7.77,,,18,212,True,False
77bdbeb0-edb0613f.jpg,rain,6,7.18,30,1,20,4,False,False
77dca577-16a39ea0.jpg,rain,6,7.68,21,11,22,25,False,False
77f810c4-43a39c1f.jpg,rain,6,7.51,3,1,26,11,False,False
7814206e-8e991d51.jpg,rain,6,9.09,3,1,5,0,False,False
7814206e-ea2508d0.jpg,rain,6,8.71,2,1,8,2,False,False
79e177bc-4d5d3acc.jpg,rain,6,7.15,0,1,4,0,False,False
7aa4ff0f-9d28d8a4.jpg,rain,6,9.6,6,13,13,37,False,False
7ad1174c-373265eb.jpg,rain,6,7.03,80,120,,,False,True
7b268b98-e0ec16c3.jpg,rain,6,8.96,6,2,3,8,False,False
7c5a2048-332896ea.jpg,rain,6,8.48,,,559,427,True,False
7c5d50c5-7292de37.jpg,rain,6,7.39,137,20,28,10,False,False
7d1fe115-936a2f47.jpg,rain,6,8.51,8,2,2,2,False,False
7dc2914d-a20a969a.jpg,rain,6,9.34,3,1,23,2,False,False
7e4ab78b-4a62c63e.jpg,rain,6,6.44,23,16,,,False,True
7e590c49-93f03732.jpg,rain,6,6.12,59,215,2,6,False,False
7ed57d0a-d7bcc13d.jpg,rain,6,7.48,14,85,10,25,False,False
7f0ef682-c93899df.jpg,rain,6,6.28,6,1,107,94,False,False
7f4ac354-777de900.jpg,rain,6,6.11,8,6,9,1,False,False
7f9bdf0d-c0e0061f.jpg,rain,6,5.49,20,1,14,1,False,False
7fd14da9-a855494b.jpg,rain,6,9.63,0,0,26,5,False,False
801bff84-a72998c7.jpg,rain,6,5.43,1,1,17,25,False,False
8073de38-f7eab6ec.jpg,rain,6,7.47,15,7,29,16,False,False
8082ea05-1a7bcd47.jpg,rain,6,7.58,3,1,2,1,False,False
80ecebc0-ca9605f4.jpg,rain,6,7.57,50,32,12,4,False,False
81ec3b39-1951f79e.jpg,rain,6,8.01,11,1,37,17,False,False
82b14c0c-79b99258.jpg,rain,6,6.89,118,40,9,5,False,False
82b5fc3b-90cadd1b.jpg,rain,6,4.7,4,5,19,55,False,False
82f03471-8e304dd5.jpg,rain,6,7.2,4,6,1,21,False,False
836fa13a-d6058a12.jpg,rain,6,9.45,49,20,9,1,False,False
84fb3f59-7d5d1fa4.jpg,rain,6,4.26,116,74,36,2,False,False
8542b4da-7795bcfd.jpg,rain,6,8.79,1,0,18,8,False,False
85f3f250-1fef85ac.jpg,rain,6,6.77,10,2,7,2,False,False
87ca2979-d5158824.jpg,rain,6,8.94,21,22,10,6,False,False
889b7dda-77f16103.jpg,rain,6,5.36,237,26,0,1,False,False
88dbf01a-d8b35dee.jpg,rain,6,6.98,12,1,7,1,False,False
897223bc-6938f1ab.jpg,rain,6,7.62,70,7,54,264,False,False
89b7454d-880eacbd.jpg,rain,6,7.91,,,,,True,True
89e85e71-7dd0a7b6.jpg,rain,6,5.8,1,0,4,7,False,False
8a4fbffe-47866ce9.jpg,rain,6,6.92,29,8,26,6,False,False
8a76c101-8bcefc32.jpg,rain,6,7.73,10,5,20,91,False,False
8b7ef6c4-6bbcf25f.jpg,rain,6,6.42,16,3,43,5,False,False
8bac644e-e0437ead.jpg,rain,6,8.29,,,1,10,True,False
8c94c649-8ba62efa.jpg,rain,6,6.37,1,5,27,2,False,False
8c9bbaa9-34934b66.jpg,rain,6,6.54,,,12,2,True,False
0049e5b8-725e21a0.jpg,rain,7,6.24,1,2,21,9,False,False
0081e27b-17bf4a9e.jpg,rain,7,6.49,16,24,0,5,False,False
00beeb02-50440dcd.jpg,rain,7,5.53,15,5,18,1,False,False
00d4b6b7-7d0a60bf.jpg,rain,7,5.94,,,,,True,True
01118704-2d838d7f.jpg,rain,7,7.3,10,4,33,14,False,False
0115917e-14907a6a.jpg,rain,7,5.93,31,4,20,16,False,False
02188a44-65ad27f3.jpg,rain,7,5.52,6,5,,,False,True
02494b7b-079febf8.jpg,rain,7,4.96,17,5,1,4,False,False
029ffd50-dc944dba.jpg,rain,7,4.63,15,0,36,11,False,False
0464a98b-860229d5.jpg,rain,7,6.33,58,30,22,25,False,False
051aadb7-51aad566.jpg,rain,7,7.48,0,0,16,13,False,False
051aadb7-e953bc4d.jpg,rain,7,3.96,5,0,8,6,False,False
05743a9b-747658e7.jpg,rain,7,8.6,253,1,2,12,False,False
057af272-6f700aef.jpg,rain,7,6.37,3,4,1,0,False,False
05d62296-30c620d5.jpg,rain,7,6.28,8,5,4,1,False,False
05e5a68e-f0e05a42.jpg,rain,7,5.45,12,48,46,32,False,False
05fa6494-8f436d04.jpg,rain,7,6.07,53,26,6,8,False,False
060039d9-5218402b.jpg,rain,7,6.24,28,1,0,2,False,False
064aa0d6-f75ff4d5.jpg,rain,7,6.74,7,0,159,44,False,False
07de5062-ddddcbd7.jpg,rain,7,9.43,7,14,18,110,False,False
088351d1-30833ddc.jpg,rain,7,4.96,51,3,37,3,False,False
08a49c01-675d3899.jpg,rain,7,7.02,51,37,0,4,False,False
08d4285a-4a25b9b6.jpg,rain,7,4.52,22,2,6,0,False,False
09ac21d6-eefa8ed0.jpg,rain,7,3.22,24,2,6,1,False,False
0a0a0b1a-7c39d841.jpg,rain,7,6.94,62,20,0,9,False,False
0af6039a-f3c91319.jpg,rain,7,6.12,10,6,0,1,False,False
0b2f5d0d-8fddc1fc.jpg,rain,7,4.21,3,1,40,9,False,False
0b4225f9-bfb10f88.jpg,rain,7,7.18,14,16,10,9,False,False
0ba08fe3-880ae118.jpg,rain,7,5.98,13,4,38,1,False,False
0c2f33b9-f94d69b5.jpg,rain,7,6.3,4,5,5,10,False,False
0c984e6d-2b5d7ee4.jpg,rain,7,6.66,,,,,True,True
0cb67a01-7cf1687e.jpg,rain,7,8.46,128,6,,,False,True
0cc6f3e8-b4c9e348.jpg,rain,7,6.25,1,9,1,11,False,False
0cf398b3-ce65ab64.jpg,rain,7,-8.1,18,6,33,17,False,False
0d3ec56a-f4cead6f.jpg,rain,7,6.99,9,1,14,7,False,False
0d61234a-542010b2.jpg,rain,7,1.57,18,3,15,4,False,False
0e442b65-b17e0b50.jpg,rain,7,7.95,17,3,30,3,False,False
0e5c7e92-0d9c60f0.jpg,rain,7,5.47,7,43,9,10,False,False
0f837def-9646c091.jpg,rain,7,7.18,5,1,1,0,False,False
0fba84f9-73b520ee.jpg,rain,7,6.75,7,10,2,0,False,False
101a0964-930eae70.jpg,rain,7,3.53,1,0,7,6,False,False
10389fe8-433c740c.jpg,rain,7,4.76,26,160,,,False,True
10453a95-40759ac3.jpg,rain,7,6.65,,,20,9,True,False
1072195f-0a161ade.jpg,rain,7,6.2,6,5,,,False,True
1072195f-6cf88b25.jpg,rain,7,7.01,36,125,32,10,False,False
11513e3d-150058c3.jpg,rain,7,6.45,7,5,98,13,False,False
1189ae68-1a8ad3c6.jpg,rain,7,8.1,1,10,,,False,True
12076ebb-c07285d7.jpg,rain,7,4.48,3,4,0,0,False,False
125134e5-7dfc45b9.jpg,rain,7,6.79,0,1,,,False,True
12ae9ab8-794f5adc.jpg,rain,7,6.29,5,66,19,14,False,False
13f61134-50021e53.jpg,rain,7,7.74,178,49,41,5,False,False
14eace5a-ddf3b303.jpg,rain,7,7.62,12,2,,,False,True
1608cfe7-32da2c5d.jpg,rain,7,5.45,375,1127,,,False,True
162995f1-d2c7d259.jpg,rain,7,6.12,288,169,19,20,False,False
16b0973f-c07b564a.jpg,rain,7,4.7,10,3,9,5,False,False
1784d67b-6b223914.jpg,rain,7,6.85,0,1,4,2,False,False
1784d67b-d76145ce.jpg,rain,7,7.95,184,3,31,22,False,False
188c58f3-792afc71.jpg,rain,7,4.42,121,65,420,49,False,False
193f7f3b-84bc7998.jpg,rain,7,6.92,12,4,80,131,False,False
194058b0-ac0616a6.jpg,rain,7,5.75,14,153,282,409,False,False
19e56249-09c4bbc6.jpg,rain,7,8.79,,,,,True,True
1a71faae-d5f255fd.jpg,rain,7,7.36,13,5,2,2,False,False
1a8992a7-da5a8510.jpg,rain,7,5.54,32,8,31,7,False,False
1ac0178c-0b259360.jpg,rain,7,9.03,,,,,True,True
1b30f76f-95aa8a06.jpg,rain,7,7.79,7,8,160,7,False,False
1bda5a26-420ceea6.jpg,rain,7,6.17,14,4,13,3,False,False
1bf7f3d2-15f95138.jpg,rain,7,6.54,7,3,9,29,False,False
1c227a12-10e5552c.jpg,rain,7,8.08,1,1,3,18,False,False
1c227a12-ec67af93.jpg,rain,7,7.48,11,1,6,12,False,False
1c5e9657-2e2a2863.jpg,rain,7,5.11,167,170,16,2,False,False
1cb2a89b-4594573e.jpg,rain,7,6.19,4,0,13,2,False,False
1cf54809-c6daa5a9.jpg,rain,7,4.11,3,0,31,45,False,False
1d5e05f8-5020f67d.jpg,rain,7,6.23,9,1,1,1,False,False
1e57ae90-806bc767.jpg,rain,7,8.17,32,32,16,34,False,False
1f959fdd-6ff63d34.jpg,rain,7,6.95,29,17,5,3,False,False
1fa65acf-d43367bc.jpg,rain,7,4.76,157,19,,,False,True
20cfadfa-47711496.jpg,rain,7,6.53,0,12,12,1,False,False
20cfadfa-6f87fdc1.jpg,rain,7,7.58,1,6,1,2,False,False
225a1858-0e3a4b04.jpg,rain,7,4.81,82,8,46,0,False,False
22be2f14-59fbdca0.jpg,rain,7,6.74,14,3,6,9,False,False
23333f35-0cbc3f0f.jpg,rain,7,7.15,108,8,,,False,True
23df146f-64b50e4c.jpg,rain,7,8.45,8,22,6,3,False,False
24392d7c-998011c2.jpg,rain,7,6.84,,,,,True,True
250e7595-b14da270.jpg,rain,7,6.48,5,15,13,4,False,False
26190b83-39ccb412.jpg,rain,7,5.54,168,240,7,2,False,False
272d52f6-8aac36b3.jpg,rain,7,2.92,23,5,10,6,False,False
2752681a-e813599a.jpg,rain,7,7.11,301,212,80,118,False,False
27645526-f038b033.jpg,rain,7,3.97,13,18,1,1,False,False
2773af6f-23e23a6b.jpg,rain,7,5.32,3,4,,,False,True
28faf684-03ef4c6e.jpg,rain,7,7.5,13,1,2,1,False,False
292720ee-d847ee69.jpg,rain,7,10.19,10,7,3,1,False,False
2b54fe2d-c5b810e6.jpg,rain,7,5.53,30,5,33,58,False,False
2b605c48-8dfe352b.jpg,rain,7,6.43,11,32,0,1,False,False
2beccce2-354608e2.jpg,rain,7,6.32,19,4,12,164,False,False
2c87e51d-aa7a8031.jpg,rain,7,8.06,183,29,,,False,True
2ce0b449-e818dc97.jpg,rain,7,8.25,56,6,6,0,False,False
2cf976a2-479cd46b.jpg,rain,7,4.99,1,5,7,10,False,False
2e2fae77-b7497ca0.jpg,rain,7,5.65,7,13,,,False,True
2ead8042-2493c03f.jpg,rain,7,4.02,20,3,2,1,False,False
2f1864c1-1a17d11c.jpg,rain,7,4.04,2,26,,,False,True
2f879dc0-b09e4824.jpg,rain,7,6.69,6,3,24,6,False,False
2fc9ad1e-ee4c9e43.jpg,rain,7,7.16,3,14,18,4,False,False
3050b249-0ffbd6ec.jpg,rain,7,7.88,,,384,218,True,False
314cc010-3eab5c90.jpg,rain,7,7.09,,,0,1,True,False
31765c6b-90b0d612.jpg,rain,7,6.64,,,,,True,True
31cf6eba-5c84c636.jpg,rain,7,3.13,38,8,2,1,False,False
32de2244-122f1783.jpg,rain,7,8.38,52,6,12,3,False,False
33420085-32996107.jpg,rain,7,9.81,1,2,19,46,False,False
3430a5e6-00ec38d2.jpg,rain,7,-3.52,16,5,3,8,False,False
35eb46d0-8f7e28a0.jpg,rain,7,8.75,0,1,1,5,False,False
3735fc3d-69d8b80c.jpg,rain,7,7.88,21,2,98,332,False,False
3740cd4f-ff1d423d.jpg,rain,7,3.82,12,24,6,1,False,False
375abba2-9f2ed56c.jpg,rain,7,6.85,,,192,34,True,False
37723e55-31730cf5.jpg,rain,7,4.79,,,21,9,True,False
380a3f8e-ba4f0def.jpg,rain,7,10.68,6,13,18,4,False,False
385b0f61-1aee12ef.jpg,rain,7,4.96,75,124,,,False,True
3865fea7-b4fe472d.jpg,rain,7,5.75,39,68,4,4,False,False
38e561dd-8ea8ae2d.jpg,rain,7,5.7,11,3,7,4,False,False
38ed8d8d-93c48de2.jpg,rain,7,7.42,16,8,27,9,False,False
38ed8d8d-b1c230ef.jpg,rain,7,7.02,36,3,2,1,False,False
38ed8d8d-fa50400c.jpg,rain,7,6.04,27,2,4,6,False,False
3900ad8c-8834019f.jpg,rain,7,4.92,,,4,2,True,False
39ddb110-04604b9c.jpg,rain,7,4.75,694,29,7,5,False,False
39fc6d1c-6155351d.jpg,rain,7,6.58,,,24,12,True,False
3a278d39-b92df256.jpg,rain,7,6.69,2,2,9,15,False,False
3a3407a2-df8ea956.jpg,rain,7,3.15,16,13,6,0,False,False
3ad0c4a7-2a3d544e.jpg,rain,7,4.23,,,27,2,True,False
3b1e1bc1-ee64e36e.jpg,rain,7,5.95,6,13,6,8,False,False
3b44ef5a-c09e8479.jpg,rain,7,5.48,14,14,,,False,True
3b563c5e-0102edaf.jpg,rain,7,5.07,7,29,4,3,False,False
3b9716a6-d2566395.jpg,rain,7,8.31,13,95,1,3,False,False
3c0bbdc2-79baffce.jpg,rain,7,7.04,1,1,5,0,False,False
3c5752b6-9c0bdf98.jpg,rain,7,7.17,237,463,111,31,False,False
3c95ae26-68abac3f.jpg,rain,7,6.29,,,,,True,True
3e0f1745-a95a63ad.jpg,rain,7,4.48,2,10,5,11,False,False
3f4eb6a6-9eee52f9.jpg,rain,7,7.0,10,9,17,2,False,False
3f85a987-1ef4053b.jpg,rain,7,6.92,,,126,263,True,False
3fe1feaa-10126fec.jpg,rain,7,6.92,,,351,277,True,False
3ffdaa26-b394f6f8.jpg,rain,7,4.49,287,405,10,7,False,False
4027c10d-41d54e9b.jpg,rain,7,5.44,25,8,6,1,False,False
428e99ea-4166e549.jpg,rain,7,8.47,94,2,8,22,False,False
42e0dd11-74b81997.jpg,rain,7,10.13,0,2,20,10,False,False
430395d1-931c959e.jpg,rain,7,5.71,26,31,30,1,False,False
43126e0d-495d04a5.jpg,rain,7,5.57,1,1,7,6,False,False
43126e0d-cce96832.jpg,rain,7,5.8,28,2,58,8,False,False
432f9e20-83a0d96c.jpg,rain,7,4.58,3,11,9,3,False,False
43c7ed5c-b0690325.jpg,rain,7,6.5,1,0,10,3,False,False
44cc16d9-d2e06fd6.jpg,rain,7,4.07,14,3,12,5,False,False
45bafa98-1ee18a2f.jpg,rain,7,5.81,,,51,89,True,False
46d048a1-8f7f385c.jpg,rain,7,6.54,1,2,16,9,False,False
46f76df9-8bf77914.jpg,rain,7,6.18,31,1,25,2,False,False
480263a0-5aad7ae9.jpg,rain,7,5.58,,,57,124,True,False
488480d6-b94cf415.jpg,rain,7,5.61,104,34,6,3,False,False
48ed707e-5062e4c3.jpg,rain,7,7.28,360,349,,,False,True
4a289ff2-7da7feb6.jpg,rain,7,7.0,,,34,274,True,False
4a31f3e3-ac7ed780.jpg,rain,7,6.47,6,5,,,False,True
4b2e1dde-65b54419.jpg,rain,7,2.52,4,2,6,4,False,False
4d4a590b-4332c5ab.jpg,rain,7,9.51,24,10,18,6,False,False
5069db50-52f5af30.jpg,rain,7,9.68,3,1,3,1,False,False
50866f46-30d1f303.jpg,rain,7,6.29,16,1,5,0,False,False
50b115d6-4b08a666.jpg,rain,7,3.65,20,4,2,1,False,False
50b2e757-6c7d0f63.jpg,rain,7,7.21,34,3,51,119,False,False
50d0fd05-8db58ebd.jpg,rain,7,5.71,0,1,101,9,False,False
510671e9-603795e0.jpg,rain,7,5.35,9,13,3,4,False,False
514a6d58-0790e0cd.jpg,rain,7,6.65,,,33,7,True,False
5150bb50-300d52ce.jpg,rain,7,7.79,38,6,19,5,False,False
52799e9e-8c8673f3.jpg,rain,7,8.02,17,5,27,1,False,False
52bda346-fd8ac6e7.jpg,rain,7,4.77,0,1,1,1,False,False
534418ba-ee05398f.jpg,rain,7,5.54,18,4,18,3,False,False
54360b72-e00a3f70.jpg,rain,7,5.67,20,42,6,12,False,False
554d7cd5-a32486dd.jpg,rain,7,8.31,66,136,7,6,False,False
559fed19-7893646f.jpg,rain,7,6.65,289,124,11,7,False,False
57165857-e4d4a47f.jpg,rain,7,7.32,0,2,,,False,True
5795bfe7-a599384a.jpg,rain,7,5.9,,,44,395,True,False
57ac74e2-e86131f1.jpg,rain,7,6.91,,,4,24,True,False
57b495f2-6da6b1e5.jpg,rain,7,9.0,3,2,48,4,False,False
585443c8-2621a6b1.jpg,rain,7,7.84,5,2,28,5,False,False
5877b384-2545daf4.jpg,rain,7,6.04,42,2,10,6,False,False
587bb1bf-1aa00fe5.jpg,rain,7,6.13,7,3,1,6,False,False
5995c288-2d152172.jpg,rain,7,6.23,2,2,550,292,False,False
59cde7c7-344bffb1.jpg,rain,7,6.2,65,2,,,False,True
5a8f9b5d-1fdfd2d4.jpg,rain,7,6.0,1,1,14,173,False,False
5ae83f9c-da990b49.jpg,rain,7,6.18,3,1,17,57,False,False
5b2b4881-67a6cb87.jpg,rain,7,5.33,39,4,3,0,False,False
5b2fd56a-37759b05.jpg,rain,7,8.46,314,176,,,False,True
5b4b0b07-2fb56b82.jpg,rain,7,5.64,13,2,1,1,False,False
5bc44a50-c371c4d0.jpg,rain,7,3.96,59,9,7,4,False,False
5c4004b7-bf3b7941.jpg,rain,7,5.26,1,0,1,1,False,False
5c534f5f-a76c7f4b.jpg,rain,7,6.73,18,18,0,1,False,False
5c5dc708-35460444.jpg,rain,7,5.3,,,34,1,True,False
5da6c6b6-76c54605.jpg,rain,7,6.32,,,,,True,True
5dc5141c-5890b5b1.jpg,rain,7,5.14,38,2,22,6,False,False
5dd831da-bd00cf03.jpg,rain,7,7.07,5,13,24,19,False,False
5dfb063f-7bd23d5c.jpg,rain,7,8.57,6,1,13,7,False,False
5e0b701e-d443d8c2.jpg,rain,7,6.51,67,25,16,5,False,False
5e26f49d-0bc53c7e.jpg,rain,7,9.95,2,6,,,False,True
5e26f49d-9271bf00.jpg,rain,7,5.97,14,12,2,4,False,False
5e625ec3-7b4fc682.jpg,rain,7,7.72,1,12,2,6,False,False
5f9387ff-330136ae.jpg,rain,7,5.99,45,5,5,1,False,False
5fa17a25-88b8e6b9.jpg,rain,7,5.73,5,1,17,1,False,False
5fa422e1-2d8dd765.jpg,rain,7,4.25,3,2,26,2,False,False
5fb2a702-f56a339c.jpg,rain,7,6.47,19,2,10,2,False,False
6011831b-0992e205.jpg,rain,7,6.11,21,13,,,False,True
60137cc0-428b8f5b.jpg,rain,7,7.52,10,1,43,7,False,False
604b5b3e-3c2e6b6b.jpg,rain,7,7.13,9,2,6,13,False,False
6092f5a2-424550ba.jpg,rain,7,7.27,38,6,2,1,False,False
60ba25dd-6c0df417.jpg,rain,7,6.64,,,0,0,True,False
60c678e7-4813ae0f.jpg,rain,7,5.18,4,16,,,False,True
614ecada-16b0f8b6.jpg,rain,7,6.62,32,6,3,2,False,False
61e4ad87-53ceb455.jpg,rain,7,6.39,9,4,15,3,False,False
6240d7b3-b51b5788.jpg,rain,7,7.81,,,3,3,True,False
62aefb36-b685117f.jpg,rain,7,6.06,7,6,2,4,False,False
634c1785-3bb9a8a2.jpg,rain,7,6.71,,,25,60,True,False
634c1785-aeb1652f.jpg,rain,7,6.09,235,53,13,13,False,False
63f73472-028615f1.jpg,rain,7,6.45,334,63,,,False,True
6485ad0a-245d1600.jpg,rain,7,7.8,61,1,,,False,True
648dc925-e359dbec.jpg,rain,7,9.57,5,12,21,8,False,False
65edc5a1-f309fed7.jpg,rain,7,5.67,25,34,2,1,False,False
661381d9-1114a810.jpg,rain,7,5.14,6,15,24,5,False,False
664cb246-f84cfaf4.jpg,rain,7,4.93,21,13,5,4,False,False
675cf8fa-4b1ce8b9.jpg,rain,7,4.08,90,15,7,1,False,False
67faeadf-eb09a636.jpg,rain,7,5.31,7,55,16,5,False,False
691be377-5dbc29ee.jpg,rain,7,8.66,10,216,12,1,False,False
692f1303-05178963.jpg,rain,7,6.28,3,27,6,1,False,False
692f9b08-bdbbd729.jpg,rain,7,7.54,20,12,32,6,False,False
69bfbe31-5ee2a642.jpg,rain,7,6.61,14,16,2,2,False,False
69cf7667-68f59649.jpg,rain,7,7.26,8,16,4,2,False,False
69cf7667-7eb40860.jpg,rain,7,4.76,32,12,2,0,False,False
6a44fb9a-05a3dd18.jpg,rain,7,7.0,5,1,22,5,False,False
6a793e80-4f5e207f.jpg,rain,7,8.85,51,17,110,31,False,False
6a82c0d6-b31f6b90.jpg,rain,7,7.18,,,282,396,True,False
6a8d218d-14e4fa28.jpg,rain,7,8.61,3,8,28,48,False,False
6ad110c3-789e7724.jpg,rain,7,3.13,4,6,2,1,False,False
6b15392a-3a1699fd.jpg,rain,7,4.76,,,4,11,True,False
6b784eee-0a5a2c89.jpg,rain,7,7.34,335,69,,,False,True
6bb5a881-15e5c2c4.jpg,rain,7,9.1,4,15,33,15,False,False
6bd41587-d65ba5b4.jpg,rain,7,7.14,22,8,76,20,False,False
6d0d7bef-fb11b6e1.jpg,rain,7,7.69,61,10,,,False,True
6d57736c-a35808b9.jpg,rain,7,10.92,0,1,9,14,False,False
6d8a6d94-00a7ad92.jpg,rain,7,7.05,105,186,2,1,False,False
6eeed3fa-87a1b0c9.jpg,rain,7,6.62,19,10,1,3,False,False
701992bd-8a457895.jpg,rain,7,7.89,19,6,2,0,False,False
7171644d-4e74752e.jpg,rain,7,3.68,2,0,2,3,False,False
7171644d-ee92c71e.jpg,rain,7,5.32,31,6,33,13,False,False
72f22fa5-8af4615c.jpg,rain,7,6.69,2,6,11,2,False,False
72fd00fe-aeadfc89.jpg,rain,7,10.65,1,19,2,0,False,False
730c67a5-563e9b1f.jpg,rain,7,11.83,,,,,True,True
738a2bcd-7a6fde0d.jpg,rain,7,8.9,2,0,153,29,False,False
73aff960-d46366ec.jpg,rain,7,6.11,26,5,,,False,True
73d338d6-edf0b3db.jpg,rain,7,8.93,,,139,299,True,False
75ad1fff-77299093.jpg,rain,7,6.65,,,,,True,True
75f5f52c-6b67e736.jpg,rain,7,-5.26,0,1,8,5,False,False
777005a8-14c739ad.jpg,rain,7,7.64,10,2,208,28,False,False
7771e03b-832e52c0.jpg,rain,7,8.34,191,340,,,False,True
7771e03b-a8f9d50c.jpg,rain,7,5.48,1,3,7,5,False,False
7797fea2-c37f9856.jpg,rain,7,6.81,,,36,247,True,False
77bdbeb0-edb0613f.jpg,rain,7,6.2,36,2,16,10,False,False
77dca577-16a39ea0.jpg,rain,7,6.69,3,1,2,1,False,False
77f810c4-43a39c1f.jpg,rain,7,6.54,6,5,,,False,True
7814206e-8e991d51.jpg,rain,7,8.07,1,2,6,1,False,False
7814206e-ea2508d0.jpg,rain,7,7.67,0,4,27,7,False,False
79e177bc-4d5d3acc.jpg,rain,7,6.12,115,12,0,0,False,False
7aa4ff0f-9d28d8a4.jpg,rain,7,8.55,3,9,5,31,False,False
7ad1174c-373265eb.jpg,rain,7,6.0,,,209,105,True,False
7b268b98-e0ec16c3.jpg,rain,7,7.85,22,6,3,1,False,False
7c5a2048-332896ea.jpg,rain,7,7.5,,,538,524,True,False
7c5d50c5-7292de37.jpg,rain,7,6.38,11,1,30,7,False,False
7d1fe115-936a2f47.jpg,rain,7,7.49,214,29,31,20,False,False
7dc2914d-a20a969a.jpg,rain,7,8.32,229,49,,,False,True
7e4ab78b-4a62c63e.jpg,rain,7,5.42,25,24,,,False,True
7e590c49-93f03732.jpg,rain,7,5.07,236,168,0,0,False,False
7ed57d0a-d7bcc13d.jpg,rain,7,6.54,14,92,107,16,False,False
7f0ef682-c93899df.jpg,rain,7,5.2,9,2,92,27,False,False
7f4ac354-777de900.jpg,rain,7,5.07,27,3,25,4,False,False
7f9bdf0d-c0e0061f.jpg,rain,7,4.45,3,0,6,3,False,False
7fd14da9-a855494b.jpg,rain,7,8.62,13,3,18,1,False,False
801bff84-a72998c7.jpg,rain,7,4.38,3,1,1,3,False,False
8073de38-f7eab6ec.jpg,rain,7,6.47,27,17,9,6,False,False
8082ea05-1a7bcd47.jpg,rain,7,6.59,3,1,3,3,False,False
80ecebc0-ca9605f4.jpg,rain,7,6.57,39,10,,,False,True
81ec3b39-1951f79e.jpg,rain,7,7.02,15,1,16,7,False,False
82b14c0c-79b99258.jpg,rain,7,5.83,37,21,20,11,False,False
82b5fc3b-90cadd1b.jpg,rain,7,3.65,17,37,66,169,False,False
82f03471-8e304dd5.jpg,rain,7,6.18,3,4,148,52,False,False
836fa13a-d6058a12.jpg,rain,7,8.48,49,21,5,11,False,False
84fb3f59-7d5d1fa4.jpg,rain,7,3.23,22,4,24,1,False,False
8542b4da-7795bcfd.jpg,rain,7,7.77,2,1,18,8,False,False
85f3f250-1fef85ac.jpg,rain,7,5.74,2,1,4,0,False,False
87ca2979-d5158824.jpg,rain,7,7.89,8,2,13,0,False,False
889b7dda-77f16103.jpg,rain,7,4.31,39,91,8,6,False,False
88dbf01a-d8b35dee.jpg,rain,7,5.93,13,3,8,1,False,False
897223bc-6938f1ab.jpg,rain,7,6.57,6,3,56,212,False,False
89b7454d-880eacbd.jpg,rain,7,6.95,,,,,True,True
89e85e71-7dd0a7b6.jpg,rain,7,4.77,2,3,3,10,False,False
8a4fbffe-47866ce9.jpg,rain,7,5.89,5,2,920,354,False,False
8a76c101-8bcefc32.jpg,rain,7,6.74,,,51,85,True,False
8b7ef6c4-6bbcf25f.jpg,rain,7,5.45,17,5,58,9,False,False
8bac644e-e0437ead.jpg,rain,7,7.25,,,43,16,True,False
8c94c649-8ba62efa.jpg,rain,7,5.3,5,2,10,1,False,False
8c9bbaa9-34934b66.jpg,rain,7,5.46,,,10,2,True,False
0049e5b8-725e21a0.jpg,rain,8,5.48,7,2,3,1,False,False
0081e27b-17bf4a9e.jpg,rain,8,5.69,13,15,8,10,False,False
00beeb02-50440dcd.jpg,rain,8,4.68,14,9,0,0,False,False
00d4b6b7-7d0a60bf.jpg,rain,8,5.17,167,45,,,False,True
01118704-2d838d7f.jpg,rain,8,6.5,15,4,23,6,False,False
0115917e-14907a6a.jpg,rain,8,5.11,15,2,8,7,False,False
02188a44-65ad27f3.jpg,rain,8,4.68,17,2,,,False,True
02494b7b-079febf8.jpg,rain,8,4.07,293,425,27,10,False,False
029ffd50-dc944dba.jpg,rain,8,3.79,8,1,34,10,False,False
0464a98b-860229d5.jpg,rain,8,5.45,,,21,15,True,False
051aadb7-51aad566.jpg,rain,8,6.72,2,8,,,False,True
051aadb7-e953bc4d.jpg,rain,8,3.15,2,4,0,3,False,False
05743a9b-747658e7.jpg,rain,8,7.83,227,19,10,13,False,False
057af272-6f700aef.jpg,rain,8,5.53,21,0,28,3,False,False
05d62296-30c620d5.jpg,rain,8,5.47,10,4,,,False,True
05e5a68e-f0e05a42.jpg,rain,8,4.69,235,43,3,58,False,False
05fa6494-8f436d04.jpg,rain,8,5.22,89,1,5,3,False,False
060039d9-5218402b.jpg,rain,8,5.38,16,11,61,8,False,False
064aa0d6-f75ff4d5.jpg,rain,8,5.95,27,5,24,5,False,False
07de5062-ddddcbd7.jpg,rain,8,8.57,,,33,26,True,False
088351d1-30833ddc.jpg,rain,8,4.14,35,1,211,59,False,False
08a49c01-675d3899.jpg,rain,8,6.24,6,17,7,11,False,False
08d4285a-4a25b9b6.jpg,rain,8,3.66,,,9,2,True,False
09ac21d6-eefa8ed0.jpg,rain,8,2.33,141,101,6,3,False,False
0a0a0b1a-7c39d841.jpg,rain,8,6.14,36,12,4,0,False,False
0af6039a-f3c91319.jpg,rain,8,5.31,34,18,0,1,False,False
0b2f5d0d-8fddc1fc.jpg,rain,8,3.39,3,6,15,4,False,False
0b4225f9-bfb10f88.jpg,rain,8,6.38,1,23,11,11,False,False
0ba08fe3-880ae118.jpg,rain,8,5.15,15,5,1,5,False,False
0c2f33b9-f94d69b5.jpg,rain,8,5.46,1,3,10,12,False,False
0c984e6d-2b5d7ee4.jpg,rain,8,5.85,94,157,,,False,True
0cb67a01-7cf1687e.jpg,rain,8,7.69,133,3,,,False,True
0cc6f3e8-b4c9e348.jpg,rain,8,5.44,12,14,3,6,False,False
0cf398b3-ce65ab64.jpg,rain,8,-8.95,20,2,96,3,False,False
0d3ec56a-f4cead6f.jpg,rain,8,6.16,,,2,2,True,False
0d61234a-542010b2.jpg,rain,8,0.7,8,2,5,5,False,False
0e442b65-b17e0b50.jpg,rain,8,7.08,1,2,47,1,False,False
0e5c7e92-0d9c60f0.jpg,rain,8,4.63,20,26,4,92,False,False
0f837def-9646c091.jpg,rain,8,6.4,13,2,1,0,False,False
0fba84f9-73b520ee.jpg,rain,8,5.92,40,45,4,1,False,False
101a0964-930eae70.jpg,rain,8,2.73,24,12,7,6,False,False
10389fe8-433c740c.jpg,rain,8,3.92,66,67,,,False,True
10453a95-40759ac3.jpg,rain,8,5.85,,,,,True,True
1072195f-0a161ade.jpg,rain,8,5.38,3,4,28,17,False,False
1072195f-6cf88b25.jpg,rain,8,6.21,35,34,20,7,False,False
11513e3d-150058c3.jpg,rain,8,5.65,1,0,13,1,False,False
1189ae68-1a8ad3c6.jpg,rain,8,7.31,6,1,,,False,True
12076ebb-c07285d7.jpg,rain,8,3.64,1,1,21,1,False,False
125134e5-7dfc45b9.jpg,rain,8,6.01,2,1,,,False,True
12ae9ab8-794f5adc.jpg,rain,8,5.53,6,47,16,27,False,False
13f61134-50021e53.jpg,rain,8,6.95,352,66,35,5,False,False
14eace5a-ddf3b303.jpg,rain,8,6.78,13,0,,,False,True
1608cfe7-32da2c5d.jpg,rain,8,4.63,,,72,66,True,False
162995f1-d2c7d259.jpg,rain,8,5.34,303,138,8,5,False,False
16b0973f-c07b564a.jpg,rain,8,3.84,66,43,9,5,False,False
1784d67b-6b223914.jpg,rain,8,6.05,3,10,2,1,False,False
1784d67b-d76145ce.jpg,rain,8,7.15,188,17,,,False,True
188c58f3-792afc71.jpg,rain,8,3.54,544,124,142,27,False,False
193f7f3b-84bc7998.jpg,rain,8,6.1,2,1,15,20,False,False
194058b0-ac0616a6.jpg,rain,8,4.93,2,110,265,418,False,False
19e56249-09c4bbc6.jpg,rain,8,8.13,,,,,True,True
1a71faae-d5f255fd.jpg,rain,8,6.54,21,2,0,14,False,False
1a8992a7-da5a8510.jpg,rain,8,4.68,43,2,18,5,False,False
1ac0178c-0b259360.jpg,rain,8,8.35,,,,,True,True
1b30f76f-95aa8a06.jpg,rain,8,7.07,9,6,6,13,False,False
1bda5a26-420ceea6.jpg,rain,8,5.36,4,4,9,8,False,False
1bf7f3d2-15f95138.jpg,rain,8,5.74,15,6,11,3,False,False
1c227a12-10e5552c.jpg,rain,8,7.29,17,4,1,6,False,False
1c227a12-ec67af93.jpg,rain,8,6.67,13,2,59,62,False,False
1c5e9657-2e2a2863.jpg,rain,8,4.28,,,,,True,True
1cb2a89b-4594573e.jpg,rain,8,5.32,2,3,1,1,False,False
1cf54809-c6daa5a9.jpg,rain,8,3.28,3,1,22,33,False,False
1d5e05f8-5020f67d.jpg,rain,8,5.47,23,1,3,7,False,False
1e57ae90-806bc767.jpg,rain,8,7.4,59,40,3,48,False,False
1f959fdd-6ff63d34.jpg,rain,8,6.16,3,2,26,4,False,False
1fa65acf-d43367bc.jpg,rain,8,3.93,204,30,,,False,True
20cfadfa-47711496.jpg,rain,8,5.73,8,19,6,15,False,False
20cfadfa-6f87fdc1.jpg,rain,8,6.81,18,15,1,6,False,False
225a1858-0e3a4b04.jpg,rain,8,3.95,258,93,,,False,True
22be2f14-59fbdca0.jpg,rain,8,5.93,,,,,True,True
23333f35-0cbc3f0f.jpg,rain,8,6.4,113,14,,,False,True
23df146f-64b50e4c.jpg,rain,8,7.66,38,17,8,1,False,False
24392d7c-998011c2.jpg,rain,8,6.11,,,,,True,True
250e7595-b14da270.jpg,rain,8,5.68,4,15,84,11,False,False
26190b83-39ccb412.jpg,rain,8,4.66,2,17,16,1,False,False
272d52f6-8aac36b3.jpg,rain,8,2.08,33,8,18,3,False,False
2752681a-e813599a.jpg,rain,8,6.35,203,137,14,18,False,False
27645526-f038b033.jpg,rain,8,3.13,25,14,434,142,False,False
2773af6f-23e23a6b.jpg,rain,8,4.47,4,5,,,False,True
28faf684-03ef4c6e.jpg,rain,8,6.62,12,6,1,4,False,False
292720ee-d847ee69.jpg,rain,8,9.45,,,,,True,True
2b54fe2d-c5b810e6.jpg,rain,8,4.69,2,1,29,46,False,False
2b605c48-8dfe352b.jpg,rain,8,5.62,13,17,16,6,False,False
2beccce2-354608e2.jpg,rain,8,5.46,7,53,8,111,False,False
2c87e51d-aa7a8031.jpg,rain,8,7.36,183,27,,,False,True
2ce0b449-e818dc97.jpg,rain,8,7.49,,,,,True,True
2cf976a2-479cd46b.jpg,rain,8,4.13,21,13,12,13,False,False
2e2fae77-b7497ca0.jpg,rain,8,4.79,29,296,,,False,True
2ead8042-2493c03f.jpg,rain,8,3.21,0,1,0,2,False,False
2f1864c1-1a17d11c.jpg,rain,8,3.21,,,165,51,True,False
2f879dc0-b09e4824.jpg,rain,8,5.94,17,7,20,7,False,False
2fc9ad1e-ee4c9e43.jpg,rain,8,6.35,1,20,40,7,False,False
3050b249-0ffbd6ec.jpg,rain,8,7.08,,,,,True,True
314cc010-3eab5c90.jpg,rain,8,6.28,,,1,0,True,False
31765c6b-90b0d612.jpg,rain,8,5.78,3,255,,,False,True
31cf6eba-5c84c636.jpg,rain,8,2.28,24,7,22,2,False,False
32de2244-122f1783.jpg,rain,8,7.56,17,0,16,1,False,False
33420085-32996107.jpg,rain,8,9.07,0,1,20,34,False,False
3430a5e6-00ec38d2.jpg,rain,8,-4.39,4,2,3,4,False,False
35eb46d0-8f7e28a0.jpg,rain,8,7.97,0,1,4,1,False,False
3735fc3d-69d8b80c.jpg,rain,8,7.08,,,,,True,True
3740cd4f-ff1d423d.jpg,rain,8,2.93,6,24,11,3,False,False
375abba2-9f2ed56c.jpg,rain,8,6.06,354,380,131,32,False,False
37723e55-31730cf5.jpg,rain,8,3.93,,,,,True,True
380a3f8e-ba4f0def.jpg,rain,8,9.92,7,13,8,6,False,False
385b0f61-1aee12ef.jpg,rain,8,4.17,14,15,,,False,True
3865fea7-b4fe472d.jpg,rain,8,4.97,2,92,,,False,True
38e561dd-8ea8ae2d.jpg,rain,8,4.88,10,3,5,1,False,False
38ed8d8d-93c48de2.jpg,rain,8,6.59,16,8,58,35,False,False
38ed8d8d-b1c230ef.jpg,rain,8,6.2,23,12,3,2,False,False
38ed8d8d-fa50400c.jpg,rain,8,5.21,11,2,11,18,False,False
3900ad8c-8834019f.jpg,rain,8,4.07,,,34,9,True,False
39ddb110-04604b9c.jpg,rain,8,3.93,5,2,2,8,False,False
39fc6d1c-6155351d.jpg,rain,8,5.76,,,33,10,True,False
3a278d39-b92df256.jpg,rain,8,5.92,115,44,26,22,False,False
3a3407a2-df8ea956.jpg,rain,8,2.32,9,10,10,1,False,False
3ad0c4a7-2a3d544e.jpg,rain,8,3.4,5,54,23,1,False,False
3b1e1bc1-ee64e36e.jpg,rain,8,5.11,3,20,10,3,False,False
3b44ef5a-c09e8479.jpg,rain,8,4.67,28,35,116,89,False,False
3b563c5e-0102edaf.jpg,rain,8,4.23,2,28,3,0,False,False
3b9716a6-d2566395.jpg,rain,8,7.5,,,131,3,True,False
3c0bbdc2-79baffce.jpg,rain,8,6.2,26,10,,,False,True
3c5752b6-9c0bdf98.jpg,rain,8,6.42,,,125,26,True,False
3c95ae26-68abac3f.jpg,rain,8,5.47,,,,,True,True
3e0f1745-a95a63ad.jpg,rain,8,3.65,17,3,2,18,False,False
3f4eb6a6-9eee52f9.jpg,rain,8,6.18,1,34,23,78,False,False
3f85a987-1ef4053b.jpg,rain,8,6.1,,,125,266,True,False
3fe1feaa-10126fec.jpg,rain,8,6.12,,,,,True,True
3ffdaa26-b394f6f8.jpg,rain,8,3.62,18,12,37,1,False,False
4027c10d-41d54e9b.jpg,rain,8,4.6,2,3,0,1,False,False
428e99ea-4166e549.jpg,rain,8,7.69,93,1,103,87,False,False
42e0dd11-74b81997.jpg,rain,8,9.38,7,14,21,7,False,False
430395d1-931c959e.jpg,rain,8,4.93,4,13,15,3,False,False
43126e0d-495d04a5.jpg,rain,8,4.75,7,3,4,6,False,False
43126e0d-cce96832.jpg,rain,8,4.97,42,2,48,6,False,False
432f9e20-83a0d96c.jpg,rain,8,3.7,2,1,6,3,False,False
43c7ed5c-b0690325.jpg,rain,8,5.69,2,0,36,9,False,False
44cc16d9-d2e06fd6.jpg,rain,8,3.24,75,35,21,6,False,False
45bafa98-1ee18a2f.jpg,rain,8,4.95,,,,,True,True
46d048a1-8f7f385c.jpg,rain,8,5.68,1,1,16,9,False,False
46f76df9-8bf77914.jpg,rain,8,5.41,7,7,18,1,False,False
480263a0-5aad7ae9.jpg,rain,8,4.76,,,189,110,True,False
488480d6-b94cf415.jpg,rain,8,4.81,,,23,10,True,False
48ed707e-5062e4c3.jpg,rain,8,6.52,,,,,True,True
4a289ff2-7da7feb6.jpg,rain,8,6.27,,,45,133,True,False
4a31f3e3-ac7ed780.jpg,rain,8,5.68,32,5,,,False,True
4b2e1dde-65b54419.jpg,rain,8,1.71,5,0,1,2,False,False
4d4a590b-4332c5ab.jpg,rain,8,8.75,20,38,2,0,False,False
5069db50-52f5af30.jpg,rain,8,8.89,8,2,5,5,False,False
50866f46-30d1f303.jpg,rain,8,5.45,16,2,2,1,False,False
50b115d6-4b08a666.jpg,rain,8,2.81,27,4,229,123,False,False
50b2e757-6c7d0f63.jpg,rain,8,6.42,,,29,73,True,False
50d0fd05-8db58ebd.jpg,rain,8,4.89,0,1,95,9,False,False
510671e9-603795e0.jpg,rain,8,4.5,4,33,0,1,False,False
514a6d58-0790e0cd.jpg,rain,8,5.88,,,,,True,True
5150bb50-300d52ce.jpg,rain,8,7.04,50,9,18,6,False,False
52799e9e-8c8673f3.jpg,rain,8,7.22,35,37,20,1,False,False
52bda346-fd8ac6e7.jpg,rain,8,3.9,1,2,0,7,False,False
534418ba-ee05398f.jpg,rain,8,4.74,8,3,6,1,False,False
54360b72-e00a3f70.jpg,rain,8,4.87,248,28,9,10,False,False
554d7cd5-a32486dd.jpg,rain,8,7.5,20,18,16,13,False,False
559fed19-7893646f.jpg,rain,8,5.86,165,124,417,28,False,False
57165857-e4d4a47f.jpg,rain,8,6.55,23,5,,,False,True
5795bfe7-a599384a.jpg,rain,8,5.09,190,9,2,1,False,False
57ac74e2-e86131f1.jpg,rain,8,6.08,,,0,25,True,False
57b495f2-6da6b1e5.jpg,rain,8,8.2,7,1,47,5,False,False
585443c8-2621a6b1.jpg,rain,8,7.02,15,1,13,4,False,False
5877b384-2545daf4.jpg,rain,8,5.24,22,3,22,8,False,False
587bb1bf-1aa00fe5.jpg,rain,8,5.25,0,4,4,0,False,False
5995c288-2d152172.jpg,rain,8,5.41,1,1,,,False,True
59cde7c7-344bffb1.jpg,rain,8,5.37,83,21,,,False,True
5a8f9b5d-1fdfd2d4.jpg,rain,8,5.34,0,5,146,265,False,False
5ae83f9c-da990b49.jpg,rain,8,5.36,8,3,1,34,False,False
5b2b4881-67a6cb87.jpg,rain,8,4.5,39,3,7,0,False,False
5b2fd56a-37759b05.jpg,rain,8,7.77,,,,,True,True
5b4b0b07-2fb56b82.jpg,rain,8,4.79,5,0,3,2,False,False
5bc44a50-c371c4d0.jpg,rain,8,3.14,37,7,3,1,False,False
5c4004b7-bf3b7941.jpg,rain,8,4.38,24,7,2,0,False,False
5c534f5f-a76c7f4b.jpg,rain,8,5.98,5,7,3,0,False,False
5c5dc708-35460444.jpg,rain,8,4.46,,,25,18,True,False
5da6c6b6-76c54605.jpg,rain,8,5.49,,,20,13,True,False
5dc5141c-5890b5b1.jpg,rain,8,4.28,24,1,29,3,False,False
5dd831da-bd00cf03.jpg,rain,8,6.26,6,17,37,130,False,False
5dfb063f-7bd23d5c.jpg,rain,8,7.87,19,7,12,6,False,False
5e0b701e-d443d8c2.jpg,rain,8,5.72,4,10,12,17,False,False
5e26f49d-0bc53c7e.jpg,rain,8,9.27,,,,,True,True
5e26f49d-9271bf00.jpg,rain,8,5.1,,,2,4,True,False
5e625ec3-7b4fc682.jpg,rain,8,6.94,12,13,3,9,False,False
5f9387ff-330136ae.jpg,rain,8,5.18,,,,,True,True
5fa17a25-88b8e6b9.jpg,rain,8,4.93,,,1,18,True,False
5fa422e1-2d8dd765.jpg,rain,8,3.41,6,1,2,7,False,False
5fb2a702-f56a339c.jpg,rain,8,5.67,18,3,12,2,False,False
6011831b-0992e205.jpg,rain,8,5.33,17,48,,,False,True
60137cc0-428b8f5b.jpg,rain,8,6.75,17,3,57,12,False,False
604b5b3e-3c2e6b6b.jpg,rain,8,6.38,17,7,6,13,False,False
6092f5a2-424550ba.jpg,rain,8,6.55,43,5,6,15,False,False
60ba25dd-6c0df417.jpg,rain,8,5.85,,,1,0,True,False
60c678e7-4813ae0f.jpg,rain,8,4.36,3,17,,,False,True
614ecada-16b0f8b6.jpg,rain,8,5.78,3,4,0,3,False,False
61e4ad87-53ceb455.jpg,rain,8,5.56,8,4,60,28,False,False
6240d7b3-b51b5788.jpg,rain,8,6.99,,,,,True,True
62aefb36-b685117f.jpg,rain,8,5.23,2,7,3,7,False,False
634c1785-3bb9a8a2.jpg,rain,8,5.88,,,,,True,True
634c1785-aeb1652f.jpg,rain,8,5.26,231,60,10,5,False,False
63f73472-028615f1.jpg,rain,8,5.64,111,2,,,False,True
6485ad0a-245d1600.jpg,rain,8,7.02,63,8,,,False,True
648dc925-e359dbec.jpg,rain,8,8.81,2,7,5,0,False,False
65edc5a1-f309fed7.jpg,rain,8,4.85,12,9,5,25,False,False
661381d9-1114a810.jpg,rain,8,4.27,6,15,31,9,False,False
664cb246-f84cfaf4.jpg,rain,8,4.1,15,17,11,5,False,False
675cf8fa-4b1ce8b9.jpg,rain,8,3.23,54,3,65,21,False,False
67faeadf-eb09a636.jpg,rain,8,4.45,1,8,15,6,False,False
691be377-5dbc29ee.jpg,rain,8,7.9,2,2,3,11,False,False
692f1303-05178963.jpg,rain,8,5.5,37,2,37,6,False,False
692f9b08-bdbbd729.jpg,rain,8,6.74,20,12,30,6,False,False
69bfbe31-5ee2a642.jpg,rain,8,5.76,9,3,11,7,False,False
69cf7667-68f59649.jpg,rain,8,6.48,3,7,4,3,False,False
69cf7667-7eb40860.jpg,rain,8,4.01,6,8,21,3,False,False
6a44fb9a-05a3dd18.jpg,rain,8,6.22,0,3,24,4,False,False
6a793e80-4f5e207f.jpg,rain,8,8.06,25,10,53,33,False,False
6a82c0d6-b31f6b90.jpg,rain,8,6.37,,,285,385,True,False
6a8d218d-14e4fa28.jpg,rain,8,7.81,11,12,11,19,False,False
6ad110c3-789e7724.jpg,rain,8,2.3,5,2,6,4,False,False
6b15392a-3a1699fd.jpg,rain,8,3.99,,,7,23,True,False
6b784eee-0a5a2c89.jpg,rain,8,6.56,328,77,,,False,True
6bb5a881-15e5c2c4.jpg,rain,8,8.33,0,1,31,10,False,False
6bd41587-d65ba5b4.jpg,rain,8,6.34,25,14,,,False,True
6d0d7bef-fb11b6e1.jpg,rain,8,6.93,390,53,,,False,True
6d57736c-a35808b9.jpg,rain,8,10.24,9,23,0,0,False,False
6d8a6d94-00a7ad92.jpg,rain,8,6.26,,,2,2,True,False
6eeed3fa-87a1b0c9.jpg,rain,8,5.81,94,0,,,False,True
701992bd-8a457895.jpg,rain,8,7.07,17,3,18,1,False,False
7171644d-4e74752e.jpg,rain,8,2.84,12,2,1,1,False,False
7171644d-ee92c71e.jpg,rain,8,4.46,5,1,10,7,False,False
72f22fa5-8af4615c.jpg,rain,8,5.92,19,2,15,3,False,False
72fd00fe-aeadfc89.jpg,rain,8,9.86,1,22,12,14,False,False
730c67a5-563e9b1f.jpg,rain,8,11.17,,,,,True,True
738a2bcd-7a6fde0d.jpg,rain,8,8.12,2,2,153,30,False,False
73aff960-d46366ec.jpg,rain,8,5.26,26,5,,,False,True
73d338d6-edf0b3db.jpg,rain,8,8.15,,,287,187,True,False
75ad1fff-77299093.jpg,rain,8,5.86,,,,,True,True
75f5f52c-6b67e736.jpg,rain,8,-6.12,10,13,1,1,False,False
777005a8-14c739ad.jpg,rain,8,6.83,26,17,2,31,False,False
7771e03b-832e52c0.jpg,rain,8,7.57,,,,,True,True
7771e03b-a8f9d50c.jpg,rain,8,4.6,,,4,1,True,False
7797fea2-c37f9856.jpg,rain,8,6.04,,,,,True,True
77bdbeb0-edb0613f.jpg,rain,8,5.41,36,2,10,3,False,False
77dca577-16a39ea0.jpg,rain,8,5.89,8,0,18,24,False,False
77f810c4-43a39c1f.jpg,rain,8,5.75,2,1,,,False,True
7814206e-8e991d51.jpg,rain,8,7.26,3,3,6,2,False,False
7814206e-ea2508d0.jpg,rain,8,6.81,19,7,9,0,False,False
79e177bc-4d5d3acc.jpg,rain,8,5.3,100,207,0,0,False,False
7aa4ff0f-9d28d8a4.jpg,rain,8,7.68,17,15,7,33,False,False
7ad1174c-373265eb.jpg,rain,8,5.18,40,36,,,False,True
7b268b98-e0ec16c3.jpg,rain,8,6.97,12,1,44,13,False,False
7c5a2048-332896ea.jpg,rain,8,6.71,,,,,True,True
7c5d50c5-7292de37.jpg,rain,8,5.55,5,0,21,3,False,False
7d1fe115-936a2f47.jpg,rain,8,6.67,212,28,3,2,False,False
7dc2914d-a20a969a.jpg,rain,8,7.49,212,51,,,False,True
7e4ab78b-4a62c63e.jpg,rain,8,4.61,11,8,,,False,True
7e590c49-93f03732.jpg,rain,8,4.21,67,225,0,0,False,False
7ed57d0a-d7bcc13d.jpg,rain,8,5.78,,,110,14,True,False
7f0ef682-c93899df.jpg,rain,8,4.33,,,36,18,True,False
7f4ac354-777de900.jpg,rain,8,4.23,16,11,26,1,False,False
7f9bdf0d-c0e0061f.jpg,rain,8,3.59,0,0,,,False,True
7fd14da9-a855494b.jpg,rain,8,7.8,16,8,14,2,False,False
801bff84-a72998c7.jpg,rain,8,3.49,2,5,22,39,False,False
8073de38-f7eab6ec.jpg,rain,8,5.67,27,18,10,6,False,False
8082ea05-1a7bcd47.jpg,rain,8,5.78,4,3,5,4,False,False
80ecebc0-ca9605f4.jpg,rain,8,5.78,64,7,6,9,False,False
81ec3b39-1951f79e.jpg,rain,8,6.21,12,1,17,22,False,False
82b14c0c-79b99258.jpg,rain,8,4.97,35,3,9,6,False,False
82b5fc3b-90cadd1b.jpg,rain,8,2.8,32,1,17,368,False,False
82f03471-8e304dd5.jpg,rain,8,5.36,105,17,128,50,False,False
836fa13a-d6058a12.jpg,rain,8,7.68,1,1,26,22,False,False
84fb3f59-7d5d1fa4.jpg,rain,8,2.37,126,76,89,3,False,False
8542b4da-7795bcfd.jpg,rain,8,6.96,5,4,19,9,False,False
85f3f250-1fef85ac.jpg,rain,8,4.9,4,0,7,2,False,False
87ca2979-d5158824.jpg,rain,8,7.04,2,5,6,2,False,False
889b7dda-77f16103.jpg,rain,8,3.47,39,87,4,3,False,False
88dbf01a-d8b35dee.jpg,rain,8,5.1,11,2,23,7,False,False
897223bc-6938f1ab.jpg,rain,8,5.75,108,15,51,281,False,False
89b7454d-880eacbd.jpg,rain,8,6.17,,,,,True,True
89e85e71-7dd0a7b6.jpg,rain,8,3.93,3,0,5,10,False,False
8a4fbffe-47866ce9.jpg,rain,8,5.04,0,20,14,6,False,False
8a76c101-8bcefc32.jpg,rain,8,5.94,8,9,1,1,False,False
8b7ef6c4-6bbcf25f.jpg,rain,8,4.65,37,5,55,6,False,False
8bac644e-e0437ead.jpg,rain,8,6.42,,,16,2,True,False
8c94c649-8ba62efa.jpg,rain,8,4.43,,,,,True,True
8c9bbaa9-34934b66.jpg,rain,8,4.59,,,13,2,True,False
0049e5b8-725e21a0.jpg,rain,9,4.81,41,11,9,6,False,False
0081e27b-17bf4a9e.jpg,rain,9,5.0,126,811,20,2,False,False
00beeb02-50440dcd.jpg,rain,9,3.94,9,3,1,0,False,False
00d4b6b7-7d0a60bf.jpg,rain,9,4.52,,,,,True,True
01118704-2d838d7f.jpg,rain,9,5.81,19,1,32,16,False,False
0115917e-14907a6a.jpg,rain,9,4.41,5,2,3,5,False,False
02188a44-65ad27f3.jpg,rain,9,3.95,195,48,,,False,True
02494b7b-079febf8.jpg,rain,9,3.31,,,10,8,True,False
029ffd50-dc944dba.jpg,rain,9,3.05,5,2,35,9,False,False
0464a98b-860229d5.jpg,rain,9,4.7,,,18,6,True,False
051aadb7-51aad566.jpg,rain,9,6.06,,,,,True,True
051aadb7-e953bc4d.jpg,rain,9,2.45,1,5,1,3,False,False
05743a9b-747658e7.jpg,rain,9,7.18,210,33,3,11,False,False
057af272-6f700aef.jpg,rain,9,4.8,6,10,4,6,False,False
05d62296-30c620d5.jpg,rain,9,4.73,159,59,2,1,False,False
05e5a68e-f0e05a42.jpg,rain,9,4.04,120,263,61,23,False,False
05fa6494-8f436d04.jpg,rain,9,4.5,52,5,9,3,False,False
060039d9-5218402b.jpg,rain,9,4.62,5,11,10,2,False,False
064aa0d6-f75ff4d5.jpg,rain,9,5.26,40,3,18,7,False,False
07de5062-ddddcbd7.jpg,rain,9,7.81,,,1,11,True,False
088351d1-30833ddc.jpg,rain,9,3.42,31,0,128,117,False,False
08a49c01-675d3899.jpg,rain,9,5.56,4,4,10,10,False,False
08d4285a-4a25b9b6.jpg,rain,9,2.92,,,7,3,True,False
09ac21d6-eefa8ed0.jpg,rain,9,1.58,,,37,3,True,False
0a0a0b1a-7c39d841.jpg,rain,9,5.43,2,0,5,4,False,False
0af6039a-f3c91319.jpg,rain,9,4.59,59,28,6,4,False,False
0b2f5d0d-8fddc1fc.jpg,rain,9,2.67,46,10,33,4,False,False
0b4225f9-bfb10f88.jpg,rain,9,5.69,5,4,16,13,False,False
0ba08fe3-880ae118.jpg,rain,9,4.41,19,11,24,14,False,False
0c2f33b9-f94d69b5.jpg,rain,9,4.74,1,7,43,25,False,False
0c984e6d-2b5d7ee4.jpg,rain,9,5.17,,,,,True,True
0cb67a01-7cf1687e.jpg,rain,9,7.05,120,238,,,False,True
0cc6f3e8-b4c9e348.jpg,rain,9,4.75,8,2,11,41,False,False
0cf398b3-ce65ab64.jpg,rain,9,-9.7,22,2,111,4,False,False
0d3ec56a-f4cead6f.jpg,rain,9,5.46,,,5,1,True,False
0d61234a-542010b2.jpg,rain,9,-0.05,8,5,6,4,False,False
0e442b65-b17e0b50.jpg,rain,9,6.35,16,4,,,False,True
0e5c7e92-0d9c60f0.jpg,rain,9,3.9,32,32,4,7,False,False
0f837def-9646c091.jpg,rain,9,5.74,17,3,1,1,False,False
0fba84f9-73b520ee.jpg,rain,9,5.21,,,24,7,True,False
101a0964-930eae70.jpg,rain,9,2.05,,,1,3,True,False
10389fe8-433c740c.jpg,rain,9,3.22,37,155,,,False,True
10453a95-40759ac3.jpg,rain,9,5.16,,,,,True,True
1072195f-0a161ade.jpg,rain,9,4.68,4,4,,,False,True
1072195f-6cf88b25.jpg,rain,9,5.5,88,215,211,16,False,False
11513e3d-150058c3.jpg,rain,9,4.95,7,5,63,14,False,False
1189ae68-1a8ad3c6.jpg,rain,9,6.62,1,5,,,False,True
12076ebb-c07285d7.jpg,rain,9,2.9,43,6,4,0,False,False
125134e5-7dfc45b9.jpg,rain,9,5.35,7,5,,,False,True
12ae9ab8-794f5adc.jpg,rain,9,4.87,0,58,20,26,False,False
13f61134-50021e53.jpg,rain,9,6.27,20,5,48,1,False,False
14eace5a-ddf3b303.jpg,rain,9,6.05,7,2,,,False,True
1608cfe7-32da2c5d.jpg,rain,9,3.93,,,,,True,True
162995f1-d2c7d259.jpg,rain,9,4.67,455,144,25,22,False,False
16b0973f-c07b564a.jpg,rain,9,3.08,15,17,1,2,False,False
1784d67b-6b223914.jpg,rain,9,5.36,3,7,1,2,False,False
1784d67b-d76145ce.jpg,rain,9,6.47,33,7,,,False,True
188c58f3-792afc71.jpg,rain,9,2.79,,,372,129,True,False
193f7f3b-84bc7998.jpg,rain,9,5.39,105,41,1,5,False,False
194058b0-ac0616a6.jpg,rain,9,4.24,128,51,20,64,False,False
19e56249-09c4bbc6.jpg,rain,9,7.61,,,,,True,True
1a71faae-d5f255fd.jpg,rain,9,5.83,11,2,2,2,False,False
1a8992a7-da5a8510.jpg,rain,9,3.92,44,2,10,4,False,False
1ac0178c-0b259360.jpg,rain,9,7.77,,,,,True,True
1b30f76f-95aa8a06.jpg,rain,9,6.44,12,9,162,9,False,False
1bda5a26-420ceea6.jpg,rain,9,4.64,7,6,5,5,False,False
1bf7f3d2-15f95138.jpg,rain,9,5.05,1,14,6,0,False,False
1c227a12-10e5552c.jpg,rain,9,6.61,1,0,65,217,False,False
1c227a12-ec67af93.jpg,rain,9,5.97,5,2,12,5,False,False
1c5e9657-2e2a2863.jpg,rain,9,3.55,22,11,14,4,False,False
1cb2a89b-4594573e.jpg,rain,9,4.55,42,8,14,6,False,False
1cf54809-c6daa5a9.jpg,rain,9,2.54,1,0,45,59,False,False
1d5e05f8-5020f67d.jpg,rain,9,4.8,15,23,5,3,False,False
1e57ae90-806bc767.jpg,rain,9,6.73,,,18,55,True,False
1f959fdd-6ff63d34.jpg,rain,9,5.48,3,2,35,3,False,False
1fa65acf-d43367bc.jpg,rain,9,3.19,172,23,,,False,True
20cfadfa-47711496.jpg,rain,9,5.04,16,56,3,9,False,False
20cfadfa-6f87fdc1.jpg,rain,9,6.14,9,9,1,1,False,False
225a1858-0e3a4b04.jpg,rain,9,3.22,293,61,36,0,False,False
22be2f14-59fbdca0.jpg,rain,9,5.22,,,2,15,True,False
23333f35-0cbc3f0f.jpg,rain,9,5.76,107,9,,,False,True
23df146f-64b50e4c.jpg,rain,9,6.98,38,17,15,1,False,False
24392d7c-998011c2.jpg,rain,9,5.49,,,,,True,True
250e7595-b14da270.jpg,rain,9,4.99,9,16,103,3,False,False
26190b83-39ccb412.jpg,rain,9,3.89,257,5,10,1,False,False
272d52f6-8aac36b3.jpg,rain,9,1.36,41,4,,,False,True
2752681a-e813599a.jpg,rain,9,5.7,301,218,18,17,False,False
27645526-f038b033.jpg,rain,9,2.41,23,15,7,395,False,False
2773af6f-23e23a6b.jpg,rain,9,3.75,,,,,True,True
28faf684-03ef4c6e.jpg,rain,9,5.83,,,7,14,True,False
292720ee-d847ee69.jpg,rain,9,8.81,,,,,True,True
2b54fe2d-c5b810e6.jpg,rain,9,3.97,5,2,0,31,False,False
2b605c48-8dfe352b.jpg,rain,9,4.91,6,47,42,14,False,False
2beccce2-354608e2.jpg,rain,9,4.75,200,658,3,49,False,False
2c87e51d-aa7a8031.jpg,rain,9,6.79,183,28,296,220,False,False
2ce0b449-e818dc97.jpg,rain,9,6.85,6,5,,,False,True
2cf976a2-479cd46b.jpg,rain,9,3.39,28,10,5,6,False,False
2e2fae77-b7497ca0.jpg,rain,9,4.06,,,,,True,True
2ead8042-2493c03f.jpg,rain,9,2.49,42,7,20,6,False,False
2f1864c1-1a17d11c.jpg,rain,9,2.52,,,,,True,True
2f879dc0-b09e4824.jpg,rain,9,5.29,10,6,9,1,False,False
2fc9ad1e-ee4c9e43.jpg,rain,9,5.64,2,3,82,14,False,False
3050b249-0ffbd6ec.jpg,rain,9,6.4,,,406,215,True,False
314cc010-3eab5c90.jpg,rain,9,5.61,,,0,0,True,False
31765c6b-90b0d612.jpg,rain,9,5.07,,,,,True,True
31cf6eba-5c84c636.jpg,rain,9,1.52,7,3,0,1,False,False
32de2244-122f1783.jpg,rain,9,6.83,27,3,16,1,False,False
33420085-32996107.jpg,rain,9,8.41,2,2,118,25,False,False
3430a5e6-00ec38d2.jpg,rain,9,-5.13,2,3,2,5,False,False
35eb46d0-8f7e28a0.jpg,rain,9,7.26,23,8,1,2,False,False
3735fc3d-69d8b80c.jpg,rain,9,6.43,,,,,True,True
3740cd4f-ff1d423d.jpg,rain,9,2.17,20,31,11,2,False,False
375abba2-9f2ed56c.jpg,rain,9,5.38,,,140,32,True,False
37723e55-31730cf5.jpg,rain,9,3.2,246,19,,,False,True
380a3f8e-ba4f0def.jpg,rain,9,9.27,19,6,,,False,True
385b0f61-1aee12ef.jpg,rain,9,3.49,11,9,,,False,True
3865fea7-b4fe472d.jpg,rain,9,4.29,31,58,,,False,True
38e561dd-8ea8ae2d.jpg,rain,9,4.15,3,1,9,1,False,False
38ed8d8d-93c48de2.jpg,rain,9,5.88,,,15,30,True,False
38ed8d8d-b1c230ef.jpg,rain,9,5.48,3,4,9,13,False,False
38ed8d8d-fa50400c.jpg,rain,9,4.49,5,4,14,30,False,False
3900ad8c-8834019f.jpg,rain,9,3.33,199,89,49,7,False,False
39ddb110-04604b9c.jpg,rain,9,3.22,1,1,13,20,False,False
39fc6d1c-6155351d.jpg,rain,9,5.02,165,40,30,6,False,False
3a278d39-b92df256.jpg,rain,9,5.25,13,4,9,1,False,False
3a3407a2-df8ea956.jpg,rain,9,1.59,17,14,20,1,False,False
3ad0c4a7-2a3d544e.jpg,rain,9,2.68,,,33,4,True,False
3b1e1bc1-ee64e36e.jpg,rain,9,4.39,4,41,366,230,False,False
3b44ef5a-c09e8479.jpg,rain,9,4.01,30,3,7,73,False,False
3b563c5e-0102edaf.jpg,rain,9,3.5,19,4,13,5,False,False
3b9716a6-d2566395.jpg,rain,9,6.81,,,,,True,True
3c0bbdc2-79baffce.jpg,rain,9,5.48,16,4,,,False,True
3c5752b6-9c0bdf98.jpg,rain,9,5.82,,,95,26,True,False
3c95ae26-68abac3f.jpg,rain,9,4.78,,,,,True,True
3e0f1745-a95a63ad.jpg,rain,9,2.95,13,3,6,21,False,False
3f4eb6a6-9eee52f9.jpg,rain,9,5.48,49,97,411,38,False,False
3f85a987-1ef4053b.jpg,rain,9,5.44,,,127,265,True,False
3fe1feaa-10126fec.jpg,rain,9,5.45,,,,,True,True
3ffdaa26-b394f6f8.jpg,rain,9,2.87,,,27,2,True,False
4027c10d-41d54e9b.jpg,rain,9,3.89,26,9,7,0,False,False
428e99ea-4166e549.jpg,rain,9,7.01,94,1,116,55,False,False
42e0dd11-74b81997.jpg,rain,9,8.72,5,1,18,3,False,False
430395d1-931c959e.jpg,rain,9,4.26,7,14,42,1,False,False
43126e0d-495d04a5.jpg,rain,9,4.01,7,3,56,1,False,False
43126e0d-cce96832.jpg,rain,9,4.24,41,4,19,8,False,False
432f9e20-83a0d96c.jpg,rain,9,2.93,0,1,45,12,False,False
43c7ed5c-b0690325.jpg,rain,9,5.01,1,0,36,9,False,False
44cc16d9-d2e06fd6.jpg,rain,9,2.51,17,4,32,9,False,False
45bafa98-1ee18a2f.jpg,rain,9,4.23,,,,,True,True
46d048a1-8f7f385c.jpg,rain,9,4.93,1,2,23,7,False,False
46f76df9-8bf77914.jpg,rain,9,4.74,3,2,17,0,False,False
480263a0-5aad7ae9.jpg,rain,9,4.06,,,305,85,True,False
488480d6-b94cf415.jpg,rain,9,4.11,117,1,5,5,False,False
48ed707e-5062e4c3.jpg,rain,9,5.85,,,,,True,True
4a289ff2-7da7feb6.jpg,rain,9,5.64,,,205,264,True,False
4a31f3e3-ac7ed780.jpg,rain,9,5.0,23,141,,,False,True
4b2e1dde-65b54419.jpg,rain,9,1.0,5,1,12,14,False,False
4d4a590b-4332c5ab.jpg,rain,9,8.08,1,15,,,False,True
5069db50-52f5af30.jpg,rain,9,8.2,7,2,5,1,False,False
50866f46-30d1f303.jpg,rain,9,4.73,14,5,2,2,False,False
50b115d6-4b08a666.jpg,rain,9,2.07,13,5,3,0,False,False
50b2e757-6c7d0f63.jpg,rain,9,5.72,,,,,True,True
50d0fd05-8db58ebd.jpg,rain,9,4.14,9,3,116,75,False,False
510671e9-603795e0.jpg,rain,9,3.77,39,156,17,10,False,False
514a6d58-0790e0cd.jpg,rain,9,5.26,,,26,2,True,False
5150bb50-300d52ce.jpg,rain,9,6.4,12,2,7,0,False,False
52799e9e-8c8673f3.jpg,rain,9,6.54,,,54,19,True,False
52bda346-fd8ac6e7.jpg,rain,9,3.15,0,1,10,5,False,False
534418ba-ee05398f.jpg,rain,9,4.02,9,2,3,1,False,False
54360b72-e00a3f70.jpg,rain,9,4.18,234,32,1,6,False,False
554d7cd5-a32486dd.jpg,rain,9,6.78,,,8,3,True,False
559fed19-7893646f.jpg,rain,9,5.15,139,84,443,28,False,False
57165857-e4d4a47f.jpg,rain,9,5.87,,,,,True,True
5795bfe7-a599384a.jpg,rain,9,4.39,,,,,True,True
57ac74e2-e86131f1.jpg,rain,9,5.38,,,8,31,True,False
57b495f2-6da6b1e5.jpg,rain,9,7.47,23,5,48,5,False,False
585443c8-2621a6b1.jpg,rain,9,6.3,3,1,27,5,False,False
5877b384-2545daf4.jpg,rain,9,4.55,10,7,,,False,True
587bb1bf-1aa00fe5.jpg,rain,9,4.5,17,30,,,False,True
5995c288-2d152172.jpg,rain,9,4.71,0,1,,,False,True
59cde7c7-344bffb1.jpg,rain,9,4.64,6,20,,,False,True
5a8f9b5d-1fdfd2d4.jpg,rain,9,4.79,22,13,,,False,True
5ae83f9c-da990b49.jpg,rain,9,4.66,7,2,2,29,False,False
5b2b4881-67a6cb87.jpg,rain,9,3.79,34,1,9,1,False,False
5b2fd56a-37759b05.jpg,rain,9,7.19,,,,,True,True
5b4b0b07-2fb56b82.jpg,rain,9,4.06,2,1,12,2,False,False
5bc44a50-c371c4d0.jpg,rain,9,2.42,47,2,30,11,False,False
5c4004b7-bf3b7941.jpg,rain,9,3.61,12,3,4,0,False,False
5c534f5f-a76c7f4b.jpg,rain,9,5.32,11,7,1,6,False,False
5c5dc708-35460444.jpg,rain,9,3.74,,,,,True,True
5da6c6b6-76c54605.jpg,rain,9,4.79,,,,,True,True
5dc5141c-5890b5b1.jpg,rain,9,3.52,,,26,4,True,False
5dd831da-bd00cf03.jpg,rain,9,5.58,243,426,19,33,False,False
5dfb063f-7bd23d5c.jpg,rain,9,7.29,4,2,0,1,False,False
5e0b701e-d443d8c2.jpg,rain,9,5.04,264,73,13,47,False,False
5e26f49d-0bc53c7e.jpg,rain,9,8.74,,,,,True,True
5e26f49d-9271bf00.jpg,rain,9,4.36,,,15,9,True,False
5e625ec3-7b4fc682.jpg,rain,9,6.27,14,7,5,20,False,False
5f9387ff-330136ae.jpg,rain,9,4.5,,,,,True,True
5fa17a25-88b8e6b9.jpg,rain,9,4.26,,,,,True,True
5fa422e1-2d8dd765.jpg,rain,9,2.69,9,1,16,0,False,False
5fb2a702-f56a339c.jpg,rain,9,4.98,22,1,11,3,False,False
6011831b-0992e205.jpg,rain,9,4.68,23,12,,,False,True
60137cc0-428b8f5b.jpg,rain,9,6.06,16,2,,,False,True
604b5b3e-3c2e6b6b.jpg,rain,9,5.7,14,5,7,13,False,False
6092f5a2-424550ba.jpg,rain,9,5.94,32,1,,,False,True
60ba25dd-6c0df417.jpg,rain,9,5.18,,,1,1,True,False
60c678e7-4813ae0f.jpg,rain,9,3.68,42,16,107,73,False,False
614ecada-16b0f8b6.jpg,rain,9,5.06,1,21,4,2,False,False
61e4ad87-53ceb455.jpg,rain,9,4.86,10,5,31,23,False,False
6240d7b3-b51b5788.jpg,rain,9,6.29,,,,,True,True
62aefb36-b685117f.jpg,rain,9,4.52,8,3,3,9,False,False
634c1785-3bb9a8a2.jpg,rain,9,5.17,,,,,True,True
634c1785-aeb1652f.jpg,rain,9,4.56,237,53,13,17,False,False
63f73472-028615f1.jpg,rain,9,4.96,,,,,True,True
6485ad0a-245d1600.jpg,rain,9,6.39,64,9,,,False,True
648dc925-e359dbec.jpg,rain,9,8.15,5,18,2,1,False,False
65edc5a1-f309fed7.jpg,rain,9,4.13,19,7,32,109,False,False
661381d9-1114a810.jpg,rain,9,3.52,6,16,,,False,True
664cb246-f84cfaf4.jpg,rain,9,3.38,0,2,1,0,False,False
675cf8fa-4b1ce8b9.jpg,rain,9,2.49,47,1,59,17,False,False
67faeadf-eb09a636.jpg,rain,9,3.71,2,228,14,5,False,False
691be377-5dbc29ee.jpg,rain,9,7.25,0,2,21,90,False,False
692f1303-05178963.jpg,rain,9,4.82,159,30,,,False,True
692f9b08-bdbbd729.jpg,rain,9,6.06,15,5,6,2,False,False
69bfbe31-5ee2a642.jpg,rain,9,5.03,1,4,23,4,False,False
69cf7667-68f59649.jpg,rain,9,5.79,7,7,4,4,False,False
69cf7667-7eb40860.jpg,rain,9,3.36,7,3,6,2,False,False
6a44fb9a-05a3dd18.jpg,rain,9,5.53,4,2,3,7,False,False
6a793e80-4f5e207f.jpg,rain,9,7.35,,,102,33,True,False
6a82c0d6-b31f6b90.jpg,rain,9,5.68,,,283,393,True,False
6a8d218d-14e4fa28.jpg,rain,9,7.11,9,15,65,112,False,False
6ad110c3-789e7724.jpg,rain,9,1.57,4,2,22,13,False,False
6b15392a-3a1699fd.jpg,rain,9,3.36,,,6,53,True,False
6b784eee-0a5a2c89.jpg,rain,9,5.92,206,16,,,False,True
6bb5a881-15e5c2c4.jpg,rain,9,7.64,0,2,8,2,False,False
6bd41587-d65ba5b4.jpg,rain,9,5.66,,,,,True,True
6d0d7bef-fb11b6e1.jpg,rain,9,6.29,,,,,True,True
6d57736c-a35808b9.jpg,rain,9,9.68,1,1,8,14,False,False
6d8a6d94-00a7ad92.jpg,rain,9,5.61,,,1,1,True,False
6eeed3fa-87a1b0c9.jpg,rain,9,5.08,30,13,,,False,True
701992bd-8a457895.jpg,rain,9,6.36,14,3,14,4,False,False
7171644d-4e74752e.jpg,rain,9,2.09,11,1,1,5,False,False
7171644d-ee92c71e.jpg,rain,9,3.71,4,0,3,1,False,False
72f22fa5-8af4615c.jpg,rain,9,5.25,18,4,18,2,False,False
72fd00fe-aeadfc89.jpg,rain,9,9.17,,,4,9,True,False
730c67a5-563e9b1f.jpg,rain,9,10.64,,,,,True,True
738a2bcd-7a6fde0d.jpg,rain,9,7.47,3,2,156,30,False,False
73aff960-d46366ec.jpg,rain,9,4.52,25,5,,,False,True
73d338d6-edf0b3db.jpg,rain,9,7.53,,,296,277,True,False
75ad1fff-77299093.jpg,rain,9,5.17,,,,,True,True
75f5f52c-6b67e736.jpg,rain,9,-6.87,3,5,0,1,False,False
777005a8-14c739ad.jpg,rain,9,6.1,1,6,277,221,False,False
7771e03b-832e52c0.jpg,rain,9,6.88,,,,,True,True
7771e03b-a8f9d50c.jpg,rain,9,3.85,,,5,0,True,False
7797fea2-c37f9856.jpg,rain,9,5.41,,,33,214,True,False
77bdbeb0-edb0613f.jpg,rain,9,4.72,28,1,15,6,False,False
77dca577-16a39ea0.jpg,rain,9,5.19,4,2,35,1,False,False
77f810c4-43a39c1f.jpg,rain,9,5.06,17,15,,,False,True
7814206e-8e991d51.jpg,rain,9,6.54,0,1,28,3,False,False
7814206e-ea2508d0.jpg,rain,9,6.08,11,12,19,5,False,False
79e177bc-4d5d3acc.jpg,rain,9,4.62,102,137,9,4,False,False
7aa4ff0f-9d28d8a4.jpg,rain,9,6.92,3,20,8,21,False,False
7ad1174c-373265eb.jpg,rain,9,4.49,244,237,,,False,True
7b268b98-e0ec16c3.jpg,rain,9,6.18,22,6,1,1,False,False
7c5a2048-332896ea.jpg,rain,9,6.03,,,,,True,True
7c5d50c5-7292de37.jpg,rain,9,4.84,27,2,15,24,False,False
7d1fe115-936a2f47.jpg,rain,9,5.94,5,1,17,10,False,False
7dc2914d-a20a969a.jpg,rain,9,6.78,231,47,,,False,True
7e4ab78b-4a62c63e.jpg,rain,9,3.91,36,27,,,False,True
7e590c49-93f03732.jpg,rain,9,3.48,217,174,13,3,False,False
7ed57d0a-d7bcc13d.jpg,rain,9,5.13,,,,,True,True
7f0ef682-c93899df.jpg,rain,9,3.58,,,75,50,True,False
7f4ac354-777de900.jpg,rain,9,3.51,24,16,,,False,True
7f9bdf0d-c0e0061f.jpg,rain,9,2.85,20,1,9,4,False,False
7fd14da9-a855494b.jpg,rain,9,7.07,26,15,27,3,False,False
801bff84-a72998c7.jpg,rain,9,2.73,1,4,1,2,False,False
8073de38-f7eab6ec.jpg,rain,9,4.97,1,3,7,10,False,False
8082ea05-1a7bcd47.jpg,rain,9,5.08,5,9,10,16,False,False
80ecebc0-ca9605f4.jpg,rain,9,5.08,46,8,,,False,True
81ec3b39-1951f79e.jpg,rain,9,5.52,17,0,,,False,True
82b14c0c-79b99258.jpg,rain,9,4.21,22,4,0,0,False,False
82b5fc3b-90cadd1b.jpg,rain,9,2.06,41,2,118,285,False,False
82f03471-8e304dd5.jpg,rain,9,4.68,2,3,90,52,False,False
836fa13a-d6058a12.jpg,rain,9,6.96,28,9,,,False,True
84fb3f59-7d5d1fa4.jpg,rain,9,1.63,5,2,22,0,False,False
8542b4da-7795bcfd.jpg,rain,9,6.22,3,1,19,8,False,False
85f3f250-1fef85ac.jpg,rain,9,4.16,3,4,3,4,False,False
87ca2979-d5158824.jpg,rain,9,6.29,3,3,18,12,False,False
889b7dda-77f16103.jpg,rain,9,2.73,279,18,6,5,False,False
88dbf01a-d8b35dee.jpg,rain,9,4.37,13,1,,,False,True
897223bc-6938f1ab.jpg,rain,9,5.07,24,13,53,267,False,False
89b7454d-880eacbd.jpg,rain,9,5.52,,,,,True,True
89e85e71-7dd0a7b6.jpg,rain,9,3.21,1,1,2,2,False,False
8a4fbffe-47866ce9.jpg,rain,9,4.3,3,9,0,1,False,False
8a76c101-8bcefc32.jpg,rain,9,5.22,,,34,45,True,False
8b7ef6c4-6bbcf25f.jpg,rain,9,3.96,31,1,27,3,False,False
8bac644e-e0437ead.jpg,rain,9,5.69,22,45,38,12,False,False
8c94c649-8ba62efa.jpg,rain,9,3.67,,,254,122,True,False
8c9bbaa9-34934b66.jpg,rain,9,3.85,,,24,3,True,False
