img1,img2,method,n_keypoints_img1,n_keypoints_img2,n_good_matches,n_inliers,inlier_ratio,match_ratio,avg_match_distance,detect_time_sec,match_time_sec,visualization_path,augmentation,level,snr_db,match_ratio_vs_baseline
00e9be89-00000015.jpg,00e9be89-00000100.jpg,orb,2000,2000,5,4,0.8,0.0025,47.4,0.0655,0.0541,C:\Users\amit\Project_digital_image_processing__Amit_Alon\outputs\visualizations\task2\enhanced_visualizations\motion_blur\level_1\match_00e9be89-00000015__00e9be89-00000100.png,motion_blur,1,28.500270340002437,0.0025
00e9be89-00000100.jpg,00e9be89-00000105.jpg,orb,2000,2000,1028,1017,0.9893,0.514,23.4319,0.0463,0.0557,,motion_blur,1,31.90970488753109,0.514
00e9be89-00000105.jpg,00e9be89-00000110.jpg,orb,2000,2000,1040,1027,0.9875,0.52,21.5433,0.1087,0.0371,,motion_blur,1,31.39963567829991,0.52
00e9be89-00000110.jpg,00e9be89-00000115.jpg,orb,2000,2000,1065,1053,0.9887,0.5325,21.5606,0.0693,0.0472,,motion_blur,1,31.68544967950393,0.5325
00e9be89-00000115.jpg,00e9be89-00000120.jpg,orb,2000,2000,1244,1238,0.9952,0.622,18.1069,0.0479,0.0183,,motion_blur,1,31.89835869122799,0.622
00e9be89-00000120.jpg,00e9be89-00000125.jpg,orb,2000,2000,699,688,0.9843,0.3495,28.1917,0.0413,0.0564,,motion_blur,1,31.94256211276148,0.3495
00e9be89-00000125.jpg,00e9be89-00000130.jpg,orb,2000,2000,862,853,0.9896,0.431,23.0267,0.037,0.0317,,motion_blur,1,31.50385236638424,0.431
00e9be89-00000130.jpg,00e9be89-00000135.jpg,orb,2000,2000,992,988,0.996,0.496,22.5423,0.0489,0.0201,,motion_blur,1,31.75103310843112,0.496
00e9be89-00000135.jpg,00e9be89-00000140.jpg,orb,2000,2000,1068,1054,0.9869,0.534,22.4897,0.0471,0.0437,,motion_blur,1,31.742406352557715,0.534
00e9be89-00000140.jpg,00e9be89-00000145.jpg,orb,2000,2000,279,238,0.853,0.1395,34.3763,0.0495,0.0461,,motion_blur,1,32.56340538488532,0.1395
00e9be89-00000145.jpg,00e9be89-00000150.jpg,orb,2000,2000,12,5,0.4167,0.006,38.5,0.0832,0.046,,motion_blur,1,30.42377075515348,0.006
00e9be89-00000150.jpg,00e9be89-00000160.jpg,orb,2000,2000,3,0,0.0,0.0015,42.6667,0.0371,0.0529,,motion_blur,1,28.889182270074144,0.0015
00e9be89-00000160.jpg,00e9be89-00000165.jpg,orb,2000,2000,12,6,0.5,0.006,43.5833,0.0682,0.0533,,motion_blur,1,29.805778936286927,0.006
00e9be89-00000165.jpg,00e9be89-00000175.jpg,orb,2000,2000,7,4,0.5714,0.0035,41.7143,0.0673,0.0436,,motion_blur,1,29.443987862747164,0.0035
00e9be89-00000175.jpg,00e9be89-00000190.jpg,orb,2000,2000,6,4,0.6667,0.003,43.8333,0.0379,0.0449,,motion_blur,1,30.09824056278988,0.003
00e9be89-00000190.jpg,00e9be89-00001000.jpg,orb,2000,2000,9,4,0.4444,0.0045,48.0,0.0618,0.0222,,motion_blur,1,34.69895344530296,0.0045
00e9be89-00001000.jpg,00e9be89-00001005.jpg,orb,2000,2000,12,6,0.5,0.006,43.0833,0.0314,0.0538,,motion_blur,1,42.0797319637144,0.006
00e9be89-00001005.jpg,00e9be89-00001010.jpg,orb,2000,2000,14,4,0.2857,0.007,42.5714,0.0363,0.0287,,motion_blur,1,42.51431718873459,0.007
00e9be89-00001010.jpg,00e9be89-00001015.jpg,orb,2000,1996,24,8,0.3333,0.012,42.875,0.033,0.0499,,motion_blur,1,40.95029088981149,0.012048192771084338
00e9be89-00001015.jpg,00e9be89-00001020.jpg,orb,1996,2000,25,7,0.28,0.0125,42.32,0.0673,0.0479,,motion_blur,1,39.28227669531405,0.012550200803212851
00e9be89-00001020.jpg,00e9be89-00001025.jpg,orb,2000,2000,12,6,0.5,0.006,39.9167,0.055,0.0538,,motion_blur,1,38.511767133259056,0.006
00e9be89-00001025.jpg,00e9be89-00001030.jpg,orb,2000,2000,39,13,0.3333,0.0195,40.9231,0.0582,0.0475,,motion_blur,1,39.49309725252152,0.0195
00e9be89-00001030.jpg,00e9be89-00001035.jpg,orb,2000,2000,83,47,0.5663,0.0415,38.494,0.0407,0.0226,,motion_blur,1,39.22526365104428,0.0415
00e9be89-00001035.jpg,00e9be89-00001040.jpg,orb,2000,2000,127,97,0.7638,0.0635,36.4646,0.0698,0.0241,,motion_blur,1,40.76358219057367,0.0635
00e9be89-00001040.jpg,00e9be89-00001045.jpg,orb,2000,2000,204,112,0.549,0.102,35.5588,0.0284,0.055,,motion_blur,1,40.78286279083716,0.102
00e9be89-00001045.jpg,00e9be89-00001050.jpg,orb,2000,2000,71,29,0.4085,0.0355,39.5352,0.0405,0.0425,,motion_blur,1,41.01892248524446,0.0355
00e9be89-00001050.jpg,00e9be89-00001055.jpg,orb,2000,2000,83,34,0.4096,0.0415,38.2651,0.0401,0.0484,,motion_blur,1,40.15190461639723,0.0415
00e9be89-00001055.jpg,00e9be89-00001060.jpg,orb,2000,2000,127,69,0.5433,0.0635,37.4016,0.0285,0.0559,,motion_blur,1,39.64636289465671,0.0635
00e9be89-00001060.jpg,00e9be89-00001065.jpg,orb,2000,2000,66,48,0.7273,0.033,37.8485,0.0461,0.0445,,motion_blur,1,39.18874172669818,0.033
00e9be89-00001065.jpg,00e9be89-00001070.jpg,orb,2000,2000,125,105,0.84,0.0625,35.832,0.0301,0.0547,,motion_blur,1,38.12674662425515,0.0625
00e9be89-00001070.jpg,00e9be89-00001075.jpg,orb,2000,2000,77,40,0.5195,0.0385,39.1688,0.0393,0.0498,,motion_blur,1,37.112561092676586,0.0385
00e9be89-00001075.jpg,00e9be89-00001080.jpg,orb,2000,2000,39,19,0.4872,0.0195,38.3846,0.0307,0.0458,,motion_blur,1,38.08308296750312,0.0195
00e9be89-00001080.jpg,00e9be89-00001090.jpg,orb,2000,2000,26,11,0.4231,0.013,39.9231,0.0369,0.0201,,motion_blur,1,40.44090229355234,0.013
00e9be89-00001090.jpg,00e9be89-00001095.jpg,orb,2000,2000,68,53,0.7794,0.034,34.1765,0.0292,0.0453,,motion_blur,1,39.32340219163535,0.034
00e9be89-00001095.jpg,00e9be89-00001100.jpg,orb,2000,2000,60,38,0.6333,0.03,36.4667,0.0411,0.0458,,motion_blur,1,38.78196363143853,0.03
00e9be89-00001100.jpg,00e9be89-00001105.jpg,orb,2000,2000,28,9,0.3214,0.014,42.3214,0.0304,0.0563,,motion_blur,1,38.215381870152704,0.014
00e9be89-00001105.jpg,00e9be89-00001115.jpg,orb,2000,2000,18,6,0.3333,0.009,44.8333,0.0386,0.0445,,motion_blur,1,36.52620923962273,0.009
00e9be89-00001115.jpg,00e9be89-00001125.jpg,orb,2000,2000,21,6,0.2857,0.0105,45.9524,0.0406,0.0277,,motion_blur,1,34.84147724357527,0.0105
00e9be89-00001125.jpg,00e9be89-00001130.jpg,orb,2000,2000,39,24,0.6154,0.0195,37.0256,0.0364,0.0455,,motion_blur,1,35.029108181610965,0.0195
00e9be89-00001130.jpg,00e9be89-00001135.jpg,orb,2000,2000,64,37,0.5781,0.032,34.5,0.0336,0.0471,,motion_blur,1,37.48711417439348,0.032
00e9be89-00001135.jpg,00e9be89-00001140.jpg,orb,2000,2000,81,64,0.7901,0.0405,33.9877,0.035,0.0458,,motion_blur,1,37.30829569237886,0.0405
00e9be89-00001140.jpg,00e9be89-00001150.jpg,orb,2000,2000,62,40,0.6452,0.031,36.0645,0.039,0.0503,,motion_blur,1,35.94780509172962,0.031
00e9be89-00001150.jpg,00e9be89-00001155.jpg,orb,2000,2000,103,70,0.6796,0.0515,34.9029,0.035,0.0245,,motion_blur,1,37.63478172910556,0.0515
00e9be89-00001155.jpg,00e9be89-00001160.jpg,orb,2000,2000,90,55,0.6111,0.045,33.1222,0.0191,0.0604,,motion_blur,1,38.24528271432659,0.045
00e9be89-00001160.jpg,00e9be89-00001165.jpg,orb,2000,2000,20,13,0.65,0.01,36.05,0.0389,0.0482,,motion_blur,1,38.23340171594944,0.01
00e9be89-00001165.jpg,00e9be89-00001170.jpg,orb,2000,2000,57,33,0.5789,0.0285,39.1053,0.0307,0.0476,,motion_blur,1,37.667915104409005,0.0285
00e9be89-00001170.jpg,00e9be89-00001175.jpg,orb,2000,2000,38,20,0.5263,0.019,38.1579,0.0763,0.0463,,motion_blur,1,37.40856406411894,0.019
00e9be89-00001175.jpg,00e9be89-00001180.jpg,orb,2000,2000,86,48,0.5581,0.043,39.1628,0.0384,0.0528,,motion_blur,1,37.20908622582529,0.043
00e9be89-00001180.jpg,00e9be89-00001185.jpg,orb,2000,2000,45,29,0.6444,0.0225,42.2,0.0621,0.0519,,motion_blur,1,36.188056118592414,0.0225
00e9be89-00001185.jpg,00e9be89-00001190.jpg,orb,2000,2000,14,6,0.4286,0.007,39.0,0.0668,0.0401,,motion_blur,1,35.235162298507845,0.007
00e9be89-00001190.jpg,00e9be89-00001195.jpg,orb,2000,2000,15,3,0.2,0.0075,44.1333,0.0365,0.0519,,motion_blur,1,33.50160792462832,0.0075
00e9be89-00001195.jpg,00e9be89-00001200.jpg,orb,2000,2000,19,5,0.2632,0.0095,38.8421,0.0278,0.0246,,motion_blur,1,36.14840030362143,0.009562154001006542
00e9be89-00001200.jpg,00e9be89-00001205.jpg,orb,2000,2000,28,13,0.4643,0.014,36.9286,0.0241,0.052,,motion_blur,1,42.925055882022846,0.014091595369904378
00e9be89-00001205.jpg,00e9be89-00001210.jpg,orb,2000,2000,16,6,0.375,0.008,42.0625,0.0703,0.047,,motion_blur,1,43.59796196178517,0.008016032064128256
00e9be89-00001210.jpg,00e9be89-00001215.jpg,orb,2000,2000,50,26,0.52,0.025,40.42,0.0645,0.0296,,motion_blur,1,40.903548049426846,0.025
00e9be89-00001215.jpg,00e9be89-00001220.jpg,orb,2000,2000,13,5,0.3846,0.0065,45.0769,0.0691,0.044,,motion_blur,1,36.02140625025132,0.0065
00e9be89-00001220.jpg,00e9be89-00001225.jpg,orb,2000,2000,24,9,0.375,0.012,44.875,0.0487,0.05,,motion_blur,1,34.79686142413934,0.012
00e9be89-00001225.jpg,00e9be89-00001230.jpg,orb,2000,2000,18,7,0.3889,0.009,41.0,0.0954,0.0259,,motion_blur,1,37.85605369322791,0.009
00e9be89-00001230.jpg,00e9be89-00001240.jpg,orb,2000,1849,51,40,0.7843,0.0276,33.0196,0.0729,0.0457,,motion_blur,1,40.37542318133893,0.028037383177570093
00e9be89-00001240.jpg,00e9be89-00001245.jpg,orb,1849,2000,30,17,0.5667,0.0162,39.5,0.1024,0.0235,,motion_blur,1,38.56611417533655,0.016492578339747113
00e9be89-00001245.jpg,00e9be89-00001250.jpg,orb,2000,2000,20,7,0.35,0.01,46.35,0.0513,0.0463,,motion_blur,1,36.33051992587045,0.01
00e9be89-00001250.jpg,00e9be89-00001255.jpg,orb,2000,2000,38,20,0.5263,0.019,37.5,0.1112,0.0264,,motion_blur,1,37.52781234702008,0.019
00e9be89-00001255.jpg,00e9be89-00001260.jpg,orb,2000,2000,35,30,0.8571,0.0175,36.7429,0.1831,0.0276,,motion_blur,1,36.032222680220656,0.0175
00e9be89-00001260.jpg,00e9be89-00001265.jpg,orb,2000,2000,36,24,0.6667,0.018,38.3333,0.0843,0.0482,,motion_blur,1,34.22407903596272,0.018
00e9be89-00001265.jpg,00e9be89-00001270.jpg,orb,2000,2000,12,4,0.3333,0.006,46.9167,0.0739,0.0465,,motion_blur,1,32.139818545220194,0.006
00e9be89-00001270.jpg,00e9be89-00001275.jpg,orb,2000,2000,9,5,0.5556,0.0045,39.7778,0.104,0.021,,motion_blur,1,31.50153195966538,0.0045
00e9be89-00001275.jpg,00e9be89-00001280.jpg,orb,2000,2000,10,6,0.6,0.005,44.6,0.113,0.0249,,motion_blur,1,30.00983267973561,0.005
00e9be89-00001280.jpg,00e9be89-00001285.jpg,orb,2000,2000,8,4,0.5,0.004,40.125,0.0834,0.0458,,motion_blur,1,29.267411284708043,0.004
00e9be89-00001285.jpg,00e9be89-00001290.jpg,orb,2000,2000,7,4,0.5714,0.0035,41.2857,0.1086,0.0301,,motion_blur,1,31.750605489554268,0.0035
00e9be89-00001290.jpg,00e9be89-00001295.jpg,orb,2000,2000,12,5,0.4167,0.006,44.8333,0.1008,0.0266,,motion_blur,1,32.68779229307218,0.006
00e9be89-00001295.jpg,00e9be89-00001305.jpg,orb,2000,2000,11,5,0.4545,0.0055,44.5455,0.0512,0.0456,,motion_blur,1,31.012815011601383,0.0055
00e9be89-00001305.jpg,00e9be89-00001310.jpg,orb,2000,2000,13,5,0.3846,0.0065,47.0769,0.1101,0.0455,,motion_blur,1,28.283076718926505,0.0065
00e9be89-00001310.jpg,00e9be89-00001315.jpg,orb,2000,2000,8,4,0.5,0.004,41.5,0.1071,0.0329,,motion_blur,1,30.59256996761973,0.004
00e9be89-00001315.jpg,00e9be89-00001325.jpg,orb,2000,2000,42,8,0.1905,0.021,36.0,0.1069,0.0201,,motion_blur,1,34.21334674746742,0.021
00e9be89-00001325.jpg,00e9be89-00001330.jpg,orb,2000,2000,32,9,0.2812,0.016,35.6875,0.0998,0.0301,,motion_blur,1,33.58190581882269,0.016
00e9be89-00001330.jpg,00e9be89-00001335.jpg,orb,2000,2000,12,5,0.4167,0.006,39.6667,0.0803,0.0259,,motion_blur,1,34.32954682260505,0.006
00e9be89-00001335.jpg,00e9be89-00001340.jpg,orb,2000,2000,31,9,0.2903,0.0155,41.9355,0.0783,0.0341,,motion_blur,1,35.24597604194824,0.0155
00e9be89-00001340.jpg,00e9be89-00001345.jpg,orb,2000,2000,9,5,0.5556,0.0045,45.5556,0.0808,0.0225,,motion_blur,1,36.481667904495495,0.0045
00e9be89-00001345.jpg,00e9be89-00001350.jpg,orb,2000,2000,14,6,0.4286,0.007,43.9286,0.0983,0.0324,,motion_blur,1,37.13139017807544,0.007
00e9be89-00001350.jpg,00e9be89-00001355.jpg,orb,2000,2000,18,10,0.5556,0.009,40.7222,0.1319,0.0201,,motion_blur,1,36.41729153077991,0.009
00e9be89-00001355.jpg,00e9be89-00001360.jpg,orb,2000,2000,23,9,0.3913,0.0115,43.7391,0.0818,0.0514,,motion_blur,1,35.62563939887167,0.0115
00e9be89-00001360.jpg,00e9be89-00001365.jpg,orb,2000,2000,25,10,0.4,0.0125,38.12,0.076,0.0292,,motion_blur,1,35.523783595481774,0.0125
00e9be89-00001365.jpg,00e9be89-00001370.jpg,orb,2000,2000,45,24,0.5333,0.0225,36.4444,0.08,0.0213,,motion_blur,1,35.07020857923193,0.0225
00e9be89-00001370.jpg,00e9be89-00001375.jpg,orb,2000,2000,250,115,0.46,0.125,33.256,0.1008,0.0314,,motion_blur,1,38.502110551643,0.125
00e9be89-00001375.jpg,00e9be89-00001380.jpg,orb,2000,2000,312,140,0.4487,0.156,31.5321,0.0731,0.047,,motion_blur,1,42.98573882266587,0.156
00e9be89-00001380.jpg,00e9be89-00001385.jpg,orb,2000,2000,301,169,0.5615,0.1505,30.4551,0.0714,0.0416,,motion_blur,1,43.19933939607808,0.1505
00e9be89-00001385.jpg,00e9be89-00001390.jpg,orb,2000,2000,65,41,0.6308,0.0325,31.7846,0.0775,0.046,,motion_blur,1,42.69272429722118,0.0325
00e9be89-00001390.jpg,00e9be89-00001395.jpg,orb,2000,2000,81,57,0.7037,0.0405,30.321,0.0911,0.0255,,motion_blur,1,42.49171362660795,0.0405
00e9be89-00001395.jpg,00e9be89-00001400.jpg,orb,2000,2000,138,59,0.4275,0.069,31.1594,0.1126,0.0363,,motion_blur,1,42.711779635115846,0.069
00e9be89-00001400.jpg,00e9be89-00001405.jpg,orb,2000,2000,141,59,0.4184,0.0705,30.3333,0.1024,0.0247,,motion_blur,1,42.32548008277557,0.0705
00e9be89-00001405.jpg,00e9be89-00001410.jpg,orb,2000,2000,138,61,0.442,0.069,30.2029,0.0835,0.0505,,motion_blur,1,42.05118984379238,0.069
00e9be89-00001410.jpg,00e9be89-00001415.jpg,orb,2000,2000,214,68,0.3178,0.107,31.0327,0.0821,0.0223,,motion_blur,1,41.9257849278178,0.107
00e9be89-00001415.jpg,00e9be89-00001420.jpg,orb,2000,2000,109,43,0.3945,0.0545,32.7706,0.0997,0.0296,,motion_blur,1,41.59064973086653,0.0545
00e9be89-00001420.jpg,00e9be89-00001425.jpg,orb,2000,2000,119,51,0.4286,0.0595,30.0588,0.1011,0.0264,,motion_blur,1,41.47346776090015,0.0595
00e9be89-00001425.jpg,00e9be89-00001430.jpg,orb,2000,2000,172,84,0.4884,0.086,32.4942,0.0684,0.0458,,motion_blur,1,41.58116101541104,0.086
00e9be89-00001430.jpg,00e9be89-00001440.jpg,orb,2000,2000,25,10,0.4,0.0125,42.96,0.1021,0.0226,,motion_blur,1,40.659848963322034,0.0125
00e9be89-00001440.jpg,00e9be89-00001445.jpg,orb,2000,2000,96,43,0.4479,0.048,31.6354,0.0803,0.0198,,motion_blur,1,38.82153174680859,0.048
00e9be89-00001445.jpg,00e9be89-00001450.jpg,orb,2000,2000,43,15,0.3488,0.0215,37.7442,0.0997,0.0252,,motion_blur,1,39.12479799577923,0.0215
00e9be89-00001450.jpg,00e9be89-00001455.jpg,orb,2000,2000,78,53,0.6795,0.039,37.0128,0.0419,0.0519,,motion_blur,1,41.72776246205866,0.039
00e9be89-00001455.jpg,00e9be89-00001460.jpg,orb,2000,2000,190,133,0.7,0.095,34.4053,0.0632,0.0231,,motion_blur,1,43.3087866620526,0.095
00e9be89-00001460.jpg,00e9be89-00001465.jpg,orb,2000,2000,192,173,0.901,0.096,28.9375,0.0704,0.0323,,motion_blur,1,42.90602457953567,0.096
00e9be89-00001465.jpg,00e9be89-00001470.jpg,orb,2000,2000,25,7,0.28,0.0125,37.72,0.0815,0.0236,,motion_blur,1,42.30499878223403,0.0125
00e9be89-00001470.jpg,00e9be89-00001475.jpg,orb,2000,2000,110,56,0.5091,0.055,33.6182,0.098,0.0267,,motion_blur,1,42.55648064491652,0.055
00e9be89-00001475.jpg,00e9be89-00001480.jpg,orb,2000,2000,33,12,0.3636,0.0165,36.5758,0.0963,0.0365,,motion_blur,1,42.37562976677491,0.0165
00e9be89-00001480.jpg,00e9be89-00001485.jpg,orb,2000,2000,50,20,0.4,0.025,37.92,0.1001,0.0288,,motion_blur,1,42.8779998236965,0.025
00e9be89-00001485.jpg,00e9be89-00001490.jpg,orb,2000,2000,68,27,0.3971,0.034,35.8824,0.0797,0.0196,,motion_blur,1,44.253009738526,0.034
00e9be89-00001490.jpg,00e9be89-00001495.jpg,orb,2000,2000,599,588,0.9816,0.2995,20.2304,0.0711,0.0481,,motion_blur,1,44.606939776642015,0.2995
00e9be89-00001495.jpg,00e9be89-00001500.jpg,orb,2000,2000,817,798,0.9767,0.4085,15.9608,0.0955,0.0262,,motion_blur,1,44.538958785400176,0.4085
00e9be89-00001500.jpg,00e9be89-00001505.jpg,orb,2000,2000,404,293,0.7252,0.202,25.4035,0.0827,0.05,,motion_blur,1,44.03305742525532,0.202
00e9be89-00001505.jpg,00e9be89-00001510.jpg,orb,2000,2000,53,23,0.434,0.0265,37.5094,0.069,0.0484,,motion_blur,1,43.73524721282967,0.0265
00e9be89-00001510.jpg,00e9be89-00001515.jpg,orb,2000,2000,58,25,0.431,0.029,37.1034,0.0824,0.0206,,motion_blur,1,43.57524437058562,0.029
00e9be89-00001515.jpg,00e9be89-00001520.jpg,orb,2000,2000,30,9,0.3,0.015,38.3667,0.0979,0.0251,,motion_blur,1,39.036757743101056,0.015
00e9be89-00001520.jpg,00e9be89-00001525.jpg,orb,2000,2000,89,39,0.4382,0.0445,35.4719,0.0805,0.0563,,motion_blur,1,33.48369707198165,0.0445
00e9be89-00001525.jpg,00e9be89-00001535.jpg,orb,2000,2000,20,7,0.35,0.01,44.1,0.0738,0.049,,motion_blur,1,33.51308829953989,0.01
00e9be89-00001535.jpg,00e9be89-00001540.jpg,orb,2000,2000,14,8,0.5714,0.007,41.7143,0.0859,0.0271,,motion_blur,1,33.44330120892088,0.007
00e9be89-00001540.jpg,00e9be89-00001545.jpg,orb,2000,2000,27,11,0.4074,0.0135,38.9259,0.1148,0.0446,,motion_blur,1,32.376120062699286,0.0135
00e9be89-00001545.jpg,00e9be89-00001550.jpg,orb,2000,2000,289,200,0.692,0.1445,28.1038,0.0897,0.0226,,motion_blur,1,32.91222272753387,0.1445
00e9be89-00001550.jpg,00e9be89-00001555.jpg,orb,2000,2000,331,318,0.9607,0.1655,21.0242,0.056,0.0508,,motion_blur,1,32.779985404125604,0.1655
00e9be89-00001555.jpg,00e9be89-00001560.jpg,orb,2000,2000,306,295,0.9641,0.153,21.7026,0.083,0.0482,,motion_blur,1,33.04062714166904,0.153
00e9be89-00001560.jpg,00e9be89-00001565.jpg,orb,2000,2000,472,418,0.8856,0.236,22.7182,0.1023,0.0478,,motion_blur,1,33.74542114186783,0.236
00e9be89-00001565.jpg,00e9be89-00001570.jpg,orb,2000,2000,59,36,0.6102,0.0295,30.9831,0.0759,0.0206,,motion_blur,1,33.93319921850386,0.0295
00e9be89-00001570.jpg,00e9be89-00001575.jpg,orb,2000,2000,68,31,0.4559,0.034,36.6471,0.0879,0.0218,,motion_blur,1,33.37386607599256,0.034
00e9be89-00001575.jpg,00e9be89-00001580.jpg,orb,2000,2000,115,76,0.6609,0.0575,32.1478,0.0997,0.0293,,motion_blur,1,32.70145202270912,0.0575
00e9be89-00001580.jpg,00e9be89-00001585.jpg,orb,2000,2000,46,25,0.5435,0.023,38.0,0.0569,0.0536,,motion_blur,1,31.79491496486708,0.023
00e9be89-00001585.jpg,00e9be89-00001590.jpg,orb,2000,2000,20,7,0.35,0.01,42.45,0.0827,0.0216,,motion_blur,1,31.76680068790791,0.01
00e9be89-00001590.jpg,00e9be89-00001595.jpg,orb,2000,2000,19,5,0.2632,0.0095,40.3158,0.0805,0.0546,,motion_blur,1,32.35486232389124,0.0095
00e9be89-00001595.jpg,00e9be89-00001600.jpg,orb,2000,2000,27,9,0.3333,0.0135,42.1111,0.0919,0.0493,,motion_blur,1,32.61059357759649,0.0135
00e9be89-00001600.jpg,00e9be89-00001605.jpg,orb,2000,2000,165,103,0.6242,0.0825,32.8485,0.0839,0.0221,,motion_blur,1,32.42303865732562,0.0825
00e9be89-00001605.jpg,00e9be89-00001610.jpg,orb,2000,2000,37,19,0.5135,0.0185,41.0541,0.2254,0.0819,,motion_blur,1,32.41771469917968,0.0185
00e9be89-00001610.jpg,00e9be89-00001620.jpg,orb,2000,2000,18,5,0.2778,0.009,43.5556,0.1891,0.0482,,motion_blur,1,32.988037107789,0.009
00e9be89-00001620.jpg,00e9be89-00001625.jpg,orb,2000,2000,47,22,0.4681,0.0235,36.4681,0.1105,0.049,,motion_blur,1,33.04885508533934,0.0235
00e9be89-00001625.jpg,00e9be89-00001630.jpg,orb,2000,2000,58,27,0.4655,0.029,35.0517,0.149,0.0487,,motion_blur,1,33.29964340628911,0.029
00e9be89-00001630.jpg,00e9be89-00001635.jpg,orb,2000,2000,31,8,0.2581,0.0155,42.4839,0.1104,0.0334,,motion_blur,1,31.399189313443937,0.0155
00e9be89-00001635.jpg,00e9be89-00001640.jpg,orb,2000,2000,15,5,0.3333,0.0075,49.4,0.1214,0.0254,,motion_blur,1,31.81916938396641,0.0075
00e9be89-00001640.jpg,00e9be89-00001645.jpg,orb,2000,2000,12,6,0.5,0.006,41.1667,0.091,0.0226,,motion_blur,1,33.31912088492776,0.006
00e9be89-00001645.jpg,00e9be89-00001650.jpg,orb,2000,2000,24,8,0.3333,0.012,32.9583,0.0822,0.0226,,motion_blur,1,31.7896985764632,0.012
00e9be89-00001650.jpg,00e9be89-00001655.jpg,orb,2000,2000,17,1,0.0588,0.0085,41.8235,0.105,0.0284,,motion_blur,1,31.68515727279045,0.0085
00e9be89-00001655.jpg,00e9be89-00001665.jpg,orb,2000,2000,9,5,0.5556,0.0045,46.6667,0.1858,0.0845,,motion_blur,1,31.990009740577303,0.0045
00e9be89-00001665.jpg,00e9be89-00001670.jpg,orb,2000,2000,16,7,0.4375,0.008,41.8125,0.1017,0.064,,motion_blur,1,32.43774234270265,0.008
00e9be89-00001670.jpg,00e9be89-00001675.jpg,orb,2000,2000,23,9,0.3913,0.0115,40.3913,0.0846,0.046,,motion_blur,1,32.85554298489875,0.0115
00e9be89-00001675.jpg,00e9be89-00001680.jpg,orb,2000,2000,27,11,0.4074,0.0135,38.9259,0.0761,0.0568,,motion_blur,1,32.42882039925669,0.0135
00e9be89-00001680.jpg,00e9be89-00001685.jpg,orb,2000,2000,17,6,0.3529,0.0085,38.4118,0.0903,0.0573,,motion_blur,1,31.221617151363613,0.0085
00e9be89-00001685.jpg,00e9be89-00001690.jpg,orb,2000,2000,10,5,0.5,0.005,42.9,0.058,0.063,,motion_blur,1,32.45865287489903,0.005
00e9be89-00001690.jpg,00e9be89-00001695.jpg,orb,2000,2000,13,5,0.3846,0.0065,38.9231,0.0803,0.0226,,motion_blur,1,35.83494744969292,0.0065
00e9be89-00001695.jpg,00e9be89-00001705.jpg,orb,2000,2000,23,10,0.4348,0.0115,38.0,0.1034,0.054,,motion_blur,1,36.99095152426966,0.0115
00e9be89-00001705.jpg,00e9be89-00001710.jpg,orb,2000,2000,120,91,0.7583,0.06,31.6333,0.0804,0.0477,,motion_blur,1,37.3827699318554,0.06
00e9be89-00001710.jpg,00e9be89-00001715.jpg,orb,2000,2000,48,27,0.5625,0.024,38.75,0.1059,0.0237,,motion_blur,1,36.89666627825671,0.024
00e9be89-00001715.jpg,00e9be89-00001720.jpg,orb,2000,2000,57,36,0.6316,0.0285,34.9298,0.1047,0.0319,,motion_blur,1,37.73251475087379,0.028557114228456915
00e9be89-00001720.jpg,00e9be89-00001725.jpg,orb,2000,2000,66,56,0.8485,0.033,31.9394,0.1048,0.0434,,motion_blur,1,38.68851634586542,0.033066132264529056
00e9be89-00001725.jpg,00e9be89-00001730.jpg,orb,2000,2000,77,58,0.7532,0.0385,32.1039,0.1104,0.0294,,motion_blur,1,37.8575471542844,0.0385
00e9be89-00001730.jpg,00e9be89-00001740.jpg,orb,2000,2000,18,7,0.3889,0.009,37.1667,0.1166,0.0494,,motion_blur,1,37.26739108063607,0.009
00e9be89-00001740.jpg,00e9be89-00001745.jpg,orb,2000,2000,4,4,1.0,0.002,35.25,0.1214,0.0637,,motion_blur,1,33.01667752930278,0.002
00e9be89-00001745.jpg,00e9be89-00001750.jpg,orb,2000,2000,11,5,0.4545,0.0055,44.7273,0.0956,0.0521,,motion_blur,1,31.63226070673722,0.0055
00e9be89-00001750.jpg,00e9be89-00001755.jpg,orb,2000,2000,63,50,0.7937,0.0315,34.4127,0.1241,0.0511,,motion_blur,1,34.967446628895374,0.0315
00e9be89-00001755.jpg,00e9be89-00001760.jpg,orb,2000,2000,29,17,0.5862,0.0145,35.4483,0.1207,0.0221,,motion_blur,1,34.011232024563405,0.0145
00e9be89-00001760.jpg,00e9be89-00001765.jpg,orb,2000,2000,11,5,0.4545,0.0055,37.0909,0.1494,0.025,,motion_blur,1,32.23337829906355,0.0055
00e9be89-00001765.jpg,00e9be89-00001770.jpg,orb,2000,2000,27,14,0.5185,0.0135,32.1852,0.1122,0.0466,,motion_blur,1,32.5544037025266,0.0135
00e9be89-00001770.jpg,00e9be89-00001775.jpg,orb,2000,2000,47,34,0.7234,0.0235,35.0638,0.1013,0.0527,,motion_blur,1,32.701598925202894,0.0235
00e9be89-00001775.jpg,00e9be89-00001780.jpg,orb,2000,2000,34,28,0.8235,0.017,31.6176,0.1027,0.0377,,motion_blur,1,32.55029111119911,0.017
00e9be89-00001780.jpg,00e9be89-00001785.jpg,orb,2000,2000,36,25,0.6944,0.018,36.3056,0.1308,0.0592,,motion_blur,1,33.69758762859739,0.018
00e9be89-00001785.jpg,00e9be89-00001795.jpg,orb,2000,2000,31,18,0.5806,0.0155,39.4194,0.143,0.0244,,motion_blur,1,35.14073606457234,0.0155
00e9be89-00001795.jpg,00e9be89-00001800.jpg,orb,2000,2000,918,898,0.9782,0.459,20.8638,0.1507,0.047,,motion_blur,1,35.478073719013125,0.459
00e9be89-00001800.jpg,00e9be89-00001810.jpg,orb,2000,2000,273,107,0.3919,0.1365,31.1612,0.0536,0.0263,,motion_blur,1,35.437392287440545,0.1365
00e9be89-00001810.jpg,00e9be89-00001815.jpg,orb,2000,2000,187,64,0.3422,0.0935,30.5936,0.0793,0.0257,,motion_blur,1,35.010799359187445,0.0935
00e9be89-00001815.jpg,00e9be89-00001820.jpg,orb,2000,2000,51,17,0.3333,0.0255,36.1373,0.1141,0.0501,,motion_blur,1,35.125249168075655,0.0255
00e9be89-00001820.jpg,00e9be89-00001825.jpg,orb,2000,2000,81,36,0.4444,0.0405,38.0617,0.081,0.0272,,motion_blur,1,35.00393980065833,0.0405
00e9be89-00001825.jpg,00e9be89-00001830.jpg,orb,2000,2000,54,26,0.4815,0.027,38.8704,0.0757,0.0507,,motion_blur,1,33.70191094668637,0.027
00e9be89-00001830.jpg,00e9be89-00001840.jpg,orb,2000,2000,23,1,0.0435,0.0115,43.7391,0.0877,0.0358,,motion_blur,1,32.35831233547505,0.0115
00e9be89-00001840.jpg,00e9be89-00001845.jpg,orb,2000,2000,1204,1193,0.9909,0.602,17.485,0.1409,0.0303,,motion_blur,1,31.78541398475952,0.602
00e9be89-00001845.jpg,00e9be89-00001865.jpg,orb,2000,2000,1002,987,0.985,0.501,19.5579,0.0921,0.0512,,motion_blur,1,31.72355488466546,0.501
00e9be89-00001865.jpg,00e9be89-00001870.jpg,orb,2000,2000,1055,1043,0.9886,0.5275,20.091,0.116,0.0204,,motion_blur,1,31.856494549589115,0.5275
00e9be89-00001870.jpg,00e9be89-00001875.jpg,orb,2000,2000,1107,1093,0.9874,0.5535,16.8519,0.061,0.0222,,motion_blur,1,31.880099650249477,0.5535
00e9be89-00001875.jpg,00e9be89-00001885.jpg,orb,2000,2000,1075,1063,0.9888,0.5375,18.7674,0.115,0.0294,,motion_blur,1,31.84184635231632,0.5375
00e9be89-00001885.jpg,00e9be89-00001890.jpg,orb,2000,2000,1150,1135,0.987,0.575,16.9035,0.0855,0.0276,,motion_blur,1,31.755609675106165,0.575
00e9be89-00001890.jpg,00e9be89-00001895.jpg,orb,2000,2000,1123,1110,0.9884,0.5615,16.5138,0.0777,0.033,,motion_blur,1,31.728412769230385,0.5615
00e9be89-00001895.jpg,00e9be89-00001900.jpg,orb,2000,2000,1143,1128,0.9869,0.5715,17.8933,0.134,0.0321,,motion_blur,1,31.77838164795011,0.5715
00e9be89-00001900.jpg,00e9be89-00001905.jpg,orb,2000,2000,342,216,0.6316,0.171,28.8947,0.0861,0.0342,,motion_blur,1,32.0698024300244,0.171
00e9be89-00001905.jpg,00e9be89-00001915.jpg,orb,2000,2000,40,15,0.375,0.02,35.025,0.0722,0.0318,,motion_blur,1,33.29792831712489,0.02
00e9be89-00000015.jpg,00e9be89-00000100.jpg,orb,2000,2000,3,0,0.0,0.0015,51.0,0.1047,0.0359,C:\Users\amit\Project_digital_image_processing__Amit_Alon\outputs\visualizations\task2\enhanced_visualizations\motion_blur\level_2\match_00e9be89-00000015__00e9be89-00000100.png,motion_blur,2,23.89675292257029,0.0015
00e9be89-00000100.jpg,00e9be89-00000105.jpg,orb,2000,2000,1021,1007,0.9863,0.5105,22.6366,0.0884,0.0307,,motion_blur,2,27.267119268352065,0.5105
00e9be89-00000105.jpg,00e9be89-00000110.jpg,orb,2000,2000,1050,1037,0.9876,0.525,20.4019,0.0982,0.0382,,motion_blur,2,26.74770149065137,0.525
00e9be89-00000110.jpg,00e9be89-00000115.jpg,orb,2000,2000,1077,1071,0.9944,0.5385,20.9851,0.1059,0.0367,,motion_blur,2,26.882946244134573,0.5385
00e9be89-00000115.jpg,00e9be89-00000120.jpg,orb,2000,2000,1205,1196,0.9925,0.6025,18.3095,0.0962,0.0362,,motion_blur,2,26.982335491237585,0.6025
00e9be89-00000120.jpg,00e9be89-00000125.jpg,orb,2000,2000,746,728,0.9759,0.373,28.0161,0.0846,0.0337,,motion_blur,2,27.054998447976843,0.373
00e9be89-00000125.jpg,00e9be89-00000130.jpg,orb,2000,2000,851,845,0.9929,0.4255,22.5617,0.0811,0.03,,motion_blur,2,26.837667241401057,0.4255
00e9be89-00000130.jpg,00e9be89-00000135.jpg,orb,2000,2000,978,976,0.998,0.489,21.4611,0.0984,0.0309,,motion_blur,2,27.093125499202475,0.489
00e9be89-00000135.jpg,00e9be89-00000140.jpg,orb,2000,2000,1063,1048,0.9859,0.5315,21.2888,0.1031,0.0335,,motion_blur,2,27.10107873820973,0.5315
00e9be89-00000140.jpg,00e9be89-00000145.jpg,orb,2000,2000,272,198,0.7279,0.136,32.5478,0.0875,0.0319,,motion_blur,2,27.69547611417782,0.136
00e9be89-00000145.jpg,00e9be89-00000150.jpg,orb,2000,2000,23,7,0.3043,0.0115,43.3478,0.0908,0.0285,,motion_blur,2,25.532264268418505,0.0115
00e9be89-00000150.jpg,00e9be89-00000160.jpg,orb,2000,2000,8,4,0.5,0.004,45.125,0.1052,0.0399,,motion_blur,2,24.00033417406632,0.004
00e9be89-00000160.jpg,00e9be89-00000165.jpg,orb,2000,2000,6,5,0.8333,0.003,41.0,0.0867,0.0413,,motion_blur,2,25.113354408654843,0.003
00e9be89-00000165.jpg,00e9be89-00000175.jpg,orb,2000,2000,10,4,0.4,0.005,41.7,0.1117,0.0354,,motion_blur,2,25.63988746043437,0.005
00e9be89-00000175.jpg,00e9be89-00000190.jpg,orb,2000,2000,12,4,0.3333,0.006,45.1667,0.1008,0.0381,,motion_blur,2,26.444131884836125,0.006
00e9be89-00000190.jpg,00e9be89-00001000.jpg,orb,2000,2000,10,4,0.4,0.005,46.0,0.1019,0.0444,,motion_blur,2,30.4099143481085,0.005
00e9be89-00001000.jpg,00e9be89-00001005.jpg,orb,2000,2000,18,2,0.1111,0.009,40.7222,0.0657,0.1237,,motion_blur,2,36.91501050576832,0.009
00e9be89-00001005.jpg,00e9be89-00001010.jpg,orb,2000,2000,16,4,0.25,0.008,43.375,0.0792,0.0343,,motion_blur,2,37.33407268959289,0.008
00e9be89-00001010.jpg,00e9be89-00001015.jpg,orb,2000,1995,22,9,0.4091,0.011,44.1364,0.0566,0.0305,,motion_blur,2,36.31687619591323,0.01104417670682731
00e9be89-00001015.jpg,00e9be89-00001020.jpg,orb,1995,2000,31,8,0.2581,0.0155,42.2903,0.0747,0.0307,,motion_blur,2,34.73997570720205,0.015562248995983935
00e9be89-00001020.jpg,00e9be89-00001025.jpg,orb,2000,2000,17,6,0.3529,0.0085,36.1176,0.0788,0.0334,,motion_blur,2,33.8539098843866,0.0085
00e9be89-00001025.jpg,00e9be89-00001030.jpg,orb,2000,2000,39,17,0.4359,0.0195,37.1026,0.0793,0.0414,,motion_blur,2,35.02399276659866,0.0195
00e9be89-00001030.jpg,00e9be89-00001035.jpg,orb,2000,2000,71,37,0.5211,0.0355,35.7183,0.0753,0.0394,,motion_blur,2,34.97266493061558,0.0355
00e9be89-00001035.jpg,00e9be89-00001040.jpg,orb,2000,1997,129,95,0.7364,0.0646,36.3101,0.0625,0.0329,,motion_blur,2,36.21641782493941,0.0645
00e9be89-00001040.jpg,00e9be89-00001045.jpg,orb,1997,2000,200,108,0.54,0.1002,35.355,0.0677,0.0354,,motion_blur,2,36.25393047543031,0.1
00e9be89-00001045.jpg,00e9be89-00001050.jpg,orb,2000,2000,68,33,0.4853,0.034,39.0588,0.1588,0.061,,motion_blur,2,36.41153476601156,0.034
00e9be89-00001050.jpg,00e9be89-00001055.jpg,orb,2000,2000,90,30,0.3333,0.045,38.8889,0.1101,0.0499,,motion_blur,2,35.71639796107979,0.045
00e9be89-00001055.jpg,00e9be89-00001060.jpg,orb,2000,2000,131,61,0.4656,0.0655,36.8397,0.0647,0.0411,,motion_blur,2,35.127120494729766,0.0655
00e9be89-00001060.jpg,00e9be89-00001065.jpg,orb,2000,2000,63,53,0.8413,0.0315,36.9365,0.0855,0.0364,,motion_blur,2,34.54814458531928,0.0315
00e9be89-00001065.jpg,00e9be89-00001070.jpg,orb,2000,2000,119,93,0.7815,0.0595,36.042,0.0755,0.0306,,motion_blur,2,33.36859744832557,0.0595
00e9be89-00001070.jpg,00e9be89-00001075.jpg,orb,2000,2000,78,44,0.5641,0.039,36.3718,0.0807,0.0368,,motion_blur,2,32.040902106729035,0.039
00e9be89-00001075.jpg,00e9be89-00001080.jpg,orb,2000,2000,50,29,0.58,0.025,38.06,0.082,0.0379,,motion_blur,2,33.24207345351638,0.025
00e9be89-00001080.jpg,00e9be89-00001090.jpg,orb,2000,2000,31,18,0.5806,0.0155,37.2581,0.0869,0.043,,motion_blur,2,35.55972183498294,0.0155
00e9be89-00001090.jpg,00e9be89-00001095.jpg,orb,2000,2000,73,48,0.6575,0.0365,34.0137,0.0766,0.0396,,motion_blur,2,34.4158865288207,0.0365
00e9be89-00001095.jpg,00e9be89-00001100.jpg,orb,2000,2000,70,49,0.7,0.035,36.6857,0.0691,0.0369,,motion_blur,2,33.752938085490115,0.035
00e9be89-00001100.jpg,00e9be89-00001105.jpg,orb,2000,2000,27,12,0.4444,0.0135,38.3333,0.0872,0.0356,,motion_blur,2,33.16495104765111,0.0135
00e9be89-00001105.jpg,00e9be89-00001115.jpg,orb,2000,2000,15,5,0.3333,0.0075,43.2,0.0969,0.0344,,motion_blur,2,32.06337974360188,0.0075
00e9be89-00001115.jpg,00e9be89-00001125.jpg,orb,2000,2000,17,7,0.4118,0.0085,45.1176,0.0853,0.0337,,motion_blur,2,30.742581407416083,0.0085
00e9be89-00001125.jpg,00e9be89-00001130.jpg,orb,2000,2000,53,27,0.5094,0.0265,35.5472,0.0735,0.0304,,motion_blur,2,30.67352436061371,0.0265
00e9be89-00001130.jpg,00e9be89-00001135.jpg,orb,2000,2000,84,53,0.631,0.042,35.6905,0.066,0.0347,,motion_blur,2,32.738980348555856,0.042
00e9be89-00001135.jpg,00e9be89-00001140.jpg,orb,2000,2000,83,65,0.7831,0.0415,33.7229,0.0638,0.0357,,motion_blur,2,32.84917340514294,0.0415
00e9be89-00001140.jpg,00e9be89-00001150.jpg,orb,2000,2000,67,43,0.6418,0.0335,35.7015,0.0708,0.0306,,motion_blur,2,31.9220162327414,0.0335
00e9be89-00001150.jpg,00e9be89-00001155.jpg,orb,2000,2000,102,75,0.7353,0.051,33.951,0.0648,0.0294,,motion_blur,2,33.306328498441104,0.051
00e9be89-00001155.jpg,00e9be89-00001160.jpg,orb,2000,2000,100,57,0.57,0.05,32.93,0.0607,0.0394,,motion_blur,2,33.929920182721695,0.05
00e9be89-00001160.jpg,00e9be89-00001165.jpg,orb,2000,2000,36,19,0.5278,0.018,38.5833,0.1292,0.0482,,motion_blur,2,34.04918177604928,0.018
00e9be89-00001165.jpg,00e9be89-00001170.jpg,orb,2000,2000,62,35,0.5645,0.031,36.9355,0.0877,0.0359,,motion_blur,2,33.509816702253644,0.031
00e9be89-00001170.jpg,00e9be89-00001175.jpg,orb,2000,2000,45,32,0.7111,0.0225,36.9556,0.0731,0.0339,,motion_blur,2,33.22361989940619,0.0225
00e9be89-00001175.jpg,00e9be89-00001180.jpg,orb,2000,2000,96,63,0.6562,0.048,36.0312,0.0834,0.0436,,motion_blur,2,33.06023073886485,0.048
00e9be89-00001180.jpg,00e9be89-00001185.jpg,orb,2000,2000,38,29,0.7632,0.019,40.0263,0.1037,0.0382,,motion_blur,2,32.182400112663444,0.019
00e9be89-00001185.jpg,00e9be89-00001190.jpg,orb,2000,2000,16,8,0.5,0.008,38.6875,0.0898,0.0414,,motion_blur,2,31.3238745823769,0.008
00e9be89-00001190.jpg,00e9be89-00001195.jpg,orb,2000,2000,11,5,0.4545,0.0055,42.9091,0.0692,0.0322,,motion_blur,2,29.324160005587977,0.0055
00e9be89-00001195.jpg,00e9be89-00001200.jpg,orb,2000,1993,24,9,0.375,0.012,39.9583,0.0596,0.0281,,motion_blur,2,31.86866958174633,0.012078510317060896
00e9be89-00001200.jpg,00e9be89-00001205.jpg,orb,1993,1752,34,13,0.3824,0.0194,38.6765,0.0563,0.025,,motion_blur,2,38.5331765217951,0.017111222949169603
00e9be89-00001205.jpg,00e9be89-00001210.jpg,orb,1752,2000,25,7,0.28,0.0143,40.48,0.0544,0.0271,,motion_blur,2,38.73770275033174,0.012525050100200401
00e9be89-00001210.jpg,00e9be89-00001215.jpg,orb,2000,2000,53,25,0.4717,0.0265,41.9434,0.0626,0.0361,,motion_blur,2,36.140846463216526,0.0265
00e9be89-00001215.jpg,00e9be89-00001220.jpg,orb,2000,2000,13,6,0.4615,0.0065,43.0769,0.0686,0.0311,,motion_blur,2,31.51629208660585,0.0065
00e9be89-00001220.jpg,00e9be89-00001225.jpg,orb,2000,2000,20,1,0.05,0.01,44.2,0.0664,0.0337,,motion_blur,2,30.529758011416792,0.01
00e9be89-00001225.jpg,00e9be89-00001230.jpg,orb,2000,2000,20,6,0.3,0.01,41.15,0.0664,0.0313,,motion_blur,2,33.7354011456639,0.01
00e9be89-00001230.jpg,00e9be89-00001240.jpg,orb,2000,1608,43,31,0.7209,0.0267,36.8837,0.0723,0.0287,,motion_blur,2,36.394188578424775,0.023639362286970864
00e9be89-00001240.jpg,00e9be89-00001245.jpg,orb,1608,2000,38,23,0.6053,0.0236,36.3421,0.068,0.0256,,motion_blur,2,34.45488383998195,0.020890599230346345
00e9be89-00001245.jpg,00e9be89-00001250.jpg,orb,2000,2000,18,7,0.3889,0.009,40.7222,0.0664,0.029,,motion_blur,2,32.122314690673775,0.009
00e9be89-00001250.jpg,00e9be89-00001255.jpg,orb,2000,2000,35,17,0.4857,0.0175,37.1714,0.0675,0.0314,,motion_blur,2,33.31831368272604,0.0175
00e9be89-00001255.jpg,00e9be89-00001260.jpg,orb,2000,2000,38,29,0.7632,0.019,36.2895,0.0741,0.034,,motion_blur,2,31.796634931306684,0.019
00e9be89-00001260.jpg,00e9be89-00001265.jpg,orb,2000,2000,42,29,0.6905,0.021,37.0476,0.0843,0.0376,,motion_blur,2,30.235711011000014,0.021
00e9be89-00001265.jpg,00e9be89-00001270.jpg,orb,2000,2000,7,4,0.5714,0.0035,44.7143,0.0705,0.0323,,motion_blur,2,28.067970789165173,0.0035
00e9be89-00001270.jpg,00e9be89-00001275.jpg,orb,2000,2000,10,5,0.5,0.005,40.4,0.078,0.0302,,motion_blur,2,27.161456100574817,0.005
00e9be89-00001275.jpg,00e9be89-00001280.jpg,orb,2000,2000,14,7,0.5,0.007,43.9286,0.0864,0.0375,,motion_blur,2,25.85041704103449,0.007
00e9be89-00001280.jpg,00e9be89-00001285.jpg,orb,2000,2000,13,6,0.4615,0.0065,41.6923,0.0833,0.0315,,motion_blur,2,25.379002296463486,0.0065
00e9be89-00001285.jpg,00e9be89-00001290.jpg,orb,2000,2000,13,4,0.3077,0.0065,40.6923,0.0728,0.0291,,motion_blur,2,27.55881883207398,0.0065
00e9be89-00001290.jpg,00e9be89-00001295.jpg,orb,2000,2000,18,6,0.3333,0.009,43.8333,0.0665,0.0305,,motion_blur,2,28.508651421049187,0.009
00e9be89-00001295.jpg,00e9be89-00001305.jpg,orb,2000,2000,19,6,0.3158,0.0095,41.3158,0.0744,0.0282,,motion_blur,2,27.065319728102796,0.0095
00e9be89-00001305.jpg,00e9be89-00001310.jpg,orb,2000,2000,11,4,0.3636,0.0055,45.1818,0.0828,0.0332,,motion_blur,2,24.535190491339,0.0055
00e9be89-00001310.jpg,00e9be89-00001315.jpg,orb,2000,2000,8,4,0.5,0.004,44.25,0.0784,0.0282,,motion_blur,2,26.15667133047644,0.004
00e9be89-00001315.jpg,00e9be89-00001325.jpg,orb,2000,2000,38,7,0.1842,0.019,32.7368,0.0696,0.0296,,motion_blur,2,29.0230456666888,0.019
00e9be89-00001325.jpg,00e9be89-00001330.jpg,orb,2000,2000,45,11,0.2444,0.0225,35.3556,0.063,0.0299,,motion_blur,2,28.58360250293766,0.0225
00e9be89-00001330.jpg,00e9be89-00001335.jpg,orb,2000,2000,9,4,0.4444,0.0045,39.0,0.0593,0.0292,,motion_blur,2,29.93677658418039,0.0045
00e9be89-00001335.jpg,00e9be89-00001340.jpg,orb,2000,2000,19,8,0.4211,0.0095,37.8947,0.0667,0.0301,,motion_blur,2,31.13415977189986,0.0095
00e9be89-00001340.jpg,00e9be89-00001345.jpg,orb,2000,2000,28,7,0.25,0.014,40.1786,0.0764,0.0297,,motion_blur,2,32.13936826127022,0.014
00e9be89-00001345.jpg,00e9be89-00001350.jpg,orb,2000,2000,19,3,0.1579,0.0095,43.5263,0.0676,0.0267,,motion_blur,2,32.8447301456478,0.0095
00e9be89-00001350.jpg,00e9be89-00001355.jpg,orb,2000,2000,22,8,0.3636,0.011,38.5455,0.0631,0.032,,motion_blur,2,32.22852691385909,0.011
00e9be89-00001355.jpg,00e9be89-00001360.jpg,orb,2000,2000,22,7,0.3182,0.011,42.0,0.0707,0.0288,,motion_blur,2,31.77147912104261,0.011
00e9be89-00001360.jpg,00e9be89-00001365.jpg,orb,2000,2000,20,8,0.4,0.01,40.55,0.0692,0.0287,,motion_blur,2,31.552209830877416,0.01
00e9be89-00001365.jpg,00e9be89-00001370.jpg,orb,2000,2000,45,27,0.6,0.0225,33.8,0.0644,0.0287,,motion_blur,2,30.961813102283543,0.0225
00e9be89-00001370.jpg,00e9be89-00001375.jpg,orb,2000,2000,262,104,0.3969,0.131,32.5954,0.0639,0.0304,,motion_blur,2,33.93967360996823,0.131
00e9be89-00001375.jpg,00e9be89-00001380.jpg,orb,2000,2000,304,135,0.4441,0.152,30.7204,0.0605,0.0312,,motion_blur,2,37.77488046084687,0.152
00e9be89-00001380.jpg,00e9be89-00001385.jpg,orb,2000,2000,296,148,0.5,0.148,30.6655,0.0627,0.0306,,motion_blur,2,37.8587648519749,0.148
00e9be89-00001385.jpg,00e9be89-00001390.jpg,orb,2000,2000,71,42,0.5915,0.0355,31.9296,0.0644,0.0295,,motion_blur,2,36.98678214049107,0.0355
00e9be89-00001390.jpg,00e9be89-00001395.jpg,orb,2000,2000,106,66,0.6226,0.053,31.0849,0.0626,0.0296,,motion_blur,2,36.5895317859019,0.053
00e9be89-00001395.jpg,00e9be89-00001400.jpg,orb,2000,2000,144,62,0.4306,0.072,30.4167,0.061,0.0316,,motion_blur,2,36.90412450575374,0.072
00e9be89-00001400.jpg,00e9be89-00001405.jpg,orb,2000,2000,160,81,0.5062,0.08,29.5,0.0619,0.0315,,motion_blur,2,36.60470034048444,0.08
00e9be89-00001405.jpg,00e9be89-00001410.jpg,orb,2000,2000,130,68,0.5231,0.065,29.4462,0.0624,0.0295,,motion_blur,2,36.29786456602764,0.065
00e9be89-00001410.jpg,00e9be89-00001415.jpg,orb,2000,2000,230,76,0.3304,0.115,30.1087,0.0646,0.0313,,motion_blur,2,36.15804901970336,0.115
00e9be89-00001415.jpg,00e9be89-00001420.jpg,orb,2000,2000,125,45,0.36,0.0625,32.48,0.0748,0.0307,,motion_blur,2,35.87560946943366,0.0625
00e9be89-00001420.jpg,00e9be89-00001425.jpg,orb,2000,2000,113,47,0.4159,0.0565,29.4071,0.07,0.0343,,motion_blur,2,35.7687261229065,0.0565
00e9be89-00001425.jpg,00e9be89-00001430.jpg,orb,2000,2000,158,81,0.5127,0.079,30.7848,0.0683,0.0288,,motion_blur,2,35.864886816989255,0.079
00e9be89-00001430.jpg,00e9be89-00001440.jpg,orb,2000,2000,27,8,0.2963,0.0135,42.8148,0.0648,0.0326,,motion_blur,2,34.81681258366184,0.0135
00e9be89-00001440.jpg,00e9be89-00001445.jpg,orb,2000,2000,95,46,0.4842,0.0475,30.8632,0.0679,0.03,,motion_blur,2,32.861204070886664,0.0475
00e9be89-00001445.jpg,00e9be89-00001450.jpg,orb,2000,2000,38,14,0.3684,0.019,37.9211,0.0676,0.0279,,motion_blur,2,33.23853285541158,0.019
00e9be89-00001450.jpg,00e9be89-00001455.jpg,orb,2000,1995,87,56,0.6437,0.0436,35.2414,0.0625,0.029,,motion_blur,2,36.06231690539562,0.0435
00e9be89-00001455.jpg,00e9be89-00001460.jpg,orb,1995,2000,179,109,0.6089,0.0897,33.7877,0.057,0.0342,,motion_blur,2,37.69731361079121,0.0895
00e9be89-00001460.jpg,00e9be89-00001465.jpg,orb,2000,2000,213,184,0.8638,0.1065,29.0657,0.0576,0.032,,motion_blur,2,37.17746765106861,0.1065
00e9be89-00001465.jpg,00e9be89-00001470.jpg,orb,2000,2000,28,8,0.2857,0.014,36.8929,0.0554,0.0296,,motion_blur,2,36.49921107601213,0.014
00e9be89-00001470.jpg,00e9be89-00001475.jpg,orb,2000,2000,114,61,0.5351,0.057,32.8509,0.06,0.0306,,motion_blur,2,36.752323139797696,0.057
00e9be89-00001475.jpg,00e9be89-00001480.jpg,orb,2000,2000,42,14,0.3333,0.021,35.9762,0.0644,0.0317,,motion_blur,2,36.64043627975925,0.021
00e9be89-00001480.jpg,00e9be89-00001485.jpg,orb,2000,2000,52,20,0.3846,0.026,36.3462,0.0559,0.0283,,motion_blur,2,37.26930109655504,0.026
00e9be89-00001485.jpg,00e9be89-00001490.jpg,orb,2000,2000,87,33,0.3793,0.0435,31.2529,0.0598,0.0265,,motion_blur,2,38.62213786239573,0.0435
00e9be89-00001490.jpg,00e9be89-00001495.jpg,orb,2000,2000,608,586,0.9638,0.304,19.7418,0.0584,0.0263,,motion_blur,2,38.85525153594055,0.304
00e9be89-00001495.jpg,00e9be89-00001500.jpg,orb,2000,2000,810,783,0.9667,0.405,16.6358,0.0679,0.0364,,motion_blur,2,38.77907336408434,0.405
00e9be89-00001500.jpg,00e9be89-00001505.jpg,orb,2000,2000,404,308,0.7624,0.202,24.547,0.0664,0.0327,,motion_blur,2,38.280326505932365,0.202
00e9be89-00001505.jpg,00e9be89-00001510.jpg,orb,2000,2000,47,25,0.5319,0.0235,34.234,0.0674,0.0318,,motion_blur,2,37.98331333551727,0.0235
00e9be89-00001510.jpg,00e9be89-00001515.jpg,orb,2000,2000,53,21,0.3962,0.0265,36.1698,0.0642,0.032,,motion_blur,2,37.87806230175029,0.0265
00e9be89-00001515.jpg,00e9be89-00001520.jpg,orb,2000,2000,46,14,0.3043,0.023,40.8043,0.0651,0.0306,,motion_blur,2,34.29926254199903,0.023
00e9be89-00001520.jpg,00e9be89-00001525.jpg,orb,2000,2000,79,35,0.443,0.0395,33.7848,0.0683,0.0317,,motion_blur,2,29.52223984021054,0.0395
00e9be89-00001525.jpg,00e9be89-00001535.jpg,orb,2000,2000,37,16,0.4324,0.0185,40.5946,0.0698,0.0269,,motion_blur,2,29.316395968428186,0.0185
00e9be89-00001535.jpg,00e9be89-00001540.jpg,orb,2000,2000,21,9,0.4286,0.0105,43.0952,0.0714,0.0302,,motion_blur,2,29.23218613360745,0.0105
00e9be89-00001540.jpg,00e9be89-00001545.jpg,orb,2000,2000,23,11,0.4783,0.0115,37.5217,0.0656,0.0274,,motion_blur,2,28.177050250949407,0.0115
00e9be89-00001545.jpg,00e9be89-00001550.jpg,orb,2000,2000,273,183,0.6703,0.1365,27.1172,0.0678,0.0321,,motion_blur,2,28.63041191832096,0.1365
00e9be89-00001550.jpg,00e9be89-00001555.jpg,orb,2000,2000,343,333,0.9708,0.1715,20.9738,0.0703,0.0323,,motion_blur,2,28.54717004000053,0.1715
00e9be89-00001555.jpg,00e9be89-00001560.jpg,orb,2000,2000,314,302,0.9618,0.157,21.6401,0.0745,0.0326,,motion_blur,2,28.894965175793885,0.157
00e9be89-00001560.jpg,00e9be89-00001565.jpg,orb,2000,2000,451,400,0.8869,0.2255,21.6829,0.0727,0.0316,,motion_blur,2,29.559242072221668,0.2255
00e9be89-00001565.jpg,00e9be89-00001570.jpg,orb,2000,2000,56,26,0.4643,0.028,33.3036,0.0688,0.0359,,motion_blur,2,29.76538813797447,0.028
00e9be89-00001570.jpg,00e9be89-00001575.jpg,orb,2000,2000,67,30,0.4478,0.0335,37.1194,0.0651,0.0295,,motion_blur,2,29.214710850941948,0.0335
00e9be89-00001575.jpg,00e9be89-00001580.jpg,orb,2000,2000,108,68,0.6296,0.054,31.7778,0.0695,0.0288,,motion_blur,2,28.439127902311792,0.054
00e9be89-00001580.jpg,00e9be89-00001585.jpg,orb,2000,2000,59,28,0.4746,0.0295,36.4068,0.0796,0.034,,motion_blur,2,27.49852040846148,0.0295
00e9be89-00001585.jpg,00e9be89-00001590.jpg,orb,2000,2000,18,5,0.2778,0.009,43.0556,0.0753,0.0404,,motion_blur,2,27.64164113433121,0.009
00e9be89-00001590.jpg,00e9be89-00001595.jpg,orb,2000,2000,16,5,0.3125,0.008,44.125,0.0714,0.0366,,motion_blur,2,28.367080265002294,0.008
00e9be89-00001595.jpg,00e9be89-00001600.jpg,orb,2000,2000,29,11,0.3793,0.0145,43.2069,0.0696,0.0319,,motion_blur,2,28.32386232684675,0.0145
00e9be89-00001600.jpg,00e9be89-00001605.jpg,orb,2000,2000,175,112,0.64,0.0875,32.6057,0.0747,0.0281,,motion_blur,2,28.036200146302463,0.0875
00e9be89-00001605.jpg,00e9be89-00001610.jpg,orb,2000,2000,30,16,0.5333,0.015,41.4,0.0711,0.0296,,motion_blur,2,28.273592652031983,0.015
00e9be89-00001610.jpg,00e9be89-00001620.jpg,orb,2000,2000,12,4,0.3333,0.006,43.8333,0.0683,0.0299,,motion_blur,2,28.779152679458765,0.006
00e9be89-00001620.jpg,00e9be89-00001625.jpg,orb,2000,2000,47,24,0.5106,0.0235,34.9787,0.0692,0.0276,,motion_blur,2,28.948721852335915,0.0235
00e9be89-00001625.jpg,00e9be89-00001630.jpg,orb,2000,2000,68,20,0.2941,0.034,36.4559,0.0668,0.0266,,motion_blur,2,29.630805746830625,0.034
00e9be89-00001630.jpg,00e9be89-00001635.jpg,orb,2000,2000,33,7,0.2121,0.0165,42.0606,0.0642,0.0261,,motion_blur,2,27.86463568146157,0.0165
00e9be89-00001635.jpg,00e9be89-00001640.jpg,orb,2000,2000,14,6,0.4286,0.007,44.2143,0.0626,0.028,,motion_blur,2,27.563557007418236,0.007
00e9be89-00001640.jpg,00e9be89-00001645.jpg,orb,2000,2000,7,4,0.5714,0.0035,37.4286,0.0646,0.0322,,motion_blur,2,28.363458489855237,0.0035
00e9be89-00001645.jpg,00e9be89-00001650.jpg,orb,2000,2000,32,10,0.3125,0.016,36.1562,0.0638,0.0335,,motion_blur,2,27.01396873029479,0.016
00e9be89-00001650.jpg,00e9be89-00001655.jpg,orb,2000,2000,25,5,0.2,0.0125,37.16,0.0689,0.0304,,motion_blur,2,26.672106370518463,0.0125
00e9be89-00001655.jpg,00e9be89-00001665.jpg,orb,2000,2000,8,3,0.375,0.004,42.25,0.0775,0.0336,,motion_blur,2,27.20953276519848,0.004
00e9be89-00001665.jpg,00e9be89-00001670.jpg,orb,2000,2000,20,8,0.4,0.01,36.55,0.0733,0.0333,,motion_blur,2,28.516838077061152,0.01
00e9be89-00001670.jpg,00e9be89-00001675.jpg,orb,2000,2000,23,7,0.3043,0.0115,37.7826,0.0713,0.0344,,motion_blur,2,28.78150449424116,0.0115
00e9be89-00001675.jpg,00e9be89-00001680.jpg,orb,2000,2000,31,18,0.5806,0.0155,37.5161,0.0786,0.0308,,motion_blur,2,28.19517525026828,0.0155
00e9be89-00001680.jpg,00e9be89-00001685.jpg,orb,2000,2000,17,5,0.2941,0.0085,43.8824,0.0754,0.0314,,motion_blur,2,27.13628845925709,0.0085
00e9be89-00001685.jpg,00e9be89-00001690.jpg,orb,2000,2000,16,3,0.1875,0.008,38.75,0.0737,0.0301,,motion_blur,2,28.32690198384315,0.008
00e9be89-00001690.jpg,00e9be89-00001695.jpg,orb,2000,2000,16,7,0.4375,0.008,38.1875,0.0669,0.0308,,motion_blur,2,31.78824152362025,0.008
00e9be89-00001695.jpg,00e9be89-00001705.jpg,orb,2000,2000,27,16,0.5926,0.0135,36.8519,0.0622,0.0322,,motion_blur,2,32.79023152088231,0.0135
00e9be89-00001705.jpg,00e9be89-00001710.jpg,orb,2000,2000,112,84,0.75,0.056,31.6786,0.061,0.0292,,motion_blur,2,33.046153025966944,0.056
00e9be89-00001710.jpg,00e9be89-00001715.jpg,orb,2000,2000,42,22,0.5238,0.021,36.2381,0.0634,0.0322,,motion_blur,2,32.58799278071763,0.021
00e9be89-00001715.jpg,00e9be89-00001720.jpg,orb,2000,2000,65,44,0.6769,0.0325,34.4462,0.0618,0.0283,,motion_blur,2,33.22031742815867,0.03256513026052104
00e9be89-00001720.jpg,00e9be89-00001725.jpg,orb,2000,2000,68,57,0.8382,0.034,32.4412,0.062,0.0308,,motion_blur,2,34.1501044151306,0.03406813627254509
00e9be89-00001725.jpg,00e9be89-00001730.jpg,orb,2000,2000,72,57,0.7917,0.036,31.5556,0.0585,0.032,,motion_blur,2,33.53964278934378,0.036
00e9be89-00001730.jpg,00e9be89-00001740.jpg,orb,2000,2000,22,8,0.3636,0.011,36.2273,0.061,0.0327,,motion_blur,2,33.02536252058202,0.011
00e9be89-00001740.jpg,00e9be89-00001745.jpg,orb,2000,2000,6,4,0.6667,0.003,39.8333,0.0696,0.0281,,motion_blur,2,28.698760290396677,0.003
00e9be89-00001745.jpg,00e9be89-00001750.jpg,orb,2000,2000,8,5,0.625,0.004,43.0,0.0711,0.0295,,motion_blur,2,27.455196464744212,0.004
00e9be89-00001750.jpg,00e9be89-00001755.jpg,orb,2000,2000,60,41,0.6833,0.03,35.2333,0.0667,0.0363,,motion_blur,2,30.89934775487705,0.03
00e9be89-00001755.jpg,00e9be89-00001760.jpg,orb,2000,2000,30,16,0.5333,0.015,35.9333,0.0724,0.0318,,motion_blur,2,30.17982176886813,0.015
00e9be89-00001760.jpg,00e9be89-00001765.jpg,orb,2000,2000,17,10,0.5882,0.0085,36.5882,0.0657,0.0324,,motion_blur,2,28.6245773295621,0.0085
00e9be89-00001765.jpg,00e9be89-00001770.jpg,orb,2000,2000,34,17,0.5,0.017,32.5,0.0736,0.0332,,motion_blur,2,28.778716899912094,0.017
00e9be89-00001770.jpg,00e9be89-00001775.jpg,orb,2000,2000,56,36,0.6429,0.028,36.8036,0.0669,0.0302,,motion_blur,2,28.904481671511352,0.028
00e9be89-00001775.jpg,00e9be89-00001780.jpg,orb,2000,2000,55,41,0.7455,0.0275,34.2909,0.0659,0.0299,,motion_blur,2,28.79292182826748,0.0275
00e9be89-00001780.jpg,00e9be89-00001785.jpg,orb,2000,2000,55,36,0.6545,0.0275,35.4364,0.0655,0.0293,,motion_blur,2,29.75771988894392,0.0275
00e9be89-00001785.jpg,00e9be89-00001795.jpg,orb,2000,2000,27,19,0.7037,0.0135,33.037,0.0666,0.0273,,motion_blur,2,31.11063035976309,0.0135
00e9be89-00001795.jpg,00e9be89-00001800.jpg,orb,2000,2000,905,886,0.979,0.4525,20.5028,0.0602,0.0281,,motion_blur,2,31.532600046467277,0.4525
00e9be89-00001800.jpg,00e9be89-00001810.jpg,orb,2000,2000,278,107,0.3849,0.139,30.4317,0.0568,0.0287,,motion_blur,2,31.56909061155352,0.139
00e9be89-00001810.jpg,00e9be89-00001815.jpg,orb,2000,2000,216,62,0.287,0.108,31.625,0.0681,0.0334,,motion_blur,2,31.08647370172465,0.108
00e9be89-00001815.jpg,00e9be89-00001820.jpg,orb,2000,2000,52,15,0.2885,0.026,36.5962,0.0668,0.0314,,motion_blur,2,31.22758176830048,0.026
00e9be89-00001820.jpg,00e9be89-00001825.jpg,orb,2000,2000,79,29,0.3671,0.0395,37.7342,0.0668,0.0289,,motion_blur,2,31.170866444381645,0.0395
00e9be89-00001825.jpg,00e9be89-00001830.jpg,orb,2000,2000,41,15,0.3659,0.0205,38.7805,0.0676,0.0298,,motion_blur,2,29.66373367378805,0.0205
00e9be89-00001830.jpg,00e9be89-00001840.jpg,orb,2000,2000,18,5,0.2778,0.009,40.8333,0.073,0.0299,,motion_blur,2,28.31272886766304,0.009
00e9be89-00001840.jpg,00e9be89-00001845.jpg,orb,2000,2000,1161,1152,0.9922,0.5805,17.0172,0.0733,0.0287,,motion_blur,2,27.84640509258468,0.5805
00e9be89-00001845.jpg,00e9be89-00001865.jpg,orb,2000,2000,972,960,0.9877,0.486,18.9311,0.0842,0.0311,,motion_blur,2,27.74676473051042,0.486
00e9be89-00001865.jpg,00e9be89-00001870.jpg,orb,2000,2000,1016,1004,0.9882,0.508,19.5699,0.0768,0.0331,,motion_blur,2,27.8895860224396,0.508
00e9be89-00001870.jpg,00e9be89-00001875.jpg,orb,2000,2000,1034,1021,0.9874,0.517,16.5058,0.0745,0.0303,,motion_blur,2,27.956060868294905,0.517
00e9be89-00001875.jpg,00e9be89-00001885.jpg,orb,2000,2000,1017,1011,0.9941,0.5085,18.3412,0.0744,0.0295,,motion_blur,2,27.91163624728729,0.5085
00e9be89-00001885.jpg,00e9be89-00001890.jpg,orb,2000,2000,1112,1097,0.9865,0.556,16.6079,0.075,0.0308,,motion_blur,2,27.81667401252367,0.556
00e9be89-00001890.jpg,00e9be89-00001895.jpg,orb,2000,2000,1087,1080,0.9936,0.5435,16.0018,0.0765,0.0302,,motion_blur,2,27.796447588551786,0.5435
00e9be89-00001895.jpg,00e9be89-00001900.jpg,orb,2000,2000,1115,1100,0.9865,0.5575,17.0673,0.0697,0.0319,,motion_blur,2,27.875668417863043,0.5575
00e9be89-00001900.jpg,00e9be89-00001905.jpg,orb,2000,2000,345,206,0.5971,0.1725,28.5826,0.0693,0.0287,,motion_blur,2,28.237581440266688,0.1725
00e9be89-00001905.jpg,00e9be89-00001915.jpg,orb,2000,2000,34,11,0.3235,0.017,37.1471,0.0669,0.0291,,motion_blur,2,29.475928875315493,0.017
00e9be89-00000015.jpg,00e9be89-00000100.jpg,orb,2000,2000,5,0,0.0,0.0025,46.2,0.084,0.0276,C:\Users\amit\Project_digital_image_processing__Amit_Alon\outputs\visualizations\task2\enhanced_visualizations\motion_blur\level_3\match_00e9be89-00000015__00e9be89-00000100.png,motion_blur,3,20.389295888232216,0.0025
00e9be89-00000100.jpg,00e9be89-00000105.jpg,orb,2000,2000,979,971,0.9918,0.4895,21.7978,0.0687,0.0389,,motion_blur,3,23.71123736938996,0.4895
00e9be89-00000105.jpg,00e9be89-00000110.jpg,orb,2000,2000,1059,1047,0.9887,0.5295,20.0614,0.0713,0.0305,,motion_blur,3,23.27196758417016,0.5295
00e9be89-00000110.jpg,00e9be89-00000115.jpg,orb,2000,2000,1053,1044,0.9915,0.5265,19.6078,0.0737,0.03,,motion_blur,3,23.34617857126125,0.5265
00e9be89-00000115.jpg,00e9be89-00000120.jpg,orb,2000,2000,1241,1234,0.9944,0.6205,17.4448,0.0711,0.0312,,motion_blur,3,23.4008219974838,0.6205
00e9be89-00000120.jpg,00e9be89-00000125.jpg,orb,2000,2000,686,663,0.9665,0.343,26.1414,0.0736,0.0268,,motion_blur,3,23.31618615299788,0.343
00e9be89-00000125.jpg,00e9be89-00000130.jpg,orb,2000,2000,848,839,0.9894,0.424,21.7288,0.0906,0.0327,,motion_blur,3,23.163689719365166,0.424
00e9be89-00000130.jpg,00e9be89-00000135.jpg,orb,2000,2000,951,942,0.9905,0.4755,20.7823,0.0802,0.0324,,motion_blur,3,23.492248123592,0.4755
00e9be89-00000135.jpg,00e9be89-00000140.jpg,orb,2000,2000,1015,1001,0.9862,0.5075,20.9379,0.0777,0.0281,,motion_blur,3,23.563283501498823,0.5075
00e9be89-00000140.jpg,00e9be89-00000145.jpg,orb,2000,2000,253,199,0.7866,0.1265,32.7194,0.0732,0.0327,,motion_blur,3,23.909554580681416,0.1265
00e9be89-00000145.jpg,00e9be89-00000150.jpg,orb,2000,2000,26,5,0.1923,0.013,40.4615,0.0793,0.0328,,motion_blur,3,21.71488297518198,0.013
00e9be89-00000150.jpg,00e9be89-00000160.jpg,orb,2000,2000,10,4,0.4,0.005,36.3,0.0808,0.0285,,motion_blur,3,20.187869203194,0.005
00e9be89-00000160.jpg,00e9be89-00000165.jpg,orb,2000,2000,7,4,0.5714,0.0035,40.1429,0.0697,0.0283,,motion_blur,3,21.490667300092525,0.0035
00e9be89-00000165.jpg,00e9be89-00000175.jpg,orb,2000,2000,9,5,0.5556,0.0045,35.7778,0.0653,0.0307,,motion_blur,3,22.71822206500872,0.0045
00e9be89-00000175.jpg,00e9be89-00000190.jpg,orb,2000,2000,17,2,0.1176,0.0085,40.3529,0.0689,0.0304,,motion_blur,3,23.591593460528625,0.0085
00e9be89-00000190.jpg,00e9be89-00001000.jpg,orb,2000,1937,7,4,0.5714,0.0036,43.2857,0.0632,0.0285,,motion_blur,3,26.82190283130989,0.0035
00e9be89-00001000.jpg,00e9be89-00001005.jpg,orb,1937,1607,17,5,0.2941,0.0106,41.8824,0.0513,0.0285,,motion_blur,3,31.885231268471905,0.0085
00e9be89-00001005.jpg,00e9be89-00001010.jpg,orb,1607,1968,8,4,0.5,0.005,40.125,0.0516,0.0293,,motion_blur,3,32.48340258043608,0.004
00e9be89-00001010.jpg,00e9be89-00001015.jpg,orb,1968,1939,31,12,0.3871,0.016,41.7419,0.0559,0.0263,,motion_blur,3,32.41844116879368,0.015562248995983935
00e9be89-00001015.jpg,00e9be89-00001020.jpg,orb,1939,2000,28,7,0.25,0.0144,39.8571,0.052,0.0333,,motion_blur,3,30.90979432504801,0.014056224899598393
00e9be89-00001020.jpg,00e9be89-00001025.jpg,orb,2000,2000,25,13,0.52,0.0125,38.16,0.0723,0.0347,,motion_blur,3,29.97878038531075,0.0125
00e9be89-00001025.jpg,00e9be89-00001030.jpg,orb,2000,1997,60,24,0.4,0.03,38.55,0.071,0.0386,,motion_blur,3,31.32086387990244,0.03
00e9be89-00001030.jpg,00e9be89-00001035.jpg,orb,1997,2000,73,40,0.5479,0.0366,34.726,0.0577,0.0323,,motion_blur,3,31.493884092471557,0.0365
00e9be89-00001035.jpg,00e9be89-00001040.jpg,orb,2000,1819,112,67,0.5982,0.0616,36.6696,0.0577,0.0293,,motion_blur,3,32.528340783100525,0.056
00e9be89-00001040.jpg,00e9be89-00001045.jpg,orb,1819,1926,204,88,0.4314,0.1121,33.8627,0.05,0.026,,motion_blur,3,32.701994975069056,0.102
00e9be89-00001045.jpg,00e9be89-00001050.jpg,orb,1926,1847,68,23,0.3382,0.0368,38.3088,0.0517,0.0264,,motion_blur,3,32.69736142160808,0.034
00e9be89-00001050.jpg,00e9be89-00001055.jpg,orb,1847,2000,74,35,0.473,0.0401,37.2568,0.0566,0.026,,motion_blur,3,31.99511944617113,0.037
00e9be89-00001055.jpg,00e9be89-00001060.jpg,orb,2000,1971,97,57,0.5876,0.0492,34.8454,0.058,0.0317,,motion_blur,3,31.267361473084534,0.0485
00e9be89-00001060.jpg,00e9be89-00001065.jpg,orb,1971,2000,60,49,0.8167,0.0304,34.8167,0.0549,0.0307,,motion_blur,3,30.668973515411,0.03
00e9be89-00001065.jpg,00e9be89-00001070.jpg,orb,2000,2000,125,110,0.88,0.0625,33.976,0.0623,0.0271,,motion_blur,3,29.44701413910724,0.0625
00e9be89-00001070.jpg,00e9be89-00001075.jpg,orb,2000,2000,60,32,0.5333,0.03,36.0667,0.0635,0.0312,,motion_blur,3,27.892551806285795,0.03
00e9be89-00001075.jpg,00e9be89-00001080.jpg,orb,2000,1972,46,25,0.5435,0.0233,38.1957,0.0602,0.0285,,motion_blur,3,29.24981302158277,0.023
00e9be89-00001080.jpg,00e9be89-00001090.jpg,orb,1972,2000,42,21,0.5,0.0213,38.4524,0.0577,0.0279,,motion_blur,3,31.47224453689685,0.021
00e9be89-00001090.jpg,00e9be89-00001095.jpg,orb,2000,2000,60,39,0.65,0.03,31.0,0.0586,0.0314,,motion_blur,3,30.77890846218896,0.03
00e9be89-00001095.jpg,00e9be89-00001100.jpg,orb,2000,2000,55,25,0.4545,0.0275,33.6364,0.0587,0.0286,,motion_blur,3,30.009497099457175,0.0275
00e9be89-00001100.jpg,00e9be89-00001105.jpg,orb,2000,1947,45,20,0.4444,0.0231,38.6444,0.0619,0.0295,,motion_blur,3,28.941853814053587,0.0225
00e9be89-00001105.jpg,00e9be89-00001115.jpg,orb,1947,2000,32,6,0.1875,0.0164,42.0,0.0596,0.0263,,motion_blur,3,28.33485787990113,0.016
00e9be89-00001115.jpg,00e9be89-00001125.jpg,orb,2000,2000,13,4,0.3077,0.0065,48.5385,0.0647,0.0393,,motion_blur,3,27.46836870683157,0.0065
00e9be89-00001125.jpg,00e9be89-00001130.jpg,orb,2000,2000,42,22,0.5238,0.021,36.6429,0.0707,0.0286,,motion_blur,3,27.022214210356506,0.021
00e9be89-00001130.jpg,00e9be89-00001135.jpg,orb,2000,2000,67,55,0.8209,0.0335,32.0896,0.0684,0.0336,,motion_blur,3,28.67319913791009,0.0335
00e9be89-00001135.jpg,00e9be89-00001140.jpg,orb,2000,2000,87,59,0.6782,0.0435,32.4828,0.0601,0.0309,,motion_blur,3,29.19003998143233,0.0435
00e9be89-00001140.jpg,00e9be89-00001150.jpg,orb,2000,2000,59,39,0.661,0.0295,33.1864,0.0569,0.0364,,motion_blur,3,28.757204068772047,0.0295
00e9be89-00001150.jpg,00e9be89-00001155.jpg,orb,2000,2000,92,63,0.6848,0.046,34.1196,0.0598,0.0295,,motion_blur,3,29.96691043992992,0.046
00e9be89-00001155.jpg,00e9be89-00001160.jpg,orb,2000,2000,114,75,0.6579,0.057,31.0,0.0601,0.0311,,motion_blur,3,30.469897629596105,0.057
00e9be89-00001160.jpg,00e9be89-00001165.jpg,orb,2000,2000,24,13,0.5417,0.012,36.7917,0.0599,0.0301,,motion_blur,3,30.571460718658724,0.012
00e9be89-00001165.jpg,00e9be89-00001170.jpg,orb,2000,2000,58,27,0.4655,0.029,36.1552,0.062,0.0286,,motion_blur,3,30.129599784127983,0.029
00e9be89-00001170.jpg,00e9be89-00001175.jpg,orb,2000,2000,48,29,0.6042,0.024,36.375,0.0656,0.0292,,motion_blur,3,29.869150758345555,0.024
00e9be89-00001175.jpg,00e9be89-00001180.jpg,orb,2000,2000,88,54,0.6136,0.044,34.9773,0.0633,0.0291,,motion_blur,3,29.74171658277653,0.044
00e9be89-00001180.jpg,00e9be89-00001185.jpg,orb,2000,2000,40,22,0.55,0.02,36.725,0.0644,0.0355,,motion_blur,3,29.00765925414958,0.02
00e9be89-00001185.jpg,00e9be89-00001190.jpg,orb,2000,2000,20,9,0.45,0.01,40.25,0.0667,0.028,,motion_blur,3,28.307071299687934,0.01
00e9be89-00001190.jpg,00e9be89-00001195.jpg,orb,2000,2000,12,5,0.4167,0.006,38.25,0.0628,0.0328,,motion_blur,3,25.73158887361822,0.006
00e9be89-00001195.jpg,00e9be89-00001200.jpg,orb,2000,1978,28,9,0.3214,0.0142,37.1786,0.0603,0.0294,,motion_blur,3,27.99005785712469,0.014091595369904378
00e9be89-00001200.jpg,00e9be89-00001205.jpg,orb,1978,1145,33,12,0.3636,0.0288,38.3333,0.0592,0.022,,motion_blur,3,34.42063541898747,0.01660795168595873
00e9be89-00001205.jpg,00e9be89-00001210.jpg,orb,1145,2000,14,5,0.3571,0.0122,38.4286,0.0546,0.0178,,motion_blur,3,34.38361571960563,0.0070140280561122245
00e9be89-00001210.jpg,00e9be89-00001215.jpg,orb,2000,2000,41,9,0.2195,0.0205,39.8537,0.0557,0.0353,,motion_blur,3,32.31671307661366,0.0205
00e9be89-00001215.jpg,00e9be89-00001220.jpg,orb,2000,2000,6,4,0.6667,0.003,41.0,0.0662,0.0281,,motion_blur,3,27.948595993392832,0.003
00e9be89-00001220.jpg,00e9be89-00001225.jpg,orb,2000,2000,35,6,0.1714,0.0175,41.9143,0.0636,0.0293,,motion_blur,3,27.19605042496738,0.0175
00e9be89-00001225.jpg,00e9be89-00001230.jpg,orb,2000,2000,22,5,0.2273,0.011,40.5909,0.0631,0.0307,,motion_blur,3,30.37832843462506,0.011
00e9be89-00001230.jpg,00e9be89-00001240.jpg,orb,2000,1066,44,27,0.6136,0.0413,35.4091,0.0534,0.0174,,motion_blur,3,32.83066571760476,0.024189114898295765
00e9be89-00001240.jpg,00e9be89-00001245.jpg,orb,1066,2000,48,26,0.5417,0.045,35.7708,0.0498,0.0165,,motion_blur,3,30.60375913865418,0.026388125343595383
00e9be89-00001245.jpg,00e9be89-00001250.jpg,orb,2000,2000,35,16,0.4571,0.0175,38.6857,0.0604,0.0325,,motion_blur,3,28.375143295694244,0.0175
00e9be89-00001250.jpg,00e9be89-00001255.jpg,orb,2000,2000,48,22,0.4583,0.024,35.6458,0.0615,0.0363,,motion_blur,3,29.882449682946834,0.024
00e9be89-00001255.jpg,00e9be89-00001260.jpg,orb,2000,2000,44,35,0.7955,0.022,35.0455,0.0617,0.0312,,motion_blur,3,28.491277786518857,0.022
00e9be89-00001260.jpg,00e9be89-00001265.jpg,orb,2000,2000,40,29,0.725,0.02,36.15,0.0642,0.0294,,motion_blur,3,27.20530840125384,0.02
00e9be89-00001265.jpg,00e9be89-00001270.jpg,orb,2000,2000,16,4,0.25,0.008,41.5,0.0624,0.032,,motion_blur,3,24.959379161200395,0.008
00e9be89-00001270.jpg,00e9be89-00001275.jpg,orb,2000,2000,21,8,0.381,0.0105,37.5714,0.0625,0.0316,,motion_blur,3,23.760223917079102,0.0105
00e9be89-00001275.jpg,00e9be89-00001280.jpg,orb,2000,2000,10,4,0.4,0.005,44.5,0.065,0.0286,,motion_blur,3,22.66365447195648,0.005
00e9be89-00001280.jpg,00e9be89-00001285.jpg,orb,2000,2000,12,4,0.3333,0.006,36.25,0.0714,0.0332,,motion_blur,3,22.371702504514232,0.006
00e9be89-00001285.jpg,00e9be89-00001290.jpg,orb,2000,2000,13,6,0.4615,0.0065,40.3846,0.0654,0.0318,,motion_blur,3,24.353371817015173,0.0065
00e9be89-00001290.jpg,00e9be89-00001295.jpg,orb,2000,2000,12,5,0.4167,0.006,42.8333,0.0667,0.0342,,motion_blur,3,25.62267740748306,0.006
00e9be89-00001295.jpg,00e9be89-00001305.jpg,orb,2000,2000,18,6,0.3333,0.009,38.5,0.0802,0.0466,,motion_blur,3,24.184447053324003,0.009
00e9be89-00001305.jpg,00e9be89-00001310.jpg,orb,2000,2000,19,5,0.2632,0.0095,44.8947,0.0688,0.0275,,motion_blur,3,21.386491148471517,0.0095
00e9be89-00001310.jpg,00e9be89-00001315.jpg,orb,2000,2000,8,5,0.625,0.004,44.0,0.0726,0.0314,,motion_blur,3,22.04619269020665,0.004
00e9be89-00001315.jpg,00e9be89-00001325.jpg,orb,2000,2000,26,8,0.3077,0.013,31.2692,0.066,0.0283,,motion_blur,3,24.09737923081039,0.013
00e9be89-00001325.jpg,00e9be89-00001330.jpg,orb,2000,1877,42,8,0.1905,0.0224,32.7381,0.0627,0.0272,,motion_blur,3,23.980045303604623,0.021
00e9be89-00001330.jpg,00e9be89-00001335.jpg,orb,1877,2000,31,10,0.3226,0.0165,37.6129,0.0536,0.0298,,motion_blur,3,26.018193132751183,0.0155
00e9be89-00001335.jpg,00e9be89-00001340.jpg,orb,2000,2000,32,10,0.3125,0.016,39.5,0.0594,0.0296,,motion_blur,3,27.76707942370977,0.016
00e9be89-00001340.jpg,00e9be89-00001345.jpg,orb,2000,2000,23,7,0.3043,0.0115,38.5652,0.0644,0.0274,,motion_blur,3,28.50324915330976,0.0115
00e9be89-00001345.jpg,00e9be89-00001350.jpg,orb,2000,1921,16,5,0.3125,0.0083,43.8125,0.0611,0.0405,,motion_blur,3,29.061142880383464,0.008
00e9be89-00001350.jpg,00e9be89-00001355.jpg,orb,1921,2000,12,5,0.4167,0.0062,37.0833,0.0636,0.0326,,motion_blur,3,28.822303049326024,0.006
00e9be89-00001355.jpg,00e9be89-00001360.jpg,orb,2000,2000,28,8,0.2857,0.014,42.5714,0.0629,0.0304,,motion_blur,3,28.67657100104666,0.014
00e9be89-00001360.jpg,00e9be89-00001365.jpg,orb,2000,2000,18,9,0.5,0.009,38.0,0.0792,0.033,,motion_blur,3,28.129874339845205,0.009
00e9be89-00001365.jpg,00e9be89-00001370.jpg,orb,2000,2000,41,22,0.5366,0.0205,32.2683,0.0694,0.0326,,motion_blur,3,27.509653298579718,0.0205
00e9be89-00001370.jpg,00e9be89-00001375.jpg,orb,2000,1736,250,124,0.496,0.144,30.684,0.0675,0.0262,,motion_blur,3,29.50664065757034,0.125
00e9be89-00001375.jpg,00e9be89-00001380.jpg,orb,1736,1678,290,128,0.4414,0.1728,30.4759,0.0881,0.0487,,motion_blur,3,32.1262862344244,0.145
00e9be89-00001380.jpg,00e9be89-00001385.jpg,orb,1678,1684,268,135,0.5037,0.1597,30.9701,0.0874,0.04,,motion_blur,3,32.20949732440015,0.134
00e9be89-00001385.jpg,00e9be89-00001390.jpg,orb,1684,1768,62,42,0.6774,0.0368,28.5968,0.0635,0.0249,,motion_blur,3,31.07281377558633,0.031
00e9be89-00001390.jpg,00e9be89-00001395.jpg,orb,1768,1822,90,54,0.6,0.0509,29.2778,0.0645,0.0247,,motion_blur,3,30.386370098672646,0.045
00e9be89-00001395.jpg,00e9be89-00001400.jpg,orb,1822,1901,146,69,0.4726,0.0801,28.7945,0.0635,0.0286,,motion_blur,3,30.73820989434567,0.073
00e9be89-00001400.jpg,00e9be89-00001405.jpg,orb,1901,1908,165,60,0.3636,0.0868,30.1576,0.0673,0.0293,,motion_blur,3,30.57351719238598,0.0825
00e9be89-00001405.jpg,00e9be89-00001410.jpg,orb,1908,1929,142,74,0.5211,0.0744,30.1549,0.0642,0.0301,,motion_blur,3,30.26355947733872,0.071
00e9be89-00001410.jpg,00e9be89-00001415.jpg,orb,1929,1918,201,78,0.3881,0.1048,30.0498,0.0681,0.0324,,motion_blur,3,30.01938954510157,0.1005
00e9be89-00001415.jpg,00e9be89-00001420.jpg,orb,1918,2000,123,47,0.3821,0.0641,29.6992,0.0648,0.0272,,motion_blur,3,29.7448090797704,0.0615
00e9be89-00001420.jpg,00e9be89-00001425.jpg,orb,2000,1987,109,52,0.4771,0.0549,28.7064,0.0667,0.0263,,motion_blur,3,29.773641001174447,0.0545
00e9be89-00001425.jpg,00e9be89-00001430.jpg,orb,1987,1936,169,74,0.4379,0.0873,31.5444,0.0638,0.0283,,motion_blur,3,30.01765600478452,0.0845
00e9be89-00001430.jpg,00e9be89-00001440.jpg,orb,1936,2000,18,6,0.3333,0.0093,42.5,0.0692,0.0303,,motion_blur,3,29.00520331019664,0.009
00e9be89-00001440.jpg,00e9be89-00001445.jpg,orb,2000,2000,108,64,0.5926,0.054,29.4722,0.0729,0.0318,,motion_blur,3,27.0132749406138,0.054
00e9be89-00001445.jpg,00e9be89-00001450.jpg,orb,2000,1956,56,19,0.3393,0.0286,34.75,0.067,0.0323,,motion_blur,3,27.288457651518996,0.028
00e9be89-00001450.jpg,00e9be89-00001455.jpg,orb,1956,1629,81,51,0.6296,0.0497,34.1481,0.0598,0.0243,,motion_blur,3,30.1198075870051,0.0405
00e9be89-00001455.jpg,00e9be89-00001460.jpg,orb,1629,1761,141,77,0.5461,0.0866,32.9362,0.0521,0.0223,,motion_blur,3,31.802730179089476,0.0705
00e9be89-00001460.jpg,00e9be89-00001465.jpg,orb,1761,1805,183,152,0.8306,0.1039,29.0055,0.0549,0.0259,,motion_blur,3,31.2425063762863,0.0915
00e9be89-00001465.jpg,00e9be89-00001470.jpg,orb,1805,1981,34,8,0.2353,0.0188,36.9706,0.056,0.0275,,motion_blur,3,30.61119039649818,0.017
00e9be89-00001470.jpg,00e9be89-00001475.jpg,orb,1981,1950,80,42,0.525,0.041,33.0375,0.0585,0.0302,,motion_blur,3,30.88805541228625,0.04
00e9be89-00001475.jpg,00e9be89-00001480.jpg,orb,1950,1907,36,11,0.3056,0.0189,35.5833,0.0584,0.0261,,motion_blur,3,30.6586762455206,0.018
00e9be89-00001480.jpg,00e9be89-00001485.jpg,orb,1907,1919,44,16,0.3636,0.0231,35.1591,0.0555,0.0284,,motion_blur,3,31.511049805203555,0.022
00e9be89-00001485.jpg,00e9be89-00001490.jpg,orb,1919,1860,72,29,0.4028,0.0387,31.1806,0.059,0.0284,,motion_blur,3,32.93249901505143,0.036
00e9be89-00001490.jpg,00e9be89-00001495.jpg,orb,1860,1845,535,525,0.9813,0.29,17.9514,0.0585,0.0257,,motion_blur,3,32.93713910171259,0.2675
00e9be89-00001495.jpg,00e9be89-00001500.jpg,orb,1845,1862,742,730,0.9838,0.4022,15.6846,0.054,0.0227,,motion_blur,3,32.83127490317752,0.371
00e9be89-00001500.jpg,00e9be89-00001505.jpg,orb,1862,1953,342,264,0.7719,0.1837,23.2193,0.056,0.0291,,motion_blur,3,32.44880366616778,0.171
00e9be89-00001505.jpg,00e9be89-00001510.jpg,orb,1953,2000,52,21,0.4038,0.0266,34.7692,0.0583,0.0282,,motion_blur,3,32.203036745077725,0.026
00e9be89-00001510.jpg,00e9be89-00001515.jpg,orb,2000,1992,76,30,0.3947,0.0382,38.25,0.0596,0.0311,,motion_blur,3,31.932348906997404,0.038
00e9be89-00001515.jpg,00e9be89-00001520.jpg,orb,1992,2000,29,10,0.3448,0.0146,37.5517,0.0644,0.0283,,motion_blur,3,29.60692529789273,0.0145
00e9be89-00001520.jpg,00e9be89-00001525.jpg,orb,2000,2000,69,40,0.5797,0.0345,31.3043,0.0759,0.0355,,motion_blur,3,26.090875510895543,0.0345
00e9be89-00001525.jpg,00e9be89-00001535.jpg,orb,2000,2000,32,8,0.25,0.016,37.5,0.0755,0.0333,,motion_blur,3,25.758810683613603,0.016
00e9be89-00001535.jpg,00e9be89-00001540.jpg,orb,2000,2000,13,4,0.3077,0.0065,41.9231,0.0738,0.0353,,motion_blur,3,25.67627279948073,0.0065
00e9be89-00001540.jpg,00e9be89-00001545.jpg,orb,2000,2000,21,8,0.381,0.0105,38.0,0.0777,0.032,,motion_blur,3,24.697775348168104,0.0105
00e9be89-00001545.jpg,00e9be89-00001550.jpg,orb,2000,2000,274,184,0.6715,0.137,27.2044,0.0688,0.0321,,motion_blur,3,25.14815596398242,0.137
00e9be89-00001550.jpg,00e9be89-00001555.jpg,orb,2000,2000,345,324,0.9391,0.1725,19.4203,0.0704,0.0336,,motion_blur,3,25.08366788815252,0.1725
00e9be89-00001555.jpg,00e9be89-00001560.jpg,orb,2000,2000,297,273,0.9192,0.1485,21.3636,0.0706,0.0303,,motion_blur,3,25.45970032603937,0.1485
00e9be89-00001560.jpg,00e9be89-00001565.jpg,orb,2000,2000,442,381,0.862,0.221,22.4299,0.0593,0.033,,motion_blur,3,26.08442510147487,0.221
00e9be89-00001565.jpg,00e9be89-00001570.jpg,orb,2000,2000,58,27,0.4655,0.029,32.4655,0.0597,0.0315,,motion_blur,3,26.27986228073599,0.029
00e9be89-00001570.jpg,00e9be89-00001575.jpg,orb,2000,2000,55,24,0.4364,0.0275,36.3455,0.0617,0.029,,motion_blur,3,25.727608902677883,0.0275
00e9be89-00001575.jpg,00e9be89-00001580.jpg,orb,2000,2000,101,71,0.703,0.0505,30.8515,0.0747,0.0381,,motion_blur,3,24.887034223545378,0.0505
00e9be89-00001580.jpg,00e9be89-00001585.jpg,orb,2000,2000,67,19,0.2836,0.0335,32.9552,0.0708,0.0362,,motion_blur,3,23.876360768555333,0.0335
00e9be89-00001585.jpg,00e9be89-00001590.jpg,orb,2000,2000,26,8,0.3077,0.013,38.1923,0.0803,0.044,,motion_blur,3,24.11415616914941,0.013
00e9be89-00001590.jpg,00e9be89-00001595.jpg,orb,2000,2000,25,10,0.4,0.0125,37.64,0.0704,0.0334,,motion_blur,3,24.95346170297517,0.0125
00e9be89-00001595.jpg,00e9be89-00001600.jpg,orb,2000,2000,16,7,0.4375,0.008,39.625,0.0733,0.0312,,motion_blur,3,24.680527265720123,0.008
00e9be89-00001600.jpg,00e9be89-00001605.jpg,orb,2000,2000,173,128,0.7399,0.0865,31.3237,0.0707,0.0316,,motion_blur,3,24.343003546555103,0.0865
00e9be89-00001605.jpg,00e9be89-00001610.jpg,orb,2000,2000,37,16,0.4324,0.0185,40.6486,0.0675,0.0304,,motion_blur,3,24.85444913187308,0.0185
00e9be89-00001610.jpg,00e9be89-00001620.jpg,orb,2000,2000,13,5,0.3846,0.0065,40.1538,0.0706,0.0334,,motion_blur,3,25.330049288066245,0.0065
00e9be89-00001620.jpg,00e9be89-00001625.jpg,orb,2000,2000,60,41,0.6833,0.03,33.6833,0.067,0.0338,,motion_blur,3,25.56730177399516,0.03
00e9be89-00001625.jpg,00e9be89-00001630.jpg,orb,2000,2000,71,24,0.338,0.0355,33.7606,0.0637,0.0299,,motion_blur,3,26.555390668660777,0.0355
00e9be89-00001630.jpg,00e9be89-00001635.jpg,orb,2000,2000,36,6,0.1667,0.018,41.3889,0.0667,0.0302,,motion_blur,3,25.11432965179841,0.018
00e9be89-00001635.jpg,00e9be89-00001640.jpg,orb,2000,2000,21,5,0.2381,0.0105,41.4286,0.0617,0.0281,,motion_blur,3,23.99843745376772,0.0105
00e9be89-00001640.jpg,00e9be89-00001645.jpg,orb,2000,2000,10,4,0.4,0.005,42.7,0.0652,0.0294,,motion_blur,3,23.70197603366389,0.005
00e9be89-00001645.jpg,00e9be89-00001650.jpg,orb,2000,2000,37,7,0.1892,0.0185,35.7838,0.0638,0.0331,,motion_blur,3,22.653098408449583,0.0185
00e9be89-00001650.jpg,00e9be89-00001655.jpg,orb,2000,2000,13,5,0.3846,0.0065,31.8462,0.0657,0.0328,,motion_blur,3,22.357084852466823,0.0065
00e9be89-00001655.jpg,00e9be89-00001665.jpg,orb,2000,2000,9,4,0.4444,0.0045,39.7778,0.0664,0.0335,,motion_blur,3,23.405094334055697,0.0045
00e9be89-00001665.jpg,00e9be89-00001670.jpg,orb,2000,2000,21,11,0.5238,0.0105,40.8095,0.0717,0.0322,,motion_blur,3,25.73394592247996,0.0105
00e9be89-00001670.jpg,00e9be89-00001675.jpg,orb,2000,2000,24,8,0.3333,0.012,39.4583,0.0699,0.0294,,motion_blur,3,25.74757323077525,0.012
00e9be89-00001675.jpg,00e9be89-00001680.jpg,orb,2000,2000,24,16,0.6667,0.012,34.875,0.0698,0.0291,,motion_blur,3,24.79454756935233,0.012
00e9be89-00001680.jpg,00e9be89-00001685.jpg,orb,2000,2000,16,6,0.375,0.008,34.625,0.0713,0.0287,,motion_blur,3,23.74486888783241,0.008
00e9be89-00001685.jpg,00e9be89-00001690.jpg,orb,2000,2000,14,4,0.2857,0.007,36.5714,0.0685,0.032,,motion_blur,3,24.874043684306308,0.007
00e9be89-00001690.jpg,00e9be89-00001695.jpg,orb,2000,2000,14,5,0.3571,0.007,40.9286,0.065,0.0289,,motion_blur,3,28.37962421554075,0.007
00e9be89-00001695.jpg,00e9be89-00001705.jpg,orb,2000,2000,26,13,0.5,0.013,39.3462,0.0589,0.0333,,motion_blur,3,29.248286031125303,0.013
00e9be89-00001705.jpg,00e9be89-00001710.jpg,orb,2000,2000,111,89,0.8018,0.0555,32.1622,0.0579,0.0378,,motion_blur,3,29.33073947740695,0.0555
00e9be89-00001710.jpg,00e9be89-00001715.jpg,orb,2000,2000,42,23,0.5476,0.021,37.619,0.0571,0.0322,,motion_blur,3,29.001178163213574,0.021
00e9be89-00001715.jpg,00e9be89-00001720.jpg,orb,2000,1985,67,47,0.7015,0.0338,33.194,0.0564,0.0341,,motion_blur,3,29.43169759244901,0.03356713426853707
00e9be89-00001720.jpg,00e9be89-00001725.jpg,orb,1985,2000,78,47,0.6026,0.0393,33.7436,0.0568,0.0376,,motion_blur,3,30.22847854377873,0.03907815631262525
00e9be89-00001725.jpg,00e9be89-00001730.jpg,orb,2000,1996,66,39,0.5909,0.0331,33.7727,0.0549,0.0325,,motion_blur,3,29.821451026537083,0.033
00e9be89-00001730.jpg,00e9be89-00001740.jpg,orb,1996,2000,21,7,0.3333,0.0105,36.6667,0.0595,0.031,,motion_blur,3,29.29782902151467,0.0105
00e9be89-00001740.jpg,00e9be89-00001745.jpg,orb,2000,2000,17,4,0.2353,0.0085,38.8824,0.0662,0.0304,,motion_blur,3,25.064074492493297,0.0085
00e9be89-00001745.jpg,00e9be89-00001750.jpg,orb,2000,2000,14,5,0.3571,0.007,41.4286,0.0666,0.0308,,motion_blur,3,23.927480607738083,0.007
00e9be89-00001750.jpg,00e9be89-00001755.jpg,orb,2000,2000,80,58,0.725,0.04,34.1,0.0606,0.0331,,motion_blur,3,27.428706856127167,0.04
00e9be89-00001755.jpg,00e9be89-00001760.jpg,orb,2000,2000,40,17,0.425,0.02,36.175,0.0673,0.0306,,motion_blur,3,27.097638818372864,0.02
00e9be89-00001760.jpg,00e9be89-00001765.jpg,orb,2000,2000,18,11,0.6111,0.009,34.1111,0.0658,0.031,,motion_blur,3,25.88103611619001,0.009
00e9be89-00001765.jpg,00e9be89-00001770.jpg,orb,2000,2000,28,11,0.3929,0.014,35.3214,0.0673,0.0386,,motion_blur,3,25.987685348118926,0.014
00e9be89-00001770.jpg,00e9be89-00001775.jpg,orb,2000,2000,57,34,0.5965,0.0285,34.386,0.0633,0.0328,,motion_blur,3,26.040225499051367,0.0285
00e9be89-00001775.jpg,00e9be89-00001780.jpg,orb,2000,2000,46,28,0.6087,0.023,34.2174,0.0619,0.0294,,motion_blur,3,25.90925651851525,0.023
00e9be89-00001780.jpg,00e9be89-00001785.jpg,orb,2000,2000,46,25,0.5435,0.023,37.2174,0.0623,0.0264,,motion_blur,3,26.60889435646806,0.023
00e9be89-00001785.jpg,00e9be89-00001795.jpg,orb,2000,2000,46,25,0.5435,0.023,35.5435,0.0768,0.0263,,motion_blur,3,27.631083234060156,0.023
00e9be89-00001795.jpg,00e9be89-00001800.jpg,orb,2000,2000,870,834,0.9586,0.435,20.1437,0.059,0.0291,,motion_blur,3,28.031437106841505,0.435
00e9be89-00001800.jpg,00e9be89-00001810.jpg,orb,2000,2000,288,115,0.3993,0.144,28.8507,0.0611,0.0445,,motion_blur,3,28.128422845492423,0.144
00e9be89-00001810.jpg,00e9be89-00001815.jpg,orb,2000,2000,175,60,0.3429,0.0875,30.5714,0.0643,0.0315,,motion_blur,3,27.67428120664289,0.0875
00e9be89-00001815.jpg,00e9be89-00001820.jpg,orb,2000,2000,57,21,0.3684,0.0285,35.2807,0.059,0.04,,motion_blur,3,28.048544078007115,0.0285
00e9be89-00001820.jpg,00e9be89-00001825.jpg,orb,2000,2000,64,21,0.3281,0.032,36.2344,0.0629,0.0304,,motion_blur,3,28.180365352772263,0.032
00e9be89-00001825.jpg,00e9be89-00001830.jpg,orb,2000,2000,36,11,0.3056,0.018,41.4444,0.0646,0.0296,,motion_blur,3,26.558055972401583,0.018
00e9be89-00001830.jpg,00e9be89-00001840.jpg,orb,2000,2000,18,4,0.2222,0.009,37.8333,0.0708,0.0312,,motion_blur,3,25.220907193799757,0.009
00e9be89-00001840.jpg,00e9be89-00001845.jpg,orb,2000,2000,1114,1100,0.9874,0.557,16.6607,0.0668,0.034,,motion_blur,3,24.837593893614347,0.557
00e9be89-00001845.jpg,00e9be89-00001865.jpg,orb,2000,2000,911,893,0.9802,0.4555,19.1482,0.082,0.0343,,motion_blur,3,24.702360966816244,0.4555
00e9be89-00001865.jpg,00e9be89-00001870.jpg,orb,2000,2000,938,932,0.9936,0.469,19.0362,0.0767,0.0285,,motion_blur,3,24.819936308441772,0.469
00e9be89-00001870.jpg,00e9be89-00001875.jpg,orb,2000,2000,1025,1013,0.9883,0.5125,16.0966,0.0729,0.0291,,motion_blur,3,24.922530114545665,0.5125
00e9be89-00001875.jpg,00e9be89-00001885.jpg,orb,2000,2000,979,971,0.9918,0.4895,17.9694,0.0641,0.0319,,motion_blur,3,24.886210143403066,0.4895
00e9be89-00001885.jpg,00e9be89-00001890.jpg,orb,2000,2000,1038,1025,0.9875,0.519,16.2534,0.0657,0.0287,,motion_blur,3,24.77912685608524,0.519
00e9be89-00001890.jpg,00e9be89-00001895.jpg,orb,2000,2000,1018,1003,0.9853,0.509,15.831,0.0637,0.0305,,motion_blur,3,24.77511265384593,0.509
00e9be89-00001895.jpg,00e9be89-00001900.jpg,orb,2000,2000,1068,1057,0.9897,0.534,17.014,0.064,0.034,,motion_blur,3,24.87345071881142,0.534
00e9be89-00001900.jpg,00e9be89-00001905.jpg,orb,2000,2000,345,220,0.6377,0.1725,27.8638,0.0669,0.0301,,motion_blur,3,25.316357585956283,0.1725
00e9be89-00001905.jpg,00e9be89-00001915.jpg,orb,2000,2000,24,9,0.375,0.012,36.75,0.0632,0.0291,,motion_blur,3,26.433273063718808,0.012
00e9be89-00000015.jpg,00e9be89-00000100.jpg,orb,2000,2000,13,4,0.3077,0.0065,39.6154,0.0782,0.0305,C:\Users\amit\Project_digital_image_processing__Amit_Alon\outputs\visualizations\task2\enhanced_visualizations\motion_blur\level_4\match_00e9be89-00000015__00e9be89-00000100.png,motion_blur,4,19.455598180446213,0.0065
00e9be89-00000100.jpg,00e9be89-00000105.jpg,orb,2000,2000,970,955,0.9845,0.485,20.9722,0.0685,0.0313,,motion_blur,4,22.746539561619343,0.485
00e9be89-00000105.jpg,00e9be89-00000110.jpg,orb,2000,2000,1042,1030,0.9885,0.521,19.8426,0.0678,0.0304,,motion_blur,4,22.339560918087606,0.521
00e9be89-00000110.jpg,00e9be89-00000115.jpg,orb,2000,2000,1039,1028,0.9894,0.5195,20.1059,0.0715,0.0306,,motion_blur,4,22.402045072324267,0.5195
00e9be89-00000115.jpg,00e9be89-00000120.jpg,orb,2000,2000,1203,1195,0.9933,0.6015,17.315,0.0693,0.0326,,motion_blur,4,22.451118235902413,0.6015
00e9be89-00000120.jpg,00e9be89-00000125.jpg,orb,2000,2000,692,669,0.9668,0.346,26.2124,0.0818,0.0441,,motion_blur,4,22.30716220521901,0.346
00e9be89-00000125.jpg,00e9be89-00000130.jpg,orb,2000,2000,802,793,0.9888,0.401,21.3055,0.0781,0.0332,,motion_blur,4,22.15582774756529,0.401
00e9be89-00000130.jpg,00e9be89-00000135.jpg,orb,2000,2000,927,922,0.9946,0.4635,20.0572,0.078,0.0298,,motion_blur,4,22.515679995615105,0.4635
00e9be89-00000135.jpg,00e9be89-00000140.jpg,orb,2000,2000,945,924,0.9778,0.4725,20.3979,0.0653,0.0299,,motion_blur,4,22.604805577283727,0.4725
00e9be89-00000140.jpg,00e9be89-00000145.jpg,orb,2000,2000,253,210,0.83,0.1265,31.1818,0.0718,0.029,,motion_blur,4,22.89334322962281,0.1265
00e9be89-00000145.jpg,00e9be89-00000150.jpg,orb,2000,2000,18,5,0.2778,0.009,39.0556,0.0732,0.0316,,motion_blur,4,20.69595321326458,0.009
00e9be89-00000150.jpg,00e9be89-00000160.jpg,orb,2000,2000,7,4,0.5714,0.0035,42.2857,0.0747,0.0311,,motion_blur,4,19.185199048672388,0.0035
00e9be89-00000160.jpg,00e9be89-00000165.jpg,orb,2000,2000,15,5,0.3333,0.0075,39.4,0.0708,0.0279,,motion_blur,4,20.54117738133882,0.0075
00e9be89-00000165.jpg,00e9be89-00000175.jpg,orb,2000,2000,23,7,0.3043,0.0115,34.3478,0.0709,0.031,,motion_blur,4,21.89619038675391,0.0115
00e9be89-00000175.jpg,00e9be89-00000190.jpg,orb,2000,2000,13,5,0.3846,0.0065,40.7692,0.0733,0.0341,,motion_blur,4,22.77888155451513,0.0065
00e9be89-00000190.jpg,00e9be89-00001000.jpg,orb,2000,1709,12,4,0.3333,0.007,45.5,0.0609,0.0261,,motion_blur,4,25.81536374630121,0.006
00e9be89-00001000.jpg,00e9be89-00001005.jpg,orb,1709,1402,20,3,0.15,0.0143,39.3,0.0562,0.0196,,motion_blur,4,30.45673599007708,0.01
00e9be89-00001005.jpg,00e9be89-00001010.jpg,orb,1402,1666,14,5,0.3571,0.01,41.7143,0.0534,0.0181,,motion_blur,4,31.11942150957438,0.007
00e9be89-00001010.jpg,00e9be89-00001015.jpg,orb,1666,1686,32,12,0.375,0.0192,36.7188,0.0529,0.0207,,motion_blur,4,31.31103005455313,0.01606425702811245
00e9be89-00001015.jpg,00e9be89-00001020.jpg,orb,1686,2000,20,6,0.3,0.0119,41.3,0.0563,0.0235,,motion_blur,4,29.84420543935274,0.010040160642570281
00e9be89-00001020.jpg,00e9be89-00001025.jpg,orb,2000,1923,30,10,0.3333,0.0156,38.6,0.0641,0.0316,,motion_blur,4,28.94571583897778,0.015
00e9be89-00001025.jpg,00e9be89-00001030.jpg,orb,1923,1827,46,19,0.413,0.0252,37.3696,0.0585,0.0303,,motion_blur,4,30.301288702524417,0.023
00e9be89-00001030.jpg,00e9be89-00001035.jpg,orb,1827,1926,73,34,0.4658,0.04,35.4384,0.0567,0.0291,,motion_blur,4,30.508699145625368,0.0365
00e9be89-00001035.jpg,00e9be89-00001040.jpg,orb,1926,1439,126,94,0.746,0.0876,34.5476,0.0541,0.0216,,motion_blur,4,31.51216694541089,0.063
00e9be89-00001040.jpg,00e9be89-00001045.jpg,orb,1439,1645,189,94,0.4974,0.1313,34.1481,0.0547,0.0217,,motion_blur,4,31.72915718712298,0.0945
00e9be89-00001045.jpg,00e9be89-00001050.jpg,orb,1645,1521,63,27,0.4286,0.0414,36.1746,0.054,0.0197,,motion_blur,4,31.687295395806355,0.0315
00e9be89-00001050.jpg,00e9be89-00001055.jpg,orb,1521,1996,92,33,0.3587,0.0605,35.4022,0.0536,0.0236,,motion_blur,4,31.003602698910854,0.046
00e9be89-00001055.jpg,00e9be89-00001060.jpg,orb,1996,1823,115,54,0.4696,0.0631,35.0,0.0567,0.0257,,motion_blur,4,30.226734742751532,0.0575
00e9be89-00001060.jpg,00e9be89-00001065.jpg,orb,1823,2000,55,46,0.8364,0.0302,33.0727,0.0569,0.0332,,motion_blur,4,29.59140241207836,0.0275
00e9be89-00001065.jpg,00e9be89-00001070.jpg,orb,2000,2000,122,107,0.877,0.061,33.8607,0.0546,0.0283,,motion_blur,4,28.378208171636167,0.061
00e9be89-00001070.jpg,00e9be89-00001075.jpg,orb,2000,2000,59,33,0.5593,0.0295,36.9322,0.0629,0.0331,,motion_blur,4,26.795276415639115,0.0295
00e9be89-00001075.jpg,00e9be89-00001080.jpg,orb,2000,1814,49,21,0.4286,0.027,38.3265,0.0592,0.0296,,motion_blur,4,28.1453360676406,0.0245
00e9be89-00001080.jpg,00e9be89-00001090.jpg,orb,1814,1997,39,22,0.5641,0.0215,35.1538,0.0527,0.0266,,motion_blur,4,30.328582563294084,0.0195
00e9be89-00001090.jpg,00e9be89-00001095.jpg,orb,1997,1935,61,34,0.5574,0.0315,32.5738,0.0563,0.0272,,motion_blur,4,29.79586957882418,0.0305
00e9be89-00001095.jpg,00e9be89-00001100.jpg,orb,1935,2000,65,35,0.5385,0.0336,33.9692,0.0556,0.0276,,motion_blur,4,29.09922172075364,0.0325
00e9be89-00001100.jpg,00e9be89-00001105.jpg,orb,2000,1806,39,12,0.3077,0.0216,41.8718,0.0569,0.0304,,motion_blur,4,27.896294671878543,0.0195
00e9be89-00001105.jpg,00e9be89-00001115.jpg,orb,1806,2000,35,9,0.2571,0.0194,42.3429,0.069,0.0327,,motion_blur,4,27.317586629623385,0.0175
00e9be89-00001115.jpg,00e9be89-00001125.jpg,orb,2000,2000,18,6,0.3333,0.009,41.0,0.0683,0.0379,,motion_blur,4,26.568976573981708,0.009
00e9be89-00001125.jpg,00e9be89-00001130.jpg,orb,2000,2000,44,21,0.4773,0.022,35.6136,0.0709,0.0325,,motion_blur,4,25.97005223677951,0.022
00e9be89-00001130.jpg,00e9be89-00001135.jpg,orb,2000,2000,57,45,0.7895,0.0285,31.8947,0.0685,0.0315,,motion_blur,4,27.498688561529477,0.0285
00e9be89-00001135.jpg,00e9be89-00001140.jpg,orb,2000,2000,74,53,0.7162,0.037,32.027,0.0595,0.0279,,motion_blur,4,28.17568998268471,0.037
00e9be89-00001140.jpg,00e9be89-00001150.jpg,orb,2000,2000,59,40,0.678,0.0295,33.4068,0.059,0.0278,,motion_blur,4,27.867570852739355,0.0295
00e9be89-00001150.jpg,00e9be89-00001155.jpg,orb,2000,2000,102,64,0.6275,0.051,35.8333,0.0575,0.0308,,motion_blur,4,29.040992051467104,0.051
00e9be89-00001155.jpg,00e9be89-00001160.jpg,orb,2000,2000,117,71,0.6068,0.0585,32.5641,0.0597,0.0281,,motion_blur,4,29.49436331978947,0.0585
00e9be89-00001160.jpg,00e9be89-00001165.jpg,orb,2000,2000,40,19,0.475,0.02,36.625,0.0581,0.0292,,motion_blur,4,29.57230973478162,0.02
00e9be89-00001165.jpg,00e9be89-00001170.jpg,orb,2000,2000,41,20,0.4878,0.0205,34.7317,0.0561,0.0324,,motion_blur,4,29.18185365848267,0.0205
00e9be89-00001170.jpg,00e9be89-00001175.jpg,orb,2000,2000,51,22,0.4314,0.0255,36.451,0.0602,0.0323,,motion_blur,4,28.932203822754943,0.0255
00e9be89-00001175.jpg,00e9be89-00001180.jpg,orb,2000,2000,77,55,0.7143,0.0385,35.2597,0.0612,0.0334,,motion_blur,4,28.802517364232525,0.0385
00e9be89-00001180.jpg,00e9be89-00001185.jpg,orb,2000,2000,59,28,0.4746,0.0295,36.7288,0.0609,0.0289,,motion_blur,4,28.104737621933623,0.0295
00e9be89-00001185.jpg,00e9be89-00001190.jpg,orb,2000,2000,23,12,0.5217,0.0115,36.5217,0.0598,0.0339,,motion_blur,4,27.453543977007808,0.0115
00e9be89-00001190.jpg,00e9be89-00001195.jpg,orb,2000,2000,15,5,0.3333,0.0075,37.9333,0.0597,0.0282,,motion_blur,4,24.633435286304536,0.0075
00e9be89-00001195.jpg,00e9be89-00001200.jpg,orb,2000,1930,38,13,0.3421,0.0197,35.8421,0.0636,0.0297,,motion_blur,4,26.79688152672723,0.019124308002013084
00e9be89-00001200.jpg,00e9be89-00001205.jpg,orb,1930,899,29,14,0.4828,0.0323,37.7241,0.0534,0.0208,,motion_blur,4,33.18742682866339,0.01459486663311525
00e9be89-00001205.jpg,00e9be89-00001210.jpg,orb,899,1871,24,7,0.2917,0.0267,39.0417,0.051,0.0123,,motion_blur,4,33.11015790953243,0.012024048096192385
00e9be89-00001210.jpg,00e9be89-00001215.jpg,orb,1871,1832,47,16,0.3404,0.0257,39.9362,0.0623,0.0255,,motion_blur,4,31.270431434371424,0.0235
00e9be89-00001215.jpg,00e9be89-00001220.jpg,orb,1832,2000,22,6,0.2727,0.012,42.0,0.0605,0.026,,motion_blur,4,27.01367151063318,0.011
00e9be89-00001220.jpg,00e9be89-00001225.jpg,orb,2000,2000,27,8,0.2963,0.0135,39.5926,0.0663,0.0294,,motion_blur,4,26.301996523268983,0.0135
00e9be89-00001225.jpg,00e9be89-00001230.jpg,orb,2000,2000,19,5,0.2632,0.0095,41.9474,0.0624,0.0296,,motion_blur,4,29.42588331637937,0.0095
00e9be89-00001230.jpg,00e9be89-00001240.jpg,orb,2000,857,34,20,0.5882,0.0397,37.3235,0.0535,0.0171,,motion_blur,4,31.766972931041146,0.018691588785046728
00e9be89-00001240.jpg,00e9be89-00001245.jpg,orb,857,2000,46,30,0.6522,0.0537,33.2174,0.0528,0.0119,,motion_blur,4,29.47160784505817,0.025288620120945574
00e9be89-00001245.jpg,00e9be89-00001250.jpg,orb,2000,1987,34,13,0.3824,0.0171,36.7353,0.0594,0.0287,,motion_blur,4,27.30657675939881,0.017
00e9be89-00001250.jpg,00e9be89-00001255.jpg,orb,1987,2000,66,27,0.4091,0.0332,37.5758,0.0579,0.0264,,motion_blur,4,28.887697780489795,0.033
00e9be89-00001255.jpg,00e9be89-00001260.jpg,orb,2000,2000,49,34,0.6939,0.0245,34.7143,0.0603,0.0312,,motion_blur,4,27.52972108766476,0.0245
00e9be89-00001260.jpg,00e9be89-00001265.jpg,orb,2000,2000,40,28,0.7,0.02,35.05,0.0616,0.0276,,motion_blur,4,26.351874786453,0.02
00e9be89-00001265.jpg,00e9be89-00001270.jpg,orb,2000,2000,14,4,0.2857,0.007,42.9286,0.0546,0.0306,,motion_blur,4,24.11125757192476,0.007
00e9be89-00001270.jpg,00e9be89-00001275.jpg,orb,2000,2000,27,7,0.2593,0.0135,39.2593,0.0606,0.0319,,motion_blur,4,22.91776134379814,0.0135
00e9be89-00001275.jpg,00e9be89-00001280.jpg,orb,2000,2000,20,6,0.3,0.01,40.8,0.0665,0.0282,,motion_blur,4,21.89795667798532,0.01
00e9be89-00001280.jpg,00e9be89-00001285.jpg,orb,2000,2000,20,5,0.25,0.01,37.5,0.071,0.0312,,motion_blur,4,21.53478558265681,0.01
00e9be89-00001285.jpg,00e9be89-00001290.jpg,orb,2000,2000,18,5,0.2778,0.009,42.2778,0.0624,0.0301,,motion_blur,4,23.507852002932736,0.009
00e9be89-00001290.jpg,00e9be89-00001295.jpg,orb,2000,1911,16,4,0.25,0.0084,41.8125,0.0581,0.0313,,motion_blur,4,24.79951917501796,0.008
00e9be89-00001295.jpg,00e9be89-00001305.jpg,orb,1911,2000,20,5,0.25,0.0105,40.15,0.0608,0.0285,,motion_blur,4,23.282184737115635,0.01
00e9be89-00001305.jpg,00e9be89-00001310.jpg,orb,2000,2000,18,5,0.2778,0.009,44.0,0.0699,0.028,,motion_blur,4,20.444167667279658,0.009
00e9be89-00001310.jpg,00e9be89-00001315.jpg,orb,2000,2000,17,5,0.2941,0.0085,38.9412,0.0709,0.0298,,motion_blur,4,20.805496631134588,0.0085
00e9be89-00001315.jpg,00e9be89-00001325.jpg,orb,2000,1889,37,9,0.2432,0.0196,31.7568,0.0577,0.0334,,motion_blur,4,22.62396920213717,0.0185
00e9be89-00001325.jpg,00e9be89-00001330.jpg,orb,1889,1769,33,7,0.2121,0.0187,34.4242,0.0574,0.0394,,motion_blur,4,22.64898693055348,0.0165
00e9be89-00001330.jpg,00e9be89-00001335.jpg,orb,1769,1803,18,6,0.3333,0.0102,38.3333,0.0601,0.025,,motion_blur,4,24.898024273008478,0.009
00e9be89-00001335.jpg,00e9be89-00001340.jpg,orb,1803,2000,25,6,0.24,0.0139,38.88,0.0584,0.0266,,motion_blur,4,26.788506596910917,0.0125
00e9be89-00001340.jpg,00e9be89-00001345.jpg,orb,2000,1770,23,6,0.2609,0.013,39.913,0.0512,0.029,,motion_blur,4,27.46829751829613,0.0115
00e9be89-00001345.jpg,00e9be89-00001350.jpg,orb,1770,1675,12,7,0.5833,0.0072,40.6667,0.0567,0.0229,,motion_blur,4,27.979241629440608,0.006
00e9be89-00001350.jpg,00e9be89-00001355.jpg,orb,1675,2000,26,7,0.2692,0.0155,41.0769,0.058,0.0265,,motion_blur,4,27.82391667831692,0.013
00e9be89-00001355.jpg,00e9be89-00001360.jpg,orb,2000,1895,25,6,0.24,0.0132,42.64,0.0619,0.029,,motion_blur,4,27.727672498568914,0.0125
00e9be89-00001360.jpg,00e9be89-00001365.jpg,orb,1895,1957,24,7,0.2917,0.0127,40.625,0.0588,0.0284,,motion_blur,4,27.1011534961119,0.012
00e9be89-00001365.jpg,00e9be89-00001370.jpg,orb,1957,2000,34,15,0.4412,0.0174,34.7353,0.0615,0.0283,,motion_blur,4,26.485967119682627,0.017
00e9be89-00001370.jpg,00e9be89-00001375.jpg,orb,2000,1510,241,124,0.5145,0.1596,30.7012,0.055,0.0244,,motion_blur,4,28.225205678512943,0.1205
00e9be89-00001375.jpg,00e9be89-00001380.jpg,orb,1510,1431,266,117,0.4398,0.1859,30.5827,0.0551,0.0182,,motion_blur,4,30.534257639539767,0.133
00e9be89-00001380.jpg,00e9be89-00001385.jpg,orb,1431,1477,212,96,0.4528,0.1481,29.0189,0.0559,0.0162,,motion_blur,4,30.639491222288772,0.106
00e9be89-00001385.jpg,00e9be89-00001390.jpg,orb,1477,1575,55,37,0.6727,0.0372,27.7636,0.0545,0.0207,,motion_blur,4,29.44182490352717,0.0275
00e9be89-00001390.jpg,00e9be89-00001395.jpg,orb,1575,1649,80,42,0.525,0.0508,29.1625,0.0572,0.0162,,motion_blur,4,28.63930129783243,0.04
00e9be89-00001395.jpg,00e9be89-00001400.jpg,orb,1649,1769,124,54,0.4355,0.0752,29.0323,0.0539,0.0203,,motion_blur,4,28.98075189542625,0.062
00e9be89-00001400.jpg,00e9be89-00001405.jpg,orb,1769,1774,121,55,0.4545,0.0684,31.3471,0.0531,0.0244,,motion_blur,4,28.86399628004103,0.0605
00e9be89-00001405.jpg,00e9be89-00001410.jpg,orb,1774,1801,131,70,0.5344,0.0738,30.2519,0.0526,0.0247,,motion_blur,4,28.57057722753144,0.0655
00e9be89-00001410.jpg,00e9be89-00001415.jpg,orb,1801,1753,183,64,0.3497,0.1044,29.4208,0.0577,0.0232,,motion_blur,4,28.2867435856471,0.0915
00e9be89-00001415.jpg,00e9be89-00001420.jpg,orb,1753,1926,121,45,0.3719,0.069,29.9669,0.0556,0.0223,,motion_blur,4,27.98346138878813,0.0605
00e9be89-00001420.jpg,00e9be89-00001425.jpg,orb,1926,1843,110,54,0.4909,0.0597,29.1909,0.059,0.0273,,motion_blur,4,28.0590821549168,0.055
00e9be89-00001425.jpg,00e9be89-00001430.jpg,orb,1843,1839,147,68,0.4626,0.0799,30.1156,0.0573,0.0264,,motion_blur,4,28.38326339411856,0.0735
00e9be89-00001430.jpg,00e9be89-00001440.jpg,orb,1839,1964,25,7,0.28,0.0136,39.72,0.0565,0.0244,,motion_blur,4,27.461808883993733,0.0125
00e9be89-00001440.jpg,00e9be89-00001445.jpg,orb,1964,2000,98,56,0.5714,0.0499,29.3776,0.069,0.0359,,motion_blur,4,25.473253649358803,0.049
00e9be89-00001445.jpg,00e9be89-00001450.jpg,orb,2000,1845,74,21,0.2838,0.0401,36.7297,0.0693,0.0306,,motion_blur,4,25.64620684485156,0.037
00e9be89-00001450.jpg,00e9be89-00001455.jpg,orb,1845,1393,94,58,0.617,0.0675,34.9574,0.0561,0.021,,motion_blur,4,28.451173446111817,0.047
00e9be89-00001455.jpg,00e9be89-00001460.jpg,orb,1393,1554,119,68,0.5714,0.0854,31.4202,0.0519,0.02,,motion_blur,4,30.149922127270443,0.0595
00e9be89-00001460.jpg,00e9be89-00001465.jpg,orb,1554,1580,160,131,0.8187,0.103,29.2063,0.0473,0.0223,,motion_blur,4,29.584262316310436,0.08
00e9be89-00001465.jpg,00e9be89-00001470.jpg,orb,1580,1848,27,9,0.3333,0.0171,34.6667,0.0517,0.0225,,motion_blur,4,28.99920543917877,0.0135
00e9be89-00001470.jpg,00e9be89-00001475.jpg,orb,1848,1838,85,48,0.5647,0.0462,33.4588,0.056,0.0267,,motion_blur,4,29.30184927500963,0.0425
00e9be89-00001475.jpg,00e9be89-00001480.jpg,orb,1838,1768,40,10,0.25,0.0226,37.85,0.0574,0.0244,,motion_blur,4,29.007909892777256,0.02
00e9be89-00001480.jpg,00e9be89-00001485.jpg,orb,1768,1773,37,13,0.3514,0.0209,35.3243,0.0507,0.0275,,motion_blur,4,29.935951991534672,0.0185
00e9be89-00001485.jpg,00e9be89-00001490.jpg,orb,1773,1687,71,25,0.3521,0.0421,34.6338,0.0525,0.0208,,motion_blur,4,31.40227747114123,0.0355
00e9be89-00001490.jpg,00e9be89-00001495.jpg,orb,1687,1654,463,453,0.9784,0.2799,18.2527,0.0514,0.019,,motion_blur,4,31.34106615409184,0.2315
00e9be89-00001495.jpg,00e9be89-00001500.jpg,orb,1654,1705,655,638,0.974,0.396,15.0336,0.0523,0.0199,,motion_blur,4,31.22039416580835,0.3275
00e9be89-00001500.jpg,00e9be89-00001505.jpg,orb,1705,1783,333,208,0.6246,0.1953,23.8679,0.0538,0.0225,,motion_blur,4,30.866145056640008,0.1665
00e9be89-00001505.jpg,00e9be89-00001510.jpg,orb,1783,1880,41,15,0.3659,0.023,36.8537,0.0572,0.0261,,motion_blur,4,30.646861707937724,0.0205
00e9be89-00001510.jpg,00e9be89-00001515.jpg,orb,1880,1877,55,24,0.4364,0.0293,37.9091,0.054,0.0276,,motion_blur,4,30.297019426924532,0.0275
00e9be89-00001515.jpg,00e9be89-00001520.jpg,orb,1877,2000,28,6,0.2143,0.0149,43.25,0.0586,0.0287,,motion_blur,4,28.23607881579371,0.014
00e9be89-00001520.jpg,00e9be89-00001525.jpg,orb,2000,2000,75,32,0.4267,0.0375,31.9067,0.066,0.0304,,motion_blur,4,25.053642586987085,0.0375
00e9be89-00001525.jpg,00e9be89-00001535.jpg,orb,2000,2000,38,8,0.2105,0.019,39.3947,0.0704,0.0337,,motion_blur,4,24.71869256348499,0.019
00e9be89-00001535.jpg,00e9be89-00001540.jpg,orb,2000,2000,22,5,0.2273,0.011,40.9545,0.0645,0.0294,,motion_blur,4,24.65140006421461,0.011
00e9be89-00001540.jpg,00e9be89-00001545.jpg,orb,2000,2000,26,10,0.3846,0.013,37.0769,0.0596,0.0312,,motion_blur,4,23.717771990332643,0.013
00e9be89-00001545.jpg,00e9be89-00001550.jpg,orb,2000,1985,268,172,0.6418,0.135,27.0336,0.0574,0.0314,,motion_blur,4,24.17199776048902,0.134
00e9be89-00001550.jpg,00e9be89-00001555.jpg,orb,1985,2000,304,292,0.9605,0.1531,18.5888,0.0546,0.0327,,motion_blur,4,24.10322735147764,0.152
00e9be89-00001555.jpg,00e9be89-00001560.jpg,orb,2000,1709,286,265,0.9266,0.1673,20.5769,0.052,0.0263,,motion_blur,4,24.473395612811835,0.143
00e9be89-00001560.jpg,00e9be89-00001565.jpg,orb,1709,1877,384,339,0.8828,0.2247,22.4766,0.0535,0.0257,,motion_blur,4,25.074195511486312,0.192
00e9be89-00001565.jpg,00e9be89-00001570.jpg,orb,1877,2000,75,48,0.64,0.04,29.9067,0.0569,0.0298,,motion_blur,4,25.26344076084881,0.0375
00e9be89-00001570.jpg,00e9be89-00001575.jpg,orb,2000,2000,37,16,0.4324,0.0185,36.8108,0.0644,0.0279,,motion_blur,4,24.710315941037624,0.0185
00e9be89-00001575.jpg,00e9be89-00001580.jpg,orb,2000,2000,108,70,0.6481,0.054,31.4259,0.0658,0.0934,,motion_blur,4,23.873093537459354,0.054
00e9be89-00001580.jpg,00e9be89-00001585.jpg,orb,2000,2000,63,22,0.3492,0.0315,34.3175,0.0626,0.0303,,motion_blur,4,22.888508542196767,0.0315
00e9be89-00001585.jpg,00e9be89-00001590.jpg,orb,2000,1972,44,12,0.2727,0.0223,35.3636,0.0592,0.0264,,motion_blur,4,23.11518409233008,0.022
00e9be89-00001590.jpg,00e9be89-00001595.jpg,orb,1972,2000,35,7,0.2,0.0177,39.8286,0.0593,0.0282,,motion_blur,4,23.942658733000545,0.0175
00e9be89-00001595.jpg,00e9be89-00001600.jpg,orb,2000,2000,22,7,0.3182,0.011,42.3182,0.0619,0.029,,motion_blur,4,23.63820690770283,0.011
00e9be89-00001600.jpg,00e9be89-00001605.jpg,orb,2000,2000,167,116,0.6946,0.0835,32.2395,0.0704,0.0351,,motion_blur,4,23.286242706661803,0.0835
00e9be89-00001605.jpg,00e9be89-00001610.jpg,orb,2000,2000,20,8,0.4,0.01,38.0,0.0694,0.0316,,motion_blur,4,23.836422528469605,0.01
00e9be89-00001610.jpg,00e9be89-00001620.jpg,orb,2000,2000,14,6,0.4286,0.007,44.0,0.0647,0.032,,motion_blur,4,24.307590059669497,0.007
00e9be89-00001620.jpg,00e9be89-00001625.jpg,orb,2000,2000,48,36,0.75,0.024,31.7083,0.0588,0.0292,,motion_blur,4,24.5704978778791,0.024
00e9be89-00001625.jpg,00e9be89-00001630.jpg,orb,2000,2000,75,25,0.3333,0.0375,33.5467,0.0599,0.029,,motion_blur,4,25.57639332232882,0.0375
00e9be89-00001630.jpg,00e9be89-00001635.jpg,orb,2000,2000,17,5,0.2941,0.0085,40.7647,0.058,0.0287,,motion_blur,4,24.28083881428782,0.0085
00e9be89-00001635.jpg,00e9be89-00001640.jpg,orb,2000,2000,21,7,0.3333,0.0105,38.5714,0.0588,0.0317,,motion_blur,4,22.9598875493078,0.0105
00e9be89-00001640.jpg,00e9be89-00001645.jpg,orb,2000,2000,20,5,0.25,0.01,40.9,0.0589,0.0313,,motion_blur,4,22.26212362663798,0.01
00e9be89-00001645.jpg,00e9be89-00001650.jpg,orb,2000,2000,38,2,0.0526,0.019,34.4211,0.0566,0.0307,,motion_blur,4,21.309774551291017,0.019
00e9be89-00001650.jpg,00e9be89-00001655.jpg,orb,2000,2000,21,7,0.3333,0.0105,39.7619,0.0616,0.0308,,motion_blur,4,21.1363517382246,0.0105
00e9be89-00001655.jpg,00e9be89-00001665.jpg,orb,2000,2000,11,4,0.3636,0.0055,38.7273,0.0661,0.0318,,motion_blur,4,22.3519818416411,0.0055
00e9be89-00001665.jpg,00e9be89-00001670.jpg,orb,2000,2000,20,9,0.45,0.01,38.9,0.0618,0.0274,,motion_blur,4,24.90481191073748,0.01
00e9be89-00001670.jpg,00e9be89-00001675.jpg,orb,2000,2000,39,9,0.2308,0.0195,40.8718,0.0628,0.0307,,motion_blur,4,24.88438658419482,0.0195
00e9be89-00001675.jpg,00e9be89-00001680.jpg,orb,2000,2000,34,17,0.5,0.017,34.7059,0.0603,0.0337,,motion_blur,4,23.836406062557423,0.017
00e9be89-00001680.jpg,00e9be89-00001685.jpg,orb,2000,2000,12,5,0.4167,0.006,34.1667,0.0782,0.0357,,motion_blur,4,22.772287784737845,0.006
00e9be89-00001685.jpg,00e9be89-00001690.jpg,orb,2000,2000,23,6,0.2609,0.0115,37.4783,0.0722,0.0316,,motion_blur,4,23.88406693015643,0.0115
00e9be89-00001690.jpg,00e9be89-00001695.jpg,orb,2000,2000,21,7,0.3333,0.0105,37.2857,0.0671,0.0303,,motion_blur,4,27.355147793538045,0.0105
00e9be89-00001695.jpg,00e9be89-00001705.jpg,orb,2000,1919,21,8,0.381,0.0109,37.619,0.0593,0.0264,,motion_blur,4,28.172529080334755,0.0105
00e9be89-00001705.jpg,00e9be89-00001710.jpg,orb,1919,1883,102,69,0.6765,0.0542,33.6176,0.0547,0.027,,motion_blur,4,28.230061033284613,0.051
00e9be89-00001710.jpg,00e9be89-00001715.jpg,orb,1883,2000,37,19,0.5135,0.0196,36.8649,0.0547,0.0299,,motion_blur,4,27.956549875573337,0.0185
00e9be89-00001715.jpg,00e9be89-00001720.jpg,orb,2000,1780,65,35,0.5385,0.0365,33.5846,0.0538,0.0251,,motion_blur,4,28.32809689577191,0.03256513026052104
00e9be89-00001720.jpg,00e9be89-00001725.jpg,orb,1780,1964,81,61,0.7531,0.0455,35.1605,0.0527,0.0297,,motion_blur,4,29.12607645221894,0.0405811623246493
00e9be89-00001725.jpg,00e9be89-00001730.jpg,orb,1964,1809,60,42,0.7,0.0332,33.0667,0.0539,0.0282,,motion_blur,4,28.74737571132679,0.03
00e9be89-00001730.jpg,00e9be89-00001740.jpg,orb,1809,2000,23,7,0.3043,0.0127,37.7826,0.0578,0.026,,motion_blur,4,28.16118075201724,0.0115
00e9be89-00001740.jpg,00e9be89-00001745.jpg,orb,2000,2000,11,4,0.3636,0.0055,38.1818,0.0622,0.0323,,motion_blur,4,24.00546660392924,0.0055
00e9be89-00001745.jpg,00e9be89-00001750.jpg,orb,2000,1999,24,6,0.25,0.012,40.25,0.0664,0.0294,,motion_blur,4,22.933888657511737,0.012
00e9be89-00001750.jpg,00e9be89-00001755.jpg,orb,1999,2000,82,50,0.6098,0.041,36.0976,0.0567,0.0285,,motion_blur,4,26.433813187196627,0.041
00e9be89-00001755.jpg,00e9be89-00001760.jpg,orb,2000,2000,38,20,0.5263,0.019,36.6316,0.0583,0.0298,,motion_blur,4,26.22481506309699,0.019
00e9be89-00001760.jpg,00e9be89-00001765.jpg,orb,2000,2000,22,13,0.5909,0.011,33.1818,0.0566,0.0283,,motion_blur,4,25.13571905067268,0.011
00e9be89-00001765.jpg,00e9be89-00001770.jpg,orb,2000,2000,26,12,0.4615,0.013,34.5769,0.0581,0.0295,,motion_blur,4,25.225753572328685,0.013
00e9be89-00001770.jpg,00e9be89-00001775.jpg,orb,2000,2000,62,44,0.7097,0.031,35.2419,0.0691,0.0369,,motion_blur,4,25.244505809646792,0.031
00e9be89-00001775.jpg,00e9be89-00001780.jpg,orb,2000,2000,52,33,0.6346,0.026,33.4808,0.0678,0.0311,,motion_blur,4,25.08014571063816,0.026
00e9be89-00001780.jpg,00e9be89-00001785.jpg,orb,2000,2000,60,40,0.6667,0.03,35.1333,0.0625,0.0311,,motion_blur,4,25.71179759658232,0.03
00e9be89-00001785.jpg,00e9be89-00001795.jpg,orb,2000,1981,47,28,0.5957,0.0237,33.5745,0.0606,0.0314,,motion_blur,4,26.67548606285236,0.0235
00e9be89-00001795.jpg,00e9be89-00001800.jpg,orb,1981,2000,820,799,0.9744,0.4139,20.3244,0.0566,0.0296,,motion_blur,4,27.08344638678922,0.41
00e9be89-00001800.jpg,00e9be89-00001810.jpg,orb,2000,2000,272,104,0.3824,0.136,28.5662,0.052,0.0325,,motion_blur,4,27.16242842984851,0.136
00e9be89-00001810.jpg,00e9be89-00001815.jpg,orb,2000,2000,160,62,0.3875,0.08,31.1375,0.0558,0.0316,,motion_blur,4,26.678275590712943,0.08
00e9be89-00001815.jpg,00e9be89-00001820.jpg,orb,2000,2000,53,16,0.3019,0.0265,35.4528,0.057,0.03,,motion_blur,4,27.141204737410263,0.0265
00e9be89-00001820.jpg,00e9be89-00001825.jpg,orb,2000,2000,70,21,0.3,0.035,35.8714,0.0557,0.0282,,motion_blur,4,27.33372276238205,0.035
00e9be89-00001825.jpg,00e9be89-00001830.jpg,orb,2000,2000,48,19,0.3958,0.024,36.0208,0.0646,0.0273,,motion_blur,4,25.712679475379005,0.024
00e9be89-00001830.jpg,00e9be89-00001840.jpg,orb,2000,2000,32,6,0.1875,0.016,39.5938,0.0587,0.0307,,motion_blur,4,24.351692197841885,0.016
00e9be89-00001840.jpg,00e9be89-00001845.jpg,orb,2000,2000,1117,1104,0.9884,0.5585,16.5918,0.0662,0.0307,,motion_blur,4,23.917730427160848,0.5585
00e9be89-00001845.jpg,00e9be89-00001865.jpg,orb,2000,2000,912,894,0.9803,0.456,18.9002,0.0665,0.0319,,motion_blur,4,23.779573093908297,0.456
00e9be89-00001865.jpg,00e9be89-00001870.jpg,orb,2000,2000,932,917,0.9839,0.466,18.883,0.0639,0.0314,,motion_blur,4,23.887641765417715,0.466
00e9be89-00001870.jpg,00e9be89-00001875.jpg,orb,2000,2000,1009,996,0.9871,0.5045,15.6848,0.0589,0.0294,,motion_blur,4,23.99026593789392,0.5045
00e9be89-00001875.jpg,00e9be89-00001885.jpg,orb,2000,2000,993,972,0.9789,0.4965,17.856,0.0647,0.0315,,motion_blur,4,23.95662877695336,0.4965
00e9be89-00001885.jpg,00e9be89-00001890.jpg,orb,2000,2000,1037,1018,0.9817,0.5185,16.7946,0.0696,0.0366,,motion_blur,4,23.85616913604803,0.5185
00e9be89-00001890.jpg,00e9be89-00001895.jpg,orb,2000,2000,1008,987,0.9792,0.504,15.6657,0.0704,0.0337,,motion_blur,4,23.85647297749753,0.504
00e9be89-00001895.jpg,00e9be89-00001900.jpg,orb,2000,2000,1041,1021,0.9808,0.5205,16.8722,0.0738,0.0328,,motion_blur,4,23.9492238720174,0.5205
00e9be89-00001900.jpg,00e9be89-00001905.jpg,orb,2000,2000,353,177,0.5014,0.1765,27.7082,0.0674,0.032,,motion_blur,4,24.443061217684075,0.1765
00e9be89-00001905.jpg,00e9be89-00001915.jpg,orb,2000,2000,33,7,0.2121,0.0165,34.5455,0.0596,0.031,,motion_blur,4,25.5888658573205,0.0165
00e9be89-00000015.jpg,00e9be89-00000100.jpg,orb,2000,1979,13,4,0.3077,0.0066,44.4615,0.0712,0.0299,C:\Users\amit\Project_digital_image_processing__Amit_Alon\outputs\visualizations\task2\enhanced_visualizations\motion_blur\level_5\match_00e9be89-00000015__00e9be89-00000100.png,motion_blur,5,18.183033737701567,0.0065
00e9be89-00000100.jpg,00e9be89-00000105.jpg,orb,1979,2000,927,909,0.9806,0.4684,21.3883,0.0653,0.0291,,motion_blur,5,21.390357985872125,0.4635
00e9be89-00000105.jpg,00e9be89-00000110.jpg,orb,2000,2000,981,960,0.9786,0.4905,20.107,0.0609,0.0334,,motion_blur,5,21.03537506776675,0.4905
00e9be89-00000110.jpg,00e9be89-00000115.jpg,orb,2000,2000,993,977,0.9839,0.4965,19.9708,0.0669,0.0323,,motion_blur,5,21.078085421850773,0.4965
00e9be89-00000115.jpg,00e9be89-00000120.jpg,orb,2000,2000,1124,1114,0.9911,0.562,17.008,0.0634,0.0297,,motion_blur,5,21.124873590608964,0.562
00e9be89-00000120.jpg,00e9be89-00000125.jpg,orb,2000,2000,636,607,0.9544,0.318,26.2028,0.0586,0.0305,,motion_blur,5,20.897616175078653,0.318
00e9be89-00000125.jpg,00e9be89-00000130.jpg,orb,2000,2000,796,774,0.9724,0.398,20.9133,0.0589,0.0334,,motion_blur,5,20.747084160292918,0.398
00e9be89-00000130.jpg,00e9be89-00000135.jpg,orb,2000,1946,842,826,0.981,0.4327,19.9145,0.0678,0.0282,,motion_blur,5,21.1601951876807,0.421
00e9be89-00000135.jpg,00e9be89-00000140.jpg,orb,1946,2000,911,884,0.9704,0.4681,19.9232,0.0624,0.0315,,motion_blur,5,21.272199321218608,0.4555
00e9be89-00000140.jpg,00e9be89-00000145.jpg,orb,2000,1883,242,184,0.7603,0.1285,30.3223,0.0636,0.0316,,motion_blur,5,21.48399756568384,0.121
00e9be89-00000145.jpg,00e9be89-00000150.jpg,orb,1883,2000,18,6,0.3333,0.0096,37.8333,0.0639,0.0247,,motion_blur,5,19.283267357287823,0.009
00e9be89-00000150.jpg,00e9be89-00000160.jpg,orb,2000,2000,21,5,0.2381,0.0105,38.9524,0.0635,0.0277,,motion_blur,5,17.811416253955432,0.0105
00e9be89-00000160.jpg,00e9be89-00000165.jpg,orb,2000,2000,12,4,0.3333,0.006,33.75,0.0618,0.0303,,motion_blur,5,19.24559155623032,0.006
00e9be89-00000165.jpg,00e9be89-00000175.jpg,orb,2000,2000,7,4,0.5714,0.0035,39.5714,0.0618,0.0297,,motion_blur,5,20.740974165136656,0.0035
00e9be89-00000175.jpg,00e9be89-00000190.jpg,orb,2000,2000,11,5,0.4545,0.0055,39.0,0.057,0.0263,,motion_blur,5,21.625513205834924,0.0055
00e9be89-00000190.jpg,00e9be89-00001000.jpg,orb,2000,1252,22,8,0.3636,0.0176,43.8182,0.052,0.0198,,motion_blur,5,24.387950503850497,0.011
00e9be89-00001000.jpg,00e9be89-00001005.jpg,orb,1252,969,13,5,0.3846,0.0134,36.2308,0.0426,0.01,,motion_blur,5,28.501318240978343,0.0065
00e9be89-00001005.jpg,00e9be89-00001010.jpg,orb,969,1000,18,8,0.4444,0.0186,43.4444,0.0433,0.0086,,motion_blur,5,29.26032558959639,0.009
00e9be89-00001010.jpg,00e9be89-00001015.jpg,orb,1000,1089,19,1,0.0526,0.019,41.2632,0.046,0.008,,motion_blur,5,29.750409144487445,0.009538152610441768
00e9be89-00001015.jpg,00e9be89-00001020.jpg,orb,1089,1754,31,9,0.2903,0.0285,38.9677,0.0461,0.0161,,motion_blur,5,28.36296472907728,0.015562248995983935
00e9be89-00001020.jpg,00e9be89-00001025.jpg,orb,1754,1431,27,7,0.2593,0.0189,39.1111,0.0521,0.0246,,motion_blur,5,27.489257759688726,0.0135
00e9be89-00001025.jpg,00e9be89-00001030.jpg,orb,1431,1246,38,19,0.5,0.0305,39.5263,0.0532,0.0167,,motion_blur,5,28.832908959334272,0.019
00e9be89-00001030.jpg,00e9be89-00001035.jpg,orb,1246,1329,70,37,0.5286,0.0562,36.5143,0.0489,0.0116,,motion_blur,5,29.0929257897528,0.035
00e9be89-00001035.jpg,00e9be89-00001040.jpg,orb,1329,830,110,75,0.6818,0.1325,34.2909,0.0435,0.008,,motion_blur,5,30.050117016766908,0.055
00e9be89-00001040.jpg,00e9be89-00001045.jpg,orb,830,972,126,74,0.5873,0.1518,33.3968,0.0409,0.0065,,motion_blur,5,30.276629390579156,0.063
00e9be89-00001045.jpg,00e9be89-00001050.jpg,orb,972,1065,61,20,0.3279,0.0628,38.0,0.0402,0.0099,,motion_blur,5,30.207680056929146,0.0305
00e9be89-00001050.jpg,00e9be89-00001055.jpg,orb,1065,1240,63,25,0.3968,0.0592,36.0476,0.0444,0.0103,,motion_blur,5,29.62971939552936,0.0315
00e9be89-00001055.jpg,00e9be89-00001060.jpg,orb,1240,1248,74,42,0.5676,0.0597,33.8649,0.0465,0.0106,,motion_blur,5,28.832376317789496,0.037
00e9be89-00001060.jpg,00e9be89-00001065.jpg,orb,1248,1713,59,40,0.678,0.0473,35.1695,0.0466,0.0164,,motion_blur,5,28.09049147105485,0.0295
00e9be89-00001065.jpg,00e9be89-00001070.jpg,orb,1713,1710,125,81,0.648,0.0731,34.352,0.053,0.0266,,motion_blur,5,26.883067052090603,0.0625
00e9be89-00001070.jpg,00e9be89-00001075.jpg,orb,1710,1979,74,43,0.5811,0.0433,36.0946,0.0554,0.0312,,motion_blur,5,25.32325584200817,0.037
00e9be89-00001075.jpg,00e9be89-00001080.jpg,orb,1979,1327,48,20,0.4167,0.0362,38.1458,0.0552,0.0232,,motion_blur,5,26.60959532986857,0.024
00e9be89-00001080.jpg,00e9be89-00001090.jpg,orb,1327,1647,33,18,0.5455,0.0249,36.9091,0.0488,0.0164,,motion_blur,5,28.761385237334597,0.0165
00e9be89-00001090.jpg,00e9be89-00001095.jpg,orb,1647,1405,60,36,0.6,0.0427,32.95,0.0545,0.0221,,motion_blur,5,28.400913676093484,0.03
00e9be89-00001095.jpg,00e9be89-00001100.jpg,orb,1405,1745,60,29,0.4833,0.0427,34.9333,0.0532,0.022,,motion_blur,5,27.924723667655662,0.03
00e9be89-00001100.jpg,00e9be89-00001105.jpg,orb,1745,1415,37,9,0.2432,0.0261,40.6757,0.0501,0.0224,,motion_blur,5,26.588302604626897,0.0185
00e9be89-00001105.jpg,00e9be89-00001115.jpg,orb,1415,1740,22,7,0.3182,0.0155,38.2727,0.0476,0.0199,,motion_blur,5,25.91695483882649,0.011
00e9be89-00001115.jpg,00e9be89-00001125.jpg,orb,1740,2000,20,6,0.3,0.0115,40.6,0.0535,0.0242,,motion_blur,5,25.294949711108096,0.01
00e9be89-00001125.jpg,00e9be89-00001130.jpg,orb,2000,2000,42,26,0.619,0.021,34.1667,0.0616,0.0265,,motion_blur,5,24.413477421334623,0.021
00e9be89-00001130.jpg,00e9be89-00001135.jpg,orb,2000,1753,56,28,0.5,0.0319,35.2679,0.0552,0.0258,,motion_blur,5,25.805501450875195,0.028
00e9be89-00001135.jpg,00e9be89-00001140.jpg,orb,1753,2000,80,51,0.6375,0.0456,32.825,0.0498,0.0282,,motion_blur,5,26.766900834919674,0.04
00e9be89-00001140.jpg,00e9be89-00001150.jpg,orb,2000,1955,59,34,0.5763,0.0302,34.7797,0.0564,0.0275,,motion_blur,5,26.62905095004084,0.0295
00e9be89-00001150.jpg,00e9be89-00001155.jpg,orb,1955,1803,78,51,0.6538,0.0433,32.6026,0.0571,0.0244,,motion_blur,5,27.731425975718665,0.039
00e9be89-00001155.jpg,00e9be89-00001160.jpg,orb,1803,1822,112,74,0.6607,0.0621,31.2143,0.05,0.0251,,motion_blur,5,28.101819116649573,0.056
00e9be89-00001160.jpg,00e9be89-00001165.jpg,orb,1822,1844,27,11,0.4074,0.0148,37.7037,0.05,0.0247,,motion_blur,5,28.143243028233982,0.0135
00e9be89-00001165.jpg,00e9be89-00001170.jpg,orb,1844,2000,60,21,0.35,0.0325,34.1167,0.0503,0.0302,,motion_blur,5,27.836047181412617,0.03
00e9be89-00001170.jpg,00e9be89-00001175.jpg,orb,2000,1877,54,24,0.4444,0.0288,35.6667,0.0601,0.0333,,motion_blur,5,27.607511452412226,0.027
00e9be89-00001175.jpg,00e9be89-00001180.jpg,orb,1877,2000,72,50,0.6944,0.0384,32.7917,0.0562,0.0299,,motion_blur,5,27.47455355390104,0.036
00e9be89-00001180.jpg,00e9be89-00001185.jpg,orb,2000,1961,47,21,0.4468,0.024,38.0638,0.0608,0.029,,motion_blur,5,26.845094072801253,0.0235
00e9be89-00001185.jpg,00e9be89-00001190.jpg,orb,1961,2000,31,11,0.3548,0.0158,37.2581,0.0583,0.028,,motion_blur,5,26.255027713907687,0.0155
00e9be89-00001190.jpg,00e9be89-00001195.jpg,orb,2000,1954,18,3,0.1667,0.0092,39.1111,0.056,0.0347,,motion_blur,5,23.13550115538189,0.009
00e9be89-00001195.jpg,00e9be89-00001200.jpg,orb,1954,1453,29,7,0.2414,0.02,40.0345,0.0582,0.0259,,motion_blur,5,25.14676790855921,0.01459486663311525
00e9be89-00001200.jpg,00e9be89-00001205.jpg,orb,1453,552,37,4,0.1081,0.067,41.5676,0.0439,0.008,,motion_blur,5,31.41098156699245,0.018621036738802214
00e9be89-00001205.jpg,00e9be89-00001210.jpg,orb,552,1374,9,4,0.4444,0.0163,39.7778,0.0417,0.0078,,motion_blur,5,31.27674272876865,0.0045090180360721445
00e9be89-00001210.jpg,00e9be89-00001215.jpg,orb,1374,1280,28,7,0.25,0.0219,41.6786,0.0438,0.0148,,motion_blur,5,29.758693409954223,0.014
00e9be89-00001215.jpg,00e9be89-00001220.jpg,orb,1280,2000,15,6,0.4,0.0117,38.9333,0.0541,0.0185,,motion_blur,5,25.742250546611334,0.0075
00e9be89-00001220.jpg,00e9be89-00001225.jpg,orb,2000,1815,39,8,0.2051,0.0215,41.7436,0.0624,0.0274,,motion_blur,5,25.0723856196172,0.0195
00e9be89-00001225.jpg,00e9be89-00001230.jpg,orb,1815,1935,35,7,0.2,0.0193,38.7714,0.0549,0.0267,,motion_blur,5,28.07591470347398,0.0175
00e9be89-00001230.jpg,00e9be89-00001240.jpg,orb,1935,599,66,42,0.6364,0.1102,36.8182,0.0506,0.0144,,motion_blur,5,30.23659053783708,0.03628367234744365
00e9be89-00001240.jpg,00e9be89-00001245.jpg,orb,599,2000,39,27,0.6923,0.0651,32.8718,0.0501,0.0142,,motion_blur,5,27.97347050751932,0.021440351841671246
00e9be89-00001245.jpg,00e9be89-00001250.jpg,orb,2000,1640,40,4,0.1,0.0244,41.975,0.0581,0.0262,,motion_blur,5,25.943269992299317,0.02
00e9be89-00001250.jpg,00e9be89-00001255.jpg,orb,1640,2000,49,18,0.3673,0.0299,33.4286,0.052,0.0269,,motion_blur,5,27.49112777369632,0.0245
00e9be89-00001255.jpg,00e9be89-00001260.jpg,orb,2000,2000,45,25,0.5556,0.0225,34.1111,0.0581,0.0363,,motion_blur,5,26.149640928985757,0.0225
00e9be89-00001260.jpg,00e9be89-00001265.jpg,orb,2000,1905,57,25,0.4386,0.0299,36.807,0.0627,0.0288,,motion_blur,5,25.113118868461765,0.0285
00e9be89-00001265.jpg,00e9be89-00001270.jpg,orb,1905,1958,14,5,0.3571,0.0073,43.6429,0.0616,0.0268,,motion_blur,5,22.85718709522255,0.007
00e9be89-00001270.jpg,00e9be89-00001275.jpg,orb,1958,2000,19,5,0.2632,0.0097,36.1579,0.0603,0.0324,,motion_blur,5,21.730150180910396,0.0095
00e9be89-00001275.jpg,00e9be89-00001280.jpg,orb,2000,2000,25,6,0.24,0.0125,39.24,0.0587,0.0282,,motion_blur,5,20.878849260131084,0.0125
00e9be89-00001280.jpg,00e9be89-00001285.jpg,orb,2000,1384,23,6,0.2609,0.0166,39.0,0.053,0.0221,,motion_blur,5,20.367580787782423,0.0115
00e9be89-00001285.jpg,00e9be89-00001290.jpg,orb,1384,1950,14,4,0.2857,0.0101,40.2857,0.0533,0.0211,,motion_blur,5,22.32641287849922,0.007
00e9be89-00001290.jpg,00e9be89-00001295.jpg,orb,1950,1232,24,6,0.25,0.0195,40.1667,0.0555,0.0211,,motion_blur,5,23.58245153272174,0.012
00e9be89-00001295.jpg,00e9be89-00001305.jpg,orb,1232,2000,7,4,0.5714,0.0057,43.4286,0.0602,0.0214,,motion_blur,5,21.925560150077487,0.0035
00e9be89-00001305.jpg,00e9be89-00001310.jpg,orb,2000,2000,25,6,0.24,0.0125,40.24,0.0735,0.0335,,motion_blur,5,19.12433974243058,0.0125
00e9be89-00001310.jpg,00e9be89-00001315.jpg,orb,2000,1927,20,5,0.25,0.0104,39.95,0.0728,0.0327,,motion_blur,5,19.115549769445508,0.01
00e9be89-00001315.jpg,00e9be89-00001325.jpg,orb,1927,1507,52,12,0.2308,0.0345,32.1923,0.0603,0.023,,motion_blur,5,20.5490147183298,0.026
00e9be89-00001325.jpg,00e9be89-00001330.jpg,orb,1507,1341,43,9,0.2093,0.0321,32.9302,0.0556,0.0164,,motion_blur,5,20.739111311471376,0.0215
00e9be89-00001330.jpg,00e9be89-00001335.jpg,orb,1341,1351,13,4,0.3077,0.0097,32.8462,0.0535,0.0148,,motion_blur,5,23.32075182473303,0.0065
00e9be89-00001335.jpg,00e9be89-00001340.jpg,orb,1351,1652,20,6,0.3,0.0148,35.45,0.0519,0.0163,,motion_blur,5,25.397783035604597,0.01
00e9be89-00001340.jpg,00e9be89-00001345.jpg,orb,1652,1265,29,6,0.2069,0.0229,41.5862,0.0449,0.0164,,motion_blur,5,25.98896337795557,0.0145
00e9be89-00001345.jpg,00e9be89-00001350.jpg,orb,1265,1034,8,4,0.5,0.0077,42.125,0.0465,0.0095,,motion_blur,5,26.46654724235181,0.004
00e9be89-00001350.jpg,00e9be89-00001355.jpg,orb,1034,1550,25,10,0.4,0.0242,38.52,0.0427,0.0121,,motion_blur,5,26.393953197422963,0.0125
00e9be89-00001355.jpg,00e9be89-00001360.jpg,orb,1550,1324,23,7,0.3043,0.0174,40.913,0.0596,0.0199,,motion_blur,5,26.285410831748067,0.0115
00e9be89-00001360.jpg,00e9be89-00001365.jpg,orb,1324,1402,22,8,0.3636,0.0166,42.0,0.0571,0.0161,,motion_blur,5,25.549176442656155,0.011
00e9be89-00001365.jpg,00e9be89-00001370.jpg,orb,1402,1846,22,12,0.5455,0.0157,33.1818,0.0536,0.0202,,motion_blur,5,24.995174854850404,0.011
00e9be89-00001370.jpg,00e9be89-00001375.jpg,orb,1846,1137,205,95,0.4634,0.1803,31.0244,0.0529,0.0177,,motion_blur,5,26.46959828234761,0.1025
00e9be89-00001375.jpg,00e9be89-00001380.jpg,orb,1137,1074,202,90,0.4455,0.1881,29.495,0.0468,0.0092,,motion_blur,5,28.39441362479473,0.101
00e9be89-00001380.jpg,00e9be89-00001385.jpg,orb,1074,1099,150,59,0.3933,0.1397,31.84,0.0476,0.0103,,motion_blur,5,28.526424474728785,0.075
00e9be89-00001385.jpg,00e9be89-00001390.jpg,orb,1099,1219,45,24,0.5333,0.0409,31.2889,0.0441,0.0096,,motion_blur,5,27.27745889783082,0.0225
00e9be89-00001390.jpg,00e9be89-00001395.jpg,orb,1219,1273,64,37,0.5781,0.0525,29.8125,0.047,0.013,,motion_blur,5,26.298202460798564,0.032
00e9be89-00001395.jpg,00e9be89-00001400.jpg,orb,1273,1402,99,44,0.4444,0.0778,30.0202,0.0509,0.0142,,motion_blur,5,26.593428926812955,0.0495
00e9be89-00001400.jpg,00e9be89-00001405.jpg,orb,1402,1430,98,40,0.4082,0.0699,32.398,0.0504,0.0138,,motion_blur,5,26.54171808845072,0.049
00e9be89-00001405.jpg,00e9be89-00001410.jpg,orb,1430,1500,101,51,0.505,0.0706,29.0792,0.0506,0.0179,,motion_blur,5,26.31091762320947,0.0505
00e9be89-00001410.jpg,00e9be89-00001415.jpg,orb,1500,1439,171,64,0.3743,0.1188,31.3216,0.052,0.0164,,motion_blur,5,25.983259005056013,0.0855
00e9be89-00001415.jpg,00e9be89-00001420.jpg,orb,1439,1692,97,35,0.3608,0.0674,31.2474,0.0509,0.0184,,motion_blur,5,25.60010970685584,0.0485
00e9be89-00001420.jpg,00e9be89-00001425.jpg,orb,1692,1585,101,47,0.4653,0.0637,28.8713,0.063,0.0227,,motion_blur,5,25.72998391284465,0.0505
00e9be89-00001425.jpg,00e9be89-00001430.jpg,orb,1585,1477,119,62,0.521,0.0806,30.6891,0.0566,0.0208,,motion_blur,5,26.155490474215064,0.0595
00e9be89-00001430.jpg,00e9be89-00001440.jpg,orb,1477,1698,25,7,0.28,0.0169,38.08,0.0603,0.0197,,motion_blur,5,25.44722995574871,0.0125
00e9be89-00001440.jpg,00e9be89-00001445.jpg,orb,1698,1817,99,58,0.5859,0.0583,25.8687,0.0589,0.0235,,motion_blur,5,23.55933949601355,0.0495
00e9be89-00001445.jpg,00e9be89-00001450.jpg,orb,1817,1526,60,19,0.3167,0.0393,34.3167,0.0567,0.0211,,motion_blur,5,23.52631848494688,0.03
00e9be89-00001450.jpg,00e9be89-00001455.jpg,orb,1526,1007,66,35,0.5303,0.0655,34.697,0.0503,0.0145,,motion_blur,5,26.231538871557056,0.033
00e9be89-00001455.jpg,00e9be89-00001460.jpg,orb,1007,1131,119,66,0.5546,0.1182,34.8319,0.0492,0.008,,motion_blur,5,27.955535559713056,0.0595
00e9be89-00001460.jpg,00e9be89-00001465.jpg,orb,1131,1212,118,98,0.8305,0.1043,30.7797,0.0477,0.0101,,motion_blur,5,27.37146971129809,0.059
00e9be89-00001465.jpg,00e9be89-00001470.jpg,orb,1212,1552,28,8,0.2857,0.0231,35.5714,0.0481,0.0148,,motion_blur,5,26.867764447065557,0.014
00e9be89-00001470.jpg,00e9be89-00001475.jpg,orb,1552,1496,52,24,0.4615,0.0348,35.7115,0.0493,0.0176,,motion_blur,5,27.22539264655743,0.026
00e9be89-00001475.jpg,00e9be89-00001480.jpg,orb,1496,1434,33,11,0.3333,0.023,34.8182,0.0501,0.0162,,motion_blur,5,26.8535538892691,0.0165
00e9be89-00001480.jpg,00e9be89-00001485.jpg,orb,1434,1353,38,16,0.4211,0.0281,37.8947,0.0472,0.0163,,motion_blur,5,27.836528935537,0.019
00e9be89-00001485.jpg,00e9be89-00001490.jpg,orb,1353,1330,55,20,0.3636,0.0414,37.2182,0.0456,0.012,,motion_blur,5,29.370529069517996,0.0275
00e9be89-00001490.jpg,00e9be89-00001495.jpg,orb,1330,1284,369,350,0.9485,0.2874,18.3631,0.0665,0.0152,,motion_blur,5,29.29556750232571,0.1845
00e9be89-00001495.jpg,00e9be89-00001500.jpg,orb,1284,1342,518,499,0.9633,0.4034,15.0386,0.0523,0.0129,,motion_blur,5,29.152825148198385,0.259
00e9be89-00001500.jpg,00e9be89-00001505.jpg,orb,1342,1399,266,194,0.7293,0.1982,24.4962,0.055,0.018,,motion_blur,5,28.80886665993642,0.133
00e9be89-00001505.jpg,00e9be89-00001510.jpg,orb,1399,1500,32,9,0.2812,0.0229,34.9375,0.0519,0.0167,,motion_blur,5,28.60807342004762,0.016
00e9be89-00001510.jpg,00e9be89-00001515.jpg,orb,1500,1593,55,21,0.3818,0.0367,34.0364,0.0557,0.0184,,motion_blur,5,28.168751626345724,0.0275
00e9be89-00001515.jpg,00e9be89-00001520.jpg,orb,1593,1758,29,11,0.3793,0.0182,39.2069,0.0519,0.0194,,motion_blur,5,26.369324202543325,0.0145
00e9be89-00001520.jpg,00e9be89-00001525.jpg,orb,1758,2000,62,29,0.4677,0.0353,32.129,0.0573,0.0263,,motion_blur,5,23.541273730228475,0.031
00e9be89-00001525.jpg,00e9be89-00001535.jpg,orb,2000,1974,37,7,0.1892,0.0187,40.4054,0.0564,0.0284,,motion_blur,5,23.23046275447193,0.0185
00e9be89-00001535.jpg,00e9be89-00001540.jpg,orb,1974,1732,19,5,0.2632,0.011,40.3684,0.0572,0.0267,,motion_blur,5,23.199988027611766,0.0095
00e9be89-00001540.jpg,00e9be89-00001545.jpg,orb,1732,1770,34,7,0.2059,0.0196,36.4118,0.0543,0.0214,,motion_blur,5,22.332307598619828,0.017
00e9be89-00001545.jpg,00e9be89-00001550.jpg,orb,1770,1407,279,173,0.6201,0.1983,27.3513,0.054,0.0181,,motion_blur,5,22.814849452037198,0.1395
00e9be89-00001550.jpg,00e9be89-00001555.jpg,orb,1407,1749,281,267,0.9502,0.1997,17.2705,0.0479,0.0204,,motion_blur,5,22.742019818888657,0.1405
00e9be89-00001555.jpg,00e9be89-00001560.jpg,orb,1749,1114,253,238,0.9407,0.2271,20.6877,0.0581,0.0161,,motion_blur,5,23.09105722262521,0.1265
00e9be89-00001560.jpg,00e9be89-00001565.jpg,orb,1114,1309,281,255,0.9075,0.2522,20.5125,0.0529,0.011,,motion_blur,5,23.64850431944656,0.1405
00e9be89-00001565.jpg,00e9be89-00001570.jpg,orb,1309,1948,70,46,0.6571,0.0535,27.4571,0.0566,0.0186,,motion_blur,5,23.827043407445267,0.035
00e9be89-00001570.jpg,00e9be89-00001575.jpg,orb,1948,1992,49,19,0.3878,0.0252,35.0816,0.0565,0.0282,,motion_blur,5,23.26188544405764,0.0245
00e9be89-00001575.jpg,00e9be89-00001580.jpg,orb,1992,2000,77,52,0.6753,0.0387,30.3766,0.0561,0.0267,,motion_blur,5,22.41630962469535,0.0385
00e9be89-00001580.jpg,00e9be89-00001585.jpg,orb,2000,2000,63,21,0.3333,0.0315,32.9841,0.0557,0.0297,,motion_blur,5,21.51199811734023,0.0315
00e9be89-00001585.jpg,00e9be89-00001590.jpg,orb,2000,1447,64,20,0.3125,0.0442,34.8594,0.0551,0.0238,,motion_blur,5,21.72134440790657,0.032
00e9be89-00001590.jpg,00e9be89-00001595.jpg,orb,1447,1828,12,4,0.3333,0.0083,36.4167,0.0521,0.021,,motion_blur,5,22.496103643294767,0.006
00e9be89-00001595.jpg,00e9be89-00001600.jpg,orb,1828,1957,18,6,0.3333,0.0098,34.5556,0.0568,0.0283,,motion_blur,5,22.174906917378923,0.009
00e9be89-00001600.jpg,00e9be89-00001605.jpg,orb,1957,1990,147,105,0.7143,0.0751,30.0884,0.0589,0.0267,,motion_blur,5,21.799291906945854,0.0735
00e9be89-00001605.jpg,00e9be89-00001610.jpg,orb,1990,2000,24,5,0.2083,0.0121,37.0833,0.0509,0.0273,,motion_blur,5,22.371443249910747,0.012
00e9be89-00001610.jpg,00e9be89-00001620.jpg,orb,2000,1722,17,5,0.2941,0.0099,39.5294,0.0548,0.0267,,motion_blur,5,22.84543678450038,0.0085
00e9be89-00001620.jpg,00e9be89-00001625.jpg,orb,1722,1993,55,28,0.5091,0.0319,34.9818,0.0506,0.0272,,motion_blur,5,23.164812385710604,0.0275
00e9be89-00001625.jpg,00e9be89-00001630.jpg,orb,1993,1945,90,23,0.2556,0.0463,35.0111,0.0624,0.0302,,motion_blur,5,24.12682552711733,0.045
00e9be89-00001630.jpg,00e9be89-00001635.jpg,orb,1945,2000,26,6,0.2308,0.0134,36.1923,0.0597,0.0316,,motion_blur,5,23.021074325348984,0.013
00e9be89-00001635.jpg,00e9be89-00001640.jpg,orb,2000,1821,31,7,0.2258,0.017,43.2581,0.0596,0.0263,,motion_blur,5,21.451683657013117,0.0155
00e9be89-00001640.jpg,00e9be89-00001645.jpg,orb,1821,1960,21,8,0.381,0.0115,32.8571,0.0549,0.0271,,motion_blur,5,20.170442377812297,0.0105
00e9be89-00001645.jpg,00e9be89-00001650.jpg,orb,1960,2000,44,8,0.1818,0.0224,30.1364,0.056,0.0292,,motion_blur,5,19.357156569021438,0.022
00e9be89-00001650.jpg,00e9be89-00001655.jpg,orb,2000,2000,21,4,0.1905,0.0105,37.0952,0.06,0.0275,,motion_blur,5,19.44178261337848,0.0105
00e9be89-00001655.jpg,00e9be89-00001665.jpg,orb,2000,2000,17,5,0.2941,0.0085,39.8235,0.0602,0.0296,,motion_blur,5,20.905666077996568,0.0085
00e9be89-00001665.jpg,00e9be89-00001670.jpg,orb,2000,1990,28,4,0.1429,0.0141,40.5714,0.0578,0.0283,,motion_blur,5,23.698971046323067,0.014
00e9be89-00001670.jpg,00e9be89-00001675.jpg,orb,1990,2000,33,7,0.2121,0.0166,38.5455,0.0527,0.0308,,motion_blur,5,23.61986549953476,0.0165
00e9be89-00001675.jpg,00e9be89-00001680.jpg,orb,2000,2000,25,10,0.4,0.0125,33.56,0.0589,0.03,,motion_blur,5,22.412183132501244,0.0125
00e9be89-00001680.jpg,00e9be89-00001685.jpg,orb,2000,2000,25,7,0.28,0.0125,37.72,0.0805,0.0342,,motion_blur,5,21.3776691272378,0.0125
00e9be89-00001685.jpg,00e9be89-00001690.jpg,orb,2000,2000,16,6,0.375,0.008,36.625,0.0753,0.0339,,motion_blur,5,22.513482490616436,0.008
00e9be89-00001690.jpg,00e9be89-00001695.jpg,orb,2000,1742,44,8,0.1818,0.0253,36.3409,0.0665,0.0261,,motion_blur,5,25.86504584211793,0.022
00e9be89-00001695.jpg,00e9be89-00001705.jpg,orb,1742,1481,31,10,0.3226,0.0209,38.0645,0.0495,0.0192,,motion_blur,5,26.576758042279828,0.0155
00e9be89-00001705.jpg,00e9be89-00001710.jpg,orb,1481,1320,94,61,0.6489,0.0712,34.0,0.0479,0.0164,,motion_blur,5,26.60667979046277,0.047
00e9be89-00001710.jpg,00e9be89-00001715.jpg,orb,1320,1668,52,24,0.4615,0.0394,36.0962,0.0493,0.0146,,motion_blur,5,26.40917852285197,0.026
00e9be89-00001715.jpg,00e9be89-00001720.jpg,orb,1668,1251,57,41,0.7193,0.0456,35.0877,0.0518,0.0164,,motion_blur,5,26.72079259211512,0.028557114228456915
00e9be89-00001720.jpg,00e9be89-00001725.jpg,orb,1251,1373,58,43,0.7414,0.0464,35.1207,0.0449,0.0136,,motion_blur,5,27.578138369739086,0.02905811623246493
00e9be89-00001725.jpg,00e9be89-00001730.jpg,orb,1373,1260,73,53,0.726,0.0579,34.4521,0.0471,0.0113,,motion_blur,5,27.225008279837684,0.0365
00e9be89-00001730.jpg,00e9be89-00001740.jpg,orb,1260,1688,19,8,0.4211,0.0151,35.4211,0.0484,0.0156,,motion_blur,5,26.498973464166404,0.0095
00e9be89-00001740.jpg,00e9be89-00001745.jpg,orb,1688,2000,19,5,0.2632,0.0113,37.9474,0.05,0.0244,,motion_blur,5,22.51478179978701,0.0095
00e9be89-00001745.jpg,00e9be89-00001750.jpg,orb,2000,1391,23,5,0.2174,0.0165,39.2609,0.056,0.0232,,motion_blur,5,21.59299645398664,0.0115
00e9be89-00001750.jpg,00e9be89-00001755.jpg,orb,1391,1853,75,38,0.5067,0.0539,35.3733,0.0453,0.0208,,motion_blur,5,25.07002912110866,0.0375
00e9be89-00001755.jpg,00e9be89-00001760.jpg,orb,1853,2000,36,11,0.3056,0.0194,36.7778,0.0565,0.0357,,motion_blur,5,25.037421189255596,0.018
00e9be89-00001760.jpg,00e9be89-00001765.jpg,orb,2000,1293,28,15,0.5357,0.0217,35.6071,0.0572,0.0202,,motion_blur,5,24.09531737287105,0.014
00e9be89-00001765.jpg,00e9be89-00001770.jpg,orb,1293,1770,39,17,0.4359,0.0302,34.359,0.0555,0.016,,motion_blur,5,24.11606885518333,0.0195
00e9be89-00001770.jpg,00e9be89-00001775.jpg,orb,1770,1860,64,36,0.5625,0.0362,36.2031,0.0545,0.0252,,motion_blur,5,24.096985347728573,0.032
00e9be89-00001775.jpg,00e9be89-00001780.jpg,orb,1860,2000,44,23,0.5227,0.0237,33.5909,0.0545,0.0262,,motion_blur,5,23.90339031212801,0.022
00e9be89-00001780.jpg,00e9be89-00001785.jpg,orb,2000,1964,43,25,0.5814,0.0219,36.0465,0.0538,0.031,,motion_blur,5,24.457371410920647,0.0215
00e9be89-00001785.jpg,00e9be89-00001795.jpg,orb,1964,1440,44,20,0.4545,0.0306,35.9773,0.0498,0.0228,,motion_blur,5,25.385436084025777,0.022
00e9be89-00001795.jpg,00e9be89-00001800.jpg,orb,1440,1551,581,560,0.9639,0.4035,19.0482,0.0477,0.0168,,motion_blur,5,25.85649424431553,0.2905
00e9be89-00001800.jpg,00e9be89-00001810.jpg,orb,1551,1504,169,74,0.4379,0.1124,30.5266,0.0478,0.0181,,motion_blur,5,25.89475403209706,0.0845
00e9be89-00001810.jpg,00e9be89-00001815.jpg,orb,1504,1812,103,46,0.4466,0.0685,29.6019,0.0535,0.0203,,motion_blur,5,25.357147441966028,0.0515
00e9be89-00001815.jpg,00e9be89-00001820.jpg,orb,1812,1721,50,19,0.38,0.0291,34.18,0.049,0.024,,motion_blur,5,25.873865602547056,0.025
00e9be89-00001820.jpg,00e9be89-00001825.jpg,orb,1721,1895,65,21,0.3231,0.0378,36.4154,0.0541,0.0224,,motion_blur,5,26.12602226104964,0.0325
00e9be89-00001825.jpg,00e9be89-00001830.jpg,orb,1895,2000,45,19,0.4222,0.0237,35.1111,0.051,0.0293,,motion_blur,5,24.53212882239685,0.0225
00e9be89-00001830.jpg,00e9be89-00001840.jpg,orb,2000,1959,33,6,0.1818,0.0168,38.5758,0.0665,0.0325,,motion_blur,5,23.09662422315134,0.0165
00e9be89-00001840.jpg,00e9be89-00001845.jpg,orb,1959,2000,1014,991,0.9773,0.5176,16.3945,0.0644,0.0315,,motion_blur,5,22.58969520801419,0.507
00e9be89-00001845.jpg,00e9be89-00001865.jpg,orb,2000,2000,869,846,0.9735,0.4345,18.1473,0.0599,0.0293,,motion_blur,5,22.45238591401289,0.4345
00e9be89-00001865.jpg,00e9be89-00001870.jpg,orb,2000,1997,900,885,0.9833,0.4507,18.2411,0.0559,0.0315,,motion_blur,5,22.5404124485008,0.45
00e9be89-00001870.jpg,00e9be89-00001875.jpg,orb,1997,1975,963,944,0.9803,0.4876,15.5836,0.0584,0.0301,,motion_blur,5,22.640288216951763,0.4815
00e9be89-00001875.jpg,00e9be89-00001885.jpg,orb,1975,1946,914,897,0.9814,0.4697,17.0011,0.0522,0.0286,,motion_blur,5,22.61404153376997,0.457
00e9be89-00001885.jpg,00e9be89-00001890.jpg,orb,1946,2000,994,979,0.9849,0.5108,16.7153,0.0581,0.0282,,motion_blur,5,22.528482261723127,0.497
00e9be89-00001890.jpg,00e9be89-00001895.jpg,orb,2000,1933,991,964,0.9728,0.5127,15.449,0.0618,0.0312,,motion_blur,5,22.523096837027857,0.4955
00e9be89-00001895.jpg,00e9be89-00001900.jpg,orb,1933,1993,1033,1017,0.9845,0.5344,16.3708,0.0544,0.0284,,motion_blur,5,22.60247604979173,0.5165
00e9be89-00001900.jpg,00e9be89-00001905.jpg,orb,1993,1866,324,161,0.4969,0.1736,28.4475,0.0581,0.0287,,motion_blur,5,23.17868658685249,0.162
00e9be89-00001905.jpg,00e9be89-00001915.jpg,orb,1866,1644,32,9,0.2812,0.0195,33.5,0.0473,0.0225,,motion_blur,5,24.374585971677675,0.016
00e9be89-00000015.jpg,00e9be89-00000100.jpg,orb,2000,1785,14,4,0.2857,0.0078,39.0714,0.063,0.0246,C:\Users\amit\Project_digital_image_processing__Amit_Alon\outputs\visualizations\task2\enhanced_visualizations\motion_blur\level_6\match_00e9be89-00000015__00e9be89-00000100.png,motion_blur,6,17.72212464133097,0.007
00e9be89-00000100.jpg,00e9be89-00000105.jpg,orb,1785,1862,878,854,0.9727,0.4919,21.3918,0.0581,0.0293,,motion_blur,6,20.875984777422964,0.439
00e9be89-00000105.jpg,00e9be89-00000110.jpg,orb,1862,1884,927,907,0.9784,0.4979,19.0863,0.0615,0.0284,,motion_blur,6,20.54053714822393,0.4635
00e9be89-00000110.jpg,00e9be89-00000115.jpg,orb,1884,1884,910,897,0.9857,0.483,19.9154,0.0596,0.027,,motion_blur,6,20.57622981344848,0.455
00e9be89-00000115.jpg,00e9be89-00000120.jpg,orb,1884,1893,1049,1038,0.9895,0.5568,17.0238,0.0531,0.0255,,motion_blur,6,20.625177989221797,0.5245
00e9be89-00000120.jpg,00e9be89-00000125.jpg,orb,1893,1861,645,611,0.9473,0.3466,25.8093,0.0609,0.0285,,motion_blur,6,20.37104298018096,0.3225
00e9be89-00000125.jpg,00e9be89-00000130.jpg,orb,1861,1852,725,708,0.9766,0.3915,20.931,0.0578,0.0274,,motion_blur,6,20.219479196978853,0.3625
00e9be89-00000130.jpg,00e9be89-00000135.jpg,orb,1852,1731,796,772,0.9698,0.4598,19.892,0.0562,0.0239,,motion_blur,6,20.65145127191269,0.398
00e9be89-00000135.jpg,00e9be89-00000140.jpg,orb,1731,1834,852,825,0.9683,0.4922,19.7606,0.0559,0.0219,,motion_blur,6,20.77143467493271,0.426
00e9be89-00000140.jpg,00e9be89-00000145.jpg,orb,1834,1608,243,161,0.6626,0.1511,30.4321,0.0551,0.0224,,motion_blur,6,20.95589761016864,0.1215
00e9be89-00000145.jpg,00e9be89-00000150.jpg,orb,1608,2000,15,5,0.3333,0.0093,35.4,0.0555,0.0245,,motion_blur,6,18.753521147232085,0.0075
00e9be89-00000150.jpg,00e9be89-00000160.jpg,orb,2000,2000,22,5,0.2273,0.011,40.3636,0.0622,0.0272,,motion_blur,6,17.30282065349419,0.011
00e9be89-00000160.jpg,00e9be89-00000165.jpg,orb,2000,2000,16,5,0.3125,0.008,36.25,0.0618,0.0271,,motion_blur,6,18.76298428070438,0.008
00e9be89-00000165.jpg,00e9be89-00000175.jpg,orb,2000,1784,14,5,0.3571,0.0078,34.2857,0.0608,0.0279,,motion_blur,6,20.301845925555018,0.007
00e9be89-00000175.jpg,00e9be89-00000190.jpg,orb,1784,1972,14,4,0.2857,0.0078,42.2857,0.0595,0.0244,,motion_blur,6,21.185198836435436,0.007
00e9be89-00000190.jpg,00e9be89-00001000.jpg,orb,1972,1057,17,5,0.2941,0.0161,44.8235,0.0513,0.0152,,motion_blur,6,23.84990462723283,0.0085
00e9be89-00001000.jpg,00e9be89-00001005.jpg,orb,1057,765,9,3,0.3333,0.0118,42.5556,0.0456,0.006,,motion_blur,6,27.790129346016148,0.0045
00e9be89-00001005.jpg,00e9be89-00001010.jpg,orb,765,740,12,5,0.4167,0.0162,42.6667,0.039,0.004,,motion_blur,6,28.580323804073306,0.006
00e9be89-00001010.jpg,00e9be89-00001015.jpg,orb,740,908,26,11,0.4231,0.0351,38.8077,0.0423,0.0052,,motion_blur,6,29.160531729445783,0.013052208835341365
00e9be89-00001015.jpg,00e9be89-00001020.jpg,orb,908,1553,35,9,0.2571,0.0385,34.5429,0.044,0.0098,,motion_blur,6,27.800133539170044,0.017570281124497992
00e9be89-00001020.jpg,00e9be89-00001025.jpg,orb,1553,1253,34,13,0.3824,0.0271,39.5294,0.045,0.014,,motion_blur,6,26.92381498892542,0.017
00e9be89-00001025.jpg,00e9be89-00001030.jpg,orb,1253,1082,28,11,0.3929,0.0259,40.4643,0.0423,0.0103,,motion_blur,6,28.2542934286601,0.014
00e9be89-00001030.jpg,00e9be89-00001035.jpg,orb,1082,1089,67,36,0.5373,0.0619,38.2985,0.0453,0.008,,motion_blur,6,28.54476336165976,0.0335
00e9be89-00001035.jpg,00e9be89-00001040.jpg,orb,1089,656,83,56,0.6747,0.1265,37.3012,0.0419,0.0062,,motion_blur,6,29.481475237251345,0.0415
00e9be89-00001040.jpg,00e9be89-00001045.jpg,orb,656,780,96,54,0.5625,0.1463,33.3438,0.0444,0.005,,motion_blur,6,29.70634618607358,0.048
00e9be89-00001045.jpg,00e9be89-00001050.jpg,orb,780,842,62,22,0.3548,0.0795,38.1613,0.0434,0.0038,,motion_blur,6,29.63189485909369,0.031
00e9be89-00001050.jpg,00e9be89-00001055.jpg,orb,842,1034,55,26,0.4727,0.0653,35.7636,0.0438,0.0098,,motion_blur,6,29.10520989609791,0.0275
00e9be89-00001055.jpg,00e9be89-00001060.jpg,orb,1034,987,96,45,0.4688,0.0973,35.625,0.0476,0.0081,,motion_blur,6,28.33713855211648,0.048
00e9be89-00001060.jpg,00e9be89-00001065.jpg,orb,987,1478,57,39,0.6842,0.0578,37.1404,0.0512,0.0117,,motion_blur,6,27.54286537587073,0.0285
00e9be89-00001065.jpg,00e9be89-00001070.jpg,orb,1478,1519,126,101,0.8016,0.0853,33.6111,0.0541,0.0176,,motion_blur,6,26.325823553864502,0.063
00e9be89-00001070.jpg,00e9be89-00001075.jpg,orb,1519,1837,67,29,0.4328,0.0441,34.2985,0.0527,0.0218,,motion_blur,6,24.790127496146688,0.0335
00e9be89-00001075.jpg,00e9be89-00001080.jpg,orb,1837,1061,58,24,0.4138,0.0547,36.5172,0.0496,0.0151,,motion_blur,6,26.037942651495428,0.029
00e9be89-00001080.jpg,00e9be89-00001090.jpg,orb,1061,1409,18,13,0.7222,0.017,34.8889,0.0454,0.0125,,motion_blur,6,28.17548960733453,0.009
00e9be89-00001090.jpg,00e9be89-00001095.jpg,orb,1409,1222,44,28,0.6364,0.036,34.2045,0.0433,0.0141,,motion_blur,6,27.893935238527398,0.022
00e9be89-00001095.jpg,00e9be89-00001100.jpg,orb,1222,1472,49,23,0.4694,0.0401,34.8776,0.0456,0.0141,,motion_blur,6,27.48655480701015,0.0245
00e9be89-00001100.jpg,00e9be89-00001105.jpg,orb,1472,1209,30,13,0.4333,0.0248,40.8,0.0494,0.0131,,motion_blur,6,26.09276418600628,0.015
00e9be89-00001105.jpg,00e9be89-00001115.jpg,orb,1209,1469,24,5,0.2083,0.0199,41.9583,0.0456,0.0122,,motion_blur,6,25.41610734455495,0.012
00e9be89-00001115.jpg,00e9be89-00001125.jpg,orb,1469,1875,16,6,0.375,0.0109,36.5625,0.0496,0.0209,,motion_blur,6,24.830727943911462,0.008
00e9be89-00001125.jpg,00e9be89-00001130.jpg,orb,1875,1879,51,32,0.6275,0.0272,35.098,0.0526,0.0243,,motion_blur,6,23.823430699780687,0.0255
00e9be89-00001130.jpg,00e9be89-00001135.jpg,orb,1879,1574,51,31,0.6078,0.0324,33.5882,0.0528,0.0235,,motion_blur,6,25.166879386707897,0.0255
00e9be89-00001135.jpg,00e9be89-00001140.jpg,orb,1574,1823,68,41,0.6029,0.0432,34.7794,0.059,0.0245,,motion_blur,6,26.225576613338585,0.034
00e9be89-00001140.jpg,00e9be89-00001150.jpg,orb,1823,1803,58,31,0.5345,0.0322,33.4828,0.0546,0.029,,motion_blur,6,26.14829542661061,0.029
00e9be89-00001150.jpg,00e9be89-00001155.jpg,orb,1803,1533,85,49,0.5765,0.0554,33.4353,0.0546,0.0204,,motion_blur,6,27.236873699663438,0.0425
00e9be89-00001155.jpg,00e9be89-00001160.jpg,orb,1533,1595,105,61,0.581,0.0685,31.8476,0.05,0.0192,,motion_blur,6,27.57186373247891,0.0525
00e9be89-00001160.jpg,00e9be89-00001165.jpg,orb,1595,1569,30,14,0.4667,0.0191,37.3,0.0481,0.0191,,motion_blur,6,27.596771338760227,0.015
00e9be89-00001165.jpg,00e9be89-00001170.jpg,orb,1569,1852,59,23,0.3898,0.0376,35.9661,0.0497,0.0212,,motion_blur,6,27.31975874282847,0.0295
00e9be89-00001170.jpg,00e9be89-00001175.jpg,orb,1852,1700,59,29,0.4915,0.0347,34.4576,0.0463,0.0261,,motion_blur,6,27.101445993430644,0.0295
00e9be89-00001175.jpg,00e9be89-00001180.jpg,orb,1700,1875,81,49,0.6049,0.0476,34.2593,0.0517,0.0245,,motion_blur,6,26.97966688274844,0.0405
00e9be89-00001180.jpg,00e9be89-00001185.jpg,orb,1875,1768,48,17,0.3542,0.0271,37.6042,0.0525,0.0239,,motion_blur,6,26.363666164417708,0.024
00e9be89-00001185.jpg,00e9be89-00001190.jpg,orb,1768,1899,32,11,0.3438,0.0181,35.5625,0.0568,0.0243,,motion_blur,6,25.789061419011947,0.016
00e9be89-00001190.jpg,00e9be89-00001195.jpg,orb,1899,1759,23,6,0.2609,0.0131,40.7391,0.05,0.0258,,motion_blur,6,22.59698801335232,0.0115
00e9be89-00001195.jpg,00e9be89-00001200.jpg,orb,1759,1243,32,8,0.25,0.0257,39.3125,0.0511,0.0145,,motion_blur,6,24.54160661315418,0.01610468042274786
00e9be89-00001200.jpg,00e9be89-00001205.jpg,orb,1243,440,34,10,0.2941,0.0773,39.2059,0.042,0.004,,motion_blur,6,30.729426140916136,0.017111222949169603
00e9be89-00001205.jpg,00e9be89-00001210.jpg,orb,440,1152,8,4,0.5,0.0182,41.25,0.046,0.0048,,motion_blur,6,30.573924748496164,0.004008016032064128
00e9be89-00001210.jpg,00e9be89-00001215.jpg,orb,1152,1063,20,8,0.4,0.0188,44.2,0.0462,0.01,,motion_blur,6,29.1677388238779,0.01
00e9be89-00001215.jpg,00e9be89-00001220.jpg,orb,1063,2000,14,7,0.5,0.0132,38.5,0.0555,0.0204,,motion_blur,6,25.281227348086823,0.007
00e9be89-00001220.jpg,00e9be89-00001225.jpg,orb,2000,1571,53,14,0.2642,0.0337,41.4906,0.0561,0.0241,,motion_blur,6,24.62376991289533,0.0265
00e9be89-00001225.jpg,00e9be89-00001230.jpg,orb,1571,1726,35,8,0.2286,0.0223,38.9714,0.048,0.0221,,motion_blur,6,27.55538972138669,0.0175
00e9be89-00001230.jpg,00e9be89-00001240.jpg,orb,1726,521,62,31,0.5,0.119,42.6613,0.0416,0.0075,,motion_blur,6,29.634612196029305,0.034084661902144035
00e9be89-00001240.jpg,00e9be89-00001245.jpg,orb,521,2000,31,20,0.6452,0.0595,32.3871,0.0484,0.008,,motion_blur,6,27.424716420582577,0.017042330951072018
00e9be89-00001245.jpg,00e9be89-00001250.jpg,orb,2000,1292,50,13,0.26,0.0387,40.7,0.0537,0.0195,,motion_blur,6,25.472741037795338,0.025
00e9be89-00001250.jpg,00e9be89-00001255.jpg,orb,1292,1982,59,19,0.322,0.0457,33.661,0.0461,0.0162,,motion_blur,6,26.9702826910465,0.0295
00e9be89-00001255.jpg,00e9be89-00001260.jpg,orb,1982,2000,44,23,0.5227,0.0222,37.3864,0.0558,0.0264,,motion_blur,6,25.63205247339199,0.022
00e9be89-00001260.jpg,00e9be89-00001265.jpg,orb,2000,1687,47,23,0.4894,0.0279,38.766,0.0525,0.0269,,motion_blur,6,24.63075342517483,0.0235
00e9be89-00001265.jpg,00e9be89-00001270.jpg,orb,1687,1718,16,6,0.375,0.0095,43.9375,0.0508,0.0207,,motion_blur,6,22.359874422570293,0.008
00e9be89-00001270.jpg,00e9be89-00001275.jpg,orb,1718,2000,19,6,0.3158,0.0111,37.5263,0.0576,0.0261,,motion_blur,6,21.266517195521335,0.0095
00e9be89-00001275.jpg,00e9be89-00001280.jpg,orb,2000,2000,26,8,0.3077,0.013,36.6923,0.0608,0.0338,,motion_blur,6,20.490877793131048,0.013
00e9be89-00001280.jpg,00e9be89-00001285.jpg,orb,2000,997,31,9,0.2903,0.0311,37.6129,0.0543,0.0183,,motion_blur,6,19.93217644620584,0.0155
00e9be89-00001285.jpg,00e9be89-00001290.jpg,orb,997,1632,11,5,0.4545,0.011,38.7273,0.0488,0.0131,,motion_blur,6,21.880659881638557,0.0055
00e9be89-00001290.jpg,00e9be89-00001295.jpg,orb,1632,929,20,5,0.25,0.0215,44.65,0.0459,0.0127,,motion_blur,6,23.118397930753428,0.01
00e9be89-00001295.jpg,00e9be89-00001305.jpg,orb,929,2000,15,8,0.5333,0.0161,41.1333,0.0528,0.0156,,motion_blur,6,21.404612587670243,0.0075
00e9be89-00001305.jpg,00e9be89-00001310.jpg,orb,2000,2000,25,7,0.28,0.0125,39.96,0.0615,0.0283,,motion_blur,6,18.646636587178715,0.0125
00e9be89-00001310.jpg,00e9be89-00001315.jpg,orb,2000,1781,25,2,0.08,0.014,39.0,0.0521,0.0279,,motion_blur,6,18.528036139267183,0.0125
00e9be89-00001315.jpg,00e9be89-00001325.jpg,orb,1781,1286,46,13,0.2826,0.0358,29.5652,0.0479,0.0187,,motion_blur,6,19.791302216995888,0.023
00e9be89-00001325.jpg,00e9be89-00001330.jpg,orb,1286,1190,20,5,0.25,0.0168,31.25,0.0477,0.0122,,motion_blur,6,20.00728549901424,0.01
00e9be89-00001330.jpg,00e9be89-00001335.jpg,orb,1190,1105,20,6,0.3,0.0181,38.0,0.0458,0.0108,,motion_blur,6,22.714253789521912,0.01
00e9be89-00001335.jpg,00e9be89-00001340.jpg,orb,1105,1288,21,5,0.2381,0.019,39.7143,0.0487,0.0088,,motion_blur,6,24.86863834576714,0.0105
00e9be89-00001340.jpg,00e9be89-00001345.jpg,orb,1288,1007,36,6,0.1667,0.0357,44.0278,0.0465,0.0144,,motion_blur,6,25.41959305878744,0.018
00e9be89-00001345.jpg,00e9be89-00001350.jpg,orb,1007,813,6,4,0.6667,0.0074,44.3333,0.046,0.0085,,motion_blur,6,25.89707692087582,0.003
00e9be89-00001350.jpg,00e9be89-00001355.jpg,orb,813,1353,13,6,0.4615,0.016,34.2308,0.0495,0.0091,,motion_blur,6,25.85586885681021,0.0065
00e9be89-00001355.jpg,00e9be89-00001360.jpg,orb,1353,1140,28,7,0.25,0.0246,39.8214,0.0502,0.0132,,motion_blur,6,25.715785906229137,0.014
00e9be89-00001360.jpg,00e9be89-00001365.jpg,orb,1140,1155,19,7,0.3684,0.0167,40.3158,0.0444,0.0097,,motion_blur,6,24.93693491640584,0.0095
00e9be89-00001365.jpg,00e9be89-00001370.jpg,orb,1155,1663,22,8,0.3636,0.019,34.1818,0.0508,0.0172,,motion_blur,6,24.4268444124547,0.011
00e9be89-00001370.jpg,00e9be89-00001375.jpg,orb,1663,999,214,82,0.3832,0.2142,32.0374,0.0459,0.0131,,motion_blur,6,25.82603332061825,0.107
00e9be89-00001375.jpg,00e9be89-00001380.jpg,orb,999,832,183,75,0.4098,0.22,29.9781,0.042,0.008,,motion_blur,6,27.616516304877354,0.0915
00e9be89-00001380.jpg,00e9be89-00001385.jpg,orb,832,918,115,50,0.4348,0.1382,31.2609,0.0418,0.006,,motion_blur,6,27.75074407490423,0.0575
00e9be89-00001385.jpg,00e9be89-00001390.jpg,orb,918,1037,20,13,0.65,0.0218,27.0,0.0449,0.0092,,motion_blur,6,26.49932377207954,0.01
00e9be89-00001390.jpg,00e9be89-00001395.jpg,orb,1037,1137,53,36,0.6792,0.0511,28.8491,0.0417,0.01,,motion_blur,6,25.459405171522224,0.0265
00e9be89-00001395.jpg,00e9be89-00001400.jpg,orb,1137,1274,96,50,0.5208,0.0844,29.3125,0.0483,0.0116,,motion_blur,6,25.7243252877553,0.048
00e9be89-00001400.jpg,00e9be89-00001405.jpg,orb,1274,1314,98,33,0.3367,0.0769,30.398,0.0495,0.0142,,motion_blur,6,25.69092173564316,0.049
00e9be89-00001405.jpg,00e9be89-00001410.jpg,orb,1314,1362,109,57,0.5229,0.083,29.2202,0.0933,0.0163,,motion_blur,6,25.49532352480837,0.0545
00e9be89-00001410.jpg,00e9be89-00001415.jpg,orb,1362,1261,151,51,0.3377,0.1197,30.7881,0.0561,0.0161,,motion_blur,6,25.15966459798448,0.0755
00e9be89-00001415.jpg,00e9be89-00001420.jpg,orb,1261,1561,77,31,0.4026,0.0611,30.1429,0.0547,0.0157,,motion_blur,6,24.739771778062803,0.0385
00e9be89-00001420.jpg,00e9be89-00001425.jpg,orb,1561,1436,96,44,0.4583,0.0669,29.3021,0.0572,0.0172,,motion_blur,6,24.88734167253505,0.048
00e9be89-00001425.jpg,00e9be89-00001430.jpg,orb,1436,1360,116,54,0.4655,0.0853,30.569,0.0508,0.0143,,motion_blur,6,25.335738016049923,0.058
00e9be89-00001430.jpg,00e9be89-00001440.jpg,orb,1360,1519,19,6,0.3158,0.014,37.3158,0.0518,0.0143,,motion_blur,6,24.713771069615277,0.0095
00e9be89-00001440.jpg,00e9be89-00001445.jpg,orb,1519,1655,95,61,0.6421,0.0625,26.9053,0.0492,0.0181,,motion_blur,6,22.917549043898,0.0475
00e9be89-00001445.jpg,00e9be89-00001450.jpg,orb,1655,1374,71,23,0.3239,0.0517,33.9577,0.0532,0.0164,,motion_blur,6,22.803973954146716,0.0355
00e9be89-00001450.jpg,00e9be89-00001455.jpg,orb,1374,811,80,48,0.6,0.0986,37.325,0.0418,0.0098,,motion_blur,6,25.434683517147203,0.04
00e9be89-00001455.jpg,00e9be89-00001460.jpg,orb,811,974,83,45,0.5422,0.1023,35.3614,0.0439,0.0061,,motion_blur,6,27.174976270079533,0.0415
00e9be89-00001460.jpg,00e9be89-00001465.jpg,orb,974,1065,107,93,0.8692,0.1099,28.6449,0.0422,0.008,,motion_blur,6,26.584645474376742,0.0535
00e9be89-00001465.jpg,00e9be89-00001470.jpg,orb,1065,1403,23,8,0.3478,0.0216,35.4348,0.0462,0.0145,,motion_blur,6,26.10347316004929,0.0115
00e9be89-00001470.jpg,00e9be89-00001475.jpg,orb,1403,1275,55,19,0.3455,0.0431,37.8727,0.0447,0.015,,motion_blur,6,26.48057282198293,0.0275
00e9be89-00001475.jpg,00e9be89-00001480.jpg,orb,1275,1276,31,12,0.3871,0.0243,34.2581,0.0478,0.0117,,motion_blur,6,26.09511890349917,0.0155
00e9be89-00001480.jpg,00e9be89-00001485.jpg,orb,1276,1217,35,11,0.3143,0.0288,37.2571,0.0405,0.0118,,motion_blur,6,27.08562052543865,0.0175
00e9be89-00001485.jpg,00e9be89-00001490.jpg,orb,1217,1131,34,11,0.3235,0.0301,37.6765,0.0507,0.0131,,motion_blur,6,28.637673972749774,0.017
00e9be89-00001490.jpg,00e9be89-00001495.jpg,orb,1131,1072,310,293,0.9452,0.2892,18.2419,0.0453,0.0087,,motion_blur,6,28.573869556947,0.155
00e9be89-00001495.jpg,00e9be89-00001500.jpg,orb,1072,1170,431,408,0.9466,0.4021,15.5708,0.042,0.0118,,motion_blur,6,28.420612261186907,0.2155
00e9be89-00001500.jpg,00e9be89-00001505.jpg,orb,1170,1251,211,157,0.7441,0.1803,23.5735,0.0465,0.0125,,motion_blur,6,28.07609930339392,0.1055
00e9be89-00001505.jpg,00e9be89-00001510.jpg,orb,1251,1326,44,15,0.3409,0.0352,35.9318,0.046,0.0144,,motion_blur,6,27.873481206963355,0.022
00e9be89-00001510.jpg,00e9be89-00001515.jpg,orb,1326,1435,50,18,0.36,0.0377,37.44,0.0463,0.0157,,motion_blur,6,27.417039572359165,0.025
00e9be89-00001515.jpg,00e9be89-00001520.jpg,orb,1435,1568,22,6,0.2727,0.0153,41.6818,0.0503,0.0183,,motion_blur,6,25.69414292240385,0.011
00e9be89-00001520.jpg,00e9be89-00001525.jpg,orb,1568,2000,45,23,0.5111,0.0287,28.3556,0.0471,0.0208,,motion_blur,6,22.94315313276216,0.0225
00e9be89-00001525.jpg,00e9be89-00001535.jpg,orb,2000,1840,34,7,0.2059,0.0185,38.4118,0.0577,0.0248,,motion_blur,6,22.647045839842157,0.017
00e9be89-00001535.jpg,00e9be89-00001540.jpg,orb,1840,1525,25,6,0.24,0.0164,37.44,0.0512,0.0206,,motion_blur,6,22.64671723777145,0.0125
00e9be89-00001540.jpg,00e9be89-00001545.jpg,orb,1525,1555,24,5,0.2083,0.0157,38.8333,0.0466,0.0194,,motion_blur,6,21.797569779140428,0.012
00e9be89-00001545.jpg,00e9be89-00001550.jpg,orb,1555,1112,250,163,0.652,0.2248,26.652,0.0507,0.0138,,motion_blur,6,22.295588827245552,0.125
00e9be89-00001550.jpg,00e9be89-00001555.jpg,orb,1112,1511,235,221,0.9404,0.2113,17.5362,0.0495,0.0141,,motion_blur,6,22.22045524327296,0.1175
00e9be89-00001555.jpg,00e9be89-00001560.jpg,orb,1511,927,221,193,0.8733,0.2384,20.9231,0.0524,0.0118,,motion_blur,6,22.56017829822297,0.1105
00e9be89-00001560.jpg,00e9be89-00001565.jpg,orb,927,1048,237,212,0.8945,0.2557,20.3924,0.0497,0.011,,motion_blur,6,23.103139683370937,0.1185
00e9be89-00001565.jpg,00e9be89-00001570.jpg,orb,1048,1817,60,37,0.6167,0.0573,27.9667,0.0545,0.0163,,motion_blur,6,23.27402018437642,0.03
00e9be89-00001570.jpg,00e9be89-00001575.jpg,orb,1817,1839,57,22,0.386,0.0314,35.3509,0.0562,0.0242,,motion_blur,6,22.71579934401716,0.0285
00e9be89-00001575.jpg,00e9be89-00001580.jpg,orb,1839,1806,103,69,0.6699,0.057,30.3981,0.0557,0.0288,,motion_blur,6,21.86984093810834,0.0515
00e9be89-00001580.jpg,00e9be89-00001585.jpg,orb,1806,1994,75,22,0.2933,0.0415,31.8133,0.0535,0.0235,,motion_blur,6,20.97983089578836,0.0375
00e9be89-00001585.jpg,00e9be89-00001590.jpg,orb,1994,1208,40,15,0.375,0.0331,34.9,0.0545,0.0205,,motion_blur,6,21.1824168335781,0.02
00e9be89-00001590.jpg,00e9be89-00001595.jpg,orb,1208,1610,15,5,0.3333,0.0124,37.2,0.0492,0.0164,,motion_blur,6,21.936140305945976,0.0075
00e9be89-00001595.jpg,00e9be89-00001600.jpg,orb,1610,1766,19,7,0.3684,0.0118,38.0526,0.0543,0.0221,,motion_blur,6,21.61415717576197,0.0095
00e9be89-00001600.jpg,00e9be89-00001605.jpg,orb,1766,1809,131,84,0.6412,0.0742,30.2061,0.059,0.024,,motion_blur,6,21.23628508256798,0.0655
00e9be89-00001605.jpg,00e9be89-00001610.jpg,orb,1809,1842,22,5,0.2273,0.0122,39.6364,0.0587,0.0287,,motion_blur,6,21.81117761238064,0.011
00e9be89-00001610.jpg,00e9be89-00001620.jpg,orb,1842,1504,10,5,0.5,0.0066,42.0,0.0605,0.0182,,motion_blur,6,22.2974111297005,0.005
00e9be89-00001620.jpg,00e9be89-00001625.jpg,orb,1504,1831,53,21,0.3962,0.0352,33.8868,0.0603,0.0245,,motion_blur,6,22.63664274679306,0.0265
00e9be89-00001625.jpg,00e9be89-00001630.jpg,orb,1831,1721,86,22,0.2558,0.05,35.2326,0.063,0.0284,,motion_blur,6,23.555680814612053,0.043
00e9be89-00001630.jpg,00e9be89-00001635.jpg,orb,1721,2000,24,5,0.2083,0.0139,35.7917,0.0656,0.0335,,motion_blur,6,22.49743672954576,0.012
00e9be89-00001635.jpg,00e9be89-00001640.jpg,orb,2000,1682,32,7,0.2188,0.019,41.75,0.0536,0.0232,,motion_blur,6,20.85392167240037,0.016
00e9be89-00001640.jpg,00e9be89-00001645.jpg,orb,1682,1825,25,7,0.28,0.0149,36.08,0.056,0.0238,,motion_blur,6,19.384295445652256,0.0125
00e9be89-00001645.jpg,00e9be89-00001650.jpg,orb,1825,2000,38,8,0.2105,0.0208,28.5789,0.0506,0.0258,,motion_blur,6,18.619221795823336,0.019
00e9be89-00001650.jpg,00e9be89-00001655.jpg,orb,2000,2000,21,7,0.3333,0.0105,36.7619,0.057,0.0308,,motion_blur,6,18.81399095026002,0.0105
00e9be89-00001655.jpg,00e9be89-00001665.jpg,orb,2000,2000,24,6,0.25,0.012,38.875,0.0616,0.0322,,motion_blur,6,20.38009933074905,0.012
00e9be89-00001665.jpg,00e9be89-00001670.jpg,orb,2000,1760,26,8,0.3077,0.0148,38.6538,0.0541,0.0275,,motion_blur,6,23.23494523246366,0.013
00e9be89-00001670.jpg,00e9be89-00001675.jpg,orb,1760,1875,52,11,0.2115,0.0295,35.9615,0.0558,0.0237,,motion_blur,6,23.12896218211504,0.026
00e9be89-00001675.jpg,00e9be89-00001680.jpg,orb,1875,1936,26,12,0.4615,0.0139,32.8462,0.0528,0.0265,,motion_blur,6,21.86129341013554,0.013
00e9be89-00001680.jpg,00e9be89-00001685.jpg,orb,1936,2000,30,9,0.3,0.0155,33.6,0.0656,0.0323,,motion_blur,6,20.83982415313322,0.015
00e9be89-00001685.jpg,00e9be89-00001690.jpg,orb,2000,2000,20,6,0.3,0.01,36.15,0.0695,0.0322,,motion_blur,6,21.99535317852732,0.01
00e9be89-00001690.jpg,00e9be89-00001695.jpg,orb,2000,1538,27,7,0.2593,0.0176,36.7407,0.0534,0.0266,,motion_blur,6,25.28719979672303,0.0135
00e9be89-00001695.jpg,00e9be89-00001705.jpg,orb,1538,1223,36,19,0.5278,0.0294,38.6389,0.05,0.0143,,motion_blur,6,25.95024660568589,0.018
00e9be89-00001705.jpg,00e9be89-00001710.jpg,orb,1223,1172,89,56,0.6292,0.0759,34.8764,0.0443,0.0103,,motion_blur,6,25.974037829739068,0.0445
00e9be89-00001710.jpg,00e9be89-00001715.jpg,orb,1172,1405,32,12,0.375,0.0273,38.3125,0.0439,0.0143,,motion_blur,6,25.808897795049187,0.016
00e9be89-00001715.jpg,00e9be89-00001720.jpg,orb,1405,1043,51,27,0.5294,0.0489,34.6275,0.0478,0.0114,,motion_blur,6,26.109381953240764,0.02555110220440882
00e9be89-00001720.jpg,00e9be89-00001725.jpg,orb,1043,1158,57,44,0.7719,0.0547,34.9474,0.046,0.008,,motion_blur,6,26.980183146540668,0.028557114228456915
00e9be89-00001725.jpg,00e9be89-00001730.jpg,orb,1158,1062,57,39,0.6842,0.0537,32.7193,0.0416,0.0123,,motion_blur,6,26.628298155952663,0.0285
00e9be89-00001730.jpg,00e9be89-00001740.jpg,orb,1062,1425,27,9,0.3333,0.0254,35.8519,0.0437,0.0121,,motion_blur,6,25.858217772081463,0.0135
00e9be89-00001740.jpg,00e9be89-00001745.jpg,orb,1425,2000,14,5,0.3571,0.0098,39.0714,0.0522,0.0189,,motion_blur,6,21.95558539647818,0.007
00e9be89-00001745.jpg,00e9be89-00001750.jpg,orb,2000,1081,21,0,0.0,0.0194,40.5238,0.052,0.0169,,motion_blur,6,21.094725934134463,0.0105
00e9be89-00001750.jpg,00e9be89-00001755.jpg,orb,1081,1633,46,22,0.4783,0.0426,33.8261,0.0498,0.0163,,motion_blur,6,24.55759007536126,0.023
00e9be89-00001755.jpg,00e9be89-00001760.jpg,orb,1633,1871,49,27,0.551,0.03,37.0816,0.0575,0.0212,,motion_blur,6,24.60308152571736,0.0245
00e9be89-00001760.jpg,00e9be89-00001765.jpg,orb,1871,971,30,16,0.5333,0.0309,37.2,0.0531,0.0161,,motion_blur,6,23.706210092906844,0.015
00e9be89-00001765.jpg,00e9be89-00001770.jpg,orb,971,1446,30,14,0.4667,0.0309,36.5667,0.0451,0.0142,,motion_blur,6,23.689288678558796,0.015
00e9be89-00001770.jpg,00e9be89-00001775.jpg,orb,1446,1641,44,26,0.5909,0.0304,35.8864,0.0534,0.0166,,motion_blur,6,23.657893033799823,0.022
00e9be89-00001775.jpg,00e9be89-00001780.jpg,orb,1641,1870,41,16,0.3902,0.025,34.0244,0.0539,0.0269,,motion_blur,6,23.449488055121748,0.0205
00e9be89-00001780.jpg,00e9be89-00001785.jpg,orb,1870,1785,62,29,0.4677,0.0347,36.6935,0.052,0.0244,,motion_blur,6,23.981249590159912,0.031
00e9be89-00001785.jpg,00e9be89-00001795.jpg,orb,1785,1160,53,21,0.3962,0.0457,37.8302,0.0498,0.0199,,motion_blur,6,24.914278042031,0.0265
00e9be89-00001795.jpg,00e9be89-00001800.jpg,orb,1160,1320,478,462,0.9665,0.4121,19.3075,0.043,0.0131,,motion_blur,6,25.41771608095496,0.239
00e9be89-00001800.jpg,00e9be89-00001810.jpg,orb,1320,1242,161,68,0.4224,0.1296,31.2981,0.0429,0.0109,,motion_blur,6,25.449970282321186,0.0805
00e9be89-00001810.jpg,00e9be89-00001815.jpg,orb,1242,1619,85,35,0.4118,0.0684,30.2941,0.0484,0.0164,,motion_blur,6,24.885774749334665,0.0425
00e9be89-00001815.jpg,00e9be89-00001820.jpg,orb,1619,1469,44,15,0.3409,0.03,38.4545,0.0508,0.0199,,motion_blur,6,25.392083346593616,0.022
00e9be89-00001820.jpg,00e9be89-00001825.jpg,orb,1469,1706,57,17,0.2982,0.0388,35.2281,0.0526,0.0194,,motion_blur,6,25.654847832323757,0.0285
00e9be89-00001825.jpg,00e9be89-00001830.jpg,orb,1706,1908,46,17,0.3696,0.027,36.8261,0.0528,0.0252,,motion_blur,6,24.078077305058947,0.023
00e9be89-00001830.jpg,00e9be89-00001840.jpg,orb,1908,1701,34,6,0.1765,0.02,39.9412,0.0647,0.0292,,motion_blur,6,22.644547770688,0.017
00e9be89-00001840.jpg,00e9be89-00001845.jpg,orb,1701,1792,890,865,0.9719,0.5232,16.3483,0.0588,0.0227,,motion_blur,6,22.13525821888317,0.445
00e9be89-00001845.jpg,00e9be89-00001865.jpg,orb,1792,1779,801,776,0.9688,0.4503,18.3596,0.0598,0.0257,,motion_blur,6,21.995114458665,0.4005
00e9be89-00001865.jpg,00e9be89-00001870.jpg,orb,1779,1818,845,825,0.9763,0.475,18.6544,0.057,0.0242,,motion_blur,6,22.07328347374507,0.4225
00e9be89-00001870.jpg,00e9be89-00001875.jpg,orb,1818,1790,821,801,0.9756,0.4587,15.8368,0.0577,0.0244,,motion_blur,6,22.17395982311291,0.4105
00e9be89-00001875.jpg,00e9be89-00001885.jpg,orb,1790,1711,804,788,0.9801,0.4699,17.4988,0.0539,0.0239,,motion_blur,6,22.156053396593897,0.402
00e9be89-00001885.jpg,00e9be89-00001890.jpg,orb,1711,1796,878,858,0.9772,0.5132,15.7733,0.0622,0.0221,,motion_blur,6,22.07715949885032,0.439
00e9be89-00001890.jpg,00e9be89-00001895.jpg,orb,1796,1665,872,845,0.969,0.5237,15.2649,0.0577,0.025,,motion_blur,6,22.065312327853498,0.436
00e9be89-00001895.jpg,00e9be89-00001900.jpg,orb,1665,1724,847,828,0.9776,0.5087,16.3412,0.051,0.0202,,motion_blur,6,22.140073375723468,0.4235
00e9be89-00001900.jpg,00e9be89-00001905.jpg,orb,1724,1549,300,166,0.5533,0.1937,27.67,0.0488,0.0217,,motion_blur,6,22.736266445994893,0.15
00e9be89-00001905.jpg,00e9be89-00001915.jpg,orb,1549,1358,29,9,0.3103,0.0214,37.2759,0.05,0.0143,,motion_blur,6,23.925250555369907,0.0145
00e9be89-00000015.jpg,00e9be89-00000100.jpg,orb,2000,1572,18,5,0.2778,0.0115,42.0,0.0595,0.0233,C:\Users\amit\Project_digital_image_processing__Amit_Alon\outputs\visualizations\task2\enhanced_visualizations\motion_blur\level_7\match_00e9be89-00000015__00e9be89-00000100.png,motion_blur,7,17.33805547862615,0.009
00e9be89-00000100.jpg,00e9be89-00000105.jpg,orb,1572,1677,795,773,0.9723,0.5057,20.1245,0.0589,0.0243,,motion_blur,7,20.43370141661745,0.3975
00e9be89-00000105.jpg,00e9be89-00000110.jpg,orb,1677,1687,852,841,0.9871,0.5081,18.9836,0.0585,0.0258,,motion_blur,7,20.114242653810884,0.426
00e9be89-00000110.jpg,00e9be89-00000115.jpg,orb,1687,1673,821,802,0.9769,0.4907,19.3788,0.0615,0.0195,,motion_blur,7,20.14476490047588,0.4105
00e9be89-00000115.jpg,00e9be89-00000120.jpg,orb,1673,1688,909,893,0.9824,0.5433,16.7745,0.0518,0.0245,,motion_blur,7,20.19569164856827,0.4545
00e9be89-00000120.jpg,00e9be89-00000125.jpg,orb,1688,1682,613,579,0.9445,0.3644,26.1468,0.0559,0.0201,,motion_blur,7,19.921259217037445,0.3065
00e9be89-00000125.jpg,00e9be89-00000130.jpg,orb,1682,1617,668,646,0.9671,0.4131,20.8518,0.0506,0.0208,,motion_blur,7,19.76724698590747,0.334
00e9be89-00000130.jpg,00e9be89-00000135.jpg,orb,1617,1456,745,733,0.9839,0.5117,19.3154,0.0548,0.0187,,motion_blur,7,20.21311131843879,0.3725
00e9be89-00000135.jpg,00e9be89-00000140.jpg,orb,1456,1534,772,750,0.9715,0.5302,19.3031,0.0497,0.0164,,motion_blur,7,20.341781471161,0.386
00e9be89-00000140.jpg,00e9be89-00000145.jpg,orb,1534,1395,200,158,0.79,0.1434,30.175,0.0504,0.0161,,motion_blur,7,20.504702746811656,0.1
00e9be89-00000145.jpg,00e9be89-00000150.jpg,orb,1395,2000,10,4,0.4,0.0072,39.3,0.0539,0.0224,,motion_blur,7,18.301585413696746,0.005
00e9be89-00000150.jpg,00e9be89-00000160.jpg,orb,2000,2000,17,3,0.1765,0.0085,36.9412,0.0546,0.0312,,motion_blur,7,16.871433759975936,0.0085
00e9be89-00000160.jpg,00e9be89-00000165.jpg,orb,2000,1918,18,5,0.2778,0.0094,42.8889,0.055,0.0267,,motion_blur,7,18.3485529928016,0.009
00e9be89-00000165.jpg,00e9be89-00000175.jpg,orb,1918,1521,21,6,0.2857,0.0138,33.0,0.0501,0.0212,,motion_blur,7,19.92086181382728,0.0105
00e9be89-00000175.jpg,00e9be89-00000190.jpg,orb,1521,1804,13,4,0.3077,0.0085,35.6154,0.0601,0.0181,,motion_blur,7,20.805568134023893,0.0065
00e9be89-00000190.jpg,00e9be89-00001000.jpg,orb,1804,884,24,7,0.2917,0.0271,42.375,0.053,0.0116,,motion_blur,7,23.391341190334103,0.012
00e9be89-00001000.jpg,00e9be89-00001005.jpg,orb,884,611,9,5,0.5556,0.0147,44.8889,0.0422,0.0058,,motion_blur,7,27.19261941927254,0.0045
00e9be89-00001005.jpg,00e9be89-00001010.jpg,orb,611,576,4,4,1.0,0.0069,41.25,0.0373,0.002,,motion_blur,7,28.009757712746364,0.002
00e9be89-00001010.jpg,00e9be89-00001015.jpg,orb,576,755,22,9,0.4091,0.0382,36.8636,0.0346,0.004,,motion_blur,7,28.65937536070456,0.01104417670682731
00e9be89-00001015.jpg,00e9be89-00001020.jpg,orb,755,1305,24,11,0.4583,0.0318,35.0417,0.0424,0.0078,,motion_blur,7,27.314287360198044,0.012048192771084338
00e9be89-00001020.jpg,00e9be89-00001025.jpg,orb,1305,1079,27,11,0.4074,0.025,39.1852,0.0422,0.0118,,motion_blur,7,26.43587804091267,0.0135
00e9be89-00001025.jpg,00e9be89-00001030.jpg,orb,1079,870,30,10,0.3333,0.0345,42.0,0.0448,0.006,,motion_blur,7,27.750778603057768,0.015
00e9be89-00001030.jpg,00e9be89-00001035.jpg,orb,870,942,43,23,0.5349,0.0494,34.3256,0.0389,0.0091,,motion_blur,7,28.06667697693115,0.0215
00e9be89-00001035.jpg,00e9be89-00001040.jpg,orb,942,548,84,60,0.7143,0.1533,34.119,0.0385,0.004,,motion_blur,7,28.98771691716106,0.042
00e9be89-00001040.jpg,00e9be89-00001045.jpg,orb,548,628,105,59,0.5619,0.1916,32.1333,0.0391,0.0027,,motion_blur,7,29.21548085108156,0.0525
00e9be89-00001045.jpg,00e9be89-00001050.jpg,orb,628,675,50,25,0.5,0.0796,37.56,0.0394,0.0041,,motion_blur,7,29.138443498135928,0.025
00e9be89-00001050.jpg,00e9be89-00001055.jpg,orb,675,903,34,18,0.5294,0.0504,35.1765,0.0419,0.004,,motion_blur,7,28.64927478664626,0.017
00e9be89-00001055.jpg,00e9be89-00001060.jpg,orb,903,816,72,44,0.6111,0.0882,33.8333,0.0425,0.0075,,motion_blur,7,27.92359446917193,0.036
00e9be89-00001060.jpg,00e9be89-00001065.jpg,orb,816,1245,51,34,0.6667,0.0625,39.2549,0.0465,0.008,,motion_blur,7,27.08551237221166,0.0255
00e9be89-00001065.jpg,00e9be89-00001070.jpg,orb,1245,1331,120,90,0.75,0.0964,35.4583,0.0502,0.0143,,motion_blur,7,25.85150514842745,0.06
00e9be89-00001070.jpg,00e9be89-00001075.jpg,orb,1331,1677,54,32,0.5926,0.0406,32.8148,0.0479,0.0161,,motion_blur,7,24.34060703762119,0.027
00e9be89-00001075.jpg,00e9be89-00001080.jpg,orb,1677,895,48,19,0.3958,0.0536,38.5417,0.048,0.0121,,motion_blur,7,25.55199625782523,0.024
00e9be89-00001080.jpg,00e9be89-00001090.jpg,orb,895,1207,32,23,0.7188,0.0358,32.8125,0.0463,0.008,,motion_blur,7,27.6753082408417,0.016
00e9be89-00001090.jpg,00e9be89-00001095.jpg,orb,1207,958,54,30,0.5556,0.0564,33.7407,0.0409,0.0095,,motion_blur,7,27.46773134788243,0.027
00e9be89-00001095.jpg,00e9be89-00001100.jpg,orb,958,1254,58,23,0.3966,0.0605,36.7586,0.0406,0.0104,,motion_blur,7,27.08696776169964,0.029
00e9be89-00001100.jpg,00e9be89-00001105.jpg,orb,1254,1006,34,13,0.3824,0.0338,39.4118,0.0466,0.0097,,motion_blur,7,25.639986300048548,0.017
00e9be89-00001105.jpg,00e9be89-00001115.jpg,orb,1006,1199,29,8,0.2759,0.0288,42.4483,0.046,0.0101,,motion_blur,7,24.990868205502935,0.0145
00e9be89-00001115.jpg,00e9be89-00001125.jpg,orb,1199,1614,28,7,0.25,0.0234,42.1429,0.0414,0.0141,,motion_blur,7,24.43735562486588,0.014
00e9be89-00001125.jpg,00e9be89-00001130.jpg,orb,1614,1682,38,19,0.5,0.0235,37.3158,0.053,0.0202,,motion_blur,7,23.333144548129592,0.019
00e9be89-00001130.jpg,00e9be89-00001135.jpg,orb,1682,1301,51,28,0.549,0.0392,35.4314,0.0521,0.015,,motion_blur,7,24.632313985174875,0.0255
00e9be89-00001135.jpg,00e9be89-00001140.jpg,orb,1301,1532,69,47,0.6812,0.053,33.7971,0.0519,0.0138,,motion_blur,7,25.756858305849768,0.0345
00e9be89-00001140.jpg,00e9be89-00001150.jpg,orb,1532,1606,61,28,0.459,0.0398,35.0164,0.0545,0.0201,,motion_blur,7,25.72686025223872,0.0305
00e9be89-00001150.jpg,00e9be89-00001155.jpg,orb,1606,1326,77,46,0.5974,0.0581,33.2727,0.0512,0.0152,,motion_blur,7,26.81169837107684,0.0385
00e9be89-00001155.jpg,00e9be89-00001160.jpg,orb,1326,1381,88,55,0.625,0.0664,31.8977,0.044,0.0164,,motion_blur,7,27.117261170083644,0.044
00e9be89-00001160.jpg,00e9be89-00001165.jpg,orb,1381,1341,27,7,0.2593,0.0201,40.3704,0.0477,0.0149,,motion_blur,7,27.12606017007968,0.0135
00e9be89-00001165.jpg,00e9be89-00001170.jpg,orb,1341,1596,54,21,0.3889,0.0403,32.3333,0.0459,0.0163,,motion_blur,7,26.87256357735827,0.027
00e9be89-00001170.jpg,00e9be89-00001175.jpg,orb,1596,1465,45,24,0.5333,0.0307,34.7556,0.0438,0.0179,,motion_blur,7,26.666853412171587,0.0225
00e9be89-00001175.jpg,00e9be89-00001180.jpg,orb,1465,1622,87,50,0.5747,0.0594,34.1149,0.05,0.0166,,motion_blur,7,26.55242277123672,0.0435
00e9be89-00001180.jpg,00e9be89-00001185.jpg,orb,1622,1551,53,31,0.5849,0.0342,37.8679,0.0547,0.0186,,motion_blur,7,25.9363512248094,0.0265
00e9be89-00001185.jpg,00e9be89-00001190.jpg,orb,1551,1667,31,13,0.4194,0.02,36.3548,0.0454,0.0186,,motion_blur,7,25.38112831414876,0.0155
00e9be89-00001190.jpg,00e9be89-00001195.jpg,orb,1667,1563,17,2,0.1176,0.0109,39.6471,0.0477,0.0194,,motion_blur,7,22.150312107308032,0.0085
00e9be89-00001195.jpg,00e9be89-00001200.jpg,orb,1563,1039,26,7,0.2692,0.025,39.6538,0.0483,0.0131,,motion_blur,7,24.033433290526737,0.013085052843482638
00e9be89-00001200.jpg,00e9be89-00001205.jpg,orb,1039,368,30,10,0.3333,0.0815,39.1333,0.0407,0.004,,motion_blur,7,30.14669153709984,0.01509813789632612
00e9be89-00001205.jpg,00e9be89-00001210.jpg,orb,368,996,7,4,0.5714,0.019,37.7143,0.0498,0.004,,motion_blur,7,29.974753875249935,0.0035070140280561123
00e9be89-00001210.jpg,00e9be89-00001215.jpg,orb,996,899,30,10,0.3333,0.0334,41.2,0.0465,0.006,,motion_blur,7,28.657968998402524,0.015
00e9be89-00001215.jpg,00e9be89-00001220.jpg,orb,899,2000,11,4,0.3636,0.0122,37.7273,0.0553,0.0147,,motion_blur,7,24.89766703815419,0.0055
00e9be89-00001220.jpg,00e9be89-00001225.jpg,orb,2000,1294,45,7,0.1556,0.0348,42.1556,0.0542,0.0196,,motion_blur,7,24.245369227504277,0.0225
00e9be89-00001225.jpg,00e9be89-00001230.jpg,orb,1294,1449,10,5,0.5,0.0077,41.7,0.0475,0.0144,,motion_blur,7,27.105655022864813,0.005
00e9be89-00001230.jpg,00e9be89-00001240.jpg,orb,1449,477,67,35,0.5224,0.1405,37.8806,0.042,0.008,,motion_blur,7,29.121918650763316,0.036833424958768554
00e9be89-00001240.jpg,00e9be89-00001245.jpg,orb,477,2000,38,14,0.3684,0.0797,34.7105,0.0478,0.006,,motion_blur,7,26.959313508672626,0.020890599230346345
00e9be89-00001245.jpg,00e9be89-00001250.jpg,orb,2000,1085,50,13,0.26,0.0461,40.24,0.0463,0.0148,,motion_blur,7,25.07821688644864,0.025
00e9be89-00001250.jpg,00e9be89-00001255.jpg,orb,1085,1738,63,20,0.3175,0.0581,37.8571,0.0477,0.0142,,motion_blur,7,26.532038158944005,0.0315
00e9be89-00001255.jpg,00e9be89-00001260.jpg,orb,1738,1866,53,21,0.3962,0.0305,38.434,0.0521,0.0223,,motion_blur,7,25.19568951486649,0.0265
00e9be89-00001260.jpg,00e9be89-00001265.jpg,orb,1866,1405,39,18,0.4615,0.0278,37.0769,0.0499,0.0202,,motion_blur,7,24.21091485102784,0.0195
00e9be89-00001265.jpg,00e9be89-00001270.jpg,orb,1405,1458,20,7,0.35,0.0142,40.7,0.0465,0.0159,,motion_blur,7,21.92135998526262,0.01
00e9be89-00001270.jpg,00e9be89-00001275.jpg,orb,1458,1929,18,4,0.2222,0.0123,37.3333,0.0587,0.023,,motion_blur,7,20.858497814573184,0.009
00e9be89-00001275.jpg,00e9be89-00001280.jpg,orb,1929,1882,27,6,0.2222,0.0143,37.8519,0.0602,0.0282,,motion_blur,7,20.1492779078964,0.0135
00e9be89-00001280.jpg,00e9be89-00001285.jpg,orb,1882,752,24,6,0.25,0.0319,39.3333,0.0474,0.0138,,motion_blur,7,19.55736512370403,0.012
00e9be89-00001285.jpg,00e9be89-00001290.jpg,orb,752,1327,13,8,0.6154,0.0173,38.0769,0.0461,0.008,,motion_blur,7,21.490768575873744,0.0065
00e9be89-00001290.jpg,00e9be89-00001295.jpg,orb,1327,751,25,5,0.2,0.0333,45.92,0.0422,0.0091,,motion_blur,7,22.701826497883623,0.0125
00e9be89-00001295.jpg,00e9be89-00001305.jpg,orb,751,1794,7,4,0.5714,0.0093,38.0,0.0445,0.0121,,motion_blur,7,20.947975792812887,0.0035
00e9be89-00001305.jpg,00e9be89-00001310.jpg,orb,1794,2000,33,7,0.2121,0.0184,40.3636,0.0559,0.0241,,motion_blur,7,18.25409630281784,0.0165
00e9be89-00001310.jpg,00e9be89-00001315.jpg,orb,2000,1618,15,4,0.2667,0.0093,39.6667,0.0564,0.0257,,motion_blur,7,18.04924658168519,0.0075
00e9be89-00001315.jpg,00e9be89-00001325.jpg,orb,1618,1110,39,8,0.2051,0.0351,29.8462,0.0505,0.0139,,motion_blur,7,19.15709061372492,0.0195
00e9be89-00001325.jpg,00e9be89-00001330.jpg,orb,1110,1073,21,7,0.3333,0.0196,30.8095,0.0457,0.008,,motion_blur,7,19.37506391493077,0.0105
00e9be89-00001330.jpg,00e9be89-00001335.jpg,orb,1073,935,19,6,0.3158,0.0203,36.9474,0.0424,0.008,,motion_blur,7,22.18006481993139,0.0095
00e9be89-00001335.jpg,00e9be89-00001340.jpg,orb,935,1025,25,8,0.32,0.0267,36.28,0.0426,0.008,,motion_blur,7,24.408678901518016,0.0125
00e9be89-00001340.jpg,00e9be89-00001345.jpg,orb,1025,790,26,8,0.3077,0.0329,42.7692,0.0409,0.0103,,motion_blur,7,24.92328175705585,0.013
00e9be89-00001345.jpg,00e9be89-00001350.jpg,orb,790,676,7,4,0.5714,0.0104,49.4286,0.0542,0.0048,,motion_blur,7,25.39836381853506,0.0035
00e9be89-00001350.jpg,00e9be89-00001355.jpg,orb,676,1103,13,4,0.3077,0.0192,38.6923,0.0432,0.0072,,motion_blur,7,25.386867645090344,0.0065
00e9be89-00001355.jpg,00e9be89-00001360.jpg,orb,1103,987,12,6,0.5,0.0122,35.75,0.047,0.0077,,motion_blur,7,25.220070049600736,0.006
00e9be89-00001360.jpg,00e9be89-00001365.jpg,orb,987,915,16,6,0.375,0.0175,44.5,0.0463,0.0084,,motion_blur,7,24.411114361292935,0.008
00e9be89-00001365.jpg,00e9be89-00001370.jpg,orb,915,1504,26,9,0.3462,0.0284,40.5,0.048,0.0105,,motion_blur,7,23.942863855702495,0.013
00e9be89-00001370.jpg,00e9be89-00001375.jpg,orb,1504,831,168,62,0.369,0.2022,32.1012,0.0436,0.0092,,motion_blur,7,25.281750463225976,0.084
00e9be89-00001375.jpg,00e9be89-00001380.jpg,orb,831,704,172,65,0.3779,0.2443,30.4826,0.04,0.0053,,motion_blur,7,26.96347150730342,0.086
00e9be89-00001380.jpg,00e9be89-00001385.jpg,orb,704,762,99,45,0.4545,0.1406,31.596,0.0392,0.0064,,motion_blur,7,27.094539765116178,0.0495
00e9be89-00001385.jpg,00e9be89-00001390.jpg,orb,762,906,38,20,0.5263,0.0499,32.2368,0.0378,0.0065,,motion_blur,7,25.847140066889427,0.019
00e9be89-00001390.jpg,00e9be89-00001395.jpg,orb,906,990,38,23,0.6053,0.0419,26.5789,0.0441,0.0058,,motion_blur,7,24.759969127214976,0.019
00e9be89-00001395.jpg,00e9be89-00001400.jpg,orb,990,1126,82,37,0.4512,0.0828,29.5366,0.0464,0.0081,,motion_blur,7,24.99387901586479,0.041
00e9be89-00001400.jpg,00e9be89-00001405.jpg,orb,1126,1150,87,41,0.4713,0.0773,29.954,0.0419,0.0129,,motion_blur,7,24.97290660789414,0.0435
00e9be89-00001405.jpg,00e9be89-00001410.jpg,orb,1150,1210,91,41,0.4505,0.0791,29.7582,0.0594,0.0139,,motion_blur,7,24.80841263873394,0.0455
00e9be89-00001410.jpg,00e9be89-00001415.jpg,orb,1210,1132,141,50,0.3546,0.1246,29.6383,0.0508,0.0127,,motion_blur,7,24.471845127661524,0.0705
00e9be89-00001415.jpg,00e9be89-00001420.jpg,orb,1132,1409,71,34,0.4789,0.0627,30.5915,0.0499,0.0144,,motion_blur,7,24.02105698755262,0.0355
00e9be89-00001420.jpg,00e9be89-00001425.jpg,orb,1409,1283,77,40,0.5195,0.06,29.3766,0.0471,0.0143,,motion_blur,7,24.180533742843096,0.0385
00e9be89-00001425.jpg,00e9be89-00001430.jpg,orb,1283,1205,94,37,0.3936,0.078,33.0,0.0491,0.0123,,motion_blur,7,24.642814953868,0.047
00e9be89-00001430.jpg,00e9be89-00001440.jpg,orb,1205,1348,24,7,0.2917,0.0199,39.9167,0.0483,0.0112,,motion_blur,7,24.089548600767205,0.012
00e9be89-00001440.jpg,00e9be89-00001445.jpg,orb,1348,1445,86,51,0.593,0.0638,28.0581,0.0489,0.0131,,motion_blur,7,22.39208908158662,0.043
00e9be89-00001445.jpg,00e9be89-00001450.jpg,orb,1445,1233,56,13,0.2321,0.0454,37.5714,0.0496,0.0124,,motion_blur,7,22.21402300346697,0.028
00e9be89-00001450.jpg,00e9be89-00001455.jpg,orb,1233,722,70,39,0.5571,0.097,36.9857,0.0456,0.0098,,motion_blur,7,24.76644137605473,0.035
00e9be89-00001455.jpg,00e9be89-00001460.jpg,orb,722,850,69,32,0.4638,0.0956,34.8406,0.0439,0.006,,motion_blur,7,26.526183411797906,0.0345
00e9be89-00001460.jpg,00e9be89-00001465.jpg,orb,850,909,101,83,0.8218,0.1188,29.1386,0.0439,0.0078,,motion_blur,7,25.933787597376764,0.0505
00e9be89-00001465.jpg,00e9be89-00001470.jpg,orb,909,1236,16,5,0.3125,0.0176,35.5,0.0485,0.0101,,motion_blur,7,25.46349056683755,0.008
00e9be89-00001470.jpg,00e9be89-00001475.jpg,orb,1236,1105,51,20,0.3922,0.0462,37.3725,0.0544,0.0125,,motion_blur,7,25.855626402595377,0.0255
00e9be89-00001475.jpg,00e9be89-00001480.jpg,orb,1105,1102,27,9,0.3333,0.0245,35.2963,0.0545,0.0127,,motion_blur,7,25.4685227689008,0.0135
00e9be89-00001480.jpg,00e9be89-00001485.jpg,orb,1102,1079,25,11,0.44,0.0232,39.96,0.0501,0.0097,,motion_blur,7,26.463296653695654,0.0125
00e9be89-00001485.jpg,00e9be89-00001490.jpg,orb,1079,939,34,15,0.4412,0.0362,34.7941,0.0465,0.008,,motion_blur,7,28.024507079684888,0.017
00e9be89-00001490.jpg,00e9be89-00001495.jpg,orb,939,905,247,229,0.9271,0.2729,18.4372,0.0463,0.005,,motion_blur,7,27.966445759589497,0.1235
00e9be89-00001495.jpg,00e9be89-00001500.jpg,orb,905,992,350,334,0.9543,0.3867,15.56,0.0467,0.0084,,motion_blur,7,27.80374556249646,0.175
00e9be89-00001500.jpg,00e9be89-00001505.jpg,orb,992,1072,174,134,0.7701,0.1754,22.977,0.051,0.0092,,motion_blur,7,27.461822923467345,0.087
00e9be89-00001505.jpg,00e9be89-00001510.jpg,orb,1072,1151,26,11,0.4231,0.0243,35.5,0.0503,0.0097,,motion_blur,7,27.25329951634613,0.013
00e9be89-00001510.jpg,00e9be89-00001515.jpg,orb,1151,1270,35,16,0.4571,0.0304,34.5143,0.0422,0.0112,,motion_blur,7,26.790476903307862,0.0175
00e9be89-00001515.jpg,00e9be89-00001520.jpg,orb,1270,1338,19,6,0.3158,0.015,44.0526,0.0456,0.0152,,motion_blur,7,25.13092776221549,0.0095
00e9be89-00001520.jpg,00e9be89-00001525.jpg,orb,1338,1891,55,32,0.5818,0.0411,31.8364,0.0494,0.0178,,motion_blur,7,22.423375275138064,0.0275
00e9be89-00001525.jpg,00e9be89-00001535.jpg,orb,1891,1590,28,6,0.2143,0.0176,39.1071,0.0546,0.0221,,motion_blur,7,22.140057829498005,0.014
00e9be89-00001535.jpg,00e9be89-00001540.jpg,orb,1590,1322,15,5,0.3333,0.0113,45.1333,0.0472,0.0175,,motion_blur,7,22.16740489720513,0.0075
00e9be89-00001540.jpg,00e9be89-00001545.jpg,orb,1322,1333,15,6,0.4,0.0113,37.4667,0.0493,0.0131,,motion_blur,7,21.328281091635063,0.0075
00e9be89-00001545.jpg,00e9be89-00001550.jpg,orb,1333,897,189,106,0.5608,0.2107,27.381,0.0525,0.0106,,motion_blur,7,21.84078965605046,0.0945
00e9be89-00001550.jpg,00e9be89-00001555.jpg,orb,897,1312,188,176,0.9362,0.2096,16.8723,0.0512,0.0109,,motion_blur,7,21.7626211877022,0.094
00e9be89-00001555.jpg,00e9be89-00001560.jpg,orb,1312,747,189,166,0.8783,0.253,21.0423,0.0449,0.0101,,motion_blur,7,22.09450450620441,0.0945
00e9be89-00001560.jpg,00e9be89-00001565.jpg,orb,747,884,180,161,0.8944,0.241,20.3056,0.0434,0.0062,,motion_blur,7,22.62938326420161,0.09
00e9be89-00001565.jpg,00e9be89-00001570.jpg,orb,884,1539,57,33,0.5789,0.0645,27.9474,0.05,0.01,,motion_blur,7,22.79332695094349,0.0285
00e9be89-00001570.jpg,00e9be89-00001575.jpg,orb,1539,1648,55,19,0.3455,0.0357,36.8364,0.0506,0.0181,,motion_blur,7,22.244546599769254,0.0275
00e9be89-00001575.jpg,00e9be89-00001580.jpg,orb,1648,1650,120,73,0.6083,0.0728,30.7083,0.053,0.0226,,motion_blur,7,21.404000255834436,0.06
00e9be89-00001580.jpg,00e9be89-00001585.jpg,orb,1650,1804,60,21,0.35,0.0364,30.4333,0.0477,0.0211,,motion_blur,7,20.514983285388013,0.03
00e9be89-00001585.jpg,00e9be89-00001590.jpg,orb,1804,1049,47,19,0.4043,0.0448,34.1915,0.048,0.0149,,motion_blur,7,20.70807228852449,0.0235
00e9be89-00001590.jpg,00e9be89-00001595.jpg,orb,1049,1379,20,6,0.3,0.0191,34.45,0.0439,0.0118,,motion_blur,7,21.44771643807687,0.01
00e9be89-00001595.jpg,00e9be89-00001600.jpg,orb,1379,1548,21,5,0.2381,0.0152,42.381,0.0496,0.0164,,motion_blur,7,21.125948800019813,0.0105
00e9be89-00001600.jpg,00e9be89-00001605.jpg,orb,1548,1560,136,80,0.5882,0.0879,30.6324,0.0538,0.0174,,motion_blur,7,20.748448141165063,0.068
00e9be89-00001605.jpg,00e9be89-00001610.jpg,orb,1560,1627,19,5,0.2632,0.0122,39.8947,0.0644,0.0184,,motion_blur,7,21.327260752851632,0.0095
00e9be89-00001610.jpg,00e9be89-00001620.jpg,orb,1627,1338,17,5,0.2941,0.0127,44.0,0.0516,0.0179,,motion_blur,7,21.828726252172217,0.0085
00e9be89-00001620.jpg,00e9be89-00001625.jpg,orb,1338,1575,38,20,0.5263,0.0284,34.1579,0.0495,0.0161,,motion_blur,7,22.182220289285176,0.019
00e9be89-00001625.jpg,00e9be89-00001630.jpg,orb,1575,1484,79,20,0.2532,0.0532,34.1646,0.0504,0.0184,,motion_blur,7,23.05618571615654,0.0395
00e9be89-00001630.jpg,00e9be89-00001635.jpg,orb,1484,2000,37,9,0.2432,0.0249,36.5946,0.0532,0.0198,,motion_blur,7,22.03157308210962,0.0185
00e9be89-00001635.jpg,00e9be89-00001640.jpg,orb,2000,1484,41,3,0.0732,0.0276,39.439,0.054,0.0216,,motion_blur,7,20.33559412134202,0.0205
00e9be89-00001640.jpg,00e9be89-00001645.jpg,orb,1484,1734,20,5,0.25,0.0135,39.4,0.0544,0.016,,motion_blur,7,18.71877659660758,0.01
00e9be89-00001645.jpg,00e9be89-00001650.jpg,orb,1734,1928,35,6,0.1714,0.0202,31.1429,0.0552,0.0243,,motion_blur,7,17.98712923408364,0.0175
00e9be89-00001650.jpg,00e9be89-00001655.jpg,orb,1928,2000,34,7,0.2059,0.0176,34.7059,0.0534,0.0309,,motion_blur,7,18.276002713785417,0.017
00e9be89-00001655.jpg,00e9be89-00001665.jpg,orb,2000,1857,18,6,0.3333,0.0097,37.7222,0.0553,0.0251,,motion_blur,7,19.94059781133463,0.009
00e9be89-00001665.jpg,00e9be89-00001670.jpg,orb,1857,1497,26,10,0.3846,0.0174,38.2692,0.0555,0.0217,,motion_blur,7,22.838707730547547,0.013
00e9be89-00001670.jpg,00e9be89-00001675.jpg,orb,1497,1644,33,0,0.0,0.022,33.8182,0.0576,0.0186,,motion_blur,7,22.70657314337349,0.0165
00e9be89-00001675.jpg,00e9be89-00001680.jpg,orb,1644,1686,27,9,0.3333,0.0164,35.037,0.0513,0.0231,,motion_blur,7,21.39239835939865,0.0135
00e9be89-00001680.jpg,00e9be89-00001685.jpg,orb,1686,2000,25,6,0.24,0.0148,32.44,0.054,0.0238,,motion_blur,7,20.374605035895577,0.0125
00e9be89-00001685.jpg,00e9be89-00001690.jpg,orb,2000,2000,23,7,0.3043,0.0115,33.0,0.0552,0.0287,,motion_blur,7,21.54615645432871,0.0115
00e9be89-00001690.jpg,00e9be89-00001695.jpg,orb,2000,1270,33,8,0.2424,0.026,36.2727,0.0539,0.0184,,motion_blur,7,24.78427197747038,0.0165
00e9be89-00001695.jpg,00e9be89-00001705.jpg,orb,1270,982,19,8,0.4211,0.0193,41.1053,0.0443,0.01,,motion_blur,7,25.405248926483555,0.0095
00e9be89-00001705.jpg,00e9be89-00001710.jpg,orb,982,1006,58,48,0.8276,0.0591,34.1724,0.0442,0.006,,motion_blur,7,25.429297026748703,0.029
00e9be89-00001710.jpg,00e9be89-00001715.jpg,orb,1006,1243,17,11,0.6471,0.0169,38.7059,0.0438,0.0101,,motion_blur,7,25.29075996305321,0.0085
00e9be89-00001715.jpg,00e9be89-00001720.jpg,orb,1243,913,65,40,0.6154,0.0712,34.6462,0.0448,0.0095,,motion_blur,7,25.58422805947279,0.03256513026052104
00e9be89-00001720.jpg,00e9be89-00001725.jpg,orb,913,958,55,39,0.7091,0.0602,35.1636,0.0409,0.0084,,motion_blur,7,26.46455804065141,0.02755511022044088
00e9be89-00001725.jpg,00e9be89-00001730.jpg,orb,958,937,41,30,0.7317,0.0438,35.2927,0.044,0.008,,motion_blur,7,26.10887379550873,0.0205
00e9be89-00001730.jpg,00e9be89-00001740.jpg,orb,937,1182,18,6,0.3333,0.0192,35.1667,0.0503,0.0096,,motion_blur,7,25.30394082174317,0.009
00e9be89-00001740.jpg,00e9be89-00001745.jpg,orb,1182,2000,14,5,0.3571,0.0118,35.3571,0.0577,0.0183,,motion_blur,7,21.47765386602433,0.007
00e9be89-00001745.jpg,00e9be89-00001750.jpg,orb,2000,917,25,6,0.24,0.0273,39.96,0.0521,0.0155,,motion_blur,7,20.664386585235995,0.0125
00e9be89-00001750.jpg,00e9be89-00001755.jpg,orb,917,1355,41,19,0.4634,0.0447,35.6341,0.046,0.0106,,motion_blur,7,24.11646383707002,0.0205
00e9be89-00001755.jpg,00e9be89-00001760.jpg,orb,1355,1676,32,16,0.5,0.0236,34.4688,0.0484,0.0166,,motion_blur,7,24.233378268376708,0.016
00e9be89-00001760.jpg,00e9be89-00001765.jpg,orb,1676,758,42,25,0.5952,0.0554,37.0,0.048,0.01,,motion_blur,7,23.36914280504772,0.021
00e9be89-00001765.jpg,00e9be89-00001770.jpg,orb,758,1140,26,16,0.6154,0.0343,38.3077,0.0468,0.006,,motion_blur,7,23.323831557026068,0.013
00e9be89-00001770.jpg,00e9be89-00001775.jpg,orb,1140,1345,52,31,0.5962,0.0456,34.2885,0.0401,0.0121,,motion_blur,7,23.28631338883052,0.026
00e9be89-00001775.jpg,00e9be89-00001780.jpg,orb,1345,1701,35,13,0.3714,0.026,35.2857,0.0438,0.0188,,motion_blur,7,23.05684014324145,0.0175
00e9be89-00001780.jpg,00e9be89-00001785.jpg,orb,1701,1542,32,18,0.5625,0.0208,38.7812,0.0504,0.0205,,motion_blur,7,23.569463332865396,0.016
00e9be89-00001785.jpg,00e9be89-00001795.jpg,orb,1542,902,47,18,0.383,0.0521,36.0851,0.0456,0.0123,,motion_blur,7,24.51298097094551,0.0235
00e9be89-00001795.jpg,00e9be89-00001800.jpg,orb,902,1068,401,387,0.9651,0.4446,17.6858,0.0457,0.008,,motion_blur,7,25.04175060527639,0.2005
00e9be89-00001800.jpg,00e9be89-00001810.jpg,orb,1068,996,126,61,0.4841,0.1265,30.9365,0.0438,0.008,,motion_blur,7,25.07622092592628,0.063
00e9be89-00001810.jpg,00e9be89-00001815.jpg,orb,996,1420,68,27,0.3971,0.0683,32.0441,0.0453,0.0138,,motion_blur,7,24.48565215887788,0.034
00e9be89-00001815.jpg,00e9be89-00001820.jpg,orb,1420,1261,26,14,0.5385,0.0206,36.3846,0.0516,0.015,,motion_blur,7,24.978431364455396,0.013
00e9be89-00001820.jpg,00e9be89-00001825.jpg,orb,1261,1456,39,15,0.3846,0.0309,33.7692,0.0531,0.0161,,motion_blur,7,25.251654525028734,0.0195
00e9be89-00001825.jpg,00e9be89-00001830.jpg,orb,1456,1691,47,17,0.3617,0.0323,37.5106,0.0478,0.0178,,motion_blur,7,23.688867931109456,0.0235
00e9be89-00001830.jpg,00e9be89-00001840.jpg,orb,1691,1408,34,7,0.2059,0.0241,40.6471,0.0478,0.0183,,motion_blur,7,22.26866350655244,0.017
00e9be89-00001840.jpg,00e9be89-00001845.jpg,orb,1408,1562,746,720,0.9651,0.5298,15.492,0.0435,0.0163,,motion_blur,7,21.763273155710635,0.373
00e9be89-00001845.jpg,00e9be89-00001865.jpg,orb,1562,1531,675,647,0.9585,0.4409,17.8578,0.048,0.0157,,motion_blur,7,21.61794713472107,0.3375
00e9be89-00001865.jpg,00e9be89-00001870.jpg,orb,1531,1583,713,695,0.9748,0.4657,18.5077,0.0541,0.0183,,motion_blur,7,21.686512413988783,0.3565
00e9be89-00001870.jpg,00e9be89-00001875.jpg,orb,1583,1566,718,695,0.968,0.4585,16.2131,0.0511,0.0173,,motion_blur,7,21.78913878586567,0.359
00e9be89-00001875.jpg,00e9be89-00001885.jpg,orb,1566,1486,706,681,0.9646,0.4751,17.6176,0.0521,0.0159,,motion_blur,7,21.7793914144288,0.353
00e9be89-00001885.jpg,00e9be89-00001890.jpg,orb,1486,1582,752,726,0.9654,0.5061,15.6848,0.0525,0.0193,,motion_blur,7,21.70454413094653,0.376
00e9be89-00001890.jpg,00e9be89-00001895.jpg,orb,1582,1428,713,690,0.9677,0.4993,14.7938,0.0491,0.0164,,motion_blur,7,21.68696264268965,0.3565
00e9be89-00001895.jpg,00e9be89-00001900.jpg,orb,1428,1486,733,711,0.97,0.5133,15.9441,0.045,0.0182,,motion_blur,7,21.760233567082288,0.3665
00e9be89-00001900.jpg,00e9be89-00001905.jpg,orb,1486,1298,267,140,0.5243,0.2057,28.5655,0.0523,0.0196,,motion_blur,7,22.36439948721364,0.1335
00e9be89-00001905.jpg,00e9be89-00001915.jpg,orb,1298,1181,27,7,0.2593,0.0229,39.6667,0.0526,0.0122,,motion_blur,7,23.54087422953498,0.0135
00e9be89-00000015.jpg,00e9be89-00000100.jpg,orb,2000,1129,22,7,0.3182,0.0195,41.7273,0.0572,0.0196,C:\Users\amit\Project_digital_image_processing__Amit_Alon\outputs\visualizations\task2\enhanced_visualizations\motion_blur\level_8\match_00e9be89-00000015__00e9be89-00000100.png,motion_blur,8,16.736571102432386,0.011
00e9be89-00000100.jpg,00e9be89-00000105.jpg,orb,1129,1250,603,587,0.9735,0.5341,19.3897,0.0473,0.0134,,motion_blur,8,19.70828626535724,0.3015
00e9be89-00000105.jpg,00e9be89-00000110.jpg,orb,1250,1267,673,661,0.9822,0.5384,18.6954,0.0466,0.0132,,motion_blur,8,19.41215566322057,0.3365
00e9be89-00000110.jpg,00e9be89-00000115.jpg,orb,1267,1219,651,631,0.9693,0.534,18.5453,0.0422,0.0133,,motion_blur,8,19.43346375235736,0.3255
00e9be89-00000115.jpg,00e9be89-00000120.jpg,orb,1219,1228,694,684,0.9856,0.5693,16.4006,0.0447,0.0119,,motion_blur,8,19.486543487762148,0.347
00e9be89-00000120.jpg,00e9be89-00000125.jpg,orb,1228,1286,438,413,0.9429,0.3567,25.4475,0.0469,0.0126,,motion_blur,8,19.18519872051739,0.219
00e9be89-00000125.jpg,00e9be89-00000130.jpg,orb,1286,1213,521,504,0.9674,0.4295,19.8004,0.0467,0.0138,,motion_blur,8,19.02491855423278,0.2605
00e9be89-00000130.jpg,00e9be89-00000135.jpg,orb,1213,1044,571,547,0.958,0.5469,18.6655,0.0464,0.0098,,motion_blur,8,19.488264132566044,0.2855
00e9be89-00000135.jpg,00e9be89-00000140.jpg,orb,1044,1111,610,579,0.9492,0.5843,18.6623,0.047,0.01,,motion_blur,8,19.635943337467506,0.305
00e9be89-00000140.jpg,00e9be89-00000145.jpg,orb,1111,999,147,116,0.7891,0.1471,30.7211,0.045,0.0098,,motion_blur,8,19.773477974609957,0.0735
00e9be89-00000145.jpg,00e9be89-00000150.jpg,orb,999,1757,13,5,0.3846,0.013,32.7692,0.0424,0.014,,motion_blur,8,17.57278851935127,0.0065
00e9be89-00000150.jpg,00e9be89-00000160.jpg,orb,1757,1720,20,5,0.25,0.0116,35.3,0.0611,0.0292,,motion_blur,8,16.173477966202128,0.01
00e9be89-00000160.jpg,00e9be89-00000165.jpg,orb,1720,1498,21,5,0.2381,0.014,39.619,0.0558,0.0224,,motion_blur,8,17.66826813644232,0.0105
00e9be89-00000165.jpg,00e9be89-00000175.jpg,orb,1498,1106,20,5,0.25,0.0181,35.3,0.0433,0.0122,,motion_blur,8,19.28091640842701,0.01
00e9be89-00000175.jpg,00e9be89-00000190.jpg,orb,1106,1237,16,5,0.3125,0.0145,35.75,0.0452,0.01,,motion_blur,8,20.16792754990341,0.008
00e9be89-00000190.jpg,00e9be89-00001000.jpg,orb,1237,660,22,8,0.3636,0.0333,43.3182,0.0425,0.006,,motion_blur,8,22.646795177826405,0.011
00e9be89-00001000.jpg,00e9be89-00001005.jpg,orb,660,399,7,4,0.5714,0.0175,46.7143,0.0405,0.004,,motion_blur,8,26.229601657996817,0.0035
00e9be89-00001005.jpg,00e9be89-00001010.jpg,orb,399,331,9,4,0.4444,0.0272,38.4444,0.0364,0.0041,,motion_blur,8,27.092083271898687,0.0045
00e9be89-00001010.jpg,00e9be89-00001015.jpg,orb,331,481,14,8,0.5714,0.0423,42.1429,0.034,0.0,,motion_blur,8,27.85133320047806,0.007028112449799197
00e9be89-00001015.jpg,00e9be89-00001020.jpg,orb,481,894,21,8,0.381,0.0437,38.0476,0.0397,0.0045,,motion_blur,8,26.514779447449293,0.010542168674698794
00e9be89-00001020.jpg,00e9be89-00001025.jpg,orb,894,785,18,7,0.3889,0.0229,42.9444,0.0417,0.004,,motion_blur,8,25.64118263760168,0.009
00e9be89-00001025.jpg,00e9be89-00001030.jpg,orb,785,568,27,11,0.4074,0.0475,43.1111,0.0394,0.004,,motion_blur,8,26.915122921575907,0.0135
00e9be89-00001030.jpg,00e9be89-00001035.jpg,orb,568,633,35,20,0.5714,0.0616,40.8286,0.0386,0.004,,motion_blur,8,27.261416196631597,0.0175
00e9be89-00001035.jpg,00e9be89-00001040.jpg,orb,633,353,78,48,0.6154,0.221,36.9231,0.0384,0.002,,motion_blur,8,28.17084017322562,0.039
00e9be89-00001040.jpg,00e9be89-00001045.jpg,orb,353,440,75,56,0.7467,0.2125,34.6,0.0407,0.002,,motion_blur,8,28.399830351164766,0.0375
00e9be89-00001045.jpg,00e9be89-00001050.jpg,orb,440,484,33,20,0.6061,0.075,38.6061,0.0394,0.004,,motion_blur,8,28.32572488497869,0.0165
00e9be89-00001050.jpg,00e9be89-00001055.jpg,orb,484,564,36,16,0.4444,0.0744,38.5,0.0423,0.002,,motion_blur,8,27.887423985912505,0.018
00e9be89-00001055.jpg,00e9be89-00001060.jpg,orb,564,486,47,24,0.5106,0.0967,35.7872,0.0409,0.002,,motion_blur,8,27.248942383524778,0.0235
00e9be89-00001060.jpg,00e9be89-00001065.jpg,orb,486,835,44,30,0.6818,0.0905,37.9318,0.0422,0.004,,motion_blur,8,26.349392822930824,0.022
00e9be89-00001065.jpg,00e9be89-00001070.jpg,orb,835,980,83,58,0.6988,0.0994,35.9398,0.0406,0.006,,motion_blur,8,25.071079901569245,0.0415
00e9be89-00001070.jpg,00e9be89-00001075.jpg,orb,980,1236,49,22,0.449,0.05,36.2245,0.0456,0.0082,,motion_blur,8,23.608318051013647,0.0245
00e9be89-00001075.jpg,00e9be89-00001080.jpg,orb,1236,628,47,24,0.5106,0.0748,39.6383,0.0435,0.0072,,motion_blur,8,24.75951643435478,0.0235
00e9be89-00001080.jpg,00e9be89-00001090.jpg,orb,628,881,25,17,0.68,0.0398,40.48,0.0362,0.0066,,motion_blur,8,26.84850835478168,0.0125
00e9be89-00001090.jpg,00e9be89-00001095.jpg,orb,881,582,42,27,0.6429,0.0722,35.4286,0.0381,0.004,,motion_blur,8,26.736479028652774,0.021
00e9be89-00001095.jpg,00e9be89-00001100.jpg,orb,582,813,33,18,0.5455,0.0567,34.6061,0.0339,0.0055,,motion_blur,8,26.36523159939886,0.0165
00e9be89-00001100.jpg,00e9be89-00001105.jpg,orb,813,740,25,10,0.4,0.0338,41.92,0.0422,0.006,,motion_blur,8,24.85120589882422,0.0125
00e9be89-00001105.jpg,00e9be89-00001115.jpg,orb,740,828,21,5,0.2381,0.0284,40.0952,0.0404,0.0055,,motion_blur,8,24.27618567964403,0.0105
00e9be89-00001115.jpg,00e9be89-00001125.jpg,orb,828,1106,21,6,0.2857,0.0254,37.8571,0.0432,0.0068,,motion_blur,8,23.78738773117339,0.0105
00e9be89-00001125.jpg,00e9be89-00001130.jpg,orb,1106,1251,46,22,0.4783,0.0416,37.1739,0.0469,0.0109,,motion_blur,8,22.565900639094306,0.023
00e9be89-00001130.jpg,00e9be89-00001135.jpg,orb,1251,961,45,21,0.4667,0.0468,37.0889,0.0499,0.0094,,motion_blur,8,23.789243612685944,0.0225
00e9be89-00001135.jpg,00e9be89-00001140.jpg,orb,961,1074,43,25,0.5814,0.0447,34.4884,0.0462,0.008,,motion_blur,8,24.990539590402264,0.0215
00e9be89-00001140.jpg,00e9be89-00001150.jpg,orb,1074,1234,46,27,0.587,0.0428,34.4783,0.0478,0.0092,,motion_blur,8,25.02856571133266,0.023
00e9be89-00001150.jpg,00e9be89-00001155.jpg,orb,1234,894,76,45,0.5921,0.085,33.6184,0.0402,0.0105,,motion_blur,8,26.10789188714157,0.038
00e9be89-00001155.jpg,00e9be89-00001160.jpg,orb,894,959,89,43,0.4831,0.0996,31.2247,0.0396,0.0058,,motion_blur,8,26.36255750728791,0.0445
00e9be89-00001160.jpg,00e9be89-00001165.jpg,orb,959,907,21,7,0.3333,0.0232,37.9048,0.0403,0.0061,,motion_blur,8,26.347259151564668,0.0105
00e9be89-00001165.jpg,00e9be89-00001170.jpg,orb,907,1070,36,14,0.3889,0.0397,35.3889,0.0418,0.007,,motion_blur,8,26.128012961730185,0.018
00e9be89-00001170.jpg,00e9be89-00001175.jpg,orb,1070,1096,38,15,0.3947,0.0355,34.0526,0.0461,0.0111,,motion_blur,8,25.956380341056207,0.019
00e9be89-00001175.jpg,00e9be89-00001180.jpg,orb,1096,1185,53,24,0.4528,0.0484,35.8868,0.0471,0.0098,,motion_blur,8,25.85150818000437,0.0265
00e9be89-00001180.jpg,00e9be89-00001185.jpg,orb,1185,1175,40,17,0.425,0.034,37.65,0.0469,0.0097,,motion_blur,8,25.21537271900256,0.02
00e9be89-00001185.jpg,00e9be89-00001190.jpg,orb,1175,1235,34,14,0.4118,0.0289,33.9412,0.043,0.0121,,motion_blur,8,24.696564380197355,0.017
00e9be89-00001190.jpg,00e9be89-00001195.jpg,orb,1235,1204,16,2,0.125,0.0133,40.125,0.0446,0.0116,,motion_blur,8,21.444688632377776,0.008
00e9be89-00001195.jpg,00e9be89-00001200.jpg,orb,1204,717,23,7,0.3043,0.0321,43.4783,0.0416,0.0092,,motion_blur,8,23.22310337171397,0.011575239053850024
00e9be89-00001200.jpg,00e9be89-00001205.jpg,orb,717,270,27,16,0.5926,0.1,39.4444,0.0446,0.002,,motion_blur,8,29.189790695521182,0.013588324106693507
00e9be89-00001205.jpg,00e9be89-00001210.jpg,orb,270,687,7,5,0.7143,0.0259,42.0,0.0404,0.002,,motion_blur,8,28.99834700423475,0.0035070140280561123
00e9be89-00001210.jpg,00e9be89-00001215.jpg,orb,687,626,13,4,0.3077,0.0208,43.6923,0.0401,0.004,,motion_blur,8,27.822349810960144,0.0065
00e9be89-00001215.jpg,00e9be89-00001220.jpg,orb,626,1803,9,5,0.5556,0.0144,42.5556,0.0448,0.0091,,motion_blur,8,24.281413720737437,0.0045
00e9be89-00001220.jpg,00e9be89-00001225.jpg,orb,1803,933,31,9,0.2903,0.0332,40.2903,0.0422,0.0121,,motion_blur,8,23.621509929886823,0.0155
00e9be89-00001225.jpg,00e9be89-00001230.jpg,orb,933,984,11,4,0.3636,0.0118,42.1818,0.0443,0.006,,motion_blur,8,26.355286110494088,0.0055
00e9be89-00001230.jpg,00e9be89-00001240.jpg,orb,984,347,38,21,0.5526,0.1095,38.2895,0.0407,0.0022,,motion_blur,8,28.27934536258829,0.020890599230346345
00e9be89-00001240.jpg,00e9be89-00001245.jpg,orb,347,1838,31,14,0.4516,0.0893,33.7419,0.0442,0.0059,,motion_blur,8,26.19182303348649,0.017042330951072018
00e9be89-00001245.jpg,00e9be89-00001250.jpg,orb,1838,630,58,16,0.2759,0.0921,41.4483,0.0449,0.0106,,motion_blur,8,24.428563238268403,0.029
00e9be89-00001250.jpg,00e9be89-00001255.jpg,orb,630,1215,40,22,0.55,0.0635,34.025,0.0398,0.0058,,motion_blur,8,25.823734528360724,0.02
00e9be89-00001255.jpg,00e9be89-00001260.jpg,orb,1215,1371,38,16,0.4211,0.0313,37.2105,0.0451,0.012,,motion_blur,8,24.483606010496917,0.019
00e9be89-00001260.jpg,00e9be89-00001265.jpg,orb,1371,940,38,16,0.4211,0.0404,38.2368,0.0463,0.0098,,motion_blur,8,23.49707568849869,0.019
00e9be89-00001265.jpg,00e9be89-00001270.jpg,orb,940,954,12,5,0.4167,0.0128,43.8333,0.0426,0.0055,,motion_blur,8,21.17728630322906,0.006
00e9be89-00001270.jpg,00e9be89-00001275.jpg,orb,954,1277,14,4,0.2857,0.0147,36.2857,0.0458,0.0095,,motion_blur,8,20.16968218704908,0.007
00e9be89-00001275.jpg,00e9be89-00001280.jpg,orb,1277,1392,32,6,0.1875,0.0251,38.625,0.049,0.0118,,motion_blur,8,19.570378444803406,0.016
00e9be89-00001280.jpg,00e9be89-00001285.jpg,orb,1392,410,17,2,0.1176,0.0415,38.4706,0.047,0.0042,,motion_blur,8,18.93033886342147,0.0085
00e9be89-00001285.jpg,00e9be89-00001290.jpg,orb,410,762,11,0,0.0,0.0268,38.4545,0.0407,0.002,,motion_blur,8,20.845391933714595,0.0055
00e9be89-00001290.jpg,00e9be89-00001295.jpg,orb,762,465,7,4,0.5714,0.0151,40.1429,0.043,0.002,,motion_blur,8,22.00591141689806,0.0035
00e9be89-00001295.jpg,00e9be89-00001305.jpg,orb,465,1373,5,0,0.0,0.0108,35.4,0.0442,0.0055,,motion_blur,8,20.19028426212473,0.0025
00e9be89-00001305.jpg,00e9be89-00001310.jpg,orb,1373,1741,20,5,0.25,0.0146,41.65,0.0504,0.0153,,motion_blur,8,17.647222240018774,0.01
00e9be89-00001310.jpg,00e9be89-00001315.jpg,orb,1741,1343,24,6,0.25,0.0179,40.5,0.0525,0.0167,,motion_blur,8,17.301023866085423,0.012
00e9be89-00001315.jpg,00e9be89-00001325.jpg,orb,1343,778,43,12,0.2791,0.0553,33.1628,0.045,0.0086,,motion_blur,8,18.13054433316728,0.0215
00e9be89-00001325.jpg,00e9be89-00001330.jpg,orb,778,788,18,7,0.3889,0.0231,30.1667,0.0396,0.004,,motion_blur,8,18.319789493263325,0.009
00e9be89-00001330.jpg,00e9be89-00001335.jpg,orb,788,565,24,7,0.2917,0.0425,38.2083,0.0367,0.0047,,motion_blur,8,21.27055951224567,0.012
00e9be89-00001335.jpg,00e9be89-00001340.jpg,orb,565,583,11,5,0.4545,0.0195,36.9091,0.0373,0.0019,,motion_blur,8,23.649450234950383,0.0055
00e9be89-00001340.jpg,00e9be89-00001345.jpg,orb,583,510,17,6,0.3529,0.0333,43.0,0.0372,0.0031,,motion_blur,8,24.101460405883145,0.0085
00e9be89-00001345.jpg,00e9be89-00001350.jpg,orb,510,384,6,4,0.6667,0.0156,44.8333,0.0401,0.0023,,motion_blur,8,24.550362236012298,0.003
00e9be89-00001350.jpg,00e9be89-00001355.jpg,orb,384,753,10,5,0.5,0.026,41.1,0.042,0.003,,motion_blur,8,24.596945169035944,0.005
00e9be89-00001355.jpg,00e9be89-00001360.jpg,orb,753,727,18,7,0.3889,0.0248,43.6111,0.0397,0.0077,,motion_blur,8,24.396828262840074,0.009
00e9be89-00001360.jpg,00e9be89-00001365.jpg,orb,727,585,7,5,0.7143,0.012,38.8571,0.0373,0.0042,,motion_blur,8,23.55189571353073,0.0035
00e9be89-00001365.jpg,00e9be89-00001370.jpg,orb,585,1061,11,4,0.3636,0.0188,38.4545,0.0427,0.006,,motion_blur,8,23.16301845837689,0.0055
00e9be89-00001370.jpg,00e9be89-00001375.jpg,orb,1061,518,129,56,0.4341,0.249,33.062,0.0406,0.0041,,motion_blur,8,24.398191409786325,0.0645
00e9be89-00001375.jpg,00e9be89-00001380.jpg,orb,518,477,90,37,0.4111,0.1887,30.8889,0.0404,0.002,,motion_blur,8,25.91543176390152,0.045
00e9be89-00001380.jpg,00e9be89-00001385.jpg,orb,477,504,73,26,0.3562,0.153,30.4384,0.0376,0.004,,motion_blur,8,26.03449332841828,0.0365
00e9be89-00001385.jpg,00e9be89-00001390.jpg,orb,504,652,17,7,0.4118,0.0337,34.0588,0.0368,0.002,,motion_blur,8,24.80101034970732,0.0085
00e9be89-00001390.jpg,00e9be89-00001395.jpg,orb,652,659,35,21,0.6,0.0537,28.1143,0.0401,0.003,,motion_blur,8,23.65084862382156,0.0175
00e9be89-00001395.jpg,00e9be89-00001400.jpg,orb,659,828,61,23,0.377,0.0926,31.918,0.0405,0.0035,,motion_blur,8,23.82712172632014,0.0305
00e9be89-00001400.jpg,00e9be89-00001405.jpg,orb,828,892,70,29,0.4143,0.0845,31.5571,0.0423,0.006,,motion_blur,8,23.82023113716739,0.035
00e9be89-00001405.jpg,00e9be89-00001410.jpg,orb,892,942,86,35,0.407,0.0964,30.9535,0.0427,0.0062,,motion_blur,8,23.703952970914827,0.043
00e9be89-00001410.jpg,00e9be89-00001415.jpg,orb,942,899,124,44,0.3548,0.1379,30.2419,0.0459,0.007,,motion_blur,8,23.37915068989552,0.062
00e9be89-00001415.jpg,00e9be89-00001420.jpg,orb,899,1119,67,27,0.403,0.0745,32.0896,0.0464,0.0096,,motion_blur,8,22.87932533078944,0.0335
00e9be89-00001420.jpg,00e9be89-00001425.jpg,orb,1119,1042,61,27,0.4426,0.0585,33.3443,0.0447,0.0116,,motion_blur,8,23.045568859503486,0.0305
00e9be89-00001425.jpg,00e9be89-00001430.jpg,orb,1042,989,77,22,0.2857,0.0779,30.6494,0.0486,0.0082,,motion_blur,8,23.53158106846025,0.0385
00e9be89-00001430.jpg,00e9be89-00001440.jpg,orb,989,1058,17,6,0.3529,0.0172,38.0,0.0419,0.0074,,motion_blur,8,23.0775022249615,0.0085
00e9be89-00001440.jpg,00e9be89-00001445.jpg,orb,1058,1150,67,46,0.6866,0.0633,29.3134,0.0458,0.0092,,motion_blur,8,21.546001406806496,0.0335
00e9be89-00001445.jpg,00e9be89-00001450.jpg,orb,1150,942,19,7,0.3684,0.0202,36.3684,0.0469,0.009,,motion_blur,8,21.27333937811328,0.0095
00e9be89-00001450.jpg,00e9be89-00001455.jpg,orb,942,479,57,28,0.4912,0.119,38.5789,0.0401,0.004,,motion_blur,8,23.689870771183173,0.0285
00e9be89-00001455.jpg,00e9be89-00001460.jpg,orb,479,570,53,31,0.5849,0.1106,36.5283,0.0382,0.0021,,motion_blur,8,25.48977309024229,0.0265
00e9be89-00001460.jpg,00e9be89-00001465.jpg,orb,570,619,71,44,0.6197,0.1246,32.1549,0.0398,0.0037,,motion_blur,8,24.90784599996291,0.0355
00e9be89-00001465.jpg,00e9be89-00001470.jpg,orb,619,1018,8,4,0.5,0.0129,42.25,0.0406,0.004,,motion_blur,8,24.44465061429493,0.004
00e9be89-00001470.jpg,00e9be89-00001475.jpg,orb,1018,859,35,15,0.4286,0.0407,38.8857,0.0417,0.0051,,motion_blur,8,24.86166815878174,0.0175
00e9be89-00001475.jpg,00e9be89-00001480.jpg,orb,859,786,15,8,0.5333,0.0191,32.9333,0.0421,0.0056,,motion_blur,8,24.483645595607005,0.0075
00e9be89-00001480.jpg,00e9be89-00001485.jpg,orb,786,774,21,7,0.3333,0.0271,45.0,0.0409,0.0052,,motion_blur,8,25.474891216838124,0.0105
00e9be89-00001485.jpg,00e9be89-00001490.jpg,orb,774,694,24,8,0.3333,0.0346,37.5417,0.0399,0.0045,,motion_blur,8,27.038702574769232,0.012
00e9be89-00001490.jpg,00e9be89-00001495.jpg,orb,694,626,157,143,0.9108,0.2508,18.9172,0.0487,0.0059,,motion_blur,8,26.9795717701091,0.0785
00e9be89-00001495.jpg,00e9be89-00001500.jpg,orb,626,734,240,230,0.9583,0.3834,15.5875,0.041,0.004,,motion_blur,8,26.803866654529276,0.12
00e9be89-00001500.jpg,00e9be89-00001505.jpg,orb,734,812,137,90,0.6569,0.1866,24.5109,0.0412,0.005,,motion_blur,8,26.470231615961826,0.0685
00e9be89-00001505.jpg,00e9be89-00001510.jpg,orb,812,812,25,10,0.4,0.0308,37.16,0.0353,0.0065,,motion_blur,8,26.245254682765797,0.0125
00e9be89-00001510.jpg,00e9be89-00001515.jpg,orb,812,923,45,18,0.4,0.0554,39.8222,0.0419,0.0071,,motion_blur,8,25.78961264834417,0.0225
00e9be89-00001515.jpg,00e9be89-00001520.jpg,orb,923,959,16,7,0.4375,0.0173,39.75,0.0422,0.0074,,motion_blur,8,24.227032241419398,0.008
00e9be89-00001520.jpg,00e9be89-00001525.jpg,orb,959,1593,39,23,0.5897,0.0407,29.9231,0.0482,0.012,,motion_blur,8,21.556176156353796,0.0195
00e9be89-00001525.jpg,00e9be89-00001535.jpg,orb,1593,1178,32,7,0.2188,0.0272,41.2812,0.0495,0.0135,,motion_blur,8,21.30054051316076,0.016
00e9be89-00001535.jpg,00e9be89-00001540.jpg,orb,1178,868,15,6,0.4,0.0173,45.1333,0.0404,0.007,,motion_blur,8,21.371491803631777,0.0075
00e9be89-00001540.jpg,00e9be89-00001545.jpg,orb,868,970,18,7,0.3889,0.0207,32.8889,0.0428,0.0075,,motion_blur,8,20.54388729888333,0.009
00e9be89-00001545.jpg,00e9be89-00001550.jpg,orb,970,600,153,93,0.6078,0.255,27.2941,0.0421,0.0055,,motion_blur,8,21.0818128508764,0.0765
00e9be89-00001550.jpg,00e9be89-00001555.jpg,orb,600,916,114,103,0.9035,0.19,16.807,0.0436,0.0046,,motion_blur,8,20.99889283755428,0.057
00e9be89-00001555.jpg,00e9be89-00001560.jpg,orb,916,523,128,110,0.8594,0.2447,21.4609,0.0385,0.0038,,motion_blur,8,21.31901666609986,0.064
00e9be89-00001560.jpg,00e9be89-00001565.jpg,orb,523,595,125,106,0.848,0.239,20.64,0.0404,0.0021,,motion_blur,8,21.84077965820237,0.0625
00e9be89-00001565.jpg,00e9be89-00001570.jpg,orb,595,1145,32,23,0.7188,0.0538,27.875,0.0482,0.006,,motion_blur,8,21.993370083293048,0.016
00e9be89-00001570.jpg,00e9be89-00001575.jpg,orb,1145,1252,48,18,0.375,0.0419,37.2708,0.0525,0.0148,,motion_blur,8,21.455600907221974,0.024
00e9be89-00001575.jpg,00e9be89-00001580.jpg,orb,1252,1259,98,62,0.6327,0.0783,30.5918,0.0518,0.0151,,motion_blur,8,20.62917371635405,0.049
00e9be89-00001580.jpg,00e9be89-00001585.jpg,orb,1259,1451,54,18,0.3333,0.0429,31.6667,0.0498,0.0144,,motion_blur,8,19.73543269335744,0.027
00e9be89-00001585.jpg,00e9be89-00001590.jpg,orb,1451,779,36,15,0.4167,0.0462,35.0833,0.04,0.0126,,motion_blur,8,19.90820521505792,0.018
00e9be89-00001590.jpg,00e9be89-00001595.jpg,orb,779,925,18,6,0.3333,0.0231,43.0556,0.0436,0.0038,,motion_blur,8,20.63018469971498,0.009
00e9be89-00001595.jpg,00e9be89-00001600.jpg,orb,925,1103,16,7,0.4375,0.0173,43.0,0.0441,0.0095,,motion_blur,8,20.30841147784409,0.008
00e9be89-00001600.jpg,00e9be89-00001605.jpg,orb,1103,1162,106,56,0.5283,0.0961,31.4434,0.0476,0.0091,,motion_blur,8,19.937509458705176,0.053
00e9be89-00001605.jpg,00e9be89-00001610.jpg,orb,1162,1136,19,6,0.3158,0.0167,42.1053,0.0419,0.008,,motion_blur,8,20.527760386240804,0.0095
00e9be89-00001610.jpg,00e9be89-00001620.jpg,orb,1136,1007,14,6,0.4286,0.0139,40.5714,0.0415,0.011,,motion_blur,8,21.04496829109454,0.007
00e9be89-00001620.jpg,00e9be89-00001625.jpg,orb,1007,1115,28,11,0.3929,0.0278,32.4643,0.044,0.0101,,motion_blur,8,21.42070701794794,0.014
00e9be89-00001625.jpg,00e9be89-00001630.jpg,orb,1115,1050,38,8,0.2105,0.0362,35.8684,0.0438,0.0093,,motion_blur,8,22.226360241565864,0.019
00e9be89-00001630.jpg,00e9be89-00001635.jpg,orb,1050,1661,19,7,0.3684,0.0181,34.6316,0.0456,0.0123,,motion_blur,8,21.23875786653544,0.0095
00e9be89-00001635.jpg,00e9be89-00001640.jpg,orb,1661,1176,30,6,0.2,0.0255,39.1667,0.0554,0.0167,,motion_blur,8,19.466209875397222,0.015
00e9be89-00001640.jpg,00e9be89-00001645.jpg,orb,1176,1414,25,0,0.0,0.0213,35.36,0.0498,0.0146,,motion_blur,8,17.64098500476019,0.0125
00e9be89-00001645.jpg,00e9be89-00001650.jpg,orb,1414,1662,29,6,0.2069,0.0205,29.2069,0.0502,0.018,,motion_blur,8,16.944144611120976,0.0145
00e9be89-00001650.jpg,00e9be89-00001655.jpg,orb,1662,1708,19,5,0.2632,0.0114,33.5789,0.0521,0.019,,motion_blur,8,17.377487974244982,0.0095
00e9be89-00001655.jpg,00e9be89-00001665.jpg,orb,1708,1456,10,4,0.4,0.0069,35.3,0.0508,0.0181,,motion_blur,8,19.23334627259017,0.005
00e9be89-00001665.jpg,00e9be89-00001670.jpg,orb,1456,1074,25,8,0.32,0.0233,34.72,0.046,0.0122,,motion_blur,8,22.191467348771504,0.0125
00e9be89-00001670.jpg,00e9be89-00001675.jpg,orb,1074,1222,28,8,0.2857,0.0261,36.4643,0.0424,0.0124,,motion_blur,8,22.007568206465898,0.014
00e9be89-00001675.jpg,00e9be89-00001680.jpg,orb,1222,1214,23,11,0.4783,0.0189,34.2174,0.0466,0.0121,,motion_blur,8,20.63111571041796,0.0115
00e9be89-00001680.jpg,00e9be89-00001685.jpg,orb,1214,1927,15,2,0.1333,0.0124,31.3333,0.052,0.0181,,motion_blur,8,19.602601629400603,0.0075
00e9be89-00001685.jpg,00e9be89-00001690.jpg,orb,1927,1755,20,6,0.3,0.0114,38.15,0.0555,0.0262,,motion_blur,8,20.79865652338425,0.01
00e9be89-00001690.jpg,00e9be89-00001695.jpg,orb,1755,811,29,8,0.2759,0.0358,39.3103,0.048,0.0121,,motion_blur,8,23.94646807116765,0.0145
00e9be89-00001695.jpg,00e9be89-00001705.jpg,orb,811,685,17,7,0.4118,0.0248,40.9412,0.0432,0.008,,motion_blur,8,24.4954465807814,0.0085
00e9be89-00001705.jpg,00e9be89-00001710.jpg,orb,685,718,50,31,0.62,0.073,36.38,0.0462,0.002,,motion_blur,8,24.533828790585083,0.025
00e9be89-00001710.jpg,00e9be89-00001715.jpg,orb,718,884,28,9,0.3214,0.039,39.4643,0.0479,0.0066,,motion_blur,8,24.439003458862555,0.014
00e9be89-00001715.jpg,00e9be89-00001720.jpg,orb,884,551,50,25,0.5,0.0907,36.44,0.0441,0.004,,motion_blur,8,24.72623214448341,0.025050100200400802
00e9be89-00001720.jpg,00e9be89-00001725.jpg,orb,551,653,40,28,0.7,0.0726,36.975,0.0425,0.003,,motion_blur,8,25.613360281475277,0.02004008016032064
00e9be89-00001725.jpg,00e9be89-00001730.jpg,orb,653,671,46,32,0.6957,0.0704,33.9783,0.041,0.0037,,motion_blur,8,25.237595580476253,0.023
00e9be89-00001730.jpg,00e9be89-00001740.jpg,orb,671,938,14,5,0.3571,0.0209,35.2143,0.0419,0.0042,,motion_blur,8,24.381522937937767,0.007
00e9be89-00001740.jpg,00e9be89-00001745.jpg,orb,938,1698,11,4,0.3636,0.0117,35.1818,0.0437,0.0106,,motion_blur,8,20.69214981567759,0.0055
00e9be89-00001745.jpg,00e9be89-00001750.jpg,orb,1698,610,18,6,0.3333,0.0295,41.5556,0.0445,0.0098,,motion_blur,8,19.943021052095453,0.009
00e9be89-00001750.jpg,00e9be89-00001755.jpg,orb,610,925,36,17,0.4722,0.059,37.5833,0.0395,0.004,,motion_blur,8,23.381384680306063,0.018
00e9be89-00001755.jpg,00e9be89-00001760.jpg,orb,925,1134,38,18,0.4737,0.0411,36.6053,0.0427,0.0083,,motion_blur,8,23.624718323079826,0.019
00e9be89-00001760.jpg,00e9be89-00001765.jpg,orb,1134,443,29,15,0.5172,0.0655,39.7241,0.0424,0.0037,,motion_blur,8,22.80302199236476,0.0145
00e9be89-00001765.jpg,00e9be89-00001770.jpg,orb,443,678,14,9,0.6429,0.0316,34.4286,0.0393,0.002,,motion_blur,8,22.724437026234348,0.007
00e9be89-00001770.jpg,00e9be89-00001775.jpg,orb,678,879,38,17,0.4474,0.056,34.5263,0.04,0.006,,motion_blur,8,22.69221592539124,0.019
00e9be89-00001775.jpg,00e9be89-00001780.jpg,orb,879,1236,25,14,0.56,0.0284,35.16,0.0488,0.0105,,motion_blur,8,22.41214398770133,0.0125
00e9be89-00001780.jpg,00e9be89-00001785.jpg,orb,1236,1114,28,10,0.3571,0.0251,38.4643,0.0468,0.0108,,motion_blur,8,22.888176965466503,0.014
00e9be89-00001785.jpg,00e9be89-00001795.jpg,orb,1114,553,42,17,0.4048,0.0759,42.1429,0.0457,0.0055,,motion_blur,8,23.851871145682477,0.021
00e9be89-00001795.jpg,00e9be89-00001800.jpg,orb,553,719,244,231,0.9467,0.4412,17.5492,0.0394,0.0037,,motion_blur,8,24.405987707187062,0.122
00e9be89-00001800.jpg,00e9be89-00001810.jpg,orb,719,604,92,43,0.4674,0.1523,31.75,0.0385,0.0038,,motion_blur,8,24.45922892818061,0.046
00e9be89-00001810.jpg,00e9be89-00001815.jpg,orb,604,1020,49,27,0.551,0.0811,32.6122,0.0434,0.004,,motion_blur,8,23.833867051999768,0.0245
00e9be89-00001815.jpg,00e9be89-00001820.jpg,orb,1020,916,38,12,0.3158,0.0415,41.6579,0.0443,0.0075,,motion_blur,8,24.298809988950204,0.019
00e9be89-00001820.jpg,00e9be89-00001825.jpg,orb,916,1027,34,13,0.3824,0.0371,33.9412,0.0382,0.0082,,motion_blur,8,24.58155886523514,0.017
00e9be89-00001825.jpg,00e9be89-00001830.jpg,orb,1027,1223,43,17,0.3953,0.0419,37.0,0.042,0.01,,motion_blur,8,23.05061711385641,0.0215
00e9be89-00001830.jpg,00e9be89-00001840.jpg,orb,1223,977,19,5,0.2632,0.0194,41.4211,0.0447,0.0102,,motion_blur,8,21.664046605217848,0.0095
00e9be89-00001840.jpg,00e9be89-00001845.jpg,orb,977,1083,529,516,0.9754,0.5415,15.6824,0.0468,0.0084,,motion_blur,8,21.152694244861895,0.2645
00e9be89-00001845.jpg,00e9be89-00001865.jpg,orb,1083,1107,458,439,0.9585,0.4229,17.6288,0.0416,0.009,,motion_blur,8,20.995821315288744,0.229
00e9be89-00001865.jpg,00e9be89-00001870.jpg,orb,1107,1151,516,496,0.9612,0.4661,18.0717,0.0414,0.0099,,motion_blur,8,21.043659569042106,0.258
00e9be89-00001870.jpg,00e9be89-00001875.jpg,orb,1151,1069,494,467,0.9453,0.4621,16.0891,0.0435,0.008,,motion_blur,8,21.15158658040473,0.247
00e9be89-00001875.jpg,00e9be89-00001885.jpg,orb,1069,1055,437,425,0.9725,0.4142,16.2059,0.0529,0.01,,motion_blur,8,21.16157886716008,0.2185
00e9be89-00001885.jpg,00e9be89-00001890.jpg,orb,1055,1071,546,527,0.9652,0.5175,15.315,0.0544,0.0098,,motion_blur,8,21.088891034787324,0.273
00e9be89-00001890.jpg,00e9be89-00001895.jpg,orb,1071,975,502,486,0.9681,0.5149,14.7669,0.0493,0.006,,motion_blur,8,21.06007550544708,0.251
00e9be89-00001895.jpg,00e9be89-00001900.jpg,orb,975,1024,487,468,0.961,0.4995,16.4538,0.0409,0.0058,,motion_blur,8,21.13674512656824,0.2435
00e9be89-00001900.jpg,00e9be89-00001905.jpg,orb,1024,936,179,87,0.486,0.1912,27.9944,0.0452,0.0094,,motion_blur,8,21.725661156772816,0.0895
00e9be89-00001905.jpg,00e9be89-00001915.jpg,orb,936,696,21,5,0.2381,0.0302,45.8571,0.046,0.006,,motion_blur,8,22.88826740219929,0.0105
00e9be89-00000015.jpg,00e9be89-00000100.jpg,orb,1874,1011,32,6,0.1875,0.0317,42.5938,0.053,0.0142,C:\Users\amit\Project_digital_image_processing__Amit_Alon\outputs\visualizations\task2\enhanced_visualizations\motion_blur\level_9\match_00e9be89-00000015__00e9be89-00000100.png,motion_blur,9,16.496924919666622,0.016
00e9be89-00000100.jpg,00e9be89-00000105.jpg,orb,1011,1050,561,537,0.9572,0.5549,18.9394,0.0472,0.0083,,motion_blur,9,19.408178142469836,0.2805
00e9be89-00000105.jpg,00e9be89-00000110.jpg,orb,1050,1072,579,555,0.9585,0.5514,19.1434,0.0466,0.0089,,motion_blur,9,19.120367795333017,0.2895
00e9be89-00000110.jpg,00e9be89-00000115.jpg,orb,1072,1077,573,555,0.9686,0.5345,18.7103,0.0472,0.0101,,motion_blur,9,19.136791992931894,0.2865
00e9be89-00000115.jpg,00e9be89-00000120.jpg,orb,1077,1021,598,589,0.9849,0.5857,16.1288,0.0508,0.0102,,motion_blur,9,19.190569423157623,0.299
00e9be89-00000120.jpg,00e9be89-00000125.jpg,orb,1021,1126,394,362,0.9188,0.3859,25.6142,0.05,0.0083,,motion_blur,9,18.87900868275949,0.197
00e9be89-00000125.jpg,00e9be89-00000130.jpg,orb,1126,1056,461,433,0.9393,0.4366,19.1866,0.0448,0.0138,,motion_blur,9,18.715860635943237,0.2305
00e9be89-00000130.jpg,00e9be89-00000135.jpg,orb,1056,888,507,475,0.9369,0.5709,18.5858,0.0458,0.0103,,motion_blur,9,19.18547603893966,0.2535
00e9be89-00000135.jpg,00e9be89-00000140.jpg,orb,888,926,497,473,0.9517,0.5597,18.0624,0.0483,0.0088,,motion_blur,9,19.3412858050978,0.2485
00e9be89-00000140.jpg,00e9be89-00000145.jpg,orb,926,829,157,124,0.7898,0.1894,32.0382,0.0443,0.0089,,motion_blur,9,19.47297253295344,0.0785
00e9be89-00000145.jpg,00e9be89-00000150.jpg,orb,829,1514,10,4,0.4,0.0121,38.5,0.0458,0.0101,,motion_blur,9,17.27407500683671,0.005
00e9be89-00000150.jpg,00e9be89-00000160.jpg,orb,1514,1590,18,5,0.2778,0.0119,36.7222,0.0541,0.0184,,motion_blur,9,15.88346809246121,0.009
00e9be89-00000160.jpg,00e9be89-00000165.jpg,orb,1590,1270,21,5,0.2381,0.0165,34.4762,0.0488,0.0162,,motion_blur,9,17.384427710787065,0.0105
00e9be89-00000165.jpg,00e9be89-00000175.jpg,orb,1270,892,16,5,0.3125,0.0179,35.5,0.0406,0.01,,motion_blur,9,19.00744905672904,0.008
00e9be89-00000175.jpg,00e9be89-00000190.jpg,orb,892,1006,17,7,0.4118,0.0191,37.3529,0.0385,0.008,,motion_blur,9,19.892006020861192,0.0085
00e9be89-00000190.jpg,00e9be89-00001000.jpg,orb,1006,546,11,5,0.4545,0.0201,43.5455,0.042,0.004,,motion_blur,9,22.33790532674812,0.0055
00e9be89-00001000.jpg,00e9be89-00001005.jpg,orb,546,332,9,5,0.5556,0.0271,43.5556,0.0397,0.0031,,motion_blur,9,25.831864948926,0.0045
00e9be89-00001005.jpg,00e9be89-00001010.jpg,orb,332,265,4,4,1.0,0.0151,38.0,0.0339,0.0,,motion_blur,9,26.713378752929778,0.002
00e9be89-00001010.jpg,00e9be89-00001015.jpg,orb,265,402,15,7,0.4667,0.0566,43.2,0.0363,0.002,,motion_blur,9,27.519877880304172,0.007530120481927711
00e9be89-00001015.jpg,00e9be89-00001020.jpg,orb,402,802,16,6,0.375,0.0398,40.875,0.0376,0.002,,motion_blur,9,26.18241550378733,0.008032128514056224
00e9be89-00001020.jpg,00e9be89-00001025.jpg,orb,802,639,17,1,0.0588,0.0266,42.8235,0.0477,0.006,,motion_blur,9,25.314481698683498,0.0085
00e9be89-00001025.jpg,00e9be89-00001030.jpg,orb,639,475,33,13,0.3939,0.0695,41.697,0.039,0.004,,motion_blur,9,26.563025077980544,0.0165
00e9be89-00001030.jpg,00e9be89-00001035.jpg,orb,475,544,30,15,0.5,0.0632,41.3333,0.0397,0.004,,motion_blur,9,26.918077759106826,0.015
00e9be89-00001035.jpg,00e9be89-00001040.jpg,orb,544,283,63,40,0.6349,0.2226,36.2222,0.0359,0.0024,,motion_blur,9,27.82854075960937,0.0315
00e9be89-00001040.jpg,00e9be89-00001045.jpg,orb,283,356,67,40,0.597,0.2367,34.8209,0.0334,0.0015,,motion_blur,9,28.05920562896805,0.0335
00e9be89-00001045.jpg,00e9be89-00001050.jpg,orb,356,387,31,20,0.6452,0.0871,35.0645,0.0319,0.002,,motion_blur,9,27.9823091276946,0.0155
00e9be89-00001050.jpg,00e9be89-00001055.jpg,orb,387,443,30,17,0.5667,0.0775,40.5,0.0351,0.001,,motion_blur,9,27.562202947099927,0.015
00e9be89-00001055.jpg,00e9be89-00001060.jpg,orb,443,365,49,24,0.4898,0.1342,39.3061,0.0361,0.002,,motion_blur,9,26.966896527062808,0.0245
00e9be89-00001060.jpg,00e9be89-00001065.jpg,orb,365,694,36,20,0.5556,0.0986,36.2222,0.0382,0.002,,motion_blur,9,26.042816782044227,0.018
00e9be89-00001065.jpg,00e9be89-00001070.jpg,orb,694,819,79,51,0.6456,0.1138,35.9114,0.0398,0.0054,,motion_blur,9,24.74225430474592,0.0395
00e9be89-00001070.jpg,00e9be89-00001075.jpg,orb,819,1056,48,22,0.4583,0.0586,36.9167,0.044,0.008,,motion_blur,9,23.29927592422211,0.024
00e9be89-00001075.jpg,00e9be89-00001080.jpg,orb,1056,548,40,17,0.425,0.073,38.35,0.0382,0.004,,motion_blur,9,24.42872535594686,0.02
00e9be89-00001080.jpg,00e9be89-00001090.jpg,orb,548,755,29,17,0.5862,0.0529,37.4138,0.0353,0.0048,,motion_blur,9,26.49913602479034,0.0145
00e9be89-00001090.jpg,00e9be89-00001095.jpg,orb,755,449,37,26,0.7027,0.0824,36.5946,0.0367,0.004,,motion_blur,9,26.424033435273124,0.0185
00e9be89-00001095.jpg,00e9be89-00001100.jpg,orb,449,654,29,14,0.4828,0.0646,38.4483,0.0397,0.002,,motion_blur,9,26.06077335435359,0.0145
00e9be89-00001100.jpg,00e9be89-00001105.jpg,orb,654,634,19,7,0.3684,0.03,42.2632,0.0479,0.006,,motion_blur,9,24.518437838496872,0.0095
00e9be89-00001105.jpg,00e9be89-00001115.jpg,orb,634,669,22,8,0.3636,0.0347,41.5,0.044,0.004,,motion_blur,9,23.97397254727452,0.011
00e9be89-00001115.jpg,00e9be89-00001125.jpg,orb,669,928,18,5,0.2778,0.0269,41.9444,0.044,0.004,,motion_blur,9,23.521038633796387,0.009
00e9be89-00001125.jpg,00e9be89-00001130.jpg,orb,928,1111,30,18,0.6,0.0323,33.5333,0.0433,0.0082,,motion_blur,9,22.257226442217828,0.015
00e9be89-00001130.jpg,00e9be89-00001135.jpg,orb,1111,810,31,18,0.5806,0.0383,35.3548,0.045,0.008,,motion_blur,9,23.44381292510714,0.0155
00e9be89-00001135.jpg,00e9be89-00001140.jpg,orb,810,885,44,23,0.5227,0.0543,35.25,0.0423,0.006,,motion_blur,9,24.67385109758409,0.022
00e9be89-00001140.jpg,00e9be89-00001150.jpg,orb,885,1046,47,25,0.5319,0.0531,34.4468,0.0364,0.0085,,motion_blur,9,24.740934433836223,0.0235
00e9be89-00001150.jpg,00e9be89-00001155.jpg,orb,1046,741,69,36,0.5217,0.0931,34.3623,0.0381,0.006,,motion_blur,9,25.81586334703441,0.0345
00e9be89-00001155.jpg,00e9be89-00001160.jpg,orb,741,785,77,34,0.4416,0.1039,31.7273,0.0381,0.0058,,motion_blur,9,26.047924005396155,0.0385
00e9be89-00001160.jpg,00e9be89-00001165.jpg,orb,785,731,13,0,0.0,0.0178,41.6154,0.0405,0.0035,,motion_blur,9,26.02258277162978,0.0065
00e9be89-00001165.jpg,00e9be89-00001170.jpg,orb,731,825,29,14,0.4828,0.0397,35.7586,0.0412,0.004,,motion_blur,9,25.812982076755954,0.0145
00e9be89-00001170.jpg,00e9be89-00001175.jpg,orb,825,899,27,13,0.4815,0.0327,36.6296,0.0429,0.0058,,motion_blur,9,25.657021713132863,0.0135
00e9be89-00001175.jpg,00e9be89-00001180.jpg,orb,899,1050,42,24,0.5714,0.0467,34.0476,0.0435,0.006,,motion_blur,9,25.555714863392765,0.021
00e9be89-00001180.jpg,00e9be89-00001185.jpg,orb,1050,1015,31,14,0.4516,0.0305,38.6774,0.0382,0.0078,,motion_blur,9,24.90805059455677,0.0155
00e9be89-00001185.jpg,00e9be89-00001190.jpg,orb,1015,1091,25,12,0.48,0.0246,35.64,0.049,0.0098,,motion_blur,9,24.40426843379388,0.0125
00e9be89-00001190.jpg,00e9be89-00001195.jpg,orb,1091,949,22,7,0.3182,0.0232,40.0,0.0428,0.0098,,motion_blur,9,21.155420790076448,0.011
00e9be89-00001195.jpg,00e9be89-00001200.jpg,orb,949,639,17,8,0.4706,0.0266,38.5882,0.0392,0.0079,,motion_blur,9,22.892487281105037,0.008555611474584801
00e9be89-00001200.jpg,00e9be89-00001205.jpg,orb,639,242,31,12,0.3871,0.1281,37.2581,0.0346,0.002,,motion_blur,9,28.791520572561858,0.01560140915953699
00e9be89-00001205.jpg,00e9be89-00001210.jpg,orb,242,603,8,5,0.625,0.0331,42.625,0.0364,0.0,,motion_blur,9,28.59603558452588,0.004008016032064128
00e9be89-00001210.jpg,00e9be89-00001215.jpg,orb,603,527,6,4,0.6667,0.0114,47.5,0.04,0.002,,motion_blur,9,27.473019855708195,0.003
00e9be89-00001215.jpg,00e9be89-00001220.jpg,orb,527,1584,8,5,0.625,0.0152,36.125,0.0446,0.006,,motion_blur,9,24.02492076081044,0.004
00e9be89-00001220.jpg,00e9be89-00001225.jpg,orb,1584,763,35,7,0.2,0.0459,43.5429,0.0482,0.01,,motion_blur,9,23.362786977134878,0.0175
00e9be89-00001225.jpg,00e9be89-00001230.jpg,orb,763,767,9,4,0.4444,0.0118,43.0,0.0428,0.0031,,motion_blur,9,26.036393687479965,0.0045
00e9be89-00001230.jpg,00e9be89-00001240.jpg,orb,767,287,31,14,0.4516,0.108,38.1613,0.0319,0.002,,motion_blur,9,27.923770514340173,0.017042330951072018
00e9be89-00001240.jpg,00e9be89-00001245.jpg,orb,287,1709,24,12,0.5,0.0836,36.7083,0.0402,0.004,,motion_blur,9,25.865027381207064,0.013194062671797692
00e9be89-00001245.jpg,00e9be89-00001250.jpg,orb,1709,513,52,15,0.2885,0.1014,41.9808,0.0446,0.006,,motion_blur,9,24.15272720214375,0.026
00e9be89-00001250.jpg,00e9be89-00001255.jpg,orb,513,946,32,14,0.4375,0.0624,36.1875,0.0402,0.0052,,motion_blur,9,25.534004371921927,0.016
00e9be89-00001255.jpg,00e9be89-00001260.jpg,orb,946,1135,31,10,0.3226,0.0328,35.4839,0.0396,0.0088,,motion_blur,9,24.18953936429501,0.0155
00e9be89-00001260.jpg,00e9be89-00001265.jpg,orb,1135,761,32,18,0.5625,0.042,36.4688,0.0597,0.008,,motion_blur,9,23.192892118859252,0.016
00e9be89-00001265.jpg,00e9be89-00001270.jpg,orb,761,787,10,4,0.4,0.0131,47.2,0.0468,0.0057,,motion_blur,9,20.855983015267093,0.005
00e9be89-00001270.jpg,00e9be89-00001275.jpg,orb,787,987,14,4,0.2857,0.0178,36.2143,0.0468,0.0108,,motion_blur,9,19.8755388899159,0.007
00e9be89-00001275.jpg,00e9be89-00001280.jpg,orb,987,1192,23,5,0.2174,0.0233,41.7826,0.0401,0.0102,,motion_blur,9,19.32473639511999,0.0115
00e9be89-00001280.jpg,00e9be89-00001285.jpg,orb,1192,310,26,7,0.2692,0.0839,39.8077,0.0426,0.004,,motion_blur,9,18.661770816223346,0.013
00e9be89-00001285.jpg,00e9be89-00001290.jpg,orb,310,583,8,5,0.625,0.0258,42.875,0.0343,0.002,,motion_blur,9,20.57791130525537,0.004
00e9be89-00001290.jpg,00e9be89-00001295.jpg,orb,583,373,15,5,0.3333,0.0402,44.6667,0.0373,0.002,,motion_blur,9,21.718138164841747,0.0075
00e9be89-00001295.jpg,00e9be89-00001305.jpg,orb,373,1197,5,0,0.0,0.0134,34.6,0.0384,0.002,,motion_blur,9,19.87216980695013,0.0025
00e9be89-00001305.jpg,00e9be89-00001310.jpg,orb,1197,1485,30,7,0.2333,0.0251,39.6333,0.0479,0.0143,,motion_blur,9,17.405306501809747,0.015
00e9be89-00001310.jpg,00e9be89-00001315.jpg,orb,1485,1196,20,6,0.3,0.0167,41.4,0.0441,0.0147,,motion_blur,9,16.996174071568873,0.01
00e9be89-00001315.jpg,00e9be89-00001325.jpg,orb,1196,627,43,10,0.2326,0.0686,33.3256,0.0438,0.006,,motion_blur,9,17.69907939228603,0.0215
00e9be89-00001325.jpg,00e9be89-00001330.jpg,orb,627,711,21,12,0.5714,0.0335,27.8571,0.0393,0.004,,motion_blur,9,17.868211743458076,0.0105
00e9be89-00001330.jpg,00e9be89-00001335.jpg,orb,711,494,18,7,0.3889,0.0364,41.8889,0.0366,0.0017,,motion_blur,9,20.878037436460986,0.009
00e9be89-00001335.jpg,00e9be89-00001340.jpg,orb,494,467,11,2,0.1818,0.0236,42.7273,0.0427,0.004,,motion_blur,9,23.32661428923055,0.0055
00e9be89-00001340.jpg,00e9be89-00001345.jpg,orb,467,445,13,5,0.3846,0.0292,43.6923,0.041,0.002,,motion_blur,9,23.749229346882355,0.0065
00e9be89-00001345.jpg,00e9be89-00001350.jpg,orb,445,326,4,4,1.0,0.0123,42.75,0.0394,0.002,,motion_blur,9,24.186582609094472,0.002
00e9be89-00001350.jpg,00e9be89-00001355.jpg,orb,326,569,9,5,0.5556,0.0276,36.3333,0.037,0.0021,,motion_blur,9,24.265820418938816,0.0045
00e9be89-00001355.jpg,00e9be89-00001360.jpg,orb,569,641,11,4,0.3636,0.0193,47.2727,0.0356,0.0046,,motion_blur,9,24.05421626026573,0.0055
00e9be89-00001360.jpg,00e9be89-00001365.jpg,orb,641,487,9,4,0.4444,0.0185,42.8889,0.0361,0.0041,,motion_blur,9,23.195576837687447,0.0045
00e9be89-00001365.jpg,00e9be89-00001370.jpg,orb,487,841,14,6,0.4286,0.0287,41.0,0.0373,0.002,,motion_blur,9,22.840456947406224,0.007
00e9be89-00001370.jpg,00e9be89-00001375.jpg,orb,841,423,106,45,0.4245,0.2506,34.7925,0.0389,0.0045,,motion_blur,9,24.02956219577826,0.053
00e9be89-00001375.jpg,00e9be89-00001380.jpg,orb,423,370,75,35,0.4667,0.2027,30.2667,0.0344,0.0027,,motion_blur,9,25.486718307275503,0.0375
00e9be89-00001380.jpg,00e9be89-00001385.jpg,orb,370,394,59,23,0.3898,0.1595,33.1525,0.0409,0.0015,,motion_blur,9,25.59874786394259,0.0295
00e9be89-00001385.jpg,00e9be89-00001390.jpg,orb,394,557,15,10,0.6667,0.0381,33.1333,0.0366,0.002,,motion_blur,9,24.369806529591045,0.0075
00e9be89-00001390.jpg,00e9be89-00001395.jpg,orb,557,564,39,14,0.359,0.07,36.6154,0.0425,0.002,,motion_blur,9,23.199508619892622,0.0195
00e9be89-00001395.jpg,00e9be89-00001400.jpg,orb,564,726,47,23,0.4894,0.0833,29.5532,0.041,0.0017,,motion_blur,9,23.352368527414587,0.0235
00e9be89-00001400.jpg,00e9be89-00001405.jpg,orb,726,742,73,24,0.3288,0.1006,31.0548,0.0449,0.004,,motion_blur,9,23.34906685175678,0.0365
00e9be89-00001405.jpg,00e9be89-00001410.jpg,orb,742,813,77,35,0.4545,0.1038,31.6753,0.0487,0.0069,,motion_blur,9,23.25043822555348,0.0385
00e9be89-00001410.jpg,00e9be89-00001415.jpg,orb,813,762,87,32,0.3678,0.1142,29.4368,0.0467,0.0076,,motion_blur,9,22.93687205378079,0.0435
00e9be89-00001415.jpg,00e9be89-00001420.jpg,orb,762,1019,58,27,0.4655,0.0761,30.9828,0.0482,0.0096,,motion_blur,9,22.41706911762883,0.029
00e9be89-00001420.jpg,00e9be89-00001425.jpg,orb,1019,890,69,30,0.4348,0.0775,32.4783,0.044,0.0082,,motion_blur,9,22.577292672067827,0.0345
00e9be89-00001425.jpg,00e9be89-00001430.jpg,orb,890,821,68,23,0.3382,0.0828,34.9265,0.0408,0.007,,motion_blur,9,23.076323368176386,0.034
00e9be89-00001430.jpg,00e9be89-00001440.jpg,orb,821,917,19,7,0.3684,0.0231,44.8421,0.0422,0.006,,motion_blur,9,22.660765183504417,0.0095
00e9be89-00001440.jpg,00e9be89-00001445.jpg,orb,917,1003,57,36,0.6316,0.0622,28.7719,0.0442,0.008,,motion_blur,9,21.18547068719804,0.0285
00e9be89-00001445.jpg,00e9be89-00001450.jpg,orb,1003,841,40,9,0.225,0.0476,37.125,0.0446,0.006,,motion_blur,9,20.877682286026957,0.02
00e9be89-00001450.jpg,00e9be89-00001455.jpg,orb,841,409,71,30,0.4225,0.1736,38.2817,0.0379,0.004,,motion_blur,9,23.24511273272312,0.0355
00e9be89-00001455.jpg,00e9be89-00001460.jpg,orb,409,489,44,22,0.5,0.1076,37.5909,0.038,0.002,,motion_blur,9,25.060022600017483,0.022
00e9be89-00001460.jpg,00e9be89-00001465.jpg,orb,489,503,58,38,0.6552,0.1186,33.0517,0.0386,0.0014,,motion_blur,9,24.48732119736164,0.029
00e9be89-00001465.jpg,00e9be89-00001470.jpg,orb,503,879,9,4,0.4444,0.0179,39.5556,0.0416,0.0036,,motion_blur,9,24.030333703905303,0.0045
00e9be89-00001470.jpg,00e9be89-00001475.jpg,orb,879,696,32,13,0.4062,0.046,38.2188,0.0405,0.0037,,motion_blur,9,24.4608611580982,0.016
00e9be89-00001475.jpg,00e9be89-00001480.jpg,orb,696,664,11,7,0.6364,0.0166,32.1818,0.0447,0.004,,motion_blur,9,24.088275162640137,0.0055
00e9be89-00001480.jpg,00e9be89-00001485.jpg,orb,664,682,15,6,0.4,0.0226,42.2,0.0453,0.0046,,motion_blur,9,25.06955077343195,0.0075
00e9be89-00001485.jpg,00e9be89-00001490.jpg,orb,682,602,22,12,0.5455,0.0365,36.7273,0.0443,0.0038,,motion_blur,9,26.631700775787216,0.011
00e9be89-00001490.jpg,00e9be89-00001495.jpg,orb,602,565,146,133,0.911,0.2584,18.8288,0.0434,0.002,,motion_blur,9,26.57256528093087,0.073
00e9be89-00001495.jpg,00e9be89-00001500.jpg,orb,565,633,209,199,0.9522,0.3699,13.689,0.04,0.0046,,motion_blur,9,26.39350849345576,0.1045
00e9be89-00001500.jpg,00e9be89-00001505.jpg,orb,633,696,106,71,0.6698,0.1675,23.9528,0.0392,0.004,,motion_blur,9,26.064210011752472,0.053
00e9be89-00001505.jpg,00e9be89-00001510.jpg,orb,696,700,27,10,0.3704,0.0388,38.6296,0.0422,0.0052,,motion_blur,9,25.82984788597478,0.0135
00e9be89-00001510.jpg,00e9be89-00001515.jpg,orb,700,776,31,13,0.4194,0.0443,39.4516,0.0418,0.004,,motion_blur,9,25.380944128686195,0.0155
00e9be89-00001515.jpg,00e9be89-00001520.jpg,orb,776,783,12,4,0.3333,0.0155,47.6667,0.0441,0.0051,,motion_blur,9,23.85571561117049,0.006
00e9be89-00001520.jpg,00e9be89-00001525.jpg,orb,783,1429,39,28,0.7179,0.0498,29.6923,0.0425,0.0086,,motion_blur,9,21.194779311478676,0.0195
00e9be89-00001525.jpg,00e9be89-00001535.jpg,orb,1429,894,34,6,0.1765,0.038,43.3235,0.0423,0.01,,motion_blur,9,20.950650221275676,0.017
00e9be89-00001535.jpg,00e9be89-00001540.jpg,orb,894,711,18,5,0.2778,0.0253,41.5,0.0421,0.0067,,motion_blur,9,21.03471751090604,0.009
00e9be89-00001540.jpg,00e9be89-00001545.jpg,orb,711,830,11,6,0.5455,0.0155,32.0,0.0375,0.0035,,motion_blur,9,20.210080778314545,0.0055
00e9be89-00001545.jpg,00e9be89-00001550.jpg,orb,830,519,122,85,0.6967,0.2351,24.582,0.0359,0.004,,motion_blur,9,20.75698666911801,0.061
00e9be89-00001550.jpg,00e9be89-00001555.jpg,orb,519,775,116,104,0.8966,0.2235,17.8534,0.0487,0.002,,motion_blur,9,20.673716475337244,0.058
00e9be89-00001555.jpg,00e9be89-00001560.jpg,orb,775,440,116,90,0.7759,0.2636,21.0,0.0452,0.004,,motion_blur,9,20.98968538334005,0.058
00e9be89-00001560.jpg,00e9be89-00001565.jpg,orb,440,479,107,89,0.8318,0.2432,20.3271,0.0384,0.002,,motion_blur,9,21.50181554939806,0.0535
00e9be89-00001565.jpg,00e9be89-00001570.jpg,orb,479,954,37,24,0.6486,0.0772,28.5946,0.0382,0.004,,motion_blur,9,21.651095636796924,0.0185
00e9be89-00001570.jpg,00e9be89-00001575.jpg,orb,954,1086,42,16,0.381,0.044,37.9524,0.0414,0.0085,,motion_blur,9,21.11704993300596,0.021
00e9be89-00001575.jpg,00e9be89-00001580.jpg,orb,1086,1082,91,59,0.6484,0.0841,30.6374,0.046,0.008,,motion_blur,9,20.294595059240343,0.0455
00e9be89-00001580.jpg,00e9be89-00001585.jpg,orb,1082,1270,47,15,0.3191,0.0434,31.4255,0.0465,0.0119,,motion_blur,9,19.403405127127936,0.0235
00e9be89-00001585.jpg,00e9be89-00001590.jpg,orb,1270,670,41,14,0.3415,0.0612,36.6098,0.0443,0.008,,motion_blur,9,19.56665972967253,0.0205
00e9be89-00001590.jpg,00e9be89-00001595.jpg,orb,670,758,13,5,0.3846,0.0194,41.0769,0.0401,0.006,,motion_blur,9,20.27776485874934,0.0065
00e9be89-00001595.jpg,00e9be89-00001600.jpg,orb,758,930,15,6,0.4,0.0198,42.7333,0.0474,0.0107,,motion_blur,9,19.958358622085235,0.0075
00e9be89-00001600.jpg,00e9be89-00001605.jpg,orb,930,930,75,51,0.68,0.0806,31.6133,0.0442,0.008,,motion_blur,9,19.593452627056983,0.0375
00e9be89-00001605.jpg,00e9be89-00001610.jpg,orb,930,933,21,8,0.381,0.0226,39.8571,0.0481,0.0101,,motion_blur,9,20.19147141664922,0.0105
00e9be89-00001610.jpg,00e9be89-00001620.jpg,orb,933,806,6,0,0.0,0.0074,40.5,0.0436,0.006,,motion_blur,9,20.70961528605587,0.003
00e9be89-00001620.jpg,00e9be89-00001625.jpg,orb,806,922,26,9,0.3462,0.0323,34.6923,0.0501,0.006,,motion_blur,9,21.09137213027229,0.013
00e9be89-00001625.jpg,00e9be89-00001630.jpg,orb,922,888,37,9,0.2432,0.0417,34.5135,0.0674,0.0099,,motion_blur,9,21.880843818489215,0.0185
00e9be89-00001630.jpg,00e9be89-00001635.jpg,orb,888,1482,25,8,0.32,0.0282,37.36,0.0745,0.0175,,motion_blur,9,20.90163929745671,0.0125
00e9be89-00001635.jpg,00e9be89-00001640.jpg,orb,1482,1035,35,8,0.2286,0.0338,39.6571,0.059,0.0151,,motion_blur,9,19.09146752637607,0.0175
00e9be89-00001640.jpg,00e9be89-00001645.jpg,orb,1035,1328,17,4,0.2353,0.0164,35.6471,0.0507,0.0101,,motion_blur,9,17.194427752377017,0.0085
00e9be89-00001645.jpg,00e9be89-00001650.jpg,orb,1328,1481,39,3,0.0769,0.0294,31.7179,0.0539,0.019,,motion_blur,9,16.503955455733895,0.0195
00e9be89-00001650.jpg,00e9be89-00001655.jpg,orb,1481,1625,29,4,0.1379,0.0196,35.5172,0.0584,0.0195,,motion_blur,9,16.992898743875095,0.0145
00e9be89-00001655.jpg,00e9be89-00001665.jpg,orb,1625,1216,18,4,0.2222,0.0148,40.2222,0.0582,0.0182,,motion_blur,9,18.938037634559365,0.009
00e9be89-00001665.jpg,00e9be89-00001670.jpg,orb,1216,913,20,6,0.3,0.0219,38.0,0.0596,0.0076,,motion_blur,9,21.916994816686785,0.01
00e9be89-00001670.jpg,00e9be89-00001675.jpg,orb,913,1052,29,7,0.2414,0.0318,37.0345,0.0427,0.0092,,motion_blur,9,21.706444143754887,0.0145
00e9be89-00001675.jpg,00e9be89-00001680.jpg,orb,1052,1041,25,6,0.24,0.024,36.8,0.0532,0.0144,,motion_blur,9,20.310822714072053,0.0125
00e9be89-00001680.jpg,00e9be89-00001685.jpg,orb,1041,1764,15,6,0.4,0.0144,34.6667,0.0831,0.0285,,motion_blur,9,19.27708906594694,0.0075
00e9be89-00001685.jpg,00e9be89-00001690.jpg,orb,1764,1570,26,6,0.2308,0.0166,35.0,0.0633,0.026,,motion_blur,9,20.48321732982191,0.013
00e9be89-00001690.jpg,00e9be89-00001695.jpg,orb,1570,663,40,10,0.25,0.0603,38.925,0.0488,0.01,,motion_blur,9,23.59336497992873,0.02
00e9be89-00001695.jpg,00e9be89-00001705.jpg,orb,663,594,19,10,0.5263,0.032,41.3158,0.0508,0.004,,motion_blur,9,24.109917594253645,0.0095
00e9be89-00001705.jpg,00e9be89-00001710.jpg,orb,594,605,49,27,0.551,0.0825,37.2041,0.0566,0.0048,,motion_blur,9,24.159113477844095,0.0245
00e9be89-00001710.jpg,00e9be89-00001715.jpg,orb,605,758,26,13,0.5,0.043,37.6538,0.0478,0.005,,motion_blur,9,24.086447029022967,0.013
00e9be89-00001715.jpg,00e9be89-00001720.jpg,orb,758,502,58,32,0.5517,0.1155,36.931,0.0427,0.0059,,motion_blur,9,24.37297783471771,0.02905811623246493
00e9be89-00001720.jpg,00e9be89-00001725.jpg,orb,502,565,38,24,0.6316,0.0757,35.5526,0.0516,0.002,,motion_blur,9,25.254251363189987,0.01903807615230461
00e9be89-00001725.jpg,00e9be89-00001730.jpg,orb,565,554,37,25,0.6757,0.0668,34.4865,0.0513,0.004,,motion_blur,9,24.863767794051768,0.0185
00e9be89-00001730.jpg,00e9be89-00001740.jpg,orb,554,790,13,5,0.3846,0.0235,40.9231,0.0515,0.004,,motion_blur,9,23.99087203187326,0.0065
00e9be89-00001740.jpg,00e9be89-00001745.jpg,orb,790,1497,13,5,0.3846,0.0165,37.5385,0.0677,0.013,,motion_blur,9,20.361003604080363,0.0065
00e9be89-00001745.jpg,00e9be89-00001750.jpg,orb,1497,498,21,5,0.2381,0.0422,41.0,0.0723,0.0087,,motion_blur,9,19.63130896097752,0.0105
00e9be89-00001750.jpg,00e9be89-00001755.jpg,orb,498,732,23,13,0.5652,0.0462,38.1304,0.0501,0.002,,motion_blur,9,23.06523071002498,0.0115
00e9be89-00001755.jpg,00e9be89-00001760.jpg,orb,732,863,30,19,0.6333,0.041,38.1,0.0415,0.0084,,motion_blur,9,23.371338147485027,0.015
00e9be89-00001760.jpg,00e9be89-00001765.jpg,orb,863,364,23,10,0.4348,0.0632,41.5652,0.0436,0.0023,,motion_blur,9,22.565818467979827,0.0115
00e9be89-00001765.jpg,00e9be89-00001770.jpg,orb,364,557,11,9,0.8182,0.0302,38.9091,0.0379,0.002,,motion_blur,9,22.47108303846575,0.0055
00e9be89-00001770.jpg,00e9be89-00001775.jpg,orb,557,737,23,12,0.5217,0.0413,38.0,0.0501,0.004,,motion_blur,9,22.44845537804824,0.0115
00e9be89-00001775.jpg,00e9be89-00001780.jpg,orb,737,1076,18,7,0.3889,0.0244,36.0,0.0528,0.0146,,motion_blur,9,22.142849691900068,0.009
00e9be89-00001780.jpg,00e9be89-00001785.jpg,orb,1076,900,28,8,0.2857,0.0311,40.3571,0.0463,0.008,,motion_blur,9,22.600199560526,0.014
00e9be89-00001785.jpg,00e9be89-00001795.jpg,orb,900,452,22,9,0.4091,0.0487,41.7727,0.0509,0.004,,motion_blur,9,23.575224370849327,0.011
00e9be89-00001795.jpg,00e9be89-00001800.jpg,orb,452,569,196,184,0.9388,0.4336,17.8418,0.0416,0.002,,motion_blur,9,24.133638015644813,0.098
00e9be89-00001800.jpg,00e9be89-00001810.jpg,orb,569,462,66,30,0.4545,0.1429,32.0455,0.046,0.004,,motion_blur,9,24.197248426607416,0.033
00e9be89-00001810.jpg,00e9be89-00001815.jpg,orb,462,853,32,19,0.5938,0.0693,32.1875,0.0484,0.0017,,motion_blur,9,23.56296521327891,0.016
00e9be89-00001815.jpg,00e9be89-00001820.jpg,orb,853,751,26,8,0.3077,0.0346,39.5,0.0435,0.0085,,motion_blur,9,24.016026178950703,0.013
00e9be89-00001820.jpg,00e9be89-00001825.jpg,orb,751,873,28,11,0.3929,0.0373,33.0357,0.0604,0.006,,motion_blur,9,24.297213796429844,0.014
00e9be89-00001825.jpg,00e9be89-00001830.jpg,orb,873,1017,36,14,0.3889,0.0412,40.0278,0.089,0.0153,,motion_blur,9,22.778301070309467,0.018
00e9be89-00001830.jpg,00e9be89-00001840.jpg,orb,1017,798,17,6,0.3529,0.0213,42.1765,0.0547,0.0137,,motion_blur,9,21.408232864578657,0.0085
00e9be89-00001840.jpg,00e9be89-00001845.jpg,orb,798,888,427,413,0.9672,0.5351,15.2319,0.0662,0.009,,motion_blur,9,20.891148211519777,0.2135
00e9be89-00001845.jpg,00e9be89-00001865.jpg,orb,888,894,385,363,0.9429,0.4336,18.8727,0.0492,0.0075,,motion_blur,9,20.7293225816952,0.1925
00e9be89-00001865.jpg,00e9be89-00001870.jpg,orb,894,949,411,394,0.9586,0.4597,17.0097,0.0525,0.0062,,motion_blur,9,20.76772779298624,0.2055
00e9be89-00001870.jpg,00e9be89-00001875.jpg,orb,949,860,424,411,0.9693,0.493,15.8656,0.048,0.0055,,motion_blur,9,20.878394119985124,0.212
00e9be89-00001875.jpg,00e9be89-00001885.jpg,orb,860,847,358,347,0.9693,0.4227,16.6676,0.0472,0.0078,,motion_blur,9,20.898682316934824,0.179
00e9be89-00001885.jpg,00e9be89-00001890.jpg,orb,847,908,457,434,0.9497,0.5396,15.4136,0.0444,0.005,,motion_blur,9,20.82460070943975,0.2285
00e9be89-00001890.jpg,00e9be89-00001895.jpg,orb,908,790,433,410,0.9469,0.5481,15.1455,0.0445,0.0058,,motion_blur,9,20.79048213690087,0.2165
00e9be89-00001895.jpg,00e9be89-00001900.jpg,orb,790,842,431,415,0.9629,0.5456,15.8469,0.0437,0.0061,,motion_blur,9,20.870020089940155,0.2155
00e9be89-00001900.jpg,00e9be89-00001905.jpg,orb,842,761,141,79,0.5603,0.1853,27.4752,0.0436,0.006,,motion_blur,9,21.449672447780628,0.0705
00e9be89-00001905.jpg,00e9be89-00001915.jpg,orb,761,557,15,4,0.2667,0.0269,40.6667,0.0452,0.006,,motion_blur,9,22.61951774669992,0.0075
00e9be89-00000015.jpg,00e9be89-00000100.jpg,orb,2000,2000,6,4,0.6667,0.003,47.5,0.152,0.0296,C:\Users\amit\Project_digital_image_processing__Amit_Alon\outputs\visualizations\task2\enhanced_visualizations\low_light\level_1\match_00e9be89-00000015__00e9be89-00000100.png,low_light,1,9.991005710944403,0.003
00e9be89-00000100.jpg,00e9be89-00000105.jpg,orb,2000,2000,817,805,0.9853,0.4085,26.0147,0.1376,0.034,,low_light,1,10.53953146917794,0.4085
00e9be89-00000105.jpg,00e9be89-00000110.jpg,orb,2000,2000,905,895,0.989,0.4525,23.2873,0.1369,0.032,,low_light,1,10.528303262528656,0.4525
00e9be89-00000110.jpg,00e9be89-00000115.jpg,orb,2000,2000,968,957,0.9886,0.484,24.0857,0.1403,0.0339,,low_light,1,10.531819383400904,0.484
00e9be89-00000115.jpg,00e9be89-00000120.jpg,orb,2000,2000,1064,1053,0.9897,0.532,21.7876,0.1344,0.0312,,low_light,1,10.54307318414077,0.532
00e9be89-00000120.jpg,00e9be89-00000125.jpg,orb,2000,2000,472,462,0.9788,0.236,32.8665,0.1301,0.0324,,low_light,1,10.292084984662882,0.236
00e9be89-00000125.jpg,00e9be89-00000130.jpg,orb,2000,2000,675,670,0.9926,0.3375,27.3052,0.1368,0.0321,,low_light,1,10.12769094298687,0.3375
00e9be89-00000130.jpg,00e9be89-00000135.jpg,orb,2000,2000,763,750,0.983,0.3815,27.0747,0.146,0.0367,,low_light,1,10.346433400534217,0.3815
00e9be89-00000135.jpg,00e9be89-00000140.jpg,orb,2000,2000,731,721,0.9863,0.3655,26.0917,0.1442,0.0327,,low_light,1,10.488603772061404,0.3655
00e9be89-00000140.jpg,00e9be89-00000145.jpg,orb,2000,2000,128,109,0.8516,0.064,35.6094,0.1325,0.0336,,low_light,1,10.50284128471687,0.064
00e9be89-00000145.jpg,00e9be89-00000150.jpg,orb,2000,2000,10,5,0.5,0.005,44.0,0.1478,0.0363,,low_light,1,9.95160967210456,0.005
00e9be89-00000150.jpg,00e9be89-00000160.jpg,orb,2000,2000,7,4,0.5714,0.0035,46.5714,0.1502,0.0373,,low_light,1,9.67856532838984,0.0035
00e9be89-00000160.jpg,00e9be89-00000165.jpg,orb,2000,2000,11,4,0.3636,0.0055,42.9091,0.1247,0.0327,,low_light,1,10.095674671941456,0.0055
00e9be89-00000165.jpg,00e9be89-00000175.jpg,orb,2000,2000,12,4,0.3333,0.006,44.6667,0.139,0.0414,,low_light,1,10.164620786406658,0.006
00e9be89-00000175.jpg,00e9be89-00000190.jpg,orb,2000,2000,7,4,0.5714,0.0035,46.4286,0.1237,0.0341,,low_light,1,9.862419041600834,0.0035
00e9be89-00000190.jpg,00e9be89-00001000.jpg,orb,2000,2000,7,4,0.5714,0.0035,45.0,0.0934,0.0376,,low_light,1,10.098237227599268,0.0035
00e9be89-00001000.jpg,00e9be89-00001005.jpg,orb,2000,2000,17,6,0.3529,0.0085,43.2353,0.0727,0.035,,low_light,1,10.564790964613408,0.0085
00e9be89-00001005.jpg,00e9be89-00001010.jpg,orb,2000,2000,15,5,0.3333,0.0075,41.2667,0.0746,0.0342,,low_light,1,10.808932940883198,0.0075
00e9be89-00001010.jpg,00e9be89-00001015.jpg,orb,2000,2000,20,8,0.4,0.01,42.7,0.0708,0.0367,,low_light,1,11.055504968816845,0.010040160642570281
00e9be89-00001015.jpg,00e9be89-00001020.jpg,orb,2000,2000,29,11,0.3793,0.0145,39.6897,0.0649,0.0348,,low_light,1,10.988068625482466,0.014558232931726908
00e9be89-00001020.jpg,00e9be89-00001025.jpg,orb,2000,2000,12,5,0.4167,0.006,39.5,0.0677,0.0275,,low_light,1,11.003527299178977,0.006
00e9be89-00001025.jpg,00e9be89-00001030.jpg,orb,2000,2000,32,14,0.4375,0.016,39.375,0.0597,0.0324,,low_light,1,11.044417466991604,0.016
00e9be89-00001030.jpg,00e9be89-00001035.jpg,orb,2000,2000,63,46,0.7302,0.0315,36.4127,0.0971,0.0407,,low_light,1,11.040032834662757,0.0315
00e9be89-00001035.jpg,00e9be89-00001040.jpg,orb,2000,2000,97,73,0.7526,0.0485,35.3918,0.0692,0.0333,,low_light,1,11.079722958120373,0.0485
00e9be89-00001040.jpg,00e9be89-00001045.jpg,orb,2000,2000,149,91,0.6107,0.0745,36.0,0.0658,0.028,,low_light,1,11.08327030789611,0.0745
00e9be89-00001045.jpg,00e9be89-00001050.jpg,orb,2000,2000,84,38,0.4524,0.042,39.4762,0.0657,0.0318,,low_light,1,11.089345972671882,0.042
00e9be89-00001050.jpg,00e9be89-00001055.jpg,orb,2000,2000,73,41,0.5616,0.0365,37.5479,0.0616,0.0271,,low_light,1,11.077862656116784,0.0365
00e9be89-00001055.jpg,00e9be89-00001060.jpg,orb,2000,2000,77,38,0.4935,0.0385,37.013,0.066,0.0283,,low_light,1,11.121482010329368,0.0385
00e9be89-00001060.jpg,00e9be89-00001065.jpg,orb,2000,2000,39,28,0.7179,0.0195,37.9744,0.0746,0.033,,low_light,1,11.250462092200276,0.0195
00e9be89-00001065.jpg,00e9be89-00001070.jpg,orb,2000,2000,95,83,0.8737,0.0475,36.4421,0.0801,0.0321,,low_light,1,11.258459284771115,0.0475
00e9be89-00001070.jpg,00e9be89-00001075.jpg,orb,2000,2000,68,43,0.6324,0.034,41.1618,0.0802,0.0308,,low_light,1,10.965011572229391,0.034
00e9be89-00001075.jpg,00e9be89-00001080.jpg,orb,2000,2000,41,20,0.4878,0.0205,39.4146,0.0795,0.0323,,low_light,1,11.005874204238314,0.0205
00e9be89-00001080.jpg,00e9be89-00001090.jpg,orb,2000,2000,17,8,0.4706,0.0085,42.1765,0.0701,0.0413,,low_light,1,11.398943974391653,0.0085
00e9be89-00001090.jpg,00e9be89-00001095.jpg,orb,2000,2000,47,29,0.617,0.0235,36.5532,0.0744,0.0382,,low_light,1,11.496100340405118,0.0235
00e9be89-00001095.jpg,00e9be89-00001100.jpg,orb,2000,2000,56,21,0.375,0.028,40.4464,0.0728,0.0319,,low_light,1,11.394244669577198,0.028
00e9be89-00001100.jpg,00e9be89-00001105.jpg,orb,2000,2000,27,5,0.1852,0.0135,46.4815,0.0777,0.0353,,low_light,1,11.204209708659292,0.0135
00e9be89-00001105.jpg,00e9be89-00001115.jpg,orb,2000,2000,14,5,0.3571,0.007,44.8571,0.0792,0.0308,,low_light,1,10.612865355111694,0.007
00e9be89-00001115.jpg,00e9be89-00001125.jpg,orb,2000,2000,23,6,0.2609,0.0115,43.7826,0.0876,0.046,,low_light,1,10.705030767613042,0.0115
00e9be89-00001125.jpg,00e9be89-00001130.jpg,orb,2000,2000,45,16,0.3556,0.0225,39.5333,0.0805,0.0381,,low_light,1,11.03966243911998,0.0225
00e9be89-00001130.jpg,00e9be89-00001135.jpg,orb,2000,2000,54,33,0.6111,0.027,36.8148,0.1324,0.0362,,low_light,1,11.156852643479358,0.027
00e9be89-00001135.jpg,00e9be89-00001140.jpg,orb,2000,2000,70,58,0.8286,0.035,35.8286,0.0968,0.05,,low_light,1,11.483076225119763,0.035
00e9be89-00001140.jpg,00e9be89-00001150.jpg,orb,2000,2000,58,37,0.6379,0.029,36.6379,0.149,0.0715,,low_light,1,11.5255603175478,0.029
00e9be89-00001150.jpg,00e9be89-00001155.jpg,orb,2000,2000,79,59,0.7468,0.0395,33.443,0.1225,0.0617,,low_light,1,11.61227896593272,0.0395
00e9be89-00001155.jpg,00e9be89-00001160.jpg,orb,2000,2000,99,54,0.5455,0.0495,33.0202,0.0952,0.0313,,low_light,1,11.634503461380882,0.0495
00e9be89-00001160.jpg,00e9be89-00001165.jpg,orb,2000,2000,21,11,0.5238,0.0105,38.2381,0.0787,0.0426,,low_light,1,11.684137398650442,0.0105
00e9be89-00001165.jpg,00e9be89-00001170.jpg,orb,2000,2000,46,19,0.413,0.023,39.5652,0.0778,0.0292,,low_light,1,11.672247232426402,0.023
00e9be89-00001170.jpg,00e9be89-00001175.jpg,orb,2000,2000,26,17,0.6538,0.013,39.8077,0.1517,0.039,,low_light,1,11.659200306524047,0.013
00e9be89-00001175.jpg,00e9be89-00001180.jpg,orb,2000,2000,64,32,0.5,0.032,37.5,0.0901,0.0394,,low_light,1,11.696969920253093,0.032
00e9be89-00001180.jpg,00e9be89-00001185.jpg,orb,2000,2000,36,17,0.4722,0.018,40.7778,0.104,0.0708,,low_light,1,11.610301682770006,0.018
00e9be89-00001185.jpg,00e9be89-00001190.jpg,orb,2000,2000,26,8,0.3077,0.013,44.0769,0.1186,0.0403,,low_light,1,11.460484876817072,0.013
00e9be89-00001190.jpg,00e9be89-00001195.jpg,orb,2000,2000,17,8,0.4706,0.0085,44.8824,0.0854,0.0368,,low_light,1,10.394156889950196,0.0085
00e9be89-00001195.jpg,00e9be89-00001200.jpg,orb,2000,2000,21,7,0.3333,0.0105,43.381,0.0724,0.0389,,low_light,1,10.587745856596426,0.010568696527428284
00e9be89-00001200.jpg,00e9be89-00001205.jpg,orb,2000,2000,22,8,0.3636,0.011,37.1818,0.0658,0.0424,,low_light,1,11.734699386701326,0.011071967790639155
00e9be89-00001205.jpg,00e9be89-00001210.jpg,orb,2000,2000,28,3,0.1071,0.014,41.4643,0.0687,0.044,,low_light,1,11.67984538372384,0.014028056112224449
00e9be89-00001210.jpg,00e9be89-00001215.jpg,orb,2000,2000,43,23,0.5349,0.0215,42.0233,0.0761,0.0411,,low_light,1,11.502302905568628,0.0215
00e9be89-00001215.jpg,00e9be89-00001220.jpg,orb,2000,2000,17,5,0.2941,0.0085,42.9412,0.0743,0.0315,,low_light,1,11.104311997721226,0.0085
00e9be89-00001220.jpg,00e9be89-00001225.jpg,orb,2000,2000,21,6,0.2857,0.0105,45.2381,0.0719,0.0313,,low_light,1,11.14160068670456,0.0105
00e9be89-00001225.jpg,00e9be89-00001230.jpg,orb,2000,2000,12,5,0.4167,0.006,40.0833,0.0692,0.0323,,low_light,1,11.47072445316311,0.006
00e9be89-00001230.jpg,00e9be89-00001240.jpg,orb,2000,1953,39,28,0.7179,0.02,35.9744,0.0672,0.0301,,low_light,1,11.505333755848286,0.021440351841671246
00e9be89-00001240.jpg,00e9be89-00001245.jpg,orb,1953,2000,44,29,0.6591,0.0225,39.3182,0.0657,0.0353,,low_light,1,11.31889598189564,0.024189114898295765
00e9be89-00001245.jpg,00e9be89-00001250.jpg,orb,2000,2000,21,13,0.619,0.0105,39.8095,0.0692,0.0333,,low_light,1,11.471417067127256,0.0105
00e9be89-00001250.jpg,00e9be89-00001255.jpg,orb,2000,2000,31,15,0.4839,0.0155,39.7742,0.064,0.0317,,low_light,1,11.770370374835077,0.0155
00e9be89-00001255.jpg,00e9be89-00001260.jpg,orb,2000,2000,23,15,0.6522,0.0115,41.0435,0.0718,0.0305,,low_light,1,11.78985478216746,0.0115
00e9be89-00001260.jpg,00e9be89-00001265.jpg,orb,2000,2000,20,11,0.55,0.01,39.35,0.0855,0.0327,,low_light,1,11.475621317596769,0.01
00e9be89-00001265.jpg,00e9be89-00001270.jpg,orb,2000,2000,7,4,0.5714,0.0035,44.7143,0.0893,0.0372,,low_light,1,10.802541672650117,0.0035
00e9be89-00001270.jpg,00e9be89-00001275.jpg,orb,2000,2000,7,4,0.5714,0.0035,44.1429,0.0747,0.033,,low_light,1,10.689047342245336,0.0035
00e9be89-00001275.jpg,00e9be89-00001280.jpg,orb,2000,2000,17,5,0.2941,0.0085,44.6471,0.0979,0.0321,,low_light,1,10.162614393706946,0.0085
00e9be89-00001280.jpg,00e9be89-00001285.jpg,orb,2000,2000,7,4,0.5714,0.0035,45.8571,0.0936,0.029,,low_light,1,8.951244346260193,0.0035
00e9be89-00001285.jpg,00e9be89-00001290.jpg,orb,2000,2000,15,5,0.3333,0.0075,47.4667,0.0749,0.0298,,low_light,1,9.287994843594532,0.0075
00e9be89-00001290.jpg,00e9be89-00001295.jpg,orb,2000,2000,11,5,0.4545,0.0055,43.3636,0.0727,0.0333,,low_light,1,9.403783798302602,0.0055
00e9be89-00001295.jpg,00e9be89-00001305.jpg,orb,2000,2000,7,4,0.5714,0.0035,44.4286,0.0907,0.0299,,low_light,1,9.059694478684676,0.0035
00e9be89-00001305.jpg,00e9be89-00001310.jpg,orb,2000,2000,14,2,0.1429,0.007,46.2857,0.1019,0.0336,,low_light,1,9.104915613470354,0.007
00e9be89-00001310.jpg,00e9be89-00001315.jpg,orb,2000,2000,10,4,0.4,0.005,48.3,0.0825,0.0274,,low_light,1,8.435546844984664,0.005
00e9be89-00001315.jpg,00e9be89-00001325.jpg,orb,2000,2000,30,8,0.2667,0.015,38.5667,0.0704,0.0336,,low_light,1,8.119087927622521,0.015
00e9be89-00001325.jpg,00e9be89-00001330.jpg,orb,2000,2000,26,7,0.2692,0.013,35.0,0.0795,0.0383,,low_light,1,9.043594290824707,0.013
00e9be89-00001330.jpg,00e9be89-00001335.jpg,orb,2000,2000,10,4,0.4,0.005,45.5,0.0726,0.0303,,low_light,1,9.849930380757687,0.005
00e9be89-00001335.jpg,00e9be89-00001340.jpg,orb,2000,2000,21,9,0.4286,0.0105,42.0952,0.0711,0.0329,,low_light,1,10.243257885013223,0.0105
00e9be89-00001340.jpg,00e9be89-00001345.jpg,orb,2000,2000,12,4,0.3333,0.006,46.0833,0.0687,0.0327,,low_light,1,10.492416985312282,0.006
00e9be89-00001345.jpg,00e9be89-00001350.jpg,orb,2000,2000,10,5,0.5,0.005,43.5,0.0644,0.0327,,low_light,1,10.27325561451943,0.005
00e9be89-00001350.jpg,00e9be89-00001355.jpg,orb,2000,2000,23,9,0.3913,0.0115,40.0435,0.0769,0.0336,,low_light,1,10.399666743242465,0.0115
00e9be89-00001355.jpg,00e9be89-00001360.jpg,orb,2000,2000,22,6,0.2727,0.011,43.2273,0.0783,0.0284,,low_light,1,10.388977273911992,0.011
00e9be89-00001360.jpg,00e9be89-00001365.jpg,orb,2000,2000,22,7,0.3182,0.011,41.2727,0.0676,0.0321,,low_light,1,10.229732725268953,0.011
00e9be89-00001365.jpg,00e9be89-00001370.jpg,orb,2000,2000,28,12,0.4286,0.014,40.3929,0.0747,0.0335,,low_light,1,10.387333394556851,0.014
00e9be89-00001370.jpg,00e9be89-00001375.jpg,orb,2000,2000,142,75,0.5282,0.071,37.0352,0.0823,0.0441,,low_light,1,10.324005537259064,0.071
00e9be89-00001375.jpg,00e9be89-00001380.jpg,orb,2000,2000,272,101,0.3713,0.136,34.3015,0.0673,0.0326,,low_light,1,10.27706511476213,0.136
00e9be89-00001380.jpg,00e9be89-00001385.jpg,orb,2000,2000,267,124,0.4644,0.1335,32.5431,0.0705,0.0288,,low_light,1,10.414788882314994,0.1335
00e9be89-00001385.jpg,00e9be89-00001390.jpg,orb,2000,2000,31,22,0.7097,0.0155,31.6129,0.0654,0.0305,,low_light,1,10.154059726536564,0.0155
00e9be89-00001390.jpg,00e9be89-00001395.jpg,orb,2000,2000,64,32,0.5,0.032,35.9219,0.07,0.028,,low_light,1,9.939347046665922,0.032
00e9be89-00001395.jpg,00e9be89-00001400.jpg,orb,2000,2000,106,49,0.4623,0.053,34.6792,0.0683,0.0313,,low_light,1,10.103173762286833,0.053
00e9be89-00001400.jpg,00e9be89-00001405.jpg,orb,2000,2000,107,46,0.4299,0.0535,33.1869,0.0636,0.0333,,low_light,1,10.216602078894194,0.0535
00e9be89-00001405.jpg,00e9be89-00001410.jpg,orb,2000,2000,96,34,0.3542,0.048,34.4062,0.0638,0.0323,,low_light,1,10.308369346150034,0.048
00e9be89-00001410.jpg,00e9be89-00001415.jpg,orb,2000,2000,172,55,0.3198,0.086,33.2035,0.075,0.0369,,low_light,1,10.318523286131438,0.086
00e9be89-00001415.jpg,00e9be89-00001420.jpg,orb,2000,2000,81,34,0.4198,0.0405,33.1728,0.0793,0.0324,,low_light,1,10.15847586190851,0.0405
00e9be89-00001420.jpg,00e9be89-00001425.jpg,orb,2000,2000,76,29,0.3816,0.038,33.8026,0.075,0.0313,,low_light,1,9.977831018399687,0.038
00e9be89-00001425.jpg,00e9be89-00001430.jpg,orb,2000,2000,129,70,0.5426,0.0645,33.7132,0.0704,0.0263,,low_light,1,9.82444562609028,0.0645
00e9be89-00001430.jpg,00e9be89-00001440.jpg,orb,2000,2000,40,11,0.275,0.02,42.15,0.0689,0.0314,,low_light,1,10.050306989013924,0.02
00e9be89-00001440.jpg,00e9be89-00001445.jpg,orb,2000,2000,52,24,0.4615,0.026,31.5,0.0684,0.0304,,low_light,1,10.161622878420603,0.026
00e9be89-00001445.jpg,00e9be89-00001450.jpg,orb,2000,2000,60,25,0.4167,0.03,41.3833,0.0693,0.0274,,low_light,1,9.810082569370344,0.03
00e9be89-00001450.jpg,00e9be89-00001455.jpg,orb,2000,2000,78,56,0.7179,0.039,35.9103,0.0721,0.0292,,low_light,1,10.085760810144224,0.039
00e9be89-00001455.jpg,00e9be89-00001460.jpg,orb,2000,2000,130,72,0.5538,0.065,36.1,0.0658,0.0283,,low_light,1,10.632453230963767,0.065
00e9be89-00001460.jpg,00e9be89-00001465.jpg,orb,2000,2000,122,93,0.7623,0.061,32.5738,0.0687,0.0358,,low_light,1,10.60050825393515,0.061
00e9be89-00001465.jpg,00e9be89-00001470.jpg,orb,2000,2000,26,7,0.2692,0.013,42.6538,0.086,0.0322,,low_light,1,10.715981287720322,0.013
00e9be89-00001470.jpg,00e9be89-00001475.jpg,orb,2000,2000,52,19,0.3654,0.026,33.5385,0.0716,0.0367,,low_light,1,10.872444778382436,0.026
00e9be89-00001475.jpg,00e9be89-00001480.jpg,orb,2000,2000,48,25,0.5208,0.024,38.9167,0.071,0.0325,,low_light,1,10.71682328028726,0.024
00e9be89-00001480.jpg,00e9be89-00001485.jpg,orb,2000,2000,26,9,0.3462,0.013,40.4231,0.068,0.0292,,low_light,1,11.125586988492518,0.013
00e9be89-00001485.jpg,00e9be89-00001490.jpg,orb,2000,2000,45,19,0.4222,0.0225,34.9111,0.0706,0.0377,,low_light,1,11.759503987407358,0.0225
00e9be89-00001490.jpg,00e9be89-00001495.jpg,orb,2000,2000,520,507,0.975,0.26,20.4231,0.0642,0.0295,,low_light,1,11.849478362827972,0.26
00e9be89-00001495.jpg,00e9be89-00001500.jpg,orb,2000,2000,734,722,0.9837,0.367,18.6717,0.0518,0.0295,,low_light,1,11.856981711995996,0.367
00e9be89-00001500.jpg,00e9be89-00001505.jpg,orb,2000,2000,310,252,0.8129,0.155,26.2452,0.0643,0.0286,,low_light,1,11.86625497387731,0.155
00e9be89-00001505.jpg,00e9be89-00001510.jpg,orb,2000,2000,38,17,0.4474,0.019,38.0789,0.0675,0.0344,,low_light,1,11.80349682622566,0.019
00e9be89-00001510.jpg,00e9be89-00001515.jpg,orb,2000,2000,32,9,0.2812,0.016,41.0312,0.0689,0.0311,,low_light,1,11.564480528002608,0.016
00e9be89-00001515.jpg,00e9be89-00001520.jpg,orb,2000,2000,19,5,0.2632,0.0095,44.7368,0.0761,0.0383,,low_light,1,11.21001622011331,0.0095
00e9be89-00001520.jpg,00e9be89-00001525.jpg,orb,2000,2000,52,31,0.5962,0.026,37.75,0.0665,0.0287,,low_light,1,11.192657136880388,0.026
00e9be89-00001525.jpg,00e9be89-00001535.jpg,orb,2000,2000,25,7,0.28,0.0125,43.4,0.0692,0.0325,,low_light,1,11.267205391419104,0.0125
00e9be89-00001535.jpg,00e9be89-00001540.jpg,orb,2000,2000,13,6,0.4615,0.0065,39.5385,0.0758,0.0304,,low_light,1,10.471680935871408,0.0065
00e9be89-00001540.jpg,00e9be89-00001545.jpg,orb,2000,2000,29,4,0.1379,0.0145,42.6897,0.0731,0.0321,,low_light,1,10.042786566186445,0.0145
00e9be89-00001545.jpg,00e9be89-00001550.jpg,orb,2000,2000,226,128,0.5664,0.113,31.3805,0.0738,0.0329,,low_light,1,10.32481604966189,0.113
00e9be89-00001550.jpg,00e9be89-00001555.jpg,orb,2000,2000,308,294,0.9545,0.154,24.4805,0.0787,0.0307,,low_light,1,10.328047352115767,0.154
00e9be89-00001555.jpg,00e9be89-00001560.jpg,orb,2000,2000,287,277,0.9652,0.1435,25.7387,0.0738,0.0313,,low_light,1,10.330704771479711,0.1435
00e9be89-00001560.jpg,00e9be89-00001565.jpg,orb,2000,2000,373,347,0.9303,0.1865,25.0027,0.0778,0.0336,,low_light,1,10.355844421049376,0.1865
00e9be89-00001565.jpg,00e9be89-00001570.jpg,orb,2000,2000,78,45,0.5769,0.039,36.5,0.076,0.0378,,low_light,1,10.451475855319824,0.039
00e9be89-00001570.jpg,00e9be89-00001575.jpg,orb,2000,2000,61,35,0.5738,0.0305,40.9672,0.0817,0.031,,low_light,1,10.540099903790022,0.0305
00e9be89-00001575.jpg,00e9be89-00001580.jpg,orb,2000,2000,99,64,0.6465,0.0495,34.6768,0.0838,0.0342,,low_light,1,10.503073469335028,0.0495
00e9be89-00001580.jpg,00e9be89-00001585.jpg,orb,2000,2000,45,24,0.5333,0.0225,39.8222,0.0773,0.0268,,low_light,1,10.11737312309176,0.0225
00e9be89-00001585.jpg,00e9be89-00001590.jpg,orb,2000,2000,17,6,0.3529,0.0085,43.6471,0.0811,0.0347,,low_light,1,9.45368935865961,0.0085
00e9be89-00001590.jpg,00e9be89-00001595.jpg,orb,2000,2000,21,6,0.2857,0.0105,44.5714,0.0727,0.0315,,low_light,1,8.842803361587016,0.0105
00e9be89-00001595.jpg,00e9be89-00001600.jpg,orb,2000,2000,17,6,0.3529,0.0085,46.7059,0.0806,0.0328,,low_light,1,9.058372165337516,0.0085
00e9be89-00001600.jpg,00e9be89-00001605.jpg,orb,2000,2000,137,82,0.5985,0.0685,35.1022,0.0803,0.0352,,low_light,1,9.499510587297012,0.0685
00e9be89-00001605.jpg,00e9be89-00001610.jpg,orb,2000,2000,42,18,0.4286,0.021,40.4762,0.0837,0.0312,,low_light,1,9.724295596397322,0.021
00e9be89-00001610.jpg,00e9be89-00001620.jpg,orb,2000,2000,18,6,0.3333,0.009,44.4444,0.0821,0.0346,,low_light,1,9.823110283103407,0.009
00e9be89-00001620.jpg,00e9be89-00001625.jpg,orb,2000,2000,50,29,0.58,0.025,35.72,0.08,0.0321,,low_light,1,9.847769998103024,0.025
00e9be89-00001625.jpg,00e9be89-00001630.jpg,orb,2000,2000,54,20,0.3704,0.027,35.7593,0.0733,0.0305,,low_light,1,10.11506411824501,0.027
00e9be89-00001630.jpg,00e9be89-00001635.jpg,orb,2000,2000,25,4,0.16,0.0125,44.12,0.0756,0.0313,,low_light,1,10.422811928793337,0.0125
00e9be89-00001635.jpg,00e9be89-00001640.jpg,orb,2000,2000,16,5,0.3125,0.008,43.0625,0.0744,0.0404,,low_light,1,9.567800060756204,0.008
00e9be89-00001640.jpg,00e9be89-00001645.jpg,orb,2000,2000,12,5,0.4167,0.006,41.9167,0.0687,0.03,,low_light,1,8.546962368157489,0.006
00e9be89-00001645.jpg,00e9be89-00001650.jpg,orb,2000,2000,17,6,0.3529,0.0085,36.8824,0.0761,0.0322,,low_light,1,8.891380781698457,0.0085
00e9be89-00001650.jpg,00e9be89-00001655.jpg,orb,2000,2000,14,4,0.2857,0.007,41.5,0.0788,0.0328,,low_light,1,8.961093480880873,0.007
00e9be89-00001655.jpg,00e9be89-00001665.jpg,orb,2000,2000,10,5,0.5,0.005,43.3,0.0868,0.0279,,low_light,1,9.790116804102064,0.005
00e9be89-00001665.jpg,00e9be89-00001670.jpg,orb,2000,2000,20,7,0.35,0.01,45.75,0.0861,0.0312,,low_light,1,10.794399961492122,0.01
00e9be89-00001670.jpg,00e9be89-00001675.jpg,orb,2000,2000,35,10,0.2857,0.0175,39.9714,0.0833,0.0304,,low_light,1,10.55532803629228,0.0175
00e9be89-00001675.jpg,00e9be89-00001680.jpg,orb,2000,2000,37,24,0.6486,0.0185,38.7568,0.0853,0.0318,,low_light,1,10.327124915227031,0.0185
00e9be89-00001680.jpg,00e9be89-00001685.jpg,orb,2000,2000,26,10,0.3846,0.013,42.1538,0.0929,0.0273,,low_light,1,10.68914371709359,0.013
00e9be89-00001685.jpg,00e9be89-00001690.jpg,orb,2000,2000,13,2,0.1538,0.0065,42.4615,0.0961,0.0286,,low_light,1,11.546319722152202,0.0065
00e9be89-00001690.jpg,00e9be89-00001695.jpg,orb,2000,2000,19,7,0.3684,0.0095,43.2632,0.079,0.0305,,low_light,1,12.00160316598783,0.0095
00e9be89-00001695.jpg,00e9be89-00001705.jpg,orb,2000,2000,16,9,0.5625,0.008,43.9375,0.066,0.0305,,low_light,1,11.640915120983273,0.008
00e9be89-00001705.jpg,00e9be89-00001710.jpg,orb,2000,2000,84,59,0.7024,0.042,34.0119,0.0686,0.0339,,low_light,1,11.224578654667702,0.042
00e9be89-00001710.jpg,00e9be89-00001715.jpg,orb,2000,2000,40,22,0.55,0.02,37.575,0.0779,0.0411,,low_light,1,11.048677437658217,0.02
00e9be89-00001715.jpg,00e9be89-00001720.jpg,orb,2000,2000,52,37,0.7115,0.026,35.4231,0.0684,0.0296,,low_light,1,11.086436996526071,0.026052104208416832
00e9be89-00001720.jpg,00e9be89-00001725.jpg,orb,2000,2000,81,68,0.8395,0.0405,33.1481,0.066,0.0292,,low_light,1,11.185632405070931,0.0405811623246493
00e9be89-00001725.jpg,00e9be89-00001730.jpg,orb,2000,2000,73,55,0.7534,0.0365,33.9589,0.0679,0.0292,,low_light,1,11.152240961790552,0.0365
00e9be89-00001730.jpg,00e9be89-00001740.jpg,orb,2000,2000,22,11,0.5,0.011,39.5,0.0699,0.0325,,low_light,1,11.161769711500714,0.011
00e9be89-00001740.jpg,00e9be89-00001745.jpg,orb,2000,2000,8,4,0.5,0.004,46.25,0.0825,0.0349,,low_light,1,10.7187172534946,0.004
00e9be89-00001745.jpg,00e9be89-00001750.jpg,orb,2000,2000,3,0,0.0,0.0015,49.3333,0.0875,0.0333,,low_light,1,10.362544265533831,0.0015
00e9be89-00001750.jpg,00e9be89-00001755.jpg,orb,2000,2000,51,38,0.7451,0.0255,33.8824,0.0664,0.0263,,low_light,1,10.740126792995486,0.0255
00e9be89-00001755.jpg,00e9be89-00001760.jpg,orb,2000,2000,33,20,0.6061,0.0165,37.5758,0.0672,0.0291,,low_light,1,10.965302341730236,0.0165
00e9be89-00001760.jpg,00e9be89-00001765.jpg,orb,2000,2000,24,15,0.625,0.012,35.7083,0.0757,0.028,,low_light,1,10.475582291561492,0.012
00e9be89-00001765.jpg,00e9be89-00001770.jpg,orb,2000,2000,22,15,0.6818,0.011,41.0,0.0817,0.0306,,low_light,1,10.03137923559671,0.011
00e9be89-00001770.jpg,00e9be89-00001775.jpg,orb,2000,2000,28,11,0.3929,0.014,41.2143,0.0842,0.0322,,low_light,1,10.068142161537924,0.014
00e9be89-00001775.jpg,00e9be89-00001780.jpg,orb,2000,2000,30,18,0.6,0.015,40.1667,0.0714,0.0285,,low_light,1,10.455930453838064,0.015
00e9be89-00001780.jpg,00e9be89-00001785.jpg,orb,2000,2000,28,9,0.3214,0.014,43.1071,0.0639,0.0273,,low_light,1,10.558831577783144,0.014
00e9be89-00001785.jpg,00e9be89-00001795.jpg,orb,2000,2000,18,6,0.3333,0.009,42.2778,0.0568,0.0257,,low_light,1,10.0367830096334,0.009
00e9be89-00001795.jpg,00e9be89-00001800.jpg,orb,2000,2000,783,762,0.9732,0.3915,24.5479,0.0619,0.0313,,low_light,1,10.188873585934829,0.3915
00e9be89-00001800.jpg,00e9be89-00001810.jpg,orb,2000,2000,203,78,0.3842,0.1015,32.8571,0.0656,0.0296,,low_light,1,10.550283205547537,0.1015
00e9be89-00001810.jpg,00e9be89-00001815.jpg,orb,2000,2000,150,67,0.4467,0.075,34.3933,0.0602,0.0284,,low_light,1,10.506365920138336,0.075
00e9be89-00001815.jpg,00e9be89-00001820.jpg,orb,2000,2000,38,12,0.3158,0.019,41.3421,0.065,0.0279,,low_light,1,10.541770241410836,0.019
00e9be89-00001820.jpg,00e9be89-00001825.jpg,orb,2000,2000,49,18,0.3673,0.0245,40.102,0.0667,0.0311,,low_light,1,10.451585072122098,0.0245
00e9be89-00001825.jpg,00e9be89-00001830.jpg,orb,2000,2000,59,25,0.4237,0.0295,36.0508,0.0721,0.0338,,low_light,1,10.329460634862242,0.0295
00e9be89-00001830.jpg,00e9be89-00001840.jpg,orb,2000,2000,25,6,0.24,0.0125,42.72,0.0812,0.0279,,low_light,1,10.156370794694071,0.0125
00e9be89-00001840.jpg,00e9be89-00001845.jpg,orb,2000,2000,1155,1142,0.9887,0.5775,20.4156,0.0717,0.029,,low_light,1,10.012145696654294,0.5775
00e9be89-00001845.jpg,00e9be89-00001865.jpg,orb,2000,2000,907,891,0.9824,0.4535,21.9691,0.0771,0.0312,,low_light,1,9.986690985199884,0.4535
00e9be89-00001865.jpg,00e9be89-00001870.jpg,orb,2000,2000,992,975,0.9829,0.496,21.9879,0.0819,0.0277,,low_light,1,10.066440293407911,0.496
00e9be89-00001870.jpg,00e9be89-00001875.jpg,orb,2000,2000,1119,1111,0.9929,0.5595,19.9759,0.0702,0.0258,,low_light,1,10.087023108131344,0.5595
00e9be89-00001875.jpg,00e9be89-00001885.jpg,orb,2000,2000,1022,1015,0.9932,0.511,21.0284,0.0767,0.0311,,low_light,1,9.979292480175644,0.511
00e9be89-00001885.jpg,00e9be89-00001890.jpg,orb,2000,2000,1111,1096,0.9865,0.5555,20.207,0.0858,0.0375,,low_light,1,9.951406766169674,0.5555
00e9be89-00001890.jpg,00e9be89-00001895.jpg,orb,2000,2000,1084,1072,0.9889,0.542,18.9668,0.0781,0.0337,,low_light,1,9.979389995946937,0.542
00e9be89-00001895.jpg,00e9be89-00001900.jpg,orb,2000,2000,1126,1119,0.9938,0.563,20.5861,0.0899,0.0332,,low_light,1,10.010301516124471,0.563
00e9be89-00001900.jpg,00e9be89-00001905.jpg,orb,2000,2000,345,227,0.658,0.1725,31.8,0.0865,0.0327,,low_light,1,10.041943409006771,0.1725
00e9be89-00001905.jpg,00e9be89-00001915.jpg,orb,2000,2000,26,8,0.3077,0.013,35.7692,0.0691,0.0284,,low_light,1,10.103819838505864,0.013
00e9be89-00000015.jpg,00e9be89-00000100.jpg,orb,2000,2000,4,4,1.0,0.002,46.5,0.1102,0.03,C:\Users\amit\Project_digital_image_processing__Amit_Alon\outputs\visualizations\task2\enhanced_visualizations\low_light\level_2\match_00e9be89-00000015__00e9be89-00000100.png,low_light,2,7.509548267178919,0.002
00e9be89-00000100.jpg,00e9be89-00000105.jpg,orb,2000,2000,833,823,0.988,0.4165,25.6951,0.0989,0.0305,,low_light,2,7.855458670626554,0.4165
00e9be89-00000105.jpg,00e9be89-00000110.jpg,orb,2000,2000,922,912,0.9892,0.461,23.2223,0.1047,0.0261,,low_light,2,7.848972390001773,0.461
00e9be89-00000110.jpg,00e9be89-00000115.jpg,orb,2000,2000,986,977,0.9909,0.493,24.0852,0.1115,0.0256,,low_light,2,7.850901541664976,0.493
00e9be89-00000115.jpg,00e9be89-00000120.jpg,orb,2000,2000,1082,1075,0.9935,0.541,21.573,0.1019,0.0288,,low_light,2,7.857153644309414,0.541
00e9be89-00000120.jpg,00e9be89-00000125.jpg,orb,2000,2000,478,469,0.9812,0.239,32.4289,0.1163,0.0296,,low_light,2,7.712471621455733,0.239
00e9be89-00000125.jpg,00e9be89-00000130.jpg,orb,2000,2000,684,677,0.9898,0.342,26.6535,0.1181,0.0327,,low_light,2,7.613152398419573,0.342
00e9be89-00000130.jpg,00e9be89-00000135.jpg,orb,2000,2000,771,765,0.9922,0.3855,26.0921,0.1073,0.0308,,low_light,2,7.736870131691941,0.3855
00e9be89-00000135.jpg,00e9be89-00000140.jpg,orb,2000,2000,747,737,0.9866,0.3735,25.8715,0.1014,0.0294,,low_light,2,7.820808490704053,0.3735
00e9be89-00000140.jpg,00e9be89-00000145.jpg,orb,2000,2000,130,106,0.8154,0.065,35.8462,0.1108,0.0283,,low_light,2,7.833020858330293,0.065
00e9be89-00000145.jpg,00e9be89-00000150.jpg,orb,2000,2000,12,0,0.0,0.006,42.8333,0.1111,0.0292,,low_light,2,7.510405823859656,0.006
00e9be89-00000150.jpg,00e9be89-00000160.jpg,orb,2000,2000,9,4,0.4444,0.0045,43.2222,0.1228,0.0299,,low_light,2,7.348998354498447,0.0045
00e9be89-00000160.jpg,00e9be89-00000165.jpg,orb,2000,2000,15,5,0.3333,0.0075,44.4,0.1045,0.0278,,low_light,2,7.61518694019289,0.0075
00e9be89-00000165.jpg,00e9be89-00000175.jpg,orb,2000,2000,9,4,0.4444,0.0045,46.6667,0.0853,0.0292,,low_light,2,7.668322625066623,0.0045
00e9be89-00000175.jpg,00e9be89-00000190.jpg,orb,2000,2000,7,4,0.5714,0.0035,43.7143,0.0927,0.0282,,low_light,2,7.4736021656255165,0.0035
00e9be89-00000190.jpg,00e9be89-00001000.jpg,orb,2000,2000,3,0,0.0,0.0015,46.6667,0.0799,0.0292,,low_light,2,7.596372276830179,0.0015
00e9be89-00001000.jpg,00e9be89-00001005.jpg,orb,2000,2000,14,5,0.3571,0.007,45.2143,0.0636,0.0343,,low_light,2,7.833738326513153,0.007
00e9be89-00001005.jpg,00e9be89-00001010.jpg,orb,2000,2000,13,5,0.3846,0.0065,46.2308,0.0588,0.0273,,low_light,2,7.9633400511103165,0.0065
00e9be89-00001010.jpg,00e9be89-00001015.jpg,orb,2000,2000,24,8,0.3333,0.012,42.5,0.0602,0.0328,,low_light,2,8.119748743464505,0.012048192771084338
00e9be89-00001015.jpg,00e9be89-00001020.jpg,orb,2000,2000,25,9,0.36,0.0125,41.04,0.0564,0.0285,,low_light,2,8.075085000582819,0.012550200803212851
00e9be89-00001020.jpg,00e9be89-00001025.jpg,orb,2000,2000,19,7,0.3684,0.0095,39.9474,0.0568,0.0277,,low_light,2,8.091517025057602,0.0095
00e9be89-00001025.jpg,00e9be89-00001030.jpg,orb,2000,2000,28,16,0.5714,0.014,38.5714,0.0591,0.0318,,low_light,2,8.120655406535587,0.014
00e9be89-00001030.jpg,00e9be89-00001035.jpg,orb,2000,2000,63,40,0.6349,0.0315,37.4127,0.0629,0.0285,,low_light,2,8.120243717236471,0.0315
00e9be89-00001035.jpg,00e9be89-00001040.jpg,orb,2000,2000,93,70,0.7527,0.0465,35.8925,0.0552,0.0274,,low_light,2,8.1466767035893,0.0465
00e9be89-00001040.jpg,00e9be89-00001045.jpg,orb,2000,2000,168,94,0.5595,0.084,36.7202,0.0514,0.0306,,low_light,2,8.148601685006334,0.084
00e9be89-00001045.jpg,00e9be89-00001050.jpg,orb,2000,2000,68,25,0.3676,0.034,38.2059,0.066,0.0333,,low_light,2,8.153168567179666,0.034
00e9be89-00001050.jpg,00e9be89-00001055.jpg,orb,2000,2000,81,43,0.5309,0.0405,37.0123,0.0652,0.0333,,low_light,2,8.147358877404788,0.0405
00e9be89-00001055.jpg,00e9be89-00001060.jpg,orb,2000,2000,88,49,0.5568,0.044,36.9318,0.0622,0.0302,,low_light,2,8.174464187154648,0.044
00e9be89-00001060.jpg,00e9be89-00001065.jpg,orb,2000,2000,50,35,0.7,0.025,38.68,0.0668,0.0311,,low_light,2,8.263681613742826,0.025
00e9be89-00001065.jpg,00e9be89-00001070.jpg,orb,2000,2000,102,92,0.902,0.051,36.549,0.0694,0.028,,low_light,2,8.276850394210069,0.051
00e9be89-00001070.jpg,00e9be89-00001075.jpg,orb,2000,2000,68,33,0.4853,0.034,39.2794,0.073,0.0321,,low_light,2,8.094832038199506,0.034
00e9be89-00001075.jpg,00e9be89-00001080.jpg,orb,2000,2000,41,23,0.561,0.0205,39.1707,0.0744,0.0278,,low_light,2,8.115304591176908,0.0205
00e9be89-00001080.jpg,00e9be89-00001090.jpg,orb,2000,2000,18,11,0.6111,0.009,42.2222,0.0659,0.0291,,low_light,2,8.342141537385144,0.009
00e9be89-00001090.jpg,00e9be89-00001095.jpg,orb,2000,2000,37,15,0.4054,0.0185,37.2973,0.059,0.0297,,low_light,2,8.392218240889033,0.0185
00e9be89-00001095.jpg,00e9be89-00001100.jpg,orb,2000,2000,55,20,0.3636,0.0275,41.0545,0.0697,0.0268,,low_light,2,8.330984846854847,0.0275
00e9be89-00001100.jpg,00e9be89-00001105.jpg,orb,2000,2000,25,4,0.16,0.0125,45.48,0.0766,0.0372,,low_light,2,8.219632292679247,0.0125
00e9be89-00001105.jpg,00e9be89-00001115.jpg,orb,2000,2000,18,7,0.3889,0.009,43.8889,0.0723,0.0283,,low_light,2,7.841375786366089,0.009
00e9be89-00001115.jpg,00e9be89-00001125.jpg,orb,2000,2000,30,7,0.2333,0.015,46.0333,0.0686,0.0275,,low_light,2,7.894482070366544,0.015
00e9be89-00001125.jpg,00e9be89-00001130.jpg,orb,2000,2000,48,16,0.3333,0.024,38.9792,0.0745,0.0265,,low_light,2,8.119537071597573,0.024
00e9be89-00001130.jpg,00e9be89-00001135.jpg,orb,2000,2000,46,28,0.6087,0.023,38.2391,0.0628,0.0267,,low_light,2,8.186131022324362,0.023
00e9be89-00001135.jpg,00e9be89-00001140.jpg,orb,2000,2000,71,57,0.8028,0.0355,34.8451,0.0578,0.0306,,low_light,2,8.380181721962208,0.0355
00e9be89-00001140.jpg,00e9be89-00001150.jpg,orb,2000,2000,49,34,0.6939,0.0245,36.4286,0.0625,0.0292,,low_light,2,8.401539193907777,0.0245
00e9be89-00001150.jpg,00e9be89-00001155.jpg,orb,2000,2000,76,57,0.75,0.038,35.5921,0.0622,0.0287,,low_light,2,8.44713928570824,0.038
00e9be89-00001155.jpg,00e9be89-00001160.jpg,orb,2000,2000,94,56,0.5957,0.047,33.6915,0.0568,0.0284,,low_light,2,8.45923580090172,0.047
00e9be89-00001160.jpg,00e9be89-00001165.jpg,orb,2000,2000,22,11,0.5,0.011,40.2273,0.0568,0.0292,,low_light,2,8.481898679042018,0.011
00e9be89-00001165.jpg,00e9be89-00001170.jpg,orb,2000,2000,43,14,0.3256,0.0215,38.4419,0.0689,0.0293,,low_light,2,8.475950432772539,0.0215
00e9be89-00001170.jpg,00e9be89-00001175.jpg,orb,2000,2000,28,17,0.6071,0.014,38.1786,0.0708,0.0284,,low_light,2,8.471280032576754,0.014
00e9be89-00001175.jpg,00e9be89-00001180.jpg,orb,2000,2000,71,31,0.4366,0.0355,38.3803,0.069,0.0292,,low_light,2,8.491549198750967,0.0355
00e9be89-00001180.jpg,00e9be89-00001185.jpg,orb,2000,2000,39,17,0.4359,0.0195,39.4615,0.07,0.0293,,low_light,2,8.441286263893202,0.0195
00e9be89-00001185.jpg,00e9be89-00001190.jpg,orb,2000,2000,19,7,0.3684,0.0095,45.0,0.0787,0.0295,,low_light,2,8.358400260006473,0.0095
00e9be89-00001190.jpg,00e9be89-00001195.jpg,orb,2000,2000,20,6,0.3,0.01,46.7,0.0743,0.0295,,low_light,2,7.730317111583162,0.01
00e9be89-00001195.jpg,00e9be89-00001200.jpg,orb,2000,2000,19,5,0.2632,0.0095,44.6316,0.062,0.0333,,low_light,2,7.833979855567374,0.009562154001006542
00e9be89-00001200.jpg,00e9be89-00001205.jpg,orb,2000,2000,25,10,0.4,0.0125,39.88,0.0593,0.0295,,low_light,2,8.50565486849903,0.012581781580271767
00e9be89-00001205.jpg,00e9be89-00001210.jpg,orb,2000,2000,19,6,0.3158,0.0095,42.8421,0.0581,0.0271,,low_light,2,8.4751473595031,0.009519038076152305
00e9be89-00001210.jpg,00e9be89-00001215.jpg,orb,2000,2000,33,17,0.5152,0.0165,39.4242,0.0625,0.0314,,low_light,2,8.36550689549207,0.0165
00e9be89-00001215.jpg,00e9be89-00001220.jpg,orb,2000,2000,19,8,0.4211,0.0095,44.2632,0.0702,0.0338,,low_light,2,8.134918847910889,0.0095
00e9be89-00001220.jpg,00e9be89-00001225.jpg,orb,2000,2000,16,6,0.375,0.008,45.0,0.0687,0.0283,,low_light,2,8.152017389374503,0.008
00e9be89-00001225.jpg,00e9be89-00001230.jpg,orb,2000,2000,16,7,0.4375,0.008,44.125,0.0637,0.0292,,low_light,2,8.339869334719339,0.008
00e9be89-00001230.jpg,00e9be89-00001240.jpg,orb,2000,1953,38,27,0.7105,0.0195,33.8158,0.0615,0.0292,,low_light,2,8.362665966832767,0.020890599230346345
00e9be89-00001240.jpg,00e9be89-00001245.jpg,orb,1953,2000,37,25,0.6757,0.0189,40.1351,0.0633,0.026,,low_light,2,8.249485491970297,0.02034084661902144
00e9be89-00001245.jpg,00e9be89-00001250.jpg,orb,2000,2000,18,10,0.5556,0.009,41.5,0.0667,0.03,,low_light,2,8.339831200975762,0.009
00e9be89-00001250.jpg,00e9be89-00001255.jpg,orb,2000,2000,32,15,0.4688,0.016,38.9688,0.066,0.0338,,low_light,2,8.51438513522892,0.016
00e9be89-00001255.jpg,00e9be89-00001260.jpg,orb,2000,2000,27,21,0.7778,0.0135,39.037,0.0667,0.0304,,low_light,2,8.535922162546367,0.0135
00e9be89-00001260.jpg,00e9be89-00001265.jpg,orb,2000,2000,19,12,0.6316,0.0095,41.1053,0.0735,0.0282,,low_light,2,8.393145233109395,0.0095
00e9be89-00001265.jpg,00e9be89-00001270.jpg,orb,2000,2000,7,4,0.5714,0.0035,43.7143,0.0863,0.0285,,low_light,2,8.028772139885142,0.0035
00e9be89-00001270.jpg,00e9be89-00001275.jpg,orb,2000,2000,8,5,0.625,0.004,46.375,0.084,0.0271,,low_light,2,7.961211420076388,0.004
00e9be89-00001275.jpg,00e9be89-00001280.jpg,orb,2000,2000,11,4,0.3636,0.0055,44.3636,0.083,0.0284,,low_light,2,7.634061289392,0.0055
00e9be89-00001280.jpg,00e9be89-00001285.jpg,orb,2000,2000,3,0,0.0,0.0015,42.6667,0.0834,0.027,,low_light,2,6.866954389211204,0.0015
00e9be89-00001285.jpg,00e9be89-00001290.jpg,orb,2000,2000,12,5,0.4167,0.006,47.0,0.0716,0.0315,,low_light,2,7.084967952745776,0.006
00e9be89-00001290.jpg,00e9be89-00001295.jpg,orb,2000,2000,14,4,0.2857,0.007,45.7143,0.0705,0.0282,,low_light,2,7.1578903296657215,0.007
00e9be89-00001295.jpg,00e9be89-00001305.jpg,orb,2000,2000,5,0,0.0,0.0025,49.0,0.0817,0.0292,,low_light,2,6.925629563124692,0.0025
00e9be89-00001305.jpg,00e9be89-00001310.jpg,orb,2000,2000,15,5,0.3333,0.0075,45.5333,0.0924,0.0335,,low_light,2,6.945817426141685,0.0075
00e9be89-00001310.jpg,00e9be89-00001315.jpg,orb,2000,2000,6,4,0.6667,0.003,46.3333,0.0854,0.03,,low_light,2,6.506224346623592,0.003
00e9be89-00001315.jpg,00e9be89-00001325.jpg,orb,2000,2000,16,6,0.375,0.008,37.3125,0.0676,0.0284,,low_light,2,6.328783741562893,0.008
00e9be89-00001325.jpg,00e9be89-00001330.jpg,orb,2000,2000,29,8,0.2759,0.0145,37.4138,0.075,0.0313,,low_light,2,7.013461412348674,0.0145
00e9be89-00001330.jpg,00e9be89-00001335.jpg,orb,2000,2000,16,5,0.3125,0.008,43.9375,0.0652,0.0274,,low_light,2,7.486857592187618,0.008
00e9be89-00001335.jpg,00e9be89-00001340.jpg,orb,2000,2000,21,7,0.3333,0.0105,43.5714,0.0672,0.0278,,low_light,2,7.635261645738546,0.0105
00e9be89-00001340.jpg,00e9be89-00001345.jpg,orb,2000,2000,16,5,0.3125,0.008,40.9375,0.071,0.0265,,low_light,2,7.81529842580044,0.008
00e9be89-00001345.jpg,00e9be89-00001350.jpg,orb,2000,2000,12,4,0.3333,0.006,44.6667,0.0606,0.0263,,low_light,2,7.69938473425209,0.006
00e9be89-00001350.jpg,00e9be89-00001355.jpg,orb,2000,2000,26,9,0.3462,0.013,42.0385,0.0664,0.0275,,low_light,2,7.767257114243444,0.013
00e9be89-00001355.jpg,00e9be89-00001360.jpg,orb,2000,2000,15,5,0.3333,0.0075,42.8,0.0665,0.0294,,low_light,2,7.741808118725276,0.0075
00e9be89-00001360.jpg,00e9be89-00001365.jpg,orb,2000,2000,20,7,0.35,0.01,40.5,0.0698,0.0321,,low_light,2,7.643296512787542,0.01
00e9be89-00001365.jpg,00e9be89-00001370.jpg,orb,2000,2000,23,9,0.3913,0.0115,39.6087,0.0633,0.0308,,low_light,2,7.747000254834521,0.0115
00e9be89-00001370.jpg,00e9be89-00001375.jpg,orb,2000,2000,135,72,0.5333,0.0675,35.5556,0.0645,0.0301,,low_light,2,7.703603693548982,0.0675
00e9be89-00001375.jpg,00e9be89-00001380.jpg,orb,2000,2000,299,128,0.4281,0.1495,35.1839,0.0717,0.0316,,low_light,2,7.670543365366547,0.1495
00e9be89-00001380.jpg,00e9be89-00001385.jpg,orb,2000,2000,251,117,0.4661,0.1255,33.0159,0.0755,0.0287,,low_light,2,7.763655444830459,0.1255
00e9be89-00001385.jpg,00e9be89-00001390.jpg,orb,2000,2000,39,25,0.641,0.0195,34.0769,0.0664,0.0283,,low_light,2,7.602225738406474,0.0195
00e9be89-00001390.jpg,00e9be89-00001395.jpg,orb,2000,2000,63,33,0.5238,0.0315,33.4444,0.0723,0.0322,,low_light,2,7.464570823516941,0.0315
00e9be89-00001395.jpg,00e9be89-00001400.jpg,orb,2000,2000,108,54,0.5,0.054,33.0741,0.0606,0.0312,,low_light,2,7.564625783576206,0.054
00e9be89-00001400.jpg,00e9be89-00001405.jpg,orb,2000,2000,103,42,0.4078,0.0515,31.6019,0.0709,0.0294,,low_light,2,7.638492543172033,0.0515
00e9be89-00001405.jpg,00e9be89-00001410.jpg,orb,2000,2000,91,33,0.3626,0.0455,32.8681,0.0627,0.0293,,low_light,2,7.691632907138933,0.0455
00e9be89-00001410.jpg,00e9be89-00001415.jpg,orb,2000,2000,177,55,0.3107,0.0885,33.1695,0.065,0.0269,,low_light,2,7.694843501004279,0.0885
00e9be89-00001415.jpg,00e9be89-00001420.jpg,orb,2000,2000,76,32,0.4211,0.038,32.8684,0.0688,0.0313,,low_light,2,7.601884468170284,0.038
00e9be89-00001420.jpg,00e9be89-00001425.jpg,orb,2000,2000,77,30,0.3896,0.0385,32.1818,0.0739,0.0415,,low_light,2,7.48591011692322,0.0385
00e9be89-00001425.jpg,00e9be89-00001430.jpg,orb,2000,2000,123,70,0.5691,0.0615,33.3984,0.0744,0.0337,,low_light,2,7.37754083495626,0.0615
00e9be89-00001430.jpg,00e9be89-00001440.jpg,orb,2000,2000,36,14,0.3889,0.018,40.7778,0.0686,0.0321,,low_light,2,7.517052898771472,0.018
00e9be89-00001440.jpg,00e9be89-00001445.jpg,orb,2000,2000,75,25,0.3333,0.0375,33.0533,0.0987,0.0483,,low_light,2,7.599891011561565,0.0375
00e9be89-00001445.jpg,00e9be89-00001450.jpg,orb,2000,2000,44,24,0.5455,0.022,40.5227,0.0833,0.0412,,low_light,2,7.390490158189801,0.022
00e9be89-00001450.jpg,00e9be89-00001455.jpg,orb,2000,2000,64,45,0.7031,0.032,35.7344,0.0662,0.035,,low_light,2,7.587223392080844,0.032
00e9be89-00001455.jpg,00e9be89-00001460.jpg,orb,2000,2000,125,69,0.552,0.0625,36.192,0.0662,0.0445,,low_light,2,7.941684863160567,0.0625
00e9be89-00001460.jpg,00e9be89-00001465.jpg,orb,2000,2000,118,79,0.6695,0.059,32.2797,0.0714,0.0398,,low_light,2,7.906813846860709,0.059
00e9be89-00001465.jpg,00e9be89-00001470.jpg,orb,2000,2000,18,5,0.2778,0.009,43.2222,0.0753,0.0361,,low_light,2,7.951265240998211,0.009
00e9be89-00001470.jpg,00e9be89-00001475.jpg,orb,2000,2000,60,20,0.3333,0.03,32.4667,0.0718,0.0344,,low_light,2,8.031472820851198,0.03
00e9be89-00001475.jpg,00e9be89-00001480.jpg,orb,2000,2000,43,23,0.5349,0.0215,39.4419,0.0725,0.0382,,low_light,2,7.949829143373808,0.0215
00e9be89-00001480.jpg,00e9be89-00001485.jpg,orb,2000,2000,28,10,0.3571,0.014,37.75,0.0782,0.0374,,low_light,2,8.184769061916288,0.014
00e9be89-00001485.jpg,00e9be89-00001490.jpg,orb,2000,2000,41,17,0.4146,0.0205,34.561,0.0614,0.0341,,low_light,2,8.550453256159596,0.0205
00e9be89-00001490.jpg,00e9be89-00001495.jpg,orb,2000,2000,550,535,0.9727,0.275,21.7564,0.0598,0.0301,,low_light,2,8.604991778394597,0.275
00e9be89-00001495.jpg,00e9be89-00001500.jpg,orb,2000,2000,732,723,0.9877,0.366,19.0328,0.0522,0.0316,,low_light,2,8.609091443862951,0.366
00e9be89-00001500.jpg,00e9be89-00001505.jpg,orb,2000,2000,315,257,0.8159,0.1575,27.0127,0.0565,0.0289,,low_light,2,8.611912023157268,0.1575
00e9be89-00001505.jpg,00e9be89-00001510.jpg,orb,2000,2000,40,18,0.45,0.02,40.325,0.0582,0.0285,,low_light,2,8.575096857916359,0.02
00e9be89-00001510.jpg,00e9be89-00001515.jpg,orb,2000,2000,30,10,0.3333,0.015,40.6667,0.0874,0.0373,,low_light,2,8.454811983959129,0.015
00e9be89-00001515.jpg,00e9be89-00001520.jpg,orb,2000,2000,17,4,0.2353,0.0085,41.3529,0.066,0.0362,,low_light,2,8.277887516793296,0.0085
00e9be89-00001520.jpg,00e9be89-00001525.jpg,orb,2000,2000,56,30,0.5357,0.028,37.1964,0.0779,0.0362,,low_light,2,8.272264443336674,0.028
00e9be89-00001525.jpg,00e9be89-00001535.jpg,orb,2000,2000,27,7,0.2593,0.0135,42.8889,0.0964,0.0536,,low_light,2,8.315017539849123,0.0135
00e9be89-00001535.jpg,00e9be89-00001540.jpg,orb,2000,2000,18,6,0.3333,0.009,42.2222,0.0765,0.0361,,low_light,2,7.8493416467936,0.009
00e9be89-00001540.jpg,00e9be89-00001545.jpg,orb,2000,2000,22,9,0.4091,0.011,37.8182,0.0783,0.038,,low_light,2,7.599649827006159,0.011
00e9be89-00001545.jpg,00e9be89-00001550.jpg,orb,2000,2000,223,126,0.565,0.1115,31.5426,0.0752,0.0328,,low_light,2,7.771668952422209,0.1115
00e9be89-00001550.jpg,00e9be89-00001555.jpg,orb,2000,2000,315,299,0.9492,0.1575,23.873,0.0658,0.0301,,low_light,2,7.7744530588027665,0.1575
00e9be89-00001555.jpg,00e9be89-00001560.jpg,orb,2000,2000,284,265,0.9331,0.142,26.3204,0.0704,0.0337,,low_light,2,7.77520175248505,0.142
00e9be89-00001560.jpg,00e9be89-00001565.jpg,orb,2000,2000,375,333,0.888,0.1875,26.504,0.0724,0.0336,,low_light,2,7.790137392368372,0.1875
00e9be89-00001565.jpg,00e9be89-00001570.jpg,orb,2000,2000,68,36,0.5294,0.034,36.0441,0.0739,0.0377,,low_light,2,7.843415546907817,0.034
00e9be89-00001570.jpg,00e9be89-00001575.jpg,orb,2000,2000,51,29,0.5686,0.0255,38.3137,0.0759,0.0301,,low_light,2,7.889548485763435,0.0255
00e9be89-00001575.jpg,00e9be89-00001580.jpg,orb,2000,2000,108,87,0.8056,0.054,34.8426,0.0658,0.0281,,low_light,2,7.864386868087538,0.054
00e9be89-00001580.jpg,00e9be89-00001585.jpg,orb,2000,2000,40,23,0.575,0.02,39.3,0.0679,0.0281,,low_light,2,7.622404710111463,0.02
00e9be89-00001585.jpg,00e9be89-00001590.jpg,orb,2000,2000,17,6,0.3529,0.0085,44.6471,0.0663,0.0261,,low_light,2,7.193813561250243,0.0085
00e9be89-00001590.jpg,00e9be89-00001595.jpg,orb,2000,2000,16,5,0.3125,0.008,44.0,0.0638,0.0281,,low_light,2,6.800271778962852,0.008
00e9be89-00001595.jpg,00e9be89-00001600.jpg,orb,2000,2000,21,6,0.2857,0.0105,44.0476,0.0698,0.0281,,low_light,2,6.9323988815992905,0.0105
00e9be89-00001600.jpg,00e9be89-00001605.jpg,orb,2000,2000,145,98,0.6759,0.0725,34.9448,0.0644,0.0301,,low_light,2,7.206561818292181,0.0725
00e9be89-00001605.jpg,00e9be89-00001610.jpg,orb,2000,2000,49,24,0.4898,0.0245,40.898,0.0678,0.0261,,low_light,2,7.347734926100529,0.0245
00e9be89-00001610.jpg,00e9be89-00001620.jpg,orb,2000,2000,10,5,0.5,0.005,43.8,0.0698,0.0341,,low_light,2,7.4123941343375215,0.005
00e9be89-00001620.jpg,00e9be89-00001625.jpg,orb,2000,2000,59,30,0.5085,0.0295,37.0508,0.06,0.0301,,low_light,2,7.404558682878923,0.0295
00e9be89-00001625.jpg,00e9be89-00001630.jpg,orb,2000,2000,53,23,0.434,0.0265,36.8868,0.0635,0.0281,,low_light,2,7.543899105203544,0.0265
00e9be89-00001630.jpg,00e9be89-00001635.jpg,orb,2000,2000,14,5,0.3571,0.007,43.9286,0.0706,0.0321,,low_light,2,7.746366956752132,0.007
00e9be89-00001635.jpg,00e9be89-00001640.jpg,orb,2000,2000,14,1,0.0714,0.007,45.9286,0.0565,0.0241,,low_light,2,7.239858152565581,0.007
00e9be89-00001640.jpg,00e9be89-00001645.jpg,orb,2000,2000,7,4,0.5714,0.0035,46.7143,0.0618,0.0261,,low_light,2,6.661123776574733,0.0035
00e9be89-00001645.jpg,00e9be89-00001650.jpg,orb,2000,2000,14,4,0.2857,0.007,36.1429,0.0623,0.0281,,low_light,2,6.926651907323214,0.007
00e9be89-00001650.jpg,00e9be89-00001655.jpg,orb,2000,2000,17,2,0.1176,0.0085,42.8235,0.0643,0.0296,,low_light,2,6.944627869911462,0.0085
00e9be89-00001655.jpg,00e9be89-00001665.jpg,orb,2000,2000,3,0,0.0,0.0015,40.0,0.0661,0.0281,,low_light,2,7.395542862223301,0.0015
00e9be89-00001665.jpg,00e9be89-00001670.jpg,orb,2000,2000,19,7,0.3684,0.0095,44.8947,0.0658,0.0281,,low_light,2,7.98904698543508,0.0095
00e9be89-00001670.jpg,00e9be89-00001675.jpg,orb,2000,2000,26,8,0.3077,0.013,42.4231,0.0777,0.0322,,low_light,2,7.852269350148377,0.013
00e9be89-00001675.jpg,00e9be89-00001680.jpg,orb,2000,2000,29,21,0.7241,0.0145,38.069,0.0759,0.0301,,low_light,2,7.711562700744214,0.0145
00e9be89-00001680.jpg,00e9be89-00001685.jpg,orb,2000,2000,27,11,0.4074,0.0135,40.7407,0.0864,0.0296,,low_light,2,7.932179225203636,0.0135
00e9be89-00001685.jpg,00e9be89-00001690.jpg,orb,2000,2000,13,3,0.2308,0.0065,41.4615,0.0881,0.0301,,low_light,2,8.435953260912768,0.0065
00e9be89-00001690.jpg,00e9be89-00001695.jpg,orb,2000,2000,15,7,0.4667,0.0075,40.2667,0.0831,0.0381,,low_light,2,8.67366574203088,0.0075
00e9be89-00001695.jpg,00e9be89-00001705.jpg,orb,2000,2000,23,9,0.3913,0.0115,41.3913,0.07,0.0329,,low_light,2,8.472057644252011,0.0115
00e9be89-00001705.jpg,00e9be89-00001710.jpg,orb,2000,2000,92,72,0.7826,0.046,32.913,0.0685,0.0397,,low_light,2,8.251472013765284,0.046
00e9be89-00001710.jpg,00e9be89-00001715.jpg,orb,2000,2000,42,20,0.4762,0.021,37.7619,0.0643,0.0281,,low_light,2,8.153562356752932,0.021
00e9be89-00001715.jpg,00e9be89-00001720.jpg,orb,2000,2000,54,38,0.7037,0.027,36.963,0.079,0.0435,,low_light,2,8.176474338291257,0.027054108216432865
00e9be89-00001720.jpg,00e9be89-00001725.jpg,orb,2000,2000,82,66,0.8049,0.041,33.4024,0.0704,0.0377,,low_light,2,8.234101999003018,0.041082164328657314
00e9be89-00001725.jpg,00e9be89-00001730.jpg,orb,2000,2000,72,58,0.8056,0.036,32.4722,0.0704,0.0357,,low_light,2,8.216326352035319,0.036
00e9be89-00001730.jpg,00e9be89-00001740.jpg,orb,2000,2000,11,5,0.4545,0.0055,42.0909,0.1785,0.0759,,low_light,2,8.226064965476464,0.0055
00e9be89-00001740.jpg,00e9be89-00001745.jpg,orb,2000,2000,13,5,0.3846,0.0065,46.0769,0.1016,0.1254,,low_light,2,8.042035951476706,0.0065
00e9be89-00001745.jpg,00e9be89-00001750.jpg,orb,2000,2000,12,4,0.3333,0.006,45.9167,0.1444,0.038,,low_light,2,7.815722089844534,0.006
00e9be89-00001750.jpg,00e9be89-00001755.jpg,orb,2000,2000,53,35,0.6604,0.0265,37.1321,0.0793,0.0402,,low_light,2,7.942264947246721,0.0265
00e9be89-00001755.jpg,00e9be89-00001760.jpg,orb,2000,2000,31,20,0.6452,0.0155,35.0645,0.1403,0.0417,,low_light,2,8.070785918666097,0.0155
00e9be89-00001760.jpg,00e9be89-00001765.jpg,orb,2000,2000,25,15,0.6,0.0125,37.08,0.0946,0.0423,,low_light,2,7.772114340925468,0.0125
00e9be89-00001765.jpg,00e9be89-00001770.jpg,orb,2000,2000,31,15,0.4839,0.0155,39.8387,0.0855,0.0324,,low_light,2,7.500157966237736,0.0155
00e9be89-00001770.jpg,00e9be89-00001775.jpg,orb,2000,2000,28,13,0.4643,0.014,40.7143,0.0772,0.0368,,low_light,2,7.519403986338615,0.014
00e9be89-00001775.jpg,00e9be89-00001780.jpg,orb,2000,2000,41,25,0.6098,0.0205,37.561,0.0874,0.0384,,low_light,2,7.764978396893536,0.0205
00e9be89-00001780.jpg,00e9be89-00001785.jpg,orb,2000,2000,33,10,0.303,0.0165,43.2121,0.0829,0.0464,,low_light,2,7.824119254915551,0.0165
00e9be89-00001785.jpg,00e9be89-00001795.jpg,orb,2000,2000,22,6,0.2727,0.011,46.5909,0.0784,0.0391,,low_light,2,7.478903651799387,0.011
00e9be89-00001795.jpg,00e9be89-00001800.jpg,orb,2000,2000,751,733,0.976,0.3755,24.0839,0.0703,0.0276,,low_light,2,7.580381270619426,0.3755
00e9be89-00001800.jpg,00e9be89-00001810.jpg,orb,2000,2000,190,87,0.4579,0.095,32.8421,0.07,0.0362,,low_light,2,7.819734643360135,0.095
00e9be89-00001810.jpg,00e9be89-00001815.jpg,orb,2000,2000,162,66,0.4074,0.081,35.537,0.0727,0.0283,,low_light,2,7.791767889387062,0.081
00e9be89-00001815.jpg,00e9be89-00001820.jpg,orb,2000,2000,21,9,0.4286,0.0105,38.7619,0.1104,0.0534,,low_light,2,7.81204721505242,0.0105
00e9be89-00001820.jpg,00e9be89-00001825.jpg,orb,2000,2000,49,19,0.3878,0.0245,39.4694,0.0916,0.0429,,low_light,2,7.75608118861365,0.0245
00e9be89-00001825.jpg,00e9be89-00001830.jpg,orb,2000,2000,53,23,0.434,0.0265,36.3774,0.0724,0.0312,,low_light,2,7.688677123378014,0.0265
00e9be89-00001830.jpg,00e9be89-00001840.jpg,orb,2000,2000,20,6,0.3,0.01,40.25,0.0997,0.044,,low_light,2,7.594437339761466,0.01
00e9be89-00001840.jpg,00e9be89-00001845.jpg,orb,2000,2000,1115,1101,0.9874,0.5575,20.5946,0.0912,0.0382,,low_light,2,7.510490449082065,0.5575
00e9be89-00001845.jpg,00e9be89-00001865.jpg,orb,2000,2000,900,882,0.98,0.45,22.29,0.2521,0.0625,,low_light,2,7.495778003738815,0.45
00e9be89-00001865.jpg,00e9be89-00001870.jpg,orb,2000,2000,960,945,0.9844,0.48,22.1542,0.0999,0.0573,,low_light,2,7.54841492674044,0.48
00e9be89-00001870.jpg,00e9be89-00001875.jpg,orb,2000,2000,1112,1098,0.9874,0.556,19.0971,0.1035,0.0381,,low_light,2,7.5608710939860035,0.556
00e9be89-00001875.jpg,00e9be89-00001885.jpg,orb,2000,2000,1033,1021,0.9884,0.5165,20.9923,0.0859,0.0354,,low_light,2,7.49120169508563,0.5165
00e9be89-00001885.jpg,00e9be89-00001890.jpg,orb,2000,2000,1134,1122,0.9894,0.567,19.8042,0.0866,0.0341,,low_light,2,7.47423862604902,0.567
00e9be89-00001890.jpg,00e9be89-00001895.jpg,orb,2000,2000,1083,1074,0.9917,0.5415,19.6297,0.0858,0.0321,,low_light,2,7.490975649894919,0.5415
00e9be89-00001895.jpg,00e9be89-00001900.jpg,orb,2000,2000,1145,1133,0.9895,0.5725,20.7703,0.0847,0.0402,,low_light,2,7.50881222074872,0.5725
00e9be89-00001900.jpg,00e9be89-00001905.jpg,orb,2000,2000,345,263,0.7623,0.1725,31.3188,0.0919,0.0365,,low_light,2,7.528192581657679,0.1725
00e9be89-00001905.jpg,00e9be89-00001915.jpg,orb,2000,2000,25,9,0.36,0.0125,37.0,0.0881,0.0419,,low_light,2,7.558481881608074,0.0125
00e9be89-00000015.jpg,00e9be89-00000100.jpg,orb,2000,2000,8,4,0.5,0.004,49.375,0.2298,0.0701,C:\Users\amit\Project_digital_image_processing__Amit_Alon\outputs\visualizations\task2\enhanced_visualizations\low_light\level_3\match_00e9be89-00000015__00e9be89-00000100.png,low_light,3,5.606252806882879,0.004
00e9be89-00000100.jpg,00e9be89-00000105.jpg,orb,2000,2000,822,814,0.9903,0.411,25.1776,0.2014,0.0443,,low_light,3,5.83121433426977,0.411
00e9be89-00000105.jpg,00e9be89-00000110.jpg,orb,2000,2000,941,933,0.9915,0.4705,22.6068,0.1236,0.0364,,low_light,3,5.826910892545461,0.4705
00e9be89-00000110.jpg,00e9be89-00000115.jpg,orb,2000,2000,984,977,0.9929,0.492,24.0661,0.1143,0.0301,,low_light,3,5.828013907197766,0.492
00e9be89-00000115.jpg,00e9be89-00000120.jpg,orb,2000,2000,1066,1061,0.9953,0.533,21.394,0.114,0.0509,,low_light,3,5.831907949261588,0.533
00e9be89-00000120.jpg,00e9be89-00000125.jpg,orb,2000,2000,482,470,0.9751,0.241,32.2033,0.1593,0.0421,,low_light,3,5.742079547650223,0.241
00e9be89-00000125.jpg,00e9be89-00000130.jpg,orb,2000,2000,708,702,0.9915,0.354,26.7175,0.1185,0.0328,,low_light,3,5.678838738263066,0.354
00e9be89-00000130.jpg,00e9be89-00000135.jpg,orb,2000,2000,782,775,0.991,0.391,25.9335,0.1079,0.0304,,low_light,3,5.754848119513647,0.391
00e9be89-00000135.jpg,00e9be89-00000140.jpg,orb,2000,2000,767,754,0.9831,0.3835,25.7497,0.1171,0.0303,,low_light,3,5.807620534517324,0.3835
00e9be89-00000140.jpg,00e9be89-00000145.jpg,orb,2000,2000,124,105,0.8468,0.062,35.5484,0.1158,0.0419,,low_light,3,5.815632133065597,0.062
00e9be89-00000145.jpg,00e9be89-00000150.jpg,orb,2000,2000,19,4,0.2105,0.0095,48.6316,0.1273,0.0357,,low_light,3,5.613777708077335,0.0095
00e9be89-00000150.jpg,00e9be89-00000160.jpg,orb,2000,2000,6,4,0.6667,0.003,42.0,0.1278,0.032,,low_light,3,5.514378904303209,0.003
00e9be89-00000160.jpg,00e9be89-00000165.jpg,orb,2000,2000,11,4,0.3636,0.0055,44.4545,0.1016,0.0348,,low_light,3,5.690273249827591,0.0055
00e9be89-00000165.jpg,00e9be89-00000175.jpg,orb,2000,2000,9,2,0.2222,0.0045,42.2222,0.0878,0.0295,,low_light,3,5.727279305183421,0.0045
00e9be89-00000175.jpg,00e9be89-00000190.jpg,orb,2000,2000,11,3,0.2727,0.0055,42.0,0.1101,0.0377,,low_light,3,5.597667828575474,0.0055
00e9be89-00000190.jpg,00e9be89-00001000.jpg,orb,2000,2000,11,5,0.4545,0.0055,46.7273,0.0761,0.0566,,low_light,3,5.666483156741833,0.0055
00e9be89-00001000.jpg,00e9be89-00001005.jpg,orb,2000,2000,14,5,0.3571,0.007,42.5714,0.0638,0.033,,low_light,3,5.80232084431414,0.007
00e9be89-00001005.jpg,00e9be89-00001010.jpg,orb,2000,2000,11,6,0.5455,0.0055,47.4545,0.1069,0.032,,low_light,3,5.879088407347412,0.0055
00e9be89-00001010.jpg,00e9be89-00001015.jpg,orb,2000,2000,22,7,0.3182,0.011,44.4091,0.0648,0.0263,,low_light,3,5.9789132567924606,0.01104417670682731
00e9be89-00001015.jpg,00e9be89-00001020.jpg,orb,2000,2000,25,10,0.4,0.0125,39.32,0.0544,0.0301,,low_light,3,5.94933782628374,0.012550200803212851
00e9be89-00001020.jpg,00e9be89-00001025.jpg,orb,2000,2000,23,11,0.4783,0.0115,39.3913,0.0555,0.0302,,low_light,3,5.963766455745237,0.0115
00e9be89-00001025.jpg,00e9be89-00001030.jpg,orb,2000,2000,31,11,0.3548,0.0155,39.9355,0.0529,0.0305,,low_light,3,5.984462275483116,0.0155
00e9be89-00001030.jpg,00e9be89-00001035.jpg,orb,2000,2000,60,38,0.6333,0.03,37.4167,0.0836,0.0363,,low_light,3,5.984734157793909,0.03
00e9be89-00001035.jpg,00e9be89-00001040.jpg,orb,2000,2000,89,65,0.7303,0.0445,34.6067,0.0663,0.0404,,low_light,3,6.001901122137152,0.0445
00e9be89-00001040.jpg,00e9be89-00001045.jpg,orb,2000,2000,162,95,0.5864,0.081,35.7593,0.0652,0.033,,low_light,3,6.002547274958616,0.081
00e9be89-00001045.jpg,00e9be89-00001050.jpg,orb,2000,2000,64,32,0.5,0.032,37.0,0.0701,0.0402,,low_light,3,6.005363793979537,0.032
00e9be89-00001050.jpg,00e9be89-00001055.jpg,orb,2000,2000,90,37,0.4111,0.045,36.6778,0.0623,0.0341,,low_light,3,6.002291887906575,0.045
00e9be89-00001055.jpg,00e9be89-00001060.jpg,orb,2000,2000,95,45,0.4737,0.0475,37.2421,0.0586,0.0261,,low_light,3,6.020045281634979,0.0475
00e9be89-00001060.jpg,00e9be89-00001065.jpg,orb,2000,2000,45,34,0.7556,0.0225,40.3111,0.075,0.0351,,low_light,3,6.081878191488189,0.0225
00e9be89-00001065.jpg,00e9be89-00001070.jpg,orb,2000,2000,97,85,0.8763,0.0485,37.134,0.0838,0.0321,,low_light,3,6.094038952845747,0.0485
00e9be89-00001070.jpg,00e9be89-00001075.jpg,orb,2000,2000,74,52,0.7027,0.037,39.8243,0.0757,0.0379,,low_light,3,5.975794944949375,0.037
00e9be89-00001075.jpg,00e9be89-00001080.jpg,orb,2000,2000,37,18,0.4865,0.0185,38.1081,0.0972,0.0441,,low_light,3,5.987123460010614,0.0185
00e9be89-00001080.jpg,00e9be89-00001090.jpg,orb,2000,2000,26,13,0.5,0.013,40.9231,0.0924,0.044,,low_light,3,6.127065045853971,0.013
00e9be89-00001090.jpg,00e9be89-00001095.jpg,orb,2000,2000,45,31,0.6889,0.0225,37.8444,0.0752,0.0414,,low_light,3,6.155117380169825,0.0225
00e9be89-00001095.jpg,00e9be89-00001100.jpg,orb,2000,2000,47,17,0.3617,0.0235,40.9362,0.0675,0.0324,,low_light,3,6.116899570258564,0.0235
00e9be89-00001100.jpg,00e9be89-00001105.jpg,orb,2000,2000,25,10,0.4,0.0125,46.36,0.0703,0.0341,,low_light,3,6.047334781722201,0.0125
00e9be89-00001105.jpg,00e9be89-00001115.jpg,orb,2000,2000,11,5,0.4545,0.0055,45.5455,0.071,0.0365,,low_light,3,5.798701455195938,0.0055
00e9be89-00001115.jpg,00e9be89-00001125.jpg,orb,2000,2000,27,6,0.2222,0.0135,48.6296,0.0673,0.0325,,low_light,3,5.832465002584946,0.0135
00e9be89-00001125.jpg,00e9be89-00001130.jpg,orb,2000,2000,43,19,0.4419,0.0215,37.6512,0.0747,0.0282,,low_light,3,5.984465576515729,0.0215
00e9be89-00001130.jpg,00e9be89-00001135.jpg,orb,2000,2000,55,32,0.5818,0.0275,37.6,0.0676,0.0333,,low_light,3,6.025178887422019,0.0275
00e9be89-00001135.jpg,00e9be89-00001140.jpg,orb,2000,2000,65,56,0.8615,0.0325,33.8,0.0643,0.0276,,low_light,3,6.146652600560247,0.0325
00e9be89-00001140.jpg,00e9be89-00001150.jpg,orb,2000,2000,59,38,0.6441,0.0295,35.4068,0.0967,0.047,,low_light,3,6.158584957333814,0.0295
00e9be89-00001150.jpg,00e9be89-00001155.jpg,orb,2000,2000,64,43,0.6719,0.032,35.8281,0.0663,0.04,,low_light,3,6.186243833097003,0.032
00e9be89-00001155.jpg,00e9be89-00001160.jpg,orb,2000,2000,82,47,0.5732,0.041,33.7317,0.0687,0.0281,,low_light,3,6.193982351513975,0.041
00e9be89-00001160.jpg,00e9be89-00001165.jpg,orb,2000,2000,17,10,0.5882,0.0085,38.5294,0.0552,0.0321,,low_light,3,6.207587203628934,0.0085
00e9be89-00001165.jpg,00e9be89-00001170.jpg,orb,2000,2000,43,20,0.4651,0.0215,37.8372,0.0642,0.0313,,low_light,3,6.204404119425301,0.0215
00e9be89-00001170.jpg,00e9be89-00001175.jpg,orb,2000,2000,36,17,0.4722,0.018,37.3889,0.0785,0.0289,,low_light,3,6.2012929009462425,0.018
00e9be89-00001175.jpg,00e9be89-00001180.jpg,orb,2000,2000,70,40,0.5714,0.035,37.9857,0.0665,0.0319,,low_light,3,6.21307045585987,0.035
00e9be89-00001180.jpg,00e9be89-00001185.jpg,orb,2000,2000,38,14,0.3684,0.019,40.2105,0.0669,0.0308,,low_light,3,6.181778558982769,0.019
00e9be89-00001185.jpg,00e9be89-00001190.jpg,orb,2000,2000,20,8,0.4,0.01,43.95,0.0856,0.0345,,low_light,3,6.132444165988751,0.01
00e9be89-00001190.jpg,00e9be89-00001195.jpg,orb,2000,2000,13,5,0.3846,0.0065,46.1538,0.0775,0.0353,,low_light,3,5.7368786216550784,0.0065
00e9be89-00001195.jpg,00e9be89-00001200.jpg,orb,2000,2000,11,4,0.3636,0.0055,45.0909,0.0715,0.0382,,low_light,3,5.798912014728895,0.0055359838953195776
00e9be89-00001200.jpg,00e9be89-00001205.jpg,orb,2000,2000,18,8,0.4444,0.009,37.3333,0.069,0.028,,low_light,3,6.221273033516244,0.009058882737795673
00e9be89-00001205.jpg,00e9be89-00001210.jpg,orb,2000,2000,27,5,0.1852,0.0135,43.3333,0.0563,0.0281,,low_light,3,6.202109332954683,0.013527054108216433
00e9be89-00001210.jpg,00e9be89-00001215.jpg,orb,2000,2000,37,20,0.5405,0.0185,40.6216,0.061,0.0311,,low_light,3,6.133004961537598,0.0185
00e9be89-00001215.jpg,00e9be89-00001220.jpg,orb,2000,2000,22,7,0.3182,0.011,42.3182,0.0678,0.0321,,low_light,3,5.988050301864957,0.011
00e9be89-00001220.jpg,00e9be89-00001225.jpg,orb,2000,2000,18,4,0.2222,0.009,44.2778,0.0582,0.0281,,low_light,3,5.997198383818434,0.009
00e9be89-00001225.jpg,00e9be89-00001230.jpg,orb,2000,2000,11,2,0.1818,0.0055,44.9091,0.0679,0.0325,,low_light,3,6.114939801858531,0.0055
00e9be89-00001230.jpg,00e9be89-00001240.jpg,orb,2000,1928,42,26,0.619,0.0218,34.5476,0.0623,0.0301,,low_light,3,6.128968303310636,0.02308960967564596
00e9be89-00001240.jpg,00e9be89-00001245.jpg,orb,1928,2000,45,26,0.5778,0.0233,41.8222,0.061,0.0281,,low_light,3,6.056372091738038,0.02473886750962067
00e9be89-00001245.jpg,00e9be89-00001250.jpg,orb,2000,2000,20,9,0.45,0.01,39.0,0.0638,0.0341,,low_light,3,6.112555858728278,0.01
00e9be89-00001250.jpg,00e9be89-00001255.jpg,orb,2000,2000,32,14,0.4375,0.016,41.9062,0.0681,0.0311,,low_light,3,6.221931999132796,0.016
00e9be89-00001255.jpg,00e9be89-00001260.jpg,orb,2000,2000,25,14,0.56,0.0125,39.68,0.0678,0.0341,,low_light,3,6.238183015210565,0.0125
00e9be89-00001260.jpg,00e9be89-00001265.jpg,orb,2000,2000,19,13,0.6842,0.0095,38.2105,0.0719,0.0325,,low_light,3,6.16321469942888,0.0095
00e9be89-00001265.jpg,00e9be89-00001270.jpg,orb,2000,2000,12,6,0.5,0.006,45.9167,0.0659,0.0301,,low_light,3,5.946180063187374,0.006
00e9be89-00001270.jpg,00e9be89-00001275.jpg,orb,2000,2000,13,5,0.3846,0.0065,46.2308,0.0799,0.0321,,low_light,3,5.901991191733651,0.0065
00e9be89-00001275.jpg,00e9be89-00001280.jpg,orb,2000,2000,13,5,0.3846,0.0065,47.4615,0.0903,0.0281,,low_light,3,5.689962584078964,0.0065
00e9be89-00001280.jpg,00e9be89-00001285.jpg,orb,2000,2000,12,5,0.4167,0.006,45.1667,0.0844,0.0283,,low_light,3,5.187966966360145,0.006
00e9be89-00001285.jpg,00e9be89-00001290.jpg,orb,2000,2000,9,4,0.4444,0.0045,45.2222,0.068,0.0284,,low_light,3,5.331628600256428,0.0045
00e9be89-00001290.jpg,00e9be89-00001295.jpg,orb,2000,2000,6,4,0.6667,0.003,46.3333,0.1056,0.0491,,low_light,3,5.377590070785933,0.003
00e9be89-00001295.jpg,00e9be89-00001305.jpg,orb,2000,2000,12,4,0.3333,0.006,45.0,0.1047,0.0425,,low_light,3,5.219425511654064,0.006
00e9be89-00001305.jpg,00e9be89-00001310.jpg,orb,2000,2000,17,5,0.2941,0.0085,45.8824,0.0888,0.0301,,low_light,3,5.230948046413001,0.0085
00e9be89-00001310.jpg,00e9be89-00001315.jpg,orb,2000,2000,8,4,0.5,0.004,48.75,0.0896,0.0315,,low_light,3,4.937947202933574,0.004
00e9be89-00001315.jpg,00e9be89-00001325.jpg,orb,2000,2000,21,6,0.2857,0.0105,39.4762,0.0646,0.0321,,low_light,3,4.832919809409216,0.0105
00e9be89-00001325.jpg,00e9be89-00001330.jpg,orb,2000,2000,25,7,0.28,0.0125,37.16,0.0623,0.0276,,low_light,3,5.322183281423233,0.0125
00e9be89-00001330.jpg,00e9be89-00001335.jpg,orb,2000,2000,13,4,0.3077,0.0065,44.3077,0.0558,0.0382,,low_light,3,5.616983694747091,0.0065
00e9be89-00001335.jpg,00e9be89-00001340.jpg,orb,2000,2000,26,4,0.1538,0.013,45.2692,0.0557,0.0261,,low_light,3,5.673457898086596,0.013
00e9be89-00001340.jpg,00e9be89-00001345.jpg,orb,2000,2000,14,4,0.2857,0.007,45.4286,0.0682,0.0297,,low_light,3,5.798013940123745,0.007
00e9be89-00001345.jpg,00e9be89-00001350.jpg,orb,2000,2000,12,4,0.3333,0.006,49.25,0.08,0.0415,,low_light,3,5.72741662958284,0.006
00e9be89-00001350.jpg,00e9be89-00001355.jpg,orb,2000,2000,23,11,0.4783,0.0115,39.2609,0.0701,0.0341,,low_light,3,5.76857502803197,0.0115
00e9be89-00001355.jpg,00e9be89-00001360.jpg,orb,2000,2000,23,6,0.2609,0.0115,44.1304,0.0699,0.0311,,low_light,3,5.746531756863646,0.0115
00e9be89-00001360.jpg,00e9be89-00001365.jpg,orb,2000,2000,27,6,0.2222,0.0135,42.2593,0.0643,0.0321,,low_light,3,5.682012460701392,0.0135
00e9be89-00001365.jpg,00e9be89-00001370.jpg,orb,2000,2000,29,11,0.3793,0.0145,39.0,0.0773,0.0367,,low_light,3,5.752642701288376,0.0145
00e9be89-00001370.jpg,00e9be89-00001375.jpg,orb,2000,2000,137,68,0.4964,0.0685,37.1022,0.0801,0.0341,,low_light,3,5.723825365189345,0.0685
00e9be89-00001375.jpg,00e9be89-00001380.jpg,orb,2000,2000,283,111,0.3922,0.1415,34.4099,0.0607,0.0281,,low_light,3,5.701088011337725,0.1415
00e9be89-00001380.jpg,00e9be89-00001385.jpg,orb,2000,2000,247,100,0.4049,0.1235,33.1417,0.0693,0.0355,,low_light,3,5.764273533047066,0.1235
00e9be89-00001385.jpg,00e9be89-00001390.jpg,orb,2000,2000,35,19,0.5429,0.0175,35.1429,0.0718,0.0321,,low_light,3,5.661343547350789,0.0175
00e9be89-00001390.jpg,00e9be89-00001395.jpg,orb,2000,2000,77,35,0.4545,0.0385,35.4156,0.064,0.0321,,low_light,3,5.570435694637668,0.0385
00e9be89-00001395.jpg,00e9be89-00001400.jpg,orb,2000,2000,126,57,0.4524,0.063,33.5238,0.0683,0.0402,,low_light,3,5.63296026033656,0.063
00e9be89-00001400.jpg,00e9be89-00001405.jpg,orb,2000,2000,92,36,0.3913,0.046,32.2391,0.0577,0.0301,,low_light,3,5.682811095385878,0.046
00e9be89-00001405.jpg,00e9be89-00001410.jpg,orb,2000,2000,109,36,0.3303,0.0545,33.5505,0.0598,0.0361,,low_light,3,5.716804200893039,0.0545
00e9be89-00001410.jpg,00e9be89-00001415.jpg,orb,2000,2000,153,54,0.3529,0.0765,32.915,0.0562,0.0321,,low_light,3,5.718177522714447,0.0765
00e9be89-00001415.jpg,00e9be89-00001420.jpg,orb,2000,2000,92,34,0.3696,0.046,33.3043,0.0623,0.0301,,low_light,3,5.660312748464364,0.046
00e9be89-00001420.jpg,00e9be89-00001425.jpg,orb,2000,2000,80,34,0.425,0.04,33.3625,0.0598,0.0281,,low_light,3,5.581661559725193,0.04
00e9be89-00001425.jpg,00e9be89-00001430.jpg,orb,2000,2000,129,64,0.4961,0.0645,33.5426,0.0551,0.0281,,low_light,3,5.50599819096502,0.0645
00e9be89-00001430.jpg,00e9be89-00001440.jpg,orb,2000,2000,30,7,0.2333,0.015,40.1,0.0643,0.0463,,low_light,3,5.598546823275557,0.015
00e9be89-00001440.jpg,00e9be89-00001445.jpg,orb,2000,2000,68,27,0.3971,0.034,34.1765,0.0656,0.035,,low_light,3,5.657770973703853,0.034
00e9be89-00001445.jpg,00e9be89-00001450.jpg,orb,2000,2000,46,27,0.587,0.023,38.0,0.0762,0.0358,,low_light,3,5.52364825083599,0.023
00e9be89-00001450.jpg,00e9be89-00001455.jpg,orb,2000,2000,79,47,0.5949,0.0395,35.6329,0.0718,0.0341,,low_light,3,5.657631127618704,0.0395
00e9be89-00001455.jpg,00e9be89-00001460.jpg,orb,2000,2000,125,67,0.536,0.0625,35.184,0.0578,0.0321,,low_light,3,5.89187988191358,0.0625
00e9be89-00001460.jpg,00e9be89-00001465.jpg,orb,2000,2000,130,99,0.7615,0.065,32.0769,0.0517,0.0281,,low_light,3,5.8658373581785614,0.065
00e9be89-00001465.jpg,00e9be89-00001470.jpg,orb,2000,2000,18,6,0.3333,0.009,42.0,0.0562,0.0322,,low_light,3,5.887633942461489,0.009
00e9be89-00001470.jpg,00e9be89-00001475.jpg,orb,2000,2000,50,18,0.36,0.025,32.76,0.0583,0.0316,,low_light,3,5.935204795828973,0.025
00e9be89-00001475.jpg,00e9be89-00001480.jpg,orb,2000,2000,50,20,0.4,0.025,39.72,0.0543,0.0296,,low_light,3,5.886580275698647,0.025
00e9be89-00001480.jpg,00e9be89-00001485.jpg,orb,2000,2000,33,10,0.303,0.0165,37.5152,0.0687,0.0336,,low_light,3,6.031890200604755,0.0165
00e9be89-00001485.jpg,00e9be89-00001490.jpg,orb,2000,2000,55,24,0.4364,0.0275,35.6909,0.0681,0.0331,,low_light,3,6.259052967413192,0.0275
00e9be89-00001490.jpg,00e9be89-00001495.jpg,orb,2000,2000,531,520,0.9793,0.2655,21.1544,0.0725,0.0434,,low_light,3,6.292734815589641,0.2655
00e9be89-00001495.jpg,00e9be89-00001500.jpg,orb,2000,2000,704,692,0.983,0.352,19.1648,0.0678,0.0538,,low_light,3,6.295257388860819,0.352
00e9be89-00001500.jpg,00e9be89-00001505.jpg,orb,2000,2000,308,257,0.8344,0.154,26.8052,0.0655,0.0322,,low_light,3,6.296597017832236,0.154
00e9be89-00001505.jpg,00e9be89-00001510.jpg,orb,2000,2000,51,24,0.4706,0.0255,40.7843,0.0665,0.0338,,low_light,3,6.274425916882235,0.0255
00e9be89-00001510.jpg,00e9be89-00001515.jpg,orb,2000,2000,38,16,0.4211,0.019,40.7368,0.0623,0.0296,,low_light,3,6.206289586382741,0.019
00e9be89-00001515.jpg,00e9be89-00001520.jpg,orb,2000,2000,22,3,0.1364,0.011,42.1364,0.0602,0.0261,,low_light,3,6.1039966821492335,0.011
00e9be89-00001520.jpg,00e9be89-00001525.jpg,orb,2000,2000,59,39,0.661,0.0295,37.1525,0.1,0.0331,,low_light,3,6.101982050903538,0.0295
00e9be89-00001525.jpg,00e9be89-00001535.jpg,orb,2000,2000,21,7,0.3333,0.0105,41.0952,0.065,0.0404,,low_light,3,6.129307506840997,0.0105
00e9be89-00001535.jpg,00e9be89-00001540.jpg,orb,2000,2000,15,6,0.4,0.0075,41.0667,0.0663,0.0281,,low_light,3,5.835577095113283,0.0075
00e9be89-00001540.jpg,00e9be89-00001545.jpg,orb,2000,2000,22,9,0.4091,0.011,37.7727,0.072,0.0319,,low_light,3,5.6794769328243255,0.011
00e9be89-00001545.jpg,00e9be89-00001550.jpg,orb,2000,2000,229,140,0.6114,0.1145,30.9301,0.0642,0.0301,,low_light,3,5.790603820969396,0.1145
00e9be89-00001550.jpg,00e9be89-00001555.jpg,orb,2000,2000,303,289,0.9538,0.1515,23.637,0.0719,0.0422,,low_light,3,5.791588199561371,0.1515
00e9be89-00001555.jpg,00e9be89-00001560.jpg,orb,2000,2000,273,260,0.9524,0.1365,25.9707,0.0658,0.0361,,low_light,3,5.792297828714052,0.1365
00e9be89-00001560.jpg,00e9be89-00001565.jpg,orb,2000,2000,396,362,0.9141,0.198,25.0177,0.0691,0.0309,,low_light,3,5.802350274443008,0.198
00e9be89-00001565.jpg,00e9be89-00001570.jpg,orb,2000,2000,69,33,0.4783,0.0345,36.8696,0.0582,0.0276,,low_light,3,5.834706905269694,0.0345
00e9be89-00001570.jpg,00e9be89-00001575.jpg,orb,2000,2000,59,32,0.5424,0.0295,38.6949,0.0839,0.0307,,low_light,3,5.863056354033224,0.0295
00e9be89-00001575.jpg,00e9be89-00001580.jpg,orb,2000,2000,116,83,0.7155,0.058,35.5,0.0676,0.0345,,low_light,3,5.847442395348768,0.058
00e9be89-00001580.jpg,00e9be89-00001585.jpg,orb,2000,2000,49,28,0.5714,0.0245,39.7143,0.0683,0.0296,,low_light,3,5.690254338693227,0.0245
00e9be89-00001585.jpg,00e9be89-00001590.jpg,orb,2000,2000,11,5,0.4545,0.0055,43.7273,0.0719,0.0385,,low_light,3,5.4071932670590135,0.0055
00e9be89-00001590.jpg,00e9be89-00001595.jpg,orb,2000,2000,18,5,0.2778,0.009,41.8889,0.0831,0.0362,,low_light,3,5.146053973785202,0.009
00e9be89-00001595.jpg,00e9be89-00001600.jpg,orb,2000,2000,12,4,0.3333,0.006,45.6667,0.0877,0.0461,,low_light,3,5.229217505469269,0.006
00e9be89-00001600.jpg,00e9be89-00001605.jpg,orb,2000,2000,141,92,0.6525,0.0705,34.4255,0.1028,0.0522,,low_light,3,5.405867318485679,0.0705
00e9be89-00001605.jpg,00e9be89-00001610.jpg,orb,2000,2000,35,19,0.5429,0.0175,38.4,0.0766,0.0402,,low_light,3,5.4998038515551,0.0175
00e9be89-00001610.jpg,00e9be89-00001620.jpg,orb,2000,2000,10,5,0.5,0.005,43.1,0.0762,0.034,,low_light,3,5.546858226225062,0.005
00e9be89-00001620.jpg,00e9be89-00001625.jpg,orb,2000,2000,59,36,0.6102,0.0295,35.7797,0.0698,0.0301,,low_light,3,5.531701453257437,0.0295
00e9be89-00001625.jpg,00e9be89-00001630.jpg,orb,2000,2000,56,22,0.3929,0.028,36.0,0.0683,0.0281,,low_light,3,5.610008868026679,0.028
00e9be89-00001630.jpg,00e9be89-00001635.jpg,orb,2000,2000,20,4,0.2,0.01,46.4,0.0713,0.029,,low_light,3,5.746173196012969,0.01
00e9be89-00001635.jpg,00e9be89-00001640.jpg,orb,2000,2000,13,5,0.3846,0.0065,44.3846,0.0569,0.0321,,low_light,3,5.430102800323224,0.0065
00e9be89-00001640.jpg,00e9be89-00001645.jpg,orb,2000,2000,7,5,0.7143,0.0035,44.1429,0.0618,0.0261,,low_light,3,5.079631251767777,0.0035
00e9be89-00001645.jpg,00e9be89-00001650.jpg,orb,2000,2000,20,5,0.25,0.01,37.3,0.0709,0.0407,,low_light,3,5.271024172807534,0.01
00e9be89-00001650.jpg,00e9be89-00001655.jpg,orb,2000,2000,12,4,0.3333,0.006,43.9167,0.0764,0.0318,,low_light,3,5.26844422778353,0.006
00e9be89-00001655.jpg,00e9be89-00001665.jpg,orb,2000,2000,4,4,1.0,0.002,41.25,0.0779,0.0281,,low_light,3,5.534990169230934,0.002
00e9be89-00001665.jpg,00e9be89-00001670.jpg,orb,2000,2000,21,6,0.2857,0.0105,47.0,0.0718,0.0304,,low_light,3,5.911020114185276,0.0105
00e9be89-00001670.jpg,00e9be89-00001675.jpg,orb,2000,2000,26,10,0.3846,0.013,42.0769,0.069,0.0327,,low_light,3,5.82599134947047,0.013
00e9be89-00001675.jpg,00e9be89-00001680.jpg,orb,2000,2000,30,19,0.6333,0.015,38.0667,0.0754,0.0322,,low_light,3,5.735076662197051,0.015
00e9be89-00001680.jpg,00e9be89-00001685.jpg,orb,2000,2000,25,9,0.36,0.0125,38.04,0.1067,0.0402,,low_light,3,5.875706149917638,0.0125
00e9be89-00001685.jpg,00e9be89-00001690.jpg,orb,2000,2000,12,5,0.4167,0.006,39.6667,0.0968,0.0402,,low_light,3,6.19284783083522,0.006
00e9be89-00001690.jpg,00e9be89-00001695.jpg,orb,2000,2000,12,5,0.4167,0.006,44.1667,0.0784,0.0301,,low_light,3,6.332725845375595,0.006
00e9be89-00001695.jpg,00e9be89-00001705.jpg,orb,2000,2000,22,9,0.4091,0.011,40.9545,0.0679,0.0342,,low_light,3,6.207266105137428,0.011
00e9be89-00001705.jpg,00e9be89-00001710.jpg,orb,2000,2000,103,86,0.835,0.0515,32.5825,0.061,0.0422,,low_light,3,6.075463598452936,0.0515
00e9be89-00001710.jpg,00e9be89-00001715.jpg,orb,2000,2000,42,25,0.5952,0.021,38.0952,0.0634,0.0311,,low_light,3,6.016051053041214,0.021
00e9be89-00001715.jpg,00e9be89-00001720.jpg,orb,2000,2000,51,33,0.6471,0.0255,36.1569,0.0683,0.0301,,low_light,3,6.031393249619944,0.02555110220440882
00e9be89-00001720.jpg,00e9be89-00001725.jpg,orb,2000,2000,77,62,0.8052,0.0385,33.4156,0.0678,0.0314,,low_light,3,6.068215061490475,0.03857715430861723
00e9be89-00001725.jpg,00e9be89-00001730.jpg,orb,2000,2000,77,55,0.7143,0.0385,35.4545,0.0537,0.0301,,low_light,3,6.058311847081069,0.0385
00e9be89-00001730.jpg,00e9be89-00001740.jpg,orb,2000,2000,19,8,0.4211,0.0095,41.8421,0.0598,0.0301,,low_light,3,6.06609882146266,0.0095
00e9be89-00001740.jpg,00e9be89-00001745.jpg,orb,2000,2000,12,4,0.3333,0.006,43.8333,0.0766,0.0362,,low_light,3,5.980042259864188,0.006
00e9be89-00001745.jpg,00e9be89-00001750.jpg,orb,2000,2000,6,5,0.8333,0.003,46.0,0.0866,0.0296,,low_light,3,5.830917186543958,0.003
00e9be89-00001750.jpg,00e9be89-00001755.jpg,orb,2000,2000,59,44,0.7458,0.0295,35.7797,0.0623,0.0276,,low_light,3,5.873747360430401,0.0295
00e9be89-00001755.jpg,00e9be89-00001760.jpg,orb,2000,2000,34,21,0.6176,0.017,35.0882,0.0819,0.0382,,low_light,3,5.953304970811558,0.017
00e9be89-00001760.jpg,00e9be89-00001765.jpg,orb,2000,2000,21,16,0.7619,0.0105,32.8571,0.0763,0.032,,low_light,3,5.762664813446451,0.0105
00e9be89-00001765.jpg,00e9be89-00001770.jpg,orb,2000,2000,27,13,0.4815,0.0135,35.5556,0.0765,0.0294,,low_light,3,5.588482721992785,0.0135
00e9be89-00001770.jpg,00e9be89-00001775.jpg,orb,2000,2000,30,21,0.7,0.015,37.2,0.0764,0.0276,,low_light,3,5.599595417891433,0.015
00e9be89-00001775.jpg,00e9be89-00001780.jpg,orb,2000,2000,39,23,0.5897,0.0195,35.5897,0.0643,0.0301,,low_light,3,5.759459911487386,0.0195
00e9be89-00001780.jpg,00e9be89-00001785.jpg,orb,2000,2000,34,17,0.5,0.017,41.7647,0.0678,0.0301,,low_light,3,5.794762669977263,0.017
00e9be89-00001785.jpg,00e9be89-00001795.jpg,orb,2000,2000,20,8,0.4,0.01,43.35,0.0692,0.0262,,low_light,3,5.561946700903815,0.01
00e9be89-00001795.jpg,00e9be89-00001800.jpg,orb,2000,2000,782,756,0.9668,0.391,24.8414,0.0597,0.0281,,low_light,3,5.629861388224104,0.391
00e9be89-00001800.jpg,00e9be89-00001810.jpg,orb,2000,2000,207,96,0.4638,0.1035,34.0338,0.0641,0.0321,,low_light,3,5.791632731585304,0.1035
00e9be89-00001810.jpg,00e9be89-00001815.jpg,orb,2000,2000,138,58,0.4203,0.069,34.0362,0.0623,0.0281,,low_light,3,5.772886752013735,0.069
00e9be89-00001815.jpg,00e9be89-00001820.jpg,orb,2000,2000,28,11,0.3929,0.014,39.8929,0.0638,0.0382,,low_light,3,5.786213866462651,0.014
00e9be89-00001820.jpg,00e9be89-00001825.jpg,orb,2000,2000,53,20,0.3774,0.0265,39.9057,0.0683,0.0321,,low_light,3,5.749962927981949,0.0265
00e9be89-00001825.jpg,00e9be89-00001830.jpg,orb,2000,2000,60,22,0.3667,0.03,37.5667,0.0678,0.0261,,low_light,3,5.708911446947217,0.03
00e9be89-00001830.jpg,00e9be89-00001840.jpg,orb,2000,2000,25,6,0.24,0.0125,42.72,0.0663,0.0296,,low_light,3,5.652984363686317,0.0125
00e9be89-00001840.jpg,00e9be89-00001845.jpg,orb,2000,2000,1094,1076,0.9835,0.547,20.2706,0.0759,0.058,,low_light,3,5.600295083088476,0.547
00e9be89-00001845.jpg,00e9be89-00001865.jpg,orb,2000,2000,854,843,0.9871,0.427,21.5585,0.0704,0.0256,,low_light,3,5.591197611723078,0.427
00e9be89-00001865.jpg,00e9be89-00001870.jpg,orb,2000,2000,980,966,0.9857,0.49,22.1582,0.0703,0.03,,low_light,3,5.62624757389101,0.49
00e9be89-00001870.jpg,00e9be89-00001875.jpg,orb,2000,2000,1103,1087,0.9855,0.5515,18.9619,0.0703,0.0296,,low_light,3,5.633954060306101,0.5515
00e9be89-00001875.jpg,00e9be89-00001885.jpg,orb,2000,2000,1037,1030,0.9932,0.5185,20.7445,0.0683,0.0281,,low_light,3,5.587651910178189,0.5185
00e9be89-00001885.jpg,00e9be89-00001890.jpg,orb,2000,2000,1090,1078,0.989,0.545,19.9899,0.0703,0.0276,,low_light,3,5.576770996850585,0.545
00e9be89-00001890.jpg,00e9be89-00001895.jpg,orb,2000,2000,1086,1072,0.9871,0.543,20.175,0.0885,0.0442,,low_light,3,5.58753671669184,0.543
00e9be89-00001895.jpg,00e9be89-00001900.jpg,orb,2000,2000,1120,1111,0.992,0.56,20.3795,0.0839,0.0301,,low_light,3,5.598863808546115,0.56
00e9be89-00001900.jpg,00e9be89-00001905.jpg,orb,2000,2000,372,255,0.6855,0.186,31.8952,0.0685,0.0301,,low_light,3,5.611318452103266,0.186
00e9be89-00001905.jpg,00e9be89-00001915.jpg,orb,2000,2000,21,5,0.2381,0.0105,38.7619,0.0663,0.0281,,low_light,3,5.6294075300326005,0.0105
00e9be89-00000015.jpg,00e9be89-00000100.jpg,orb,2000,2000,6,4,0.6667,0.003,45.3333,0.112,0.0321,C:\Users\amit\Project_digital_image_processing__Amit_Alon\outputs\visualizations\task2\enhanced_visualizations\low_light\level_4\match_00e9be89-00000015__00e9be89-00000100.png,low_light,4,4.12560076639195,0.003
00e9be89-00000100.jpg,00e9be89-00000105.jpg,orb,2000,2000,837,828,0.9892,0.4185,25.6201,0.0979,0.0281,,low_light,4,4.275419210681996,0.4185
00e9be89-00000105.jpg,00e9be89-00000110.jpg,orb,2000,2000,970,961,0.9907,0.485,23.101,0.0959,0.0284,,low_light,4,4.27262226278766,0.485
00e9be89-00000110.jpg,00e9be89-00000115.jpg,orb,2000,2000,969,959,0.9897,0.4845,23.6037,0.1111,0.0346,,low_light,4,4.273464645226246,0.4845
00e9be89-00000115.jpg,00e9be89-00000120.jpg,orb,2000,2000,1100,1092,0.9927,0.55,21.3691,0.1053,0.031,,low_light,4,4.275942575377303,0.55
00e9be89-00000120.jpg,00e9be89-00000125.jpg,orb,2000,2000,488,482,0.9877,0.244,31.707,0.1556,0.0526,,low_light,4,4.218415843881633,0.244
00e9be89-00000125.jpg,00e9be89-00000130.jpg,orb,2000,2000,732,720,0.9836,0.366,27.0533,0.1077,0.0374,,low_light,4,4.177801024220115,0.366
00e9be89-00000130.jpg,00e9be89-00000135.jpg,orb,2000,2000,817,808,0.989,0.4085,26.552,0.1024,0.0316,,low_light,4,4.226469451224081,0.4085
00e9be89-00000135.jpg,00e9be89-00000140.jpg,orb,2000,2000,764,750,0.9817,0.382,25.8796,0.1076,0.0301,,low_light,4,4.260498937953788,0.382
00e9be89-00000140.jpg,00e9be89-00000145.jpg,orb,2000,2000,132,111,0.8409,0.066,34.553,0.1147,0.0311,,low_light,4,4.266304376179681,0.066
00e9be89-00000145.jpg,00e9be89-00000150.jpg,orb,2000,2000,18,4,0.2222,0.009,46.6111,0.1273,0.0319,,low_light,4,4.134552602615836,0.009
00e9be89-00000150.jpg,00e9be89-00000160.jpg,orb,2000,2000,6,4,0.6667,0.003,46.0,0.1198,0.0342,,low_light,4,4.069226528060959,0.003
00e9be89-00000160.jpg,00e9be89-00000165.jpg,orb,2000,2000,8,4,0.5,0.004,44.75,0.0966,0.0319,,low_light,4,4.1853324740458335,0.004
00e9be89-00000165.jpg,00e9be89-00000175.jpg,orb,2000,2000,6,4,0.6667,0.003,46.1667,0.1028,0.0402,,low_light,4,4.2117307106476485,0.003
00e9be89-00000175.jpg,00e9be89-00000190.jpg,orb,2000,2000,9,4,0.4444,0.0045,45.8889,0.1208,0.0386,,low_light,4,4.126127276766342,0.0045
00e9be89-00000190.jpg,00e9be89-00001000.jpg,orb,2000,2000,7,4,0.5714,0.0035,44.5714,0.0832,0.0302,,low_light,4,4.165577744770033,0.0035
00e9be89-00001000.jpg,00e9be89-00001005.jpg,orb,2000,2000,15,7,0.4667,0.0075,40.9333,0.0587,0.0301,,low_light,4,4.247361246762608,0.0075
00e9be89-00001005.jpg,00e9be89-00001010.jpg,orb,2000,2000,9,4,0.4444,0.0045,39.3333,0.0649,0.03,,low_light,4,4.296431719769552,0.0045
00e9be89-00001010.jpg,00e9be89-00001015.jpg,orb,2000,2000,23,9,0.3913,0.0115,42.7826,0.0562,0.0301,,low_light,4,4.36462679798378,0.011546184738955823
00e9be89-00001015.jpg,00e9be89-00001020.jpg,orb,2000,2000,27,12,0.4444,0.0135,38.1111,0.0542,0.0301,,low_light,4,4.345828365446247,0.01355421686746988
00e9be89-00001020.jpg,00e9be89-00001025.jpg,orb,2000,2000,26,12,0.4615,0.013,39.3077,0.0543,0.0299,,low_light,4,4.354869851984688,0.013
00e9be89-00001025.jpg,00e9be89-00001030.jpg,orb,2000,2000,35,14,0.4,0.0175,39.3143,0.0517,0.0281,,low_light,4,4.368555784355687,0.0175
00e9be89-00001030.jpg,00e9be89-00001035.jpg,orb,2000,2000,66,38,0.5758,0.033,37.4242,0.0691,0.0321,,low_light,4,4.369142793423096,0.033
00e9be89-00001035.jpg,00e9be89-00001040.jpg,orb,2000,2000,91,57,0.6264,0.0455,35.2088,0.0713,0.0398,,low_light,4,4.380482670600186,0.0455
00e9be89-00001040.jpg,00e9be89-00001045.jpg,orb,2000,2000,184,103,0.5598,0.092,35.5435,0.0684,0.0344,,low_light,4,4.381270253920393,0.092
00e9be89-00001045.jpg,00e9be89-00001050.jpg,orb,2000,2000,64,29,0.4531,0.032,37.9844,0.0586,0.0319,,low_light,4,4.383439381893965,0.032
00e9be89-00001050.jpg,00e9be89-00001055.jpg,orb,2000,2000,93,35,0.3763,0.0465,38.043,0.0569,0.0368,,low_light,4,4.381600065052403,0.0465
00e9be89-00001055.jpg,00e9be89-00001060.jpg,orb,2000,2000,92,45,0.4891,0.046,37.913,0.0727,0.0406,,low_light,4,4.392405048607632,0.046
00e9be89-00001060.jpg,00e9be89-00001065.jpg,orb,2000,2000,45,28,0.6222,0.0225,39.6,0.0889,0.0445,,low_light,4,4.432653209046061,0.0225
00e9be89-00001065.jpg,00e9be89-00001070.jpg,orb,2000,2000,105,88,0.8381,0.0525,34.6286,0.0799,0.0391,,low_light,4,4.441068567664463,0.0525
00e9be89-00001070.jpg,00e9be89-00001075.jpg,orb,2000,2000,63,40,0.6349,0.0315,39.3333,0.0745,0.0542,,low_light,4,4.364562909718171,0.0315
00e9be89-00001075.jpg,00e9be89-00001080.jpg,orb,2000,2000,42,19,0.4524,0.021,36.619,0.0971,0.0467,,low_light,4,4.371589361134552,0.021
00e9be89-00001080.jpg,00e9be89-00001090.jpg,orb,2000,2000,24,11,0.4583,0.012,40.8333,0.0872,0.0651,,low_light,4,4.460283183780335,0.012
00e9be89-00001090.jpg,00e9be89-00001095.jpg,orb,2000,2000,40,25,0.625,0.02,38.075,0.0707,0.0357,,low_light,4,4.477098936888543,0.02
00e9be89-00001095.jpg,00e9be89-00001100.jpg,orb,2000,2000,59,20,0.339,0.0295,42.8475,0.0758,0.0303,,low_light,4,4.452089343941499,0.0295
00e9be89-00001100.jpg,00e9be89-00001105.jpg,orb,2000,2000,26,8,0.3077,0.013,48.1923,0.072,0.0363,,low_light,4,4.40704778163415,0.013
00e9be89-00001105.jpg,00e9be89-00001115.jpg,orb,2000,2000,20,4,0.2,0.01,45.0,0.0566,0.0321,,low_light,4,4.242929333552745,0.01
00e9be89-00001115.jpg,00e9be89-00001125.jpg,orb,2000,2000,28,5,0.1786,0.014,43.3214,0.0936,0.0342,,low_light,4,4.264192845447678,0.014
00e9be89-00001125.jpg,00e9be89-00001130.jpg,orb,2000,2000,35,16,0.4571,0.0175,36.3143,0.0945,0.0476,,low_light,4,4.365163284589688,0.0175
00e9be89-00001130.jpg,00e9be89-00001135.jpg,orb,2000,2000,58,36,0.6207,0.029,39.7241,0.0816,0.0381,,low_light,4,4.391925499333681,0.029
00e9be89-00001135.jpg,00e9be89-00001140.jpg,orb,2000,2000,67,50,0.7463,0.0335,35.6567,0.096,0.0442,,low_light,4,4.470978267392437,0.0335
00e9be89-00001140.jpg,00e9be89-00001150.jpg,orb,2000,2000,53,37,0.6981,0.0265,36.0755,0.0719,0.0422,,low_light,4,4.47853717055581,0.0265
00e9be89-00001150.jpg,00e9be89-00001155.jpg,orb,2000,2000,76,60,0.7895,0.038,34.3289,0.0698,0.0402,,low_light,4,4.496121638385628,0.038
00e9be89-00001155.jpg,00e9be89-00001160.jpg,orb,2000,2000,82,50,0.6098,0.041,31.4512,0.0618,0.0321,,low_light,4,4.50060844231058,0.041
00e9be89-00001160.jpg,00e9be89-00001165.jpg,orb,2000,2000,25,13,0.52,0.0125,40.56,0.0623,0.0301,,low_light,4,4.508867823124428,0.0125
00e9be89-00001165.jpg,00e9be89-00001170.jpg,orb,2000,2000,42,15,0.3571,0.021,39.4524,0.0606,0.0301,,low_light,4,4.50726010540836,0.021
00e9be89-00001170.jpg,00e9be89-00001175.jpg,orb,2000,2000,37,24,0.6486,0.0185,39.7027,0.0562,0.0316,,low_light,4,4.505343459021695,0.0185
00e9be89-00001175.jpg,00e9be89-00001180.jpg,orb,2000,2000,72,38,0.5278,0.036,37.8194,0.0605,0.0316,,low_light,4,4.512415308279444,0.036
00e9be89-00001180.jpg,00e9be89-00001185.jpg,orb,2000,2000,35,16,0.4571,0.0175,41.4857,0.0594,0.0296,,low_light,4,4.491751980669079,0.0175
00e9be89-00001185.jpg,00e9be89-00001190.jpg,orb,2000,2000,13,7,0.5385,0.0065,43.6154,0.0603,0.0298,,low_light,4,4.459431017157612,0.0065
00e9be89-00001190.jpg,00e9be89-00001195.jpg,orb,2000,2000,22,8,0.3636,0.011,44.8182,0.0728,0.0542,,low_light,4,4.203032492484042,0.011
00e9be89-00001195.jpg,00e9be89-00001200.jpg,orb,2000,2000,12,6,0.5,0.006,42.1667,0.0663,0.0336,,low_light,4,4.243218812351032,0.006039255158530448
00e9be89-00001200.jpg,00e9be89-00001205.jpg,orb,2000,2000,24,11,0.4583,0.012,36.625,0.0539,0.0321,,low_light,4,4.516915136924776,0.012078510317060896
00e9be89-00001205.jpg,00e9be89-00001210.jpg,orb,2000,2000,26,6,0.2308,0.013,42.2308,0.0522,0.0281,,low_light,4,4.505074661960444,0.013026052104208416
00e9be89-00001210.jpg,00e9be89-00001215.jpg,orb,2000,2000,37,20,0.5405,0.0185,39.973,0.0601,0.0381,,low_light,4,4.461513144887973,0.0185
00e9be89-00001215.jpg,00e9be89-00001220.jpg,orb,2000,2000,17,7,0.4118,0.0085,42.1176,0.0603,0.0281,,low_light,4,4.369145380407378,0.0085
00e9be89-00001220.jpg,00e9be89-00001225.jpg,orb,2000,2000,29,7,0.2414,0.0145,45.8621,0.0599,0.0281,,low_light,4,4.374360084638813,0.0145
00e9be89-00001225.jpg,00e9be89-00001230.jpg,orb,2000,2000,14,6,0.4286,0.007,44.0714,0.0603,0.0276,,low_light,4,4.44926219964538,0.007
00e9be89-00001230.jpg,00e9be89-00001240.jpg,orb,2000,1879,44,28,0.6364,0.0234,36.75,0.0477,0.0261,,low_light,4,4.458638941883076,0.024189114898295765
00e9be89-00001240.jpg,00e9be89-00001245.jpg,orb,1879,2000,37,21,0.5676,0.0197,40.1351,0.0583,0.0281,,low_light,4,4.412346617293082,0.02034084661902144
00e9be89-00001245.jpg,00e9be89-00001250.jpg,orb,2000,2000,19,7,0.3684,0.0095,42.2105,0.0643,0.0334,,low_light,4,4.448926772371579,0.0095
00e9be89-00001250.jpg,00e9be89-00001255.jpg,orb,2000,2000,37,18,0.4865,0.0185,38.7568,0.0661,0.0362,,low_light,4,4.5191958636440095,0.0185
00e9be89-00001255.jpg,00e9be89-00001260.jpg,orb,2000,2000,29,23,0.7931,0.0145,34.8621,0.0638,0.0301,,low_light,4,4.529448412493051,0.0145
00e9be89-00001260.jpg,00e9be89-00001265.jpg,orb,2000,2000,24,11,0.4583,0.012,41.25,0.0658,0.0301,,low_light,4,4.484385292971947,0.012
00e9be89-00001265.jpg,00e9be89-00001270.jpg,orb,2000,2000,7,0,0.0,0.0035,42.7143,0.0678,0.0301,,low_light,4,4.347064608580448,0.0035
00e9be89-00001270.jpg,00e9be89-00001275.jpg,orb,2000,2000,16,8,0.5,0.008,44.0625,0.0658,0.0281,,low_light,4,4.317996051017271,0.008
00e9be89-00001275.jpg,00e9be89-00001280.jpg,orb,2000,2000,17,1,0.0588,0.0085,46.7647,0.0819,0.0281,,low_light,4,4.180759687560192,0.0085
00e9be89-00001280.jpg,00e9be89-00001285.jpg,orb,2000,2000,9,4,0.4444,0.0045,43.8889,0.0718,0.0281,,low_light,4,3.847599343137781,0.0045
00e9be89-00001285.jpg,00e9be89-00001290.jpg,orb,2000,2000,4,4,1.0,0.002,48.25,0.0658,0.0301,,low_light,4,3.9437987914701127,0.002
00e9be89-00001290.jpg,00e9be89-00001295.jpg,orb,2000,2000,7,4,0.5714,0.0035,45.5714,0.0638,0.0281,,low_light,4,3.9755133181179514,0.0035
00e9be89-00001295.jpg,00e9be89-00001305.jpg,orb,2000,2000,4,4,1.0,0.002,49.0,0.0678,0.0289,,low_light,4,3.867724183999584,0.002
00e9be89-00001305.jpg,00e9be89-00001310.jpg,orb,2000,2000,18,5,0.2778,0.009,46.8889,0.0972,0.0331,,low_light,4,3.872423778110117,0.009
00e9be89-00001310.jpg,00e9be89-00001315.jpg,orb,2000,2000,5,0,0.0,0.0025,49.8,0.0804,0.0312,,low_light,4,3.673616049493301,0.0025
00e9be89-00001315.jpg,00e9be89-00001325.jpg,orb,2000,2000,13,5,0.3846,0.0065,42.6923,0.0542,0.0296,,low_light,4,3.609779828227476,0.0065
00e9be89-00001325.jpg,00e9be89-00001330.jpg,orb,2000,2000,27,8,0.2963,0.0135,37.963,0.0506,0.0281,,low_light,4,3.9489581181979183,0.0135
00e9be89-00001330.jpg,00e9be89-00001335.jpg,orb,2000,2000,22,7,0.3182,0.011,43.1364,0.0558,0.0261,,low_light,4,4.136517513868229,0.011
00e9be89-00001335.jpg,00e9be89-00001340.jpg,orb,2000,2000,20,7,0.35,0.01,44.3,0.0557,0.0301,,low_light,4,4.162843284602944,0.01
00e9be89-00001340.jpg,00e9be89-00001345.jpg,orb,2000,2000,15,5,0.3333,0.0075,44.4,0.0658,0.0281,,low_light,4,4.25245220887202,0.0075
00e9be89-00001345.jpg,00e9be89-00001350.jpg,orb,2000,2000,12,5,0.4167,0.006,46.25,0.0615,0.0301,,low_light,4,4.207919261471913,0.006
00e9be89-00001350.jpg,00e9be89-00001355.jpg,orb,2000,2000,20,9,0.45,0.01,39.6,0.0608,0.0272,,low_light,4,4.233738398681035,0.01
00e9be89-00001355.jpg,00e9be89-00001360.jpg,orb,2000,2000,17,4,0.2353,0.0085,41.8235,0.0598,0.0281,,low_light,4,4.217163399239858,0.0085
00e9be89-00001360.jpg,00e9be89-00001365.jpg,orb,2000,2000,33,7,0.2121,0.0165,43.0,0.0663,0.0336,,low_light,4,4.172640209593575,0.0165
00e9be89-00001365.jpg,00e9be89-00001370.jpg,orb,2000,2000,26,12,0.4615,0.013,40.8077,0.0717,0.0301,,low_light,4,4.219152779336128,0.013
00e9be89-00001370.jpg,00e9be89-00001375.jpg,orb,2000,2000,139,61,0.4388,0.0695,37.036,0.0678,0.0261,,low_light,4,4.200305923529659,0.0695
00e9be89-00001375.jpg,00e9be89-00001380.jpg,orb,2000,2000,296,115,0.3885,0.148,33.7399,0.0562,0.0301,,low_light,4,4.184525622935478,0.148
00e9be89-00001380.jpg,00e9be89-00001385.jpg,orb,2000,2000,260,119,0.4577,0.13,34.0846,0.0658,0.0281,,low_light,4,4.227208401414268,0.13
00e9be89-00001385.jpg,00e9be89-00001390.jpg,orb,2000,2000,46,23,0.5,0.023,35.8913,0.0658,0.0281,,low_light,4,4.158206354444153,0.023
00e9be89-00001390.jpg,00e9be89-00001395.jpg,orb,2000,2000,70,36,0.5143,0.035,32.8429,0.0602,0.0281,,low_light,4,4.096778505506807,0.035
00e9be89-00001395.jpg,00e9be89-00001400.jpg,orb,2000,2000,105,57,0.5429,0.0525,32.419,0.0603,0.0272,,low_light,4,4.138102214962481,0.0525
00e9be89-00001400.jpg,00e9be89-00001405.jpg,orb,2000,2000,89,31,0.3483,0.0445,32.5281,0.0618,0.0281,,low_light,4,4.172222087407917,0.0445
00e9be89-00001405.jpg,00e9be89-00001410.jpg,orb,2000,2000,106,44,0.4151,0.053,33.217,0.0598,0.0281,,low_light,4,4.195072539911704,0.053
00e9be89-00001410.jpg,00e9be89-00001415.jpg,orb,2000,2000,190,59,0.3105,0.095,33.2421,0.0739,0.0342,,low_light,4,4.195146451554198,0.095
00e9be89-00001415.jpg,00e9be89-00001420.jpg,orb,2000,2000,90,32,0.3556,0.045,34.5222,0.0643,0.0336,,low_light,4,4.157119560741041,0.045
00e9be89-00001420.jpg,00e9be89-00001425.jpg,orb,2000,2000,73,34,0.4658,0.0365,33.6575,0.0618,0.0281,,low_light,4,4.104940466881748,0.0365
00e9be89-00001425.jpg,00e9be89-00001430.jpg,orb,2000,2000,123,74,0.6016,0.0615,33.1138,0.0542,0.0301,,low_light,4,4.053860024908509,0.0615
00e9be89-00001430.jpg,00e9be89-00001440.jpg,orb,2000,2000,34,11,0.3235,0.017,40.9412,0.0638,0.0261,,low_light,4,4.115280105543608,0.017
00e9be89-00001440.jpg,00e9be89-00001445.jpg,orb,2000,2000,69,26,0.3768,0.0345,34.2754,0.0663,0.0296,,low_light,4,4.15679410548933,0.0345
00e9be89-00001445.jpg,00e9be89-00001450.jpg,orb,2000,2000,56,32,0.5714,0.028,40.0893,0.0582,0.0297,,low_light,4,4.068277903232426,0.028
00e9be89-00001450.jpg,00e9be89-00001455.jpg,orb,2000,2000,70,51,0.7286,0.035,34.9286,0.0583,0.0281,,low_light,4,4.158585617481378,0.035
00e9be89-00001455.jpg,00e9be89-00001460.jpg,orb,2000,2000,134,76,0.5672,0.067,35.5522,0.0559,0.0281,,low_light,4,4.315298888345016,0.067
00e9be89-00001460.jpg,00e9be89-00001465.jpg,orb,2000,2000,116,93,0.8017,0.058,31.6466,0.0497,0.0281,,low_light,4,4.296009887656618,0.058
00e9be89-00001465.jpg,00e9be89-00001470.jpg,orb,2000,2000,21,7,0.3333,0.0105,40.2857,0.0578,0.0323,,low_light,4,4.307008933898787,0.0105
00e9be89-00001470.jpg,00e9be89-00001475.jpg,orb,2000,2000,52,22,0.4231,0.026,34.6154,0.0665,0.0321,,low_light,4,4.335215848918182,0.026
00e9be89-00001475.jpg,00e9be89-00001480.jpg,orb,2000,2000,43,22,0.5116,0.0215,37.093,0.0678,0.0321,,low_light,4,4.3036502319921945,0.0215
00e9be89-00001480.jpg,00e9be89-00001485.jpg,orb,2000,2000,32,13,0.4062,0.016,38.5625,0.0517,0.0301,,low_light,4,4.397507832427598,0.016
00e9be89-00001485.jpg,00e9be89-00001490.jpg,orb,2000,2000,56,25,0.4464,0.028,35.6071,0.0598,0.0301,,low_light,4,4.544855527002181,0.028
00e9be89-00001490.jpg,00e9be89-00001495.jpg,orb,2000,2000,526,509,0.9677,0.263,21.5703,0.0603,0.0316,,low_light,4,4.567184271006424,0.263
00e9be89-00001495.jpg,00e9be89-00001500.jpg,orb,2000,2000,724,717,0.9903,0.362,19.279,0.0517,0.0281,,low_light,4,4.568792539434247,0.362
00e9be89-00001500.jpg,00e9be89-00001505.jpg,orb,2000,2000,325,286,0.88,0.1625,27.3908,0.0562,0.0276,,low_light,4,4.569492757539272,0.1625
00e9be89-00001505.jpg,00e9be89-00001510.jpg,orb,2000,2000,48,18,0.375,0.024,38.8333,0.0542,0.0281,,low_light,4,4.554402697567543,0.024
00e9be89-00001510.jpg,00e9be89-00001515.jpg,orb,2000,2000,43,18,0.4186,0.0215,40.4884,0.0576,0.0281,,low_light,4,4.512718495118342,0.0215
00e9be89-00001515.jpg,00e9be89-00001520.jpg,orb,2000,2000,18,5,0.2778,0.009,42.8333,0.0514,0.0281,,low_light,4,4.450968988405728,0.009
00e9be89-00001520.jpg,00e9be89-00001525.jpg,orb,2000,2000,62,39,0.629,0.031,36.1452,0.092,0.0403,,low_light,4,4.450375100313107,0.031
00e9be89-00001525.jpg,00e9be89-00001535.jpg,orb,2000,2000,21,6,0.2857,0.0105,44.2381,0.0686,0.0321,,low_light,4,4.467035295269249,0.0105
00e9be89-00001535.jpg,00e9be89-00001540.jpg,orb,2000,2000,15,4,0.2667,0.0075,43.0667,0.0681,0.0281,,low_light,4,4.27970998025132,0.0075
00e9be89-00001540.jpg,00e9be89-00001545.jpg,orb,2000,2000,25,10,0.4,0.0125,37.12,0.0639,0.0285,,low_light,4,4.180356755867077,0.0125
00e9be89-00001545.jpg,00e9be89-00001550.jpg,orb,2000,2000,236,150,0.6356,0.118,31.3008,0.0638,0.0301,,low_light,4,4.250989883387767,0.118
00e9be89-00001550.jpg,00e9be89-00001555.jpg,orb,2000,2000,297,287,0.9663,0.1485,23.6633,0.0622,0.0296,,low_light,4,4.251838801621096,0.1485
00e9be89-00001555.jpg,00e9be89-00001560.jpg,orb,2000,2000,272,256,0.9412,0.136,26.5551,0.0577,0.0261,,low_light,4,4.252141343712447,0.136
00e9be89-00001560.jpg,00e9be89-00001565.jpg,orb,2000,2000,381,344,0.9029,0.1905,24.6247,0.0614,0.0262,,low_light,4,4.258372212664443,0.1905
00e9be89-00001565.jpg,00e9be89-00001570.jpg,orb,2000,2000,63,35,0.5556,0.0315,37.0476,0.0577,0.0284,,low_light,4,4.277671856919597,0.0315
00e9be89-00001570.jpg,00e9be89-00001575.jpg,orb,2000,2000,53,22,0.4151,0.0265,39.3585,0.0603,0.0296,,low_light,4,4.294859146086193,0.0265
00e9be89-00001575.jpg,00e9be89-00001580.jpg,orb,2000,2000,101,79,0.7822,0.0505,33.2475,0.0703,0.0337,,low_light,4,4.284700782553765,0.0505
00e9be89-00001580.jpg,00e9be89-00001585.jpg,orb,2000,2000,48,29,0.6042,0.024,39.0208,0.0759,0.0321,,low_light,4,4.181141179927625,0.024
00e9be89-00001585.jpg,00e9be89-00001590.jpg,orb,2000,2000,14,4,0.2857,0.007,46.1429,0.0717,0.0323,,low_light,4,3.991570139133562,0.007
00e9be89-00001590.jpg,00e9be89-00001595.jpg,orb,2000,2000,14,5,0.3571,0.007,45.1429,0.0638,0.0281,,low_light,4,3.8188081185800593,0.007
00e9be89-00001595.jpg,00e9be89-00001600.jpg,orb,2000,2000,24,8,0.3333,0.012,46.125,0.0698,0.0301,,low_light,4,3.875965766294556,0.012
00e9be89-00001600.jpg,00e9be89-00001605.jpg,orb,2000,2000,121,86,0.7107,0.0605,33.8099,0.0658,0.0261,,low_light,4,3.99304346349491,0.0605
00e9be89-00001605.jpg,00e9be89-00001610.jpg,orb,2000,2000,41,23,0.561,0.0205,40.5366,0.0682,0.0281,,low_light,4,4.055185400422747,0.0205
00e9be89-00001610.jpg,00e9be89-00001620.jpg,orb,2000,2000,7,4,0.5714,0.0035,38.2857,0.0617,0.0281,,low_light,4,4.084585729762733,0.0035
00e9be89-00001620.jpg,00e9be89-00001625.jpg,orb,2000,2000,56,34,0.6071,0.028,35.2679,0.0664,0.0276,,low_light,4,4.071341981927551,0.028
00e9be89-00001625.jpg,00e9be89-00001630.jpg,orb,2000,2000,57,22,0.386,0.0285,34.4912,0.0658,0.0301,,low_light,4,4.119935543515688,0.0285
00e9be89-00001630.jpg,00e9be89-00001635.jpg,orb,2000,2000,30,9,0.3,0.015,44.5667,0.0603,0.0362,,low_light,4,4.213719491400696,0.015
00e9be89-00001635.jpg,00e9be89-00001640.jpg,orb,2000,2000,12,5,0.4167,0.006,46.9167,0.0703,0.0321,,low_light,4,4.009022515651414,0.006
00e9be89-00001640.jpg,00e9be89-00001645.jpg,orb,2000,2000,15,5,0.3333,0.0075,45.2667,0.0618,0.0281,,low_light,4,3.784930770487624,0.0075
00e9be89-00001645.jpg,00e9be89-00001650.jpg,orb,2000,2000,20,5,0.25,0.01,37.5,0.0643,0.0281,,low_light,4,3.919611504156666,0.01
00e9be89-00001650.jpg,00e9be89-00001655.jpg,orb,2000,2000,9,4,0.4444,0.0045,43.2222,0.0638,0.0301,,low_light,4,3.913742017118828,0.0045
00e9be89-00001655.jpg,00e9be89-00001665.jpg,orb,2000,2000,7,4,0.5714,0.0035,43.7143,0.0686,0.0281,,low_light,4,4.079108929587244,0.0035
00e9be89-00001665.jpg,00e9be89-00001670.jpg,orb,2000,2000,16,7,0.4375,0.008,42.875,0.0658,0.0261,,low_light,4,4.320722929646575,0.008
00e9be89-00001670.jpg,00e9be89-00001675.jpg,orb,2000,2000,32,15,0.4688,0.016,40.5,0.0618,0.0281,,low_light,4,4.265490276308962,0.016
00e9be89-00001675.jpg,00e9be89-00001680.jpg,orb,2000,2000,25,18,0.72,0.0125,36.32,0.0739,0.0301,,low_light,4,4.205957954919484,0.0125
00e9be89-00001680.jpg,00e9be89-00001685.jpg,orb,2000,2000,23,8,0.3478,0.0115,40.1304,0.0738,0.0301,,low_light,4,4.298530548865481,0.0115
00e9be89-00001685.jpg,00e9be89-00001690.jpg,orb,2000,2000,10,4,0.4,0.005,40.6,0.102,0.0362,,low_light,4,4.503356044789635,0.005
00e9be89-00001690.jpg,00e9be89-00001695.jpg,orb,2000,2000,15,6,0.4,0.0075,40.5333,0.0819,0.0321,,low_light,4,4.590309070221112,0.0075
00e9be89-00001695.jpg,00e9be89-00001705.jpg,orb,2000,2000,17,5,0.2941,0.0085,41.5882,0.0602,0.0301,,low_light,4,4.510438669842899,0.0085
00e9be89-00001705.jpg,00e9be89-00001710.jpg,orb,2000,2000,110,84,0.7636,0.055,32.6818,0.0521,0.0281,,low_light,4,4.42792050129417,0.055
00e9be89-00001710.jpg,00e9be89-00001715.jpg,orb,2000,2000,39,25,0.641,0.0195,36.6154,0.0629,0.0273,,low_light,4,4.390138806751401,0.0195
00e9be89-00001715.jpg,00e9be89-00001720.jpg,orb,2000,2000,40,31,0.775,0.02,33.9,0.0583,0.0281,,low_light,4,4.400636898327679,0.02004008016032064
00e9be89-00001720.jpg,00e9be89-00001725.jpg,orb,2000,2000,72,58,0.8056,0.036,34.4167,0.0497,0.0301,,low_light,4,4.425467146363898,0.036072144288577156
00e9be89-00001725.jpg,00e9be89-00001730.jpg,orb,2000,2000,69,56,0.8116,0.0345,33.2464,0.0618,0.0261,,low_light,4,4.419456274677712,0.0345
00e9be89-00001730.jpg,00e9be89-00001740.jpg,orb,2000,2000,18,8,0.4444,0.009,40.8333,0.0557,0.0281,,low_light,4,4.424489975471918,0.009
00e9be89-00001740.jpg,00e9be89-00001745.jpg,orb,2000,2000,6,4,0.6667,0.003,45.3333,0.0718,0.0261,,low_light,4,4.379631748466427,0.003
00e9be89-00001745.jpg,00e9be89-00001750.jpg,orb,2000,2000,5,4,0.8,0.0025,46.4,0.0787,0.0341,,low_light,4,4.28009748991731,0.0025
00e9be89-00001750.jpg,00e9be89-00001755.jpg,orb,2000,2000,59,44,0.7458,0.0295,34.9322,0.0677,0.0382,,low_light,4,4.293958682514578,0.0295
00e9be89-00001755.jpg,00e9be89-00001760.jpg,orb,2000,2000,38,25,0.6579,0.019,34.0789,0.0658,0.0341,,low_light,4,4.345565436642055,0.019
00e9be89-00001760.jpg,00e9be89-00001765.jpg,orb,2000,2000,21,15,0.7143,0.0105,33.8095,0.0637,0.0341,,low_light,4,4.220922072606981,0.0105
00e9be89-00001765.jpg,00e9be89-00001770.jpg,orb,2000,2000,29,14,0.4828,0.0145,35.1034,0.0754,0.0322,,low_light,4,4.106755570470693,0.0145
00e9be89-00001770.jpg,00e9be89-00001775.jpg,orb,2000,2000,33,22,0.6667,0.0165,37.9091,0.0718,0.0281,,low_light,4,4.113813985259549,0.0165
00e9be89-00001775.jpg,00e9be89-00001780.jpg,orb,2000,2000,37,20,0.5405,0.0185,37.027,0.0622,0.0301,,low_light,4,4.220709105335427,0.0185
00e9be89-00001780.jpg,00e9be89-00001785.jpg,orb,2000,2000,28,12,0.4286,0.014,41.7143,0.0663,0.0296,,low_light,4,4.24405032635476,0.014
00e9be89-00001785.jpg,00e9be89-00001795.jpg,orb,2000,2000,18,7,0.3889,0.009,42.7222,0.0638,0.0281,,low_light,4,4.087375828011097,0.009
00e9be89-00001795.jpg,00e9be89-00001800.jpg,orb,2000,2000,759,729,0.9605,0.3795,24.8814,0.0545,0.0281,,low_light,4,4.132028546214167,0.3795
00e9be89-00001800.jpg,00e9be89-00001810.jpg,orb,2000,2000,160,68,0.425,0.08,33.55,0.0643,0.0316,,low_light,4,4.240062906791993,0.08
00e9be89-00001810.jpg,00e9be89-00001815.jpg,orb,2000,2000,140,65,0.4643,0.07,33.7214,0.0701,0.0301,,low_light,4,4.227341974788363,0.07
00e9be89-00001815.jpg,00e9be89-00001820.jpg,orb,2000,2000,31,14,0.4516,0.0155,38.2581,0.0643,0.0336,,low_light,4,4.236300974589396,0.0155
00e9be89-00001820.jpg,00e9be89-00001825.jpg,orb,2000,2000,50,18,0.36,0.025,41.4,0.0598,0.0281,,low_light,4,4.212639172507107,0.025
00e9be89-00001825.jpg,00e9be89-00001830.jpg,orb,2000,2000,59,23,0.3898,0.0295,37.2203,0.0643,0.0296,,low_light,4,4.186884001272818,0.0295
00e9be89-00001830.jpg,00e9be89-00001840.jpg,orb,2000,2000,26,4,0.1538,0.013,42.6154,0.0638,0.0281,,low_light,4,4.15141193683779,0.013
00e9be89-00001840.jpg,00e9be89-00001845.jpg,orb,2000,2000,1109,1093,0.9856,0.5545,21.0532,0.0698,0.0281,,low_light,4,4.11710606902934,0.5545
00e9be89-00001845.jpg,00e9be89-00001865.jpg,orb,2000,2000,869,849,0.977,0.4345,21.7699,0.0743,0.0276,,low_light,4,4.111100000400531,0.4345
00e9be89-00001865.jpg,00e9be89-00001870.jpg,orb,2000,2000,961,943,0.9813,0.4805,22.7742,0.0663,0.0281,,low_light,4,4.135431860293465,0.4805
00e9be89-00001870.jpg,00e9be89-00001875.jpg,orb,2000,2000,1106,1092,0.9873,0.553,19.5199,0.0718,0.0268,,low_light,4,4.140646838329527,0.553
00e9be89-00001875.jpg,00e9be89-00001885.jpg,orb,2000,2000,1021,1012,0.9912,0.5105,20.5024,0.0678,0.0281,,low_light,4,4.108580168038725,0.5105
00e9be89-00001885.jpg,00e9be89-00001890.jpg,orb,2000,2000,1097,1084,0.9881,0.5485,19.917,0.0846,0.0296,,low_light,4,4.101496699387894,0.5485
00e9be89-00001890.jpg,00e9be89-00001895.jpg,orb,2000,2000,1094,1086,0.9927,0.547,19.436,0.0819,0.0321,,low_light,4,4.1085255923740736,0.547
00e9be89-00001895.jpg,00e9be89-00001900.jpg,orb,2000,2000,1105,1094,0.99,0.5525,20.6027,0.0743,0.0296,,low_light,4,4.115687405863524,0.5525
00e9be89-00001900.jpg,00e9be89-00001905.jpg,orb,2000,2000,333,228,0.6847,0.1665,31.6727,0.0642,0.0301,,low_light,4,4.12392666605566,0.1665
00e9be89-00001905.jpg,00e9be89-00001915.jpg,orb,2000,2000,29,9,0.3103,0.0145,40.8276,0.0681,0.0281,,low_light,4,4.133901095161956,0.0145
00e9be89-00000015.jpg,00e9be89-00000100.jpg,orb,2000,2000,5,4,0.8,0.0025,46.6,0.108,0.0285,C:\Users\amit\Project_digital_image_processing__Amit_Alon\outputs\visualizations\task2\enhanced_visualizations\low_light\level_5\match_00e9be89-00000015__00e9be89-00000100.png,low_light,5,2.9486149351313253,0.0025
00e9be89-00000100.jpg,00e9be89-00000105.jpg,orb,2000,2000,847,840,0.9917,0.4235,25.3601,0.096,0.0281,,low_light,5,3.04825818754706,0.4235
00e9be89-00000105.jpg,00e9be89-00000110.jpg,orb,2000,2000,973,967,0.9938,0.4865,22.962,0.0959,0.0281,,low_light,5,3.0466335140710985,0.4865
00e9be89-00000110.jpg,00e9be89-00000115.jpg,orb,2000,2000,1014,1001,0.9872,0.507,23.7347,0.0939,0.0281,,low_light,5,3.0471704804008004,0.507
00e9be89-00000115.jpg,00e9be89-00000120.jpg,orb,2000,2000,1104,1098,0.9946,0.552,21.0399,0.1045,0.0342,,low_light,5,3.0487270873441696,0.552
00e9be89-00000120.jpg,00e9be89-00000125.jpg,orb,2000,2000,545,531,0.9743,0.2725,31.9835,0.1002,0.0336,,low_light,5,3.011622639182581,0.2725
00e9be89-00000125.jpg,00e9be89-00000130.jpg,orb,2000,2000,748,740,0.9893,0.374,26.4037,0.0991,0.0281,,low_light,5,2.984552467274232,0.374
00e9be89-00000130.jpg,00e9be89-00000135.jpg,orb,2000,2000,841,832,0.9893,0.4205,25.7741,0.0959,0.0296,,low_light,5,3.0156992801936866,0.4205
00e9be89-00000135.jpg,00e9be89-00000140.jpg,orb,2000,2000,810,797,0.984,0.405,25.6259,0.0866,0.0281,,low_light,5,3.0381946420401893,0.405
00e9be89-00000140.jpg,00e9be89-00000145.jpg,orb,2000,2000,147,126,0.8571,0.0735,35.7211,0.0917,0.0281,,low_light,5,3.0420615316157944,0.0735
00e9be89-00000145.jpg,00e9be89-00000150.jpg,orb,2000,2000,14,4,0.2857,0.007,46.8571,0.0939,0.0281,,low_light,5,2.957082156276055,0.007
00e9be89-00000150.jpg,00e9be89-00000160.jpg,orb,2000,2000,6,4,0.6667,0.003,44.5,0.102,0.0301,,low_light,5,2.915832961238796,0.003
00e9be89-00000160.jpg,00e9be89-00000165.jpg,orb,2000,2000,11,5,0.4545,0.0055,45.4545,0.0775,0.0291,,low_light,5,2.994982973418012,0.0055
00e9be89-00000165.jpg,00e9be89-00000175.jpg,orb,2000,2000,5,0,0.0,0.0025,47.2,0.0704,0.0301,,low_light,5,3.0108803498516017,0.0025
00e9be89-00000175.jpg,00e9be89-00000190.jpg,orb,2000,2000,12,4,0.3333,0.006,44.0833,0.0879,0.0422,,low_light,5,2.9509707448505957,0.006
00e9be89-00000190.jpg,00e9be89-00001000.jpg,orb,2000,2000,10,2,0.2,0.005,46.0,0.0767,0.0336,,low_light,5,2.979763032368384,0.005
00e9be89-00001000.jpg,00e9be89-00001005.jpg,orb,2000,2000,15,5,0.3333,0.0075,43.6,0.0497,0.0281,,low_light,5,3.0320688440374197,0.0075
00e9be89-00001005.jpg,00e9be89-00001010.jpg,orb,2000,2000,8,4,0.5,0.004,44.375,0.0563,0.0276,,low_light,5,3.063145112297496,0.004
00e9be89-00001010.jpg,00e9be89-00001015.jpg,orb,2000,1988,20,11,0.55,0.0101,42.6,0.0598,0.0281,,low_light,5,3.1093231353109383,0.010040160642570281
00e9be89-00001015.jpg,00e9be89-00001020.jpg,orb,1988,2000,31,12,0.3871,0.0156,38.0323,0.0578,0.0281,,low_light,5,3.0958725091131,0.015562248995983935
00e9be89-00001020.jpg,00e9be89-00001025.jpg,orb,2000,2000,14,7,0.5,0.007,42.7857,0.0497,0.0341,,low_light,5,3.103264443245184,0.007
00e9be89-00001025.jpg,00e9be89-00001030.jpg,orb,2000,2000,44,21,0.4773,0.022,39.5682,0.0598,0.0321,,low_light,5,3.1129983962385355,0.022
00e9be89-00001030.jpg,00e9be89-00001035.jpg,orb,2000,2000,63,39,0.619,0.0315,38.7937,0.0537,0.0281,,low_light,5,3.113722934654989,0.0315
00e9be89-00001035.jpg,00e9be89-00001040.jpg,orb,2000,2000,103,72,0.699,0.0515,35.835,0.0537,0.0301,,low_light,5,3.1219001412960514,0.0515
00e9be89-00001040.jpg,00e9be89-00001045.jpg,orb,2000,2000,182,100,0.5495,0.091,36.6758,0.0502,0.0316,,low_light,5,3.122134519645532,0.091
00e9be89-00001045.jpg,00e9be89-00001050.jpg,orb,2000,2000,66,35,0.5303,0.033,38.3788,0.0726,0.0382,,low_light,5,3.12360781657357,0.033
00e9be89-00001050.jpg,00e9be89-00001055.jpg,orb,2000,2000,84,38,0.4524,0.042,37.0476,0.0759,0.0402,,low_light,5,3.122494953133087,0.042
00e9be89-00001055.jpg,00e9be89-00001060.jpg,orb,2000,2000,91,43,0.4725,0.0455,37.6923,0.0638,0.0341,,low_light,5,3.1299074221833365,0.0455
00e9be89-00001060.jpg,00e9be89-00001065.jpg,orb,2000,2000,59,39,0.661,0.0295,38.3559,0.1001,0.0518,,low_light,5,3.157848396040203,0.0295
00e9be89-00001065.jpg,00e9be89-00001070.jpg,orb,2000,2000,113,96,0.8496,0.0565,35.6106,0.1021,0.0489,,low_light,5,3.164621441181711,0.0565
00e9be89-00001070.jpg,00e9be89-00001075.jpg,orb,2000,2000,64,43,0.6719,0.032,39.7031,0.098,0.0442,,low_light,5,3.113600618745364,0.032
00e9be89-00001075.jpg,00e9be89-00001080.jpg,orb,2000,2000,39,18,0.4615,0.0195,36.5897,0.0657,0.0461,,low_light,5,3.1183035249970468,0.0195
00e9be89-00001080.jpg,00e9be89-00001090.jpg,orb,2000,2000,29,14,0.4828,0.0145,39.5172,0.0882,0.0422,,low_light,5,3.177406302271088,0.0145
00e9be89-00001090.jpg,00e9be89-00001095.jpg,orb,2000,2000,43,30,0.6977,0.0215,35.4651,0.0868,0.0462,,low_light,5,3.188017906714512,0.0215
00e9be89-00001095.jpg,00e9be89-00001100.jpg,orb,2000,2000,62,25,0.4032,0.031,40.8548,0.066,0.0281,,low_light,5,3.171000507955908,0.031
00e9be89-00001100.jpg,00e9be89-00001105.jpg,orb,2000,2000,30,9,0.3,0.015,44.9667,0.0784,0.0442,,low_light,5,3.1410596275576683,0.015
00e9be89-00001105.jpg,00e9be89-00001115.jpg,orb,2000,2000,16,5,0.3125,0.008,45.9375,0.0817,0.0506,,low_light,5,3.027407931062604,0.008
00e9be89-00001115.jpg,00e9be89-00001125.jpg,orb,2000,2000,35,7,0.2,0.0175,45.8286,0.0921,0.0442,,low_light,5,3.0411331317023915,0.0175
00e9be89-00001125.jpg,00e9be89-00001130.jpg,orb,2000,2000,48,21,0.4375,0.024,36.9583,0.0755,0.0486,,low_light,5,3.1119130556400174,0.024
00e9be89-00001130.jpg,00e9be89-00001135.jpg,orb,2000,2000,72,38,0.5278,0.036,38.7917,0.1048,0.0462,,low_light,5,3.1294131860231325,0.036
00e9be89-00001135.jpg,00e9be89-00001140.jpg,orb,2000,2000,80,60,0.75,0.04,34.85,0.0941,0.0422,,low_light,5,3.182240323821182,0.04
00e9be89-00001140.jpg,00e9be89-00001150.jpg,orb,2000,2000,70,50,0.7143,0.035,36.1571,0.0644,0.0362,,low_light,5,3.186681558548666,0.035
00e9be89-00001150.jpg,00e9be89-00001155.jpg,orb,2000,2000,71,52,0.7324,0.0355,35.831,0.0568,0.0301,,low_light,5,3.198003727413168,0.0355
00e9be89-00001155.jpg,00e9be89-00001160.jpg,orb,2000,2000,79,43,0.5443,0.0395,35.1013,0.0746,0.0482,,low_light,5,3.201091634633697,0.0395
00e9be89-00001160.jpg,00e9be89-00001165.jpg,orb,2000,2000,17,9,0.5294,0.0085,38.7647,0.1,0.0603,,low_light,5,3.205814600357536,0.0085
00e9be89-00001165.jpg,00e9be89-00001170.jpg,orb,2000,2000,40,20,0.5,0.02,40.125,0.0967,0.0505,,low_light,5,3.2047225864148827,0.02
00e9be89-00001170.jpg,00e9be89-00001175.jpg,orb,2000,2000,46,23,0.5,0.023,39.2391,0.0804,0.0477,,low_light,5,3.204024637163875,0.023
00e9be89-00001175.jpg,00e9be89-00001180.jpg,orb,2000,2000,71,41,0.5775,0.0355,37.7183,0.0926,0.0485,,low_light,5,3.209099797395451,0.0355
00e9be89-00001180.jpg,00e9be89-00001185.jpg,orb,2000,2000,44,22,0.5,0.022,39.7727,0.0948,0.0503,,low_light,5,3.195219909559144,0.022
00e9be89-00001185.jpg,00e9be89-00001190.jpg,orb,2000,2000,22,9,0.4091,0.011,43.9091,0.0694,0.0318,,low_light,5,3.173739223415916,0.011
00e9be89-00001190.jpg,00e9be89-00001195.jpg,orb,2000,2000,15,6,0.4,0.0075,49.2667,0.0568,0.0366,,low_light,5,3.0035233010666453,0.0075
00e9be89-00001195.jpg,00e9be89-00001200.jpg,orb,2000,2000,17,5,0.2941,0.0085,44.8235,0.0948,0.0484,,low_light,5,3.0294990423951305,0.008555611474584801
00e9be89-00001200.jpg,00e9be89-00001205.jpg,orb,2000,2000,25,8,0.32,0.0125,38.68,0.0845,0.0445,,low_light,5,3.2110930980317955,0.012581781580271767
00e9be89-00001205.jpg,00e9be89-00001210.jpg,orb,2000,2000,21,2,0.0952,0.0105,42.4762,0.0779,0.0437,,low_light,5,3.203102646448464,0.010521042084168337
00e9be89-00001210.jpg,00e9be89-00001215.jpg,orb,2000,2000,34,18,0.5294,0.017,39.6765,0.0853,0.0485,,low_light,5,3.173028151098783,0.017
00e9be89-00001215.jpg,00e9be89-00001220.jpg,orb,2000,2000,13,7,0.5385,0.0065,41.7692,0.0879,0.0462,,low_light,5,3.11108854101557,0.0065
00e9be89-00001220.jpg,00e9be89-00001225.jpg,orb,2000,2000,23,10,0.4348,0.0115,44.6522,0.0859,0.0442,,low_light,5,3.1142175955731526,0.0115
00e9be89-00001225.jpg,00e9be89-00001230.jpg,orb,2000,2000,15,6,0.4,0.0075,43.6667,0.0567,0.0291,,low_light,5,3.164046095534045,0.0075
00e9be89-00001230.jpg,00e9be89-00001240.jpg,orb,2000,1805,43,23,0.5349,0.0238,36.814,0.0603,0.0414,,low_light,5,3.170351121723164,0.023639362286970864
00e9be89-00001240.jpg,00e9be89-00001245.jpg,orb,1805,2000,39,14,0.359,0.0216,40.9744,0.0804,0.0502,,low_light,5,3.1384195616555277,0.021440351841671246
00e9be89-00001245.jpg,00e9be89-00001250.jpg,orb,2000,2000,22,9,0.4091,0.011,42.7273,0.0839,0.0457,,low_light,5,3.162905280667525,0.011
00e9be89-00001250.jpg,00e9be89-00001255.jpg,orb,2000,2000,36,19,0.5278,0.018,36.5,0.081,0.0503,,low_light,5,3.210124886585118,0.018
00e9be89-00001255.jpg,00e9be89-00001260.jpg,orb,2000,2000,25,18,0.72,0.0125,34.44,0.0937,0.0464,,low_light,5,3.218187055755004,0.0125
00e9be89-00001260.jpg,00e9be89-00001265.jpg,orb,2000,2000,27,14,0.5185,0.0135,40.8148,0.102,0.0457,,low_light,5,3.192712091618477,0.0135
00e9be89-00001265.jpg,00e9be89-00001270.jpg,orb,2000,2000,9,6,0.6667,0.0045,42.4444,0.0954,0.0446,,low_light,5,3.1051928527584574,0.0045
00e9be89-00001270.jpg,00e9be89-00001275.jpg,orb,2000,2000,15,9,0.6,0.0075,43.2,0.0822,0.0273,,low_light,5,3.0853856449519093,0.0075
00e9be89-00001275.jpg,00e9be89-00001280.jpg,orb,2000,2000,7,4,0.5714,0.0035,46.5714,0.0891,0.0337,,low_light,5,2.990170736553389,0.0035
00e9be89-00001280.jpg,00e9be89-00001285.jpg,orb,2000,2000,11,4,0.3636,0.0055,41.2727,0.1141,0.0462,,low_light,5,2.765937073935828,0.0055
00e9be89-00001285.jpg,00e9be89-00001290.jpg,orb,2000,2000,10,4,0.4,0.005,44.3,0.0842,0.0445,,low_light,5,2.8304281400029625,0.005
00e9be89-00001290.jpg,00e9be89-00001295.jpg,orb,2000,2000,7,4,0.5714,0.0035,49.1429,0.0984,0.0462,,low_light,5,2.8501923239107896,0.0035
00e9be89-00001295.jpg,00e9be89-00001305.jpg,orb,2000,2000,11,4,0.3636,0.0055,45.7273,0.1087,0.0442,,low_light,5,2.778151207765218,0.0055
00e9be89-00001305.jpg,00e9be89-00001310.jpg,orb,2000,2000,16,4,0.25,0.008,47.6875,0.1236,0.0442,,low_light,5,2.782057423389829,0.008
00e9be89-00001310.jpg,00e9be89-00001315.jpg,orb,2000,2000,3,0,0.0,0.0015,44.6667,0.1024,0.0321,,low_light,5,2.6483462157908866,0.0015
00e9be89-00001315.jpg,00e9be89-00001325.jpg,orb,2000,2000,22,6,0.2727,0.011,41.6364,0.0617,0.0377,,low_light,5,2.606580817248516,0.011
00e9be89-00001325.jpg,00e9be89-00001330.jpg,orb,2000,2000,25,8,0.32,0.0125,39.32,0.0798,0.0442,,low_light,5,2.836737513271932,0.0125
00e9be89-00001330.jpg,00e9be89-00001335.jpg,orb,2000,2000,18,5,0.2778,0.009,41.2222,0.0919,0.0518,,low_light,5,2.959694905641622,0.009
00e9be89-00001335.jpg,00e9be89-00001340.jpg,orb,2000,2000,19,7,0.3684,0.0095,40.2105,0.0985,0.0424,,low_light,5,2.972988526739692,0.0095
00e9be89-00001340.jpg,00e9be89-00001345.jpg,orb,2000,2000,18,5,0.2778,0.009,42.0556,0.0939,0.0422,,low_light,5,3.0334228427102774,0.009
00e9be89-00001345.jpg,00e9be89-00001350.jpg,orb,2000,2000,13,4,0.3077,0.0065,42.5385,0.0982,0.0437,,low_light,5,3.0053497349804124,0.0065
00e9be89-00001350.jpg,00e9be89-00001355.jpg,orb,2000,2000,22,9,0.4091,0.011,40.8636,0.0961,0.0419,,low_light,5,3.022157770253439,0.011
00e9be89-00001355.jpg,00e9be89-00001360.jpg,orb,2000,2000,28,7,0.25,0.014,44.8214,0.0624,0.0377,,low_light,5,3.009178603485314,0.014
00e9be89-00001360.jpg,00e9be89-00001365.jpg,orb,2000,2000,26,5,0.1923,0.013,45.1538,0.0677,0.0292,,low_light,5,2.9804156986315444,0.013
00e9be89-00001365.jpg,00e9be89-00001370.jpg,orb,2000,2000,40,19,0.475,0.02,38.0,0.098,0.0523,,low_light,5,3.012791874908228,0.02
00e9be89-00001370.jpg,00e9be89-00001375.jpg,orb,2000,2000,155,70,0.4516,0.0775,36.3613,0.0761,0.077,,low_light,5,2.999743222862968,0.0775
00e9be89-00001375.jpg,00e9be89-00001380.jpg,orb,2000,2000,297,116,0.3906,0.1485,33.8923,0.101,0.0529,,low_light,5,2.989595613020679,0.1485
00e9be89-00001380.jpg,00e9be89-00001385.jpg,orb,2000,2000,251,127,0.506,0.1255,33.8805,0.0961,0.0442,,low_light,5,3.0184827373788004,0.1255
00e9be89-00001385.jpg,00e9be89-00001390.jpg,orb,2000,2000,46,28,0.6087,0.023,37.2174,0.084,0.0428,,low_light,5,2.972853706384333,0.023
00e9be89-00001390.jpg,00e9be89-00001395.jpg,orb,2000,2000,57,24,0.4211,0.0285,35.0526,0.0712,0.0488,,low_light,5,2.932021348070005,0.0285
00e9be89-00001395.jpg,00e9be89-00001400.jpg,orb,2000,2000,127,57,0.4488,0.0635,33.2677,0.0583,0.0341,,low_light,5,2.959478580472513,0.0635
00e9be89-00001400.jpg,00e9be89-00001405.jpg,orb,2000,2000,81,35,0.4321,0.0405,30.5432,0.0586,0.0402,,low_light,5,2.98183732031322,0.0405
00e9be89-00001405.jpg,00e9be89-00001410.jpg,orb,2000,2000,116,43,0.3707,0.058,33.3534,0.0888,0.0442,,low_light,5,2.995780981278924,0.058
00e9be89-00001410.jpg,00e9be89-00001415.jpg,orb,2000,2000,156,44,0.2821,0.078,33.3141,0.0773,0.0502,,low_light,5,2.9955223738701884,0.078
00e9be89-00001415.jpg,00e9be89-00001420.jpg,orb,2000,2000,86,34,0.3953,0.043,32.9884,0.094,0.0422,,low_light,5,2.970754893803594,0.043
00e9be89-00001420.jpg,00e9be89-00001425.jpg,orb,2000,2000,67,28,0.4179,0.0335,31.209,0.09,0.0463,,low_light,5,2.935018194249404,0.0335
00e9be89-00001425.jpg,00e9be89-00001430.jpg,orb,2000,2000,135,75,0.5556,0.0675,33.4074,0.073,0.0443,,low_light,5,2.8990258318283715,0.0675
00e9be89-00001430.jpg,00e9be89-00001440.jpg,orb,2000,2000,33,9,0.2727,0.0165,39.697,0.1025,0.0462,,low_light,5,2.940079504259108,0.0165
00e9be89-00001440.jpg,00e9be89-00001445.jpg,orb,2000,2000,72,30,0.4167,0.036,35.3472,0.065,0.0263,,low_light,5,2.969287653981649,0.036
00e9be89-00001445.jpg,00e9be89-00001450.jpg,orb,2000,2000,48,31,0.6458,0.024,37.875,0.0899,0.0422,,low_light,5,2.912062660697302,0.024
00e9be89-00001450.jpg,00e9be89-00001455.jpg,orb,2000,2000,75,53,0.7067,0.0375,35.6267,0.073,0.0442,,low_light,5,2.9773602898964047,0.0375
00e9be89-00001455.jpg,00e9be89-00001460.jpg,orb,2000,2000,115,70,0.6087,0.0575,34.5304,0.0887,0.0442,,low_light,5,3.0842489019260926,0.0575
00e9be89-00001460.jpg,00e9be89-00001465.jpg,orb,2000,2000,109,80,0.7339,0.0545,31.4954,0.0882,0.0433,,low_light,5,3.069447852301576,0.0545
00e9be89-00001465.jpg,00e9be89-00001470.jpg,orb,2000,2000,21,7,0.3333,0.0105,40.0952,0.0824,0.0453,,low_light,5,3.074372773116385,0.0105
00e9be89-00001470.jpg,00e9be89-00001475.jpg,orb,2000,2000,52,16,0.3077,0.026,35.1923,0.0593,0.0535,,low_light,5,3.091773684361822,0.026
00e9be89-00001475.jpg,00e9be89-00001480.jpg,orb,2000,2000,50,25,0.5,0.025,37.28,0.1008,0.0502,,low_light,5,3.0722082995880893,0.025
00e9be89-00001480.jpg,00e9be89-00001485.jpg,orb,2000,2000,23,11,0.4783,0.0115,39.7391,0.0618,0.0261,,low_light,5,3.135333807276681,0.0115
00e9be89-00001485.jpg,00e9be89-00001490.jpg,orb,2000,2000,39,20,0.5128,0.0195,35.7436,0.0905,0.0442,,low_light,5,3.2333697475893084,0.0195
00e9be89-00001490.jpg,00e9be89-00001495.jpg,orb,2000,2000,515,500,0.9709,0.2575,22.1282,0.0799,0.0442,,low_light,5,3.2485630241502683,0.2575
00e9be89-00001495.jpg,00e9be89-00001500.jpg,orb,2000,2000,726,715,0.9848,0.363,19.4628,0.0799,0.0442,,low_light,5,3.24975675912948,0.363
00e9be89-00001500.jpg,00e9be89-00001505.jpg,orb,2000,2000,310,249,0.8032,0.155,27.3258,0.0508,0.0365,,low_light,5,3.24977432088067,0.155
00e9be89-00001505.jpg,00e9be89-00001510.jpg,orb,2000,2000,42,25,0.5952,0.021,36.5952,0.0945,0.0445,,low_light,5,3.2400148525204324,0.021
00e9be89-00001510.jpg,00e9be89-00001515.jpg,orb,2000,2000,49,20,0.4082,0.0245,41.9796,0.0862,0.0468,,low_light,5,3.212112314612348,0.0245
00e9be89-00001515.jpg,00e9be89-00001520.jpg,orb,2000,2000,23,6,0.2609,0.0115,42.7826,0.09,0.0482,,low_light,5,3.172802293113555,0.0115
00e9be89-00001520.jpg,00e9be89-00001525.jpg,orb,2000,2000,58,35,0.6034,0.029,36.5862,0.0647,0.0382,,low_light,5,3.174188140301691,0.029
00e9be89-00001525.jpg,00e9be89-00001535.jpg,orb,2000,2000,16,7,0.4375,0.008,40.4375,0.0646,0.0283,,low_light,5,3.1853662530622677,0.008
00e9be89-00001535.jpg,00e9be89-00001540.jpg,orb,2000,2000,16,7,0.4375,0.008,41.75,0.0911,0.0445,,low_light,5,3.059235442155733,0.008
00e9be89-00001540.jpg,00e9be89-00001545.jpg,orb,2000,2000,32,13,0.4062,0.016,38.9062,0.098,0.0437,,low_light,5,2.994478702253041,0.016
00e9be89-00001545.jpg,00e9be89-00001550.jpg,orb,2000,2000,235,146,0.6213,0.1175,31.834,0.0851,0.0487,,low_light,5,3.0447110787754608,0.1175
00e9be89-00001550.jpg,00e9be89-00001555.jpg,orb,2000,2000,309,290,0.9385,0.1545,23.9061,0.0824,0.0412,,low_light,5,3.0452714078915166,0.1545
00e9be89-00001555.jpg,00e9be89-00001560.jpg,orb,2000,2000,253,243,0.9605,0.1265,24.7431,0.0931,0.0472,,low_light,5,3.04544713614628,0.1265
00e9be89-00001560.jpg,00e9be89-00001565.jpg,orb,2000,2000,387,347,0.8966,0.1935,25.5065,0.0839,0.0442,,low_light,5,3.049927961182664,0.1935
00e9be89-00001565.jpg,00e9be89-00001570.jpg,orb,2000,2000,48,27,0.5625,0.024,38.625,0.0669,0.0342,,low_light,5,3.0626566980721783,0.024
00e9be89-00001570.jpg,00e9be89-00001575.jpg,orb,2000,2000,49,25,0.5102,0.0245,37.3878,0.0666,0.0313,,low_light,5,3.0730110900855565,0.0245
00e9be89-00001575.jpg,00e9be89-00001580.jpg,orb,2000,2000,111,87,0.7838,0.0555,34.009,0.0968,0.0442,,low_light,5,3.065847003482877,0.0555
00e9be89-00001580.jpg,00e9be89-00001585.jpg,orb,2000,2000,50,30,0.6,0.025,36.26,0.0951,0.0482,,low_light,5,2.996108223076659,0.025
00e9be89-00001585.jpg,00e9be89-00001590.jpg,orb,2000,2000,13,5,0.3846,0.0065,45.4615,0.1082,0.0422,,low_light,5,2.867545017196539,0.0065
00e9be89-00001590.jpg,00e9be89-00001595.jpg,orb,2000,2000,15,7,0.4667,0.0075,42.8667,0.096,0.0457,,low_light,5,2.7503268373466776,0.0075
00e9be89-00001595.jpg,00e9be89-00001600.jpg,orb,2000,2000,19,9,0.4737,0.0095,44.7368,0.0928,0.0442,,low_light,5,2.7864261871291527,0.0095
00e9be89-00001600.jpg,00e9be89-00001605.jpg,orb,2000,2000,130,79,0.6077,0.065,33.6538,0.1061,0.0462,,low_light,5,2.8630134026801803,0.065
00e9be89-00001605.jpg,00e9be89-00001610.jpg,orb,2000,2000,41,25,0.6098,0.0205,40.5366,0.0645,0.0357,,low_light,5,2.903958661350472,0.0205
00e9be89-00001610.jpg,00e9be89-00001620.jpg,orb,2000,2000,12,5,0.4167,0.006,47.9167,0.098,0.0437,,low_light,5,2.923898551733996,0.006
00e9be89-00001620.jpg,00e9be89-00001625.jpg,orb,2000,2000,46,28,0.6087,0.023,36.1087,0.0856,0.0545,,low_light,5,2.9127310299887665,0.023
00e9be89-00001625.jpg,00e9be89-00001630.jpg,orb,2000,2000,47,23,0.4894,0.0235,33.9149,0.0993,0.0483,,low_light,5,2.9420631304247173,0.0235
00e9be89-00001630.jpg,00e9be89-00001635.jpg,orb,2000,2000,23,7,0.3043,0.0115,43.6087,0.0683,0.0301,,low_light,5,3.0055184548482283,0.0115
00e9be89-00001635.jpg,00e9be89-00001640.jpg,orb,2000,2000,11,5,0.4545,0.0055,43.2727,0.0655,0.0371,,low_light,5,2.873064403722358,0.0055
00e9be89-00001640.jpg,00e9be89-00001645.jpg,orb,2000,2000,13,4,0.3077,0.0065,37.9231,0.0689,0.0296,,low_light,5,2.7279949851042224,0.0065
00e9be89-00001645.jpg,00e9be89-00001650.jpg,orb,2000,2000,14,6,0.4286,0.007,41.2857,0.0628,0.0281,,low_light,5,2.8192657161033394,0.007
00e9be89-00001650.jpg,00e9be89-00001655.jpg,orb,2000,2000,7,2,0.2857,0.0035,43.5714,0.0702,0.0331,,low_light,5,2.8139437264619893,0.0035
00e9be89-00001655.jpg,00e9be89-00001665.jpg,orb,2000,2000,9,4,0.4444,0.0045,46.0,0.0777,0.0368,,low_light,5,2.9221849358517167,0.0045
00e9be89-00001665.jpg,00e9be89-00001670.jpg,orb,2000,2000,23,8,0.3478,0.0115,45.4783,0.0892,0.0462,,low_light,5,3.0829653689782885,0.0115
00e9be89-00001670.jpg,00e9be89-00001675.jpg,orb,2000,2000,38,13,0.3421,0.019,41.0,0.0983,0.0442,,low_light,5,3.046904974933787,0.019
00e9be89-00001675.jpg,00e9be89-00001680.jpg,orb,2000,2000,31,25,0.8065,0.0155,36.2258,0.0987,0.0442,,low_light,5,3.006576256730707,0.0155
00e9be89-00001680.jpg,00e9be89-00001685.jpg,orb,2000,2000,27,8,0.2963,0.0135,40.5185,0.1203,0.0382,,low_light,5,3.068611815225597,0.0135
00e9be89-00001685.jpg,00e9be89-00001690.jpg,orb,2000,2000,23,6,0.2609,0.0115,42.6957,0.109,0.0442,,low_light,5,3.2066668013787747,0.0115
00e9be89-00001690.jpg,00e9be89-00001695.jpg,orb,2000,2000,22,7,0.3182,0.011,45.5,0.0705,0.0353,,low_light,5,3.262747213870556,0.011
00e9be89-00001695.jpg,00e9be89-00001705.jpg,orb,2000,2000,14,6,0.4286,0.007,39.0,0.0714,0.0313,,low_light,5,3.209335371488756,0.007
00e9be89-00001705.jpg,00e9be89-00001710.jpg,orb,2000,2000,111,87,0.7838,0.0555,32.6126,0.088,0.0472,,low_light,5,3.156139831857296,0.0555
00e9be89-00001710.jpg,00e9be89-00001715.jpg,orb,2000,2000,57,30,0.5263,0.0285,38.5965,0.0865,0.0422,,low_light,5,3.131293805016917,0.0285
00e9be89-00001715.jpg,00e9be89-00001720.jpg,orb,2000,2000,48,37,0.7708,0.024,33.9375,0.0764,0.0419,,low_light,5,3.1374837334649763,0.02404809619238477
00e9be89-00001720.jpg,00e9be89-00001725.jpg,orb,2000,2000,75,61,0.8133,0.0375,32.1333,0.0683,0.0518,,low_light,5,3.152916901340351,0.037575150300601205
00e9be89-00001725.jpg,00e9be89-00001730.jpg,orb,2000,2000,84,65,0.7738,0.042,32.3333,0.0905,0.0807,,low_light,5,3.148786805294561,0.042
00e9be89-00001730.jpg,00e9be89-00001740.jpg,orb,2000,2000,23,12,0.5217,0.0115,36.3478,0.0844,0.0467,,low_light,5,3.152470280584045,0.0115
00e9be89-00001740.jpg,00e9be89-00001745.jpg,orb,2000,2000,4,4,1.0,0.002,39.25,0.0744,0.0296,,low_light,5,3.124820768477703,0.002
00e9be89-00001745.jpg,00e9be89-00001750.jpg,orb,2000,2000,7,4,0.5714,0.0035,45.1429,0.0707,0.0422,,low_light,5,3.057820492502161,0.0035
00e9be89-00001750.jpg,00e9be89-00001755.jpg,orb,2000,2000,49,31,0.6327,0.0245,37.0408,0.0641,0.0499,,low_light,5,3.0637000068866462,0.0245
00e9be89-00001755.jpg,00e9be89-00001760.jpg,orb,2000,2000,30,17,0.5667,0.015,36.9667,0.1005,0.0442,,low_light,5,3.0975697672864464,0.015
00e9be89-00001760.jpg,00e9be89-00001765.jpg,orb,2000,2000,23,14,0.6087,0.0115,37.8696,0.1081,0.0457,,low_light,5,3.0126851803741816,0.0115
00e9be89-00001765.jpg,00e9be89-00001770.jpg,orb,2000,2000,35,17,0.4857,0.0175,35.1143,0.104,0.0502,,low_light,5,2.9346730295420187,0.0175
00e9be89-00001770.jpg,00e9be89-00001775.jpg,orb,2000,2000,49,30,0.6122,0.0245,38.2245,0.1034,0.0422,,low_light,5,2.938735570305184,0.0245
00e9be89-00001775.jpg,00e9be89-00001780.jpg,orb,2000,2000,44,24,0.5455,0.022,36.9318,0.102,0.0346,,low_light,5,3.0112112004478178,0.022
00e9be89-00001780.jpg,00e9be89-00001785.jpg,orb,2000,2000,28,14,0.5,0.014,41.0,0.0641,0.0302,,low_light,5,3.025848250735538,0.014
00e9be89-00001785.jpg,00e9be89-00001795.jpg,orb,2000,2000,10,6,0.6,0.005,43.9,0.0884,0.0457,,low_light,5,2.918297762046725,0.005
00e9be89-00001795.jpg,00e9be89-00001800.jpg,orb,2000,2000,743,720,0.969,0.3715,24.4051,0.0784,0.0382,,low_light,5,2.950573773306173,0.3715
00e9be89-00001800.jpg,00e9be89-00001810.jpg,orb,2000,2000,171,75,0.4386,0.0855,33.4503,0.0676,0.0288,,low_light,5,3.025711988739069,0.0855
00e9be89-00001810.jpg,00e9be89-00001815.jpg,orb,2000,2000,127,53,0.4173,0.0635,33.3386,0.0662,0.0312,,low_light,5,3.017360804139836,0.0635
00e9be89-00001815.jpg,00e9be89-00001820.jpg,orb,2000,2000,24,9,0.375,0.012,39.8333,0.2504,0.0471,,low_light,5,3.0227852238268187,0.012
00e9be89-00001820.jpg,00e9be89-00001825.jpg,orb,2000,2000,52,19,0.3654,0.026,40.4423,0.0759,0.0365,,low_light,5,3.0065456377461257,0.026
00e9be89-00001825.jpg,00e9be89-00001830.jpg,orb,2000,2000,56,22,0.3929,0.028,37.5,0.0977,0.0452,,low_light,5,2.990225880838336,0.028
00e9be89-00001830.jpg,00e9be89-00001840.jpg,orb,2000,2000,21,8,0.381,0.0105,38.5714,0.0972,0.0399,,low_light,5,2.9680727790211434,0.0105
00e9be89-00001840.jpg,00e9be89-00001845.jpg,orb,2000,2000,1124,1106,0.984,0.562,20.581,0.0965,0.0453,,low_light,5,2.9456602696338168,0.562
00e9be89-00001845.jpg,00e9be89-00001865.jpg,orb,2000,2000,882,867,0.983,0.441,22.3639,0.0966,0.0383,,low_light,5,2.94171940160003,0.441
00e9be89-00001865.jpg,00e9be89-00001870.jpg,orb,2000,2000,964,949,0.9844,0.482,22.4616,0.0928,0.0584,,low_light,5,2.957943232093581,0.482
00e9be89-00001870.jpg,00e9be89-00001875.jpg,orb,2000,2000,1082,1070,0.9889,0.541,19.4177,0.0866,0.039,,low_light,5,2.961273416885676,0.541
00e9be89-00001875.jpg,00e9be89-00001885.jpg,orb,2000,2000,1005,999,0.994,0.5025,20.993,0.1079,0.0441,,low_light,5,2.9400741256538687,0.5025
00e9be89-00001885.jpg,00e9be89-00001890.jpg,orb,2000,2000,1098,1083,0.9863,0.549,21.0182,0.1018,0.0441,,low_light,5,2.935442771490808,0.549
00e9be89-00001890.jpg,00e9be89-00001895.jpg,orb,2000,2000,1103,1088,0.9864,0.5515,19.9175,0.154,0.041,,low_light,5,2.939995962988712,0.5515
00e9be89-00001895.jpg,00e9be89-00001900.jpg,orb,2000,2000,1112,1097,0.9865,0.556,20.9029,0.1681,0.0375,,low_light,5,2.9446437724775345,0.556
00e9be89-00001900.jpg,00e9be89-00001905.jpg,orb,2000,2000,338,245,0.7249,0.169,31.4675,0.0955,0.0345,,low_light,5,2.9501635839226044,0.169
00e9be89-00001905.jpg,00e9be89-00001915.jpg,orb,2000,2000,36,11,0.3056,0.018,37.9722,0.0881,0.0413,,low_light,5,2.956767411355802,0.018
00e9be89-00000015.jpg,00e9be89-00000100.jpg,orb,2000,2000,6,4,0.6667,0.003,42.8333,0.1231,0.0403,C:\Users\amit\Project_digital_image_processing__Amit_Alon\outputs\visualizations\task2\enhanced_visualizations\low_light\level_6\match_00e9be89-00000015__00e9be89-00000100.png,low_light,6,1.982349815423792,0.003
00e9be89-00000100.jpg,00e9be89-00000105.jpg,orb,2000,2000,880,875,0.9943,0.44,25.3511,0.1119,0.037,,low_light,6,2.0455510659176057,0.44
00e9be89-00000105.jpg,00e9be89-00000110.jpg,orb,2000,2000,972,967,0.9949,0.486,22.6965,0.1073,0.0358,,low_light,6,2.0444379922065803,0.486
00e9be89-00000110.jpg,00e9be89-00000115.jpg,orb,2000,2000,990,975,0.9848,0.495,23.2455,0.1041,0.0476,,low_light,6,2.044644039130123,0.495
00e9be89-00000115.jpg,00e9be89-00000120.jpg,orb,2000,2000,1125,1120,0.9956,0.5625,21.0613,0.1335,0.0392,,low_light,6,2.0456425190485104,0.5625
00e9be89-00000120.jpg,00e9be89-00000125.jpg,orb,2000,2000,572,554,0.9685,0.286,31.8671,0.0854,0.0281,,low_light,6,2.022007383278265,0.286
00e9be89-00000125.jpg,00e9be89-00000130.jpg,orb,2000,2000,786,776,0.9873,0.393,25.9338,0.1045,0.0263,,low_light,6,2.004649437511452,0.393
00e9be89-00000130.jpg,00e9be89-00000135.jpg,orb,2000,2000,863,855,0.9907,0.4315,25.3407,0.0928,0.0276,,low_light,6,2.024370406510042,0.4315
00e9be89-00000135.jpg,00e9be89-00000140.jpg,orb,2000,2000,852,839,0.9847,0.426,25.1373,0.0901,0.0309,,low_light,6,2.0386403570790144,0.426
00e9be89-00000140.jpg,00e9be89-00000145.jpg,orb,2000,2000,165,143,0.8667,0.0825,35.6788,0.0897,0.0306,,low_light,6,2.0416863189975403,0.0825
00e9be89-00000145.jpg,00e9be89-00000150.jpg,orb,2000,2000,13,4,0.3077,0.0065,48.1538,0.1038,0.0312,,low_light,6,1.988157194519016,0.0065
00e9be89-00000150.jpg,00e9be89-00000160.jpg,orb,2000,2000,12,2,0.1667,0.006,46.5,0.1021,0.0271,,low_light,6,1.9609856031276447,0.006
00e9be89-00000160.jpg,00e9be89-00000165.jpg,orb,2000,2000,9,4,0.4444,0.0045,44.0,0.097,0.0425,,low_light,6,2.0098295183747235,0.0045
00e9be89-00000165.jpg,00e9be89-00000175.jpg,orb,2000,2000,8,4,0.5,0.004,45.75,0.0862,0.0351,,low_light,6,2.0218408646221806,0.004
00e9be89-00000175.jpg,00e9be89-00000190.jpg,orb,2000,2000,4,4,1.0,0.002,40.75,0.0868,0.0308,,low_light,6,1.9856614489495776,0.002
00e9be89-00000190.jpg,00e9be89-00001000.jpg,orb,2000,2000,6,4,0.6667,0.003,41.6667,0.0646,0.0382,,low_light,6,2.0031865002151403,0.003
00e9be89-00001000.jpg,00e9be89-00001005.jpg,orb,2000,2000,18,1,0.0556,0.009,44.2222,0.0814,0.0463,,low_light,6,2.034901756670924,0.009
00e9be89-00001005.jpg,00e9be89-00001010.jpg,orb,2000,2000,12,3,0.25,0.006,38.1667,0.0686,0.0432,,low_light,6,2.0544578047914888,0.006
00e9be89-00001010.jpg,00e9be89-00001015.jpg,orb,2000,1976,27,8,0.2963,0.0137,41.8519,0.0596,0.0422,,low_light,6,2.0849320103517623,0.01355421686746988
00e9be89-00001015.jpg,00e9be89-00001020.jpg,orb,1976,2000,23,12,0.5217,0.0116,37.087,0.0644,0.0421,,low_light,6,2.075673479122079,0.011546184738955823
00e9be89-00001020.jpg,00e9be89-00001025.jpg,orb,2000,2000,27,17,0.6296,0.0135,41.8148,0.0649,0.0442,,low_light,6,2.079923405677365,0.0135
00e9be89-00001025.jpg,00e9be89-00001030.jpg,orb,2000,2000,41,22,0.5366,0.0205,40.4634,0.0606,0.0445,,low_light,6,2.0862317453333272,0.0205
00e9be89-00001030.jpg,00e9be89-00001035.jpg,orb,2000,2000,60,42,0.7,0.03,37.8667,0.0505,0.0316,,low_light,6,2.0864481826071586,0.03
00e9be89-00001035.jpg,00e9be89-00001040.jpg,orb,2000,2000,84,67,0.7976,0.042,36.2024,0.05,0.0301,,low_light,6,2.0915080555172727,0.042
00e9be89-00001040.jpg,00e9be89-00001045.jpg,orb,2000,2000,190,103,0.5421,0.095,35.0105,0.0807,0.0463,,low_light,6,2.091741109662943,0.095
00e9be89-00001045.jpg,00e9be89-00001050.jpg,orb,2000,2000,70,30,0.4286,0.035,38.1857,0.0805,0.0424,,low_light,6,2.092774393395293,0.035
00e9be89-00001050.jpg,00e9be89-00001055.jpg,orb,2000,2000,89,30,0.3371,0.0445,36.8652,0.088,0.0442,,low_light,6,2.09193934097092,0.0445
00e9be89-00001055.jpg,00e9be89-00001060.jpg,orb,2000,2000,96,44,0.4583,0.048,38.8542,0.0819,0.0487,,low_light,6,2.097112642350697,0.048
00e9be89-00001060.jpg,00e9be89-00001065.jpg,orb,2000,2000,66,44,0.6667,0.033,39.0909,0.0853,0.0485,,low_light,6,2.114255345277752,0.033
00e9be89-00001065.jpg,00e9be89-00001070.jpg,orb,2000,2000,108,98,0.9074,0.054,35.0833,0.0985,0.0482,,low_light,6,2.118199075488409,0.054
00e9be89-00001070.jpg,00e9be89-00001075.jpg,orb,2000,2000,67,43,0.6418,0.0335,40.7164,0.0985,0.0403,,low_light,6,2.085872103719854,0.0335
00e9be89-00001075.jpg,00e9be89-00001080.jpg,orb,2000,2000,44,20,0.4545,0.022,37.75,0.0801,0.0278,,low_light,6,2.0888021644785857,0.022
00e9be89-00001080.jpg,00e9be89-00001090.jpg,orb,2000,2000,28,18,0.6429,0.014,38.6071,0.0586,0.0373,,low_light,6,2.1275724939278637,0.014
00e9be89-00001090.jpg,00e9be89-00001095.jpg,orb,2000,2000,36,26,0.7222,0.018,32.9167,0.0799,0.0466,,low_light,6,2.134849795795436,0.018
00e9be89-00001095.jpg,00e9be89-00001100.jpg,orb,2000,2000,52,19,0.3654,0.026,41.8077,0.0988,0.0393,,low_light,6,2.124636192490996,0.026
00e9be89-00001100.jpg,00e9be89-00001105.jpg,orb,2000,2000,26,8,0.3077,0.013,43.3846,0.095,0.0425,,low_light,6,2.105957129268456,0.013
00e9be89-00001105.jpg,00e9be89-00001115.jpg,orb,2000,2000,14,6,0.4286,0.007,41.1429,0.0799,0.0442,,low_light,6,2.03272281571832,0.007
00e9be89-00001115.jpg,00e9be89-00001125.jpg,orb,2000,2000,20,5,0.25,0.01,44.2,0.079,0.0443,,low_light,6,2.0415766366239634,0.01
00e9be89-00001125.jpg,00e9be89-00001130.jpg,orb,2000,2000,52,21,0.4038,0.026,39.8654,0.0965,0.0462,,low_light,6,2.0873150035003274,0.026
00e9be89-00001130.jpg,00e9be89-00001135.jpg,orb,2000,2000,57,36,0.6316,0.0285,37.5088,0.0716,0.0424,,low_light,6,2.098417940078285,0.0285
00e9be89-00001135.jpg,00e9be89-00001140.jpg,orb,2000,2000,59,50,0.8475,0.0295,31.9661,0.0606,0.0281,,low_light,6,2.132559577034433,0.0295
00e9be89-00001140.jpg,00e9be89-00001150.jpg,orb,2000,2000,65,44,0.6769,0.0325,34.9692,0.0819,0.0473,,low_light,6,2.1354518440418047,0.0325
00e9be89-00001150.jpg,00e9be89-00001155.jpg,orb,2000,2000,84,56,0.6667,0.042,35.2024,0.0522,0.0527,,low_light,6,2.142205571271196,0.042
00e9be89-00001155.jpg,00e9be89-00001160.jpg,orb,2000,2000,83,50,0.6024,0.0415,33.6024,0.0963,0.04,,low_light,6,2.144340420672865,0.0415
00e9be89-00001160.jpg,00e9be89-00001165.jpg,orb,2000,2000,23,10,0.4348,0.0115,40.2174,0.0819,0.0457,,low_light,6,2.1472589442090824,0.0115
00e9be89-00001165.jpg,00e9be89-00001170.jpg,orb,2000,2000,63,28,0.4444,0.0315,40.3175,0.0944,0.0424,,low_light,6,2.146312264004973,0.0315
00e9be89-00001170.jpg,00e9be89-00001175.jpg,orb,2000,2000,38,21,0.5526,0.019,37.4211,0.086,0.0424,,low_light,6,2.1459680830175163,0.019
00e9be89-00001175.jpg,00e9be89-00001180.jpg,orb,2000,2000,74,46,0.6216,0.037,38.2568,0.0582,0.0403,,low_light,6,2.149280018871254,0.037
00e9be89-00001180.jpg,00e9be89-00001185.jpg,orb,2000,2000,38,18,0.4737,0.019,37.6842,0.0596,0.0306,,low_light,6,2.140865363798345,0.019
00e9be89-00001185.jpg,00e9be89-00001190.jpg,orb,2000,2000,26,10,0.3846,0.013,43.0769,0.0985,0.0424,,low_light,6,2.127545885113691,0.013
00e9be89-00001190.jpg,00e9be89-00001195.jpg,orb,2000,2000,13,5,0.3846,0.0065,45.7692,0.0987,0.0392,,low_light,6,2.0177816551054235,0.0065
00e9be89-00001195.jpg,00e9be89-00001200.jpg,orb,2000,2000,21,6,0.2857,0.0105,42.6667,0.0921,0.0462,,low_light,6,2.03377719034258,0.010568696527428284
00e9be89-00001200.jpg,00e9be89-00001205.jpg,orb,2000,1994,27,11,0.4074,0.0135,40.0741,0.061,0.0422,,low_light,6,2.1504386315923893,0.013588324106693507
00e9be89-00001205.jpg,00e9be89-00001210.jpg,orb,1994,2000,40,7,0.175,0.0201,44.525,0.066,0.0412,,low_light,6,2.145322455800465,0.02004008016032064
00e9be89-00001210.jpg,00e9be89-00001215.jpg,orb,2000,2000,38,21,0.5526,0.019,39.6053,0.0882,0.0442,,low_light,6,2.124427642164781,0.019
00e9be89-00001215.jpg,00e9be89-00001220.jpg,orb,2000,2000,8,4,0.5,0.004,38.375,0.0601,0.0423,,low_light,6,2.0844327913669334,0.004
00e9be89-00001220.jpg,00e9be89-00001225.jpg,orb,2000,2000,23,6,0.2609,0.0115,45.9565,0.0508,0.0342,,low_light,6,2.086808754563039,0.0115
00e9be89-00001225.jpg,00e9be89-00001230.jpg,orb,2000,2000,14,5,0.3571,0.007,42.6429,0.0882,0.0442,,low_light,6,2.118729369167977,0.007
00e9be89-00001230.jpg,00e9be89-00001240.jpg,orb,2000,1692,48,26,0.5417,0.0284,38.2708,0.0784,0.0382,,low_light,6,2.123150321531573,0.026388125343595383
00e9be89-00001240.jpg,00e9be89-00001245.jpg,orb,1692,2000,45,27,0.6,0.0266,37.8222,0.0867,0.0362,,low_light,6,2.1027450802769243,0.02473886750962067
00e9be89-00001245.jpg,00e9be89-00001250.jpg,orb,2000,2000,17,4,0.2353,0.0085,36.0,0.0759,0.048,,low_light,6,2.118712344532433,0.0085
00e9be89-00001250.jpg,00e9be89-00001255.jpg,orb,2000,2000,42,18,0.4286,0.021,39.4048,0.0932,0.0397,,low_light,6,2.148878974142641,0.021
00e9be89-00001255.jpg,00e9be89-00001260.jpg,orb,2000,2000,30,18,0.6,0.015,34.8333,0.0939,0.0502,,low_light,6,2.154835637143166,0.015
00e9be89-00001260.jpg,00e9be89-00001265.jpg,orb,2000,2000,23,11,0.4783,0.0115,37.3913,0.0688,0.0294,,low_light,6,2.1375674323274154,0.0115
00e9be89-00001265.jpg,00e9be89-00001270.jpg,orb,2000,2000,14,7,0.5,0.007,45.7857,0.061,0.0294,,low_light,6,2.0812441341121795,0.007
00e9be89-00001270.jpg,00e9be89-00001275.jpg,orb,2000,2000,14,7,0.5,0.007,43.7857,0.096,0.0442,,low_light,6,2.0709527317404075,0.007
00e9be89-00001275.jpg,00e9be89-00001280.jpg,orb,2000,2000,9,4,0.4444,0.0045,49.7778,0.1281,0.0422,,low_light,6,2.010122464784572,0.0045
00e9be89-00001280.jpg,00e9be89-00001285.jpg,orb,2000,2000,10,4,0.4,0.005,42.8,0.1064,0.0462,,low_light,6,1.8643553314897965,0.005
00e9be89-00001285.jpg,00e9be89-00001290.jpg,orb,2000,2000,6,0,0.0,0.003,41.1667,0.0941,0.0442,,low_light,6,1.9057556272351,0.003
00e9be89-00001290.jpg,00e9be89-00001295.jpg,orb,2000,2000,10,4,0.4,0.005,43.9,0.0594,0.0563,,low_light,6,1.9188543398776527,0.005
00e9be89-00001295.jpg,00e9be89-00001305.jpg,orb,2000,2000,14,5,0.3571,0.007,45.5714,0.1165,0.0417,,low_light,6,1.8723618601803815,0.007
00e9be89-00001305.jpg,00e9be89-00001310.jpg,orb,2000,2000,19,5,0.2632,0.0095,49.0,0.0975,0.0323,,low_light,6,1.8751631833091,0.0095
00e9be89-00001310.jpg,00e9be89-00001315.jpg,orb,2000,2000,10,5,0.5,0.005,47.0,0.0636,0.0291,,low_light,6,1.7878399154206968,0.005
00e9be89-00001315.jpg,00e9be89-00001325.jpg,orb,2000,2000,13,6,0.4615,0.0065,36.7692,0.0945,0.0435,,low_light,6,1.7621590429701497,0.0065
00e9be89-00001325.jpg,00e9be89-00001330.jpg,orb,2000,2000,36,9,0.25,0.018,37.2778,0.0819,0.0417,,low_light,6,1.9161913419010037,0.018
00e9be89-00001330.jpg,00e9be89-00001335.jpg,orb,2000,2000,15,5,0.3333,0.0075,39.5333,0.0779,0.0462,,low_light,6,1.9945230643466003,0.0075
00e9be89-00001335.jpg,00e9be89-00001340.jpg,orb,2000,2000,18,6,0.3333,0.009,42.7222,0.0613,0.0605,,low_light,6,1.9982013945995667,0.009
00e9be89-00001340.jpg,00e9be89-00001345.jpg,orb,2000,2000,8,4,0.5,0.004,45.125,0.097,0.0538,,low_light,6,2.0376234821261834,0.004
00e9be89-00001345.jpg,00e9be89-00001350.jpg,orb,2000,2000,7,4,0.5714,0.0035,47.5714,0.0877,0.0543,,low_light,6,2.0199970163655827,0.0035
00e9be89-00001350.jpg,00e9be89-00001355.jpg,orb,2000,2000,15,8,0.5333,0.0075,36.8,0.0626,0.0281,,low_light,6,2.0302076359740875,0.0075
00e9be89-00001355.jpg,00e9be89-00001360.jpg,orb,2000,2000,26,8,0.3077,0.013,42.1923,0.065,0.0291,,low_light,6,2.022075006129273,0.013
00e9be89-00001360.jpg,00e9be89-00001365.jpg,orb,2000,2000,11,4,0.3636,0.0055,41.0909,0.0819,0.046,,low_light,6,2.0040880295759287,0.0055
00e9be89-00001365.jpg,00e9be89-00001370.jpg,orb,2000,2000,32,20,0.625,0.016,41.0625,0.0735,0.0445,,low_light,6,2.0243875292697187,0.016
00e9be89-00001370.jpg,00e9be89-00001375.jpg,orb,2000,2000,137,64,0.4672,0.0685,36.7956,0.0963,0.0503,,low_light,6,2.015615167056061,0.0685
00e9be89-00001375.jpg,00e9be89-00001380.jpg,orb,2000,2000,284,116,0.4085,0.142,33.912,0.0985,0.0503,,low_light,6,2.0088974232090626,0.142
00e9be89-00001380.jpg,00e9be89-00001385.jpg,orb,2000,2000,252,117,0.4643,0.126,34.8016,0.0859,0.0442,,low_light,6,2.027236747934361,0.126
00e9be89-00001385.jpg,00e9be89-00001390.jpg,orb,2000,2000,44,26,0.5909,0.022,36.5909,0.0589,0.0287,,low_light,6,1.997821320903403,0.022
00e9be89-00001390.jpg,00e9be89-00001395.jpg,orb,2000,2000,57,33,0.5789,0.0285,33.1404,0.0687,0.0281,,low_light,6,1.9717308780274012,0.0285
00e9be89-00001395.jpg,00e9be89-00001400.jpg,orb,2000,2000,117,52,0.4444,0.0585,33.6496,0.05,0.0272,,low_light,6,1.9898662326293968,0.0585
00e9be89-00001400.jpg,00e9be89-00001405.jpg,orb,2000,2000,96,37,0.3854,0.048,31.4479,0.0818,0.0437,,low_light,6,2.004009695654564,0.048
00e9be89-00001405.jpg,00e9be89-00001410.jpg,orb,2000,2000,116,38,0.3276,0.058,33.0862,0.097,0.0422,,low_light,6,2.0127902291652124,0.058
00e9be89-00001410.jpg,00e9be89-00001415.jpg,orb,2000,2000,177,53,0.2994,0.0885,33.8757,0.1001,0.0457,,low_light,6,2.0131038589962333,0.0885
00e9be89-00001415.jpg,00e9be89-00001420.jpg,orb,2000,2000,104,38,0.3654,0.052,34.8173,0.0698,0.0498,,low_light,6,1.997656612668924,0.052
00e9be89-00001420.jpg,00e9be89-00001425.jpg,orb,2000,2000,89,36,0.4045,0.0445,32.9888,0.0951,0.0482,,low_light,6,1.9744735280134715,0.0445
00e9be89-00001425.jpg,00e9be89-00001430.jpg,orb,2000,2000,127,66,0.5197,0.0635,34.5827,0.0945,0.0464,,low_light,6,1.95038089974207,0.0635
00e9be89-00001430.jpg,00e9be89-00001440.jpg,orb,2000,2000,29,9,0.3103,0.0145,41.0345,0.0644,0.0312,,low_light,6,1.976252724810766,0.0145
00e9be89-00001440.jpg,00e9be89-00001445.jpg,orb,2000,2000,75,28,0.3733,0.0375,33.68,0.0623,0.0303,,low_light,6,1.995500132074824,0.0375
00e9be89-00001445.jpg,00e9be89-00001450.jpg,orb,2000,2000,56,27,0.4821,0.028,38.8571,0.0842,0.0437,,low_light,6,1.9585733799147893,0.028
00e9be89-00001450.jpg,00e9be89-00001455.jpg,orb,2000,2000,84,59,0.7024,0.042,36.3095,0.0551,0.0549,,low_light,6,1.99994555284053,0.042
00e9be89-00001455.jpg,00e9be89-00001460.jpg,orb,2000,2000,139,79,0.5683,0.0695,35.518,0.0968,0.052,,low_light,6,2.0687662116398355,0.0695
00e9be89-00001460.jpg,00e9be89-00001465.jpg,orb,2000,2000,133,107,0.8045,0.0665,33.218,0.0819,0.0457,,low_light,6,2.0597058227186062,0.0665
00e9be89-00001465.jpg,00e9be89-00001470.jpg,orb,2000,2000,21,7,0.3333,0.0105,45.0,0.092,0.0421,,low_light,6,2.0629362616940066,0.0105
00e9be89-00001470.jpg,00e9be89-00001475.jpg,orb,2000,2000,56,19,0.3393,0.028,35.6071,0.078,0.0462,,low_light,6,2.0741433448739466,0.028
00e9be89-00001475.jpg,00e9be89-00001480.jpg,orb,2000,2000,49,20,0.4082,0.0245,37.4898,0.0659,0.0319,,low_light,6,2.061785337334441,0.0245
00e9be89-00001480.jpg,00e9be89-00001485.jpg,orb,2000,2000,34,14,0.4118,0.017,38.7353,0.0482,0.0266,,low_light,6,2.100966255758902,0.017
00e9be89-00001485.jpg,00e9be89-00001490.jpg,orb,2000,2000,50,24,0.48,0.025,34.22,0.0686,0.0524,,low_light,6,2.162255960636176,0.025
00e9be89-00001490.jpg,00e9be89-00001495.jpg,orb,2000,2000,487,477,0.9795,0.2435,22.6386,0.0865,0.0462,,low_light,6,2.171919536357015,0.2435
00e9be89-00001495.jpg,00e9be89-00001500.jpg,orb,2000,2000,696,682,0.9799,0.348,19.3261,0.0784,0.046,,low_light,6,2.1726066969446194,0.348
00e9be89-00001500.jpg,00e9be89-00001505.jpg,orb,2000,2000,289,235,0.8131,0.1445,27.2526,0.0905,0.0445,,low_light,6,2.172654265729698,0.1445
00e9be89-00001505.jpg,00e9be89-00001510.jpg,orb,2000,2000,45,21,0.4667,0.0225,38.8667,0.0799,0.0418,,low_light,6,2.166426358175241,0.0225
00e9be89-00001510.jpg,00e9be89-00001515.jpg,orb,2000,2000,48,19,0.3958,0.024,40.5625,0.0794,0.0422,,low_light,6,2.146865380307172,0.024
00e9be89-00001515.jpg,00e9be89-00001520.jpg,orb,2000,2000,17,8,0.4706,0.0085,38.9412,0.0927,0.0446,,low_light,6,2.1207187780581567,0.0085
00e9be89-00001520.jpg,00e9be89-00001525.jpg,orb,2000,2000,46,31,0.6739,0.023,36.0217,0.0685,0.0314,,low_light,6,2.1218078456042644,0.023
00e9be89-00001525.jpg,00e9be89-00001535.jpg,orb,2000,2000,14,6,0.4286,0.007,41.7857,0.0617,0.0344,,low_light,6,2.128458523901904,0.007
00e9be89-00001535.jpg,00e9be89-00001540.jpg,orb,2000,2000,17,8,0.4706,0.0085,41.4706,0.0663,0.0506,,low_light,6,2.050588090636807,0.0085
00e9be89-00001540.jpg,00e9be89-00001545.jpg,orb,2000,2000,27,13,0.4815,0.0135,37.1111,0.1008,0.0442,,low_light,6,2.01067850317629,0.0135
00e9be89-00001545.jpg,00e9be89-00001550.jpg,orb,2000,2000,233,155,0.6652,0.1165,30.2876,0.1,0.0503,,low_light,6,2.041405483387048,0.1165
00e9be89-00001550.jpg,00e9be89-00001555.jpg,orb,2000,2000,312,298,0.9551,0.156,23.5769,0.092,0.0442,,low_light,6,2.041784755042844,0.156
00e9be89-00001555.jpg,00e9be89-00001560.jpg,orb,2000,2000,252,234,0.9286,0.126,26.3254,0.08,0.0466,,low_light,6,2.0418865035509697,0.126
00e9be89-00001560.jpg,00e9be89-00001565.jpg,orb,2000,2000,375,338,0.9013,0.1875,25.4747,0.0956,0.0456,,low_light,6,2.0444946010361607,0.1875
00e9be89-00001565.jpg,00e9be89-00001570.jpg,orb,2000,2000,43,24,0.5581,0.0215,36.5116,0.0658,0.0353,,low_light,6,2.0523747237769627,0.0215
00e9be89-00001570.jpg,00e9be89-00001575.jpg,orb,2000,2000,60,28,0.4667,0.03,38.6333,0.062,0.0281,,low_light,6,2.0587422611688817,0.03
00e9be89-00001575.jpg,00e9be89-00001580.jpg,orb,2000,2000,111,79,0.7117,0.0555,34.6667,0.0892,0.0432,,low_light,6,2.054047889991525,0.0555
00e9be89-00001580.jpg,00e9be89-00001585.jpg,orb,2000,2000,54,32,0.5926,0.027,38.963,0.0764,0.0544,,low_light,6,2.009607284181428,0.027
00e9be89-00001585.jpg,00e9be89-00001590.jpg,orb,2000,2000,15,5,0.3333,0.0075,46.2667,0.107,0.0442,,low_light,6,1.9280433103021548,0.0075
00e9be89-00001590.jpg,00e9be89-00001595.jpg,orb,2000,2000,17,5,0.2941,0.0085,43.5294,0.094,0.0437,,low_light,6,1.85326285461336,0.0085
00e9be89-00001595.jpg,00e9be89-00001600.jpg,orb,2000,2000,13,6,0.4615,0.0065,44.2308,0.0919,0.0462,,low_light,6,1.8765845496815512,0.0065
00e9be89-00001600.jpg,00e9be89-00001605.jpg,orb,2000,2000,133,98,0.7368,0.0665,33.6617,0.0688,0.0509,,low_light,6,1.9263455366834208,0.0665
00e9be89-00001605.jpg,00e9be89-00001610.jpg,orb,2000,2000,34,18,0.5294,0.017,38.6176,0.0684,0.0328,,low_light,6,1.9532957590490996,0.017
00e9be89-00001610.jpg,00e9be89-00001620.jpg,orb,2000,2000,13,6,0.4615,0.0065,47.5385,0.0572,0.0286,,low_light,6,1.9667602134152935,0.0065
00e9be89-00001620.jpg,00e9be89-00001625.jpg,orb,2000,2000,44,30,0.6818,0.022,35.2955,0.1044,0.0422,,low_light,6,1.9598437993852569,0.022
00e9be89-00001625.jpg,00e9be89-00001630.jpg,orb,2000,2000,50,22,0.44,0.025,36.82,0.094,0.0442,,low_light,6,1.9790283278670568,0.025
00e9be89-00001630.jpg,00e9be89-00001635.jpg,orb,2000,2000,21,5,0.2381,0.0105,42.0952,0.0706,0.0523,,low_light,6,2.0186661691803582,0.0105
00e9be89-00001635.jpg,00e9be89-00001640.jpg,orb,2000,2000,14,5,0.3571,0.007,42.5714,0.094,0.0449,,low_light,6,1.9333476501369693,0.007
00e9be89-00001640.jpg,00e9be89-00001645.jpg,orb,2000,2000,14,5,0.3571,0.007,42.5714,0.0683,0.0498,,low_light,6,1.843532476077608,0.007
00e9be89-00001645.jpg,00e9be89-00001650.jpg,orb,2000,2000,15,5,0.3333,0.0075,39.8,0.0907,0.0482,,low_light,6,1.905032385045819,0.0075
00e9be89-00001650.jpg,00e9be89-00001655.jpg,orb,2000,2000,16,5,0.3125,0.008,42.5,0.0618,0.0281,,low_light,6,1.900518590719268,0.008
00e9be89-00001655.jpg,00e9be89-00001665.jpg,orb,2000,2000,10,4,0.4,0.005,46.1,0.1046,0.0378,,low_light,6,1.9659767980013865,0.005
00e9be89-00001665.jpg,00e9be89-00001670.jpg,orb,2000,2000,20,7,0.35,0.01,42.85,0.1079,0.0409,,low_light,6,2.066475603113955,0.01
00e9be89-00001670.jpg,00e9be89-00001675.jpg,orb,2000,2000,25,10,0.4,0.0125,39.04,0.0988,0.0419,,low_light,6,2.043215964283222,0.0125
00e9be89-00001675.jpg,00e9be89-00001680.jpg,orb,2000,2000,33,20,0.6061,0.0165,36.9697,0.094,0.0459,,low_light,6,2.017902812537282,0.0165
00e9be89-00001680.jpg,00e9be89-00001685.jpg,orb,2000,2000,22,8,0.3636,0.011,40.0455,0.1068,0.0445,,low_light,6,2.0574606653622034,0.011
00e9be89-00001685.jpg,00e9be89-00001690.jpg,orb,2000,2000,15,6,0.4,0.0075,42.3333,0.1161,0.0437,,low_light,6,2.143651899163336,0.0075
00e9be89-00001690.jpg,00e9be89-00001695.jpg,orb,2000,2000,19,6,0.3158,0.0095,42.7895,0.0651,0.0323,,low_light,6,2.180201593850696,0.0095
00e9be89-00001695.jpg,00e9be89-00001705.jpg,orb,2000,2000,15,6,0.4,0.0075,40.1333,0.0573,0.0302,,low_light,6,2.1478045975627964,0.0075
00e9be89-00001705.jpg,00e9be89-00001710.jpg,orb,2000,2000,116,88,0.7586,0.058,34.5259,0.0921,0.0437,,low_light,6,2.112972187675983,0.058
00e9be89-00001710.jpg,00e9be89-00001715.jpg,orb,2000,2000,55,29,0.5273,0.0275,38.5273,0.0804,0.0445,,low_light,6,2.0975834753285936,0.0275
00e9be89-00001715.jpg,00e9be89-00001720.jpg,orb,2000,1991,50,37,0.74,0.0251,34.06,0.0859,0.0437,,low_light,6,2.101437138435929,0.025050100200400802
00e9be89-00001720.jpg,00e9be89-00001725.jpg,orb,1991,2000,79,64,0.8101,0.0397,32.4177,0.0768,0.0442,,low_light,6,2.11061176935384,0.039579158316633264
00e9be89-00001725.jpg,00e9be89-00001730.jpg,orb,2000,2000,79,62,0.7848,0.0395,32.7215,0.0656,0.0464,,low_light,6,2.107934645794844,0.0395
00e9be89-00001730.jpg,00e9be89-00001740.jpg,orb,2000,2000,21,11,0.5238,0.0105,38.5714,0.0867,0.0417,,low_light,6,2.110458511587796,0.0105
00e9be89-00001740.jpg,00e9be89-00001745.jpg,orb,2000,2000,4,4,1.0,0.002,43.75,0.104,0.0482,,low_light,6,2.097609052185267,0.002
00e9be89-00001745.jpg,00e9be89-00001750.jpg,orb,2000,2000,7,4,0.5714,0.0035,44.7143,0.0689,0.0341,,low_light,6,2.056596200201654,0.0035
00e9be89-00001750.jpg,00e9be89-00001755.jpg,orb,2000,2000,55,39,0.7091,0.0275,36.1818,0.0844,0.0485,,low_light,6,2.057325912543331,0.0275
00e9be89-00001755.jpg,00e9be89-00001760.jpg,orb,2000,2000,35,21,0.6,0.0175,35.9714,0.0967,0.0523,,low_light,6,2.07853058343316,0.0175
00e9be89-00001760.jpg,00e9be89-00001765.jpg,orb,2000,2000,24,17,0.7083,0.012,32.75,0.0827,0.0523,,low_light,6,2.0239977362500428,0.012
00e9be89-00001765.jpg,00e9be89-00001770.jpg,orb,2000,2000,31,14,0.4516,0.0155,34.8387,0.1011,0.0422,,low_light,6,1.9741108375184573,0.0155
00e9be89-00001770.jpg,00e9be89-00001775.jpg,orb,2000,2000,41,24,0.5854,0.0205,35.1463,0.0946,0.0457,,low_light,6,1.9765489381079735,0.0205
00e9be89-00001775.jpg,00e9be89-00001780.jpg,orb,2000,2000,32,19,0.5938,0.016,35.0312,0.0984,0.0454,,low_light,6,2.0225024801588725,0.016
00e9be89-00001780.jpg,00e9be89-00001785.jpg,orb,2000,2000,37,15,0.4054,0.0185,41.6757,0.0919,0.0462,,low_light,6,2.032241190682789,0.0185
00e9be89-00001785.jpg,00e9be89-00001795.jpg,orb,2000,2000,17,6,0.3529,0.0085,43.2353,0.0507,0.0278,,low_light,6,1.963257557740828,0.0085
00e9be89-00001795.jpg,00e9be89-00001800.jpg,orb,2000,2000,753,732,0.9721,0.3765,25.0784,0.0613,0.0402,,low_light,6,1.9841267800984523,0.3765
00e9be89-00001800.jpg,00e9be89-00001810.jpg,orb,2000,2000,158,70,0.443,0.079,32.6456,0.0879,0.0462,,low_light,6,2.032614130549267,0.079
00e9be89-00001810.jpg,00e9be89-00001815.jpg,orb,2000,2000,115,49,0.4261,0.0575,33.5739,0.092,0.0443,,low_light,6,2.0268381308725534,0.0575
00e9be89-00001815.jpg,00e9be89-00001820.jpg,orb,2000,2000,20,8,0.4,0.01,39.1,0.0907,0.0374,,low_light,6,2.030610677754336,0.01
00e9be89-00001820.jpg,00e9be89-00001825.jpg,orb,2000,2000,42,13,0.3095,0.021,42.5952,0.0749,0.0465,,low_light,6,2.0202349332548803,0.021
00e9be89-00001825.jpg,00e9be89-00001830.jpg,orb,2000,2000,56,21,0.375,0.028,37.8036,0.1029,0.0424,,low_light,6,2.0095754450132493,0.028
00e9be89-00001830.jpg,00e9be89-00001840.jpg,orb,2000,2000,23,2,0.087,0.0115,40.7391,0.098,0.0442,,low_light,6,1.995696448640426,0.0115
00e9be89-00001840.jpg,00e9be89-00001845.jpg,orb,2000,2000,1101,1086,0.9864,0.5505,21.5658,0.0806,0.0296,,low_light,6,1.98160151216544,0.5505
00e9be89-00001845.jpg,00e9be89-00001865.jpg,orb,2000,2000,859,845,0.9837,0.4295,22.0943,0.0635,0.04,,low_light,6,1.9791796753989863,0.4295
00e9be89-00001865.jpg,00e9be89-00001870.jpg,orb,2000,2000,926,913,0.986,0.463,22.3132,0.0726,0.0527,,low_light,6,1.9893142036132363,0.463
00e9be89-00001870.jpg,00e9be89-00001875.jpg,orb,2000,2000,1041,1026,0.9856,0.5205,19.1508,0.1084,0.0485,,low_light,6,1.9913407763830555,0.5205
00e9be89-00001875.jpg,00e9be89-00001885.jpg,orb,2000,2000,988,976,0.9879,0.494,20.9069,0.1058,0.0484,,low_light,6,1.97803949764563,0.494
00e9be89-00001885.jpg,00e9be89-00001890.jpg,orb,2000,2000,1119,1107,0.9893,0.5595,20.3262,0.096,0.0482,,low_light,6,1.97512041818706,0.5595
00e9be89-00001890.jpg,00e9be89-00001895.jpg,orb,2000,2000,1072,1056,0.9851,0.536,19.6688,0.0933,0.0543,,low_light,6,1.978009483423852,0.536
00e9be89-00001895.jpg,00e9be89-00001900.jpg,orb,2000,2000,1090,1078,0.989,0.545,20.6073,0.1121,0.0442,,low_light,6,1.981024178863985,0.545
00e9be89-00001900.jpg,00e9be89-00001905.jpg,orb,2000,2000,332,235,0.7078,0.166,31.4578,0.0779,0.0281,,low_light,6,1.9845670965139095,0.166
00e9be89-00001905.jpg,00e9be89-00001915.jpg,orb,2000,2000,26,8,0.3077,0.013,39.2692,0.0649,0.0347,,low_light,6,1.9889608308121216,0.013
00e9be89-00000015.jpg,00e9be89-00000100.jpg,orb,2000,2000,7,4,0.5714,0.0035,43.8571,0.1482,0.0427,C:\Users\amit\Project_digital_image_processing__Amit_Alon\outputs\visualizations\task2\enhanced_visualizations\low_light\level_7\match_00e9be89-00000015__00e9be89-00000100.png,low_light,7,1.2177806102908666,0.0035
00e9be89-00000100.jpg,00e9be89-00000105.jpg,orb,2000,2000,895,884,0.9877,0.4475,25.4536,0.0968,0.0446,,low_light,7,1.2558259011652222,0.4475
00e9be89-00000105.jpg,00e9be89-00000110.jpg,orb,2000,2000,981,978,0.9969,0.4905,22.3333,0.1285,0.0457,,low_light,7,1.2551824365438076,0.4905
00e9be89-00000110.jpg,00e9be89-00000115.jpg,orb,2000,2000,1019,1009,0.9902,0.5095,22.9549,0.1355,0.0465,,low_light,7,1.2554243216853909,0.5095
00e9be89-00000115.jpg,00e9be89-00000120.jpg,orb,2000,2000,1162,1154,0.9931,0.581,20.6317,0.1237,0.0482,,low_light,7,1.256004205921215,0.581
00e9be89-00000120.jpg,00e9be89-00000125.jpg,orb,2000,2000,598,583,0.9749,0.299,31.8846,0.0767,0.0361,,low_light,7,1.2423330696189516,0.299
00e9be89-00000125.jpg,00e9be89-00000130.jpg,orb,2000,2000,801,791,0.9875,0.4005,25.6217,0.0817,0.0401,,low_light,7,1.2325439613957685,0.4005
00e9be89-00000130.jpg,00e9be89-00000135.jpg,orb,2000,2000,889,883,0.9933,0.4445,24.8088,0.1342,0.0462,,low_light,7,1.244428160736387,0.4445
00e9be89-00000135.jpg,00e9be89-00000140.jpg,orb,2000,2000,852,828,0.9718,0.426,25.0986,0.1262,0.0477,,low_light,7,1.252959878920862,0.426
00e9be89-00000140.jpg,00e9be89-00000145.jpg,orb,2000,2000,188,158,0.8404,0.094,36.484,0.1141,0.0459,,low_light,7,1.254433649718251,0.094
00e9be89-00000145.jpg,00e9be89-00000150.jpg,orb,2000,2000,6,0,0.0,0.003,50.6667,0.1023,0.0482,,low_light,7,1.2209544778528478,0.003
00e9be89-00000150.jpg,00e9be89-00000160.jpg,orb,2000,2000,9,5,0.5556,0.0045,44.7778,0.1385,0.0435,,low_light,7,1.204778460177057,0.0045
00e9be89-00000160.jpg,00e9be89-00000165.jpg,orb,2000,2000,6,4,0.6667,0.003,42.6667,0.1101,0.0442,,low_light,7,1.2352028941702575,0.003
00e9be89-00000165.jpg,00e9be89-00000175.jpg,orb,2000,2000,4,4,1.0,0.002,50.5,0.0665,0.0336,,low_light,7,1.2415669157443046,0.002
00e9be89-00000175.jpg,00e9be89-00000190.jpg,orb,2000,2000,13,5,0.3846,0.0065,42.6923,0.0593,0.0296,,low_light,7,1.219272408513537,0.0065
00e9be89-00000190.jpg,00e9be89-00001000.jpg,orb,2000,1992,9,4,0.4444,0.0045,43.7778,0.0873,0.0502,,low_light,7,1.2295555427418552,0.0045
00e9be89-00001000.jpg,00e9be89-00001005.jpg,orb,1992,2000,18,5,0.2778,0.009,44.5,0.0762,0.0442,,low_light,7,1.24933928609668,0.009
00e9be89-00001005.jpg,00e9be89-00001010.jpg,orb,2000,1988,11,5,0.4545,0.0055,42.3636,0.0845,0.0442,,low_light,7,1.2610098860725638,0.0055
00e9be89-00001010.jpg,00e9be89-00001015.jpg,orb,1988,1943,19,8,0.4211,0.0098,41.6316,0.0738,0.0442,,low_light,7,1.2785863966746076,0.009538152610441768
00e9be89-00001015.jpg,00e9be89-00001020.jpg,orb,1943,2000,30,9,0.3,0.0154,39.0333,0.0565,0.0457,,low_light,7,1.274061014641896,0.015060240963855422
00e9be89-00001020.jpg,00e9be89-00001025.jpg,orb,2000,2000,23,13,0.5652,0.0115,41.0435,0.0839,0.0422,,low_light,7,1.2764156885180928,0.0115
00e9be89-00001025.jpg,00e9be89-00001030.jpg,orb,2000,1986,40,19,0.475,0.0201,38.925,0.0825,0.0519,,low_light,7,1.2798921408424202,0.02
00e9be89-00001030.jpg,00e9be89-00001035.jpg,orb,1986,2000,58,35,0.6034,0.0292,38.569,0.0543,0.0296,,low_light,7,1.280231630171526,0.029
00e9be89-00001035.jpg,00e9be89-00001040.jpg,orb,2000,1963,94,73,0.7766,0.0479,34.7021,0.0478,0.0278,,low_light,7,1.2830111887923257,0.047
00e9be89-00001040.jpg,00e9be89-00001045.jpg,orb,1963,1989,190,98,0.5158,0.0968,35.6789,0.0757,0.0374,,low_light,7,1.283068773666411,0.095
00e9be89-00001045.jpg,00e9be89-00001050.jpg,orb,1989,2000,75,29,0.3867,0.0377,35.5333,0.0699,0.0462,,low_light,7,1.2836480623429132,0.0375
00e9be89-00001050.jpg,00e9be89-00001055.jpg,orb,2000,2000,92,29,0.3152,0.046,37.9891,0.0784,0.0457,,low_light,7,1.2832718240375836,0.046
00e9be89-00001055.jpg,00e9be89-00001060.jpg,orb,2000,2000,100,48,0.48,0.05,38.72,0.0834,0.0485,,low_light,7,1.286081489585413,0.05
00e9be89-00001060.jpg,00e9be89-00001065.jpg,orb,2000,2000,57,40,0.7018,0.0285,38.7368,0.0865,0.0442,,low_light,7,1.2971065040027672,0.0285
00e9be89-00001065.jpg,00e9be89-00001070.jpg,orb,2000,2000,121,88,0.7273,0.0605,34.7521,0.0859,0.0437,,low_light,7,1.2994810926557032,0.0605
00e9be89-00001070.jpg,00e9be89-00001075.jpg,orb,2000,2000,60,35,0.5833,0.03,38.8,0.0658,0.0366,,low_light,7,1.2795063036419383,0.03
00e9be89-00001075.jpg,00e9be89-00001080.jpg,orb,2000,2000,52,27,0.5192,0.026,37.75,0.0659,0.0314,,low_light,7,1.281287787304625,0.026
00e9be89-00001080.jpg,00e9be89-00001090.jpg,orb,2000,2000,33,15,0.4545,0.0165,41.0606,0.0881,0.0417,,low_light,7,1.303221192129466,0.0165
00e9be89-00001090.jpg,00e9be89-00001095.jpg,orb,2000,2000,50,36,0.72,0.025,32.8,0.0804,0.0456,,low_light,7,1.3069685809227345,0.025
00e9be89-00001095.jpg,00e9be89-00001100.jpg,orb,2000,2000,66,24,0.3636,0.033,40.3636,0.074,0.0527,,low_light,7,1.300611086202711,0.033
00e9be89-00001100.jpg,00e9be89-00001105.jpg,orb,2000,2000,27,12,0.4444,0.0135,42.7037,0.0925,0.0505,,low_light,7,1.2892758646867435,0.0135
00e9be89-00001105.jpg,00e9be89-00001115.jpg,orb,2000,2000,31,12,0.3871,0.0155,40.1935,0.0826,0.0442,,low_light,7,1.2456948643596075,0.0155
00e9be89-00001115.jpg,00e9be89-00001125.jpg,orb,2000,2000,28,6,0.2143,0.014,42.8929,0.092,0.0458,,low_light,7,1.25076536298962,0.014
00e9be89-00001125.jpg,00e9be89-00001130.jpg,orb,2000,2000,46,25,0.5435,0.023,37.1522,0.0507,0.0358,,low_light,7,1.2779934526527996,0.023
00e9be89-00001130.jpg,00e9be89-00001135.jpg,orb,2000,2000,66,44,0.6667,0.033,36.7879,0.065,0.0321,,low_light,7,1.2849145940699491,0.033
00e9be89-00001135.jpg,00e9be89-00001140.jpg,orb,2000,2000,72,59,0.8194,0.036,33.0139,0.096,0.0439,,low_light,7,1.3050957494344393,0.036
00e9be89-00001140.jpg,00e9be89-00001150.jpg,orb,2000,2000,60,48,0.8,0.03,33.2833,0.094,0.0437,,low_light,7,1.3066270813136318,0.03
00e9be89-00001150.jpg,00e9be89-00001155.jpg,orb,2000,2000,93,56,0.6022,0.0465,35.4731,0.0824,0.0457,,low_light,7,1.3109306191748304,0.0465
00e9be89-00001155.jpg,00e9be89-00001160.jpg,orb,2000,2000,75,46,0.6133,0.0375,34.28,0.0799,0.0487,,low_light,7,1.3118686539571025,0.0375
00e9be89-00001160.jpg,00e9be89-00001165.jpg,orb,2000,2000,30,16,0.5333,0.015,39.9,0.096,0.0483,,low_light,7,1.313814070215126,0.015
00e9be89-00001165.jpg,00e9be89-00001170.jpg,orb,2000,2000,50,27,0.54,0.025,41.48,0.0924,0.0442,,low_light,7,1.3138232334558553,0.025
00e9be89-00001170.jpg,00e9be89-00001175.jpg,orb,2000,2000,39,18,0.4615,0.0195,39.0769,0.088,0.0538,,low_light,7,1.3133832355832125,0.0195
00e9be89-00001175.jpg,00e9be89-00001180.jpg,orb,2000,2000,70,40,0.5714,0.035,36.6714,0.0555,0.0276,,low_light,7,1.314969481467986,0.035
00e9be89-00001180.jpg,00e9be89-00001185.jpg,orb,2000,2000,31,16,0.5161,0.0155,41.8387,0.0637,0.0312,,low_light,7,1.3094689604654035,0.0155
00e9be89-00001185.jpg,00e9be89-00001190.jpg,orb,2000,2000,25,5,0.2,0.0125,44.96,0.0845,0.0484,,low_light,7,1.3012558635807263,0.0125
00e9be89-00001190.jpg,00e9be89-00001195.jpg,orb,2000,2000,14,6,0.4286,0.007,45.7857,0.0965,0.0462,,low_light,7,1.236405840761096,0.007
00e9be89-00001195.jpg,00e9be89-00001200.jpg,orb,2000,1976,15,5,0.3333,0.0076,45.0667,0.0779,0.0419,,low_light,7,1.2462648118085913,0.00754906894816306
00e9be89-00001200.jpg,00e9be89-00001205.jpg,orb,1976,1649,34,12,0.3529,0.0206,37.8235,0.0779,0.0383,,low_light,7,1.315280719636425,0.017111222949169603
00e9be89-00001205.jpg,00e9be89-00001210.jpg,orb,1649,2000,24,9,0.375,0.0146,38.875,0.0739,0.0374,,low_light,7,1.3123224746262905,0.012024048096192385
00e9be89-00001210.jpg,00e9be89-00001215.jpg,orb,2000,1994,40,24,0.6,0.0201,41.275,0.0743,0.0442,,low_light,7,1.302083139952989,0.02
00e9be89-00001215.jpg,00e9be89-00001220.jpg,orb,1994,2000,18,7,0.3889,0.009,44.2222,0.0611,0.0306,,low_light,7,1.279486459356195,0.009
00e9be89-00001220.jpg,00e9be89-00001225.jpg,orb,2000,2000,27,9,0.3333,0.0135,45.8889,0.0595,0.0344,,low_light,7,1.280564883005877,0.0135
00e9be89-00001225.jpg,00e9be89-00001230.jpg,orb,2000,2000,21,6,0.2857,0.0105,39.7619,0.0867,0.0462,,low_light,7,1.298943100940296,0.0105
00e9be89-00001230.jpg,00e9be89-00001240.jpg,orb,2000,1477,50,29,0.58,0.0339,36.66,0.0828,0.0362,,low_light,7,1.3015433449378797,0.02748763056624519
00e9be89-00001240.jpg,00e9be89-00001245.jpg,orb,1477,2000,38,25,0.6579,0.0257,39.8947,0.0763,0.0337,,low_light,7,1.2905940676883387,0.020890599230346345
00e9be89-00001245.jpg,00e9be89-00001250.jpg,orb,2000,1994,16,8,0.5,0.008,39.0,0.0645,0.045,,low_light,7,1.2991468264280752,0.008
00e9be89-00001250.jpg,00e9be89-00001255.jpg,orb,1994,2000,50,21,0.42,0.0251,37.52,0.0945,0.0482,,low_light,7,1.3158240303155777,0.025
00e9be89-00001255.jpg,00e9be89-00001260.jpg,orb,2000,2000,23,18,0.7826,0.0115,29.6957,0.096,0.0457,,low_light,7,1.3183027465279773,0.0115
00e9be89-00001260.jpg,00e9be89-00001265.jpg,orb,2000,2000,22,12,0.5455,0.011,38.7273,0.0623,0.032,,low_light,7,1.3089905291034134,0.011
00e9be89-00001265.jpg,00e9be89-00001270.jpg,orb,2000,2000,14,6,0.4286,0.007,42.5,0.0606,0.0292,,low_light,7,1.2758347421547789,0.007
00e9be89-00001270.jpg,00e9be89-00001275.jpg,orb,2000,2000,3,0,0.0,0.0015,48.3333,0.0899,0.0472,,low_light,7,1.2676798510278426,0.0015
00e9be89-00001275.jpg,00e9be89-00001280.jpg,orb,2000,2000,14,5,0.3571,0.007,46.5714,0.0803,0.0485,,low_light,7,1.2317066198989854,0.007
00e9be89-00001280.jpg,00e9be89-00001285.jpg,orb,2000,2000,8,4,0.5,0.004,42.375,0.1088,0.0482,,low_light,7,1.1437953316405558,0.004
00e9be89-00001285.jpg,00e9be89-00001290.jpg,orb,2000,2000,5,4,0.8,0.0025,39.6,0.0544,0.0321,,low_light,7,1.1699208602637752,0.0025
00e9be89-00001290.jpg,00e9be89-00001295.jpg,orb,2000,2000,10,4,0.4,0.005,44.6,0.0889,0.0462,,low_light,7,1.1797079684175689,0.005
00e9be89-00001295.jpg,00e9be89-00001305.jpg,orb,2000,2000,15,2,0.1333,0.0075,45.6667,0.0921,0.0437,,low_light,7,1.1508950602950012,0.0075
00e9be89-00001305.jpg,00e9be89-00001310.jpg,orb,2000,2000,14,4,0.2857,0.007,48.6429,0.0871,0.0365,,low_light,7,1.1517952901527586,0.007
00e9be89-00001310.jpg,00e9be89-00001315.jpg,orb,2000,2000,8,4,0.5,0.004,49.75,0.0804,0.0361,,low_light,7,1.096299212858992,0.004
00e9be89-00001315.jpg,00e9be89-00001325.jpg,orb,2000,2000,22,6,0.2727,0.011,37.2273,0.0585,0.0303,,low_light,7,1.0781581048993183,0.011
00e9be89-00001325.jpg,00e9be89-00001330.jpg,orb,2000,1978,25,7,0.28,0.0126,32.16,0.0867,0.0442,,low_light,7,1.1701778347102498,0.0125
00e9be89-00001330.jpg,00e9be89-00001335.jpg,orb,1978,2000,18,6,0.3333,0.0091,41.3333,0.0764,0.0405,,low_light,7,1.2213770253266456,0.009
00e9be89-00001335.jpg,00e9be89-00001340.jpg,orb,2000,2000,16,5,0.3125,0.008,44.875,0.085,0.0442,,low_light,7,1.2282584395621057,0.008
00e9be89-00001340.jpg,00e9be89-00001345.jpg,orb,2000,2000,12,5,0.4167,0.006,41.0,0.0824,0.0762,,low_light,7,1.251230429861642,0.006
00e9be89-00001345.jpg,00e9be89-00001350.jpg,orb,2000,2000,11,4,0.3636,0.0055,46.0,0.088,0.0443,,low_light,7,1.2406491509388793,0.0055
00e9be89-00001350.jpg,00e9be89-00001355.jpg,orb,2000,2000,15,9,0.6,0.0075,41.5333,0.0799,0.0406,,low_light,7,1.2471845145820586,0.0075
00e9be89-00001355.jpg,00e9be89-00001360.jpg,orb,2000,2000,23,7,0.3043,0.0115,44.2174,0.0559,0.0396,,low_light,7,1.2413224262030322,0.0115
00e9be89-00001360.jpg,00e9be89-00001365.jpg,orb,2000,2000,18,4,0.2222,0.009,43.6111,0.0614,0.0313,,low_light,7,1.230081507264445,0.009
00e9be89-00001365.jpg,00e9be89-00001370.jpg,orb,2000,2000,32,15,0.4688,0.016,41.5312,0.0927,0.0462,,low_light,7,1.243084122758615,0.016
00e9be89-00001370.jpg,00e9be89-00001375.jpg,orb,2000,2000,140,62,0.4429,0.07,37.2929,0.0925,0.0417,,low_light,7,1.2381329501855172,0.07
00e9be89-00001375.jpg,00e9be89-00001380.jpg,orb,2000,2000,274,132,0.4818,0.137,34.3869,0.0879,0.046,,low_light,7,1.2339306249560609,0.137
00e9be89-00001380.jpg,00e9be89-00001385.jpg,orb,2000,2000,241,121,0.5021,0.1205,34.5643,0.0786,0.0462,,low_light,7,1.245043037449968,0.1205
00e9be89-00001385.jpg,00e9be89-00001390.jpg,orb,2000,2000,42,23,0.5476,0.021,34.8571,0.0626,0.0446,,low_light,7,1.2269299890842662,0.021
00e9be89-00001390.jpg,00e9be89-00001395.jpg,orb,2000,2000,60,36,0.6,0.03,33.7333,0.055,0.0477,,low_light,7,1.2112177076977262,0.03
00e9be89-00001395.jpg,00e9be89-00001400.jpg,orb,2000,2000,110,51,0.4636,0.055,34.3727,0.0905,0.0485,,low_light,7,1.2222470347422356,0.055
00e9be89-00001400.jpg,00e9be89-00001405.jpg,orb,2000,2000,116,40,0.3448,0.058,33.1379,0.0545,0.0361,,low_light,7,1.231294962326056,0.058
00e9be89-00001405.jpg,00e9be89-00001410.jpg,orb,2000,2000,121,43,0.3554,0.0605,32.9256,0.0681,0.0372,,low_light,7,1.2368592512943075,0.0605
00e9be89-00001410.jpg,00e9be89-00001415.jpg,orb,2000,2000,179,48,0.2682,0.0895,32.0335,0.0809,0.0437,,low_light,7,1.236472951388615,0.0895
00e9be89-00001415.jpg,00e9be89-00001420.jpg,orb,2000,2000,80,24,0.3,0.04,35.8375,0.0857,0.0482,,low_light,7,1.2268827813813106,0.04
00e9be89-00001420.jpg,00e9be89-00001425.jpg,orb,2000,2000,86,39,0.4535,0.043,31.8488,0.0819,0.0422,,low_light,7,1.212830508397277,0.043
00e9be89-00001425.jpg,00e9be89-00001430.jpg,orb,2000,2000,113,56,0.4956,0.0565,33.885,0.0752,0.0436,,low_light,7,1.1989486209148397,0.0565
00e9be89-00001430.jpg,00e9be89-00001440.jpg,orb,2000,2000,20,6,0.3,0.01,40.3,0.0661,0.046,,low_light,7,1.2151906043955352,0.01
00e9be89-00001440.jpg,00e9be89-00001445.jpg,orb,2000,2000,79,19,0.2405,0.0395,35.5316,0.0945,0.0442,,low_light,7,1.2265042830631918,0.0395
00e9be89-00001445.jpg,00e9be89-00001450.jpg,orb,2000,2000,50,31,0.62,0.025,39.02,0.0609,0.0301,,low_light,7,1.2032381700656076,0.025
00e9be89-00001450.jpg,00e9be89-00001455.jpg,orb,2000,2000,80,51,0.6375,0.04,36.8375,0.0524,0.0422,,low_light,7,1.2272018613706837,0.04
00e9be89-00001455.jpg,00e9be89-00001460.jpg,orb,2000,2000,141,83,0.5887,0.0705,34.2411,0.0718,0.0462,,low_light,7,1.2691288586795897,0.0705
00e9be89-00001460.jpg,00e9be89-00001465.jpg,orb,2000,2000,151,119,0.7881,0.0755,32.8344,0.0864,0.0417,,low_light,7,1.2641008529359543,0.0755
00e9be89-00001465.jpg,00e9be89-00001470.jpg,orb,2000,2000,21,6,0.2857,0.0105,41.0952,0.0804,0.0457,,low_light,7,1.2658411206536373,0.0105
00e9be89-00001470.jpg,00e9be89-00001475.jpg,orb,2000,2000,59,25,0.4237,0.0295,35.4746,0.0812,0.0474,,low_light,7,1.272256610832602,0.0295
00e9be89-00001475.jpg,00e9be89-00001480.jpg,orb,2000,2000,47,20,0.4255,0.0235,40.1277,0.0779,0.0417,,low_light,7,1.2640104786735469,0.0235
00e9be89-00001480.jpg,00e9be89-00001485.jpg,orb,2000,2000,36,15,0.4167,0.018,40.8056,0.0736,0.0442,,low_light,7,1.2874384603357083,0.018
00e9be89-00001485.jpg,00e9be89-00001490.jpg,orb,2000,2000,46,26,0.5652,0.023,34.4783,0.0675,0.0315,,low_light,7,1.3246359519584234,0.023
00e9be89-00001490.jpg,00e9be89-00001495.jpg,orb,2000,2000,497,486,0.9779,0.2485,22.3541,0.0587,0.0294,,low_light,7,1.330097662367419,0.2485
00e9be89-00001495.jpg,00e9be89-00001500.jpg,orb,2000,2000,682,673,0.9868,0.341,18.6158,0.0884,0.0437,,low_light,7,1.3304909287043163,0.341
00e9be89-00001500.jpg,00e9be89-00001505.jpg,orb,2000,2000,294,245,0.8333,0.147,27.7585,0.0846,0.0498,,low_light,7,1.3306021529536336,0.147
00e9be89-00001505.jpg,00e9be89-00001510.jpg,orb,2000,2000,42,18,0.4286,0.021,39.4286,0.0899,0.0538,,low_light,7,1.3267580336144862,0.021
00e9be89-00001510.jpg,00e9be89-00001515.jpg,orb,2000,2000,45,16,0.3556,0.0225,39.1556,0.0786,0.0502,,low_light,7,1.3172552305711682,0.0225
00e9be89-00001515.jpg,00e9be89-00001520.jpg,orb,2000,2000,20,7,0.35,0.01,42.9,0.0768,0.0523,,low_light,7,1.303479961026422,0.01
00e9be89-00001520.jpg,00e9be89-00001525.jpg,orb,2000,2000,57,33,0.5789,0.0285,35.8772,0.087,0.0482,,low_light,7,1.303629911681551,0.0285
00e9be89-00001525.jpg,00e9be89-00001535.jpg,orb,2000,2000,18,7,0.3889,0.009,41.2222,0.0891,0.0351,,low_light,7,1.307618003416395,0.009
00e9be89-00001535.jpg,00e9be89-00001540.jpg,orb,2000,2000,14,6,0.4286,0.007,41.2857,0.0539,0.0382,,low_light,7,1.2588817921800255,0.007
00e9be89-00001540.jpg,00e9be89-00001545.jpg,orb,2000,2000,22,8,0.3636,0.011,39.1364,0.0868,0.0422,,low_light,7,1.2337878418356223,0.011
00e9be89-00001545.jpg,00e9be89-00001550.jpg,orb,2000,2000,219,152,0.6941,0.1095,30.9406,0.089,0.0485,,low_light,7,1.2532396484413837,0.1095
00e9be89-00001550.jpg,00e9be89-00001555.jpg,orb,2000,2000,292,274,0.9384,0.146,23.0377,0.0829,0.0534,,low_light,7,1.2532853551803949,0.146
00e9be89-00001555.jpg,00e9be89-00001560.jpg,orb,2000,1995,238,225,0.9454,0.1193,25.5588,0.098,0.044,,low_light,7,1.2532228972172323,0.119
00e9be89-00001560.jpg,00e9be89-00001565.jpg,orb,1995,1997,369,340,0.9214,0.185,24.9702,0.092,0.052,,low_light,7,1.25496516059828,0.1845
00e9be89-00001565.jpg,00e9be89-00001570.jpg,orb,1997,2000,52,24,0.4615,0.026,37.0385,0.0925,0.0505,,low_light,7,1.2594253882028563,0.026
00e9be89-00001570.jpg,00e9be89-00001575.jpg,orb,2000,2000,59,33,0.5593,0.0295,36.5763,0.0796,0.0469,,low_light,7,1.2633722907540363,0.0295
00e9be89-00001575.jpg,00e9be89-00001580.jpg,orb,2000,2000,102,64,0.6275,0.051,35.0294,0.0523,0.0281,,low_light,7,1.2611301334295506,0.051
00e9be89-00001580.jpg,00e9be89-00001585.jpg,orb,2000,2000,45,22,0.4889,0.0225,39.0667,0.071,0.0327,,low_light,7,1.2343984692579175,0.0225
00e9be89-00001585.jpg,00e9be89-00001590.jpg,orb,2000,2000,13,5,0.3846,0.0065,42.2308,0.0964,0.043,,low_light,7,1.1848667095343377,0.0065
00e9be89-00001590.jpg,00e9be89-00001595.jpg,orb,2000,2000,8,4,0.5,0.004,44.5,0.0948,0.0462,,low_light,7,1.1391751854853864,0.004
00e9be89-00001595.jpg,00e9be89-00001600.jpg,orb,2000,2000,16,10,0.625,0.008,40.375,0.0859,0.0462,,low_light,7,1.153376573002604,0.008
00e9be89-00001600.jpg,00e9be89-00001605.jpg,orb,2000,2000,153,96,0.6275,0.0765,34.8301,0.075,0.0464,,low_light,7,1.1835240175026758,0.0765
00e9be89-00001605.jpg,00e9be89-00001610.jpg,orb,2000,2000,36,20,0.5556,0.018,41.9444,0.101,0.0482,,low_light,7,1.199817400976056,0.018
00e9be89-00001610.jpg,00e9be89-00001620.jpg,orb,2000,2000,8,4,0.5,0.004,47.5,0.0845,0.0437,,low_light,7,1.2086269357374664,0.004
00e9be89-00001620.jpg,00e9be89-00001625.jpg,orb,2000,2000,49,26,0.5306,0.0245,37.9388,0.065,0.0373,,low_light,7,1.2041397866231578,0.0245
00e9be89-00001625.jpg,00e9be89-00001630.jpg,orb,2000,2000,43,20,0.4651,0.0215,37.7907,0.0621,0.0353,,low_light,7,1.2152237875810683,0.0215
00e9be89-00001630.jpg,00e9be89-00001635.jpg,orb,2000,2000,23,7,0.3043,0.0115,45.3913,0.0779,0.0447,,low_light,7,1.2397666034770705,0.0115
00e9be89-00001635.jpg,00e9be89-00001640.jpg,orb,2000,2000,12,5,0.4167,0.006,45.5,0.0963,0.0422,,low_light,7,1.1861866958078475,0.006
00e9be89-00001640.jpg,00e9be89-00001645.jpg,orb,2000,2000,6,4,0.6667,0.003,40.0,0.0824,0.0442,,low_light,7,1.1284617035428075,0.003
00e9be89-00001645.jpg,00e9be89-00001650.jpg,orb,2000,2000,20,6,0.3,0.01,37.2,0.0885,0.0477,,low_light,7,1.1645304311953415,0.01
00e9be89-00001650.jpg,00e9be89-00001655.jpg,orb,2000,2000,16,4,0.25,0.008,44.3125,0.0962,0.0432,,low_light,7,1.1630303079305766,0.008
00e9be89-00001655.jpg,00e9be89-00001665.jpg,orb,2000,2000,5,4,0.8,0.0025,43.8,0.0963,0.0483,,low_light,7,1.2054546983072667,0.0025
00e9be89-00001665.jpg,00e9be89-00001670.jpg,orb,2000,2000,27,11,0.4074,0.0135,43.3704,0.0735,0.0342,,low_light,7,1.2678934624510598,0.0135
00e9be89-00001670.jpg,00e9be89-00001675.jpg,orb,2000,2000,32,16,0.5,0.016,39.375,0.0596,0.0301,,low_light,7,1.2539076400516662,0.016
00e9be89-00001675.jpg,00e9be89-00001680.jpg,orb,2000,2000,46,28,0.6087,0.023,36.587,0.098,0.0437,,low_light,7,1.238383602991452,0.023
00e9be89-00001680.jpg,00e9be89-00001685.jpg,orb,2000,2000,24,7,0.2917,0.012,40.7083,0.1009,0.0442,,low_light,7,1.262098505937845,0.012
00e9be89-00001685.jpg,00e9be89-00001690.jpg,orb,2000,2000,14,7,0.5,0.007,36.8571,0.0901,0.0508,,low_light,7,1.3142023492944226,0.007
00e9be89-00001690.jpg,00e9be89-00001695.jpg,orb,2000,2000,19,5,0.2632,0.0095,42.4211,0.0987,0.0498,,low_light,7,1.335185842499166,0.0095
00e9be89-00001695.jpg,00e9be89-00001705.jpg,orb,2000,1999,20,13,0.65,0.01,40.05,0.0888,0.0482,,low_light,7,1.315248552700445,0.01
00e9be89-00001705.jpg,00e9be89-00001710.jpg,orb,1999,2000,128,97,0.7578,0.064,34.0469,0.0799,0.0473,,low_light,7,1.2954141777881325,0.064
00e9be89-00001710.jpg,00e9be89-00001715.jpg,orb,2000,2000,51,28,0.549,0.0255,37.5098,0.0742,0.0384,,low_light,7,1.286160353186156,0.0255
00e9be89-00001715.jpg,00e9be89-00001720.jpg,orb,2000,1974,55,35,0.6364,0.0279,36.3273,0.0468,0.0258,,low_light,7,1.2887156947469671,0.02755511022044088
00e9be89-00001720.jpg,00e9be89-00001725.jpg,orb,1974,2000,79,69,0.8734,0.04,33.2405,0.0739,0.0437,,low_light,7,1.294845761756616,0.039579158316633264
00e9be89-00001725.jpg,00e9be89-00001730.jpg,orb,2000,1987,75,61,0.8133,0.0377,33.76,0.0811,0.0482,,low_light,7,1.293572420912576,0.0375
00e9be89-00001730.jpg,00e9be89-00001740.jpg,orb,1987,2000,21,7,0.3333,0.0106,39.9524,0.0554,0.0274,,low_light,7,1.2954263425093149,0.0105
00e9be89-00001740.jpg,00e9be89-00001745.jpg,orb,2000,2000,10,4,0.4,0.005,44.1,0.098,0.0417,,low_light,7,1.284543889822987,0.005
00e9be89-00001745.jpg,00e9be89-00001750.jpg,orb,2000,2000,13,4,0.3077,0.0065,43.6154,0.1073,0.0472,,low_light,7,1.2587973506300758,0.0065
00e9be89-00001750.jpg,00e9be89-00001755.jpg,orb,2000,2000,55,33,0.6,0.0275,37.2364,0.0804,0.0442,,low_light,7,1.2611149447064902,0.0275
00e9be89-00001755.jpg,00e9be89-00001760.jpg,orb,2000,2000,29,16,0.5517,0.0145,33.6552,0.078,0.0494,,low_light,7,1.273976903228612,0.0145
00e9be89-00001760.jpg,00e9be89-00001765.jpg,orb,2000,2000,25,18,0.72,0.0125,34.4,0.0666,0.0301,,low_light,7,1.242093192539332,0.0125
00e9be89-00001765.jpg,00e9be89-00001770.jpg,orb,2000,2000,34,15,0.4412,0.017,35.4118,0.0679,0.0304,,low_light,7,1.212778890568433,0.017
00e9be89-00001770.jpg,00e9be89-00001775.jpg,orb,2000,2000,53,27,0.5094,0.0265,35.9623,0.094,0.0422,,low_light,7,1.2142182055438695,0.0265
00e9be89-00001775.jpg,00e9be89-00001780.jpg,orb,2000,2000,43,22,0.5116,0.0215,35.3256,0.0881,0.0442,,low_light,7,1.2420298237266367,0.0215
00e9be89-00001780.jpg,00e9be89-00001785.jpg,orb,2000,2000,31,17,0.5484,0.0155,38.2258,0.0761,0.0502,,low_light,7,1.2477824306935728,0.0155
00e9be89-00001785.jpg,00e9be89-00001795.jpg,orb,2000,2000,23,7,0.3043,0.0115,42.9565,0.0779,0.0466,,low_light,7,1.2062153060576035,0.0115
00e9be89-00001795.jpg,00e9be89-00001800.jpg,orb,2000,2000,765,747,0.9765,0.3825,25.2261,0.0916,0.0703,,low_light,7,1.218425400008627,0.3825
00e9be89-00001800.jpg,00e9be89-00001810.jpg,orb,2000,2000,165,69,0.4182,0.0825,34.6909,0.0971,0.0392,,low_light,7,1.2474414281581083,0.0825
00e9be89-00001810.jpg,00e9be89-00001815.jpg,orb,2000,2000,114,48,0.4211,0.057,33.4386,0.0976,0.0532,,low_light,7,1.244271771005769,0.057
00e9be89-00001815.jpg,00e9be89-00001820.jpg,orb,2000,2000,27,8,0.2963,0.0135,38.7037,0.0925,0.0428,,low_light,7,1.246491912057303,0.0135
00e9be89-00001820.jpg,00e9be89-00001825.jpg,orb,2000,2000,60,24,0.4,0.03,40.65,0.0869,0.0437,,low_light,7,1.2405189217475168,0.03
00e9be89-00001825.jpg,00e9be89-00001830.jpg,orb,2000,2000,53,25,0.4717,0.0265,37.5283,0.096,0.0477,,low_light,7,1.2338822138875218,0.0265
00e9be89-00001830.jpg,00e9be89-00001840.jpg,orb,2000,2000,24,6,0.25,0.012,42.75,0.0979,0.0437,,low_light,7,1.2250560356220932,0.012
00e9be89-00001840.jpg,00e9be89-00001845.jpg,orb,2000,2000,1091,1070,0.9808,0.5455,20.8616,0.107,0.0442,,low_light,7,1.2166884065503605,0.5455
00e9be89-00001845.jpg,00e9be89-00001865.jpg,orb,2000,2000,851,846,0.9941,0.4255,21.4207,0.0959,0.0442,,low_light,7,1.2152409735780911,0.4255
00e9be89-00001865.jpg,00e9be89-00001870.jpg,orb,2000,2000,911,894,0.9813,0.4555,22.0867,0.1,0.0442,,low_light,7,1.221797775948528,0.4555
00e9be89-00001870.jpg,00e9be89-00001875.jpg,orb,2000,2000,1028,1021,0.9932,0.514,20.0778,0.0884,0.0457,,low_light,7,1.2230346829604457,0.514
00e9be89-00001875.jpg,00e9be89-00001885.jpg,orb,2000,2000,1034,1026,0.9923,0.517,20.7689,0.083,0.0538,,low_light,7,1.2143759201379751,0.517
00e9be89-00001885.jpg,00e9be89-00001890.jpg,orb,2000,2000,1083,1070,0.988,0.5415,19.8504,0.1081,0.0502,,low_light,7,1.2125576338077375,0.5415
00e9be89-00001890.jpg,00e9be89-00001895.jpg,orb,2000,2000,1034,1015,0.9816,0.517,19.9942,0.1066,0.0468,,low_light,7,1.2144028038742074,0.517
00e9be89-00001895.jpg,00e9be89-00001900.jpg,orb,2000,2000,1041,1026,0.9856,0.5205,21.1191,0.0927,0.0442,,low_light,7,1.216134692804034,0.5205
00e9be89-00001900.jpg,00e9be89-00001905.jpg,orb,2000,2000,334,220,0.6587,0.167,32.1078,0.0982,0.0422,,low_light,7,1.218177794991592,0.167
00e9be89-00001905.jpg,00e9be89-00001915.jpg,orb,2000,2000,26,9,0.3462,0.013,38.1538,0.0859,0.0462,,low_light,7,1.2206583688457149,0.013
00e9be89-00000015.jpg,00e9be89-00000100.jpg,orb,2000,2000,2,0,0.0,0.001,48.0,0.1094,0.0462,C:\Users\amit\Project_digital_image_processing__Amit_Alon\outputs\visualizations\task2\enhanced_visualizations\low_light\level_8\match_00e9be89-00000015__00e9be89-00000100.png,low_light,8,0.6229597241913293,0.001
00e9be89-00000100.jpg,00e9be89-00000105.jpg,orb,2000,2000,886,870,0.9819,0.443,25.0903,0.1101,0.0437,,low_light,8,0.6441042044040124,0.443
00e9be89-00000105.jpg,00e9be89-00000110.jpg,orb,2000,2000,941,933,0.9915,0.4705,22.2455,0.1223,0.0502,,low_light,8,0.643849653996618,0.4705
00e9be89-00000110.jpg,00e9be89-00000115.jpg,orb,2000,2000,1005,996,0.991,0.5025,22.8448,0.102,0.0499,,low_light,8,0.6440117870795437,0.5025
00e9be89-00000115.jpg,00e9be89-00000120.jpg,orb,2000,2000,1149,1132,0.9852,0.5745,21.0644,0.0863,0.0567,,low_light,8,0.6443225082818703,0.5745
00e9be89-00000120.jpg,00e9be89-00000125.jpg,orb,2000,2000,597,589,0.9866,0.2985,31.3719,0.1159,0.0442,,low_light,8,0.6365920756063903,0.2985
00e9be89-00000125.jpg,00e9be89-00000130.jpg,orb,2000,2000,821,813,0.9903,0.4105,25.2485,0.102,0.0459,,low_light,8,0.6309894056409748,0.4105
00e9be89-00000130.jpg,00e9be89-00000135.jpg,orb,2000,2000,889,884,0.9944,0.4445,24.7908,0.1136,0.0502,,low_light,8,0.6373468968434106,0.4445
00e9be89-00000135.jpg,00e9be89-00000140.jpg,orb,2000,2000,887,875,0.9865,0.4435,25.1826,0.106,0.0437,,low_light,8,0.6418307854889227,0.4435
00e9be89-00000140.jpg,00e9be89-00000145.jpg,orb,2000,2000,185,153,0.827,0.0925,36.4054,0.0961,0.0464,,low_light,8,0.6429254465569736,0.0925
00e9be89-00000145.jpg,00e9be89-00000150.jpg,orb,2000,2000,14,4,0.2857,0.007,43.8571,0.135,0.0543,,low_light,8,0.6247671791892946,0.007
00e9be89-00000150.jpg,00e9be89-00000160.jpg,orb,2000,2000,10,4,0.4,0.005,44.2,0.121,0.0498,,low_light,8,0.6151208924046992,0.005
00e9be89-00000160.jpg,00e9be89-00000165.jpg,orb,2000,2000,13,3,0.2308,0.0065,42.0769,0.1064,0.0485,,low_light,8,0.6307486312229843,0.0065
00e9be89-00000165.jpg,00e9be89-00000175.jpg,orb,2000,2000,10,4,0.4,0.005,45.5,0.1061,0.0434,,low_light,8,0.6353948511855246,0.005
00e9be89-00000175.jpg,00e9be89-00000190.jpg,orb,2000,2000,15,5,0.3333,0.0075,41.0,0.0904,0.0437,,low_light,8,0.6240935803352378,0.0075
00e9be89-00000190.jpg,00e9be89-00001000.jpg,orb,2000,1966,13,5,0.3846,0.0066,42.6923,0.0681,0.044,,low_light,8,0.6290836481779728,0.0065
00e9be89-00001000.jpg,00e9be89-00001005.jpg,orb,1966,1889,13,5,0.3846,0.0069,44.6154,0.0807,0.0422,,low_light,8,0.6399021406007745,0.0065
00e9be89-00001005.jpg,00e9be89-00001010.jpg,orb,1889,1912,10,5,0.5,0.0053,39.7,0.0774,0.0422,,low_light,8,0.6459533847224328,0.005
00e9be89-00001010.jpg,00e9be89-00001015.jpg,orb,1912,1802,29,8,0.2759,0.0161,41.4828,0.08,0.0403,,low_light,8,0.654562183045966,0.014558232931726908
00e9be89-00001015.jpg,00e9be89-00001020.jpg,orb,1802,1988,30,10,0.3333,0.0166,38.9,0.0759,0.0462,,low_light,8,0.6514833667517458,0.015060240963855422
00e9be89-00001020.jpg,00e9be89-00001025.jpg,orb,1988,1977,23,11,0.4783,0.0116,41.1739,0.0797,0.0523,,low_light,8,0.653196491789799,0.0115
00e9be89-00001025.jpg,00e9be89-00001030.jpg,orb,1977,1938,26,16,0.6154,0.0134,38.6923,0.0694,0.0407,,low_light,8,0.655267839490618,0.013
00e9be89-00001030.jpg,00e9be89-00001035.jpg,orb,1938,1952,58,29,0.5,0.0299,38.2759,0.0789,0.0412,,low_light,8,0.655385659055286,0.029
00e9be89-00001035.jpg,00e9be89-00001040.jpg,orb,1952,1848,110,64,0.5818,0.0595,35.0091,0.074,0.0397,,low_light,8,0.6572270448804776,0.055
00e9be89-00001040.jpg,00e9be89-00001045.jpg,orb,1848,1917,152,77,0.5066,0.0823,34.8289,0.0799,0.0402,,low_light,8,0.6574006226608129,0.076
00e9be89-00001045.jpg,00e9be89-00001050.jpg,orb,1917,1954,80,42,0.525,0.0417,37.15,0.0801,0.0402,,low_light,8,0.6576754513566856,0.04
00e9be89-00001050.jpg,00e9be89-00001055.jpg,orb,1954,1968,84,29,0.3452,0.043,39.881,0.0799,0.0422,,low_light,8,0.6575239408444387,0.042
00e9be89-00001055.jpg,00e9be89-00001060.jpg,orb,1968,1985,76,32,0.4211,0.0386,37.5,0.0784,0.0523,,low_light,8,0.6591653746445859,0.038
00e9be89-00001060.jpg,00e9be89-00001065.jpg,orb,1985,2000,73,50,0.6849,0.0368,37.7671,0.0759,0.05,,low_light,8,0.6648716926694351,0.0365
00e9be89-00001065.jpg,00e9be89-00001070.jpg,orb,2000,2000,135,116,0.8593,0.0675,34.2667,0.0832,0.0523,,low_light,8,0.6661700446226384,0.0675
00e9be89-00001070.jpg,00e9be89-00001075.jpg,orb,2000,2000,64,42,0.6562,0.032,36.9062,0.0701,0.0523,,low_light,8,0.6555665397103261,0.032
00e9be89-00001075.jpg,00e9be89-00001080.jpg,orb,2000,1988,44,22,0.5,0.0221,37.0909,0.09,0.0422,,low_light,8,0.6564100360697495,0.022
00e9be89-00001080.jpg,00e9be89-00001090.jpg,orb,1988,2000,29,21,0.7241,0.0146,39.1724,0.0768,0.0477,,low_light,8,0.6689243524555775,0.0145
00e9be89-00001090.jpg,00e9be89-00001095.jpg,orb,2000,1993,50,34,0.68,0.0251,33.82,0.09,0.0462,,low_light,8,0.6715974459918628,0.025
00e9be89-00001095.jpg,00e9be89-00001100.jpg,orb,1993,2000,60,30,0.5,0.0301,39.4667,0.094,0.0462,,low_light,8,0.6680000034322151,0.03
00e9be89-00001100.jpg,00e9be89-00001105.jpg,orb,2000,2000,28,12,0.4286,0.014,38.75,0.0899,0.0422,,low_light,8,0.6618965387515247,0.014
00e9be89-00001105.jpg,00e9be89-00001115.jpg,orb,2000,2000,25,7,0.28,0.0125,43.0,0.0865,0.0583,,low_light,8,0.6390982926700741,0.0125
00e9be89-00001115.jpg,00e9be89-00001125.jpg,orb,2000,2000,17,5,0.2941,0.0085,46.7059,0.0635,0.0503,,low_light,8,0.6413071837345767,0.0085
00e9be89-00001125.jpg,00e9be89-00001130.jpg,orb,2000,2000,45,22,0.4889,0.0225,37.7556,0.1008,0.0418,,low_light,8,0.6551063401468851,0.0225
00e9be89-00001130.jpg,00e9be89-00001135.jpg,orb,2000,2000,69,47,0.6812,0.0345,35.9275,0.0925,0.0421,,low_light,8,0.6592405909360549,0.0345
00e9be89-00001135.jpg,00e9be89-00001140.jpg,orb,2000,2000,69,51,0.7391,0.0345,34.087,0.0819,0.0462,,low_light,8,0.6705105571017835,0.0345
00e9be89-00001140.jpg,00e9be89-00001150.jpg,orb,2000,2000,64,46,0.7188,0.032,35.5,0.0865,0.0417,,low_light,8,0.6714971583067788,0.032
00e9be89-00001150.jpg,00e9be89-00001155.jpg,orb,2000,2000,92,64,0.6957,0.046,36.6957,0.0819,0.0442,,low_light,8,0.6738638006327557,0.046
00e9be89-00001155.jpg,00e9be89-00001160.jpg,orb,2000,2000,93,54,0.5806,0.0465,34.0538,0.0779,0.0442,,low_light,8,0.6744236595818385,0.0465
00e9be89-00001160.jpg,00e9be89-00001165.jpg,orb,2000,2000,39,19,0.4872,0.0195,41.7692,0.0726,0.0482,,low_light,8,0.674905261004388,0.0195
00e9be89-00001165.jpg,00e9be89-00001170.jpg,orb,2000,2000,56,29,0.5179,0.028,40.6964,0.0844,0.0482,,low_light,8,0.6744583123668435,0.028
00e9be89-00001170.jpg,00e9be89-00001175.jpg,orb,2000,2000,40,21,0.525,0.02,38.2,0.0785,0.0559,,low_light,8,0.6746853569935046,0.02
00e9be89-00001175.jpg,00e9be89-00001180.jpg,orb,2000,2000,67,47,0.7015,0.0335,36.5075,0.0748,0.049,,low_light,8,0.6760112949603023,0.0335
00e9be89-00001180.jpg,00e9be89-00001185.jpg,orb,2000,2000,43,21,0.4884,0.0215,41.7442,0.1008,0.0499,,low_light,8,0.6732401863237754,0.0215
00e9be89-00001185.jpg,00e9be89-00001190.jpg,orb,2000,2000,27,8,0.2963,0.0135,44.5556,0.0922,0.0458,,low_light,8,0.6684097326829064,0.0135
00e9be89-00001190.jpg,00e9be89-00001195.jpg,orb,2000,2000,15,8,0.5333,0.0075,45.1333,0.0881,0.0463,,low_light,8,0.6327098537827204,0.0075
00e9be89-00001195.jpg,00e9be89-00001200.jpg,orb,2000,1919,15,5,0.3333,0.0078,40.4667,0.0824,0.0417,,low_light,8,0.6381949824450784,0.00754906894816306
00e9be89-00001200.jpg,00e9be89-00001205.jpg,orb,1919,1059,31,8,0.2581,0.0293,39.6129,0.0678,0.0241,,low_light,8,0.6759967783433161,0.01560140915953699
00e9be89-00001205.jpg,00e9be89-00001210.jpg,orb,1059,1949,8,4,0.5,0.0076,40.375,0.0764,0.0261,,low_light,8,0.6741266306209177,0.004008016032064128
00e9be89-00001210.jpg,00e9be89-00001215.jpg,orb,1949,1931,34,19,0.5588,0.0176,39.2941,0.0603,0.0442,,low_light,8,0.6671616214343028,0.017
00e9be89-00001215.jpg,00e9be89-00001220.jpg,orb,1931,2000,20,6,0.3,0.0104,45.3,0.085,0.0442,,low_light,8,0.654348600854437,0.01
00e9be89-00001220.jpg,00e9be89-00001225.jpg,orb,2000,1965,21,6,0.2857,0.0107,45.9524,0.0844,0.0457,,low_light,8,0.6550694169514739,0.0105
00e9be89-00001225.jpg,00e9be89-00001230.jpg,orb,1965,2000,28,7,0.25,0.0142,37.6071,0.084,0.0417,,low_light,8,0.6649952183248706,0.014
00e9be89-00001230.jpg,00e9be89-00001240.jpg,orb,2000,1129,51,35,0.6863,0.0452,36.8627,0.0739,0.0301,,low_light,8,0.6662911718074717,0.028037383177570093
00e9be89-00001240.jpg,00e9be89-00001245.jpg,orb,1129,2000,39,23,0.5897,0.0345,39.0,0.0677,0.0281,,low_light,8,0.6598566663950132,0.021440351841671246
00e9be89-00001245.jpg,00e9be89-00001250.jpg,orb,2000,1947,22,0,0.0,0.0113,43.5,0.0738,0.0457,,low_light,8,0.6647431540823439,0.011
00e9be89-00001250.jpg,00e9be89-00001255.jpg,orb,1947,2000,41,20,0.4878,0.0211,38.7805,0.0816,0.0509,,low_light,8,0.6739538343593063,0.0205
00e9be89-00001255.jpg,00e9be89-00001260.jpg,orb,2000,2000,33,22,0.6667,0.0165,36.4545,0.0937,0.0523,,low_light,8,0.6761120021051421,0.0165
00e9be89-00001260.jpg,00e9be89-00001265.jpg,orb,2000,2000,30,22,0.7333,0.015,33.3333,0.0949,0.0466,,low_light,8,0.6716250835162181,0.015
00e9be89-00001265.jpg,00e9be89-00001270.jpg,orb,2000,2000,11,7,0.6364,0.0055,43.5455,0.0966,0.0417,,low_light,8,0.6528719260905627,0.0055
00e9be89-00001270.jpg,00e9be89-00001275.jpg,orb,2000,2000,16,6,0.375,0.008,46.375,0.0944,0.0462,,low_light,8,0.6491544777745015,0.008
00e9be89-00001275.jpg,00e9be89-00001280.jpg,orb,2000,2000,14,6,0.4286,0.007,45.7143,0.1041,0.0457,,low_light,8,0.6306704507976896,0.007
00e9be89-00001280.jpg,00e9be89-00001285.jpg,orb,2000,1988,15,2,0.1333,0.0075,37.8,0.09,0.0442,,low_light,8,0.5813266013576015,0.0075
00e9be89-00001285.jpg,00e9be89-00001290.jpg,orb,1988,1996,14,5,0.3571,0.007,40.7143,0.0796,0.0435,,low_light,8,0.5954117882336472,0.007
00e9be89-00001290.jpg,00e9be89-00001295.jpg,orb,1996,1928,7,4,0.5714,0.0036,47.1429,0.088,0.0442,,low_light,8,0.601943865417592,0.0035
00e9be89-00001295.jpg,00e9be89-00001305.jpg,orb,1928,2000,7,4,0.5714,0.0036,44.5714,0.088,0.0442,,low_light,8,0.5866116928908851,0.0035
00e9be89-00001305.jpg,00e9be89-00001310.jpg,orb,2000,2000,8,4,0.5,0.004,46.5,0.113,0.0509,,low_light,8,0.5875574892041722,0.004
00e9be89-00001310.jpg,00e9be89-00001315.jpg,orb,2000,2000,6,4,0.6667,0.003,42.0,0.0938,0.0472,,low_light,8,0.5586998001906693,0.003
00e9be89-00001315.jpg,00e9be89-00001325.jpg,orb,2000,1968,25,7,0.28,0.0127,37.48,0.0789,0.0362,,low_light,8,0.5502768131293218,0.0125
00e9be89-00001325.jpg,00e9be89-00001330.jpg,orb,1968,1704,27,6,0.2222,0.0158,32.8519,0.0716,0.0382,,low_light,8,0.6017057698084024,0.0135
00e9be89-00001330.jpg,00e9be89-00001335.jpg,orb,1704,1975,12,5,0.4167,0.007,39.3333,0.0824,0.0382,,low_light,8,0.6287856885719392,0.006
00e9be89-00001335.jpg,00e9be89-00001340.jpg,orb,1975,1982,13,6,0.4615,0.0066,45.4615,0.0845,0.0422,,low_light,8,0.6289857142137988,0.0065
00e9be89-00001340.jpg,00e9be89-00001345.jpg,orb,1982,2000,13,5,0.3846,0.0066,43.8462,0.0819,0.0442,,low_light,8,0.640284037504545,0.0065
00e9be89-00001345.jpg,00e9be89-00001350.jpg,orb,2000,1898,11,5,0.4545,0.0058,43.9091,0.0825,0.0439,,low_light,8,0.635477936367224,0.0055
00e9be89-00001350.jpg,00e9be89-00001355.jpg,orb,1898,2000,33,19,0.5758,0.0174,36.6667,0.084,0.0442,,low_light,8,0.6388568978449318,0.0165
00e9be89-00001355.jpg,00e9be89-00001360.jpg,orb,2000,1973,26,10,0.3846,0.0132,45.5,0.082,0.0482,,low_light,8,0.6349546276529792,0.013
00e9be89-00001360.jpg,00e9be89-00001365.jpg,orb,1973,1989,15,6,0.4,0.0076,40.5333,0.0739,0.0502,,low_light,8,0.6294822296457039,0.0075
00e9be89-00001365.jpg,00e9be89-00001370.jpg,orb,1989,2000,34,12,0.3529,0.0171,40.9706,0.0676,0.0491,,low_light,8,0.636440633997353,0.017
00e9be89-00001370.jpg,00e9be89-00001375.jpg,orb,2000,2000,164,66,0.4024,0.082,36.0366,0.081,0.0437,,low_light,8,0.6333298831010086,0.082
00e9be89-00001375.jpg,00e9be89-00001380.jpg,orb,2000,1964,283,126,0.4452,0.1441,34.9682,0.0855,0.0446,,low_light,8,0.6311275454547256,0.1415
00e9be89-00001380.jpg,00e9be89-00001385.jpg,orb,1964,1999,215,116,0.5395,0.1095,36.186,0.0743,0.0459,,low_light,8,0.6373907979308657,0.1075
00e9be89-00001385.jpg,00e9be89-00001390.jpg,orb,1999,1911,47,22,0.4681,0.0246,33.9362,0.0804,0.0397,,low_light,8,0.6280054058249687,0.0235
00e9be89-00001390.jpg,00e9be89-00001395.jpg,orb,1911,1937,56,32,0.5714,0.0293,35.0536,0.0758,0.0425,,low_light,8,0.619475923970794,0.028
00e9be89-00001395.jpg,00e9be89-00001400.jpg,orb,1937,1994,121,55,0.4545,0.0625,33.8099,0.0819,0.0503,,low_light,8,0.6253732384284727,0.0605
00e9be89-00001400.jpg,00e9be89-00001405.jpg,orb,1994,2000,100,41,0.41,0.0502,31.34,0.0784,0.0502,,low_light,8,0.630113154262094,0.05
00e9be89-00001405.jpg,00e9be89-00001410.jpg,orb,2000,2000,82,27,0.3293,0.041,33.1707,0.0713,0.0483,,low_light,8,0.6328274651649348,0.041
00e9be89-00001410.jpg,00e9be89-00001415.jpg,orb,2000,2000,171,50,0.2924,0.0855,31.9708,0.0658,0.048,,low_light,8,0.6327845733940112,0.0855
00e9be89-00001415.jpg,00e9be89-00001420.jpg,orb,2000,2000,84,28,0.3333,0.042,32.881,0.0865,0.0462,,low_light,8,0.6275513674318278,0.042
00e9be89-00001420.jpg,00e9be89-00001425.jpg,orb,2000,2000,94,43,0.4574,0.047,32.4149,0.084,0.0484,,low_light,8,0.620127135049136,0.047
00e9be89-00001425.jpg,00e9be89-00001430.jpg,orb,2000,2000,119,61,0.5126,0.0595,33.7563,0.0799,0.0402,,low_light,8,0.6124757572129977,0.0595
00e9be89-00001430.jpg,00e9be89-00001440.jpg,orb,2000,2000,16,5,0.3125,0.008,42.0,0.0819,0.0437,,low_light,8,0.6206839459443928,0.008
00e9be89-00001440.jpg,00e9be89-00001445.jpg,orb,2000,2000,52,13,0.25,0.026,34.9808,0.073,0.0442,,low_light,8,0.6267966133350777,0.026
00e9be89-00001445.jpg,00e9be89-00001450.jpg,orb,2000,2000,52,31,0.5962,0.026,36.7115,0.092,0.0635,,low_light,8,0.6135310711490253,0.026
00e9be89-00001450.jpg,00e9be89-00001455.jpg,orb,2000,1827,75,51,0.68,0.0411,36.3333,0.0819,0.0444,,low_light,8,0.6262242124063065,0.0375
00e9be89-00001455.jpg,00e9be89-00001460.jpg,orb,1827,1967,123,68,0.5528,0.0673,35.8374,0.0704,0.0397,,low_light,8,0.6490256307208018,0.0615
00e9be89-00001460.jpg,00e9be89-00001465.jpg,orb,1967,1933,151,124,0.8212,0.0781,33.0861,0.0805,0.0462,,low_light,8,0.6461141573948008,0.0755
00e9be89-00001465.jpg,00e9be89-00001470.jpg,orb,1933,2000,19,5,0.2632,0.0098,42.3684,0.0819,0.0462,,low_light,8,0.6475663663249276,0.0095
00e9be89-00001470.jpg,00e9be89-00001475.jpg,orb,2000,2000,60,26,0.4333,0.03,35.5833,0.0738,0.0422,,low_light,8,0.6515165022354654,0.03
00e9be89-00001475.jpg,00e9be89-00001480.jpg,orb,2000,2000,43,22,0.5116,0.0215,38.6279,0.067,0.0466,,low_light,8,0.6474177685922676,0.0215
00e9be89-00001480.jpg,00e9be89-00001485.jpg,orb,2000,2000,31,13,0.4194,0.0155,38.6129,0.0827,0.0402,,low_light,8,0.6603327292223766,0.0155
00e9be89-00001485.jpg,00e9be89-00001490.jpg,orb,2000,2000,40,18,0.45,0.02,35.0,0.0739,0.0457,,low_light,8,0.6806008626931689,0.02
00e9be89-00001490.jpg,00e9be89-00001495.jpg,orb,2000,2000,447,432,0.9664,0.2235,24.2327,0.0868,0.049,,low_light,8,0.683792560743784,0.2235
00e9be89-00001495.jpg,00e9be89-00001500.jpg,orb,2000,2000,650,635,0.9769,0.325,20.3369,0.088,0.0457,,low_light,8,0.6840427164084151,0.325
00e9be89-00001500.jpg,00e9be89-00001505.jpg,orb,2000,2000,283,236,0.8339,0.1415,27.6007,0.0799,0.0462,,low_light,8,0.6841489307981756,0.1415
00e9be89-00001505.jpg,00e9be89-00001510.jpg,orb,2000,2000,46,24,0.5217,0.023,39.6522,0.0759,0.0457,,low_light,8,0.6820942124051166,0.023
00e9be89-00001510.jpg,00e9be89-00001515.jpg,orb,2000,2000,49,23,0.4694,0.0245,37.1224,0.0753,0.0445,,low_light,8,0.6756521712050207,0.0245
00e9be89-00001515.jpg,00e9be89-00001520.jpg,orb,2000,1992,28,8,0.2857,0.0141,40.0357,0.0868,0.0424,,low_light,8,0.6675146766475637,0.014
00e9be89-00001520.jpg,00e9be89-00001525.jpg,orb,1992,2000,56,38,0.6786,0.0281,35.1786,0.089,0.0462,,low_light,8,0.6684732310565777,0.028
00e9be89-00001525.jpg,00e9be89-00001535.jpg,orb,2000,2000,19,7,0.3684,0.0095,41.5263,0.0945,0.0457,,low_light,8,0.670602306132577,0.0095
00e9be89-00001535.jpg,00e9be89-00001540.jpg,orb,2000,2000,15,6,0.4,0.0075,43.6667,0.0879,0.0522,,low_light,8,0.6445847544987685,0.0075
00e9be89-00001540.jpg,00e9be89-00001545.jpg,orb,2000,2000,17,7,0.4118,0.0085,41.3529,0.0859,0.0498,,low_light,8,0.6318153861437769,0.0085
00e9be89-00001545.jpg,00e9be89-00001550.jpg,orb,2000,1974,229,159,0.6943,0.116,31.1004,0.0802,0.0482,,low_light,8,0.6423316907566323,0.1145
00e9be89-00001550.jpg,00e9be89-00001555.jpg,orb,1974,1983,265,256,0.966,0.1342,24.4151,0.1183,0.0864,,low_light,8,0.6423283670880582,0.1325
00e9be89-00001555.jpg,00e9be89-00001560.jpg,orb,1983,1932,226,216,0.9558,0.117,24.9469,0.0769,0.0442,,low_light,8,0.6424591198695007,0.113
00e9be89-00001560.jpg,00e9be89-00001565.jpg,orb,1932,1940,386,357,0.9249,0.1998,27.0233,0.0825,0.0487,,low_light,8,0.6435922536759608,0.193
00e9be89-00001565.jpg,00e9be89-00001570.jpg,orb,1940,2000,56,33,0.5893,0.0289,35.6429,0.0764,0.0427,,low_light,8,0.646032100438741,0.028
00e9be89-00001570.jpg,00e9be89-00001575.jpg,orb,2000,2000,59,27,0.4576,0.0295,38.2034,0.088,0.0508,,low_light,8,0.647620517304339,0.0295
00e9be89-00001575.jpg,00e9be89-00001580.jpg,orb,2000,2000,96,70,0.7292,0.048,34.1771,0.1065,0.0484,,low_light,8,0.6460546361347088,0.048
00e9be89-00001580.jpg,00e9be89-00001585.jpg,orb,2000,2000,39,17,0.4359,0.0195,38.7949,0.1073,0.0599,,low_light,8,0.631561080529168,0.0195
00e9be89-00001585.jpg,00e9be89-00001590.jpg,orb,2000,1977,14,5,0.3571,0.0071,46.4286,0.0905,0.0525,,low_light,8,0.6045348585956336,0.007
00e9be89-00001590.jpg,00e9be89-00001595.jpg,orb,1977,2000,18,5,0.2778,0.0091,41.5,0.09,0.0417,,low_light,8,0.5800334275130239,0.009
00e9be89-00001595.jpg,00e9be89-00001600.jpg,orb,2000,2000,36,13,0.3611,0.018,42.6389,0.086,0.0461,,low_light,8,0.5883273365209611,0.018
00e9be89-00001600.jpg,00e9be89-00001605.jpg,orb,2000,2000,138,97,0.7029,0.069,33.6812,0.0746,0.0504,,low_light,8,0.6051447969392608,0.069
00e9be89-00001605.jpg,00e9be89-00001610.jpg,orb,2000,2000,31,13,0.4194,0.0155,41.871,0.0651,0.0549,,low_light,8,0.6141313420258713,0.0155
00e9be89-00001610.jpg,00e9be89-00001620.jpg,orb,2000,2000,14,5,0.3571,0.007,42.7857,0.0908,0.0522,,low_light,8,0.6175718613774182,0.007
00e9be89-00001620.jpg,00e9be89-00001625.jpg,orb,2000,2000,42,20,0.4762,0.021,38.7381,0.0865,0.0457,,low_light,8,0.6152521665337771,0.021
00e9be89-00001625.jpg,00e9be89-00001630.jpg,orb,2000,2000,62,28,0.4516,0.031,37.8226,0.0981,0.0518,,low_light,8,0.6222857082014525,0.031
00e9be89-00001630.jpg,00e9be89-00001635.jpg,orb,2000,2000,23,8,0.3478,0.0115,43.6087,0.0815,0.05,,low_light,8,0.6338221216317869,0.0115
00e9be89-00001635.jpg,00e9be89-00001640.jpg,orb,2000,2000,14,6,0.4286,0.007,44.3571,0.0701,0.0422,,low_light,8,0.6040022730324504,0.007
00e9be89-00001640.jpg,00e9be89-00001645.jpg,orb,2000,2000,13,5,0.3846,0.0065,39.8462,0.0779,0.0462,,low_light,8,0.5761200169277053,0.0065
00e9be89-00001645.jpg,00e9be89-00001650.jpg,orb,2000,2000,24,6,0.25,0.012,34.2083,0.0586,0.0451,,low_light,8,0.5985660464846599,0.012
00e9be89-00001650.jpg,00e9be89-00001655.jpg,orb,2000,2000,27,9,0.3333,0.0135,39.5926,0.086,0.0422,,low_light,8,0.5958504614553042,0.0135
00e9be89-00001655.jpg,00e9be89-00001665.jpg,orb,2000,2000,9,4,0.4444,0.0045,45.4444,0.1,0.0462,,low_light,8,0.6159333487494784,0.0045
00e9be89-00001665.jpg,00e9be89-00001670.jpg,orb,2000,2000,23,11,0.4783,0.0115,42.3478,0.0819,0.0439,,low_light,8,0.648852042603675,0.0115
00e9be89-00001670.jpg,00e9be89-00001675.jpg,orb,2000,2000,35,13,0.3714,0.0175,40.2,0.0762,0.0464,,low_light,8,0.6411273901604787,0.0175
00e9be89-00001675.jpg,00e9be89-00001680.jpg,orb,2000,2000,31,18,0.5806,0.0155,40.2258,0.0971,0.0523,,low_light,8,0.6326993552780491,0.0155
00e9be89-00001680.jpg,00e9be89-00001685.jpg,orb,2000,2000,19,9,0.4737,0.0095,40.1053,0.1068,0.0503,,low_light,8,0.645996867543544,0.0095
00e9be89-00001685.jpg,00e9be89-00001690.jpg,orb,2000,2000,21,6,0.2857,0.0105,42.4762,0.1,0.0482,,low_light,8,0.6741654379581263,0.0105
00e9be89-00001690.jpg,00e9be89-00001695.jpg,orb,2000,2000,23,6,0.2609,0.0115,43.913,0.094,0.0482,,low_light,8,0.6850454404464585,0.0115
00e9be89-00001695.jpg,00e9be89-00001705.jpg,orb,2000,1946,21,13,0.619,0.0108,37.5714,0.0719,0.0427,,low_light,8,0.6747756892138639,0.0105
00e9be89-00001705.jpg,00e9be89-00001710.jpg,orb,1946,1950,104,82,0.7885,0.0534,33.9519,0.0638,0.0504,,low_light,8,0.6644640985750958,0.052
00e9be89-00001710.jpg,00e9be89-00001715.jpg,orb,1950,2000,42,20,0.4762,0.0215,38.9048,0.0801,0.0437,,low_light,8,0.659692041119485,0.021
00e9be89-00001715.jpg,00e9be89-00001720.jpg,orb,2000,1916,59,45,0.7627,0.0308,34.6441,0.0827,0.0502,,low_light,8,0.6611722450488301,0.029559118236472944
00e9be89-00001720.jpg,00e9be89-00001725.jpg,orb,1916,1959,71,56,0.7887,0.0371,32.831,0.082,0.0442,,low_light,8,0.6641861675900802,0.03557114228456914
00e9be89-00001725.jpg,00e9be89-00001730.jpg,orb,1959,1877,72,52,0.7222,0.0384,33.9167,0.0861,0.0442,,low_light,8,0.6631820873716252,0.036
00e9be89-00001730.jpg,00e9be89-00001740.jpg,orb,1877,1963,27,13,0.4815,0.0144,38.8148,0.083,0.0464,,low_light,8,0.663692723094141,0.0135
00e9be89-00001740.jpg,00e9be89-00001745.jpg,orb,1963,2000,11,4,0.3636,0.0056,43.0,0.096,0.0504,,low_light,8,0.6606568475565266,0.0055
00e9be89-00001745.jpg,00e9be89-00001750.jpg,orb,2000,1970,15,6,0.4,0.0076,46.0,0.0879,0.0442,,low_light,8,0.6470344414160155,0.0075
00e9be89-00001750.jpg,00e9be89-00001755.jpg,orb,1970,2000,61,32,0.5246,0.031,37.8525,0.0746,0.0444,,low_light,8,0.6457578800173329,0.0305
00e9be89-00001755.jpg,00e9be89-00001760.jpg,orb,2000,2000,40,29,0.725,0.02,33.425,0.0905,0.0482,,low_light,8,0.6529959346475465,0.02
00e9be89-00001760.jpg,00e9be89-00001765.jpg,orb,2000,1974,36,21,0.5833,0.0182,33.0,0.094,0.0445,,low_light,8,0.6358539688295074,0.018
00e9be89-00001765.jpg,00e9be89-00001770.jpg,orb,1974,1994,42,23,0.5476,0.0213,36.9524,0.0935,0.0517,,low_light,8,0.6203521607627783,0.021
00e9be89-00001770.jpg,00e9be89-00001775.jpg,orb,1994,2000,37,27,0.7297,0.0186,33.0541,0.0952,0.0503,,low_light,8,0.6214231619396173,0.0185
00e9be89-00001775.jpg,00e9be89-00001780.jpg,orb,2000,2000,42,24,0.5714,0.021,38.5714,0.094,0.0558,,low_light,8,0.6361602768894103,0.021
00e9be89-00001780.jpg,00e9be89-00001785.jpg,orb,2000,2000,44,23,0.5227,0.022,39.1591,0.0824,0.0482,,low_light,8,0.6394755902345995,0.022
00e9be89-00001785.jpg,00e9be89-00001795.jpg,orb,2000,1990,11,5,0.4545,0.0055,42.4545,0.0712,0.0432,,low_light,8,0.6175475781929013,0.0055
00e9be89-00001795.jpg,00e9be89-00001800.jpg,orb,1990,2000,731,714,0.9767,0.3673,25.7127,0.0793,0.0455,,low_light,8,0.6235702428468664,0.3655
00e9be89-00001800.jpg,00e9be89-00001810.jpg,orb,2000,2000,150,59,0.3933,0.075,35.6333,0.0812,0.0463,,low_light,8,0.6382960356558791,0.075
00e9be89-00001810.jpg,00e9be89-00001815.jpg,orb,2000,2000,124,52,0.4194,0.062,34.0323,0.0907,0.0519,,low_light,8,0.6364193752375704,0.062
00e9be89-00001815.jpg,00e9be89-00001820.jpg,orb,2000,2000,20,8,0.4,0.01,41.7,0.0913,0.0462,,low_light,8,0.6380796163760402,0.01
00e9be89-00001820.jpg,00e9be89-00001825.jpg,orb,2000,2000,54,17,0.3148,0.027,38.9074,0.0885,0.0462,,low_light,8,0.634829066998817,0.027
00e9be89-00001825.jpg,00e9be89-00001830.jpg,orb,2000,2000,53,20,0.3774,0.0265,39.3962,0.091,0.0583,,low_light,8,0.6314626123639747,0.0265
00e9be89-00001830.jpg,00e9be89-00001840.jpg,orb,2000,2000,19,6,0.3158,0.0095,42.7368,0.0837,0.05,,low_light,8,0.6271555277218493,0.0095
00e9be89-00001840.jpg,00e9be89-00001845.jpg,orb,2000,2000,1038,1023,0.9855,0.519,20.5472,0.0791,0.0482,,low_light,8,0.6225494559177465,0.519
00e9be89-00001845.jpg,00e9be89-00001865.jpg,orb,2000,2000,884,868,0.9819,0.442,23.0147,0.0966,0.0482,,low_light,8,0.6218146783494837,0.442
00e9be89-00001865.jpg,00e9be89-00001870.jpg,orb,2000,2000,896,881,0.9833,0.448,22.6027,0.0961,0.0477,,low_light,8,0.6252311492005374,0.448
00e9be89-00001870.jpg,00e9be89-00001875.jpg,orb,2000,2000,997,976,0.9789,0.4985,19.4965,0.094,0.0442,,low_light,8,0.6259473052182916,0.4985
00e9be89-00001875.jpg,00e9be89-00001885.jpg,orb,2000,2000,973,965,0.9918,0.4865,20.7287,0.0839,0.047,,low_light,8,0.6214563619889487,0.4865
00e9be89-00001885.jpg,00e9be89-00001890.jpg,orb,2000,2000,1039,1014,0.9759,0.5195,21.1347,0.0834,0.0462,,low_light,8,0.6204832307806913,0.5195
00e9be89-00001890.jpg,00e9be89-00001895.jpg,orb,2000,2000,1029,1011,0.9825,0.5145,20.8163,0.0967,0.044,,low_light,8,0.621412212968022,0.5145
00e9be89-00001895.jpg,00e9be89-00001900.jpg,orb,2000,2000,1038,1026,0.9884,0.519,20.8401,0.1008,0.0543,,low_light,8,0.6224019432150283,0.519
00e9be89-00001900.jpg,00e9be89-00001905.jpg,orb,2000,2000,308,193,0.6266,0.154,32.2045,0.0948,0.0483,,low_light,8,0.6235418379218751,0.154
00e9be89-00001905.jpg,00e9be89-00001915.jpg,orb,2000,2000,26,9,0.3462,0.013,36.6923,0.0865,0.0437,,low_light,8,0.6245245733251179,0.013
00e9be89-00000015.jpg,00e9be89-00000100.jpg,orb,2000,2000,12,5,0.4167,0.006,44.4167,0.0978,0.0442,C:\Users\amit\Project_digital_image_processing__Amit_Alon\outputs\visualizations\task2\enhanced_visualizations\low_light\level_9\match_00e9be89-00000015__00e9be89-00000100.png,low_light,9,0.1901598579204893,0.006
00e9be89-00000100.jpg,00e9be89-00000105.jpg,orb,2000,2000,860,852,0.9907,0.43,25.7721,0.0941,0.0444,,low_light,9,0.1984180524090153,0.43
00e9be89-00000105.jpg,00e9be89-00000110.jpg,orb,2000,2000,880,874,0.9932,0.44,23.0545,0.0939,0.0457,,low_light,9,0.1982785526741254,0.44
00e9be89-00000110.jpg,00e9be89-00000115.jpg,orb,2000,2000,921,909,0.987,0.4605,23.2041,0.0918,0.0462,,low_light,9,0.1983160200974561,0.4605
00e9be89-00000115.jpg,00e9be89-00000120.jpg,orb,2000,2000,1053,1039,0.9867,0.5265,21.1045,0.0862,0.0437,,low_light,9,0.1984350007740677,0.5265
00e9be89-00000120.jpg,00e9be89-00000125.jpg,orb,2000,2000,568,550,0.9683,0.284,30.294,0.0884,0.0523,,low_light,9,0.1949130331793784,0.284
00e9be89-00000125.jpg,00e9be89-00000130.jpg,orb,2000,2000,729,715,0.9808,0.3645,25.8368,0.092,0.0505,,low_light,9,0.192663012955022,0.3645
00e9be89-00000130.jpg,00e9be89-00000135.jpg,orb,2000,2000,827,815,0.9855,0.4135,25.5852,0.0875,0.0505,,low_light,9,0.1957226284976503,0.4135
00e9be89-00000135.jpg,00e9be89-00000140.jpg,orb,2000,2000,869,855,0.9839,0.4345,24.0978,0.0979,0.0447,,low_light,9,0.1976294498920426,0.4345
00e9be89-00000140.jpg,00e9be89-00000145.jpg,orb,2000,2000,181,160,0.884,0.0905,34.2762,0.0907,0.0444,,low_light,9,0.1979054269873448,0.0905
00e9be89-00000145.jpg,00e9be89-00000150.jpg,orb,2000,2000,17,5,0.2941,0.0085,43.0588,0.0982,0.0401,,low_light,9,0.1897904930210092,0.0085
00e9be89-00000150.jpg,00e9be89-00000160.jpg,orb,2000,2000,8,4,0.5,0.004,42.75,0.0924,0.0437,,low_light,9,0.1860180371310455,0.004
00e9be89-00000160.jpg,00e9be89-00000165.jpg,orb,2000,1982,22,2,0.0909,0.0111,37.9091,0.0759,0.0442,,low_light,9,0.1935019239077728,0.011
00e9be89-00000165.jpg,00e9be89-00000175.jpg,orb,1982,1919,13,5,0.3846,0.0068,39.3077,0.0712,0.0442,,low_light,9,0.1948724432544975,0.0065
00e9be89-00000175.jpg,00e9be89-00000190.jpg,orb,1919,1895,11,4,0.3636,0.0058,41.2727,0.0948,0.0598,,low_light,9,0.1893511489048416,0.0055
00e9be89-00000190.jpg,00e9be89-00001000.jpg,orb,1895,1307,9,4,0.4444,0.0069,49.3333,0.0764,0.0281,,low_light,9,0.1918985644322744,0.0045
00e9be89-00001000.jpg,00e9be89-00001005.jpg,orb,1307,940,18,10,0.5556,0.0191,43.5556,0.0665,0.0196,,low_light,9,0.1985720337671946,0.009
00e9be89-00001005.jpg,00e9be89-00001010.jpg,orb,940,1154,12,6,0.5,0.0128,40.4167,0.0625,0.0141,,low_light,9,0.2017384881241577,0.006
00e9be89-00001010.jpg,00e9be89-00001015.jpg,orb,1154,1213,16,7,0.4375,0.0139,39.25,0.0684,0.0181,,low_light,9,0.2045197291852837,0.008032128514056224
00e9be89-00001015.jpg,00e9be89-00001020.jpg,orb,1213,1608,25,8,0.32,0.0206,41.68,0.0665,0.0236,,low_light,9,0.2038083938248444,0.012550200803212851
00e9be89-00001020.jpg,00e9be89-00001025.jpg,orb,1608,1441,19,7,0.3684,0.0132,40.4211,0.0719,0.0301,,low_light,9,0.2037281429711693,0.0095
00e9be89-00001025.jpg,00e9be89-00001030.jpg,orb,1441,1235,26,15,0.5769,0.0211,39.3462,0.0618,0.022,,low_light,9,0.2039842835264979,0.013
00e9be89-00001030.jpg,00e9be89-00001035.jpg,orb,1235,1300,53,27,0.5094,0.0429,38.3774,0.0663,0.0196,,low_light,9,0.204011120175117,0.0265
00e9be89-00001035.jpg,00e9be89-00001040.jpg,orb,1300,996,77,64,0.8312,0.0773,37.1429,0.0603,0.0161,,low_light,9,0.2041301675055983,0.0385
00e9be89-00001040.jpg,00e9be89-00001045.jpg,orb,996,1204,99,58,0.5859,0.0994,38.4444,0.0779,0.0181,,low_light,9,0.2040993876745354,0.0495
00e9be89-00001045.jpg,00e9be89-00001050.jpg,orb,1204,1151,25,14,0.56,0.0217,38.0,0.0629,0.0201,,low_light,9,0.2041576481629032,0.0125
00e9be89-00001050.jpg,00e9be89-00001055.jpg,orb,1151,1419,51,24,0.4706,0.0443,37.4902,0.0679,0.0201,,low_light,9,0.2040841320826372,0.0255
00e9be89-00001055.jpg,00e9be89-00001060.jpg,orb,1419,1522,72,28,0.3889,0.0507,38.4167,0.0699,0.0261,,low_light,9,0.2048661999031042,0.036
00e9be89-00001060.jpg,00e9be89-00001065.jpg,orb,1522,1797,50,28,0.56,0.0329,36.42,0.0739,0.0301,,low_light,9,0.206485636705949,0.025
00e9be89-00001065.jpg,00e9be89-00001070.jpg,orb,1797,1942,109,102,0.9358,0.0607,34.1376,0.0741,0.0422,,low_light,9,0.2063301050350835,0.0545
00e9be89-00001070.jpg,00e9be89-00001075.jpg,orb,1942,1975,63,45,0.7143,0.0324,38.6349,0.0739,0.0504,,low_light,9,0.2025294334317107,0.0315
00e9be89-00001075.jpg,00e9be89-00001080.jpg,orb,1975,1410,51,24,0.4706,0.0362,36.0392,0.0507,0.0389,,low_light,9,0.2029537679048731,0.0255
00e9be89-00001080.jpg,00e9be89-00001090.jpg,orb,1410,1857,24,14,0.5833,0.017,35.2083,0.0739,0.0281,,low_light,9,0.2074255482941543,0.012
00e9be89-00001090.jpg,00e9be89-00001095.jpg,orb,1857,1520,37,21,0.5676,0.0243,35.6486,0.08,0.0342,,low_light,9,0.2085891924959939,0.0185
00e9be89-00001095.jpg,00e9be89-00001100.jpg,orb,1520,1860,46,26,0.5652,0.0303,38.3043,0.0843,0.0426,,low_light,9,0.2076348245140248,0.023
00e9be89-00001100.jpg,00e9be89-00001105.jpg,orb,1860,1288,32,13,0.4062,0.0248,46.4062,0.0658,0.0301,,low_light,9,0.2052201856447097,0.016
00e9be89-00001105.jpg,00e9be89-00001115.jpg,orb,1288,1733,14,5,0.3571,0.0109,44.7857,0.0726,0.0261,,low_light,9,0.1974473423121313,0.007
00e9be89-00001115.jpg,00e9be89-00001125.jpg,orb,1733,1971,18,6,0.3333,0.0104,47.5556,0.0798,0.0382,,low_light,9,0.1990494077514247,0.009
00e9be89-00001125.jpg,00e9be89-00001130.jpg,orb,1971,1983,39,22,0.5641,0.0198,39.1538,0.0753,0.0445,,low_light,9,0.2039503294014567,0.0195
00e9be89-00001130.jpg,00e9be89-00001135.jpg,orb,1983,1795,50,28,0.56,0.0279,37.4,0.0684,0.0417,,low_light,9,0.2051009460610721,0.025
00e9be89-00001135.jpg,00e9be89-00001140.jpg,orb,1795,1884,58,41,0.7069,0.0323,33.7586,0.0807,0.0382,,low_light,9,0.2089594433412412,0.029
00e9be89-00001140.jpg,00e9be89-00001150.jpg,orb,1884,1887,52,35,0.6731,0.0276,37.9423,0.0824,0.0417,,low_light,9,0.2096672988999966,0.026
00e9be89-00001150.jpg,00e9be89-00001155.jpg,orb,1887,1863,53,35,0.6604,0.0284,34.0566,0.0852,0.0512,,low_light,9,0.210883810577187,0.0265
00e9be89-00001155.jpg,00e9be89-00001160.jpg,orb,1863,1805,92,52,0.5652,0.051,31.8696,0.0706,0.0402,,low_light,9,0.2112547684951664,0.046
00e9be89-00001160.jpg,00e9be89-00001165.jpg,orb,1805,1881,33,15,0.4545,0.0183,36.5758,0.0759,0.0397,,low_light,9,0.2118465013309641,0.0165
00e9be89-00001165.jpg,00e9be89-00001170.jpg,orb,1881,1888,50,26,0.52,0.0266,40.6,0.0784,0.0478,,low_light,9,0.211572019543437,0.025
00e9be89-00001170.jpg,00e9be89-00001175.jpg,orb,1888,1928,44,23,0.5227,0.0233,37.75,0.0779,0.0462,,low_light,9,0.211584414145264,0.022
00e9be89-00001175.jpg,00e9be89-00001180.jpg,orb,1928,1934,67,44,0.6567,0.0348,35.1642,0.0678,0.0518,,low_light,9,0.2119390030799195,0.0335
00e9be89-00001180.jpg,00e9be89-00001185.jpg,orb,1934,1927,36,17,0.4722,0.0187,40.2778,0.0463,0.0517,,low_light,9,0.2106286731540014,0.018
00e9be89-00001185.jpg,00e9be89-00001190.jpg,orb,1927,1944,22,7,0.3182,0.0114,44.1364,0.0866,0.0477,,low_light,9,0.2092339818047227,0.011
00e9be89-00001190.jpg,00e9be89-00001195.jpg,orb,1944,1771,15,8,0.5333,0.0085,47.8,0.0759,0.0437,,low_light,9,0.1941214488086119,0.0075
00e9be89-00001195.jpg,00e9be89-00001200.jpg,orb,1771,1391,26,8,0.3077,0.0187,39.8462,0.0812,0.0322,,low_light,9,0.1961543523599109,0.013085052843482638
00e9be89-00001200.jpg,00e9be89-00001205.jpg,orb,1391,470,21,3,0.1429,0.0447,43.381,0.0704,0.01,,low_light,9,0.2119598615324783,0.010568696527428284
00e9be89-00001205.jpg,00e9be89-00001210.jpg,orb,470,1307,11,5,0.4545,0.0234,38.5455,0.0598,0.008,,low_light,9,0.2110104306545425,0.005511022044088177
00e9be89-00001210.jpg,00e9be89-00001215.jpg,orb,1307,1438,33,18,0.5455,0.0252,38.4545,0.0598,0.0221,,low_light,9,0.2097084308521228,0.0165
00e9be89-00001215.jpg,00e9be89-00001220.jpg,orb,1438,2000,12,6,0.5,0.0083,40.1667,0.0718,0.0342,,low_light,9,0.2051623549476356,0.006
00e9be89-00001220.jpg,00e9be89-00001225.jpg,orb,2000,1690,22,3,0.1364,0.013,46.9545,0.0531,0.0445,,low_light,9,0.2054141363526439,0.011
00e9be89-00001225.jpg,00e9be89-00001230.jpg,orb,1690,1848,8,4,0.5,0.0047,41.625,0.0719,0.0342,,low_light,9,0.2094631359768895,0.004
00e9be89-00001230.jpg,00e9be89-00001240.jpg,orb,1848,659,68,45,0.6618,0.1032,38.3088,0.066,0.0161,,low_light,9,0.2101355304330446,0.037383177570093455
00e9be89-00001240.jpg,00e9be89-00001245.jpg,orb,659,1989,30,19,0.6333,0.0455,38.7667,0.0704,0.0176,,low_light,9,0.2082625455285291,0.016492578339747113
00e9be89-00001245.jpg,00e9be89-00001250.jpg,orb,1989,1597,28,15,0.5357,0.0175,40.9643,0.0874,0.0493,,low_light,9,0.2093468537097271,0.014
00e9be89-00001250.jpg,00e9be89-00001255.jpg,orb,1597,1931,35,15,0.4286,0.0219,34.9143,0.082,0.0382,,low_light,9,0.2123925835315641,0.0175
00e9be89-00001255.jpg,00e9be89-00001260.jpg,orb,1931,1952,30,20,0.6667,0.0155,29.8333,0.0755,0.0442,,low_light,9,0.2124083524083751,0.015
00e9be89-00001260.jpg,00e9be89-00001265.jpg,orb,1952,1839,34,23,0.6765,0.0185,36.9412,0.084,0.0442,,low_light,9,0.2088014927843391,0.017
00e9be89-00001265.jpg,00e9be89-00001270.jpg,orb,1839,1745,15,5,0.3333,0.0086,44.4667,0.0759,0.0382,,low_light,9,0.2014341483372423,0.0075
00e9be89-00001270.jpg,00e9be89-00001275.jpg,orb,1745,1918,31,16,0.5161,0.0178,29.4194,0.0744,0.0397,,low_light,9,0.2001871724299717,0.0155
00e9be89-00001275.jpg,00e9be89-00001280.jpg,orb,1918,1913,12,5,0.4167,0.0063,35.75,0.0724,0.0406,,low_light,9,0.1923209852786418,0.006
00e9be89-00001280.jpg,00e9be89-00001285.jpg,orb,1913,1407,19,6,0.3158,0.0135,41.8421,0.0681,0.0333,,low_light,9,0.1735371020513733,0.0095
00e9be89-00001285.jpg,00e9be89-00001290.jpg,orb,1407,1748,6,4,0.6667,0.0043,38.5,0.0749,0.0281,,low_light,9,0.1786423070744465,0.003
00e9be89-00001290.jpg,00e9be89-00001295.jpg,orb,1748,1302,23,3,0.1304,0.0177,42.6087,0.0805,0.0322,,low_light,9,0.1799871651721331,0.0115
00e9be89-00001295.jpg,00e9be89-00001305.jpg,orb,1302,1978,9,4,0.4444,0.0069,42.8889,0.0745,0.0358,,low_light,9,0.1736401643982324,0.0045
00e9be89-00001305.jpg,00e9be89-00001310.jpg,orb,1978,2000,14,5,0.3571,0.0071,44.8571,0.0712,0.0465,,low_light,9,0.1738875636768674,0.007
00e9be89-00001310.jpg,00e9be89-00001315.jpg,orb,2000,1940,9,4,0.4444,0.0046,39.3333,0.0819,0.0477,,low_light,9,0.1607285935029786,0.0045
00e9be89-00001315.jpg,00e9be89-00001325.jpg,orb,1940,1136,52,8,0.1538,0.0458,37.4038,0.0802,0.1623,,low_light,9,0.1556492761248169,0.026
00e9be89-00001325.jpg,00e9be89-00001330.jpg,orb,1136,888,22,5,0.2273,0.0248,22.2727,0.0434,0.0115,,low_light,9,0.1761153981113659,0.011
00e9be89-00001330.jpg,00e9be89-00001335.jpg,orb,888,1277,14,5,0.3571,0.0158,32.4286,0.0423,0.0076,,low_light,9,0.1915247336439115,0.007
00e9be89-00001335.jpg,00e9be89-00001340.jpg,orb,1277,1632,18,10,0.5556,0.0141,35.6111,0.0342,0.0116,,low_light,9,0.1932621920172632,0.009
00e9be89-00001340.jpg,00e9be89-00001345.jpg,orb,1632,1443,16,6,0.375,0.0111,43.625,0.063,0.0686,,low_light,9,0.1944831743150002,0.008
00e9be89-00001345.jpg,00e9be89-00001350.jpg,orb,1443,1102,22,6,0.2727,0.02,44.0909,0.0422,0.015,,low_light,9,0.1921982996460007,0.011
00e9be89-00001350.jpg,00e9be89-00001355.jpg,orb,1102,1676,29,10,0.3448,0.0263,41.931,0.0423,0.0101,,low_light,9,0.1941382393567163,0.0145
00e9be89-00001355.jpg,00e9be89-00001360.jpg,orb,1676,1292,16,5,0.3125,0.0124,46.4375,0.0377,0.0124,,low_light,9,0.1933527356583099,0.008
00e9be89-00001360.jpg,00e9be89-00001365.jpg,orb,1292,1655,19,7,0.3684,0.0147,32.1053,0.0403,0.0207,,low_light,9,0.1913577490011754,0.0095
00e9be89-00001365.jpg,00e9be89-00001370.jpg,orb,1655,1841,39,11,0.2821,0.0236,39.0769,0.041,0.023,,low_light,9,0.1941967837550213,0.0195
00e9be89-00001370.jpg,00e9be89-00001375.jpg,orb,1841,1181,123,56,0.4553,0.1041,39.6829,0.0393,0.0129,,low_light,9,0.1937393422885424,0.0615
00e9be89-00001375.jpg,00e9be89-00001380.jpg,orb,1181,862,145,75,0.5172,0.1682,37.9172,0.0358,0.0078,,low_light,9,0.1929544356539558,0.0725
00e9be89-00001380.jpg,00e9be89-00001385.jpg,orb,862,1013,113,63,0.5575,0.1311,35.3982,0.0494,0.0094,,low_light,9,0.1950687349818363,0.0565
00e9be89-00001385.jpg,00e9be89-00001390.jpg,orb,1013,1034,21,11,0.5238,0.0207,35.619,0.0334,0.006,,low_light,9,0.1916288732460582,0.0105
00e9be89-00001390.jpg,00e9be89-00001395.jpg,orb,1034,1042,30,11,0.3667,0.029,37.3333,0.0834,0.0076,,low_light,9,0.188559348494425,0.015
00e9be89-00001395.jpg,00e9be89-00001400.jpg,orb,1042,1279,51,20,0.3922,0.0489,36.2157,0.048,0.011,,low_light,9,0.1911214063876423,0.0255
00e9be89-00001400.jpg,00e9be89-00001405.jpg,orb,1279,1459,70,28,0.4,0.0547,33.0429,0.0336,0.0117,,low_light,9,0.1932590087348331,0.035
00e9be89-00001405.jpg,00e9be89-00001410.jpg,orb,1459,1479,87,29,0.3333,0.0596,32.6552,0.0412,0.0191,,low_light,9,0.1947913693040905,0.0435
00e9be89-00001410.jpg,00e9be89-00001415.jpg,orb,1479,1429,128,36,0.2812,0.0896,32.5156,0.0583,0.0205,,low_light,9,0.1949371066753568,0.064
00e9be89-00001415.jpg,00e9be89-00001420.jpg,orb,1429,1661,80,23,0.2875,0.056,35.5875,0.0528,0.0198,,low_light,9,0.1927696638521946,0.04
00e9be89-00001420.jpg,00e9be89-00001425.jpg,orb,1661,1754,72,25,0.3472,0.0433,32.4583,0.0527,0.0261,,low_light,9,0.1899679509911925,0.036
00e9be89-00001425.jpg,00e9be89-00001430.jpg,orb,1754,1461,111,51,0.4595,0.076,32.6667,0.0454,0.0221,,low_light,9,0.1873139390078098,0.0555
00e9be89-00001430.jpg,00e9be89-00001440.jpg,orb,1461,1974,23,8,0.3478,0.0157,38.0,0.0466,0.0241,,low_light,9,0.1907546389526579,0.0115
00e9be89-00001440.jpg,00e9be89-00001445.jpg,orb,1974,1964,69,19,0.2754,0.0351,36.1739,0.054,0.0281,,low_light,9,0.1927060717687628,0.0345
00e9be89-00001445.jpg,00e9be89-00001450.jpg,orb,1964,1516,50,19,0.38,0.033,38.78,0.0539,0.0221,,low_light,9,0.1867681789273321,0.025
00e9be89-00001450.jpg,00e9be89-00001455.jpg,orb,1516,979,66,39,0.5909,0.0674,37.5758,0.0382,0.01,,low_light,9,0.1923447886564183,0.033
00e9be89-00001455.jpg,00e9be89-00001460.jpg,orb,979,1105,58,37,0.6379,0.0592,36.6897,0.0361,0.008,,low_light,9,0.2024311916564249,0.029
00e9be89-00001460.jpg,00e9be89-00001465.jpg,orb,1105,1112,89,71,0.7978,0.0805,34.5169,0.0422,0.008,,low_light,9,0.2015905095037738,0.0445
00e9be89-00001465.jpg,00e9be89-00001470.jpg,orb,1112,1585,17,6,0.3529,0.0153,32.0588,0.0381,0.012,,low_light,9,0.2020059961164129,0.0085
00e9be89-00001470.jpg,00e9be89-00001475.jpg,orb,1585,1509,69,24,0.3478,0.0457,36.8696,0.0583,0.0288,,low_light,9,0.2029563862567214,0.0345
00e9be89-00001475.jpg,00e9be89-00001480.jpg,orb,1509,1288,29,13,0.4483,0.0225,39.0,0.0485,0.0201,,low_light,9,0.2007349360757489,0.0145
00e9be89-00001480.jpg,00e9be89-00001485.jpg,orb,1288,1381,27,10,0.3704,0.021,41.4444,0.0518,0.0162,,low_light,9,0.2051499749156977,0.0135
00e9be89-00001485.jpg,00e9be89-00001490.jpg,orb,1381,1267,44,27,0.6136,0.0347,32.9773,0.0456,0.0173,,low_light,9,0.212197615099959,0.022
00e9be89-00001490.jpg,00e9be89-00001495.jpg,orb,1267,1278,288,279,0.9688,0.2273,23.9306,0.0424,0.016,,low_light,9,0.2130669675374671,0.144
00e9be89-00001495.jpg,00e9be89-00001500.jpg,orb,1278,1242,424,415,0.9788,0.3414,19.5259,0.0428,0.0134,,low_light,9,0.2131590722384002,0.212
00e9be89-00001500.jpg,00e9be89-00001505.jpg,orb,1242,1435,203,144,0.7094,0.1634,28.6355,0.0422,0.0161,,low_light,9,0.2132460698392805,0.1015
00e9be89-00001505.jpg,00e9be89-00001510.jpg,orb,1435,1527,43,13,0.3023,0.03,38.8372,0.0535,0.02,,low_light,9,0.2126022528562832,0.0215
00e9be89-00001510.jpg,00e9be89-00001515.jpg,orb,1527,1476,40,14,0.35,0.0271,39.025,0.0428,0.0162,,low_light,9,0.2107238477425004,0.02
00e9be89-00001515.jpg,00e9be89-00001520.jpg,orb,1476,1517,23,7,0.3043,0.0156,45.087,0.0448,0.0191,,low_light,9,0.2071933238244913,0.0115
00e9be89-00001520.jpg,00e9be89-00001525.jpg,orb,1517,1947,72,36,0.5,0.0475,35.7222,0.0593,0.0213,,low_light,9,0.2068802751694375,0.036
00e9be89-00001525.jpg,00e9be89-00001535.jpg,orb,1947,1972,28,7,0.25,0.0144,39.6429,0.0557,0.0333,,low_light,9,0.208075049336661,0.014
00e9be89-00001535.jpg,00e9be89-00001540.jpg,orb,1972,1790,17,6,0.3529,0.0095,36.5882,0.0663,0.038,,low_light,9,0.1966048307325032,0.0085
00e9be89-00001540.jpg,00e9be89-00001545.jpg,orb,1790,1674,37,7,0.1892,0.0221,39.6216,0.0629,0.0538,,low_light,9,0.191325353566169,0.0185
00e9be89-00001545.jpg,00e9be89-00001550.jpg,orb,1674,1449,245,162,0.6612,0.1691,30.9143,0.0652,0.0234,,low_light,9,0.1968518552361569,0.1225
00e9be89-00001550.jpg,00e9be89-00001555.jpg,orb,1449,1692,252,237,0.9405,0.1739,23.9286,0.0529,0.0216,,low_light,9,0.1970918341064954,0.126
00e9be89-00001555.jpg,00e9be89-00001560.jpg,orb,1692,1262,220,207,0.9409,0.1743,26.3182,0.0535,0.0233,,low_light,9,0.1969102652312964,0.11
00e9be89-00001560.jpg,00e9be89-00001565.jpg,orb,1262,1267,243,210,0.8642,0.1926,26.6461,0.0492,0.0121,,low_light,9,0.1967665579885705,0.1215
00e9be89-00001565.jpg,00e9be89-00001570.jpg,orb,1267,1845,52,19,0.3654,0.041,33.5,0.0477,0.0161,,low_light,9,0.1976845587000131,0.026
00e9be89-00001570.jpg,00e9be89-00001575.jpg,orb,1845,1912,52,24,0.4615,0.0282,36.5577,0.0517,0.0261,,low_light,9,0.1988799658320966,0.026
00e9be89-00001575.jpg,00e9be89-00001580.jpg,orb,1912,1886,123,79,0.6423,0.0652,34.5528,0.0487,0.0256,,low_light,9,0.1982152747630122,0.0615
00e9be89-00001580.jpg,00e9be89-00001585.jpg,orb,1886,1997,82,36,0.439,0.0435,35.7927,0.0442,0.0261,,low_light,9,0.1926385057878373,0.041
00e9be89-00001585.jpg,00e9be89-00001590.jpg,orb,1997,1426,15,4,0.2667,0.0105,39.6,0.0527,0.0304,,low_light,9,0.1816689324555049,0.0075
00e9be89-00001590.jpg,00e9be89-00001595.jpg,orb,1426,1846,40,12,0.3,0.0281,30.1,0.0538,0.0211,,low_light,9,0.1692945237979807,0.02
00e9be89-00001595.jpg,00e9be89-00001600.jpg,orb,1846,1889,36,14,0.3889,0.0195,38.1111,0.0459,0.0241,,low_light,9,0.1732767814617182,0.018
00e9be89-00001600.jpg,00e9be89-00001605.jpg,orb,1889,1793,113,61,0.5398,0.063,32.8938,0.0462,0.0221,,low_light,9,0.1827529173894394,0.0565
00e9be89-00001605.jpg,00e9be89-00001610.jpg,orb,1793,1869,38,12,0.3158,0.0212,37.2105,0.0505,0.0241,,low_light,9,0.1867135423595281,0.019
00e9be89-00001610.jpg,00e9be89-00001620.jpg,orb,1869,1724,15,5,0.3333,0.0087,39.2,0.0401,0.0261,,low_light,9,0.1884006549910404,0.0075
00e9be89-00001620.jpg,00e9be89-00001625.jpg,orb,1724,1918,31,12,0.3871,0.018,37.7742,0.0437,0.0242,,low_light,9,0.1882995352967893,0.0155
00e9be89-00001625.jpg,00e9be89-00001630.jpg,orb,1918,1794,75,27,0.36,0.0418,37.12,0.0457,0.0241,,low_light,9,0.1921077165496411,0.0375
00e9be89-00001630.jpg,00e9be89-00001635.jpg,orb,1794,2000,25,7,0.28,0.0139,45.36,0.0502,0.0276,,low_light,9,0.1955593519825467,0.0125
00e9be89-00001635.jpg,00e9be89-00001640.jpg,orb,2000,1599,24,1,0.0417,0.015,41.625,0.0477,0.0261,,low_light,9,0.1812188028258908,0.012
00e9be89-00001640.jpg,00e9be89-00001645.jpg,orb,1599,1919,23,6,0.2609,0.0144,28.3913,0.0542,0.0241,,low_light,9,0.1682934432340208,0.0115
00e9be89-00001645.jpg,00e9be89-00001650.jpg,orb,1919,2000,37,5,0.1351,0.0193,27.1892,0.0562,0.0357,,low_light,9,0.1757972950276208,0.0185
00e9be89-00001650.jpg,00e9be89-00001655.jpg,orb,2000,2000,24,6,0.25,0.012,36.5,0.0623,0.0379,,low_light,9,0.1751610473233055,0.012
00e9be89-00001655.jpg,00e9be89-00001665.jpg,orb,2000,1964,8,5,0.625,0.0041,39.0,0.0623,0.0301,,low_light,9,0.1858089371263166,0.004
00e9be89-00001665.jpg,00e9be89-00001670.jpg,orb,1964,1773,29,14,0.4828,0.0164,39.6207,0.0562,0.0276,,low_light,9,0.2005219966543832,0.0145
00e9be89-00001670.jpg,00e9be89-00001675.jpg,orb,1773,1935,36,18,0.5,0.0203,29.6944,0.0578,0.0261,,low_light,9,0.1976597288943467,0.018
00e9be89-00001675.jpg,00e9be89-00001680.jpg,orb,1935,1843,55,30,0.5455,0.0298,28.0,0.048,0.0261,,low_light,9,0.1950303855069861,0.0275
00e9be89-00001680.jpg,00e9be89-00001685.jpg,orb,1843,2000,14,4,0.2857,0.0076,34.0,0.0622,0.0328,,low_light,9,0.1998568627889105,0.007
00e9be89-00001685.jpg,00e9be89-00001690.jpg,orb,2000,1978,24,7,0.2917,0.0121,39.9167,0.058,0.0365,,low_light,9,0.210170299252871,0.012
00e9be89-00001690.jpg,00e9be89-00001695.jpg,orb,1978,1771,15,6,0.4,0.0085,41.2667,0.0591,0.0323,,low_light,9,0.2152250619698898,0.0075
00e9be89-00001695.jpg,00e9be89-00001705.jpg,orb,1771,1458,28,16,0.5714,0.0192,35.0,0.0514,0.0201,,low_light,9,0.2113503836339083,0.014
00e9be89-00001705.jpg,00e9be89-00001710.jpg,orb,1458,1402,104,76,0.7308,0.0742,29.8365,0.0435,0.0171,,low_light,9,0.206594364363466,0.052
00e9be89-00001710.jpg,00e9be89-00001715.jpg,orb,1402,1693,51,29,0.5686,0.0364,36.0392,0.0545,0.0236,,low_light,9,0.2042783397792978,0.0255
00e9be89-00001715.jpg,00e9be89-00001720.jpg,orb,1693,1296,60,42,0.7,0.0463,35.2,0.0564,0.0273,,low_light,9,0.2048592560051275,0.03006012024048096
00e9be89-00001720.jpg,00e9be89-00001725.jpg,orb,1296,1461,57,38,0.6667,0.044,33.3333,0.0502,0.0161,,low_light,9,0.2062403052766185,0.028557114228456915
00e9be89-00001725.jpg,00e9be89-00001730.jpg,orb,1461,1342,71,46,0.6479,0.0529,32.7042,0.0447,0.0161,,low_light,9,0.2058864337228645,0.0355
00e9be89-00001730.jpg,00e9be89-00001740.jpg,orb,1342,1642,27,7,0.2593,0.0201,29.7407,0.0505,0.0181,,low_light,9,0.2062081767766339,0.0135
00e9be89-00001740.jpg,00e9be89-00001745.jpg,orb,1642,2000,8,4,0.5,0.0049,38.75,0.0563,0.0261,,low_light,9,0.2019337362125492,0.004
00e9be89-00001745.jpg,00e9be89-00001750.jpg,orb,2000,1453,19,4,0.2105,0.0131,43.2105,0.0531,0.0221,,low_light,9,0.1970502724986168,0.0095
00e9be89-00001750.jpg,00e9be89-00001755.jpg,orb,1453,1724,59,32,0.5424,0.0406,32.0339,0.0458,0.0191,,low_light,9,0.2003019689317476,0.0295
00e9be89-00001755.jpg,00e9be89-00001760.jpg,orb,1724,1868,36,20,0.5556,0.0209,34.0556,0.0523,0.0281,,low_light,9,0.2031785364950923,0.018
00e9be89-00001760.jpg,00e9be89-00001765.jpg,orb,1868,1448,23,16,0.6957,0.0159,32.913,0.0543,0.0264,,low_light,9,0.1969152926345183,0.0115
00e9be89-00001765.jpg,00e9be89-00001770.jpg,orb,1448,1681,29,15,0.5172,0.02,34.3103,0.0538,0.0181,,low_light,9,0.1915559446855316,0.0145
00e9be89-00001770.jpg,00e9be89-00001775.jpg,orb,1681,1714,41,24,0.5854,0.0244,37.4146,0.0525,0.0241,,low_light,9,0.1921862937084958,0.0205
00e9be89-00001775.jpg,00e9be89-00001780.jpg,orb,1714,1926,33,21,0.6364,0.0193,33.9394,0.0494,0.0325,,low_light,9,0.1974354588524892,0.0165
00e9be89-00001780.jpg,00e9be89-00001785.jpg,orb,1926,1908,32,23,0.7188,0.0168,41.0625,0.0561,0.0342,,low_light,9,0.1989610902131677,0.016
00e9be89-00001785.jpg,00e9be89-00001795.jpg,orb,1908,1543,17,5,0.2941,0.011,43.4706,0.0559,0.0221,,low_light,9,0.1903002139505229,0.0085
00e9be89-00001795.jpg,00e9be89-00001800.jpg,orb,1543,1722,483,466,0.9648,0.313,27.3975,0.0522,0.0241,,low_light,9,0.1920099003805749,0.2415
00e9be89-00001800.jpg,00e9be89-00001810.jpg,orb,1722,1625,164,68,0.4146,0.1009,34.0061,0.0502,0.0221,,low_light,9,0.1982566280799756,0.082
00e9be89-00001810.jpg,00e9be89-00001815.jpg,orb,1625,1891,124,54,0.4355,0.0763,35.1855,0.0563,0.0218,,low_light,9,0.1977411714612653,0.062
00e9be89-00001815.jpg,00e9be89-00001820.jpg,orb,1891,1794,38,13,0.3421,0.0212,38.6316,0.036,0.0335,,low_light,9,0.1980011181204359,0.019
00e9be89-00001820.jpg,00e9be89-00001825.jpg,orb,1794,1950,47,14,0.2979,0.0262,39.8085,0.0502,0.0261,,low_light,9,0.196522370074973,0.0235
00e9be89-00001825.jpg,00e9be89-00001830.jpg,orb,1950,1980,52,21,0.4038,0.0267,39.9808,0.0537,0.0321,,low_light,9,0.1942355765312079,0.026
00e9be89-00001830.jpg,00e9be89-00001840.jpg,orb,1980,1899,34,8,0.2353,0.0179,37.9118,0.0598,0.0301,,low_light,9,0.1914299110863291,0.017
00e9be89-00001840.jpg,00e9be89-00001845.jpg,orb,1899,1951,945,934,0.9884,0.4976,21.4074,0.0625,0.0301,,low_light,9,0.1894673785514845,0.4725
00e9be89-00001845.jpg,00e9be89-00001865.jpg,orb,1951,1940,771,753,0.9767,0.3974,23.808,0.0706,0.0368,,low_light,9,0.1891828158016396,0.3855
00e9be89-00001865.jpg,00e9be89-00001870.jpg,orb,1940,1958,809,792,0.979,0.417,22.4487,0.0469,0.0367,,low_light,9,0.1906819330153993,0.4045
00e9be89-00001870.jpg,00e9be89-00001875.jpg,orb,1958,1954,898,881,0.9811,0.4596,20.5445,0.0562,0.0338,,low_light,9,0.1909613919445335,0.449
00e9be89-00001875.jpg,00e9be89-00001885.jpg,orb,1954,1938,921,910,0.9881,0.4752,21.3431,0.0621,0.0294,,low_light,9,0.1891725233298777,0.4605
00e9be89-00001885.jpg,00e9be89-00001890.jpg,orb,1938,1922,902,895,0.9922,0.4693,21.204,0.0618,0.0291,,low_light,9,0.1888353269846246,0.451
00e9be89-00001890.jpg,00e9be89-00001895.jpg,orb,1922,1934,954,947,0.9927,0.4964,20.1572,0.0522,0.0304,,low_light,9,0.1892678507531777,0.477
00e9be89-00001895.jpg,00e9be89-00001900.jpg,orb,1934,1922,979,967,0.9877,0.5094,21.8417,0.0608,0.0321,,low_light,9,0.1896815851523839,0.4895
00e9be89-00001900.jpg,00e9be89-00001905.jpg,orb,1922,1927,289,175,0.6055,0.1504,31.0934,0.0503,0.0336,,low_light,9,0.1899864126700853,0.1445
00e9be89-00001905.jpg,00e9be89-00001915.jpg,orb,1927,1848,38,11,0.2895,0.0206,36.6842,0.0577,0.0304,,low_light,9,0.1908246408957612,0.019
00e9be89-00000015.jpg,00e9be89-00000100.jpg,orb,2000,2000,8,4,0.5,0.004,43.125,0.1254,0.0384,C:\Users\amit\Project_digital_image_processing__Amit_Alon\outputs\visualizations\task2\enhanced_visualizations\rain\level_1\match_00e9be89-00000015__00e9be89-00000100.png,rain,1,21.565003881793125,0.004
00e9be89-00000100.jpg,00e9be89-00000105.jpg,orb,2000,2000,1004,983,0.9791,0.502,21.4034,0.074,0.0334,,rain,1,22.831248011386904,0.502
00e9be89-00000105.jpg,00e9be89-00000110.jpg,orb,2000,2000,1046,1034,0.9885,0.523,19.4589,0.0706,0.0316,,rain,1,22.83203209083463,0.523
00e9be89-00000110.jpg,00e9be89-00000115.jpg,orb,2000,2000,1047,1037,0.9904,0.5235,20.3075,0.0939,0.0421,,rain,1,22.830118026636505,0.5235
00e9be89-00000115.jpg,00e9be89-00000120.jpg,orb,2000,2000,1278,1269,0.993,0.639,16.874,0.0701,0.0341,,rain,1,22.83202648800008,0.639
00e9be89-00000120.jpg,00e9be89-00000125.jpg,orb,2000,2000,604,591,0.9785,0.302,28.0348,0.0819,0.0282,,rain,1,22.79974779290613,0.302
00e9be89-00000125.jpg,00e9be89-00000130.jpg,orb,2000,2000,890,877,0.9854,0.445,21.2933,0.0629,0.0361,,rain,1,22.79378233882716,0.445
00e9be89-00000130.jpg,00e9be89-00000135.jpg,orb,2000,2000,1017,1012,0.9951,0.5085,20.9567,0.0568,0.039,,rain,1,22.8357592153087,0.5085
00e9be89-00000135.jpg,00e9be89-00000140.jpg,orb,2000,2000,1076,1054,0.9796,0.538,20.816,0.0539,0.0303,,rain,1,22.859018308410405,0.538
00e9be89-00000140.jpg,00e9be89-00000145.jpg,orb,2000,2000,196,157,0.801,0.098,34.1276,0.0639,0.0317,,rain,1,22.8518320822868,0.098
00e9be89-00000145.jpg,00e9be89-00000150.jpg,orb,2000,2000,13,4,0.3077,0.0065,39.4615,0.0862,0.0382,,rain,1,22.388713551233984,0.0065
00e9be89-00000150.jpg,00e9be89-00000160.jpg,orb,2000,2000,10,5,0.5,0.005,44.3,0.077,0.0486,,rain,1,21.77093451273101,0.005
00e9be89-00000160.jpg,00e9be89-00000165.jpg,orb,2000,2000,21,7,0.3333,0.0105,41.2381,0.0718,0.0301,,rain,1,21.52144339442332,0.0105
00e9be89-00000165.jpg,00e9be89-00000175.jpg,orb,2000,2000,14,6,0.4286,0.007,39.8571,0.0684,0.0296,,rain,1,21.928186823342667,0.007
00e9be89-00000175.jpg,00e9be89-00000190.jpg,orb,2000,2000,16,2,0.125,0.008,41.5,0.0461,0.0361,,rain,1,22.33864489504556,0.008
00e9be89-00000190.jpg,00e9be89-00001000.jpg,orb,2000,2000,9,4,0.4444,0.0045,42.1111,0.0475,0.0362,,rain,1,22.29737728953271,0.0045
00e9be89-00001000.jpg,00e9be89-00001005.jpg,orb,2000,1788,14,5,0.3571,0.0078,40.8571,0.0497,0.0262,,rain,1,22.471562706530115,0.007
00e9be89-00001005.jpg,00e9be89-00001010.jpg,orb,1788,1993,11,6,0.5455,0.0062,39.9091,0.0522,0.0321,,rain,1,22.60998557469712,0.0055
00e9be89-00001010.jpg,00e9be89-00001015.jpg,orb,1993,1948,27,12,0.4444,0.0139,38.1852,0.0502,0.0274,,rain,1,22.673019070159,0.01355421686746988
00e9be89-00001015.jpg,00e9be89-00001020.jpg,orb,1948,2000,22,7,0.3182,0.0113,39.4091,0.0535,0.028,,rain,1,22.646289547353447,0.01104417670682731
00e9be89-00001020.jpg,00e9be89-00001025.jpg,orb,2000,2000,17,8,0.4706,0.0085,37.4118,0.0508,0.0412,,rain,1,22.543315993800107,0.0085
00e9be89-00001025.jpg,00e9be89-00001030.jpg,orb,2000,1988,33,13,0.3939,0.0166,40.0303,0.0424,0.0406,,rain,1,22.563389832419315,0.0165
00e9be89-00001030.jpg,00e9be89-00001035.jpg,orb,1988,2000,72,40,0.5556,0.0362,35.4861,0.054,0.0341,,rain,1,22.577949389396004,0.036
00e9be89-00001035.jpg,00e9be89-00001040.jpg,orb,2000,1955,104,74,0.7115,0.0532,36.7788,0.0585,0.0384,,rain,1,22.58331762760805,0.052
00e9be89-00001040.jpg,00e9be89-00001045.jpg,orb,1955,1972,177,102,0.5763,0.0905,35.5989,0.056,0.0279,,rain,1,22.599776043283,0.0885
00e9be89-00001045.jpg,00e9be89-00001050.jpg,orb,1972,1991,56,22,0.3929,0.0284,40.0714,0.0449,0.0281,,rain,1,22.575307607806494,0.028
00e9be89-00001050.jpg,00e9be89-00001055.jpg,orb,1991,2000,79,23,0.2911,0.0397,38.0127,0.0328,0.0334,,rain,1,22.54924617643683,0.0395
00e9be89-00001055.jpg,00e9be89-00001060.jpg,orb,2000,2000,104,55,0.5288,0.052,37.5865,0.0381,0.0296,,rain,1,22.56616301207168,0.052
00e9be89-00001060.jpg,00e9be89-00001065.jpg,orb,2000,2000,51,42,0.8235,0.0255,37.8627,0.0477,0.0302,,rain,1,22.507900727362752,0.0255
00e9be89-00001065.jpg,00e9be89-00001070.jpg,orb,2000,2000,116,99,0.8534,0.058,35.7672,0.0579,0.0321,,rain,1,22.452885043980864,0.058
00e9be89-00001070.jpg,00e9be89-00001075.jpg,orb,2000,2000,66,40,0.6061,0.033,37.9545,0.0539,0.0301,,rain,1,22.460104570629376,0.033
00e9be89-00001075.jpg,00e9be89-00001080.jpg,orb,2000,2000,42,19,0.4524,0.021,35.9048,0.0578,0.0384,,rain,1,22.46962214475805,0.021
00e9be89-00001080.jpg,00e9be89-00001090.jpg,orb,2000,2000,39,25,0.641,0.0195,41.0769,0.0351,0.0322,,rain,1,22.607478489658423,0.0195
00e9be89-00001090.jpg,00e9be89-00001095.jpg,orb,2000,2000,60,43,0.7167,0.03,35.45,0.0617,0.05,,rain,1,22.74451067616383,0.03
00e9be89-00001095.jpg,00e9be89-00001100.jpg,orb,2000,2000,68,48,0.7059,0.034,35.6176,0.0693,0.039,,rain,1,22.807861719231024,0.034
00e9be89-00001100.jpg,00e9be89-00001105.jpg,orb,2000,2000,29,8,0.2759,0.0145,40.5862,0.0658,0.0321,,rain,1,22.83014605837129,0.0145
00e9be89-00001105.jpg,00e9be89-00001115.jpg,orb,2000,2000,27,9,0.3333,0.0135,42.1111,0.0582,0.0321,,rain,1,22.975152189945494,0.0135
00e9be89-00001115.jpg,00e9be89-00001125.jpg,orb,2000,2000,19,7,0.3684,0.0095,42.7895,0.0608,0.0291,,rain,1,22.958132718557064,0.0095
00e9be89-00001125.jpg,00e9be89-00001130.jpg,orb,2000,2000,28,17,0.6071,0.014,33.3929,0.0621,0.0301,,rain,1,22.84134759224494,0.014
00e9be89-00001130.jpg,00e9be89-00001135.jpg,orb,2000,2000,63,45,0.7143,0.0315,34.0635,0.0684,0.0373,,rain,1,22.864217768439136,0.0315
00e9be89-00001135.jpg,00e9be89-00001140.jpg,orb,2000,2000,80,59,0.7375,0.04,33.9,0.06,0.0341,,rain,1,22.82887063092143,0.04
00e9be89-00001140.jpg,00e9be89-00001150.jpg,orb,2000,2000,60,38,0.6333,0.03,37.0167,0.0558,0.0281,,rain,1,22.86606409788048,0.03
00e9be89-00001150.jpg,00e9be89-00001155.jpg,orb,2000,2000,91,69,0.7582,0.0455,36.4945,0.0528,0.038,,rain,1,22.91031565583856,0.0455
00e9be89-00001155.jpg,00e9be89-00001160.jpg,orb,2000,2000,80,45,0.5625,0.04,34.0625,0.0623,0.0419,,rain,1,22.919718841729708,0.04
00e9be89-00001160.jpg,00e9be89-00001165.jpg,orb,2000,2000,22,10,0.4545,0.011,38.1818,0.0612,0.0383,,rain,1,22.90319904651533,0.011
00e9be89-00001165.jpg,00e9be89-00001170.jpg,orb,2000,2000,47,24,0.5106,0.0235,37.5106,0.0643,0.0341,,rain,1,22.875614356183704,0.0235
00e9be89-00001170.jpg,00e9be89-00001175.jpg,orb,2000,2000,34,16,0.4706,0.017,36.1765,0.0518,0.0403,,rain,1,22.910855897826465,0.017
00e9be89-00001175.jpg,00e9be89-00001180.jpg,orb,2000,2000,64,33,0.5156,0.032,36.0781,0.0603,0.0321,,rain,1,22.949311428685625,0.032
00e9be89-00001180.jpg,00e9be89-00001185.jpg,orb,2000,2000,33,19,0.5758,0.0165,39.4242,0.0618,0.0321,,rain,1,22.958145078167554,0.0165
00e9be89-00001185.jpg,00e9be89-00001190.jpg,orb,2000,2000,17,3,0.1765,0.0085,40.7059,0.0678,0.0321,,rain,1,22.946383843828997,0.0085
00e9be89-00001190.jpg,00e9be89-00001195.jpg,orb,2000,2000,9,4,0.4444,0.0045,41.2222,0.0461,0.0307,,rain,1,22.58141335939705,0.0045
00e9be89-00001195.jpg,00e9be89-00001200.jpg,orb,2000,1978,17,7,0.4118,0.0086,39.2353,0.0524,0.0336,,rain,1,22.62132075803305,0.008555611474584801
00e9be89-00001200.jpg,00e9be89-00001205.jpg,orb,1978,1289,26,11,0.4231,0.0202,38.2692,0.0543,0.0221,,rain,1,23.003239822829723,0.013085052843482638
00e9be89-00001205.jpg,00e9be89-00001210.jpg,orb,1289,2000,23,4,0.1739,0.0178,39.4783,0.0508,0.0241,,rain,1,23.017861341504243,0.011523046092184368
00e9be89-00001210.jpg,00e9be89-00001215.jpg,orb,2000,2000,40,17,0.425,0.02,37.875,0.0583,0.0418,,rain,1,23.062225085624505,0.02
00e9be89-00001215.jpg,00e9be89-00001220.jpg,orb,2000,2000,16,6,0.375,0.008,41.625,0.0505,0.0375,,rain,1,22.842377218144435,0.008
00e9be89-00001220.jpg,00e9be89-00001225.jpg,orb,2000,2000,21,5,0.2381,0.0105,46.8571,0.0586,0.0356,,rain,1,22.846725097690936,0.0105
00e9be89-00001225.jpg,00e9be89-00001230.jpg,orb,2000,2000,28,10,0.3571,0.014,37.8929,0.0517,0.0321,,rain,1,23.049625093196475,0.014
00e9be89-00001230.jpg,00e9be89-00001240.jpg,orb,2000,1375,38,29,0.7632,0.0276,36.7632,0.0522,0.0201,,rain,1,22.982818819832715,0.020890599230346345
00e9be89-00001240.jpg,00e9be89-00001245.jpg,orb,1375,2000,16,9,0.5625,0.0116,37.125,0.0477,0.0201,,rain,1,22.637660274516797,0.008796041781198461
00e9be89-00001245.jpg,00e9be89-00001250.jpg,orb,2000,2000,14,7,0.5,0.007,49.6429,0.0497,0.0261,,rain,1,22.668402911424888,0.007
00e9be89-00001250.jpg,00e9be89-00001255.jpg,orb,2000,2000,40,20,0.5,0.02,36.725,0.0359,0.0345,,rain,1,23.022751772928636,0.02
00e9be89-00001255.jpg,00e9be89-00001260.jpg,orb,2000,2000,31,17,0.5484,0.0155,37.8065,0.06,0.0301,,rain,1,22.99504249114601,0.0155
00e9be89-00001260.jpg,00e9be89-00001265.jpg,orb,2000,2000,38,25,0.6579,0.019,39.6316,0.0644,0.0296,,rain,1,22.879011775400333,0.019
00e9be89-00001265.jpg,00e9be89-00001270.jpg,orb,2000,2000,12,5,0.4167,0.006,44.0833,0.0522,0.0301,,rain,1,22.64066883311847,0.006
00e9be89-00001270.jpg,00e9be89-00001275.jpg,orb,2000,2000,20,10,0.5,0.01,39.6,0.0704,0.0373,,rain,1,22.403292755810856,0.01
00e9be89-00001275.jpg,00e9be89-00001280.jpg,orb,2000,2000,8,4,0.5,0.004,42.25,0.0568,0.0304,,rain,1,22.39984023395838,0.004
00e9be89-00001280.jpg,00e9be89-00001285.jpg,orb,2000,2000,15,4,0.2667,0.0075,37.6667,0.0562,0.0281,,rain,1,22.248546857024945,0.0075
00e9be89-00001285.jpg,00e9be89-00001290.jpg,orb,2000,2000,16,6,0.375,0.008,40.125,0.0502,0.0281,,rain,1,22.28211629339443,0.008
00e9be89-00001290.jpg,00e9be89-00001295.jpg,orb,2000,2000,17,5,0.2941,0.0085,40.4118,0.0577,0.0322,,rain,1,22.83875142790741,0.0085
00e9be89-00001295.jpg,00e9be89-00001305.jpg,orb,2000,2000,13,4,0.3077,0.0065,41.1538,0.0618,0.0301,,rain,1,23.018845957604213,0.0065
00e9be89-00001305.jpg,00e9be89-00001310.jpg,orb,2000,2000,6,4,0.6667,0.003,45.5,0.0663,0.0261,,rain,1,22.73686784850708,0.003
00e9be89-00001310.jpg,00e9be89-00001315.jpg,orb,2000,2000,9,4,0.4444,0.0045,47.4444,0.0643,0.0276,,rain,1,22.116188773839056,0.0045
00e9be89-00001315.jpg,00e9be89-00001325.jpg,orb,2000,2000,30,8,0.2667,0.015,34.6667,0.0578,0.0321,,rain,1,21.71726539697648,0.015
00e9be89-00001325.jpg,00e9be89-00001330.jpg,orb,2000,1963,24,7,0.2917,0.0122,32.7083,0.0538,0.0261,,rain,1,20.909158283489663,0.012
00e9be89-00001330.jpg,00e9be89-00001335.jpg,orb,1963,2000,17,4,0.2353,0.0087,39.3529,0.051,0.0281,,rain,1,20.93582080951508,0.0085
00e9be89-00001335.jpg,00e9be89-00001340.jpg,orb,2000,2000,17,7,0.4118,0.0085,42.0,0.0536,0.0357,,rain,1,22.47550380746519,0.0085
00e9be89-00001340.jpg,00e9be89-00001345.jpg,orb,2000,2000,13,5,0.3846,0.0065,45.6154,0.0658,0.0344,,rain,1,23.06759335810529,0.0065
00e9be89-00001345.jpg,00e9be89-00001350.jpg,orb,2000,1992,19,10,0.5263,0.0095,43.7368,0.0517,0.0301,,rain,1,23.037353215832702,0.0095
00e9be89-00001350.jpg,00e9be89-00001355.jpg,orb,1992,2000,19,6,0.3158,0.0095,42.7368,0.0565,0.0281,,rain,1,22.981033063228644,0.0095
00e9be89-00001355.jpg,00e9be89-00001360.jpg,orb,2000,2000,23,6,0.2609,0.0115,44.1739,0.0538,0.0301,,rain,1,22.725677836165666,0.0115
00e9be89-00001360.jpg,00e9be89-00001365.jpg,orb,2000,2000,20,6,0.3,0.01,42.45,0.0583,0.0316,,rain,1,22.60885428768852,0.01
00e9be89-00001365.jpg,00e9be89-00001370.jpg,orb,2000,2000,41,19,0.4634,0.0205,35.9024,0.0668,0.0393,,rain,1,22.5705285153766,0.0205
00e9be89-00001370.jpg,00e9be89-00001375.jpg,orb,2000,1896,162,84,0.5185,0.0854,34.4321,0.0376,0.0301,,rain,1,22.6437749315053,0.081
00e9be89-00001375.jpg,00e9be89-00001380.jpg,orb,1896,1790,230,106,0.4609,0.1285,33.9304,0.0432,0.0266,,rain,1,22.62451632342817,0.115
00e9be89-00001380.jpg,00e9be89-00001385.jpg,orb,1790,1842,184,89,0.4837,0.1028,34.4837,0.0457,0.0241,,rain,1,22.466400020861045,0.092
00e9be89-00001385.jpg,00e9be89-00001390.jpg,orb,1842,1940,48,30,0.625,0.0261,35.0208,0.0603,0.0261,,rain,1,22.541725901089222,0.024
00e9be89-00001390.jpg,00e9be89-00001395.jpg,orb,1940,1970,81,50,0.6173,0.0418,33.3951,0.0583,0.0316,,rain,1,22.54869438321204,0.0405
00e9be89-00001395.jpg,00e9be89-00001400.jpg,orb,1970,2000,120,50,0.4167,0.0609,32.1083,0.0528,0.0353,,rain,1,22.47186126085726,0.06
00e9be89-00001400.jpg,00e9be89-00001405.jpg,orb,2000,2000,105,44,0.419,0.0525,32.2571,0.0615,0.0331,,rain,1,22.39118337984021,0.0525
00e9be89-00001405.jpg,00e9be89-00001410.jpg,orb,2000,2000,116,57,0.4914,0.058,32.3448,0.0583,0.0316,,rain,1,22.322072505516672,0.058
00e9be89-00001410.jpg,00e9be89-00001415.jpg,orb,2000,2000,178,54,0.3034,0.089,32.382,0.0582,0.0326,,rain,1,22.273746153907183,0.089
00e9be89-00001415.jpg,00e9be89-00001420.jpg,orb,2000,2000,98,32,0.3265,0.049,34.0408,0.0623,0.0336,,rain,1,22.20702042932272,0.049
00e9be89-00001420.jpg,00e9be89-00001425.jpg,orb,2000,2000,89,38,0.427,0.0445,30.4045,0.0605,0.0296,,rain,1,22.09883474294494,0.0445
00e9be89-00001425.jpg,00e9be89-00001430.jpg,orb,2000,2000,113,58,0.5133,0.0565,32.3186,0.0523,0.0359,,rain,1,21.99157067318734,0.0565
00e9be89-00001430.jpg,00e9be89-00001440.jpg,orb,2000,2000,34,9,0.2647,0.017,36.8235,0.0618,0.0321,,rain,1,21.782137423653893,0.017
00e9be89-00001440.jpg,00e9be89-00001445.jpg,orb,2000,2000,82,29,0.3537,0.041,33.4146,0.0643,0.0301,,rain,1,20.639805002207176,0.041
00e9be89-00001445.jpg,00e9be89-00001450.jpg,orb,2000,2000,43,13,0.3023,0.0215,37.7209,0.0643,0.0361,,rain,1,21.336761995009653,0.0215
00e9be89-00001450.jpg,00e9be89-00001455.jpg,orb,2000,1780,78,51,0.6538,0.0438,35.3846,0.0683,0.0325,,rain,1,22.783519933826312,0.039
00e9be89-00001455.jpg,00e9be89-00001460.jpg,orb,1780,1811,115,59,0.513,0.0646,35.6957,0.0566,0.0289,,rain,1,22.48413686600816,0.0575
00e9be89-00001460.jpg,00e9be89-00001465.jpg,orb,1811,1833,160,139,0.8688,0.0883,30.6313,0.0573,0.0296,,rain,1,22.388921358361536,0.08
00e9be89-00001465.jpg,00e9be89-00001470.jpg,orb,1833,2000,20,7,0.35,0.0109,34.05,0.0522,0.0316,,rain,1,22.39512498914528,0.01
00e9be89-00001470.jpg,00e9be89-00001475.jpg,orb,2000,2000,65,34,0.5231,0.0325,35.5385,0.0563,0.0344,,rain,1,22.44226117326243,0.0325
00e9be89-00001475.jpg,00e9be89-00001480.jpg,orb,2000,1974,28,9,0.3214,0.0142,36.3571,0.0605,0.0296,,rain,1,22.50807031698302,0.014
00e9be89-00001480.jpg,00e9be89-00001485.jpg,orb,1974,2000,36,15,0.4167,0.0182,35.0278,0.0505,0.0316,,rain,1,22.67050235129929,0.018
00e9be89-00001485.jpg,00e9be89-00001490.jpg,orb,2000,1977,53,21,0.3962,0.0268,32.3585,0.0562,0.0336,,rain,1,22.82189634881731,0.0265
00e9be89-00001490.jpg,00e9be89-00001495.jpg,orb,1977,1970,618,605,0.979,0.3137,18.0841,0.0598,0.0301,,rain,1,22.83384769457652,0.309
00e9be89-00001495.jpg,00e9be89-00001500.jpg,orb,1970,1990,832,817,0.982,0.4223,15.03,0.0564,0.0301,,rain,1,22.834672714729894,0.416
00e9be89-00001500.jpg,00e9be89-00001505.jpg,orb,1990,2000,330,244,0.7394,0.1658,25.8515,0.0632,0.0323,,rain,1,22.845648204307828,0.165
00e9be89-00001505.jpg,00e9be89-00001510.jpg,orb,2000,2000,57,21,0.3684,0.0285,35.0877,0.0608,0.0382,,rain,1,22.86486297011709,0.0285
00e9be89-00001510.jpg,00e9be89-00001515.jpg,orb,2000,2000,55,22,0.4,0.0275,37.0,0.0613,0.0301,,rain,1,22.88492905992184,0.0275
00e9be89-00001515.jpg,00e9be89-00001520.jpg,orb,2000,2000,24,7,0.2917,0.012,42.375,0.0517,0.0301,,rain,1,22.85194379301112,0.012
00e9be89-00001520.jpg,00e9be89-00001525.jpg,orb,2000,2000,73,41,0.5616,0.0365,35.0959,0.0583,0.0296,,rain,1,22.81740617073588,0.0365
00e9be89-00001525.jpg,00e9be89-00001535.jpg,orb,2000,2000,32,9,0.2812,0.016,40.4062,0.0603,0.0366,,rain,1,22.768948642788835,0.016
00e9be89-00001535.jpg,00e9be89-00001540.jpg,orb,2000,2000,16,8,0.5,0.008,41.9375,0.0569,0.0281,,rain,1,22.447558617924187,0.008
00e9be89-00001540.jpg,00e9be89-00001545.jpg,orb,2000,2000,18,9,0.5,0.009,35.3889,0.0417,0.0314,,rain,1,22.368183160012748,0.009
00e9be89-00001545.jpg,00e9be89-00001550.jpg,orb,2000,2000,188,125,0.6649,0.094,30.4202,0.0557,0.0281,,rain,1,22.55478438522041,0.094
00e9be89-00001550.jpg,00e9be89-00001555.jpg,orb,2000,2000,355,338,0.9521,0.1775,20.7493,0.0603,0.0284,,rain,1,22.55433738616592,0.1775
00e9be89-00001555.jpg,00e9be89-00001560.jpg,orb,2000,2000,298,284,0.953,0.149,23.4933,0.0542,0.0444,,rain,1,22.562442230880396,0.149
00e9be89-00001560.jpg,00e9be89-00001565.jpg,orb,2000,1995,489,432,0.8834,0.2451,22.1738,0.0563,0.0301,,rain,1,22.58607953780712,0.2445
00e9be89-00001565.jpg,00e9be89-00001570.jpg,orb,1995,2000,59,29,0.4915,0.0296,33.5085,0.046,0.0337,,rain,1,22.704994762490013,0.0295
00e9be89-00001570.jpg,00e9be89-00001575.jpg,orb,2000,2000,51,21,0.4118,0.0255,36.902,0.0549,0.0335,,rain,1,22.701567852481663,0.0255
00e9be89-00001575.jpg,00e9be89-00001580.jpg,orb,2000,2000,116,74,0.6379,0.058,33.569,0.0625,0.0296,,rain,1,22.59394953973669,0.058
00e9be89-00001580.jpg,00e9be89-00001585.jpg,orb,2000,2000,55,21,0.3818,0.0275,39.5091,0.0661,0.0341,,rain,1,22.30554977062709,0.0275
00e9be89-00001585.jpg,00e9be89-00001590.jpg,orb,2000,2000,25,7,0.28,0.0125,39.76,0.0562,0.0276,,rain,1,22.16754498664242,0.0125
00e9be89-00001590.jpg,00e9be89-00001595.jpg,orb,2000,2000,25,6,0.24,0.0125,37.24,0.0563,0.0301,,rain,1,22.295483349191755,0.0125
00e9be89-00001595.jpg,00e9be89-00001600.jpg,orb,2000,2000,28,12,0.4286,0.014,39.6071,0.0599,0.0261,,rain,1,22.23153838677663,0.014
00e9be89-00001600.jpg,00e9be89-00001605.jpg,orb,2000,2000,149,97,0.651,0.0745,33.5369,0.0428,0.0298,,rain,1,22.062695198990937,0.0745
00e9be89-00001605.jpg,00e9be89-00001610.jpg,orb,2000,2000,30,14,0.4667,0.015,41.3333,0.0542,0.0275,,rain,1,22.04995513967038,0.015
00e9be89-00001610.jpg,00e9be89-00001620.jpg,orb,2000,2000,12,3,0.25,0.006,42.25,0.0578,0.0301,,rain,1,22.2962741279637,0.006
00e9be89-00001620.jpg,00e9be89-00001625.jpg,orb,2000,2000,38,19,0.5,0.019,38.7105,0.0613,0.0314,,rain,1,22.2875546601572,0.019
00e9be89-00001625.jpg,00e9be89-00001630.jpg,orb,2000,2000,65,26,0.4,0.0325,36.9077,0.067,0.0364,,rain,1,22.20450893948402,0.0325
00e9be89-00001630.jpg,00e9be89-00001635.jpg,orb,2000,2000,33,8,0.2424,0.0165,46.1212,0.068,0.0462,,rain,1,22.51058252174231,0.0165
00e9be89-00001635.jpg,00e9be89-00001640.jpg,orb,2000,2000,15,7,0.4667,0.0075,37.6667,0.0583,0.0301,,rain,1,22.305919628368805,0.0075
00e9be89-00001640.jpg,00e9be89-00001645.jpg,orb,2000,2000,15,5,0.3333,0.0075,44.6667,0.0502,0.0306,,rain,1,20.826144803724297,0.0075
00e9be89-00001645.jpg,00e9be89-00001650.jpg,orb,2000,2000,35,9,0.2571,0.0175,34.1143,0.0603,0.0281,,rain,1,20.310169061736204,0.0175
00e9be89-00001650.jpg,00e9be89-00001655.jpg,orb,2000,2000,18,5,0.2778,0.009,36.5,0.0582,0.0296,,rain,1,21.16197977030528,0.009
00e9be89-00001655.jpg,00e9be89-00001665.jpg,orb,2000,2000,10,5,0.5,0.005,45.5,0.0638,0.0321,,rain,1,21.966673536746317,0.005
00e9be89-00001665.jpg,00e9be89-00001670.jpg,orb,2000,2000,31,11,0.3548,0.0155,44.5161,0.0463,0.0363,,rain,1,22.540378785119,0.0155
00e9be89-00001670.jpg,00e9be89-00001675.jpg,orb,2000,2000,30,9,0.3,0.015,37.0,0.0499,0.0379,,rain,1,22.47461848752173,0.015
00e9be89-00001675.jpg,00e9be89-00001680.jpg,orb,2000,2000,17,10,0.5882,0.0085,35.6471,0.0525,0.0413,,rain,1,22.3489428640198,0.0085
00e9be89-00001680.jpg,00e9be89-00001685.jpg,orb,2000,2000,11,5,0.4545,0.0055,39.7273,0.0844,0.0442,,rain,1,22.216559717439647,0.0055
00e9be89-00001685.jpg,00e9be89-00001690.jpg,orb,2000,2000,17,6,0.3529,0.0085,39.8235,0.0756,0.0412,,rain,1,22.400881158713524,0.0085
00e9be89-00001690.jpg,00e9be89-00001695.jpg,orb,2000,2000,23,7,0.3043,0.0115,38.8696,0.0623,0.0336,,rain,1,22.83269952690813,0.0115
00e9be89-00001695.jpg,00e9be89-00001705.jpg,orb,2000,1998,20,5,0.25,0.01,39.95,0.0563,0.0316,,rain,1,22.811869083997863,0.01
00e9be89-00001705.jpg,00e9be89-00001710.jpg,orb,1998,1998,90,66,0.7333,0.045,31.3444,0.0406,0.0361,,rain,1,22.706931402706857,0.045
00e9be89-00001710.jpg,00e9be89-00001715.jpg,orb,1998,2000,40,21,0.525,0.02,35.4,0.0517,0.0383,,rain,1,22.67821923039878,0.02
00e9be89-00001715.jpg,00e9be89-00001720.jpg,orb,2000,1970,54,37,0.6852,0.0274,36.0,0.0578,0.0321,,rain,1,22.636537110800862,0.027054108216432865
00e9be89-00001720.jpg,00e9be89-00001725.jpg,orb,1970,2000,64,49,0.7656,0.0325,33.1094,0.0522,0.0336,,rain,1,22.635856192985276,0.03206412825651302
00e9be89-00001725.jpg,00e9be89-00001730.jpg,orb,2000,1987,57,49,0.8596,0.0287,30.1053,0.0538,0.0393,,rain,1,22.69313874658898,0.0285
00e9be89-00001730.jpg,00e9be89-00001740.jpg,orb,1987,2000,24,7,0.2917,0.0121,36.75,0.0426,0.0341,,rain,1,22.765880107378067,0.012
00e9be89-00001740.jpg,00e9be89-00001745.jpg,orb,2000,2000,11,4,0.3636,0.0055,42.0909,0.0631,0.0456,,rain,1,22.0636344963894,0.0055
00e9be89-00001745.jpg,00e9be89-00001750.jpg,orb,2000,2000,13,4,0.3077,0.0065,43.4615,0.0693,0.0452,,rain,1,21.87924098157736,0.0065
00e9be89-00001750.jpg,00e9be89-00001755.jpg,orb,2000,2000,42,22,0.5238,0.021,35.881,0.0603,0.0402,,rain,1,22.49636639717513,0.021
00e9be89-00001755.jpg,00e9be89-00001760.jpg,orb,2000,2000,17,9,0.5294,0.0085,41.6471,0.0618,0.0321,,rain,1,22.56348922635677,0.0085
00e9be89-00001760.jpg,00e9be89-00001765.jpg,orb,2000,2000,11,4,0.3636,0.0055,44.3636,0.0404,0.0316,,rain,1,22.29098893102808,0.0055
00e9be89-00001765.jpg,00e9be89-00001770.jpg,orb,2000,2000,20,6,0.3,0.01,40.4,0.0537,0.0321,,rain,1,21.943230212904403,0.01
00e9be89-00001770.jpg,00e9be89-00001775.jpg,orb,2000,2000,46,26,0.5652,0.023,37.4565,0.0557,0.0422,,rain,1,21.958433779097945,0.023
00e9be89-00001775.jpg,00e9be89-00001780.jpg,orb,2000,2000,24,18,0.75,0.012,36.625,0.0638,0.0394,,rain,1,22.15507559789001,0.012
00e9be89-00001780.jpg,00e9be89-00001785.jpg,orb,2000,2000,38,18,0.4737,0.019,39.9474,0.0598,0.0341,,rain,1,22.336377320518096,0.019
00e9be89-00001785.jpg,00e9be89-00001795.jpg,orb,2000,2000,14,11,0.7857,0.007,33.2143,0.0626,0.0377,,rain,1,22.637565482147277,0.007
00e9be89-00001795.jpg,00e9be89-00001800.jpg,orb,2000,2000,905,886,0.979,0.4525,19.4972,0.0508,0.0402,,rain,1,22.7629191692406,0.4525
00e9be89-00001800.jpg,00e9be89-00001810.jpg,orb,2000,2000,201,80,0.398,0.1005,31.5323,0.0585,0.0361,,rain,1,22.614590714352545,0.1005
00e9be89-00001810.jpg,00e9be89-00001815.jpg,orb,2000,2000,132,49,0.3712,0.066,32.5227,0.0637,0.0301,,rain,1,22.590344299589496,0.066
00e9be89-00001815.jpg,00e9be89-00001820.jpg,orb,2000,2000,40,16,0.4,0.02,37.95,0.0562,0.0301,,rain,1,22.602348336481747,0.02
00e9be89-00001820.jpg,00e9be89-00001825.jpg,orb,2000,2000,50,17,0.34,0.025,39.28,0.056,0.0301,,rain,1,22.724190847737358,0.025
00e9be89-00001825.jpg,00e9be89-00001830.jpg,orb,2000,2000,35,14,0.4,0.0175,40.4571,0.0656,0.0336,,rain,1,22.76785856981856,0.0175
00e9be89-00001830.jpg,00e9be89-00001840.jpg,orb,2000,2000,19,3,0.1579,0.0095,39.0,0.0592,0.0281,,rain,1,22.433341045141383,0.0095
00e9be89-00001840.jpg,00e9be89-00001845.jpg,orb,2000,2000,1191,1180,0.9908,0.5955,16.2107,0.0421,0.0287,,rain,1,22.17751331789104,0.5955
00e9be89-00001845.jpg,00e9be89-00001865.jpg,orb,2000,2000,1044,1032,0.9885,0.522,18.4904,0.0561,0.0281,,rain,1,22.1590490409292,0.522
00e9be89-00001865.jpg,00e9be89-00001870.jpg,orb,2000,2000,1081,1070,0.9898,0.5405,19.0851,0.0557,0.0289,,rain,1,22.134594128255365,0.5405
00e9be89-00001870.jpg,00e9be89-00001875.jpg,orb,2000,2000,1134,1125,0.9921,0.567,15.3069,0.0618,0.0281,,rain,1,22.143374983091697,0.567
00e9be89-00001875.jpg,00e9be89-00001885.jpg,orb,2000,2000,1093,1083,0.9909,0.5465,17.3504,0.0562,0.0292,,rain,1,22.16256151537378,0.5465
00e9be89-00001885.jpg,00e9be89-00001890.jpg,orb,2000,2000,1191,1185,0.995,0.5955,16.3384,0.0721,0.0304,,rain,1,22.154599478984025,0.5955
00e9be89-00001890.jpg,00e9be89-00001895.jpg,orb,2000,2000,1162,1149,0.9888,0.581,15.7255,0.0565,0.0312,,rain,1,22.164705019469004,0.581
00e9be89-00001895.jpg,00e9be89-00001900.jpg,orb,2000,2000,1152,1133,0.9835,0.576,17.1042,0.0658,0.0342,,rain,1,22.186063103695247,0.576
00e9be89-00001900.jpg,00e9be89-00001905.jpg,orb,2000,2000,273,165,0.6044,0.1365,29.6264,0.0618,0.0292,,rain,1,22.31957638370303,0.1365
00e9be89-00001905.jpg,00e9be89-00001915.jpg,orb,2000,2000,41,14,0.3415,0.0205,36.0244,0.0537,0.0281,,rain,1,22.50162495809828,0.0205
00e9be89-00000015.jpg,00e9be89-00000100.jpg,orb,2000,2000,7,4,0.5714,0.0035,43.5714,0.0783,0.0296,C:\Users\amit\Project_digital_image_processing__Amit_Alon\outputs\visualizations\task2\enhanced_visualizations\rain\level_2\match_00e9be89-00000015__00e9be89-00000100.png,rain,2,16.53069358103384,0.0035
00e9be89-00000100.jpg,00e9be89-00000105.jpg,orb,2000,2000,1029,1014,0.9854,0.5145,21.5316,0.0661,0.0281,,rain,2,18.556070164211263,0.5145
00e9be89-00000105.jpg,00e9be89-00000110.jpg,orb,2000,2000,1066,1056,0.9906,0.533,20.1004,0.0708,0.0281,,rain,2,18.538103945890743,0.533
00e9be89-00000110.jpg,00e9be89-00000115.jpg,orb,2000,2000,1075,1066,0.9916,0.5375,20.1963,0.0658,0.0301,,rain,2,18.54841936063971,0.5375
00e9be89-00000115.jpg,00e9be89-00000120.jpg,orb,2000,2000,1276,1268,0.9937,0.638,17.098,0.0516,0.0282,,rain,2,18.566586600742003,0.638
00e9be89-00000120.jpg,00e9be89-00000125.jpg,orb,2000,2000,526,511,0.9715,0.263,29.943,0.0692,0.0429,,rain,2,18.00446186290238,0.263
00e9be89-00000125.jpg,00e9be89-00000130.jpg,orb,2000,2000,919,915,0.9956,0.4595,21.1959,0.0735,0.0333,,rain,2,17.672210033913622,0.4595
00e9be89-00000130.jpg,00e9be89-00000135.jpg,orb,2000,2000,1026,1019,0.9932,0.513,20.6774,0.0658,0.0293,,rain,2,18.189917341154462,0.513
00e9be89-00000135.jpg,00e9be89-00000140.jpg,orb,2000,2000,1103,1091,0.9891,0.5515,20.6401,0.0683,0.0296,,rain,2,18.508481849626502,0.5515
00e9be89-00000140.jpg,00e9be89-00000145.jpg,orb,2000,2000,165,142,0.8606,0.0825,37.4424,0.0703,0.0381,,rain,2,18.502707855034167,0.0825
00e9be89-00000145.jpg,00e9be89-00000150.jpg,orb,2000,2000,13,5,0.3846,0.0065,39.3077,0.0798,0.0399,,rain,2,16.874167616251512,0.0065
00e9be89-00000150.jpg,00e9be89-00000160.jpg,orb,2000,2000,5,0,0.0,0.0025,41.2,0.081,0.0643,,rain,2,15.321377259483093,0.0025
00e9be89-00000160.jpg,00e9be89-00000165.jpg,orb,2000,2000,8,5,0.625,0.004,42.125,0.0839,0.0397,,rain,2,14.845892726249332,0.004
00e9be89-00000165.jpg,00e9be89-00000175.jpg,orb,2000,2000,10,4,0.4,0.005,43.0,0.0764,0.0494,,rain,2,15.52534613528289,0.005
00e9be89-00000175.jpg,00e9be89-00000190.jpg,orb,2000,2000,13,4,0.3077,0.0065,44.3846,0.0936,0.0482,,rain,2,16.218507841517066,0.0065
00e9be89-00000190.jpg,00e9be89-00001000.jpg,orb,2000,2000,13,5,0.3846,0.0065,44.5385,0.0633,0.0361,,rain,2,17.216888165273836,0.0065
00e9be89-00001000.jpg,00e9be89-00001005.jpg,orb,2000,1833,12,6,0.5,0.0065,43.8333,0.0563,0.0598,,rain,2,19.25075336099188,0.006
00e9be89-00001005.jpg,00e9be89-00001010.jpg,orb,1833,1999,17,5,0.2941,0.0093,40.0,0.0691,0.0402,,rain,2,20.025701404424492,0.0085
00e9be89-00001010.jpg,00e9be89-00001015.jpg,orb,1999,1945,21,8,0.381,0.0108,38.8571,0.0556,0.0366,,rain,2,20.6316561176262,0.010542168674698794
00e9be89-00001015.jpg,00e9be89-00001020.jpg,orb,1945,2000,24,7,0.2917,0.0123,40.6667,0.0598,0.0382,,rain,2,20.62145018408159,0.012048192771084338
00e9be89-00001020.jpg,00e9be89-00001025.jpg,orb,2000,2000,24,7,0.2917,0.012,40.4167,0.0583,0.0336,,rain,2,20.30244050240534,0.012
00e9be89-00001025.jpg,00e9be89-00001030.jpg,orb,2000,1997,27,7,0.2593,0.0135,41.4815,0.0638,0.0362,,rain,2,20.330076816878304,0.0135
00e9be89-00001030.jpg,00e9be89-00001035.jpg,orb,1997,2000,75,38,0.5067,0.0376,36.24,0.0537,0.0341,,rain,2,20.321482473454207,0.0375
00e9be89-00001035.jpg,00e9be89-00001040.jpg,orb,2000,1967,72,42,0.5833,0.0366,37.9167,0.0542,0.0336,,rain,2,20.42454471566768,0.036
00e9be89-00001040.jpg,00e9be89-00001045.jpg,orb,1967,2000,144,81,0.5625,0.0732,35.7153,0.0504,0.0382,,rain,2,20.5014366528647,0.072
00e9be89-00001045.jpg,00e9be89-00001050.jpg,orb,2000,1996,53,21,0.3962,0.0266,37.5849,0.0643,0.0316,,rain,2,20.42967923589641,0.0265
00e9be89-00001050.jpg,00e9be89-00001055.jpg,orb,1996,2000,70,27,0.3857,0.0351,38.7571,0.0502,0.0321,,rain,2,20.32412325524164,0.035
00e9be89-00001055.jpg,00e9be89-00001060.jpg,orb,2000,2000,80,49,0.6125,0.04,39.15,0.0598,0.0341,,rain,2,20.371927125124387,0.04
00e9be89-00001060.jpg,00e9be89-00001065.jpg,orb,2000,2000,47,34,0.7234,0.0235,39.0426,0.0632,0.0304,,rain,2,20.14695724329177,0.0235
00e9be89-00001065.jpg,00e9be89-00001070.jpg,orb,2000,2000,109,91,0.8349,0.0545,35.0642,0.0617,0.0422,,rain,2,19.93021366651085,0.0545
00e9be89-00001070.jpg,00e9be89-00001075.jpg,orb,2000,2000,59,34,0.5763,0.0295,39.6102,0.0707,0.0321,,rain,2,19.494562657378523,0.0295
00e9be89-00001075.jpg,00e9be89-00001080.jpg,orb,2000,2000,38,22,0.5789,0.019,37.5,0.0663,0.0304,,rain,2,19.594368000399545,0.019
00e9be89-00001080.jpg,00e9be89-00001090.jpg,orb,2000,2000,37,25,0.6757,0.0185,39.6757,0.0545,0.0362,,rain,2,20.77301766428935,0.0185
00e9be89-00001090.jpg,00e9be89-00001095.jpg,orb,2000,2000,56,41,0.7321,0.028,34.9643,0.0585,0.0301,,rain,2,21.410141724270964,0.028
00e9be89-00001095.jpg,00e9be89-00001100.jpg,orb,2000,2000,42,26,0.619,0.021,38.5,0.05,0.0402,,rain,2,21.55853899162741,0.021
00e9be89-00001100.jpg,00e9be89-00001105.jpg,orb,2000,2000,28,14,0.5,0.014,41.9643,0.0546,0.0362,,rain,2,21.27593965061761,0.014
00e9be89-00001105.jpg,00e9be89-00001115.jpg,orb,2000,2000,14,5,0.3571,0.007,41.4286,0.0538,0.0382,,rain,2,20.587746814545948,0.007
00e9be89-00001115.jpg,00e9be89-00001125.jpg,orb,2000,2000,17,5,0.2941,0.0085,40.1765,0.0583,0.0296,,rain,2,20.68819570405729,0.0085
00e9be89-00001125.jpg,00e9be89-00001130.jpg,orb,2000,2000,32,20,0.625,0.016,38.0625,0.0542,0.0281,,rain,2,20.849021298264496,0.016
00e9be89-00001130.jpg,00e9be89-00001135.jpg,orb,2000,2000,67,39,0.5821,0.0335,38.1791,0.0585,0.0301,,rain,2,21.169272340724586,0.0335
00e9be89-00001135.jpg,00e9be89-00001140.jpg,orb,2000,2000,60,49,0.8167,0.03,33.05,0.0396,0.0282,,rain,2,21.71722379800781,0.03
00e9be89-00001140.jpg,00e9be89-00001150.jpg,orb,2000,2000,51,33,0.6471,0.0255,36.2549,0.0582,0.0296,,rain,2,21.973691564523843,0.0255
00e9be89-00001150.jpg,00e9be89-00001155.jpg,orb,2000,2000,81,50,0.6173,0.0405,37.3457,0.0578,0.0321,,rain,2,22.27652277300168,0.0405
00e9be89-00001155.jpg,00e9be89-00001160.jpg,orb,2000,2000,66,37,0.5606,0.033,36.0909,0.0538,0.0361,,rain,2,22.273687203722567,0.033
00e9be89-00001160.jpg,00e9be89-00001165.jpg,orb,2000,2000,22,15,0.6818,0.011,39.7273,0.0543,0.0296,,rain,2,22.35811415053082,0.011
00e9be89-00001165.jpg,00e9be89-00001170.jpg,orb,2000,2000,31,15,0.4839,0.0155,40.6129,0.0702,0.0353,,rain,2,22.182536537538752,0.0155
00e9be89-00001170.jpg,00e9be89-00001175.jpg,orb,2000,2000,35,19,0.5429,0.0175,36.8286,0.0617,0.0333,,rain,2,22.373605299550302,0.0175
00e9be89-00001175.jpg,00e9be89-00001180.jpg,orb,2000,2000,49,35,0.7143,0.0245,39.4898,0.0603,0.0296,,rain,2,22.7623537746989,0.0245
00e9be89-00001180.jpg,00e9be89-00001185.jpg,orb,2000,2000,25,13,0.52,0.0125,42.36,0.0562,0.0291,,rain,2,22.51427955064408,0.0125
00e9be89-00001185.jpg,00e9be89-00001190.jpg,orb,2000,2000,12,4,0.3333,0.006,43.1667,0.0583,0.0341,,rain,2,21.851373398671683,0.006
00e9be89-00001190.jpg,00e9be89-00001195.jpg,orb,2000,2000,12,3,0.25,0.006,45.6667,0.0494,0.0301,,rain,2,18.852399998291475,0.006
00e9be89-00001195.jpg,00e9be89-00001200.jpg,orb,2000,1985,15,4,0.2667,0.0076,44.8667,0.0469,0.0306,,rain,2,19.61476849175249,0.00754906894816306
00e9be89-00001200.jpg,00e9be89-00001205.jpg,orb,1985,1325,18,8,0.4444,0.0136,39.6667,0.0384,0.0196,,rain,2,23.046719492447732,0.009058882737795673
00e9be89-00001205.jpg,00e9be89-00001210.jpg,orb,1325,2000,13,5,0.3846,0.0098,36.9231,0.0437,0.0181,,rain,2,23.187956921151155,0.006513026052104208
00e9be89-00001210.jpg,00e9be89-00001215.jpg,orb,2000,1984,34,19,0.5588,0.0171,40.2941,0.0542,0.0261,,rain,2,22.92250861854521,0.017
00e9be89-00001215.jpg,00e9be89-00001220.jpg,orb,1984,2000,6,4,0.6667,0.003,45.3333,0.0579,0.0301,,rain,2,21.51662840309271,0.003
00e9be89-00001220.jpg,00e9be89-00001225.jpg,orb,2000,2000,19,6,0.3158,0.0095,44.7368,0.063,0.0394,,rain,2,21.807791888037546,0.0095
00e9be89-00001225.jpg,00e9be89-00001230.jpg,orb,2000,2000,15,4,0.2667,0.0075,42.5333,0.0465,0.0342,,rain,2,23.08850391881868,0.0075
00e9be89-00001230.jpg,00e9be89-00001240.jpg,orb,2000,1331,42,22,0.5238,0.0316,42.0238,0.0542,0.0221,,rain,2,22.817663725756567,0.02308960967564596
00e9be89-00001240.jpg,00e9be89-00001245.jpg,orb,1331,2000,25,10,0.4,0.0188,41.32,0.0598,0.0201,,rain,2,21.72527548992125,0.013743815283122594
00e9be89-00001245.jpg,00e9be89-00001250.jpg,orb,2000,2000,16,5,0.3125,0.008,46.375,0.0578,0.0321,,rain,2,22.157559629468587,0.008
00e9be89-00001250.jpg,00e9be89-00001255.jpg,orb,2000,2000,32,14,0.4375,0.016,40.75,0.0613,0.0341,,rain,2,23.54717075326753,0.016
00e9be89-00001255.jpg,00e9be89-00001260.jpg,orb,2000,2000,25,18,0.72,0.0125,40.04,0.0667,0.0386,,rain,2,23.218976304761632,0.0125
00e9be89-00001260.jpg,00e9be89-00001265.jpg,orb,2000,2000,23,12,0.5217,0.0115,39.913,0.0605,0.0336,,rain,2,21.055839540656088,0.0115
00e9be89-00001265.jpg,00e9be89-00001270.jpg,orb,2000,2000,10,4,0.4,0.005,45.0,0.0646,0.0316,,rain,2,17.948127652773746,0.005
00e9be89-00001270.jpg,00e9be89-00001275.jpg,orb,2000,2000,14,6,0.4286,0.007,39.7857,0.0698,0.0361,,rain,2,17.645695726260932,0.007
00e9be89-00001275.jpg,00e9be89-00001280.jpg,orb,2000,2000,23,6,0.2609,0.0115,41.7391,0.081,0.0393,,rain,2,17.25960261462799,0.0115
00e9be89-00001280.jpg,00e9be89-00001285.jpg,orb,2000,2000,11,1,0.0909,0.0055,37.3636,0.0652,0.0357,,rain,2,14.585800679243787,0.0055
00e9be89-00001285.jpg,00e9be89-00001290.jpg,orb,2000,2000,13,4,0.3077,0.0065,39.3846,0.0638,0.0361,,rain,2,15.391912311557366,0.0065
00e9be89-00001290.jpg,00e9be89-00001295.jpg,orb,2000,2000,12,5,0.4167,0.006,43.25,0.0623,0.0316,,rain,2,16.780533843028905,0.006
00e9be89-00001295.jpg,00e9be89-00001305.jpg,orb,2000,2000,18,6,0.3333,0.009,41.4444,0.0703,0.0336,,rain,2,16.651705368307425,0.009
00e9be89-00001305.jpg,00e9be89-00001310.jpg,orb,2000,2000,8,4,0.5,0.004,44.875,0.0746,0.0301,,rain,2,16.93395794520859,0.004
00e9be89-00001310.jpg,00e9be89-00001315.jpg,orb,2000,2000,7,4,0.5714,0.0035,40.0,0.0669,0.0424,,rain,2,14.913408706619787,0.0035
00e9be89-00001315.jpg,00e9be89-00001325.jpg,orb,2000,2000,27,7,0.2593,0.0135,34.5926,0.055,0.0311,,rain,2,13.280114589484633,0.0135
00e9be89-00001325.jpg,00e9be89-00001330.jpg,orb,2000,1878,31,9,0.2903,0.0165,37.3871,0.0527,0.0301,,rain,2,12.632089043784076,0.0155
00e9be89-00001330.jpg,00e9be89-00001335.jpg,orb,1878,2000,13,5,0.3846,0.0069,39.3077,0.0589,0.0422,,rain,2,14.296827755985309,0.0065
00e9be89-00001335.jpg,00e9be89-00001340.jpg,orb,2000,2000,21,6,0.2857,0.0105,39.1429,0.0663,0.0474,,rain,2,18.061330133926266,0.0105
00e9be89-00001340.jpg,00e9be89-00001345.jpg,orb,2000,2000,14,5,0.3571,0.007,41.2857,0.0638,0.0321,,rain,2,19.18790102396052,0.007
00e9be89-00001345.jpg,00e9be89-00001350.jpg,orb,2000,2000,15,4,0.2667,0.0075,42.8,0.0562,0.0453,,rain,2,18.69179906708664,0.0075
00e9be89-00001350.jpg,00e9be89-00001355.jpg,orb,2000,2000,11,4,0.3636,0.0055,42.0,0.0623,0.0341,,rain,2,18.662633843683608,0.0055
00e9be89-00001355.jpg,00e9be89-00001360.jpg,orb,2000,2000,22,6,0.2727,0.011,42.3182,0.0643,0.0382,,rain,2,18.276149071173982,0.011
00e9be89-00001360.jpg,00e9be89-00001365.jpg,orb,2000,2000,10,4,0.4,0.005,41.3,0.0705,0.0316,,rain,2,17.923137921668648,0.005
00e9be89-00001365.jpg,00e9be89-00001370.jpg,orb,2000,2000,35,13,0.3714,0.0175,39.2571,0.0487,0.0301,,rain,2,18.207251709501463,0.0175
00e9be89-00001370.jpg,00e9be89-00001375.jpg,orb,2000,1893,117,50,0.4274,0.0618,36.9573,0.0466,0.0265,,rain,2,18.24354372572695,0.0585
00e9be89-00001375.jpg,00e9be89-00001380.jpg,orb,1893,1829,180,79,0.4389,0.0984,36.4278,0.0507,0.0261,,rain,2,18.258382380487657,0.09
00e9be89-00001380.jpg,00e9be89-00001385.jpg,orb,1829,1887,156,80,0.5128,0.0853,35.3077,0.0558,0.0241,,rain,2,18.243018378980288,0.078
00e9be89-00001385.jpg,00e9be89-00001390.jpg,orb,1887,1935,40,19,0.475,0.0212,36.325,0.0578,0.0322,,rain,2,18.059098448007543,0.02
00e9be89-00001390.jpg,00e9be89-00001395.jpg,orb,1935,1975,35,16,0.4571,0.0181,37.3143,0.0624,0.0346,,rain,2,17.937096588061856,0.0175
00e9be89-00001395.jpg,00e9be89-00001400.jpg,orb,1975,2000,92,34,0.3696,0.0466,34.4891,0.046,0.0331,,rain,2,18.112564839199123,0.046
00e9be89-00001400.jpg,00e9be89-00001405.jpg,orb,2000,2000,78,34,0.4359,0.039,33.8846,0.0409,0.0323,,rain,2,18.0540023502991,0.039
00e9be89-00001405.jpg,00e9be89-00001410.jpg,orb,2000,2000,96,42,0.4375,0.048,33.4896,0.0437,0.0342,,rain,2,18.03185076148381,0.048
00e9be89-00001410.jpg,00e9be89-00001415.jpg,orb,2000,2000,153,59,0.3856,0.0765,34.0327,0.0475,0.0281,,rain,2,17.983707792178777,0.0765
00e9be89-00001415.jpg,00e9be89-00001420.jpg,orb,2000,2000,78,34,0.4359,0.039,34.8077,0.0481,0.0301,,rain,2,17.598571517140392,0.039
00e9be89-00001420.jpg,00e9be89-00001425.jpg,orb,2000,2000,79,26,0.3291,0.0395,32.9367,0.0465,0.0299,,rain,2,17.270574936447417,0.0395
00e9be89-00001425.jpg,00e9be89-00001430.jpg,orb,2000,2000,90,29,0.3222,0.045,36.9333,0.0522,0.0301,,rain,2,17.153861726578,0.045
00e9be89-00001430.jpg,00e9be89-00001440.jpg,orb,2000,2000,19,5,0.2632,0.0095,38.4737,0.0522,0.0281,,rain,2,17.521669492530247,0.0095
00e9be89-00001440.jpg,00e9be89-00001445.jpg,orb,2000,2000,69,30,0.4348,0.0345,32.913,0.0696,0.0362,,rain,2,16.766558053647834,0.0345
00e9be89-00001445.jpg,00e9be89-00001450.jpg,orb,2000,2000,36,8,0.2222,0.018,39.0833,0.0637,0.0392,,rain,2,16.68857735144641,0.018
00e9be89-00001450.jpg,00e9be89-00001455.jpg,orb,2000,1776,52,34,0.6538,0.0293,36.6154,0.0558,0.0301,,rain,2,17.669776074607938,0.026
00e9be89-00001455.jpg,00e9be89-00001460.jpg,orb,1776,1837,83,51,0.6145,0.0467,35.6747,0.0501,0.0298,,rain,2,17.684416895490603,0.0415
00e9be89-00001460.jpg,00e9be89-00001465.jpg,orb,1837,1879,159,132,0.8302,0.0866,31.239,0.0551,0.0286,,rain,2,17.66660923834285,0.0795
00e9be89-00001465.jpg,00e9be89-00001470.jpg,orb,1879,2000,7,4,0.5714,0.0037,37.2857,0.0556,0.0287,,rain,2,18.417860306269983,0.0035
00e9be89-00001470.jpg,00e9be89-00001475.jpg,orb,2000,2000,70,36,0.5143,0.035,37.0857,0.0578,0.0321,,rain,2,19.281066202709773,0.035
00e9be89-00001475.jpg,00e9be89-00001480.jpg,orb,2000,1977,36,11,0.3056,0.0182,40.2778,0.0578,0.0333,,rain,2,19.16251353215952,0.018
00e9be89-00001480.jpg,00e9be89-00001485.jpg,orb,1977,2000,40,17,0.425,0.0202,40.375,0.0542,0.0276,,rain,2,20.40629701992559,0.02
00e9be89-00001485.jpg,00e9be89-00001490.jpg,orb,2000,1983,45,16,0.3556,0.0227,35.9333,0.0502,0.0296,,rain,2,22.10230973303078,0.0225
00e9be89-00001490.jpg,00e9be89-00001495.jpg,orb,1983,1982,626,615,0.9824,0.3158,18.8275,0.0447,0.0301,,rain,2,22.250948007378447,0.313
00e9be89-00001495.jpg,00e9be89-00001500.jpg,orb,1982,2000,849,830,0.9776,0.4284,14.8799,0.0668,0.0422,,rain,2,22.24646485714087,0.4245
00e9be89-00001500.jpg,00e9be89-00001505.jpg,orb,2000,2000,273,225,0.8242,0.1365,26.4652,0.0604,0.0358,,rain,2,22.33687978615652,0.1365
00e9be89-00001505.jpg,00e9be89-00001510.jpg,orb,2000,2000,48,27,0.5625,0.024,36.375,0.0585,0.0321,,rain,2,22.32492524241148,0.024
00e9be89-00001510.jpg,00e9be89-00001515.jpg,orb,2000,2000,56,22,0.3929,0.028,37.4464,0.0567,0.0299,,rain,2,21.615704165687514,0.028
00e9be89-00001515.jpg,00e9be89-00001520.jpg,orb,2000,2000,27,10,0.3704,0.0135,41.6296,0.0453,0.0377,,rain,2,20.304178140280285,0.0135
00e9be89-00001520.jpg,00e9be89-00001525.jpg,orb,2000,2000,45,17,0.3778,0.0225,40.4222,0.0618,0.0341,,rain,2,20.094811549615468,0.0225
00e9be89-00001525.jpg,00e9be89-00001535.jpg,orb,2000,2000,26,7,0.2692,0.013,42.5769,0.0639,0.0321,,rain,2,20.154098578775734,0.013
00e9be89-00001535.jpg,00e9be89-00001540.jpg,orb,2000,2000,12,6,0.5,0.006,42.5833,0.0585,0.0321,,rain,2,18.493468722819472,0.006
00e9be89-00001540.jpg,00e9be89-00001545.jpg,orb,2000,2000,20,7,0.35,0.01,37.75,0.0666,0.0326,,rain,2,17.41856733543033,0.01
00e9be89-00001545.jpg,00e9be89-00001550.jpg,orb,2000,2000,159,119,0.7484,0.0795,31.805,0.0632,0.0364,,rain,2,17.65887591123091,0.0795
00e9be89-00001550.jpg,00e9be89-00001555.jpg,orb,2000,2000,355,343,0.9662,0.1775,19.0704,0.0929,0.0587,,rain,2,17.64813237239357,0.1775
00e9be89-00001555.jpg,00e9be89-00001560.jpg,orb,2000,1999,256,244,0.9531,0.1281,24.0742,0.06,0.0446,,rain,2,17.676186111657028,0.128
00e9be89-00001560.jpg,00e9be89-00001565.jpg,orb,1999,1996,477,433,0.9078,0.239,22.4193,0.0643,0.0326,,rain,2,17.761261425962175,0.2385
00e9be89-00001565.jpg,00e9be89-00001570.jpg,orb,1996,2000,41,12,0.2927,0.0205,39.3902,0.0522,0.0362,,rain,2,18.296809875594214,0.0205
00e9be89-00001570.jpg,00e9be89-00001575.jpg,orb,2000,2000,52,23,0.4423,0.026,37.3077,0.0638,0.0353,,rain,2,18.55421971683963,0.026
00e9be89-00001575.jpg,00e9be89-00001580.jpg,orb,2000,2000,76,55,0.7237,0.038,33.3158,0.0599,0.0301,,rain,2,18.216220270455665,0.038
00e9be89-00001580.jpg,00e9be89-00001585.jpg,orb,2000,2000,43,18,0.4186,0.0215,38.7907,0.0597,0.0341,,rain,2,17.340756030948555,0.0215
00e9be89-00001585.jpg,00e9be89-00001590.jpg,orb,2000,2000,12,5,0.4167,0.006,39.9167,0.0641,0.0361,,rain,2,16.039283155641574,0.006
00e9be89-00001590.jpg,00e9be89-00001595.jpg,orb,2000,2000,18,7,0.3889,0.009,41.3889,0.0644,0.0437,,rain,2,15.38606804050364,0.009
00e9be89-00001595.jpg,00e9be89-00001600.jpg,orb,2000,2000,24,8,0.3333,0.012,41.9167,0.0621,0.0341,,rain,2,15.787738926724508,0.012
00e9be89-00001600.jpg,00e9be89-00001605.jpg,orb,2000,2000,94,57,0.6064,0.047,36.6064,0.0711,0.0402,,rain,2,16.040934082686487,0.047
00e9be89-00001605.jpg,00e9be89-00001610.jpg,orb,2000,2000,35,12,0.3429,0.0175,41.2286,0.0545,0.0426,,rain,2,16.41339999569858,0.0175
00e9be89-00001610.jpg,00e9be89-00001620.jpg,orb,2000,2000,15,5,0.3333,0.0075,41.2667,0.0618,0.0321,,rain,2,16.8794946040963,0.0075
00e9be89-00001620.jpg,00e9be89-00001625.jpg,orb,2000,2000,31,14,0.4516,0.0155,39.8387,0.0663,0.0321,,rain,2,17.29807663088853,0.0155
00e9be89-00001625.jpg,00e9be89-00001630.jpg,orb,2000,2000,41,16,0.3902,0.0205,39.7073,0.0522,0.0296,,rain,2,18.10138656533251,0.0205
00e9be89-00001630.jpg,00e9be89-00001635.jpg,orb,2000,2000,18,5,0.2778,0.009,44.9444,0.0598,0.0261,,rain,2,18.810339350153583,0.009
00e9be89-00001635.jpg,00e9be89-00001640.jpg,orb,2000,2000,16,6,0.375,0.008,43.6875,0.0505,0.0336,,rain,2,16.415930533724623,0.008
00e9be89-00001640.jpg,00e9be89-00001645.jpg,orb,2000,2000,15,5,0.3333,0.0075,40.8,0.04,0.0271,,rain,2,12.202841947262648,0.0075
00e9be89-00001645.jpg,00e9be89-00001650.jpg,orb,2000,2000,19,2,0.1053,0.0095,32.8947,0.048,0.0361,,rain,2,11.947295515229062,0.0095
00e9be89-00001650.jpg,00e9be89-00001655.jpg,orb,2000,2000,14,6,0.4286,0.007,40.4286,0.0362,0.032,,rain,2,13.300057015953096,0.007
00e9be89-00001655.jpg,00e9be89-00001665.jpg,orb,2000,2000,9,4,0.4444,0.0045,42.5556,0.0621,0.0366,,rain,2,16.10885655978801,0.0045
00e9be89-00001665.jpg,00e9be89-00001670.jpg,orb,2000,2000,12,4,0.3333,0.006,43.8333,0.0624,0.0359,,rain,2,18.932982940433543,0.006
00e9be89-00001670.jpg,00e9be89-00001675.jpg,orb,2000,2000,20,7,0.35,0.01,42.05,0.0623,0.0402,,rain,2,18.2797086599413,0.01
00e9be89-00001675.jpg,00e9be89-00001680.jpg,orb,2000,2000,23,9,0.3913,0.0115,38.5652,0.06,0.0301,,rain,2,17.54262571451325,0.0115
00e9be89-00001680.jpg,00e9be89-00001685.jpg,orb,2000,2000,20,5,0.25,0.01,40.95,0.0639,0.0281,,rain,2,17.65920277141623,0.01
00e9be89-00001685.jpg,00e9be89-00001690.jpg,orb,2000,2000,16,6,0.375,0.008,37.6875,0.0658,0.0281,,rain,2,19.58817758037398,0.008
00e9be89-00001690.jpg,00e9be89-00001695.jpg,orb,2000,2000,20,6,0.3,0.01,42.35,0.0652,0.0261,,rain,2,22.495795166510568,0.01
00e9be89-00001695.jpg,00e9be89-00001705.jpg,orb,2000,2000,6,4,0.6667,0.003,40.8333,0.0455,0.0279,,rain,2,21.556995162890992,0.003
00e9be89-00001705.jpg,00e9be89-00001710.jpg,orb,2000,2000,65,44,0.6769,0.0325,35.2462,0.046,0.0263,,rain,2,19.648761196132437,0.0325
00e9be89-00001710.jpg,00e9be89-00001715.jpg,orb,2000,2000,34,18,0.5294,0.017,40.9706,0.0558,0.0321,,rain,2,19.45811338648668,0.017
00e9be89-00001715.jpg,00e9be89-00001720.jpg,orb,2000,1959,44,27,0.6136,0.0225,37.5,0.0482,0.0296,,rain,2,19.507563030558178,0.022044088176352707
00e9be89-00001720.jpg,00e9be89-00001725.jpg,orb,1959,2000,75,52,0.6933,0.0383,34.8,0.0543,0.0312,,rain,2,19.53585902284034,0.037575150300601205
00e9be89-00001725.jpg,00e9be89-00001730.jpg,orb,2000,1979,54,44,0.8148,0.0273,32.6111,0.0555,0.0345,,rain,2,19.605640586004416,0.027
00e9be89-00001730.jpg,00e9be89-00001740.jpg,orb,1979,2000,13,4,0.3077,0.0066,38.9231,0.0447,0.0322,,rain,2,19.79149042798521,0.0065
00e9be89-00001740.jpg,00e9be89-00001745.jpg,orb,2000,2000,16,5,0.3125,0.008,42.375,0.0643,0.0301,,rain,2,17.618530966457545,0.008
00e9be89-00001745.jpg,00e9be89-00001750.jpg,orb,2000,2000,15,6,0.4,0.0075,40.8667,0.0668,0.0301,,rain,2,16.96249780038262,0.0075
00e9be89-00001750.jpg,00e9be89-00001755.jpg,orb,2000,2000,26,10,0.3846,0.013,38.6538,0.0578,0.0301,,rain,2,19.280950936500737,0.013
00e9be89-00001755.jpg,00e9be89-00001760.jpg,orb,2000,2000,10,6,0.6,0.005,42.0,0.0559,0.0263,,rain,2,20.0292562300922,0.005
00e9be89-00001760.jpg,00e9be89-00001765.jpg,orb,2000,2000,10,4,0.4,0.005,36.6,0.0588,0.0278,,rain,2,18.72098956505396,0.005
00e9be89-00001765.jpg,00e9be89-00001770.jpg,orb,2000,2000,18,7,0.3889,0.009,41.5,0.0513,0.0281,,rain,2,17.287473479561754,0.009
00e9be89-00001770.jpg,00e9be89-00001775.jpg,orb,2000,2000,30,19,0.6333,0.015,35.3667,0.0471,0.0305,,rain,2,17.376956663942302,0.015
00e9be89-00001775.jpg,00e9be89-00001780.jpg,orb,2000,2000,14,9,0.6429,0.007,40.7143,0.0522,0.0276,,rain,2,18.063192602401443,0.007
00e9be89-00001780.jpg,00e9be89-00001785.jpg,orb,2000,2000,24,8,0.3333,0.012,37.4167,0.0618,0.0301,,rain,2,18.353122150541243,0.012
00e9be89-00001785.jpg,00e9be89-00001795.jpg,orb,2000,2000,20,10,0.5,0.01,37.75,0.0567,0.0392,,rain,2,18.1317049305705,0.01
00e9be89-00001795.jpg,00e9be89-00001800.jpg,orb,2000,2000,906,892,0.9845,0.453,20.0927,0.062,0.0299,,rain,2,18.36653380844922,0.453
00e9be89-00001800.jpg,00e9be89-00001810.jpg,orb,2000,2000,135,62,0.4593,0.0675,35.4222,0.0365,0.0382,,rain,2,18.54674694993793,0.0675
00e9be89-00001810.jpg,00e9be89-00001815.jpg,orb,2000,2000,108,43,0.3981,0.054,34.2593,0.0542,0.0282,,rain,2,18.484038189243712,0.054
00e9be89-00001815.jpg,00e9be89-00001820.jpg,orb,2000,2000,25,7,0.28,0.0125,37.48,0.0563,0.0296,,rain,2,18.637052367410806,0.0125
00e9be89-00001820.jpg,00e9be89-00001825.jpg,orb,2000,2000,32,10,0.3125,0.016,40.8438,0.0583,0.0311,,rain,2,18.744362821104605,0.016
00e9be89-00001825.jpg,00e9be89-00001830.jpg,orb,2000,2000,35,9,0.2571,0.0175,41.5429,0.0603,0.0281,,rain,2,18.518479679003995,0.0175
00e9be89-00001830.jpg,00e9be89-00001840.jpg,orb,2000,2000,20,6,0.3,0.01,41.25,0.0557,0.0301,,rain,2,17.773575783180583,0.01
00e9be89-00001840.jpg,00e9be89-00001845.jpg,orb,2000,2000,1261,1252,0.9929,0.6305,15.2189,0.0603,0.0307,,rain,2,17.291405016271106,0.6305
00e9be89-00001845.jpg,00e9be89-00001865.jpg,orb,2000,2000,1051,1045,0.9943,0.5255,18.4358,0.0643,0.0301,,rain,2,17.21405183261463,0.5255
00e9be89-00001865.jpg,00e9be89-00001870.jpg,orb,2000,2000,1085,1076,0.9917,0.5425,19.0912,0.0543,0.0256,,rain,2,17.24711924601266,0.5425
00e9be89-00001870.jpg,00e9be89-00001875.jpg,orb,2000,2000,1136,1128,0.993,0.568,14.1972,0.0616,0.034,,rain,2,17.299588394331067,0.568
00e9be89-00001875.jpg,00e9be89-00001885.jpg,orb,2000,2000,1126,1112,0.9876,0.563,16.8179,0.0651,0.0333,,rain,2,17.234795263949717,0.563
00e9be89-00001885.jpg,00e9be89-00001890.jpg,orb,2000,2000,1217,1212,0.9959,0.6085,16.3081,0.0658,0.0301,,rain,2,17.1915238843683,0.6085
00e9be89-00001890.jpg,00e9be89-00001895.jpg,orb,2000,2000,1163,1154,0.9923,0.5815,15.2261,0.0623,0.0276,,rain,2,17.250157938785744,0.5815
00e9be89-00001895.jpg,00e9be89-00001900.jpg,orb,2000,2000,1185,1174,0.9907,0.5925,17.1114,0.0665,0.0327,,rain,2,17.327241918791618,0.5925
00e9be89-00001900.jpg,00e9be89-00001905.jpg,orb,2000,2000,267,149,0.5581,0.1335,30.8951,0.0707,0.034,,rain,2,17.49221406069516,0.1335
00e9be89-00001905.jpg,00e9be89-00001915.jpg,orb,2000,2000,14,5,0.3571,0.007,40.5,0.0528,0.0281,,rain,2,17.958268473018506,0.007
00e9be89-00000015.jpg,00e9be89-00000100.jpg,orb,2000,2000,3,0,0.0,0.0015,51.0,0.0859,0.0321,C:\Users\amit\Project_digital_image_processing__Amit_Alon\outputs\visualizations\task2\enhanced_visualizations\rain\level_3\match_00e9be89-00000015__00e9be89-00000100.png,rain,3,12.618057027971046,0.0015
00e9be89-00000100.jpg,00e9be89-00000105.jpg,orb,2000,2000,1044,1030,0.9866,0.522,22.1025,0.0652,0.0301,,rain,3,14.362559837422369,0.522
00e9be89-00000105.jpg,00e9be89-00000110.jpg,orb,2000,2000,1046,1028,0.9828,0.523,19.9455,0.0693,0.0287,,rain,3,14.34289652695989,0.523
00e9be89-00000110.jpg,00e9be89-00000115.jpg,orb,2000,2000,1079,1069,0.9907,0.5395,20.5134,0.0849,0.036,,rain,3,14.354619240754197,0.5395
00e9be89-00000115.jpg,00e9be89-00000120.jpg,orb,2000,2000,1256,1251,0.996,0.628,16.9952,0.0763,0.0301,,rain,3,14.375634626565429,0.628
00e9be89-00000120.jpg,00e9be89-00000125.jpg,orb,2000,2000,515,505,0.9806,0.2575,29.9922,0.0537,0.0304,,rain,3,13.812125778483184,0.2575
00e9be89-00000125.jpg,00e9be89-00000130.jpg,orb,2000,2000,872,864,0.9908,0.436,21.7317,0.0643,0.0281,,rain,3,13.468518538176044,0.436
00e9be89-00000130.jpg,00e9be89-00000135.jpg,orb,2000,2000,990,984,0.9939,0.495,21.2455,0.0698,0.0301,,rain,3,13.9818514396847,0.495
00e9be89-00000135.jpg,00e9be89-00000140.jpg,orb,2000,2000,1012,999,0.9872,0.506,21.2055,0.0683,0.0296,,rain,3,14.301946684272608,0.506
00e9be89-00000140.jpg,00e9be89-00000145.jpg,orb,2000,2000,130,97,0.7462,0.065,36.8077,0.0688,0.0301,,rain,3,14.31707603367888,0.065
00e9be89-00000145.jpg,00e9be89-00000150.jpg,orb,2000,2000,16,6,0.375,0.008,43.9375,0.0724,0.0363,,rain,3,12.736721166701043,0.008
00e9be89-00000150.jpg,00e9be89-00000160.jpg,orb,2000,2000,11,4,0.3636,0.0055,44.2727,0.0714,0.0288,,rain,3,11.257336470201516,0.0055
00e9be89-00000160.jpg,00e9be89-00000165.jpg,orb,2000,2000,15,5,0.3333,0.0075,42.2667,0.0658,0.0281,,rain,3,10.827773578568024,0.0075
00e9be89-00000165.jpg,00e9be89-00000175.jpg,orb,2000,2000,8,4,0.5,0.004,38.125,0.0637,0.0301,,rain,3,11.548169546233854,0.004
00e9be89-00000175.jpg,00e9be89-00000190.jpg,orb,2000,2000,15,5,0.3333,0.0075,44.4,0.0693,0.0321,,rain,3,12.25241247126263,0.0075
00e9be89-00000190.jpg,00e9be89-00001000.jpg,orb,2000,2000,13,3,0.2308,0.0065,42.8462,0.0605,0.0342,,rain,3,13.140937797659143,0.0065
00e9be89-00001000.jpg,00e9be89-00001005.jpg,orb,2000,1862,15,5,0.3333,0.0081,42.4,0.0285,0.0304,,rain,3,14.992905501583843,0.0075
00e9be89-00001005.jpg,00e9be89-00001010.jpg,orb,1862,1998,14,2,0.1429,0.0075,40.4286,0.0524,0.0281,,rain,3,15.71336740541516,0.007
00e9be89-00001010.jpg,00e9be89-00001015.jpg,orb,1998,1968,20,8,0.4,0.0102,40.3,0.0482,0.0276,,rain,3,16.280754227139617,0.010040160642570281
00e9be89-00001015.jpg,00e9be89-00001020.jpg,orb,1968,2000,17,8,0.4706,0.0086,37.2353,0.0517,0.0301,,rain,3,16.258075423622113,0.00853413654618474
00e9be89-00001020.jpg,00e9be89-00001025.jpg,orb,2000,2000,16,5,0.3125,0.008,42.25,0.0502,0.0296,,rain,3,16.042516359077318,0.008
00e9be89-00001025.jpg,00e9be89-00001030.jpg,orb,2000,2000,23,12,0.5217,0.0115,38.1304,0.0522,0.0281,,rain,3,16.062452460177752,0.0115
00e9be89-00001030.jpg,00e9be89-00001035.jpg,orb,2000,2000,62,39,0.629,0.031,35.4516,0.0345,0.0343,,rain,3,16.03645430266038,0.031
00e9be89-00001035.jpg,00e9be89-00001040.jpg,orb,2000,1969,57,38,0.6667,0.0289,40.3509,0.0449,0.0271,,rain,3,16.143823792697468,0.0285
00e9be89-00001040.jpg,00e9be89-00001045.jpg,orb,1969,1997,134,63,0.4701,0.0681,36.5821,0.0558,0.0341,,rain,3,16.20804663732083,0.067
00e9be89-00001045.jpg,00e9be89-00001050.jpg,orb,1997,1997,41,17,0.4146,0.0205,39.0244,0.0644,0.0431,,rain,3,16.16356438767658,0.0205
00e9be89-00001050.jpg,00e9be89-00001055.jpg,orb,1997,2000,45,15,0.3333,0.0225,39.5778,0.0567,0.0347,,rain,3,16.08099739449277,0.0225
00e9be89-00001055.jpg,00e9be89-00001060.jpg,orb,2000,2000,62,28,0.4516,0.031,38.8226,0.0558,0.0322,,rain,3,16.1131451302147,0.031
00e9be89-00001060.jpg,00e9be89-00001065.jpg,orb,2000,2000,30,20,0.6667,0.015,38.9667,0.0499,0.0301,,rain,3,15.972276906597926,0.015
00e9be89-00001065.jpg,00e9be89-00001070.jpg,orb,2000,2000,92,66,0.7174,0.046,35.5652,0.0447,0.0281,,rain,3,15.803427927496044,0.046
00e9be89-00001070.jpg,00e9be89-00001075.jpg,orb,2000,2000,31,16,0.5161,0.0155,40.8065,0.0517,0.0301,,rain,3,15.301362191444658,0.0155
00e9be89-00001075.jpg,00e9be89-00001080.jpg,orb,2000,2000,28,12,0.4286,0.014,41.0,0.0563,0.0296,,rain,3,15.400962904159694,0.014
00e9be89-00001080.jpg,00e9be89-00001090.jpg,orb,2000,2000,44,32,0.7273,0.022,38.7273,0.0543,0.0337,,rain,3,16.52172267518862,0.022
00e9be89-00001090.jpg,00e9be89-00001095.jpg,orb,2000,2000,49,32,0.6531,0.0245,36.5918,0.0517,0.0281,,rain,3,17.04544597162857,0.0245
00e9be89-00001095.jpg,00e9be89-00001100.jpg,orb,2000,2000,36,24,0.6667,0.018,37.9444,0.0595,0.0321,,rain,3,17.08820244347981,0.018
00e9be89-00001100.jpg,00e9be89-00001105.jpg,orb,2000,2000,25,8,0.32,0.0125,40.72,0.0583,0.0313,,rain,3,16.737992185652296,0.0125
00e9be89-00001105.jpg,00e9be89-00001115.jpg,orb,2000,2000,12,4,0.3333,0.006,46.4167,0.0663,0.0411,,rain,3,15.843645643970358,0.006
00e9be89-00001115.jpg,00e9be89-00001125.jpg,orb,2000,2000,17,4,0.2353,0.0085,46.7059,0.0628,0.0358,,rain,3,15.971741076709906,0.0085
00e9be89-00001125.jpg,00e9be89-00001130.jpg,orb,2000,2000,36,13,0.3611,0.018,43.8333,0.0623,0.0351,,rain,3,16.312931495064415,0.018
00e9be89-00001130.jpg,00e9be89-00001135.jpg,orb,2000,2000,45,33,0.7333,0.0225,35.9778,0.0601,0.0301,,rain,3,16.652515578898864,0.0225
00e9be89-00001135.jpg,00e9be89-00001140.jpg,orb,2000,2000,64,48,0.75,0.032,35.1719,0.0504,0.0341,,rain,3,17.257360586648275,0.032
00e9be89-00001140.jpg,00e9be89-00001150.jpg,orb,2000,2000,33,19,0.5758,0.0165,41.4545,0.0557,0.0271,,rain,3,17.465876006120872,0.0165
00e9be89-00001150.jpg,00e9be89-00001155.jpg,orb,2000,2000,54,34,0.6296,0.027,37.9074,0.0583,0.0276,,rain,3,17.74653666896147,0.027
00e9be89-00001155.jpg,00e9be89-00001160.jpg,orb,2000,2000,41,25,0.6098,0.0205,40.0976,0.0558,0.0341,,rain,3,17.722769389395552,0.0205
00e9be89-00001160.jpg,00e9be89-00001165.jpg,orb,2000,2000,19,8,0.4211,0.0095,39.8421,0.0517,0.0321,,rain,3,17.782273579710903,0.0095
00e9be89-00001165.jpg,00e9be89-00001170.jpg,orb,2000,2000,25,11,0.44,0.0125,38.04,0.0601,0.0301,,rain,3,17.648821037880396,0.0125
00e9be89-00001170.jpg,00e9be89-00001175.jpg,orb,2000,2000,24,14,0.5833,0.012,38.2083,0.055,0.0306,,rain,3,17.814053234679932,0.012
00e9be89-00001175.jpg,00e9be89-00001180.jpg,orb,2000,2000,50,30,0.6,0.025,38.94,0.0639,0.0453,,rain,3,18.1282740906123,0.025
00e9be89-00001180.jpg,00e9be89-00001185.jpg,orb,2000,2000,28,17,0.6071,0.014,40.5,0.0619,0.0403,,rain,3,17.844137880192996,0.014
00e9be89-00001185.jpg,00e9be89-00001190.jpg,orb,2000,2000,15,5,0.3333,0.0075,42.2667,0.0563,0.0336,,rain,3,17.202255644620507,0.0075
00e9be89-00001190.jpg,00e9be89-00001195.jpg,orb,2000,2000,19,6,0.3158,0.0095,43.4737,0.0598,0.0341,,rain,3,14.372713973754784,0.0095
00e9be89-00001195.jpg,00e9be89-00001200.jpg,orb,2000,1976,20,6,0.3,0.0101,40.3,0.0623,0.0321,,rain,3,15.091367593169355,0.010065425264217413
00e9be89-00001200.jpg,00e9be89-00001205.jpg,orb,1976,1283,18,5,0.2778,0.014,41.2222,0.0471,0.0222,,rain,3,18.288554852675595,0.009058882737795673
00e9be89-00001205.jpg,00e9be89-00001210.jpg,orb,1283,2000,9,4,0.4444,0.007,41.7778,0.0444,0.0224,,rain,3,18.353623010656733,0.0045090180360721445
00e9be89-00001210.jpg,00e9be89-00001215.jpg,orb,2000,2000,41,17,0.4146,0.0205,39.1707,0.0582,0.0341,,rain,3,18.02574578248416,0.0205
00e9be89-00001215.jpg,00e9be89-00001220.jpg,orb,2000,2000,14,5,0.3571,0.007,42.2857,0.0603,0.0321,,rain,3,16.81580525540211,0.007
00e9be89-00001220.jpg,00e9be89-00001225.jpg,orb,2000,2000,20,5,0.25,0.01,42.8,0.0643,0.0316,,rain,3,17.045541298335703,0.01
00e9be89-00001225.jpg,00e9be89-00001230.jpg,orb,2000,2000,9,5,0.5556,0.0045,39.6667,0.0632,0.0306,,rain,3,18.120326546281834,0.0045
00e9be89-00001230.jpg,00e9be89-00001240.jpg,orb,2000,1357,41,26,0.6341,0.0302,42.2927,0.046,0.0221,,rain,3,17.99796753765076,0.022539857064321055
00e9be89-00001240.jpg,00e9be89-00001245.jpg,orb,1357,2000,19,9,0.4737,0.014,41.0,0.0578,0.0221,,rain,3,17.209000270403152,0.010445299615173173
00e9be89-00001245.jpg,00e9be89-00001250.jpg,orb,2000,2000,15,7,0.4667,0.0075,40.5333,0.0578,0.0301,,rain,3,17.57296327858228,0.0075
00e9be89-00001250.jpg,00e9be89-00001255.jpg,orb,2000,2000,28,12,0.4286,0.014,38.2857,0.0593,0.0291,,rain,3,18.60978428507015,0.014
00e9be89-00001255.jpg,00e9be89-00001260.jpg,orb,2000,2000,36,21,0.5833,0.018,36.7222,0.0645,0.0382,,rain,3,18.330811787281668,0.018
00e9be89-00001260.jpg,00e9be89-00001265.jpg,orb,2000,2000,14,12,0.8571,0.007,39.7143,0.0547,0.0271,,rain,3,16.444490896218518,0.007
00e9be89-00001265.jpg,00e9be89-00001270.jpg,orb,2000,2000,11,5,0.4545,0.0055,41.5455,0.0414,0.0292,,rain,3,13.59478153354349,0.0055
00e9be89-00001270.jpg,00e9be89-00001275.jpg,orb,2000,2000,7,5,0.7143,0.0035,42.7143,0.0598,0.0321,,rain,3,13.372601564926455,0.0035
00e9be89-00001275.jpg,00e9be89-00001280.jpg,orb,2000,2000,8,5,0.625,0.004,44.625,0.0582,0.0318,,rain,3,12.96091798048178,0.004
00e9be89-00001280.jpg,00e9be89-00001285.jpg,orb,2000,2000,8,4,0.5,0.004,42.0,0.0739,0.0586,,rain,3,10.317841549556585,0.004
00e9be89-00001285.jpg,00e9be89-00001290.jpg,orb,2000,2000,9,4,0.4444,0.0045,45.8889,0.0717,0.0453,,rain,3,11.29922773880858,0.0045
00e9be89-00001290.jpg,00e9be89-00001295.jpg,orb,2000,2000,7,4,0.5714,0.0035,45.2857,0.0326,0.0403,,rain,3,12.570997666686088,0.0035
00e9be89-00001295.jpg,00e9be89-00001305.jpg,orb,2000,2000,7,4,0.5714,0.0035,49.0,0.0464,0.0346,,rain,3,12.24659321694168,0.0035
00e9be89-00001305.jpg,00e9be89-00001310.jpg,orb,2000,2000,14,5,0.3571,0.007,46.7857,0.0695,0.029,,rain,3,12.450936266996973,0.007
00e9be89-00001310.jpg,00e9be89-00001315.jpg,orb,2000,2000,17,7,0.4118,0.0085,41.1176,0.0429,0.0299,,rain,3,10.47543075746666,0.0085
00e9be89-00001315.jpg,00e9be89-00001325.jpg,orb,2000,2000,21,5,0.2381,0.0105,40.9524,0.0464,0.0261,,rain,3,8.99868450426963,0.0105
00e9be89-00001325.jpg,00e9be89-00001330.jpg,orb,2000,1861,16,5,0.3125,0.0086,38.625,0.0337,0.0287,,rain,3,8.549051718308938,0.008
00e9be89-00001330.jpg,00e9be89-00001335.jpg,orb,1861,2000,13,5,0.3846,0.007,42.4615,0.0442,0.0301,,rain,3,10.468982094411928,0.0065
00e9be89-00001335.jpg,00e9be89-00001340.jpg,orb,2000,2000,18,8,0.4444,0.009,41.5,0.0517,0.0281,,rain,3,14.166160323715667,0.009
00e9be89-00001340.jpg,00e9be89-00001345.jpg,orb,2000,2000,18,6,0.3333,0.009,40.6667,0.0588,0.0341,,rain,3,15.050200397352649,0.009
00e9be89-00001345.jpg,00e9be89-00001350.jpg,orb,2000,2000,17,7,0.4118,0.0085,41.3529,0.0583,0.0402,,rain,3,14.51583754925618,0.0085
00e9be89-00001350.jpg,00e9be89-00001355.jpg,orb,2000,2000,9,4,0.4444,0.0045,42.8889,0.0593,0.0367,,rain,3,14.640832699576412,0.0045
00e9be89-00001355.jpg,00e9be89-00001360.jpg,orb,2000,2000,24,8,0.3333,0.012,42.7083,0.0486,0.0296,,rain,3,14.318455628930968,0.012
00e9be89-00001360.jpg,00e9be89-00001365.jpg,orb,2000,2000,20,5,0.25,0.01,43.9,0.0476,0.0305,,rain,3,13.961257949244697,0.01
00e9be89-00001365.jpg,00e9be89-00001370.jpg,orb,2000,2000,28,17,0.6071,0.014,34.1071,0.061,0.0261,,rain,3,14.336191679075473,0.014
00e9be89-00001370.jpg,00e9be89-00001375.jpg,orb,2000,1882,108,47,0.4352,0.0574,36.9167,0.0408,0.0301,,rain,3,14.318940393147509,0.054
00e9be89-00001375.jpg,00e9be89-00001380.jpg,orb,1882,1843,148,73,0.4932,0.0803,36.473,0.0522,0.0301,,rain,3,14.343331030823103,0.074
00e9be89-00001380.jpg,00e9be89-00001385.jpg,orb,1843,1893,114,50,0.4386,0.0619,37.7456,0.0477,0.0292,,rain,3,14.430050103833036,0.057
00e9be89-00001385.jpg,00e9be89-00001390.jpg,orb,1893,1956,28,12,0.4286,0.0148,37.75,0.0563,0.0261,,rain,3,14.119409888854562,0.014
00e9be89-00001390.jpg,00e9be89-00001395.jpg,orb,1956,1994,46,24,0.5217,0.0235,37.1087,0.054,0.0301,,rain,3,13.91943048914484,0.023
00e9be89-00001395.jpg,00e9be89-00001400.jpg,orb,1994,2000,79,32,0.4051,0.0396,35.1772,0.0543,0.0321,,rain,3,14.174852946192209,0.0395
00e9be89-00001400.jpg,00e9be89-00001405.jpg,orb,2000,2000,77,33,0.4286,0.0385,34.5455,0.0618,0.0361,,rain,3,14.186081547495256,0.0385
00e9be89-00001405.jpg,00e9be89-00001410.jpg,orb,2000,2000,85,36,0.4235,0.0425,32.5176,0.0556,0.0281,,rain,3,14.199412513447117,0.0425
00e9be89-00001410.jpg,00e9be89-00001415.jpg,orb,2000,2000,125,40,0.32,0.0625,34.552,0.0476,0.032,,rain,3,14.149625280471048,0.0625
00e9be89-00001415.jpg,00e9be89-00001420.jpg,orb,2000,2000,82,33,0.4024,0.041,36.6585,0.0382,0.0279,,rain,3,13.740259177355949,0.041
00e9be89-00001420.jpg,00e9be89-00001425.jpg,orb,2000,2000,46,15,0.3261,0.023,34.1304,0.0341,0.0356,,rain,3,13.356808175999277,0.023
00e9be89-00001425.jpg,00e9be89-00001430.jpg,orb,2000,2000,52,14,0.2692,0.026,36.3846,0.0551,0.0291,,rain,3,13.186957520423988,0.026
00e9be89-00001430.jpg,00e9be89-00001440.jpg,orb,2000,2000,18,5,0.2778,0.009,39.8889,0.0537,0.0341,,rain,3,13.602152377143833,0.009
00e9be89-00001440.jpg,00e9be89-00001445.jpg,orb,2000,2000,56,27,0.4821,0.028,34.6964,0.0609,0.0331,,rain,3,13.094010176679266,0.028
00e9be89-00001445.jpg,00e9be89-00001450.jpg,orb,2000,2000,32,12,0.375,0.016,39.125,0.0593,0.0347,,rain,3,12.627206187866188,0.016
00e9be89-00001450.jpg,00e9be89-00001455.jpg,orb,2000,1723,63,39,0.619,0.0366,36.0794,0.0478,0.0281,,rain,3,13.165074834731634,0.0315
00e9be89-00001455.jpg,00e9be89-00001460.jpg,orb,1723,1849,78,47,0.6026,0.0453,37.141,0.0543,0.0301,,rain,3,13.378177450700834,0.039
00e9be89-00001460.jpg,00e9be89-00001465.jpg,orb,1849,1885,118,103,0.8729,0.0638,33.2288,0.0569,0.0321,,rain,3,13.409570174909522,0.059
00e9be89-00001465.jpg,00e9be89-00001470.jpg,orb,1885,2000,18,5,0.2778,0.0095,39.1111,0.0558,0.0281,,rain,3,14.215872052002528,0.009
00e9be89-00001470.jpg,00e9be89-00001475.jpg,orb,2000,2000,58,24,0.4138,0.029,36.3448,0.0564,0.0276,,rain,3,15.105687744500612,0.029
00e9be89-00001475.jpg,00e9be89-00001480.jpg,orb,2000,2000,39,12,0.3077,0.0195,37.1795,0.0542,0.0281,,rain,3,14.898861156861017,0.0195
00e9be89-00001480.jpg,00e9be89-00001485.jpg,orb,2000,2000,33,12,0.3636,0.0165,39.6667,0.0515,0.0286,,rain,3,16.032988560671313,0.0165
00e9be89-00001485.jpg,00e9be89-00001490.jpg,orb,2000,1977,32,9,0.2812,0.0162,32.9062,0.0567,0.0321,,rain,3,17.663015470019907,0.016
00e9be89-00001490.jpg,00e9be89-00001495.jpg,orb,1977,1979,638,621,0.9734,0.3227,19.2555,0.0326,0.0325,,rain,3,17.801546452762608,0.319
00e9be89-00001495.jpg,00e9be89-00001500.jpg,orb,1979,2000,824,805,0.9769,0.4164,15.5716,0.0502,0.0321,,rain,3,17.802147657010828,0.412
00e9be89-00001500.jpg,00e9be89-00001505.jpg,orb,2000,2000,278,222,0.7986,0.139,29.3237,0.0522,0.0296,,rain,3,17.87827115654116,0.139
00e9be89-00001505.jpg,00e9be89-00001510.jpg,orb,2000,2000,31,8,0.2581,0.0155,39.7419,0.0543,0.0337,,rain,3,17.81331894166663,0.0155
00e9be89-00001510.jpg,00e9be89-00001515.jpg,orb,2000,2000,50,21,0.42,0.025,37.56,0.0634,0.0372,,rain,3,17.126098967403237,0.025
00e9be89-00001515.jpg,00e9be89-00001520.jpg,orb,2000,2000,22,6,0.2727,0.011,42.4545,0.0584,0.0342,,rain,3,15.842110685697657,0.011
00e9be89-00001520.jpg,00e9be89-00001525.jpg,orb,2000,2000,47,23,0.4894,0.0235,38.4468,0.0618,0.0301,,rain,3,15.61953782087815,0.0235
00e9be89-00001525.jpg,00e9be89-00001535.jpg,orb,2000,2000,30,7,0.2333,0.015,40.4667,0.058,0.0301,,rain,3,15.731220319466034,0.015
00e9be89-00001535.jpg,00e9be89-00001540.jpg,orb,2000,2000,10,4,0.4,0.005,42.5,0.0583,0.0321,,rain,3,14.151778392406303,0.005
00e9be89-00001540.jpg,00e9be89-00001545.jpg,orb,2000,2000,23,9,0.3913,0.0115,41.7391,0.0526,0.0276,,rain,3,13.072392710759534,0.0115
00e9be89-00001545.jpg,00e9be89-00001550.jpg,orb,2000,2000,156,94,0.6026,0.078,33.0897,0.0482,0.0306,,rain,3,13.266841850823411,0.078
00e9be89-00001550.jpg,00e9be89-00001555.jpg,orb,2000,2000,348,333,0.9569,0.174,18.7241,0.0533,0.0282,,rain,3,13.26608786639913,0.174
00e9be89-00001555.jpg,00e9be89-00001560.jpg,orb,2000,2000,248,230,0.9274,0.124,25.129,0.0598,0.0281,,rain,3,13.286409868448136,0.124
00e9be89-00001560.jpg,00e9be89-00001565.jpg,orb,2000,2000,439,408,0.9294,0.2195,23.1162,0.0563,0.0296,,rain,3,13.354905392528064,0.2195
00e9be89-00001565.jpg,00e9be89-00001570.jpg,orb,2000,2000,26,10,0.3846,0.013,39.1923,0.0563,0.0281,,rain,3,13.824934490971255,0.013
00e9be89-00001570.jpg,00e9be89-00001575.jpg,orb,2000,2000,49,23,0.4694,0.0245,37.4286,0.0678,0.0362,,rain,3,14.111680843132945,0.0245
00e9be89-00001575.jpg,00e9be89-00001580.jpg,orb,2000,2000,87,57,0.6552,0.0435,33.5287,0.0621,0.0314,,rain,3,13.868981081792787,0.0435
00e9be89-00001580.jpg,00e9be89-00001585.jpg,orb,2000,2000,52,15,0.2885,0.026,38.2115,0.0496,0.027,,rain,3,13.086021694769332,0.026
00e9be89-00001585.jpg,00e9be89-00001590.jpg,orb,2000,2000,16,5,0.3125,0.008,39.875,0.0603,0.0341,,rain,3,11.79773381672199,0.008
00e9be89-00001590.jpg,00e9be89-00001595.jpg,orb,2000,2000,24,5,0.2083,0.012,39.7083,0.0579,0.0281,,rain,3,11.034974584806523,0.012
00e9be89-00001595.jpg,00e9be89-00001600.jpg,orb,2000,2000,16,7,0.4375,0.008,40.625,0.0581,0.0272,,rain,3,11.496176821713302,0.008
00e9be89-00001600.jpg,00e9be89-00001605.jpg,orb,2000,2000,103,55,0.534,0.0515,36.6893,0.0568,0.0266,,rain,3,11.885122259506712,0.0515
00e9be89-00001605.jpg,00e9be89-00001610.jpg,orb,2000,2000,25,9,0.36,0.0125,44.24,0.0476,0.0304,,rain,3,12.36047137795769,0.0125
00e9be89-00001610.jpg,00e9be89-00001620.jpg,orb,2000,2000,6,4,0.6667,0.003,45.6667,0.0468,0.0292,,rain,3,12.821895186371991,0.003
00e9be89-00001620.jpg,00e9be89-00001625.jpg,orb,2000,2000,20,10,0.5,0.01,35.4,0.0503,0.0299,,rain,3,13.26470698160722,0.01
00e9be89-00001625.jpg,00e9be89-00001630.jpg,orb,2000,2000,57,18,0.3158,0.0285,39.7193,0.0522,0.0281,,rain,3,14.12906664320129,0.0285
00e9be89-00001630.jpg,00e9be89-00001635.jpg,orb,2000,2000,21,5,0.2381,0.0105,43.4286,0.0694,0.0353,,rain,3,14.530475878933633,0.0105
00e9be89-00001635.jpg,00e9be89-00001640.jpg,orb,2000,2000,16,5,0.3125,0.008,46.1875,0.0661,0.0321,,rain,3,12.002635227296846,0.008
00e9be89-00001640.jpg,00e9be89-00001645.jpg,orb,2000,2000,12,5,0.4167,0.006,39.0,0.0563,0.0336,,rain,3,8.097736367120092,0.006
00e9be89-00001645.jpg,00e9be89-00001650.jpg,orb,2000,2000,16,5,0.3125,0.008,37.6875,0.0522,0.0321,,rain,3,7.95548029753504,0.008
00e9be89-00001650.jpg,00e9be89-00001655.jpg,orb,2000,2000,12,6,0.5,0.006,40.9167,0.0562,0.0281,,rain,3,9.18283288949234,0.006
00e9be89-00001655.jpg,00e9be89-00001665.jpg,orb,2000,2000,9,4,0.4444,0.0045,47.1111,0.0638,0.0321,,rain,3,11.938105288008964,0.0045
00e9be89-00001665.jpg,00e9be89-00001670.jpg,orb,2000,2000,15,6,0.4,0.0075,44.2667,0.0341,0.0378,,rain,3,14.682721874335588,0.0075
00e9be89-00001670.jpg,00e9be89-00001675.jpg,orb,2000,2000,19,5,0.2632,0.0095,41.8421,0.0405,0.0319,,rain,3,14.013470540834875,0.0095
00e9be89-00001675.jpg,00e9be89-00001680.jpg,orb,2000,2000,15,6,0.4,0.0075,37.7333,0.051,0.0261,,rain,3,13.322512878900886,0.0075
00e9be89-00001680.jpg,00e9be89-00001685.jpg,orb,2000,2000,19,6,0.3158,0.0095,39.1053,0.052,0.0285,,rain,3,13.553378360226494,0.0095
00e9be89-00001685.jpg,00e9be89-00001690.jpg,orb,2000,2000,16,5,0.3125,0.008,39.5,0.0585,0.0321,,rain,3,15.459737896438073,0.008
00e9be89-00001690.jpg,00e9be89-00001695.jpg,orb,2000,2000,10,5,0.5,0.005,39.1,0.0684,0.0402,,rain,3,17.925060564589224,0.005
00e9be89-00001695.jpg,00e9be89-00001705.jpg,orb,2000,2000,18,7,0.3889,0.009,41.2222,0.0585,0.0281,,rain,3,16.94462485482431,0.009
00e9be89-00001705.jpg,00e9be89-00001710.jpg,orb,2000,2000,51,39,0.7647,0.0255,37.1373,0.0543,0.0377,,rain,3,15.278394328012158,0.0255
00e9be89-00001710.jpg,00e9be89-00001715.jpg,orb,2000,2000,30,17,0.5667,0.015,38.5333,0.0438,0.0291,,rain,3,15.107099047603151,0.015
00e9be89-00001715.jpg,00e9be89-00001720.jpg,orb,2000,1982,25,14,0.56,0.0126,39.76,0.0403,0.0284,,rain,3,15.187056591334368,0.012525050100200401
00e9be89-00001720.jpg,00e9be89-00001725.jpg,orb,1982,2000,53,36,0.6792,0.0267,36.7925,0.0481,0.0261,,rain,3,15.219519151327566,0.02655310621242485
00e9be89-00001725.jpg,00e9be89-00001730.jpg,orb,2000,1993,43,35,0.814,0.0216,35.1163,0.05,0.0291,,rain,3,15.245723914238855,0.0215
00e9be89-00001730.jpg,00e9be89-00001740.jpg,orb,1993,2000,15,5,0.3333,0.0075,41.3333,0.0563,0.0281,,rain,3,15.407134238763422,0.0075
00e9be89-00001740.jpg,00e9be89-00001745.jpg,orb,2000,2000,6,4,0.6667,0.003,40.0,0.0562,0.0281,,rain,3,13.478747290630366,0.003
00e9be89-00001745.jpg,00e9be89-00001750.jpg,orb,2000,2000,12,5,0.4167,0.006,40.25,0.0623,0.0301,,rain,3,12.901731768114995,0.006
00e9be89-00001750.jpg,00e9be89-00001755.jpg,orb,2000,2000,23,13,0.5652,0.0115,41.5652,0.0585,0.0377,,rain,3,15.049314300212004,0.0115
00e9be89-00001755.jpg,00e9be89-00001760.jpg,orb,2000,2000,17,5,0.2941,0.0085,43.8235,0.063,0.0388,,rain,3,15.7928513368703,0.0085
00e9be89-00001760.jpg,00e9be89-00001765.jpg,orb,2000,2000,9,1,0.1111,0.0045,42.8889,0.0587,0.0341,,rain,3,14.619842098511343,0.0045
00e9be89-00001765.jpg,00e9be89-00001770.jpg,orb,2000,2000,13,5,0.3846,0.0065,41.0,0.0428,0.0301,,rain,3,13.370296123585714,0.0065
00e9be89-00001770.jpg,00e9be89-00001775.jpg,orb,2000,2000,30,21,0.7,0.015,38.1667,0.05,0.0321,,rain,3,13.48921297222032,0.015
00e9be89-00001775.jpg,00e9be89-00001780.jpg,orb,2000,2000,25,12,0.48,0.0125,40.4,0.0579,0.0363,,rain,3,14.263360688406134,0.0125
00e9be89-00001780.jpg,00e9be89-00001785.jpg,orb,2000,2000,20,8,0.4,0.01,41.0,0.0623,0.0296,,rain,3,14.573737310347152,0.01
00e9be89-00001785.jpg,00e9be89-00001795.jpg,orb,2000,2000,14,9,0.6429,0.007,34.2857,0.0557,0.0341,,rain,3,14.091503433527064,0.007
00e9be89-00001795.jpg,00e9be89-00001800.jpg,orb,2000,2000,902,890,0.9867,0.451,20.8958,0.0542,0.0296,,rain,3,14.370685835708972,0.451
00e9be89-00001800.jpg,00e9be89-00001810.jpg,orb,2000,2000,123,50,0.4065,0.0615,36.7398,0.044,0.0261,,rain,3,14.767631563263247,0.0615
00e9be89-00001810.jpg,00e9be89-00001815.jpg,orb,2000,2000,86,51,0.593,0.043,31.6977,0.0482,0.0296,,rain,3,14.69096209298264,0.043
00e9be89-00001815.jpg,00e9be89-00001820.jpg,orb,2000,2000,28,13,0.4643,0.014,38.9643,0.0512,0.0386,,rain,3,14.843538233923782,0.014
00e9be89-00001820.jpg,00e9be89-00001825.jpg,orb,2000,2000,25,9,0.36,0.0125,41.88,0.0577,0.0332,,rain,3,14.875878110265637,0.0125
00e9be89-00001825.jpg,00e9be89-00001830.jpg,orb,2000,2000,39,16,0.4103,0.0195,41.8205,0.0603,0.0296,,rain,3,14.59822317098148,0.0195
00e9be89-00001830.jpg,00e9be89-00001840.jpg,orb,2000,2000,12,5,0.4167,0.006,46.0833,0.0638,0.0261,,rain,3,13.92822380176314,0.006
00e9be89-00001840.jpg,00e9be89-00001845.jpg,orb,2000,2000,1232,1225,0.9943,0.616,15.5365,0.0562,0.0301,,rain,3,13.488632137275989,0.616
00e9be89-00001845.jpg,00e9be89-00001865.jpg,orb,2000,2000,1068,1059,0.9916,0.534,18.3642,0.0638,0.0316,,rain,3,13.411562443551016,0.534
00e9be89-00001865.jpg,00e9be89-00001870.jpg,orb,2000,2000,1053,1042,0.9896,0.5265,18.1263,0.0544,0.0301,,rain,3,13.462607591134404,0.5265
00e9be89-00001870.jpg,00e9be89-00001875.jpg,orb,2000,2000,1135,1129,0.9947,0.5675,14.8573,0.0511,0.0285,,rain,3,13.516319345244364,0.5675
00e9be89-00001875.jpg,00e9be89-00001885.jpg,orb,2000,2000,1112,1103,0.9919,0.556,16.8948,0.0502,0.0281,,rain,3,13.427043278286966,0.556
00e9be89-00001885.jpg,00e9be89-00001890.jpg,orb,2000,2000,1198,1196,0.9983,0.599,15.9316,0.044,0.0364,,rain,3,13.37987046577933,0.599
00e9be89-00001890.jpg,00e9be89-00001895.jpg,orb,2000,2000,1169,1164,0.9957,0.5845,15.3447,0.0621,0.0422,,rain,3,13.442745278011005,0.5845
00e9be89-00001895.jpg,00e9be89-00001900.jpg,orb,2000,2000,1164,1157,0.994,0.582,16.7363,0.0785,0.032,,rain,3,13.52154872512312,0.582
00e9be89-00001900.jpg,00e9be89-00001905.jpg,orb,2000,2000,222,153,0.6892,0.111,30.0045,0.0679,0.0322,,rain,3,13.664710672807926,0.111
00e9be89-00001905.jpg,00e9be89-00001915.jpg,orb,2000,2000,17,5,0.2941,0.0085,41.3529,0.0623,0.0344,,rain,3,14.101126428465674,0.0085
00e9be89-00000015.jpg,00e9be89-00000100.jpg,orb,2000,2000,7,4,0.5714,0.0035,46.1429,0.0791,0.0291,C:\Users\amit\Project_digital_image_processing__Amit_Alon\outputs\visualizations\task2\enhanced_visualizations\rain\level_4\match_00e9be89-00000015__00e9be89-00000100.png,rain,4,10.276681205053734,0.0035
00e9be89-00000100.jpg,00e9be89-00000105.jpg,orb,2000,2000,1040,1027,0.9875,0.52,22.0952,0.0482,0.0276,,rain,4,11.918479568984448,0.52
00e9be89-00000105.jpg,00e9be89-00000110.jpg,orb,2000,2000,1040,1026,0.9865,0.52,19.5923,0.0633,0.0291,,rain,4,11.899743696714904,0.52
00e9be89-00000110.jpg,00e9be89-00000115.jpg,orb,2000,2000,1050,1041,0.9914,0.525,20.5362,0.0608,0.0301,,rain,4,11.910162129153797,0.525
00e9be89-00000115.jpg,00e9be89-00000120.jpg,orb,2000,2000,1290,1286,0.9969,0.645,17.1628,0.0447,0.0281,,rain,4,11.92896638346192,0.645
00e9be89-00000120.jpg,00e9be89-00000125.jpg,orb,2000,2000,477,461,0.9665,0.2385,31.5178,0.0486,0.0383,,rain,4,11.369260502853937,0.2385
00e9be89-00000125.jpg,00e9be89-00000130.jpg,orb,2000,2000,931,916,0.9839,0.4655,22.3523,0.042,0.0345,,rain,4,11.025345999778498,0.4655
00e9be89-00000130.jpg,00e9be89-00000135.jpg,orb,2000,2000,1006,992,0.9861,0.503,21.5129,0.0743,0.0357,,rain,4,11.53468305119018,0.503
00e9be89-00000135.jpg,00e9be89-00000140.jpg,orb,2000,2000,1041,1028,0.9875,0.5205,21.5034,0.0698,0.0393,,rain,4,11.855803670571238,0.5205
00e9be89-00000140.jpg,00e9be89-00000145.jpg,orb,2000,2000,131,103,0.7863,0.0655,36.9237,0.0718,0.0383,,rain,4,11.8797876679869,0.0655
00e9be89-00000145.jpg,00e9be89-00000150.jpg,orb,2000,2000,15,6,0.4,0.0075,47.0667,0.0735,0.0326,,rain,4,10.30256315630528,0.0075
00e9be89-00000150.jpg,00e9be89-00000160.jpg,orb,2000,2000,15,5,0.3333,0.0075,46.3333,0.0764,0.0336,,rain,4,8.838291304632033,0.0075
00e9be89-00000160.jpg,00e9be89-00000165.jpg,orb,2000,2000,12,4,0.3333,0.006,40.3333,0.0678,0.0301,,rain,4,8.441023151443598,0.006
00e9be89-00000165.jpg,00e9be89-00000175.jpg,orb,2000,2000,8,4,0.5,0.004,40.875,0.0656,0.0314,,rain,4,9.1731878187925,0.004
00e9be89-00000175.jpg,00e9be89-00000190.jpg,orb,2000,2000,11,6,0.5455,0.0055,41.7273,0.0557,0.0321,,rain,4,9.855826641255517,0.0055
00e9be89-00000190.jpg,00e9be89-00001000.jpg,orb,2000,2000,13,5,0.3846,0.0065,40.9231,0.0565,0.0301,,rain,4,10.71649488100655,0.0065
00e9be89-00001000.jpg,00e9be89-00001005.jpg,orb,2000,1864,10,5,0.5,0.0054,44.9,0.052,0.0261,,rain,4,12.5383674372839,0.005
00e9be89-00001005.jpg,00e9be89-00001010.jpg,orb,1864,1988,14,6,0.4286,0.0075,38.7143,0.0518,0.0252,,rain,4,13.246699283562714,0.007
00e9be89-00001010.jpg,00e9be89-00001015.jpg,orb,1988,1960,14,6,0.4286,0.0071,40.3571,0.0492,0.0301,,rain,4,13.79713714408322,0.007028112449799197
00e9be89-00001015.jpg,00e9be89-00001020.jpg,orb,1960,2000,24,8,0.3333,0.0122,38.7917,0.0581,0.0281,,rain,4,13.769941429965575,0.012048192771084338
00e9be89-00001020.jpg,00e9be89-00001025.jpg,orb,2000,2000,13,4,0.3077,0.0065,42.6923,0.0482,0.0296,,rain,4,13.578890907053136,0.0065
00e9be89-00001025.jpg,00e9be89-00001030.jpg,orb,2000,1990,17,6,0.3529,0.0085,40.5294,0.0517,0.0381,,rain,4,13.600946241677796,0.0085
00e9be89-00001030.jpg,00e9be89-00001035.jpg,orb,1990,2000,65,35,0.5385,0.0327,35.4769,0.0369,0.0343,,rain,4,13.581995953628098,0.0325
00e9be89-00001035.jpg,00e9be89-00001040.jpg,orb,2000,1986,71,49,0.6901,0.0358,38.2958,0.0442,0.03,,rain,4,13.69054513795411,0.0355
00e9be89-00001040.jpg,00e9be89-00001045.jpg,orb,1986,1986,123,71,0.5772,0.0619,35.748,0.0464,0.0281,,rain,4,13.750556405112071,0.0615
00e9be89-00001045.jpg,00e9be89-00001050.jpg,orb,1986,2000,37,11,0.2973,0.0186,39.2432,0.0482,0.0276,,rain,4,13.71282885465926,0.0185
00e9be89-00001050.jpg,00e9be89-00001055.jpg,orb,2000,2000,44,16,0.3636,0.022,40.0682,0.0464,0.0281,,rain,4,13.639306950089033,0.022
00e9be89-00001055.jpg,00e9be89-00001060.jpg,orb,2000,2000,57,37,0.6491,0.0285,40.0877,0.0553,0.0341,,rain,4,13.672811831906593,0.0285
00e9be89-00001060.jpg,00e9be89-00001065.jpg,orb,2000,2000,37,27,0.7297,0.0185,39.3514,0.0578,0.0301,,rain,4,13.548670268564486,0.0185
00e9be89-00001065.jpg,00e9be89-00001070.jpg,orb,2000,2000,88,63,0.7159,0.044,34.8182,0.0643,0.0356,,rain,4,13.390012276091678,0.044
00e9be89-00001070.jpg,00e9be89-00001075.jpg,orb,2000,2000,40,20,0.5,0.02,38.5,0.0671,0.0341,,rain,4,12.858834386998003,0.02
00e9be89-00001075.jpg,00e9be89-00001080.jpg,orb,2000,2000,35,13,0.3714,0.0175,36.6,0.0357,0.0367,,rain,4,12.95701208573129,0.0175
00e9be89-00001080.jpg,00e9be89-00001090.jpg,orb,2000,2000,32,17,0.5312,0.016,38.25,0.0358,0.0344,,rain,4,14.082359138909265,0.016
00e9be89-00001090.jpg,00e9be89-00001095.jpg,orb,2000,2000,44,24,0.5455,0.022,37.0455,0.0479,0.0281,,rain,4,14.574972149465662,0.022
00e9be89-00001095.jpg,00e9be89-00001100.jpg,orb,2000,2000,32,16,0.5,0.016,39.5,0.0502,0.0296,,rain,4,14.574020529716632,0.016
00e9be89-00001100.jpg,00e9be89-00001105.jpg,orb,2000,2000,21,6,0.2857,0.0105,43.0952,0.0583,0.0281,,rain,4,14.190013721275871,0.0105
00e9be89-00001105.jpg,00e9be89-00001115.jpg,orb,2000,2000,18,5,0.2778,0.009,43.8333,0.0558,0.0262,,rain,4,13.22653309061793,0.009
00e9be89-00001115.jpg,00e9be89-00001125.jpg,orb,2000,2000,14,4,0.2857,0.007,46.9286,0.0598,0.0281,,rain,4,13.368328851318063,0.007
00e9be89-00001125.jpg,00e9be89-00001130.jpg,orb,2000,2000,37,16,0.4324,0.0185,39.7568,0.0623,0.0296,,rain,4,13.764865930473686,0.0185
00e9be89-00001130.jpg,00e9be89-00001135.jpg,orb,2000,2000,34,27,0.7941,0.017,35.4412,0.0603,0.0362,,rain,4,14.104653591797613,0.017
00e9be89-00001135.jpg,00e9be89-00001140.jpg,orb,2000,2000,69,47,0.6812,0.0345,36.9855,0.0622,0.0417,,rain,4,14.732811920289148,0.0345
00e9be89-00001140.jpg,00e9be89-00001150.jpg,orb,2000,2000,42,31,0.7381,0.021,39.1905,0.0604,0.0358,,rain,4,14.937547447942444,0.021
00e9be89-00001150.jpg,00e9be89-00001155.jpg,orb,2000,2000,55,35,0.6364,0.0275,37.3636,0.0457,0.0281,,rain,4,15.21390590129458,0.0275
00e9be89-00001155.jpg,00e9be89-00001160.jpg,orb,2000,2000,46,22,0.4783,0.023,37.413,0.048,0.0281,,rain,4,15.200446297539552,0.023
00e9be89-00001160.jpg,00e9be89-00001165.jpg,orb,2000,2000,17,5,0.2941,0.0085,39.6471,0.0542,0.0296,,rain,4,15.259066793792556,0.0085
00e9be89-00001165.jpg,00e9be89-00001170.jpg,orb,2000,2000,17,6,0.3529,0.0085,41.8824,0.0563,0.0301,,rain,4,15.122835874558325,0.0085
00e9be89-00001170.jpg,00e9be89-00001175.jpg,orb,2000,2000,30,9,0.3,0.015,38.0667,0.0583,0.0296,,rain,4,15.274560411311551,0.015
00e9be89-00001175.jpg,00e9be89-00001180.jpg,orb,2000,2000,48,30,0.625,0.024,38.5833,0.0558,0.0284,,rain,4,15.574547612515168,0.024
00e9be89-00001180.jpg,00e9be89-00001185.jpg,orb,2000,2000,24,9,0.375,0.012,45.4167,0.05,0.0345,,rain,4,15.292871058199689,0.012
00e9be89-00001185.jpg,00e9be89-00001190.jpg,orb,2000,2000,10,4,0.4,0.005,44.3,0.0584,0.0344,,rain,4,14.641120985511442,0.005
00e9be89-00001190.jpg,00e9be89-00001195.jpg,orb,2000,2000,10,4,0.4,0.005,42.7,0.0639,0.0362,,rain,4,11.82876174737756,0.005
00e9be89-00001195.jpg,00e9be89-00001200.jpg,orb,2000,1982,21,6,0.2857,0.0106,42.1429,0.0617,0.0323,,rain,4,12.551180521197526,0.010568696527428284
00e9be89-00001200.jpg,00e9be89-00001205.jpg,orb,1982,1287,26,8,0.3077,0.0202,41.2308,0.0523,0.0201,,rain,4,15.698416260760007,0.013085052843482638
00e9be89-00001205.jpg,00e9be89-00001210.jpg,orb,1287,2000,11,5,0.4545,0.0085,42.8182,0.0499,0.0201,,rain,4,15.73144193331125,0.005511022044088177
00e9be89-00001210.jpg,00e9be89-00001215.jpg,orb,2000,1998,22,13,0.5909,0.011,39.9091,0.0427,0.0321,,rain,4,15.389633571436113,0.011
00e9be89-00001215.jpg,00e9be89-00001220.jpg,orb,1998,2000,13,6,0.4615,0.0065,40.0,0.0406,0.0314,,rain,4,14.230854775989748,0.0065
00e9be89-00001220.jpg,00e9be89-00001225.jpg,orb,2000,2000,14,4,0.2857,0.007,48.9286,0.0443,0.0305,,rain,4,14.433731480959484,0.007
00e9be89-00001225.jpg,00e9be89-00001230.jpg,orb,2000,2000,18,6,0.3333,0.009,38.6111,0.05,0.0261,,rain,4,15.442915627699676,0.009
00e9be89-00001230.jpg,00e9be89-00001240.jpg,orb,2000,1324,24,15,0.625,0.0181,42.0833,0.0379,0.0191,,rain,4,15.36819753262053,0.013194062671797692
00e9be89-00001240.jpg,00e9be89-00001245.jpg,orb,1324,2000,23,15,0.6522,0.0174,37.9565,0.0437,0.0201,,rain,4,14.661325119482797,0.012644310060472787
00e9be89-00001245.jpg,00e9be89-00001250.jpg,orb,2000,2000,10,5,0.5,0.005,47.6,0.0578,0.0321,,rain,4,15.017750005469454,0.005
00e9be89-00001250.jpg,00e9be89-00001255.jpg,orb,2000,2000,21,8,0.381,0.0105,39.0,0.0542,0.0397,,rain,4,15.973110902193064,0.0105
00e9be89-00001255.jpg,00e9be89-00001260.jpg,orb,2000,2000,29,15,0.5172,0.0145,39.1379,0.0665,0.0382,,rain,4,15.705585862668308,0.0145
00e9be89-00001260.jpg,00e9be89-00001265.jpg,orb,2000,2000,22,16,0.7273,0.011,37.2727,0.0494,0.0289,,rain,4,13.87457643646518,0.011
00e9be89-00001265.jpg,00e9be89-00001270.jpg,orb,2000,2000,4,4,1.0,0.002,42.25,0.0485,0.0297,,rain,4,11.087805714656277,0.002
00e9be89-00001270.jpg,00e9be89-00001275.jpg,orb,2000,2000,10,5,0.5,0.005,39.4,0.0522,0.0302,,rain,4,10.91319965513339,0.005
00e9be89-00001275.jpg,00e9be89-00001280.jpg,orb,2000,2000,11,4,0.3636,0.0055,42.1818,0.0683,0.0296,,rain,4,10.48183279448084,0.0055
00e9be89-00001280.jpg,00e9be89-00001285.jpg,orb,2000,2000,9,5,0.5556,0.0045,40.8889,0.0578,0.0291,,rain,4,7.834672438347203,0.0045
00e9be89-00001285.jpg,00e9be89-00001290.jpg,orb,2000,2000,18,5,0.2778,0.009,41.7222,0.0603,0.0397,,rain,4,8.865145662290946,0.009
00e9be89-00001290.jpg,00e9be89-00001295.jpg,orb,2000,2000,14,6,0.4286,0.007,45.2143,0.0583,0.0296,,rain,4,10.081558674708988,0.007
00e9be89-00001295.jpg,00e9be89-00001305.jpg,orb,2000,2000,8,4,0.5,0.004,42.75,0.0588,0.0301,,rain,4,9.695004606570752,0.004
00e9be89-00001305.jpg,00e9be89-00001310.jpg,orb,2000,2000,13,5,0.3846,0.0065,48.5385,0.0703,0.0301,,rain,4,9.877190905417422,0.0065
00e9be89-00001310.jpg,00e9be89-00001315.jpg,orb,2000,2000,7,4,0.5714,0.0035,46.0,0.0642,0.0341,,rain,4,7.905852387127163,0.0035
00e9be89-00001315.jpg,00e9be89-00001325.jpg,orb,2000,2000,16,6,0.375,0.008,35.0,0.0461,0.0329,,rain,4,6.475275582450794,0.008
00e9be89-00001325.jpg,00e9be89-00001330.jpg,orb,2000,1788,18,5,0.2778,0.0101,37.6111,0.0492,0.0281,,rain,4,6.110954577016023,0.009
00e9be89-00001330.jpg,00e9be89-00001335.jpg,orb,1788,2000,11,4,0.3636,0.0062,41.1818,0.0445,0.0261,,rain,4,8.19277681890881,0.0055
00e9be89-00001335.jpg,00e9be89-00001340.jpg,orb,2000,2000,9,4,0.4444,0.0045,43.8889,0.0495,0.0283,,rain,4,11.859807283152485,0.0045
00e9be89-00001340.jpg,00e9be89-00001345.jpg,orb,2000,2000,13,4,0.3077,0.0065,43.0,0.0422,0.0297,,rain,4,12.584248481656829,0.0065
00e9be89-00001345.jpg,00e9be89-00001350.jpg,orb,2000,2000,11,6,0.5455,0.0055,42.5455,0.0462,0.0296,,rain,4,12.040678586981684,0.0055
00e9be89-00001350.jpg,00e9be89-00001355.jpg,orb,2000,2000,18,6,0.3333,0.009,43.1111,0.0543,0.0296,,rain,4,12.235460196973673,0.009
00e9be89-00001355.jpg,00e9be89-00001360.jpg,orb,2000,2000,17,6,0.3529,0.0085,40.7059,0.0558,0.0301,,rain,4,11.935780542220344,0.0085
00e9be89-00001360.jpg,00e9be89-00001365.jpg,orb,2000,2000,12,5,0.4167,0.006,44.25,0.0558,0.0302,,rain,4,11.595843784689094,0.006
00e9be89-00001365.jpg,00e9be89-00001370.jpg,orb,2000,2000,27,14,0.5185,0.0135,42.1111,0.0637,0.0341,,rain,4,12.02441726681699,0.0135
00e9be89-00001370.jpg,00e9be89-00001375.jpg,orb,2000,1888,100,52,0.52,0.053,36.87,0.0626,0.0341,,rain,4,12.00037199557604,0.05
00e9be89-00001375.jpg,00e9be89-00001380.jpg,orb,1888,1776,130,53,0.4077,0.0732,36.5462,0.0477,0.0311,,rain,4,12.023934483220952,0.065
00e9be89-00001380.jpg,00e9be89-00001385.jpg,orb,1776,1888,91,58,0.6374,0.0512,36.1758,0.0453,0.0265,,rain,4,12.134997411575789,0.0455
00e9be89-00001385.jpg,00e9be89-00001390.jpg,orb,1888,1939,18,12,0.6667,0.0095,34.5,0.0502,0.0281,,rain,4,11.763838446225902,0.009
00e9be89-00001390.jpg,00e9be89-00001395.jpg,orb,1939,1992,38,15,0.3947,0.0196,36.9211,0.0578,0.0261,,rain,4,11.526163130296084,0.019
00e9be89-00001395.jpg,00e9be89-00001400.jpg,orb,1992,2000,68,25,0.3676,0.0341,33.9706,0.0502,0.0281,,rain,4,11.819955762096924,0.034
00e9be89-00001400.jpg,00e9be89-00001405.jpg,orb,2000,2000,67,32,0.4776,0.0335,33.3582,0.0583,0.0284,,rain,4,11.866602860058745,0.0335
00e9be89-00001405.jpg,00e9be89-00001410.jpg,orb,2000,2000,77,37,0.4805,0.0385,35.4026,0.0632,0.0281,,rain,4,11.91718417320432,0.0385
00e9be89-00001410.jpg,00e9be89-00001415.jpg,orb,2000,2000,121,43,0.3554,0.0605,33.4628,0.0576,0.0291,,rain,4,11.873163000632749,0.0605
00e9be89-00001415.jpg,00e9be89-00001420.jpg,orb,2000,2000,62,23,0.371,0.031,34.629,0.0596,0.0303,,rain,4,11.445490517170452,0.031
00e9be89-00001420.jpg,00e9be89-00001425.jpg,orb,2000,2000,58,23,0.3966,0.029,32.8966,0.0428,0.0261,,rain,4,11.04020504601791,0.029
00e9be89-00001425.jpg,00e9be89-00001430.jpg,orb,2000,2000,63,19,0.3016,0.0315,36.7778,0.0526,0.0364,,rain,4,10.852416415957444,0.0315
00e9be89-00001430.jpg,00e9be89-00001440.jpg,orb,2000,2000,14,4,0.2857,0.007,42.4286,0.0562,0.0357,,rain,4,11.259658027098936,0.007
00e9be89-00001440.jpg,00e9be89-00001445.jpg,orb,2000,2000,56,20,0.3571,0.028,34.8393,0.0542,0.0276,,rain,4,10.820952174788072,0.028
00e9be89-00001445.jpg,00e9be89-00001450.jpg,orb,2000,2000,30,11,0.3667,0.015,38.6,0.0663,0.0357,,rain,4,10.203827866853109,0.015
00e9be89-00001450.jpg,00e9be89-00001455.jpg,orb,2000,1773,54,36,0.6667,0.0305,37.2778,0.0638,0.0281,,rain,4,10.58747581665389,0.027
00e9be89-00001455.jpg,00e9be89-00001460.jpg,orb,1773,1835,74,42,0.5676,0.0417,39.2297,0.0565,0.0342,,rain,4,10.898509682354977,0.037
00e9be89-00001460.jpg,00e9be89-00001465.jpg,orb,1835,1890,137,119,0.8686,0.0747,32.7007,0.0487,0.0261,,rain,4,10.951076628967751,0.0685
00e9be89-00001465.jpg,00e9be89-00001470.jpg,orb,1890,2000,17,6,0.3529,0.009,40.2353,0.0336,0.0342,,rain,4,11.771659622187432,0.0085
00e9be89-00001470.jpg,00e9be89-00001475.jpg,orb,2000,2000,53,25,0.4717,0.0265,36.8679,0.0423,0.0295,,rain,4,12.663902840022145,0.0265
00e9be89-00001475.jpg,00e9be89-00001480.jpg,orb,2000,1994,24,10,0.4167,0.012,36.7917,0.0404,0.0303,,rain,4,12.416979569693662,0.012
00e9be89-00001480.jpg,00e9be89-00001485.jpg,orb,1994,2000,34,13,0.3824,0.0171,39.2941,0.0619,0.0442,,rain,4,13.520067907738635,0.017
00e9be89-00001485.jpg,00e9be89-00001490.jpg,orb,2000,1969,28,10,0.3571,0.0142,38.0714,0.0583,0.0441,,rain,4,15.134478571014045,0.014
00e9be89-00001490.jpg,00e9be89-00001495.jpg,orb,1969,1987,649,639,0.9846,0.3296,19.0524,0.0638,0.0382,,rain,4,15.268997054088842,0.3245
00e9be89-00001495.jpg,00e9be89-00001500.jpg,orb,1987,1993,821,807,0.9829,0.4132,14.6699,0.0462,0.0351,,rain,4,15.27030096709376,0.4105
00e9be89-00001500.jpg,00e9be89-00001505.jpg,orb,1993,2000,257,198,0.7704,0.129,29.1284,0.0384,0.0354,,rain,4,15.33489190042572,0.1285
00e9be89-00001505.jpg,00e9be89-00001510.jpg,orb,2000,2000,45,17,0.3778,0.0225,38.8222,0.0482,0.0382,,rain,4,15.242864339423996,0.0225
00e9be89-00001510.jpg,00e9be89-00001515.jpg,orb,2000,2000,48,23,0.4792,0.024,38.3333,0.054,0.0281,,rain,4,14.526339253732786,0.024
00e9be89-00001515.jpg,00e9be89-00001520.jpg,orb,2000,2000,14,6,0.4286,0.007,42.5714,0.0568,0.0281,,rain,4,13.252077004196831,0.007
00e9be89-00001520.jpg,00e9be89-00001525.jpg,orb,2000,2000,48,29,0.6042,0.024,38.5417,0.0522,0.0301,,rain,4,13.054280783668734,0.024
00e9be89-00001525.jpg,00e9be89-00001535.jpg,orb,2000,2000,15,5,0.3333,0.0075,42.5333,0.0618,0.0301,,rain,4,13.176054790513987,0.0075
00e9be89-00001535.jpg,00e9be89-00001540.jpg,orb,2000,2000,12,4,0.3333,0.006,43.4167,0.0583,0.034,,rain,4,11.587024634303576,0.006
00e9be89-00001540.jpg,00e9be89-00001545.jpg,orb,2000,2000,17,9,0.5294,0.0085,40.7059,0.0556,0.0321,,rain,4,10.51057222036426,0.0085
00e9be89-00001545.jpg,00e9be89-00001550.jpg,orb,2000,2000,114,75,0.6579,0.057,34.2544,0.0519,0.0281,,rain,4,10.72038391054602,0.057
00e9be89-00001550.jpg,00e9be89-00001555.jpg,orb,2000,2000,365,349,0.9562,0.1825,19.1151,0.0618,0.035,,rain,4,10.723656430876872,0.1825
00e9be89-00001555.jpg,00e9be89-00001560.jpg,orb,2000,2000,254,236,0.9291,0.127,26.9961,0.0638,0.0301,,rain,4,10.743733083646646,0.127
00e9be89-00001560.jpg,00e9be89-00001565.jpg,orb,2000,2000,419,391,0.9332,0.2095,22.8663,0.0522,0.0337,,rain,4,10.80713336176442,0.2095
00e9be89-00001565.jpg,00e9be89-00001570.jpg,orb,2000,2000,42,18,0.4286,0.021,38.619,0.0579,0.0295,,rain,4,11.251966685262058,0.021
00e9be89-00001570.jpg,00e9be89-00001575.jpg,orb,2000,2000,51,21,0.4118,0.0255,37.1373,0.0611,0.0281,,rain,4,11.54131593979958,0.0255
00e9be89-00001575.jpg,00e9be89-00001580.jpg,orb,2000,2000,73,52,0.7123,0.0365,31.1781,0.0593,0.0359,,rain,4,11.322840014613284,0.0365
00e9be89-00001580.jpg,00e9be89-00001585.jpg,orb,2000,2000,52,21,0.4038,0.026,39.3462,0.0547,0.0292,,rain,4,10.571389442160438,0.026
00e9be89-00001585.jpg,00e9be89-00001590.jpg,orb,2000,2000,13,5,0.3846,0.0065,37.3846,0.0486,0.0275,,rain,4,9.298496537877726,0.0065
00e9be89-00001590.jpg,00e9be89-00001595.jpg,orb,2000,2000,12,5,0.4167,0.006,36.0,0.0639,0.0372,,rain,4,8.507882477534409,0.006
00e9be89-00001595.jpg,00e9be89-00001600.jpg,orb,2000,2000,23,8,0.3478,0.0115,38.8696,0.0607,0.0442,,rain,4,8.999261984670074,0.0115
00e9be89-00001600.jpg,00e9be89-00001605.jpg,orb,2000,2000,108,54,0.5,0.054,36.6204,0.0603,0.0301,,rain,4,9.443248926200328,0.054
00e9be89-00001605.jpg,00e9be89-00001610.jpg,orb,2000,2000,16,6,0.375,0.008,43.75,0.0583,0.0281,,rain,4,9.97680755322946,0.008
00e9be89-00001610.jpg,00e9be89-00001620.jpg,orb,2000,2000,8,4,0.5,0.004,48.0,0.0465,0.0355,,rain,4,10.429315903812622,0.004
00e9be89-00001620.jpg,00e9be89-00001625.jpg,orb,2000,2000,33,14,0.4242,0.0165,38.5455,0.0493,0.0281,,rain,4,10.880036514805454,0.0165
00e9be89-00001625.jpg,00e9be89-00001630.jpg,orb,2000,2000,48,15,0.3125,0.024,39.0417,0.054,0.0327,,rain,4,11.794680899541516,0.024
00e9be89-00001630.jpg,00e9be89-00001635.jpg,orb,2000,2000,11,5,0.4545,0.0055,42.5455,0.0608,0.0354,,rain,4,12.041709906450478,0.0055
00e9be89-00001635.jpg,00e9be89-00001640.jpg,orb,2000,2000,12,5,0.4167,0.006,43.9167,0.0618,0.0362,,rain,4,9.43273270086664,0.006
00e9be89-00001640.jpg,00e9be89-00001645.jpg,orb,2000,2000,11,5,0.4545,0.0055,39.2727,0.0502,0.0357,,rain,4,5.653006513703395,0.0055
00e9be89-00001645.jpg,00e9be89-00001650.jpg,orb,2000,2000,13,5,0.3846,0.0065,35.0769,0.0578,0.0321,,rain,4,5.548719821263698,0.0065
00e9be89-00001650.jpg,00e9be89-00001655.jpg,orb,2000,2000,14,5,0.3571,0.007,39.9286,0.0689,0.0412,,rain,4,6.721338463274801,0.007
00e9be89-00001655.jpg,00e9be89-00001665.jpg,orb,2000,2000,8,4,0.5,0.004,42.875,0.0551,0.0313,,rain,4,9.469416544976635,0.004
00e9be89-00001665.jpg,00e9be89-00001670.jpg,orb,2000,2000,25,9,0.36,0.0125,42.16,0.0638,0.0301,,rain,4,12.19628078066457,0.0125
00e9be89-00001670.jpg,00e9be89-00001675.jpg,orb,2000,2000,16,6,0.375,0.008,42.625,0.0522,0.0336,,rain,4,11.521387945763584,0.008
00e9be89-00001675.jpg,00e9be89-00001680.jpg,orb,2000,2000,19,10,0.5263,0.0095,38.3684,0.0517,0.0301,,rain,4,10.858861116400638,0.0095
00e9be89-00001680.jpg,00e9be89-00001685.jpg,orb,2000,2000,13,6,0.4615,0.0065,38.3077,0.0603,0.0276,,rain,4,11.136510649058646,0.0065
00e9be89-00001685.jpg,00e9be89-00001690.jpg,orb,2000,2000,18,6,0.3333,0.009,40.4444,0.0678,0.0289,,rain,4,13.017192590259633,0.009
00e9be89-00001690.jpg,00e9be89-00001695.jpg,orb,2000,2000,29,8,0.2759,0.0145,39.4483,0.0581,0.0301,,rain,4,15.367104715007931,0.0145
00e9be89-00001695.jpg,00e9be89-00001705.jpg,orb,2000,2000,15,6,0.4,0.0075,40.9333,0.0542,0.0276,,rain,4,14.408156711168562,0.0075
00e9be89-00001705.jpg,00e9be89-00001710.jpg,orb,2000,2000,48,37,0.7708,0.024,34.9583,0.0482,0.0281,,rain,4,12.794617990834537,0.024
00e9be89-00001710.jpg,00e9be89-00001715.jpg,orb,2000,2000,28,11,0.3929,0.014,40.2143,0.0558,0.0301,,rain,4,12.6057764566651,0.014
00e9be89-00001715.jpg,00e9be89-00001720.jpg,orb,2000,1953,26,14,0.5385,0.0133,36.9615,0.0522,0.0324,,rain,4,12.690988263298514,0.013026052104208416
00e9be89-00001720.jpg,00e9be89-00001725.jpg,orb,1953,2000,50,40,0.8,0.0256,36.52,0.0543,0.0353,,rain,4,12.735031791709556,0.025050100200400802
00e9be89-00001725.jpg,00e9be89-00001730.jpg,orb,2000,1989,43,37,0.8605,0.0216,31.4419,0.0542,0.0356,,rain,4,12.737792342569854,0.0215
00e9be89-00001730.jpg,00e9be89-00001740.jpg,orb,1989,2000,10,4,0.4,0.005,42.0,0.0578,0.0281,,rain,4,12.877778104064715,0.005
00e9be89-00001740.jpg,00e9be89-00001745.jpg,orb,2000,2000,8,4,0.5,0.004,40.875,0.0577,0.0301,,rain,4,11.020253793124384,0.004
00e9be89-00001745.jpg,00e9be89-00001750.jpg,orb,2000,2000,10,4,0.4,0.005,42.0,0.0623,0.0301,,rain,4,10.466557075188732,0.005
00e9be89-00001750.jpg,00e9be89-00001755.jpg,orb,2000,2000,24,10,0.4167,0.012,41.625,0.059,0.0261,,rain,4,12.568241852043972,0.012
00e9be89-00001755.jpg,00e9be89-00001760.jpg,orb,2000,2000,21,10,0.4762,0.0105,39.6667,0.041,0.0305,,rain,4,13.324125065554568,0.0105
00e9be89-00001760.jpg,00e9be89-00001765.jpg,orb,2000,2000,5,4,0.8,0.0025,46.6,0.0499,0.0281,,rain,4,12.23099714202863,0.0025
00e9be89-00001765.jpg,00e9be89-00001770.jpg,orb,2000,2000,15,7,0.4667,0.0075,38.4,0.0542,0.0296,,rain,4,11.077332359546194,0.0075
00e9be89-00001770.jpg,00e9be89-00001775.jpg,orb,2000,2000,24,13,0.5417,0.012,36.0,0.0558,0.0301,,rain,4,11.210922649897649,0.012
00e9be89-00001775.jpg,00e9be89-00001780.jpg,orb,2000,2000,21,9,0.4286,0.0105,40.1905,0.0638,0.0321,,rain,4,12.029683993664824,0.0105
00e9be89-00001780.jpg,00e9be89-00001785.jpg,orb,2000,2000,25,6,0.24,0.0125,40.44,0.0583,0.0364,,rain,4,12.358297028623204,0.0125
00e9be89-00001785.jpg,00e9be89-00001795.jpg,orb,2000,2000,12,5,0.4167,0.006,44.0,0.0565,0.0301,,rain,4,11.768177101032338,0.006
00e9be89-00001795.jpg,00e9be89-00001800.jpg,orb,2000,2000,854,842,0.9859,0.427,21.2588,0.0463,0.0296,,rain,4,12.067408782389991,0.427
00e9be89-00001800.jpg,00e9be89-00001810.jpg,orb,2000,2000,121,51,0.4215,0.0605,36.4215,0.0349,0.0339,,rain,4,12.553897168646516,0.0605
00e9be89-00001810.jpg,00e9be89-00001815.jpg,orb,2000,2000,85,36,0.4235,0.0425,35.0,0.0462,0.0299,,rain,4,12.4683951732476,0.0425
00e9be89-00001815.jpg,00e9be89-00001820.jpg,orb,2000,2000,12,5,0.4167,0.006,39.3333,0.0386,0.0375,,rain,4,12.609815866274314,0.006
00e9be89-00001820.jpg,00e9be89-00001825.jpg,orb,2000,2000,19,8,0.4211,0.0095,40.8421,0.0397,0.0302,,rain,4,12.606861648357578,0.0095
00e9be89-00001825.jpg,00e9be89-00001830.jpg,orb,2000,2000,32,9,0.2812,0.016,41.0312,0.0449,0.0281,,rain,4,12.290844693378729,0.016
00e9be89-00001830.jpg,00e9be89-00001840.jpg,orb,2000,2000,12,5,0.4167,0.006,43.5833,0.0525,0.0275,,rain,4,11.6320219129509,0.006
00e9be89-00001840.jpg,00e9be89-00001845.jpg,orb,2000,2000,1230,1218,0.9902,0.615,15.0545,0.0585,0.0473,,rain,4,11.213419335901346,0.615
00e9be89-00001845.jpg,00e9be89-00001865.jpg,orb,2000,2000,1017,1007,0.9902,0.5085,17.8397,0.0659,0.0332,,rain,4,11.137729053402056,0.5085
00e9be89-00001865.jpg,00e9be89-00001870.jpg,orb,2000,2000,1081,1070,0.9898,0.5405,18.6448,0.0683,0.0316,,rain,4,11.200455234868633,0.5405
00e9be89-00001870.jpg,00e9be89-00001875.jpg,orb,2000,2000,1148,1133,0.9869,0.574,14.7195,0.0578,0.0301,,rain,4,11.25330710594329,0.574
00e9be89-00001875.jpg,00e9be89-00001885.jpg,orb,2000,2000,1116,1108,0.9928,0.558,17.06,0.0624,0.0281,,rain,4,11.15015138493785,0.558
00e9be89-00001885.jpg,00e9be89-00001890.jpg,orb,2000,2000,1199,1185,0.9883,0.5995,17.2127,0.0623,0.0402,,rain,4,11.102293939908469,0.5995
00e9be89-00001890.jpg,00e9be89-00001895.jpg,orb,2000,2000,1178,1170,0.9932,0.589,16.2037,0.0469,0.0272,,rain,4,11.1655507125804,0.589
00e9be89-00001895.jpg,00e9be89-00001900.jpg,orb,2000,2000,1173,1164,0.9923,0.5865,17.254,0.0578,0.0301,,rain,4,11.243860192756916,0.5865
00e9be89-00001900.jpg,00e9be89-00001905.jpg,orb,2000,2000,230,152,0.6609,0.115,29.5217,0.0643,0.0301,,rain,4,11.379473876589191,0.115
00e9be89-00001905.jpg,00e9be89-00001915.jpg,orb,2000,2000,21,5,0.2381,0.0105,39.9524,0.0583,0.0321,,rain,4,11.78378701118536,0.0105
00e9be89-00000015.jpg,00e9be89-00000100.jpg,orb,2000,2000,13,5,0.3846,0.0065,46.9231,0.0607,0.0264,C:\Users\amit\Project_digital_image_processing__Amit_Alon\outputs\visualizations\task2\enhanced_visualizations\rain\level_5\match_00e9be89-00000015__00e9be89-00000100.png,rain,5,8.588158586942413,0.0065
00e9be89-00000100.jpg,00e9be89-00000105.jpg,orb,2000,2000,985,975,0.9898,0.4925,21.8843,0.0753,0.0374,,rain,5,10.18219240184587,0.4925
00e9be89-00000105.jpg,00e9be89-00000110.jpg,orb,2000,2000,994,983,0.9889,0.497,20.0795,0.0736,0.0321,,rain,5,10.163499288798803,0.497
00e9be89-00000110.jpg,00e9be89-00000115.jpg,orb,2000,2000,1031,1016,0.9855,0.5155,21.2415,0.0716,0.0281,,rain,5,10.174255204241412,0.5155
00e9be89-00000115.jpg,00e9be89-00000120.jpg,orb,2000,2000,1228,1221,0.9943,0.614,17.7313,0.0582,0.0296,,rain,5,10.19365721980526,0.614
00e9be89-00000120.jpg,00e9be89-00000125.jpg,orb,2000,2000,437,426,0.9748,0.2185,31.9519,0.0671,0.0301,,rain,5,9.622829828532955,0.2185
00e9be89-00000125.jpg,00e9be89-00000130.jpg,orb,2000,2000,877,868,0.9897,0.4385,23.1117,0.0649,0.0301,,rain,5,9.27507856573978,0.4385
00e9be89-00000130.jpg,00e9be89-00000135.jpg,orb,2000,2000,969,959,0.9897,0.4845,22.2054,0.0463,0.0281,,rain,5,9.7963983048225,0.4845
00e9be89-00000135.jpg,00e9be89-00000140.jpg,orb,2000,2000,1007,998,0.9911,0.5035,21.8808,0.0484,0.0296,,rain,5,10.120745368941456,0.5035
00e9be89-00000140.jpg,00e9be89-00000145.jpg,orb,2000,2000,121,89,0.7355,0.0605,36.8926,0.05,0.0299,,rain,5,10.154275663498828,0.0605
00e9be89-00000145.jpg,00e9be89-00000150.jpg,orb,2000,2000,23,6,0.2609,0.0115,42.0,0.0526,0.0292,,rain,5,8.560848323039913,0.0115
00e9be89-00000150.jpg,00e9be89-00000160.jpg,orb,2000,2000,8,4,0.5,0.004,42.25,0.0768,0.0321,,rain,5,7.100111185715589,0.004
00e9be89-00000160.jpg,00e9be89-00000165.jpg,orb,2000,2000,10,4,0.4,0.005,40.4,0.0562,0.0282,,rain,5,6.725974312622117,0.005
00e9be89-00000165.jpg,00e9be89-00000175.jpg,orb,2000,2000,5,0,0.0,0.0025,37.4,0.0377,0.0312,,rain,5,7.45734931873255,0.0025
00e9be89-00000175.jpg,00e9be89-00000190.jpg,orb,2000,2000,8,5,0.625,0.004,41.5,0.0508,0.0303,,rain,5,8.129918358385206,0.004
00e9be89-00000190.jpg,00e9be89-00001000.jpg,orb,2000,2000,14,6,0.4286,0.007,47.0,0.0457,0.0281,,rain,5,8.979191597837637,0.007
00e9be89-00001000.jpg,00e9be89-00001005.jpg,orb,2000,1883,7,4,0.5714,0.0037,43.4286,0.0457,0.0268,,rain,5,10.85136263028824,0.0035
00e9be89-00001005.jpg,00e9be89-00001010.jpg,orb,1883,1996,11,4,0.3636,0.0058,39.9091,0.0482,0.0276,,rain,5,11.593342676062214,0.0055
00e9be89-00001010.jpg,00e9be89-00001015.jpg,orb,1996,1971,9,4,0.4444,0.0046,42.8889,0.0522,0.0341,,rain,5,12.12369900366279,0.004518072289156626
00e9be89-00001015.jpg,00e9be89-00001020.jpg,orb,1971,2000,20,6,0.3,0.0101,39.0,0.0502,0.0301,,rain,5,12.08908491872759,0.010040160642570281
00e9be89-00001020.jpg,00e9be89-00001025.jpg,orb,2000,2000,9,4,0.4444,0.0045,43.6667,0.0524,0.0316,,rain,5,11.892397659906514,0.0045
00e9be89-00001025.jpg,00e9be89-00001030.jpg,orb,2000,1990,33,10,0.303,0.0166,38.4545,0.0542,0.0465,,rain,5,11.900672235583809,0.0165
00e9be89-00001030.jpg,00e9be89-00001035.jpg,orb,1990,2000,59,31,0.5254,0.0296,38.8644,0.0554,0.0337,,rain,5,11.872864406023108,0.0295
00e9be89-00001035.jpg,00e9be89-00001040.jpg,orb,2000,1968,57,42,0.7368,0.029,38.1404,0.0394,0.0294,,rain,5,11.978469622490168,0.0285
00e9be89-00001040.jpg,00e9be89-00001045.jpg,orb,1968,1990,137,59,0.4307,0.0696,35.3796,0.0326,0.0323,,rain,5,12.036833764203454,0.0685
00e9be89-00001045.jpg,00e9be89-00001050.jpg,orb,1990,2000,43,16,0.3721,0.0216,39.2558,0.0457,0.0281,,rain,5,12.004168019860863,0.0215
00e9be89-00001050.jpg,00e9be89-00001055.jpg,orb,2000,2000,68,20,0.2941,0.034,39.4265,0.0442,0.0296,,rain,5,11.932915252185865,0.034
00e9be89-00001055.jpg,00e9be89-00001060.jpg,orb,2000,2000,50,23,0.46,0.025,42.72,0.0402,0.0281,,rain,5,11.960980281325412,0.025
00e9be89-00001060.jpg,00e9be89-00001065.jpg,orb,2000,2000,33,19,0.5758,0.0165,41.303,0.0472,0.0299,,rain,5,11.814234156159433,0.0165
00e9be89-00001065.jpg,00e9be89-00001070.jpg,orb,2000,2000,75,54,0.72,0.0375,36.4667,0.0522,0.0321,,rain,5,11.62863134671048,0.0375
00e9be89-00001070.jpg,00e9be89-00001075.jpg,orb,2000,2000,41,20,0.4878,0.0205,41.2927,0.0598,0.0361,,rain,5,11.104424763827833,0.0205
00e9be89-00001075.jpg,00e9be89-00001080.jpg,orb,2000,2000,25,8,0.32,0.0125,44.12,0.0584,0.0336,,rain,5,11.212721469964295,0.0125
00e9be89-00001080.jpg,00e9be89-00001090.jpg,orb,2000,2000,24,17,0.7083,0.012,37.9583,0.0672,0.0472,,rain,5,12.34536959837734,0.012
00e9be89-00001090.jpg,00e9be89-00001095.jpg,orb,2000,2000,37,24,0.6486,0.0185,38.7838,0.0604,0.0326,,rain,5,12.83960439696624,0.0185
00e9be89-00001095.jpg,00e9be89-00001100.jpg,orb,2000,2000,39,19,0.4872,0.0195,41.0,0.0542,0.0301,,rain,5,12.815987048456254,0.0195
00e9be89-00001100.jpg,00e9be89-00001105.jpg,orb,2000,2000,27,7,0.2593,0.0135,41.0,0.0585,0.0301,,rain,5,12.417163183985146,0.0135
00e9be89-00001105.jpg,00e9be89-00001115.jpg,orb,2000,2000,10,5,0.5,0.005,46.4,0.0489,0.0301,,rain,5,11.455405257409389,0.005
00e9be89-00001115.jpg,00e9be89-00001125.jpg,orb,2000,2000,11,5,0.4545,0.0055,47.4545,0.0585,0.0275,,rain,5,11.602807214325315,0.0055
00e9be89-00001125.jpg,00e9be89-00001130.jpg,orb,2000,2000,23,8,0.3478,0.0115,42.2609,0.0638,0.0301,,rain,5,11.990072135847909,0.0115
00e9be89-00001130.jpg,00e9be89-00001135.jpg,orb,2000,2000,46,33,0.7174,0.023,36.0435,0.0638,0.0281,,rain,5,12.354083547589989,0.023
00e9be89-00001135.jpg,00e9be89-00001140.jpg,orb,2000,2000,55,37,0.6727,0.0275,35.5455,0.0618,0.0301,,rain,5,13.004596471468073,0.0275
00e9be89-00001140.jpg,00e9be89-00001150.jpg,orb,2000,2000,33,17,0.5152,0.0165,38.2424,0.0597,0.0313,,rain,5,13.208949747055168,0.0165
00e9be89-00001150.jpg,00e9be89-00001155.jpg,orb,2000,2000,46,28,0.6087,0.023,38.1087,0.0641,0.0393,,rain,5,13.499268337063825,0.023
00e9be89-00001155.jpg,00e9be89-00001160.jpg,orb,2000,2000,49,33,0.6735,0.0245,38.2245,0.0603,0.0353,,rain,5,13.4867000645739,0.0245
00e9be89-00001160.jpg,00e9be89-00001165.jpg,orb,2000,2000,13,8,0.6154,0.0065,42.9231,0.0582,0.0316,,rain,5,13.54889457471291,0.0065
00e9be89-00001165.jpg,00e9be89-00001170.jpg,orb,2000,2000,29,11,0.3793,0.0145,41.7931,0.0663,0.0357,,rain,5,13.413039274881276,0.0145
00e9be89-00001170.jpg,00e9be89-00001175.jpg,orb,2000,2000,27,19,0.7037,0.0135,39.963,0.0604,0.0321,,rain,5,13.554544844092185,0.0135
00e9be89-00001175.jpg,00e9be89-00001180.jpg,orb,2000,2000,34,18,0.5294,0.017,39.6176,0.0578,0.0322,,rain,5,13.841306457731442,0.017
00e9be89-00001180.jpg,00e9be89-00001185.jpg,orb,2000,2000,23,9,0.3913,0.0115,41.087,0.0529,0.0321,,rain,5,13.538430538521697,0.0115
00e9be89-00001185.jpg,00e9be89-00001190.jpg,orb,2000,2000,14,5,0.3571,0.007,45.3571,0.0459,0.0311,,rain,5,12.864850939991964,0.007
00e9be89-00001190.jpg,00e9be89-00001195.jpg,orb,2000,2000,10,4,0.4,0.005,43.8,0.0359,0.0322,,rain,5,10.030863205618772,0.005
00e9be89-00001195.jpg,00e9be89-00001200.jpg,orb,2000,1983,19,6,0.3158,0.0096,42.4737,0.0407,0.0352,,rain,5,10.790496604427677,0.009562154001006542
00e9be89-00001200.jpg,00e9be89-00001205.jpg,orb,1983,1355,27,7,0.2593,0.0199,42.6667,0.0399,0.0263,,rain,5,13.97301150348954,0.013588324106693507
00e9be89-00001205.jpg,00e9be89-00001210.jpg,orb,1355,2000,8,5,0.625,0.0059,41.375,0.0486,0.0252,,rain,5,13.981048083350288,0.004008016032064128
00e9be89-00001210.jpg,00e9be89-00001215.jpg,orb,2000,1998,20,8,0.4,0.01,37.9,0.0545,0.0301,,rain,5,13.641208996229086,0.01
00e9be89-00001215.jpg,00e9be89-00001220.jpg,orb,1998,2000,12,4,0.3333,0.006,41.75,0.061,0.0315,,rain,5,12.483908031237531,0.006
00e9be89-00001220.jpg,00e9be89-00001225.jpg,orb,2000,2000,16,7,0.4375,0.008,44.625,0.0542,0.0361,,rain,5,12.679285875056657,0.008
00e9be89-00001225.jpg,00e9be89-00001230.jpg,orb,2000,2000,15,5,0.3333,0.0075,44.4,0.0551,0.0295,,rain,5,13.682192258221454,0.0075
00e9be89-00001230.jpg,00e9be89-00001240.jpg,orb,2000,1311,25,18,0.72,0.0191,38.88,0.0526,0.0241,,rain,5,13.64301100391708,0.013743815283122594
00e9be89-00001240.jpg,00e9be89-00001245.jpg,orb,1311,2000,30,15,0.5,0.0229,40.1,0.0367,0.0185,,rain,5,12.988326559093183,0.016492578339747113
00e9be89-00001245.jpg,00e9be89-00001250.jpg,orb,2000,2000,17,6,0.3529,0.0085,45.8824,0.0442,0.0276,,rain,5,13.331229903883433,0.0085
00e9be89-00001250.jpg,00e9be89-00001255.jpg,orb,2000,2000,37,15,0.4054,0.0185,39.1351,0.0542,0.0384,,rain,5,14.2423572633745,0.0185
00e9be89-00001255.jpg,00e9be89-00001260.jpg,orb,2000,2000,30,18,0.6,0.015,41.1,0.0663,0.0316,,rain,5,13.933646897165868,0.015
00e9be89-00001260.jpg,00e9be89-00001265.jpg,orb,2000,2000,23,11,0.4783,0.0115,40.2609,0.0697,0.0343,,rain,5,12.077783061387327,0.0115
00e9be89-00001265.jpg,00e9be89-00001270.jpg,orb,2000,2000,10,5,0.5,0.005,44.0,0.068,0.036,,rain,5,9.29949424364207,0.005
00e9be89-00001270.jpg,00e9be89-00001275.jpg,orb,2000,2000,13,5,0.3846,0.0065,48.0,0.0497,0.0261,,rain,5,9.138991978640572,0.0065
00e9be89-00001275.jpg,00e9be89-00001280.jpg,orb,2000,2000,10,4,0.4,0.005,41.7,0.0469,0.0301,,rain,5,8.710147911061643,0.005
00e9be89-00001280.jpg,00e9be89-00001285.jpg,orb,2000,2000,13,5,0.3846,0.0065,40.0769,0.0337,0.0365,,rain,5,6.065116086162126,0.0065
00e9be89-00001285.jpg,00e9be89-00001290.jpg,orb,2000,2000,8,4,0.5,0.004,43.625,0.043,0.0328,,rain,5,7.1136362433071145,0.004
00e9be89-00001290.jpg,00e9be89-00001295.jpg,orb,2000,2000,10,5,0.5,0.005,49.0,0.0482,0.0307,,rain,5,8.298965126448799,0.005
00e9be89-00001295.jpg,00e9be89-00001305.jpg,orb,2000,2000,11,5,0.4545,0.0055,42.6364,0.0522,0.0301,,rain,5,7.87482160152225,0.0055
00e9be89-00001305.jpg,00e9be89-00001310.jpg,orb,2000,2000,16,5,0.3125,0.008,48.0,0.0517,0.0324,,rain,5,8.04790820834419,0.008
00e9be89-00001310.jpg,00e9be89-00001315.jpg,orb,2000,2000,5,4,0.8,0.0025,43.8,0.0523,0.0343,,rain,5,6.07497670844589,0.0025
00e9be89-00001315.jpg,00e9be89-00001325.jpg,orb,2000,2000,17,6,0.3529,0.0085,38.4706,0.0482,0.0301,,rain,5,4.662241648673565,0.0085
00e9be89-00001325.jpg,00e9be89-00001330.jpg,orb,2000,1746,22,6,0.2727,0.0126,37.8636,0.0542,0.0281,,rain,5,4.338650182859954,0.011
00e9be89-00001330.jpg,00e9be89-00001335.jpg,orb,1746,2000,19,6,0.3158,0.0109,42.3684,0.0543,0.0281,,rain,5,6.558110378172153,0.0095
00e9be89-00001335.jpg,00e9be89-00001340.jpg,orb,2000,2000,14,5,0.3571,0.007,41.9286,0.0565,0.0301,,rain,5,10.227571008150395,0.007
00e9be89-00001340.jpg,00e9be89-00001345.jpg,orb,2000,2000,11,4,0.3636,0.0055,43.6364,0.0578,0.0301,,rain,5,10.845299472348136,0.0055
00e9be89-00001345.jpg,00e9be89-00001350.jpg,orb,2000,2000,11,5,0.4545,0.0055,41.6364,0.0522,0.0321,,rain,5,10.277374331514311,0.0055
00e9be89-00001350.jpg,00e9be89-00001355.jpg,orb,2000,2000,16,5,0.3125,0.008,46.6875,0.0578,0.0341,,rain,5,10.501027393151393,0.008
00e9be89-00001355.jpg,00e9be89-00001360.jpg,orb,2000,2000,17,7,0.4118,0.0085,46.4118,0.0563,0.0307,,rain,5,10.23071123593344,0.0085
00e9be89-00001360.jpg,00e9be89-00001365.jpg,orb,2000,2000,13,5,0.3846,0.0065,40.8462,0.0645,0.0331,,rain,5,9.896824309359625,0.0065
00e9be89-00001365.jpg,00e9be89-00001370.jpg,orb,2000,2000,24,9,0.375,0.012,41.375,0.0634,0.0332,,rain,5,10.347435415864274,0.012
00e9be89-00001370.jpg,00e9be89-00001375.jpg,orb,2000,1877,87,49,0.5632,0.0464,36.7356,0.0598,0.0281,,rain,5,10.322454785193784,0.0435
00e9be89-00001375.jpg,00e9be89-00001380.jpg,orb,1877,1829,129,48,0.3721,0.0705,38.4961,0.053,0.0389,,rain,5,10.34917363652261,0.0645
00e9be89-00001380.jpg,00e9be89-00001385.jpg,orb,1829,1895,100,44,0.44,0.0547,39.04,0.044,0.0265,,rain,5,10.47102521664009,0.05
00e9be89-00001385.jpg,00e9be89-00001390.jpg,orb,1895,1927,22,8,0.3636,0.0116,36.7273,0.0542,0.0296,,rain,5,10.06191597340205,0.011
00e9be89-00001390.jpg,00e9be89-00001395.jpg,orb,1927,1956,36,9,0.25,0.0187,36.7222,0.0462,0.0281,,rain,5,9.812887645903976,0.018
00e9be89-00001395.jpg,00e9be89-00001400.jpg,orb,1956,2000,72,27,0.375,0.0368,33.9861,0.0558,0.0284,,rain,5,10.138618864327016,0.036
00e9be89-00001400.jpg,00e9be89-00001405.jpg,orb,2000,2000,67,20,0.2985,0.0335,34.0896,0.0598,0.0321,,rain,5,10.21373449378131,0.0335
00e9be89-00001405.jpg,00e9be89-00001410.jpg,orb,2000,2000,70,29,0.4143,0.035,34.7571,0.0486,0.0321,,rain,5,10.30011027857065,0.035
00e9be89-00001410.jpg,00e9be89-00001415.jpg,orb,2000,2000,121,27,0.2231,0.0605,34.1322,0.0606,0.0342,,rain,5,10.24675955554643,0.0605
00e9be89-00001415.jpg,00e9be89-00001420.jpg,orb,2000,2000,55,21,0.3818,0.0275,34.1091,0.0584,0.0377,,rain,5,9.794671075373142,0.0275
00e9be89-00001420.jpg,00e9be89-00001425.jpg,orb,2000,2000,36,15,0.4167,0.018,35.1111,0.0497,0.0301,,rain,5,9.39201386012548,0.018
00e9be89-00001425.jpg,00e9be89-00001430.jpg,orb,2000,2000,68,22,0.3235,0.034,38.6618,0.0542,0.0344,,rain,5,9.204412953696844,0.034
00e9be89-00001430.jpg,00e9be89-00001440.jpg,orb,2000,2000,10,4,0.4,0.005,38.9,0.0468,0.054,,rain,5,9.61742164421706,0.005
00e9be89-00001440.jpg,00e9be89-00001445.jpg,orb,2000,2000,61,28,0.459,0.0305,34.0984,0.0484,0.0301,,rain,5,9.210116321894546,0.0305
00e9be89-00001445.jpg,00e9be89-00001450.jpg,orb,2000,2000,26,9,0.3462,0.013,38.1923,0.0584,0.0301,,rain,5,8.484164457315176,0.013
00e9be89-00001450.jpg,00e9be89-00001455.jpg,orb,2000,1728,66,39,0.5909,0.0382,38.5606,0.0564,0.0248,,rain,5,8.78429418285914,0.033
00e9be89-00001455.jpg,00e9be89-00001460.jpg,orb,1728,1828,86,53,0.6163,0.0498,37.4535,0.0482,0.0221,,rain,5,9.15755132705796,0.043
00e9be89-00001460.jpg,00e9be89-00001465.jpg,orb,1828,1900,119,102,0.8571,0.0651,32.5966,0.0517,0.0261,,rain,5,9.225509191042727,0.0595
00e9be89-00001465.jpg,00e9be89-00001470.jpg,orb,1900,2000,13,6,0.4615,0.0068,45.0769,0.0566,0.026,,rain,5,10.075622031147546,0.0065
00e9be89-00001470.jpg,00e9be89-00001475.jpg,orb,2000,2000,68,30,0.4412,0.034,37.1471,0.0388,0.0305,,rain,5,10.979649469418206,0.034
00e9be89-00001475.jpg,00e9be89-00001480.jpg,orb,2000,2000,25,6,0.24,0.0125,39.56,0.0482,0.0281,,rain,5,10.679872855768007,0.0125
00e9be89-00001480.jpg,00e9be89-00001485.jpg,orb,2000,2000,22,8,0.3636,0.011,39.0,0.0322,0.0357,,rain,5,11.751555517752726,0.011
00e9be89-00001485.jpg,00e9be89-00001490.jpg,orb,2000,1964,29,10,0.3448,0.0148,39.2759,0.0403,0.0423,,rain,5,13.361149862127457,0.0145
00e9be89-00001490.jpg,00e9be89-00001495.jpg,orb,1964,1976,614,604,0.9837,0.3126,18.1156,0.0524,0.0341,,rain,5,13.49339885025413,0.307
00e9be89-00001495.jpg,00e9be89-00001500.jpg,orb,1976,1978,817,805,0.9853,0.4135,15.3244,0.0543,0.0304,,rain,5,13.499586011106036,0.4085
00e9be89-00001500.jpg,00e9be89-00001505.jpg,orb,1978,2000,256,205,0.8008,0.1294,29.6016,0.0525,0.0261,,rain,5,13.567420262549271,0.128
00e9be89-00001505.jpg,00e9be89-00001510.jpg,orb,2000,2000,41,14,0.3415,0.0205,37.7073,0.0517,0.0321,,rain,5,13.45011491169033,0.0205
00e9be89-00001510.jpg,00e9be89-00001515.jpg,orb,2000,2000,39,13,0.3333,0.0195,42.4103,0.0538,0.0301,,rain,5,12.698732665465403,0.0195
00e9be89-00001515.jpg,00e9be89-00001520.jpg,orb,2000,2000,14,5,0.3571,0.007,41.2143,0.0563,0.0276,,rain,5,11.41591128628088,0.007
00e9be89-00001520.jpg,00e9be89-00001525.jpg,orb,2000,2000,53,37,0.6981,0.0265,36.283,0.0547,0.0261,,rain,5,11.2222385194558,0.0265
00e9be89-00001525.jpg,00e9be89-00001535.jpg,orb,2000,2000,24,6,0.25,0.012,44.5417,0.0467,0.0261,,rain,5,11.350867071754816,0.012
00e9be89-00001535.jpg,00e9be89-00001540.jpg,orb,2000,2000,20,3,0.15,0.01,39.75,0.0493,0.0281,,rain,5,9.749887583830766,0.01
00e9be89-00001540.jpg,00e9be89-00001545.jpg,orb,2000,2000,16,7,0.4375,0.008,43.375,0.0463,0.0278,,rain,5,8.673170211810131,0.008
00e9be89-00001545.jpg,00e9be89-00001550.jpg,orb,2000,2000,105,78,0.7429,0.0525,35.0,0.0591,0.0403,,rain,5,8.894840449177668,0.0525
00e9be89-00001550.jpg,00e9be89-00001555.jpg,orb,2000,2000,371,356,0.9596,0.1855,20.3989,0.0642,0.032,,rain,5,8.898310559689648,0.1855
00e9be89-00001555.jpg,00e9be89-00001560.jpg,orb,2000,1999,237,223,0.9409,0.1186,27.1646,0.0582,0.0301,,rain,5,8.917344504459871,0.1185
00e9be89-00001560.jpg,00e9be89-00001565.jpg,orb,1999,1997,410,383,0.9341,0.2053,23.2463,0.0578,0.0281,,rain,5,8.97875188651462,0.205
00e9be89-00001565.jpg,00e9be89-00001570.jpg,orb,1997,2000,41,16,0.3902,0.0205,38.9268,0.056,0.026,,rain,5,9.414801242224492,0.0205
00e9be89-00001570.jpg,00e9be89-00001575.jpg,orb,2000,2000,57,27,0.4737,0.0285,38.4035,0.0477,0.0281,,rain,5,9.70826375789473,0.0285
00e9be89-00001575.jpg,00e9be89-00001580.jpg,orb,2000,2000,89,52,0.5843,0.0445,34.4382,0.0542,0.0276,,rain,5,9.505104331769276,0.0445
00e9be89-00001580.jpg,00e9be89-00001585.jpg,orb,2000,2000,50,28,0.56,0.025,34.62,0.0617,0.0301,,rain,5,8.769053824623839,0.025
00e9be89-00001585.jpg,00e9be89-00001590.jpg,orb,2000,2000,16,5,0.3125,0.008,41.5625,0.0598,0.0361,,rain,5,7.500050544881735,0.008
00e9be89-00001590.jpg,00e9be89-00001595.jpg,orb,2000,2000,12,5,0.4167,0.006,45.75,0.0578,0.0301,,rain,5,6.675122985861551,0.006
00e9be89-00001595.jpg,00e9be89-00001600.jpg,orb,2000,2000,17,5,0.2941,0.0085,44.1176,0.0583,0.0276,,rain,5,7.203515620539642,0.0085
00e9be89-00001600.jpg,00e9be89-00001605.jpg,orb,2000,2000,96,50,0.5208,0.048,38.3125,0.0646,0.0378,,rain,5,7.711086494173068,0.048
00e9be89-00001605.jpg,00e9be89-00001610.jpg,orb,2000,2000,18,7,0.3889,0.009,43.1111,0.0668,0.0321,,rain,5,8.264962434480468,0.009
00e9be89-00001610.jpg,00e9be89-00001620.jpg,orb,2000,2000,6,0,0.0,0.003,44.8333,0.0387,0.0392,,rain,5,8.700988653437793,0.003
00e9be89-00001620.jpg,00e9be89-00001625.jpg,orb,2000,2000,27,8,0.2963,0.0135,38.5926,0.0449,0.0342,,rain,5,9.19141409121347,0.0135
00e9be89-00001625.jpg,00e9be89-00001630.jpg,orb,2000,2000,55,13,0.2364,0.0275,37.1818,0.0497,0.0281,,rain,5,10.1642434615683,0.0275
00e9be89-00001630.jpg,00e9be89-00001635.jpg,orb,2000,2000,23,4,0.1739,0.0115,43.087,0.0506,0.0282,,rain,5,10.328358624291305,0.0115
00e9be89-00001635.jpg,00e9be89-00001640.jpg,orb,2000,2000,9,4,0.4444,0.0045,44.5556,0.0457,0.0305,,rain,5,7.645950697024505,0.0045
00e9be89-00001640.jpg,00e9be89-00001645.jpg,orb,2000,2000,14,4,0.2857,0.007,38.0,0.0498,0.0339,,rain,5,3.891155139728343,0.007
00e9be89-00001645.jpg,00e9be89-00001650.jpg,orb,2000,2000,12,4,0.3333,0.006,34.5,0.0329,0.0362,,rain,5,3.802115643000502,0.006
00e9be89-00001650.jpg,00e9be89-00001655.jpg,orb,2000,2000,22,6,0.2727,0.011,42.2273,0.0525,0.0417,,rain,5,4.947144372465959,0.011
00e9be89-00001655.jpg,00e9be89-00001665.jpg,orb,2000,2000,19,6,0.3158,0.0095,40.7368,0.0686,0.0388,,rain,5,7.696865768830689,0.0095
00e9be89-00001665.jpg,00e9be89-00001670.jpg,orb,2000,2000,18,8,0.4444,0.009,43.9444,0.0465,0.0325,,rain,5,10.417930251497566,0.009
00e9be89-00001670.jpg,00e9be89-00001675.jpg,orb,2000,2000,22,5,0.2273,0.011,42.2273,0.0502,0.0301,,rain,5,9.738625309976166,0.011
00e9be89-00001675.jpg,00e9be89-00001680.jpg,orb,2000,2000,16,6,0.375,0.008,41.375,0.064,0.0321,,rain,5,9.096796470245083,0.008
00e9be89-00001680.jpg,00e9be89-00001685.jpg,orb,2000,2000,16,6,0.375,0.008,38.6875,0.0658,0.0301,,rain,5,9.409047512367714,0.008
00e9be89-00001685.jpg,00e9be89-00001690.jpg,orb,2000,2000,25,5,0.2,0.0125,38.6,0.0664,0.0301,,rain,5,11.271042941766156,0.0125
00e9be89-00001690.jpg,00e9be89-00001695.jpg,orb,2000,2000,24,6,0.25,0.012,41.0,0.0583,0.0316,,rain,5,13.567906799308972,0.012
00e9be89-00001695.jpg,00e9be89-00001705.jpg,orb,2000,2000,9,4,0.4444,0.0045,43.1111,0.0553,0.0271,,rain,5,12.62390815375867,0.0045
00e9be89-00001705.jpg,00e9be89-00001710.jpg,orb,2000,1995,73,42,0.5753,0.0366,36.3014,0.0446,0.0281,,rain,5,11.030860240616986,0.0365
00e9be89-00001710.jpg,00e9be89-00001715.jpg,orb,1995,2000,44,23,0.5227,0.0221,40.6364,0.0437,0.0269,,rain,5,10.838921036618975,0.022
00e9be89-00001715.jpg,00e9be89-00001720.jpg,orb,2000,1958,29,21,0.7241,0.0148,39.2414,0.0501,0.0321,,rain,5,10.938648887911388,0.014529058116232466
00e9be89-00001720.jpg,00e9be89-00001725.jpg,orb,1958,2000,55,48,0.8727,0.0281,33.6545,0.0543,0.0341,,rain,5,10.994702514773527,0.02755511022044088
00e9be89-00001725.jpg,00e9be89-00001730.jpg,orb,2000,1999,53,37,0.6981,0.0265,34.0189,0.0586,0.0301,,rain,5,10.986988288610071,0.0265
00e9be89-00001730.jpg,00e9be89-00001740.jpg,orb,1999,2000,18,7,0.3889,0.009,40.5,0.0404,0.0335,,rain,5,11.130588545349855,0.009
00e9be89-00001740.jpg,00e9be89-00001745.jpg,orb,2000,2000,9,4,0.4444,0.0045,36.4444,0.0381,0.0342,,rain,5,9.274892315017045,0.0045
00e9be89-00001745.jpg,00e9be89-00001750.jpg,orb,2000,2000,10,4,0.4,0.005,44.0,0.0417,0.0292,,rain,5,8.724088619810061,0.005
00e9be89-00001750.jpg,00e9be89-00001755.jpg,orb,2000,2000,37,16,0.4324,0.0185,39.6216,0.0522,0.033,,rain,5,10.859521834573952,0.0185
00e9be89-00001755.jpg,00e9be89-00001760.jpg,orb,2000,2000,15,5,0.3333,0.0075,42.1333,0.0544,0.0296,,rain,5,11.635804807417154,0.0075
00e9be89-00001760.jpg,00e9be89-00001765.jpg,orb,2000,2000,8,5,0.625,0.004,42.0,0.0598,0.0281,,rain,5,10.569486266096504,0.004
00e9be89-00001765.jpg,00e9be89-00001770.jpg,orb,2000,2000,13,7,0.5385,0.0065,37.3846,0.0658,0.0383,,rain,5,9.4627588506978,0.0065
00e9be89-00001770.jpg,00e9be89-00001775.jpg,orb,2000,2000,21,12,0.5714,0.0105,36.2381,0.0625,0.0341,,rain,5,9.613892012707714,0.0105
00e9be89-00001775.jpg,00e9be89-00001780.jpg,orb,2000,2000,22,6,0.2727,0.011,41.2727,0.0743,0.0368,,rain,5,10.45342813607231,0.011
00e9be89-00001780.jpg,00e9be89-00001785.jpg,orb,2000,2000,16,6,0.375,0.008,41.0,0.0584,0.0344,,rain,5,10.812098152330233,0.008
00e9be89-00001785.jpg,00e9be89-00001795.jpg,orb,2000,2000,12,6,0.5,0.006,41.1667,0.0395,0.0291,,rain,5,10.178367123874612,0.006
00e9be89-00001795.jpg,00e9be89-00001800.jpg,orb,2000,2000,830,818,0.9855,0.415,22.1217,0.0563,0.0301,,rain,5,10.456418747155372,0.415
00e9be89-00001800.jpg,00e9be89-00001810.jpg,orb,2000,2000,93,34,0.3656,0.0465,37.1075,0.0618,0.0301,,rain,5,10.973462123791062,0.0465
00e9be89-00001810.jpg,00e9be89-00001815.jpg,orb,2000,2000,86,39,0.4535,0.043,37.4884,0.0583,0.0281,,rain,5,10.89173294444089,0.043
00e9be89-00001815.jpg,00e9be89-00001820.jpg,orb,2000,2000,26,11,0.4231,0.013,38.0,0.0537,0.0261,,rain,5,11.025752238778256,0.013
00e9be89-00001820.jpg,00e9be89-00001825.jpg,orb,2000,2000,20,9,0.45,0.01,38.35,0.0538,0.0281,,rain,5,10.98915471577854,0.01
00e9be89-00001825.jpg,00e9be89-00001830.jpg,orb,2000,2000,39,13,0.3333,0.0195,40.6923,0.0583,0.0341,,rain,5,10.634996370322687,0.0195
00e9be89-00001830.jpg,00e9be89-00001840.jpg,orb,2000,2000,12,5,0.4167,0.006,44.5,0.0626,0.0301,,rain,5,9.97086920584708,0.006
00e9be89-00001840.jpg,00e9be89-00001845.jpg,orb,2000,2000,1216,1207,0.9926,0.608,15.3257,0.051,0.0261,,rain,5,9.564997374798926,0.608
00e9be89-00001845.jpg,00e9be89-00001865.jpg,orb,2000,2000,1040,1035,0.9952,0.52,18.1615,0.0541,0.0385,,rain,5,9.488672488121942,0.52
00e9be89-00001865.jpg,00e9be89-00001870.jpg,orb,2000,2000,1106,1099,0.9937,0.553,18.5307,0.0668,0.0301,,rain,5,9.5552829175112,0.553
00e9be89-00001870.jpg,00e9be89-00001875.jpg,orb,2000,2000,1183,1174,0.9924,0.5915,14.6999,0.0603,0.0336,,rain,5,9.610208484977491,0.5915
00e9be89-00001875.jpg,00e9be89-00001885.jpg,orb,2000,2000,1171,1163,0.9932,0.5855,16.7592,0.0638,0.0341,,rain,5,9.50090287420409,0.5855
00e9be89-00001885.jpg,00e9be89-00001890.jpg,orb,2000,2000,1249,1234,0.988,0.6245,16.4259,0.0638,0.0325,,rain,5,9.450998361736836,0.6245
00e9be89-00001890.jpg,00e9be89-00001895.jpg,orb,2000,2000,1212,1198,0.9884,0.606,15.5297,0.0623,0.0301,,rain,5,9.514255579132117,0.606
00e9be89-00001895.jpg,00e9be89-00001900.jpg,orb,2000,2000,1216,1207,0.9926,0.608,16.8651,0.0559,0.0301,,rain,5,9.59256735845266,0.608
00e9be89-00001900.jpg,00e9be89-00001905.jpg,orb,2000,2000,217,135,0.6221,0.1085,30.5806,0.0618,0.0332,,rain,5,9.719778071349086,0.1085
00e9be89-00001905.jpg,00e9be89-00001915.jpg,orb,2000,2000,32,13,0.4062,0.016,39.0,0.0603,0.0296,,rain,5,10.105309212557003,0.016
00e9be89-00000015.jpg,00e9be89-00000100.jpg,orb,2000,2000,2,0,0.0,0.001,40.5,0.0804,0.0281,C:\Users\amit\Project_digital_image_processing__Amit_Alon\outputs\visualizations\task2\enhanced_visualizations\rain\level_6\match_00e9be89-00000015__00e9be89-00000100.png,rain,6,7.373884886570266,0.001
00e9be89-00000100.jpg,00e9be89-00000105.jpg,orb,2000,2000,1014,1006,0.9921,0.507,22.2268,0.0697,0.0342,,rain,6,8.94970242372591,0.507
00e9be89-00000105.jpg,00e9be89-00000110.jpg,orb,2000,2000,1035,1025,0.9903,0.5175,20.601,0.0762,0.0321,,rain,6,8.930942075680049,0.5175
00e9be89-00000110.jpg,00e9be89-00000115.jpg,orb,2000,2000,1043,1029,0.9866,0.5215,21.2378,0.0684,0.0356,,rain,6,8.941742035248147,0.5215
00e9be89-00000115.jpg,00e9be89-00000120.jpg,orb,2000,2000,1258,1246,0.9905,0.629,18.341,0.0663,0.0316,,rain,6,8.962603684960094,0.629
00e9be89-00000120.jpg,00e9be89-00000125.jpg,orb,2000,2000,372,364,0.9785,0.186,33.129,0.0683,0.0276,,rain,6,8.37266330307634,0.186
00e9be89-00000125.jpg,00e9be89-00000130.jpg,orb,2000,2000,874,863,0.9874,0.437,23.0961,0.0618,0.0281,,rain,6,8.010258375692473,0.437
00e9be89-00000130.jpg,00e9be89-00000135.jpg,orb,2000,2000,972,966,0.9938,0.486,22.2819,0.0638,0.0281,,rain,6,8.549126754013278,0.486
00e9be89-00000135.jpg,00e9be89-00000140.jpg,orb,2000,2000,999,983,0.984,0.4995,21.988,0.0708,0.0321,,rain,6,8.88653614380849,0.4995
00e9be89-00000140.jpg,00e9be89-00000145.jpg,orb,2000,2000,97,77,0.7938,0.0485,35.5155,0.064,0.0261,,rain,6,8.919602079072874,0.0485
00e9be89-00000145.jpg,00e9be89-00000150.jpg,orb,2000,2000,9,4,0.4444,0.0045,47.0,0.0738,0.0373,,rain,6,7.285456741948007,0.0045
00e9be89-00000150.jpg,00e9be89-00000160.jpg,orb,2000,2000,9,4,0.4444,0.0045,49.6667,0.0852,0.0293,,rain,6,5.80704565548802,0.0045
00e9be89-00000160.jpg,00e9be89-00000165.jpg,orb,2000,2000,21,5,0.2381,0.0105,39.1905,0.0725,0.0281,,rain,6,5.444878016543468,0.0105
00e9be89-00000165.jpg,00e9be89-00000175.jpg,orb,2000,2000,14,5,0.3571,0.007,41.5,0.0658,0.0281,,rain,6,6.18702908700662,0.007
00e9be89-00000175.jpg,00e9be89-00000190.jpg,orb,2000,2000,11,5,0.4545,0.0055,40.6364,0.0641,0.0296,,rain,6,6.860905913142062,0.0055
00e9be89-00000190.jpg,00e9be89-00001000.jpg,orb,2000,1992,8,4,0.5,0.004,44.875,0.0458,0.0261,,rain,6,7.687115908343701,0.004
00e9be89-00001000.jpg,00e9be89-00001005.jpg,orb,1992,1853,12,6,0.5,0.0065,42.0833,0.0304,0.0318,,rain,6,9.602611234651944,0.006
00e9be89-00001005.jpg,00e9be89-00001010.jpg,orb,1853,1984,11,5,0.4545,0.0059,43.8182,0.0402,0.0281,,rain,6,10.378172266040917,0.0055
00e9be89-00001010.jpg,00e9be89-00001015.jpg,orb,1984,1934,16,4,0.25,0.0083,40.1875,0.0442,0.0278,,rain,6,10.895030967850309,0.008032128514056224
00e9be89-00001015.jpg,00e9be89-00001020.jpg,orb,1934,2000,24,8,0.3333,0.0124,39.375,0.0457,0.0281,,rain,6,10.851529530102642,0.012048192771084338
00e9be89-00001020.jpg,00e9be89-00001025.jpg,orb,2000,2000,14,5,0.3571,0.007,40.7143,0.0522,0.0356,,rain,6,10.630311817496608,0.007
00e9be89-00001025.jpg,00e9be89-00001030.jpg,orb,2000,1988,26,9,0.3462,0.0131,41.0385,0.0594,0.0352,,rain,6,10.62891042416884,0.013
00e9be89-00001030.jpg,00e9be89-00001035.jpg,orb,1988,2000,49,27,0.551,0.0246,35.5714,0.0566,0.0342,,rain,6,10.602969366694868,0.0245
00e9be89-00001035.jpg,00e9be89-00001040.jpg,orb,2000,1980,67,45,0.6716,0.0338,38.7015,0.0543,0.0341,,rain,6,10.704853527890323,0.0335
00e9be89-00001040.jpg,00e9be89-00001045.jpg,orb,1980,1976,120,59,0.4917,0.0607,35.175,0.0401,0.0271,,rain,6,10.763723160950876,0.06
00e9be89-00001045.jpg,00e9be89-00001050.jpg,orb,1976,2000,36,12,0.3333,0.0182,37.5278,0.0348,0.0307,,rain,6,10.733718644311782,0.018
00e9be89-00001050.jpg,00e9be89-00001055.jpg,orb,2000,2000,53,24,0.4528,0.0265,40.9245,0.0365,0.0296,,rain,6,10.665154598865914,0.0265
00e9be89-00001055.jpg,00e9be89-00001060.jpg,orb,2000,2000,60,31,0.5167,0.03,38.8,0.0429,0.0262,,rain,6,10.69067420933318,0.03
00e9be89-00001060.jpg,00e9be89-00001065.jpg,orb,2000,2000,35,23,0.6571,0.0175,37.8,0.0457,0.0261,,rain,6,10.537798144339025,0.0175
00e9be89-00001065.jpg,00e9be89-00001070.jpg,orb,2000,2000,75,62,0.8267,0.0375,38.0133,0.0542,0.0341,,rain,6,10.344591570372597,0.0375
00e9be89-00001070.jpg,00e9be89-00001075.jpg,orb,2000,2000,34,19,0.5588,0.017,42.5294,0.0603,0.0316,,rain,6,9.809032066818242,0.017
00e9be89-00001075.jpg,00e9be89-00001080.jpg,orb,2000,2000,20,11,0.55,0.01,42.1,0.0582,0.0341,,rain,6,9.913455017411962,0.01
00e9be89-00001080.jpg,00e9be89-00001090.jpg,orb,2000,2000,34,22,0.6471,0.017,38.6471,0.0538,0.0402,,rain,6,11.064242407248786,0.017
00e9be89-00001090.jpg,00e9be89-00001095.jpg,orb,2000,2000,32,16,0.5,0.016,36.25,0.0602,0.0361,,rain,6,11.57629660296761,0.016
00e9be89-00001095.jpg,00e9be89-00001100.jpg,orb,2000,2000,22,11,0.5,0.011,41.9545,0.0509,0.0281,,rain,6,11.544413543549377,0.011
00e9be89-00001100.jpg,00e9be89-00001105.jpg,orb,2000,2000,24,6,0.25,0.012,41.875,0.0543,0.0301,,rain,6,11.12046919690964,0.012
00e9be89-00001105.jpg,00e9be89-00001115.jpg,orb,2000,2000,15,5,0.3333,0.0075,43.7333,0.0401,0.0343,,rain,6,10.184030077734576,0.0075
00e9be89-00001115.jpg,00e9be89-00001125.jpg,orb,2000,2000,17,5,0.2941,0.0085,45.3529,0.0352,0.0351,,rain,6,10.349024775846258,0.0085
00e9be89-00001125.jpg,00e9be89-00001130.jpg,orb,2000,2000,23,13,0.5652,0.0115,39.4783,0.0618,0.0281,,rain,6,10.699897445168482,0.0115
00e9be89-00001130.jpg,00e9be89-00001135.jpg,orb,2000,2000,29,17,0.5862,0.0145,39.1034,0.0547,0.0301,,rain,6,11.075615348375656,0.0145
00e9be89-00001135.jpg,00e9be89-00001140.jpg,orb,2000,2000,53,45,0.8491,0.0265,32.4906,0.0407,0.0273,,rain,6,11.751079031073395,0.0265
00e9be89-00001140.jpg,00e9be89-00001150.jpg,orb,2000,2000,50,16,0.32,0.025,42.94,0.0309,0.0323,,rain,6,11.968662334342364,0.025
00e9be89-00001150.jpg,00e9be89-00001155.jpg,orb,2000,2000,37,20,0.5405,0.0185,37.4324,0.0363,0.0281,,rain,6,12.272059745832363,0.0185
00e9be89-00001155.jpg,00e9be89-00001160.jpg,orb,2000,2000,34,17,0.5,0.017,40.2647,0.0636,0.035,,rain,6,12.2601728520069,0.017
00e9be89-00001160.jpg,00e9be89-00001165.jpg,orb,2000,2000,16,5,0.3125,0.008,42.25,0.0632,0.0327,,rain,6,12.33819496828383,0.008
00e9be89-00001165.jpg,00e9be89-00001170.jpg,orb,2000,2000,30,15,0.5,0.015,41.6667,0.0543,0.0272,,rain,6,12.193805255007568,0.015
00e9be89-00001170.jpg,00e9be89-00001175.jpg,orb,2000,2000,24,14,0.5833,0.012,40.7917,0.0563,0.0276,,rain,6,12.326094615827792,0.012
00e9be89-00001175.jpg,00e9be89-00001180.jpg,orb,2000,2000,56,29,0.5179,0.028,40.2143,0.055,0.0293,,rain,6,12.62068916217567,0.028
00e9be89-00001180.jpg,00e9be89-00001185.jpg,orb,2000,2000,22,8,0.3636,0.011,44.3636,0.0432,0.0303,,rain,6,12.313550873647982,0.011
00e9be89-00001185.jpg,00e9be89-00001190.jpg,orb,2000,2000,7,4,0.5714,0.0035,48.1429,0.0302,0.0385,,rain,6,11.613168573969029,0.0035
00e9be89-00001190.jpg,00e9be89-00001195.jpg,orb,2000,2000,14,6,0.4286,0.007,43.5,0.0429,0.0303,,rain,6,8.726710228667773,0.007
00e9be89-00001195.jpg,00e9be89-00001200.jpg,orb,2000,1977,15,6,0.4,0.0076,41.8,0.0422,0.0276,,rain,6,9.52631207505157,0.00754906894816306
00e9be89-00001200.jpg,00e9be89-00001205.jpg,orb,1977,1289,15,6,0.4,0.0116,41.0667,0.0417,0.0181,,rain,6,12.76975299325958,0.00754906894816306
00e9be89-00001205.jpg,00e9be89-00001210.jpg,orb,1289,1998,10,4,0.4,0.0078,40.7,0.0485,0.0181,,rain,6,12.770775729841194,0.00501002004008016
00e9be89-00001210.jpg,00e9be89-00001215.jpg,orb,1998,1999,21,7,0.3333,0.0105,39.5714,0.0578,0.0358,,rain,6,12.434961523959236,0.0105
00e9be89-00001215.jpg,00e9be89-00001220.jpg,orb,1999,2000,9,4,0.4444,0.0045,40.6667,0.0627,0.0343,,rain,6,11.263654116807505,0.0045
00e9be89-00001220.jpg,00e9be89-00001225.jpg,orb,2000,2000,13,5,0.3846,0.0065,45.2308,0.0463,0.0281,,rain,6,11.450318281191382,0.0065
00e9be89-00001225.jpg,00e9be89-00001230.jpg,orb,2000,2000,22,8,0.3636,0.011,40.1818,0.0558,0.0281,,rain,6,12.451437659336872,0.011
00e9be89-00001230.jpg,00e9be89-00001240.jpg,orb,2000,1255,39,20,0.5128,0.0311,36.5641,0.0381,0.0161,,rain,6,12.432026175869904,0.021440351841671246
00e9be89-00001240.jpg,00e9be89-00001245.jpg,orb,1255,2000,33,14,0.4242,0.0263,39.9394,0.0451,0.0201,,rain,6,11.803283769436824,0.018141836173721827
00e9be89-00001245.jpg,00e9be89-00001250.jpg,orb,2000,2000,28,7,0.25,0.014,44.0,0.0482,0.0276,,rain,6,12.153616632531614,0.014
00e9be89-00001250.jpg,00e9be89-00001255.jpg,orb,2000,2000,22,7,0.3182,0.011,44.6364,0.0401,0.0345,,rain,6,13.073931147660534,0.011
00e9be89-00001255.jpg,00e9be89-00001260.jpg,orb,2000,2000,16,7,0.4375,0.008,40.875,0.0365,0.0336,,rain,6,12.742557655580727,0.008
00e9be89-00001260.jpg,00e9be89-00001265.jpg,orb,2000,2000,19,7,0.3684,0.0095,44.1579,0.0459,0.0278,,rain,6,10.822801498815243,0.0095
00e9be89-00001265.jpg,00e9be89-00001270.jpg,orb,2000,2000,6,0,0.0,0.003,43.6667,0.0517,0.0347,,rain,6,7.989717236274094,0.003
00e9be89-00001270.jpg,00e9be89-00001275.jpg,orb,2000,2000,12,4,0.3333,0.006,43.0833,0.0619,0.0372,,rain,6,7.834197997570882,0.006
00e9be89-00001275.jpg,00e9be89-00001280.jpg,orb,2000,2000,11,4,0.3636,0.0055,43.6364,0.0693,0.0296,,rain,6,7.413344798251841,0.0055
00e9be89-00001280.jpg,00e9be89-00001285.jpg,orb,2000,2000,12,4,0.3333,0.006,40.4167,0.0623,0.0325,,rain,6,4.752172816136104,0.006
00e9be89-00001285.jpg,00e9be89-00001290.jpg,orb,2000,2000,9,5,0.5556,0.0045,38.7778,0.0583,0.0316,,rain,6,5.801073202353404,0.0045
00e9be89-00001290.jpg,00e9be89-00001295.jpg,orb,2000,2000,16,5,0.3125,0.008,45.5,0.0482,0.0316,,rain,6,6.9748502980073965,0.008
00e9be89-00001295.jpg,00e9be89-00001305.jpg,orb,2000,2000,7,4,0.5714,0.0035,43.2857,0.0623,0.0321,,rain,6,6.531686526305854,0.0035
00e9be89-00001305.jpg,00e9be89-00001310.jpg,orb,2000,2000,15,6,0.4,0.0075,44.6667,0.0682,0.0341,,rain,6,6.689303577117027,0.0075
00e9be89-00001310.jpg,00e9be89-00001315.jpg,orb,2000,2000,10,4,0.4,0.005,44.3,0.0587,0.0281,,rain,6,4.701202848665449,0.005
00e9be89-00001315.jpg,00e9be89-00001325.jpg,orb,2000,1997,19,5,0.2632,0.0095,39.4737,0.0356,0.0294,,rain,6,3.2924727289212443,0.0095
00e9be89-00001325.jpg,00e9be89-00001330.jpg,orb,1997,1676,24,8,0.3333,0.0143,32.0833,0.0306,0.0294,,rain,6,2.9955004611240312,0.012
00e9be89-00001330.jpg,00e9be89-00001335.jpg,orb,1676,2000,7,4,0.5714,0.0042,40.7143,0.0524,0.0362,,rain,6,5.332336495214126,0.0035
00e9be89-00001335.jpg,00e9be89-00001340.jpg,orb,2000,2000,7,6,0.8571,0.0035,40.5714,0.0548,0.0373,,rain,6,9.036127112090243,0.0035
00e9be89-00001340.jpg,00e9be89-00001345.jpg,orb,2000,2000,19,5,0.2632,0.0095,43.4211,0.0618,0.0382,,rain,6,9.575260040602071,0.0095
00e9be89-00001345.jpg,00e9be89-00001350.jpg,orb,2000,2000,13,4,0.3077,0.0065,45.3846,0.0554,0.0311,,rain,6,8.978888029941519,0.0065
00e9be89-00001350.jpg,00e9be89-00001355.jpg,orb,2000,2000,10,4,0.4,0.005,43.1,0.0538,0.0281,,rain,6,9.24597180407804,0.005
00e9be89-00001355.jpg,00e9be89-00001360.jpg,orb,2000,2000,20,0,0.0,0.01,41.85,0.0551,0.0292,,rain,6,8.995465664024614,0.01
00e9be89-00001360.jpg,00e9be89-00001365.jpg,orb,2000,2000,18,5,0.2778,0.009,43.5556,0.0522,0.0301,,rain,6,8.64931792111922,0.009
00e9be89-00001365.jpg,00e9be89-00001370.jpg,orb,2000,2000,21,6,0.2857,0.0105,40.9524,0.0577,0.0301,,rain,6,9.116551091736694,0.0105
00e9be89-00001370.jpg,00e9be89-00001375.jpg,orb,2000,1891,72,30,0.4167,0.0381,37.4028,0.0584,0.0271,,rain,6,9.090832681821354,0.036
00e9be89-00001375.jpg,00e9be89-00001380.jpg,orb,1891,1776,109,49,0.4495,0.0614,36.4862,0.035,0.0243,,rain,6,9.121425518093403,0.0545
00e9be89-00001380.jpg,00e9be89-00001385.jpg,orb,1776,1852,79,27,0.3418,0.0445,38.9367,0.0381,0.0237,,rain,6,9.245925273607243,0.0395
00e9be89-00001385.jpg,00e9be89-00001390.jpg,orb,1852,1875,25,11,0.44,0.0135,30.64,0.0514,0.0321,,rain,6,8.814691634300718,0.0125
00e9be89-00001390.jpg,00e9be89-00001395.jpg,orb,1875,1905,43,13,0.3023,0.0229,35.2791,0.0503,0.0281,,rain,6,8.549140845050545,0.0215
00e9be89-00001395.jpg,00e9be89-00001400.jpg,orb,1905,2000,67,24,0.3582,0.0352,34.4627,0.0517,0.0281,,rain,6,8.886019093197449,0.0335
00e9be89-00001400.jpg,00e9be89-00001405.jpg,orb,2000,2000,59,23,0.3898,0.0295,34.1525,0.0563,0.0281,,rain,6,8.980686603063829,0.0295
00e9be89-00001405.jpg,00e9be89-00001410.jpg,orb,2000,2000,86,40,0.4651,0.043,36.8837,0.0598,0.0321,,rain,6,9.092905202592217,0.043
00e9be89-00001410.jpg,00e9be89-00001415.jpg,orb,2000,2000,97,27,0.2784,0.0485,33.9897,0.0543,0.0296,,rain,6,9.046962897518007,0.0485
00e9be89-00001415.jpg,00e9be89-00001420.jpg,orb,2000,2000,64,24,0.375,0.032,34.5,0.0578,0.0294,,rain,6,8.580300894762805,0.032
00e9be89-00001420.jpg,00e9be89-00001425.jpg,orb,2000,2000,45,17,0.3778,0.0225,34.2667,0.0497,0.0301,,rain,6,8.184926307494834,0.0225
00e9be89-00001425.jpg,00e9be89-00001430.jpg,orb,2000,2000,58,20,0.3448,0.029,35.8448,0.0562,0.0282,,rain,6,8.01528639125178,0.029
00e9be89-00001430.jpg,00e9be89-00001440.jpg,orb,2000,2000,24,6,0.25,0.012,39.7083,0.0519,0.0261,,rain,6,8.42408980396187,0.012
00e9be89-00001440.jpg,00e9be89-00001445.jpg,orb,2000,2000,61,21,0.3443,0.0305,33.2787,0.0695,0.0367,,rain,6,8.023213929606896,0.0305
00e9be89-00001445.jpg,00e9be89-00001450.jpg,orb,2000,2000,30,9,0.3,0.015,38.6,0.0609,0.0321,,rain,6,7.219176449461303,0.015
00e9be89-00001450.jpg,00e9be89-00001455.jpg,orb,2000,1726,58,38,0.6552,0.0336,37.0172,0.0519,0.0266,,rain,6,7.437419573817742,0.029
00e9be89-00001455.jpg,00e9be89-00001460.jpg,orb,1726,1796,60,31,0.5167,0.0348,38.6667,0.0428,0.0222,,rain,6,7.845086170018966,0.03
00e9be89-00001460.jpg,00e9be89-00001465.jpg,orb,1796,1863,104,87,0.8365,0.0579,31.2692,0.0398,0.0261,,rain,6,7.9432006876793455,0.052
00e9be89-00001465.jpg,00e9be89-00001470.jpg,orb,1863,2000,22,4,0.1818,0.0118,42.0455,0.0482,0.0296,,rain,6,8.821747334747394,0.011
00e9be89-00001470.jpg,00e9be89-00001475.jpg,orb,2000,2000,51,28,0.549,0.0255,35.4706,0.0542,0.0316,,rain,6,9.727595922750249,0.0255
00e9be89-00001475.jpg,00e9be89-00001480.jpg,orb,2000,1995,27,8,0.2963,0.0135,38.2593,0.0542,0.0369,,rain,6,9.38714995773378,0.0135
00e9be89-00001480.jpg,00e9be89-00001485.jpg,orb,1995,2000,20,1,0.05,0.01,41.25,0.0543,0.0316,,rain,6,10.4652692196499,0.01
00e9be89-00001485.jpg,00e9be89-00001490.jpg,orb,2000,1945,31,9,0.2903,0.0159,38.4839,0.056,0.0295,,rain,6,12.094815500749672,0.0155
00e9be89-00001490.jpg,00e9be89-00001495.jpg,orb,1945,1975,641,628,0.9797,0.3296,18.7488,0.0621,0.0341,,rain,6,12.22384403235413,0.3205
00e9be89-00001495.jpg,00e9be89-00001500.jpg,orb,1975,1986,838,824,0.9833,0.4243,15.8437,0.0563,0.032,,rain,6,12.2287755857437,0.419
00e9be89-00001500.jpg,00e9be89-00001505.jpg,orb,1986,2000,255,210,0.8235,0.1284,29.898,0.0511,0.0323,,rain,6,12.297872378755786,0.1275
00e9be89-00001505.jpg,00e9be89-00001510.jpg,orb,2000,2000,34,16,0.4706,0.017,39.7941,0.0462,0.0281,,rain,6,12.175801692047132,0.017
00e9be89-00001510.jpg,00e9be89-00001515.jpg,orb,2000,2000,37,12,0.3243,0.0185,41.973,0.0457,0.0301,,rain,6,11.403225420838911,0.0185
00e9be89-00001515.jpg,00e9be89-00001520.jpg,orb,2000,2000,13,4,0.3077,0.0065,43.8462,0.0538,0.0281,,rain,6,10.091675684436268,0.0065
00e9be89-00001520.jpg,00e9be89-00001525.jpg,orb,2000,2000,47,28,0.5957,0.0235,38.0426,0.0563,0.0296,,rain,6,9.88709747310087,0.0235
00e9be89-00001525.jpg,00e9be89-00001535.jpg,orb,2000,2000,24,8,0.3333,0.012,40.2917,0.0598,0.0301,,rain,6,10.014961631030705,0.012
00e9be89-00001535.jpg,00e9be89-00001540.jpg,orb,2000,2000,18,5,0.2778,0.009,43.0556,0.0603,0.0281,,rain,6,8.40134814106328,0.009
00e9be89-00001540.jpg,00e9be89-00001545.jpg,orb,2000,2000,21,9,0.4286,0.0105,43.4762,0.0583,0.0321,,rain,6,7.328449984026932,0.0105
00e9be89-00001545.jpg,00e9be89-00001550.jpg,orb,2000,2000,99,62,0.6263,0.0495,36.2626,0.0563,0.027,,rain,6,7.559389609857366,0.0495
00e9be89-00001550.jpg,00e9be89-00001555.jpg,orb,2000,2000,359,347,0.9666,0.1795,19.9248,0.0621,0.0382,,rain,6,7.562951490968684,0.1795
00e9be89-00001555.jpg,00e9be89-00001560.jpg,orb,2000,2000,239,223,0.9331,0.1195,26.3222,0.0642,0.0342,,rain,6,7.582792370084506,0.1195
00e9be89-00001560.jpg,00e9be89-00001565.jpg,orb,2000,2000,416,387,0.9303,0.208,22.7933,0.0421,0.0329,,rain,6,7.641704619958253,0.208
00e9be89-00001565.jpg,00e9be89-00001570.jpg,orb,2000,2000,32,18,0.5625,0.016,37.5,0.0398,0.0322,,rain,6,8.06727754105593,0.016
00e9be89-00001570.jpg,00e9be89-00001575.jpg,orb,2000,2000,46,16,0.3478,0.023,39.587,0.0406,0.0305,,rain,6,8.369387999842175,0.023
00e9be89-00001575.jpg,00e9be89-00001580.jpg,orb,2000,2000,94,62,0.6596,0.047,33.9787,0.0598,0.0301,,rain,6,8.17796431606191,0.047
00e9be89-00001580.jpg,00e9be89-00001585.jpg,orb,2000,2000,39,10,0.2564,0.0195,38.8205,0.0603,0.0276,,rain,6,7.446058586059461,0.0195
00e9be89-00001585.jpg,00e9be89-00001590.jpg,orb,2000,2000,18,6,0.3333,0.009,42.5556,0.0603,0.0281,,rain,6,6.176335796466272,0.009
00e9be89-00001590.jpg,00e9be89-00001595.jpg,orb,2000,2000,15,5,0.3333,0.0075,40.4,0.0542,0.0284,,rain,6,5.322170565154087,0.0075
00e9be89-00001595.jpg,00e9be89-00001600.jpg,orb,2000,2000,14,3,0.2143,0.007,41.2857,0.0586,0.0301,,rain,6,5.884081987406997,0.007
00e9be89-00001600.jpg,00e9be89-00001605.jpg,orb,2000,2000,99,56,0.5657,0.0495,36.5556,0.0524,0.0321,,rain,6,6.452057192446309,0.0495
00e9be89-00001605.jpg,00e9be89-00001610.jpg,orb,2000,2000,15,5,0.3333,0.0075,45.6667,0.0639,0.0355,,rain,6,7.019205226204502,0.0075
00e9be89-00001610.jpg,00e9be89-00001620.jpg,orb,2000,2000,10,4,0.4,0.005,46.3,0.0484,0.0323,,rain,6,7.427505866132368,0.005
00e9be89-00001620.jpg,00e9be89-00001625.jpg,orb,2000,2000,20,11,0.55,0.01,34.65,0.0597,0.0321,,rain,6,7.963785293088832,0.01
00e9be89-00001625.jpg,00e9be89-00001630.jpg,orb,2000,2000,63,21,0.3333,0.0315,37.6508,0.0603,0.0296,,rain,6,9.000956675270142,0.0315
00e9be89-00001630.jpg,00e9be89-00001635.jpg,orb,2000,2000,22,6,0.2727,0.011,42.8636,0.0583,0.0296,,rain,6,9.119096328959415,0.011
00e9be89-00001635.jpg,00e9be89-00001640.jpg,orb,2000,2000,17,3,0.1765,0.0085,42.1176,0.0601,0.0321,,rain,6,6.353420038911278,0.0085
00e9be89-00001640.jpg,00e9be89-00001645.jpg,orb,2000,2000,20,8,0.4,0.01,37.6,0.0578,0.0319,,rain,6,2.561669418769762,0.01
00e9be89-00001645.jpg,00e9be89-00001650.jpg,orb,2000,2000,21,5,0.2381,0.0105,40.1905,0.0563,0.0276,,rain,6,2.474898120304877,0.0105
00e9be89-00001650.jpg,00e9be89-00001655.jpg,orb,2000,2000,12,5,0.4167,0.006,44.9167,0.0598,0.0281,,rain,6,3.604863055702837,0.006
00e9be89-00001655.jpg,00e9be89-00001665.jpg,orb,2000,2000,10,3,0.3,0.005,42.5,0.0583,0.0281,,rain,6,6.4054486943096265,0.005
00e9be89-00001665.jpg,00e9be89-00001670.jpg,orb,2000,2000,10,4,0.4,0.005,40.4,0.0667,0.0402,,rain,6,9.157604181144745,0.005
00e9be89-00001670.jpg,00e9be89-00001675.jpg,orb,2000,2000,19,6,0.3158,0.0095,43.3158,0.0633,0.0301,,rain,6,8.46812710962169,0.0095
00e9be89-00001675.jpg,00e9be89-00001680.jpg,orb,2000,2000,17,4,0.2353,0.0085,42.9412,0.0437,0.0261,,rain,6,7.836221174986047,0.0085
00e9be89-00001680.jpg,00e9be89-00001685.jpg,orb,2000,2000,18,5,0.2778,0.009,37.5556,0.0565,0.0321,,rain,6,8.166715567461736,0.009
00e9be89-00001685.jpg,00e9be89-00001690.jpg,orb,2000,2000,18,5,0.2778,0.009,38.6111,0.0638,0.0281,,rain,6,10.042254160406484,0.009
00e9be89-00001690.jpg,00e9be89-00001695.jpg,orb,2000,2000,14,6,0.4286,0.007,39.2143,0.0603,0.0272,,rain,6,12.338753611250237,0.007
00e9be89-00001695.jpg,00e9be89-00001705.jpg,orb,2000,2000,11,4,0.3636,0.0055,40.7273,0.0488,0.0301,,rain,6,11.376189604018425,0.0055
00e9be89-00001705.jpg,00e9be89-00001710.jpg,orb,2000,1999,63,46,0.7302,0.0315,34.7937,0.0352,0.0346,,rain,6,9.754476725913046,0.0315
00e9be89-00001710.jpg,00e9be89-00001715.jpg,orb,1999,2000,27,12,0.4444,0.0135,39.0741,0.0443,0.0298,,rain,6,9.566164933366686,0.0135
00e9be89-00001715.jpg,00e9be89-00001720.jpg,orb,2000,1978,44,28,0.6364,0.0222,37.9773,0.0477,0.0281,,rain,6,9.678703025877262,0.022044088176352707
00e9be89-00001720.jpg,00e9be89-00001725.jpg,orb,1978,2000,50,40,0.8,0.0253,35.08,0.0542,0.0291,,rain,6,9.733321517246877,0.025050100200400802
00e9be89-00001725.jpg,00e9be89-00001730.jpg,orb,2000,1985,60,43,0.7167,0.0302,34.8,0.0543,0.0316,,rain,6,9.714394388578931,0.03
00e9be89-00001730.jpg,00e9be89-00001740.jpg,orb,1985,2000,15,6,0.4,0.0076,36.6,0.0535,0.0365,,rain,6,9.846326214790054,0.0075
00e9be89-00001740.jpg,00e9be89-00001745.jpg,orb,2000,2000,9,4,0.4444,0.0045,43.3333,0.0676,0.0298,,rain,6,7.963656128186161,0.0045
00e9be89-00001745.jpg,00e9be89-00001750.jpg,orb,2000,2000,10,5,0.5,0.005,42.7,0.0534,0.0266,,rain,6,7.417139374469926,0.005
00e9be89-00001750.jpg,00e9be89-00001755.jpg,orb,2000,2000,33,15,0.4545,0.0165,38.7273,0.0383,0.0323,,rain,6,9.59261650416133,0.0165
00e9be89-00001755.jpg,00e9be89-00001760.jpg,orb,2000,2000,23,7,0.3043,0.0115,43.8261,0.0341,0.0361,,rain,6,10.391245915606774,0.0115
00e9be89-00001760.jpg,00e9be89-00001765.jpg,orb,2000,2000,14,6,0.4286,0.007,41.0714,0.0443,0.0264,,rain,6,9.352056583976385,0.007
00e9be89-00001765.jpg,00e9be89-00001770.jpg,orb,2000,2000,13,7,0.5385,0.0065,36.6154,0.0557,0.0301,,rain,6,8.279748978491481,0.0065
00e9be89-00001770.jpg,00e9be89-00001775.jpg,orb,2000,2000,35,20,0.5714,0.0175,33.6571,0.0537,0.0301,,rain,6,8.455941149072999,0.0175
00e9be89-00001775.jpg,00e9be89-00001780.jpg,orb,2000,2000,20,8,0.4,0.01,43.35,0.0584,0.0276,,rain,6,9.30701442825974,0.01
00e9be89-00001780.jpg,00e9be89-00001785.jpg,orb,2000,2000,11,6,0.5455,0.0055,43.1818,0.0565,0.0352,,rain,6,9.693340965556429,0.0055
00e9be89-00001785.jpg,00e9be89-00001795.jpg,orb,2000,2000,7,4,0.5714,0.0035,41.8571,0.0602,0.0357,,rain,6,9.050652588587194,0.0035
00e9be89-00001795.jpg,00e9be89-00001800.jpg,orb,2000,2000,890,882,0.991,0.445,22.4539,0.0399,0.0324,,rain,6,9.293620018328776,0.445
00e9be89-00001800.jpg,00e9be89-00001810.jpg,orb,2000,2000,87,44,0.5057,0.0435,36.6667,0.0305,0.0339,,rain,6,9.814928288487152,0.0435
00e9be89-00001810.jpg,00e9be89-00001815.jpg,orb,2000,2000,59,27,0.4576,0.0295,33.7627,0.0426,0.0364,,rain,6,9.73584053188604,0.0295
00e9be89-00001815.jpg,00e9be89-00001820.jpg,orb,2000,2000,19,8,0.4211,0.0095,39.8947,0.0497,0.0281,,rain,6,9.864757757060758,0.0095
00e9be89-00001820.jpg,00e9be89-00001825.jpg,orb,2000,2000,26,9,0.3462,0.013,40.1538,0.0542,0.0296,,rain,6,9.810274881968205,0.013
00e9be89-00001825.jpg,00e9be89-00001830.jpg,orb,2000,2000,22,8,0.3636,0.011,38.4091,0.0618,0.0281,,rain,6,9.431114090890802,0.011
00e9be89-00001830.jpg,00e9be89-00001840.jpg,orb,2000,2000,12,5,0.4167,0.006,45.9167,0.0618,0.0293,,rain,6,8.742522434213576,0.006
00e9be89-00001840.jpg,00e9be89-00001845.jpg,orb,2000,2000,1255,1246,0.9928,0.6275,15.494,0.0592,0.0281,,rain,6,8.324629105569798,0.6275
00e9be89-00001845.jpg,00e9be89-00001865.jpg,orb,2000,2000,1026,1016,0.9903,0.513,18.3343,0.0641,0.0281,,rain,6,8.249996009870424,0.513
00e9be89-00001865.jpg,00e9be89-00001870.jpg,orb,2000,2000,1086,1077,0.9917,0.543,18.6593,0.0628,0.0321,,rain,6,8.322672451231185,0.543
00e9be89-00001870.jpg,00e9be89-00001875.jpg,orb,2000,2000,1166,1158,0.9931,0.583,15.669,0.0523,0.0341,,rain,6,8.37604336093452,0.583
00e9be89-00001875.jpg,00e9be89-00001885.jpg,orb,2000,2000,1135,1123,0.9894,0.5675,17.2996,0.0585,0.0321,,rain,6,8.259367427345797,0.5675
00e9be89-00001885.jpg,00e9be89-00001890.jpg,orb,2000,2000,1208,1205,0.9975,0.604,16.6697,0.065,0.0272,,rain,6,8.20976013947148,0.604
00e9be89-00001890.jpg,00e9be89-00001895.jpg,orb,2000,2000,1229,1222,0.9943,0.6145,16.0464,0.0557,0.0281,,rain,6,8.273499052871063,0.6145
00e9be89-00001895.jpg,00e9be89-00001900.jpg,orb,2000,2000,1192,1186,0.995,0.596,16.8725,0.0627,0.0291,,rain,6,8.352026922462183,0.596
00e9be89-00001900.jpg,00e9be89-00001905.jpg,orb,2000,2000,245,177,0.7224,0.1225,31.3592,0.0581,0.0341,,rain,6,8.482185581216417,0.1225
00e9be89-00001905.jpg,00e9be89-00001915.jpg,orb,2000,2000,26,7,0.2692,0.013,44.1923,0.0455,0.0301,,rain,6,8.869870506579698,0.013
00e9be89-00000015.jpg,00e9be89-00000100.jpg,orb,2000,2000,6,4,0.6667,0.003,41.0,0.0746,0.0281,C:\Users\amit\Project_digital_image_processing__Amit_Alon\outputs\visualizations\task2\enhanced_visualizations\rain\level_7\match_00e9be89-00000015__00e9be89-00000100.png,rain,7,6.402741217508125,0.003
00e9be89-00000100.jpg,00e9be89-00000105.jpg,orb,2000,2000,1006,1001,0.995,0.503,22.163,0.07,0.0281,,rain,7,7.945829318436166,0.503
00e9be89-00000105.jpg,00e9be89-00000110.jpg,orb,2000,2000,1035,1023,0.9884,0.5175,21.0116,0.0816,0.0341,,rain,7,7.925097134998976,0.5175
00e9be89-00000110.jpg,00e9be89-00000115.jpg,orb,2000,2000,1021,1013,0.9922,0.5105,21.7532,0.0744,0.0357,,rain,7,7.937719432192172,0.5105
00e9be89-00000115.jpg,00e9be89-00000120.jpg,orb,2000,2000,1216,1209,0.9942,0.608,18.3306,0.0726,0.0342,,rain,7,7.959312218583177,0.608
00e9be89-00000120.jpg,00e9be89-00000125.jpg,orb,2000,2000,406,395,0.9729,0.203,32.601,0.0678,0.0281,,rain,7,7.354098516533305,0.203
00e9be89-00000125.jpg,00e9be89-00000130.jpg,orb,2000,2000,826,814,0.9855,0.413,23.3959,0.0592,0.0301,,rain,7,6.997326737176634,0.413
00e9be89-00000130.jpg,00e9be89-00000135.jpg,orb,2000,2000,965,957,0.9917,0.4825,22.1648,0.068,0.0305,,rain,7,7.555166759194203,0.4825
00e9be89-00000135.jpg,00e9be89-00000140.jpg,orb,2000,2000,991,975,0.9839,0.4955,21.5661,0.0583,0.0276,,rain,7,7.893023196594144,0.4955
00e9be89-00000140.jpg,00e9be89-00000145.jpg,orb,2000,2000,105,80,0.7619,0.0525,36.6571,0.0482,0.0338,,rain,7,7.926040832833332,0.0525
00e9be89-00000145.jpg,00e9be89-00000150.jpg,orb,2000,2000,18,5,0.2778,0.009,41.5556,0.0587,0.0281,,rain,7,6.267257211960916,0.009
00e9be89-00000150.jpg,00e9be89-00000160.jpg,orb,2000,2000,7,4,0.5714,0.0035,44.1429,0.0586,0.0276,,rain,7,4.788467688039062,0.0035
00e9be89-00000160.jpg,00e9be89-00000165.jpg,orb,2000,2000,10,4,0.4,0.005,41.6,0.07,0.0331,,rain,7,4.439848101730687,0.005
00e9be89-00000165.jpg,00e9be89-00000175.jpg,orb,2000,2000,18,5,0.2778,0.009,40.9444,0.0528,0.0342,,rain,7,5.180512241295393,0.009
00e9be89-00000175.jpg,00e9be89-00000190.jpg,orb,2000,2000,7,4,0.5714,0.0035,42.8571,0.0557,0.0261,,rain,7,5.858599726818024,0.0035
00e9be89-00000190.jpg,00e9be89-00001000.jpg,orb,2000,1985,9,5,0.5556,0.0045,44.3333,0.0603,0.0301,,rain,7,6.699008964983877,0.0045
00e9be89-00001000.jpg,00e9be89-00001005.jpg,orb,1985,1822,17,7,0.4118,0.0093,38.2353,0.0523,0.0261,,rain,7,8.672653724060776,0.0085
00e9be89-00001005.jpg,00e9be89-00001010.jpg,orb,1822,1988,5,0,0.0,0.0027,38.0,0.0522,0.0281,,rain,7,9.458379264622849,0.0025
00e9be89-00001010.jpg,00e9be89-00001015.jpg,orb,1988,1905,18,6,0.3333,0.0094,43.4444,0.0558,0.0281,,rain,7,9.956881899758285,0.009036144578313253
00e9be89-00001015.jpg,00e9be89-00001020.jpg,orb,1905,2000,12,5,0.4167,0.0063,41.4167,0.0508,0.0261,,rain,7,9.92558138610465,0.006024096385542169
00e9be89-00001020.jpg,00e9be89-00001025.jpg,orb,2000,2000,25,3,0.12,0.0125,40.76,0.0429,0.0384,,rain,7,9.69782886963232,0.0125
00e9be89-00001025.jpg,00e9be89-00001030.jpg,orb,2000,1990,30,9,0.3,0.0151,40.4,0.0405,0.0351,,rain,7,9.684733641205389,0.015
00e9be89-00001030.jpg,00e9be89-00001035.jpg,orb,1990,1994,63,37,0.5873,0.0317,37.3016,0.055,0.0362,,rain,7,9.650605033069624,0.0315
00e9be89-00001035.jpg,00e9be89-00001040.jpg,orb,1994,1959,50,35,0.7,0.0255,35.28,0.0547,0.0314,,rain,7,9.748203314581977,0.025
00e9be89-00001040.jpg,00e9be89-00001045.jpg,orb,1959,1985,101,58,0.5743,0.0516,36.8713,0.0497,0.0321,,rain,7,9.808707760853586,0.0505
00e9be89-00001045.jpg,00e9be89-00001050.jpg,orb,1985,2000,40,10,0.25,0.0202,39.0,0.0538,0.0281,,rain,7,9.777564552057402,0.02
00e9be89-00001050.jpg,00e9be89-00001055.jpg,orb,2000,2000,51,18,0.3529,0.0255,39.3333,0.0588,0.035,,rain,7,9.705940073190607,0.0255
00e9be89-00001055.jpg,00e9be89-00001060.jpg,orb,2000,2000,48,28,0.5833,0.024,39.4792,0.0533,0.0314,,rain,7,9.732614487279871,0.024
00e9be89-00001060.jpg,00e9be89-00001065.jpg,orb,2000,2000,30,22,0.7333,0.015,39.2,0.0552,0.0334,,rain,7,9.577003120217562,0.015
00e9be89-00001065.jpg,00e9be89-00001070.jpg,orb,2000,2000,74,49,0.6622,0.037,37.5405,0.0627,0.0324,,rain,7,9.371568351286246,0.037
00e9be89-00001070.jpg,00e9be89-00001075.jpg,orb,2000,2000,17,8,0.4706,0.0085,41.0,0.0582,0.0281,,rain,7,8.82917526838747,0.0085
00e9be89-00001075.jpg,00e9be89-00001080.jpg,orb,2000,2000,18,5,0.2778,0.009,39.0556,0.0562,0.0321,,rain,7,8.94429505333389,0.009
00e9be89-00001080.jpg,00e9be89-00001090.jpg,orb,2000,2000,18,10,0.5556,0.009,39.0,0.0604,0.0344,,rain,7,10.107228258102804,0.009
00e9be89-00001090.jpg,00e9be89-00001095.jpg,orb,2000,2000,35,21,0.6,0.0175,37.3714,0.0493,0.032,,rain,7,10.61656662296796,0.0175
00e9be89-00001095.jpg,00e9be89-00001100.jpg,orb,2000,2000,21,9,0.4286,0.0105,42.6667,0.0517,0.0341,,rain,7,10.582638704475874,0.0105
00e9be89-00001100.jpg,00e9be89-00001105.jpg,orb,2000,2000,18,8,0.4444,0.009,41.6111,0.063,0.0352,,rain,7,10.15951026365686,0.009
00e9be89-00001105.jpg,00e9be89-00001115.jpg,orb,2000,2000,14,1,0.0714,0.007,42.7143,0.0508,0.0321,,rain,7,9.243671787835837,0.007
00e9be89-00001115.jpg,00e9be89-00001125.jpg,orb,2000,2000,16,5,0.3125,0.008,48.0,0.0589,0.0359,,rain,7,9.409062276860954,0.008
00e9be89-00001125.jpg,00e9be89-00001130.jpg,orb,2000,2000,31,18,0.5806,0.0155,37.0323,0.0605,0.0261,,rain,7,9.737525571388677,0.0155
00e9be89-00001130.jpg,00e9be89-00001135.jpg,orb,2000,2000,46,33,0.7174,0.023,36.3478,0.0405,0.0321,,rain,7,10.125878979101564,0.023
00e9be89-00001135.jpg,00e9be89-00001140.jpg,orb,2000,2000,50,31,0.62,0.025,36.58,0.0425,0.0364,,rain,7,10.807943120127389,0.025
00e9be89-00001140.jpg,00e9be89-00001150.jpg,orb,2000,2000,29,18,0.6207,0.0145,37.1724,0.0558,0.0311,,rain,7,11.023064211338342,0.0145
00e9be89-00001150.jpg,00e9be89-00001155.jpg,orb,2000,2000,40,29,0.725,0.02,38.125,0.0563,0.0296,,rain,7,11.332228155141983,0.02
00e9be89-00001155.jpg,00e9be89-00001160.jpg,orb,2000,2000,45,26,0.5778,0.0225,37.6444,0.057,0.0321,,rain,7,11.31650364846687,0.0225
00e9be89-00001160.jpg,00e9be89-00001165.jpg,orb,2000,2000,21,11,0.5238,0.0105,42.4286,0.0603,0.0321,,rain,7,11.416062742418871,0.0105
00e9be89-00001165.jpg,00e9be89-00001170.jpg,orb,2000,2000,32,10,0.3125,0.016,39.8438,0.0384,0.0293,,rain,7,11.27796405599286,0.016
00e9be89-00001170.jpg,00e9be89-00001175.jpg,orb,2000,2000,21,9,0.4286,0.0105,40.6667,0.0301,0.0342,,rain,7,11.39147337934418,0.0105
00e9be89-00001175.jpg,00e9be89-00001180.jpg,orb,2000,2000,41,25,0.6098,0.0205,39.878,0.0408,0.0312,,rain,7,11.683488384000771,0.0205
00e9be89-00001180.jpg,00e9be89-00001185.jpg,orb,2000,2000,19,8,0.4211,0.0095,40.3684,0.0488,0.0278,,rain,7,11.383055914490928,0.0095
00e9be89-00001185.jpg,00e9be89-00001190.jpg,orb,2000,2000,15,9,0.6,0.0075,40.8,0.0542,0.0281,,rain,7,10.69040305903107,0.0075
00e9be89-00001190.jpg,00e9be89-00001195.jpg,orb,2000,2000,4,4,1.0,0.002,36.25,0.0598,0.0281,,rain,7,7.7445875591725635,0.002
00e9be89-00001195.jpg,00e9be89-00001200.jpg,orb,2000,1974,18,6,0.3333,0.0091,40.3889,0.0502,0.0276,,rain,7,8.55448281642391,0.009058882737795673
00e9be89-00001200.jpg,00e9be89-00001205.jpg,orb,1974,1265,16,6,0.375,0.0126,39.375,0.0454,0.0172,,rain,7,11.863877603482198,0.00805234021137393
00e9be89-00001205.jpg,00e9be89-00001210.jpg,orb,1265,1990,22,6,0.2727,0.0174,38.4545,0.0482,0.0181,,rain,7,11.862431957540416,0.011022044088176353
00e9be89-00001210.jpg,00e9be89-00001215.jpg,orb,1990,1990,20,11,0.55,0.0101,42.95,0.0446,0.0342,,rain,7,11.525267128414873,0.01
00e9be89-00001215.jpg,00e9be89-00001220.jpg,orb,1990,2000,9,4,0.4444,0.0045,43.7778,0.0486,0.0301,,rain,7,10.327545464632855,0.0045
00e9be89-00001220.jpg,00e9be89-00001225.jpg,orb,2000,2000,10,3,0.3,0.005,47.5,0.0497,0.0301,,rain,7,10.527708380075415,0.005
00e9be89-00001225.jpg,00e9be89-00001230.jpg,orb,2000,2000,15,6,0.4,0.0075,42.0667,0.0482,0.0276,,rain,7,11.554613691462752,0.0075
00e9be89-00001230.jpg,00e9be89-00001240.jpg,orb,2000,1142,29,16,0.5517,0.0254,41.1034,0.0418,0.0181,,rain,7,11.544265243041757,0.01594282572842221
00e9be89-00001240.jpg,00e9be89-00001245.jpg,orb,1142,2000,47,29,0.617,0.0412,35.2766,0.0502,0.0161,,rain,7,10.93368514557051,0.02583837273227048
00e9be89-00001245.jpg,00e9be89-00001250.jpg,orb,2000,2000,29,11,0.3793,0.0145,42.0345,0.0543,0.0321,,rain,7,11.299577345871947,0.0145
00e9be89-00001250.jpg,00e9be89-00001255.jpg,orb,2000,2000,13,8,0.6154,0.0065,39.6154,0.0502,0.0296,,rain,7,12.226367838279078,0.0065
00e9be89-00001255.jpg,00e9be89-00001260.jpg,orb,2000,2000,22,8,0.3636,0.011,39.8182,0.0557,0.0261,,rain,7,11.846794866460971,0.011
00e9be89-00001260.jpg,00e9be89-00001265.jpg,orb,2000,2000,23,7,0.3043,0.0115,40.6087,0.0599,0.0281,,rain,7,9.847725260693082,0.0115
00e9be89-00001265.jpg,00e9be89-00001270.jpg,orb,2000,2000,8,4,0.5,0.004,45.0,0.056,0.0361,,rain,7,6.972323224599686,0.004
00e9be89-00001270.jpg,00e9be89-00001275.jpg,orb,2000,2000,10,4,0.4,0.005,44.3,0.0525,0.0336,,rain,7,6.828555246744127,0.005
00e9be89-00001275.jpg,00e9be89-00001280.jpg,orb,2000,2000,17,5,0.2941,0.0085,43.2941,0.0577,0.0286,,rain,7,6.392045299782955,0.0085
00e9be89-00001280.jpg,00e9be89-00001285.jpg,orb,2000,2000,8,4,0.5,0.004,41.75,0.0577,0.0281,,rain,7,3.716271257148966,0.004
00e9be89-00001285.jpg,00e9be89-00001290.jpg,orb,2000,2000,11,5,0.4545,0.0055,41.6364,0.0622,0.0301,,rain,7,4.781931030381711,0.0055
00e9be89-00001290.jpg,00e9be89-00001295.jpg,orb,2000,2000,12,5,0.4167,0.006,42.4167,0.0502,0.0282,,rain,7,5.942230224344639,0.006
00e9be89-00001295.jpg,00e9be89-00001305.jpg,orb,2000,2000,18,4,0.2222,0.009,45.1667,0.0604,0.0281,,rain,7,5.483069645791836,0.009
00e9be89-00001305.jpg,00e9be89-00001310.jpg,orb,2000,2000,8,4,0.5,0.004,46.875,0.0623,0.0276,,rain,7,5.63087983654884,0.004
00e9be89-00001310.jpg,00e9be89-00001315.jpg,orb,2000,2000,4,4,1.0,0.002,52.0,0.0658,0.0318,,rain,7,3.6262995922743215,0.002
00e9be89-00001315.jpg,00e9be89-00001325.jpg,orb,2000,1958,16,4,0.25,0.0082,39.375,0.0405,0.0306,,rain,7,2.2177803616797727,0.008
00e9be89-00001325.jpg,00e9be89-00001330.jpg,orb,1958,1565,15,5,0.3333,0.0096,36.8667,0.0387,0.0241,,rain,7,1.9367499105303765,0.0075
00e9be89-00001330.jpg,00e9be89-00001335.jpg,orb,1565,2000,14,5,0.3571,0.0089,42.4286,0.0489,0.0282,,rain,7,4.367491727050456,0.007
00e9be89-00001335.jpg,00e9be89-00001340.jpg,orb,2000,2000,11,5,0.4545,0.0055,40.4545,0.0638,0.0301,,rain,7,8.111801499536174,0.0055
00e9be89-00001340.jpg,00e9be89-00001345.jpg,orb,2000,2000,14,6,0.4286,0.007,39.5714,0.0546,0.0296,,rain,7,8.592148875951448,0.007
00e9be89-00001345.jpg,00e9be89-00001350.jpg,orb,2000,2000,13,5,0.3846,0.0065,40.3077,0.0635,0.0401,,rain,7,7.967829391743916,0.0065
00e9be89-00001350.jpg,00e9be89-00001355.jpg,orb,2000,2000,14,5,0.3571,0.007,39.5714,0.0468,0.0344,,rain,7,8.273833432715993,0.007
00e9be89-00001355.jpg,00e9be89-00001360.jpg,orb,2000,2000,28,7,0.25,0.014,42.3929,0.0567,0.0361,,rain,7,8.047533579960376,0.014
00e9be89-00001360.jpg,00e9be89-00001365.jpg,orb,2000,2000,12,5,0.4167,0.006,46.5,0.0616,0.0301,,rain,7,7.679412155357902,0.006
00e9be89-00001365.jpg,00e9be89-00001370.jpg,orb,2000,2000,20,5,0.25,0.01,42.35,0.0683,0.03,,rain,7,8.148562394948028,0.01
00e9be89-00001370.jpg,00e9be89-00001375.jpg,orb,2000,1826,86,41,0.4767,0.0471,37.3023,0.0661,0.0261,,rain,7,8.128097491240705,0.043
00e9be89-00001375.jpg,00e9be89-00001380.jpg,orb,1826,1746,103,50,0.4854,0.059,35.1845,0.0591,0.0296,,rain,7,8.161574932326253,0.0515
00e9be89-00001380.jpg,00e9be89-00001385.jpg,orb,1746,1810,74,36,0.4865,0.0424,35.6757,0.0569,0.0247,,rain,7,8.291603063807273,0.037
00e9be89-00001385.jpg,00e9be89-00001390.jpg,orb,1810,1834,28,11,0.3929,0.0155,33.5,0.0522,0.0241,,rain,7,7.844352716513977,0.014
00e9be89-00001390.jpg,00e9be89-00001395.jpg,orb,1834,1880,28,7,0.25,0.0153,34.4643,0.0428,0.0362,,rain,7,7.568947078968056,0.014
00e9be89-00001395.jpg,00e9be89-00001400.jpg,orb,1880,1958,63,19,0.3016,0.0335,33.2381,0.0447,0.0261,,rain,7,7.926289319536379,0.0315
00e9be89-00001400.jpg,00e9be89-00001405.jpg,orb,1958,1995,59,17,0.2881,0.0301,33.5085,0.0353,0.0316,,rain,7,8.04086555149151,0.0295
00e9be89-00001405.jpg,00e9be89-00001410.jpg,orb,1995,2000,80,31,0.3875,0.0401,32.7875,0.0482,0.0325,,rain,7,8.178903613939987,0.04
00e9be89-00001410.jpg,00e9be89-00001415.jpg,orb,2000,2000,106,30,0.283,0.053,32.4245,0.0391,0.0301,,rain,7,8.135954392814554,0.053
00e9be89-00001415.jpg,00e9be89-00001420.jpg,orb,2000,2000,63,29,0.4603,0.0315,33.127,0.045,0.0266,,rain,7,7.642630277440483,0.0315
00e9be89-00001420.jpg,00e9be89-00001425.jpg,orb,2000,2000,53,19,0.3585,0.0265,34.3962,0.0647,0.0317,,rain,7,7.245609172456021,0.0265
00e9be89-00001425.jpg,00e9be89-00001430.jpg,orb,2000,2000,59,20,0.339,0.0295,36.3051,0.0344,0.038,,rain,7,7.091387673846334,0.0295
00e9be89-00001430.jpg,00e9be89-00001440.jpg,orb,2000,2000,21,6,0.2857,0.0105,41.7619,0.0482,0.0292,,rain,7,7.503688519687912,0.0105
00e9be89-00001440.jpg,00e9be89-00001445.jpg,orb,2000,2000,50,19,0.38,0.025,34.22,0.0499,0.0281,,rain,7,7.102510893718286,0.025
00e9be89-00001445.jpg,00e9be89-00001450.jpg,orb,2000,2000,31,10,0.3226,0.0155,37.7419,0.0502,0.0296,,rain,7,6.242104388859241,0.0155
00e9be89-00001450.jpg,00e9be89-00001455.jpg,orb,2000,1666,47,28,0.5957,0.0282,36.5106,0.0558,0.0322,,rain,7,6.413675634254371,0.0235
00e9be89-00001455.jpg,00e9be89-00001460.jpg,orb,1666,1761,55,35,0.6364,0.033,35.7273,0.0482,0.0236,,rain,7,6.840964867631676,0.0275
00e9be89-00001460.jpg,00e9be89-00001465.jpg,orb,1761,1871,127,106,0.8346,0.0721,31.937,0.0507,0.0238,,rain,7,6.951748847180547,0.0635
00e9be89-00001465.jpg,00e9be89-00001470.jpg,orb,1871,2000,19,6,0.3158,0.0102,37.8947,0.0578,0.0322,,rain,7,7.872315302246029,0.0095
00e9be89-00001470.jpg,00e9be89-00001475.jpg,orb,2000,1999,56,17,0.3036,0.028,36.8393,0.0415,0.0296,,rain,7,8.79948996230413,0.028
00e9be89-00001475.jpg,00e9be89-00001480.jpg,orb,1999,1988,25,6,0.24,0.0126,37.64,0.0424,0.0382,,rain,7,8.41863140402446,0.0125
00e9be89-00001480.jpg,00e9be89-00001485.jpg,orb,1988,2000,18,7,0.3889,0.0091,41.5,0.0445,0.0316,,rain,7,9.487191067165462,0.009
00e9be89-00001485.jpg,00e9be89-00001490.jpg,orb,2000,1916,19,6,0.3158,0.0099,39.8421,0.0481,0.0322,,rain,7,11.125894364084202,0.0095
00e9be89-00001490.jpg,00e9be89-00001495.jpg,orb,1916,1919,581,558,0.9604,0.3032,19.864,0.0518,0.0281,,rain,7,11.250685330575704,0.2905
00e9be89-00001495.jpg,00e9be89-00001500.jpg,orb,1919,1931,797,784,0.9837,0.4153,15.325,0.0543,0.0246,,rain,7,11.255503381463502,0.3985
00e9be89-00001500.jpg,00e9be89-00001505.jpg,orb,1931,2000,275,215,0.7818,0.1424,28.6727,0.0504,0.0296,,rain,7,11.328169499569892,0.1375
00e9be89-00001505.jpg,00e9be89-00001510.jpg,orb,2000,2000,42,13,0.3095,0.021,37.1905,0.0538,0.0301,,rain,7,11.2054450921101,0.021
00e9be89-00001510.jpg,00e9be89-00001515.jpg,orb,2000,2000,30,12,0.4,0.015,39.6667,0.0499,0.0281,,rain,7,10.409086807370596,0.015
00e9be89-00001515.jpg,00e9be89-00001520.jpg,orb,2000,2000,17,6,0.3529,0.0085,44.2353,0.0308,0.0316,,rain,7,9.052278964334668,0.0085
00e9be89-00001520.jpg,00e9be89-00001525.jpg,orb,2000,2000,59,31,0.5254,0.0295,37.9153,0.04,0.0324,,rain,7,8.830370072113304,0.0295
00e9be89-00001525.jpg,00e9be89-00001535.jpg,orb,2000,2000,18,5,0.2778,0.009,43.0556,0.0487,0.0301,,rain,7,8.965253731318695,0.009
00e9be89-00001535.jpg,00e9be89-00001540.jpg,orb,2000,2000,11,5,0.4545,0.0055,44.1818,0.0711,0.0358,,rain,7,7.337536640981547,0.0055
00e9be89-00001540.jpg,00e9be89-00001545.jpg,orb,2000,2000,21,8,0.381,0.0105,41.381,0.0511,0.0332,,rain,7,6.252903404911624,0.0105
00e9be89-00001545.jpg,00e9be89-00001550.jpg,orb,2000,2000,95,61,0.6421,0.0475,34.8211,0.0364,0.0303,,rain,7,6.488263827108764,0.0475
00e9be89-00001550.jpg,00e9be89-00001555.jpg,orb,2000,2000,385,375,0.974,0.1925,19.7065,0.0387,0.0324,,rain,7,6.492316248826251,0.1925
00e9be89-00001555.jpg,00e9be89-00001560.jpg,orb,2000,2000,247,225,0.9109,0.1235,26.7328,0.0497,0.0307,,rain,7,6.511638520372738,0.1235
00e9be89-00001560.jpg,00e9be89-00001565.jpg,orb,2000,2000,403,374,0.928,0.2015,22.2481,0.0583,0.0336,,rain,7,6.56787429223382,0.2015
00e9be89-00001565.jpg,00e9be89-00001570.jpg,orb,2000,2000,39,16,0.4103,0.0195,38.8205,0.0542,0.0281,,rain,7,6.991089903368155,0.0195
00e9be89-00001570.jpg,00e9be89-00001575.jpg,orb,2000,2000,49,22,0.449,0.0245,36.2041,0.0542,0.0341,,rain,7,7.312090148038637,0.0245
00e9be89-00001575.jpg,00e9be89-00001580.jpg,orb,2000,2000,74,45,0.6081,0.037,35.8514,0.0613,0.0341,,rain,7,7.142519747588652,0.037
00e9be89-00001580.jpg,00e9be89-00001585.jpg,orb,2000,2000,33,15,0.4545,0.0165,37.0606,0.0599,0.0321,,rain,7,6.414596828235977,0.0165
00e9be89-00001585.jpg,00e9be89-00001590.jpg,orb,2000,2000,12,4,0.3333,0.006,42.6667,0.0501,0.0261,,rain,7,5.138879480649062,0.006
00e9be89-00001590.jpg,00e9be89-00001595.jpg,orb,2000,2000,21,6,0.2857,0.0105,43.0952,0.0466,0.0382,,rain,7,4.255936740270854,0.0105
00e9be89-00001595.jpg,00e9be89-00001600.jpg,orb,2000,2000,14,7,0.5,0.007,40.7143,0.0348,0.0362,,rain,7,4.849329867091546,0.007
00e9be89-00001600.jpg,00e9be89-00001605.jpg,orb,2000,2000,74,39,0.527,0.037,38.6081,0.0517,0.0321,,rain,7,5.4743433756908,0.037
00e9be89-00001605.jpg,00e9be89-00001610.jpg,orb,2000,2000,15,7,0.4667,0.0075,42.4667,0.0618,0.0301,,rain,7,6.044987370189652,0.0075
00e9be89-00001610.jpg,00e9be89-00001620.jpg,orb,2000,2000,10,6,0.6,0.005,37.4,0.0623,0.0306,,rain,7,6.426412477826719,0.005
00e9be89-00001620.jpg,00e9be89-00001625.jpg,orb,2000,2000,33,10,0.303,0.0165,37.9394,0.0542,0.0301,,rain,7,7.0007093101580695,0.0165
00e9be89-00001625.jpg,00e9be89-00001630.jpg,orb,2000,2000,70,15,0.2143,0.035,34.8,0.0585,0.0301,,rain,7,8.090935109948273,0.035
00e9be89-00001630.jpg,00e9be89-00001635.jpg,orb,2000,2000,27,8,0.2963,0.0135,43.2222,0.0583,0.0316,,rain,7,8.183301262805362,0.0135
00e9be89-00001635.jpg,00e9be89-00001640.jpg,orb,2000,2000,8,5,0.625,0.004,47.25,0.0583,0.0296,,rain,7,5.3457483983363066,0.004
00e9be89-00001640.jpg,00e9be89-00001645.jpg,orb,2000,2000,7,5,0.7143,0.0035,43.2857,0.0525,0.0301,,rain,7,1.5051416418192551,0.0035
00e9be89-00001645.jpg,00e9be89-00001650.jpg,orb,2000,2000,18,6,0.3333,0.009,36.8889,0.0607,0.0321,,rain,7,1.4205134546921483,0.009
00e9be89-00001650.jpg,00e9be89-00001655.jpg,orb,2000,2000,14,6,0.4286,0.007,39.2857,0.0604,0.0338,,rain,7,2.54663973421662,0.007
00e9be89-00001655.jpg,00e9be89-00001665.jpg,orb,2000,2000,13,4,0.3077,0.0065,42.3077,0.0554,0.0281,,rain,7,5.403675291509137,0.0065
00e9be89-00001665.jpg,00e9be89-00001670.jpg,orb,2000,2000,9,5,0.5556,0.0045,45.2222,0.0506,0.0296,,rain,7,8.199718797232157,0.0045
00e9be89-00001670.jpg,00e9be89-00001675.jpg,orb,2000,2000,24,7,0.2917,0.012,40.2083,0.0578,0.0281,,rain,7,7.496991143645328,0.012
00e9be89-00001675.jpg,00e9be89-00001680.jpg,orb,2000,2000,16,8,0.5,0.008,38.875,0.0598,0.0261,,rain,7,6.868828222762301,0.008
00e9be89-00001680.jpg,00e9be89-00001685.jpg,orb,2000,2000,12,4,0.3333,0.006,36.4167,0.065,0.0301,,rain,7,7.211330382204221,0.006
00e9be89-00001685.jpg,00e9be89-00001690.jpg,orb,2000,2000,18,6,0.3333,0.009,41.2778,0.0623,0.0301,,rain,7,9.087188442226802,0.009
00e9be89-00001690.jpg,00e9be89-00001695.jpg,orb,2000,2000,12,4,0.3333,0.006,39.5833,0.0523,0.0261,,rain,7,11.384326315769975,0.006
00e9be89-00001695.jpg,00e9be89-00001705.jpg,orb,2000,2000,14,5,0.3571,0.007,44.5714,0.0455,0.0261,,rain,7,10.415813676829952,0.007
00e9be89-00001705.jpg,00e9be89-00001710.jpg,orb,2000,1993,56,37,0.6607,0.0281,38.2143,0.0505,0.0329,,rain,7,8.778249879734101,0.028
00e9be89-00001710.jpg,00e9be89-00001715.jpg,orb,1993,2000,35,21,0.6,0.0176,37.1714,0.0617,0.0342,,rain,7,8.594604075218886,0.0175
00e9be89-00001715.jpg,00e9be89-00001720.jpg,orb,2000,1962,48,28,0.5833,0.0245,37.7292,0.0578,0.0301,,rain,7,8.727694167382495,0.02404809619238477
00e9be89-00001720.jpg,00e9be89-00001725.jpg,orb,1962,2000,49,37,0.7551,0.025,36.1429,0.0563,0.0382,,rain,7,8.791045987623074,0.024549098196392786
00e9be89-00001725.jpg,00e9be89-00001730.jpg,orb,2000,1997,56,41,0.7321,0.028,32.2857,0.0406,0.0301,,rain,7,8.765088922838132,0.028
00e9be89-00001730.jpg,00e9be89-00001740.jpg,orb,1997,2000,17,5,0.2941,0.0085,36.0,0.0583,0.0316,,rain,7,8.8759447900607,0.0085
00e9be89-00001740.jpg,00e9be89-00001745.jpg,orb,2000,2000,15,5,0.3333,0.0075,41.3333,0.0605,0.0276,,rain,7,6.945756714157776,0.0075
00e9be89-00001745.jpg,00e9be89-00001750.jpg,orb,2000,2000,9,4,0.4444,0.0045,43.7778,0.0542,0.0321,,rain,7,6.421649625283585,0.0045
00e9be89-00001750.jpg,00e9be89-00001755.jpg,orb,2000,2000,20,10,0.5,0.01,42.65,0.0558,0.0261,,rain,7,8.676480414466745,0.01
00e9be89-00001755.jpg,00e9be89-00001760.jpg,orb,2000,2000,18,7,0.3889,0.009,42.5556,0.0563,0.0377,,rain,7,9.48485650020635,0.009
00e9be89-00001760.jpg,00e9be89-00001765.jpg,orb,2000,2000,16,5,0.3125,0.008,41.875,0.067,0.0342,,rain,7,8.445762308443578,0.008
00e9be89-00001765.jpg,00e9be89-00001770.jpg,orb,2000,2000,28,11,0.3929,0.014,37.0357,0.0508,0.0319,,rain,7,7.393780433561768,0.014
00e9be89-00001770.jpg,00e9be89-00001775.jpg,orb,2000,2000,35,22,0.6286,0.0175,28.8286,0.0502,0.0316,,rain,7,7.575713892168842,0.0175
00e9be89-00001775.jpg,00e9be89-00001780.jpg,orb,2000,2000,14,5,0.3571,0.007,43.3571,0.0626,0.0443,,rain,7,8.425104866422874,0.007
00e9be89-00001780.jpg,00e9be89-00001785.jpg,orb,2000,2000,12,6,0.5,0.006,44.3333,0.0598,0.0301,,rain,7,8.83193545389355,0.006
00e9be89-00001785.jpg,00e9be89-00001795.jpg,orb,2000,2000,7,0,0.0,0.0035,38.8571,0.0542,0.0276,,rain,7,8.185674342151493,0.0035
00e9be89-00001795.jpg,00e9be89-00001800.jpg,orb,2000,2000,852,837,0.9824,0.426,22.6092,0.057,0.0291,,rain,7,8.401856585550528,0.426
00e9be89-00001800.jpg,00e9be89-00001810.jpg,orb,2000,2000,102,38,0.3725,0.051,37.3235,0.048,0.0263,,rain,7,8.920019872974423,0.051
00e9be89-00001810.jpg,00e9be89-00001815.jpg,orb,2000,2000,73,29,0.3973,0.0365,35.5479,0.0462,0.0296,,rain,7,8.84138352838758,0.0365
00e9be89-00001815.jpg,00e9be89-00001820.jpg,orb,2000,2000,16,1,0.0625,0.008,39.0,0.0482,0.0281,,rain,7,8.969644942248301,0.008
00e9be89-00001820.jpg,00e9be89-00001825.jpg,orb,2000,2000,30,11,0.3667,0.015,40.9333,0.0582,0.0321,,rain,7,8.896886375227187,0.015
00e9be89-00001825.jpg,00e9be89-00001830.jpg,orb,2000,2000,43,19,0.4419,0.0215,39.7674,0.0651,0.0323,,rain,7,8.496534780274047,0.0215
00e9be89-00001830.jpg,00e9be89-00001840.jpg,orb,2000,2000,17,9,0.5294,0.0085,41.4706,0.0609,0.0373,,rain,7,7.792676009826554,0.0085
00e9be89-00001840.jpg,00e9be89-00001845.jpg,orb,2000,2000,1233,1222,0.9911,0.6165,15.7786,0.0625,0.0265,,rain,7,7.367559386711995,0.6165
00e9be89-00001845.jpg,00e9be89-00001865.jpg,orb,2000,2000,1025,1018,0.9932,0.5125,19.1376,0.0525,0.0281,,rain,7,7.290667882034642,0.5125
00e9be89-00001865.jpg,00e9be89-00001870.jpg,orb,2000,2000,1107,1102,0.9955,0.5535,18.9883,0.0408,0.0315,,rain,7,7.366511963997866,0.5535
00e9be89-00001870.jpg,00e9be89-00001875.jpg,orb,2000,2000,1175,1164,0.9906,0.5875,15.4468,0.0362,0.0365,,rain,7,7.421561153845245,0.5875
00e9be89-00001875.jpg,00e9be89-00001885.jpg,orb,2000,2000,1190,1182,0.9933,0.595,17.4387,0.0408,0.0342,,rain,7,7.300000760879778,0.595
00e9be89-00001885.jpg,00e9be89-00001890.jpg,orb,2000,2000,1240,1228,0.9903,0.62,17.3282,0.0483,0.0298,,rain,7,7.249168132906763,0.62
00e9be89-00001890.jpg,00e9be89-00001895.jpg,orb,2000,2000,1191,1181,0.9916,0.5955,16.3988,0.0477,0.0285,,rain,7,7.31461200693851,0.5955
00e9be89-00001895.jpg,00e9be89-00001900.jpg,orb,2000,2000,1169,1160,0.9923,0.5845,17.1215,0.0545,0.0273,,rain,7,7.394484624506125,0.5845
00e9be89-00001900.jpg,00e9be89-00001905.jpg,orb,2000,2000,234,166,0.7094,0.117,30.5385,0.0557,0.0362,,rain,7,7.521905706482219,0.117
00e9be89-00001905.jpg,00e9be89-00001915.jpg,orb,2000,2000,16,6,0.375,0.008,42.4375,0.0669,0.0341,,rain,7,7.916211263618528,0.008
00e9be89-00000015.jpg,00e9be89-00000100.jpg,orb,2000,2000,9,4,0.4444,0.0045,47.4444,0.0544,0.0337,C:\Users\amit\Project_digital_image_processing__Amit_Alon\outputs\visualizations\task2\enhanced_visualizations\rain\level_8\match_00e9be89-00000015__00e9be89-00000100.png,rain,8,5.622554911211454,0.0045
00e9be89-00000100.jpg,00e9be89-00000105.jpg,orb,2000,2000,967,959,0.9917,0.4835,22.7135,0.0658,0.0281,,rain,8,7.144025887819181,0.4835
00e9be89-00000105.jpg,00e9be89-00000110.jpg,orb,2000,2000,1019,1008,0.9892,0.5095,21.2659,0.068,0.0301,,rain,8,7.121647069450848,0.5095
00e9be89-00000110.jpg,00e9be89-00000115.jpg,orb,2000,2000,1025,1019,0.9941,0.5125,21.3502,0.0664,0.0301,,rain,8,7.135252455823128,0.5125
00e9be89-00000115.jpg,00e9be89-00000120.jpg,orb,2000,2000,1259,1252,0.9944,0.6295,18.4631,0.0683,0.0301,,rain,8,7.158973504350091,0.6295
00e9be89-00000120.jpg,00e9be89-00000125.jpg,orb,2000,2000,379,357,0.942,0.1895,32.9815,0.0678,0.0261,,rain,8,6.538721371174725,0.1895
00e9be89-00000125.jpg,00e9be89-00000130.jpg,orb,2000,2000,825,814,0.9867,0.4125,24.103,0.0667,0.0281,,rain,8,6.178566538091204,0.4125
00e9be89-00000130.jpg,00e9be89-00000135.jpg,orb,2000,2000,927,919,0.9914,0.4635,22.3387,0.0587,0.0261,,rain,8,6.750241624491949,0.4635
00e9be89-00000135.jpg,00e9be89-00000140.jpg,orb,2000,2000,975,959,0.9836,0.4875,22.0226,0.0507,0.0506,,rain,8,7.090972945558329,0.4875
00e9be89-00000140.jpg,00e9be89-00000145.jpg,orb,2000,2000,91,68,0.7473,0.0455,37.7363,0.0599,0.0364,,rain,8,7.1234926555179,0.0455
00e9be89-00000145.jpg,00e9be89-00000150.jpg,orb,2000,2000,10,4,0.4,0.005,44.1,0.0617,0.0281,,rain,8,5.449483230599732,0.005
00e9be89-00000150.jpg,00e9be89-00000160.jpg,orb,2000,2000,14,1,0.0714,0.007,38.0,0.0525,0.0337,,rain,8,3.968396520278482,0.007
00e9be89-00000160.jpg,00e9be89-00000165.jpg,orb,2000,2000,9,4,0.4444,0.0045,43.2222,0.0482,0.0318,,rain,8,3.6146842223616495,0.0045
00e9be89-00000165.jpg,00e9be89-00000175.jpg,orb,2000,2000,11,4,0.3636,0.0055,38.8182,0.0544,0.0263,,rain,8,4.349428783192527,0.0055
00e9be89-00000175.jpg,00e9be89-00000190.jpg,orb,2000,2000,15,5,0.3333,0.0075,43.8667,0.0446,0.0342,,rain,8,5.0303847484169575,0.0075
00e9be89-00000190.jpg,00e9be89-00001000.jpg,orb,2000,1983,16,2,0.125,0.0081,44.125,0.0443,0.0258,,rain,8,5.880076468553998,0.008
00e9be89-00001000.jpg,00e9be89-00001005.jpg,orb,1983,1750,12,6,0.5,0.0069,42.1667,0.0266,0.0322,,rain,8,7.913550858392659,0.006
00e9be89-00001005.jpg,00e9be89-00001010.jpg,orb,1750,1972,16,6,0.375,0.0091,39.625,0.0442,0.0241,,rain,8,8.718753203469873,0.008
00e9be89-00001010.jpg,00e9be89-00001015.jpg,orb,1972,1838,20,9,0.45,0.0109,40.05,0.0675,0.0322,,rain,8,9.204787802946583,0.010040160642570281
00e9be89-00001015.jpg,00e9be89-00001020.jpg,orb,1838,2000,17,6,0.3529,0.0092,37.7647,0.0581,0.0281,,rain,8,9.180139605845788,0.00853413654618474
00e9be89-00001020.jpg,00e9be89-00001025.jpg,orb,2000,1999,15,5,0.3333,0.0075,42.6667,0.0519,0.0282,,rain,8,8.947821986013885,0.0075
00e9be89-00001025.jpg,00e9be89-00001030.jpg,orb,1999,1964,18,7,0.3889,0.0092,40.3333,0.0502,0.0281,,rain,8,8.931203627891456,0.009
00e9be89-00001030.jpg,00e9be89-00001035.jpg,orb,1964,1997,47,25,0.5319,0.0239,36.9787,0.0502,0.0256,,rain,8,8.893634529202526,0.0235
00e9be89-00001035.jpg,00e9be89-00001040.jpg,orb,1997,1954,55,37,0.6727,0.0281,38.6,0.0368,0.0321,,rain,8,8.988418784648859,0.0275
00e9be89-00001040.jpg,00e9be89-00001045.jpg,orb,1954,1992,141,58,0.4113,0.0722,35.5532,0.0322,0.0325,,rain,8,9.047280798157008,0.0705
00e9be89-00001045.jpg,00e9be89-00001050.jpg,orb,1992,1991,46,15,0.3261,0.0231,36.413,0.0507,0.0359,,rain,8,9.015124808924826,0.023
00e9be89-00001050.jpg,00e9be89-00001055.jpg,orb,1991,2000,50,19,0.38,0.0251,38.9,0.0457,0.0281,,rain,8,8.943116814251173,0.025
00e9be89-00001055.jpg,00e9be89-00001060.jpg,orb,2000,2000,48,28,0.5833,0.024,37.8958,0.0462,0.0276,,rain,8,8.972627747321718,0.024
00e9be89-00001060.jpg,00e9be89-00001065.jpg,orb,2000,2000,23,16,0.6957,0.0115,39.6957,0.0662,0.0402,,rain,8,8.817021755237406,0.0115
00e9be89-00001065.jpg,00e9be89-00001070.jpg,orb,2000,2000,80,55,0.6875,0.04,36.925,0.0533,0.0346,,rain,8,8.60589723035729,0.04
00e9be89-00001070.jpg,00e9be89-00001075.jpg,orb,2000,2000,22,14,0.6364,0.011,37.5455,0.0623,0.0301,,rain,8,8.04507574885432,0.011
00e9be89-00001075.jpg,00e9be89-00001080.jpg,orb,2000,2000,31,1,0.0323,0.0155,41.9355,0.0558,0.0321,,rain,8,8.156814481947569,0.0155
00e9be89-00001080.jpg,00e9be89-00001090.jpg,orb,2000,2000,26,14,0.5385,0.013,38.0,0.0543,0.0321,,rain,8,9.338159295011916,0.013
00e9be89-00001090.jpg,00e9be89-00001095.jpg,orb,2000,2000,26,17,0.6538,0.013,34.5769,0.0426,0.0264,,rain,8,9.857361082726324,0.013
00e9be89-00001095.jpg,00e9be89-00001100.jpg,orb,2000,2000,36,15,0.4167,0.018,40.3056,0.0282,0.0357,,rain,8,9.82071175060872,0.018
00e9be89-00001100.jpg,00e9be89-00001105.jpg,orb,2000,2000,27,9,0.3333,0.0135,43.6667,0.0327,0.0302,,rain,8,9.384342260799285,0.0135
00e9be89-00001105.jpg,00e9be89-00001115.jpg,orb,2000,2000,20,4,0.2,0.01,42.6,0.0408,0.0262,,rain,8,8.487575357131876,0.01
00e9be89-00001115.jpg,00e9be89-00001125.jpg,orb,2000,2000,12,5,0.4167,0.006,45.5833,0.0499,0.03,,rain,8,8.66838312830523,0.006
00e9be89-00001125.jpg,00e9be89-00001130.jpg,orb,2000,2000,33,14,0.4242,0.0165,42.2121,0.048,0.0261,,rain,8,8.971762092005356,0.0165
00e9be89-00001130.jpg,00e9be89-00001135.jpg,orb,2000,2000,39,26,0.6667,0.0195,39.5385,0.0499,0.0339,,rain,8,9.364409306302624,0.0195
00e9be89-00001135.jpg,00e9be89-00001140.jpg,orb,2000,2000,61,47,0.7705,0.0305,34.1311,0.051,0.0295,,rain,8,10.053280626115123,0.0305
00e9be89-00001140.jpg,00e9be89-00001150.jpg,orb,2000,2000,28,16,0.5714,0.014,38.4643,0.0499,0.0301,,rain,8,10.274830372478595,0.014
00e9be89-00001150.jpg,00e9be89-00001155.jpg,orb,2000,2000,46,32,0.6957,0.023,36.6522,0.0543,0.0276,,rain,8,10.600139965809422,0.023
00e9be89-00001155.jpg,00e9be89-00001160.jpg,orb,2000,2000,35,17,0.4857,0.0175,39.1714,0.0525,0.0281,,rain,8,10.581306947905066,0.0175
00e9be89-00001160.jpg,00e9be89-00001165.jpg,orb,2000,2000,17,8,0.4706,0.0085,37.0588,0.0482,0.0336,,rain,8,10.700788998842569,0.0085
00e9be89-00001165.jpg,00e9be89-00001170.jpg,orb,2000,2000,26,9,0.3462,0.013,37.2308,0.0579,0.0301,,rain,8,10.566325747791833,0.013
00e9be89-00001170.jpg,00e9be89-00001175.jpg,orb,2000,2000,20,12,0.6,0.01,38.85,0.0497,0.0341,,rain,8,10.671361699164953,0.01
00e9be89-00001175.jpg,00e9be89-00001180.jpg,orb,2000,2000,40,24,0.6,0.02,38.5,0.0305,0.0316,,rain,8,10.963109965384016,0.02
00e9be89-00001180.jpg,00e9be89-00001185.jpg,orb,2000,2000,29,14,0.4828,0.0145,41.6897,0.0477,0.0281,,rain,8,10.6676244636132,0.0145
00e9be89-00001185.jpg,00e9be89-00001190.jpg,orb,2000,2000,14,7,0.5,0.007,44.7857,0.0542,0.0301,,rain,8,9.96394056652019,0.007
00e9be89-00001190.jpg,00e9be89-00001195.jpg,orb,2000,2000,10,4,0.4,0.005,39.5,0.0498,0.0363,,rain,8,6.945419757763494,0.005
00e9be89-00001195.jpg,00e9be89-00001200.jpg,orb,2000,1973,13,5,0.3846,0.0066,38.0769,0.0568,0.0386,,rain,8,7.793932056581027,0.006542526421741319
00e9be89-00001200.jpg,00e9be89-00001205.jpg,orb,1973,1085,20,3,0.15,0.0184,42.35,0.0485,0.0161,,rain,8,11.185881680264904,0.010065425264217413
00e9be89-00001205.jpg,00e9be89-00001210.jpg,orb,1085,1990,6,4,0.6667,0.0055,41.6667,0.0341,0.0161,,rain,8,11.176949309511688,0.003006012024048096
00e9be89-00001210.jpg,00e9be89-00001215.jpg,orb,1990,1989,14,5,0.3571,0.007,43.0714,0.0328,0.0275,,rain,8,10.838346007809395,0.007
00e9be89-00001215.jpg,00e9be89-00001220.jpg,orb,1989,2000,19,6,0.3158,0.0096,44.1053,0.0562,0.0301,,rain,8,9.61069606861138,0.0095
00e9be89-00001220.jpg,00e9be89-00001225.jpg,orb,2000,2000,16,5,0.3125,0.008,46.625,0.0502,0.0276,,rain,8,9.813765930603392,0.008
00e9be89-00001225.jpg,00e9be89-00001230.jpg,orb,2000,2000,14,5,0.3571,0.007,38.3571,0.0462,0.0296,,rain,8,10.868584392441711,0.007
00e9be89-00001230.jpg,00e9be89-00001240.jpg,orb,2000,1078,33,19,0.5758,0.0306,39.8485,0.0474,0.0161,,rain,8,10.87690474541666,0.018141836173721827
00e9be89-00001240.jpg,00e9be89-00001245.jpg,orb,1078,2000,49,22,0.449,0.0455,35.5918,0.0523,0.0161,,rain,8,10.26548372467753,0.026937877954920284
00e9be89-00001245.jpg,00e9be89-00001250.jpg,orb,2000,2000,20,8,0.4,0.01,38.3,0.0663,0.0337,,rain,8,10.63569282434734,0.01
00e9be89-00001250.jpg,00e9be89-00001255.jpg,orb,2000,2000,22,8,0.3636,0.011,38.4091,0.0567,0.0341,,rain,8,11.592467662903372,0.011
00e9be89-00001255.jpg,00e9be89-00001260.jpg,orb,2000,2000,22,10,0.4545,0.011,38.8636,0.0603,0.0281,,rain,8,11.17132885532239,0.011
00e9be89-00001260.jpg,00e9be89-00001265.jpg,orb,2000,2000,24,7,0.2917,0.012,43.7083,0.0584,0.0311,,rain,8,9.075141319915922,0.012
00e9be89-00001265.jpg,00e9be89-00001270.jpg,orb,2000,2000,8,5,0.625,0.004,44.75,0.0489,0.0304,,rain,8,6.133029048949552,0.004
00e9be89-00001270.jpg,00e9be89-00001275.jpg,orb,2000,2000,15,4,0.2667,0.0075,42.6667,0.0593,0.0321,,rain,8,6.0011580820696135,0.0075
00e9be89-00001275.jpg,00e9be89-00001280.jpg,orb,2000,2000,8,5,0.625,0.004,42.625,0.0652,0.0281,,rain,8,5.577188408319754,0.004
00e9be89-00001280.jpg,00e9be89-00001285.jpg,orb,2000,2000,8,4,0.5,0.004,40.25,0.0511,0.0281,,rain,8,2.879460854526548,0.004
00e9be89-00001285.jpg,00e9be89-00001290.jpg,orb,2000,2000,15,6,0.4,0.0075,41.0667,0.0384,0.0262,,rain,8,3.939584609680095,0.0075
00e9be89-00001290.jpg,00e9be89-00001295.jpg,orb,2000,2000,11,5,0.4545,0.0055,41.4545,0.0497,0.0281,,rain,8,5.095637830475357,0.0055
00e9be89-00001295.jpg,00e9be89-00001305.jpg,orb,2000,2000,8,4,0.5,0.004,42.125,0.0522,0.0296,,rain,8,4.628823554621364,0.004
00e9be89-00001305.jpg,00e9be89-00001310.jpg,orb,2000,2000,16,6,0.375,0.008,45.3125,0.0698,0.0362,,rain,8,4.770183089124124,0.008
00e9be89-00001310.jpg,00e9be89-00001315.jpg,orb,2000,2000,9,4,0.4444,0.0045,45.1111,0.0638,0.0321,,rain,8,2.7514511848974257,0.0045
00e9be89-00001315.jpg,00e9be89-00001325.jpg,orb,2000,1925,23,6,0.2609,0.0119,40.7826,0.0384,0.0319,,rain,8,1.3344067474696415,0.0115
00e9be89-00001325.jpg,00e9be89-00001330.jpg,orb,1925,1416,16,6,0.375,0.0113,37.0,0.0482,0.0181,,rain,8,1.059268059360447,0.008
00e9be89-00001330.jpg,00e9be89-00001335.jpg,orb,1416,2000,10,4,0.4,0.0071,41.0,0.0443,0.0201,,rain,8,3.579279530271985,0.005
00e9be89-00001335.jpg,00e9be89-00001340.jpg,orb,2000,2000,20,6,0.3,0.01,42.2,0.0542,0.0316,,rain,8,7.366108093127177,0.01
00e9be89-00001340.jpg,00e9be89-00001345.jpg,orb,2000,2000,13,5,0.3846,0.0065,39.6923,0.0558,0.0281,,rain,8,7.800639915734876,0.0065
00e9be89-00001345.jpg,00e9be89-00001350.jpg,orb,2000,1988,27,2,0.0741,0.0136,43.7407,0.046,0.0294,,rain,8,7.14814969123467,0.0135
00e9be89-00001350.jpg,00e9be89-00001355.jpg,orb,1988,2000,18,6,0.3333,0.0091,41.5556,0.0283,0.0362,,rain,8,7.48473561873659,0.009
00e9be89-00001355.jpg,00e9be89-00001360.jpg,orb,2000,2000,39,9,0.2308,0.0195,40.3333,0.0482,0.0281,,rain,8,7.282591796286468,0.0195
00e9be89-00001360.jpg,00e9be89-00001365.jpg,orb,2000,2000,16,6,0.375,0.008,44.625,0.0479,0.0321,,rain,8,6.906769593349341,0.008
00e9be89-00001365.jpg,00e9be89-00001370.jpg,orb,2000,2000,17,5,0.2941,0.0085,41.7059,0.0395,0.028,,rain,8,7.3882542993656095,0.0085
00e9be89-00001370.jpg,00e9be89-00001375.jpg,orb,2000,1802,63,25,0.3968,0.035,36.3651,0.0485,0.0256,,rain,8,7.366890173479703,0.0315
00e9be89-00001375.jpg,00e9be89-00001380.jpg,orb,1802,1650,88,35,0.3977,0.0533,40.2273,0.0472,0.0221,,rain,8,7.404140175015248,0.044
00e9be89-00001380.jpg,00e9be89-00001385.jpg,orb,1650,1753,75,36,0.48,0.0455,37.0533,0.0442,0.0201,,rain,8,7.528214020324961,0.0375
00e9be89-00001385.jpg,00e9be89-00001390.jpg,orb,1753,1788,13,5,0.3846,0.0074,33.6154,0.0449,0.0226,,rain,8,7.057820250622401,0.0065
00e9be89-00001390.jpg,00e9be89-00001395.jpg,orb,1788,1809,35,4,0.1143,0.0196,30.7714,0.0462,0.0241,,rain,8,6.778550200040687,0.0175
00e9be89-00001395.jpg,00e9be89-00001400.jpg,orb,1809,1913,60,17,0.2833,0.0332,31.0,0.0443,0.0241,,rain,8,7.154864267801561,0.03
00e9be89-00001400.jpg,00e9be89-00001405.jpg,orb,1913,1947,47,16,0.3404,0.0246,31.3404,0.0368,0.0256,,rain,8,7.277717409719489,0.0235
00e9be89-00001405.jpg,00e9be89-00001410.jpg,orb,1947,2000,52,16,0.3077,0.0267,32.0385,0.0563,0.0351,,rain,8,7.436066776519899,0.026
00e9be89-00001410.jpg,00e9be89-00001415.jpg,orb,2000,1974,119,27,0.2269,0.0603,32.7059,0.0421,0.0386,,rain,8,7.402118665002411,0.0595
00e9be89-00001415.jpg,00e9be89-00001420.jpg,orb,1974,2000,79,24,0.3038,0.04,29.9747,0.0392,0.0261,,rain,8,6.895193359388912,0.0395
00e9be89-00001420.jpg,00e9be89-00001425.jpg,orb,2000,2000,57,18,0.3158,0.0285,34.6491,0.0587,0.0301,,rain,8,6.500797181906438,0.0285
00e9be89-00001425.jpg,00e9be89-00001430.jpg,orb,2000,2000,67,20,0.2985,0.0335,34.9104,0.0463,0.0282,,rain,8,6.35885613985252,0.0335
00e9be89-00001430.jpg,00e9be89-00001440.jpg,orb,2000,2000,22,5,0.2273,0.011,39.0909,0.0364,0.0302,,rain,8,6.780643640531141,0.011
00e9be89-00001440.jpg,00e9be89-00001445.jpg,orb,2000,2000,55,28,0.5091,0.0275,30.7636,0.0578,0.0281,,rain,8,6.367529613230364,0.0275
00e9be89-00001445.jpg,00e9be89-00001450.jpg,orb,2000,1979,22,10,0.4545,0.0111,35.1818,0.0488,0.0281,,rain,8,5.460755806260346,0.011
00e9be89-00001450.jpg,00e9be89-00001455.jpg,orb,1979,1600,50,26,0.52,0.0312,35.44,0.0348,0.0283,,rain,8,5.573618692701422,0.025
00e9be89-00001455.jpg,00e9be89-00001460.jpg,orb,1600,1717,51,31,0.6078,0.0319,36.6667,0.0444,0.0181,,rain,8,5.991409888900829,0.0255
00e9be89-00001460.jpg,00e9be89-00001465.jpg,orb,1717,1846,112,79,0.7054,0.0652,33.8304,0.0624,0.0357,,rain,8,6.12745918209804,0.056
00e9be89-00001465.jpg,00e9be89-00001470.jpg,orb,1846,2000,19,3,0.1579,0.0103,42.0526,0.0589,0.0318,,rain,8,7.097831824247697,0.0095
00e9be89-00001470.jpg,00e9be89-00001475.jpg,orb,2000,1974,72,29,0.4028,0.0365,32.9028,0.0563,0.0276,,rain,8,8.047102046702435,0.036
00e9be89-00001475.jpg,00e9be89-00001480.jpg,orb,1974,1963,36,5,0.1389,0.0183,37.1111,0.0542,0.0261,,rain,8,7.630604955302958,0.018
00e9be89-00001480.jpg,00e9be89-00001485.jpg,orb,1963,1965,23,5,0.2174,0.0117,39.8261,0.0538,0.0281,,rain,8,8.701301874780231,0.0115
00e9be89-00001485.jpg,00e9be89-00001490.jpg,orb,1965,1862,32,12,0.375,0.0172,40.5312,0.0542,0.0281,,rain,8,10.358717181545304,0.016
00e9be89-00001490.jpg,00e9be89-00001495.jpg,orb,1862,1850,568,553,0.9736,0.307,19.787,0.0543,0.0241,,rain,8,10.483704869473057,0.284
00e9be89-00001495.jpg,00e9be89-00001500.jpg,orb,1850,1917,754,741,0.9828,0.4076,15.3806,0.0502,0.0241,,rain,8,10.489607978250625,0.377
00e9be89-00001500.jpg,00e9be89-00001505.jpg,orb,1917,1951,254,213,0.8386,0.1325,29.1693,0.0522,0.0301,,rain,8,10.562363279547537,0.127
00e9be89-00001505.jpg,00e9be89-00001510.jpg,orb,1951,2000,28,9,0.3214,0.0144,38.6429,0.0538,0.0281,,rain,8,10.43757771860009,0.014
00e9be89-00001510.jpg,00e9be89-00001515.jpg,orb,2000,1985,22,6,0.2727,0.0111,45.3636,0.0452,0.0284,,rain,8,9.61706742659339,0.011
00e9be89-00001515.jpg,00e9be89-00001520.jpg,orb,1985,2000,8,4,0.5,0.004,40.75,0.0385,0.0324,,rain,8,8.209821376298853,0.004
00e9be89-00001520.jpg,00e9be89-00001525.jpg,orb,2000,2000,48,27,0.5625,0.024,35.2292,0.0524,0.0321,,rain,8,7.968918307528179,0.024
00e9be89-00001525.jpg,00e9be89-00001535.jpg,orb,2000,2000,19,6,0.3158,0.0095,44.6842,0.0624,0.0296,,rain,8,8.105018716558398,0.0095
00e9be89-00001535.jpg,00e9be89-00001540.jpg,orb,2000,2000,19,5,0.2632,0.0095,43.7895,0.0522,0.0281,,rain,8,6.467596243840209,0.0095
00e9be89-00001540.jpg,00e9be89-00001545.jpg,orb,2000,2000,16,5,0.3125,0.008,41.1875,0.0501,0.0278,,rain,8,5.381606586015634,0.008
00e9be89-00001545.jpg,00e9be89-00001550.jpg,orb,2000,2000,97,64,0.6598,0.0485,34.6907,0.0529,0.0319,,rain,8,5.6249884626028335,0.0485
00e9be89-00001550.jpg,00e9be89-00001555.jpg,orb,2000,2000,359,342,0.9526,0.1795,21.2006,0.0598,0.0301,,rain,8,5.632036192631488,0.1795
00e9be89-00001555.jpg,00e9be89-00001560.jpg,orb,2000,1993,195,179,0.9179,0.0978,27.8308,0.0599,0.0301,,rain,8,5.648535305824614,0.0975
00e9be89-00001560.jpg,00e9be89-00001565.jpg,orb,1993,2000,377,352,0.9337,0.1892,22.2653,0.05,0.0281,,rain,8,5.704661565855757,0.1885
00e9be89-00001565.jpg,00e9be89-00001570.jpg,orb,2000,2000,43,24,0.5581,0.0215,36.2093,0.0528,0.0301,,rain,8,6.130181670384651,0.0215
00e9be89-00001570.jpg,00e9be89-00001575.jpg,orb,2000,2000,33,14,0.4242,0.0165,39.6667,0.0643,0.0357,,rain,8,6.461032891218133,0.0165
00e9be89-00001575.jpg,00e9be89-00001580.jpg,orb,2000,2000,96,59,0.6146,0.048,35.0521,0.0585,0.0341,,rain,8,6.301137917301272,0.048
00e9be89-00001580.jpg,00e9be89-00001585.jpg,orb,2000,2000,48,16,0.3333,0.024,38.3958,0.0643,0.0336,,rain,8,5.58432011987383,0.024
00e9be89-00001585.jpg,00e9be89-00001590.jpg,orb,2000,2000,21,6,0.2857,0.0105,41.8571,0.066,0.0281,,rain,8,4.310401197417328,0.0105
00e9be89-00001590.jpg,00e9be89-00001595.jpg,orb,2000,2000,15,2,0.1333,0.0075,38.8667,0.0459,0.0322,,rain,8,3.389260105486979,0.0075
00e9be89-00001595.jpg,00e9be89-00001600.jpg,orb,2000,2000,21,8,0.381,0.0105,43.9524,0.0434,0.0316,,rain,8,3.99803439465912,0.0105
00e9be89-00001600.jpg,00e9be89-00001605.jpg,orb,2000,2000,84,51,0.6071,0.042,37.9167,0.0581,0.0318,,rain,8,4.6667159087065695,0.042
00e9be89-00001605.jpg,00e9be89-00001610.jpg,orb,2000,2000,20,9,0.45,0.01,45.55,0.0699,0.0301,,rain,8,5.239384548296145,0.01
00e9be89-00001610.jpg,00e9be89-00001620.jpg,orb,2000,2000,7,4,0.5714,0.0035,41.1429,0.0543,0.0324,,rain,8,5.609082188307957,0.0035
00e9be89-00001620.jpg,00e9be89-00001625.jpg,orb,2000,2000,22,5,0.2273,0.011,38.1818,0.0661,0.0324,,rain,8,6.2297658989955,0.011
00e9be89-00001625.jpg,00e9be89-00001630.jpg,orb,2000,2000,68,14,0.2059,0.034,34.7206,0.0658,0.0322,,rain,8,7.383584644604272,0.034
00e9be89-00001630.jpg,00e9be89-00001635.jpg,orb,2000,2000,25,6,0.24,0.0125,43.08,0.0613,0.0357,,rain,8,7.463819911853026,0.0125
00e9be89-00001635.jpg,00e9be89-00001640.jpg,orb,2000,2000,27,5,0.1852,0.0135,43.7037,0.0578,0.0341,,rain,8,4.546105432318709,0.0135
00e9be89-00001640.jpg,00e9be89-00001645.jpg,orb,2000,2000,11,4,0.3636,0.0055,41.2727,0.0562,0.0316,,rain,8,0.6393339695518238,0.0055
00e9be89-00001645.jpg,00e9be89-00001650.jpg,orb,2000,2000,18,5,0.2778,0.009,38.1111,0.0538,0.0301,,rain,8,0.548028295487959,0.009
00e9be89-00001650.jpg,00e9be89-00001655.jpg,orb,2000,2000,17,6,0.3529,0.0085,42.2353,0.0574,0.0291,,rain,8,1.66777699849494,0.0085
00e9be89-00001655.jpg,00e9be89-00001665.jpg,orb,2000,2000,7,4,0.5714,0.0035,44.8571,0.054,0.0281,,rain,8,4.594523305071514,0.0035
00e9be89-00001665.jpg,00e9be89-00001670.jpg,orb,2000,2000,13,4,0.3077,0.0065,43.7692,0.0481,0.0301,,rain,8,7.454195731632356,0.0065
00e9be89-00001670.jpg,00e9be89-00001675.jpg,orb,2000,2000,23,8,0.3478,0.0115,41.3043,0.0583,0.0301,,rain,8,6.735668277607601,0.0115
00e9be89-00001675.jpg,00e9be89-00001680.jpg,orb,2000,2000,28,8,0.2857,0.014,40.6429,0.0607,0.0321,,rain,8,6.114571596010758,0.014
00e9be89-00001680.jpg,00e9be89-00001685.jpg,orb,2000,2000,17,5,0.2941,0.0085,38.7059,0.0613,0.0281,,rain,8,6.455250655366749,0.0085
00e9be89-00001685.jpg,00e9be89-00001690.jpg,orb,2000,2000,17,5,0.2941,0.0085,37.8235,0.0635,0.0271,,rain,8,8.339137827423329,0.0085
00e9be89-00001690.jpg,00e9be89-00001695.jpg,orb,2000,2000,16,6,0.375,0.008,39.0,0.0583,0.0295,,rain,8,10.653013795851834,0.008
00e9be89-00001695.jpg,00e9be89-00001705.jpg,orb,2000,2000,19,8,0.4211,0.0095,39.5263,0.045,0.0263,,rain,8,9.646560139547953,0.0095
00e9be89-00001705.jpg,00e9be89-00001710.jpg,orb,2000,1988,61,40,0.6557,0.0307,37.2787,0.0384,0.0334,,rain,8,7.977622554929263,0.0305
00e9be89-00001710.jpg,00e9be89-00001715.jpg,orb,1988,2000,33,18,0.5455,0.0166,36.7273,0.0517,0.0301,,rain,8,7.799322283740739,0.0165
00e9be89-00001715.jpg,00e9be89-00001720.jpg,orb,2000,1953,51,30,0.5882,0.0261,37.451,0.0505,0.0324,,rain,8,7.946516347025796,0.02555110220440882
00e9be89-00001720.jpg,00e9be89-00001725.jpg,orb,1953,2000,67,40,0.597,0.0343,33.2836,0.0545,0.0261,,rain,8,8.010932208724043,0.03356713426853707
00e9be89-00001725.jpg,00e9be89-00001730.jpg,orb,2000,1983,64,50,0.7812,0.0323,32.7656,0.0457,0.0321,,rain,8,7.9788610424014355,0.032
00e9be89-00001730.jpg,00e9be89-00001740.jpg,orb,1983,2000,24,11,0.4583,0.0121,38.125,0.0692,0.0316,,rain,8,8.0783593486685,0.012
00e9be89-00001740.jpg,00e9be89-00001745.jpg,orb,2000,2000,7,4,0.5714,0.0035,41.0,0.0626,0.0341,,rain,8,6.100000006458382,0.0035
00e9be89-00001745.jpg,00e9be89-00001750.jpg,orb,2000,2000,13,4,0.3077,0.0065,44.3846,0.0946,0.0639,,rain,8,5.5951418988520745,0.0065
00e9be89-00001750.jpg,00e9be89-00001755.jpg,orb,2000,2000,29,17,0.5862,0.0145,39.1724,0.0542,0.0296,,rain,8,7.926753877968749,0.0145
00e9be89-00001755.jpg,00e9be89-00001760.jpg,orb,2000,2000,17,7,0.4118,0.0085,41.4706,0.0583,0.0276,,rain,8,8.752953590470938,0.0085
00e9be89-00001760.jpg,00e9be89-00001765.jpg,orb,2000,2000,12,6,0.5,0.006,42.3333,0.0539,0.0281,,rain,8,7.722208939630693,0.006
00e9be89-00001765.jpg,00e9be89-00001770.jpg,orb,2000,2000,18,7,0.3889,0.009,37.3889,0.0582,0.0321,,rain,8,6.689236155670754,0.009
00e9be89-00001770.jpg,00e9be89-00001775.jpg,orb,2000,2000,29,12,0.4138,0.0145,33.1724,0.0578,0.0301,,rain,8,6.887158443230712,0.0145
00e9be89-00001775.jpg,00e9be89-00001780.jpg,orb,2000,2000,12,5,0.4167,0.006,39.25,0.0605,0.0283,,rain,8,7.732273562059322,0.006
00e9be89-00001780.jpg,00e9be89-00001785.jpg,orb,2000,2000,15,5,0.3333,0.0075,45.6667,0.0392,0.0324,,rain,8,8.155509755076448,0.0075
00e9be89-00001785.jpg,00e9be89-00001795.jpg,orb,2000,2000,17,5,0.2941,0.0085,49.0,0.0472,0.0399,,rain,8,7.510283783701392,0.0085
00e9be89-00001795.jpg,00e9be89-00001800.jpg,orb,2000,2000,859,856,0.9965,0.4295,23.787,0.0565,0.0335,,rain,8,7.703326050923958,0.4295
00e9be89-00001800.jpg,00e9be89-00001810.jpg,orb,2000,2000,84,33,0.3929,0.042,37.5119,0.0592,0.0316,,rain,8,8.21723307204191,0.042
00e9be89-00001810.jpg,00e9be89-00001815.jpg,orb,2000,2000,87,32,0.3678,0.0435,37.1609,0.0578,0.0301,,rain,8,8.137386989739497,0.0435
00e9be89-00001815.jpg,00e9be89-00001820.jpg,orb,2000,2000,26,8,0.3077,0.013,41.0385,0.0558,0.0321,,rain,8,8.277526320866729,0.013
00e9be89-00001820.jpg,00e9be89-00001825.jpg,orb,2000,2000,38,16,0.4211,0.019,40.7895,0.0542,0.0301,,rain,8,8.19943879168228,0.019
00e9be89-00001825.jpg,00e9be89-00001830.jpg,orb,2000,2000,39,16,0.4103,0.0195,37.5385,0.0558,0.0281,,rain,8,7.774919628579203,0.0195
00e9be89-00001830.jpg,00e9be89-00001840.jpg,orb,2000,2000,26,8,0.3077,0.013,42.3846,0.0602,0.0301,,rain,8,7.041291593208879,0.013
00e9be89-00001840.jpg,00e9be89-00001845.jpg,orb,2000,2000,1256,1245,0.9912,0.628,15.7381,0.0556,0.0276,,rain,8,6.59937075151446,0.628
00e9be89-00001845.jpg,00e9be89-00001865.jpg,orb,2000,2000,1049,1042,0.9933,0.5245,19.2536,0.039,0.0282,,rain,8,6.521255657852661,0.5245
00e9be89-00001865.jpg,00e9be89-00001870.jpg,orb,2000,2000,1079,1074,0.9954,0.5395,18.7303,0.0364,0.0359,,rain,8,6.599600719113968,0.5395
00e9be89-00001870.jpg,00e9be89-00001875.jpg,orb,2000,2000,1174,1168,0.9949,0.587,15.7436,0.0721,0.0392,,rain,8,6.655703972162733,0.587
00e9be89-00001875.jpg,00e9be89-00001885.jpg,orb,2000,2000,1164,1155,0.9923,0.582,16.8333,0.0663,0.0321,,rain,8,6.529751304102771,0.582
00e9be89-00001885.jpg,00e9be89-00001890.jpg,orb,2000,2000,1239,1224,0.9879,0.6195,16.6901,0.0618,0.0362,,rain,8,6.4761212385184646,0.6195
00e9be89-00001890.jpg,00e9be89-00001895.jpg,orb,2000,2000,1228,1222,0.9951,0.614,16.6409,0.0658,0.0301,,rain,8,6.54376640237583,0.614
00e9be89-00001895.jpg,00e9be89-00001900.jpg,orb,2000,2000,1200,1194,0.995,0.6,17.31,0.0679,0.0281,,rain,8,6.626804665990582,0.6
00e9be89-00001900.jpg,00e9be89-00001905.jpg,orb,2000,2000,192,132,0.6875,0.096,29.8958,0.0684,0.0404,,rain,8,6.7580999425472905,0.096
00e9be89-00001905.jpg,00e9be89-00001915.jpg,orb,2000,2000,28,9,0.3214,0.014,39.5714,0.0625,0.0321,,rain,8,7.171704492319005,0.014
00e9be89-00000015.jpg,00e9be89-00000100.jpg,orb,2000,2000,3,0,0.0,0.0015,48.6667,0.0558,0.0386,C:\Users\amit\Project_digital_image_processing__Amit_Alon\outputs\visualizations\task2\enhanced_visualizations\rain\level_9\match_00e9be89-00000015__00e9be89-00000100.png,rain,9,4.95698813158565,0.0015
00e9be89-00000100.jpg,00e9be89-00000105.jpg,orb,2000,2000,973,961,0.9877,0.4865,23.1829,0.0726,0.0507,,rain,9,6.460907401638126,0.4865
00e9be89-00000105.jpg,00e9be89-00000110.jpg,orb,2000,2000,1004,995,0.991,0.502,20.9641,0.063,0.0369,,rain,9,6.437474399384568,0.502
00e9be89-00000110.jpg,00e9be89-00000115.jpg,orb,2000,2000,982,978,0.9959,0.491,21.8126,0.0492,0.0437,,rain,9,6.452187796823866,0.491
00e9be89-00000115.jpg,00e9be89-00000120.jpg,orb,2000,2000,1213,1207,0.9951,0.6065,19.5392,0.0802,0.0397,,rain,9,6.476783692846862,0.6065
00e9be89-00000120.jpg,00e9be89-00000125.jpg,orb,2000,2000,305,296,0.9705,0.1525,33.1836,0.0764,0.0437,,rain,9,5.844763582318199,0.1525
00e9be89-00000125.jpg,00e9be89-00000130.jpg,orb,2000,2000,814,806,0.9902,0.407,24.2457,0.0739,0.0342,,rain,9,5.479634443061987,0.407
00e9be89-00000130.jpg,00e9be89-00000135.jpg,orb,2000,2000,902,893,0.99,0.451,22.8016,0.0628,0.0402,,rain,9,6.0623477508376045,0.451
00e9be89-00000135.jpg,00e9be89-00000140.jpg,orb,2000,2000,924,912,0.987,0.462,22.3626,0.0636,0.0321,,rain,9,6.408490585622936,0.462
00e9be89-00000140.jpg,00e9be89-00000145.jpg,orb,2000,2000,80,58,0.725,0.04,35.475,0.0638,0.0301,,rain,9,6.4412964686332685,0.04
00e9be89-00000145.jpg,00e9be89-00000150.jpg,orb,2000,2000,17,6,0.3529,0.0085,42.0588,0.0839,0.0422,,rain,9,4.750253768821836,0.0085
00e9be89-00000150.jpg,00e9be89-00000160.jpg,orb,2000,2000,8,4,0.5,0.004,42.875,0.082,0.0366,,rain,9,3.267866650310768,0.004
00e9be89-00000160.jpg,00e9be89-00000165.jpg,orb,2000,2000,10,5,0.5,0.005,40.2,0.0583,0.0313,,rain,9,2.9193163248973,0.005
00e9be89-00000165.jpg,00e9be89-00000175.jpg,orb,2000,2000,9,4,0.4444,0.0045,37.5556,0.0604,0.0342,,rain,9,3.642319425877985,0.0045
00e9be89-00000175.jpg,00e9be89-00000190.jpg,orb,2000,2000,20,7,0.35,0.01,43.4,0.0523,0.037,,rain,9,4.315816631301713,0.01
00e9be89-00000190.jpg,00e9be89-00001000.jpg,orb,2000,1911,7,4,0.5714,0.0037,45.1429,0.057,0.0312,,rain,9,5.191526135314346,0.0035
00e9be89-00001000.jpg,00e9be89-00001005.jpg,orb,1911,1726,16,5,0.3125,0.0093,39.3125,0.0477,0.0261,,rain,9,7.2984453594247665,0.008
00e9be89-00001005.jpg,00e9be89-00001010.jpg,orb,1726,1963,16,6,0.375,0.0093,36.625,0.0565,0.0252,,rain,9,8.124253290904743,0.008
00e9be89-00001010.jpg,00e9be89-00001015.jpg,orb,1963,1804,19,7,0.3684,0.0105,38.3684,0.0528,0.0321,,rain,9,8.6018122901338,0.009538152610441768
00e9be89-00001015.jpg,00e9be89-00001020.jpg,orb,1804,2000,14,5,0.3571,0.0078,37.3571,0.0549,0.0446,,rain,9,8.58294371565017,0.007028112449799197
00e9be89-00001020.jpg,00e9be89-00001025.jpg,orb,2000,2000,18,7,0.3889,0.009,37.5556,0.0552,0.0382,,rain,9,8.340765607547805,0.009
00e9be89-00001025.jpg,00e9be89-00001030.jpg,orb,2000,1954,21,7,0.3333,0.0107,37.9524,0.0563,0.0353,,rain,9,8.316939909415689,0.0105
00e9be89-00001030.jpg,00e9be89-00001035.jpg,orb,1954,1976,75,44,0.5867,0.0384,33.0533,0.0578,0.0326,,rain,9,8.271626472796756,0.0375
00e9be89-00001035.jpg,00e9be89-00001040.jpg,orb,1976,1815,66,37,0.5606,0.0364,34.5758,0.0479,0.0281,,rain,9,8.362040695731736,0.033
00e9be89-00001040.jpg,00e9be89-00001045.jpg,orb,1815,1971,123,62,0.5041,0.0678,33.626,0.0523,0.0285,,rain,9,8.419655007587854,0.0615
00e9be89-00001045.jpg,00e9be89-00001050.jpg,orb,1971,1961,43,11,0.2558,0.0219,34.5349,0.041,0.0344,,rain,9,8.387145426645382,0.0215
00e9be89-00001050.jpg,00e9be89-00001055.jpg,orb,1961,2000,53,14,0.2642,0.027,38.717,0.0545,0.0301,,rain,9,8.311100001186478,0.0265
00e9be89-00001055.jpg,00e9be89-00001060.jpg,orb,2000,2000,45,19,0.4222,0.0225,40.3556,0.0525,0.0323,,rain,9,8.338847064498076,0.0225
00e9be89-00001060.jpg,00e9be89-00001065.jpg,orb,2000,2000,37,22,0.5946,0.0185,38.3784,0.0509,0.0484,,rain,9,8.195711030784125,0.0185
00e9be89-00001065.jpg,00e9be89-00001070.jpg,orb,2000,2000,57,39,0.6842,0.0285,36.8947,0.0619,0.0412,,rain,9,7.980168902296207,0.0285
00e9be89-00001070.jpg,00e9be89-00001075.jpg,orb,2000,2000,40,19,0.475,0.02,40.375,0.0683,0.0402,,rain,9,7.397003123732921,0.02
00e9be89-00001075.jpg,00e9be89-00001080.jpg,orb,2000,2000,15,6,0.4,0.0075,39.8667,0.0583,0.0321,,rain,9,7.514690394095059,0.0075
00e9be89-00001080.jpg,00e9be89-00001090.jpg,orb,2000,2000,32,15,0.4688,0.016,36.75,0.0583,0.0379,,rain,9,8.713525820422497,0.016
00e9be89-00001090.jpg,00e9be89-00001095.jpg,orb,2000,2000,30,18,0.6,0.015,36.1333,0.0623,0.0383,,rain,9,9.23560477094476,0.015
00e9be89-00001095.jpg,00e9be89-00001100.jpg,orb,2000,2000,35,21,0.6,0.0175,38.8286,0.0395,0.0364,,rain,9,9.19952294571705,0.0175
00e9be89-00001100.jpg,00e9be89-00001105.jpg,orb,2000,2000,20,5,0.25,0.01,42.7,0.0464,0.0323,,rain,9,8.753289537459613,0.01
00e9be89-00001105.jpg,00e9be89-00001115.jpg,orb,2000,2000,10,5,0.5,0.005,40.5,0.0374,0.032,,rain,9,7.861461388408783,0.005
00e9be89-00001115.jpg,00e9be89-00001125.jpg,orb,2000,2000,13,4,0.3077,0.0065,45.6154,0.038,0.034,,rain,9,8.061071610209218,0.0065
00e9be89-00001125.jpg,00e9be89-00001130.jpg,orb,2000,2000,28,11,0.3929,0.014,39.6071,0.0605,0.0382,,rain,9,8.36590530031773,0.014
00e9be89-00001130.jpg,00e9be89-00001135.jpg,orb,2000,2000,37,18,0.4865,0.0185,37.0541,0.0648,0.0342,,rain,9,8.754041844446013,0.0185
00e9be89-00001135.jpg,00e9be89-00001140.jpg,orb,2000,2000,63,43,0.6825,0.0315,36.0476,0.0578,0.0303,,rain,9,9.44662363587618,0.0315
00e9be89-00001140.jpg,00e9be89-00001150.jpg,orb,2000,2000,30,13,0.4333,0.015,38.9333,0.0573,0.0303,,rain,9,9.67963048159002,0.015
00e9be89-00001150.jpg,00e9be89-00001155.jpg,orb,2000,2000,38,15,0.3947,0.019,35.3947,0.0526,0.0296,,rain,9,10.00894918614317,0.019
00e9be89-00001155.jpg,00e9be89-00001160.jpg,orb,2000,2000,41,19,0.4634,0.0205,37.2683,0.0502,0.0321,,rain,9,9.984184165969433,0.0205
00e9be89-00001160.jpg,00e9be89-00001165.jpg,orb,2000,2000,14,6,0.4286,0.007,41.1429,0.054,0.0321,,rain,9,10.122384565809607,0.007
00e9be89-00001165.jpg,00e9be89-00001170.jpg,orb,2000,2000,17,6,0.3529,0.0085,42.2353,0.0598,0.0304,,rain,9,9.984949708936192,0.0085
00e9be89-00001170.jpg,00e9be89-00001175.jpg,orb,2000,2000,22,14,0.6364,0.011,36.0455,0.0598,0.0321,,rain,9,10.080941194389254,0.011
00e9be89-00001175.jpg,00e9be89-00001180.jpg,orb,2000,2000,36,16,0.4444,0.018,40.5833,0.0575,0.0321,,rain,9,10.38244465886226,0.018
00e9be89-00001180.jpg,00e9be89-00001185.jpg,orb,2000,2000,21,8,0.381,0.0105,39.7619,0.0578,0.0341,,rain,9,10.092518426037174,0.0105
00e9be89-00001185.jpg,00e9be89-00001190.jpg,orb,2000,2000,14,8,0.5714,0.007,41.7857,0.0603,0.0286,,rain,9,9.380856069736392,0.007
00e9be89-00001190.jpg,00e9be89-00001195.jpg,orb,2000,2000,9,5,0.5556,0.0045,43.7778,0.0577,0.0301,,rain,9,6.293103027390156,0.0045
00e9be89-00001195.jpg,00e9be89-00001200.jpg,orb,2000,1948,19,6,0.3158,0.0098,42.6316,0.0285,0.0334,,rain,9,7.160541949308014,0.009562154001006542
00e9be89-00001200.jpg,00e9be89-00001205.jpg,orb,1948,1054,23,8,0.3478,0.0218,39.2174,0.0325,0.0141,,rain,9,10.625799014354437,0.011575239053850024
00e9be89-00001205.jpg,00e9be89-00001210.jpg,orb,1054,1932,7,4,0.5714,0.0066,38.2857,0.0316,0.0165,,rain,9,10.616940386980014,0.0035070140280561123
00e9be89-00001210.jpg,00e9be89-00001215.jpg,orb,1932,1970,26,7,0.2692,0.0135,40.2692,0.0462,0.0276,,rain,9,10.26894009113146,0.013
00e9be89-00001215.jpg,00e9be89-00001220.jpg,orb,1970,2000,10,4,0.4,0.0051,41.1,0.0522,0.0281,,rain,9,9.028009952474862,0.005
00e9be89-00001220.jpg,00e9be89-00001225.jpg,orb,2000,2000,17,5,0.2941,0.0085,44.0588,0.0517,0.0292,,rain,9,9.248070466758431,0.0085
00e9be89-00001225.jpg,00e9be89-00001230.jpg,orb,2000,2000,6,4,0.6667,0.003,42.3333,0.0589,0.0318,,rain,9,10.316678122403545,0.003
00e9be89-00001230.jpg,00e9be89-00001240.jpg,orb,2000,962,25,15,0.6,0.026,37.24,0.0582,0.023,,rain,9,10.337237756589136,0.013743815283122594
00e9be89-00001240.jpg,00e9be89-00001245.jpg,orb,962,2000,45,18,0.4,0.0468,36.4,0.1073,0.0405,,rain,9,9.743643269515644,0.02473886750962067
00e9be89-00001245.jpg,00e9be89-00001250.jpg,orb,2000,1991,39,9,0.2308,0.0196,38.6667,0.0967,0.0541,,rain,9,10.10973983899222,0.0195
00e9be89-00001250.jpg,00e9be89-00001255.jpg,orb,1991,2000,25,10,0.4,0.0126,35.56,0.0648,0.0482,,rain,9,11.050797257154386,0.0125
00e9be89-00001255.jpg,00e9be89-00001260.jpg,orb,2000,2000,17,7,0.4118,0.0085,36.1176,0.0526,0.032,,rain,9,10.56784168897151,0.0085
00e9be89-00001260.jpg,00e9be89-00001265.jpg,orb,2000,2000,18,6,0.3333,0.009,44.5556,0.0542,0.0307,,rain,9,8.398761986837972,0.009
00e9be89-00001265.jpg,00e9be89-00001270.jpg,orb,2000,2000,13,6,0.4615,0.0065,46.6154,0.0617,0.0331,,rain,9,5.4223243900530775,0.0065
00e9be89-00001270.jpg,00e9be89-00001275.jpg,orb,2000,2000,18,3,0.1667,0.009,43.2778,0.0676,0.0367,,rain,9,5.303032823367085,0.009
00e9be89-00001275.jpg,00e9be89-00001280.jpg,orb,2000,2000,11,4,0.3636,0.0055,43.3636,0.072,0.0368,,rain,9,4.874689091045337,0.0055
00e9be89-00001280.jpg,00e9be89-00001285.jpg,orb,2000,2000,14,7,0.5,0.007,38.8571,0.0963,0.0877,,rain,9,2.1559983788515207,0.007
00e9be89-00001285.jpg,00e9be89-00001290.jpg,orb,2000,2000,18,5,0.2778,0.009,44.6667,0.0817,0.0342,,rain,9,3.224349551213073,0.009
00e9be89-00001290.jpg,00e9be89-00001295.jpg,orb,2000,2000,14,7,0.5,0.007,34.7857,0.0626,0.0369,,rain,9,4.376324311916115,0.007
00e9be89-00001295.jpg,00e9be89-00001305.jpg,orb,2000,2000,13,7,0.5385,0.0065,46.3077,0.0563,0.0377,,rain,9,3.895189329106609,0.0065
00e9be89-00001305.jpg,00e9be89-00001310.jpg,orb,2000,2000,9,4,0.4444,0.0045,43.4444,0.0525,0.0321,,rain,9,4.031574733208926,0.0045
00e9be89-00001310.jpg,00e9be89-00001315.jpg,orb,2000,2000,8,5,0.625,0.004,45.625,0.0563,0.0258,,rain,9,1.9978160655005195,0.004
00e9be89-00001315.jpg,00e9be89-00001325.jpg,orb,2000,1825,19,5,0.2632,0.0104,40.0526,0.0543,0.0276,,rain,9,0.5714960838831418,0.0095
00e9be89-00001325.jpg,00e9be89-00001330.jpg,orb,1825,1345,13,5,0.3846,0.0097,39.9231,0.0482,0.0181,,rain,9,0.3049650236898467,0.0065
00e9be89-00001330.jpg,00e9be89-00001335.jpg,orb,1345,2000,14,6,0.4286,0.0104,40.4286,0.0517,0.0181,,rain,9,2.911847562477346,0.007
00e9be89-00001335.jpg,00e9be89-00001340.jpg,orb,2000,2000,14,5,0.3571,0.007,38.0,0.0482,0.0301,,rain,9,6.747792206568382,0.007
00e9be89-00001340.jpg,00e9be89-00001345.jpg,orb,2000,1990,13,5,0.3846,0.0065,41.7692,0.0639,0.0341,,rain,9,7.129702239850497,0.0065
00e9be89-00001345.jpg,00e9be89-00001350.jpg,orb,1990,1938,15,6,0.4,0.0077,41.9333,0.0597,0.0291,,rain,9,6.448098099594223,0.0075
00e9be89-00001350.jpg,00e9be89-00001355.jpg,orb,1938,2000,29,7,0.2414,0.015,40.1379,0.0407,0.0303,,rain,9,6.803771588084532,0.0145
00e9be89-00001355.jpg,00e9be89-00001360.jpg,orb,2000,2000,19,6,0.3158,0.0095,39.8947,0.0528,0.0277,,rain,9,6.615327281571709,0.0095
00e9be89-00001360.jpg,00e9be89-00001365.jpg,orb,2000,2000,16,4,0.25,0.008,44.3125,0.0423,0.0325,,rain,9,6.245891191689934,0.008
00e9be89-00001365.jpg,00e9be89-00001370.jpg,orb,2000,2000,11,4,0.3636,0.0055,47.0,0.0389,0.0316,,rain,9,6.736002492350526,0.0055
00e9be89-00001370.jpg,00e9be89-00001375.jpg,orb,2000,1717,71,30,0.4225,0.0414,39.4085,0.0284,0.0322,,rain,9,6.710823096204569,0.0355
00e9be89-00001375.jpg,00e9be89-00001380.jpg,orb,1717,1530,87,34,0.3908,0.0569,40.4253,0.0404,0.023,,rain,9,6.755797796784859,0.0435
00e9be89-00001380.jpg,00e9be89-00001385.jpg,orb,1530,1667,45,21,0.4667,0.0294,35.3333,0.0477,0.0181,,rain,9,6.883931211201009,0.0225
00e9be89-00001385.jpg,00e9be89-00001390.jpg,orb,1667,1766,18,6,0.3333,0.0108,33.5556,0.0462,0.0221,,rain,9,6.404107855344622,0.009
00e9be89-00001390.jpg,00e9be89-00001395.jpg,orb,1766,1739,51,10,0.1961,0.0293,31.6863,0.0529,0.0292,,rain,9,6.109177553215471,0.0255
00e9be89-00001395.jpg,00e9be89-00001400.jpg,orb,1739,1839,76,24,0.3158,0.0437,30.9342,0.0484,0.0283,,rain,9,6.494303843049506,0.038
00e9be89-00001400.jpg,00e9be89-00001405.jpg,orb,1839,1897,47,13,0.2766,0.0256,34.8085,0.0442,0.0256,,rain,9,6.624610810070753,0.0235
00e9be89-00001405.jpg,00e9be89-00001410.jpg,orb,1897,1977,61,19,0.3115,0.0322,33.3443,0.0356,0.0305,,rain,9,6.790858347705044,0.0305
00e9be89-00001410.jpg,00e9be89-00001415.jpg,orb,1977,1902,89,25,0.2809,0.0468,28.7079,0.0526,0.0256,,rain,9,6.770634579746106,0.0445
00e9be89-00001415.jpg,00e9be89-00001420.jpg,orb,1902,2000,72,24,0.3333,0.0379,28.9444,0.0586,0.0261,,rain,9,6.257600696795631,0.036
00e9be89-00001420.jpg,00e9be89-00001425.jpg,orb,2000,2000,34,10,0.2941,0.017,29.0588,0.0562,0.0281,,rain,9,5.868065988889442,0.017
00e9be89-00001425.jpg,00e9be89-00001430.jpg,orb,2000,2000,50,14,0.28,0.025,34.28,0.0558,0.0292,,rain,9,5.746032666480417,0.025
00e9be89-00001430.jpg,00e9be89-00001440.jpg,orb,2000,2000,31,7,0.2258,0.0155,35.9677,0.0542,0.0276,,rain,9,6.170524190896533,0.0155
00e9be89-00001440.jpg,00e9be89-00001445.jpg,orb,2000,2000,59,17,0.2881,0.0295,32.8475,0.0585,0.0316,,rain,9,5.746008900250394,0.0295
00e9be89-00001445.jpg,00e9be89-00001450.jpg,orb,2000,1977,52,25,0.4808,0.0263,37.3077,0.0603,0.0321,,rain,9,4.807756952340661,0.026
00e9be89-00001450.jpg,00e9be89-00001455.jpg,orb,1977,1480,42,19,0.4524,0.0284,34.381,0.0408,0.0245,,rain,9,4.870379276754638,0.021
00e9be89-00001455.jpg,00e9be89-00001460.jpg,orb,1480,1688,56,25,0.4464,0.0378,38.3929,0.0377,0.0182,,rain,9,5.277388603217087,0.028
00e9be89-00001460.jpg,00e9be89-00001465.jpg,orb,1688,1820,109,77,0.7064,0.0646,32.3761,0.0467,0.0234,,rain,9,5.431620506909309,0.0545
00e9be89-00001465.jpg,00e9be89-00001470.jpg,orb,1820,2000,12,5,0.4167,0.0066,41.5833,0.0515,0.0273,,rain,9,6.447863716573227,0.006
00e9be89-00001470.jpg,00e9be89-00001475.jpg,orb,2000,1897,46,24,0.5217,0.0242,32.3261,0.0522,0.0338,,rain,9,7.433331302547401,0.023
00e9be89-00001475.jpg,00e9be89-00001480.jpg,orb,1897,1934,26,6,0.2308,0.0137,38.2308,0.052,0.0261,,rain,9,6.984845791570139,0.013
00e9be89-00001480.jpg,00e9be89-00001485.jpg,orb,1934,1957,23,5,0.2174,0.0119,41.5652,0.0636,0.0279,,rain,9,8.049719349877357,0.0115
00e9be89-00001485.jpg,00e9be89-00001490.jpg,orb,1957,1848,33,9,0.2727,0.0179,38.7879,0.0543,0.0268,,rain,9,9.710421139712148,0.0165
00e9be89-00001490.jpg,00e9be89-00001495.jpg,orb,1848,1844,571,553,0.9685,0.3097,19.4203,0.0578,0.0364,,rain,9,9.81532447382036,0.2855
00e9be89-00001495.jpg,00e9be89-00001500.jpg,orb,1844,1904,768,760,0.9896,0.4165,15.056,0.0507,0.0302,,rain,9,9.822343897828096,0.384
00e9be89-00001500.jpg,00e9be89-00001505.jpg,orb,1904,1950,204,155,0.7598,0.1071,29.5196,0.0559,0.0281,,rain,9,9.900702756095182,0.102
00e9be89-00001505.jpg,00e9be89-00001510.jpg,orb,1950,2000,31,8,0.2581,0.0159,38.129,0.0604,0.0289,,rain,9,9.78756334778612,0.0155
00e9be89-00001510.jpg,00e9be89-00001515.jpg,orb,2000,1937,32,10,0.3125,0.0165,41.3125,0.056,0.0281,,rain,9,8.963767253973742,0.016
00e9be89-00001515.jpg,00e9be89-00001520.jpg,orb,1937,2000,21,7,0.3333,0.0108,41.4762,0.0459,0.0261,,rain,9,7.510792483113926,0.0105
00e9be89-00001520.jpg,00e9be89-00001525.jpg,orb,2000,2000,50,27,0.54,0.025,37.42,0.0467,0.0281,,rain,9,7.240921740952037,0.025
00e9be89-00001525.jpg,00e9be89-00001535.jpg,orb,2000,2000,14,5,0.3571,0.007,40.7857,0.0569,0.0261,,rain,9,7.38272566249923,0.007
00e9be89-00001535.jpg,00e9be89-00001540.jpg,orb,2000,2000,17,6,0.3529,0.0085,42.7059,0.0506,0.0281,,rain,9,5.73620778800607,0.0085
00e9be89-00001540.jpg,00e9be89-00001545.jpg,orb,2000,2000,11,5,0.4545,0.0055,40.6364,0.0555,0.0299,,rain,9,4.637694794143146,0.0055
00e9be89-00001545.jpg,00e9be89-00001550.jpg,orb,2000,1996,71,49,0.6901,0.0356,35.5775,0.0623,0.0526,,rain,9,4.877081455524608,0.0355
00e9be89-00001550.jpg,00e9be89-00001555.jpg,orb,1996,2000,398,383,0.9623,0.1994,20.0226,0.06,0.0341,,rain,9,4.881976613075025,0.199
00e9be89-00001555.jpg,00e9be89-00001560.jpg,orb,2000,1990,235,217,0.9234,0.1181,26.0426,0.0604,0.0316,,rain,9,4.899933143434312,0.1175
00e9be89-00001560.jpg,00e9be89-00001565.jpg,orb,1990,1989,388,373,0.9613,0.1951,20.1727,0.0576,0.0301,,rain,9,4.955156927058283,0.194
00e9be89-00001565.jpg,00e9be89-00001570.jpg,orb,1989,2000,35,23,0.6571,0.0176,33.5429,0.0517,0.0298,,rain,9,5.389531646355158,0.0175
00e9be89-00001570.jpg,00e9be89-00001575.jpg,orb,2000,2000,41,18,0.439,0.0205,41.0976,0.0598,0.0281,,rain,9,5.739467075644726,0.0205
00e9be89-00001575.jpg,00e9be89-00001580.jpg,orb,2000,2000,87,55,0.6322,0.0435,31.4138,0.0496,0.0277,,rain,9,5.586741456602263,0.0435
00e9be89-00001580.jpg,00e9be89-00001585.jpg,orb,2000,2000,53,14,0.2642,0.0265,37.1509,0.0366,0.0303,,rain,9,4.873302240773803,0.0265
00e9be89-00001585.jpg,00e9be89-00001590.jpg,orb,2000,2000,21,7,0.3333,0.0105,42.0,0.0443,0.0272,,rain,9,3.598679867412252,0.0105
00e9be89-00001590.jpg,00e9be89-00001595.jpg,orb,2000,2000,9,5,0.5556,0.0045,43.6667,0.0317,0.0365,,rain,9,2.654774758580017,0.0045
00e9be89-00001595.jpg,00e9be89-00001600.jpg,orb,2000,2000,22,10,0.4545,0.011,39.9091,0.0606,0.0462,,rain,9,3.281548332731754,0.011
00e9be89-00001600.jpg,00e9be89-00001605.jpg,orb,2000,2000,83,53,0.6386,0.0415,39.4578,0.0654,0.036,,rain,9,3.988229616070516,0.0415
00e9be89-00001605.jpg,00e9be89-00001610.jpg,orb,2000,2000,24,11,0.4583,0.012,41.3333,0.0663,0.0341,,rain,9,4.563877837702767,0.012
00e9be89-00001610.jpg,00e9be89-00001620.jpg,orb,2000,2000,11,5,0.4545,0.0055,40.7273,0.0522,0.0301,,rain,9,4.922196198587496,0.0055
00e9be89-00001620.jpg,00e9be89-00001625.jpg,orb,2000,2000,22,6,0.2727,0.011,36.5455,0.0544,0.0281,,rain,9,5.595267112546827,0.011
00e9be89-00001625.jpg,00e9be89-00001630.jpg,orb,2000,2000,79,14,0.1772,0.0395,34.8481,0.0517,0.0281,,rain,9,6.795435102084227,0.0395
00e9be89-00001630.jpg,00e9be89-00001635.jpg,orb,2000,2000,23,6,0.2609,0.0115,38.4348,0.0522,0.0296,,rain,9,6.826724712223125,0.0115
00e9be89-00001635.jpg,00e9be89-00001640.jpg,orb,2000,2000,13,5,0.3846,0.0065,44.6154,0.0578,0.0301,,rain,9,3.844010817209789,0.0065
00e9be89-00001640.jpg,00e9be89-00001645.jpg,orb,2000,2000,11,5,0.4545,0.0055,43.9091,0.0664,0.0336,,rain,9,-0.1016447190746011,0.0055
00e9be89-00001645.jpg,00e9be89-00001650.jpg,orb,2000,2000,17,5,0.2941,0.0085,36.6471,0.0543,0.0281,,rain,9,-0.1999557474889242,0.0085
00e9be89-00001650.jpg,00e9be89-00001655.jpg,orb,2000,2000,15,5,0.3333,0.0075,42.2667,0.0619,0.0462,,rain,9,0.922208829524454,0.0075
00e9be89-00001655.jpg,00e9be89-00001665.jpg,orb,2000,2000,11,4,0.3636,0.0055,43.2727,0.068,0.0337,,rain,9,3.91076663950378,0.0055
00e9be89-00001665.jpg,00e9be89-00001670.jpg,orb,2000,2000,13,5,0.3846,0.0065,42.5385,0.0443,0.0338,,rain,9,6.833770392644854,0.0065
00e9be89-00001670.jpg,00e9be89-00001675.jpg,orb,2000,2000,24,6,0.25,0.012,42.7917,0.0317,0.0335,,rain,9,6.098400092801424,0.012
00e9be89-00001675.jpg,00e9be89-00001680.jpg,orb,2000,2000,20,9,0.45,0.01,37.05,0.0527,0.0283,,rain,9,5.46509046860429,0.01
00e9be89-00001680.jpg,00e9be89-00001685.jpg,orb,2000,2000,13,4,0.3077,0.0065,36.9231,0.0666,0.0256,,rain,9,5.797409647514079,0.0065
00e9be89-00001685.jpg,00e9be89-00001690.jpg,orb,2000,2000,16,6,0.375,0.008,36.3125,0.0545,0.0261,,rain,9,7.673325222680559,0.008
00e9be89-00001690.jpg,00e9be89-00001695.jpg,orb,2000,2000,16,4,0.25,0.008,38.125,0.0583,0.0296,,rain,9,10.011038615403836,0.008
00e9be89-00001695.jpg,00e9be89-00001705.jpg,orb,2000,1997,18,7,0.3889,0.009,39.4444,0.0545,0.0281,,rain,9,9.003836766432276,0.009
00e9be89-00001705.jpg,00e9be89-00001710.jpg,orb,1997,1980,66,45,0.6818,0.0333,37.0758,0.0495,0.0299,,rain,9,7.312762569985236,0.033
00e9be89-00001710.jpg,00e9be89-00001715.jpg,orb,1980,2000,35,15,0.4286,0.0177,38.8286,0.0535,0.0393,,rain,9,7.132139301291101,0.0175
00e9be89-00001715.jpg,00e9be89-00001720.jpg,orb,2000,1885,36,10,0.2778,0.0191,38.9167,0.0505,0.0316,,rain,9,7.289396401466167,0.018036072144288578
00e9be89-00001720.jpg,00e9be89-00001725.jpg,orb,1885,2000,57,42,0.7368,0.0302,31.2807,0.0538,0.0281,,rain,9,7.358018125525853,0.028557114228456915
00e9be89-00001725.jpg,00e9be89-00001730.jpg,orb,2000,1967,56,34,0.6071,0.0285,30.4464,0.0502,0.0256,,rain,9,7.3211228656520895,0.028
00e9be89-00001730.jpg,00e9be89-00001740.jpg,orb,1967,2000,30,13,0.4333,0.0153,38.5333,0.0502,0.0281,,rain,9,7.414258529858841,0.015
00e9be89-00001740.jpg,00e9be89-00001745.jpg,orb,2000,2000,12,6,0.5,0.006,42.3333,0.0607,0.0321,,rain,9,5.394507739441535,0.006
00e9be89-00001745.jpg,00e9be89-00001750.jpg,orb,2000,2000,10,6,0.6,0.005,42.5,0.0625,0.0301,,rain,9,4.902704200791817,0.005
00e9be89-00001750.jpg,00e9be89-00001755.jpg,orb,2000,2000,21,10,0.4762,0.0105,38.0952,0.0435,0.0361,,rain,9,7.3145459164882976,0.0105
00e9be89-00001755.jpg,00e9be89-00001760.jpg,orb,2000,2000,16,8,0.5,0.008,37.9375,0.0346,0.0304,,rain,9,8.16359019448588,0.008
00e9be89-00001760.jpg,00e9be89-00001765.jpg,orb,2000,2000,11,6,0.5455,0.0055,42.1818,0.0462,0.0307,,rain,9,7.136622515731263,0.0055
00e9be89-00001765.jpg,00e9be89-00001770.jpg,orb,2000,2000,26,11,0.4231,0.013,36.4615,0.0546,0.0353,,rain,9,6.107698864551587,0.013
00e9be89-00001770.jpg,00e9be89-00001775.jpg,orb,2000,2000,34,12,0.3529,0.017,35.4118,0.0624,0.0402,,rain,9,6.311996867040531,0.017
00e9be89-00001775.jpg,00e9be89-00001780.jpg,orb,2000,2000,26,8,0.3077,0.013,39.3077,0.0603,0.0281,,rain,9,7.147713675057485,0.013
00e9be89-00001780.jpg,00e9be89-00001785.jpg,orb,2000,2000,18,6,0.3333,0.009,43.1111,0.0603,0.0267,,rain,9,7.580413579405201,0.009
00e9be89-00001785.jpg,00e9be89-00001795.jpg,orb,2000,2000,17,7,0.4118,0.0085,45.5882,0.0565,0.0321,,rain,9,6.946788120119072,0.0085
00e9be89-00001795.jpg,00e9be89-00001800.jpg,orb,2000,2000,854,846,0.9906,0.427,23.1136,0.0497,0.0272,,rain,9,7.123509865921205,0.427
00e9be89-00001800.jpg,00e9be89-00001810.jpg,orb,2000,2000,77,35,0.4545,0.0385,36.7143,0.0543,0.0296,,rain,9,7.632504085794492,0.0385
00e9be89-00001810.jpg,00e9be89-00001815.jpg,orb,2000,2000,76,32,0.4211,0.038,33.9737,0.0563,0.0281,,rain,9,7.554866143158936,0.038
00e9be89-00001815.jpg,00e9be89-00001820.jpg,orb,2000,2000,22,6,0.2727,0.011,41.0,0.0542,0.0262,,rain,9,7.708109386369793,0.011
00e9be89-00001820.jpg,00e9be89-00001825.jpg,orb,2000,2000,24,10,0.4167,0.012,38.5417,0.053,0.0321,,rain,9,7.628798198150193,0.012
00e9be89-00001825.jpg,00e9be89-00001830.jpg,orb,2000,2000,34,16,0.4706,0.017,38.6176,0.0381,0.0266,,rain,9,7.176195457700841,0.017
00e9be89-00001830.jpg,00e9be89-00001840.jpg,orb,2000,2000,18,5,0.2778,0.009,41.6667,0.063,0.0347,,rain,9,6.402231920773968,0.009
00e9be89-00001840.jpg,00e9be89-00001845.jpg,orb,2000,2000,1308,1300,0.9939,0.654,15.4121,0.0549,0.0291,,rain,9,5.943217108455455,0.654
00e9be89-00001845.jpg,00e9be89-00001865.jpg,orb,2000,2000,1040,1028,0.9885,0.52,18.9096,0.0618,0.0301,,rain,9,5.864195621224948,0.52
00e9be89-00001865.jpg,00e9be89-00001870.jpg,orb,2000,2000,1084,1071,0.988,0.542,19.4493,0.0621,0.0301,,rain,9,5.944488148025466,0.542
00e9be89-00001870.jpg,00e9be89-00001875.jpg,orb,2000,2000,1181,1176,0.9958,0.5905,15.6207,0.0569,0.0261,,rain,9,6.000679495502167,0.5905
00e9be89-00001875.jpg,00e9be89-00001885.jpg,orb,2000,2000,1188,1184,0.9966,0.594,17.1793,0.0603,0.0361,,rain,9,5.870542360710027,0.594
00e9be89-00001885.jpg,00e9be89-00001890.jpg,orb,2000,2000,1235,1227,0.9935,0.6175,17.3927,0.0603,0.0341,,rain,9,5.815220123255175,0.6175
00e9be89-00001890.jpg,00e9be89-00001895.jpg,orb,2000,2000,1212,1205,0.9942,0.606,15.8663,0.053,0.0301,,rain,9,5.884511424904639,0.606
00e9be89-00001895.jpg,00e9be89-00001900.jpg,orb,2000,2000,1199,1191,0.9933,0.5995,17.2636,0.0392,0.0301,,rain,9,5.970377111064236,0.5995
00e9be89-00001900.jpg,00e9be89-00001905.jpg,orb,2000,2000,228,157,0.6886,0.114,29.4342,0.0523,0.0262,,rain,9,6.101342094852569,0.114
00e9be89-00001905.jpg,00e9be89-00001915.jpg,orb,2000,2000,18,4,0.2222,0.009,43.4444,0.0562,0.0342,,rain,9,6.5307706204057965,0.009
