image,augmentation,level,snr_db,ref_count,cand_count,matched_count,matched_recall,retention_ratio,mean_iou_matched
001b428f-059bac33.jpg,motion_blur,1,38.114481430073695,8,7,7,0.875,0.875,0.98601188407065
001c2a14-c7138401.jpg,motion_blur,1,24.039533599925548,3,3,3,1.0,1.0,0.9814687284127744
01a4933a-252e566a.jpg,motion_blur,1,38.22914583020811,1,1,1,1.0,1.0,0.9705882352941176
01a5b28a-c8fc55cc.jpg,motion_blur,1,30.07715816744785,2,1,1,0.5,0.5,0.9910714285714286
01ab0f6d-a46b4820.jpg,motion_blur,1,29.313575806251066,9,9,9,1.0,1.0,0.9810596321237879
01ab0f6d-b74b83d1.jpg,motion_blur,1,29.164047995691355,6,6,6,1.0,1.0,0.9865809828764459
01abd21f-2a974488.jpg,motion_blur,1,35.35814091823515,10,9,9,0.9,0.9,0.9831004405780336
01b08b19-a9fc3dcd.jpg,motion_blur,1,32.76757891408232,12,11,10,0.8333333333333334,0.9166666666666666,0.9488729347713603
01b29c03-4b348d76.jpg,motion_blur,1,32.424329536278194,4,4,4,1.0,1.0,0.9806197478991596
01b34172-f9ea5060.jpg,motion_blur,1,34.05330335940068,6,8,6,1.0,1.3333333333333333,0.9715927381706243
01c21ca3-faca9871.jpg,motion_blur,1,34.435614967660825,6,6,6,1.0,1.0,0.9359734701008287
01c231b4-1ebf841a.jpg,motion_blur,1,32.162738514640495,10,10,10,1.0,1.0,0.9753501039163595
01c3c73e-42795861.jpg,motion_blur,1,30.083315680966432,8,8,8,1.0,1.0,0.9736449805018277
01c4035b-bcaeb067.jpg,motion_blur,1,32.401422565601415,6,6,6,1.0,1.0,0.9850670188924341
01c5cd64-6e208afd.jpg,motion_blur,1,28.39431554009291,11,10,10,0.9090909090909091,0.9090909090909091,0.9863648832808201
01c6a5ce-7dba6e67.jpg,motion_blur,1,30.60636694449833,7,7,7,1.0,1.0,0.9507916100639001
01e38013-dab56c86.jpg,motion_blur,1,33.78702988415843,1,1,1,1.0,1.0,1.0
01e9b6bc-1c3597ee.jpg,motion_blur,1,33.89593862478415,11,11,11,1.0,1.0,0.9643531663092255
01fe2056-010af346.jpg,motion_blur,1,32.679681627915976,10,10,10,1.0,1.0,0.9676108249744688
0a0438c7-4b42456f.jpg,motion_blur,1,36.78505615055088,2,2,2,1.0,1.0,0.9880042969682502
0a096659-9faad1ad.jpg,motion_blur,1,33.56199195586612,2,2,2,1.0,1.0,0.9405553316662758
0a172b0e-136b7a63.jpg,motion_blur,1,27.602153439552172,12,11,11,0.9166666666666666,0.9166666666666666,0.9790338392998739
0a364fd8-81c63814.jpg,motion_blur,1,29.21380678639826,13,13,13,1.0,1.0,0.9493662371394875
0a43984a-db1eb6cb.jpg,motion_blur,1,31.995187073579633,5,5,5,1.0,1.0,0.9441277168554862
0a493f24-352f747e.jpg,motion_blur,1,28.674891893902984,3,3,3,1.0,1.0,0.9752784697197544
0a507f1c-3ee431e7.jpg,motion_blur,1,22.941128371762932,5,5,5,1.0,1.0,0.9942539826121916
0a514790-e4c8e3e3.jpg,motion_blur,1,28.99065542816702,2,2,2,1.0,1.0,0.9916692636135439
0a5922a3-a1b0d581.jpg,motion_blur,1,32.47157299123242,6,6,6,1.0,1.0,0.9754259608147543
0a71fa0a-5320a5e5.jpg,motion_blur,1,36.941135768742356,3,3,3,1.0,1.0,0.985784574468085
0a723d61-9885002e.jpg,motion_blur,1,29.899151862163855,0,0,0,,,
0a8368e0-41c6b3b3.jpg,motion_blur,1,29.705572416121157,1,1,1,1.0,1.0,0.9905229899337197
0a8610c6-593513f9.jpg,motion_blur,1,27.805525993291734,10,10,10,1.0,1.0,0.9726098365505866
0a909731-454401d8.jpg,motion_blur,1,35.05901928498481,1,1,1,1.0,1.0,0.9885596225600543
0a924ade-6766d702.jpg,motion_blur,1,35.55524060693447,2,2,2,1.0,1.0,0.9726532929598789
0a94788f-460bd0d2.jpg,motion_blur,1,27.641348412435043,7,8,7,1.0,1.1428571428571428,0.9440162624804744
0aa0297e-378da79c.jpg,motion_blur,1,31.267594872701924,0,0,0,,,
0aa47a41-ad75f648.jpg,motion_blur,1,30.786610315549538,3,3,3,1.0,1.0,0.9934653361619654
0aa4bc86-1e9b17cc.jpg,motion_blur,1,25.58067135619104,7,7,7,1.0,1.0,0.992827517742772
0aa751fe-30470c78.jpg,motion_blur,1,37.28636418361975,4,4,4,1.0,1.0,0.9911546109530059
0aa9197a-48cbd686.jpg,motion_blur,1,36.15642529030269,8,8,8,1.0,1.0,0.9655977467705807
0aab648b-ea86909c.jpg,motion_blur,1,33.635758378734735,4,4,4,1.0,1.0,0.985728584016892
0ab179b7-73f22df4.jpg,motion_blur,1,30.0057234265136,12,12,12,1.0,1.0,0.9838042714250889
0ab1b9e8-aefcb8d2.jpg,motion_blur,1,29.717511429542665,10,10,10,1.0,1.0,0.9592361351549454
0ab72d5d-af77406b.jpg,motion_blur,1,36.18361460061906,17,16,16,0.9411764705882353,0.9411764705882353,0.9661391336165627
0aba7df1-d488bc00.jpg,motion_blur,1,28.849315154094448,9,9,9,1.0,1.0,0.9748712755124576
0abeea78-647aef5c.jpg,motion_blur,1,38.71848376789313,2,2,2,1.0,1.0,0.9956896551724138
0ac20953-2830f7c0.jpg,motion_blur,1,33.70114668319499,13,14,13,1.0,1.0769230769230769,0.976495702342549
0ac3cbf4-73c76d25.jpg,motion_blur,1,38.83389263824679,4,4,4,1.0,1.0,0.9894500846023688
0ac3cbf4-a764bdbc.jpg,motion_blur,1,22.64871221952933,2,4,2,1.0,2.0,0.9986666666666666
0acc0c71-fb702dac.jpg,motion_blur,1,28.67684829243061,13,14,13,1.0,1.0769230769230769,0.9730017978826133
0accdaac-8ac5a6ca.jpg,motion_blur,1,27.671298579271962,5,5,5,1.0,1.0,0.9542443741344139
0accdaac-c56ee5d7.jpg,motion_blur,1,29.552495546917704,3,3,3,1.0,1.0,0.9874419761273209
0ace96c3-48481887.jpg,motion_blur,1,30.897894805718828,10,11,10,1.0,1.1,0.9862191900116267
0ad023de-a7164b14.jpg,motion_blur,1,35.256032281293415,2,2,2,1.0,1.0,0.9861111111111112
0ad051b9-9a513e8a.jpg,motion_blur,1,26.96056232714295,6,6,6,1.0,1.0,0.9884386060282487
0ad5691b-3bf88466.jpg,motion_blur,1,37.987698413737164,4,4,4,1.0,1.0,0.98828125
0ade56f2-a8ac9645.jpg,motion_blur,1,32.78396893218868,6,6,6,1.0,1.0,0.971303980188681
0ae24ffb-691516ec.jpg,motion_blur,1,39.83480151379063,3,3,3,1.0,1.0,0.9939255779771613
0ae2993b-3a6bea4d.jpg,motion_blur,1,34.68741383530548,7,7,7,1.0,1.0,0.9837900021354452
0ae50799-6c1ef2e2.jpg,motion_blur,1,31.616045033230616,10,10,10,1.0,1.0,0.9738866140571627
0aeb534c-57a685bd.jpg,motion_blur,1,32.904573974708896,6,7,6,1.0,1.1666666666666667,0.9761878689206008
0af06324-3f5aac20.jpg,motion_blur,1,31.175393417330817,2,2,2,1.0,1.0,0.9641167692902358
0af801e9-aa8d36ab.jpg,motion_blur,1,31.82149587842374,9,10,9,1.0,1.1111111111111112,0.9864718545874069
0afb7706-1fdde46a.jpg,motion_blur,1,28.937428220031617,6,5,5,0.8333333333333334,0.8333333333333334,0.9816744942678666
0b090671-2518c4cc.jpg,motion_blur,1,27.89470283414309,6,6,6,1.0,1.0,0.9845721357834297
0b099136-bc2d1314.jpg,motion_blur,1,36.56795972688409,3,2,2,0.6666666666666666,0.6666666666666666,0.9393903880528167
0b16507a-49b0aca9.jpg,motion_blur,1,34.88440498951554,1,1,1,1.0,1.0,1.0
0b18fb5a-b0cf4646.jpg,motion_blur,1,32.81122028612377,6,6,6,1.0,1.0,0.9929571543556664
0b1afd00-1f158b3e.jpg,motion_blur,1,33.70293133490847,12,11,11,0.9166666666666666,0.9166666666666666,0.979739089168739
0b1b468d-607d678f.jpg,motion_blur,1,31.935319034803133,17,17,17,1.0,1.0,0.951795745092614
0b27a68a-5b093bbf.jpg,motion_blur,1,35.24656498781118,15,17,14,0.9333333333333333,1.1333333333333333,0.963420637899857
0b2867ef-a6ca437b.jpg,motion_blur,1,27.40884043601988,5,5,5,1.0,1.0,0.9790184190687956
0b2f5d0d-8fddc1fc.jpg,motion_blur,1,31.099165857680898,5,5,5,1.0,1.0,0.9835254071036628
0b396e6f-06f3ce96.jpg,motion_blur,1,28.632943642413377,4,5,4,1.0,1.25,0.9871711164016199
0b3cbe42-5076f088.jpg,motion_blur,1,28.189384884930014,4,4,3,0.75,1.0,0.8941873836255368
0b3cc618-5302eb7f.jpg,motion_blur,1,40.71889402305472,4,4,4,1.0,1.0,0.9747184591061279
0b3de27a-7293917c.jpg,motion_blur,1,30.276376075140583,10,12,10,1.0,1.2,0.9808757469735289
0b498ab4-61a84c90.jpg,motion_blur,1,27.172793000696274,8,9,8,1.0,1.125,0.9384643186300587
0b4c8138-adfd774c.jpg,motion_blur,1,30.336178922635323,3,4,3,1.0,1.3333333333333333,0.9647645284008921
0b4c8138-adfdfb43.jpg,motion_blur,1,29.462368718841724,12,12,12,1.0,1.0,0.9891759000452073
0b5c145d-8dc9d5b3.jpg,motion_blur,1,30.564772433175445,12,12,12,1.0,1.0,0.9864553803534788
0b5c1805-1972d84b.jpg,motion_blur,1,39.10415809856565,0,0,0,,,
0b63c42f-9a2411df.jpg,motion_blur,1,26.227997263047005,8,8,8,1.0,1.0,0.9894210665552287
0b669851-014f34dc.jpg,motion_blur,1,30.31179810338637,10,10,10,1.0,1.0,0.9880696953514851
0b68ff89-458c5c21.jpg,motion_blur,1,34.75440140629142,3,3,3,1.0,1.0,0.95693465221509
0b6a1bf6-efa486cd.jpg,motion_blur,1,23.997025470469175,0,0,0,,,
0b73aac9-f53811e8.jpg,motion_blur,1,33.36115723404215,4,4,4,1.0,1.0,0.9928571428571429
0b744ae5-7a01e42d.jpg,motion_blur,1,26.723386263297666,8,8,7,0.875,1.0,0.9788269106252401
0b752494-00000000.jpg,motion_blur,1,33.88003052195377,8,8,8,1.0,1.0,0.9939346034639043
0b75c7f8-b96e3aa5.jpg,motion_blur,1,30.40135122185342,9,10,9,1.0,1.1111111111111112,0.9849004356059642
0b79446c-48c74eea.jpg,motion_blur,1,26.133726457909635,7,7,7,1.0,1.0,0.987936700821972
0b796e55-0d102bd0.jpg,motion_blur,1,30.9608126111143,5,5,5,1.0,1.0,0.9954163758496335
0b7dfe99-f6bd1423.jpg,motion_blur,1,37.463336545648545,6,6,6,1.0,1.0,0.9741467021854069
0b823757-7065147b.jpg,motion_blur,1,35.78059371394306,8,8,8,1.0,1.0,0.9683321938779292
0b9c3eb8-252e5876.jpg,motion_blur,1,33.344008575758494,10,10,10,1.0,1.0,0.9778822828820454
0b9c4f05-d59be38c.jpg,motion_blur,1,25.647041473765505,4,4,4,1.0,1.0,0.9845327923752631
0b9fa855-936aae7a.jpg,motion_blur,1,29.80830947799369,8,8,8,1.0,1.0,0.985315080234753
0baeff05-ae703523.jpg,motion_blur,1,33.933491534470676,4,4,4,1.0,1.0,0.9913983842244711
0bb001f6-80239764.jpg,motion_blur,1,26.848200092935542,6,8,6,1.0,1.3333333333333333,0.9735382454916685
0bb3f3d3-12b85638.jpg,motion_blur,1,28.59342960661204,4,4,4,1.0,1.0,0.9854409406724283
0bc0b27e-a94dd126.jpg,motion_blur,1,30.00861308636322,4,4,4,1.0,1.0,0.9884643918221832
0bc0b27e-b932a660.jpg,motion_blur,1,32.81909787714146,7,7,7,1.0,1.0,0.9895103835978809
0bc15ee2-9a9e181b.jpg,motion_blur,1,29.054106565690347,5,5,5,1.0,1.0,0.9904512061821602
0bc1e57d-0331a843.jpg,motion_blur,1,33.64856089767154,2,2,2,1.0,1.0,0.9833333333333334
0bc2253f-aa0f38d8.jpg,motion_blur,1,27.46356845765259,9,9,9,1.0,1.0,0.9737365644848387
0bc866ed-1abb89e8.jpg,motion_blur,1,31.184002390314376,7,7,7,1.0,1.0,0.9671027465314127
0bcbc8fe-5a52a282.jpg,motion_blur,1,35.67440468054715,4,4,4,1.0,1.0,0.9464538067479243
0bcc752f-fd302777.jpg,motion_blur,1,29.689107501002162,4,4,4,1.0,1.0,0.9760554209430498
0bce68c1-629ddf0d.jpg,motion_blur,1,27.87285419414743,5,5,5,1.0,1.0,0.9866055432367992
0bcfa351-0509fab2.jpg,motion_blur,1,36.78070121425377,18,17,17,0.9444444444444444,0.9444444444444444,0.9829607688769033
0bd530d6-76c944fe.jpg,motion_blur,1,35.768049394667294,4,4,4,1.0,1.0,0.9802672687220885
0bdc8f31-81eab212.jpg,motion_blur,1,34.8731515618426,7,7,7,1.0,1.0,0.9723974459247867
0be031c3-81b6e5b7.jpg,motion_blur,1,33.339064650766986,12,12,12,1.0,1.0,0.9751355431841748
0be36567-bee11e9c.jpg,motion_blur,1,28.261831415031445,2,2,2,1.0,1.0,0.9785162057686589
0bef9055-6069aeb8.jpg,motion_blur,1,32.51800383444349,5,5,5,1.0,1.0,0.9943250529435227
0bf18a00-e8c3335e.jpg,motion_blur,1,29.64417421669936,1,2,1,1.0,2.0,0.9310344827586207
0bf28365-020515e2.jpg,motion_blur,1,33.437025625159606,5,6,5,1.0,1.2,0.9434157973021385
0bf7162a-00000000.jpg,motion_blur,1,30.18837017738708,10,11,10,1.0,1.1,0.9762792618467087
0bf8851e-e3f546bb.jpg,motion_blur,1,28.9343928186104,10,10,10,1.0,1.0,0.9523105303696605
0bf8851e-e3f5b31d.jpg,motion_blur,1,30.69583073657427,10,10,10,1.0,1.0,0.9785764934860994
0c04d29a-6bf85baf.jpg,motion_blur,1,26.48613621705659,8,8,7,0.875,1.0,0.986299916035503
0c07e51c-fb369fc9.jpg,motion_blur,1,29.652559673226804,7,5,5,0.7142857142857143,0.7142857142857143,0.9901361870383549
0c0bba65-b7286c22.jpg,motion_blur,1,27.52045555254334,5,5,5,1.0,1.0,0.9733217135205698
0c113798-00000000.jpg,motion_blur,1,33.027750155438795,10,10,10,1.0,1.0,0.9761989810472255
0c140522-190b25a3.jpg,motion_blur,1,37.892697150102194,2,2,2,1.0,1.0,0.9573283858998145
0c140522-227e6f11.jpg,motion_blur,1,39.900195696198544,6,6,6,1.0,1.0,0.9726596809415167
0c154337-09dd2a21.jpg,motion_blur,1,30.600444472900325,4,4,4,1.0,1.0,0.9851884604154382
0c155cdd-00000000.jpg,motion_blur,1,32.00541815960728,1,1,1,1.0,1.0,0.98
0c1bdf73-7a852c2a.jpg,motion_blur,1,37.06775291880764,6,6,6,1.0,1.0,0.9489325013922293
0c1eebb0-dbb11761.jpg,motion_blur,1,35.80288857858399,12,13,12,1.0,1.0833333333333333,0.9556942095156846
0c28dcae-7f85dd38.jpg,motion_blur,1,27.94112509221786,8,8,8,1.0,1.0,0.963110141874111
0c28dcae-c3c143f2.jpg,motion_blur,1,28.44461159637732,8,8,8,1.0,1.0,0.9823677439713371
0c2cb3d5-0bdfd48d.jpg,motion_blur,1,26.216034324369414,4,4,4,1.0,1.0,0.9919716206123973
0c34273d-87a7edaa.jpg,motion_blur,1,32.2853118450857,1,2,1,1.0,2.0,1.0
0c37f221-e2897443.jpg,motion_blur,1,30.610407878201325,5,5,5,1.0,1.0,0.9556677581950567
0c37fe53-5f181247.jpg,motion_blur,1,33.747320887817374,6,6,6,1.0,1.0,0.9828869801229946
0c46ce67-5ca710eb.jpg,motion_blur,1,31.52571495316685,5,5,5,1.0,1.0,0.9822713917016237
0c506e60-ff9e0000.jpg,motion_blur,1,24.906455277905156,7,7,7,1.0,1.0,0.9830486836250525
0c506e60-ff9e0001.jpg,motion_blur,1,25.140802759253972,7,7,7,1.0,1.0,0.9463726312996373
0c5636b3-00000000.jpg,motion_blur,1,29.26880123478763,7,8,7,1.0,1.1428571428571428,0.9733847023067751
0c6c9c66-5e867ddf.jpg,motion_blur,1,31.34659514046199,15,15,15,1.0,1.0,0.9266550467731834
0c7914cf-00000000.jpg,motion_blur,1,26.48129043405017,7,7,7,1.0,1.0,0.9774406478333569
0c7aa2a6-9c0f3111.jpg,motion_blur,1,30.303825133501174,12,12,12,1.0,1.0,0.9721365031346972
0c7c6dd2-568b770f.jpg,motion_blur,1,28.206578645631964,6,6,6,1.0,1.0,0.9763749919522741
0c7d02a2-73802207.jpg,motion_blur,1,38.95239754270748,6,7,6,1.0,1.1666666666666667,0.9945937634171694
0c8a2c79-0194bc27.jpg,motion_blur,1,43.15366211990661,3,3,3,1.0,1.0,0.9883555846462846
0c8a7a98-e267fd54.jpg,motion_blur,1,35.31968942395551,9,9,8,0.8888888888888888,1.0,0.955521734393465
0c8af716-4ea8aa81.jpg,motion_blur,1,35.86546316241847,0,0,0,,,
0c8b32af-2d9a6111.jpg,motion_blur,1,27.011565848902478,7,6,6,0.8571428571428571,0.8571428571428571,0.9749543339925539
0c8c70f2-160e0000.jpg,motion_blur,1,37.086702404234444,6,6,6,1.0,1.0,0.9951027997198748
0c8c70f2-160e0001.jpg,motion_blur,1,37.34465505365807,6,6,6,1.0,1.0,0.9967318683562105
0c8c70f2-45110000.jpg,motion_blur,1,35.71607186328747,4,5,4,1.0,1.25,0.9903103422446596
0c8c70f2-45110001.jpg,motion_blur,1,35.880209310278936,5,5,5,1.0,1.0,0.9725069347114144
0c8c70f2-91d10000.jpg,motion_blur,1,35.32814004203102,5,5,5,1.0,1.0,0.9884657130687462
0c8c70f2-ae0e0000.jpg,motion_blur,1,37.552700744253215,4,4,4,1.0,1.0,0.9938156924211692
0c8c70f2-ae0e0001.jpg,motion_blur,1,37.487622188929095,5,5,5,1.0,1.0,0.9887848692274896
0c90a09f-9a869a38.jpg,motion_blur,1,29.78019065821632,6,6,6,1.0,1.0,0.9890929622771335
0ca68027-29e38754.jpg,motion_blur,1,39.19523019939666,5,6,5,1.0,1.2,0.9731001639822988
0cafe7ab-e22edf50.jpg,motion_blur,1,25.85690564114001,8,8,8,1.0,1.0,0.9649525157453159
0cb740c9-8bdcf951.jpg,motion_blur,1,28.604951333190392,14,14,14,1.0,1.0,0.9607834651535286
0cca6223-bbe8997f.jpg,motion_blur,1,35.856972259494675,5,5,5,1.0,1.0,0.9840038430911632
0ccee6d5-1b69c148.jpg,motion_blur,1,26.49698494507835,6,5,5,0.8333333333333334,0.8333333333333334,0.9854556623940323
0cd3378c-e94d1795.jpg,motion_blur,1,37.38842156895126,14,14,14,1.0,1.0,0.9594040965591812
0cdaa475-135c7ac8.jpg,motion_blur,1,33.33288503202837,5,5,5,1.0,1.0,0.9913545529203892
0cdde16a-e2d9677e.jpg,motion_blur,1,34.82899944192793,8,8,8,1.0,1.0,0.9575591019597756
0ce3ea39-a5de431d.jpg,motion_blur,1,24.43700912908977,6,7,6,1.0,1.1666666666666667,0.9581560298490372
0ce5101a-319adcd7.jpg,motion_blur,1,28.28725811430698,7,5,5,0.7142857142857143,0.7142857142857143,0.9930277921161949
0ce9abb1-857ab875.jpg,motion_blur,1,29.455111804868746,9,9,9,1.0,1.0,0.9842861432322216
0ceb02a1-9d25dd06.jpg,motion_blur,1,37.28382023060993,4,3,3,0.75,0.75,0.8716326530612245
0cf398b3-ce65ab64.jpg,motion_blur,1,27.330201533201475,3,3,3,1.0,1.0,0.9780503530655152
0cfec584-8ab90c1e.jpg,motion_blur,1,28.176346397445467,6,6,5,0.8333333333333334,1.0,0.9704934930886697
0cff84c0-cedd14a5.jpg,motion_blur,1,38.179419429283975,11,11,11,1.0,1.0,0.9638949751468787
0d01bff2-38b969d3.jpg,motion_blur,1,33.18657636276023,12,12,12,1.0,1.0,0.9219393998713513
0d03369b-e2199f82.jpg,motion_blur,1,32.68435244540285,6,6,6,1.0,1.0,0.9701385665012543
0d13ae3d-e9464a42.jpg,motion_blur,1,28.928483427938264,13,13,13,1.0,1.0,0.9636402004628715
0d13ae3d-f033a349.jpg,motion_blur,1,40.293944559976836,5,5,5,1.0,1.0,0.9440946926385811
0d1541c9-f4845f6f.jpg,motion_blur,1,29.093892765702712,5,5,5,1.0,1.0,0.9445850975599109
0d1dd928-2d09a570.jpg,motion_blur,1,26.541943416049794,5,5,5,1.0,1.0,0.9804206963249517
0d1fc580-44142e94.jpg,motion_blur,1,28.525345042656674,2,2,2,1.0,1.0,0.9950117941970993
0d1fc580-61bbac5d.jpg,motion_blur,1,28.728942781747197,8,8,8,1.0,1.0,0.9812354172323546
0d207cff-4d92f256.jpg,motion_blur,1,28.802714954145053,8,8,8,1.0,1.0,0.9442514133594713
0d207cff-6d499379.jpg,motion_blur,1,28.457639768899554,5,5,4,0.8,1.0,0.9547998476199208
0d242d07-6298ac79.jpg,motion_blur,1,29.5953954182187,14,12,12,0.8571428571428571,0.8571428571428571,0.9725743362504091
0d27973e-cc242ae0.jpg,motion_blur,1,34.601929371102585,4,4,4,1.0,1.0,0.9961538461538462
0d282223-501af903.jpg,motion_blur,1,31.561758880292764,0,0,0,,,
0d29f0cb-b57f61b8.jpg,motion_blur,1,35.707047892338124,7,7,7,1.0,1.0,0.9667940230944083
0d3ec56a-f4cead6f.jpg,motion_blur,1,34.196019178928715,1,1,1,1.0,1.0,0.9545454545454546
0d3f5fba-01b6e9e2.jpg,motion_blur,1,41.03170060538442,12,12,12,1.0,1.0,0.9687256832971182
0d4268d5-3c617dd8.jpg,motion_blur,1,35.30148217085019,3,3,3,1.0,1.0,0.9855072463768115
0d4268d5-61297777.jpg,motion_blur,1,32.120536672361524,0,0,0,,,
0d4570ff-76fd2615.jpg,motion_blur,1,29.855678958323605,8,8,8,1.0,1.0,0.9825294018587583
0d538703-ccd64878.jpg,motion_blur,1,29.431959278569057,11,11,11,1.0,1.0,0.964266109745873
0d53c976-0532e5df.jpg,motion_blur,1,26.909546071805444,7,8,7,1.0,1.1428571428571428,0.9758474398286218
0d53c976-44810d29.jpg,motion_blur,1,27.990439133697798,2,2,2,1.0,1.0,0.9754329673971032
0d53c976-ad5a9570.jpg,motion_blur,1,28.74793586603408,5,6,5,1.0,1.2,0.9766401750879481
0d56a2c2-c244cb4c.jpg,motion_blur,1,30.441232841564304,6,6,6,1.0,1.0,0.9653942687311092
0d574753-7aa1ad57.jpg,motion_blur,1,30.970192226979893,4,5,4,1.0,1.25,0.9810267687698908
0d588ff8-22e9ece9.jpg,motion_blur,1,29.511136033736797,8,8,8,1.0,1.0,0.9886919111725573
0d58d15a-6496522e.jpg,motion_blur,1,25.81901680163098,5,7,5,1.0,1.4,0.9930823019054392
0d5b19b3-df617a03.jpg,motion_blur,1,38.30054965288025,5,4,4,0.8,0.8,0.9729348354005282
0d5b19b3-fe488e51.jpg,motion_blur,1,38.29561174637777,2,2,2,1.0,1.0,0.9693247389085822
0d60205d-0e9f928a.jpg,motion_blur,1,32.87550782429988,10,11,10,1.0,1.1,0.9612325864821656
0d606092-4866137c.jpg,motion_blur,1,31.395558345391763,6,7,6,1.0,1.1666666666666667,0.9511509611480884
0d606092-486670ee.jpg,motion_blur,1,32.65767769785277,12,13,11,0.9166666666666666,1.0833333333333333,0.9643148253933735
0d62200b-85aeaa3d.jpg,motion_blur,1,32.97318678267774,8,8,8,1.0,1.0,0.9882641703566949
0d6822ce-741be0b9.jpg,motion_blur,1,40.980985993179345,15,15,15,1.0,1.0,0.9795249405114438
0d6ee1b1-00000000.jpg,motion_blur,1,33.95134582955101,6,6,6,1.0,1.0,0.9984767918466821
0d7731fe-e24a0b6c.jpg,motion_blur,1,27.340766622768594,1,1,1,1.0,1.0,0.9822899346506322
0d792952-00000000.jpg,motion_blur,1,32.58157431706827,6,6,6,1.0,1.0,0.9902656244965966
0d7b89dd-a640a130.jpg,motion_blur,1,29.146986885698162,5,5,5,1.0,1.0,0.994844967038264
0d7eace8-11f0784d.jpg,motion_blur,1,32.18426758313231,6,6,6,1.0,1.0,0.994305381727159
0d840e3e-1e1d6d69.jpg,motion_blur,1,38.38283681255575,1,1,1,1.0,1.0,0.9761904761904762
0d851a77-00000000.jpg,motion_blur,1,37.95289053435647,6,6,6,1.0,1.0,0.984364012253833
0d86c345-e1ec3588.jpg,motion_blur,1,35.47818640297084,14,14,14,1.0,1.0,0.9692756769190988
0d8c886e-00000000.jpg,motion_blur,1,31.971555032097744,6,5,5,0.8333333333333334,0.8333333333333334,0.9039016167997549
0d933eed-b74c36f8.jpg,motion_blur,1,24.535578836054015,8,7,7,0.875,0.875,0.9677518344382771
0d93653a-52e61ac9.jpg,motion_blur,1,38.16922783437915,6,6,6,1.0,1.0,0.9885361438670263
0da41df0-26725c58.jpg,motion_blur,1,32.934105039946,16,15,15,0.9375,0.9375,0.9537128410322501
0da7dd83-3aa63f46.jpg,motion_blur,1,25.814105449374264,3,3,3,1.0,1.0,0.9892866775126447
0dab617d-041fe342.jpg,motion_blur,1,35.1080993084541,7,7,7,1.0,1.0,0.9774539718083738
0daf9d2f-e0e6bc87.jpg,motion_blur,1,33.62385578956506,6,5,5,0.8333333333333334,0.8333333333333334,0.9767857142857143
0db65573-d735f9c8.jpg,motion_blur,1,32.23891922604887,3,3,3,1.0,1.0,0.9950808464089153
0db8d440-cdcfee2e.jpg,motion_blur,1,36.00828273930126,7,7,7,1.0,1.0,0.9843812060008288
0dc3d787-4982a6e6.jpg,motion_blur,1,34.494300929738394,11,11,11,1.0,1.0,0.9589559920650937
0dc5eff4-9ebc6928.jpg,motion_blur,1,31.16810828392349,5,5,5,1.0,1.0,0.9605579644569753
0dc639eb-fa07b4f8.jpg,motion_blur,1,32.15820902058342,4,4,4,1.0,1.0,0.9861111111111112
0dc6575e-6450c964.jpg,motion_blur,1,29.43875716129781,6,6,6,1.0,1.0,0.9905935347111817
0dca1cba-00000000.jpg,motion_blur,1,31.197340614431056,5,5,5,1.0,1.0,0.9859150951811557
0dca3d7c-931b1cb4.jpg,motion_blur,1,30.823177090694955,9,10,9,1.0,1.1111111111111112,0.977077158693667
0ddfea57-b0fe2cab.jpg,motion_blur,1,26.462904121117077,9,9,9,1.0,1.0,0.9611667809513474
0ddfea57-b0fe6132.jpg,motion_blur,1,26.729022882981607,9,9,9,1.0,1.0,0.9668332717924724
0de6314f-75a8269d.jpg,motion_blur,1,34.75297504433171,4,4,4,1.0,1.0,0.9912332966191281
0dee3467-8bd40000.jpg,motion_blur,1,31.888735698998893,6,6,6,1.0,1.0,0.91585388898535
0dee3467-8bd40001.jpg,motion_blur,1,31.56026788496202,2,2,2,1.0,1.0,0.996
0df15660-25ff1e6c.jpg,motion_blur,1,34.97031978402643,0,0,0,,,
0dfa5925-30d5c44a.jpg,motion_blur,1,39.9340881823334,0,0,0,,,
0dfdc506-c9265cf2.jpg,motion_blur,1,34.102289298666946,7,7,7,1.0,1.0,0.9631749154381193
0dffa115-18743b1b.jpg,motion_blur,1,40.04419025644333,2,2,2,1.0,1.0,0.9872161227252219
0e0158e0-41f51afb.jpg,motion_blur,1,26.462722318543527,2,2,2,1.0,1.0,0.9927836345381527
0e0158e0-f5dae483.jpg,motion_blur,1,27.278235200810204,7,8,7,1.0,1.1428571428571428,0.9794513173958893
0e033c03-3042664b.jpg,motion_blur,1,35.52311007728594,11,11,11,1.0,1.0,0.945377563914593
0e05e1d7-51f62fca.jpg,motion_blur,1,28.30739678192827,5,5,4,0.8,1.0,0.9834116069287524
0e07d567-339cb843.jpg,motion_blur,1,27.8804703104705,4,4,4,1.0,1.0,0.9690952814246718
0e0c9ba3-294b474c.jpg,motion_blur,1,32.144760776919874,2,2,2,1.0,1.0,0.9987046632124352
0e0fd502-99e356ef.jpg,motion_blur,1,32.03599773560376,3,5,3,1.0,1.6666666666666667,0.9880555555555555
0e0ff624-53c9b3a8.jpg,motion_blur,1,32.10166771345554,8,9,8,1.0,1.125,0.9753756429635
0e1c42db-f6a14072.jpg,motion_blur,1,31.45635521593046,8,6,6,0.75,0.75,0.9817035361153007
0e1c42db-f6a1715f.jpg,motion_blur,1,27.350515649366205,4,3,3,0.75,0.75,0.988106467419164
0e1fad11-71fdc8f4.jpg,motion_blur,1,32.500349507699525,0,0,0,,,
0e21b3fa-648e5a8a.jpg,motion_blur,1,34.53404013857822,5,5,5,1.0,1.0,0.99492156203085
0e233b52-81b75cdf.jpg,motion_blur,1,34.05054926101457,6,7,6,1.0,1.1666666666666667,0.9487040375354591
0e280165-84b9023a.jpg,motion_blur,1,29.256185938680584,7,8,7,1.0,1.1428571428571428,0.987898413526563
0e280165-d2cf6778.jpg,motion_blur,1,32.18147481677258,7,7,7,1.0,1.0,0.9405927064958275
0e2f075d-c71b5ccf.jpg,motion_blur,1,28.45611148671257,8,9,8,1.0,1.125,0.9884577621488029
0e31726a-00000000.jpg,motion_blur,1,31.57982535444382,4,4,4,1.0,1.0,0.9996478873239436
0e33c3bd-01573a4f.jpg,motion_blur,1,26.945403453012815,1,1,1,1.0,1.0,0.9929411764705882
0e36465c-8b9c425a.jpg,motion_blur,1,34.48146427411196,7,6,6,0.8571428571428571,0.8571428571428571,0.978022801788421
0e4066b2-9b16405b.jpg,motion_blur,1,30.670433585010215,14,15,14,1.0,1.0714285714285714,0.9551725689113635
0e40e862-f22a14f4.jpg,motion_blur,1,34.00736459491704,6,6,5,0.8333333333333334,1.0,0.8885717069869123
0e460dd3-2cf2a7b9.jpg,motion_blur,1,34.61941749870894,4,4,4,1.0,1.0,0.9744146230073067
0e46d6a2-317f7ded.jpg,motion_blur,1,28.514532871106223,8,8,8,1.0,1.0,0.9843546265629982
0e46d6a2-d82d7613.jpg,motion_blur,1,26.949606155320886,3,3,3,1.0,1.0,0.9903258582508112
0e4ad39c-a888eefa.jpg,motion_blur,1,27.50788823869239,4,4,4,1.0,1.0,0.9490746009696565
0e5016e5-00000000.jpg,motion_blur,1,29.200874345224463,11,11,11,1.0,1.0,0.9870405171685555
0e507677-d37ecfe0.jpg,motion_blur,1,36.9383096873329,3,3,3,1.0,1.0,0.9838124838124839
0e526010-34c35870.jpg,motion_blur,1,35.63940642410091,1,1,1,1.0,1.0,0.9983193277310924
0e5b6c2c-d34a3ec8.jpg,motion_blur,1,28.286139040369157,16,15,15,0.9375,0.9375,0.9616538447876428
0e5fc339-929b1def.jpg,motion_blur,1,29.56550227464715,1,1,1,1.0,1.0,0.9861542541101599
0e6538be-925bab70.jpg,motion_blur,1,29.183296722825855,8,8,8,1.0,1.0,0.9734964099813856
0e6ba7c4-6562f924.jpg,motion_blur,1,38.21388397356425,1,1,1,1.0,1.0,1.0
0e6cf5cb-8e4fe4ba.jpg,motion_blur,1,31.126780944754096,4,4,4,1.0,1.0,0.980853012235991
0e711991-1e7ba083.jpg,motion_blur,1,30.669921373492443,7,7,7,1.0,1.0,0.9512690814458237
0e758b80-e99d0000.jpg,motion_blur,1,37.72411747422873,9,8,8,0.8888888888888888,0.8888888888888888,0.9639779819690295
0e758b80-e99d0001.jpg,motion_blur,1,35.39817380544783,7,7,7,1.0,1.0,0.9969609316517609
0e764680-656be9ac.jpg,motion_blur,1,28.512823719748145,2,2,2,1.0,1.0,0.9316907391673747
0e76aa4d-8b4b4a9f.jpg,motion_blur,1,37.67213157083171,1,1,1,1.0,1.0,0.9761904761904762
0e82aef9-00000000.jpg,motion_blur,1,27.721238754712868,4,4,4,1.0,1.0,0.9087768007471251
0e86ba7a-399d9901.jpg,motion_blur,1,30.392096152468064,6,6,6,1.0,1.0,0.9842872463856475
0e888c35-00000000.jpg,motion_blur,1,35.893319347689044,11,11,11,1.0,1.0,0.9662580569642809
0e888d6a-85910f38.jpg,motion_blur,1,28.73846654145753,5,5,5,1.0,1.0,0.9709465558504418
0e8c2d15-27cabc30.jpg,motion_blur,1,28.62772424581887,7,7,7,1.0,1.0,0.9847551934003705
0e8c47b3-00000000.jpg,motion_blur,1,34.41890451725208,2,3,2,1.0,1.5,0.9640377985526603
0e8e5273-5fd9ed6c.jpg,motion_blur,1,35.04902441347713,12,13,12,1.0,1.0833333333333333,0.9842105836781693
0e8fcc27-1ff1764e.jpg,motion_blur,1,32.36296624123373,5,5,5,1.0,1.0,0.9656583301232521
0e9166d9-0e0cd95b.jpg,motion_blur,1,31.404688113088127,14,13,13,0.9285714285714286,0.9285714285714286,0.9665936513159994
0e946d23-8a9b41b7.jpg,motion_blur,1,33.009673299628815,10,10,10,1.0,1.0,0.9658993182044059
0e9bf060-4319b186.jpg,motion_blur,1,38.61205879016016,5,5,5,1.0,1.0,0.9873140857392826
0e9e8f3e-55cd30d7.jpg,motion_blur,1,30.16279612783245,10,10,10,1.0,1.0,0.9675652715368628
0ea18604-68919f0c.jpg,motion_blur,1,27.627100050589984,9,11,9,1.0,1.2222222222222223,0.9510842502058444
0ea18604-eec933af.jpg,motion_blur,1,28.193815469163223,10,10,10,1.0,1.0,0.9689114785085419
0ea767e0-ae006e7f.jpg,motion_blur,1,31.747623977565755,10,10,10,1.0,1.0,0.9605769584735366
0ea7f502-16d9fb4e.jpg,motion_blur,1,33.63885765261463,3,2,2,0.6666666666666666,0.6666666666666666,0.9948453608247423
0ebcc3f8-820d55a0.jpg,motion_blur,1,43.50236724814068,9,9,9,1.0,1.0,0.9856174004613675
0ec4e1d8-36ec61fc.jpg,motion_blur,1,24.545892091237338,11,11,11,1.0,1.0,0.977515810899236
0ec9c6cf-00000000.jpg,motion_blur,1,34.32966348818504,12,12,12,1.0,1.0,0.9764074520745583
0ed0d326-f3689a47.jpg,motion_blur,1,35.79360712474446,8,7,7,0.875,0.875,0.9789530765399183
0ed4beee-00000000.jpg,motion_blur,1,41.8603286237908,6,6,6,1.0,1.0,0.9784211767798152
0ed7ba52-0276f1f9.jpg,motion_blur,1,31.043538756502237,7,6,6,0.8571428571428571,0.8571428571428571,0.9753405611582133
0edc5faa-fd89fc10.jpg,motion_blur,1,34.102601083934516,11,12,11,1.0,1.0909090909090908,0.9437645384047749
0edee2c1-e740d94c.jpg,motion_blur,1,27.125664959149454,10,10,10,1.0,1.0,0.9792987297237747
0ee642f9-22c03b1a.jpg,motion_blur,1,23.74134376463745,2,3,2,1.0,1.5,0.9846761086603204
0efe0129-c499802e.jpg,motion_blur,1,31.063419458493907,3,3,3,1.0,1.0,0.9896249656954884
0f00789b-d70124c2.jpg,motion_blur,1,31.156251897281294,6,6,6,1.0,1.0,0.9861261510462959
0f01b85e-4ac91fc2.jpg,motion_blur,1,36.80226593712858,6,5,5,0.8333333333333334,0.8333333333333334,0.9429177551649597
0f026efa-37f39d4a.jpg,motion_blur,1,28.664880154531378,7,8,7,1.0,1.1428571428571428,0.97258335512816
0f04d966-26bc7c82.jpg,motion_blur,1,31.46901062829734,7,7,7,1.0,1.0,0.9817605889436658
0f06d2de-7b9b4397.jpg,motion_blur,1,30.732262966082452,11,11,11,1.0,1.0,0.9870017709282893
0f0f2997-57c7f360.jpg,motion_blur,1,29.594689596586548,11,10,10,0.9090909090909091,0.9090909090909091,0.9535478983369459
0f11e283-a34ec892.jpg,motion_blur,1,32.726684811125516,5,5,5,1.0,1.0,0.988976266908157
0f1359f1-203c30d4.jpg,motion_blur,1,27.739530666193826,6,6,6,1.0,1.0,0.9723939073610679
0f145ef9-2fb016d0.jpg,motion_blur,1,30.702157728118795,8,8,8,1.0,1.0,0.9648864741357399
0f172b7f-24d20000.jpg,motion_blur,1,36.014284015201625,7,7,7,1.0,1.0,0.9644792431395969
0f172b7f-24d20001.jpg,motion_blur,1,40.872423848148415,8,9,8,1.0,1.125,0.9790971108799524
0f172b7f-71040000.jpg,motion_blur,1,32.97795848929102,1,1,1,1.0,1.0,1.0
0f172b7f-71040001.jpg,motion_blur,1,32.89260073619771,10,11,10,1.0,1.1,0.9741816327673802
0f19617d-b4f92e8f.jpg,motion_blur,1,28.551827280395287,9,10,9,1.0,1.1111111111111112,0.9129376598483953
0f1a2d28-63e10000.jpg,motion_blur,1,28.151245486721955,6,6,6,1.0,1.0,0.9828930350463178
0f1a2d28-bfa30000.jpg,motion_blur,1,29.231083373393147,9,11,9,1.0,1.2222222222222223,0.965976664388429
0f1a2d28-bfa30001.jpg,motion_blur,1,29.141622492665036,7,6,6,0.8571428571428571,0.8571428571428571,0.9835079723829353
0f1c1335-f2117479.jpg,motion_blur,1,36.00738400962781,8,8,8,1.0,1.0,0.9839561076909831
0f20fbcb-5af70000.jpg,motion_blur,1,47.815184441403204,0,0,0,,,
0f20fbcb-5af70001.jpg,motion_blur,1,50.09146188485729,0,0,0,,,
0f2e6f9c-a281e34b.jpg,motion_blur,1,34.89973455314424,6,5,5,0.8333333333333334,0.8333333333333334,0.9422222451145146
0f31361a-7020f98e.jpg,motion_blur,1,38.271422778640755,4,4,4,1.0,1.0,0.9729215918045705
0f31361a-f207c44b.jpg,motion_blur,1,37.23102434690658,4,4,4,1.0,1.0,0.9899839743589743
0f3a30a8-00000000.jpg,motion_blur,1,36.98234762028205,14,14,14,1.0,1.0,0.9737803417596026
0f3b5959-891de44a.jpg,motion_blur,1,30.551809715934546,0,0,0,,,
0f40ce99-8124c30e.jpg,motion_blur,1,40.55951489514626,8,8,8,1.0,1.0,0.9812670856549535
0f442be6-6b658bbe.jpg,motion_blur,1,26.840229008634413,1,1,1,1.0,1.0,0.9911504424778761
0f4e8f1e-6ba53d52.jpg,motion_blur,1,33.10043179785256,10,10,10,1.0,1.0,0.9667749002183159
0f55b994-5afbf176.jpg,motion_blur,1,30.3005011999985,0,0,0,,,
0f599715-11b8833d.jpg,motion_blur,1,34.07540217617007,1,1,1,1.0,1.0,1.0
0f5f84ef-5d520000.jpg,motion_blur,1,34.9154490526904,5,5,5,1.0,1.0,0.9953354549115604
0f5f84ef-5d520001.jpg,motion_blur,1,33.103722376571504,2,2,2,1.0,1.0,0.9956521739130435
0f67195e-35f09df1.jpg,motion_blur,1,30.761286931706742,6,7,6,1.0,1.1666666666666667,0.9433446433617284
0f70e154-bed7cd92.jpg,motion_blur,1,29.88478316927033,8,7,7,0.875,0.875,0.9946216332456693
0f773c7f-00000000.jpg,motion_blur,1,27.954527431441033,4,4,4,1.0,1.0,0.9853567764766786
0f80ec3e-7bb4e2f3.jpg,motion_blur,1,28.054981707547903,6,6,6,1.0,1.0,0.9816219587426455
0f89108b-3ab59119.jpg,motion_blur,1,36.28956635138199,4,4,4,1.0,1.0,0.9747426917000724
0f8cb657-8ad774d0.jpg,motion_blur,1,36.2459697509385,7,7,7,1.0,1.0,0.98980615992033
0f8fd55d-a77de0d3.jpg,motion_blur,1,31.286064737123155,4,4,4,1.0,1.0,0.9798112824675325
0f959aac-24823e01.jpg,motion_blur,1,35.48505783912608,5,5,5,1.0,1.0,0.966424159439079
0f9ab080-cdb5b048.jpg,motion_blur,1,26.838221227051417,1,1,1,1.0,1.0,0.926896551724138
0f9fbe4b-081bb395.jpg,motion_blur,1,37.539936949981964,3,4,3,1.0,1.3333333333333333,0.9563837766643117
0fa41d9d-0f21770c.jpg,motion_blur,1,40.99512889342463,6,6,6,1.0,1.0,0.9804584564775712
0fa741ce-76dbb843.jpg,motion_blur,1,26.259383637207783,4,3,3,0.75,0.75,0.9546395858223815
0fa741ce-9b6dde95.jpg,motion_blur,1,28.144753150335603,6,6,6,1.0,1.0,0.9755963046925235
0fa91e8c-e1e98e63.jpg,motion_blur,1,37.70756159167736,4,4,4,1.0,1.0,0.9955034889847407
0fabbd93-2184c8fb.jpg,motion_blur,1,30.87107428008364,9,11,9,1.0,1.2222222222222223,0.9541185417642483
0face0a1-5b28a752.jpg,motion_blur,1,29.69824532906932,7,8,7,1.0,1.1428571428571428,0.9629019725925152
0fae1a88-00ee28ed.jpg,motion_blur,1,34.197771325250834,8,8,8,1.0,1.0,0.9885301825324141
0fbf178c-8d2aa7d8.jpg,motion_blur,1,26.527014496992123,6,7,6,1.0,1.1666666666666667,0.9835710732117722
0fc07ccd-14991933.jpg,motion_blur,1,39.83371645236754,7,6,6,0.8571428571428571,0.8571428571428571,0.984628012279143
0fc0b0cc-75d5e23d.jpg,motion_blur,1,33.36449784114967,5,5,5,1.0,1.0,0.9893817204301076
0fc24bdf-0a2e9836.jpg,motion_blur,1,33.016174690143096,4,4,4,1.0,1.0,0.9819580374556984
0fd189de-150829cc.jpg,motion_blur,1,32.393390183600815,5,5,5,1.0,1.0,0.976091432898888
0fd4b88c-55926d64.jpg,motion_blur,1,36.439180900175636,2,2,2,1.0,1.0,0.9869130100076982
0fd50fa7-f14c78b9.jpg,motion_blur,1,29.555088738415385,7,8,7,1.0,1.1428571428571428,0.988772039366323
0fd5c032-3f1d4196.jpg,motion_blur,1,36.186982888931084,13,12,12,0.9230769230769231,0.9230769230769231,0.9827903102201766
0fe7b9f6-0335655c.jpg,motion_blur,1,23.917122072408606,3,3,3,1.0,1.0,0.985266182667114
0fe831f2-d3180400.jpg,motion_blur,1,27.867628970948847,10,10,10,1.0,1.0,0.9837285095583684
0fe9b1fe-fce3e681.jpg,motion_blur,1,35.346151694277886,4,4,4,1.0,1.0,0.9922627918529558
0fee1f42-a259393c.jpg,motion_blur,1,30.85351391948704,5,5,4,0.8,1.0,0.8967786958784232
0ff38b93-5f47e38f.jpg,motion_blur,1,34.18079041313723,6,6,6,1.0,1.0,0.9804752036996388
0ff690fc-7122d807.jpg,motion_blur,1,31.605862937067553,6,6,6,1.0,1.0,0.9728412804372225
0ff6a13c-52abc606.jpg,motion_blur,1,32.683290390204846,9,8,7,0.7777777777777778,0.8888888888888888,0.9160609701616973
0ff834c6-eeda5d39.jpg,motion_blur,1,25.96775492371377,9,9,9,1.0,1.0,0.9499122535160325
0ffa214f-6eda13d5.jpg,motion_blur,1,35.36065430742025,9,9,9,1.0,1.0,0.9499884985786348
0ffb84f8-30d3bfd7.jpg,motion_blur,1,27.263465993970822,9,9,9,1.0,1.0,0.9770130567309303
0fffedae-3981da6d.jpg,motion_blur,1,30.921336846095425,5,6,5,1.0,1.2,0.9681480508717397
1a0b97c6-83f64f01.jpg,motion_blur,1,35.08047904139747,11,11,11,1.0,1.0,0.963716369836457
1a0e583b-2203c539.jpg,motion_blur,1,29.6394692820662,1,1,1,1.0,1.0,1.0
1a2a7bec-5c26b74d.jpg,motion_blur,1,29.70430050883603,12,12,12,1.0,1.0,0.9287160174622445
1a2d0980-9f026712.jpg,motion_blur,1,27.842655157858314,9,9,9,1.0,1.0,0.9282514072270042
1a2f2112-f566a272.jpg,motion_blur,1,43.711170982418004,3,3,3,1.0,1.0,0.9539972899728998
1a2f950b-6289c313.jpg,motion_blur,1,33.15700102510307,4,3,3,0.75,0.75,0.9897507807167368
1a3a8552-293f6a45.jpg,motion_blur,1,27.728038805975892,9,8,8,0.8888888888888888,0.8888888888888888,0.9862100798473106
1a3b76e0-1eafc790.jpg,motion_blur,1,33.31435321239108,8,8,8,1.0,1.0,0.9345439074243864
001b428f-059bac33.jpg,motion_blur,2,24.060139706419648,8,2,2,0.25,0.25,0.774222872506511
001c2a14-c7138401.jpg,motion_blur,2,12.069505981534752,3,1,0,0.0,0.3333333333333333,
01a4933a-252e566a.jpg,motion_blur,2,25.077637791415324,1,0,0,0.0,0.0,
01a5b28a-c8fc55cc.jpg,motion_blur,2,17.83478319114459,2,2,1,0.5,1.0,0.8705172960964773
01ab0f6d-a46b4820.jpg,motion_blur,2,18.317821554587674,9,6,5,0.5555555555555556,0.6666666666666666,0.8645885305213724
01ab0f6d-b74b83d1.jpg,motion_blur,2,18.86750525283835,6,3,3,0.5,0.5,0.951028606851862
01abd21f-2a974488.jpg,motion_blur,2,21.97083721664901,10,3,2,0.2,0.3,0.8404939156884298
01b08b19-a9fc3dcd.jpg,motion_blur,2,21.264972873189187,12,4,4,0.3333333333333333,0.3333333333333333,0.8040054074568039
01b29c03-4b348d76.jpg,motion_blur,2,20.02131764333571,4,2,2,0.5,0.5,0.8409794576229107
01b34172-f9ea5060.jpg,motion_blur,2,19.19095151014521,6,1,1,0.16666666666666666,0.16666666666666666,0.957134588539716
01c21ca3-faca9871.jpg,motion_blur,2,20.140322948280343,6,3,3,0.5,0.5,0.739710586580955
01c231b4-1ebf841a.jpg,motion_blur,2,18.786557553890315,10,8,4,0.4,0.8,0.7084570751866837
01c3c73e-42795861.jpg,motion_blur,2,18.56477406218856,8,4,3,0.375,0.5,0.8622025222868519
01c4035b-bcaeb067.jpg,motion_blur,2,19.88826356444922,6,4,4,0.6666666666666666,0.6666666666666666,0.8331275952428366
01c5cd64-6e208afd.jpg,motion_blur,2,15.175094445275212,11,5,5,0.45454545454545453,0.45454545454545453,0.9301763752597518
01c6a5ce-7dba6e67.jpg,motion_blur,2,18.99437165494439,7,3,3,0.42857142857142855,0.42857142857142855,0.8055636133363766
01e38013-dab56c86.jpg,motion_blur,2,20.894003652474606,1,2,1,1.0,2.0,0.9720830993823695
01e9b6bc-1c3597ee.jpg,motion_blur,2,22.226679228024796,11,4,4,0.36363636363636365,0.36363636363636365,0.841025110887207
01fe2056-010af346.jpg,motion_blur,2,18.43387234883302,10,5,4,0.4,0.5,0.8648498585774156
0a0438c7-4b42456f.jpg,motion_blur,2,24.45268307458992,2,2,2,1.0,1.0,0.8206027543226531
0a096659-9faad1ad.jpg,motion_blur,2,17.57244227534906,2,2,1,0.5,1.0,0.9731792861563854
0a172b0e-136b7a63.jpg,motion_blur,2,16.80181228493383,12,5,3,0.25,0.4166666666666667,0.7945704174858674
0a364fd8-81c63814.jpg,motion_blur,2,16.413883538042946,13,3,2,0.15384615384615385,0.23076923076923078,0.8714062137995924
0a43984a-db1eb6cb.jpg,motion_blur,2,16.676633358251912,5,2,1,0.2,0.4,0.9721113445378151
0a493f24-352f747e.jpg,motion_blur,2,16.87774428500835,3,1,1,0.3333333333333333,0.3333333333333333,0.9607073914938664
0a507f1c-3ee431e7.jpg,motion_blur,2,13.384470102837732,5,1,1,0.2,0.2,0.8079203727234223
0a514790-e4c8e3e3.jpg,motion_blur,2,16.346740664861905,2,2,2,1.0,1.0,0.9671754968098278
0a5922a3-a1b0d581.jpg,motion_blur,2,16.62841276642458,6,2,1,0.16666666666666666,0.3333333333333333,0.891835673426937
0a71fa0a-5320a5e5.jpg,motion_blur,2,17.808823965379837,3,2,2,0.6666666666666666,0.6666666666666666,0.8303617647693322
0a723d61-9885002e.jpg,motion_blur,2,19.272010253884662,0,0,0,,,
0a8368e0-41c6b3b3.jpg,motion_blur,2,17.48360556482076,1,1,1,1.0,1.0,0.8516737334769865
0a8610c6-593513f9.jpg,motion_blur,2,15.291270686494842,10,2,2,0.2,0.2,0.7832553559458793
0a909731-454401d8.jpg,motion_blur,2,20.180330314788243,1,1,1,1.0,1.0,0.9396820724168384
0a924ade-6766d702.jpg,motion_blur,2,22.19868392052328,2,2,2,1.0,1.0,0.8872449286436748
0a94788f-460bd0d2.jpg,motion_blur,2,16.177772935615135,7,4,3,0.42857142857142855,0.5714285714285714,0.8679035870152029
0aa0297e-378da79c.jpg,motion_blur,2,17.109145958453812,0,0,0,,,
0aa47a41-ad75f648.jpg,motion_blur,2,17.29003554045317,3,2,2,0.6666666666666666,0.6666666666666666,0.9297159528491367
0aa4bc86-1e9b17cc.jpg,motion_blur,2,14.561626993956695,7,2,2,0.2857142857142857,0.2857142857142857,0.9355849923691474
0aa751fe-30470c78.jpg,motion_blur,2,21.816450165847954,4,3,3,0.75,0.75,0.9085103711909771
0aa9197a-48cbd686.jpg,motion_blur,2,21.042368836928134,8,5,4,0.5,0.625,0.8001358731647058
0aab648b-ea86909c.jpg,motion_blur,2,20.521831892144014,4,3,3,0.75,0.75,0.8365545780593308
0ab179b7-73f22df4.jpg,motion_blur,2,17.05271983690819,12,9,9,0.75,0.75,0.8235498444361762
0ab1b9e8-aefcb8d2.jpg,motion_blur,2,18.61369713662633,10,2,1,0.1,0.2,0.8792002806032971
0ab72d5d-af77406b.jpg,motion_blur,2,19.770284774152824,17,4,4,0.23529411764705882,0.23529411764705882,0.8490496143570485
0aba7df1-d488bc00.jpg,motion_blur,2,17.397209998465065,9,5,5,0.5555555555555556,0.5555555555555556,0.8818170537973222
0abeea78-647aef5c.jpg,motion_blur,2,29.213728658154594,2,1,1,0.5,0.5,0.9149560117302052
0ac20953-2830f7c0.jpg,motion_blur,2,18.37145004890028,13,6,5,0.38461538461538464,0.46153846153846156,0.7418002410892
0ac3cbf4-73c76d25.jpg,motion_blur,2,21.31744066194028,4,4,3,0.75,1.0,0.8233478607559372
0ac3cbf4-a764bdbc.jpg,motion_blur,2,12.50182215736526,2,2,2,1.0,1.0,0.7900225437509454
0acc0c71-fb702dac.jpg,motion_blur,2,17.38854576999372,13,6,6,0.46153846153846156,0.46153846153846156,0.8163667246030443
0accdaac-8ac5a6ca.jpg,motion_blur,2,16.20279393784084,5,3,3,0.6,0.6,0.9150020619909544
0accdaac-c56ee5d7.jpg,motion_blur,2,19.427437979868284,3,2,2,0.6666666666666666,0.6666666666666666,0.7409417750167071
0ace96c3-48481887.jpg,motion_blur,2,17.342382548551388,10,8,8,0.8,0.8,0.8913803677787163
0ad023de-a7164b14.jpg,motion_blur,2,22.242194218580167,2,2,1,0.5,1.0,0.9826340117986567
0ad051b9-9a513e8a.jpg,motion_blur,2,17.461949238945568,6,4,4,0.6666666666666666,0.6666666666666666,0.9055675279431254
0ad5691b-3bf88466.jpg,motion_blur,2,19.08285225457927,4,3,2,0.5,0.75,0.9079817681412704
0ade56f2-a8ac9645.jpg,motion_blur,2,19.934478262060676,6,4,3,0.5,0.6666666666666666,0.7200106842129652
0ae24ffb-691516ec.jpg,motion_blur,2,24.62253590410738,3,2,2,0.6666666666666666,0.6666666666666666,0.9522314182669783
0ae2993b-3a6bea4d.jpg,motion_blur,2,23.013439795501036,7,2,2,0.2857142857142857,0.2857142857142857,0.75129395069868
0ae50799-6c1ef2e2.jpg,motion_blur,2,18.980544546820642,10,3,3,0.3,0.3,0.8472466589582205
0aeb534c-57a685bd.jpg,motion_blur,2,20.325878158829973,6,4,4,0.6666666666666666,0.6666666666666666,0.9155287712342286
0af06324-3f5aac20.jpg,motion_blur,2,19.139847512603218,2,1,1,0.5,0.5,0.7686053931415877
0af801e9-aa8d36ab.jpg,motion_blur,2,18.484011818874762,9,7,6,0.6666666666666666,0.7777777777777778,0.8685494979137767
0afb7706-1fdde46a.jpg,motion_blur,2,17.220601779460367,6,5,4,0.6666666666666666,0.8333333333333334,0.9065729499636106
0b090671-2518c4cc.jpg,motion_blur,2,16.494320827008252,6,3,2,0.3333333333333333,0.5,0.8555222951608936
0b099136-bc2d1314.jpg,motion_blur,2,23.23380752094152,3,1,0,0.0,0.3333333333333333,
0b16507a-49b0aca9.jpg,motion_blur,2,25.165076239680502,1,1,1,1.0,1.0,0.7521367521367521
0b18fb5a-b0cf4646.jpg,motion_blur,2,16.29415607581627,6,4,4,0.6666666666666666,0.6666666666666666,0.8784965209107592
0b1afd00-1f158b3e.jpg,motion_blur,2,20.032836839424775,12,6,6,0.5,0.5,0.8291517121411487
0b1b468d-607d678f.jpg,motion_blur,2,19.981110205097387,17,4,3,0.17647058823529413,0.23529411764705882,0.8482581063028326
0b27a68a-5b093bbf.jpg,motion_blur,2,20.517739080842926,15,2,2,0.13333333333333333,0.13333333333333333,0.6954724378942148
0b2867ef-a6ca437b.jpg,motion_blur,2,12.581006780162022,5,2,2,0.4,0.4,0.8733931593285058
0b2f5d0d-8fddc1fc.jpg,motion_blur,2,18.77106174624923,5,1,1,0.2,0.2,0.8592101296352126
0b396e6f-06f3ce96.jpg,motion_blur,2,16.94862509466911,4,3,2,0.5,0.75,0.8311878978350504
0b3cbe42-5076f088.jpg,motion_blur,2,16.640452040802653,4,1,0,0.0,0.25,
0b3cc618-5302eb7f.jpg,motion_blur,2,26.117819171714846,4,0,0,0.0,0.0,
0b3de27a-7293917c.jpg,motion_blur,2,17.534010475084777,10,5,5,0.5,0.5,0.8401133985968091
0b498ab4-61a84c90.jpg,motion_blur,2,16.845331830511075,8,2,2,0.25,0.25,0.9002808401333935
0b4c8138-adfd774c.jpg,motion_blur,2,18.613043179417538,3,3,2,0.6666666666666666,1.0,0.7999998665727339
0b4c8138-adfdfb43.jpg,motion_blur,2,15.56923523106991,12,8,6,0.5,0.6666666666666666,0.8735680748743336
0b5c145d-8dc9d5b3.jpg,motion_blur,2,18.38620119699007,12,9,9,0.75,0.75,0.8827742114393295
0b5c1805-1972d84b.jpg,motion_blur,2,25.146762355714827,0,1,0,,,
0b63c42f-9a2411df.jpg,motion_blur,2,16.45767346676404,8,5,5,0.625,0.625,0.8331584496751591
0b669851-014f34dc.jpg,motion_blur,2,19.740877586002973,10,7,7,0.7,0.7,0.8689604263940564
0b68ff89-458c5c21.jpg,motion_blur,2,23.085478472124905,3,0,0,0.0,0.0,
0b6a1bf6-efa486cd.jpg,motion_blur,2,11.117239756300407,0,0,0,,,
0b73aac9-f53811e8.jpg,motion_blur,2,20.423763009857232,4,3,3,0.75,0.75,0.9249129904764836
0b744ae5-7a01e42d.jpg,motion_blur,2,14.235202538646588,8,5,3,0.375,0.625,0.8796828178258752
0b752494-00000000.jpg,motion_blur,2,19.59181315159304,8,5,5,0.625,0.625,0.8236664184726028
0b75c7f8-b96e3aa5.jpg,motion_blur,2,16.79831205262183,9,3,3,0.3333333333333333,0.3333333333333333,0.9426337993523983
0b79446c-48c74eea.jpg,motion_blur,2,14.834698961073734,7,4,4,0.5714285714285714,0.5714285714285714,0.8023912753444076
0b796e55-0d102bd0.jpg,motion_blur,2,14.829816448053755,5,4,3,0.6,0.8,0.9203738681795577
0b7dfe99-f6bd1423.jpg,motion_blur,2,22.488226192917455,6,4,4,0.6666666666666666,0.6666666666666666,0.7742033346809823
0b823757-7065147b.jpg,motion_blur,2,22.36832391488874,8,3,3,0.375,0.375,0.8707875304589435
0b9c3eb8-252e5876.jpg,motion_blur,2,23.417607227029492,10,4,3,0.3,0.4,0.9103004659408406
0b9c4f05-d59be38c.jpg,motion_blur,2,15.506230944230083,4,3,3,0.75,0.75,0.8694217042360357
0b9fa855-936aae7a.jpg,motion_blur,2,16.73573536976103,8,1,1,0.125,0.125,0.9410918702505199
0baeff05-ae703523.jpg,motion_blur,2,21.687312835219906,4,4,4,1.0,1.0,0.7981380641527462
0bb001f6-80239764.jpg,motion_blur,2,12.08170086060306,6,2,2,0.3333333333333333,0.3333333333333333,0.7451719315486252
0bb3f3d3-12b85638.jpg,motion_blur,2,17.36017216105916,4,2,2,0.5,0.5,0.8111681178093881
0bc0b27e-a94dd126.jpg,motion_blur,2,18.052786744525104,4,2,2,0.5,0.5,0.7482034399905759
0bc0b27e-b932a660.jpg,motion_blur,2,20.50360466619999,7,5,4,0.5714285714285714,0.7142857142857143,0.9371739843827469
0bc15ee2-9a9e181b.jpg,motion_blur,2,19.307415003632286,5,2,2,0.4,0.4,0.9455375089567599
0bc1e57d-0331a843.jpg,motion_blur,2,23.202078007040228,2,0,0,0.0,0.0,
0bc2253f-aa0f38d8.jpg,motion_blur,2,16.005153978156457,9,5,4,0.4444444444444444,0.5555555555555556,0.8529906202988389
0bc866ed-1abb89e8.jpg,motion_blur,2,20.066947737314003,7,2,2,0.2857142857142857,0.2857142857142857,0.9247724903638099
0bcbc8fe-5a52a282.jpg,motion_blur,2,23.948445089303092,4,1,1,0.25,0.25,0.8778280542986425
0bcc752f-fd302777.jpg,motion_blur,2,17.435842756686192,4,2,2,0.5,0.5,0.9195637097108259
0bce68c1-629ddf0d.jpg,motion_blur,2,15.417131679404434,5,3,3,0.6,0.6,0.8944215283661636
0bcfa351-0509fab2.jpg,motion_blur,2,24.542776043463373,18,5,5,0.2777777777777778,0.2777777777777778,0.8058553701668767
0bd530d6-76c944fe.jpg,motion_blur,2,21.631721644341766,4,1,1,0.25,0.25,0.9233014861995754
0bdc8f31-81eab212.jpg,motion_blur,2,21.02282273163338,7,5,4,0.5714285714285714,0.7142857142857143,0.6987909884136041
0be031c3-81b6e5b7.jpg,motion_blur,2,19.841433154970364,12,1,1,0.08333333333333333,0.08333333333333333,0.8035714285714286
0be36567-bee11e9c.jpg,motion_blur,2,15.326005107416151,2,1,1,0.5,0.5,0.8792121270638216
0bef9055-6069aeb8.jpg,motion_blur,2,19.30931857429172,5,4,4,0.8,0.8,0.8989520831505716
0bf18a00-e8c3335e.jpg,motion_blur,2,17.428355899544915,1,1,0,0.0,1.0,
0bf28365-020515e2.jpg,motion_blur,2,18.412976173221487,5,1,1,0.2,0.2,0.9412298321778008
0bf7162a-00000000.jpg,motion_blur,2,17.373731897160194,10,3,3,0.3,0.3,0.8053178980012244
0bf8851e-e3f546bb.jpg,motion_blur,2,19.211780050100078,10,1,0,0.0,0.1,
0bf8851e-e3f5b31d.jpg,motion_blur,2,18.150326207733837,10,3,3,0.3,0.3,0.9167237298584863
0c04d29a-6bf85baf.jpg,motion_blur,2,14.461522339461045,8,3,3,0.375,0.375,0.8433877873885868
0c07e51c-fb369fc9.jpg,motion_blur,2,18.048885515190886,7,4,4,0.5714285714285714,0.5714285714285714,0.9380589654015967
0c0bba65-b7286c22.jpg,motion_blur,2,14.7360071392368,5,2,2,0.4,0.4,0.7765701499906532
0c113798-00000000.jpg,motion_blur,2,18.88444501961388,10,4,4,0.4,0.4,0.8935147838704854
0c140522-190b25a3.jpg,motion_blur,2,25.995293368482997,2,2,1,0.5,1.0,0.7912642669007902
0c140522-227e6f11.jpg,motion_blur,2,26.495181583884797,6,4,3,0.5,0.6666666666666666,0.7805446811662081
0c154337-09dd2a21.jpg,motion_blur,2,15.470212744800232,4,2,2,0.5,0.5,0.7870590739226357
0c155cdd-00000000.jpg,motion_blur,2,18.8629331300463,1,2,1,1.0,2.0,0.83149915777653
0c1bdf73-7a852c2a.jpg,motion_blur,2,25.240943396654345,6,2,1,0.16666666666666666,0.3333333333333333,0.6531020680453635
0c1eebb0-dbb11761.jpg,motion_blur,2,19.708987615827997,12,5,4,0.3333333333333333,0.4166666666666667,0.8894654281318177
0c28dcae-7f85dd38.jpg,motion_blur,2,16.729752080778294,8,3,3,0.375,0.375,0.825521367283022
0c28dcae-c3c143f2.jpg,motion_blur,2,17.662173240332347,8,6,6,0.75,0.75,0.8020815881915261
0c2cb3d5-0bdfd48d.jpg,motion_blur,2,16.096543868529643,4,3,3,0.75,0.75,0.8402492267903119
0c34273d-87a7edaa.jpg,motion_blur,2,19.78488598809308,1,0,0,0.0,0.0,
0c37f221-e2897443.jpg,motion_blur,2,18.57428835070841,5,1,1,0.2,0.2,0.5530258146424037
0c37fe53-5f181247.jpg,motion_blur,2,19.925257286038796,6,0,0,0.0,0.0,
0c46ce67-5ca710eb.jpg,motion_blur,2,20.385371239192196,5,3,3,0.6,0.6,0.7502717851096631
0c506e60-ff9e0000.jpg,motion_blur,2,11.293389269552508,7,4,3,0.42857142857142855,0.5714285714285714,0.964981587306336
0c506e60-ff9e0001.jpg,motion_blur,2,11.635341947685664,7,3,3,0.42857142857142855,0.42857142857142855,0.8460168682294317
0c5636b3-00000000.jpg,motion_blur,2,17.512819426247653,7,3,3,0.42857142857142855,0.42857142857142855,0.8189047381014678
0c6c9c66-5e867ddf.jpg,motion_blur,2,20.887665723696017,15,4,4,0.26666666666666666,0.26666666666666666,0.785774371732615
0c7914cf-00000000.jpg,motion_blur,2,16.967831323070047,7,5,5,0.7142857142857143,0.7142857142857143,0.7785109748480189
0c7aa2a6-9c0f3111.jpg,motion_blur,2,18.700998559879764,12,6,5,0.4166666666666667,0.5,0.8834407689878017
0c7c6dd2-568b770f.jpg,motion_blur,2,16.09383994053325,6,2,1,0.16666666666666666,0.3333333333333333,0.8572058723731536
0c7d02a2-73802207.jpg,motion_blur,2,23.95279174632151,6,3,3,0.5,0.5,0.7861580688578739
0c8a2c79-0194bc27.jpg,motion_blur,2,23.97618440350915,3,1,1,0.3333333333333333,0.3333333333333333,0.8586098582474226
0c8a7a98-e267fd54.jpg,motion_blur,2,23.8674145654024,9,2,2,0.2222222222222222,0.2222222222222222,0.8777192046140022
0c8af716-4ea8aa81.jpg,motion_blur,2,21.604632550392708,0,1,0,,,
0c8b32af-2d9a6111.jpg,motion_blur,2,15.990155916168966,7,2,2,0.2857142857142857,0.2857142857142857,0.9061085718829326
0c8c70f2-160e0000.jpg,motion_blur,2,20.000430076901985,6,4,4,0.6666666666666666,0.6666666666666666,0.8664188621293648
0c8c70f2-160e0001.jpg,motion_blur,2,20.243236835408723,6,4,4,0.6666666666666666,0.6666666666666666,0.8880802268481185
0c8c70f2-45110000.jpg,motion_blur,2,18.465919052169536,4,3,2,0.5,0.75,0.9561145976970784
0c8c70f2-45110001.jpg,motion_blur,2,18.522862207707988,5,2,2,0.4,0.4,0.961501564518299
0c8c70f2-91d10000.jpg,motion_blur,2,18.413510184382748,5,3,2,0.4,0.6,0.9697694811591526
0c8c70f2-ae0e0000.jpg,motion_blur,2,20.57647749353705,4,3,3,0.75,0.75,0.9280695305457595
0c8c70f2-ae0e0001.jpg,motion_blur,2,20.494080798544474,5,3,3,0.6,0.6,0.9333171994679276
0c90a09f-9a869a38.jpg,motion_blur,2,16.559545811988666,6,6,5,0.8333333333333334,1.0,0.8233235181460431
0ca68027-29e38754.jpg,motion_blur,2,24.990059275941686,5,4,2,0.4,0.8,0.7587769991035537
0cafe7ab-e22edf50.jpg,motion_blur,2,14.24422418271307,8,3,3,0.375,0.375,0.921816299583302
0cb740c9-8bdcf951.jpg,motion_blur,2,17.574550152148213,14,4,4,0.2857142857142857,0.2857142857142857,0.9387244555726886
0cca6223-bbe8997f.jpg,motion_blur,2,22.279590037951237,5,0,0,0.0,0.0,
0ccee6d5-1b69c148.jpg,motion_blur,2,15.720650312677598,6,5,4,0.6666666666666666,0.8333333333333334,0.8815726117446464
0cd3378c-e94d1795.jpg,motion_blur,2,22.524207530667066,14,6,3,0.21428571428571427,0.42857142857142855,0.7881298588445492
0cdaa475-135c7ac8.jpg,motion_blur,2,17.823770253270204,5,4,4,0.8,0.8,0.8290861597067896
0cdde16a-e2d9677e.jpg,motion_blur,2,21.111435053451345,8,3,2,0.25,0.375,0.7949445058405787
0ce3ea39-a5de431d.jpg,motion_blur,2,15.286328864094141,6,0,0,0.0,0.0,
0ce5101a-319adcd7.jpg,motion_blur,2,17.62499762619046,7,2,2,0.2857142857142857,0.2857142857142857,0.7654425920680364
0ce9abb1-857ab875.jpg,motion_blur,2,16.933356961683884,9,8,6,0.6666666666666666,0.8888888888888888,0.8360520757677375
0ceb02a1-9d25dd06.jpg,motion_blur,2,23.205987635776324,4,1,1,0.25,0.25,0.927856140434338
0cf398b3-ce65ab64.jpg,motion_blur,2,11.694153506313576,3,2,2,0.6666666666666666,0.6666666666666666,0.7040202667757729
0cfec584-8ab90c1e.jpg,motion_blur,2,16.774483460951547,6,3,3,0.5,0.5,0.8601361806948492
0cff84c0-cedd14a5.jpg,motion_blur,2,24.434642779122218,11,4,4,0.36363636363636365,0.36363636363636365,0.9320425586036774
0d01bff2-38b969d3.jpg,motion_blur,2,19.80238249624557,12,5,2,0.16666666666666666,0.4166666666666667,0.8189739208279537
0d03369b-e2199f82.jpg,motion_blur,2,20.3758553453711,6,2,2,0.3333333333333333,0.3333333333333333,0.7240860867438447
0d13ae3d-e9464a42.jpg,motion_blur,2,16.28327159578723,13,6,4,0.3076923076923077,0.46153846153846156,0.7764919177547631
0d13ae3d-f033a349.jpg,motion_blur,2,24.695343878327396,5,3,3,0.6,0.6,0.6831367904574327
0d1541c9-f4845f6f.jpg,motion_blur,2,15.654416905154985,5,2,2,0.4,0.4,0.7217798362466001
0d1dd928-2d09a570.jpg,motion_blur,2,15.071633764718671,5,0,0,0.0,0.0,
0d1fc580-44142e94.jpg,motion_blur,2,18.044487804903067,2,3,2,1.0,1.5,0.9666003578556553
0d1fc580-61bbac5d.jpg,motion_blur,2,16.192391055597668,8,4,4,0.5,0.5,0.8931109575941318
0d207cff-4d92f256.jpg,motion_blur,2,17.31734225042101,8,3,3,0.375,0.375,0.8407452156473014
0d207cff-6d499379.jpg,motion_blur,2,16.862241674339348,5,0,0,0.0,0.0,
0d242d07-6298ac79.jpg,motion_blur,2,16.521095263807883,14,4,3,0.21428571428571427,0.2857142857142857,0.8304240187840038
0d27973e-cc242ae0.jpg,motion_blur,2,21.368153769339024,4,1,1,0.25,0.25,0.9572512573159613
0d282223-501af903.jpg,motion_blur,2,19.447967999470162,0,0,0,,,
0d29f0cb-b57f61b8.jpg,motion_blur,2,23.52343738245392,7,4,4,0.5714285714285714,0.5714285714285714,0.8629156529227501
0d3ec56a-f4cead6f.jpg,motion_blur,2,22.672989434930194,1,0,0,0.0,0.0,
0d3f5fba-01b6e9e2.jpg,motion_blur,2,26.99391247451624,12,3,3,0.25,0.25,0.8547218495919715
0d4268d5-3c617dd8.jpg,motion_blur,2,22.3542492260735,3,1,1,0.3333333333333333,0.3333333333333333,0.6892307692307692
0d4268d5-61297777.jpg,motion_blur,2,20.023629097242875,0,0,0,,,
0d4570ff-76fd2615.jpg,motion_blur,2,14.461245078202932,8,4,4,0.5,0.5,0.9188909980519253
0d538703-ccd64878.jpg,motion_blur,2,16.61974417431759,11,6,6,0.5454545454545454,0.5454545454545454,0.7875191231908704
0d53c976-0532e5df.jpg,motion_blur,2,15.754064174388398,7,2,2,0.2857142857142857,0.2857142857142857,0.9530825337611346
0d53c976-44810d29.jpg,motion_blur,2,15.993493116456625,2,2,1,0.5,1.0,0.9116411893163111
0d53c976-ad5a9570.jpg,motion_blur,2,16.871278856515328,5,4,4,0.8,0.8,0.8273043501591917
0d56a2c2-c244cb4c.jpg,motion_blur,2,15.700049706170391,6,3,3,0.5,0.5,0.7897206386498515
0d574753-7aa1ad57.jpg,motion_blur,2,20.711394988754716,4,4,2,0.5,1.0,0.9487456946573283
0d588ff8-22e9ece9.jpg,motion_blur,2,18.385540941103102,8,7,7,0.875,0.875,0.8793544670795124
0d58d15a-6496522e.jpg,motion_blur,2,14.961130152461116,5,2,2,0.4,0.4,0.8540566827292108
0d5b19b3-df617a03.jpg,motion_blur,2,22.21551906029005,5,3,3,0.6,0.6,0.884966728290432
0d5b19b3-fe488e51.jpg,motion_blur,2,24.32046494195323,2,0,0,0.0,0.0,
0d60205d-0e9f928a.jpg,motion_blur,2,20.129940109471434,10,4,3,0.3,0.4,0.9318701253914649
0d606092-4866137c.jpg,motion_blur,2,18.743908701155828,6,2,2,0.3333333333333333,0.3333333333333333,0.8347192844685718
0d606092-486670ee.jpg,motion_blur,2,18.65741048357769,12,6,4,0.3333333333333333,0.5,0.8934564693073401
0d62200b-85aeaa3d.jpg,motion_blur,2,18.961527304546774,8,4,4,0.5,0.5,0.8305273285358468
0d6822ce-741be0b9.jpg,motion_blur,2,26.596554724414453,15,8,7,0.4666666666666667,0.5333333333333333,0.839836322616374
0d6ee1b1-00000000.jpg,motion_blur,2,19.31037270743397,6,4,4,0.6666666666666666,0.6666666666666666,0.8428389440418558
0d7731fe-e24a0b6c.jpg,motion_blur,2,16.407880298681505,1,2,1,1.0,2.0,0.9357531204533273
0d792952-00000000.jpg,motion_blur,2,18.801314048628136,6,4,4,0.6666666666666666,0.6666666666666666,0.9261445514554545
0d7b89dd-a640a130.jpg,motion_blur,2,16.99695203105164,5,5,4,0.8,1.0,0.8079605849490006
0d7eace8-11f0784d.jpg,motion_blur,2,17.843007010105016,6,4,4,0.6666666666666666,0.6666666666666666,0.8159470323866581
0d840e3e-1e1d6d69.jpg,motion_blur,2,27.82887686550516,1,1,1,1.0,1.0,0.7927763589930682
0d851a77-00000000.jpg,motion_blur,2,21.86228157962463,6,4,4,0.6666666666666666,0.6666666666666666,0.8313895895662299
0d86c345-e1ec3588.jpg,motion_blur,2,20.22430820359352,14,5,5,0.35714285714285715,0.35714285714285715,0.9074817298946133
0d8c886e-00000000.jpg,motion_blur,2,19.57489570138975,6,1,1,0.16666666666666666,0.16666666666666666,0.6902138690861958
0d933eed-b74c36f8.jpg,motion_blur,2,9.279640172609398,8,1,1,0.125,0.125,0.603648424543947
0d93653a-52e61ac9.jpg,motion_blur,2,23.930196494500052,6,2,2,0.3333333333333333,0.3333333333333333,0.7327202596082703
0da41df0-26725c58.jpg,motion_blur,2,20.28465003845647,16,8,6,0.375,0.5,0.8441429779566918
0da7dd83-3aa63f46.jpg,motion_blur,2,14.835806792757658,3,3,3,1.0,1.0,0.962792806142038
0dab617d-041fe342.jpg,motion_blur,2,21.33671249591899,7,3,3,0.42857142857142855,0.42857142857142855,0.8179562929248165
0daf9d2f-e0e6bc87.jpg,motion_blur,2,23.43072393403024,6,3,3,0.5,0.5,0.7811265879157238
0db65573-d735f9c8.jpg,motion_blur,2,18.991837076068684,3,2,2,0.6666666666666666,0.6666666666666666,0.953986009525619
0db8d440-cdcfee2e.jpg,motion_blur,2,23.728914205291602,7,2,2,0.2857142857142857,0.2857142857142857,0.6262265402040239
0dc3d787-4982a6e6.jpg,motion_blur,2,18.61243815710551,11,5,5,0.45454545454545453,0.45454545454545453,0.8059982385953111
0dc5eff4-9ebc6928.jpg,motion_blur,2,21.75431201777094,5,2,2,0.4,0.4,0.7541371755848545
0dc639eb-fa07b4f8.jpg,motion_blur,2,18.546897307712896,4,2,2,0.5,0.5,0.8649780745802165
0dc6575e-6450c964.jpg,motion_blur,2,17.758072128161714,6,3,3,0.5,0.5,0.6428992625568252
0dca1cba-00000000.jpg,motion_blur,2,16.298348559690787,5,3,3,0.6,0.6,0.8771812372450234
0dca3d7c-931b1cb4.jpg,motion_blur,2,18.653491331594957,9,2,2,0.2222222222222222,0.2222222222222222,0.9421280463274435
0ddfea57-b0fe2cab.jpg,motion_blur,2,15.972184181109965,9,2,2,0.2222222222222222,0.2222222222222222,0.9146705702180402
0ddfea57-b0fe6132.jpg,motion_blur,2,16.015388796215234,9,3,3,0.3333333333333333,0.3333333333333333,0.8787305755836389
0de6314f-75a8269d.jpg,motion_blur,2,22.47770720307439,4,2,2,0.5,0.5,0.7944270127647436
0dee3467-8bd40000.jpg,motion_blur,2,16.306855391926753,6,1,1,0.16666666666666666,0.16666666666666666,0.9608943669812494
0dee3467-8bd40001.jpg,motion_blur,2,16.653563732578455,2,2,2,1.0,1.0,0.9496180579245462
0df15660-25ff1e6c.jpg,motion_blur,2,24.47842847070182,0,0,0,,,
0dfa5925-30d5c44a.jpg,motion_blur,2,22.91526812368161,0,2,0,,,
0dfdc506-c9265cf2.jpg,motion_blur,2,21.44346885228755,7,1,1,0.14285714285714285,0.14285714285714285,0.5483184333759047
0dffa115-18743b1b.jpg,motion_blur,2,23.712943935906562,2,2,0,0.0,1.0,
0e0158e0-41f51afb.jpg,motion_blur,2,14.588962712782543,2,2,2,1.0,1.0,0.9613051426098296
0e0158e0-f5dae483.jpg,motion_blur,2,15.200221698707438,7,4,4,0.5714285714285714,0.5714285714285714,0.8458935324003658
0e033c03-3042664b.jpg,motion_blur,2,22.81095592456968,11,4,4,0.36363636363636365,0.36363636363636365,0.7833343978079754
0e05e1d7-51f62fca.jpg,motion_blur,2,16.140456536024633,5,2,1,0.2,0.4,0.9494341065815735
0e07d567-339cb843.jpg,motion_blur,2,14.219175801073858,4,1,1,0.25,0.25,0.8478260869565217
0e0c9ba3-294b474c.jpg,motion_blur,2,18.277762281253786,2,2,2,1.0,1.0,0.8751631596243258
0e0fd502-99e356ef.jpg,motion_blur,2,16.268536126131252,3,2,1,0.3333333333333333,0.6666666666666666,0.6719817767653758
0e0ff624-53c9b3a8.jpg,motion_blur,2,19.4516399236091,8,5,4,0.5,0.625,0.7725013522750377
0e1c42db-f6a14072.jpg,motion_blur,2,18.981896545463293,8,3,3,0.375,0.375,0.7560252921975245
0e1c42db-f6a1715f.jpg,motion_blur,2,17.020945580691873,4,2,2,0.5,0.5,0.8388186070830356
0e1fad11-71fdc8f4.jpg,motion_blur,2,20.269312314617196,0,0,0,,,
0e21b3fa-648e5a8a.jpg,motion_blur,2,14.581361840394251,5,4,4,0.8,0.8,0.9247169309236967
0e233b52-81b75cdf.jpg,motion_blur,2,23.147193286300084,6,1,1,0.16666666666666666,0.16666666666666666,0.5244305493523894
0e280165-84b9023a.jpg,motion_blur,2,17.508663351757892,7,3,3,0.42857142857142855,0.42857142857142855,0.9233290461503346
0e280165-d2cf6778.jpg,motion_blur,2,19.254058483933964,7,2,2,0.2857142857142857,0.2857142857142857,0.9153244923799213
0e2f075d-c71b5ccf.jpg,motion_blur,2,15.63787453313039,8,6,6,0.75,0.75,0.8501117939492024
0e31726a-00000000.jpg,motion_blur,2,19.37782051954099,4,2,2,0.5,0.5,0.763002775744871
0e33c3bd-01573a4f.jpg,motion_blur,2,15.894480984552299,1,2,1,1.0,2.0,0.9300101557210562
0e36465c-8b9c425a.jpg,motion_blur,2,23.759409967131297,7,3,3,0.42857142857142855,0.42857142857142855,0.8203831542437711
0e4066b2-9b16405b.jpg,motion_blur,2,17.98741626147735,14,5,5,0.35714285714285715,0.35714285714285715,0.7811936495259315
0e40e862-f22a14f4.jpg,motion_blur,2,21.107230505863022,6,3,1,0.16666666666666666,0.5,0.691900242772015
0e460dd3-2cf2a7b9.jpg,motion_blur,2,21.777543888252453,4,3,3,0.75,0.75,0.8218002155084868
0e46d6a2-317f7ded.jpg,motion_blur,2,17.302212687359646,8,6,6,0.75,0.75,0.8985352470329252
0e46d6a2-d82d7613.jpg,motion_blur,2,16.135862731859458,3,3,2,0.6666666666666666,1.0,0.9302653546199524
0e4ad39c-a888eefa.jpg,motion_blur,2,17.034811542616808,4,1,1,0.25,0.25,0.95807150595883
0e5016e5-00000000.jpg,motion_blur,2,16.06301318602879,11,8,7,0.6363636363636364,0.7272727272727273,0.7960493688268017
0e507677-d37ecfe0.jpg,motion_blur,2,25.914806924534872,3,1,1,0.3333333333333333,0.3333333333333333,0.8125297383029342
0e526010-34c35870.jpg,motion_blur,2,23.177249708916694,1,0,0,0.0,0.0,
0e5b6c2c-d34a3ec8.jpg,motion_blur,2,16.784103074315475,16,4,4,0.25,0.25,0.7777829797489519
0e5fc339-929b1def.jpg,motion_blur,2,12.889511943863871,1,1,1,1.0,1.0,0.687866944741408
0e6538be-925bab70.jpg,motion_blur,2,17.382294509234676,8,6,5,0.625,0.75,0.9229023594720583
0e6ba7c4-6562f924.jpg,motion_blur,2,22.38303232080223,1,0,0,0.0,0.0,
0e6cf5cb-8e4fe4ba.jpg,motion_blur,2,17.5045473232656,4,1,1,0.25,0.25,0.8813391291085183
0e711991-1e7ba083.jpg,motion_blur,2,18.236004046666853,7,2,1,0.14285714285714285,0.2857142857142857,0.9543616406701328
0e758b80-e99d0000.jpg,motion_blur,2,19.740399606837933,9,5,5,0.5555555555555556,0.5555555555555556,0.8926761164390278
0e758b80-e99d0001.jpg,motion_blur,2,18.975629903266537,7,4,4,0.5714285714285714,0.5714285714285714,0.9424483775866367
0e764680-656be9ac.jpg,motion_blur,2,12.785089397743901,2,0,0,0.0,0.0,
0e76aa4d-8b4b4a9f.jpg,motion_blur,2,23.60188526927757,1,0,0,0.0,0.0,
0e82aef9-00000000.jpg,motion_blur,2,15.815767353717527,4,1,1,0.25,0.25,0.8905843684412001
0e86ba7a-399d9901.jpg,motion_blur,2,16.969782670386127,6,1,1,0.16666666666666666,0.16666666666666666,0.9522556390977444
0e888c35-00000000.jpg,motion_blur,2,22.116067912615613,11,5,5,0.45454545454545453,0.45454545454545453,0.7827369074191048
0e888d6a-85910f38.jpg,motion_blur,2,17.10068724734278,5,3,2,0.4,0.6,0.8971876124192637
0e8c2d15-27cabc30.jpg,motion_blur,2,17.154645157445454,7,5,5,0.7142857142857143,0.7142857142857143,0.8571400695983398
0e8c47b3-00000000.jpg,motion_blur,2,18.26308075044282,2,2,1,0.5,1.0,0.7012856062515755
0e8e5273-5fd9ed6c.jpg,motion_blur,2,19.494966446335475,12,3,3,0.25,0.25,0.858824912399888
0e8fcc27-1ff1764e.jpg,motion_blur,2,18.529238239237745,5,1,1,0.2,0.2,0.65330006023578
0e9166d9-0e0cd95b.jpg,motion_blur,2,16.307796377525744,14,3,3,0.21428571428571427,0.21428571428571427,0.8226211228345607
0e946d23-8a9b41b7.jpg,motion_blur,2,18.418583475939688,10,3,3,0.3,0.3,0.6960572113693161
0e9bf060-4319b186.jpg,motion_blur,2,24.506251694653965,5,4,3,0.6,0.8,0.8489568371345394
0e9e8f3e-55cd30d7.jpg,motion_blur,2,19.507538139221133,10,3,2,0.2,0.3,0.7750541555373825
0ea18604-68919f0c.jpg,motion_blur,2,16.321658118425823,9,5,5,0.5555555555555556,0.5555555555555556,0.9355820274001723
0ea18604-eec933af.jpg,motion_blur,2,15.576881972776926,10,7,6,0.6,0.7,0.8645791252060321
0ea767e0-ae006e7f.jpg,motion_blur,2,21.237048428843885,10,4,3,0.3,0.4,0.9138229598670803
0ea7f502-16d9fb4e.jpg,motion_blur,2,21.645946438689524,3,2,2,0.6666666666666666,0.6666666666666666,0.8788032907565897
0ebcc3f8-820d55a0.jpg,motion_blur,2,28.392823717752528,9,3,3,0.3333333333333333,0.3333333333333333,0.9214174297757651
0ec4e1d8-36ec61fc.jpg,motion_blur,2,14.148084751348042,11,3,3,0.2727272727272727,0.2727272727272727,0.8315435185678569
0ec9c6cf-00000000.jpg,motion_blur,2,19.90018290174664,12,5,5,0.4166666666666667,0.4166666666666667,0.8656327713661225
0ed0d326-f3689a47.jpg,motion_blur,2,18.528792682209662,8,2,2,0.25,0.25,0.928107623406023
0ed4beee-00000000.jpg,motion_blur,2,25.58750648123741,6,4,4,0.6666666666666666,0.6666666666666666,0.8818169761331102
0ed7ba52-0276f1f9.jpg,motion_blur,2,17.97112438933878,7,5,5,0.7142857142857143,0.7142857142857143,0.804686540479096
0edc5faa-fd89fc10.jpg,motion_blur,2,20.10727940010615,11,5,5,0.45454545454545453,0.45454545454545453,0.8905024353597668
0edee2c1-e740d94c.jpg,motion_blur,2,16.82822720453713,10,0,0,0.0,0.0,
0ee642f9-22c03b1a.jpg,motion_blur,2,11.404892071009824,2,1,1,0.5,0.5,0.5858467316042718
0efe0129-c499802e.jpg,motion_blur,2,17.07922064808933,3,2,2,0.6666666666666666,0.6666666666666666,0.9059292728219592
0f00789b-d70124c2.jpg,motion_blur,2,18.181468542875056,6,6,5,0.8333333333333334,1.0,0.724826365234996
0f01b85e-4ac91fc2.jpg,motion_blur,2,19.549195571436982,6,4,4,0.6666666666666666,0.6666666666666666,0.8226399553008797
0f026efa-37f39d4a.jpg,motion_blur,2,15.580721559286829,7,3,3,0.42857142857142855,0.42857142857142855,0.8738184913770765
0f04d966-26bc7c82.jpg,motion_blur,2,19.759710337834704,7,3,1,0.14285714285714285,0.42857142857142855,0.9483120014449956
0f06d2de-7b9b4397.jpg,motion_blur,2,16.01678397971613,11,5,4,0.36363636363636365,0.45454545454545453,0.907777456021502
0f0f2997-57c7f360.jpg,motion_blur,2,16.449356742373375,11,0,0,0.0,0.0,
0f11e283-a34ec892.jpg,motion_blur,2,16.41060244137288,5,4,2,0.4,0.8,0.9007993220704285
0f1359f1-203c30d4.jpg,motion_blur,2,16.940563500558703,6,0,0,0.0,0.0,
0f145ef9-2fb016d0.jpg,motion_blur,2,18.6309433390359,8,3,3,0.375,0.375,0.8962105274745763
0f172b7f-24d20000.jpg,motion_blur,2,19.09770292771219,7,1,1,0.14285714285714285,0.14285714285714285,0.9806629834254144
0f172b7f-24d20001.jpg,motion_blur,2,23.96489507751019,8,6,6,0.75,0.75,0.8028445840888107
0f172b7f-71040000.jpg,motion_blur,2,18.025224579042153,1,1,1,1.0,1.0,0.7482185273159145
0f172b7f-71040001.jpg,motion_blur,2,17.275459609875647,10,3,3,0.3,0.3,0.7548447872070899
0f19617d-b4f92e8f.jpg,motion_blur,2,16.47009537945793,9,4,3,0.3333333333333333,0.4444444444444444,0.8218632544175822
0f1a2d28-63e10000.jpg,motion_blur,2,15.155824894619546,6,2,2,0.3333333333333333,0.3333333333333333,0.9175886235765183
0f1a2d28-bfa30000.jpg,motion_blur,2,15.92453951605507,9,4,4,0.4444444444444444,0.4444444444444444,0.8151398021867811
0f1a2d28-bfa30001.jpg,motion_blur,2,16.310342987810664,7,3,3,0.42857142857142855,0.42857142857142855,0.8767352559040779
0f1c1335-f2117479.jpg,motion_blur,2,21.686554822920904,8,4,3,0.375,0.5,0.7756076787412877
0f20fbcb-5af70000.jpg,motion_blur,2,30.754324472362093,0,0,0,,,
0f20fbcb-5af70001.jpg,motion_blur,2,35.46729835865948,0,0,0,,,
0f2e6f9c-a281e34b.jpg,motion_blur,2,19.21896750497247,6,1,1,0.16666666666666666,0.16666666666666666,0.9554232804232804
0f31361a-7020f98e.jpg,motion_blur,2,23.24756232045837,4,4,3,0.75,1.0,0.8624341817462321
0f31361a-f207c44b.jpg,motion_blur,2,21.898341071678082,4,4,3,0.75,1.0,0.6573210124070652
0f3a30a8-00000000.jpg,motion_blur,2,23.13193613085735,14,6,4,0.2857142857142857,0.42857142857142855,0.8715078345478383
0f3b5959-891de44a.jpg,motion_blur,2,14.67961442630748,0,0,0,,,
0f40ce99-8124c30e.jpg,motion_blur,2,24.76070928522917,8,2,2,0.25,0.25,0.9534808241452346
0f442be6-6b658bbe.jpg,motion_blur,2,16.009315607441373,1,1,1,1.0,1.0,0.8325106943073379
0f4e8f1e-6ba53d52.jpg,motion_blur,2,21.523685249101266,10,4,3,0.3,0.4,0.8234381997336787
0f55b994-5afbf176.jpg,motion_blur,2,14.987268708414899,0,0,0,,,
0f599715-11b8833d.jpg,motion_blur,2,21.53733808588925,1,0,0,0.0,0.0,
0f5f84ef-5d520000.jpg,motion_blur,2,18.95404690424442,5,4,3,0.6,0.8,0.904870654572585
0f5f84ef-5d520001.jpg,motion_blur,2,18.544533242379377,2,1,1,0.5,0.5,0.963493256338251
0f67195e-35f09df1.jpg,motion_blur,2,20.50269054519781,6,2,2,0.3333333333333333,0.3333333333333333,0.7012115070203805
0f70e154-bed7cd92.jpg,motion_blur,2,16.39533043554507,8,6,5,0.625,0.75,0.8122506223872898
0f773c7f-00000000.jpg,motion_blur,2,17.507343223881577,4,2,2,0.5,0.5,0.9287116017262307
0f80ec3e-7bb4e2f3.jpg,motion_blur,2,15.831738184929602,6,3,3,0.5,0.5,0.9004183747290352
0f89108b-3ab59119.jpg,motion_blur,2,24.630438644090514,4,1,1,0.25,0.25,0.9567222047574138
0f8cb657-8ad774d0.jpg,motion_blur,2,21.525248059514976,7,4,3,0.42857142857142855,0.5714285714285714,0.8105478386816044
0f8fd55d-a77de0d3.jpg,motion_blur,2,18.49621540786391,4,1,1,0.25,0.25,0.8416340940612785
0f959aac-24823e01.jpg,motion_blur,2,20.160198043411345,5,2,2,0.4,0.4,0.8733547467088265
0f9ab080-cdb5b048.jpg,motion_blur,2,15.124294502105592,1,0,0,0.0,0.0,
0f9fbe4b-081bb395.jpg,motion_blur,2,21.32443731111617,3,1,1,0.3333333333333333,0.3333333333333333,0.7772717414877467
0fa41d9d-0f21770c.jpg,motion_blur,2,26.284136056085483,6,3,2,0.3333333333333333,0.5,0.8290409659277056
0fa741ce-76dbb843.jpg,motion_blur,2,15.913118221119095,4,2,2,0.5,0.5,0.8946772233370426
0fa741ce-9b6dde95.jpg,motion_blur,2,16.710089119882575,6,4,4,0.6666666666666666,0.6666666666666666,0.91150851655002
0fa91e8c-e1e98e63.jpg,motion_blur,2,20.111554987637966,4,3,3,0.75,0.75,0.9539745321219315
0fabbd93-2184c8fb.jpg,motion_blur,2,19.024188125788285,9,5,5,0.5555555555555556,0.5555555555555556,0.883254023196183
0face0a1-5b28a752.jpg,motion_blur,2,18.221141625282527,7,2,1,0.14285714285714285,0.2857142857142857,0.9297963800904977
0fae1a88-00ee28ed.jpg,motion_blur,2,19.020603618683253,8,2,2,0.25,0.25,0.800115833330514
0fbf178c-8d2aa7d8.jpg,motion_blur,2,15.095354039820062,6,2,2,0.3333333333333333,0.3333333333333333,0.9274068051084392
0fc07ccd-14991933.jpg,motion_blur,2,22.809375143278427,7,2,2,0.2857142857142857,0.2857142857142857,0.8953326681410111
0fc0b0cc-75d5e23d.jpg,motion_blur,2,21.32275888351316,5,1,1,0.2,0.2,0.8032288109282831
0fc24bdf-0a2e9836.jpg,motion_blur,2,18.914149840241066,4,1,1,0.25,0.25,0.9549018068437994
0fd189de-150829cc.jpg,motion_blur,2,18.868637950599087,5,1,1,0.2,0.2,0.9523168537024302
0fd4b88c-55926d64.jpg,motion_blur,2,18.82554963425489,2,2,2,1.0,1.0,0.8729489409718141
0fd50fa7-f14c78b9.jpg,motion_blur,2,17.768264680046887,7,6,5,0.7142857142857143,0.8571428571428571,0.9006235573016912
0fd5c032-3f1d4196.jpg,motion_blur,2,22.26331505673473,13,7,6,0.46153846153846156,0.5384615384615384,0.8626367917263904
0fe7b9f6-0335655c.jpg,motion_blur,2,13.043636373214431,3,1,1,0.3333333333333333,0.3333333333333333,0.641305558649883
0fe831f2-d3180400.jpg,motion_blur,2,12.996170174831907,10,2,1,0.1,0.2,0.667625
0fe9b1fe-fce3e681.jpg,motion_blur,2,22.060579643166772,4,3,3,0.75,0.75,0.8519892418278546
0fee1f42-a259393c.jpg,motion_blur,2,17.945452991218012,5,2,2,0.4,0.4,0.9801832719008536
0ff38b93-5f47e38f.jpg,motion_blur,2,20.8754870066857,6,3,2,0.3333333333333333,0.5,0.9311654031551375
0ff690fc-7122d807.jpg,motion_blur,2,15.978928235537937,6,3,2,0.3333333333333333,0.5,0.8737612398682877
0ff6a13c-52abc606.jpg,motion_blur,2,20.037156071571957,9,2,2,0.2222222222222222,0.2222222222222222,0.8479664163361742
0ff834c6-eeda5d39.jpg,motion_blur,2,16.238559179150926,9,5,4,0.4444444444444444,0.5555555555555556,0.8262939951120656
0ffa214f-6eda13d5.jpg,motion_blur,2,23.52421477408558,9,4,3,0.3333333333333333,0.4444444444444444,0.8209873080311544
0ffb84f8-30d3bfd7.jpg,motion_blur,2,16.987037853262546,9,3,2,0.2222222222222222,0.3333333333333333,0.8293521276510731
0fffedae-3981da6d.jpg,motion_blur,2,17.744012010787074,5,3,2,0.4,0.6,0.8796049726389061
1a0b97c6-83f64f01.jpg,motion_blur,2,20.559524180636725,11,5,4,0.36363636363636365,0.45454545454545453,0.9015199552110711
1a0e583b-2203c539.jpg,motion_blur,2,15.240872240992289,1,2,1,1.0,2.0,0.9587324747827191
1a2a7bec-5c26b74d.jpg,motion_blur,2,17.86064924773014,12,3,3,0.25,0.25,0.8197726825341057
1a2d0980-9f026712.jpg,motion_blur,2,16.299604589501342,9,3,3,0.3333333333333333,0.3333333333333333,0.9262115383552598
1a2f2112-f566a272.jpg,motion_blur,2,27.1671685470387,3,0,0,0.0,0.0,
1a2f950b-6289c313.jpg,motion_blur,2,19.37928680834213,4,5,3,0.75,1.25,0.9157489122524755
1a3a8552-293f6a45.jpg,motion_blur,2,15.067684981792853,9,4,4,0.4444444444444444,0.4444444444444444,0.8797398610826488
1a3b76e0-1eafc790.jpg,motion_blur,2,22.724960870997855,8,1,1,0.125,0.125,0.8412770226409898
001b428f-059bac33.jpg,low_light,1,10.443591187924985,8,7,7,0.875,0.875,0.9393874399410115
001c2a14-c7138401.jpg,low_light,1,9.068801818926733,3,4,3,1.0,1.3333333333333333,0.9518700092048987
01a4933a-252e566a.jpg,low_light,1,8.818106820135293,1,1,1,1.0,1.0,0.9705882352941176
01a5b28a-c8fc55cc.jpg,low_light,1,9.987507566891047,2,2,2,1.0,1.0,0.9706709219983556
01ab0f6d-a46b4820.jpg,low_light,1,9.302225810817319,9,8,8,0.8888888888888888,0.8888888888888888,0.9791301844364892
01ab0f6d-b74b83d1.jpg,low_light,1,8.610067402553543,6,6,6,1.0,1.0,0.9638272836706762
01abd21f-2a974488.jpg,low_light,1,9.021316637028322,10,9,9,0.9,0.9,0.9902936132391881
01b08b19-a9fc3dcd.jpg,low_light,1,10.661788820568528,12,12,11,0.9166666666666666,1.0,0.9437714370714999
01b29c03-4b348d76.jpg,low_light,1,10.404365459702182,4,3,3,0.75,0.75,0.9836804662111293
01b34172-f9ea5060.jpg,low_light,1,10.498981762243504,6,5,5,0.8333333333333334,0.8333333333333334,0.9554806217191862
01c21ca3-faca9871.jpg,low_light,1,10.615913799668737,6,6,6,1.0,1.0,0.9430085466967394
01c231b4-1ebf841a.jpg,low_light,1,9.896425681526235,10,9,9,0.9,0.9,0.9593070365731236
01c3c73e-42795861.jpg,low_light,1,9.918685672567864,8,8,8,1.0,1.0,0.9683422477813828
01c4035b-bcaeb067.jpg,low_light,1,9.804013801678629,6,6,6,1.0,1.0,0.9618109236354057
01c5cd64-6e208afd.jpg,low_light,1,8.387287465835541,11,10,10,0.9090909090909091,0.9090909090909091,0.9653933216343704
01c6a5ce-7dba6e67.jpg,low_light,1,10.87921509464503,7,6,6,0.8571428571428571,0.8571428571428571,0.9471042102629945
01e38013-dab56c86.jpg,low_light,1,9.53913346782972,1,1,1,1.0,1.0,0.9927536231884058
01e9b6bc-1c3597ee.jpg,low_light,1,9.60321594411618,11,11,11,1.0,1.0,0.9509722340258052
01fe2056-010af346.jpg,low_light,1,9.272002766102403,10,9,9,0.9,0.9,0.959698045854629
0a0438c7-4b42456f.jpg,low_light,1,10.221002249947063,2,2,2,1.0,1.0,0.9811805961426067
0a096659-9faad1ad.jpg,low_light,1,9.808606632763484,2,1,1,0.5,0.5,0.9734160628950208
0a172b0e-136b7a63.jpg,low_light,1,8.61699166811543,12,11,10,0.8333333333333334,0.9166666666666666,0.9524157445192658
0a364fd8-81c63814.jpg,low_light,1,9.791502773176425,13,11,10,0.7692307692307693,0.8461538461538461,0.9155090704507435
0a43984a-db1eb6cb.jpg,low_light,1,9.727780729238663,5,5,5,1.0,1.0,0.9333379558785803
0a493f24-352f747e.jpg,low_light,1,9.603506412480156,3,2,2,0.6666666666666666,0.6666666666666666,0.969879767827529
0a507f1c-3ee431e7.jpg,low_light,1,8.857093941434748,5,5,5,1.0,1.0,0.9472694283035727
0a514790-e4c8e3e3.jpg,low_light,1,8.798994315423451,2,2,2,1.0,1.0,0.9878584129962067
0a5922a3-a1b0d581.jpg,low_light,1,9.797134856697673,6,5,5,0.8333333333333334,0.8333333333333334,0.9511544875752513
0a71fa0a-5320a5e5.jpg,low_light,1,8.966909468247069,3,3,3,1.0,1.0,0.9932920814276747
0a723d61-9885002e.jpg,low_light,1,10.539728578857845,0,0,0,,,
0a8368e0-41c6b3b3.jpg,low_light,1,9.381609127633993,1,1,1,1.0,1.0,0.9705874114582389
0a8610c6-593513f9.jpg,low_light,1,9.209831671595957,10,10,10,1.0,1.0,0.9539155299528023
0a909731-454401d8.jpg,low_light,1,9.59747711333952,1,1,1,1.0,1.0,0.9562385416821928
0a924ade-6766d702.jpg,low_light,1,9.843979448254059,2,2,2,1.0,1.0,0.9387430416008502
0a94788f-460bd0d2.jpg,low_light,1,8.798352102703785,7,7,6,0.8571428571428571,1.0,0.9520422969065786
0aa0297e-378da79c.jpg,low_light,1,9.392342972570624,0,0,0,,,
0aa47a41-ad75f648.jpg,low_light,1,9.65266705409235,3,3,3,1.0,1.0,0.9695384166619349
0aa4bc86-1e9b17cc.jpg,low_light,1,9.448783085399453,7,7,7,1.0,1.0,0.9305527286387909
0aa751fe-30470c78.jpg,low_light,1,11.526737665415272,4,4,4,1.0,1.0,0.9879724948430508
0aa9197a-48cbd686.jpg,low_light,1,10.719819732514358,8,8,8,1.0,1.0,0.9452331992981721
0aab648b-ea86909c.jpg,low_light,1,9.374215992904325,4,3,3,0.75,0.75,0.9720849543093376
0ab179b7-73f22df4.jpg,low_light,1,9.270759589191918,12,12,12,1.0,1.0,0.9166888885416844
0ab1b9e8-aefcb8d2.jpg,low_light,1,10.311303483344417,10,8,8,0.8,0.8,0.940179568913222
0ab72d5d-af77406b.jpg,low_light,1,9.848983275174884,17,17,17,1.0,1.0,0.9563554459944911
0aba7df1-d488bc00.jpg,low_light,1,9.55962792952365,9,8,7,0.7777777777777778,0.8888888888888888,0.956920935237601
0abeea78-647aef5c.jpg,low_light,1,11.004036463114144,2,2,2,1.0,1.0,0.9869278448823904
0ac20953-2830f7c0.jpg,low_light,1,9.839722352872577,13,13,12,0.9230769230769231,1.0,0.9384863053600908
0ac3cbf4-73c76d25.jpg,low_light,1,9.193314498143788,4,4,4,1.0,1.0,0.9575576244306585
0ac3cbf4-a764bdbc.jpg,low_light,1,9.333198153011558,2,3,2,1.0,1.5,0.9896139379201538
0acc0c71-fb702dac.jpg,low_light,1,8.523527825528156,13,14,13,1.0,1.0769230769230769,0.9553246826681747
0accdaac-8ac5a6ca.jpg,low_light,1,9.603937690220905,5,5,5,1.0,1.0,0.9368869089339877
0accdaac-c56ee5d7.jpg,low_light,1,10.3168999144453,3,3,3,1.0,1.0,0.9681602494616189
0ace96c3-48481887.jpg,low_light,1,7.549766824149633,10,11,10,1.0,1.1,0.9757738664323554
0ad023de-a7164b14.jpg,low_light,1,9.136169420993571,2,2,1,0.5,1.0,0.9881915814119204
0ad051b9-9a513e8a.jpg,low_light,1,9.736415075305473,6,6,5,0.8333333333333334,1.0,0.9867165886723708
0ad5691b-3bf88466.jpg,low_light,1,9.99469234976745,4,4,4,1.0,1.0,0.9655456555806632
0ade56f2-a8ac9645.jpg,low_light,1,9.100199874146227,6,6,6,1.0,1.0,0.9760963474807465
0ae24ffb-691516ec.jpg,low_light,1,11.115683238182752,3,2,2,0.6666666666666666,0.6666666666666666,0.9796070499917471
0ae2993b-3a6bea4d.jpg,low_light,1,10.225619367363464,7,5,5,0.7142857142857143,0.7142857142857143,0.9604850954968395
0ae50799-6c1ef2e2.jpg,low_light,1,9.227940991757782,10,10,10,1.0,1.0,0.9537103732708732
0aeb534c-57a685bd.jpg,low_light,1,9.838218937158183,6,7,6,1.0,1.1666666666666667,0.9385302290534039
0af06324-3f5aac20.jpg,low_light,1,9.765465745496144,2,1,1,0.5,0.5,0.8311989220908416
0af801e9-aa8d36ab.jpg,low_light,1,8.92317173058556,9,9,9,1.0,1.0,0.9774688386677973
0afb7706-1fdde46a.jpg,low_light,1,9.772572131636819,6,5,5,0.8333333333333334,0.8333333333333334,0.9734170597549603
0b090671-2518c4cc.jpg,low_light,1,8.900356111010383,6,5,5,0.8333333333333334,0.8333333333333334,0.9529851286727453
0b099136-bc2d1314.jpg,low_light,1,10.319327312479372,3,3,3,1.0,1.0,0.9448889462439598
0b16507a-49b0aca9.jpg,low_light,1,9.739073421348271,1,1,1,1.0,1.0,0.972972972972973
0b18fb5a-b0cf4646.jpg,low_light,1,9.54231766867826,6,6,6,1.0,1.0,0.9870963842986432
0b1afd00-1f158b3e.jpg,low_light,1,10.696710325216486,12,11,11,0.9166666666666666,0.9166666666666666,0.9768172081009847
0b1b468d-607d678f.jpg,low_light,1,10.488808879063857,17,16,16,0.9411764705882353,0.9411764705882353,0.9296092062162177
0b27a68a-5b093bbf.jpg,low_light,1,9.66830795318479,15,16,14,0.9333333333333333,1.0666666666666667,0.8937321686497999
0b2867ef-a6ca437b.jpg,low_light,1,6.275678816812226,5,4,3,0.6,0.8,0.8995851195218284
0b2f5d0d-8fddc1fc.jpg,low_light,1,9.597994874802216,5,4,4,0.8,0.8,0.9171889258166109
0b396e6f-06f3ce96.jpg,low_light,1,8.729038762605906,4,4,4,1.0,1.0,0.9798585565969902
0b3cbe42-5076f088.jpg,low_light,1,8.323673974125454,4,4,3,0.75,1.0,0.9911408355141998
0b3cc618-5302eb7f.jpg,low_light,1,10.916134726188112,4,3,3,0.75,0.75,0.9355304078731862
0b3de27a-7293917c.jpg,low_light,1,10.435954236785378,10,11,10,1.0,1.1,0.9322591382878276
0b498ab4-61a84c90.jpg,low_light,1,8.225994614821943,8,8,7,0.875,1.0,0.9498411651879023
0b4c8138-adfd774c.jpg,low_light,1,8.50533105957124,3,3,3,1.0,1.0,0.9571898907103824
0b4c8138-adfdfb43.jpg,low_light,1,8.718869571984133,12,12,12,1.0,1.0,0.9788363813600497
0b5c145d-8dc9d5b3.jpg,low_light,1,8.582272961706645,12,12,12,1.0,1.0,0.9726598586232676
0b5c1805-1972d84b.jpg,low_light,1,10.239919722957975,0,0,0,,,
0b63c42f-9a2411df.jpg,low_light,1,9.406850031868252,8,8,8,1.0,1.0,0.9542004134366748
0b669851-014f34dc.jpg,low_light,1,10.71965140022658,10,10,10,1.0,1.0,0.9358931868700442
0b68ff89-458c5c21.jpg,low_light,1,10.596379201146569,3,3,3,1.0,1.0,0.9850079324365405
0b6a1bf6-efa486cd.jpg,low_light,1,7.343746827943166,0,0,0,,,
0b73aac9-f53811e8.jpg,low_light,1,9.490296446295979,4,4,4,1.0,1.0,0.9873046272404115
0b744ae5-7a01e42d.jpg,low_light,1,9.153763357701028,8,7,7,0.875,0.875,0.9472045399663527
0b752494-00000000.jpg,low_light,1,10.123599114769872,8,8,8,1.0,1.0,0.978046966447556
0b75c7f8-b96e3aa5.jpg,low_light,1,9.612328473378785,9,8,8,0.8888888888888888,0.8888888888888888,0.9365119094049795
0b79446c-48c74eea.jpg,low_light,1,8.606720217180474,7,6,6,0.8571428571428571,0.8571428571428571,0.980086797770292
0b796e55-0d102bd0.jpg,low_light,1,9.103965268861156,5,5,5,1.0,1.0,0.9643002723509353
0b7dfe99-f6bd1423.jpg,low_light,1,9.912704345077186,6,6,6,1.0,1.0,0.8998501949835568
0b823757-7065147b.jpg,low_light,1,10.075537595749225,8,8,8,1.0,1.0,0.9541248033663685
0b9c3eb8-252e5876.jpg,low_light,1,10.425231007323308,10,9,9,0.9,0.9,0.9625161054277925
0b9c4f05-d59be38c.jpg,low_light,1,8.893761144262628,4,4,4,1.0,1.0,0.9675478338735659
0b9fa855-936aae7a.jpg,low_light,1,9.831076956834545,8,8,8,1.0,1.0,0.9443110932269266
0baeff05-ae703523.jpg,low_light,1,10.684380965330284,4,4,4,1.0,1.0,0.9801030215852655
0bb001f6-80239764.jpg,low_light,1,6.4858012474894124,6,7,6,1.0,1.1666666666666667,0.9154863464048092
0bb3f3d3-12b85638.jpg,low_light,1,10.684056282255574,4,4,4,1.0,1.0,0.9708135732316291
0bc0b27e-a94dd126.jpg,low_light,1,8.582647784190309,4,4,4,1.0,1.0,0.9793791826699242
0bc0b27e-b932a660.jpg,low_light,1,9.898582254436047,7,8,7,1.0,1.1428571428571428,0.9842668905431207
0bc15ee2-9a9e181b.jpg,low_light,1,9.182869040310903,5,5,5,1.0,1.0,0.9285282307120148
0bc1e57d-0331a843.jpg,low_light,1,9.739722066073309,2,1,1,0.5,0.5,1.0
0bc2253f-aa0f38d8.jpg,low_light,1,11.03737089237248,9,8,8,0.8888888888888888,0.8888888888888888,0.9640225075047483
0bc866ed-1abb89e8.jpg,low_light,1,10.341236626514949,7,7,7,1.0,1.0,0.9440897227870929
0bcbc8fe-5a52a282.jpg,low_light,1,11.107834579471092,4,4,4,1.0,1.0,0.9499426576015964
0bcc752f-fd302777.jpg,low_light,1,9.30701210718483,4,4,4,1.0,1.0,0.9476975437711197
0bce68c1-629ddf0d.jpg,low_light,1,8.854584637423269,5,4,4,0.8,0.8,0.9866964977417716
0bcfa351-0509fab2.jpg,low_light,1,12.14866133696249,18,15,15,0.8333333333333334,0.8333333333333334,0.9702854890955577
0bd530d6-76c944fe.jpg,low_light,1,9.807630966373472,4,4,4,1.0,1.0,0.9600021772700036
0bdc8f31-81eab212.jpg,low_light,1,9.574941172556038,7,7,7,1.0,1.0,0.9599276080247074
0be031c3-81b6e5b7.jpg,low_light,1,9.579336739370465,12,12,12,1.0,1.0,0.9499004911206134
0be36567-bee11e9c.jpg,low_light,1,9.10375654483324,2,2,2,1.0,1.0,0.9187237910943704
0bef9055-6069aeb8.jpg,low_light,1,8.835774714678884,5,5,5,1.0,1.0,0.9612512937930047
0bf18a00-e8c3335e.jpg,low_light,1,9.587594722659713,1,1,1,1.0,1.0,0.9403254972875226
0bf28365-020515e2.jpg,low_light,1,9.545493380646958,5,6,5,1.0,1.2,0.9198142510545051
0bf7162a-00000000.jpg,low_light,1,9.609914549523559,10,10,9,0.9,1.0,0.9391752883113144
0bf8851e-e3f546bb.jpg,low_light,1,8.970626838578053,10,9,9,0.9,0.9,0.9563367216165746
0bf8851e-e3f5b31d.jpg,low_light,1,8.578111229118173,10,10,10,1.0,1.0,0.9650554879125156
0c04d29a-6bf85baf.jpg,low_light,1,8.447160706126194,8,8,8,1.0,1.0,0.9246264502141881
0c07e51c-fb369fc9.jpg,low_light,1,9.729344955695186,7,7,6,0.8571428571428571,1.0,0.9821317705354365
0c0bba65-b7286c22.jpg,low_light,1,8.49630364759312,5,5,5,1.0,1.0,0.9671485139082225
0c113798-00000000.jpg,low_light,1,10.199499595033192,10,9,9,0.9,0.9,0.9341457614515858
0c140522-190b25a3.jpg,low_light,1,10.40842317721488,2,2,2,1.0,1.0,0.9738095238095238
0c140522-227e6f11.jpg,low_light,1,10.786648297116487,6,6,5,0.8333333333333334,1.0,0.9603896535549475
0c154337-09dd2a21.jpg,low_light,1,8.846782833380678,4,4,4,1.0,1.0,0.9713615020642425
0c155cdd-00000000.jpg,low_light,1,9.271195024208714,1,1,1,1.0,1.0,0.9888888888888889
0c1bdf73-7a852c2a.jpg,low_light,1,10.346921532364862,6,6,5,0.8333333333333334,1.0,0.9627973856209151
0c1eebb0-dbb11761.jpg,low_light,1,9.15848322305637,12,11,11,0.9166666666666666,0.9166666666666666,0.9659816679556227
0c28dcae-7f85dd38.jpg,low_light,1,9.712183285949207,8,8,8,1.0,1.0,0.9117318179149696
0c28dcae-c3c143f2.jpg,low_light,1,9.431931579638206,8,8,8,1.0,1.0,0.9642452183189747
0c2cb3d5-0bdfd48d.jpg,low_light,1,8.110606963251819,4,4,4,1.0,1.0,0.9835956540719575
0c34273d-87a7edaa.jpg,low_light,1,9.594963094257396,1,1,0,0.0,1.0,
0c37f221-e2897443.jpg,low_light,1,8.792655192353385,5,4,4,0.8,0.8,0.9424866843621007
0c37fe53-5f181247.jpg,low_light,1,9.368774038121758,6,7,5,0.8333333333333334,1.1666666666666667,0.9479806003809124
0c46ce67-5ca710eb.jpg,low_light,1,10.856065964868298,5,5,4,0.8,1.0,0.9769508761160783
0c506e60-ff9e0000.jpg,low_light,1,8.026466341267556,7,7,6,0.8571428571428571,1.0,0.9422822405128116
0c506e60-ff9e0001.jpg,low_light,1,7.949211541624798,7,6,5,0.7142857142857143,0.8571428571428571,0.8285451369794332
0c5636b3-00000000.jpg,low_light,1,9.719666820698029,7,7,7,1.0,1.0,0.9739184909507548
0c6c9c66-5e867ddf.jpg,low_light,1,10.6573406058277,15,14,14,0.9333333333333333,0.9333333333333333,0.9135230700648067
0c7914cf-00000000.jpg,low_light,1,9.90438775267381,7,7,7,1.0,1.0,0.9551872436169424
0c7aa2a6-9c0f3111.jpg,low_light,1,10.085988114785053,12,13,12,1.0,1.0833333333333333,0.9539686170399923
0c7c6dd2-568b770f.jpg,low_light,1,9.130425201302273,6,6,6,1.0,1.0,0.969434876388756
0c7d02a2-73802207.jpg,low_light,1,10.627809639890422,6,6,6,1.0,1.0,0.9858305803579038
0c8a2c79-0194bc27.jpg,low_light,1,9.461709710783392,3,4,3,1.0,1.3333333333333333,0.9693525404904796
0c8a7a98-e267fd54.jpg,low_light,1,11.89398413987708,9,7,7,0.7777777777777778,0.7777777777777778,0.9058527944176331
0c8af716-4ea8aa81.jpg,low_light,1,8.974202853570722,0,0,0,,,
0c8b32af-2d9a6111.jpg,low_light,1,9.1672006874614,7,6,6,0.8571428571428571,0.8571428571428571,0.9315235816096176
0c8c70f2-160e0000.jpg,low_light,1,9.725480470785941,6,5,5,0.8333333333333334,0.8333333333333334,0.964299590017918
0c8c70f2-160e0001.jpg,low_light,1,9.90185969711576,6,5,5,0.8333333333333334,0.8333333333333334,0.9725922957553816
0c8c70f2-45110000.jpg,low_light,1,9.701559799309242,4,4,4,1.0,1.0,0.9516522819772864
0c8c70f2-45110001.jpg,low_light,1,9.700442798451892,5,4,4,0.8,0.8,0.9632902103022088
0c8c70f2-91d10000.jpg,low_light,1,9.718288037033032,5,5,5,1.0,1.0,0.9563981808284586
0c8c70f2-ae0e0000.jpg,low_light,1,9.574577742078402,4,4,4,1.0,1.0,0.9793286958901033
0c8c70f2-ae0e0001.jpg,low_light,1,9.568472763239761,5,5,5,1.0,1.0,0.9782444361659121
0c90a09f-9a869a38.jpg,low_light,1,9.49700087111929,6,5,5,0.8333333333333334,0.8333333333333334,0.9649290263151444
0ca68027-29e38754.jpg,low_light,1,9.696756793636979,5,5,5,1.0,1.0,0.9608552248056199
0cafe7ab-e22edf50.jpg,low_light,1,9.017517818470996,8,8,7,0.875,1.0,0.9524068383079841
0cb740c9-8bdcf951.jpg,low_light,1,9.423687124384564,14,12,12,0.8571428571428571,0.8571428571428571,0.953203626379123
0cca6223-bbe8997f.jpg,low_light,1,8.548488479766117,5,5,5,1.0,1.0,0.9834555229716522
0ccee6d5-1b69c148.jpg,low_light,1,8.856169528995652,6,5,5,0.8333333333333334,0.8333333333333334,0.9735674646010605
0cd3378c-e94d1795.jpg,low_light,1,9.961311102436085,14,14,14,1.0,1.0,0.9253772545478955
0cdaa475-135c7ac8.jpg,low_light,1,9.255750654473477,5,4,4,0.8,0.8,0.9850235914665115
0cdde16a-e2d9677e.jpg,low_light,1,9.499242294217678,8,8,8,1.0,1.0,0.9564581981296154
0ce3ea39-a5de431d.jpg,low_light,1,9.840920397071134,6,8,6,1.0,1.3333333333333333,0.953169009263994
0ce5101a-319adcd7.jpg,low_light,1,8.611295261073149,7,5,5,0.7142857142857143,0.7142857142857143,0.9389577060314442
0ce9abb1-857ab875.jpg,low_light,1,9.412908699417885,9,10,9,1.0,1.1111111111111112,0.9714452422780187
0ceb02a1-9d25dd06.jpg,low_light,1,10.318318974411786,4,3,3,0.75,0.75,0.8706183719969692
0cf398b3-ce65ab64.jpg,low_light,1,6.303218440978105,3,2,2,0.6666666666666666,0.6666666666666666,0.7627215060610065
0cfec584-8ab90c1e.jpg,low_light,1,9.400184546912065,6,5,5,0.8333333333333334,0.8333333333333334,0.9682767669928655
0cff84c0-cedd14a5.jpg,low_light,1,10.441434120418403,11,11,11,1.0,1.0,0.9576548317912839
0d01bff2-38b969d3.jpg,low_light,1,9.659485229303007,12,12,12,1.0,1.0,0.9365057484190435
0d03369b-e2199f82.jpg,low_light,1,9.28528653147388,6,6,6,1.0,1.0,0.96008331617759
0d13ae3d-e9464a42.jpg,low_light,1,10.19985281828529,13,11,11,0.8461538461538461,0.8461538461538461,0.9118436772692653
0d13ae3d-f033a349.jpg,low_light,1,9.771461564155961,5,4,4,0.8,0.8,0.9357388004513059
0d1541c9-f4845f6f.jpg,low_light,1,9.788975738991926,5,5,5,1.0,1.0,0.9318611071232207
0d1dd928-2d09a570.jpg,low_light,1,9.119312513451863,5,5,5,1.0,1.0,0.9526821860038849
0d1fc580-44142e94.jpg,low_light,1,9.511537862642733,2,2,2,1.0,1.0,0.9949211269465776
0d1fc580-61bbac5d.jpg,low_light,1,8.911313045133246,8,8,8,1.0,1.0,0.9424656431204824
0d207cff-4d92f256.jpg,low_light,1,9.260416827752652,8,8,8,1.0,1.0,0.9202927318289269
0d207cff-6d499379.jpg,low_light,1,9.244809727243329,5,2,2,0.4,0.4,0.8376109072976616
0d242d07-6298ac79.jpg,low_light,1,8.535385348050678,14,10,10,0.7142857142857143,0.7142857142857143,0.90557838221635
0d27973e-cc242ae0.jpg,low_light,1,10.222173098674261,4,4,4,1.0,1.0,0.9782023381589438
0d282223-501af903.jpg,low_light,1,6.891078224966244,0,0,0,,,
0d29f0cb-b57f61b8.jpg,low_light,1,11.596730271049914,7,7,7,1.0,1.0,0.9446332386696353
0d3ec56a-f4cead6f.jpg,low_light,1,9.721147418599772,1,0,0,0.0,0.0,
0d3f5fba-01b6e9e2.jpg,low_light,1,11.201769728921525,12,12,12,1.0,1.0,0.9393815138719134
0d4268d5-3c617dd8.jpg,low_light,1,10.191972202540885,3,3,3,1.0,1.0,0.9702110389610389
0d4268d5-61297777.jpg,low_light,1,8.574186823181341,0,0,0,,,
0d4570ff-76fd2615.jpg,low_light,1,8.863862281437534,8,8,8,1.0,1.0,0.9674736094677546
0d538703-ccd64878.jpg,low_light,1,8.354314226718012,11,13,11,1.0,1.1818181818181819,0.9201904876422687
0d53c976-0532e5df.jpg,low_light,1,9.37483907697952,7,7,7,1.0,1.0,0.9629770958874551
0d53c976-44810d29.jpg,low_light,1,8.554645967347923,2,2,2,1.0,1.0,0.9750345144960884
0d53c976-ad5a9570.jpg,low_light,1,10.489620838597006,5,6,5,1.0,1.2,0.9480908325510236
0d56a2c2-c244cb4c.jpg,low_light,1,9.815701343722827,6,6,6,1.0,1.0,0.9688910083388466
0d574753-7aa1ad57.jpg,low_light,1,9.980752931459113,4,4,4,1.0,1.0,0.9533100830094259
0d588ff8-22e9ece9.jpg,low_light,1,10.141945255234416,8,8,8,1.0,1.0,0.9781057895047236
0d58d15a-6496522e.jpg,low_light,1,8.393099521631584,5,7,5,1.0,1.4,0.9811768539357562
0d5b19b3-df617a03.jpg,low_light,1,9.209484855140564,5,4,4,0.8,0.8,0.9552347933847446
0d5b19b3-fe488e51.jpg,low_light,1,10.370663579573078,2,2,2,1.0,1.0,0.9759725400457666
0d60205d-0e9f928a.jpg,low_light,1,9.596155815163392,10,10,10,1.0,1.0,0.9310250180641961
0d606092-4866137c.jpg,low_light,1,8.988354854063301,6,6,6,1.0,1.0,0.9607781267657488
0d606092-486670ee.jpg,low_light,1,8.849128921881768,12,14,11,0.9166666666666666,1.1666666666666667,0.9297551610242156
0d62200b-85aeaa3d.jpg,low_light,1,10.02012104483656,8,7,7,0.875,0.875,0.9082214065798409
0d6822ce-741be0b9.jpg,low_light,1,11.292975856429035,15,15,15,1.0,1.0,0.9371875266872063
0d6ee1b1-00000000.jpg,low_light,1,9.909869970488042,6,6,6,1.0,1.0,0.950803062320619
0d7731fe-e24a0b6c.jpg,low_light,1,9.690605782042741,1,1,1,1.0,1.0,0.9822899346506322
0d792952-00000000.jpg,low_light,1,9.79753226744897,6,6,6,1.0,1.0,0.9850493647337849
0d7b89dd-a640a130.jpg,low_light,1,7.367980098223463,5,5,5,1.0,1.0,0.9624518046444137
0d7eace8-11f0784d.jpg,low_light,1,10.696012281420677,6,7,6,1.0,1.1666666666666667,0.9823546594639474
0d840e3e-1e1d6d69.jpg,low_light,1,11.614577601397416,1,1,1,1.0,1.0,1.0
0d851a77-00000000.jpg,low_light,1,9.89341130283405,6,6,6,1.0,1.0,0.9525852118460388
0d86c345-e1ec3588.jpg,low_light,1,9.530157366043492,14,14,14,1.0,1.0,0.9740690036236478
0d8c886e-00000000.jpg,low_light,1,8.656224350947841,6,5,4,0.6666666666666666,0.8333333333333334,0.8908978326233249
0d933eed-b74c36f8.jpg,low_light,1,6.729300320636926,8,3,3,0.375,0.375,0.9449134602861026
0d93653a-52e61ac9.jpg,low_light,1,10.824532900488574,6,5,5,0.8333333333333334,0.8333333333333334,0.9918530008585031
0da41df0-26725c58.jpg,low_light,1,9.739095836308088,16,15,15,0.9375,0.9375,0.9489272755060122
0da7dd83-3aa63f46.jpg,low_light,1,8.743976589634528,3,3,3,1.0,1.0,0.9799767828168644
0dab617d-041fe342.jpg,low_light,1,10.516979382344445,7,8,7,1.0,1.1428571428571428,0.971383446254191
0daf9d2f-e0e6bc87.jpg,low_light,1,10.84895364858124,6,6,6,1.0,1.0,0.9636753782829862
0db65573-d735f9c8.jpg,low_light,1,10.252668681586755,3,2,2,0.6666666666666666,0.6666666666666666,0.9690580875201842
0db8d440-cdcfee2e.jpg,low_light,1,11.70285348806943,7,7,7,1.0,1.0,0.9805528825213393
0dc3d787-4982a6e6.jpg,low_light,1,9.084757010421153,11,8,8,0.7272727272727273,0.7272727272727273,0.9241831375960958
0dc5eff4-9ebc6928.jpg,low_light,1,9.892244362348166,5,4,4,0.8,0.8,0.8793493465445422
0dc639eb-fa07b4f8.jpg,low_light,1,9.317739843205272,4,4,4,1.0,1.0,0.9522032592013122
0dc6575e-6450c964.jpg,low_light,1,10.358209920979052,6,6,6,1.0,1.0,0.9600368593910927
0dca1cba-00000000.jpg,low_light,1,9.066167933839589,5,5,5,1.0,1.0,0.9565164241000534
0dca3d7c-931b1cb4.jpg,low_light,1,9.698537870988115,9,9,8,0.8888888888888888,1.0,0.9711113237832212
0ddfea57-b0fe2cab.jpg,low_light,1,9.480649993571134,9,9,9,1.0,1.0,0.9605336668768337
0ddfea57-b0fe6132.jpg,low_light,1,9.362673365371943,9,9,9,1.0,1.0,0.944398884445127
0de6314f-75a8269d.jpg,low_light,1,10.640650528714666,4,4,4,1.0,1.0,0.9771315640880858
0dee3467-8bd40000.jpg,low_light,1,8.921798801614523,6,5,5,0.8333333333333334,0.8333333333333334,0.9467986605727363
0dee3467-8bd40001.jpg,low_light,1,9.063921491909243,2,1,1,0.5,0.5,0.984469310286728
0df15660-25ff1e6c.jpg,low_light,1,10.220116299925891,0,0,0,,,
0dfa5925-30d5c44a.jpg,low_light,1,7.053606728513656,0,0,0,,,
0dfdc506-c9265cf2.jpg,low_light,1,9.033795608106947,7,8,7,1.0,1.1428571428571428,0.9502145193435843
0dffa115-18743b1b.jpg,low_light,1,10.45952383615625,2,3,2,1.0,1.5,0.966870789481854
0e0158e0-41f51afb.jpg,low_light,1,8.635337113554225,2,2,2,1.0,1.0,0.9838042873506792
0e0158e0-f5dae483.jpg,low_light,1,8.920260093980916,7,7,7,1.0,1.0,0.96718140033021
0e033c03-3042664b.jpg,low_light,1,10.235126689574503,11,10,10,0.9090909090909091,0.9090909090909091,0.9460167010141249
0e05e1d7-51f62fca.jpg,low_light,1,9.253185989454447,5,6,5,1.0,1.2,0.9746463221607223
0e07d567-339cb843.jpg,low_light,1,8.905217927977553,4,3,3,0.75,0.75,0.9391545110987675
0e0c9ba3-294b474c.jpg,low_light,1,9.305459434686068,2,2,2,1.0,1.0,0.988466098334655
0e0fd502-99e356ef.jpg,low_light,1,9.627753514056023,3,3,3,1.0,1.0,0.9763382706424998
0e0ff624-53c9b3a8.jpg,low_light,1,9.952289441727407,8,7,7,0.875,0.875,0.9324307536062278
0e1c42db-f6a14072.jpg,low_light,1,9.48251149773778,8,7,7,0.875,0.875,0.931277771373261
0e1c42db-f6a1715f.jpg,low_light,1,9.539708378059519,4,3,3,0.75,0.75,0.9598018906064615
0e1fad11-71fdc8f4.jpg,low_light,1,9.978671427710568,0,0,0,,,
0e21b3fa-648e5a8a.jpg,low_light,1,9.259934439000855,5,5,5,1.0,1.0,0.9722975722330707
0e233b52-81b75cdf.jpg,low_light,1,11.390767475113005,6,6,5,0.8333333333333334,1.0,0.8935366476549074
0e280165-84b9023a.jpg,low_light,1,8.705458277780174,7,7,7,1.0,1.0,0.9567865379936872
0e280165-d2cf6778.jpg,low_light,1,9.348736598766807,7,7,7,1.0,1.0,0.8767822738709394
0e2f075d-c71b5ccf.jpg,low_light,1,8.794898347642768,8,8,7,0.875,1.0,0.9500730360608332
0e31726a-00000000.jpg,low_light,1,9.617848047698994,4,4,4,1.0,1.0,0.9510096381477736
0e33c3bd-01573a4f.jpg,low_light,1,9.200746732050899,1,1,1,1.0,1.0,0.9698759763060599
0e36465c-8b9c425a.jpg,low_light,1,10.47539199540445,7,5,5,0.7142857142857143,0.7142857142857143,0.9821464825360611
0e4066b2-9b16405b.jpg,low_light,1,9.122706780089748,14,12,12,0.8571428571428571,0.8571428571428571,0.9604239341234316
0e40e862-f22a14f4.jpg,low_light,1,9.98326052537198,6,5,4,0.6666666666666666,0.8333333333333334,0.8912722871694992
0e460dd3-2cf2a7b9.jpg,low_light,1,9.060477758937534,4,4,4,1.0,1.0,0.9701318007042051
0e46d6a2-317f7ded.jpg,low_light,1,9.683888018966131,8,7,7,0.875,0.875,0.9745958026811257
0e46d6a2-d82d7613.jpg,low_light,1,8.53511636390532,3,2,2,0.6666666666666666,0.6666666666666666,0.9834696306699201
0e4ad39c-a888eefa.jpg,low_light,1,9.106254533186656,4,4,4,1.0,1.0,0.9709443956519981
0e5016e5-00000000.jpg,low_light,1,8.832020453878823,11,11,11,1.0,1.0,0.9670816670039709
0e507677-d37ecfe0.jpg,low_light,1,11.08803569191841,3,1,1,0.3333333333333333,0.3333333333333333,0.99
0e526010-34c35870.jpg,low_light,1,9.863855931543256,1,1,1,1.0,1.0,0.9884417344173442
0e5b6c2c-d34a3ec8.jpg,low_light,1,10.105360705370607,16,16,16,1.0,1.0,0.9221097451793923
0e5fc339-929b1def.jpg,low_light,1,6.413019005642093,1,1,1,1.0,1.0,0.916162489196197
0e6538be-925bab70.jpg,low_light,1,8.594378287062952,8,9,8,1.0,1.125,0.980892957356039
0e6ba7c4-6562f924.jpg,low_light,1,10.4890974362578,1,1,1,1.0,1.0,0.9696969696969697
0e6cf5cb-8e4fe4ba.jpg,low_light,1,9.587422728341954,4,4,4,1.0,1.0,0.9491295658921245
0e711991-1e7ba083.jpg,low_light,1,9.382318524138814,7,6,6,0.8571428571428571,0.8571428571428571,0.9428584128790951
0e758b80-e99d0000.jpg,low_light,1,9.628731715412922,9,9,8,0.8888888888888888,1.0,0.9668892220679459
0e758b80-e99d0001.jpg,low_light,1,9.738603081218297,7,7,7,1.0,1.0,0.9765113701846444
0e764680-656be9ac.jpg,low_light,1,5.969461865787149,2,1,1,0.5,0.5,0.975196879369986
0e76aa4d-8b4b4a9f.jpg,low_light,1,9.376341905315853,1,1,1,1.0,1.0,0.975609756097561
0e82aef9-00000000.jpg,low_light,1,9.59352320021601,4,4,4,1.0,1.0,0.9437854762314615
0e86ba7a-399d9901.jpg,low_light,1,8.390974555207922,6,6,6,1.0,1.0,0.8905373733251759
0e888c35-00000000.jpg,low_light,1,10.994784825584,11,11,11,1.0,1.0,0.9665204794427434
0e888d6a-85910f38.jpg,low_light,1,9.216462976172398,5,5,5,1.0,1.0,0.9515577273117198
0e8c2d15-27cabc30.jpg,low_light,1,8.909283216390858,7,7,7,1.0,1.0,0.9550618410190825
0e8c47b3-00000000.jpg,low_light,1,10.248051687885448,2,1,1,0.5,0.5,0.9836065573770492
0e8e5273-5fd9ed6c.jpg,low_light,1,9.315556049600538,12,12,12,1.0,1.0,0.9711907193514699
0e8fcc27-1ff1764e.jpg,low_light,1,9.399687845495661,5,4,4,0.8,0.8,0.9521356336585526
0e9166d9-0e0cd95b.jpg,low_light,1,8.878497305478168,14,14,14,1.0,1.0,0.9217226374766649
0e946d23-8a9b41b7.jpg,low_light,1,10.004197621823128,10,10,10,1.0,1.0,0.9349911071238595
0e9bf060-4319b186.jpg,low_light,1,10.434126047570834,5,4,4,0.8,0.8,0.9800306367515379
0e9e8f3e-55cd30d7.jpg,low_light,1,8.862161161901392,10,10,10,1.0,1.0,0.9552730312105074
0ea18604-68919f0c.jpg,low_light,1,8.856253674809516,9,9,9,1.0,1.0,0.9499713190969948
0ea18604-eec933af.jpg,low_light,1,9.436000591583118,10,10,10,1.0,1.0,0.9673331176557971
0ea767e0-ae006e7f.jpg,low_light,1,10.457829472946553,10,10,10,1.0,1.0,0.9786940033212602
0ea7f502-16d9fb4e.jpg,low_light,1,9.734934072693346,3,3,3,1.0,1.0,0.9897959183673469
0ebcc3f8-820d55a0.jpg,low_light,1,10.997893168445607,9,9,9,1.0,1.0,0.944922915788974
0ec4e1d8-36ec61fc.jpg,low_light,1,9.777186499905376,11,9,9,0.8181818181818182,0.8181818181818182,0.9708198154064664
0ec9c6cf-00000000.jpg,low_light,1,10.194895973987041,12,11,11,0.9166666666666666,0.9166666666666666,0.9645425140326761
0ed0d326-f3689a47.jpg,low_light,1,8.241149446807283,8,7,7,0.875,0.875,0.9668187413548879
0ed4beee-00000000.jpg,low_light,1,11.271908024627253,6,6,6,1.0,1.0,0.9822521454087099
0ed7ba52-0276f1f9.jpg,low_light,1,9.785643206882511,7,7,7,1.0,1.0,0.9542191315737243
0edc5faa-fd89fc10.jpg,low_light,1,10.327920078094134,11,12,10,0.9090909090909091,1.0909090909090908,0.9635754568523988
0edee2c1-e740d94c.jpg,low_light,1,8.495728331979087,10,10,9,0.9,1.0,0.9676637344534006
0ee642f9-22c03b1a.jpg,low_light,1,8.685226431772891,2,2,2,1.0,1.0,0.908317993124736
0efe0129-c499802e.jpg,low_light,1,9.161875642985857,3,3,3,1.0,1.0,0.9843017708443568
0f00789b-d70124c2.jpg,low_light,1,9.616519099017284,6,6,6,1.0,1.0,0.983294116272264
0f01b85e-4ac91fc2.jpg,low_light,1,9.516529281635773,6,6,6,1.0,1.0,0.8332988581310085
0f026efa-37f39d4a.jpg,low_light,1,8.8246661306732,7,7,7,1.0,1.0,0.9763687533780194
0f04d966-26bc7c82.jpg,low_light,1,9.658832350677079,7,7,7,1.0,1.0,0.9067240196947279
0f06d2de-7b9b4397.jpg,low_light,1,8.659255000627486,11,10,10,0.9090909090909091,0.9090909090909091,0.9739414545365703
0f0f2997-57c7f360.jpg,low_light,1,9.0743174194543,11,9,9,0.8181818181818182,0.8181818181818182,0.9170440191376993
0f11e283-a34ec892.jpg,low_light,1,9.193141607192889,5,5,5,1.0,1.0,0.981935370091964
0f1359f1-203c30d4.jpg,low_light,1,9.765941550519686,6,6,6,1.0,1.0,0.9447299380831539
0f145ef9-2fb016d0.jpg,low_light,1,10.072846843968925,8,7,7,0.875,0.875,0.9376492497849632
0f172b7f-24d20000.jpg,low_light,1,9.136375503721993,7,7,7,1.0,1.0,0.9553187653629724
0f172b7f-24d20001.jpg,low_light,1,10.07601028479824,8,8,8,1.0,1.0,0.9748830371844959
0f172b7f-71040000.jpg,low_light,1,8.845313213546804,1,1,1,1.0,1.0,0.9795918367346939
0f172b7f-71040001.jpg,low_light,1,9.055336216573675,10,13,10,1.0,1.3,0.9302478258842297
0f19617d-b4f92e8f.jpg,low_light,1,11.079722830570546,9,8,8,0.8888888888888888,0.8888888888888888,0.921694030251948
0f1a2d28-63e10000.jpg,low_light,1,9.09661750896572,6,5,5,0.8333333333333334,0.8333333333333334,0.96994006690663
0f1a2d28-bfa30000.jpg,low_light,1,9.043830214357879,9,8,8,0.8888888888888888,0.8888888888888888,0.9613268242508088
0f1a2d28-bfa30001.jpg,low_light,1,9.586762228123884,7,7,7,1.0,1.0,0.9613014680468824
0f1c1335-f2117479.jpg,low_light,1,11.46758568023264,8,7,7,0.875,0.875,0.9734351245576344
0f20fbcb-5af70000.jpg,low_light,1,9.413933802378047,0,0,0,,,
0f20fbcb-5af70001.jpg,low_light,1,10.244958236135215,0,0,0,,,
0f2e6f9c-a281e34b.jpg,low_light,1,8.663173661569113,6,6,5,0.8333333333333334,1.0,0.9140724283425395
0f31361a-7020f98e.jpg,low_light,1,10.9211410304336,4,3,3,0.75,0.75,0.9880653740714841
0f31361a-f207c44b.jpg,low_light,1,9.35781256934232,4,4,4,1.0,1.0,0.9675541293264156
0f3a30a8-00000000.jpg,low_light,1,10.871389073885403,14,13,13,0.9285714285714286,0.9285714285714286,0.9644205687977039
0f3b5959-891de44a.jpg,low_light,1,7.939330497067882,0,0,0,,,
0f40ce99-8124c30e.jpg,low_light,1,9.467766646227853,8,7,7,0.875,0.875,0.9761904254052195
0f442be6-6b658bbe.jpg,low_light,1,8.834992654428929,1,1,1,1.0,1.0,0.9770676691729323
0f4e8f1e-6ba53d52.jpg,low_light,1,11.593942929698468,10,10,10,1.0,1.0,0.9537471648330411
0f55b994-5afbf176.jpg,low_light,1,8.593719593260886,0,0,0,,,
0f599715-11b8833d.jpg,low_light,1,11.313511892219449,1,1,1,1.0,1.0,1.0
0f5f84ef-5d520000.jpg,low_light,1,8.494685367844196,5,5,5,1.0,1.0,0.9851871846384747
0f5f84ef-5d520001.jpg,low_light,1,8.658878399316885,2,3,2,1.0,1.5,0.9901223147291602
0f67195e-35f09df1.jpg,low_light,1,9.248816408455982,6,6,6,1.0,1.0,0.9681018188928441
0f70e154-bed7cd92.jpg,low_light,1,8.791705703019847,8,6,6,0.75,0.75,0.9782358083190267
0f773c7f-00000000.jpg,low_light,1,9.774155970639555,4,5,4,1.0,1.25,0.9585087160612548
0f80ec3e-7bb4e2f3.jpg,low_light,1,8.550630206142149,6,6,6,1.0,1.0,0.9643826869364515
0f89108b-3ab59119.jpg,low_light,1,12.010313218518785,4,4,4,1.0,1.0,0.9713048516354332
0f8cb657-8ad774d0.jpg,low_light,1,11.147812846348373,7,7,7,1.0,1.0,0.9823358226871851
0f8fd55d-a77de0d3.jpg,low_light,1,9.808365127424182,4,4,4,1.0,1.0,0.9699629893597537
0f959aac-24823e01.jpg,low_light,1,9.238603268968124,5,4,4,0.8,0.8,0.9749953486763164
0f9ab080-cdb5b048.jpg,low_light,1,8.92092783545348,1,1,1,1.0,1.0,0.926896551724138
0f9fbe4b-081bb395.jpg,low_light,1,10.895024240289764,3,3,2,0.6666666666666666,1.0,0.9548035432764921
0fa41d9d-0f21770c.jpg,low_light,1,10.137551588655977,6,6,6,1.0,1.0,0.9845373762040429
0fa741ce-76dbb843.jpg,low_light,1,9.181378325424657,4,5,3,0.75,1.25,0.9387376055300584
0fa741ce-9b6dde95.jpg,low_light,1,9.3336466384359,6,6,6,1.0,1.0,0.9593204141055794
0fa91e8c-e1e98e63.jpg,low_light,1,9.190559933392507,4,4,4,1.0,1.0,0.9842142676291543
0fabbd93-2184c8fb.jpg,low_light,1,9.35971395028096,9,10,9,1.0,1.1111111111111112,0.962169636929149
0face0a1-5b28a752.jpg,low_light,1,8.584244278572408,7,6,6,0.8571428571428571,0.8571428571428571,0.8718705804128054
0fae1a88-00ee28ed.jpg,low_light,1,8.60590465729408,8,8,7,0.875,1.0,0.9586037476713217
0fbf178c-8d2aa7d8.jpg,low_light,1,8.874960330028891,6,7,6,1.0,1.1666666666666667,0.9398606739262826
0fc07ccd-14991933.jpg,low_light,1,10.230706669371873,7,7,6,0.8571428571428571,1.0,0.9620549364753318
0fc0b0cc-75d5e23d.jpg,low_light,1,10.332605095309075,5,4,4,0.8,0.8,0.9427697492085719
0fc24bdf-0a2e9836.jpg,low_light,1,9.442064255844015,4,4,4,1.0,1.0,0.9033840746416206
0fd189de-150829cc.jpg,low_light,1,10.848555556387945,5,5,5,1.0,1.0,0.9273395667275096
0fd4b88c-55926d64.jpg,low_light,1,9.294267979234842,2,2,2,1.0,1.0,0.9960629921259843
0fd50fa7-f14c78b9.jpg,low_light,1,9.735928649270436,7,8,7,1.0,1.1428571428571428,0.9737759216025698
0fd5c032-3f1d4196.jpg,low_light,1,11.42578148618124,13,12,12,0.9230769230769231,0.9230769230769231,0.965277195495482
0fe7b9f6-0335655c.jpg,low_light,1,9.149050441613571,3,3,3,1.0,1.0,0.9656725281212261
0fe831f2-d3180400.jpg,low_light,1,5.341096620893168,10,7,7,0.7,0.7,0.8743476683512575
0fe9b1fe-fce3e681.jpg,low_light,1,9.154456036617471,4,4,3,0.75,1.0,0.9825478489081783
0fee1f42-a259393c.jpg,low_light,1,9.449145343986798,5,6,5,1.0,1.2,0.9350756888412816
0ff38b93-5f47e38f.jpg,low_light,1,8.898444426343563,6,6,6,1.0,1.0,0.9676105796136524
0ff690fc-7122d807.jpg,low_light,1,10.095698278540317,6,6,5,0.8333333333333334,1.0,0.9464897862030895
0ff6a13c-52abc606.jpg,low_light,1,9.552342180372225,9,7,7,0.7777777777777778,0.7777777777777778,0.88599159956065
0ff834c6-eeda5d39.jpg,low_light,1,8.208574193838704,9,9,9,1.0,1.0,0.9440319444587365
0ffa214f-6eda13d5.jpg,low_light,1,10.968885682171411,9,9,9,1.0,1.0,0.9753274677659058
0ffb84f8-30d3bfd7.jpg,low_light,1,9.770811506209206,9,9,9,1.0,1.0,0.9645471061162554
0fffedae-3981da6d.jpg,low_light,1,10.02396503490874,5,5,5,1.0,1.0,0.9316340065635824
1a0b97c6-83f64f01.jpg,low_light,1,8.554808970681254,11,11,11,1.0,1.0,0.9705703866969748
1a0e583b-2203c539.jpg,low_light,1,9.780125763522975,1,1,1,1.0,1.0,0.9759352226720648
1a2a7bec-5c26b74d.jpg,low_light,1,8.90827090236575,12,10,10,0.8333333333333334,0.8333333333333334,0.8925240111720774
1a2d0980-9f026712.jpg,low_light,1,9.287935777793642,9,9,9,1.0,1.0,0.9433643774976184
1a2f2112-f566a272.jpg,low_light,1,10.65431713112677,3,3,3,1.0,1.0,0.9462737127371273
1a2f950b-6289c313.jpg,low_light,1,9.761868515209098,4,3,3,0.75,0.75,0.9407728201589335
1a3a8552-293f6a45.jpg,low_light,1,8.611513325946992,9,8,8,0.8888888888888888,0.8888888888888888,0.9657080354330259
1a3b76e0-1eafc790.jpg,low_light,1,9.7439974261794,8,8,7,0.875,1.0,0.9335361978146358
001b428f-059bac33.jpg,low_light,2,0.19757911609853326,8,0,0,0.0,0.0,
001c2a14-c7138401.jpg,low_light,2,0.17864493514596447,3,0,0,0.0,0.0,
01a4933a-252e566a.jpg,low_light,2,0.1660488818983935,1,0,0,0.0,0.0,
01a5b28a-c8fc55cc.jpg,low_light,2,0.1904138475906901,2,0,0,0.0,0.0,
01ab0f6d-a46b4820.jpg,low_light,2,0.17770634119206904,9,0,0,0.0,0.0,
01ab0f6d-b74b83d1.jpg,low_light,2,0.1628747948509786,6,0,0,0.0,0.0,
01abd21f-2a974488.jpg,low_light,2,0.1744461966974588,10,0,0,0.0,0.0,
01b08b19-a9fc3dcd.jpg,low_light,2,0.20143757764016823,12,0,0,0.0,0.0,
01b29c03-4b348d76.jpg,low_light,2,0.1973876250328821,4,0,0,0.0,0.0,
01b34172-f9ea5060.jpg,low_light,2,0.19824411993203583,6,0,0,0.0,0.0,
01c21ca3-faca9871.jpg,low_light,2,0.20223461710957705,6,0,0,0.0,0.0,
01c231b4-1ebf841a.jpg,low_light,2,0.18838587240901922,10,0,0,0.0,0.0,
01c3c73e-42795861.jpg,low_light,2,0.1892866626421141,8,2,2,0.25,0.25,0.747692259526579
01c4035b-bcaeb067.jpg,low_light,2,0.1860202202734309,6,0,0,0.0,0.0,
01c5cd64-6e208afd.jpg,low_light,2,0.16076959789532028,11,0,0,0.0,0.0,
01c6a5ce-7dba6e67.jpg,low_light,2,0.201993128910217,7,0,0,0.0,0.0,
01e38013-dab56c86.jpg,low_light,2,0.18018111051245,1,1,1,1.0,1.0,0.931970802919708
01e9b6bc-1c3597ee.jpg,low_light,2,0.18460454352322148,11,0,0,0.0,0.0,
01fe2056-010af346.jpg,low_light,2,0.17909913620492307,10,0,0,0.0,0.0,
0a0438c7-4b42456f.jpg,low_light,2,0.19228217789714844,2,0,0,0.0,0.0,
0a096659-9faad1ad.jpg,low_light,2,0.18778323103814734,2,0,0,0.0,0.0,
0a172b0e-136b7a63.jpg,low_light,2,0.16143772767920656,12,0,0,0.0,0.0,
0a364fd8-81c63814.jpg,low_light,2,0.187832396728834,13,1,1,0.07692307692307693,0.07692307692307693,0.9608314133045738
0a43984a-db1eb6cb.jpg,low_light,2,0.1895770410286815,5,0,0,0.0,0.0,
0a493f24-352f747e.jpg,low_light,2,0.18305472217141627,3,0,0,0.0,0.0,
0a507f1c-3ee431e7.jpg,low_light,2,0.16885726817161345,5,1,1,0.2,0.2,0.8967059780398536
0a514790-e4c8e3e3.jpg,low_light,2,0.1706552215025945,2,0,0,0.0,0.0,
0a5922a3-a1b0d581.jpg,low_light,2,0.18727808314871866,6,0,0,0.0,0.0,
0a71fa0a-5320a5e5.jpg,low_light,2,0.17111265626076932,3,0,0,0.0,0.0,
0a723d61-9885002e.jpg,low_light,2,0.1998067637025968,0,0,0,,,
0a8368e0-41c6b3b3.jpg,low_light,2,0.18266320236523328,1,0,0,0.0,0.0,
0a8610c6-593513f9.jpg,low_light,2,0.17872596074026273,10,0,0,0.0,0.0,
0a909731-454401d8.jpg,low_light,2,0.18425685668795838,1,0,0,0.0,0.0,
0a924ade-6766d702.jpg,low_light,2,0.1860296568819603,2,0,0,0.0,0.0,
0a94788f-460bd0d2.jpg,low_light,2,0.1689673687632603,7,0,0,0.0,0.0,
0aa0297e-378da79c.jpg,low_light,2,0.18292204953850214,0,0,0,,,
0aa47a41-ad75f648.jpg,low_light,2,0.1873975296378772,3,1,1,0.3333333333333333,0.3333333333333333,0.9152957128783143
0aa4bc86-1e9b17cc.jpg,low_light,2,0.18216948794201993,7,0,0,0.0,0.0,
0aa751fe-30470c78.jpg,low_light,2,0.21106369990640683,4,0,0,0.0,0.0,
0aa9197a-48cbd686.jpg,low_light,2,0.20029730664990794,8,0,0,0.0,0.0,
0aab648b-ea86909c.jpg,low_light,2,0.17858607379853914,4,0,0,0.0,0.0,
0ab179b7-73f22df4.jpg,low_light,2,0.17661142453111098,12,0,0,0.0,0.0,
0ab1b9e8-aefcb8d2.jpg,low_light,2,0.19591129955820366,10,0,0,0.0,0.0,
0ab72d5d-af77406b.jpg,low_light,2,0.18665220429863685,17,0,0,0.0,0.0,
0aba7df1-d488bc00.jpg,low_light,2,0.1830370236871217,9,0,0,0.0,0.0,
0abeea78-647aef5c.jpg,low_light,2,0.2060185581149611,2,0,0,0.0,0.0,
0ac20953-2830f7c0.jpg,low_light,2,0.1900720338554424,13,0,0,0.0,0.0,
0ac3cbf4-73c76d25.jpg,low_light,2,0.17821902576448417,4,0,0,0.0,0.0,
0ac3cbf4-a764bdbc.jpg,low_light,2,0.18226307263270086,2,0,0,0.0,0.0,
0acc0c71-fb702dac.jpg,low_light,2,0.16041623970960175,13,1,1,0.07692307692307693,0.07692307692307693,0.9832134292565947
0accdaac-8ac5a6ca.jpg,low_light,2,0.18344795837506317,5,0,0,0.0,0.0,
0accdaac-c56ee5d7.jpg,low_light,2,0.19550685373062215,3,0,0,0.0,0.0,
0ace96c3-48481887.jpg,low_light,2,0.1413349701984839,10,0,0,0.0,0.0,
0ad023de-a7164b14.jpg,low_light,2,0.1764141716509973,2,0,0,0.0,0.0,
0ad051b9-9a513e8a.jpg,low_light,2,0.18618318057142974,6,0,0,0.0,0.0,
0ad5691b-3bf88466.jpg,low_light,2,0.19137978816994683,4,1,1,0.25,0.25,0.9521950290448529
0ade56f2-a8ac9645.jpg,low_light,2,0.1778525525952559,6,0,0,0.0,0.0,
0ae24ffb-691516ec.jpg,low_light,2,0.20501759597056443,3,1,1,0.3333333333333333,0.3333333333333333,0.9413003421953146
0ae2993b-3a6bea4d.jpg,low_light,2,0.19316418188068518,7,0,0,0.0,0.0,
0ae50799-6c1ef2e2.jpg,low_light,2,0.17759037378773077,10,0,0,0.0,0.0,
0aeb534c-57a685bd.jpg,low_light,2,0.1897149438984325,6,0,0,0.0,0.0,
0af06324-3f5aac20.jpg,low_light,2,0.1886472237103565,2,0,0,0.0,0.0,
0af801e9-aa8d36ab.jpg,low_light,2,0.1702508160575525,9,0,0,0.0,0.0,
0afb7706-1fdde46a.jpg,low_light,2,0.18921914621918337,6,0,0,0.0,0.0,
0b090671-2518c4cc.jpg,low_light,2,0.17434227287349635,6,0,0,0.0,0.0,
0b099136-bc2d1314.jpg,low_light,2,0.192683152719894,3,0,0,0.0,0.0,
0b16507a-49b0aca9.jpg,low_light,2,0.18785701863398424,1,0,0,0.0,0.0,
0b18fb5a-b0cf4646.jpg,low_light,2,0.18346813691532837,6,0,0,0.0,0.0,
0b1afd00-1f158b3e.jpg,low_light,2,0.2031630959415105,12,0,0,0.0,0.0,
0b1b468d-607d678f.jpg,low_light,2,0.1982042014223381,17,0,0,0.0,0.0,
0b27a68a-5b093bbf.jpg,low_light,2,0.18659067161338552,15,0,0,0.0,0.0,
0b2867ef-a6ca437b.jpg,low_light,2,0.12237210135387855,5,0,0,0.0,0.0,
0b2f5d0d-8fddc1fc.jpg,low_light,2,0.1869716313974546,5,0,0,0.0,0.0,
0b396e6f-06f3ce96.jpg,low_light,2,0.16559136270428354,4,0,0,0.0,0.0,
0b3cbe42-5076f088.jpg,low_light,2,0.15744762696727221,4,0,0,0.0,0.0,
0b3cc618-5302eb7f.jpg,low_light,2,0.20198385063435093,4,0,0,0.0,0.0,
0b3de27a-7293917c.jpg,low_light,2,0.19840737943063824,10,0,0,0.0,0.0,
0b498ab4-61a84c90.jpg,low_light,2,0.15566166411639296,8,0,0,0.0,0.0,
0b4c8138-adfd774c.jpg,low_light,2,0.15966778332738366,3,0,0,0.0,0.0,
0b4c8138-adfdfb43.jpg,low_light,2,0.16874696743614276,12,0,0,0.0,0.0,
0b5c145d-8dc9d5b3.jpg,low_light,2,0.16465998245360647,12,1,1,0.08333333333333333,0.08333333333333333,0.5304907712119045
0b5c1805-1972d84b.jpg,low_light,2,0.19315719842470352,0,0,0,,,
0b63c42f-9a2411df.jpg,low_light,2,0.18153384580430057,8,0,0,0.0,0.0,
0b669851-014f34dc.jpg,low_light,2,0.2027927181215719,10,0,0,0.0,0.0,
0b68ff89-458c5c21.jpg,low_light,2,0.1997905268135071,3,0,0,0.0,0.0,
0b6a1bf6-efa486cd.jpg,low_light,2,0.13770977648656593,0,0,0,,,
0b73aac9-f53811e8.jpg,low_light,2,0.18162974589906747,4,1,1,0.25,0.25,0.9048566219128129
0b744ae5-7a01e42d.jpg,low_light,2,0.17844405130250526,8,0,0,0.0,0.0,
0b752494-00000000.jpg,low_light,2,0.19296758597295835,8,1,1,0.125,0.125,0.8425510073142564
0b75c7f8-b96e3aa5.jpg,low_light,2,0.1831148311525146,9,0,0,0.0,0.0,
0b79446c-48c74eea.jpg,low_light,2,0.16320220730983415,7,0,0,0.0,0.0,
0b796e55-0d102bd0.jpg,low_light,2,0.17695277372151413,5,1,1,0.2,0.2,0.9115789070063939
0b7dfe99-f6bd1423.jpg,low_light,2,0.19099757860702446,6,0,0,0.0,0.0,
0b823757-7065147b.jpg,low_light,2,0.1960841943693782,8,0,0,0.0,0.0,
0b9c3eb8-252e5876.jpg,low_light,2,0.19912463830739455,10,0,0,0.0,0.0,
0b9c4f05-d59be38c.jpg,low_light,2,0.17278652545410955,4,0,0,0.0,0.0,
0b9fa855-936aae7a.jpg,low_light,2,0.18656239177898626,8,0,0,0.0,0.0,
0baeff05-ae703523.jpg,low_light,2,0.20184384404248118,4,0,0,0.0,0.0,
0bb001f6-80239764.jpg,low_light,2,0.12157194072736552,6,0,0,0.0,0.0,
0bb3f3d3-12b85638.jpg,low_light,2,0.19922068121464725,4,0,0,0.0,0.0,
0bc0b27e-a94dd126.jpg,low_light,2,0.16242574660391101,4,1,1,0.25,0.25,0.8305717778079588
0bc0b27e-b932a660.jpg,low_light,2,0.18878112665108004,7,2,2,0.2857142857142857,0.2857142857142857,0.9489742686794764
0bc15ee2-9a9e181b.jpg,low_light,2,0.18053001101457436,5,0,0,0.0,0.0,
0bc1e57d-0331a843.jpg,low_light,2,0.18467057028163247,2,0,0,0.0,0.0,
0bc2253f-aa0f38d8.jpg,low_light,2,0.20605264412908375,9,0,0,0.0,0.0,
0bc866ed-1abb89e8.jpg,low_light,2,0.19444988456848597,7,0,0,0.0,0.0,
0bcbc8fe-5a52a282.jpg,low_light,2,0.20772521338982106,4,0,0,0.0,0.0,
0bcc752f-fd302777.jpg,low_light,2,0.1781968099728522,4,0,0,0.0,0.0,
0bce68c1-629ddf0d.jpg,low_light,2,0.1705119797414255,5,1,1,0.2,0.2,0.9026733356329769
0bcfa351-0509fab2.jpg,low_light,2,0.21851460656074168,18,0,0,0.0,0.0,
0bd530d6-76c944fe.jpg,low_light,2,0.18936453937737657,4,0,0,0.0,0.0,
0bdc8f31-81eab212.jpg,low_light,2,0.18498026338755108,7,0,0,0.0,0.0,
0be031c3-81b6e5b7.jpg,low_light,2,0.18425841875604101,12,0,0,0.0,0.0,
0be36567-bee11e9c.jpg,low_light,2,0.175536480126849,2,0,0,0.0,0.0,
0bef9055-6069aeb8.jpg,low_light,2,0.17296468968230308,5,0,0,0.0,0.0,
0bf18a00-e8c3335e.jpg,low_light,2,0.18381480254666685,1,0,0,0.0,0.0,
0bf28365-020515e2.jpg,low_light,2,0.18395158581347243,5,0,0,0.0,0.0,
0bf7162a-00000000.jpg,low_light,2,0.1882946897986258,10,0,0,0.0,0.0,
0bf8851e-e3f546bb.jpg,low_light,2,0.17310821193369466,10,0,0,0.0,0.0,
0bf8851e-e3f5b31d.jpg,low_light,2,0.161706311529984,10,0,0,0.0,0.0,
0c04d29a-6bf85baf.jpg,low_light,2,0.16299101985152809,8,1,1,0.125,0.125,0.9406514948683623
0c07e51c-fb369fc9.jpg,low_light,2,0.18430004890546123,7,2,2,0.2857142857142857,0.2857142857142857,0.9423909014441926
0c0bba65-b7286c22.jpg,low_light,2,0.1635873537647855,5,0,0,0.0,0.0,
0c113798-00000000.jpg,low_light,2,0.19510774488735166,10,1,1,0.1,0.1,0.6448041398399422
0c140522-190b25a3.jpg,low_light,2,0.19500054558409147,2,0,0,0.0,0.0,
0c140522-227e6f11.jpg,low_light,2,0.20111024300830224,6,3,3,0.5,0.5,0.8380199158923046
0c154337-09dd2a21.jpg,low_light,2,0.16979683842153515,4,0,0,0.0,0.0,
0c155cdd-00000000.jpg,low_light,2,0.18651075090803598,1,0,0,0.0,0.0,
0c1bdf73-7a852c2a.jpg,low_light,2,0.1946937174514576,6,0,0,0.0,0.0,
0c1eebb0-dbb11761.jpg,low_light,2,0.1749126670906996,12,0,0,0.0,0.0,
0c28dcae-7f85dd38.jpg,low_light,2,0.18588588195101838,8,1,1,0.125,0.125,0.9473774084298603
0c28dcae-c3c143f2.jpg,low_light,2,0.1815656521306509,8,0,0,0.0,0.0,
0c2cb3d5-0bdfd48d.jpg,low_light,2,0.15405879080039422,4,0,0,0.0,0.0,
0c34273d-87a7edaa.jpg,low_light,2,0.18568439465189296,1,0,0,0.0,0.0,
0c37f221-e2897443.jpg,low_light,2,0.17098696044538997,5,0,0,0.0,0.0,
0c37fe53-5f181247.jpg,low_light,2,0.18059140384409028,6,0,0,0.0,0.0,
0c46ce67-5ca710eb.jpg,low_light,2,0.20271576906505817,5,0,0,0.0,0.0,
0c506e60-ff9e0000.jpg,low_light,2,0.16390256286429256,7,0,0,0.0,0.0,
0c506e60-ff9e0001.jpg,low_light,2,0.16155861364741464,7,0,0,0.0,0.0,
0c5636b3-00000000.jpg,low_light,2,0.18881480198861209,7,0,0,0.0,0.0,
0c6c9c66-5e867ddf.jpg,low_light,2,0.19950408736406341,15,0,0,0.0,0.0,
0c7914cf-00000000.jpg,low_light,2,0.18751936745362346,7,0,0,0.0,0.0,
0c7aa2a6-9c0f3111.jpg,low_light,2,0.19525018231427424,12,0,0,0.0,0.0,
0c7c6dd2-568b770f.jpg,low_light,2,0.18074409190377821,6,0,0,0.0,0.0,
0c7d02a2-73802207.jpg,low_light,2,0.19785353852022441,6,0,0,0.0,0.0,
0c8a2c79-0194bc27.jpg,low_light,2,0.18051922234429027,3,0,0,0.0,0.0,
0c8a7a98-e267fd54.jpg,low_light,2,0.2146528049716734,9,0,0,0.0,0.0,
0c8af716-4ea8aa81.jpg,low_light,2,0.17003398839253756,0,0,0,,,
0c8b32af-2d9a6111.jpg,low_light,2,0.1750256528644083,7,0,0,0.0,0.0,
0c8c70f2-160e0000.jpg,low_light,2,0.18876098657387516,6,2,2,0.3333333333333333,0.3333333333333333,0.8764442785706317
0c8c70f2-160e0001.jpg,low_light,2,0.19161205317804328,6,0,0,0.0,0.0,
0c8c70f2-45110000.jpg,low_light,2,0.1885658828547916,4,0,0,0.0,0.0,
0c8c70f2-45110001.jpg,low_light,2,0.1885651868497454,5,0,0,0.0,0.0,
0c8c70f2-91d10000.jpg,low_light,2,0.18867394794919484,5,0,0,0.0,0.0,
0c8c70f2-ae0e0000.jpg,low_light,2,0.18666706349690326,4,0,0,0.0,0.0,
0c8c70f2-ae0e0001.jpg,low_light,2,0.18661252348854063,5,0,0,0.0,0.0,
0c90a09f-9a869a38.jpg,low_light,2,0.18372576215710523,6,0,0,0.0,0.0,
0ca68027-29e38754.jpg,low_light,2,0.18487467431481788,5,0,0,0.0,0.0,
0cafe7ab-e22edf50.jpg,low_light,2,0.1721985715214871,8,1,1,0.125,0.125,0.9431841406090333
0cb740c9-8bdcf951.jpg,low_light,2,0.18221162451905346,14,1,1,0.07142857142857142,0.07142857142857142,0.9299084644656999
0cca6223-bbe8997f.jpg,low_light,2,0.16264867612805844,5,0,0,0.0,0.0,
0ccee6d5-1b69c148.jpg,low_light,2,0.16762765950808126,6,1,1,0.16666666666666666,0.16666666666666666,0.9529854910714286
0cd3378c-e94d1795.jpg,low_light,2,0.18911176796626916,14,0,0,0.0,0.0,
0cdaa475-135c7ac8.jpg,low_light,2,0.17936617830287413,5,0,0,0.0,0.0,
0cdde16a-e2d9677e.jpg,low_light,2,0.17886132697091325,8,0,0,0.0,0.0,
0ce3ea39-a5de431d.jpg,low_light,2,0.188232312661301,6,0,0,0.0,0.0,
0ce5101a-319adcd7.jpg,low_light,2,0.16404231302665628,7,0,0,0.0,0.0,
0ce9abb1-857ab875.jpg,low_light,2,0.18025327473034336,9,2,2,0.2222222222222222,0.2222222222222222,0.8267195163929066
0ceb02a1-9d25dd06.jpg,low_light,2,0.19477837481797333,4,0,0,0.0,0.0,
0cf398b3-ce65ab64.jpg,low_light,2,0.12320229200913091,3,0,0,0.0,0.0,
0cfec584-8ab90c1e.jpg,low_light,2,0.18242553157747704,6,0,0,0.0,0.0,
0cff84c0-cedd14a5.jpg,low_light,2,0.1968507062335295,11,0,0,0.0,0.0,
0d01bff2-38b969d3.jpg,low_light,2,0.18638519329961334,12,0,0,0.0,0.0,
0d03369b-e2199f82.jpg,low_light,2,0.18030877044988775,6,0,0,0.0,0.0,
0d13ae3d-e9464a42.jpg,low_light,2,0.19578874762169407,13,0,0,0.0,0.0,
0d13ae3d-f033a349.jpg,low_light,2,0.18807787736066006,5,0,0,0.0,0.0,
0d1541c9-f4845f6f.jpg,low_light,2,0.18646300018151246,5,0,0,0.0,0.0,
0d1dd928-2d09a570.jpg,low_light,2,0.17651696159674102,5,0,0,0.0,0.0,
0d1fc580-44142e94.jpg,low_light,2,0.18529898283150356,2,0,0,0.0,0.0,
0d1fc580-61bbac5d.jpg,low_light,2,0.1707479201570325,8,0,0,0.0,0.0,
0d207cff-4d92f256.jpg,low_light,2,0.17763295991780276,8,1,1,0.125,0.125,0.9036762404603125
0d207cff-6d499379.jpg,low_light,2,0.17650781668237675,5,0,0,0.0,0.0,
0d242d07-6298ac79.jpg,low_light,2,0.16932251030604376,14,0,0,0.0,0.0,
0d27973e-cc242ae0.jpg,low_light,2,0.19383807378508947,4,0,0,0.0,0.0,
0d282223-501af903.jpg,low_light,2,0.12515865404959473,0,0,0,,,
0d29f0cb-b57f61b8.jpg,low_light,2,0.21260725849454573,7,2,2,0.2857142857142857,0.2857142857142857,0.8737864904029616
0d3ec56a-f4cead6f.jpg,low_light,2,0.1862449718983593,1,0,0,0.0,0.0,
0d3f5fba-01b6e9e2.jpg,low_light,2,0.2069669416311065,12,0,0,0.0,0.0,
0d4268d5-3c617dd8.jpg,low_light,2,0.19113300996979887,3,1,1,0.3333333333333333,0.3333333333333333,0.6056670602125147
0d4268d5-61297777.jpg,low_light,2,0.16511859978791013,0,0,0,,,
0d4570ff-76fd2615.jpg,low_light,2,0.17052552350728334,8,2,2,0.25,0.25,0.7175396986656367
0d538703-ccd64878.jpg,low_light,2,0.16312160026651756,11,0,0,0.0,0.0,
0d53c976-0532e5df.jpg,low_light,2,0.17672624699605757,7,0,0,0.0,0.0,
0d53c976-44810d29.jpg,low_light,2,0.16250540378006054,2,0,0,0.0,0.0,
0d53c976-ad5a9570.jpg,low_light,2,0.19961630615264836,5,0,0,0.0,0.0,
0d56a2c2-c244cb4c.jpg,low_light,2,0.1888892978866909,6,0,0,0.0,0.0,
0d574753-7aa1ad57.jpg,low_light,2,0.19175889700009527,4,0,0,0.0,0.0,
0d588ff8-22e9ece9.jpg,low_light,2,0.19478851492956667,8,0,0,0.0,0.0,
0d58d15a-6496522e.jpg,low_light,2,0.16245386230396452,5,1,1,0.2,0.2,0.7345861158564995
0d5b19b3-df617a03.jpg,low_light,2,0.1753611379482968,5,0,0,0.0,0.0,
0d5b19b3-fe488e51.jpg,low_light,2,0.19489846106480285,2,0,0,0.0,0.0,
0d60205d-0e9f928a.jpg,low_light,2,0.18484389121645606,10,1,1,0.1,0.1,0.9532480155515957
0d606092-4866137c.jpg,low_light,2,0.17300218363260636,6,0,0,0.0,0.0,
0d606092-486670ee.jpg,low_light,2,0.1732283267925,12,1,1,0.08333333333333333,0.08333333333333333,0.8377123109727703
0d62200b-85aeaa3d.jpg,low_light,2,0.19128204440434798,8,0,0,0.0,0.0,
0d6822ce-741be0b9.jpg,low_light,2,0.2089661320681707,15,0,0,0.0,0.0,
0d6ee1b1-00000000.jpg,low_light,2,0.19028477844546712,6,0,0,0.0,0.0,
0d7731fe-e24a0b6c.jpg,low_light,2,0.18479649763265885,1,0,0,0.0,0.0,
0d792952-00000000.jpg,low_light,2,0.18551840421778343,6,1,1,0.16666666666666666,0.16666666666666666,0.8568642745709828
0d7b89dd-a640a130.jpg,low_light,2,0.1395173139802537,5,0,0,0.0,0.0,
0d7eace8-11f0784d.jpg,low_light,2,0.2016467665506463,6,0,0,0.0,0.0,
0d840e3e-1e1d6d69.jpg,low_light,2,0.21074245534577793,1,0,0,0.0,0.0,
0d851a77-00000000.jpg,low_light,2,0.1867365980272982,6,1,1,0.16666666666666666,0.16666666666666666,0.9621720561317877
0d86c345-e1ec3588.jpg,low_light,2,0.17992250824463343,14,3,3,0.21428571428571427,0.21428571428571427,0.9296985034866846
0d8c886e-00000000.jpg,low_light,2,0.16919553025047152,6,0,0,0.0,0.0,
0d933eed-b74c36f8.jpg,low_light,2,0.14030627662381145,8,0,0,0.0,0.0,
0d93653a-52e61ac9.jpg,low_light,2,0.20250867081940727,6,1,1,0.16666666666666666,0.16666666666666666,0.9295120061967467
0da41df0-26725c58.jpg,low_light,2,0.18508701519434256,16,1,1,0.0625,0.0625,0.8736059479553904
0da7dd83-3aa63f46.jpg,low_light,2,0.16822371051694895,3,0,0,0.0,0.0,
0dab617d-041fe342.jpg,low_light,2,0.19947679564874932,7,0,0,0.0,0.0,
0daf9d2f-e0e6bc87.jpg,low_light,2,0.20036529652744572,6,0,0,0.0,0.0,
0db65573-d735f9c8.jpg,low_light,2,0.19335012470450022,3,0,0,0.0,0.0,
0db8d440-cdcfee2e.jpg,low_light,2,0.21188348870063048,7,0,0,0.0,0.0,
0dc3d787-4982a6e6.jpg,low_light,2,0.1750286134377107,11,0,0,0.0,0.0,
0dc5eff4-9ebc6928.jpg,low_light,2,0.18613735385990515,5,0,0,0.0,0.0,
0dc639eb-fa07b4f8.jpg,low_light,2,0.1787684247689631,4,0,0,0.0,0.0,
0dc6575e-6450c964.jpg,low_light,2,0.19639945190568703,6,0,0,0.0,0.0,
0dca1cba-00000000.jpg,low_light,2,0.177561909168787,5,0,0,0.0,0.0,
0dca3d7c-931b1cb4.jpg,low_light,2,0.18503479001893255,9,1,1,0.1111111111111111,0.1111111111111111,0.8667279411764706
0ddfea57-b0fe2cab.jpg,low_light,2,0.18118958527012002,9,0,0,0.0,0.0,
0ddfea57-b0fe6132.jpg,low_light,2,0.179473397566063,9,0,0,0.0,0.0,
0de6314f-75a8269d.jpg,low_light,2,0.20090519640112212,4,0,0,0.0,0.0,
0dee3467-8bd40000.jpg,low_light,2,0.16951897608031508,6,0,0,0.0,0.0,
0dee3467-8bd40001.jpg,low_light,2,0.17396509646483804,2,0,0,0.0,0.0,
0df15660-25ff1e6c.jpg,low_light,2,0.19475630286103168,0,0,0,,,
0dfa5925-30d5c44a.jpg,low_light,2,0.12760369489006823,0,0,0,,,
0dfdc506-c9265cf2.jpg,low_light,2,0.177942152236643,7,0,0,0.0,0.0,
0dffa115-18743b1b.jpg,low_light,2,0.19812388192129549,2,0,0,0.0,0.0,
0e0158e0-41f51afb.jpg,low_light,2,0.16669396389773988,2,0,0,0.0,0.0,
0e0158e0-f5dae483.jpg,low_light,2,0.17184879821403334,7,0,0,0.0,0.0,
0e033c03-3042664b.jpg,low_light,2,0.195738537670671,11,0,0,0.0,0.0,
0e05e1d7-51f62fca.jpg,low_light,2,0.17945629170093194,5,0,0,0.0,0.0,
0e07d567-339cb843.jpg,low_light,2,0.17547967176611337,4,0,0,0.0,0.0,
0e0c9ba3-294b474c.jpg,low_light,2,0.17743667489276826,2,0,0,0.0,0.0,
0e0fd502-99e356ef.jpg,low_light,2,0.1858720433527894,3,0,0,0.0,0.0,
0e0ff624-53c9b3a8.jpg,low_light,2,0.19248171217342427,8,0,0,0.0,0.0,
0e1c42db-f6a14072.jpg,low_light,2,0.18149327990000935,8,0,0,0.0,0.0,
0e1c42db-f6a1715f.jpg,low_light,2,0.18506069295831734,4,0,0,0.0,0.0,
0e1fad11-71fdc8f4.jpg,low_light,2,0.19428925558791568,0,0,0,,,
0e21b3fa-648e5a8a.jpg,low_light,2,0.17768706576847776,5,0,0,0.0,0.0,
0e233b52-81b75cdf.jpg,low_light,2,0.21067458618195262,6,0,0,0.0,0.0,
0e280165-84b9023a.jpg,low_light,2,0.16518593812529989,7,1,1,0.14285714285714285,0.14285714285714285,0.8717948717948718
0e280165-d2cf6778.jpg,low_light,2,0.17685020540438318,7,1,1,0.14285714285714285,0.14285714285714285,0.9212495323606434
0e2f075d-c71b5ccf.jpg,low_light,2,0.17093607220333357,8,0,0,0.0,0.0,
0e31726a-00000000.jpg,low_light,2,0.18376626003426946,4,0,0,0.0,0.0,
0e33c3bd-01573a4f.jpg,low_light,2,0.1787636565899075,1,0,0,0.0,0.0,
0e36465c-8b9c425a.jpg,low_light,2,0.19804480250278853,7,0,0,0.0,0.0,
0e4066b2-9b16405b.jpg,low_light,2,0.17275678110177045,14,1,1,0.07142857142857142,0.07142857142857142,0.9610835746184424
0e40e862-f22a14f4.jpg,low_light,2,0.1891748853592961,6,0,0,0.0,0.0,
0e460dd3-2cf2a7b9.jpg,low_light,2,0.17275724970931094,4,0,0,0.0,0.0,
0e46d6a2-317f7ded.jpg,low_light,2,0.18625307473504388,8,0,0,0.0,0.0,
0e46d6a2-d82d7613.jpg,low_light,2,0.16333762054838463,3,0,0,0.0,0.0,
0e4ad39c-a888eefa.jpg,low_light,2,0.17444093287775359,4,0,0,0.0,0.0,
0e5016e5-00000000.jpg,low_light,2,0.17136889075430206,11,0,0,0.0,0.0,
0e507677-d37ecfe0.jpg,low_light,2,0.20354759843076686,3,0,0,0.0,0.0,
0e526010-34c35870.jpg,low_light,2,0.18964838448040408,1,0,0,0.0,0.0,
0e5b6c2c-d34a3ec8.jpg,low_light,2,0.19101079578782068,16,0,0,0.0,0.0,
0e5fc339-929b1def.jpg,low_light,2,0.12236340082389317,1,0,0,0.0,0.0,
0e6538be-925bab70.jpg,low_light,2,0.1627266136680913,8,0,0,0.0,0.0,
0e6ba7c4-6562f924.jpg,low_light,2,0.20227544335166675,1,0,0,0.0,0.0,
0e6cf5cb-8e4fe4ba.jpg,low_light,2,0.1832176213078684,4,0,0,0.0,0.0,
0e711991-1e7ba083.jpg,low_light,2,0.1813135110045978,7,0,0,0.0,0.0,
0e758b80-e99d0000.jpg,low_light,2,0.18213140887050194,9,2,2,0.2222222222222222,0.2222222222222222,0.9471924467573137
0e758b80-e99d0001.jpg,low_light,2,0.18467731684640815,7,1,1,0.14285714285714285,0.14285714285714285,0.921536830287532
0e764680-656be9ac.jpg,low_light,2,0.109670267337862,2,0,0,0.0,0.0,
0e76aa4d-8b4b4a9f.jpg,low_light,2,0.18071752015205061,1,0,0,0.0,0.0,
0e82aef9-00000000.jpg,low_light,2,0.1842692773359963,4,0,0,0.0,0.0,
0e86ba7a-399d9901.jpg,low_light,2,0.15899666964683937,6,0,0,0.0,0.0,
0e888c35-00000000.jpg,low_light,2,0.20439372503594067,11,0,0,0.0,0.0,
0e888d6a-85910f38.jpg,low_light,2,0.17805312846520913,5,0,0,0.0,0.0,
0e8c2d15-27cabc30.jpg,low_light,2,0.1710784971819129,7,0,0,0.0,0.0,
0e8c47b3-00000000.jpg,low_light,2,0.19375748095196377,2,0,0,0.0,0.0,
0e8e5273-5fd9ed6c.jpg,low_light,2,0.17794349392707876,12,0,0,0.0,0.0,
0e8fcc27-1ff1764e.jpg,low_light,2,0.18131646615702318,5,0,0,0.0,0.0,
0e9166d9-0e0cd95b.jpg,low_light,2,0.1737496176817964,14,0,0,0.0,0.0,
0e946d23-8a9b41b7.jpg,low_light,2,0.19191107097501295,10,0,0,0.0,0.0,
0e9bf060-4319b186.jpg,low_light,2,0.19664126559733405,5,0,0,0.0,0.0,
0e9e8f3e-55cd30d7.jpg,low_light,2,0.16604715134572073,10,0,0,0.0,0.0,
0ea18604-68919f0c.jpg,low_light,2,0.1676294061622574,9,2,2,0.2222222222222222,0.2222222222222222,0.6441082950894108
0ea18604-eec933af.jpg,low_light,2,0.18137858488360636,10,0,0,0.0,0.0,
0ea767e0-ae006e7f.jpg,low_light,2,0.19824810187370592,10,0,0,0.0,0.0,
0ea7f502-16d9fb4e.jpg,low_light,2,0.18366846829925812,3,0,0,0.0,0.0,
0ebcc3f8-820d55a0.jpg,low_light,2,0.20379436032105067,9,0,0,0.0,0.0,
0ec4e1d8-36ec61fc.jpg,low_light,2,0.1886090661126694,11,0,0,0.0,0.0,
0ec9c6cf-00000000.jpg,low_light,2,0.19314048684625862,12,0,0,0.0,0.0,
0ed0d326-f3689a47.jpg,low_light,2,0.15705390929001534,8,0,0,0.0,0.0,
0ed4beee-00000000.jpg,low_light,2,0.2064695653774515,6,0,0,0.0,0.0,
0ed7ba52-0276f1f9.jpg,low_light,2,0.18435206369755852,7,1,1,0.14285714285714285,0.14285714285714285,0.8507722680292649
0edc5faa-fd89fc10.jpg,low_light,2,0.1964651130211149,11,0,0,0.0,0.0,
0edee2c1-e740d94c.jpg,low_light,2,0.16119408394355583,10,0,0,0.0,0.0,
0ee642f9-22c03b1a.jpg,low_light,2,0.17510309865237159,2,0,0,0.0,0.0,
0efe0129-c499802e.jpg,low_light,2,0.17529980563126524,3,0,0,0.0,0.0,
0f00789b-d70124c2.jpg,low_light,2,0.1838923562648609,6,0,0,0.0,0.0,
0f01b85e-4ac91fc2.jpg,low_light,2,0.18550987687177972,6,0,0,0.0,0.0,
0f026efa-37f39d4a.jpg,low_light,2,0.16961793480613824,7,0,0,0.0,0.0,
0f04d966-26bc7c82.jpg,low_light,2,0.18529937152200265,7,0,0,0.0,0.0,
0f06d2de-7b9b4397.jpg,low_light,2,0.16417188126133653,11,0,0,0.0,0.0,
0f0f2997-57c7f360.jpg,low_light,2,0.17631295515093287,11,0,0,0.0,0.0,
0f11e283-a34ec892.jpg,low_light,2,0.17634870570575728,5,0,0,0.0,0.0,
0f1359f1-203c30d4.jpg,low_light,2,0.19041242801253036,6,0,0,0.0,0.0,
0f145ef9-2fb016d0.jpg,low_light,2,0.193817948171198,8,0,0,0.0,0.0,
0f172b7f-24d20000.jpg,low_light,2,0.17548700401037134,7,0,0,0.0,0.0,
0f172b7f-24d20001.jpg,low_light,2,0.18877962225930858,8,0,0,0.0,0.0,
0f172b7f-71040000.jpg,low_light,2,0.16666158075853335,1,0,0,0.0,0.0,
0f172b7f-71040001.jpg,low_light,2,0.17320788494155354,10,0,0,0.0,0.0,
0f19617d-b4f92e8f.jpg,low_light,2,0.20738159968490455,9,0,0,0.0,0.0,
0f1a2d28-63e10000.jpg,low_light,2,0.17886489130016794,6,0,0,0.0,0.0,
0f1a2d28-bfa30000.jpg,low_light,2,0.17259520670644626,9,0,0,0.0,0.0,
0f1a2d28-bfa30001.jpg,low_light,2,0.18284408034918093,7,0,0,0.0,0.0,
0f1c1335-f2117479.jpg,low_light,2,0.21022721915920056,8,0,0,0.0,0.0,
0f20fbcb-5af70000.jpg,low_light,2,0.1823616673488138,0,0,0,,,
0f20fbcb-5af70001.jpg,low_light,2,0.19576151931189056,0,0,0,,,
0f2e6f9c-a281e34b.jpg,low_light,2,0.16287993544752907,6,0,0,0.0,0.0,
0f31361a-7020f98e.jpg,low_light,2,0.20191226128645826,4,0,0,0.0,0.0,
0f31361a-f207c44b.jpg,low_light,2,0.18071978950339032,4,0,0,0.0,0.0,
0f3a30a8-00000000.jpg,low_light,2,0.20438765309258222,14,0,0,0.0,0.0,
0f3b5959-891de44a.jpg,low_light,2,0.1546075204689948,0,0,0,,,
0f40ce99-8124c30e.jpg,low_light,2,0.1786828988180924,8,0,0,0.0,0.0,
0f442be6-6b658bbe.jpg,low_light,2,0.16827195835537603,1,0,0,0.0,0.0,
0f4e8f1e-6ba53d52.jpg,low_light,2,0.21073536043562882,10,1,1,0.1,0.1,0.9661448030294467
0f55b994-5afbf176.jpg,low_light,2,0.16951787059014395,0,0,0,,,
0f599715-11b8833d.jpg,low_light,2,0.21002012578831863,1,0,0,0.0,0.0,
0f5f84ef-5d520000.jpg,low_light,2,0.16196261033062498,5,0,0,0.0,0.0,
0f5f84ef-5d520001.jpg,low_light,2,0.16519876059230032,2,1,1,0.5,0.5,0.898084352224302
0f67195e-35f09df1.jpg,low_light,2,0.1767261292666837,6,1,1,0.16666666666666666,0.16666666666666666,0.8765807135287884
0f70e154-bed7cd92.jpg,low_light,2,0.16892902628281833,8,2,2,0.25,0.25,0.7027094902371328
0f773c7f-00000000.jpg,low_light,2,0.18961136073050644,4,0,0,0.0,0.0,
0f80ec3e-7bb4e2f3.jpg,low_light,2,0.1653634248312155,6,0,0,0.0,0.0,
0f89108b-3ab59119.jpg,low_light,2,0.21426764992126246,4,0,0,0.0,0.0,
0f8cb657-8ad774d0.jpg,low_light,2,0.20729775463013478,7,0,0,0.0,0.0,
0f8fd55d-a77de0d3.jpg,low_light,2,0.18710486418272218,4,0,0,0.0,0.0,
0f959aac-24823e01.jpg,low_light,2,0.17657858589183278,5,0,0,0.0,0.0,
0f9ab080-cdb5b048.jpg,low_light,2,0.17243234296179913,1,0,0,0.0,0.0,
0f9fbe4b-081bb395.jpg,low_light,2,0.20159990614770626,3,0,0,0.0,0.0,
0fa41d9d-0f21770c.jpg,low_light,2,0.1908137244385497,6,0,0,0.0,0.0,
0fa741ce-76dbb843.jpg,low_light,2,0.17899468494555887,4,0,0,0.0,0.0,
0fa741ce-9b6dde95.jpg,low_light,2,0.1812734050620995,6,0,0,0.0,0.0,
0fa91e8c-e1e98e63.jpg,low_light,2,0.17701750877999523,4,1,1,0.25,0.25,0.9509770775576442
0fabbd93-2184c8fb.jpg,low_light,2,0.17850869948821113,9,0,0,0.0,0.0,
0face0a1-5b28a752.jpg,low_light,2,0.16442592207611018,7,0,0,0.0,0.0,
0fae1a88-00ee28ed.jpg,low_light,2,0.1642567830832442,8,0,0,0.0,0.0,
0fbf178c-8d2aa7d8.jpg,low_light,2,0.17189917389534234,6,0,0,0.0,0.0,
0fc07ccd-14991933.jpg,low_light,2,0.19371905217451185,7,0,0,0.0,0.0,
0fc0b0cc-75d5e23d.jpg,low_light,2,0.1976754664732511,5,0,0,0.0,0.0,
0fc24bdf-0a2e9836.jpg,low_light,2,0.18137336424604872,4,0,0,0.0,0.0,
0fd189de-150829cc.jpg,low_light,2,0.20502225472606278,5,0,0,0.0,0.0,
0fd4b88c-55926d64.jpg,low_light,2,0.1778790421071945,2,0,0,0.0,0.0,
0fd50fa7-f14c78b9.jpg,low_light,2,0.18781658507018872,7,1,1,0.14285714285714285,0.14285714285714285,0.52306519252764
0fd5c032-3f1d4196.jpg,low_light,2,0.21086289019559434,13,0,0,0.0,0.0,
0fe7b9f6-0335655c.jpg,low_light,2,0.1786374154833378,3,0,0,0.0,0.0,
0fe831f2-d3180400.jpg,low_light,2,0.09420138486123884,10,0,0,0.0,0.0,
0fe9b1fe-fce3e681.jpg,low_light,2,0.17952968969481012,4,0,0,0.0,0.0,
0fee1f42-a259393c.jpg,low_light,2,0.1802017819715422,5,0,0,0.0,0.0,
0ff38b93-5f47e38f.jpg,low_light,2,0.17184703493962503,6,0,0,0.0,0.0,
0ff690fc-7122d807.jpg,low_light,2,0.1935435628374521,6,0,0,0.0,0.0,
0ff6a13c-52abc606.jpg,low_light,2,0.18751922139770175,9,0,0,0.0,0.0,
0ff834c6-eeda5d39.jpg,low_light,2,0.15778220692048084,9,0,0,0.0,0.0,
0ffa214f-6eda13d5.jpg,low_light,2,0.2030429564377837,9,0,0,0.0,0.0,
0ffb84f8-30d3bfd7.jpg,low_light,2,0.18756207159275762,9,0,0,0.0,0.0,
0fffedae-3981da6d.jpg,low_light,2,0.19183645372705757,5,0,0,0.0,0.0,
1a0b97c6-83f64f01.jpg,low_light,2,0.16220626010592792,11,0,0,0.0,0.0,
1a0e583b-2203c539.jpg,low_light,2,0.1889574593921743,1,0,0,0.0,0.0,
1a2a7bec-5c26b74d.jpg,low_light,2,0.16808143844381038,12,1,1,0.08333333333333333,0.08333333333333333,0.9342142453363482
1a2d0980-9f026712.jpg,low_light,2,0.1768978400585155,9,0,0,0.0,0.0,
1a2f2112-f566a272.jpg,low_light,2,0.1977557293617716,3,0,0,0.0,0.0,
1a2f950b-6289c313.jpg,low_light,2,0.18658181482949554,4,0,0,0.0,0.0,
1a3a8552-293f6a45.jpg,low_light,2,0.1644862242553467,9,1,1,0.1111111111111111,0.1111111111111111,0.8223795597968293
1a3b76e0-1eafc790.jpg,low_light,2,0.1856581330837727,8,0,0,0.0,0.0,
001b428f-059bac33.jpg,rain,1,22.604973374664333,8,5,5,0.625,0.625,0.9289239899080283
001c2a14-c7138401.jpg,rain,1,21.277472319540024,3,3,3,1.0,1.0,0.9617415488416108
01a4933a-252e566a.jpg,rain,1,23.46139934751899,1,0,0,0.0,0.0,
01a5b28a-c8fc55cc.jpg,rain,1,21.374593055607377,2,1,1,0.5,0.5,0.930022513574361
01ab0f6d-a46b4820.jpg,rain,1,22.171401655665125,9,9,8,0.8888888888888888,1.0,0.9544671466553574
01ab0f6d-b74b83d1.jpg,rain,1,23.50917013908664,6,5,5,0.8333333333333334,0.8333333333333334,0.9581224168214522
01abd21f-2a974488.jpg,rain,1,22.591457867297564,10,9,9,0.9,0.9,0.9092675437473976
01b08b19-a9fc3dcd.jpg,rain,1,22.645484107817598,12,10,10,0.8333333333333334,0.8333333333333334,0.9184827978872343
01b29c03-4b348d76.jpg,rain,1,23.04448233888525,4,4,4,1.0,1.0,0.9477426732024513
01b34172-f9ea5060.jpg,rain,1,22.28448169974735,6,3,2,0.3333333333333333,0.5,0.9438434750018327
01c21ca3-faca9871.jpg,rain,1,21.02196627034737,6,6,5,0.8333333333333334,1.0,0.9001348923560595
01c231b4-1ebf841a.jpg,rain,1,21.754577414295447,10,8,8,0.8,0.8,0.8984612340972469
01c3c73e-42795861.jpg,rain,1,22.363870429792247,8,8,7,0.875,1.0,0.9176763381033466
01c4035b-bcaeb067.jpg,rain,1,23.383680064161936,6,8,6,1.0,1.3333333333333333,0.9687725638331953
01c5cd64-6e208afd.jpg,rain,1,21.448739314586092,11,10,10,0.9090909090909091,0.9090909090909091,0.9571741980498091
01c6a5ce-7dba6e67.jpg,rain,1,22.59074943871752,7,4,4,0.5714285714285714,0.5714285714285714,0.9666928341509097
01e38013-dab56c86.jpg,rain,1,23.084570007969152,1,1,1,1.0,1.0,0.9866326324981528
01e9b6bc-1c3597ee.jpg,rain,1,20.586583094108374,11,11,11,1.0,1.0,0.9429067641448531
01fe2056-010af346.jpg,rain,1,21.568566655027468,10,10,9,0.9,1.0,0.9513045966983733
0a0438c7-4b42456f.jpg,rain,1,22.22248927105884,2,2,2,1.0,1.0,1.0
0a096659-9faad1ad.jpg,rain,1,21.346725048843457,2,0,0,0.0,0.0,
0a172b0e-136b7a63.jpg,rain,1,22.356468047087276,12,10,10,0.8333333333333334,0.8333333333333334,0.9420473441298259
0a364fd8-81c63814.jpg,rain,1,21.800142296736112,13,10,10,0.7692307692307693,0.7692307692307693,0.9692672619716737
0a43984a-db1eb6cb.jpg,rain,1,20.471593817763196,5,4,4,0.8,0.8,0.9199282071929702
0a493f24-352f747e.jpg,rain,1,22.58621939025733,3,2,2,0.6666666666666666,0.6666666666666666,0.9706621877137225
0a507f1c-3ee431e7.jpg,rain,1,22.14900715894936,5,5,5,1.0,1.0,0.9644828625283743
0a514790-e4c8e3e3.jpg,rain,1,22.452517030590712,2,2,2,1.0,1.0,0.9565409803388412
0a5922a3-a1b0d581.jpg,rain,1,22.416122647123906,6,7,5,0.8333333333333334,1.1666666666666667,0.9028629180175484
0a71fa0a-5320a5e5.jpg,rain,1,22.835193371525992,3,2,2,0.6666666666666666,0.6666666666666666,0.9696153846153845
0a723d61-9885002e.jpg,rain,1,21.238952663291585,0,0,0,,,
0a8368e0-41c6b3b3.jpg,rain,1,20.994760815904456,1,2,1,1.0,2.0,0.5415939255343638
0a8610c6-593513f9.jpg,rain,1,22.12393334984363,10,9,9,0.9,0.9,0.9114895788065327
0a909731-454401d8.jpg,rain,1,22.74325668270525,1,0,0,0.0,0.0,
0a924ade-6766d702.jpg,rain,1,21.894502622691583,2,1,1,0.5,0.5,0.9712813932864124
0a94788f-460bd0d2.jpg,rain,1,21.13775654024429,7,6,6,0.8571428571428571,0.8571428571428571,0.9620380822551334
0aa0297e-378da79c.jpg,rain,1,20.055333800872898,0,0,0,,,
0aa47a41-ad75f648.jpg,rain,1,20.790625236328303,3,3,3,1.0,1.0,0.981926627003888
0aa4bc86-1e9b17cc.jpg,rain,1,20.92286407804496,7,7,7,1.0,1.0,0.9530769915945684
0aa751fe-30470c78.jpg,rain,1,22.358913570028637,4,5,4,1.0,1.25,0.955139856007144
0aa9197a-48cbd686.jpg,rain,1,22.722746002596274,8,8,8,1.0,1.0,0.9412897950005574
0aab648b-ea86909c.jpg,rain,1,22.577272798864954,4,3,3,0.75,0.75,0.96650702538982
0ab179b7-73f22df4.jpg,rain,1,21.62231258200038,12,10,10,0.8333333333333334,0.8333333333333334,0.9337790815690192
0ab1b9e8-aefcb8d2.jpg,rain,1,22.838180852550316,10,9,9,0.9,0.9,0.9411251134483624
0ab72d5d-af77406b.jpg,rain,1,21.674298774468525,17,17,17,1.0,1.0,0.8918129954816636
0aba7df1-d488bc00.jpg,rain,1,21.097282680886927,9,8,8,0.8888888888888888,0.8888888888888888,0.9548441421582491
0abeea78-647aef5c.jpg,rain,1,22.623109240335783,2,2,2,1.0,1.0,0.9793518360860435
0ac20953-2830f7c0.jpg,rain,1,20.468694969677877,13,12,10,0.7692307692307693,0.9230769230769231,0.9319759808565173
0ac3cbf4-73c76d25.jpg,rain,1,21.520293121420643,4,3,3,0.75,0.75,0.859846764584892
0ac3cbf4-a764bdbc.jpg,rain,1,21.942455280592302,2,3,2,1.0,1.5,0.809879719582933
0acc0c71-fb702dac.jpg,rain,1,23.05627007807547,13,13,13,1.0,1.0,0.9663021625839726
0accdaac-8ac5a6ca.jpg,rain,1,22.68009995439503,5,3,3,0.6,0.6,0.9744931269175937
0accdaac-c56ee5d7.jpg,rain,1,22.89049176069979,3,3,3,1.0,1.0,0.9441262580360325
0ace96c3-48481887.jpg,rain,1,21.491130177198695,10,10,9,0.9,1.0,0.9691595889668133
0ad023de-a7164b14.jpg,rain,1,23.184216245044453,2,3,2,1.0,1.5,0.9740957907059602
0ad051b9-9a513e8a.jpg,rain,1,22.840167419124505,6,6,5,0.8333333333333334,1.0,0.9790056562596435
0ad5691b-3bf88466.jpg,rain,1,20.797155413740565,4,5,4,1.0,1.25,0.9621668232574535
0ade56f2-a8ac9645.jpg,rain,1,23.07102714922759,6,6,6,1.0,1.0,0.9459093512918995
0ae24ffb-691516ec.jpg,rain,1,23.16272399710407,3,2,2,0.6666666666666666,0.6666666666666666,0.941749355867789
0ae2993b-3a6bea4d.jpg,rain,1,22.165208805629565,7,5,5,0.7142857142857143,0.7142857142857143,0.9484570254628177
0ae50799-6c1ef2e2.jpg,rain,1,23.37465300924677,10,9,9,0.9,0.9,0.9493258160303721
0aeb534c-57a685bd.jpg,rain,1,22.170298172140313,6,7,6,1.0,1.1666666666666667,0.965835910904045
0af06324-3f5aac20.jpg,rain,1,21.300794047310028,2,0,0,0.0,0.0,
0af801e9-aa8d36ab.jpg,rain,1,22.89821286091594,9,11,9,1.0,1.2222222222222223,0.9523456283765525
0afb7706-1fdde46a.jpg,rain,1,20.03771320309753,6,5,4,0.6666666666666666,0.8333333333333334,0.9689861812634666
0b090671-2518c4cc.jpg,rain,1,21.61497553256978,6,4,4,0.6666666666666666,0.6666666666666666,0.8803078610193265
0b099136-bc2d1314.jpg,rain,1,23.290319504521722,3,3,3,1.0,1.0,0.8859637593483152
0b16507a-49b0aca9.jpg,rain,1,22.289908212423327,1,1,1,1.0,1.0,0.9591836734693877
0b18fb5a-b0cf4646.jpg,rain,1,22.492442943176346,6,6,6,1.0,1.0,0.9762840838551261
0b1afd00-1f158b3e.jpg,rain,1,22.60216547439832,12,11,10,0.8333333333333334,0.9166666666666666,0.937757398667863
0b1b468d-607d678f.jpg,rain,1,23.09391139940983,17,16,15,0.8823529411764706,0.9411764705882353,0.9292312660336504
0b27a68a-5b093bbf.jpg,rain,1,21.654831350753646,15,15,14,0.9333333333333333,1.0,0.8137205645916284
0b2867ef-a6ca437b.jpg,rain,1,15.884273904351783,5,4,3,0.6,0.8,0.9624126986781163
0b2f5d0d-8fddc1fc.jpg,rain,1,20.8807976761327,5,3,3,0.6,0.6,0.9360132519893073
0b396e6f-06f3ce96.jpg,rain,1,22.7662282830457,4,2,2,0.5,0.5,0.9896367521367522
0b3cbe42-5076f088.jpg,rain,1,22.611418588667867,4,5,3,0.75,1.25,0.9449401789364114
0b3cc618-5302eb7f.jpg,rain,1,22.92266111550272,4,4,3,0.75,1.0,0.9455187455168376
0b3de27a-7293917c.jpg,rain,1,22.202244656721085,10,10,10,1.0,1.0,0.9388527057940731
0b498ab4-61a84c90.jpg,rain,1,23.099449676325925,8,7,7,0.875,0.875,0.8617694183764903
0b4c8138-adfd774c.jpg,rain,1,22.332511842003335,3,3,3,1.0,1.0,0.9804334554334555
0b4c8138-adfdfb43.jpg,rain,1,22.295724578507166,12,12,12,1.0,1.0,0.9482914280206459
0b5c145d-8dc9d5b3.jpg,rain,1,21.820040177069053,12,11,10,0.8333333333333334,0.9166666666666666,0.9380728870000373
0b5c1805-1972d84b.jpg,rain,1,23.016180295763164,0,0,0,,,
0b63c42f-9a2411df.jpg,rain,1,21.857654558485308,8,7,7,0.875,0.875,0.9507034797542657
0b669851-014f34dc.jpg,rain,1,22.199677928267963,10,8,8,0.8,0.8,0.9497887356571546
0b68ff89-458c5c21.jpg,rain,1,20.589236638318372,3,2,2,0.6666666666666666,0.6666666666666666,0.9665373359989675
0b6a1bf6-efa486cd.jpg,rain,1,21.792575045632894,0,0,0,,,
0b73aac9-f53811e8.jpg,rain,1,22.828948434272966,4,4,4,1.0,1.0,0.9746782901392738
0b744ae5-7a01e42d.jpg,rain,1,21.25032256245763,8,7,7,0.875,0.875,0.9577621040881251
0b752494-00000000.jpg,rain,1,21.81776682816895,8,8,8,1.0,1.0,0.9718441338128837
0b75c7f8-b96e3aa5.jpg,rain,1,22.614739880595174,9,8,8,0.8888888888888888,0.8888888888888888,0.9501103703058176
0b79446c-48c74eea.jpg,rain,1,23.05895715976157,7,7,7,1.0,1.0,0.9742445069789699
0b796e55-0d102bd0.jpg,rain,1,21.626937910737226,5,6,5,1.0,1.2,0.9389183592812651
0b7dfe99-f6bd1423.jpg,rain,1,19.84737673143362,6,6,6,1.0,1.0,0.904826731834426
0b823757-7065147b.jpg,rain,1,20.140081670558754,8,7,7,0.875,0.875,0.9440222248305365
0b9c3eb8-252e5876.jpg,rain,1,21.08952541218605,10,9,9,0.9,0.9,0.9644061947033601
0b9c4f05-d59be38c.jpg,rain,1,20.64777140529472,4,4,4,1.0,1.0,0.9669196051007078
0b9fa855-936aae7a.jpg,rain,1,22.53580758922415,8,7,7,0.875,0.875,0.9572229561730625
0baeff05-ae703523.jpg,rain,1,22.687427243033525,4,5,4,1.0,1.25,0.9575094585891597
0bb001f6-80239764.jpg,rain,1,17.446104202323113,6,2,2,0.3333333333333333,0.3333333333333333,0.8148014505187318
0bb3f3d3-12b85638.jpg,rain,1,23.277052839458694,4,4,4,1.0,1.0,0.969029270614269
0bc0b27e-a94dd126.jpg,rain,1,22.81057571862208,4,5,4,1.0,1.25,0.9296558221285521
0bc0b27e-b932a660.jpg,rain,1,22.049640794048212,7,7,7,1.0,1.0,0.9767727548447925
0bc15ee2-9a9e181b.jpg,rain,1,20.771449384046107,5,5,5,1.0,1.0,0.8747429838231428
0bc1e57d-0331a843.jpg,rain,1,22.094277901518385,2,1,1,0.5,0.5,0.9666666666666667
0bc2253f-aa0f38d8.jpg,rain,1,22.429846564905045,9,6,6,0.6666666666666666,0.6666666666666666,0.8684000726182136
0bc866ed-1abb89e8.jpg,rain,1,22.700579610306097,7,6,6,0.8571428571428571,0.8571428571428571,0.9200447744292063
0bcbc8fe-5a52a282.jpg,rain,1,16.996342162585176,4,4,4,1.0,1.0,0.9571624641423082
0bcc752f-fd302777.jpg,rain,1,21.709918700845417,4,4,4,1.0,1.0,0.9580953688957689
0bce68c1-629ddf0d.jpg,rain,1,22.64270674181159,5,4,4,0.8,0.8,0.9897093106315458
0bcfa351-0509fab2.jpg,rain,1,22.549913437109083,18,13,13,0.7222222222222222,0.7222222222222222,0.963656741306301
0bd530d6-76c944fe.jpg,rain,1,18.345251699062693,4,4,4,1.0,1.0,0.9830202779297958
0bdc8f31-81eab212.jpg,rain,1,21.434986608800074,7,7,7,1.0,1.0,0.976000096952531
0be031c3-81b6e5b7.jpg,rain,1,23.441240229773452,12,8,7,0.5833333333333334,0.6666666666666666,0.9380898774894407
0be36567-bee11e9c.jpg,rain,1,20.878841951652,2,2,2,1.0,1.0,0.9288743455504571
0bef9055-6069aeb8.jpg,rain,1,20.685214615789125,5,5,5,1.0,1.0,0.942879900245396
0bf18a00-e8c3335e.jpg,rain,1,20.600097383175505,1,1,1,1.0,1.0,0.9403254972875226
0bf28365-020515e2.jpg,rain,1,21.092489052716804,5,4,3,0.6,0.8,0.9203504604287543
0bf7162a-00000000.jpg,rain,1,21.82087096774248,10,7,6,0.6,0.7,0.9107831640409243
0bf8851e-e3f546bb.jpg,rain,1,22.952948189975405,10,8,8,0.8,0.8,0.8902940919211436
0bf8851e-e3f5b31d.jpg,rain,1,23.575367462168305,10,10,10,1.0,1.0,0.9283928830909552
0c04d29a-6bf85baf.jpg,rain,1,22.171714637526488,8,8,8,1.0,1.0,0.9444664933174862
0c07e51c-fb369fc9.jpg,rain,1,22.9399291063362,7,6,5,0.7142857142857143,0.8571428571428571,0.9717839585655001
0c0bba65-b7286c22.jpg,rain,1,21.45691825678754,5,5,5,1.0,1.0,0.9763618004284569
0c113798-00000000.jpg,rain,1,22.220263390396187,10,11,10,1.0,1.1,0.9329659783504034
0c140522-190b25a3.jpg,rain,1,22.632661965318395,2,1,1,0.5,0.5,0.9903846153846154
0c140522-227e6f11.jpg,rain,1,23.14611599415736,6,7,6,1.0,1.1666666666666667,0.9626678159289477
0c154337-09dd2a21.jpg,rain,1,22.192569679866303,4,4,4,1.0,1.0,0.9592112441204712
0c155cdd-00000000.jpg,rain,1,16.295379928278276,1,1,1,1.0,1.0,0.9311085829857161
0c1bdf73-7a852c2a.jpg,rain,1,22.735229046539484,6,3,3,0.5,0.5,0.9850482242313555
0c1eebb0-dbb11761.jpg,rain,1,21.51410193719162,12,11,11,0.9166666666666666,0.9166666666666666,0.9528897604457179
0c28dcae-7f85dd38.jpg,rain,1,23.027089831182224,8,8,8,1.0,1.0,0.9462608600233144
0c28dcae-c3c143f2.jpg,rain,1,22.574541124262687,8,8,7,0.875,1.0,0.8565063887550368
0c2cb3d5-0bdfd48d.jpg,rain,1,22.061603561432644,4,4,4,1.0,1.0,0.9531870831822415
0c34273d-87a7edaa.jpg,rain,1,22.944673042111717,1,0,0,0.0,0.0,
0c37f221-e2897443.jpg,rain,1,22.07416680090535,5,1,1,0.2,0.2,0.9569878500422325
0c37fe53-5f181247.jpg,rain,1,20.536727416010226,6,7,6,1.0,1.1666666666666667,0.8413513343689368
0c46ce67-5ca710eb.jpg,rain,1,22.590866652839402,5,4,4,0.8,0.8,0.9606197255134675
0c506e60-ff9e0000.jpg,rain,1,16.81853340348506,7,5,4,0.5714285714285714,0.7142857142857143,0.8363237985657807
0c506e60-ff9e0001.jpg,rain,1,16.661601222521416,7,6,5,0.7142857142857143,0.8571428571428571,0.8724161526166915
0c5636b3-00000000.jpg,rain,1,22.39873352273198,7,6,6,0.8571428571428571,0.8571428571428571,0.9030507153910333
0c6c9c66-5e867ddf.jpg,rain,1,22.506536311236513,15,14,14,0.9333333333333333,0.9333333333333333,0.8855192265221009
0c7914cf-00000000.jpg,rain,1,23.23781355427534,7,7,7,1.0,1.0,0.9187237091301466
0c7aa2a6-9c0f3111.jpg,rain,1,21.866757364267933,12,11,11,0.9166666666666666,0.9166666666666666,0.9316845828039024
0c7c6dd2-568b770f.jpg,rain,1,17.436052913321483,6,5,5,0.8333333333333334,0.8333333333333334,0.9552430372412004
0c7d02a2-73802207.jpg,rain,1,23.658439284768367,6,7,6,1.0,1.1666666666666667,0.9804138912291624
0c8a2c79-0194bc27.jpg,rain,1,23.187040937847044,3,2,2,0.6666666666666666,0.6666666666666666,0.9512562064528867
0c8a7a98-e267fd54.jpg,rain,1,21.637753746692443,9,8,7,0.7777777777777778,0.8888888888888888,0.8829483882014706
0c8af716-4ea8aa81.jpg,rain,1,23.022989906791253,0,0,0,,,
0c8b32af-2d9a6111.jpg,rain,1,22.22587446176353,7,7,7,1.0,1.0,0.961220763794014
0c8c70f2-160e0000.jpg,rain,1,21.365496433695842,6,5,5,0.8333333333333334,0.8333333333333334,0.9706112193629226
0c8c70f2-160e0001.jpg,rain,1,21.35219677098211,6,5,5,0.8333333333333334,0.8333333333333334,0.9637151505156435
0c8c70f2-45110000.jpg,rain,1,21.06801070417277,4,3,3,0.75,0.75,0.9614317809344924
0c8c70f2-45110001.jpg,rain,1,21.061957609510614,5,6,5,1.0,1.2,0.8709990200128974
0c8c70f2-91d10000.jpg,rain,1,21.135239546383783,5,4,4,0.8,0.8,0.9501293018236855
0c8c70f2-ae0e0000.jpg,rain,1,21.313720154477174,4,4,4,1.0,1.0,0.9695383496128619
0c8c70f2-ae0e0001.jpg,rain,1,21.30875180110045,5,5,5,1.0,1.0,0.9612863620156634
0c90a09f-9a869a38.jpg,rain,1,19.111510493876374,6,5,5,0.8333333333333334,0.8333333333333334,0.9662323767561656
0ca68027-29e38754.jpg,rain,1,21.890110238018462,5,5,3,0.6,1.0,0.9630554488410809
0cafe7ab-e22edf50.jpg,rain,1,22.542401086050305,8,7,7,0.875,0.875,0.9592891386478023
0cb740c9-8bdcf951.jpg,rain,1,20.975523473338352,14,13,12,0.8571428571428571,0.9285714285714286,0.9294137294572656
0cca6223-bbe8997f.jpg,rain,1,23.139557725887716,5,4,4,0.8,0.8,0.9555353575123431
0ccee6d5-1b69c148.jpg,rain,1,21.249224140275743,6,7,6,1.0,1.1666666666666667,0.9609735700546489
0cd3378c-e94d1795.jpg,rain,1,22.652731306154102,14,16,14,1.0,1.1428571428571428,0.9449871824815783
0cdaa475-135c7ac8.jpg,rain,1,21.64014930697618,5,4,4,0.8,0.8,0.991955454149672
0cdde16a-e2d9677e.jpg,rain,1,22.763045795395694,8,9,8,1.0,1.125,0.9128466701358185
0ce3ea39-a5de431d.jpg,rain,1,22.22268560144183,6,7,6,1.0,1.1666666666666667,0.930302728478099
0ce5101a-319adcd7.jpg,rain,1,22.38021158216039,7,5,5,0.7142857142857143,0.7142857142857143,0.9171547306846242
0ce9abb1-857ab875.jpg,rain,1,22.728889799472608,9,9,9,1.0,1.0,0.9623198583909139
0ceb02a1-9d25dd06.jpg,rain,1,22.515602532710915,4,2,2,0.5,0.5,0.9178571428571428
0cf398b3-ce65ab64.jpg,rain,1,12.998303707559671,3,1,1,0.3333333333333333,0.3333333333333333,0.8937644341801386
0cfec584-8ab90c1e.jpg,rain,1,21.342043319174447,6,5,5,0.8333333333333334,0.8333333333333334,0.9511487256902725
0cff84c0-cedd14a5.jpg,rain,1,23.272413730642167,11,9,9,0.8181818181818182,0.8181818181818182,0.897266808272269
0d01bff2-38b969d3.jpg,rain,1,20.526738567853677,12,11,9,0.75,0.9166666666666666,0.8528763337025179
0d03369b-e2199f82.jpg,rain,1,21.86925068875488,6,6,6,1.0,1.0,0.962261839025242
0d13ae3d-e9464a42.jpg,rain,1,22.231995344629812,13,12,12,0.9230769230769231,0.9230769230769231,0.8752857838809373
0d13ae3d-f033a349.jpg,rain,1,21.777641646098957,5,4,4,0.8,0.8,0.9242660487619037
0d1541c9-f4845f6f.jpg,rain,1,21.859618919912187,5,5,5,1.0,1.0,0.8770457391402479
0d1dd928-2d09a570.jpg,rain,1,22.01076151619155,5,5,5,1.0,1.0,0.9398073048262937
0d1fc580-44142e94.jpg,rain,1,22.106937033126066,2,2,2,1.0,1.0,0.9719797870101037
0d1fc580-61bbac5d.jpg,rain,1,22.608416896729633,8,6,6,0.75,0.75,0.9776322325043445
0d207cff-4d92f256.jpg,rain,1,21.97265861496712,8,8,8,1.0,1.0,0.9280621329462421
0d207cff-6d499379.jpg,rain,1,22.626765972716427,5,4,4,0.8,0.8,0.8952731849272071
0d242d07-6298ac79.jpg,rain,1,20.005720566616677,14,11,10,0.7142857142857143,0.7857142857142857,0.8601861556783543
0d27973e-cc242ae0.jpg,rain,1,21.968243802589203,4,4,4,1.0,1.0,0.9395979732516035
0d282223-501af903.jpg,rain,1,20.45910438038108,0,0,0,,,
0d29f0cb-b57f61b8.jpg,rain,1,22.830426704918096,7,7,7,1.0,1.0,0.9500348405899661
0d3ec56a-f4cead6f.jpg,rain,1,22.866288728938017,1,0,0,0.0,0.0,
0d3f5fba-01b6e9e2.jpg,rain,1,23.28754043209433,12,12,12,1.0,1.0,0.9540096355924433
0d4268d5-3c617dd8.jpg,rain,1,23.43746715386589,3,3,3,1.0,1.0,0.961105524831015
0d4268d5-61297777.jpg,rain,1,23.56769334934195,0,0,0,,,
0d4570ff-76fd2615.jpg,rain,1,22.282048152695403,8,8,8,1.0,1.0,0.9689874395887739
0d538703-ccd64878.jpg,rain,1,22.453580895462192,11,11,11,1.0,1.0,0.9081216239714162
0d53c976-0532e5df.jpg,rain,1,22.90247629897509,7,7,7,1.0,1.0,0.9664910115623243
0d53c976-44810d29.jpg,rain,1,22.115604286222336,2,2,2,1.0,1.0,0.9438547910394166
0d53c976-ad5a9570.jpg,rain,1,21.12963579072354,5,5,5,1.0,1.0,0.8965663242080918
0d56a2c2-c244cb4c.jpg,rain,1,20.76996480423781,6,6,6,1.0,1.0,0.9270383901970223
0d574753-7aa1ad57.jpg,rain,1,22.57465496413955,4,4,4,1.0,1.0,0.9548181521457356
0d588ff8-22e9ece9.jpg,rain,1,22.086628108565854,8,8,8,1.0,1.0,0.8870897443436891
0d58d15a-6496522e.jpg,rain,1,22.21154149019202,5,5,4,0.8,1.0,0.9690964022068014
0d5b19b3-df617a03.jpg,rain,1,23.18624667014817,5,3,3,0.6,0.6,0.9343714780389752
0d5b19b3-fe488e51.jpg,rain,1,23.449800114326116,2,2,2,1.0,1.0,0.9630844923398114
0d60205d-0e9f928a.jpg,rain,1,22.172419992288958,10,11,10,1.0,1.1,0.9382983280744487
0d606092-4866137c.jpg,rain,1,22.167030561522107,6,4,4,0.6666666666666666,0.6666666666666666,0.9624548663067134
0d606092-486670ee.jpg,rain,1,21.410813954722606,12,11,10,0.8333333333333334,0.9166666666666666,0.9251599962078032
0d62200b-85aeaa3d.jpg,rain,1,22.617816354774824,8,7,7,0.875,0.875,0.9646899210686827
0d6822ce-741be0b9.jpg,rain,1,21.674856945121977,15,15,14,0.9333333333333333,1.0,0.9116520543924339
0d6ee1b1-00000000.jpg,rain,1,21.71759059380055,6,7,6,1.0,1.1666666666666667,0.9681395480046455
0d7731fe-e24a0b6c.jpg,rain,1,22.109126820184542,1,1,1,1.0,1.0,0.9947916666666666
0d792952-00000000.jpg,rain,1,22.542491012405318,6,5,5,0.8333333333333334,0.8333333333333334,0.9715812623091473
0d7b89dd-a640a130.jpg,rain,1,17.467189191569457,5,6,4,0.8,1.2,0.8858375290405851
0d7eace8-11f0784d.jpg,rain,1,22.226008213474103,6,7,6,1.0,1.1666666666666667,0.966493066693238
0d840e3e-1e1d6d69.jpg,rain,1,22.9763351454765,1,1,1,1.0,1.0,0.9814814814814815
0d851a77-00000000.jpg,rain,1,21.81479565659788,6,6,6,1.0,1.0,0.9726951392302899
0d86c345-e1ec3588.jpg,rain,1,23.0208094261153,14,14,13,0.9285714285714286,1.0,0.9309389106030037
0d8c886e-00000000.jpg,rain,1,22.271380122016264,6,3,3,0.5,0.5,0.906531561606569
0d933eed-b74c36f8.jpg,rain,1,14.629669754642327,8,6,5,0.625,0.75,0.8762102848395946
0d93653a-52e61ac9.jpg,rain,1,22.408276965982985,6,5,5,0.8333333333333334,0.8333333333333334,0.9484429958091212
0da41df0-26725c58.jpg,rain,1,22.781456667591236,16,14,14,0.875,0.875,0.9119071341005923
0da7dd83-3aa63f46.jpg,rain,1,21.792611198396898,3,4,3,1.0,1.3333333333333333,0.9671832023900953
0dab617d-041fe342.jpg,rain,1,22.36356526198904,7,6,6,0.8571428571428571,0.8571428571428571,0.941048892580477
0daf9d2f-e0e6bc87.jpg,rain,1,23.298081094120384,6,6,6,1.0,1.0,0.9728045349217055
0db65573-d735f9c8.jpg,rain,1,22.4280084520375,3,2,2,0.6666666666666666,0.6666666666666666,0.9890222482435598
0db8d440-cdcfee2e.jpg,rain,1,22.69226759010123,7,7,7,1.0,1.0,0.9719504705173874
0dc3d787-4982a6e6.jpg,rain,1,21.211487714219533,11,8,8,0.7272727272727273,0.7272727272727273,0.8979486623250419
0dc5eff4-9ebc6928.jpg,rain,1,23.03022606491441,5,4,4,0.8,0.8,0.9154494183846753
0dc639eb-fa07b4f8.jpg,rain,1,23.07409627282202,4,4,4,1.0,1.0,0.9377307475468348
0dc6575e-6450c964.jpg,rain,1,22.64670427696037,6,5,5,0.8333333333333334,0.8333333333333334,0.9641992530218116
0dca1cba-00000000.jpg,rain,1,20.320765519182093,5,4,4,0.8,0.8,0.9438544616878598
0dca3d7c-931b1cb4.jpg,rain,1,22.653440767343863,9,10,8,0.8888888888888888,1.1111111111111112,0.9373844662269358
0ddfea57-b0fe2cab.jpg,rain,1,22.830185398580976,9,10,8,0.8888888888888888,1.1111111111111112,0.8991815608092611
0ddfea57-b0fe6132.jpg,rain,1,22.761645191061607,9,7,7,0.7777777777777778,0.7777777777777778,0.9135191183425283
0de6314f-75a8269d.jpg,rain,1,22.857023573711746,4,3,3,0.75,0.75,0.9491646484794409
0dee3467-8bd40000.jpg,rain,1,22.357477732613773,6,6,6,1.0,1.0,0.8932307111619399
0dee3467-8bd40001.jpg,rain,1,22.280333771153728,2,1,1,0.5,0.5,0.9741100323624595
0df15660-25ff1e6c.jpg,rain,1,22.75306399320822,0,0,0,,,
0dfa5925-30d5c44a.jpg,rain,1,20.24424436835613,0,0,0,,,
0dfdc506-c9265cf2.jpg,rain,1,22.14979575753113,7,6,6,0.8571428571428571,0.8571428571428571,0.9338358893959907
0dffa115-18743b1b.jpg,rain,1,23.192502804057767,2,3,1,0.5,1.5,0.9838709677419355
0e0158e0-41f51afb.jpg,rain,1,21.949869497342963,2,2,2,1.0,1.0,0.9742604482689521
0e0158e0-f5dae483.jpg,rain,1,21.703072415928407,7,7,7,1.0,1.0,0.9178457663873656
0e033c03-3042664b.jpg,rain,1,22.29560362104983,11,8,8,0.7272727272727273,0.7272727272727273,0.9405747306140779
0e05e1d7-51f62fca.jpg,rain,1,21.37545242898572,5,4,4,0.8,0.8,0.915259080893899
0e07d567-339cb843.jpg,rain,1,20.745416001236027,4,3,3,0.75,0.75,0.9444032595238943
0e0c9ba3-294b474c.jpg,rain,1,22.461834799193422,2,2,2,1.0,1.0,0.9751489612347379
0e0fd502-99e356ef.jpg,rain,1,21.06965560471631,3,3,3,1.0,1.0,0.9908360888049126
0e0ff624-53c9b3a8.jpg,rain,1,21.70838955794025,8,6,6,0.75,0.75,0.9527333223383483
0e1c42db-f6a14072.jpg,rain,1,21.013829889638842,8,6,6,0.75,0.75,0.9646542332503619
0e1c42db-f6a1715f.jpg,rain,1,19.55103510671467,4,2,2,0.5,0.5,0.9361736217900254
0e1fad11-71fdc8f4.jpg,rain,1,22.45970683853573,0,0,0,,,
0e21b3fa-648e5a8a.jpg,rain,1,22.266971647977964,5,5,5,1.0,1.0,0.9686938005365281
0e233b52-81b75cdf.jpg,rain,1,22.500233869428516,6,5,5,0.8333333333333334,0.8333333333333334,0.8494957387743618
0e280165-84b9023a.jpg,rain,1,22.657286529403137,7,8,7,1.0,1.1428571428571428,0.9659576785266548
0e280165-d2cf6778.jpg,rain,1,22.8640105108337,7,7,6,0.8571428571428571,1.0,0.9420225583641323
0e2f075d-c71b5ccf.jpg,rain,1,22.11953055048064,8,8,7,0.875,1.0,0.9541061389777818
0e31726a-00000000.jpg,rain,1,22.715386740967514,4,4,3,0.75,1.0,0.8688185805519888
0e33c3bd-01573a4f.jpg,rain,1,20.884351101022915,1,1,1,1.0,1.0,0.9692771305721951
0e36465c-8b9c425a.jpg,rain,1,22.566926048411915,7,6,6,0.8571428571428571,0.8571428571428571,0.9697565289472893
0e4066b2-9b16405b.jpg,rain,1,23.18077652036324,14,12,11,0.7857142857142857,0.8571428571428571,0.9513194946998894
0e40e862-f22a14f4.jpg,rain,1,21.112275840149678,6,5,4,0.6666666666666666,0.8333333333333334,0.9479556103756154
0e460dd3-2cf2a7b9.jpg,rain,1,20.73010727806151,4,3,3,0.75,0.75,0.9604390301706992
0e46d6a2-317f7ded.jpg,rain,1,22.660420349692995,8,7,7,0.875,0.875,0.9712004161358587
0e46d6a2-d82d7613.jpg,rain,1,21.52710611047571,3,2,2,0.6666666666666666,0.6666666666666666,0.973095360465877
0e4ad39c-a888eefa.jpg,rain,1,22.792693939487997,4,4,4,1.0,1.0,0.9424352868842054
0e5016e5-00000000.jpg,rain,1,20.546694701024876,11,11,11,1.0,1.0,0.95681224437099
0e507677-d37ecfe0.jpg,rain,1,22.955886502329925,3,1,1,0.3333333333333333,0.3333333333333333,0.98989898989899
0e526010-34c35870.jpg,rain,1,22.670901682589918,1,1,1,1.0,1.0,0.9755819548953032
0e5b6c2c-d34a3ec8.jpg,rain,1,23.122076559912554,16,15,15,0.9375,0.9375,0.9325799783092699
0e5fc339-929b1def.jpg,rain,1,15.48231822366468,1,2,1,1.0,2.0,0.6162681263804859
0e6538be-925bab70.jpg,rain,1,22.56802221426272,8,8,8,1.0,1.0,0.9635564639452849
0e6ba7c4-6562f924.jpg,rain,1,20.134889855687582,1,0,0,0.0,0.0,
0e6cf5cb-8e4fe4ba.jpg,rain,1,22.968542180311943,4,4,4,1.0,1.0,0.940530186476431
0e711991-1e7ba083.jpg,rain,1,21.709615433640618,7,5,5,0.7142857142857143,0.7142857142857143,0.9028637411979737
0e758b80-e99d0000.jpg,rain,1,23.03541336838596,9,8,8,0.8888888888888888,0.8888888888888888,0.9621480988984337
0e758b80-e99d0001.jpg,rain,1,22.718592986445344,7,7,7,1.0,1.0,0.9666913998779505
0e764680-656be9ac.jpg,rain,1,15.8331922764506,2,1,1,0.5,0.5,0.9213545650511091
0e76aa4d-8b4b4a9f.jpg,rain,1,22.115768473427067,1,0,0,0.0,0.0,
0e82aef9-00000000.jpg,rain,1,19.940173824602816,4,4,4,1.0,1.0,0.8909149878445711
0e86ba7a-399d9901.jpg,rain,1,22.02563193054566,6,4,4,0.6666666666666666,0.6666666666666666,0.8008641729399201
0e888c35-00000000.jpg,rain,1,22.93558189481651,11,11,11,1.0,1.0,0.9367905200509863
0e888d6a-85910f38.jpg,rain,1,22.516950703356386,5,3,3,0.6,0.6,0.9577172228006293
0e8c2d15-27cabc30.jpg,rain,1,22.656205896256985,7,4,4,0.5714285714285714,0.5714285714285714,0.9382143192289625
0e8c47b3-00000000.jpg,rain,1,21.378968511489408,2,2,2,1.0,1.0,0.907059796938628
0e8e5273-5fd9ed6c.jpg,rain,1,22.530877466430876,12,11,11,0.9166666666666666,0.9166666666666666,0.9302469639803289
0e8fcc27-1ff1764e.jpg,rain,1,21.74390694102586,5,5,4,0.8,1.0,0.7851493580856375
0e9166d9-0e0cd95b.jpg,rain,1,20.51542878784875,14,12,10,0.7142857142857143,0.8571428571428571,0.9517853051138931
0e946d23-8a9b41b7.jpg,rain,1,22.48834255314929,10,9,9,0.9,0.9,0.8706469333421394
0e9bf060-4319b186.jpg,rain,1,22.712716340093053,5,4,4,0.8,0.8,0.9454080007893939
0e9e8f3e-55cd30d7.jpg,rain,1,22.78188486658886,10,10,10,1.0,1.0,0.8955835162661152
0ea18604-68919f0c.jpg,rain,1,23.020613724719695,9,8,8,0.8888888888888888,0.8888888888888888,0.9542600931633891
0ea18604-eec933af.jpg,rain,1,22.677011428440323,10,9,8,0.8,0.9,0.9388000212094088
0ea767e0-ae006e7f.jpg,rain,1,22.44230010948423,10,9,9,0.9,0.9,0.9179419670026453
0ea7f502-16d9fb4e.jpg,rain,1,23.387401468136225,3,3,3,1.0,1.0,0.9811291859990897
0ebcc3f8-820d55a0.jpg,rain,1,22.90199706711078,9,6,6,0.6666666666666666,0.6666666666666666,0.9242999004509281
0ec4e1d8-36ec61fc.jpg,rain,1,21.667689856773702,11,11,11,1.0,1.0,0.9634157292855986
0ec9c6cf-00000000.jpg,rain,1,22.282376158869578,12,10,10,0.8333333333333334,0.8333333333333334,0.9641917851656217
0ed0d326-f3689a47.jpg,rain,1,22.082741940926294,8,7,7,0.875,0.875,0.9403539920340528
0ed4beee-00000000.jpg,rain,1,23.174151847146682,6,5,5,0.8333333333333334,0.8333333333333334,0.9822041166380788
0ed7ba52-0276f1f9.jpg,rain,1,22.602540294289245,7,6,6,0.8571428571428571,0.8571428571428571,0.9150014865579257
0edc5faa-fd89fc10.jpg,rain,1,22.620904808915896,11,10,9,0.8181818181818182,0.9090909090909091,0.944879003710078
0edee2c1-e740d94c.jpg,rain,1,22.954281156135202,10,11,10,1.0,1.1,0.9417909890723566
0ee642f9-22c03b1a.jpg,rain,1,18.391809228283634,2,2,2,1.0,1.0,0.8886147903435964
0efe0129-c499802e.jpg,rain,1,22.078219426368722,3,3,3,1.0,1.0,0.9789855439687418
0f00789b-d70124c2.jpg,rain,1,21.310871107953844,6,6,6,1.0,1.0,0.9573688618940759
0f01b85e-4ac91fc2.jpg,rain,1,20.82849849842834,6,6,6,1.0,1.0,0.7792376848971276
0f026efa-37f39d4a.jpg,rain,1,21.865612122690024,7,4,4,0.5714285714285714,0.5714285714285714,0.9734886968762482
0f04d966-26bc7c82.jpg,rain,1,21.009478188159463,7,5,5,0.7142857142857143,0.7142857142857143,0.9559265525783758
0f06d2de-7b9b4397.jpg,rain,1,22.55582674327171,11,11,10,0.9090909090909091,1.0,0.9547440702765735
0f0f2997-57c7f360.jpg,rain,1,22.774573877155348,11,9,9,0.8181818181818182,0.8181818181818182,0.9382814815677268
0f11e283-a34ec892.jpg,rain,1,22.168207296163374,5,5,5,1.0,1.0,0.9460744639223311
0f1359f1-203c30d4.jpg,rain,1,21.98579487787514,6,1,1,0.16666666666666666,0.16666666666666666,0.9678735339112697
0f145ef9-2fb016d0.jpg,rain,1,22.247608111515888,8,7,7,0.875,0.875,0.9406481250649582
0f172b7f-24d20000.jpg,rain,1,22.261550488918218,7,6,6,0.8571428571428571,0.8571428571428571,0.8718722386498561
0f172b7f-24d20001.jpg,rain,1,22.719943907786067,8,10,8,1.0,1.25,0.9346440638943089
0f172b7f-71040000.jpg,rain,1,22.834664042233523,1,1,1,1.0,1.0,1.0
0f172b7f-71040001.jpg,rain,1,22.75021281319503,10,11,9,0.9,1.1,0.9303507199174265
0f19617d-b4f92e8f.jpg,rain,1,20.654218147112047,9,8,8,0.8888888888888888,0.8888888888888888,0.8760591526408862
0f1a2d28-63e10000.jpg,rain,1,20.711537898440973,6,5,5,0.8333333333333334,0.8333333333333334,0.9509787080934954
0f1a2d28-bfa30000.jpg,rain,1,21.906047534197736,9,8,7,0.7777777777777778,0.8888888888888888,0.9339579961977714
0f1a2d28-bfa30001.jpg,rain,1,22.389148201269684,7,7,7,1.0,1.0,0.9273904383400204
0f1c1335-f2117479.jpg,rain,1,22.613822250727797,8,7,7,0.875,0.875,0.9635999390125025
0f20fbcb-5af70000.jpg,rain,1,21.528218243156445,0,0,0,,,
0f20fbcb-5af70001.jpg,rain,1,22.65036013865459,0,0,0,,,
0f2e6f9c-a281e34b.jpg,rain,1,22.87899110004694,6,7,6,1.0,1.1666666666666667,0.9443016240719517
0f31361a-7020f98e.jpg,rain,1,22.3109072895352,4,3,3,0.75,0.75,0.962543076370972
0f31361a-f207c44b.jpg,rain,1,21.446571397992358,4,4,4,1.0,1.0,0.9286536807472768
0f3a30a8-00000000.jpg,rain,1,22.853349113474035,14,7,7,0.5,0.5,0.9521631222350759
0f3b5959-891de44a.jpg,rain,1,19.05816420571232,0,0,0,,,
0f40ce99-8124c30e.jpg,rain,1,23.062074964885614,8,6,6,0.75,0.75,0.9313596050661334
0f442be6-6b658bbe.jpg,rain,1,22.783351962377033,1,1,1,1.0,1.0,0.9741379310344828
0f4e8f1e-6ba53d52.jpg,rain,1,22.58576804596183,10,9,9,0.9,0.9,0.9757513702642748
0f55b994-5afbf176.jpg,rain,1,20.357049123964646,0,0,0,,,
0f599715-11b8833d.jpg,rain,1,22.33991375750012,1,1,1,1.0,1.0,0.9441860465116279
0f5f84ef-5d520000.jpg,rain,1,20.440701487301048,5,4,3,0.6,0.8,0.9773577463073528
0f5f84ef-5d520001.jpg,rain,1,22.805549307120984,2,1,1,0.5,0.5,0.922796984663374
0f67195e-35f09df1.jpg,rain,1,21.106791276584072,6,7,6,1.0,1.1666666666666667,0.9557153008711557
0f70e154-bed7cd92.jpg,rain,1,21.603265537606863,8,8,8,1.0,1.0,0.9786923278769567
0f773c7f-00000000.jpg,rain,1,21.3217448156902,4,5,4,1.0,1.25,0.9149046191333411
0f80ec3e-7bb4e2f3.jpg,rain,1,21.52702070423225,6,6,6,1.0,1.0,0.9294600939735577
0f89108b-3ab59119.jpg,rain,1,21.285994452916427,4,3,3,0.75,0.75,0.9320795381528368
0f8cb657-8ad774d0.jpg,rain,1,20.37750651532987,7,5,5,0.7142857142857143,0.7142857142857143,0.9342645274044715
0f8fd55d-a77de0d3.jpg,rain,1,22.717619324697193,4,4,4,1.0,1.0,0.9457016639425966
0f959aac-24823e01.jpg,rain,1,22.065222949908684,5,3,3,0.6,0.6,0.9721731823883489
0f9ab080-cdb5b048.jpg,rain,1,22.3700140870966,1,1,1,1.0,1.0,0.926896551724138
0f9fbe4b-081bb395.jpg,rain,1,22.34870765282264,3,0,0,0.0,0.0,
0fa41d9d-0f21770c.jpg,rain,1,23.346040162994388,6,6,6,1.0,1.0,0.944955238761184
0fa741ce-76dbb843.jpg,rain,1,20.888698431957916,4,6,4,1.0,1.5,0.8854911045009222
0fa741ce-9b6dde95.jpg,rain,1,20.418598055585253,6,6,6,1.0,1.0,0.8804613172514522
0fa91e8c-e1e98e63.jpg,rain,1,22.540227393860746,4,3,3,0.75,0.75,0.9762368481523923
0fabbd93-2184c8fb.jpg,rain,1,22.811650863351044,9,9,8,0.8888888888888888,1.0,0.9219092128076467
0face0a1-5b28a752.jpg,rain,1,22.231384284468557,7,7,6,0.8571428571428571,1.0,0.8413838347999146
0fae1a88-00ee28ed.jpg,rain,1,22.070536755496736,8,7,7,0.875,0.875,0.9606763466525224
0fbf178c-8d2aa7d8.jpg,rain,1,20.352577331026566,6,4,4,0.6666666666666666,0.6666666666666666,0.9527125667064051
0fc07ccd-14991933.jpg,rain,1,22.47290538341536,7,6,6,0.8571428571428571,0.8571428571428571,0.961558725165235
0fc0b0cc-75d5e23d.jpg,rain,1,21.647102879981656,5,3,2,0.4,0.6,0.9171031297797143
0fc24bdf-0a2e9836.jpg,rain,1,22.525416121705312,4,4,4,1.0,1.0,0.9381739348740905
0fd189de-150829cc.jpg,rain,1,20.5070490934806,5,5,5,1.0,1.0,0.8896464978018577
0fd4b88c-55926d64.jpg,rain,1,22.80543637860668,2,2,2,1.0,1.0,0.9552230378317335
0fd50fa7-f14c78b9.jpg,rain,1,22.894151229448745,7,8,7,1.0,1.1428571428571428,0.9587202704448601
0fd5c032-3f1d4196.jpg,rain,1,22.380699726198582,13,11,11,0.8461538461538461,0.8461538461538461,0.9228247726807027
0fe7b9f6-0335655c.jpg,rain,1,20.829126393497628,3,4,3,1.0,1.3333333333333333,0.8569404407540387
0fe831f2-d3180400.jpg,rain,1,14.871420350327377,10,4,4,0.4,0.4,0.8408239498640768
0fe9b1fe-fce3e681.jpg,rain,1,22.675228266150924,4,4,4,1.0,1.0,0.9427973756503335
0fee1f42-a259393c.jpg,rain,1,22.942028596465235,5,5,5,1.0,1.0,0.8484746471925494
0ff38b93-5f47e38f.jpg,rain,1,23.129272429937284,6,4,4,0.6666666666666666,0.6666666666666666,0.9498014427275776
0ff690fc-7122d807.jpg,rain,1,22.367884627069195,6,5,5,0.8333333333333334,0.8333333333333334,0.944436987021232
0ff6a13c-52abc606.jpg,rain,1,21.591880440571583,9,7,6,0.6666666666666666,0.7777777777777778,0.8364615500926931
0ff834c6-eeda5d39.jpg,rain,1,22.428195812263496,9,8,7,0.7777777777777778,0.8888888888888888,0.8655431616813315
0ffa214f-6eda13d5.jpg,rain,1,23.05612056418793,9,9,9,1.0,1.0,0.9631830558284182
0ffb84f8-30d3bfd7.jpg,rain,1,22.372392926251404,9,9,9,1.0,1.0,0.9637961581922951
0fffedae-3981da6d.jpg,rain,1,22.006096377291676,5,5,5,1.0,1.0,0.8509419112680675
1a0b97c6-83f64f01.jpg,rain,1,22.32988460767231,11,8,8,0.7272727272727273,0.7272727272727273,0.8901911443156553
1a0e583b-2203c539.jpg,rain,1,20.69571512640874,1,1,1,1.0,1.0,0.9744068505939543
1a2a7bec-5c26b74d.jpg,rain,1,22.567225226189077,12,11,10,0.8333333333333334,0.9166666666666666,0.9149169301767465
1a2d0980-9f026712.jpg,rain,1,22.73000430731606,9,8,8,0.8888888888888888,0.8888888888888888,0.9422791555060835
1a2f2112-f566a272.jpg,rain,1,21.86372687258978,3,0,0,0.0,0.0,
1a2f950b-6289c313.jpg,rain,1,23.355269344851845,4,4,3,0.75,1.0,0.922001018247621
1a3a8552-293f6a45.jpg,rain,1,21.963477218401305,9,9,9,1.0,1.0,0.9373345580365492
1a3b76e0-1eafc790.jpg,rain,1,22.9117537043322,8,6,6,0.75,0.75,0.9108424444824729
001b428f-059bac33.jpg,rain,2,5.386413644286762,8,2,2,0.25,0.25,0.8548946424604056
001c2a14-c7138401.jpg,rain,2,0.10064895324648951,3,3,3,1.0,1.0,0.8648805486537112
01a4933a-252e566a.jpg,rain,2,4.453350552860746,1,0,0,0.0,0.0,
01a5b28a-c8fc55cc.jpg,rain,2,4.1477190928211,2,0,0,0.0,0.0,
01ab0f6d-a46b4820.jpg,rain,2,4.027748751385603,9,4,4,0.4444444444444444,0.4444444444444444,0.9523037457366736
01ab0f6d-b74b83d1.jpg,rain,2,3.461398310625489,6,5,5,0.8333333333333334,0.8333333333333334,0.911269107810849
01abd21f-2a974488.jpg,rain,2,3.037855605431184,10,6,6,0.6,0.6,0.7167253226945508
01b08b19-a9fc3dcd.jpg,rain,2,6.311341945515089,12,7,7,0.5833333333333334,0.5833333333333334,0.8999934353428058
01b29c03-4b348d76.jpg,rain,2,5.2757542974391765,4,1,1,0.25,0.25,0.8045977011494253
01b34172-f9ea5060.jpg,rain,2,4.3160873105781,6,0,0,0.0,0.0,
01c21ca3-faca9871.jpg,rain,2,2.6396066458496388,6,2,2,0.3333333333333333,0.3333333333333333,0.8686664740961769
01c231b4-1ebf841a.jpg,rain,2,3.1517449764783922,10,5,4,0.4,0.5,0.8483627858557591
01c3c73e-42795861.jpg,rain,2,5.45965496181144,8,6,4,0.5,0.75,0.962135802136441
01c4035b-bcaeb067.jpg,rain,2,5.414972728929618,6,7,6,1.0,1.1666666666666667,0.9451393045528844
01c5cd64-6e208afd.jpg,rain,2,1.5611057591600142,11,8,8,0.7272727272727273,0.7272727272727273,0.8869621021935659
01c6a5ce-7dba6e67.jpg,rain,2,6.733196161675263,7,1,1,0.14285714285714285,0.14285714285714285,0.8761408083441982
01e38013-dab56c86.jpg,rain,2,5.536217772571601,1,1,1,1.0,1.0,0.9570353733857383
01e9b6bc-1c3597ee.jpg,rain,2,4.335178415473005,11,6,6,0.5454545454545454,0.5454545454545454,0.9361995223576735
01fe2056-010af346.jpg,rain,2,3.5741793349577486,10,8,6,0.6,0.8,0.901427709091867
0a0438c7-4b42456f.jpg,rain,2,6.28557132207959,2,2,2,1.0,1.0,0.9568909690998102
0a096659-9faad1ad.jpg,rain,2,2.5217236527028586,2,0,0,0.0,0.0,
0a172b0e-136b7a63.jpg,rain,2,3.0256485934065043,12,9,8,0.6666666666666666,0.75,0.8855768222429399
0a364fd8-81c63814.jpg,rain,2,3.557903178920836,13,10,7,0.5384615384615384,0.7692307692307693,0.8719081997622452
0a43984a-db1eb6cb.jpg,rain,2,1.7635634271611869,5,0,0,0.0,0.0,
0a493f24-352f747e.jpg,rain,2,4.7697947530506575,3,2,2,0.6666666666666666,0.6666666666666666,0.9541666666666666
0a507f1c-3ee431e7.jpg,rain,2,3.432388062983459,5,4,4,0.8,0.8,0.7618959533508083
0a514790-e4c8e3e3.jpg,rain,2,2.1483865974091767,2,2,2,1.0,1.0,0.9591906246286199
0a5922a3-a1b0d581.jpg,rain,2,4.850701334571021,6,4,2,0.3333333333333333,0.6666666666666666,0.8667388025444291
0a71fa0a-5320a5e5.jpg,rain,2,3.640580925291039,3,2,2,0.6666666666666666,0.6666666666666666,0.8645799671592775
0a723d61-9885002e.jpg,rain,2,5.648809036548846,0,0,0,,,
0a8368e0-41c6b3b3.jpg,rain,2,1.8293969162547727,1,1,0,0.0,1.0,
0a8610c6-593513f9.jpg,rain,2,3.4716962332544377,10,6,6,0.6,0.6,0.9331031376364809
0a909731-454401d8.jpg,rain,2,4.590528193658669,1,1,1,1.0,1.0,0.9589066625252368
0a924ade-6766d702.jpg,rain,2,4.844381186975729,2,1,1,0.5,0.5,0.9843008500561358
0a94788f-460bd0d2.jpg,rain,2,2.8089182338387726,7,5,5,0.7142857142857143,0.7142857142857143,0.8452869628782764
0aa0297e-378da79c.jpg,rain,2,2.893285566705883,0,0,0,,,
0aa47a41-ad75f648.jpg,rain,2,2.008706100551777,3,3,3,1.0,1.0,0.9038944220230815
0aa4bc86-1e9b17cc.jpg,rain,2,3.666605508598262,7,5,5,0.7142857142857143,0.7142857142857143,0.8148113092433066
0aa751fe-30470c78.jpg,rain,2,6.356955111677854,4,2,2,0.5,0.5,0.927729255060255
0aa9197a-48cbd686.jpg,rain,2,5.517931067708041,8,8,8,1.0,1.0,0.8769875671943144
0aab648b-ea86909c.jpg,rain,2,4.233681474385198,4,3,3,0.75,0.75,0.9207598087008243
0ab179b7-73f22df4.jpg,rain,2,4.02282388207605,12,11,10,0.8333333333333334,0.9166666666666666,0.8624582256604452
0ab1b9e8-aefcb8d2.jpg,rain,2,4.857359933383131,10,1,1,0.1,0.1,0.8797186400937866
0ab72d5d-af77406b.jpg,rain,2,4.102397562837228,17,12,10,0.5882352941176471,0.7058823529411765,0.8250623117731131
0aba7df1-d488bc00.jpg,rain,2,4.447714072708154,9,8,7,0.7777777777777778,0.8888888888888888,0.88555594328176
0abeea78-647aef5c.jpg,rain,2,5.2389482088032056,2,1,1,0.5,0.5,0.724969182303794
0ac20953-2830f7c0.jpg,rain,2,2.119082522158433,13,7,7,0.5384615384615384,0.5384615384615384,0.8352589543184733
0ac3cbf4-73c76d25.jpg,rain,2,2.078021529023183,4,0,0,0.0,0.0,
0ac3cbf4-a764bdbc.jpg,rain,2,2.142480322065335,2,2,2,1.0,1.0,0.6960141806153914
0acc0c71-fb702dac.jpg,rain,2,2.9320620901053562,13,10,10,0.7692307692307693,0.7692307692307693,0.8731487247552081
0accdaac-8ac5a6ca.jpg,rain,2,3.9413117854108664,5,1,1,0.2,0.2,0.9702970297029703
0accdaac-c56ee5d7.jpg,rain,2,5.3383740084863724,3,2,1,0.3333333333333333,0.6666666666666666,0.9010119595216192
0ace96c3-48481887.jpg,rain,2,0.46442915218023634,10,8,8,0.8,0.8,0.8757819143598203
0ad023de-a7164b14.jpg,rain,2,3.8568858120447973,2,1,1,0.5,0.5,0.9133523413714782
0ad051b9-9a513e8a.jpg,rain,2,4.766389831549054,6,5,4,0.6666666666666666,0.8333333333333334,0.9360874859734611
0ad5691b-3bf88466.jpg,rain,2,4.907935546837497,4,5,4,1.0,1.25,0.8609365579772894
0ade56f2-a8ac9645.jpg,rain,2,2.8941502161943466,6,3,3,0.5,0.5,0.8635236504279996
0ae24ffb-691516ec.jpg,rain,2,8.609578283907215,3,1,1,0.3333333333333333,0.3333333333333333,0.6599810785241249
0ae2993b-3a6bea4d.jpg,rain,2,6.320644178341,7,3,3,0.42857142857142855,0.42857142857142855,0.9285825591381384
0ae50799-6c1ef2e2.jpg,rain,2,3.24622742833849,10,7,7,0.7,0.7,0.7760214431532091
0aeb534c-57a685bd.jpg,rain,2,2.570061287717284,6,6,5,0.8333333333333334,1.0,0.8977824992201124
0af06324-3f5aac20.jpg,rain,2,2.9894333301260274,2,0,0,0.0,0.0,
0af801e9-aa8d36ab.jpg,rain,2,2.990832025420935,9,7,6,0.6666666666666666,0.7777777777777778,0.8797019696498234
0afb7706-1fdde46a.jpg,rain,2,2.9936357897105212,6,4,4,0.6666666666666666,0.6666666666666666,0.9239739302535295
0b090671-2518c4cc.jpg,rain,2,2.170560544700038,6,3,3,0.5,0.5,0.8063426889092377
0b099136-bc2d1314.jpg,rain,2,7.183306079849801,3,0,0,0.0,0.0,
0b16507a-49b0aca9.jpg,rain,2,4.928574767339753,1,0,0,0.0,0.0,
0b18fb5a-b0cf4646.jpg,rain,2,3.9971449826930296,6,6,6,1.0,1.0,0.9013831587811311
0b1afd00-1f158b3e.jpg,rain,2,5.3828430415876936,12,10,9,0.75,0.8333333333333334,0.8614937897155289
0b1b468d-607d678f.jpg,rain,2,5.034930362465012,17,9,8,0.47058823529411764,0.5294117647058824,0.7865325982957208
0b27a68a-5b093bbf.jpg,rain,2,3.3124679619770725,15,1,1,0.06666666666666667,0.06666666666666667,0.7681940700808625
0b2867ef-a6ca437b.jpg,rain,2,-6.445462193702532,5,1,1,0.2,0.2,0.8131147540983606
0b2f5d0d-8fddc1fc.jpg,rain,2,2.674433745832995,5,0,0,0.0,0.0,
0b396e6f-06f3ce96.jpg,rain,2,3.481756599987364,4,3,2,0.5,0.75,0.949387333972844
0b3cbe42-5076f088.jpg,rain,2,2.420762565986437,4,2,2,0.5,0.5,0.7413327571515238
0b3cc618-5302eb7f.jpg,rain,2,7.088303392235302,4,3,2,0.5,0.75,0.9364820075757576
0b3de27a-7293917c.jpg,rain,2,3.635272122151929,10,8,7,0.7,0.8,0.90241690439411
0b498ab4-61a84c90.jpg,rain,2,2.0742073523203515,8,3,3,0.375,0.375,0.8218121801196007
0b4c8138-adfd774c.jpg,rain,2,2.6524307345698768,3,3,2,0.6666666666666666,1.0,0.9802275516948352
0b4c8138-adfdfb43.jpg,rain,2,2.275493309425198,12,13,12,1.0,1.0833333333333333,0.8490221045329324
0b5c145d-8dc9d5b3.jpg,rain,2,2.0135258120331603,12,10,9,0.75,0.8333333333333334,0.842066947704939
0b5c1805-1972d84b.jpg,rain,2,6.6511143784944196,0,0,0,,,
0b63c42f-9a2411df.jpg,rain,2,2.6819108119993644,8,7,7,0.875,0.875,0.843776102703991
0b669851-014f34dc.jpg,rain,2,4.472886535648689,10,5,4,0.4,0.5,0.8444727050898352
0b68ff89-458c5c21.jpg,rain,2,5.589190881266996,3,1,1,0.3333333333333333,0.3333333333333333,0.9468934397778549
0b6a1bf6-efa486cd.jpg,rain,2,-0.4138591637554123,0,0,0,,,
0b73aac9-f53811e8.jpg,rain,2,4.326744714399512,4,2,2,0.5,0.5,0.9332855313122058
0b744ae5-7a01e42d.jpg,rain,2,1.5023247598587912,8,6,6,0.75,0.75,0.8833872405477119
0b752494-00000000.jpg,rain,2,6.063684432325424,8,6,5,0.625,0.75,0.9245014559289068
0b75c7f8-b96e3aa5.jpg,rain,2,4.754719653171876,9,5,3,0.3333333333333333,0.5555555555555556,0.8504643712836814
0b79446c-48c74eea.jpg,rain,2,3.1625912085782226,7,7,6,0.8571428571428571,1.0,0.9233372493868316
0b796e55-0d102bd0.jpg,rain,2,2.164107357027589,5,0,0,0.0,0.0,
0b7dfe99-f6bd1423.jpg,rain,2,2.5543225346907072,6,2,2,0.3333333333333333,0.3333333333333333,0.8182137971467657
0b823757-7065147b.jpg,rain,2,3.1158889652721204,8,4,4,0.5,0.5,0.844719061865537
0b9c3eb8-252e5876.jpg,rain,2,5.641036362220184,10,6,6,0.6,0.6,0.8177280622786794
0b9c4f05-d59be38c.jpg,rain,2,1.6350717964595334,4,3,3,0.75,0.75,0.8875513388563295
0b9fa855-936aae7a.jpg,rain,2,5.215023836416744,8,3,3,0.375,0.375,0.9048073668309303
0baeff05-ae703523.jpg,rain,2,5.516269802551185,4,4,4,1.0,1.0,0.9094182473633784
0bb001f6-80239764.jpg,rain,2,-4.49687016179246,6,1,1,0.16666666666666666,0.16666666666666666,0.7477005907425409
0bb3f3d3-12b85638.jpg,rain,2,7.296261494902535,4,3,3,0.75,0.75,0.8981697400539801
0bc0b27e-a94dd126.jpg,rain,2,3.264870153320534,4,2,2,0.5,0.5,0.8693382566506358
0bc0b27e-b932a660.jpg,rain,2,3.6990244017649583,7,5,5,0.7142857142857143,0.7142857142857143,0.9511695212314317
0bc15ee2-9a9e181b.jpg,rain,2,0.679297587763889,5,5,5,1.0,1.0,0.8759207044474003
0bc1e57d-0331a843.jpg,rain,2,4.955074447161564,2,1,1,0.5,0.5,0.9399428026692088
0bc2253f-aa0f38d8.jpg,rain,2,5.347470032571633,9,5,4,0.4444444444444444,0.5555555555555556,0.7544315763630791
0bc866ed-1abb89e8.jpg,rain,2,6.1188912374654825,7,1,0,0.0,0.14285714285714285,
0bcbc8fe-5a52a282.jpg,rain,2,5.521774898220433,4,2,1,0.25,0.5,0.7976022566995769
0bcc752f-fd302777.jpg,rain,2,4.27686357505802,4,4,4,1.0,1.0,0.8665114524081344
0bce68c1-629ddf0d.jpg,rain,2,2.782904428287521,5,3,3,0.6,0.6,0.946459481990845
0bcfa351-0509fab2.jpg,rain,2,8.261126467022633,18,7,7,0.3888888888888889,0.3888888888888889,0.8623089592330102
0bd530d6-76c944fe.jpg,rain,2,3.997024670159919,4,3,3,0.75,0.75,0.9443856192780262
0bdc8f31-81eab212.jpg,rain,2,3.5917362973185494,7,4,4,0.5714285714285714,0.5714285714285714,0.9224173088970542
0be031c3-81b6e5b7.jpg,rain,2,4.327303040838764,12,5,5,0.4166666666666667,0.4166666666666667,0.8753897751504807
0be36567-bee11e9c.jpg,rain,2,3.352059509529515,2,2,1,0.5,1.0,0.8244111349036403
0bef9055-6069aeb8.jpg,rain,2,0.8729129328876775,5,3,2,0.4,0.6,0.7074445434954681
0bf18a00-e8c3335e.jpg,rain,2,4.250291982536797,1,0,0,0.0,0.0,
0bf28365-020515e2.jpg,rain,2,2.141548821396314,5,3,3,0.6,0.6,0.8170759123764401
0bf7162a-00000000.jpg,rain,2,1.2092712287256646,10,4,3,0.3,0.4,0.8808038504564305
0bf8851e-e3f546bb.jpg,rain,2,3.444797813546584,10,0,0,0.0,0.0,
0bf8851e-e3f5b31d.jpg,rain,2,3.591863857412144,10,3,2,0.2,0.3,0.7013959257418171
0c04d29a-6bf85baf.jpg,rain,2,1.6008719638671223,8,8,7,0.875,1.0,0.8685227319610921
0c07e51c-fb369fc9.jpg,rain,2,5.132838816491669,7,3,3,0.42857142857142855,0.42857142857142855,0.8955086439609353
0c0bba65-b7286c22.jpg,rain,2,1.636198371836849,5,6,5,1.0,1.2,0.8823048923854483
0c113798-00000000.jpg,rain,2,3.629644275796586,10,8,8,0.8,0.8,0.8736937757003795
0c140522-190b25a3.jpg,rain,2,6.964122958756269,2,1,1,0.5,0.5,0.9766689143627781
0c140522-227e6f11.jpg,rain,2,8.09214220040463,6,7,4,0.6666666666666666,1.1666666666666667,0.7648014430368236
0c154337-09dd2a21.jpg,rain,2,2.1456101397206373,4,1,1,0.25,0.25,0.9012605042016807
0c155cdd-00000000.jpg,rain,2,-3.1033536447451175,1,0,0,0.0,0.0,
0c1bdf73-7a852c2a.jpg,rain,2,7.145729046806249,6,0,0,0.0,0.0,
0c1eebb0-dbb11761.jpg,rain,2,2.6371517229974644,12,8,8,0.6666666666666666,0.6666666666666666,0.8284552559398835
0c28dcae-7f85dd38.jpg,rain,2,4.61177566018123,8,6,6,0.75,0.75,0.9361613340454623
0c28dcae-c3c143f2.jpg,rain,2,3.2108394766489186,8,8,4,0.5,1.0,0.7206708503102728
0c2cb3d5-0bdfd48d.jpg,rain,2,1.8811724605352997,4,2,2,0.5,0.5,0.8358099236664618
0c34273d-87a7edaa.jpg,rain,2,3.829668076478747,1,0,0,0.0,0.0,
0c37f221-e2897443.jpg,rain,2,1.806446442651572,5,0,0,0.0,0.0,
0c37fe53-5f181247.jpg,rain,2,4.0389119297698155,6,4,2,0.3333333333333333,0.6666666666666666,0.7046947033935973
0c46ce67-5ca710eb.jpg,rain,2,6.351394511660303,5,3,3,0.6,0.6,0.9432495491524723
0c506e60-ff9e0000.jpg,rain,2,-3.654530629650263,7,3,2,0.2857142857142857,0.42857142857142855,0.891699596080068
0c506e60-ff9e0001.jpg,rain,2,-3.5732335474382126,7,2,1,0.14285714285714285,0.2857142857142857,0.5751587676481394
0c5636b3-00000000.jpg,rain,2,3.6422981713581395,7,5,5,0.7142857142857143,0.7142857142857143,0.9041500913326544
0c6c9c66-5e867ddf.jpg,rain,2,5.154330396757506,15,8,7,0.4666666666666667,0.5333333333333333,0.840122242535568
0c7914cf-00000000.jpg,rain,2,4.86695339573412,7,5,5,0.7142857142857143,0.7142857142857143,0.795896559057556
0c7aa2a6-9c0f3111.jpg,rain,2,2.7165274081467623,12,9,9,0.75,0.75,0.7939158596548243
0c7c6dd2-568b770f.jpg,rain,2,0.1645499686218441,6,2,2,0.3333333333333333,0.3333333333333333,0.7703298554073058
0c7d02a2-73802207.jpg,rain,2,7.49325801034392,6,7,6,1.0,1.1666666666666667,0.9421045136249542
0c8a2c79-0194bc27.jpg,rain,2,4.82184558854636,3,1,1,0.3333333333333333,0.3333333333333333,0.9503105590062112
0c8a7a98-e267fd54.jpg,rain,2,7.400454924042492,9,0,0,0.0,0.0,
0c8af716-4ea8aa81.jpg,rain,2,4.282033720351433,0,0,0,,,
0c8b32af-2d9a6111.jpg,rain,2,3.5776526759492953,7,4,4,0.5714285714285714,0.5714285714285714,0.9063939682700097
0c8c70f2-160e0000.jpg,rain,2,2.303060517636247,6,5,5,0.8333333333333334,0.8333333333333334,0.9092908063253532
0c8c70f2-160e0001.jpg,rain,2,2.402250596497981,6,4,4,0.6666666666666666,0.6666666666666666,0.9040154526369214
0c8c70f2-45110000.jpg,rain,2,1.5547494289841381,4,4,1,0.25,1.0,0.5855960843724508
0c8c70f2-45110001.jpg,rain,2,1.5477920390918076,5,4,2,0.4,0.8,0.6541664097590846
0c8c70f2-91d10000.jpg,rain,2,1.7108742801687988,5,4,2,0.4,0.8,0.5995881408446075
0c8c70f2-ae0e0000.jpg,rain,2,2.0600797970229348,4,4,4,1.0,1.0,0.8856554261060398
0c8c70f2-ae0e0001.jpg,rain,2,2.042729057305199,5,5,5,1.0,1.0,0.9064117114893154
0c90a09f-9a869a38.jpg,rain,2,3.754350461691947,6,5,5,0.8333333333333334,0.8333333333333334,0.9439412614726995
0ca68027-29e38754.jpg,rain,2,3.8352787372206953,5,1,0,0.0,0.2,
0cafe7ab-e22edf50.jpg,rain,2,3.4272474944538773,8,4,4,0.5,0.5,0.9310402910101159
0cb740c9-8bdcf951.jpg,rain,2,3.4315276523804843,14,9,8,0.5714285714285714,0.6428571428571429,0.9248978996515707
0cca6223-bbe8997f.jpg,rain,2,2.772211575221999,5,1,1,0.2,0.2,0.9336071184120466
0ccee6d5-1b69c148.jpg,rain,2,1.0930674983846767,6,5,5,0.8333333333333334,0.8333333333333334,0.9454889817367974
0cd3378c-e94d1795.jpg,rain,2,5.9766754960213255,14,5,5,0.35714285714285715,0.35714285714285715,0.8889007287549469
0cdaa475-135c7ac8.jpg,rain,2,2.7799515347726373,5,3,3,0.6,0.6,0.8037133872380887
0cdde16a-e2d9677e.jpg,rain,2,4.644715715415602,8,6,6,0.75,0.75,0.895139611940479
0ce3ea39-a5de431d.jpg,rain,2,3.9458936761421177,6,5,5,0.8333333333333334,0.8333333333333334,0.808771758714293
0ce5101a-319adcd7.jpg,rain,2,2.990780966856871,7,5,5,0.7142857142857143,0.7142857142857143,0.8932928367350284
0ce9abb1-857ab875.jpg,rain,2,4.104817489595331,9,7,7,0.7777777777777778,0.7777777777777778,0.9255523437611659
0ceb02a1-9d25dd06.jpg,rain,2,6.38290546693332,4,0,0,0.0,0.0,
0cf398b3-ce65ab64.jpg,rain,2,-9.695750903039896,3,1,1,0.3333333333333333,0.3333333333333333,0.7705328406246275
0cfec584-8ab90c1e.jpg,rain,2,3.084675484399174,6,5,3,0.5,0.8333333333333334,0.8950380681495657
0cff84c0-cedd14a5.jpg,rain,2,6.5271446335232515,11,1,1,0.09090909090909091,0.09090909090909091,0.9827054765990769
0d01bff2-38b969d3.jpg,rain,2,1.5895980060130155,12,7,4,0.3333333333333333,0.5833333333333334,0.8323590341591203
0d03369b-e2199f82.jpg,rain,2,2.4020867028602217,6,6,6,1.0,1.0,0.8410370836972211
0d13ae3d-e9464a42.jpg,rain,2,3.5678697648253292,13,3,3,0.23076923076923078,0.23076923076923078,0.6820108089798823
0d13ae3d-f033a349.jpg,rain,2,3.703409010587352,5,3,3,0.6,0.6,0.8891168311833622
0d1541c9-f4845f6f.jpg,rain,2,3.08835499167548,5,2,2,0.4,0.4,0.9248945441060585
0d1dd928-2d09a570.jpg,rain,2,2.886208836389954,5,2,2,0.4,0.4,0.8268908797180203
0d1fc580-44142e94.jpg,rain,2,2.5567300991880577,2,4,2,1.0,2.0,0.9753131122974408
0d1fc580-61bbac5d.jpg,rain,2,3.1870502845261277,8,7,6,0.75,0.875,0.9041333760642319
0d207cff-4d92f256.jpg,rain,2,3.9934616279071813,8,6,5,0.625,0.75,0.8420220075120225
0d207cff-6d499379.jpg,rain,2,4.254056604896346,5,1,1,0.2,0.2,0.8808907301916106
0d242d07-6298ac79.jpg,rain,2,-0.04054526923277399,14,8,6,0.42857142857142855,0.5714285714285714,0.7594762911104275
0d27973e-cc242ae0.jpg,rain,2,5.7629122229628384,4,1,1,0.25,0.25,0.9668446293159516
0d282223-501af903.jpg,rain,2,-2.603569332667699,0,0,0,,,
0d29f0cb-b57f61b8.jpg,rain,2,9.187718112471346,7,6,6,0.8571428571428571,0.8571428571428571,0.8877995003635414
0d3ec56a-f4cead6f.jpg,rain,2,5.457939313396398,1,0,0,0.0,0.0,
0d3f5fba-01b6e9e2.jpg,rain,2,9.04994502487306,12,7,7,0.5833333333333334,0.5833333333333334,0.8827333278983327
0d4268d5-3c617dd8.jpg,rain,2,6.449952208176464,3,3,2,0.6666666666666666,1.0,0.8155198128181271
0d4268d5-61297777.jpg,rain,2,3.3821977161988634,0,0,0,,,
0d4570ff-76fd2615.jpg,rain,2,2.628357023054998,8,7,7,0.875,0.875,0.8679025922955618
0d538703-ccd64878.jpg,rain,2,1.398595240126936,11,10,9,0.8181818181818182,0.9090909090909091,0.7835407455621474
0d53c976-0532e5df.jpg,rain,2,4.255681682919545,7,5,5,0.7142857142857143,0.7142857142857143,0.9146434076365292
0d53c976-44810d29.jpg,rain,2,2.23341680394449,2,1,1,0.5,0.5,0.9650966576867285
0d53c976-ad5a9570.jpg,rain,2,2.107657786283334,5,3,3,0.6,0.6,0.8346659425423376
0d56a2c2-c244cb4c.jpg,rain,2,2.193573225951022,6,6,6,1.0,1.0,0.8287691419438682
0d574753-7aa1ad57.jpg,rain,2,3.8721938879885083,4,4,3,0.75,1.0,0.9543094860284219
0d588ff8-22e9ece9.jpg,rain,2,3.8142812392523693,8,7,5,0.625,0.875,0.8692630105836932
0d58d15a-6496522e.jpg,rain,2,1.5424724765537947,5,4,4,0.8,0.8,0.9256556066123357
0d5b19b3-df617a03.jpg,rain,2,4.562248647869675,5,3,3,0.6,0.6,0.7445116712584104
0d5b19b3-fe488e51.jpg,rain,2,6.959072809090893,2,2,2,1.0,1.0,0.8899101451490348
0d60205d-0e9f928a.jpg,rain,2,4.352351172342699,10,10,10,1.0,1.0,0.9202448453347298
0d606092-4866137c.jpg,rain,2,3.4872112494260405,6,2,2,0.3333333333333333,0.3333333333333333,0.9515459553862055
0d606092-486670ee.jpg,rain,2,2.119218449292097,12,7,7,0.5833333333333334,0.5833333333333334,0.8326236411652754
0d62200b-85aeaa3d.jpg,rain,2,5.4691919612478,8,6,5,0.625,0.75,0.9342846935374165
0d6822ce-741be0b9.jpg,rain,2,5.407762929050088,15,8,7,0.4666666666666667,0.5333333333333333,0.7182266187432218
0d6ee1b1-00000000.jpg,rain,2,4.91475936668458,6,5,5,0.8333333333333334,0.8333333333333334,0.9066217769279395
0d7731fe-e24a0b6c.jpg,rain,2,3.4931806790336,1,1,1,1.0,1.0,0.9531669865642994
0d792952-00000000.jpg,rain,2,4.818020646370861,6,4,4,0.6666666666666666,0.6666666666666666,0.8615198567627149
0d7b89dd-a640a130.jpg,rain,2,-1.238864037577558,5,4,2,0.4,0.8,0.8297937628788816
0d7eace8-11f0784d.jpg,rain,2,5.2144614258977064,6,8,6,1.0,1.3333333333333333,0.8673938817288454
0d840e3e-1e1d6d69.jpg,rain,2,9.740272209948955,1,0,0,0.0,0.0,
0d851a77-00000000.jpg,rain,2,5.689777427406443,6,6,6,1.0,1.0,0.9350166281179964
0d86c345-e1ec3588.jpg,rain,2,5.790319688664674,14,13,13,0.9285714285714286,0.9285714285714286,0.879145525249084
0d8c886e-00000000.jpg,rain,2,1.715930700054809,6,2,2,0.3333333333333333,0.3333333333333333,0.831876381112286
0d933eed-b74c36f8.jpg,rain,2,-7.875100306141979,8,3,2,0.25,0.375,0.5846717758291047
0d93653a-52e61ac9.jpg,rain,2,7.527721595776301,6,5,5,0.8333333333333334,0.8333333333333334,0.8415813822195257
0da41df0-26725c58.jpg,rain,2,4.402549235294798,16,7,7,0.4375,0.4375,0.8775075675629701
0da7dd83-3aa63f46.jpg,rain,2,2.2020188625466512,3,3,2,0.6666666666666666,1.0,0.9757604182278714
0dab617d-041fe342.jpg,rain,2,4.918515341434514,7,4,4,0.5714285714285714,0.5714285714285714,0.7723537177357028
0daf9d2f-e0e6bc87.jpg,rain,2,7.316512341790457,6,2,2,0.3333333333333333,0.3333333333333333,0.9754928868761721
0db65573-d735f9c8.jpg,rain,2,5.010151392691174,3,2,2,0.6666666666666666,0.6666666666666666,0.936008736115225
0db8d440-cdcfee2e.jpg,rain,2,9.004942830742754,7,6,6,0.8571428571428571,0.8571428571428571,0.9486767777620441
0dc3d787-4982a6e6.jpg,rain,2,1.3216600450781528,11,3,3,0.2727272727272727,0.2727272727272727,0.7432237683999873
0dc5eff4-9ebc6928.jpg,rain,2,5.215297728835675,5,3,3,0.6,0.6,0.9026073997156052
0dc639eb-fa07b4f8.jpg,rain,2,3.3650708703188625,4,2,2,0.5,0.5,0.9398007028827502
0dc6575e-6450c964.jpg,rain,2,5.660500460113002,6,3,3,0.5,0.5,0.946755012482081
0dca1cba-00000000.jpg,rain,2,1.112835348178676,5,3,3,0.6,0.6,0.7572800201550923
0dca3d7c-931b1cb4.jpg,rain,2,4.523712274467979,9,5,4,0.4444444444444444,0.5555555555555556,0.8652584149879538
0ddfea57-b0fe2cab.jpg,rain,2,4.399237200378821,9,5,5,0.5555555555555556,0.5555555555555556,0.917580750452991
0ddfea57-b0fe6132.jpg,rain,2,4.056041551965877,9,6,6,0.6666666666666666,0.6666666666666666,0.9012727525709153
0de6314f-75a8269d.jpg,rain,2,5.977663112264363,4,5,4,1.0,1.25,0.8544072148643387
0dee3467-8bd40000.jpg,rain,2,3.1107115875867892,6,4,4,0.6666666666666666,0.6666666666666666,0.7815687620130082
0dee3467-8bd40001.jpg,rain,2,2.9116386440142628,2,1,1,0.5,0.5,0.5069507509605309
0df15660-25ff1e6c.jpg,rain,2,5.0832890688388215,0,0,0,,,
0dfa5925-30d5c44a.jpg,rain,2,-0.3524321857120406,0,0,0,,,
0dfdc506-c9265cf2.jpg,rain,2,1.1548046346702947,7,5,5,0.7142857142857143,0.7142857142857143,0.8426821082211926
0dffa115-18743b1b.jpg,rain,2,6.365904614690292,2,1,0,0.0,0.5,
0e0158e0-41f51afb.jpg,rain,2,2.1737611733391407,2,1,1,0.5,0.5,0.8508918153025504
0e0158e0-f5dae483.jpg,rain,2,2.5275068522232553,7,5,5,0.7142857142857143,0.7142857142857143,0.8572649889117809
0e033c03-3042664b.jpg,rain,2,4.228615338802139,11,6,6,0.5454545454545454,0.5454545454545454,0.8487244196998871
0e05e1d7-51f62fca.jpg,rain,2,2.4517744341551437,5,1,1,0.2,0.2,0.524547803617571
0e07d567-339cb843.jpg,rain,2,0.628092252948979,4,1,1,0.25,0.25,0.8264438143560663
0e0c9ba3-294b474c.jpg,rain,2,4.03998796038275,2,1,1,0.5,0.5,0.8223525662729789
0e0fd502-99e356ef.jpg,rain,2,1.9409620408259067,3,1,1,0.3333333333333333,0.3333333333333333,0.7990726429675425
0e0ff624-53c9b3a8.jpg,rain,2,2.334065176585465,8,5,3,0.375,0.625,0.8781249581069974
0e1c42db-f6a14072.jpg,rain,2,4.361865448176572,8,5,5,0.625,0.625,0.9427031293924724
0e1c42db-f6a1715f.jpg,rain,2,3.187645243950149,4,0,0,0.0,0.0,
0e1fad11-71fdc8f4.jpg,rain,2,2.971705109431633,0,0,0,,,
0e21b3fa-648e5a8a.jpg,rain,2,3.538900737154461,5,5,5,1.0,1.0,0.950799741047442
0e233b52-81b75cdf.jpg,rain,2,6.134511592935143,6,2,2,0.3333333333333333,0.3333333333333333,0.7174483104349137
0e280165-84b9023a.jpg,rain,2,3.7097673374677815,7,7,6,0.8571428571428571,1.0,0.9326789786253246
0e280165-d2cf6778.jpg,rain,2,4.771728921238579,7,6,5,0.7142857142857143,0.8571428571428571,0.8562150338253904
0e2f075d-c71b5ccf.jpg,rain,2,1.7108024703243814,8,5,5,0.625,0.625,0.8819436420423401
0e31726a-00000000.jpg,rain,2,3.912203535036001,4,0,0,0.0,0.0,
0e33c3bd-01573a4f.jpg,rain,2,1.7447319926881235,1,1,1,1.0,1.0,0.8117432904770282
0e36465c-8b9c425a.jpg,rain,2,7.700812371770633,7,5,5,0.7142857142857143,0.7142857142857143,0.9258038105110626
0e4066b2-9b16405b.jpg,rain,2,4.1688262027544996,14,6,6,0.42857142857142855,0.42857142857142855,0.8901288550738525
0e40e862-f22a14f4.jpg,rain,2,5.953490560020919,6,0,0,0.0,0.0,
0e460dd3-2cf2a7b9.jpg,rain,2,3.8858298760493653,4,2,2,0.5,0.5,0.8487656663370835
0e46d6a2-317f7ded.jpg,rain,2,3.6301664377771203,8,7,7,0.875,0.875,0.7932783149267157
0e46d6a2-d82d7613.jpg,rain,2,2.047829405033802,3,1,1,0.3333333333333333,0.3333333333333333,0.9390815370196813
0e4ad39c-a888eefa.jpg,rain,2,3.5889714327511104,4,2,2,0.5,0.5,0.9297882021525365
0e5016e5-00000000.jpg,rain,2,1.2537220977559187,11,10,8,0.7272727272727273,0.9090909090909091,0.8769534901265498
0e507677-d37ecfe0.jpg,rain,2,7.537946867783601,3,1,1,0.3333333333333333,0.3333333333333333,0.9351671678754644
0e526010-34c35870.jpg,rain,2,5.030586969151157,1,1,1,1.0,1.0,0.9838106258614597
0e5b6c2c-d34a3ec8.jpg,rain,2,6.347752401969917,16,10,10,0.625,0.625,0.8831702794130878
0e5fc339-929b1def.jpg,rain,2,-6.713590098095244,1,2,1,1.0,2.0,0.7226340286157559
0e6538be-925bab70.jpg,rain,2,3.1465594706142634,8,9,8,1.0,1.125,0.9025331419970608
0e6ba7c4-6562f924.jpg,rain,2,1.5773309130762436,1,0,0,0.0,0.0,
0e6cf5cb-8e4fe4ba.jpg,rain,2,4.520693286379366,4,3,3,0.75,0.75,0.8550706997601355
0e711991-1e7ba083.jpg,rain,2,3.5522688650040273,7,1,1,0.14285714285714285,0.14285714285714285,0.8191991082147144
0e758b80-e99d0000.jpg,rain,2,4.2421233691444895,9,5,5,0.5555555555555556,0.5555555555555556,0.9100701190082564
0e758b80-e99d0001.jpg,rain,2,4.114829119387094,7,6,6,0.8571428571428571,0.8571428571428571,0.8616776487607639
0e764680-656be9ac.jpg,rain,2,-6.165807288868773,2,0,0,0.0,0.0,
0e76aa4d-8b4b4a9f.jpg,rain,2,4.328829960991489,1,0,0,0.0,0.0,
0e82aef9-00000000.jpg,rain,2,3.9667546166886765,4,4,4,1.0,1.0,0.802117302630295
0e86ba7a-399d9901.jpg,rain,2,2.469313126945543,6,3,2,0.3333333333333333,0.5,0.8506163105974656
0e888c35-00000000.jpg,rain,2,6.28544222726576,11,8,7,0.6363636363636364,0.7272727272727273,0.8542045324099714
0e888d6a-85910f38.jpg,rain,2,3.4668534205151436,5,2,2,0.4,0.4,0.9246871079028187
0e8c2d15-27cabc30.jpg,rain,2,2.543169836848948,7,3,3,0.42857142857142855,0.42857142857142855,0.8584510078159554
0e8c47b3-00000000.jpg,rain,2,4.10243041168251,2,0,0,0.0,0.0,
0e8e5273-5fd9ed6c.jpg,rain,2,4.800619023806111,12,6,5,0.4166666666666667,0.5,0.8033755076210254
0e8fcc27-1ff1764e.jpg,rain,2,2.152599178769073,5,2,2,0.4,0.4,0.7203079284447209
0e9166d9-0e0cd95b.jpg,rain,2,-0.44496695035752376,14,8,7,0.5,0.5714285714285714,0.8777810134391562
0e946d23-8a9b41b7.jpg,rain,2,3.723832442696838,10,4,4,0.4,0.4,0.7566921203006993
0e9bf060-4319b186.jpg,rain,2,6.349091887324201,5,3,3,0.6,0.6,0.8839300360175764
0e9e8f3e-55cd30d7.jpg,rain,2,4.393670056478133,10,9,8,0.8,0.9,0.8422394525158081
0ea18604-68919f0c.jpg,rain,2,3.6609566892545704,9,7,7,0.7777777777777778,0.7777777777777778,0.9369270257948231
0ea18604-eec933af.jpg,rain,2,3.6125684300507563,10,5,5,0.5,0.5,0.9430199327800652
0ea767e0-ae006e7f.jpg,rain,2,5.249749749383984,10,9,9,0.9,0.9,0.9037800430719933
0ea7f502-16d9fb4e.jpg,rain,2,6.180510278657637,3,2,2,0.6666666666666666,0.6666666666666666,0.9003952034460928
0ebcc3f8-820d55a0.jpg,rain,2,7.218164057778663,9,2,2,0.2222222222222222,0.2222222222222222,0.8337141193857878
0ec4e1d8-36ec61fc.jpg,rain,2,3.2704443826125686,11,7,7,0.6363636363636364,0.6363636363636364,0.9266526722740364
0ec9c6cf-00000000.jpg,rain,2,4.290688687324577,12,9,9,0.75,0.75,0.9072741867750188
0ed0d326-f3689a47.jpg,rain,2,2.2724470625608566,8,5,5,0.625,0.625,0.9030210558412388
0ed4beee-00000000.jpg,rain,2,8.720798930781719,6,3,3,0.5,0.5,0.9457905557690284
0ed7ba52-0276f1f9.jpg,rain,2,5.656680339603993,7,5,5,0.7142857142857143,0.7142857142857143,0.9194548511026543
0edc5faa-fd89fc10.jpg,rain,2,4.794447301307141,11,7,7,0.6363636363636364,0.6363636363636364,0.8583638962987437
0edee2c1-e740d94c.jpg,rain,2,3.154456632969117,10,8,7,0.7,0.8,0.8275893697842837
0ee642f9-22c03b1a.jpg,rain,2,-2.9260825002908724,2,1,1,0.5,0.5,0.5743534482758621
0efe0129-c499802e.jpg,rain,2,3.7300256815896975,3,3,2,0.6666666666666666,1.0,0.9504575197754609
0f00789b-d70124c2.jpg,rain,2,2.562403900083097,6,5,5,0.8333333333333334,0.8333333333333334,0.9271651613260143
0f01b85e-4ac91fc2.jpg,rain,2,1.6859574223969918,6,2,2,0.3333333333333333,0.3333333333333333,0.7547432419961091
0f026efa-37f39d4a.jpg,rain,2,3.0981907629633367,7,4,4,0.5714285714285714,0.5714285714285714,0.7739089947966618
0f04d966-26bc7c82.jpg,rain,2,4.271121434312689,7,4,3,0.42857142857142855,0.5714285714285714,0.9440108293412713
0f06d2de-7b9b4397.jpg,rain,2,3.2607001543697454,11,4,4,0.36363636363636365,0.36363636363636365,0.8801078548504158
0f0f2997-57c7f360.jpg,rain,2,2.730976619222364,11,7,6,0.5454545454545454,0.6363636363636364,0.8253245843649005
0f11e283-a34ec892.jpg,rain,2,3.226801529527656,5,4,4,0.8,0.8,0.9174363505136439
0f1359f1-203c30d4.jpg,rain,2,1.8672969794662755,6,1,1,0.16666666666666666,0.16666666666666666,0.7165437302423604
0f145ef9-2fb016d0.jpg,rain,2,3.8336958101523995,8,4,4,0.5,0.5,0.8965928974514079
0f172b7f-24d20000.jpg,rain,2,2.866324282768648,7,4,3,0.42857142857142855,0.5714285714285714,0.8141394746414692
0f172b7f-24d20001.jpg,rain,2,5.332081639831845,8,7,6,0.75,0.875,0.9058246349425345
0f172b7f-71040000.jpg,rain,2,3.6520295668535763,1,1,1,1.0,1.0,0.9641810485183979
0f172b7f-71040001.jpg,rain,2,3.5693323664856664,10,6,5,0.5,0.6,0.8694437566082278
0f19617d-b4f92e8f.jpg,rain,2,3.9629070860565734,9,2,2,0.2222222222222222,0.2222222222222222,0.823656837119696
0f1a2d28-63e10000.jpg,rain,2,0.7540717155621368,6,6,5,0.8333333333333334,1.0,0.859819595955266
0f1a2d28-bfa30000.jpg,rain,2,3.444736991195347,9,6,6,0.6666666666666666,0.6666666666666666,0.814199298235116
0f1a2d28-bfa30001.jpg,rain,2,4.202045800217224,7,5,5,0.7142857142857143,0.7142857142857143,0.7918379970820693
0f1c1335-f2117479.jpg,rain,2,8.048528753054452,8,4,4,0.5,0.5,0.8726534434393309
0f20fbcb-5af70000.jpg,rain,2,2.3962284438648873,0,0,0,,,
0f20fbcb-5af70001.jpg,rain,2,5.152404808741116,0,0,0,,,
0f2e6f9c-a281e34b.jpg,rain,2,3.7344554300195942,6,1,1,0.16666666666666666,0.16666666666666666,0.8435114503816794
0f31361a-7020f98e.jpg,rain,2,5.777513501944168,4,3,3,0.75,0.75,0.9207403960872794
0f31361a-f207c44b.jpg,rain,2,2.231305614296602,4,4,3,0.75,1.0,0.8914554471443017
0f3a30a8-00000000.jpg,rain,2,7.14935194876163,14,6,5,0.35714285714285715,0.42857142857142855,0.9371447590232116
0f3b5959-891de44a.jpg,rain,2,-2.7475835211166597,0,0,0,,,
0f40ce99-8124c30e.jpg,rain,2,6.055553536523512,8,1,1,0.125,0.125,0.9122234016493835
0f442be6-6b658bbe.jpg,rain,2,3.876469553328592,1,0,0,0.0,0.0,
0f4e8f1e-6ba53d52.jpg,rain,2,7.656327839171055,10,8,8,0.8,0.8,0.9300704086526643
0f55b994-5afbf176.jpg,rain,2,0.37330144344206123,0,0,0,,,
0f599715-11b8833d.jpg,rain,2,6.002997110472363,1,0,0,0.0,0.0,
0f5f84ef-5d520000.jpg,rain,2,2.6855539969852833,5,3,1,0.2,0.6,0.9517241379310345
0f5f84ef-5d520001.jpg,rain,2,3.2778512481504785,2,1,1,0.5,0.5,0.8787433888171511
0f67195e-35f09df1.jpg,rain,2,4.184470161834576,6,3,3,0.5,0.5,0.9483627446864883
0f70e154-bed7cd92.jpg,rain,2,2.0866029306051734,8,6,6,0.75,0.75,0.8553416086899066
0f773c7f-00000000.jpg,rain,2,2.729254241729473,4,2,2,0.5,0.5,0.9253859868451695
0f80ec3e-7bb4e2f3.jpg,rain,2,1.8947627053185998,6,2,2,0.3333333333333333,0.3333333333333333,0.9741914356631469
0f89108b-3ab59119.jpg,rain,2,9.206812170502698,4,0,0,0.0,0.0,
0f8cb657-8ad774d0.jpg,rain,2,4.562736187113158,7,2,2,0.2857142857142857,0.2857142857142857,0.9454690234805752
0f8fd55d-a77de0d3.jpg,rain,2,4.816598393332868,4,1,1,0.25,0.25,0.8654545454545455
0f959aac-24823e01.jpg,rain,2,3.404737021601946,5,4,3,0.6,0.8,0.9314091146517686
0f9ab080-cdb5b048.jpg,rain,2,2.311552506417188,1,0,0,0.0,0.0,
0f9fbe4b-081bb395.jpg,rain,2,6.754942155810879,3,0,0,0.0,0.0,
0fa41d9d-0f21770c.jpg,rain,2,6.0892198973284675,6,5,5,0.8333333333333334,0.8333333333333334,0.8133880130182775
0fa741ce-76dbb843.jpg,rain,2,1.4938867113215024,4,3,3,0.75,0.75,0.7661213849313796
0fa741ce-9b6dde95.jpg,rain,2,1.6755966774607256,6,6,4,0.6666666666666666,1.0,0.7193509532247144
0fa91e8c-e1e98e63.jpg,rain,2,3.829289353811092,4,3,2,0.5,0.75,0.9507933197412385
0fabbd93-2184c8fb.jpg,rain,2,3.9873464118412056,9,8,7,0.7777777777777778,0.8888888888888888,0.8506518406550684
0face0a1-5b28a752.jpg,rain,2,1.6359992073840721,7,4,3,0.42857142857142855,0.5714285714285714,0.7993265718610364
0fae1a88-00ee28ed.jpg,rain,2,2.032464894461046,8,6,5,0.625,0.75,0.9046735406854103
0fbf178c-8d2aa7d8.jpg,rain,2,2.166822477156894,6,2,2,0.3333333333333333,0.3333333333333333,0.9590776152980878
0fc07ccd-14991933.jpg,rain,2,5.755087472212439,7,4,3,0.42857142857142855,0.5714285714285714,0.883022171619238
0fc0b0cc-75d5e23d.jpg,rain,2,2.788385958679635,5,2,1,0.2,0.4,0.9108433734939759
0fc24bdf-0a2e9836.jpg,rain,2,4.583179439730616,4,1,1,0.25,0.25,0.845
0fd189de-150829cc.jpg,rain,2,1.9166833992465278,5,4,2,0.4,0.8,0.7635070884081294
0fd4b88c-55926d64.jpg,rain,2,3.569417590857131,2,1,1,0.5,0.5,0.9742787360708289
0fd50fa7-f14c78b9.jpg,rain,2,3.993998348807625,7,6,5,0.7142857142857143,0.8571428571428571,0.8469800619048906
0fd5c032-3f1d4196.jpg,rain,2,7.234551972467188,13,7,7,0.5384615384615384,0.5384615384615384,0.8600868245782476
0fe7b9f6-0335655c.jpg,rain,2,1.576809510817916,3,3,1,0.3333333333333333,1.0,0.6477535301668806
0fe831f2-d3180400.jpg,rain,2,-8.308728177556432,10,0,0,0.0,0.0,
0fe9b1fe-fce3e681.jpg,rain,2,2.2427905692447245,4,3,3,0.75,0.75,0.9209557291522118
0fee1f42-a259393c.jpg,rain,2,4.908307131551135,5,4,3,0.6,0.8,0.9364158627246993
0ff38b93-5f47e38f.jpg,rain,2,3.4597654097395463,6,0,0,0.0,0.0,
0ff690fc-7122d807.jpg,rain,2,4.089028238660498,6,3,2,0.3333333333333333,0.5,0.8841307814992025
0ff6a13c-52abc606.jpg,rain,2,0.9773678758892145,9,1,1,0.1111111111111111,0.1111111111111111,0.8934426229508197
0ff834c6-eeda5d39.jpg,rain,2,1.6101365676553872,9,7,7,0.7777777777777778,0.7777777777777778,0.749168494960057
0ffa214f-6eda13d5.jpg,rain,2,7.784510036905922,9,9,8,0.8888888888888888,1.0,0.936156881707604
0ffb84f8-30d3bfd7.jpg,rain,2,3.833051936073517,9,8,8,0.8888888888888888,0.8888888888888888,0.9152220785021228
0fffedae-3981da6d.jpg,rain,2,3.6596981907263446,5,2,2,0.4,0.4,0.8818619472656122
1a0b97c6-83f64f01.jpg,rain,2,2.8372335455700783,11,5,4,0.36363636363636365,0.45454545454545453,0.7771528607437506
1a0e583b-2203c539.jpg,rain,2,1.7264868671195646,1,2,1,1.0,2.0,0.9805394005240621
1a2a7bec-5c26b74d.jpg,rain,2,4.187169889731172,12,7,7,0.5833333333333334,0.5833333333333334,0.8433552399848238
1a2d0980-9f026712.jpg,rain,2,3.8318838604505285,9,6,6,0.6666666666666666,0.6666666666666666,0.8326414341826145
1a2f2112-f566a272.jpg,rain,2,4.50969734975888,3,0,0,0.0,0.0,
1a2f950b-6289c313.jpg,rain,2,5.255482515123079,4,1,0,0.0,0.25,
1a3a8552-293f6a45.jpg,rain,2,2.4428233843029084,9,7,7,0.7777777777777778,0.7777777777777778,0.9150985719641351
1a3b76e0-1eafc790.jpg,rain,2,5.3533183067492915,8,4,4,0.5,0.5,0.8839931511527134
