[INFO] Found 1 distinct video sequences, 178 consecutive frame pairs total.
[baseline] 178 clean frame pairs
[degraded] cached 179 clean frames in memory
[degraded] motion_blur level_1 (178 pairs)
[degraded] motion_blur level_2 (178 pairs)
[degraded] motion_blur level_3 (178 pairs)
[degraded] motion_blur level_4 (178 pairs)
[degraded] motion_blur level_5 (178 pairs)
[degraded] motion_blur level_6 (178 pairs)
[degraded] motion_blur level_7 (178 pairs)
[degraded] motion_blur level_8 (178 pairs)
[degraded] motion_blur level_9 (178 pairs)
[degraded] low_light level_1 (178 pairs)
[degraded] low_light level_2 (178 pairs)
[degraded] low_light level_3 (178 pairs)
[degraded] low_light level_4 (178 pairs)
[degraded] low_light level_5 (178 pairs)
[degraded] low_light level_6 (178 pairs)
[degraded] low_light level_7 (178 pairs)
[WARN] No descriptors found for pair: C:\Users\amit\Project_digital_image_processing__Amit_Alon\data\clean_images\2_data_feature_matching_high_level\00e9be89-00001375.jpg, C:\Users\amit\Project_digital_image_processing__Amit_Alon\data\clean_images\2_data_feature_matching_high_level\00e9be89-00001380.jpg
[WARN] No descriptors found for pair: C:\Users\amit\Project_digital_image_processing__Amit_Alon\data\clean_images\2_data_feature_matching_high_level\00e9be89-00001380.jpg, C:\Users\amit\Project_digital_image_processing__Amit_Alon\data\clean_images\2_data_feature_matching_high_level\00e9be89-00001385.jpg
[degraded] low_light level_8 (178 pairs)
[WARN] No descriptors found for pair: C:\Users\amit\Project_digital_image_processing__Amit_Alon\data\clean_images\2_data_feature_matching_high_level\00e9be89-00000015.jpg, C:\Users\amit\Project_digital_image_processing__Amit_Alon\data\clean_images\2_data_feature_matching_high_level\00e9be89-00000100.jpg
[WARN] No descriptors found for pair: C:\Users\amit\Project_digital_image_processing__Amit_Alon\data\clean_images\2_data_feature_matching_high_level\00e9be89-00000100.jpg, C:\Users\amit\Project_digital_image_processing__Amit_Alon\data\clean_images\2_data_feature_matching_high_level\00e9be89-00000105.jpg
[WARN] No descriptors found for pair: C:\Users\amit\Project_digital_image_processing__Amit_Alon\data\clean_images\2_data_feature_matching_high_level\00e9be89-00000105.jpg, C:\Users\amit\Project_digital_image_processing__Amit_Alon\data\clean_images\2_data_feature_matching_high_level\00e9be89-00000110.jpg
[WARN] No descriptors found for pair: C:\Users\amit\Project_digital_image_processing__Amit_Alon\data\clean_images\2_data_feature_matching_high_level\00e9be89-00000110.jpg, C:\Users\amit\Project_digital_image_processing__Amit_Alon\data\clean_images\2_data_feature_matching_high_level\00e9be89-00000115.jpg
[WARN] No descriptors found for pair: C:\Users\amit\Project_digital_image_processing__Amit_Alon\data\clean_images\2_data_feature_matching_high_level\00e9be89-00000115.jpg, C:\Users\amit\Project_digital_image_processing__Amit_Alon\data\clean_images\2_data_feature_matching_high_level\00e9be89-00000120.jpg
[WARN] No descriptors found for pair: C:\Users\amit\Project_digital_image_processing__Amit_Alon\data\clean_images\2_data_feature_matching_high_level\00e9be89-00000120.jpg, C:\Users\amit\Project_digital_image_processing__Amit_Alon\data\clean_images\2_data_feature_matching_high_level\00e9be89-00000125.jpg
[WARN] No descriptors found for pair: C:\Users\amit\Project_digital_image_processing__Amit_Alon\data\clean_images\2_data_feature_matching_high_level\00e9be89-00000125.jpg, C:\Users\amit\Project_digital_image_processing__Amit_Alon\data\clean_images\2_data_feature_matching_high_level\00e9be89-00000130.jpg
[WARN] No descriptors found for pair: C:\Users\amit\Project_digital_image_processing__Amit_Alon\data\clean_images\2_data_feature_matching_high_level\00e9be89-00000130.jpg, C:\Users\amit\Project_digital_image_processing__Amit_Alon\data\clean_images\2_data_feature_matching_high_level\00e9be89-00000135.jpg
[WARN] No descriptors found for pair: C:\Users\amit\Project_digital_image_processing__Amit_Alon\data\clean_images\2_data_feature_matching_high_level\00e9be89-00000135.jpg, C:\Users\amit\Project_digital_image_processing__Amit_Alon\data\clean_images\2_data_feature_matching_high_level\00e9be89-00000140.jpg
[WARN] No descriptors found for pair: C:\Users\amit\Project_digital_image_processing__Amit_Alon\data\clean_images\2_data_feature_matching_high_level\00e9be89-00000140.jpg, C:\Users\amit\Project_digital_image_processing__Amit_Alon\data\clean_images\2_data_feature_matching_high_level\00e9be89-00000145.jpg
[WARN] No descriptors found for pair: C:\Users\amit\Project_digital_image_processing__Amit_Alon\data\clean_images\2_data_feature_matching_high_level\00e9be89-00000145.jpg, C:\Users\amit\Project_digital_image_processing__Amit_Alon\data\clean_images\2_data_feature_matching_high_level\00e9be89-00000150.jpg
[WARN] No descriptors found for pair: C:\Users\amit\Project_digital_image_processing__Amit_Alon\data\clean_images\2_data_feature_matching_high_level\00e9be89-00000150.jpg, C:\Users\amit\Project_digital_image_processing__Amit_Alon\data\clean_images\2_data_feature_matching_high_level\00e9be89-00000160.jpg
[WARN] No descriptors found for pair: C:\Users\amit\Project_digital_image_processing__Amit_Alon\data\clean_images\2_data_feature_matching_high_level\00e9be89-00000160.jpg, C:\Users\amit\Project_digital_image_processing__Amit_Alon\data\clean_images\2_data_feature_matching_high_level\00e9be89-00000165.jpg
[WARN] No descriptors found for pair: C:\Users\amit\Project_digital_image_processing__Amit_Alon\data\clean_images\2_data_feature_matching_high_level\00e9be89-00000165.jpg, C:\Users\amit\Project_digital_image_processing__Amit_Alon\data\clean_images\2_data_feature_matching_high_level\00e9be89-00000175.jpg
[WARN] No descriptors found for pair: C:\Users\amit\Project_digital_image_processing__Amit_Alon\data\clean_images\2_data_feature_matching_high_level\00e9be89-00000175.jpg, C:\Users\amit\Project_digital_image_processing__Amit_Alon\data\clean_images\2_data_feature_matching_high_level\00e9be89-00000190.jpg
[WARN] No descriptors found for pair: C:\Users\amit\Project_digital_image_processing__Amit_Alon\data\clean_images\2_data_feature_matching_high_level\00e9be89-00000190.jpg, C:\Users\amit\Project_digital_image_processing__Amit_Alon\data\clean_images\2_data_feature_matching_high_level\00e9be89-00001000.jpg
[WARN] No descriptors found for pair: C:\Users\amit\Project_digital_image_processing__Amit_Alon\data\clean_images\2_data_feature_matching_high_level\00e9be89-00001000.jpg, C:\Users\amit\Project_digital_image_processing__Amit_Alon\data\clean_images\2_data_feature_matching_high_level\00e9be89-00001005.jpg
[WARN] No descriptors found for pair: C:\Users\amit\Project_digital_image_processing__Amit_Alon\data\clean_images\2_data_feature_matching_high_level\00e9be89-00001005.jpg, C:\Users\amit\Project_digital_image_processing__Amit_Alon\data\clean_images\2_data_feature_matching_high_level\00e9be89-00001010.jpg
[WARN] No descriptors found for pair: C:\Users\amit\Project_digital_image_processing__Amit_Alon\data\clean_images\2_data_feature_matching_high_level\00e9be89-00001010.jpg, C:\Users\amit\Project_digital_image_processing__Amit_Alon\data\clean_images\2_data_feature_matching_high_level\00e9be89-00001015.jpg
[WARN] No descriptors found for pair: C:\Users\amit\Project_digital_image_processing__Amit_Alon\data\clean_images\2_data_feature_matching_high_level\00e9be89-00001015.jpg, C:\Users\amit\Project_digital_image_processing__Amit_Alon\data\clean_images\2_data_feature_matching_high_level\00e9be89-00001020.jpg
[WARN] No descriptors found for pair: C:\Users\amit\Project_digital_image_processing__Amit_Alon\data\clean_images\2_data_feature_matching_high_level\00e9be89-00001020.jpg, C:\Users\amit\Project_digital_image_processing__Amit_Alon\data\clean_images\2_data_feature_matching_high_level\00e9be89-00001025.jpg
[WARN] No descriptors found for pair: C:\Users\amit\Project_digital_image_processing__Amit_Alon\data\clean_images\2_data_feature_matching_high_level\00e9be89-00001025.jpg, C:\Users\amit\Project_digital_image_processing__Amit_Alon\data\clean_images\2_data_feature_matching_high_level\00e9be89-00001030.jpg
[WARN] No descriptors found for pair: C:\Users\amit\Project_digital_image_processing__Amit_Alon\data\clean_images\2_data_feature_matching_high_level\00e9be89-00001030.jpg, C:\Users\amit\Project_digital_image_processing__Amit_Alon\data\clean_images\2_data_feature_matching_high_level\00e9be89-00001035.jpg
[WARN] No descriptors found for pair: C:\Users\amit\Project_digital_image_processing__Amit_Alon\data\clean_images\2_data_feature_matching_high_level\00e9be89-00001035.jpg, C:\Users\amit\Project_digital_image_processing__Amit_Alon\data\clean_images\2_data_feature_matching_high_level\00e9be89-00001040.jpg
[WARN] No descriptors found for pair: C:\Users\amit\Project_digital_image_processing__Amit_Alon\data\clean_images\2_data_feature_matching_high_level\00e9be89-00001040.jpg, C:\Users\amit\Project_digital_image_processing__Amit_Alon\data\clean_images\2_data_feature_matching_high_level\00e9be89-00001045.jpg
[WARN] No descriptors found for pair: C:\Users\amit\Project_digital_image_processing__Amit_Alon\data\clean_images\2_data_feature_matching_high_level\00e9be89-00001045.jpg, C:\Users\amit\Project_digital_image_processing__Amit_Alon\data\clean_images\2_data_feature_matching_high_level\00e9be89-00001050.jpg
[WARN] No descriptors found for pair: C:\Users\amit\Project_digital_image_processing__Amit_Alon\data\clean_images\2_data_feature_matching_high_level\00e9be89-00001050.jpg, C:\Users\amit\Project_digital_image_processing__Amit_Alon\data\clean_images\2_data_feature_matching_high_level\00e9be89-00001055.jpg
[WARN] No descriptors found for pair: C:\Users\amit\Project_digital_image_processing__Amit_Alon\data\clean_images\2_data_feature_matching_high_level\00e9be89-00001055.jpg, C:\Users\amit\Project_digital_image_processing__Amit_Alon\data\clean_images\2_data_feature_matching_high_level\00e9be89-00001060.jpg
[WARN] No descriptors found for pair: C:\Users\amit\Project_digital_image_processing__Amit_Alon\data\clean_images\2_data_feature_matching_high_level\00e9be89-00001060.jpg, C:\Users\amit\Project_digital_image_processing__Amit_Alon\data\clean_images\2_data_feature_matching_high_level\00e9be89-00001065.jpg
[WARN] No descriptors found for pair: C:\Users\amit\Project_digital_image_processing__Amit_Alon\data\clean_images\2_data_feature_matching_high_level\00e9be89-00001065.jpg, C:\Users\amit\Project_digital_image_processing__Amit_Alon\data\clean_images\2_data_feature_matching_high_level\00e9be89-00001070.jpg
[WARN] No descriptors found for pair: C:\Users\amit\Project_digital_image_processing__Amit_Alon\data\clean_images\2_data_feature_matching_high_level\00e9be89-00001070.jpg, C:\Users\amit\Project_digital_image_processing__Amit_Alon\data\clean_images\2_data_feature_matching_high_level\00e9be89-00001075.jpg
[WARN] No descriptors found for pair: C:\Users\amit\Project_digital_image_processing__Amit_Alon\data\clean_images\2_data_feature_matching_high_level\00e9be89-00001075.jpg, C:\Users\amit\Project_digital_image_processing__Amit_Alon\data\clean_images\2_data_feature_matching_high_level\00e9be89-00001080.jpg
[WARN] No descriptors found for pair: C:\Users\amit\Project_digital_image_processing__Amit_Alon\data\clean_images\2_data_feature_matching_high_level\00e9be89-00001080.jpg, C:\Users\amit\Project_digital_image_processing__Amit_Alon\data\clean_images\2_data_feature_matching_high_level\00e9be89-00001090.jpg
[WARN] No descriptors found for pair: C:\Users\amit\Project_digital_image_processing__Amit_Alon\data\clean_images\2_data_feature_matching_high_level\00e9be89-00001090.jpg, C:\Users\amit\Project_digital_image_processing__Amit_Alon\data\clean_images\2_data_feature_matching_high_level\00e9be89-00001095.jpg
[WARN] No descriptors found for pair: C:\Users\amit\Project_digital_image_processing__Amit_Alon\data\clean_images\2_data_feature_matching_high_level\00e9be89-00001095.jpg, C:\Users\amit\Project_digital_image_processing__Amit_Alon\data\clean_images\2_data_feature_matching_high_level\00e9be89-00001100.jpg
[WARN] No descriptors found for pair: C:\Users\amit\Project_digital_image_processing__Amit_Alon\data\clean_images\2_data_feature_matching_high_level\00e9be89-00001100.jpg, C:\Users\amit\Project_digital_image_processing__Amit_Alon\data\clean_images\2_data_feature_matching_high_level\00e9be89-00001105.jpg
[WARN] No descriptors found for pair: C:\Users\amit\Project_digital_image_processing__Amit_Alon\data\clean_images\2_data_feature_matching_high_level\00e9be89-00001105.jpg, C:\Users\amit\Project_digital_image_processing__Amit_Alon\data\clean_images\2_data_feature_matching_high_level\00e9be89-00001115.jpg
[WARN] No descriptors found for pair: C:\Users\amit\Project_digital_image_processing__Amit_Alon\data\clean_images\2_data_feature_matching_high_level\00e9be89-00001115.jpg, C:\Users\amit\Project_digital_image_processing__Amit_Alon\data\clean_images\2_data_feature_matching_high_level\00e9be89-00001125.jpg
[WARN] No descriptors found for pair: C:\Users\amit\Project_digital_image_processing__Amit_Alon\data\clean_images\2_data_feature_matching_high_level\00e9be89-00001125.jpg, C:\Users\amit\Project_digital_image_processing__Amit_Alon\data\clean_images\2_data_feature_matching_high_level\00e9be89-00001130.jpg
[WARN] No descriptors found for pair: C:\Users\amit\Project_digital_image_processing__Amit_Alon\data\clean_images\2_data_feature_matching_high_level\00e9be89-00001130.jpg, C:\Users\amit\Project_digital_image_processing__Amit_Alon\data\clean_images\2_data_feature_matching_high_level\00e9be89-00001135.jpg
[WARN] No descriptors found for pair: C:\Users\amit\Project_digital_image_processing__Amit_Alon\data\clean_images\2_data_feature_matching_high_level\00e9be89-00001135.jpg, C:\Users\amit\Project_digital_image_processing__Amit_Alon\data\clean_images\2_data_feature_matching_high_level\00e9be89-00001140.jpg
[WARN] No descriptors found for pair: C:\Users\amit\Project_digital_image_processing__Amit_Alon\data\clean_images\2_data_feature_matching_high_level\00e9be89-00001140.jpg, C:\Users\amit\Project_digital_image_processing__Amit_Alon\data\clean_images\2_data_feature_matching_high_level\00e9be89-00001150.jpg
[WARN] No descriptors found for pair: C:\Users\amit\Project_digital_image_processing__Amit_Alon\data\clean_images\2_data_feature_matching_high_level\00e9be89-00001150.jpg, C:\Users\amit\Project_digital_image_processing__Amit_Alon\data\clean_images\2_data_feature_matching_high_level\00e9be89-00001155.jpg
[WARN] No descriptors found for pair: C:\Users\amit\Project_digital_image_processing__Amit_Alon\data\clean_images\2_data_feature_matching_high_level\00e9be89-00001155.jpg, C:\Users\amit\Project_digital_image_processing__Amit_Alon\data\clean_images\2_data_feature_matching_high_level\00e9be89-00001160.jpg
[WARN] No descriptors found for pair: C:\Users\amit\Project_digital_image_processing__Amit_Alon\data\clean_images\2_data_feature_matching_high_level\00e9be89-00001160.jpg, C:\Users\amit\Project_digital_image_processing__Amit_Alon\data\clean_images\2_data_feature_matching_high_level\00e9be89-00001165.jpg
[WARN] No descriptors found for pair: C:\Users\amit\Project_digital_image_processing__Amit_Alon\data\clean_images\2_data_feature_matching_high_level\00e9be89-00001165.jpg, C:\Users\amit\Project_digital_image_processing__Amit_Alon\data\clean_images\2_data_feature_matching_high_level\00e9be89-00001170.jpg
[WARN] No descriptors found for pair: C:\Users\amit\Project_digital_image_processing__Amit_Alon\data\clean_images\2_data_feature_matching_high_level\00e9be89-00001170.jpg, C:\Users\amit\Project_digital_image_processing__Amit_Alon\data\clean_images\2_data_feature_matching_high_level\00e9be89-00001175.jpg
[WARN] No descriptors found for pair: C:\Users\amit\Project_digital_image_processing__Amit_Alon\data\clean_images\2_data_feature_matching_high_level\00e9be89-00001175.jpg, C:\Users\amit\Project_digital_image_processing__Amit_Alon\data\clean_images\2_data_feature_matching_high_level\00e9be89-00001180.jpg
[WARN] No descriptors found for pair: C:\Users\amit\Project_digital_image_processing__Amit_Alon\data\clean_images\2_data_feature_matching_high_level\00e9be89-00001180.jpg, C:\Users\amit\Project_digital_image_processing__Amit_Alon\data\clean_images\2_data_feature_matching_high_level\00e9be89-00001185.jpg
[WARN] No descriptors found for pair: C:\Users\amit\Project_digital_image_processing__Amit_Alon\data\clean_images\2_data_feature_matching_high_level\00e9be89-00001185.jpg, C:\Users\amit\Project_digital_image_processing__Amit_Alon\data\clean_images\2_data_feature_matching_high_level\00e9be89-00001190.jpg
[WARN] No descriptors found for pair: C:\Users\amit\Project_digital_image_processing__Amit_Alon\data\clean_images\2_data_feature_matching_high_level\00e9be89-00001190.jpg, C:\Users\amit\Project_digital_image_processing__Amit_Alon\data\clean_images\2_data_feature_matching_high_level\00e9be89-00001195.jpg
[WARN] No descriptors found for pair: C:\Users\amit\Project_digital_image_processing__Amit_Alon\data\clean_images\2_data_feature_matching_high_level\00e9be89-00001195.jpg, C:\Users\amit\Project_digital_image_processing__Amit_Alon\data\clean_images\2_data_feature_matching_high_level\00e9be89-00001200.jpg
[WARN] No descriptors found for pair: C:\Users\amit\Project_digital_image_processing__Amit_Alon\data\clean_images\2_data_feature_matching_high_level\00e9be89-00001200.jpg, C:\Users\amit\Project_digital_image_processing__Amit_Alon\data\clean_images\2_data_feature_matching_high_level\00e9be89-00001205.jpg
[WARN] No descriptors found for pair: C:\Users\amit\Project_digital_image_processing__Amit_Alon\data\clean_images\2_data_feature_matching_high_level\00e9be89-00001205.jpg, C:\Users\amit\Project_digital_image_processing__Amit_Alon\data\clean_images\2_data_feature_matching_high_level\00e9be89-00001210.jpg
[WARN] No descriptors found for pair: C:\Users\amit\Project_digital_image_processing__Amit_Alon\data\clean_images\2_data_feature_matching_high_level\00e9be89-00001210.jpg, C:\Users\amit\Project_digital_image_processing__Amit_Alon\data\clean_images\2_data_feature_matching_high_level\00e9be89-00001215.jpg
[WARN] No descriptors found for pair: C:\Users\amit\Project_digital_image_processing__Amit_Alon\data\clean_images\2_data_feature_matching_high_level\00e9be89-00001215.jpg, C:\Users\amit\Project_digital_image_processing__Amit_Alon\data\clean_images\2_data_feature_matching_high_level\00e9be89-00001220.jpg
[WARN] No descriptors found for pair: C:\Users\amit\Project_digital_image_processing__Amit_Alon\data\clean_images\2_data_feature_matching_high_level\00e9be89-00001220.jpg, C:\Users\amit\Project_digital_image_processing__Amit_Alon\data\clean_images\2_data_feature_matching_high_level\00e9be89-00001225.jpg
[WARN] No descriptors found for pair: C:\Users\amit\Project_digital_image_processing__Amit_Alon\data\clean_images\2_data_feature_matching_high_level\00e9be89-00001225.jpg, C:\Users\amit\Project_digital_image_processing__Amit_Alon\data\clean_images\2_data_feature_matching_high_level\00e9be89-00001230.jpg
[WARN] No descriptors found for pair: C:\Users\amit\Project_digital_image_processing__Amit_Alon\data\clean_images\2_data_feature_matching_high_level\00e9be89-00001230.jpg, C:\Users\amit\Project_digital_image_processing__Amit_Alon\data\clean_images\2_data_feature_matching_high_level\00e9be89-00001240.jpg
[WARN] No descriptors found for pair: C:\Users\amit\Project_digital_image_processing__Amit_Alon\data\clean_images\2_data_feature_matching_high_level\00e9be89-00001240.jpg, C:\Users\amit\Project_digital_image_processing__Amit_Alon\data\clean_images\2_data_feature_matching_high_level\00e9be89-00001245.jpg
[WARN] No descriptors found for pair: C:\Users\amit\Project_digital_image_processing__Amit_Alon\data\clean_images\2_data_feature_matching_high_level\00e9be89-00001245.jpg, C:\Users\amit\Project_digital_image_processing__Amit_Alon\data\clean_images\2_data_feature_matching_high_level\00e9be89-00001250.jpg
[WARN] No descriptors found for pair: C:\Users\amit\Project_digital_image_processing__Amit_Alon\data\clean_images\2_data_feature_matching_high_level\00e9be89-00001250.jpg, C:\Users\amit\Project_digital_image_processing__Amit_Alon\data\clean_images\2_data_feature_matching_high_level\00e9be89-00001255.jpg
[WARN] No descriptors found for pair: C:\Users\amit\Project_digital_image_processing__Amit_Alon\data\clean_images\2_data_feature_matching_high_level\00e9be89-00001255.jpg, C:\Users\amit\Project_digital_image_processing__Amit_Alon\data\clean_images\2_data_feature_matching_high_level\00e9be89-00001260.jpg
[WARN] No descriptors found for pair: C:\Users\amit\Project_digital_image_processing__Amit_Alon\data\clean_images\2_data_feature_matching_high_level\00e9be89-00001260.jpg, C:\Users\amit\Project_digital_image_processing__Amit_Alon\data\clean_images\2_data_feature_matching_high_level\00e9be89-00001265.jpg
[WARN] No descriptors found for pair: C:\Users\amit\Project_digital_image_processing__Amit_Alon\data\clean_images\2_data_feature_matching_high_level\00e9be89-00001265.jpg, C:\Users\amit\Project_digital_image_processing__Amit_Alon\data\clean_images\2_data_feature_matching_high_level\00e9be89-00001270.jpg
[WARN] No descriptors found for pair: C:\Users\amit\Project_digital_image_processing__Amit_Alon\data\clean_images\2_data_feature_matching_high_level\00e9be89-00001270.jpg, C:\Users\amit\Project_digital_image_processing__Amit_Alon\data\clean_images\2_data_feature_matching_high_level\00e9be89-00001275.jpg
[WARN] No descriptors found for pair: C:\Users\amit\Project_digital_image_processing__Amit_Alon\data\clean_images\2_data_feature_matching_high_level\00e9be89-00001275.jpg, C:\Users\amit\Project_digital_image_processing__Amit_Alon\data\clean_images\2_data_feature_matching_high_level\00e9be89-00001280.jpg
[WARN] No descriptors found for pair: C:\Users\amit\Project_digital_image_processing__Amit_Alon\data\clean_images\2_data_feature_matching_high_level\00e9be89-00001280.jpg, C:\Users\amit\Project_digital_image_processing__Amit_Alon\data\clean_images\2_data_feature_matching_high_level\00e9be89-00001285.jpg
[WARN] No descriptors found for pair: C:\Users\amit\Project_digital_image_processing__Amit_Alon\data\clean_images\2_data_feature_matching_high_level\00e9be89-00001285.jpg, C:\Users\amit\Project_digital_image_processing__Amit_Alon\data\clean_images\2_data_feature_matching_high_level\00e9be89-00001290.jpg
[WARN] No descriptors found for pair: C:\Users\amit\Project_digital_image_processing__Amit_Alon\data\clean_images\2_data_feature_matching_high_level\00e9be89-00001290.jpg, C:\Users\amit\Project_digital_image_processing__Amit_Alon\data\clean_images\2_data_feature_matching_high_level\00e9be89-00001295.jpg
[WARN] No descriptors found for pair: C:\Users\amit\Project_digital_image_processing__Amit_Alon\data\clean_images\2_data_feature_matching_high_level\00e9be89-00001295.jpg, C:\Users\amit\Project_digital_image_processing__Amit_Alon\data\clean_images\2_data_feature_matching_high_level\00e9be89-00001305.jpg
[WARN] No descriptors found for pair: C:\Users\amit\Project_digital_image_processing__Amit_Alon\data\clean_images\2_data_feature_matching_high_level\00e9be89-00001305.jpg, C:\Users\amit\Project_digital_image_processing__Amit_Alon\data\clean_images\2_data_feature_matching_high_level\00e9be89-00001310.jpg
[WARN] No descriptors found for pair: C:\Users\amit\Project_digital_image_processing__Amit_Alon\data\clean_images\2_data_feature_matching_high_level\00e9be89-00001325.jpg, C:\Users\amit\Project_digital_image_processing__Amit_Alon\data\clean_images\2_data_feature_matching_high_level\00e9be89-00001330.jpg
[WARN] No descriptors found for pair: C:\Users\amit\Project_digital_image_processing__Amit_Alon\data\clean_images\2_data_feature_matching_high_level\00e9be89-00001330.jpg, C:\Users\amit\Project_digital_image_processing__Amit_Alon\data\clean_images\2_data_feature_matching_high_level\00e9be89-00001335.jpg
[WARN] No descriptors found for pair: C:\Users\amit\Project_digital_image_processing__Amit_Alon\data\clean_images\2_data_feature_matching_high_level\00e9be89-00001335.jpg, C:\Users\amit\Project_digital_image_processing__Amit_Alon\data\clean_images\2_data_feature_matching_high_level\00e9be89-00001340.jpg
[WARN] No descriptors found for pair: C:\Users\amit\Project_digital_image_processing__Amit_Alon\data\clean_images\2_data_feature_matching_high_level\00e9be89-00001340.jpg, C:\Users\amit\Project_digital_image_processing__Amit_Alon\data\clean_images\2_data_feature_matching_high_level\00e9be89-00001345.jpg
[WARN] No descriptors found for pair: C:\Users\amit\Project_digital_image_processing__Amit_Alon\data\clean_images\2_data_feature_matching_high_level\00e9be89-00001345.jpg, C:\Users\amit\Project_digital_image_processing__Amit_Alon\data\clean_images\2_data_feature_matching_high_level\00e9be89-00001350.jpg
[WARN] No descriptors found for pair: C:\Users\amit\Project_digital_image_processing__Amit_Alon\data\clean_images\2_data_feature_matching_high_level\00e9be89-00001350.jpg, C:\Users\amit\Project_digital_image_processing__Amit_Alon\data\clean_images\2_data_feature_matching_high_level\00e9be89-00001355.jpg
[WARN] No descriptors found for pair: C:\Users\amit\Project_digital_image_processing__Amit_Alon\data\clean_images\2_data_feature_matching_high_level\00e9be89-00001365.jpg, C:\Users\amit\Project_digital_image_processing__Amit_Alon\data\clean_images\2_data_feature_matching_high_level\00e9be89-00001370.jpg
[WARN] No descriptors found for pair: C:\Users\amit\Project_digital_image_processing__Amit_Alon\data\clean_images\2_data_feature_matching_high_level\00e9be89-00001370.jpg, C:\Users\amit\Project_digital_image_processing__Amit_Alon\data\clean_images\2_data_feature_matching_high_level\00e9be89-00001375.jpg
[WARN] No descriptors found for pair: C:\Users\amit\Project_digital_image_processing__Amit_Alon\data\clean_images\2_data_feature_matching_high_level\00e9be89-00001375.jpg, C:\Users\amit\Project_digital_image_processing__Amit_Alon\data\clean_images\2_data_feature_matching_high_level\00e9be89-00001380.jpg
[WARN] No descriptors found for pair: C:\Users\amit\Project_digital_image_processing__Amit_Alon\data\clean_images\2_data_feature_matching_high_level\00e9be89-00001380.jpg, C:\Users\amit\Project_digital_image_processing__Amit_Alon\data\clean_images\2_data_feature_matching_high_level\00e9be89-00001385.jpg
[WARN] No descriptors found for pair: C:\Users\amit\Project_digital_image_processing__Amit_Alon\data\clean_images\2_data_feature_matching_high_level\00e9be89-00001385.jpg, C:\Users\amit\Project_digital_image_processing__Amit_Alon\data\clean_images\2_data_feature_matching_high_level\00e9be89-00001390.jpg
[WARN] No descriptors found for pair: C:\Users\amit\Project_digital_image_processing__Amit_Alon\data\clean_images\2_data_feature_matching_high_level\00e9be89-00001390.jpg, C:\Users\amit\Project_digital_image_processing__Amit_Alon\data\clean_images\2_data_feature_matching_high_level\00e9be89-00001395.jpg
[WARN] No descriptors found for pair: C:\Users\amit\Project_digital_image_processing__Amit_Alon\data\clean_images\2_data_feature_matching_high_level\00e9be89-00001395.jpg, C:\Users\amit\Project_digital_image_processing__Amit_Alon\data\clean_images\2_data_feature_matching_high_level\00e9be89-00001400.jpg
[WARN] No descriptors found for pair: C:\Users\amit\Project_digital_image_processing__Amit_Alon\data\clean_images\2_data_feature_matching_high_level\00e9be89-00001400.jpg, C:\Users\amit\Project_digital_image_processing__Amit_Alon\data\clean_images\2_data_feature_matching_high_level\00e9be89-00001405.jpg
[WARN] No descriptors found for pair: C:\Users\amit\Project_digital_image_processing__Amit_Alon\data\clean_images\2_data_feature_matching_high_level\00e9be89-00001405.jpg, C:\Users\amit\Project_digital_image_processing__Amit_Alon\data\clean_images\2_data_feature_matching_high_level\00e9be89-00001410.jpg
[WARN] No descriptors found for pair: C:\Users\amit\Project_digital_image_processing__Amit_Alon\data\clean_images\2_data_feature_matching_high_level\00e9be89-00001410.jpg, C:\Users\amit\Project_digital_image_processing__Amit_Alon\data\clean_images\2_data_feature_matching_high_level\00e9be89-00001415.jpg
[WARN] No descriptors found for pair: C:\Users\amit\Project_digital_image_processing__Amit_Alon\data\clean_images\2_data_feature_matching_high_level\00e9be89-00001415.jpg, C:\Users\amit\Project_digital_image_processing__Amit_Alon\data\clean_images\2_data_feature_matching_high_level\00e9be89-00001420.jpg
[WARN] No descriptors found for pair: C:\Users\amit\Project_digital_image_processing__Amit_Alon\data\clean_images\2_data_feature_matching_high_level\00e9be89-00001420.jpg, C:\Users\amit\Project_digital_image_processing__Amit_Alon\data\clean_images\2_data_feature_matching_high_level\00e9be89-00001425.jpg
[WARN] No descriptors found for pair: C:\Users\amit\Project_digital_image_processing__Amit_Alon\data\clean_images\2_data_feature_matching_high_level\00e9be89-00001425.jpg, C:\Users\amit\Project_digital_image_processing__Amit_Alon\data\clean_images\2_data_feature_matching_high_level\00e9be89-00001430.jpg
[WARN] No descriptors found for pair: C:\Users\amit\Project_digital_image_processing__Amit_Alon\data\clean_images\2_data_feature_matching_high_level\00e9be89-00001430.jpg, C:\Users\amit\Project_digital_image_processing__Amit_Alon\data\clean_images\2_data_feature_matching_high_level\00e9be89-00001440.jpg
[WARN] No descriptors found for pair: C:\Users\amit\Project_digital_image_processing__Amit_Alon\data\clean_images\2_data_feature_matching_high_level\00e9be89-00001440.jpg, C:\Users\amit\Project_digital_image_processing__Amit_Alon\data\clean_images\2_data_feature_matching_high_level\00e9be89-00001445.jpg
[WARN] No descriptors found for pair: C:\Users\amit\Project_digital_image_processing__Amit_Alon\data\clean_images\2_data_feature_matching_high_level\00e9be89-00001445.jpg, C:\Users\amit\Project_digital_image_processing__Amit_Alon\data\clean_images\2_data_feature_matching_high_level\00e9be89-00001450.jpg
[WARN] No descriptors found for pair: C:\Users\amit\Project_digital_image_processing__Amit_Alon\data\clean_images\2_data_feature_matching_high_level\00e9be89-00001450.jpg, C:\Users\amit\Project_digital_image_processing__Amit_Alon\data\clean_images\2_data_feature_matching_high_level\00e9be89-00001455.jpg
[WARN] No descriptors found for pair: C:\Users\amit\Project_digital_image_processing__Amit_Alon\data\clean_images\2_data_feature_matching_high_level\00e9be89-00001455.jpg, C:\Users\amit\Project_digital_image_processing__Amit_Alon\data\clean_images\2_data_feature_matching_high_level\00e9be89-00001460.jpg
[WARN] No descriptors found for pair: C:\Users\amit\Project_digital_image_processing__Amit_Alon\data\clean_images\2_data_feature_matching_high_level\00e9be89-00001460.jpg, C:\Users\amit\Project_digital_image_processing__Amit_Alon\data\clean_images\2_data_feature_matching_high_level\00e9be89-00001465.jpg
[WARN] No descriptors found for pair: C:\Users\amit\Project_digital_image_processing__Amit_Alon\data\clean_images\2_data_feature_matching_high_level\00e9be89-00001465.jpg, C:\Users\amit\Project_digital_image_processing__Amit_Alon\data\clean_images\2_data_feature_matching_high_level\00e9be89-00001470.jpg
[WARN] No descriptors found for pair: C:\Users\amit\Project_digital_image_processing__Amit_Alon\data\clean_images\2_data_feature_matching_high_level\00e9be89-00001470.jpg, C:\Users\amit\Project_digital_image_processing__Amit_Alon\data\clean_images\2_data_feature_matching_high_level\00e9be89-00001475.jpg
[WARN] No descriptors found for pair: C:\Users\amit\Project_digital_image_processing__Amit_Alon\data\clean_images\2_data_feature_matching_high_level\00e9be89-00001475.jpg, C:\Users\amit\Project_digital_image_processing__Amit_Alon\data\clean_images\2_data_feature_matching_high_level\00e9be89-00001480.jpg
[WARN] No descriptors found for pair: C:\Users\amit\Project_digital_image_processing__Amit_Alon\data\clean_images\2_data_feature_matching_high_level\00e9be89-00001480.jpg, C:\Users\amit\Project_digital_image_processing__Amit_Alon\data\clean_images\2_data_feature_matching_high_level\00e9be89-00001485.jpg
[WARN] No descriptors found for pair: C:\Users\amit\Project_digital_image_processing__Amit_Alon\data\clean_images\2_data_feature_matching_high_level\00e9be89-00001485.jpg, C:\Users\amit\Project_digital_image_processing__Amit_Alon\data\clean_images\2_data_feature_matching_high_level\00e9be89-00001490.jpg
[WARN] No descriptors found for pair: C:\Users\amit\Project_digital_image_processing__Amit_Alon\data\clean_images\2_data_feature_matching_high_level\00e9be89-00001490.jpg, C:\Users\amit\Project_digital_image_processing__Amit_Alon\data\clean_images\2_data_feature_matching_high_level\00e9be89-00001495.jpg
[WARN] No descriptors found for pair: C:\Users\amit\Project_digital_image_processing__Amit_Alon\data\clean_images\2_data_feature_matching_high_level\00e9be89-00001495.jpg, C:\Users\amit\Project_digital_image_processing__Amit_Alon\data\clean_images\2_data_feature_matching_high_level\00e9be89-00001500.jpg
[WARN] No descriptors found for pair: C:\Users\amit\Project_digital_image_processing__Amit_Alon\data\clean_images\2_data_feature_matching_high_level\00e9be89-00001500.jpg, C:\Users\amit\Project_digital_image_processing__Amit_Alon\data\clean_images\2_data_feature_matching_high_level\00e9be89-00001505.jpg
[WARN] No descriptors found for pair: C:\Users\amit\Project_digital_image_processing__Amit_Alon\data\clean_images\2_data_feature_matching_high_level\00e9be89-00001505.jpg, C:\Users\amit\Project_digital_image_processing__Amit_Alon\data\clean_images\2_data_feature_matching_high_level\00e9be89-00001510.jpg
[WARN] No descriptors found for pair: C:\Users\amit\Project_digital_image_processing__Amit_Alon\data\clean_images\2_data_feature_matching_high_level\00e9be89-00001510.jpg, C:\Users\amit\Project_digital_image_processing__Amit_Alon\data\clean_images\2_data_feature_matching_high_level\00e9be89-00001515.jpg
[WARN] No descriptors found for pair: C:\Users\amit\Project_digital_image_processing__Amit_Alon\data\clean_images\2_data_feature_matching_high_level\00e9be89-00001515.jpg, C:\Users\amit\Project_digital_image_processing__Amit_Alon\data\clean_images\2_data_feature_matching_high_level\00e9be89-00001520.jpg
[WARN] No descriptors found for pair: C:\Users\amit\Project_digital_image_processing__Amit_Alon\data\clean_images\2_data_feature_matching_high_level\00e9be89-00001520.jpg, C:\Users\amit\Project_digital_image_processing__Amit_Alon\data\clean_images\2_data_feature_matching_high_level\00e9be89-00001525.jpg
[WARN] No descriptors found for pair: C:\Users\amit\Project_digital_image_processing__Amit_Alon\data\clean_images\2_data_feature_matching_high_level\00e9be89-00001525.jpg, C:\Users\amit\Project_digital_image_processing__Amit_Alon\data\clean_images\2_data_feature_matching_high_level\00e9be89-00001535.jpg
[WARN] No descriptors found for pair: C:\Users\amit\Project_digital_image_processing__Amit_Alon\data\clean_images\2_data_feature_matching_high_level\00e9be89-00001535.jpg, C:\Users\amit\Project_digital_image_processing__Amit_Alon\data\clean_images\2_data_feature_matching_high_level\00e9be89-00001540.jpg
[WARN] No descriptors found for pair: C:\Users\amit\Project_digital_image_processing__Amit_Alon\data\clean_images\2_data_feature_matching_high_level\00e9be89-00001540.jpg, C:\Users\amit\Project_digital_image_processing__Amit_Alon\data\clean_images\2_data_feature_matching_high_level\00e9be89-00001545.jpg
[WARN] No descriptors found for pair: C:\Users\amit\Project_digital_image_processing__Amit_Alon\data\clean_images\2_data_feature_matching_high_level\00e9be89-00001545.jpg, C:\Users\amit\Project_digital_image_processing__Amit_Alon\data\clean_images\2_data_feature_matching_high_level\00e9be89-00001550.jpg
[WARN] No descriptors found for pair: C:\Users\amit\Project_digital_image_processing__Amit_Alon\data\clean_images\2_data_feature_matching_high_level\00e9be89-00001550.jpg, C:\Users\amit\Project_digital_image_processing__Amit_Alon\data\clean_images\2_data_feature_matching_high_level\00e9be89-00001555.jpg
[WARN] No descriptors found for pair: C:\Users\amit\Project_digital_image_processing__Amit_Alon\data\clean_images\2_data_feature_matching_high_level\00e9be89-00001555.jpg, C:\Users\amit\Project_digital_image_processing__Amit_Alon\data\clean_images\2_data_feature_matching_high_level\00e9be89-00001560.jpg
[WARN] No descriptors found for pair: C:\Users\amit\Project_digital_image_processing__Amit_Alon\data\clean_images\2_data_feature_matching_high_level\00e9be89-00001560.jpg, C:\Users\amit\Project_digital_image_processing__Amit_Alon\data\clean_images\2_data_feature_matching_high_level\00e9be89-00001565.jpg
[WARN] No descriptors found for pair: C:\Users\amit\Project_digital_image_processing__Amit_Alon\data\clean_images\2_data_feature_matching_high_level\00e9be89-00001565.jpg, C:\Users\amit\Project_digital_image_processing__Amit_Alon\data\clean_images\2_data_feature_matching_high_level\00e9be89-00001570.jpg
[WARN] No descriptors found for pair: C:\Users\amit\Project_digital_image_processing__Amit_Alon\data\clean_images\2_data_feature_matching_high_level\00e9be89-00001570.jpg, C:\Users\amit\Project_digital_image_processing__Amit_Alon\data\clean_images\2_data_feature_matching_high_level\00e9be89-00001575.jpg
[WARN] No descriptors found for pair: C:\Users\amit\Project_digital_image_processing__Amit_Alon\data\clean_images\2_data_feature_matching_high_level\00e9be89-00001575.jpg, C:\Users\amit\Project_digital_image_processing__Amit_Alon\data\clean_images\2_data_feature_matching_high_level\00e9be89-00001580.jpg
[WARN] No descriptors found for pair: C:\Users\amit\Project_digital_image_processing__Amit_Alon\data\clean_images\2_data_feature_matching_high_level\00e9be89-00001580.jpg, C:\Users\amit\Project_digital_image_processing__Amit_Alon\data\clean_images\2_data_feature_matching_high_level\00e9be89-00001585.jpg
[WARN] No descriptors found for pair: C:\Users\amit\Project_digital_image_processing__Amit_Alon\data\clean_images\2_data_feature_matching_high_level\00e9be89-00001585.jpg, C:\Users\amit\Project_digital_image_processing__Amit_Alon\data\clean_images\2_data_feature_matching_high_level\00e9be89-00001590.jpg
[WARN] No descriptors found for pair: C:\Users\amit\Project_digital_image_processing__Amit_Alon\data\clean_images\2_data_feature_matching_high_level\00e9be89-00001590.jpg, C:\Users\amit\Project_digital_image_processing__Amit_Alon\data\clean_images\2_data_feature_matching_high_level\00e9be89-00001595.jpg
[WARN] No descriptors found for pair: C:\Users\amit\Project_digital_image_processing__Amit_Alon\data\clean_images\2_data_feature_matching_high_level\00e9be89-00001595.jpg, C:\Users\amit\Project_digital_image_processing__Amit_Alon\data\clean_images\2_data_feature_matching_high_level\00e9be89-00001600.jpg
[WARN] No descriptors found for pair: C:\Users\amit\Project_digital_image_processing__Amit_Alon\data\clean_images\2_data_feature_matching_high_level\00e9be89-00001600.jpg, C:\Users\amit\Project_digital_image_processing__Amit_Alon\data\clean_images\2_data_feature_matching_high_level\00e9be89-00001605.jpg
[WARN] No descriptors found for pair: C:\Users\amit\Project_digital_image_processing__Amit_Alon\data\clean_images\2_data_feature_matching_high_level\00e9be89-00001605.jpg, C:\Users\amit\Project_digital_image_processing__Amit_Alon\data\clean_images\2_data_feature_matching_high_level\00e9be89-00001610.jpg
[WARN] No descriptors found for pair: C:\Users\amit\Project_digital_image_processing__Amit_Alon\data\clean_images\2_data_feature_matching_high_level\00e9be89-00001610.jpg, C:\Users\amit\Project_digital_image_processing__Amit_Alon\data\clean_images\2_data_feature_matching_high_level\00e9be89-00001620.jpg
[WARN] No descriptors found for pair: C:\Users\amit\Project_digital_image_processing__Amit_Alon\data\clean_images\2_data_feature_matching_high_level\00e9be89-00001620.jpg, C:\Users\amit\Project_digital_image_processing__Amit_Alon\data\clean_images\2_data_feature_matching_high_level\00e9be89-00001625.jpg
[WARN] No descriptors found for pair: C:\Users\amit\Project_digital_image_processing__Amit_Alon\data\clean_images\2_data_feature_matching_high_level\00e9be89-00001625.jpg, C:\Users\amit\Project_digital_image_processing__Amit_Alon\data\clean_images\2_data_feature_matching_high_level\00e9be89-00001630.jpg
[WARN] No descriptors found for pair: C:\Users\amit\Project_digital_image_processing__Amit_Alon\data\clean_images\2_data_feature_matching_high_level\00e9be89-00001630.jpg, C:\Users\amit\Project_digital_image_processing__Amit_Alon\data\clean_images\2_data_feature_matching_high_level\00e9be89-00001635.jpg
[WARN] No descriptors found for pair: C:\Users\amit\Project_digital_image_processing__Amit_Alon\data\clean_images\2_data_feature_matching_high_level\00e9be89-00001635.jpg, C:\Users\amit\Project_digital_image_processing__Amit_Alon\data\clean_images\2_data_feature_matching_high_level\00e9be89-00001640.jpg
[WARN] No descriptors found for pair: C:\Users\amit\Project_digital_image_processing__Amit_Alon\data\clean_images\2_data_feature_matching_high_level\00e9be89-00001640.jpg, C:\Users\amit\Project_digital_image_processing__Amit_Alon\data\clean_images\2_data_feature_matching_high_level\00e9be89-00001645.jpg
[WARN] No descriptors found for pair: C:\Users\amit\Project_digital_image_processing__Amit_Alon\data\clean_images\2_data_feature_matching_high_level\00e9be89-00001645.jpg, C:\Users\amit\Project_digital_image_processing__Amit_Alon\data\clean_images\2_data_feature_matching_high_level\00e9be89-00001650.jpg
[WARN] No descriptors found for pair: C:\Users\amit\Project_digital_image_processing__Amit_Alon\data\clean_images\2_data_feature_matching_high_level\00e9be89-00001655.jpg, C:\Users\amit\Project_digital_image_processing__Amit_Alon\data\clean_images\2_data_feature_matching_high_level\00e9be89-00001665.jpg
[WARN] No descriptors found for pair: C:\Users\amit\Project_digital_image_processing__Amit_Alon\data\clean_images\2_data_feature_matching_high_level\00e9be89-00001665.jpg, C:\Users\amit\Project_digital_image_processing__Amit_Alon\data\clean_images\2_data_feature_matching_high_level\00e9be89-00001670.jpg
[WARN] No descriptors found for pair: C:\Users\amit\Project_digital_image_processing__Amit_Alon\data\clean_images\2_data_feature_matching_high_level\00e9be89-00001670.jpg, C:\Users\amit\Project_digital_image_processing__Amit_Alon\data\clean_images\2_data_feature_matching_high_level\00e9be89-00001675.jpg
[WARN] No descriptors found for pair: C:\Users\amit\Project_digital_image_processing__Amit_Alon\data\clean_images\2_data_feature_matching_high_level\00e9be89-00001675.jpg, C:\Users\amit\Project_digital_image_processing__Amit_Alon\data\clean_images\2_data_feature_matching_high_level\00e9be89-00001680.jpg
[WARN] No descriptors found for pair: C:\Users\amit\Project_digital_image_processing__Amit_Alon\data\clean_images\2_data_feature_matching_high_level\00e9be89-00001680.jpg, C:\Users\amit\Project_digital_image_processing__Amit_Alon\data\clean_images\2_data_feature_matching_high_level\00e9be89-00001685.jpg
[WARN] No descriptors found for pair: C:\Users\amit\Project_digital_image_processing__Amit_Alon\data\clean_images\2_data_feature_matching_high_level\00e9be89-00001685.jpg, C:\Users\amit\Project_digital_image_processing__Amit_Alon\data\clean_images\2_data_feature_matching_high_level\00e9be89-00001690.jpg
[WARN] No descriptors found for pair: C:\Users\amit\Project_digital_image_processing__Amit_Alon\data\clean_images\2_data_feature_matching_high_level\00e9be89-00001690.jpg, C:\Users\amit\Project_digital_image_processing__Amit_Alon\data\clean_images\2_data_feature_matching_high_level\00e9be89-00001695.jpg
[WARN] No descriptors found for pair: C:\Users\amit\Project_digital_image_processing__Amit_Alon\data\clean_images\2_data_feature_matching_high_level\00e9be89-00001695.jpg, C:\Users\amit\Project_digital_image_processing__Amit_Alon\data\clean_images\2_data_feature_matching_high_level\00e9be89-00001705.jpg
[WARN] No descriptors found for pair: C:\Users\amit\Project_digital_image_processing__Amit_Alon\data\clean_images\2_data_feature_matching_high_level\00e9be89-00001705.jpg, C:\Users\amit\Project_digital_image_processing__Amit_Alon\data\clean_images\2_data_feature_matching_high_level\00e9be89-00001710.jpg
[WARN] No descriptors found for pair: C:\Users\amit\Project_digital_image_processing__Amit_Alon\data\clean_images\2_data_feature_matching_high_level\00e9be89-00001710.jpg, C:\Users\amit\Project_digital_image_processing__Amit_Alon\data\clean_images\2_data_feature_matching_high_level\00e9be89-00001715.jpg
[WARN] No descriptors found for pair: C:\Users\amit\Project_digital_image_processing__Amit_Alon\data\clean_images\2_data_feature_matching_high_level\00e9be89-00001715.jpg, C:\Users\amit\Project_digital_image_processing__Amit_Alon\data\clean_images\2_data_feature_matching_high_level\00e9be89-00001720.jpg
[WARN] No descriptors found for pair: C:\Users\amit\Project_digital_image_processing__Amit_Alon\data\clean_images\2_data_feature_matching_high_level\00e9be89-00001720.jpg, C:\Users\amit\Project_digital_image_processing__Amit_Alon\data\clean_images\2_data_feature_matching_high_level\00e9be89-00001725.jpg
[WARN] No descriptors found for pair: C:\Users\amit\Project_digital_image_processing__Amit_Alon\data\clean_images\2_data_feature_matching_high_level\00e9be89-00001725.jpg, C:\Users\amit\Project_digital_image_processing__Amit_Alon\data\clean_images\2_data_feature_matching_high_level\00e9be89-00001730.jpg
[WARN] No descriptors found for pair: C:\Users\amit\Project_digital_image_processing__Amit_Alon\data\clean_images\2_data_feature_matching_high_level\00e9be89-00001730.jpg, C:\Users\amit\Project_digital_image_processing__Amit_Alon\data\clean_images\2_data_feature_matching_high_level\00e9be89-00001740.jpg
[WARN] No descriptors found for pair: C:\Users\amit\Project_digital_image_processing__Amit_Alon\data\clean_images\2_data_feature_matching_high_level\00e9be89-00001740.jpg, C:\Users\amit\Project_digital_image_processing__Amit_Alon\data\clean_images\2_data_feature_matching_high_level\00e9be89-00001745.jpg
[WARN] No descriptors found for pair: C:\Users\amit\Project_digital_image_processing__Amit_Alon\data\clean_images\2_data_feature_matching_high_level\00e9be89-00001745.jpg, C:\Users\amit\Project_digital_image_processing__Amit_Alon\data\clean_images\2_data_feature_matching_high_level\00e9be89-00001750.jpg
[WARN] No descriptors found for pair: C:\Users\amit\Project_digital_image_processing__Amit_Alon\data\clean_images\2_data_feature_matching_high_level\00e9be89-00001750.jpg, C:\Users\amit\Project_digital_image_processing__Amit_Alon\data\clean_images\2_data_feature_matching_high_level\00e9be89-00001755.jpg
[WARN] No descriptors found for pair: C:\Users\amit\Project_digital_image_processing__Amit_Alon\data\clean_images\2_data_feature_matching_high_level\00e9be89-00001755.jpg, C:\Users\amit\Project_digital_image_processing__Amit_Alon\data\clean_images\2_data_feature_matching_high_level\00e9be89-00001760.jpg
[WARN] No descriptors found for pair: C:\Users\amit\Project_digital_image_processing__Amit_Alon\data\clean_images\2_data_feature_matching_high_level\00e9be89-00001760.jpg, C:\Users\amit\Project_digital_image_processing__Amit_Alon\data\clean_images\2_data_feature_matching_high_level\00e9be89-00001765.jpg
[WARN] No descriptors found for pair: C:\Users\amit\Project_digital_image_processing__Amit_Alon\data\clean_images\2_data_feature_matching_high_level\00e9be89-00001765.jpg, C:\Users\amit\Project_digital_image_processing__Amit_Alon\data\clean_images\2_data_feature_matching_high_level\00e9be89-00001770.jpg
[WARN] No descriptors found for pair: C:\Users\amit\Project_digital_image_processing__Amit_Alon\data\clean_images\2_data_feature_matching_high_level\00e9be89-00001770.jpg, C:\Users\amit\Project_digital_image_processing__Amit_Alon\data\clean_images\2_data_feature_matching_high_level\00e9be89-00001775.jpg
[WARN] No descriptors found for pair: C:\Users\amit\Project_digital_image_processing__Amit_Alon\data\clean_images\2_data_feature_matching_high_level\00e9be89-00001775.jpg, C:\Users\amit\Project_digital_image_processing__Amit_Alon\data\clean_images\2_data_feature_matching_high_level\00e9be89-00001780.jpg
[WARN] No descriptors found for pair: C:\Users\amit\Project_digital_image_processing__Amit_Alon\data\clean_images\2_data_feature_matching_high_level\00e9be89-00001780.jpg, C:\Users\amit\Project_digital_image_processing__Amit_Alon\data\clean_images\2_data_feature_matching_high_level\00e9be89-00001785.jpg
[WARN] No descriptors found for pair: C:\Users\amit\Project_digital_image_processing__Amit_Alon\data\clean_images\2_data_feature_matching_high_level\00e9be89-00001785.jpg, C:\Users\amit\Project_digital_image_processing__Amit_Alon\data\clean_images\2_data_feature_matching_high_level\00e9be89-00001795.jpg
[WARN] No descriptors found for pair: C:\Users\amit\Project_digital_image_processing__Amit_Alon\data\clean_images\2_data_feature_matching_high_level\00e9be89-00001795.jpg, C:\Users\amit\Project_digital_image_processing__Amit_Alon\data\clean_images\2_data_feature_matching_high_level\00e9be89-00001800.jpg
[WARN] No descriptors found for pair: C:\Users\amit\Project_digital_image_processing__Amit_Alon\data\clean_images\2_data_feature_matching_high_level\00e9be89-00001800.jpg, C:\Users\amit\Project_digital_image_processing__Amit_Alon\data\clean_images\2_data_feature_matching_high_level\00e9be89-00001810.jpg
[WARN] No descriptors found for pair: C:\Users\amit\Project_digital_image_processing__Amit_Alon\data\clean_images\2_data_feature_matching_high_level\00e9be89-00001810.jpg, C:\Users\amit\Project_digital_image_processing__Amit_Alon\data\clean_images\2_data_feature_matching_high_level\00e9be89-00001815.jpg
[WARN] No descriptors found for pair: C:\Users\amit\Project_digital_image_processing__Amit_Alon\data\clean_images\2_data_feature_matching_high_level\00e9be89-00001815.jpg, C:\Users\amit\Project_digital_image_processing__Amit_Alon\data\clean_images\2_data_feature_matching_high_level\00e9be89-00001820.jpg
[WARN] No descriptors found for pair: C:\Users\amit\Project_digital_image_processing__Amit_Alon\data\clean_images\2_data_feature_matching_high_level\00e9be89-00001820.jpg, C:\Users\amit\Project_digital_image_processing__Amit_Alon\data\clean_images\2_data_feature_matching_high_level\00e9be89-00001825.jpg
[WARN] No descriptors found for pair: C:\Users\amit\Project_digital_image_processing__Amit_Alon\data\clean_images\2_data_feature_matching_high_level\00e9be89-00001825.jpg, C:\Users\amit\Project_digital_image_processing__Amit_Alon\data\clean_images\2_data_feature_matching_high_level\00e9be89-00001830.jpg
[WARN] No descriptors found for pair: C:\Users\amit\Project_digital_image_processing__Amit_Alon\data\clean_images\2_data_feature_matching_high_level\00e9be89-00001830.jpg, C:\Users\amit\Project_digital_image_processing__Amit_Alon\data\clean_images\2_data_feature_matching_high_level\00e9be89-00001840.jpg
[WARN] No descriptors found for pair: C:\Users\amit\Project_digital_image_processing__Amit_Alon\data\clean_images\2_data_feature_matching_high_level\00e9be89-00001840.jpg, C:\Users\amit\Project_digital_image_processing__Amit_Alon\data\clean_images\2_data_feature_matching_high_level\00e9be89-00001845.jpg
[WARN] No descriptors found for pair: C:\Users\amit\Project_digital_image_processing__Amit_Alon\data\clean_images\2_data_feature_matching_high_level\00e9be89-00001845.jpg, C:\Users\amit\Project_digital_image_processing__Amit_Alon\data\clean_images\2_data_feature_matching_high_level\00e9be89-00001865.jpg
[WARN] No descriptors found for pair: C:\Users\amit\Project_digital_image_processing__Amit_Alon\data\clean_images\2_data_feature_matching_high_level\00e9be89-00001865.jpg, C:\Users\amit\Project_digital_image_processing__Amit_Alon\data\clean_images\2_data_feature_matching_high_level\00e9be89-00001870.jpg
[WARN] No descriptors found for pair: C:\Users\amit\Project_digital_image_processing__Amit_Alon\data\clean_images\2_data_feature_matching_high_level\00e9be89-00001870.jpg, C:\Users\amit\Project_digital_image_processing__Amit_Alon\data\clean_images\2_data_feature_matching_high_level\00e9be89-00001875.jpg
[WARN] No descriptors found for pair: C:\Users\amit\Project_digital_image_processing__Amit_Alon\data\clean_images\2_data_feature_matching_high_level\00e9be89-00001875.jpg, C:\Users\amit\Project_digital_image_processing__Amit_Alon\data\clean_images\2_data_feature_matching_high_level\00e9be89-00001885.jpg
[WARN] No descriptors found for pair: C:\Users\amit\Project_digital_image_processing__Amit_Alon\data\clean_images\2_data_feature_matching_high_level\00e9be89-00001885.jpg, C:\Users\amit\Project_digital_image_processing__Amit_Alon\data\clean_images\2_data_feature_matching_high_level\00e9be89-00001890.jpg
[WARN] No descriptors found for pair: C:\Users\amit\Project_digital_image_processing__Amit_Alon\data\clean_images\2_data_feature_matching_high_level\00e9be89-00001890.jpg, C:\Users\amit\Project_digital_image_processing__Amit_Alon\data\clean_images\2_data_feature_matching_high_level\00e9be89-00001895.jpg
[WARN] No descriptors found for pair: C:\Users\amit\Project_digital_image_processing__Amit_Alon\data\clean_images\2_data_feature_matching_high_level\00e9be89-00001895.jpg, C:\Users\amit\Project_digital_image_processing__Amit_Alon\data\clean_images\2_data_feature_matching_high_level\00e9be89-00001900.jpg
[WARN] No descriptors found for pair: C:\Users\amit\Project_digital_image_processing__Amit_Alon\data\clean_images\2_data_feature_matching_high_level\00e9be89-00001900.jpg, C:\Users\amit\Project_digital_image_processing__Amit_Alon\data\clean_images\2_data_feature_matching_high_level\00e9be89-00001905.jpg
[WARN] No descriptors found for pair: C:\Users\amit\Project_digital_image_processing__Amit_Alon\data\clean_images\2_data_feature_matching_high_level\00e9be89-00001905.jpg, C:\Users\amit\Project_digital_image_processing__Amit_Alon\data\clean_images\2_data_feature_matching_high_level\00e9be89-00001915.jpg
[degraded] low_light level_9 (178 pairs)
[WARN] No descriptors found for pair: C:\Users\amit\Project_digital_image_processing__Amit_Alon\data\clean_images\2_data_feature_matching_high_level\00e9be89-00000015.jpg, C:\Users\amit\Project_digital_image_processing__Amit_Alon\data\clean_images\2_data_feature_matching_high_level\00e9be89-00000100.jpg
[WARN] No descriptors found for pair: C:\Users\amit\Project_digital_image_processing__Amit_Alon\data\clean_images\2_data_feature_matching_high_level\00e9be89-00000100.jpg, C:\Users\amit\Project_digital_image_processing__Amit_Alon\data\clean_images\2_data_feature_matching_high_level\00e9be89-00000105.jpg
[WARN] No descriptors found for pair: C:\Users\amit\Project_digital_image_processing__Amit_Alon\data\clean_images\2_data_feature_matching_high_level\00e9be89-00000105.jpg, C:\Users\amit\Project_digital_image_processing__Amit_Alon\data\clean_images\2_data_feature_matching_high_level\00e9be89-00000110.jpg
[WARN] No descriptors found for pair: C:\Users\amit\Project_digital_image_processing__Amit_Alon\data\clean_images\2_data_feature_matching_high_level\00e9be89-00000110.jpg, C:\Users\amit\Project_digital_image_processing__Amit_Alon\data\clean_images\2_data_feature_matching_high_level\00e9be89-00000115.jpg
[WARN] No descriptors found for pair: C:\Users\amit\Project_digital_image_processing__Amit_Alon\data\clean_images\2_data_feature_matching_high_level\00e9be89-00000115.jpg, C:\Users\amit\Project_digital_image_processing__Amit_Alon\data\clean_images\2_data_feature_matching_high_level\00e9be89-00000120.jpg
[WARN] No descriptors found for pair: C:\Users\amit\Project_digital_image_processing__Amit_Alon\data\clean_images\2_data_feature_matching_high_level\00e9be89-00000120.jpg, C:\Users\amit\Project_digital_image_processing__Amit_Alon\data\clean_images\2_data_feature_matching_high_level\00e9be89-00000125.jpg
[WARN] No descriptors found for pair: C:\Users\amit\Project_digital_image_processing__Amit_Alon\data\clean_images\2_data_feature_matching_high_level\00e9be89-00000125.jpg, C:\Users\amit\Project_digital_image_processing__Amit_Alon\data\clean_images\2_data_feature_matching_high_level\00e9be89-00000130.jpg
[WARN] No descriptors found for pair: C:\Users\amit\Project_digital_image_processing__Amit_Alon\data\clean_images\2_data_feature_matching_high_level\00e9be89-00000130.jpg, C:\Users\amit\Project_digital_image_processing__Amit_Alon\data\clean_images\2_data_feature_matching_high_level\00e9be89-00000135.jpg
[WARN] No descriptors found for pair: C:\Users\amit\Project_digital_image_processing__Amit_Alon\data\clean_images\2_data_feature_matching_high_level\00e9be89-00000135.jpg, C:\Users\amit\Project_digital_image_processing__Amit_Alon\data\clean_images\2_data_feature_matching_high_level\00e9be89-00000140.jpg
[WARN] No descriptors found for pair: C:\Users\amit\Project_digital_image_processing__Amit_Alon\data\clean_images\2_data_feature_matching_high_level\00e9be89-00000140.jpg, C:\Users\amit\Project_digital_image_processing__Amit_Alon\data\clean_images\2_data_feature_matching_high_level\00e9be89-00000145.jpg
[WARN] No descriptors found for pair: C:\Users\amit\Project_digital_image_processing__Amit_Alon\data\clean_images\2_data_feature_matching_high_level\00e9be89-00000145.jpg, C:\Users\amit\Project_digital_image_processing__Amit_Alon\data\clean_images\2_data_feature_matching_high_level\00e9be89-00000150.jpg
[WARN] No descriptors found for pair: C:\Users\amit\Project_digital_image_processing__Amit_Alon\data\clean_images\2_data_feature_matching_high_level\00e9be89-00000150.jpg, C:\Users\amit\Project_digital_image_processing__Amit_Alon\data\clean_images\2_data_feature_matching_high_level\00e9be89-00000160.jpg
[WARN] No descriptors found for pair: C:\Users\amit\Project_digital_image_processing__Amit_Alon\data\clean_images\2_data_feature_matching_high_level\00e9be89-00000160.jpg, C:\Users\amit\Project_digital_image_processing__Amit_Alon\data\clean_images\2_data_feature_matching_high_level\00e9be89-00000165.jpg
[WARN] No descriptors found for pair: C:\Users\amit\Project_digital_image_processing__Amit_Alon\data\clean_images\2_data_feature_matching_high_level\00e9be89-00000165.jpg, C:\Users\amit\Project_digital_image_processing__Amit_Alon\data\clean_images\2_data_feature_matching_high_level\00e9be89-00000175.jpg
[WARN] No descriptors found for pair: C:\Users\amit\Project_digital_image_processing__Amit_Alon\data\clean_images\2_data_feature_matching_high_level\00e9be89-00000175.jpg, C:\Users\amit\Project_digital_image_processing__Amit_Alon\data\clean_images\2_data_feature_matching_high_level\00e9be89-00000190.jpg
[WARN] No descriptors found for pair: C:\Users\amit\Project_digital_image_processing__Amit_Alon\data\clean_images\2_data_feature_matching_high_level\00e9be89-00000190.jpg, C:\Users\amit\Project_digital_image_processing__Amit_Alon\data\clean_images\2_data_feature_matching_high_level\00e9be89-00001000.jpg
[WARN] No descriptors found for pair: C:\Users\amit\Project_digital_image_processing__Amit_Alon\data\clean_images\2_data_feature_matching_high_level\00e9be89-00001000.jpg, C:\Users\amit\Project_digital_image_processing__Amit_Alon\data\clean_images\2_data_feature_matching_high_level\00e9be89-00001005.jpg
[WARN] No descriptors found for pair: C:\Users\amit\Project_digital_image_processing__Amit_Alon\data\clean_images\2_data_feature_matching_high_level\00e9be89-00001005.jpg, C:\Users\amit\Project_digital_image_processing__Amit_Alon\data\clean_images\2_data_feature_matching_high_level\00e9be89-00001010.jpg
[WARN] No descriptors found for pair: C:\Users\amit\Project_digital_image_processing__Amit_Alon\data\clean_images\2_data_feature_matching_high_level\00e9be89-00001010.jpg, C:\Users\amit\Project_digital_image_processing__Amit_Alon\data\clean_images\2_data_feature_matching_high_level\00e9be89-00001015.jpg
[WARN] No descriptors found for pair: C:\Users\amit\Project_digital_image_processing__Amit_Alon\data\clean_images\2_data_feature_matching_high_level\00e9be89-00001015.jpg, C:\Users\amit\Project_digital_image_processing__Amit_Alon\data\clean_images\2_data_feature_matching_high_level\00e9be89-00001020.jpg
[WARN] No descriptors found for pair: C:\Users\amit\Project_digital_image_processing__Amit_Alon\data\clean_images\2_data_feature_matching_high_level\00e9be89-00001020.jpg, C:\Users\amit\Project_digital_image_processing__Amit_Alon\data\clean_images\2_data_feature_matching_high_level\00e9be89-00001025.jpg
[WARN] No descriptors found for pair: C:\Users\amit\Project_digital_image_processing__Amit_Alon\data\clean_images\2_data_feature_matching_high_level\00e9be89-00001025.jpg, C:\Users\amit\Project_digital_image_processing__Amit_Alon\data\clean_images\2_data_feature_matching_high_level\00e9be89-00001030.jpg
[WARN] No descriptors found for pair: C:\Users\amit\Project_digital_image_processing__Amit_Alon\data\clean_images\2_data_feature_matching_high_level\00e9be89-00001030.jpg, C:\Users\amit\Project_digital_image_processing__Amit_Alon\data\clean_images\2_data_feature_matching_high_level\00e9be89-00001035.jpg
[WARN] No descriptors found for pair: C:\Users\amit\Project_digital_image_processing__Amit_Alon\data\clean_images\2_data_feature_matching_high_level\00e9be89-00001035.jpg, C:\Users\amit\Project_digital_image_processing__Amit_Alon\data\clean_images\2_data_feature_matching_high_level\00e9be89-00001040.jpg
[WARN] No descriptors found for pair: C:\Users\amit\Project_digital_image_processing__Amit_Alon\data\clean_images\2_data_feature_matching_high_level\00e9be89-00001040.jpg, C:\Users\amit\Project_digital_image_processing__Amit_Alon\data\clean_images\2_data_feature_matching_high_level\00e9be89-00001045.jpg
[WARN] No descriptors found for pair: C:\Users\amit\Project_digital_image_processing__Amit_Alon\data\clean_images\2_data_feature_matching_high_level\00e9be89-00001045.jpg, C:\Users\amit\Project_digital_image_processing__Amit_Alon\data\clean_images\2_data_feature_matching_high_level\00e9be89-00001050.jpg
[WARN] No descriptors found for pair: C:\Users\amit\Project_digital_image_processing__Amit_Alon\data\clean_images\2_data_feature_matching_high_level\00e9be89-00001050.jpg, C:\Users\amit\Project_digital_image_processing__Amit_Alon\data\clean_images\2_data_feature_matching_high_level\00e9be89-00001055.jpg
[WARN] No descriptors found for pair: C:\Users\amit\Project_digital_image_processing__Amit_Alon\data\clean_images\2_data_feature_matching_high_level\00e9be89-00001055.jpg, C:\Users\amit\Project_digital_image_processing__Amit_Alon\data\clean_images\2_data_feature_matching_high_level\00e9be89-00001060.jpg
[WARN] No descriptors found for pair: C:\Users\amit\Project_digital_image_processing__Amit_Alon\data\clean_images\2_data_feature_matching_high_level\00e9be89-00001060.jpg, C:\Users\amit\Project_digital_image_processing__Amit_Alon\data\clean_images\2_data_feature_matching_high_level\00e9be89-00001065.jpg
[WARN] No descriptors found for pair: C:\Users\amit\Project_digital_image_processing__Amit_Alon\data\clean_images\2_data_feature_matching_high_level\00e9be89-00001065.jpg, C:\Users\amit\Project_digital_image_processing__Amit_Alon\data\clean_images\2_data_feature_matching_high_level\00e9be89-00001070.jpg
[WARN] No descriptors found for pair: C:\Users\amit\Project_digital_image_processing__Amit_Alon\data\clean_images\2_data_feature_matching_high_level\00e9be89-00001070.jpg, C:\Users\amit\Project_digital_image_processing__Amit_Alon\data\clean_images\2_data_feature_matching_high_level\00e9be89-00001075.jpg
[WARN] No descriptors found for pair: C:\Users\amit\Project_digital_image_processing__Amit_Alon\data\clean_images\2_data_feature_matching_high_level\00e9be89-00001075.jpg, C:\Users\amit\Project_digital_image_processing__Amit_Alon\data\clean_images\2_data_feature_matching_high_level\00e9be89-00001080.jpg
[WARN] No descriptors found for pair: C:\Users\amit\Project_digital_image_processing__Amit_Alon\data\clean_images\2_data_feature_matching_high_level\00e9be89-00001080.jpg, C:\Users\amit\Project_digital_image_processing__Amit_Alon\data\clean_images\2_data_feature_matching_high_level\00e9be89-00001090.jpg
[WARN] No descriptors found for pair: C:\Users\amit\Project_digital_image_processing__Amit_Alon\data\clean_images\2_data_feature_matching_high_level\00e9be89-00001090.jpg, C:\Users\amit\Project_digital_image_processing__Amit_Alon\data\clean_images\2_data_feature_matching_high_level\00e9be89-00001095.jpg
[WARN] No descriptors found for pair: C:\Users\amit\Project_digital_image_processing__Amit_Alon\data\clean_images\2_data_feature_matching_high_level\00e9be89-00001095.jpg, C:\Users\amit\Project_digital_image_processing__Amit_Alon\data\clean_images\2_data_feature_matching_high_level\00e9be89-00001100.jpg
[WARN] No descriptors found for pair: C:\Users\amit\Project_digital_image_processing__Amit_Alon\data\clean_images\2_data_feature_matching_high_level\00e9be89-00001100.jpg, C:\Users\amit\Project_digital_image_processing__Amit_Alon\data\clean_images\2_data_feature_matching_high_level\00e9be89-00001105.jpg
[WARN] No descriptors found for pair: C:\Users\amit\Project_digital_image_processing__Amit_Alon\data\clean_images\2_data_feature_matching_high_level\00e9be89-00001105.jpg, C:\Users\amit\Project_digital_image_processing__Amit_Alon\data\clean_images\2_data_feature_matching_high_level\00e9be89-00001115.jpg
[WARN] No descriptors found for pair: C:\Users\amit\Project_digital_image_processing__Amit_Alon\data\clean_images\2_data_feature_matching_high_level\00e9be89-00001115.jpg, C:\Users\amit\Project_digital_image_processing__Amit_Alon\data\clean_images\2_data_feature_matching_high_level\00e9be89-00001125.jpg
[WARN] No descriptors found for pair: C:\Users\amit\Project_digital_image_processing__Amit_Alon\data\clean_images\2_data_feature_matching_high_level\00e9be89-00001125.jpg, C:\Users\amit\Project_digital_image_processing__Amit_Alon\data\clean_images\2_data_feature_matching_high_level\00e9be89-00001130.jpg
[WARN] No descriptors found for pair: C:\Users\amit\Project_digital_image_processing__Amit_Alon\data\clean_images\2_data_feature_matching_high_level\00e9be89-00001130.jpg, C:\Users\amit\Project_digital_image_processing__Amit_Alon\data\clean_images\2_data_feature_matching_high_level\00e9be89-00001135.jpg
[WARN] No descriptors found for pair: C:\Users\amit\Project_digital_image_processing__Amit_Alon\data\clean_images\2_data_feature_matching_high_level\00e9be89-00001135.jpg, C:\Users\amit\Project_digital_image_processing__Amit_Alon\data\clean_images\2_data_feature_matching_high_level\00e9be89-00001140.jpg
[WARN] No descriptors found for pair: C:\Users\amit\Project_digital_image_processing__Amit_Alon\data\clean_images\2_data_feature_matching_high_level\00e9be89-00001140.jpg, C:\Users\amit\Project_digital_image_processing__Amit_Alon\data\clean_images\2_data_feature_matching_high_level\00e9be89-00001150.jpg
[WARN] No descriptors found for pair: C:\Users\amit\Project_digital_image_processing__Amit_Alon\data\clean_images\2_data_feature_matching_high_level\00e9be89-00001150.jpg, C:\Users\amit\Project_digital_image_processing__Amit_Alon\data\clean_images\2_data_feature_matching_high_level\00e9be89-00001155.jpg
[WARN] No descriptors found for pair: C:\Users\amit\Project_digital_image_processing__Amit_Alon\data\clean_images\2_data_feature_matching_high_level\00e9be89-00001155.jpg, C:\Users\amit\Project_digital_image_processing__Amit_Alon\data\clean_images\2_data_feature_matching_high_level\00e9be89-00001160.jpg
[WARN] No descriptors found for pair: C:\Users\amit\Project_digital_image_processing__Amit_Alon\data\clean_images\2_data_feature_matching_high_level\00e9be89-00001160.jpg, C:\Users\amit\Project_digital_image_processing__Amit_Alon\data\clean_images\2_data_feature_matching_high_level\00e9be89-00001165.jpg
[WARN] No descriptors found for pair: C:\Users\amit\Project_digital_image_processing__Amit_Alon\data\clean_images\2_data_feature_matching_high_level\00e9be89-00001165.jpg, C:\Users\amit\Project_digital_image_processing__Amit_Alon\data\clean_images\2_data_feature_matching_high_level\00e9be89-00001170.jpg
[WARN] No descriptors found for pair: C:\Users\amit\Project_digital_image_processing__Amit_Alon\data\clean_images\2_data_feature_matching_high_level\00e9be89-00001170.jpg, C:\Users\amit\Project_digital_image_processing__Amit_Alon\data\clean_images\2_data_feature_matching_high_level\00e9be89-00001175.jpg
[WARN] No descriptors found for pair: C:\Users\amit\Project_digital_image_processing__Amit_Alon\data\clean_images\2_data_feature_matching_high_level\00e9be89-00001175.jpg, C:\Users\amit\Project_digital_image_processing__Amit_Alon\data\clean_images\2_data_feature_matching_high_level\00e9be89-00001180.jpg
[WARN] No descriptors found for pair: C:\Users\amit\Project_digital_image_processing__Amit_Alon\data\clean_images\2_data_feature_matching_high_level\00e9be89-00001180.jpg, C:\Users\amit\Project_digital_image_processing__Amit_Alon\data\clean_images\2_data_feature_matching_high_level\00e9be89-00001185.jpg
[WARN] No descriptors found for pair: C:\Users\amit\Project_digital_image_processing__Amit_Alon\data\clean_images\2_data_feature_matching_high_level\00e9be89-00001185.jpg, C:\Users\amit\Project_digital_image_processing__Amit_Alon\data\clean_images\2_data_feature_matching_high_level\00e9be89-00001190.jpg
[WARN] No descriptors found for pair: C:\Users\amit\Project_digital_image_processing__Amit_Alon\data\clean_images\2_data_feature_matching_high_level\00e9be89-00001190.jpg, C:\Users\amit\Project_digital_image_processing__Amit_Alon\data\clean_images\2_data_feature_matching_high_level\00e9be89-00001195.jpg
[WARN] No descriptors found for pair: C:\Users\amit\Project_digital_image_processing__Amit_Alon\data\clean_images\2_data_feature_matching_high_level\00e9be89-00001195.jpg, C:\Users\amit\Project_digital_image_processing__Amit_Alon\data\clean_images\2_data_feature_matching_high_level\00e9be89-00001200.jpg
[WARN] No descriptors found for pair: C:\Users\amit\Project_digital_image_processing__Amit_Alon\data\clean_images\2_data_feature_matching_high_level\00e9be89-00001200.jpg, C:\Users\amit\Project_digital_image_processing__Amit_Alon\data\clean_images\2_data_feature_matching_high_level\00e9be89-00001205.jpg
[WARN] No descriptors found for pair: C:\Users\amit\Project_digital_image_processing__Amit_Alon\data\clean_images\2_data_feature_matching_high_level\00e9be89-00001205.jpg, C:\Users\amit\Project_digital_image_processing__Amit_Alon\data\clean_images\2_data_feature_matching_high_level\00e9be89-00001210.jpg
[WARN] No descriptors found for pair: C:\Users\amit\Project_digital_image_processing__Amit_Alon\data\clean_images\2_data_feature_matching_high_level\00e9be89-00001210.jpg, C:\Users\amit\Project_digital_image_processing__Amit_Alon\data\clean_images\2_data_feature_matching_high_level\00e9be89-00001215.jpg
[WARN] No descriptors found for pair: C:\Users\amit\Project_digital_image_processing__Amit_Alon\data\clean_images\2_data_feature_matching_high_level\00e9be89-00001215.jpg, C:\Users\amit\Project_digital_image_processing__Amit_Alon\data\clean_images\2_data_feature_matching_high_level\00e9be89-00001220.jpg
[WARN] No descriptors found for pair: C:\Users\amit\Project_digital_image_processing__Amit_Alon\data\clean_images\2_data_feature_matching_high_level\00e9be89-00001220.jpg, C:\Users\amit\Project_digital_image_processing__Amit_Alon\data\clean_images\2_data_feature_matching_high_level\00e9be89-00001225.jpg
[WARN] No descriptors found for pair: C:\Users\amit\Project_digital_image_processing__Amit_Alon\data\clean_images\2_data_feature_matching_high_level\00e9be89-00001225.jpg, C:\Users\amit\Project_digital_image_processing__Amit_Alon\data\clean_images\2_data_feature_matching_high_level\00e9be89-00001230.jpg
[WARN] No descriptors found for pair: C:\Users\amit\Project_digital_image_processing__Amit_Alon\data\clean_images\2_data_feature_matching_high_level\00e9be89-00001230.jpg, C:\Users\amit\Project_digital_image_processing__Amit_Alon\data\clean_images\2_data_feature_matching_high_level\00e9be89-00001240.jpg
[WARN] No descriptors found for pair: C:\Users\amit\Project_digital_image_processing__Amit_Alon\data\clean_images\2_data_feature_matching_high_level\00e9be89-00001240.jpg, C:\Users\amit\Project_digital_image_processing__Amit_Alon\data\clean_images\2_data_feature_matching_high_level\00e9be89-00001245.jpg
[WARN] No descriptors found for pair: C:\Users\amit\Project_digital_image_processing__Amit_Alon\data\clean_images\2_data_feature_matching_high_level\00e9be89-00001245.jpg, C:\Users\amit\Project_digital_image_processing__Amit_Alon\data\clean_images\2_data_feature_matching_high_level\00e9be89-00001250.jpg
[WARN] No descriptors found for pair: C:\Users\amit\Project_digital_image_processing__Amit_Alon\data\clean_images\2_data_feature_matching_high_level\00e9be89-00001250.jpg, C:\Users\amit\Project_digital_image_processing__Amit_Alon\data\clean_images\2_data_feature_matching_high_level\00e9be89-00001255.jpg
[WARN] No descriptors found for pair: C:\Users\amit\Project_digital_image_processing__Amit_Alon\data\clean_images\2_data_feature_matching_high_level\00e9be89-00001255.jpg, C:\Users\amit\Project_digital_image_processing__Amit_Alon\data\clean_images\2_data_feature_matching_high_level\00e9be89-00001260.jpg
[WARN] No descriptors found for pair: C:\Users\amit\Project_digital_image_processing__Amit_Alon\data\clean_images\2_data_feature_matching_high_level\00e9be89-00001260.jpg, C:\Users\amit\Project_digital_image_processing__Amit_Alon\data\clean_images\2_data_feature_matching_high_level\00e9be89-00001265.jpg
[WARN] No descriptors found for pair: C:\Users\amit\Project_digital_image_processing__Amit_Alon\data\clean_images\2_data_feature_matching_high_level\00e9be89-00001265.jpg, C:\Users\amit\Project_digital_image_processing__Amit_Alon\data\clean_images\2_data_feature_matching_high_level\00e9be89-00001270.jpg
[WARN] No descriptors found for pair: C:\Users\amit\Project_digital_image_processing__Amit_Alon\data\clean_images\2_data_feature_matching_high_level\00e9be89-00001270.jpg, C:\Users\amit\Project_digital_image_processing__Amit_Alon\data\clean_images\2_data_feature_matching_high_level\00e9be89-00001275.jpg
[WARN] No descriptors found for pair: C:\Users\amit\Project_digital_image_processing__Amit_Alon\data\clean_images\2_data_feature_matching_high_level\00e9be89-00001275.jpg, C:\Users\amit\Project_digital_image_processing__Amit_Alon\data\clean_images\2_data_feature_matching_high_level\00e9be89-00001280.jpg
[WARN] No descriptors found for pair: C:\Users\amit\Project_digital_image_processing__Amit_Alon\data\clean_images\2_data_feature_matching_high_level\00e9be89-00001280.jpg, C:\Users\amit\Project_digital_image_processing__Amit_Alon\data\clean_images\2_data_feature_matching_high_level\00e9be89-00001285.jpg
[WARN] No descriptors found for pair: C:\Users\amit\Project_digital_image_processing__Amit_Alon\data\clean_images\2_data_feature_matching_high_level\00e9be89-00001285.jpg, C:\Users\amit\Project_digital_image_processing__Amit_Alon\data\clean_images\2_data_feature_matching_high_level\00e9be89-00001290.jpg
[WARN] No descriptors found for pair: C:\Users\amit\Project_digital_image_processing__Amit_Alon\data\clean_images\2_data_feature_matching_high_level\00e9be89-00001290.jpg, C:\Users\amit\Project_digital_image_processing__Amit_Alon\data\clean_images\2_data_feature_matching_high_level\00e9be89-00001295.jpg
[WARN] No descriptors found for pair: C:\Users\amit\Project_digital_image_processing__Amit_Alon\data\clean_images\2_data_feature_matching_high_level\00e9be89-00001295.jpg, C:\Users\amit\Project_digital_image_processing__Amit_Alon\data\clean_images\2_data_feature_matching_high_level\00e9be89-00001305.jpg
[WARN] No descriptors found for pair: C:\Users\amit\Project_digital_image_processing__Amit_Alon\data\clean_images\2_data_feature_matching_high_level\00e9be89-00001305.jpg, C:\Users\amit\Project_digital_image_processing__Amit_Alon\data\clean_images\2_data_feature_matching_high_level\00e9be89-00001310.jpg
[WARN] No descriptors found for pair: C:\Users\amit\Project_digital_image_processing__Amit_Alon\data\clean_images\2_data_feature_matching_high_level\00e9be89-00001310.jpg, C:\Users\amit\Project_digital_image_processing__Amit_Alon\data\clean_images\2_data_feature_matching_high_level\00e9be89-00001315.jpg
[WARN] No descriptors found for pair: C:\Users\amit\Project_digital_image_processing__Amit_Alon\data\clean_images\2_data_feature_matching_high_level\00e9be89-00001315.jpg, C:\Users\amit\Project_digital_image_processing__Amit_Alon\data\clean_images\2_data_feature_matching_high_level\00e9be89-00001325.jpg
[WARN] No descriptors found for pair: C:\Users\amit\Project_digital_image_processing__Amit_Alon\data\clean_images\2_data_feature_matching_high_level\00e9be89-00001325.jpg, C:\Users\amit\Project_digital_image_processing__Amit_Alon\data\clean_images\2_data_feature_matching_high_level\00e9be89-00001330.jpg
[WARN] No descriptors found for pair: C:\Users\amit\Project_digital_image_processing__Amit_Alon\data\clean_images\2_data_feature_matching_high_level\00e9be89-00001330.jpg, C:\Users\amit\Project_digital_image_processing__Amit_Alon\data\clean_images\2_data_feature_matching_high_level\00e9be89-00001335.jpg
[WARN] No descriptors found for pair: C:\Users\amit\Project_digital_image_processing__Amit_Alon\data\clean_images\2_data_feature_matching_high_level\00e9be89-00001335.jpg, C:\Users\amit\Project_digital_image_processing__Amit_Alon\data\clean_images\2_data_feature_matching_high_level\00e9be89-00001340.jpg
[WARN] No descriptors found for pair: C:\Users\amit\Project_digital_image_processing__Amit_Alon\data\clean_images\2_data_feature_matching_high_level\00e9be89-00001340.jpg, C:\Users\amit\Project_digital_image_processing__Amit_Alon\data\clean_images\2_data_feature_matching_high_level\00e9be89-00001345.jpg
[WARN] No descriptors found for pair: C:\Users\amit\Project_digital_image_processing__Amit_Alon\data\clean_images\2_data_feature_matching_high_level\00e9be89-00001345.jpg, C:\Users\amit\Project_digital_image_processing__Amit_Alon\data\clean_images\2_data_feature_matching_high_level\00e9be89-00001350.jpg
[WARN] No descriptors found for pair: C:\Users\amit\Project_digital_image_processing__Amit_Alon\data\clean_images\2_data_feature_matching_high_level\00e9be89-00001350.jpg, C:\Users\amit\Project_digital_image_processing__Amit_Alon\data\clean_images\2_data_feature_matching_high_level\00e9be89-00001355.jpg
[WARN] No descriptors found for pair: C:\Users\amit\Project_digital_image_processing__Amit_Alon\data\clean_images\2_data_feature_matching_high_level\00e9be89-00001355.jpg, C:\Users\amit\Project_digital_image_processing__Amit_Alon\data\clean_images\2_data_feature_matching_high_level\00e9be89-00001360.jpg
[WARN] No descriptors found for pair: C:\Users\amit\Project_digital_image_processing__Amit_Alon\data\clean_images\2_data_feature_matching_high_level\00e9be89-00001360.jpg, C:\Users\amit\Project_digital_image_processing__Amit_Alon\data\clean_images\2_data_feature_matching_high_level\00e9be89-00001365.jpg
[WARN] No descriptors found for pair: C:\Users\amit\Project_digital_image_processing__Amit_Alon\data\clean_images\2_data_feature_matching_high_level\00e9be89-00001365.jpg, C:\Users\amit\Project_digital_image_processing__Amit_Alon\data\clean_images\2_data_feature_matching_high_level\00e9be89-00001370.jpg
[WARN] No descriptors found for pair: C:\Users\amit\Project_digital_image_processing__Amit_Alon\data\clean_images\2_data_feature_matching_high_level\00e9be89-00001370.jpg, C:\Users\amit\Project_digital_image_processing__Amit_Alon\data\clean_images\2_data_feature_matching_high_level\00e9be89-00001375.jpg
[WARN] No descriptors found for pair: C:\Users\amit\Project_digital_image_processing__Amit_Alon\data\clean_images\2_data_feature_matching_high_level\00e9be89-00001375.jpg, C:\Users\amit\Project_digital_image_processing__Amit_Alon\data\clean_images\2_data_feature_matching_high_level\00e9be89-00001380.jpg
[WARN] No descriptors found for pair: C:\Users\amit\Project_digital_image_processing__Amit_Alon\data\clean_images\2_data_feature_matching_high_level\00e9be89-00001380.jpg, C:\Users\amit\Project_digital_image_processing__Amit_Alon\data\clean_images\2_data_feature_matching_high_level\00e9be89-00001385.jpg
[WARN] No descriptors found for pair: C:\Users\amit\Project_digital_image_processing__Amit_Alon\data\clean_images\2_data_feature_matching_high_level\00e9be89-00001385.jpg, C:\Users\amit\Project_digital_image_processing__Amit_Alon\data\clean_images\2_data_feature_matching_high_level\00e9be89-00001390.jpg
[WARN] No descriptors found for pair: C:\Users\amit\Project_digital_image_processing__Amit_Alon\data\clean_images\2_data_feature_matching_high_level\00e9be89-00001390.jpg, C:\Users\amit\Project_digital_image_processing__Amit_Alon\data\clean_images\2_data_feature_matching_high_level\00e9be89-00001395.jpg
[WARN] No descriptors found for pair: C:\Users\amit\Project_digital_image_processing__Amit_Alon\data\clean_images\2_data_feature_matching_high_level\00e9be89-00001395.jpg, C:\Users\amit\Project_digital_image_processing__Amit_Alon\data\clean_images\2_data_feature_matching_high_level\00e9be89-00001400.jpg
[WARN] No descriptors found for pair: C:\Users\amit\Project_digital_image_processing__Amit_Alon\data\clean_images\2_data_feature_matching_high_level\00e9be89-00001400.jpg, C:\Users\amit\Project_digital_image_processing__Amit_Alon\data\clean_images\2_data_feature_matching_high_level\00e9be89-00001405.jpg
[WARN] No descriptors found for pair: C:\Users\amit\Project_digital_image_processing__Amit_Alon\data\clean_images\2_data_feature_matching_high_level\00e9be89-00001405.jpg, C:\Users\amit\Project_digital_image_processing__Amit_Alon\data\clean_images\2_data_feature_matching_high_level\00e9be89-00001410.jpg
[WARN] No descriptors found for pair: C:\Users\amit\Project_digital_image_processing__Amit_Alon\data\clean_images\2_data_feature_matching_high_level\00e9be89-00001410.jpg, C:\Users\amit\Project_digital_image_processing__Amit_Alon\data\clean_images\2_data_feature_matching_high_level\00e9be89-00001415.jpg
[WARN] No descriptors found for pair: C:\Users\amit\Project_digital_image_processing__Amit_Alon\data\clean_images\2_data_feature_matching_high_level\00e9be89-00001415.jpg, C:\Users\amit\Project_digital_image_processing__Amit_Alon\data\clean_images\2_data_feature_matching_high_level\00e9be89-00001420.jpg
[WARN] No descriptors found for pair: C:\Users\amit\Project_digital_image_processing__Amit_Alon\data\clean_images\2_data_feature_matching_high_level\00e9be89-00001420.jpg, C:\Users\amit\Project_digital_image_processing__Amit_Alon\data\clean_images\2_data_feature_matching_high_level\00e9be89-00001425.jpg
[WARN] No descriptors found for pair: C:\Users\amit\Project_digital_image_processing__Amit_Alon\data\clean_images\2_data_feature_matching_high_level\00e9be89-00001425.jpg, C:\Users\amit\Project_digital_image_processing__Amit_Alon\data\clean_images\2_data_feature_matching_high_level\00e9be89-00001430.jpg
[WARN] No descriptors found for pair: C:\Users\amit\Project_digital_image_processing__Amit_Alon\data\clean_images\2_data_feature_matching_high_level\00e9be89-00001430.jpg, C:\Users\amit\Project_digital_image_processing__Amit_Alon\data\clean_images\2_data_feature_matching_high_level\00e9be89-00001440.jpg
[WARN] No descriptors found for pair: C:\Users\amit\Project_digital_image_processing__Amit_Alon\data\clean_images\2_data_feature_matching_high_level\00e9be89-00001440.jpg, C:\Users\amit\Project_digital_image_processing__Amit_Alon\data\clean_images\2_data_feature_matching_high_level\00e9be89-00001445.jpg
[WARN] No descriptors found for pair: C:\Users\amit\Project_digital_image_processing__Amit_Alon\data\clean_images\2_data_feature_matching_high_level\00e9be89-00001445.jpg, C:\Users\amit\Project_digital_image_processing__Amit_Alon\data\clean_images\2_data_feature_matching_high_level\00e9be89-00001450.jpg
[WARN] No descriptors found for pair: C:\Users\amit\Project_digital_image_processing__Amit_Alon\data\clean_images\2_data_feature_matching_high_level\00e9be89-00001450.jpg, C:\Users\amit\Project_digital_image_processing__Amit_Alon\data\clean_images\2_data_feature_matching_high_level\00e9be89-00001455.jpg
[WARN] No descriptors found for pair: C:\Users\amit\Project_digital_image_processing__Amit_Alon\data\clean_images\2_data_feature_matching_high_level\00e9be89-00001455.jpg, C:\Users\amit\Project_digital_image_processing__Amit_Alon\data\clean_images\2_data_feature_matching_high_level\00e9be89-00001460.jpg
[WARN] No descriptors found for pair: C:\Users\amit\Project_digital_image_processing__Amit_Alon\data\clean_images\2_data_feature_matching_high_level\00e9be89-00001460.jpg, C:\Users\amit\Project_digital_image_processing__Amit_Alon\data\clean_images\2_data_feature_matching_high_level\00e9be89-00001465.jpg
[WARN] No descriptors found for pair: C:\Users\amit\Project_digital_image_processing__Amit_Alon\data\clean_images\2_data_feature_matching_high_level\00e9be89-00001465.jpg, C:\Users\amit\Project_digital_image_processing__Amit_Alon\data\clean_images\2_data_feature_matching_high_level\00e9be89-00001470.jpg
[WARN] No descriptors found for pair: C:\Users\amit\Project_digital_image_processing__Amit_Alon\data\clean_images\2_data_feature_matching_high_level\00e9be89-00001470.jpg, C:\Users\amit\Project_digital_image_processing__Amit_Alon\data\clean_images\2_data_feature_matching_high_level\00e9be89-00001475.jpg
[WARN] No descriptors found for pair: C:\Users\amit\Project_digital_image_processing__Amit_Alon\data\clean_images\2_data_feature_matching_high_level\00e9be89-00001475.jpg, C:\Users\amit\Project_digital_image_processing__Amit_Alon\data\clean_images\2_data_feature_matching_high_level\00e9be89-00001480.jpg
[WARN] No descriptors found for pair: C:\Users\amit\Project_digital_image_processing__Amit_Alon\data\clean_images\2_data_feature_matching_high_level\00e9be89-00001480.jpg, C:\Users\amit\Project_digital_image_processing__Amit_Alon\data\clean_images\2_data_feature_matching_high_level\00e9be89-00001485.jpg
[WARN] No descriptors found for pair: C:\Users\amit\Project_digital_image_processing__Amit_Alon\data\clean_images\2_data_feature_matching_high_level\00e9be89-00001485.jpg, C:\Users\amit\Project_digital_image_processing__Amit_Alon\data\clean_images\2_data_feature_matching_high_level\00e9be89-00001490.jpg
[WARN] No descriptors found for pair: C:\Users\amit\Project_digital_image_processing__Amit_Alon\data\clean_images\2_data_feature_matching_high_level\00e9be89-00001490.jpg, C:\Users\amit\Project_digital_image_processing__Amit_Alon\data\clean_images\2_data_feature_matching_high_level\00e9be89-00001495.jpg
[WARN] No descriptors found for pair: C:\Users\amit\Project_digital_image_processing__Amit_Alon\data\clean_images\2_data_feature_matching_high_level\00e9be89-00001495.jpg, C:\Users\amit\Project_digital_image_processing__Amit_Alon\data\clean_images\2_data_feature_matching_high_level\00e9be89-00001500.jpg
[WARN] No descriptors found for pair: C:\Users\amit\Project_digital_image_processing__Amit_Alon\data\clean_images\2_data_feature_matching_high_level\00e9be89-00001500.jpg, C:\Users\amit\Project_digital_image_processing__Amit_Alon\data\clean_images\2_data_feature_matching_high_level\00e9be89-00001505.jpg
[WARN] No descriptors found for pair: C:\Users\amit\Project_digital_image_processing__Amit_Alon\data\clean_images\2_data_feature_matching_high_level\00e9be89-00001505.jpg, C:\Users\amit\Project_digital_image_processing__Amit_Alon\data\clean_images\2_data_feature_matching_high_level\00e9be89-00001510.jpg
[WARN] No descriptors found for pair: C:\Users\amit\Project_digital_image_processing__Amit_Alon\data\clean_images\2_data_feature_matching_high_level\00e9be89-00001510.jpg, C:\Users\amit\Project_digital_image_processing__Amit_Alon\data\clean_images\2_data_feature_matching_high_level\00e9be89-00001515.jpg
[WARN] No descriptors found for pair: C:\Users\amit\Project_digital_image_processing__Amit_Alon\data\clean_images\2_data_feature_matching_high_level\00e9be89-00001515.jpg, C:\Users\amit\Project_digital_image_processing__Amit_Alon\data\clean_images\2_data_feature_matching_high_level\00e9be89-00001520.jpg
[WARN] No descriptors found for pair: C:\Users\amit\Project_digital_image_processing__Amit_Alon\data\clean_images\2_data_feature_matching_high_level\00e9be89-00001520.jpg, C:\Users\amit\Project_digital_image_processing__Amit_Alon\data\clean_images\2_data_feature_matching_high_level\00e9be89-00001525.jpg
[WARN] No descriptors found for pair: C:\Users\amit\Project_digital_image_processing__Amit_Alon\data\clean_images\2_data_feature_matching_high_level\00e9be89-00001525.jpg, C:\Users\amit\Project_digital_image_processing__Amit_Alon\data\clean_images\2_data_feature_matching_high_level\00e9be89-00001535.jpg
[WARN] No descriptors found for pair: C:\Users\amit\Project_digital_image_processing__Amit_Alon\data\clean_images\2_data_feature_matching_high_level\00e9be89-00001535.jpg, C:\Users\amit\Project_digital_image_processing__Amit_Alon\data\clean_images\2_data_feature_matching_high_level\00e9be89-00001540.jpg
[WARN] No descriptors found for pair: C:\Users\amit\Project_digital_image_processing__Amit_Alon\data\clean_images\2_data_feature_matching_high_level\00e9be89-00001540.jpg, C:\Users\amit\Project_digital_image_processing__Amit_Alon\data\clean_images\2_data_feature_matching_high_level\00e9be89-00001545.jpg
[WARN] No descriptors found for pair: C:\Users\amit\Project_digital_image_processing__Amit_Alon\data\clean_images\2_data_feature_matching_high_level\00e9be89-00001545.jpg, C:\Users\amit\Project_digital_image_processing__Amit_Alon\data\clean_images\2_data_feature_matching_high_level\00e9be89-00001550.jpg
[WARN] No descriptors found for pair: C:\Users\amit\Project_digital_image_processing__Amit_Alon\data\clean_images\2_data_feature_matching_high_level\00e9be89-00001550.jpg, C:\Users\amit\Project_digital_image_processing__Amit_Alon\data\clean_images\2_data_feature_matching_high_level\00e9be89-00001555.jpg
[WARN] No descriptors found for pair: C:\Users\amit\Project_digital_image_processing__Amit_Alon\data\clean_images\2_data_feature_matching_high_level\00e9be89-00001555.jpg, C:\Users\amit\Project_digital_image_processing__Amit_Alon\data\clean_images\2_data_feature_matching_high_level\00e9be89-00001560.jpg
[WARN] No descriptors found for pair: C:\Users\amit\Project_digital_image_processing__Amit_Alon\data\clean_images\2_data_feature_matching_high_level\00e9be89-00001560.jpg, C:\Users\amit\Project_digital_image_processing__Amit_Alon\data\clean_images\2_data_feature_matching_high_level\00e9be89-00001565.jpg
[WARN] No descriptors found for pair: C:\Users\amit\Project_digital_image_processing__Amit_Alon\data\clean_images\2_data_feature_matching_high_level\00e9be89-00001565.jpg, C:\Users\amit\Project_digital_image_processing__Amit_Alon\data\clean_images\2_data_feature_matching_high_level\00e9be89-00001570.jpg
[WARN] No descriptors found for pair: C:\Users\amit\Project_digital_image_processing__Amit_Alon\data\clean_images\2_data_feature_matching_high_level\00e9be89-00001570.jpg, C:\Users\amit\Project_digital_image_processing__Amit_Alon\data\clean_images\2_data_feature_matching_high_level\00e9be89-00001575.jpg
[WARN] No descriptors found for pair: C:\Users\amit\Project_digital_image_processing__Amit_Alon\data\clean_images\2_data_feature_matching_high_level\00e9be89-00001575.jpg, C:\Users\amit\Project_digital_image_processing__Amit_Alon\data\clean_images\2_data_feature_matching_high_level\00e9be89-00001580.jpg
[WARN] No descriptors found for pair: C:\Users\amit\Project_digital_image_processing__Amit_Alon\data\clean_images\2_data_feature_matching_high_level\00e9be89-00001580.jpg, C:\Users\amit\Project_digital_image_processing__Amit_Alon\data\clean_images\2_data_feature_matching_high_level\00e9be89-00001585.jpg
[WARN] No descriptors found for pair: C:\Users\amit\Project_digital_image_processing__Amit_Alon\data\clean_images\2_data_feature_matching_high_level\00e9be89-00001585.jpg, C:\Users\amit\Project_digital_image_processing__Amit_Alon\data\clean_images\2_data_feature_matching_high_level\00e9be89-00001590.jpg
[WARN] No descriptors found for pair: C:\Users\amit\Project_digital_image_processing__Amit_Alon\data\clean_images\2_data_feature_matching_high_level\00e9be89-00001590.jpg, C:\Users\amit\Project_digital_image_processing__Amit_Alon\data\clean_images\2_data_feature_matching_high_level\00e9be89-00001595.jpg
[WARN] No descriptors found for pair: C:\Users\amit\Project_digital_image_processing__Amit_Alon\data\clean_images\2_data_feature_matching_high_level\00e9be89-00001595.jpg, C:\Users\amit\Project_digital_image_processing__Amit_Alon\data\clean_images\2_data_feature_matching_high_level\00e9be89-00001600.jpg
[WARN] No descriptors found for pair: C:\Users\amit\Project_digital_image_processing__Amit_Alon\data\clean_images\2_data_feature_matching_high_level\00e9be89-00001600.jpg, C:\Users\amit\Project_digital_image_processing__Amit_Alon\data\clean_images\2_data_feature_matching_high_level\00e9be89-00001605.jpg
[WARN] No descriptors found for pair: C:\Users\amit\Project_digital_image_processing__Amit_Alon\data\clean_images\2_data_feature_matching_high_level\00e9be89-00001605.jpg, C:\Users\amit\Project_digital_image_processing__Amit_Alon\data\clean_images\2_data_feature_matching_high_level\00e9be89-00001610.jpg
[WARN] No descriptors found for pair: C:\Users\amit\Project_digital_image_processing__Amit_Alon\data\clean_images\2_data_feature_matching_high_level\00e9be89-00001610.jpg, C:\Users\amit\Project_digital_image_processing__Amit_Alon\data\clean_images\2_data_feature_matching_high_level\00e9be89-00001620.jpg
[WARN] No descriptors found for pair: C:\Users\amit\Project_digital_image_processing__Amit_Alon\data\clean_images\2_data_feature_matching_high_level\00e9be89-00001620.jpg, C:\Users\amit\Project_digital_image_processing__Amit_Alon\data\clean_images\2_data_feature_matching_high_level\00e9be89-00001625.jpg
[WARN] No descriptors found for pair: C:\Users\amit\Project_digital_image_processing__Amit_Alon\data\clean_images\2_data_feature_matching_high_level\00e9be89-00001625.jpg, C:\Users\amit\Project_digital_image_processing__Amit_Alon\data\clean_images\2_data_feature_matching_high_level\00e9be89-00001630.jpg
[WARN] No descriptors found for pair: C:\Users\amit\Project_digital_image_processing__Amit_Alon\data\clean_images\2_data_feature_matching_high_level\00e9be89-00001630.jpg, C:\Users\amit\Project_digital_image_processing__Amit_Alon\data\clean_images\2_data_feature_matching_high_level\00e9be89-00001635.jpg
[WARN] No descriptors found for pair: C:\Users\amit\Project_digital_image_processing__Amit_Alon\data\clean_images\2_data_feature_matching_high_level\00e9be89-00001635.jpg, C:\Users\amit\Project_digital_image_processing__Amit_Alon\data\clean_images\2_data_feature_matching_high_level\00e9be89-00001640.jpg
[WARN] No descriptors found for pair: C:\Users\amit\Project_digital_image_processing__Amit_Alon\data\clean_images\2_data_feature_matching_high_level\00e9be89-00001640.jpg, C:\Users\amit\Project_digital_image_processing__Amit_Alon\data\clean_images\2_data_feature_matching_high_level\00e9be89-00001645.jpg
[WARN] No descriptors found for pair: C:\Users\amit\Project_digital_image_processing__Amit_Alon\data\clean_images\2_data_feature_matching_high_level\00e9be89-00001645.jpg, C:\Users\amit\Project_digital_image_processing__Amit_Alon\data\clean_images\2_data_feature_matching_high_level\00e9be89-00001650.jpg
[WARN] No descriptors found for pair: C:\Users\amit\Project_digital_image_processing__Amit_Alon\data\clean_images\2_data_feature_matching_high_level\00e9be89-00001650.jpg, C:\Users\amit\Project_digital_image_processing__Amit_Alon\data\clean_images\2_data_feature_matching_high_level\00e9be89-00001655.jpg
[WARN] No descriptors found for pair: C:\Users\amit\Project_digital_image_processing__Amit_Alon\data\clean_images\2_data_feature_matching_high_level\00e9be89-00001655.jpg, C:\Users\amit\Project_digital_image_processing__Amit_Alon\data\clean_images\2_data_feature_matching_high_level\00e9be89-00001665.jpg
[WARN] No descriptors found for pair: C:\Users\amit\Project_digital_image_processing__Amit_Alon\data\clean_images\2_data_feature_matching_high_level\00e9be89-00001665.jpg, C:\Users\amit\Project_digital_image_processing__Amit_Alon\data\clean_images\2_data_feature_matching_high_level\00e9be89-00001670.jpg
[WARN] No descriptors found for pair: C:\Users\amit\Project_digital_image_processing__Amit_Alon\data\clean_images\2_data_feature_matching_high_level\00e9be89-00001670.jpg, C:\Users\amit\Project_digital_image_processing__Amit_Alon\data\clean_images\2_data_feature_matching_high_level\00e9be89-00001675.jpg
[WARN] No descriptors found for pair: C:\Users\amit\Project_digital_image_processing__Amit_Alon\data\clean_images\2_data_feature_matching_high_level\00e9be89-00001675.jpg, C:\Users\amit\Project_digital_image_processing__Amit_Alon\data\clean_images\2_data_feature_matching_high_level\00e9be89-00001680.jpg
[WARN] No descriptors found for pair: C:\Users\amit\Project_digital_image_processing__Amit_Alon\data\clean_images\2_data_feature_matching_high_level\00e9be89-00001680.jpg, C:\Users\amit\Project_digital_image_processing__Amit_Alon\data\clean_images\2_data_feature_matching_high_level\00e9be89-00001685.jpg
[WARN] No descriptors found for pair: C:\Users\amit\Project_digital_image_processing__Amit_Alon\data\clean_images\2_data_feature_matching_high_level\00e9be89-00001685.jpg, C:\Users\amit\Project_digital_image_processing__Amit_Alon\data\clean_images\2_data_feature_matching_high_level\00e9be89-00001690.jpg
[WARN] No descriptors found for pair: C:\Users\amit\Project_digital_image_processing__Amit_Alon\data\clean_images\2_data_feature_matching_high_level\00e9be89-00001690.jpg, C:\Users\amit\Project_digital_image_processing__Amit_Alon\data\clean_images\2_data_feature_matching_high_level\00e9be89-00001695.jpg
[WARN] No descriptors found for pair: C:\Users\amit\Project_digital_image_processing__Amit_Alon\data\clean_images\2_data_feature_matching_high_level\00e9be89-00001695.jpg, C:\Users\amit\Project_digital_image_processing__Amit_Alon\data\clean_images\2_data_feature_matching_high_level\00e9be89-00001705.jpg
[WARN] No descriptors found for pair: C:\Users\amit\Project_digital_image_processing__Amit_Alon\data\clean_images\2_data_feature_matching_high_level\00e9be89-00001705.jpg, C:\Users\amit\Project_digital_image_processing__Amit_Alon\data\clean_images\2_data_feature_matching_high_level\00e9be89-00001710.jpg
[WARN] No descriptors found for pair: C:\Users\amit\Project_digital_image_processing__Amit_Alon\data\clean_images\2_data_feature_matching_high_level\00e9be89-00001710.jpg, C:\Users\amit\Project_digital_image_processing__Amit_Alon\data\clean_images\2_data_feature_matching_high_level\00e9be89-00001715.jpg
[WARN] No descriptors found for pair: C:\Users\amit\Project_digital_image_processing__Amit_Alon\data\clean_images\2_data_feature_matching_high_level\00e9be89-00001715.jpg, C:\Users\amit\Project_digital_image_processing__Amit_Alon\data\clean_images\2_data_feature_matching_high_level\00e9be89-00001720.jpg
[WARN] No descriptors found for pair: C:\Users\amit\Project_digital_image_processing__Amit_Alon\data\clean_images\2_data_feature_matching_high_level\00e9be89-00001720.jpg, C:\Users\amit\Project_digital_image_processing__Amit_Alon\data\clean_images\2_data_feature_matching_high_level\00e9be89-00001725.jpg
[WARN] No descriptors found for pair: C:\Users\amit\Project_digital_image_processing__Amit_Alon\data\clean_images\2_data_feature_matching_high_level\00e9be89-00001725.jpg, C:\Users\amit\Project_digital_image_processing__Amit_Alon\data\clean_images\2_data_feature_matching_high_level\00e9be89-00001730.jpg
[WARN] No descriptors found for pair: C:\Users\amit\Project_digital_image_processing__Amit_Alon\data\clean_images\2_data_feature_matching_high_level\00e9be89-00001730.jpg, C:\Users\amit\Project_digital_image_processing__Amit_Alon\data\clean_images\2_data_feature_matching_high_level\00e9be89-00001740.jpg
[WARN] No descriptors found for pair: C:\Users\amit\Project_digital_image_processing__Amit_Alon\data\clean_images\2_data_feature_matching_high_level\00e9be89-00001740.jpg, C:\Users\amit\Project_digital_image_processing__Amit_Alon\data\clean_images\2_data_feature_matching_high_level\00e9be89-00001745.jpg
[WARN] No descriptors found for pair: C:\Users\amit\Project_digital_image_processing__Amit_Alon\data\clean_images\2_data_feature_matching_high_level\00e9be89-00001745.jpg, C:\Users\amit\Project_digital_image_processing__Amit_Alon\data\clean_images\2_data_feature_matching_high_level\00e9be89-00001750.jpg
[WARN] No descriptors found for pair: C:\Users\amit\Project_digital_image_processing__Amit_Alon\data\clean_images\2_data_feature_matching_high_level\00e9be89-00001750.jpg, C:\Users\amit\Project_digital_image_processing__Amit_Alon\data\clean_images\2_data_feature_matching_high_level\00e9be89-00001755.jpg
[WARN] No descriptors found for pair: C:\Users\amit\Project_digital_image_processing__Amit_Alon\data\clean_images\2_data_feature_matching_high_level\00e9be89-00001755.jpg, C:\Users\amit\Project_digital_image_processing__Amit_Alon\data\clean_images\2_data_feature_matching_high_level\00e9be89-00001760.jpg
[WARN] No descriptors found for pair: C:\Users\amit\Project_digital_image_processing__Amit_Alon\data\clean_images\2_data_feature_matching_high_level\00e9be89-00001760.jpg, C:\Users\amit\Project_digital_image_processing__Amit_Alon\data\clean_images\2_data_feature_matching_high_level\00e9be89-00001765.jpg
[WARN] No descriptors found for pair: C:\Users\amit\Project_digital_image_processing__Amit_Alon\data\clean_images\2_data_feature_matching_high_level\00e9be89-00001765.jpg, C:\Users\amit\Project_digital_image_processing__Amit_Alon\data\clean_images\2_data_feature_matching_high_level\00e9be89-00001770.jpg
[WARN] No descriptors found for pair: C:\Users\amit\Project_digital_image_processing__Amit_Alon\data\clean_images\2_data_feature_matching_high_level\00e9be89-00001770.jpg, C:\Users\amit\Project_digital_image_processing__Amit_Alon\data\clean_images\2_data_feature_matching_high_level\00e9be89-00001775.jpg
[WARN] No descriptors found for pair: C:\Users\amit\Project_digital_image_processing__Amit_Alon\data\clean_images\2_data_feature_matching_high_level\00e9be89-00001775.jpg, C:\Users\amit\Project_digital_image_processing__Amit_Alon\data\clean_images\2_data_feature_matching_high_level\00e9be89-00001780.jpg
[WARN] No descriptors found for pair: C:\Users\amit\Project_digital_image_processing__Amit_Alon\data\clean_images\2_data_feature_matching_high_level\00e9be89-00001780.jpg, C:\Users\amit\Project_digital_image_processing__Amit_Alon\data\clean_images\2_data_feature_matching_high_level\00e9be89-00001785.jpg
[WARN] No descriptors found for pair: C:\Users\amit\Project_digital_image_processing__Amit_Alon\data\clean_images\2_data_feature_matching_high_level\00e9be89-00001785.jpg, C:\Users\amit\Project_digital_image_processing__Amit_Alon\data\clean_images\2_data_feature_matching_high_level\00e9be89-00001795.jpg
[WARN] No descriptors found for pair: C:\Users\amit\Project_digital_image_processing__Amit_Alon\data\clean_images\2_data_feature_matching_high_level\00e9be89-00001795.jpg, C:\Users\amit\Project_digital_image_processing__Amit_Alon\data\clean_images\2_data_feature_matching_high_level\00e9be89-00001800.jpg
[WARN] No descriptors found for pair: C:\Users\amit\Project_digital_image_processing__Amit_Alon\data\clean_images\2_data_feature_matching_high_level\00e9be89-00001800.jpg, C:\Users\amit\Project_digital_image_processing__Amit_Alon\data\clean_images\2_data_feature_matching_high_level\00e9be89-00001810.jpg
[WARN] No descriptors found for pair: C:\Users\amit\Project_digital_image_processing__Amit_Alon\data\clean_images\2_data_feature_matching_high_level\00e9be89-00001810.jpg, C:\Users\amit\Project_digital_image_processing__Amit_Alon\data\clean_images\2_data_feature_matching_high_level\00e9be89-00001815.jpg
[WARN] No descriptors found for pair: C:\Users\amit\Project_digital_image_processing__Amit_Alon\data\clean_images\2_data_feature_matching_high_level\00e9be89-00001815.jpg, C:\Users\amit\Project_digital_image_processing__Amit_Alon\data\clean_images\2_data_feature_matching_high_level\00e9be89-00001820.jpg
[WARN] No descriptors found for pair: C:\Users\amit\Project_digital_image_processing__Amit_Alon\data\clean_images\2_data_feature_matching_high_level\00e9be89-00001820.jpg, C:\Users\amit\Project_digital_image_processing__Amit_Alon\data\clean_images\2_data_feature_matching_high_level\00e9be89-00001825.jpg
[WARN] No descriptors found for pair: C:\Users\amit\Project_digital_image_processing__Amit_Alon\data\clean_images\2_data_feature_matching_high_level\00e9be89-00001825.jpg, C:\Users\amit\Project_digital_image_processing__Amit_Alon\data\clean_images\2_data_feature_matching_high_level\00e9be89-00001830.jpg
[WARN] No descriptors found for pair: C:\Users\amit\Project_digital_image_processing__Amit_Alon\data\clean_images\2_data_feature_matching_high_level\00e9be89-00001830.jpg, C:\Users\amit\Project_digital_image_processing__Amit_Alon\data\clean_images\2_data_feature_matching_high_level\00e9be89-00001840.jpg
[WARN] No descriptors found for pair: C:\Users\amit\Project_digital_image_processing__Amit_Alon\data\clean_images\2_data_feature_matching_high_level\00e9be89-00001840.jpg, C:\Users\amit\Project_digital_image_processing__Amit_Alon\data\clean_images\2_data_feature_matching_high_level\00e9be89-00001845.jpg
[WARN] No descriptors found for pair: C:\Users\amit\Project_digital_image_processing__Amit_Alon\data\clean_images\2_data_feature_matching_high_level\00e9be89-00001845.jpg, C:\Users\amit\Project_digital_image_processing__Amit_Alon\data\clean_images\2_data_feature_matching_high_level\00e9be89-00001865.jpg
[WARN] No descriptors found for pair: C:\Users\amit\Project_digital_image_processing__Amit_Alon\data\clean_images\2_data_feature_matching_high_level\00e9be89-00001865.jpg, C:\Users\amit\Project_digital_image_processing__Amit_Alon\data\clean_images\2_data_feature_matching_high_level\00e9be89-00001870.jpg
[WARN] No descriptors found for pair: C:\Users\amit\Project_digital_image_processing__Amit_Alon\data\clean_images\2_data_feature_matching_high_level\00e9be89-00001870.jpg, C:\Users\amit\Project_digital_image_processing__Amit_Alon\data\clean_images\2_data_feature_matching_high_level\00e9be89-00001875.jpg
[WARN] No descriptors found for pair: C:\Users\amit\Project_digital_image_processing__Amit_Alon\data\clean_images\2_data_feature_matching_high_level\00e9be89-00001875.jpg, C:\Users\amit\Project_digital_image_processing__Amit_Alon\data\clean_images\2_data_feature_matching_high_level\00e9be89-00001885.jpg
[WARN] No descriptors found for pair: C:\Users\amit\Project_digital_image_processing__Amit_Alon\data\clean_images\2_data_feature_matching_high_level\00e9be89-00001885.jpg, C:\Users\amit\Project_digital_image_processing__Amit_Alon\data\clean_images\2_data_feature_matching_high_level\00e9be89-00001890.jpg
[WARN] No descriptors found for pair: C:\Users\amit\Project_digital_image_processing__Amit_Alon\data\clean_images\2_data_feature_matching_high_level\00e9be89-00001890.jpg, C:\Users\amit\Project_digital_image_processing__Amit_Alon\data\clean_images\2_data_feature_matching_high_level\00e9be89-00001895.jpg
[WARN] No descriptors found for pair: C:\Users\amit\Project_digital_image_processing__Amit_Alon\data\clean_images\2_data_feature_matching_high_level\00e9be89-00001895.jpg, C:\Users\amit\Project_digital_image_processing__Amit_Alon\data\clean_images\2_data_feature_matching_high_level\00e9be89-00001900.jpg
[WARN] No descriptors found for pair: C:\Users\amit\Project_digital_image_processing__Amit_Alon\data\clean_images\2_data_feature_matching_high_level\00e9be89-00001900.jpg, C:\Users\amit\Project_digital_image_processing__Amit_Alon\data\clean_images\2_data_feature_matching_high_level\00e9be89-00001905.jpg
[WARN] No descriptors found for pair: C:\Users\amit\Project_digital_image_processing__Amit_Alon\data\clean_images\2_data_feature_matching_high_level\00e9be89-00001905.jpg, C:\Users\amit\Project_digital_image_processing__Amit_Alon\data\clean_images\2_data_feature_matching_high_level\00e9be89-00001915.jpg
[degraded] rain level_1 (178 pairs)
[degraded] rain level_2 (178 pairs)
[degraded] rain level_3 (178 pairs)
[degraded] rain level_4 (178 pairs)
[degraded] rain level_5 (178 pairs)
[degraded] rain level_6 (178 pairs)
[degraded] rain level_7 (178 pairs)
[degraded] rain level_8 (178 pairs)
[degraded] rain level_9 (178 pairs)

=== Baseline (clean) ===
  inlier_ratio=0.553  match_ratio=0.083

=== Level summary (mean per augmentation/level, distorted) ===
augmentation  level  inlier_ratio  match_ratio  n_good_matches    snr_db
   low_light      1      0.547974     0.083750      167.252809 10.553018
   low_light      2      0.529387     0.083933      166.786517  7.841279
   low_light      3      0.532094     0.085015      164.977528  5.812951
   low_light      4      0.558393     0.087859      156.471910  4.257417
   low_light      5      0.561856     0.091763      132.129213  3.039693
   low_light      6      0.614971     0.096256       64.404494  2.040202
   low_light      7      0.443447     0.115746       10.335227  1.251743
   low_light      8      0.000000     0.000000        0.000000  0.593853
 motion_blur      1      0.535355     0.085344      170.567416 35.926752
 motion_blur      2      0.542058     0.085317      170.050562 31.413825
 motion_blur      3      0.501029     0.085763      163.050562 27.520622
 motion_blur      4      0.486775     0.086609      155.000000 26.421154
 motion_blur      5      0.479219     0.092313      128.387640 24.891162
 motion_blur      6      0.480485     0.095854      111.848315 24.321379
 motion_blur      7      0.487274     0.099841       96.370787 23.835211
 motion_blur      8      0.534864     0.105702       70.415730 23.037495
 motion_blur      9      0.526247     0.107887       59.938202 22.703601
        rain      1      0.548452     0.077835      155.589888 22.483185
        rain      2      0.535272     0.074496      148.949438 18.787916
        rain      3      0.539251     0.070909      141.792135 14.555173
        rain      4      0.534965     0.070132      140.241573 12.104259
        rain      5      0.528372     0.069331      138.640449 10.377703
        rain      6      0.515865     0.068873      137.696629  9.119892
        rain      7      0.518020     0.068615      137.151685  8.151155
        rain      8      0.508460     0.068903      137.730337  7.376067
        rain      9      0.510688     0.067647      135.185393  6.724939

=== Enhanced vs distorted (mean over all levels) ===
distorted inlier_ratio: {'low_light': 0.539150520416333, 'motion_blur': 0.5081451935081148, 'rain': 0.5265939450686642}
enhanced  inlier_ratio: {'low_light': 0.5349058052434457, 'motion_blur': 0.5053227215980025, 'rain': 0.5062381398252185}

CSVs written to C:\Users\amit\Project_digital_image_processing__Amit_Alon\outputs\csv_results\task2
Plots written to C:\Users\amit\Project_digital_image_processing__Amit_Alon\outputs\graph_results\task2
Visualizations written to C:\Users\amit\Project_digital_image_processing__Amit_Alon\outputs\visualizations\task2
TASK2_EXIT=0
