image,class,x1,y1,x2,y2
0049e5b8-725e21a0.jpg,car,522.112317,409.724858,541.012312,429.974849
0049e5b8-725e21a0.jpg,car,600.41229,412.424856,611.212285,424.574851
0049e5b8-725e21a0.jpg,car,604.462288,411.074856,632.812279,436.724847
0049e5b8-725e21a0.jpg,car,294.637399,408.374857,306.787395,420.524853
0049e5b8-725e21a0.jpg,car,239.287417,411.074856,263.587409,421.874852
0049e5b8-725e21a0.jpg,car,90.449966,412.424856,110.699959,427.27485
0049e5b8-725e21a0.jpg,car,385.289857,396.629865,491.93982,477.629837
0049e5b8-725e21a0.jpg,car,539.999811,393.929865,593.999792,449.279847
0049e5b8-725e21a0.jpg,car,630.449779,414.179859,672.299765,447.929847
0049e5b8-725e21a0.jpg,car,683.099761,411.47986,731.699744,443.879849
0081e27b-17bf4a9e.jpg,car,334.12477,285.609179,357.749752,295.734172
0081e27b-17bf4a9e.jpg,car,298.687296,287.296677,334.124771,297.421672
0081e27b-17bf4a9e.jpg,car,253.124826,285.609179,295.312297,295.734172
0081e27b-17bf4a9e.jpg,car,389.812233,288.984177,404.999723,297.421671
0081e27b-17bf4a9e.jpg,car,408.374719,287.296677,423.56221,295.734172
0081e27b-17bf4a9e.jpg,car,437.0622,288.984177,450.56219,295.734172
0081e27b-17bf4a9e.jpg,car,467.437178,287.296677,482.624669,292.359175
0081e27b-17bf4a9e.jpg,car,484.312167,288.984177,502.874653,295.734172
0081e27b-17bf4a9e.jpg,car,728.999499,285.609179,742.49949,294.046674
0081e27b-17bf4a9e.jpg,car,717.187007,285.609179,730.686999,294.046674
0081e27b-17bf4a9e.jpg,car,696.937021,285.609179,710.437011,294.046674
0081e27b-17bf4a9e.jpg,car,685.124529,285.609179,698.624522,294.046674
0081e27b-17bf4a9e.jpg,car,673.312038,285.609179,688.499529,294.046674
0081e27b-17bf4a9e.jpg,car,659.812046,287.296677,674.999536,297.421672
0081e27b-17bf4a9e.jpg,car,647.999555,287.296677,661.499544,297.421672
0081e27b-17bf4a9e.jpg,car,631.124566,287.296677,647.999555,297.421672
0081e27b-17bf4a9e.jpg,car,104.624927,285.187304,192.374868,322.312278
0081e27b-17bf4a9e.jpg,car,349.31226,288.562301,394.874728,312.187284
0081e27b-17bf4a9e.jpg,car,534.937132,280.0467470956131,631.124566,359.437253
0081e27b-17bf4a9e.jpg,truck,167.062386,266.624819,244.687333,300.374794
00beeb02-50440dcd.jpg,car,617.008836,299.66806,629.751148,312.474386
00beeb02-50440dcd.jpg,car,623.347984,294.545531,641.276842,313.755023
00beeb02-50440dcd.jpg,car,404.359785,311.193755,424.998217,325.280714
00d4b6b7-7d0a60bf.jpg,car,43.080353,371.568043,95.584535,386.376914
00d4b6b7-7d0a60bf.jpg,car,28.271482,378.299349,90.199489,406.570831
00d4b6b7-7d0a60bf.jpg,car,382.338132,371.837293,395.800744,383.953644
00d4b6b7-7d0a60bf.jpg,car,461.767533,371.837293,486.000232,381.26112
00d4b6b7-7d0a60bf.jpg,car,648.897816,371.837293,661.014164,379.914858
00d4b6b7-7d0a60bf.jpg,car,644.859033,382.60738,679.861819,409.532599
00d4b6b7-7d0a60bf.jpg,car,638.666223,374.529814,648.09005,385.299904
00d4b6b7-7d0a60bf.jpg,car,503.91582071503166,364.2080532693136,648.897816,477.922665
01118704-2d838d7f.jpg,bus,455.772799,374.379187,505.364658,396.420014
01118704-2d838d7f.jpg,car,52.425678,375.008922,114.139992,415.784451
01118704-2d838d7f.jpg,car,121.854282,354.070136,303.691098,492.927342
01118704-2d838d7f.jpg,car,299.282933,363.988508,353.282959,408.07016
0115917e-14907a6a.jpg,car,636.419088,339.524761,644.856582,354.71225
0115917e-14907a6a.jpg,car,644.856583,336.149765,660.044072,351.337253
0115917e-14907a6a.jpg,car,492.981687,339.524761,519.981669,354.71225
0115917e-14907a6a.jpg,car,482.856694,336.149765,496.356685,349.649756
0115917e-14907a6a.jpg,car,415.356741,339.524761,440.669222,358.087248
0115917e-14907a6a.jpg,truck,341.106792,314.21228,390.044259,361.462246
0115917e-14907a6a.jpg,car,573.981632,332.774766,587.481622,358.087251
0115917e-14907a6a.jpg,car,435.606727,337.837263,471.044202,361.462246
0115917e-14907a6a.jpg,car,315.794309,341.21226,364.731776,368.212241
0115917e-14907a6a.jpg,car,157.169418,339.524761,268.544343,400.274721
0115917e-14907a6a.jpg,car,656.669075,334.462265,681.981557,356.758049
0115917e-14907a6a.jpg,car,681.981557,334.462265,719.10653,359.774748
0115917e-14907a6a.jpg,car,729.231525,334.462265,781.543988,368.212241
0115917e-14907a6a.jpg,truck,830.481454,319.274775,869.293929,361.462246
0115917e-14907a6a.jpg,truck,589.3696763202726,310.3236797274276,641.481585,371.65247018739353
0115917e-14907a6a.jpg,car,965.481362,327.71227,1029.606319,374.962236
0115917e-14907a6a.jpg,car,943.543877,290.587295,1279.356148,547.087119
02188a44-65ad27f3.jpg,car,420.493111,301.956478,661.309642,521.5135135135135
02188a44-65ad27f3.jpg,car,1108.00559,336.893592,1278.947894,494.110601
02188a44-65ad27f3.jpg,car,874.675584,316.929527,1136.703933,457.925735
02188a44-65ad27f3.jpg,car,787.332801,328.159313,907.117189,429.227391
02188a44-65ad27f3.jpg,car,741.165901,346.875624,804.801358,415.502096
02188a44-65ad27f3.jpg,car,712.467558,353.114394,757.386704,408.015571
02188a44-65ad27f3.jpg,car,633.859054,346.875624,706.228788,416.74985
02188a44-65ad27f3.jpg,car,291.974446,374.326213,388.051508,434.5945945945946
02188a44-65ad27f3.jpg,car,119.784388,386.803753,232.082252,456.67798
02188a44-65ad27f3.jpg,car,207.127171,380.564983,291.974446,434.218407
02188a44-65ad27f3.jpg,car,274.505889,379.317229,321.920543,406.767818
02494b7b-079febf8.jpg,car,595.445835,375.023728,629.121434,393.392237
02494b7b-079febf8.jpg,car,574.015908,371.962307,592.384417,387.269398
02494b7b-079febf8.jpg,car,543.401726,373.493017,575.546617,396.453653
02494b7b-079febf8.jpg,car,491.357617,373.493017,531.156054,384.207981
029ffd50-dc944dba.jpg,car,595.564544,289.519043,610.254728,299.312498
029ffd50-dc944dba.jpg,car,571.080903,296.864134,582.098541,306.65759
029ffd50-dc944dba.jpg,car,551.493993,294.415772,564.959996,307.881774
029ffd50-dc944dba.jpg,car,539.252172,296.864134,550.269811,306.65759
029ffd50-dc944dba.jpg,car,502.526713,299.312498,519.665259,309.105955
029ffd50-dc944dba.jpg,car,478.043072,299.312498,495.181621,310.330136
029ffd50-dc944dba.jpg,car,460.904524,299.312498,475.594709,310.330136
029ffd50-dc944dba.jpg,car,624.944911,304.209228,637.186731,321.347775
029ffd50-dc944dba.jpg,car,600.461271,301.760862,632.290003,333.589594
0464a98b-860229d5.jpg,car,708.0745703459911,414.1110574236852,739.356518,428.9622
0464a98b-860229d5.jpg,car,579.044128,413.77471,590.856619,427.274701
0464a98b-860229d5.jpg,car,567.231636,418.837207,585.794123,430.649699
0464a98b-860229d5.jpg,car,540.231655,413.77471,552.044147,430.649699
0464a98b-860229d5.jpg,car,590.3906246931086,415.462209,616.169104,439.69452386996403
0464a98b-860229d5.jpg,car,546.98165,413.77471,573.981632,435.712195
0464a98b-860229d5.jpg,car,368.106773,388.462228,496.356685,493.087156
0464a98b-860229d5.jpg,car,278.669335,413.77471,349.544285,461.024677
0464a98b-860229d5.jpg,car,1242.231172,386.774729,1279.356147,452.587185
051aadb7-51aad566.jpg,car,537.609606,392.12974,555.3773656937028,406.2588436796413
051aadb7-51aad566.jpg,car,517.1095532611022,389.568474,538.890239,406.2588436796413
051aadb7-51aad566.jpg,truck,513.277585,374.200881,533.767707,390.849107
051aadb7-51aad566.jpg,car,467.174807,371.639616,517.119484,423.6973404843707
051aadb7-51aad566.jpg,bus,560.2213925839054,356.36536671055444,590.11555,419.023026
051aadb7-51aad566.jpg,truck,569.625425,274.311528,742.510844,448.47758
051aadb7-51aad566.jpg,car,335.269633,383.16531,371.127351,394.691005
051aadb7-51aad566.jpg,car,307.095714,385.726576,323.74394,394.691005
051aadb7-51aad566.jpg,truck,0,302.06480329739964,68.29960127859006,399.2308027590291
051aadb7-e953bc4d.jpg,car,335.606365,367.19828299204187,358.5758480767487,392.5375102947765
051aadb7-e953bc4d.jpg,truck,283.04647048806277,353.02336148010465,323.8369728115136,391.94871579875553
051aadb7-e953bc4d.jpg,truck,256.319365,375.4670424801047,302.0515764587391,400.1918387430486
051aadb7-e953bc4d.jpg,car,0,368.118236,49.292187,397.483792
051aadb7-e953bc4d.jpg,car,77.189463,372.313316,106.55502,397.27404
051aadb7-e953bc4d.jpg,truck,113.89641,356.03225154147856,169.57281485402893,395.805761
051aadb7-e953bc4d.jpg,car,212.271027,373.781593,232.57382592826886,387.827154326609
051aadb7-e953bc4d.jpg,car,410.488539,373.781601,442.790649,395.805767
051aadb7-e953bc4d.jpg,car,623.388826,362.035377,635.135049,422.234769
051aadb7-e953bc4d.jpg,truck,436.917539,216.675869,630.730217,487.3334241541469
051aadb7-e953bc4d.jpg,car,677.715108,381.93920936639967,708.548944,398.952071
051aadb7-e953bc4d.jpg,car,806.084555,376.718149,866.283947,414.893373
051aadb7-e953bc4d.jpg,car,851.601168,386.996094,902.990893,416.361652
051aadb7-e953bc4d.jpg,car,891.244669,384.05954,955.848894,422.234764
051aadb7-e953bc4d.jpg,car,941.166117,376.718149,1042.477289,425.17132
051aadb7-e953bc4d.jpg,car,0,393.7150992868184,7.65432844827214,438.46348098440933
05743a9b-747658e7.jpg,car,11.581816,367.871819,65.776103,381.857442
05743a9b-747658e7.jpg,car,216.121551,374.86463,252.833809,383.605642
05743a9b-747658e7.jpg,car,331.502938,381.857441,378.704414,402.835875
05743a9b-747658e7.jpg,car,261.574823,380.109238,328.006534,404.584078
05743a9b-747658e7.jpg,car,579.747742,388.850252,593.733364,401.08767
05743a9b-747658e7.jpg,car,605.970784,388.850252,621.704611,404.584078
05743a9b-747658e7.jpg,car,565.762121,387.10205,583.24415,404.584078
05743a9b-747658e7.jpg,car,544.783687,381.857441,567.510324,409.828687
05743a9b-747658e7.jpg,truck,454.9875748778691,304.31761559422495,555.9305029175713,432.95285132623485
05743a9b-747658e7.jpg,car,831.488952,401.087672,859.460197,413.325092
05743a9b-747658e7.jpg,car,789.532084,399.339469,815.755126,409.828687
05743a9b-747658e7.jpg,car,862.956606,404.584078,897.920662,411.576891
057af272-6f700aef.jpg,car,660.061889,300.958272,671.291675,310.940306
057af272-6f700aef.jpg,car,842.23398,302.206025,874.675584,328.408862
057af272-6f700aef.jpg,car,394.290279,302.206025,406.76782,312.18806
057af272-6f700aef.jpg,car,371.830706,298.462762,396.785787,312.188058
057af272-6f700aef.jpg,car,603.912958,304.701533,616.390498,317.179074
057af272-6f700aef.jpg,car,646.336594,298.462762,662.557396,312.188058
057af272-6f700aef.jpg,car,626.372529,303.453779,646.336594,317.179074
057af272-6f700aef.jpg,car,578.957875,302.206025,608.903972,328.408862
057af272-6f700aef.jpg,car,401.776803,297.215008,456.677981,337.143139
05d62296-30c620d5.jpg,car,98.796676,294.394137,192.603621,349.281178
05d62296-30c620d5.jpg,car,571.823187,308.365384,616.730767,345.289393
05d62296-30c620d5.jpg,car,614.734876,306.369493,635.691746,334.311986
05d62296-30c620d5.jpg,car,30.936333,301.37976,169.650859,364.250374
05d62296-30c620d5.jpg,car,244.496825,297.387977,442.090178,423.129201
05d62296-30c620d5.jpg,car,489.991596,302.377707,571.823187,366.246264
05d62296-30c620d5.jpg,car,616.730767,286.410566,755.445292,405.166167
05e5a68e-f0e05a42.jpg,car,586.542895,347.78426,595.524411,354.769885
05e5a68e-f0e05a42.jpg,car,662.386809,358.761668,689.925540138415,373.1017347009247
05e5a68e-f0e05a42.jpg,car,356.017316,357.763722,395.935163,380.716484
05e5a68e-f0e05a42.jpg,truck,278.177511,353.771937,373.980346,415.644604
05e5a68e-f0e05a42.jpg,car,233.269931,364.749346,268.198048,378.720594
05e5a68e-f0e05a42.jpg,car,61.550411,354.603561,278.104743,468.369432
05e5a68e-f0e05a42.jpg,car,580.482449,368.574809,726.182599,490.32425
05e5a68e-f0e05a42.jpg,car,723.18876,362.587132,743.147683,376.558379
05e5a68e-f0e05a42.jpg,car,732.170275,368.574809,806.018294,422.463905
05e5a68e-f0e05a42.jpg,car,808.014189,355.601508,848.9329843071495,375.7816354453416
05e5a68e-f0e05a42.jpg,car,903.817028,360.591238,923.775952,379.552218
05e5a68e-f0e05a42.jpg,car,933.755413,357.5974,972.675315,386.537839
05e5a68e-f0e05a42.jpg,car,908.806758,362.587132,963.6938,394.521411
05e5a68e-f0e05a42.jpg,car,973.673262,357.5974,1015.587004,382.546052
05e5a68e-f0e05a42.jpg,car,976.667102,362.587132,1020.576736,394.521411
05e5a68e-f0e05a42.jpg,car,1026.231765,347.950587,1082.116751,362.91978
05e5a68e-f0e05a42.jpg,car,1016.252303,360.923886,1066.149616,389.864324
05e5a68e-f0e05a42.jpg,car,1054.17426,353.938264,1108.8833565155862,382.92803743045323
05e5a68e-f0e05a42.jpg,truck,1118.042818,349.946477,1207.857978,379.884866
05e5a68e-f0e05a42.jpg,car,1215.1860860441222,356.1290299862845,1238.4118924957352,372.20843445278575
05e5a68e-f0e05a42.jpg,car,0,547.872477,31.934279,700.55825
05e5a68e-f0e05a42.jpg,car,28.992142,390.0744394155649,71.7617684262562,434.882124
05e5a68e-f0e05a42.jpg,car,0,350.957504,64.087892,390.630961
05e5a68e-f0e05a42.jpg,car,452.3076741334522,363.2754319713962,479.106681577621,377.5682359416195
05e5a68e-f0e05a42.jpg,car,469.2803788480924,361.4888314751183,498.759287036678,393.6476404081207
05e5a68e-f0e05a42.jpg,car,480.8932820738989,365.0620324676741,552.3573019250155,415.98014661159465
05e5a68e-f0e05a42.jpg,car,538.0644979547922,365.0620324676741,580.9429098654622,402.58064288951033
05e5a68e-f0e05a42.jpg,car,572.9032076322115,362.3821317232572,601.4888155726582,387.39453867114804
05e5a68e-f0e05a42.jpg,car,594.3424135875465,358.8089307307014,614.8883192947426,373.1017347009247
05e5a68e-f0e05a42.jpg,car,344.21834410863835,365.0620324676741,494.29278579598326,455.2853575297088
05e5a68e-f0e05a42.jpg,car,609.5285178059088,352.55582899372865,665.8064334386631,373.1017347009247
05fa6494-8f436d04.jpg,car,241.312334,278.099808,548.437123,487.349664
05fa6494-8f436d04.jpg,car,551.812121,291.599805,624.374571,369.224751
05fa6494-8f436d04.jpg,car,644.624557,332.099778,742.49949,416.47472
05fa6494-8f436d04.jpg,car,737.436993,335.474774,782.999461,372.599749
05fa6494-8f436d04.jpg,car,331.9116254064156,188.97212052942834,439.65694682675814,262.89956734338597
05fa6494-8f436d04.jpg,car,232.03092598755794,229.499842,323.999777,291.937299
05fa6494-8f436d04.jpg,car,789.749457,334.124757,819.5181894984768,357.2750313612043
05fa6494-8f436d04.jpg,car,681.749532,308.812274,718.8510278794706,335.812255
05fa6494-8f436d04.jpg,car,627.749568,312.187272,664.874543,350.999744
05fa6494-8f436d04.jpg,car,425.5086666892835,216.77419127660707,479.106681577621,261.439203683555
05fa6494-8f436d04.jpg,car,471.9602795925093,233.74689599124727,494.29278579598326,284.6650101351679
05fa6494-8f436d04.jpg,car,496.9726865404001,248.93300020960956,523.7716939845689,273.94540715750037
060039d9-5218402b.jpg,car,616.415326,282.87840963888993,632.7543242575217,297.028587
060039d9-5218402b.jpg,car,367.943812,275.507275,392.404738,290.95628
060039d9-5218402b.jpg,car,334.470966,275.507275,375.668315,297.393364
060039d9-5218402b.jpg,car,274.4998847955762,262.89956734338597,308.31775940196104,304.58206395125575
064aa0d6-f75ff4d5.jpg,car,291.2575,384.397842,328.110556,401.288826
064aa0d6-f75ff4d5.jpg,car,245.19118,375.36366196461944,293.3749775991398,396.682192
064aa0d6-f75ff4d5.jpg,car,152.59824377256086,366.7125777629861,246.726724,408.966544
064aa0d6-f75ff4d5.jpg,car,318.897292,369.042401,457.096254,458.103952
064aa0d6-f75ff4d5.jpg,car,575.333141,378.255666,587.617493,390.540017
064aa0d6-f75ff4d5.jpg,car,583.010861,387.468929,595.295212,395.146648
064aa0d6-f75ff4d5.jpg,car,598.366301,375.184577,635.219357,402.824369
064aa0d6-f75ff4d5.jpg,car,636.754902,381.326753,665.93024,401.288824
064aa0d6-f75ff4d5.jpg,car,660.187509,331.123692,732.282871,407.431002
064aa0d6-f75ff4d5.jpg,car,767.276141,384.397842,801.05811,412.037634
064aa0d6-f75ff4d5.jpg,car,711.996557,379.791209,767.276142,419.715355
064aa0d6-f75ff4d5.jpg,car,856.337693,373.004275364174,945.399245,430.464163
064aa0d6-f75ff4d5.jpg,car,788.773758,375.184577,887.048574,436.606339
064aa0d6-f75ff4d5.jpg,car,1218.726079,379.791209,1280,474.994938
064aa0d6-f75ff4d5.jpg,car,976.110128,365.971312,1264.792399,507.241361
07de5062-ddddcbd7.jpg,car,619.5441,324.337272,631.356591,337.837264
07de5062-ddddcbd7.jpg,car,626.294096,332.774766,639.794087,346.274758
07de5062-ddddcbd7.jpg,car,568.919135,326.024771,616.1080255928712,360.6799115455467
07de5062-ddddcbd7.jpg,car,715.731534,320.962274,823.73146,405.337216
07de5062-ddddcbd7.jpg,truck,627.981594,266.962311,707.29404,361.462246
07de5062-ddddcbd7.jpg,car,1127.481251,297.33729,1279.356147,469.462171
07de5062-ddddcbd7.jpg,truck,493.1003468720723,296.50199221295594,521.9804105717382,317.8946319904862
07de5062-ddddcbd7.jpg,truck,448.1758033392587,296.363429,474.799437,317.8946319904862
07de5062-ddddcbd7.jpg,truck,335.758382,295.076012,388.542486,327.261441
07de5062-ddddcbd7.jpg,car,38.365016,308.09588151019864,85.56444963124166,332.04115727524
07de5062-ddddcbd7.jpg,car,0,298.641256190709,34.2282236440484,330.73021585700434
088351d1-30833ddc.jpg,car,76.535453,336.755998,237.259908,384.207981
088351d1-30833ddc.jpg,car,0,335.22529,105.618926,384.207981
088351d1-30833ddc.jpg,car,205.115017,338.286707,257.159126,376.554435
088351d1-30833ddc.jpg,car,234.19849,336.755998,301.54969,376.554435
088351d1-30833ddc.jpg,car,251.03629,341.348127,394.922944,376.554435
088351d1-30833ddc.jpg,car,373.799153,347.470962,404.413335,370.431598
088351d1-30833ddc.jpg,car,393.698372,339.817418,467.172407,368.900891
088351d1-30833ddc.jpg,car,464.11099,353.593799,488.602334,370.4316
088351d1-30833ddc.jpg,car,480.94879,355.124508,508.501554,370.431598
088351d1-30833ddc.jpg,car,503.909426,355.124508,525.339355,370.431598
088351d1-30833ddc.jpg,car,520.747227,355.124508,537.585027,368.900889
088351d1-30833ddc.jpg,car,534.523608,358.185925,545.238571,370.431598
088351d1-30833ddc.jpg,car,555.953535,356.655217,575.852753,379.615852
088351d1-30833ddc.jpg,car,649.632927,362.778054,672.593562,384.207983
088351d1-30833ddc.jpg,car,660.34789,362.778054,707.799872,401.045781
088351d1-30833ddc.jpg,car,746.0676,364.308762,772.089653,394.922944
088351d1-30833ddc.jpg,car,902.608155,347.981215,1002.104248,419.924542
088351d1-30833ddc.jpg,car,780.355519,366.45177,840.053172,401.658078
088351d1-30833ddc.jpg,car,706.881484,363.390352,755.864175,397.065951
088351d1-30833ddc.jpg,car,555.341284,354.206095,668.613758,447.579351
088351d1-30833ddc.jpg,car,884.960319,341.041989,1278.352554,570.648352
08a49c01-675d3899.jpg,car,572.0205204055288,460.69538681105763,580.8539981801109,467.0058250979153
08a49c01-675d3899.jpg,car,558.1760261889425,460.4529190276441,567.0117819589584,467.0058250979153
08a49c01-675d3899.jpg,car,510.89620381105766,462.66812862211526,522.0245792402129,469.428212936617
08a49c01-675d3899.jpg,car,476.5615865944712,464.29481702764406,490.87959274261976,473.2348223974339
08a49c01-675d3899.jpg,truck,451.7799205668271,463.36023943317286,472.27004256682716,474.88593443317285
08a49c01-675d3899.jpg,car,383.421453,461.283907,412.876004,481.774031
08a49c01-675d3899.jpg,car,301.460948,470.248336,332.196133,488.177195
08a49c01-675d3899.jpg,car,642.073976460817,459.1722860276441,650.0650792858733,466.3137142868577
08a49c01-675d3899.jpg,car,605.6630268110576,455.5728548110576,620.6503698159243,472.19665618084747
08a49c01-675d3899.jpg,car,615.215978,454.880744,644.67053,483.054666
08a49c01-675d3899.jpg,car,652.354327,451.6273671889424,681.808881,477.38748726377963
08a49c01-675d3899.jpg,car,640.1365211889423,460.003276,680.1718995668799,491.92181429598975
08a49c01-675d3899.jpg,car,640.3755279310666,457.66232914863735,646.2584698250564,467.0058250979153
08d4285a-4a25b9b6.jpg,car,221.804018,345.305547,265.902331,360.004985
08d4285a-4a25b9b6.jpg,car,163.92498,344.386833,218.129155,360.923701
08d4285a-4a25b9b6.jpg,car,812.2923071221462,378.07875770738207,828.2759372569036,388.4578690801497
08d4285a-4a25b9b6.jpg,car,797.969495,378.510539,813.587647,387.697688
08d4285a-4a25b9b6.jpg,car,782.351342,378.510539,802.563067,397.803551
08d4285a-4a25b9b6.jpg,car,741.927888,377.591823,786.026201,406.990698
08d4285a-4a25b9b6.jpg,car,477.862986,350.949092,588.10877,432.714715
09ac21d6-eefa8ed0.jpg,car,612.455448,365.366939,685.366811,433.417544
0a0a0b1a-7c39d841.jpg,car,555.647397,304.228432,574.015906,316.474104
0a0a0b1a-7c39d841.jpg,car,554.116689,318.004813,567.89307,328.719775
0a0a0b1a-7c39d841.jpg,car,523.502507,311.881977,544.932435,327.189068
0a0a0b1a-7c39d841.jpg,car,492.888326,311.881977,526.563926,337.904031
0a0a0b1a-7c39d841.jpg,truck,393.392235,302.697723,453.089891,347.088286
0a0a0b1a-7c39d841.jpg,car,169.143354,301.167013,265.578024,359.333958
0a0a0b1a-7c39d841.jpg,car,561.00488,281.267794,677.33877,386.886721
0af6039a-f3c91319.jpg,car,540.340308,361.247345,584.730871,397.984362
0af6039a-f3c91319.jpg,car,848.012832,345.940253,875.565596,367.370181
0af6039a-f3c91319.jpg,car,930.671125,336.755999,950.570341,352.06309
0af6039a-f3c91319.jpg,car,958.223887,344.409543,991.899488,373.493016
0af6039a-f3c91319.jpg,car,907.404374,364.308761,964.346724,404.107198
0af6039a-f3c91319.jpg,car,1133.949319,333.69458,1150.787119,342.878835
0af6039a-f3c91319.jpg,car,1107.927264,338.286709,1129.357191,350.532381
0af6039a-f3c91319.jpg,car,1178.339882,349.001672,1198.239099,382.677271
0af6039a-f3c91319.jpg,car,1091.089464,339.817417,1110.988682,350.532381
0af6039a-f3c91319.jpg,car,1069.659536,342.878835,1091.089463,350.532381
0af6039a-f3c91319.jpg,car,1048.22961,342.878835,1071.190246,350.532381
0af6039a-f3c91319.jpg,car,1152.317827,335.22529,1172.217045,342.878835
0af6039a-f3c91319.jpg,car,256.721783,295.208182,558.271473,550.8366
0af6039a-f3c91319.jpg,car,0,150.009491,235.291855,425.53712600000006
0af6039a-f3c91319.jpg,car,832.11215,373.314495,875.163703,413.396975
0af6039a-f3c91319.jpg,car,743.03997,373.314495,786.091524,400.036148
0b2f5d0d-8fddc1fc.jpg,car,608.155332,346.875624,621.880628,359.353162
0b2f5d0d-8fddc1fc.jpg,car,600.668808,339.3891,611.898595,354.362147
0b2f5d0d-8fddc1fc.jpg,car,583.200251,346.875624,606.907578,366.839688
0b2f5d0d-8fddc1fc.jpg,car,534.537843,314.434019,589.439022,371.830702
0b2f5d0d-8fddc1fc.jpg,car,523.308057,348.123378,566.979448,386.803753
0b2f5d0d-8fddc1fc.jpg,car,525.803565,330.654821,564.483938,358.105411
0b2f5d0d-8fddc1fc.jpg,car,607.34428,343.756239,656.006689,378.693352
0b2f5d0d-8fddc1fc.jpg,truck,130.546249,175.398566,533.570802,486.0893219999999
0b2f5d0d-8fddc1fc.jpg,car,179.208655,349.905877,244.091866,366.126678
0b2f5d0d-8fddc1fc.jpg,car,106.838922,364.878925,150.510315,391.081761
0b2f5d0d-8fddc1fc.jpg,car,0,366.483188,159.244589,478.781051
0b4225f9-bfb10f88.jpg,car,0.718658,432.998044,120.19737,467.13482
0b4225f9-bfb10f88.jpg,car,272.914524,429.4047,327.713032,459.94813
0b4225f9-bfb10f88.jpg,car,326.814696,438.388061,348.374765,458.151458
0b4225f9-bfb10f88.jpg,car,345.679756,443.778079,373.528177,458.151458
0b4225f9-bfb10f88.jpg,car,385.206548,444.676415,404.071608,458.151458
0b4225f9-bfb10f88.jpg,car,370.833169,443.778079,384.308212,460.846466
0b4225f9-bfb10f88.jpg,car,463.361797,441.981406,484.023529,454.558113
0b4225f9-bfb10f88.jpg,car,554.093752,445.574751,563.077114,459.049794
0b4225f9-bfb10f88.jpg,car,567.568795,448.26976,575.65382,458.151458
0b4225f9-bfb10f88.jpg,car,568.467131,445.574751,586.433855,465.338147
0b4225f9-bfb10f88.jpg,car,575.653821,450.964768,614.282277,479.711525
0b4225f9-bfb10f88.jpg,car,493.006891,442.879742,561.280442,496.779914
0b4225f9-bfb10f88.jpg,truck,607.993923,376.043532,727.472637,513.488969
0b4225f9-bfb10f88.jpg,car,194.759275,429.943703,238.777749,459.588798
0b4225f9-bfb10f88.jpg,car,1216.706539,474.860513,1265.216694,502.708935
0b4225f9-bfb10f88.jpg,car,1169.993057,473.962177,1214.011531,498.217254
0b4225f9-bfb10f88.jpg,car,1090.939472,473.962177,1125.974583,491.030563
0b4225f9-bfb10f88.jpg,car,1047.819335,467.673823,1078.362766,489.233892
0ba08fe3-880ae118.jpg,car,140.399989,308.879975,371.51997,467.639965
0ba08fe3-880ae118.jpg,car,800.742812,260.279979,1078.30279,444.959964
0ba08fe3-880ae118.jpg,truck,442.259964,301.319977,513.539958,356.39997
0ba08fe3-880ae118.jpg,truck,642.599949,295.379975,710.639942,350.459972
0ba08fe3-880ae118.jpg,car,556.199956,306.179976,603.719952,347.21997
0ba08fe3-880ae118.jpg,car,0,275.939978,157.679987,396.899969
0ba08fe3-880ae118.jpg,car,504.359961,311.309975,523.799959,327.509974
0ba08fe3-880ae118.jpg,car,536.759958,309.149975,555.119957,327.509974
0ba08fe3-880ae118.jpg,car,604.799952,312.389975,626.39995,328.589975
0ba08fe3-880ae118.jpg,car,425.519966,314.549975,448.199964,336.149972
0ba08fe3-880ae118.jpg,car,359.639971,317.519974,380.159972,328.319974
0ba08fe3-880ae118.jpg,car,380.159969,316.439976,396.359966,326.159975
0ba08fe3-880ae118.jpg,car,410.399967,318.059975,425.519966,324.719979
0ba08fe3-880ae118.jpg,car,556.199956,305.099976,566.999956,318.059975
0c2f33b9-f94d69b5.jpg,car,944.84174,322.535538,1168.895935,422.263904
0c2f33b9-f94d69b5.jpg,truck,933.858692,247.633429,1278.060797,413.694842
0c2f33b9-f94d69b5.jpg,car,0.299547,298.155451,58.509706,348.677477
0c2f33b9-f94d69b5.jpg,truck,205.383012,277.287658,297.940169,314.630026
0c2f33b9-f94d69b5.jpg,car,258.401193,299.253757,304.529997,324.514768
0c2f33b9-f94d69b5.jpg,car,313.316437,287.755878,361.708417,312.433415
0c2f33b9-f94d69b5.jpg,car,327.5944,292.149097,369.329986,319.023246
0c2f33b9-f94d69b5.jpg,car,366.035071,290.467318,388.001169,305.843584
0c2f33b9-f94d69b5.jpg,car,453.899461,286.074098,467.07912,295.958842
0c2f33b9-f94d69b5.jpg,car,468.177423,284.975794,480.258777,297.057147
0c2f33b9-f94d69b5.jpg,car,482.455388,286.074098,495.635046,294.860537
0c2f33b9-f94d69b5.jpg,car,545.058765,287.172403,570.319778,299.253757
0c2f33b9-f94d69b5.jpg,car,590.089266,290.467318,613.153667,310.236804
0c2f33b9-f94d69b5.jpg,car,642.8079,290.467318,655.987558,312.433415
0c2f33b9-f94d69b5.jpg,car,683.44518,294.860537,710.902802,312.433415
0c2f33b9-f94d69b5.jpg,car,712.001107,295.958842,760.326521,336.596123
0c2f33b9-f94d69b5.jpg,car,413.262181,284.975794,431.933364,298.155453
0c2f33b9-f94d69b5.jpg,car,439.621498,287.172403,457.194375,300.352065
0c2f33b9-f94d69b5.jpg,car,508.814705,293.7476548342108,606.563839,372.840182
0c2f33b9-f94d69b5.jpg,car,609.858753,290.467318,647.201118,322.318159
0c2f33b9-f94d69b5.jpg,car,676.855352,304.745281,757.031608,359.660525
0c2f33b9-f94d69b5.jpg,car,659.349039,286.657573,681.315136,307.525365
0c2f33b9-f94d69b5.jpg,car,579.0069740287554,296.8343201986905,599.8419652389935,327.70097384348765
0c2f33b9-f94d69b5.jpg,car,572.8336432997959,286.03099142301147,585.9519710988347,297.60598653981043
0c984e6d-2b5d7ee4.jpg,car,439.17577,330.996446,460.165788,355.215698
0c984e6d-2b5d7ee4.jpg,car,492.458124,327.767211,515.062759,351.986464
0c984e6d-2b5d7ee4.jpg,car,463.395022,326.152593,503.760444,360.059546
0c984e6d-2b5d7ee4.jpg,car,519.906611,327.767211,590.94975,384.278799
0c984e6d-2b5d7ee4.jpg,car,599.022834,329.381828,644.232103,361.674164
0c984e6d-2b5d7ee4.jpg,car,644.232104,332.611061,657.149039,343.913379
0c984e6d-2b5d7ee4.jpg,car,405.268819,334.225679,444.019622,361.674164
0c984e6d-2b5d7ee4.jpg,car,295.474875,319.694128,387.508033,381.049566
0c984e6d-2b5d7ee4.jpg,car,274.484857,332.611061,303.547959,350.371846
0c984e6d-2b5d7ee4.jpg,car,0,289.016408,306.777193,517.215597
0c984e6d-2b5d7ee4.jpg,car,979.668745,328.689858,1058.784969,359.367577
0cb67a01-7cf1687e.jpg,car,483.304871,281.179228,742.924027,485.99988
0cb67a01-7cf1687e.jpg,car,369.216175,311.722658,501.4391877810949,416.87344685973363
0cb67a01-7cf1687e.jpg,car,524.628336,247.940789,627.038657,293.755936
0cb67a01-7cf1687e.jpg,car,381.455992,319.551017,400.321049,344.704432
0cb67a01-7cf1687e.jpg,car,367.082613,339.314413,384.151,356.382801
0cb67a01-7cf1687e.jpg,bus,332.945837,333.924396,356.302579,352.789453
0cc6f3e8-b4c9e348.jpg,bus,392.603404,350.615873,411.029933,372.113489
0cc6f3e8-b4c9e348.jpg,car,364.963614,359.829137,380.319054,372.113489
0cc6f3e8-b4c9e348.jpg,car,354.214807,359.829137,366.499159,373.649034
0cc6f3e8-b4c9e348.jpg,car,341.930455,356.75805,357.285894,373.649034
0cc6f3e8-b4c9e348.jpg,car,321.96838,358.293593,348.07263,378.255665
0cc6f3e8-b4c9e348.jpg,car,291.257501,355.222505,320.856806,379.012239
0cc6f3e8-b4c9e348.jpg,car,254.404445,359.829137,291.257501,381.326754
0cc6f3e8-b4c9e348.jpg,car,223.693564,355.222505,257.475532,378.255665
0cc6f3e8-b4c9e348.jpg,car,209.873669,359.829137,226.764653,372.113489
0cc6f3e8-b4c9e348.jpg,car,156.129629,353.686961,217.551389,389.004472
0cc6f3e8-b4c9e348.jpg,car,0,344.473698,85.494603,392.075561
0cc6f3e8-b4c9e348.jpg,car,564.584334,369.042402,593.4491133394075,394.5409406562597
0cc6f3e8-b4c9e348.jpg,car,477.058325,365.0620324676741,564.8635053989609,436.606337
0cf398b3-ce65ab64.jpg,car,626.372529,363.096425,706.228788,421.740866
0cf398b3-ce65ab64.jpg,car,519.065683,370.582952,544.020763,384.308245
0cf398b3-ce65ab64.jpg,car,396.785786,363.096425,419.245357,377.324741
0cf398b3-ce65ab64.jpg,car,812.287882,314.43402,1278.947893,586.444401
0cf398b3-ce65ab64.jpg,car,498.044184,352.01226,511.544175,363.824752
0d3ec56a-f4cead6f.jpg,car,504.562153,398.249726,534.937132,420.187211
0d3ec56a-f4cead6f.jpg,car,533.587154,399.599731,550.462142,413.099722
0d3ec56a-f4cead6f.jpg,car,548.774643,399.599731,558.899636,413.099722
0d3ec56a-f4cead6f.jpg,car,558.899636,396.224733,567.337131,411.412221
0d3ec56a-f4cead6f.jpg,car,783.768701,383.47404,818.771488,411.745522
0d3ec56a-f4cead6f.jpg,car,759.536003,390.205345,794.538789,425.208132
0d61234a-542010b2.jpg,car,621.917742,347.694225,633.099333,354.882391
0d61234a-542010b2.jpg,car,638.690135,344.499484,646.676986,355.681073
0d61234a-542010b2.jpg,car,645.079617,344.499484,655.462521,357.278444
0d61234a-542010b2.jpg,car,652.267781,342.902115,661.053317,358.875815
0d61234a-542010b2.jpg,car,657.858577,342.902115,666.644113,360.473185
0d61234a-542010b2.jpg,car,661.852001,342.902115,681.819127,363.667926
0d61234a-542010b2.jpg,car,677.027018,339.707374,712.169162,363.667926
0d61234a-542010b2.jpg,car,680.221757,346.096855,725.746805,376.446886
0d61234a-542010b2.jpg,car,729.20777,344.233255,769.142022,396.946467
0d61234a-542010b2.jpg,car,757.960431,335.447719,805.881534,404.134633
0d61234a-542010b2.jpg,car,781.920995,321.071388,897.730325,418.510964
0d61234a-542010b2.jpg,car,845.815798,305.097687,1089.414736,463.237327
0d61234a-542010b2.jpg,car,1018.468652,288.264037,1279.638661,581.38145
0d61234a-542010b2.jpg,car,615.372568,346.515215,622.560734,353.703381
0e442b65-b17e0b50.jpg,car,246.365769,373.587435,312.33256,407.24396
0e442b65-b17e0b50.jpg,car,59.235485,387.050046,199.24663299999997,415.321528
0e442b65-b17e0b50.jpg,car,469.845099,378.635914,488.692754,386.713481
0e442b65-b17e0b50.jpg,car,410.609614,379.982177,437.534834,390.752265
0e442b65-b17e0b50.jpg,car,531.773107,373.25087,545.235717,382.674699
0e442b65-b17e0b50.jpg,car,511.579192,374.597132,531.773107,384.02096
0e442b65-b17e0b50.jpg,car,681.20808,374.597132,705.440778,393.444786
0e442b65-b17e0b50.jpg,car,655.629122,369.212087,679.861821,398.829829
0e442b65-b17e0b50.jpg,car,721.595912,373.25087,772.753831,404.214874
0e442b65-b17e0b50.jpg,car,539.850673,346.32565,665.052947,449.987749
0e442b65-b17e0b50.jpg,truck,1007.339815,322.092951,1097.539304,427.101312
0e442b65-b17e0b50.jpg,truck,884.493496,349.018173,1017.773337,436.52514
0e442b65-b17e0b50.jpg,car,811.795401,363.827043,1002.964466,466.142881
0e5c7e92-0d9c60f0.jpg,car,361.892526,482.672657,378.783511,498.028098
0e5c7e92-0d9c60f0.jpg,car,386.461228,478.066025,398.745579,493.421466
0e5c7e92-0d9c60f0.jpg,car,400.281124,482.672657,420.243196,494.957009
0e5c7e92-0d9c60f0.jpg,bus,493.949309,464.246128,520.053558,490.350377
0e5c7e92-0d9c60f0.jpg,bus,578.404228,461.175041,615.257284,491.885921
0f837def-9646c091.jpg,bus,1.023142,272.010381,124.77540400000001,365.8378378378378
0f837def-9646c091.jpg,car,316.929527,341.884608,358.105411,349.371133
0f837def-9646c091.jpg,car,371.830704,336.893592,424.236375,351.866639
0f837def-9646c091.jpg,car,429.22739,335.645836,477.889797,346.875624
0f837def-9646c091.jpg,car,786.085047,320.672789,809.792374,368.087443
0f837def-9646c091.jpg,car,897.135157,325.663804,920.842484,353.114393
0f837def-9646c091.jpg,car,880.914354,326.91156,900.878419,348.123379
0f837def-9646c091.jpg,car,860.950289,323.168297,872.180076,344.380116
0f837def-9646c091.jpg,car,1054.352166,325.663804,1100.519066,378.069475
0f837def-9646c091.jpg,car,1069.325215,326.91156,1101.76682,355.609903
0f837def-9646c091.jpg,car,808.544621,324.416051,818.526653,345.62787
0f837def-9646c091.jpg,car,819.774406,324.416051,832.251946,339.389099
0f837def-9646c091.jpg,car,920.842484,320.672789,945.797563,341.884608
0f837def-9646c091.jpg,truck,1126.721901,197.145139,1278.69157,611.39948
0f837def-9646c091.jpg,car,706.228788,325.663804,801.058095,404.7567567567567
0f837def-9646c091.jpg,car,899.630666,320.672789,1095.528051,436.713915
0f837def-9646c091.jpg,car,829.756439,321.920543,864.693553,354.362148
0f837def-9646c091.jpg,car,533.06525,331.24737,558.644198,344.036844
0f837def-9646c091.jpg,car,650.728409,326.131581,681.423146,337.642107
0fba84f9-73b520ee.jpg,car,0,319.16324610691714,15.914366,331.753322
0fba84f9-73b520ee.jpg,car,6.12091,317.063138,48.96728,332.977504
0fba84f9-73b520ee.jpg,car,34.277096,312.16641,57.536554,329.304958
0fba84f9-73b520ee.jpg,car,53.864007,313.390592,85.692739,328.080776
0fba84f9-73b520ee.jpg,car,66.105828,315.838956,88.141104,334.201686
0fba84f9-73b520ee.jpg,car,120.616269566045,315.838956,155.471113,339.0237563567478
0fba84f9-73b520ee.jpg,car,151.798568,313.390592,173.833844,326.856594
0fba84f9-73b520ee.jpg,car,204.438394,315.7724272837753,225.249488,324.408229
0fba84f9-73b520ee.jpg,car,186.075664,313.8348165276943,201.99003,323.184047
0fba84f9-73b520ee.jpg,car,161.592024,325.632412,224.025306,337.874231
0fba84f9-73b520ee.jpg,car,213.007668,323.0384676190792,257.7022305587789,337.874231
0fba84f9-73b520ee.jpg,car,311.43717531097974,320.9910606219595,355.0671710518514,336.6017429116465
0fba84f9-73b520ee.jpg,car,265.93707627212336,322.0696622410387,313.145761,336.650049
0fba84f9-73b520ee.jpg,car,284.3443784548933,317.34486517685815,311.7189024878379,324.9760783751603
0fba84f9-73b520ee.jpg,car,411.080321,321.959866,442.909052,334.201685
0fba84f9-73b520ee.jpg,car,446.7355311915506,323.184047,466.168509,335.632937533606
0fba84f9-73b520ee.jpg,car,519.053169,325.632412,531.294989,337.874231
0fba84f9-73b520ee.jpg,car,526.398259,325.632412,538.640079,336.650049
0fba84f9-73b520ee.jpg,car,531.294989,328.080776,545.98517,337.874232
0fba84f9-73b520ee.jpg,car,555.778629,328.080776,565.572086,336.65005
0fba84f9-73b520ee.jpg,car,563.123721,324.408229,576.589723,337.57054828968705
0fba84f9-73b520ee.jpg,car,604.745909,324.408229,618.211911,335.425867
0fba84f9-73b520ee.jpg,car,594.952453,326.856594,607.194272,336.65005
0fba84f9-73b520ee.jpg,car,585.158997,326.856594,597.400817,337.874231
0fba84f9-73b520ee.jpg,car,797.677038,328.85129988732234,823.384862,351.5956106219595
0fba84f9-73b520ee.jpg,car,720.798385,321.959866,740.385297,342.77096
0fba84f9-73b520ee.jpg,car,701.211473,329.304958,711.00493,337.874232
0fba84f9-73b520ee.jpg,car,665.710194,325.632412,679.176199,336.650049
0fba84f9-73b520ee.jpg,car,630.208915,323.184047,641.226553,337.874231
0fba84f9-73b520ee.jpg,car,393.941772,321.959866,412.304499,330.52914
0fba84f9-73b520ee.jpg,car,480.858694,325.632412,491.876331,335.425868
0fba84f9-73b520ee.jpg,car,487.714103,326.856594,503.628467,337.874231
0fba84f9-73b520ee.jpg,car,462.00628,325.632412,482.817374,339.098413
0fba84f9-73b520ee.jpg,car,504.85265,326.9136891312413,524.439562,337.874231
0fba84f9-73b520ee.jpg,car,574.631024,326.856594,591.76957,339.098413
0fba84f9-73b520ee.jpg,car,611.356485,320.735684,634.615946,340.322594
0fba84f9-73b520ee.jpg,car,542.802292,325.632412,558.716658,336.6017429116465
0fba84f9-73b520ee.jpg,car,670.11722,326.856594,683.583222,336.65005
0fba84f9-73b520ee.jpg,car,814.8260746219595,315.7724272837753,894.3979006219595,372.1776785548987
0fba84f9-73b520ee.jpg,car,902.1905581341216,325.86143706706076,970.6654678096274,372.44754189914585
0fba84f9-73b520ee.jpg,car,733.28502,325.632412,762.7598277690126,347.7430047591125
0fba84f9-73b520ee.jpg,car,692.887012,310.942228,713.698106,319.511502
0fba84f9-73b520ee.jpg,car,685.052255,325.632412,705.6003104646218,340.9613671128289
101a0964-930eae70.jpg,car,411.9712859772625,409.8389563371229,433.9087709772625,423.3389473371229
101a0964-930eae70.jpg,car,336.0390659886312,412.087213,364.72654698863124,427.274701
101a0964-930eae70.jpg,car,140.29443,415.462209,199.356888,442.462191
101a0964-930eae70.jpg,car,550.356649,405.337216,562.16914,418.837208
101a0964-930eae70.jpg,car,494.669185,408.712214,509.856675,417.149708
101a0964-930eae70.jpg,car,541.7357893425979,407.024715,553.731645,415.78983943781867
101a0964-930eae70.jpg,car,558.794142,410.399713,577.356629,422.212205
101a0964-930eae70.jpg,car,508.7299336628771,404.20524565150833,533.3244393994416,425.8834593696061
101a0964-930eae70.jpg,car,0,421.250898,64.356982,457.649679
101a0964-930eae70.jpg,car,469.380605,405.895457,483.200501,418.17981
10389fe8-433c740c.jpg,car,672.191757,329.97974114787024,745.5049438090128,388.800109
10389fe8-433c740c.jpg,car,705.867357,329.102453,753.319339,368.900891
10389fe8-433c740c.jpg,car,748.727211,339.817418,767.09572,368.900891
10389fe8-433c740c.jpg,car,757.911465,322.979617,884.7528688605812,421.8546607695236
10389fe8-433c740c.jpg,car,791.587065,310.733943,849.75401,324.510324
10389fe8-433c740c.jpg,car,860.468974,310.733943,881.898901,344.409542
10453a95-40759ac3.jpg,car,554.146383,356.4588678232242,587.607361,384.6043051343906
10453a95-40759ac3.jpg,car,474.982618,358.685326,533.33529,404.89835579089447
10453a95-40759ac3.jpg,car,712.473923,348.891871,726.756045,357.461143
10453a95-40759ac3.jpg,bus,598.624999,350.116052,619.436093,358.685326
1072195f-0a161ade.jpg,car,81.23197,420.493112,289.478937,520.087137
1072195f-0a161ade.jpg,car,390.044258,434.218406,447.943702,469.15552
1072195f-0a161ade.jpg,car,578.4598534037834,431.911726528475,614.0838175284749,463.105578528475
1072195f-0a161ade.jpg,car,620.13376,436.713915,741.165901,539.029746
1072195f-0a161ade.jpg,car,17.107014,422.98862,83.59952099999998,449.212186
1072195f-0a161ade.jpg,car,257.037333,435.466161,279.496906,451.686964
1072195f-0a161ade.jpg,car,371.830705,437.961668,383.060492,449.191455
1072195f-0a161ade.jpg,car,549.011779,441.704931,558.99381,449.191455
1072195f-0a161ade.jpg,car,493.6008674715251,422.33845557722003,528.1742409245372,458.90002726738015
1072195f-0a161ade.jpg,car,566.9264560461581,434.44922486921456,581.6892046639184,454.28666832433004
1072195f-6cf88b25.jpg,car,90.901822,426.092972,195.37527,460.476639
1072195f-6cf88b25.jpg,car,168.926296,434.027664,274.722191,460.476639
1072195f-6cf88b25.jpg,car,557.191712,433.322364,573.061096,441.257056
1072195f-6cf88b25.jpg,car,538.67743,432.2796268939345,554.546814,444.1816668939345
1072195f-6cf88b25.jpg,car,525.452942,435.1685142974022,538.67743,445.224403
1072195f-6cf88b25.jpg,car,503.9119575764407,433.322364,526.775391,446.546851
1072195f-6cf88b25.jpg,car,480.489688,433.322364,506.938662,446.546851
1072195f-6cf88b25.jpg,car,464.92601815736754,433.881788787869,485.1946823889068,449.58797134281286
1072195f-6cf88b25.jpg,car,560.5216778287936,437.8387841206264,575.475188838849,457.126439
1072195f-6cf88b25.jpg,car,612.734557,433.322364,621.991698,443.901954
1072195f-6cf88b25.jpg,car,618.024352,431.999915,635.216186,446.546851
1072195f-6cf88b25.jpg,car,633.893735,433.322364,652.408017,441.257056
1072195f-6cf88b25.jpg,car,666.7006129292897,442.60487782322423,681.7519278031718,466.4089528232242
1072195f-6cf88b25.jpg,car,304.60401,413.485627,491.069276,543.0856
1072195f-6cf88b25.jpg,car,570.416199,429.355014,615.379453,470.350922
1072195f-6cf88b25.jpg,car,619.346803,441.25705,675.8773341920786,486.4376949033067
11513e3d-150058c3.jpg,car,481.949831,326.892743,508.949822,349.842734
11513e3d-150058c3.jpg,car,455.88087512600805,331.1166230383937,494.099827,360.642728
11513e3d-150058c3.jpg,car,391.499863,317.442744,467.099837,375.492724
11513e3d-150058c3.jpg,car,568.349801,321.492744,596.699791,344.442735
11513e3d-150058c3.jpg,car,611.3151183021868,329.3300225421158,629.1811232649659,344.5161267604781
11513e3d-150058c3.jpg,car,644.3672274833282,319.50371981258724,686.3523391458592,358.8089307307014
11513e3d-150058c3.jpg,car,589.949794,332.485599,622.349782,358.13559
11513e3d-150058c3.jpg,car,512.99982,324.385602,589.949795,383.785581
11513e3d-150058c3.jpg,car,271.349905,310.885606,413.099855,405.385573
11513e3d-150058c3.jpg,car,664.585491,325.7356,780.68545,406.735573
11513e3d-150058c3.jpg,car,260.549909,327.085601,282.149901,335.185598
11513e3d-150058c3.jpg,car,242.999915,327.085601,261.899908,337.885597
11513e3d-150058c3.jpg,car,55.349981,323.035603,106.649963,341.935597
1189ae68-1a8ad3c6.jpg,car,531.794161,415.124715,550.356648,428.624705
1189ae68-1a8ad3c6.jpg,car,535.169158,426.937206,550.356648,448.874691
1189ae68-1a8ad3c6.jpg,car,493.3994855478443,427.5930498374011,520.198492992013,456.1786577778478
1189ae68-1a8ad3c6.jpg,car,492.981687,435.374701,516.606671,467.437179
1189ae68-1a8ad3c6.jpg,car,445.1612721483406,437.0622,501.4391877810949,479.4044642294607
1189ae68-1a8ad3c6.jpg,car,411.981743,438.749698,442.356722,462.374682
1189ae68-1a8ad3c6.jpg,car,279.86132551861044,434.6796037444169,311.1662349274969,455.2853575297088
1189ae68-1a8ad3c6.jpg,car,226.3027113542959,442.124696,262.92802152799317,459.7518587704036
1189ae68-1a8ad3c6.jpg,car,195.0372026694324,441.88585380762447,227.19601160243485,462.4317595148205
1189ae68-1a8ad3c6.jpg,car,138.606931,447.187193,202.18360465454404,468.68486125179317
1189ae68-1a8ad3c6.jpg,car,32.45655750814206,443.812195,131.856936,474.0446627406269
1189ae68-1a8ad3c6.jpg,car,0.232026,455.624687,33.34985775628102,480.2977644775996
1189ae68-1a8ad3c6.jpg,car,289.72702897216186,428.624705,431.338428751861,531.2158786215202
1189ae68-1a8ad3c6.jpg,car,550.356648,425.249708,563.856639,464.062181
1189ae68-1a8ad3c6.jpg,car,660.044072,428.624705,690.419053,464.062181
1189ae68-1a8ad3c6.jpg,car,705.606541,415.124715,849.043942,507.937151
1189ae68-1a8ad3c6.jpg,car,552.044147,408.374719,666.794068,513.3498736587411
1189ae68-1a8ad3c6.jpg,car,1146.043738,418.499712,1279.356147,548.437123
1189ae68-1a8ad3c6.jpg,car,491.61288505156637,413.3002458671778,514.8386915031792,430.272950581818
1189ae68-1a8ad3c6.jpg,car,395.13645825255895,422.2332483485674,412.1091629671991,436.5260523187907
1189ae68-1a8ad3c6.jpg,car,252.2084185503257,438.31265281506865,282.58062698705027,457.9652582741257
1189ae68-1a8ad3c6.jpg,car,516.6252919994572,412.4069456190388,533.5979967140973,434.73945182251276
12076ebb-c07285d7.jpg,car,0,326.911558,223.347974,432.970653
12076ebb-c07285d7.jpg,car,466.660011,343.132362,536.534237,391.79477
12076ebb-c07285d7.jpg,car,570.223599,354.362147,596.426433,371.830705
12076ebb-c07285d7.jpg,car,600.169695,348.123378,618.886004,368.087443
12076ebb-c07285d7.jpg,car,535.286483,346.875625,551.507286,361.848672
12076ebb-c07285d7.jpg,car,182.172089,345.627869,237.073268,381.812737
12076ebb-c07285d7.jpg,car,401.776801,346.875625,439.209422,366.839689
12076ebb-c07285d7.jpg,car,446.695946,345.627869,471.651027,364.344179
12076ebb-c07285d7.jpg,car,561.489319,351.86664,575.214614,361.848672
12076ebb-c07285d7.jpg,car,572.719106,345.627869,588.939908,355.609901
125134e5-7dfc45b9.jpg,car,192.558793,391.638498,213.272288,399.310165
125134e5-7dfc45b9.jpg,car,214.806621,391.638498,230.14995,400.077332
125134e5-7dfc45b9.jpg,car,176.448295,393.939998,191.791624,401.611663
125134e5-7dfc45b9.jpg,car,728.999968,367.984215,738.269929,375.65588
125134e5-7dfc45b9.jpg,car,706.752138,372.459336,717.49247,379.900861
125134e5-7dfc45b9.jpg,car,673.2925720364082,375.49816556490885,685.4731612996993,388.5187954670477
125134e5-7dfc45b9.jpg,car,779.632957,367.856337,788.071787,375.528002
125134e5-7dfc45b9.jpg,car,819.4596431959028,357.8573121491077,853.9013093886573,388.0987751476239
125134e5-7dfc45b9.jpg,car,857.883939,364.1576169404653,898.8434835670078,398.542997
125134e5-7dfc45b9.jpg,car,879.5225488735113,365.41767789873677,939.1654342316959,402.7994863274581
125134e5-7dfc45b9.jpg,car,916.188593,354.814507,979.096246,379.6983687591472
125134e5-7dfc45b9.jpg,car,1099.2312719245742,343.1904421184195,1280,491.9499764689115
125134e5-7dfc45b9.jpg,car,618.643085,379.6983687591472,643.0511090378919,399.080023
125134e5-7dfc45b9.jpg,car,656.9117795788785,376.065028,675.413407,391.8789580224384
125134e5-7dfc45b9.jpg,car,695.359736,372.229196,709.9359,381.435194
125134e5-7dfc45b9.jpg,car,752.2563920880891,366.85903,761.336053,375.078145245485
125134e5-7dfc45b9.jpg,car,785.73194,366.85903,795.705103,376.832195
125134e5-7dfc45b9.jpg,car,929.5049668849476,367.51777949585596,1020.2293558804961,419.60029910441153
125134e5-7dfc45b9.jpg,car,680.8529377860372,373.39806396778965,690.5134051327854,384.7386125922332
12ae9ab8-794f5adc.jpg,car,369.359986,404.147371,391.74056481369473,418.2694350574014
12ae9ab8-794f5adc.jpg,car,758.159988,433.56316,776.08164785609,444.0715637274734
12ae9ab8-794f5adc.jpg,car,816.991568,427.168423,845.12841,433.56316
12ae9ab8-794f5adc.jpg,car,809.3793556239997,456.17982109762244,865.591568,478.326318
12ae9ab8-794f5adc.jpg,bus,1049.7250869648062,437.400002,1279.970517,493.673687
12ae9ab8-794f5adc.jpg,car,1097.081043,457.86316,1279.970517,549.947371
12ae9ab8-794f5adc.jpg,car,539.459987,414.37895,562.48104,431.005266
12ae9ab8-794f5adc.jpg,car,582.944198,419.494739,614.917882,451.468423
12ae9ab8-794f5adc.jpg,car,487.023145,415.657897,534.344198,452.747371
12ae9ab8-794f5adc.jpg,car,673.749462,432.284213,735.138936,478.326319
12ae9ab8-794f5adc.jpg,car,407.7407620528202,408.3233665033504,423.30852152872603,423.8911259792563
13f61134-50021e53.jpg,car,346.443507,337.262143,368.478785,360.5216
13f61134-50021e53.jpg,car,237.491308,328.692867,347.667688,365.418326
13f61134-50021e53.jpg,car,123.642382,320.123593,220.35276,366.64251
13f61134-50021e53.jpg,truck,150.574386,305.127364,247.284764,365.112283
13f61134-50021e53.jpg,car,0,314.920818,165.311589,379.270847
13f61134-50021e53.jpg,truck,825.09867,313.696639,859.375766,349.197916
13f61134-50021e53.jpg,car,733.285019,341.852824,765.113751,363.888102
13f61134-50021e53.jpg,car,743.078475,346.749552,832.44376,423.873017
13f61134-50021e53.jpg,car,798.334986,308.493862,1040.723024,487.224435
13f61134-50021e53.jpg,car,352.243063,194.644938,748.878033,552.106083
13f61134-50021e53.jpg,car,1106.339177,342.77096,1278.948838,581.486452
14eace5a-ddf3b303.jpg,car,551.583048,330.851943,593.67368,387.625353
14eace5a-ddf3b303.jpg,car,736.586057,343.57702,778.67669,370.984873
14eace5a-ddf3b303.jpg,car,568.223532,330.851943,698.410834,434.610247
1608cfe7-32da2c5d.jpg,car,767.221047,289.404406,794.165595,309.36333
1608cfe7-32da2c5d.jpg,car,878.991024,295.392083,906.933519,309.36333
1608cfe7-32da2c5d.jpg,car,998.744571,285.412621,1082.572054,309.36333
1608cfe7-32da2c5d.jpg,car,499.82964224872234,243.498879,689.38124,417.141523
1608cfe7-32da2c5d.jpg,car,0.798345,299.28449744463376,336.108277,511.48211243611587
1608cfe7-32da2c5d.jpg,car,688.775819,305.816464,702.000315,319.04096
162995f1-d2c7d259.jpg,car,651.454544,409.990249,683.700968,431.487865
162995f1-d2c7d259.jpg,car,605.388224,406.919162,631.492473,429.952323
162995f1-d2c7d259.jpg,car,686.772056,408.454705,705.198582,422.274603
162995f1-d2c7d259.jpg,car,563.928536,405.383615,596.17496,439.165583
162995f1-d2c7d259.jpg,car,438.013926,393.393191,493.293511,442.236674
162995f1-d2c7d259.jpg,car,487.151337,386.95709,571.606257,457.592113
162995f1-d2c7d259.jpg,truck,2.336980297297348,305.3350102972973,438.43147829729736,552.5575952972973
162995f1-d2c7d259.jpg,car,991.465567,253.364761,1280,601.933249
16b0973f-c07b564a.jpg,car,598.592288,320.50562,610.573807,330.989451
16b0973f-c07b564a.jpg,car,586.610771,319.007929,600.089979,332.487138
16b0973f-c07b564a.jpg,car,478.777104,326.496378,510.22859,344.468656
16b0973f-c07b564a.jpg,car,143.294585,310.021791,302.049708,369.929383
16b0973f-c07b564a.jpg,car,622.555325,319.007929,634.536844,329.49176
16b0973f-c07b564a.jpg,car,607.578427,317.510239,619.559946,329.491759
16b0973f-c07b564a.jpg,car,643.522982,316.01255,664.490641,339.975587
16b0973f-c07b564a.jpg,car,627.048395,319.007929,661.495261,348.961727
16b0973f-c07b564a.jpg,car,676.472159,320.50562,700.435196,338.477899
16b0973f-c07b564a.jpg,car,514.721659,319.007929,601.587669,380.413213
1784d67b-6b223914.jpg,car,522.317797,330.50352,539.947785,338.730847
1784d67b-6b223914.jpg,car,507.038473,329.328188,523.493129,338.730849
1784d67b-6b223914.jpg,car,492.934482,324.626858,516.441134,338.730849
1784d67b-6b223914.jpg,car,485.882485,332.854185,507.038473,341.081512
1784d67b-6b223914.jpg,car,470.603161,334.029518,485.882485,342.256847
1784d67b-6b223914.jpg,car,430.641854,328.152855,467.077164,343.432179
1784d67b-6b223914.jpg,truck,389.505213,319.925526,435.343184,344.607512
1784d67b-6b223914.jpg,car,306.0566,324.626858,364.82323,349.308841
1784d67b-6b223914.jpg,car,662.887582,325.175356,685.2189,349.85734
1784d67b-6b223914.jpg,car,675.816239,328.701354,714.602215,360.435334
1784d67b-6b223914.jpg,car,205.469519,310.838741,293.619463,354.326048
1784d67b-6b223914.jpg,car,714.602215,330.50352,748.68686,355.185504
1784d67b-6b223914.jpg,car,825.083478,326.977523,882.674776,364.588165
1784d67b-6b223914.jpg,car,758.324601,328.152855,812.389899,365.763498
1784d67b-6b223914.jpg,car,931.568654,332.854185,966.828631,345.782844
1784d67b-6b223914.jpg,car,891.607346,322.276193,919.815329,343.432179
1784d67b-6b223914.jpg,car,529.907099,309.112475,682.700336,430.171731
1784d67b-6b223914.jpg,car,1036.120957,292.547618,1278.239472,442.99019
1784d67b-d76145ce.jpg,car,49.910162,310.690758,73.617488,319.425036
1784d67b-d76145ce.jpg,car,247.0553,314.434018,285.73568,323.168296
1784d67b-d76145ce.jpg,car,376.821721,316.929528,395.538032,326.91156
1784d67b-d76145ce.jpg,car,339.3891,319.425035,353.114395,325.663804
1784d67b-d76145ce.jpg,car,368.087444,318.17728,378.069476,325.663804
1784d67b-d76145ce.jpg,car,494.110601,329.407067,506.588141,340.636854
1784d67b-d76145ce.jpg,car,529.047714,330.654822,545.268517,340.636856
1784d67b-d76145ce.jpg,car,389.299262,301.956478,485.376327,386.803753
1784d67b-d76145ce.jpg,car,555.25055,331.902574,568.975845,339.3891
1784d67b-d76145ce.jpg,car,572.719106,331.902574,583.948892,345.62787
1784d67b-d76145ce.jpg,truck,577.710122,298.213217,663.805152,383.060492
1784d67b-d76145ce.jpg,car,690.007985,325.663804,731.183869,354.362148
1784d67b-d76145ce.jpg,car,682.521461,330.654822,692.503495,343.132364
1784d67b-d76145ce.jpg,car,672.539429,330.654822,683.769214,345.627871
1784d67b-d76145ce.jpg,car,656.318626,325.663804,676.282691,358.10541
1784d67b-d76145ce.jpg,car,1100.519067,321.920543,1278.947894,480.385305
188c58f3-792afc71.jpg,car,0.997946,408.160007,51.893205,478.016243
188c58f3-792afc71.jpg,car,114.763816,400.176437,181.626213,455.063479
188c58f3-792afc71.jpg,car,440.094287,362.254479,575.814973,500.969007
188c58f3-792afc71.jpg,bus,173.642643,284.414675,415.145631,489.991596
188c58f3-792afc71.jpg,car,437.100447,395.186706,453.067586,417.141524
193f7f3b-84bc7998.jpg,bus,79.139055,365.920213,156.711006,419.985514
193f7f3b-84bc7998.jpg,car,246.036283,388.251534,270.718266,407.056855
193f7f3b-84bc7998.jpg,car,214.302303,390.602199,235.458289,405.881524
193f7f3b-84bc7998.jpg,car,159.061671,382.37487,209.600973,418.810179
193f7f3b-84bc7998.jpg,car,370.621547,387.076199,430.563509,434.089501
193f7f3b-84bc7998.jpg,car,497.557466,389.426864,551.622766,422.336177
193f7f3b-84bc7998.jpg,car,420.37729,389.426864,462.689264,421.160844
193f7f3b-84bc7998.jpg,car,604.708616,387.859755,614.111278,397.262416
193f7f3b-84bc7998.jpg,car,617.637277,390.21042,630.565936,398.437747
193f7f3b-84bc7998.jpg,car,632.9166,391.385752,647.020592,399.613079
194058b0-ac0616a6.jpg,car,406.658578,418.962521,624.900284,588.303899
194058b0-ac0616a6.jpg,truck,630.402176,250.599993,1070.553514,520.845751
194058b0-ac0616a6.jpg,car,0,417.983668,256.273538,582.430789
194058b0-ac0616a6.jpg,truck,1099.896937,287.932334,1278.892956,702.408177
194058b0-ac0616a6.jpg,car,258.107501,416.309807,353.473624,491.502326
194058b0-ac0616a6.jpg,car,362.643443,424.835633,402.130168,462.032006
194058b0-ac0616a6.jpg,car,345.356759,428.75104,380.983083,472.799375
194058b0-ac0616a6.jpg,car,216.148306,421.899076,270.94525,477.693635
194058b0-ac0616a6.jpg,car,400.172465,426.793336,425.622616,445.391522
194058b0-ac0616a6.jpg,car,379.616574,417.983668,392.341649,427.772188
194058b0-ac0616a6.jpg,car,369.828057,421.899076,387.447393,429.729892
194058b0-ac0616a6.jpg,car,358.081835,415.047113,369.828057,422.877928
194058b0-ac0616a6.jpg,car,348.293314,414.068261,360.039536,425.814483
194058b0-ac0616a6.jpg,car,339.483647,404.279742,354.166426,415.047113
194058b0-ac0616a6.jpg,car,326.758572,410.152854,340.462499,417.983668
194058b0-ac0616a6.jpg,car,350.251018,400.364334,372.764612,410.152854
194058b0-ac0616a6.jpg,car,380.595427,403.300889,399.193613,415.047112
194058b0-ac0616a6.jpg,car,252.365829,354.358295,304.24498,369.041074
194058b0-ac0616a6.jpg,car,178.951936,359.697487,233.767642,374.380264
19e56249-09c4bbc6.jpg,car,0,397.064288,128.579188,451.390568
19e56249-09c4bbc6.jpg,car,34.609406,367.698729,125.64263400000002,416.1519
19e56249-09c4bbc6.jpg,car,109.491578,372.103562,244.573141,435.239512
19e56249-09c4bbc6.jpg,car,231.358639,377.976674,269.533863,417.620175
19e56249-09c4bbc6.jpg,car,266.597307,372.103562,306.240809,413.215342
19e56249-09c4bbc6.jpg,truck,34.609406,322.182114,175.564081,382.381507
19e56249-09c4bbc6.jpg,car,323.860144,384.05954,350.289145,395.805763
19e56249-09c4bbc6.jpg,car,297.431143,373.781593,325.328423,400.210594
19e56249-09c4bbc6.jpg,car,350.289145,389.932657,400.210592,419.298214
19e56249-09c4bbc6.jpg,car,398.742315,391.400934,463.34654,428.107879
19e56249-09c4bbc6.jpg,car,1021.9214,335.606371,1184.900242,406.083708
1a71faae-d5f255fd.jpg,car,198.603697,422.88314,234.821218,443.439031
1a71faae-d5f255fd.jpg,car,138.893732,433.650513,185.878624,457.142959
1a8992a7-da5a8510.jpg,car,777.119287,295.26819,821.134421,322.777647
1a8992a7-da5a8510.jpg,car,833.97217,280.596477,916.500545,330.113504
1a8992a7-da5a8510.jpg,car,850.477846,284.264406,920.168473,330.113504
1a8992a7-da5a8510.jpg,car,505.69263,297.102154,538.703982,326.445576
1a8992a7-da5a8510.jpg,car,402.990649,298.936118,430.500108,320.943683
1a8992a7-da5a8510.jpg,car,373.647228,291.600261,410.326506,326.445576
1a8992a7-da5a8510.jpg,car,256.273538,297.102154,302.122635,330.113504
1a8992a7-da5a8510.jpg,car,188.416872,282.430442,263.609392,309.939901
1a8992a7-da5a8510.jpg,car,102.220568,297.102154,197.586692,337.449359
1a8992a7-da5a8510.jpg,car,179.247053,302.604045,261.775428,333.781433
1a8992a7-da5a8510.jpg,car,426.832181,297.102154,450.673712,320.943684
1a8992a7-da5a8510.jpg,car,443.337856,287.932334,513.028485,341.117286
1a8992a7-da5a8510.jpg,car,514.862448,295.26819,580.88515,348.453142
1a8992a7-da5a8510.jpg,car,287.450926,291.600261,388.31894,352.12107
1a8992a7-da5a8510.jpg,bus,566.213439,128.377475,788.123073,399.804133
1a8992a7-da5a8510.jpg,car,0,163.222788,131.563992,458.49097800000004
1ac0178c-0b259360.jpg,car,537.126993,309.700137,559.458312,330.856124
1ac0178c-0b259360.jpg,car,467.782371,313.226136,495.990353,337.908121
1ac0178c-0b259360.jpg,car,490.505461,304.411141,538.694098,343.980679
1ac0178c-0b259360.jpg,car,548.096757,306.370034,615.090715,359.260002
1b30f76f-95aa8a06.jpg,car,610.199786,400.274859,634.499778,417.824853
1b30f76f-95aa8a06.jpg,car,641.249776,397.574862,677.699762,421.874853
1b30f76f-95aa8a06.jpg,car,283.4999,423.224853,325.349885,442.124846
1b30f76f-95aa8a06.jpg,car,76.228269666951,422.2332483485674,140.54588753295596,449.0322557927361
1b30f76f-95aa8a06.jpg,car,917.324679,344.924879,1277.774554,443.474845
1b30f76f-95aa8a06.jpg,car,556.199805,409.724857,569.699803,423.224851
1b30f76f-95aa8a06.jpg,car,754.649737,370.57487,878.849693,455.624841
1b30f76f-95aa8a06.jpg,car,538.0644979547922,411.5136453708999,547.8908006843208,420.44664785228946
1bda5a26-420ceea6.jpg,car,605.26691,291.599951,652.553388,341.513457
1bda5a26-420ceea6.jpg,car,717.419033,264.016171,823.310115,365.512249
1bda5a26-420ceea6.jpg,car,678.823655,291.599951,719.542566,334.94589
1bda5a26-420ceea6.jpg,car,660.434469,300.794544,676.196626,321.810757
1bda5a26-420ceea6.jpg,car,211.212922,281.091845,322.544304,331.762275
1bda5a26-420ceea6.jpg,car,819.369576,194.399968,1059.7518428679434,373.99503494906367
1bda5a26-420ceea6.jpg,car,505.439899,295.540491,522.515571,309.989136
1bda5a26-420ceea6.jpg,car,543.531785,295.540491,557.98043,304.735083
1bda5a26-420ceea6.jpg,car,649.926363,290.286438,668.315549,308.675624
1bda5a26-420ceea6.jpg,truck,1152.6550686743951,306.10421609050286,1277.7171034138491,358.8089307307014
1bda5a26-420ceea6.jpg,car,1055.2853416272487,300.7444146016691,1131.2158627190602,331.1166230383937
1bf7f3d2-15f95138.jpg,car,732.431623,373.078459,748.652426,385.555999
1bf7f3d2-15f95138.jpg,car,721.201837,371.830705,733.679377,383.060492
1bf7f3d2-15f95138.jpg,car,693.751247,366.839689,723.697344,389.299261
1bf7f3d2-15f95138.jpg,car,670.043921,369.335196,691.255739,386.803752
1bf7f3d2-15f95138.jpg,car,661.309643,371.830705,671.291674,385.555999
1bf7f3d2-15f95138.jpg,car,647.584349,373.078459,661.309644,386.803752
1bf7f3d2-15f95138.jpg,car,633.859053,369.335196,650.079856,386.803752
1bf7f3d2-15f95138.jpg,car,595.178677,366.839689,636.354562,394.290278
1bf7f3d2-15f95138.jpg,car,576.462368,369.335196,600.169695,393.042522
1bf7f3d2-15f95138.jpg,car,510.331403,369.335196,525.304452,393.042522
1bf7f3d2-15f95138.jpg,car,525.304452,354.362147,576.462368,401.776801
1bf7f3d2-15f95138.jpg,car,320.672789,365.591936,390.547015,401.776803
1bf7f3d2-15f95138.jpg,car,391.79477,338.141347,512.826913,415.502097
1bf7f3d2-15f95138.jpg,car,0.232026,339.3891,87.342783,442.952686
1c227a12-10e5552c.jpg,car,671.856563,440.774692,700.544045,455.96218
1c227a12-10e5552c.jpg,car,908.106402,449.212186,928.356388,462.712177
1c227a12-10e5552c.jpg,car,369.794272,440.774692,395.106755,452.587184
1c227a12-10e5552c.jpg,car,327.6068,437.399694,359.669278,452.587184
1c227a12-10e5552c.jpg,car,256.731849,415.462209,312.05953517563586,462.4317595148205
1c227a12-10e5552c.jpg,car,190.919396,422.212206,249.981854,457.649681
1c227a12-10e5552c.jpg,car,23.85701,430.649699,118.356945,459.337179
1c227a12-10e5552c.jpg,car,557.106642,442.462191,568.919135,455.962182
1c227a12-ec67af93.jpg,car,802.305849,412.4069456190388,858.7592870366781,451.686963
1c227a12-ec67af93.jpg,car,383.060491,401.776802,405.520064,446.695947
1c227a12-ec67af93.jpg,car,315.681773,408.015572,336.893592,430.475145
1c227a12-ec67af93.jpg,car,289.478938,410.51108,314.434019,429.227391
1c227a12-ec67af93.jpg,car,248.303055,404.27231,279.496906,430.475145
1c227a12-ec67af93.jpg,car,57.396686,403.024556,86.095029,425.484129
1c227a12-ec67af93.jpg,car,87.342783,403.024556,129.76642,426.731883
1c227a12-ec67af93.jpg,car,257.037333,414.254342,293.2222,441.704931
1c227a12-ec67af93.jpg,car,331.902575,400.529048,388.051507,449.191454
1c227a12-ec67af93.jpg,car,134.757437,409.263326,204.631663,452.934718
1c227a12-ec67af93.jpg,car,530.295468,419.245358,571.471352,446.695947
1c227a12-ec67af93.jpg,car,480.385306,416.74985,526.552206,451.686963
1c227a12-ec67af93.jpg,car,932.9032076322115,408.833744626483,1032.9528354237748,461.5384592666815
1c5e9657-2e2a2863.jpg,car,277.437604,382.862297,306.61294,396.682193
1c5e9657-2e2a2863.jpg,car,239.049003,381.326754,268.2878230168269,397.22084140067653
1c5e9657-2e2a2863.jpg,car,0,326.047169,116.205483,416.644265
1c5e9657-2e2a2863.jpg,car,494.29278579598326,361.4888314751183,523.7716939845689,390.96773966370387
1c5e9657-2e2a2863.jpg,car,432.527548,319.904994,495.484854,391.8610399118428
1cb2a89b-4594573e.jpg,car,557.506587,272.802282,581.310662,300.573706
1cb2a89b-4594573e.jpg,car,327.400514,291.316564,352.527039,304.541051
1cb2a89b-4594573e.jpg,car,455.678037,275.447181,548.249445,349.504307
1cb2a89b-4594573e.jpg,car,611.726983,279.414527,636.853508,289.994117
1cf54809-c6daa5a9.jpg,car,0,341.884608,371.830705,718.706329
1cf54809-c6daa5a9.jpg,car,793.571571,380.2385008517888,999.450987,525.304452
1cf54809-c6daa5a9.jpg,car,1006.502728,382.6916524701874,1068.077461,413.006589
1cf54809-c6daa5a9.jpg,car,723.697345,398.6371379897785,781.9420783645656,439.209423
1cf54809-c6daa5a9.jpg,car,656.318625,391.794769,711.219803,436.713915
1cf54809-c6daa5a9.jpg,car,611.39948,393.042523,635.106808,415.502097
1cf54809-c6daa5a9.jpg,car,566.480335,400.529049,591.435416,414.254342
1cf54809-c6daa5a9.jpg,car,636.354562,393.042523,651.32761,408.015573
1cf54809-c6daa5a9.jpg,car,318.177281,404.272311,365.591935,427.979638
1cf54809-c6daa5a9.jpg,car,386.803753,401.776802,406.767818,417.997604
1cf54809-c6daa5a9.jpg,car,403.024556,400.529049,421.740866,415.502097
1cf54809-c6daa5a9.jpg,car,422.988621,403.024556,436.713915,417.997604
1d5e05f8-5020f67d.jpg,car,0.489418,422.864024,80.34071550255537,490.404804
1d5e05f8-5020f67d.jpg,car,191.958981,408.44974446337307,271.68654173764907,469.848913
1d5e05f8-5020f67d.jpg,car,296.206709,417.0357751277683,366.684047,458.102692
1d5e05f8-5020f67d.jpg,car,464.2589437819421,408.181244,516.448389,437.546801
1d5e05f8-5020f67d.jpg,car,711.729342,414.054356,739.626621,452.229578
1d5e05f8-5020f67d.jpg,car,867.366795,390.56191,932.8109028960818,466.912358
1d5e05f8-5020f67d.jpg,car,733.75351,397.903299,788.079791,461.039248
1d5e05f8-5020f67d.jpg,car,956.931743,390.56191,1090.545028,475.9114139693356
1d5e05f8-5020f67d.jpg,car,488.551109,370.4258943781942,743.9182282793868,576.739539
1d5e05f8-5020f67d.jpg,car,1049.139576,384.395142,1277.943084,539.6933560477001
1d5e05f8-5020f67d.jpg,car,757.610437,387.579156,894.941634,491.340505
1e57ae90-806bc767.jpg,car,540.371223,445.063995,561.154732,462.878431
1e57ae90-806bc767.jpg,car,528.494933,446.548532,543.340297,461.393895
1e57ae90-806bc767.jpg,car,509.195961,439.12585,531.464006,465.847504
1e57ae90-806bc767.jpg,car,586.39185,442.094923,617.567112,470.301111
1e57ae90-806bc767.jpg,car,550.762977,442.094923,596.783602,476.239258
1e57ae90-806bc767.jpg,car,322.144382,422.795952,403.793882,476.239259
1e57ae90-806bc767.jpg,car,421.608317,428.734096,528.494933,505.929985
1e57ae90-806bc767.jpg,truck,611.628967,396.074297,739.29909,526.713494
1f959fdd-6ff63d34.jpg,car,499.499656,311.624786,516.374645,330.187275
1f959fdd-6ff63d34.jpg,car,467.43718,311.624786,486.6514695105728,329.80643220984547
1f959fdd-6ff63d34.jpg,car,541.687128,313.312286,555.187118,325.124779
1f959fdd-6ff63d34.jpg,car,515.7661616406011,312.749783,541.0786456406012,332.999769
1f959fdd-6ff63d34.jpg,car,567.2417136105645,314.45913021638154,600.7082983775003,342.4493647487278
1f959fdd-6ff63d34.jpg,car,364.3463142714075,294.51439736471315,485.4345027917751,390.6547681497287
1f959fdd-6ff63d34.jpg,car,306.4051724776657,322.3694138885663,362.38564154235826,357.0529653742998
1f959fdd-6ff63d34.jpg,truck,160.312389,296.3398497640895,293.288969945518,372.937244
1f959fdd-6ff63d34.jpg,car,0,342.516978395334,40.76837579500254,392.62473
1f959fdd-6ff63d34.jpg,car,772.4358283788238,296.437297,842.624439,336.0264861335067
1f959fdd-6ff63d34.jpg,car,807.1193798645572,290.9987175379931,879.5288996330182,327.50771910192304
1f959fdd-6ff63d34.jpg,car,813.8126968179444,289.687302,908.436893,345.762219883888
1f959fdd-6ff63d34.jpg,car,837.5435478344988,284.624806,942.186869,347.58766996208453
1f959fdd-6ff63d34.jpg,car,853.3641151788685,281.249807,987.749338,351.84705347787633
1f959fdd-6ff63d34.jpg,car,893.5240168991915,273.89132864060116,1046.249282,365.23368738465064
1f959fdd-6ff63d34.jpg,car,975.374329,271.124814,1159.311701,379.124739
1f959fdd-6ff63d34.jpg,car,1020.936797,259.312323,1262.249133,390.937232
1f959fdd-6ff63d34.jpg,car,1126.4376049999998,270.25274089732324,1280,406.94014589732325
1fa65acf-d43367bc.jpg,car,122.456726,285.2901667069645,240.83154650191562,325.03652897928913
1fa65acf-d43367bc.jpg,car,307.31851939651597,286.5488236092908,344.38127538033086,309.9137422774105
1fa65acf-d43367bc.jpg,car,546.463144,280.50244,563.300943,288.155986
1fa65acf-d43367bc.jpg,car,532.686762,282.45737037369247,544.932436,288.155985
1fa65acf-d43367bc.jpg,car,511.256835,279.711733781822,528.3825218688884,289.686694
1fa65acf-d43367bc.jpg,car,497.480453,278.1427985864674,510.73200092114934,289.686694
1fa65acf-d43367bc.jpg,car,627.590725,277.441023,641.36711,289.0381792275352
1fa65acf-d43367bc.jpg,car,590.853707,274.379604,600.037962,286.625277
1fa65acf-d43367bc.jpg,car,561.770235,268.256767,587.792287,291.217404
1fa65acf-d43367bc.jpg,truck,593.4933324761035,253.6499716056428,626.4409715785498,288.1665459034436
1fa65acf-d43367bc.jpg,truck,637.9464883644664,246.76409467937575,672.5502283886815,289.43041302637386
1fa65acf-d43367bc.jpg,car,664.7055524119086,272.65152540272635,694.9075549224842,296.1855533330451
1fa65acf-d43367bc.jpg,car,600.6842774747951,278.8401004577304,630.494046186532,292.568283417083
1fa65acf-d43367bc.jpg,car,566.362362,277.441023,590.747695884233,296.5777871318837
1fa65acf-d43367bc.jpg,car,729.2062508143262,271.38765827979614,774.7053714796091,300.4129593938559
1fa65acf-d43367bc.jpg,car,691.769684531775,268.7291874143399,726.2862588295759,288.3408773562722
1fa65acf-d43367bc.jpg,car,1133.107401,257.93778447535686,1193.2358677811103,289.686694
1fa65acf-d43367bc.jpg,car,1061.164072,259.1547511941545,1140.760944,294.278822
1fa65acf-d43367bc.jpg,car,922.4607728486299,267.0650348663394,1004.527838,299.31465291447745
1fa65acf-d43367bc.jpg,car,1013.712091,266.726058,1070.348327,294.278821
1fa65acf-d43367bc.jpg,truck,980.036492,223.866204,1177.497964,272.848897
1fa65acf-d43367bc.jpg,car,391.351286,281.36782871857804,418.3827267412391,293.896143
1fa65acf-d43367bc.jpg,car,4.081887,308.1704756292273,33.165361,325.530796
20cfadfa-47711496.jpg,car,619.051649,420.7155025553663,694.763,481.979458
20cfadfa-47711496.jpg,car,573.031022,419.628928,611.628966,456.742338
20cfadfa-47711496.jpg,car,573.031022,421.311414,611.628966,453.971214
20cfadfa-47711496.jpg,car,374.103156,410.919659,503.257817,505.929985
20cfadfa-47711496.jpg,car,491.381524,424.280489,518.103177,459.90936
20cfadfa-47711496.jpg,car,552.247511,431.703166,573.03102,449.517602
20cfadfa-47711496.jpg,car,608.659891,430.218632,620.536182,448.033067
20cfadfa-47711496.jpg,car,301.360871,425.765024,334.020673,446.548532
20cfadfa-47711496.jpg,truck,1170.7666098807497,234.556739,1277.888898,570.240383
20cfadfa-6f87fdc1.jpg,car,139.850354,408.144077,185.6655,443.179187
20cfadfa-6f87fdc1.jpg,truck,718.378861,310.225431,883.672721,484.502652
20cfadfa-6f87fdc1.jpg,car,152.42706,392.872363,393.181159,543.792842
20cfadfa-6f87fdc1.jpg,car,519.846561,409.042412,572.848398,453.959221
20cfadfa-6f87fdc1.jpg,car,604.290165,407.24574,673.46205,468.332601
20cfadfa-6f87fdc1.jpg,car,680.648741,418.924112,719.277197,446.772533
20cfadfa-6f87fdc1.jpg,car,411.147884,414.432431,448.878002,436.890836
20cfadfa-6f87fdc1.jpg,car,503.676511,421.619121,520.7449,434.195827
20cfadfa-6f87fdc1.jpg,car,591.713459,419.822446,611.476855,437.789171
20cfadfa-6f87fdc1.jpg,car,565.661708,417.127439,596.205139,443.179188
20cfadfa-6f87fdc1.jpg,car,1038.785441,430.602483,1094.482283,455.755895
225a1858-0e3a4b04.jpg,car,280.744659,294.469954,536.534237,481.63306
225a1858-0e3a4b04.jpg,car,974.495907,106.059094,1278.947893,606.408465
225a1858-0e3a4b04.jpg,car,912.108204,274.3915865940676,1009.433021,426.731883
225a1858-0e3a4b04.jpg,car,829.756438,310.690757,932.07227,390.547015
225a1858-0e3a4b04.jpg,car,822.269915,313.186265,863.445798,373.078459
225a1858-0e3a4b04.jpg,car,797.314833,313.186265,838.490716,359.353163
225a1858-0e3a4b04.jpg,car,773.097398264982,315.7368036750904,806.786757264982,357.53914740201503
225a1858-0e3a4b04.jpg,car,757.386704,323.168297,773.6943250527013,346.875624
225a1858-0e3a4b04.jpg,car,743.661409,323.168297,759.882212,344.380117
225a1858-0e3a4b04.jpg,car,734.927131,323.168297,748.652426,335.645835
225a1858-0e3a4b04.jpg,car,712.467558,328.159314,726.192856,336.893593
225a1858-0e3a4b04.jpg,car,673.787183,324.416051,694.4885015879155,341.2156998814364
225a1858-0e3a4b04.jpg,car,646.336594,330.654821,675.034937,349.3774236417257
22be2f14-59fbdca0.jpg,car,650.271202,344.37245,705.7553228729796,394.82695204500067
22be2f14-59fbdca0.jpg,car,709.6305443851417,346.38668314297456,730.821825,365.762790703785
22be2f14-59fbdca0.jpg,car,754.679994464026,348.80869658807586,771.958465,359.65177
22be2f14-59fbdca0.jpg,car,781.3221423601403,351.424444,796.640451,363.825179947704
22be2f14-59fbdca0.jpg,car,700.4268932937567,352.1995154112177,711.0837524522025,369.6380122159471
23333f35-0cbc3f0f.jpg,car,319.155728,422.501393,386.026449,472.534253
23333f35-0cbc3f0f.jpg,car,417.435433,440.738861,443.271847,462.015914
23333f35-0cbc3f0f.jpg,car,447.83122,445.298228,466.068689,457.456544
23333f35-0cbc3f0f.jpg,car,391.599016,443.778441,412.876066,457.456544
23333f35-0cbc3f0f.jpg,car,512.168952,445.298228,531.926213,457.456544
23333f35-0cbc3f0f.jpg,car,562.321995,436.0375060797337,662.981625852243,510.85042255378204
23333f35-0cbc3f0f.jpg,car,500.010639,442.25865,510.649165,455.936751
23333f35-0cbc3f0f.jpg,car,474.478177,381.467084,504.873959,419.461813
23df146f-64b50e4c.jpg,car,677.2861093968947,377.5751443107368,693.160668335208,400.90674611326176
23df146f-64b50e4c.jpg,car,685.431742,363.902298,743.931734,414.527292
23df146f-64b50e4c.jpg,car,557.181758,376.277297,584.0847617035433,394.38201858615315
23df146f-64b50e4c.jpg,car,524.0469848130721,383.1503403626144,550.3875639129543,399.998218217918
23df146f-64b50e4c.jpg,car,466.056769,372.902297,532.2909206550453,402.4943069431468
23df146f-64b50e4c.jpg,truck,323.181787,316.652305,463.80677,413.402292
23df146f-64b50e4c.jpg,car,580.3406286157001,369.421131333865,672.6959114491663,443.6797709094223
23df146f-64b50e4c.jpg,car,736.056735,367.277298,913.806713,480.902285
23df146f-64b50e4c.jpg,car,580.9646507970073,376.28537532824424,590.3249835166154,394.38201858615315
24392d7c-998011c2.jpg,car,697.9726244518969,371.3417743697404,709.077148774043,384.8296239010202
24392d7c-998011c2.jpg,car,521.554724,372.173686,544.575777,382.405266
24392d7c-998011c2.jpg,car,707.7263533389355,367.5766604435108,729.0984310625427,388.46096800559553
24392d7c-998011c2.jpg,car,637.938935,364.500002,710.838936,424.61053
24392d7c-998011c2.jpg,car,164.728408,273.694738,206.933671,283.926318
24392d7c-998011c2.jpg,car,760.717883,258.34737,823.386305,268.578949
250e7595-b14da270.jpg,car,614.2940407415264,350.0234710522631,623.9776457758398,362.3239066089987
250e7595-b14da270.jpg,car,622.5915728276842,346.47562374152625,640.3864395879978,364.09783026436713
250e7595-b14da270.jpg,car,584.7446229121567,346.893385,614.0378264062891,369.421131333865
250e7595-b14da270.jpg,car,468.3284005956013,348.591404540972,489.0296277999314,357.7161166314313
250e7595-b14da270.jpg,car,321.01372,338.15237,382.200821,371.368224
250e7595-b14da270.jpg,car,539.539077,348.641587,553.524701,359.130805
250e7595-b14da270.jpg,car,555.2523898978388,352.056051494858,569.9685592529294,358.28212314508863
26190b83-39ccb412.jpg,car,0,291.974446,183.419845,395.538033
26190b83-39ccb412.jpg,car,193.8441449714065,312.78352198570326,252.4885849714065,343.97737198570326
26190b83-39ccb412.jpg,car,390.547015,316.929528,444.200439,356.857657
26190b83-39ccb412.jpg,car,440.1515247818678,317.6594802606226,463.8588527818678,332.130350286174
26190b83-39ccb412.jpg,car,461.05769356373565,316.19957573937745,505.97683856373567,349.8889337393774
26190b83-39ccb412.jpg,car,544.020763,318.17728,563.984827,333.150332
26190b83-39ccb412.jpg,car,558.993811,316.929528,586.444396,343.132362
26190b83-39ccb412.jpg,car,369.3466222771718,308.4314080367402,391.794768,321.920546
26190b83-39ccb412.jpg,car,315.31855494281297,319.4645609571097,425.11734733358594,381.10235280721923
26190b83-39ccb412.jpg,car,562.737071,293.222199,741.165902,451.686958
26190b83-39ccb412.jpg,car,718.706329,321.920543,739.918146,336.893593
26190b83-39ccb412.jpg,car,737.422639,321.920543,751.147937,335.645837
26190b83-39ccb412.jpg,car,748.652427,321.920543,762.9205261045747,334.77193458326036
26190b83-39ccb412.jpg,car,1018.6311190999452,331.63527614582193,1056.7559763728873,349.8102680372853
26190b83-39ccb412.jpg,truck,1153.866837781868,338.7777965637356,1218.1576003360396,366.70354068342994
26190b83-39ccb412.jpg,car,1216.7723425212453,344.6857672181322,1272.9212745212453,369.6408482181322
26190b83-39ccb412.jpg,car,492.22639443626434,318.17728,546.9333216018741,355.48882262609743
26190b83-39ccb412.jpg,car,1006.7021070730514,329.64968179151805,1029.643463835476,342.85834174564144
26190b83-39ccb412.jpg,car,1140.7826607100433,338.2354025191483,1167.060942092457,360.8639225984491
272d52f6-8aac36b3.jpg,car,114.432187,329.833952,188.476545,368.875521
272d52f6-8aac36b3.jpg,car,274.63725,341.950301,337.911517,367.529261
272d52f6-8aac36b3.jpg,car,455.036228,347.335347,490.039015,362.144217
272d52f6-8aac36b3.jpg,car,582.931026,350.027868,599.086159,363.490479
272d52f6-8aac36b3.jpg,car,775.446353,348.681607,805.064095,380.991871
272d52f6-8aac36b3.jpg,car,766.022526,359.451695,778.138875,380.991871
272d52f6-8aac36b3.jpg,car,697.363213,341.950301,751.213653,389.069437
272d52f6-8aac36b3.jpg,car,515.617974,354.066651,542.543195,362.144216
272d52f6-8aac36b3.jpg,truck,471.19136,333.334239,506.194147,361.605722
272d52f6-8aac36b3.jpg,car,798.33279,327.477995,910.072455,409.599918
272d52f6-8aac36b3.jpg,car,593.701114,331.516778,705.440779,429.793834
272d52f6-8aac36b3.jpg,truck,748.521132,350.364433,770.06131,379.982176
2752681a-e813599a.jpg,car,418.499855,392.579866,488.699828,446.849844
2752681a-e813599a.jpg,car,539.999812,407.699856,564.299803,427.949848
2752681a-e813599a.jpg,car,369.23075105652913,393.6476404081207,407.699857,418.499855
2752681a-e813599a.jpg,car,83.69997,386.999861,151.199946,412.649852
2752681a-e813599a.jpg,car,487.349828,403.199857,508.949822,424.799849
2752681a-e813599a.jpg,car,520.198492992013,407.249853,535.949811,420.44664785228946
27645526-f038b033.jpg,car,162.231915,420.524706,185.856898,469.462173
27645526-f038b033.jpg,car,89.669465,422.212205,131.856936,455.962181
27645526-f038b033.jpg,car,27.232007,423.899704,98.106958,462.712179
27645526-f038b033.jpg,car,307.356814,410.399713,344.481788,442.462191
27645526-f038b033.jpg,car,359.669279,400.27472,388.356759,428.9622
27645526-f038b033.jpg,car,401.856751,408.712214,415.356742,423.899704
27645526-f038b033.jpg,car,496.356685,405.337216,518.29417,428.9622
27645526-f038b033.jpg,truck,509.856675,396.899721,530.106662,420.524705
27645526-f038b033.jpg,car,536.856657,395.212223,611.106607,466.087174
27645526-f038b033.jpg,car,369.794272,408.712214,401.856752,435.712196
27645526-f038b033.jpg,car,396.794252,396.899721,509.856675,484.649661
27645526-f038b033.jpg,car,585.794123,363.149745,805.168973,545.399619
27645526-f038b033.jpg,car,180.794401,361.462246,309.044313,479.587166
27645526-f038b033.jpg,car,1029.606319,393.611105,1279.356148,619.649569
27645526-f038b033.jpg,car,837.231451,392.512231,908.106402,431.324706
27645526-f038b033.jpg,car,946.93479,385.421545,1031.389711,419.203513
27645526-f038b033.jpg,car,523.7716939845689,408.833744626483,545.2108999399038,425.8064493411232
2773af6f-23e23a6b.jpg,car,599.561031,305.700779,614.092583,323.461564
2773af6f-23e23a6b.jpg,car,528.517892,304.086163,547.893294,315.38848
2773af6f-23e23a6b.jpg,car,515.600958,305.700779,528.517892,317.003096
2773af6f-23e23a6b.jpg,car,497.840173,302.471546,510.757107,313.773863
2773af6f-23e23a6b.jpg,car,434.870117,289.554611,488.152473,329.920031
2773af6f-23e23a6b.jpg,car,286.325372,278.252294,402.577782,347.680816
2773af6f-23e23a6b.jpg,car,221.462714,279.77078,304.086155,334.763882
2773af6f-23e23a6b.jpg,car,659.301853,302.471546,740.032693,358.983134
2773af6f-23e23a6b.jpg,car,612.477966,300.856929,644.770302,328.305415
2773af6f-23e23a6b.jpg,car,554.351761,294.398462,599.561031,333.149266
28faf684-03ef4c6e.jpg,car,402.996388,336.235628,411.071917,344.311156
28faf684-03ef4c6e.jpg,car,411.071917,337.703908,417.679167,345.045298
28faf684-03ef4c6e.jpg,car,386.845332,339.906324,395.654999,345.779434
28faf684-03ef4c6e.jpg,car,369.225998,339.172185,378.035665,346.513575
28faf684-03ef4c6e.jpg,car,352.340802,335.501489,372.162552,350.918407
28faf684-03ef4c6e.jpg,car,311.229022,337.703908,338.392162,355.323243
28faf684-03ef4c6e.jpg,car,218.727518,335.501489,258.371019,357.525658
28faf684-03ef4c6e.jpg,car,595.631391,344.066458,689.601173,424.821741
28faf684-03ef4c6e.jpg,car,557.456168,343.332319,586.577005,366.090627
28faf684-03ef4c6e.jpg,car,484.321946,344.730676,497.536447,353.540343
28faf684-03ef4c6e.jpg,car,497.536445,346.933092,505.611974,355.008619
28faf684-03ef4c6e.jpg,car,504.143696,344.730676,517.358197,356.476899
28faf684-03ef4c6e.jpg,car,511.485086,343.262396,529.838557,358.679314
28faf684-03ef4c6e.jpg,car,544.39155,342.10874,563.479162,361.196352
28faf684-03ef4c6e.jpg,car,585.503331,349.45013,610.464054,374.410852
292720ee-d847ee69.jpg,car,1023.936195,392.394731,1277.045774,551.149851
292720ee-d847ee69.jpg,car,477.279414,392.394731,550.666213,456.795394
292720ee-d847ee69.jpg,car,651.011431,366.934005,778.315068,483.753811
292720ee-d847ee69.jpg,car,571.633871,398.38549,613.569187,437.325428
292720ee-d847ee69.jpg,car,769.328927,395.390112,796.287344,432.832357
292720ee-d847ee69.jpg,car,646.518363,401.38087,665.98833,428.339287
292720ee-d847ee69.jpg,car,636.034534,401.38087,652.509121,422.348527
292720ee-d847ee69.jpg,car,610.573807,404.376251,633.039153,422.348527
292720ee-d847ee69.jpg,car,550.666215,404.376251,574.629251,426.841597
292720ee-d847ee69.jpg,bus,567.140803,390.897041,592.601529,414.860078
292720ee-d847ee69.jpg,car,538.684696,398.38549,553.661591,417.855458
292720ee-d847ee69.jpg,car,428.938362,387.901663,448.839748,403.47206
292720ee-d847ee69.jpg,car,342.970967,378.915522,371.813264,392.39473
2b54fe2d-c5b810e6.jpg,car,551.722635,340.71216,571.559364,359.022987
2b54fe2d-c5b810e6.jpg,car,429.650457,348.341672,446.435382,360.548889
2b54fe2d-c5b810e6.jpg,car,406.761927,346.81577,425.072753,360.548889
2b54fe2d-c5b810e6.jpg,car,360.984862,346.81577,391.502906,365.126596
2b54fe2d-c5b810e6.jpg,car,338.096327,346.81577,357.933054,360.548889
2b54fe2d-c5b810e6.jpg,car,280.112043,348.341672,318.259599,365.126595
2b54fe2d-c5b810e6.jpg,car,312.155991,351.393475,341.148133,369.704304
2b54fe2d-c5b810e6.jpg,car,61.908032,345.289868,112.262804,384.963325
2b54fe2d-c5b810e6.jpg,truck,466.272113,293.627177,557.826242,397.388526
2b605c48-8dfe352b.jpg,car,114.6848381601363,352.02725724020445,208.029584,382.433694
2b605c48-8dfe352b.jpg,car,356.878337,350.153242,408.885733,369.880185
2b605c48-8dfe352b.jpg,truck,277.970565,328.632939,360.465055,373.466902
2b605c48-8dfe352b.jpg,car,457.306411,347.1209540034072,493.173581,373.466905
2b605c48-8dfe352b.jpg,car,534.420827,352.932954,550.561052,365.486463
2b605c48-8dfe352b.jpg,car,520.073958,352.932954,536.214185,365.486463
2b605c48-8dfe352b.jpg,car,577.461429,351.139596,590.014939,365.486464
2b605c48-8dfe352b.jpg,car,557.734486,342.172802,577.461429,365.486461
2b605c48-8dfe352b.jpg,car,550.561052,349.346238,566.701278,365.486463
2b605c48-8dfe352b.jpg,car,597.188374,351.139596,611.535241,363.693104
2b605c48-8dfe352b.jpg,car,629.468825,347.55288,642.022334,361.899748
2b605c48-8dfe352b.jpg,car,656.369203,347.55288,674.302787,361.899748
2b605c48-8dfe352b.jpg,car,638.435618,345.75952,658.162563,367.279821
2b605c48-8dfe352b.jpg,car,667.129353,349.346238,681.476222,361.899746
2b605c48-8dfe352b.jpg,car,688.649654,345.75952,713.756673,363.693104
2b605c48-8dfe352b.jpg,car,713.756675,349.346238,729.896902,361.899746
2b605c48-8dfe352b.jpg,car,726.310184,347.55288,747.830487,361.899748
2b605c48-8dfe352b.jpg,bus,1017.551587,317.065784,1148.466755,367.279821
2b605c48-8dfe352b.jpg,car,1067.765625,331.412651,1146.673399,372.659897
2b605c48-8dfe352b.jpg,car,1116.186303,331.412651,1182.540566,363.693103
2b605c48-8dfe352b.jpg,car,1164.606983,327.825935,1230.961245,351.139594
2b605c48-8dfe352b.jpg,car,1241.721399,317.065784,1279.381927,329.619293
2b605c48-8dfe352b.jpg,car,1193.300719,326.032577,1256.068266,351.139596
2b605c48-8dfe352b.jpg,car,1232.754606,329.619293,1279.381927,352.932954
2b605c48-8dfe352b.jpg,car,0,351.139596,71.734339,383.420049
2beccce2-354608e2.jpg,car,488.74567,380.013487,498.630417,389.898229
2beccce2-354608e2.jpg,car,477.762621,381.111793,487.647363,392.094842
2beccce2-354608e2.jpg,truck,454.698218,369.030438,479.95923,397.586366
2beccce2-354608e2.jpg,car,420.650769,383.308401,438.223646,398.684669
2beccce2-354608e2.jpg,car,196.86541737649063,380.013487,279.808844,426.108006
2beccce2-354608e2.jpg,car,367.948057,374.521963,416.257548,413.35604770017034
2beccce2-354608e2.jpg,car,436.027036,377.816877,463.48466,400.881281
2beccce2-354608e2.jpg,car,496.433804,373.423657,544.332701,418.454158
2beccce2-354608e2.jpg,car,597.986125,318.90971039182284,701.816817,448.108389
2beccce2-354608e2.jpg,car,770.9028960817717,323.450787,1259.0800681431006,629.2333901192504
2beccce2-354608e2.jpg,car,538.993117,381.660944,551.074472,394.840602
2beccce2-354608e2.jpg,car,548.877862,383.857555,562.057521,400.332128
2c87e51d-aa7a8031.jpg,car,558.442157,458.103953,584.546405,468.852761
2c87e51d-aa7a8031.jpg,car,506.233661,458.103953,536.944541,473.458262350937
2c87e51d-aa7a8031.jpg,car,0,431.999707,200.660405,504.170275
2c87e51d-aa7a8031.jpg,car,719.674277,468.852761,736.565262,484.208201
2c87e51d-aa7a8031.jpg,car,741.171893,461.175041,767.276142,485.743744
2c87e51d-aa7a8031.jpg,car,827.162358,456.568409,905.475102,507.241361
2c87e51d-aa7a8031.jpg,car,688.963397,455.032865,725.816454,487.279289
2c87e51d-aa7a8031.jpg,car,751.920701,458.7393526405452,837.911166,516.454625
2c87e51d-aa7a8031.jpg,car,968.432408,456.2862010221465,1166.517584,547.165506
2ce0b449-e818dc97.jpg,car,551.020655,396.183851,562.041071,407.204266
2ce0b449-e818dc97.jpg,car,444.752387,405.55122,461.283008,415.46959
2ce0b449-e818dc97.jpg,car,510.874865,406.65326,529.609567,419.877756
2ce0b449-e818dc97.jpg,car,301.758959,377.314523,392.694048,435.722713
2ce0b449-e818dc97.jpg,car,528.24513,398.204273,552.490037,421.34714
2ce0b449-e818dc97.jpg,car,561.30637,392.694063,602.081898,427.959386
2cf976a2-479cd46b.jpg,truck,346.5076660988075,326.26916524701875,468.272109,454.82305
2cf976a2-479cd46b.jpg,car,607.653366,403.47206,633.328861,434.649447
2cf976a2-479cd46b.jpg,car,761.706335,399.804133,813.057324,432.815484
2cf976a2-479cd46b.jpg,car,935.932906,377.796566,1095.487767,434.20783645655877
2cf976a2-479cd46b.jpg,car,1023.963174,379.01192504258944,1172.51425,441.985304
2cf976a2-479cd46b.jpg,car,1012.959391,396.136205,1242.204878,447.487193
2cf976a2-479cd46b.jpg,car,461.80579216354346,352.02725724020445,621.2606473594549,509.02896081771723
2cf976a2-479cd46b.jpg,car,201.7717206132879,377.78534923339015,389.4378194207836,490.63032367972744
2cf976a2-479cd46b.jpg,car,2.445275,416.921119,48.294373,435.260759
2cf976a2-479cd46b.jpg,car,2.445275,399.804133,55.630228,425.479627
2cf976a2-479cd46b.jpg,car,692.015708,404.694698,732.362914,426.702265
2e2fae77-b7497ca0.jpg,car,0,376.821721,133.509683,476.9296694654633
2e2fae77-b7497ca0.jpg,car,202.3678514923496,386.52117118959745,326.4167212197004,458.53259132793244
2e2fae77-b7497ca0.jpg,car,548.0577289244284,402.46529488147144,624.274195494199,462.9128373333585
2e2fae77-b7497ca0.jpg,car,493.04168606533676,400.18757209176323,531.543222,431.7254203275304
2e2fae77-b7497ca0.jpg,car,403.27563702386965,398.201843245046,446.9029937500142,422.90649102973026
2e2fae77-b7497ca0.jpg,car,441.704931,400.529048,458.9925022403916,417.12455218650626
2e2fae77-b7497ca0.jpg,car,456.3643482207443,399.2531048529049,469.50511831898064,414.496398166859
2e2fae77-b7497ca0.jpg,car,616.9153642391867,397.73461764610636,662.6452441810491,436.63129713688585
2e2fae77-b7497ca0.jpg,car,526.552206,400.8884024696831,549.1089905322873,421.740865
2e2fae77-b7497ca0.jpg,car,381.812737,404.27231,400.6474830042224,413.97076736292956
2e2fae77-b7497ca0.jpg,truck,153.473747,390.20058681710367,235.4825921399051,426.731883
2ead8042-2493c03f.jpg,car,173.74975,378.693353,291.03863,446.072068
2ead8042-2493c03f.jpg,car,342.196546,379.941106,380.876923,404.896188
2ead8042-2493c03f.jpg,car,412.070773,378.693353,443.264624,401.152926
2ead8042-2493c03f.jpg,car,449.503395,383.684368,469.46746,394.914154
2ead8042-2493c03f.jpg,car,533.206897,381.396825,545.684438,391.378859
2ead8042-2493c03f.jpg,car,549.4277,378.901316,569.391765,396.369873
2ead8042-2493c03f.jpg,car,563.152994,372.662548,574.382781,380.149071
2ead8042-2493c03f.jpg,car,587.224227,378.604219,609.6838,394.825021
2f1864c1-1a17d11c.jpg,car,0,363.374741,113.062423,451.124681
2f1864c1-1a17d11c.jpg,car,84.374942,363.374741,155.249893,400.499716
2f1864c1-1a17d11c.jpg,car,155.249893,361.687242,199.124863,393.74972
2f1864c1-1a17d11c.jpg,car,217.68735,351.562249,259.87482,385.312227
2f1864c1-1a17d11c.jpg,car,249.749828,349.87475,323.999776,398.812216
2f1864c1-1a17d11c.jpg,truck,305.43729,320.62478,352.687259,354.374756
2f1864c1-1a17d11c.jpg,car,313.874783,336.37476,379.687239,380.24973
2f1864c1-1a17d11c.jpg,truck,415.124716,335.249753,442.124697,365.624731
2f1864c1-1a17d11c.jpg,car,497.812158,341.999749,514.687146,355.499739
2f1864c1-1a17d11c.jpg,car,539.999629,331.312263,558.562116,351.562249
2f1864c1-1a17d11c.jpg,car,556.874617,339.749757,580.499601,349.87475
2f1864c1-1a17d11c.jpg,car,579.65200559013,338.062259,600.693097252574,349.8832887641768
2f1864c1-1a17d11c.jpg,car,610.87458,334.68726,627.749567,349.874751
2f1864c1-1a17d11c.jpg,car,644.2782156962079,336.37476,658.124547,346.87741852668483
2f1864c1-1a17d11c.jpg,car,659.812046,336.37476,678.374534,353.249747
2f1864c1-1a17d11c.jpg,car,674.3369180711278,337.495354321881,697.306148762508,357.3979643579068
2f1864c1-1a17d11c.jpg,car,701.3897502085557,336.37476,727.312,362.6582372735178
2f1864c1-1a17d11c.jpg,car,722.249503,332.999762,769.499471,364.9126399516368
2f1864c1-1a17d11c.jpg,car,857.6950025581392,326.812257,955.124343,389.7110694109457
2f1864c1-1a17d11c.jpg,car,924.749364,323.5819241861219,1081.686757,402.187214
2f1864c1-1a17d11c.jpg,car,1051.311777,339.749757,1279.124122,432.562194
2f1864c1-1a17d11c.jpg,car,1079.999258,317.812273,1218.374159,376.874732
2f1864c1-1a17d11c.jpg,car,1231.874153,370.124737,1279.124122,447.749683
2f1864c1-1a17d11c.jpg,car,773.6259365593729,328.8421971017329,817.5009045593729,349.114483084389
2f1864c1-1a17d11c.jpg,car,809.999442,321.749761,833.624426,338.62475
2f1864c1-1a17d11c.jpg,car,528.1314005123463,338.61127537358186,541.6578165810603,352.1376914422958
2f1864c1-1a17d11c.jpg,car,690.8692043773337,334.8539375767169,713.4132311585237,359.6523670360258
2f879dc0-b09e4824.jpg,truck,2.495508,371.830706,204.631663,447.943702
2f879dc0-b09e4824.jpg,car,331.902575,414.254342,360.600918,429.227391
2f879dc0-b09e4824.jpg,car,486.624077,408.96567357537396,544.020762,449.191456
2f879dc0-b09e4824.jpg,car,537.781992,413.006588,560.241565,427.979637
2f879dc0-b09e4824.jpg,truck,595.1280514825706,391.794769,632.5345097195949,430.7136144108531
2fc9ad1e-ee4c9e43.jpg,car,642.695551,388.065696,653.713189,405.204244
2fc9ad1e-ee4c9e43.jpg,car,680.645193,389.289877,687.990285,399.083334
2fc9ad1e-ee4c9e43.jpg,car,712.473926,392.962423,725.939928,401.531697
2fc9ad1e-ee4c9e43.jpg,car,718.594835,389.289877,754.096113,422.342791
2fc9ad1e-ee4c9e43.jpg,car,652.489008,390.514058,661.058281,401.531697
2fc9ad1e-ee4c9e43.jpg,car,601.073363,386.841512,614.539366,401.531697
2fc9ad1e-ee4c9e43.jpg,car,550.8819,386.841512,560.675357,391.73824
2fc9ad1e-ee4c9e43.jpg,car,543.536808,388.065696,554.554446,394.186606
2fc9ad1e-ee4c9e43.jpg,car,536.191716,386.841512,545.985173,394.186604
2fc9ad1e-ee4c9e43.jpg,car,972.000509,401.531697,986.690693,430.912065
2fc9ad1e-ee4c9e43.jpg,car,208.11094,356.236963,363.582055,438.257158
2fc9ad1e-ee4c9e43.jpg,car,405.204243,350.116052,539.864262,451.723159
2fc9ad1e-ee4c9e43.jpg,car,568.020449,383.168966,593.728271,405.204244
2fc9ad1e-ee4c9e43.jpg,car,609.642637,384.393148,648.816462,419.894427
2fc9ad1e-ee4c9e43.jpg,car,691.662831,390.514058,699.007923,401.531697
2fc9ad1e-ee4c9e43.jpg,car,673.300101,389.289877,685.54192,403.980061
2fc9ad1e-ee4c9e43.jpg,car,656.161554,390.514058,681.869376,410.10097
2fc9ad1e-ee4c9e43.jpg,car,738.181748,385.617329,818.97776,443.153884
2fc9ad1e-ee4c9e43.jpg,car,820.201942,397.859151,849.58231,417.446062
2fc9ad1e-ee4c9e43.jpg,car,881.411041,400.307515,912.015591,419.894427
2fc9ad1e-ee4c9e43.jpg,car,915.688137,395.410788,973.22469,432.136248
3050b249-0ffbd6ec.jpg,car,527.404541,318.609908,617.381863,396.345417
3050b249-0ffbd6ec.jpg,car,634.5204,336.972627,684.099741,370.637611
3050b249-0ffbd6ec.jpg,car,730.006538,305.143914,987.084605,474.693021
3050b249-0ffbd6ec.jpg,car,611.391114,340.497285,624.245018,361.308367
3050b249-0ffbd6ec.jpg,car,620.572475,342.945647,639.547285,364.98091
3050b249-0ffbd6ec.jpg,car,414.297934,313.565296,433.88483,328.255473
3050b249-0ffbd6ec.jpg,car,1012.703941,303.771847,1087.859958,347.973519
3050b249-0ffbd6ec.jpg,car,1160.611322,297.03885,1182.646585,308.056481
3050b249-0ffbd6ec.jpg,car,1193.664216,297.650941,1208.966479,303.771847
3050b249-0ffbd6ec.jpg,car,1231.001745,295.814669,1249.976554,304.383938
3050b249-0ffbd6ec.jpg,car,1254.873278,295.814669,1278.132722,306.832299
314cc010-3eab5c90.jpg,car,360.219309,329.836275,387.25507,343.997864
314cc010-3eab5c90.jpg,car,297.135868,332.41111,330.608714,347.860116
314cc010-3eab5c90.jpg,car,607.403404,337.560778,638.301417,359.446871
314cc010-3eab5c90.jpg,car,490.248443,324.686607,576.505394,389.057464
314cc010-3eab5c90.jpg,car,664.04976,337.560778,691.085521,360.734287
314cc010-3eab5c90.jpg,car,703.959694,331.123692,724.558367,351.722367
314cc010-3eab5c90.jpg,car,1.029917,332.41111,250.788849,444.416402
314cc010-3eab5c90.jpg,truck,1.029917,289.926343,146.508058,380.045544
31765c6b-90b0d612.jpg,car,586.681881,314.42122,605.769493,327.63572
31765c6b-90b0d612.jpg,car,563.189434,312.952943,585.213602,327.635722
31765c6b-90b0d612.jpg,car,526.482488,311.484664,558.7846,330.572276
31765c6b-90b0d612.jpg,car,467.751374,310.016386,491.243819,327.63572
31765c6b-90b0d612.jpg,car,491.243819,315.889498,507.394875,327.63572
31765c6b-90b0d612.jpg,car,498.585209,312.952943,525.014211,334.97711
31765c6b-90b0d612.jpg,car,448.663762,314.42122,489.775542,337.913665
31765c6b-90b0d612.jpg,car,391.051328,317.148018,426.289997,342.108741
31765c6b-90b0d612.jpg,car,295.613268,317.148018,348.471271,352.386686
31765c6b-90b0d612.jpg,car,327.915381,311.764324,395.456162,355.812659
31765c6b-90b0d612.jpg,car,146.442367,315.679739,258.031485,377.347409
31765c6b-90b0d612.jpg,car,661.214454,304.912366,694.984844,316.658588
31765c6b-90b0d612.jpg,car,871.178188,296.102696,987.172138,382.73109
31765c6b-90b0d612.jpg,car,943.835717,314.899718,1105.346282,414.742611
31765c6b-90b0d612.jpg,car,1055.424835,316.367993,1278.60307,466.132336
31765c6b-90b0d612.jpg,car,603.195254,313.431439,636.965644,338.392161
31765c6b-90b0d612.jpg,car,727.998872,310.494882,757.364429,332.51905
31765c6b-90b0d612.jpg,car,625.100949,311.963161,719.070731,393.498466
31cf6eba-5c84c636.jpg,car,231.523525,385.207242,320.340739,442.090178
31cf6eba-5c84c636.jpg,car,567.831403,357.264749,749.457615,516.936144
31cf6eba-5c84c636.jpg,car,444.08607,387.203137,498.973111,430.114823
31cf6eba-5c84c636.jpg,car,512.944361,396.184652,534.899176,413.149739
31cf6eba-5c84c636.jpg,car,1113.707989,347.285287,1278.369116,504.960791
31cf6eba-5c84c636.jpg,car,759.437077,105.782298,1220.488234,525.91766
31cf6eba-5c84c636.jpg,car,247.490665,224.537903,348.283234,246.492719
32de2244-122f1783.jpg,car,494.309489,426.260523,504.19119,433.447212
32de2244-122f1783.jpg,car,502.394516,425.362187,506.886197,435.243885
32de2244-122f1783.jpg,car,184.383503,397.513765,217.62194,419.073833
32de2244-122f1783.jpg,car,72.091479,384.038722,119.703298,414.582151
32de2244-122f1783.jpg,car,503.292851,426.260523,515.869558,438.83723
33420085-32996107.jpg,truck,672.796219,339.979744,756.551357,395.081811
33420085-32996107.jpg,car,514.653293,373.040984,528.97983,384.061397
33420085-32996107.jpg,car,538.8982,374.143025,555.428821,386.265483
33420085-32996107.jpg,car,553.224738,370.8369,573.061482,389.571603
33420085-32996107.jpg,car,564.245151,371.938944,579.67373,391.775684
33420085-32996107.jpg,car,637.530898,372.583793505232,677.204386,414.918554
33420085-32996107.jpg,car,675.8456987955893,370.3840059318631,721.0293917955893,405.64932793186307
33420085-32996107.jpg,car,348.520565,370.561391,357.336896,378.27568
33420085-32996107.jpg,car,333.091986,378.27568,341.908316,384.88793
33420085-32996107.jpg,car,371.663433,373.867514,380.479763,379.37772
33420085-32996107.jpg,car,373.867514,379.37772,389.296092,391.500177
33420085-32996107.jpg,car,362.847102,378.27568,377.17364,391.500177
33420085-32996107.jpg,car,350.724647,378.27568,369.459347,392.602217
33420085-32996107.jpg,car,338.602193,377.17364,358.438935,392.602217
33420085-32996107.jpg,car,92.57147,388.194052,167.51028,408.030794
33420085-32996107.jpg,car,19.836744,374.694045,108.000048,413.26549
33420085-32996107.jpg,car,391.224666,376.898129,403.898142,385.714459
33420085-32996107.jpg,car,978.061663,354.857301,1110.306622,436.408358
33420085-32996107.jpg,car,819.367715,359.3008313235782,1055.204555,493.714507
33420085-32996107.jpg,car,567.000255,365.4431882547381,652.959479,444.122648
3430a5e6-00ec38d2.jpg,car,747.794012,408.712215,806.856471,444.149691
3430a5e6-00ec38d2.jpg,car,624.606597,390.149727,644.856583,408.712213
3430a5e6-00ec38d2.jpg,car,457.544212,386.774729,476.106699,400.274721
3430a5e6-00ec38d2.jpg,car,793.356481,410.399713,877.731423,452.587185
35eb46d0-8f7e28a0.jpg,car,603.2781589579397,400.17149646143963,618.3075101453996,412.9464449707806
35eb46d0-8f7e28a0.jpg,car,447.72437416772914,393.949654,490.248443,419.697998
35eb46d0-8f7e28a0.jpg,car,235.339843,384.937734,341.070757,440.421699
35eb46d0-8f7e28a0.jpg,car,667.1529015046444,396.524489,683.361019,409.9405747332886
35eb46d0-8f7e28a0.jpg,car,716.833865,399.099323,734.857706,417.123163
35eb46d0-8f7e28a0.jpg,car,783.779558,397.811906,799.228563,417.123163
35eb46d0-8f7e28a0.jpg,car,794.1509190386811,392.662237,846.862998,433.2360690738515
35eb46d0-8f7e28a0.jpg,car,719.0041631013813,395.237071,791.504061,449.76835538005747
35eb46d0-8f7e28a0.jpg,truck,850.725251,346.315219,934.407367,435.147004
35eb46d0-8f7e28a0.jpg,car,992.34114,349.29827525791393,1276.860333,558.739051
35eb46d0-8f7e28a0.jpg,car,515.6570254819692,388.89948307084467,529.1834415506831,397.16562622394764
35eb46d0-8f7e28a0.jpg,car,527.6805064319371,388.14801551147167,538.952519822532,396.41415866457464
35eb46d0-8f7e28a0.jpg,car,508.89381744761215,387.3965479520987,517.1599606007152,397.16562622394764
35eb46d0-8f7e28a0.jpg,truck,561.496546603722,377.6274696802497,572.017092434944,391.90535330833666
35eb46d0-8f7e28a0.jpg,car,548.7215980943811,387.3965479520987,559.242143925603,394.91122354582865
3735fc3d-69d8b80c.jpg,car,0,360.217501,55.162344,376.205409
3735fc3d-69d8b80c.jpg,car,166.539413,352.386686,250.720676,370.984872
3735fc3d-69d8b80c.jpg,car,348.605866,353.365538,393.633055,364.132909
3735fc3d-69d8b80c.jpg,car,514.8738903232246,348.0373203047438,541.439691,374.1813226020602
3735fc3d-69d8b80c.jpg,car,570.80525,358.259797,585.488027,367.069465
3735fc3d-69d8b80c.jpg,car,645.197995,355.323242,659.880774,369.027168
3735fc3d-69d8b80c.jpg,car,657.923069,354.344389,673.584701,369.027168
3735fc3d-69d8b80c.jpg,car,667.711587,354.344389,683.373219,374.900278
3735fc3d-69d8b80c.jpg,car,583.530324,339.661612,650.092254,400.35043
3735fc3d-69d8b80c.jpg,car,673.584701,350.428982,710.781072,380.773392
3735fc3d-69d8b80c.jpg,car,454.321874,344.555871,509.13758,382.731095
3735fc3d-69d8b80c.jpg,car,531.849534,346.985979,575.864668,381.80005412577896
3740cd4f-ff1d423d.jpg,car,469.610965,329.28154264114494,526.9463871012948,369.9792609422992
3740cd4f-ff1d423d.jpg,car,530.798063,335.31083424131594,555.272907,348.641588
3740cd4f-ff1d423d.jpg,car,639.186638,338.15237,656.668667,355.6344
3740cd4f-ff1d423d.jpg,car,665.409683,341.648775,684.639912,355.634397
3740cd4f-ff1d423d.jpg,car,651.42406,343.396978,672.402494,360.129787
3740cd4f-ff1d423d.jpg,truck,529.04986,107.389594,586.740555,117.878811
3740cd4f-ff1d423d.jpg,car,857.711996,89.907566,885.68324,102.144984
3740cd4f-ff1d423d.jpg,car,636.4182215299638,105.54592727603546,666.1376695299638,115.11039152996383
3740cd4f-ff1d423d.jpg,car,622.010578,339.151352,635.996203,349.640568
375abba2-9f2ed56c.jpg,car,252.625945,319.507153,308.040466,359.944777
375abba2-9f2ed56c.jpg,car,287.072809,328.49329,345.482709,365.935536
375abba2-9f2ed56c.jpg,car,361.957298,325.497912,385.920334,340.47481
375abba2-9f2ed56c.jpg,car,415.874131,322.502531,430.851029,343.47019
375abba2-9f2ed56c.jpg,car,426.357958,321.004842,471.288653,346.465569
375abba2-9f2ed56c.jpg,car,468.293275,318.009464,483.270174,329.99098
375abba2-9f2ed56c.jpg,car,490.758622,315.014082,510.22859,326.995602
375abba2-9f2ed56c.jpg,car,514.72166,318.009464,537.187008,331.488672
375abba2-9f2ed56c.jpg,car,619.559945,312.018703,633.039155,326.995601
375abba2-9f2ed56c.jpg,car,631.5380486368203,312.018703,652.509122,333.5246884525055
375abba2-9f2ed56c.jpg,car,649.5191836993673,315.014082,688.453675,342.82527555382285
375abba2-9f2ed56c.jpg,car,745.365889,310.521012,794.789652,349.460949
375abba2-9f2ed56c.jpg,car,1001.47085,319.507153,1209.649733,421.350061
375abba2-9f2ed56c.jpg,truck,583.795034850058,288.88187036618217,610.573808,313.0633968296073
375abba2-9f2ed56c.jpg,car,382.924956,322.502531,414.376442,341.9725
375abba2-9f2ed56c.jpg,car,577.62463,313.516394,615.417030994537,340.9651581335594
375abba2-9f2ed56c.jpg,car,686.1014929645488,316.511771,755.849719,366.38676287716015
375abba2-9f2ed56c.jpg,car,775.319685,294.046427,1004.466226,448.308479
37723e55-31730cf5.jpg,car,712.5480160681907,245.494772,850.250184,343.1735905510214
37723e55-31730cf5.jpg,car,589.78622,262.459858,617.728714,284.414675
37723e55-31730cf5.jpg,car,559.847833,260.463965,573.81908,274.435212
37723e55-31730cf5.jpg,car,528.9115,258.468073,548.870425,275.433159
37723e55-31730cf5.jpg,car,313.355115,268.447535,340.299663,287.408513
37723e55-31730cf5.jpg,car,300.381814,268.447535,313.355115,282.418782
37723e55-31730cf5.jpg,car,359.260642,266.451643,379.219565,283.416727
37723e55-31730cf5.jpg,car,43.909634,279.424943,102.788461,307.367439
37723e55-31730cf5.jpg,car,433.108662,260.463965,442.090178,269.445481
380a3f8e-ba4f0def.jpg,car,655.45107,373.23189,674.412049,386.205189
380a3f8e-ba4f0def.jpg,car,631.50036,373.23189,647.4675,386.205189
380a3f8e-ba4f0def.jpg,car,709.340166,366.246265,741.274445,395.186706
380a3f8e-ba4f0def.jpg,car,709.340166,368.242159,778.198455,422.131255
385b0f61-1aee12ef.jpg,car,157.754053,368.223453,182.250024,378.021841
385b0f61-1aee12ef.jpg,car,147.955664,377.042002,174.411314,384.880712
385b0f61-1aee12ef.jpg,car,140.116954,378.021841,297.871006,425.054105
385b0f61-1aee12ef.jpg,car,288.072618,377.433932,306.689556,383.312965
385b0f61-1aee12ef.jpg,car,381.157307,375.474254,389.975858,381.353287
385b0f61-1aee12ef.jpg,car,408.592795,373.514576,421.3307,381.353287
385b0f61-1aee12ef.jpg,car,537.931521,371.554899,548.709748,386.252481
385b0f61-1aee12ef.jpg,car,589.862979,371.554899,598.681529,377.433932
385b0f61-1aee12ef.jpg,car,583.983946,371.554899,590.842818,381.353287
385b0f61-1aee12ef.jpg,car,574.185558,370.57506,585.943624,386.25248
385b0f61-1aee12ef.jpg,car,565.367008,372.534737,582.024269,389.191998
385b0f61-1aee12ef.jpg,car,599.661368,369.595221,610.439595,373.514576
385b0f61-1aee12ef.jpg,car,611.419434,370.57506,619.258144,374.494414
385b0f61-1aee12ef.jpg,car,621.217822,369.595221,637.875082,375.474254
385b0f61-1aee12ef.jpg,car,637.875082,369.595221,645.713793,374.494415
385b0f61-1aee12ef.jpg,car,656.49202,369.595221,669.229926,383.312965
385b0f61-1aee12ef.jpg,car,639.83476,372.534737,660.411376,388.212158
385b0f61-1aee12ef.jpg,car,599.661368,374.494415,613.379111,385.272643
385b0f61-1aee12ef.jpg,truck,729.979933,366.655704,771.133164,404.918399
385b0f61-1aee12ef.jpg,car,443.866993,370.62404,487.95974,402.958721
385b0f61-1aee12ef.jpg,car,488.939579,367.684523,547.729909,416.676465
385b0f61-1aee12ef.jpg,car,592.802496,375.523234,649.633148,419.615982
385b0f61-1aee12ef.jpg,car,680.008152,371.603879,746.637194,419.615982
385b0f61-1aee12ef.jpg,car,798.568651,369.644201,882.834791,427.454692
385b0f61-1aee12ef.jpg,car,0,401.244003,359.600853,621.707741
385b0f61-1aee12ef.jpg,car,1025.401342,392.425454,1279.179601,506.086759
3865fea7-b4fe472d.jpg,car,693.873137,452.658044,750.987038,503.696002
3865fea7-b4fe472d.jpg,car,585.721284,447.797288,679.290865,535.290924
3865fea7-b4fe472d.jpg,car,524.961814,463.594748,578.430145,504.911188
3865fea7-b4fe472d.jpg,car,503.088403,462.987152,531.037759,480.971961
3865fea7-b4fe472d.jpg,car,255.189769,474.14846220937943,334.177079,500.658029
3865fea7-b4fe472d.jpg,car,684.151623,464.202342,697.518703,478.784614
3865fea7-b4fe472d.jpg,truck,473.923858,453.265638,509.164348,481.214995
3865fea7-b4fe472d.jpg,car,1150.093701627737,276.820146,1243.8436196090158,320.13466762202586
3865fea7-b4fe472d.jpg,car,983.08821,352.161888,1046.278059,377.680865
3865fea7-b4fe472d.jpg,car,945.417339,364.313781,980.657829,391.047948
3865fea7-b4fe472d.jpg,car,908.961657,384.971999,942.98696,398.33908
38e561dd-8ea8ae2d.jpg,truck,816.725266,363.736194,835.064904,383.909796
38e561dd-8ea8ae2d.jpg,car,791.661098,373.517326,824.672447,391.856964
38e561dd-8ea8ae2d.jpg,car,772.098807,372.906,797.36934,393.079603
38e561dd-8ea8ae2d.jpg,car,745.749011,367.404108,773.206633,391.245639
38e561dd-8ea8ae2d.jpg,car,706.210034,366.174857,740.257487,390.337564
38e561dd-8ea8ae2d.jpg,car,637.016828,355.26211227580274,706.210036,409.04848948731507
38ed8d8d-93c48de2.jpg,car,378.5904138232242,345.467125,399.5580728232242,358.946334
38ed8d8d-93c48de2.jpg,car,465.781532,339.476364,479.260741,349.960193
38ed8d8d-93c48de2.jpg,car,485.2515,336.480987,498.730709,346.964814
38ed8d8d-93c48de2.jpg,car,548.154471,333.235983,560.135989,345.217504
38ed8d8d-93c48de2.jpg,car,534.8657208038061,339.226744,550.6768013535516,352.0910971591275
38ed8d8d-93c48de2.jpg,car,550.026583,336.231362,595.2138188086728,373.453255744921
38ed8d8d-93c48de2.jpg,car,388.276083,339.226744,478.137472,400.632025
38ed8d8d-93c48de2.jpg,truck,773.182366,193.950832,1273.410762,580.354803
38ed8d8d-b1c230ef.jpg,car,746.61929,308.33835,765.706902,325.957684
38ed8d8d-b1c230ef.jpg,car,649.272486,324.489406,674.23321,352.386687
38ed8d8d-b1c230ef.jpg,car,671.296655,292.921432,740.305713,370.1923421110089
38ed8d8d-b1c230ef.jpg,car,645.601792,312.743184,659.550431,325.223545
38ed8d8d-b1c230ef.jpg,car,618.144979,312.743184,628.422923,320.818712
38ed8d8d-b1c230ef.jpg,car,607.867032,313.477323,617.410838,321.552851
38ed8d8d-b1c230ef.jpg,car,596.854949,312.009045,606.398755,319.350435
38ed8d8d-b1c230ef.jpg,car,550.604196,314.211462,560.88214,323.021131
38ed8d8d-b1c230ef.jpg,car,559.413863,312.743184,574.83078,322.28699
38ed8d8d-b1c230ef.jpg,car,522.706917,325.223545,542.528667,331.830796
38ed8d8d-b1c230ef.jpg,car,394.232605,323.755267,418.1215300404817,332.5874359395565
38ed8d8d-b1c230ef.jpg,car,422.129884,333.529639,442.685773,342.10874
38ed8d8d-b1c230ef.jpg,car,212.312977,337.703908,264.84804218741317,352.88148659606037
38ed8d8d-b1c230ef.jpg,car,51.389725,331.096657,113.791534,353.120825
38ed8d8d-b1c230ef.jpg,car,0,346.513575,16.151057,367.803604
38ed8d8d-b1c230ef.jpg,car,440.972788,308.827781,516.589097,370.49545
38ed8d8d-b1c230ef.jpg,car,723.616285,311.764336,897.607211,430.694843
38ed8d8d-b1c230ef.jpg,car,1101.697834,310.296056,1160.428948,324.978835
38ed8d8d-fa50400c.jpg,car,595.47805,321.271664,613.894898,332.526403
38ed8d8d-fa50400c.jpg,car,612.871738,322.294821,627.195952,338.665352
38ed8d8d-fa50400c.jpg,car,643.566483,325.364296,661.983331,341.734825
38ed8d8d-fa50400c.jpg,car,563.760147,329.456927,602.640158,339.68851
38ed8d8d-fa50400c.jpg,car,664.029648,328.43377,689.608602,347.873775
38ed8d8d-fa50400c.jpg,car,523.856979,337.642193,696.770708,469.629596
38ed8d8d-fa50400c.jpg,truck,792.947574,1.023158,1278.947701,611.848581
3900ad8c-8834019f.jpg,car,231.433848,450.066439,275.452321,459.948137
3900ad8c-8834019f.jpg,car,357.200914,444.676422,388.64268,456.354793
3900ad8c-8834019f.jpg,car,421.881119,445.574758,446.136196,459.049803
3900ad8c-8834019f.jpg,car,601.291706,443.778085,612.071739,456.354793
3900ad8c-8834019f.jpg,car,611.173404,446.473094,622.851774,456.354793
3900ad8c-8834019f.jpg,car,622.851774,446.473094,637.225152,458.151465
3900ad8c-8834019f.jpg,car,639.021826,445.574758,658.785221,461.744809
3900ad8c-8834019f.jpg,truck,534.814828,377.301207,601.291706,485.101549
3900ad8c-8834019f.jpg,car,456.916232,438.388068,563.818239,523.730009
3900ad8c-8834019f.jpg,truck,663.376145,0,1279.530164,690.833767
39ddb110-04604b9c.jpg,car,497.667834,301.113724,509.784182,310.537551
39ddb110-04604b9c.jpg,car,478.82018,301.113724,494.975313,314.576334
39ddb110-04604b9c.jpg,car,443.817392,295.72868,477.473919,315.922595
39ddb110-04604b9c.jpg,car,445.163654,302.459985,466.70383,319.961378
39ddb110-04604b9c.jpg,car,398.044519,299.767463,437.086088,315.922595
39ddb110-04604b9c.jpg,car,384.581908,303.806245,434.393565,324.000162
39ddb110-04604b9c.jpg,car,321.307639,303.357499,392.659475,328.936458
39ddb110-04604b9c.jpg,car,303.806245,316.820109,326.692683,332.975241
39ddb110-04604b9c.jpg,car,247.263284,318.16637,299.767464,334.321502
39ddb110-04604b9c.jpg,car,85.263203,302.908732,246.814525,345.989085
39ddb110-04604b9c.jpg,car,0,301.562471,59.235484,345.989084
39ddb110-04604b9c.jpg,car,582.482299,297.972455,594.598648,315.473847
39ddb110-04604b9c.jpg,car,550.172036,299.318716,594.598649,335.667764
39ddb110-04604b9c.jpg,car,1246.188986,300.664967,1278.49925,327.590186
39ddb110-04604b9c.jpg,car,1022.004458,311.563268,1073.162378,322.333357
39fc6d1c-6155351d.jpg,car,331.180213,344.194077,351.374128,353.617904
39fc6d1c-6155351d.jpg,car,352.72039,346.886599,371.568044,352.271643
39fc6d1c-6155351d.jpg,car,491.834043,349.57912,503.950391,354.964162
39fc6d1c-6155351d.jpg,car,529.529352,348.23286,544.338223,354.964167
39fc6d1c-6155351d.jpg,car,670.88676,359.002948,683.003109,368.426775
39fc6d1c-6155351d.jpg,car,643.96154,360.349209,661.462932,375.15808
39fc6d1c-6155351d.jpg,car,623.767624,361.69547,634.537712,369.773034
39fc6d1c-6155351d.jpg,car,602.227447,360.349209,618.38258,367.080516
39fc6d1c-6155351d.jpg,car,607.612492,365.734253,619.72884,377.850601
39fc6d1c-6155351d.jpg,car,586.072315,363.041731,598.188661,372.46556
39fc6d1c-6155351d.jpg,car,596.842403,368.426775,614.343798,384.581908
39fc6d1c-6155351d.jpg,car,564.532139,363.041731,577.994749,375.15808
39fc6d1c-6155351d.jpg,car,571.263444,368.426775,595.496142,388.620691
39fc6d1c-6155351d.jpg,car,551.069528,371.119297,576.648489,395.351997
39fc6d1c-6155351d.jpg,car,536.260657,365.734253,551.069528,379.196861
39fc6d1c-6155351d.jpg,car,490.487782,368.426775,509.335438,383.235647
39fc6d1c-6155351d.jpg,car,498.565348,371.119297,516.066742,385.928172
39fc6d1c-6155351d.jpg,car,510.681697,372.465557,536.260657,384.581907
39fc6d1c-6155351d.jpg,car,537.606918,379.196863,571.263444,404.775824
39fc6d1c-6155351d.jpg,car,443.368646,368.426775,466.255084,373.811819
39fc6d1c-6155351d.jpg,car,446.061168,372.465557,474.33265,380.543123
39fc6d1c-6155351d.jpg,car,373.811819,379.196863,404.775823,410.160869
39fc6d1c-6155351d.jpg,car,282.266069,371.119297,307.845029,407.468345
39fc6d1c-6155351d.jpg,car,617.036319,367.080515,634.53771,380.543123
39fc6d1c-6155351d.jpg,car,482.858962,383.684393,555.557057,441.573618
39fc6d1c-6155351d.jpg,car,442.471132,375.606827,489.59027,407.917091
39fc6d1c-6155351d.jpg,car,290.343635,370.221783,398.04452,448.304922
39fc6d1c-6155351d.jpg,car,755.701205,388.171944,867.440871,447.407429
39fc6d1c-6155351d.jpg,car,0,357.656686,130.58732,485.10274
3a278d39-b92df256.jpg,car,982.252305,386.957088,1034.460801,428.416776
3a278d39-b92df256.jpg,car,392.603404,408.454705,404.887756,423.810145
3a278d39-b92df256.jpg,car,383.39014,408.454705,392.603404,426.881234
3a278d39-b92df256.jpg,truck,328.110556,374.672737,386.46123,440.701128
3a278d39-b92df256.jpg,car,248.262268,399.24144,349.608172,476.018641
3a278d39-b92df256.jpg,truck,0,367.2946882367973,142.309731,487.0671212367973
3a278d39-b92df256.jpg,car,401.816667,390.028177,481.664957,462.198745
3a3407a2-df8ea956.jpg,car,463.336797,398.704671,493.554414,432.279802
3a3407a2-df8ea956.jpg,car,461.658042,403.740941,480.124361,437.316071
3a3407a2-df8ea956.jpg,car,399.54405,402.062184,421.367884,420.528505
3a3407a2-df8ea956.jpg,car,387.792755,405.419698,401.222807,420.528505
3a3407a2-df8ea956.jpg,car,350.860111,405.419698,391.150267,423.886017
3a3407a2-df8ea956.jpg,car,559.025918,405.419698,580.849752,423.886017
3a3407a2-df8ea956.jpg,car,575.813483,408.777211,589.243536,425.564774
3a3407a2-df8ea956.jpg,car,584.207266,403.740941,621.139909,432.279802
3a3407a2-df8ea956.jpg,car,688.29017,407.098454,710.114004,423.886017
3a3407a2-df8ea956.jpg,car,705.077736,403.740941,728.580327,427.243532
3a3407a2-df8ea956.jpg,car,802.445612,400.383428,834.341986,423.886021
3a3407a2-df8ea956.jpg,car,829.305717,390.310889,894.777221,422.207263
3a3407a2-df8ea956.jpg,car,879.668412,400.383428,943.461158,428.922289
3a3407a2-df8ea956.jpg,car,926.673594,398.704671,1022.362715,433.958558
3a3407a2-df8ea956.jpg,car,1045.025928,402.062184,1159.181371,440.673584
3a3407a2-df8ea956.jpg,car,1150.787589,391.989645,1278.373083,457.461148
3a3407a2-df8ea956.jpg,car,617.782397,399.54405,631.212448,421.367884
3a3407a2-df8ea956.jpg,car,266.922285,374.362703,340.787572,406.259077
3a3407a2-df8ea956.jpg,car,82.259069,409.616589,124.227984,436.476693
3a3407a2-df8ea956.jpg,car,1.678756,381.077728,85.616581,490.196901
3a3407a2-df8ea956.jpg,car,406.259076,401.222805,473.409338,448.227989
3a3407a2-df8ea956.jpg,car,488.518144,387.792755,562.383428,453.264258
3a3407a2-df8ea956.jpg,car,616.10364,401.222805,693.326439,454.943016
3a3407a2-df8ea956.jpg,car,726.901569,401.222805,762.155457,428.082912
3a3407a2-df8ea956.jpg,car,120.870469,389.471512,379.398972,527.129546
3ad0c4a7-2a3d544e.jpg,car,528.094635,411.14847,540.340308,420.332724
3ad0c4a7-2a3d544e.jpg,car,511.256836,412.679179,525.033215,421.863434
3ad0c4a7-2a3d544e.jpg,car,549.524563,406.556342,564.831654,421.863434
3ad0c4a7-2a3d544e.jpg,car,466.86627,406.556342,486.765488,420.332724
3ad0c4a7-2a3d544e.jpg,car,454.620597,408.087052,472.989107,423.394142
3ad0c4a7-2a3d544e.jpg,car,338.286707,406.556342,379.615851,432.578396
3ad0c4a7-2a3d544e.jpg,car,399.515071,411.14847,463.804852,457.069742
3ad0c4a7-2a3d544e.jpg,car,575.546616,409.311624,587.792288,421.557297
3ad0c4a7-2a3d544e.jpg,car,590.853707,406.250205,607.691508,421.557297
3ad0c4a7-2a3d544e.jpg,car,161.744923,408.189086,229.096123,446.456813
3b1e1bc1-ee64e36e.jpg,car,170.09994,361.028444,260.549909,406.928428
3b1e1bc1-ee64e36e.jpg,car,0,367.77844,52.649982,398.828431
3b1e1bc1-ee64e36e.jpg,car,577.799798,382.435579,589.949795,397.285574
3b1e1bc1-ee64e36e.jpg,car,591.0035497817222,389.3173678129047,608.49687941952,403.82065634204514
3b1e1bc1-ee64e36e.jpg,car,550.799807,378.385581,580.499797,405.385572
3b1e1bc1-ee64e36e.jpg,car,637.392638,382.435579,657.642631,394.585575
3b1e1bc1-ee64e36e.jpg,car,749.635462,383.785578,777.985452,404.035571
3b1e1bc1-ee64e36e.jpg,car,776.635451,385.135578,807.68544,404.035571
3b1e1bc1-ee64e36e.jpg,car,804.985441,389.185577,837.38543,405.385571
3b1e1bc1-ee64e36e.jpg,car,841.435429,391.885576,873.835417,421.585564
3b1e1bc1-ee64e36e.jpg,car,873.835417,391.885576,898.135409,409.43557
3b1e1bc1-ee64e36e.jpg,car,885.985413,393.235575,929.185397,410.78557
3b1e1bc1-ee64e36e.jpg,car,922.4354,387.835576,992.635376,429.63567546893387
3b1e1bc1-ee64e36e.jpg,car,968.0632172583273,394.60100665387057,1062.835351,437.0113952194735
3b1e1bc1-ee64e36e.jpg,car,1053.385354,407.50851621731493,1166.2856855540801,451.285555
3b1e1bc1-ee64e36e.jpg,car,241.649915,342.48648648648646,429.40540540540536,470.9189189189189
3b1e1bc1-ee64e36e.jpg,car,585.4477551990836,389.9911818097833,595.5893698560757,402.8986913732277
3b44ef5a-c09e8479.jpg,car,519.216246,346.144164,547.187491,365.374395
3b44ef5a-c09e8479.jpg,car,538.446478,349.640569,566.417723,375.863613
3b44ef5a-c09e8479.jpg,car,597.885374,353.136975,620.612011,375.863612
3b44ef5a-c09e8479.jpg,car,558.6104036619882,353.136975,608.374591,390.0744394155649
3b44ef5a-c09e8479.jpg,car,604.878186,351.388771,652.079663,386.35283
3b44ef5a-c09e8479.jpg,car,761.517172,337.403151,955.567688,482.503987
3b44ef5a-c09e8479.jpg,car,749.279751,349.640569,805.222242,410.827669
3b563c5e-0102edaf.jpg,car,366.995016,310.563775,382.350457,324.383671
3b563c5e-0102edaf.jpg,car,313.250977,304.421599,365.459473,327.454759
3b563c5e-0102edaf.jpg,car,271.791289,313.634863,313.250977,325.919215
3b563c5e-0102edaf.jpg,car,222.653881,315.170407,270.255745,328.990302
3b563c5e-0102edaf.jpg,car,90.597096,301.350512,222.653882,330.525847
3b563c5e-0102edaf.jpg,car,575.829002,309.02823,608.075425,335.132479
3b563c5e-0102edaf.jpg,car,677.174906,312.099319,732.454491,350.487919
3b563c5e-0102edaf.jpg,car,483.696362,315.170407,508.265065,332.061391
3b563c5e-0102edaf.jpg,car,454.521025,312.099319,489.838538,336.668023
3b563c5e-0102edaf.jpg,car,594.25553,299.814967,680.245993,373.521078
3b563c5e-0102edaf.jpg,car,376.208281,307.492687,449.914393,353.559008
3b563c5e-0102edaf.jpg,car,525.15605,313.250977,552.795842,333.213049
3b9716a6-d2566395.jpg,car,324.231803,410.399713,339.419293,422.212205
3b9716a6-d2566395.jpg,car,339.419293,410.399713,361.356778,420.524706
3b9716a6-d2566395.jpg,car,270.23184,430.649699,295.544323,450.899684
3b9716a6-d2566395.jpg,car,467.669205,410.399713,482.856694,422.212205
3b9716a6-d2566395.jpg,car,494.669186,418.837207,509.856676,445.837188
3b9716a6-d2566395.jpg,car,469.356704,420.524706,486.231692,435.712195
3b9716a6-d2566395.jpg,car,663.41907,376.649736,877.731423,525.149634
3b9716a6-d2566395.jpg,car,422.106736,400.27472,435.606727,412.087212
3b9716a6-d2566395.jpg,car,403.544249,407.024715,417.044239,417.149708
3b9716a6-d2566395.jpg,car,509.856676,391.837226,563.856637,450.899685
3b9716a6-d2566395.jpg,car,0,430.649699,42.419498,506.587147
3c0bbdc2-79baffce.jpg,car,783.231488,388.462229,800.106477,413.774711
3c0bbdc2-79baffce.jpg,car,678.60656,385.08723,702.231544,401.962218
3c0bbdc2-79baffce.jpg,car,644.856584,381.712233,661.731572,395.212222
3c0bbdc2-79baffce.jpg,car,631.356593,385.08723,649.919079,400.27472
3c0bbdc2-79baffce.jpg,car,653.294076,374.962236,668.481567,393.524723
3c0bbdc2-79baffce.jpg,car,543.606652,381.712233,558.794142,391.837226
3c0bbdc2-79baffce.jpg,car,530.106662,385.08723,546.981651,395.212223
3c0bbdc2-79baffce.jpg,car,519.981669,383.399731,536.856657,395.212222
3c0bbdc2-79baffce.jpg,car,499.731683,383.399731,518.294169,398.587221
3c0bbdc2-79baffce.jpg,car,482.856694,383.399731,501.419181,395.212222
3c0bbdc2-79baffce.jpg,car,459.23171,383.399731,484.544192,398.587221
3c0bbdc2-79baffce.jpg,car,447.41922,381.712233,462.606709,396.899722
3c0bbdc2-79baffce.jpg,car,428.856731,383.399731,445.731719,401.962218
3c0bbdc2-79baffce.jpg,car,398.481752,385.08723,428.856732,400.27472
3c0bbdc2-79baffce.jpg,car,378.231767,383.399731,401.856751,403.649716
3c0bbdc2-79baffce.jpg,car,261.794346,385.08723,310.731813,412.087212
3c0bbdc2-79baffce.jpg,car,180.794403,388.462229,253.356853,422.212205
3c0bbdc2-79baffce.jpg,car,35.669502,393.524724,167.29441,430.6497
3c0bbdc2-79baffce.jpg,car,347.856787,386.774729,373.16927,403.649718
3c0bbdc2-79baffce.jpg,car,585.794123,386.774729,643.169084,434.024697
3c0bbdc2-79baffce.jpg,car,654.981576,388.462229,681.981556,408.712214
3c0bbdc2-79baffce.jpg,car,744.419015,376.649736,789.981483,420.524706
3c0bbdc2-79baffce.jpg,truck,723.8709495676954,369.52853370836885,754.544007,401.962218
3c0bbdc2-79baffce.jpg,car,1103.856266,403.649716,1260.793659,484.649661
3c0bbdc2-79baffce.jpg,car,945.231376,395.212223,1124.106254,494.774656
3c0bbdc2-79baffce.jpg,car,0,391.837226,37.357,435.712195
3c5752b6-9c0bdf98.jpg,car,245.062016565214,295.3846131128354,288.761313,304.912367
3c5752b6-9c0bdf98.jpg,car,439.993932,300.99696,479.148007,313.722034
3c5752b6-9c0bdf98.jpg,car,486.978824,301.975812,499.703896,317.637444
3c5752b6-9c0bdf98.jpg,car,530.048307,301.975812,539.836826,320.573999
3c5752b6-9c0bdf98.jpg,car,534.942566,305.891222,560.392717,322.531705
3c5752b6-9c0bdf98.jpg,car,586.821718,306.870072,608.356459,323.510554
3c5752b6-9c0bdf98.jpg,car,297.57098,276.525664,432.652542,356.791519
3c5752b6-9c0bdf98.jpg,car,490.894231,298.060405,536.900271,331.34137
3c5752b6-9c0bdf98.jpg,car,557.45616,299.039257,589.758273,329.383666
3c95ae26-68abac3f.jpg,car,615.142743,381.812737,626.372529,396.785787
3c95ae26-68abac3f.jpg,car,656.318626,383.060491,673.787183,395.538032
3c95ae26-68abac3f.jpg,car,627.620283,378.069475,653.823118,401.776802
3c95ae26-68abac3f.jpg,car,580.20563,375.573967,616.390496,406.767818
3e0f1745-a95a63ad.jpg,car,109.349963,448.2258129097824,165.11626917388628,476.0852427847055
3e0f1745-a95a63ad.jpg,car,10.252947,460.34984,90.449968,492.39778
3e0f1745-a95a63ad.jpg,car,375.299869,406.349857,397.5063562063774,420.48642845939065
3e0f1745-a95a63ad.jpg,car,461.3277154150218,390.9416771225328,477.6921402381682,400.439982451443
3e0f1745-a95a63ad.jpg,car,591.299792,369.224871,599.39979,381.374868
3e0f1745-a95a63ad.jpg,car,566.999802,370.574869,576.449796,381.374868
3e0f1745-a95a63ad.jpg,car,608.3841320404657,370.15618091906845,624.5841270404658,382.30617791906843
3e0f1745-a95a63ad.jpg,car,573.749798,370.574869,593.999791,386.774865
3f4eb6a6-9eee52f9.jpg,car,590.688581,381.326753,610.650652,410.502089
3f4eb6a6-9eee52f9.jpg,car,602.972933,378.255665,645.968165,425.857531
3f4eb6a6-9eee52f9.jpg,car,615.257285,396.682193,638.290445,428.928619
3f4eb6a6-9eee52f9.jpg,car,619.863917,389.004473,661.323607,439.677427
3f4eb6a6-9eee52f9.jpg,car,632.14827,390.540017,695.105575,448.890691
3f4eb6a6-9eee52f9.jpg,car,681.285679,372.11349,824.091271,482.672657
3f4eb6a6-9eee52f9.jpg,car,813.342462,385.933385,859.408782,424.321987
3f4eb6a6-9eee52f9.jpg,car,779.560494,359.829137,1254.04359,645.440322
3f4eb6a6-9eee52f9.jpg,car,500.091485,369.042401,598.366301,455.032866
3f85a987-1ef4053b.jpg,car,688.937314,313.017171,748.844906,348.961727
3f85a987-1ef4053b.jpg,car,919.581545,320.50562,949.535342,333.984829
3f85a987-1ef4053b.jpg,car,1086.424182,319.007929,1105.894149,332.487138
3f85a987-1ef4053b.jpg,car,1113.382598,320.50562,1126.861807,335.482519
3f85a987-1ef4053b.jpg,car,1126.861807,322.00331,1137.345635,333.984827
3f85a987-1ef4053b.jpg,car,1162.806362,323.500999,1180.778641,335.482517
3f85a987-1ef4053b.jpg,car,1180.778639,320.50562,1198.750918,333.984829
3f85a987-1ef4053b.jpg,car,0,289.054133,106.335978,356.450175
3f85a987-1ef4053b.jpg,car,1245.179302,353.454796,1279.626168,389.399351
3fe1feaa-10126fec.jpg,car,616.258628,450.425762,643.208713,476.477512
3fe1feaa-10126fec.jpg,car,675.548816,455.815779,698.905558,469.290822
3fe1feaa-10126fec.jpg,car,1234.912837,482.70599,1277.134638,494.384361
3fe1feaa-10126fec.jpg,truck,505.463849,419.822457,542.295633,465.637602
3fe1feaa-10126fec.jpg,car,689.922195,378.199538,839.046002,525.526672
3fe1feaa-10126fec.jpg,car,518.339983,429.4047,618.055301,513.848302
3fe1feaa-10126fec.jpg,bus,241.1252770472203,319.508257,485.101543,520.735565
3fe1feaa-10126fec.jpg,bus,484.427791,397.513765,512.276212,490.042392
3fe1feaa-10126fec.jpg,car,0,317.112676,170.683876,554.273429
3ffdaa26-b394f6f8.jpg,car,486.000233,370.558347,495.42406,381.328436
3ffdaa26-b394f6f8.jpg,car,438.881096,370.558347,455.036229,388.059741
3ffdaa26-b394f6f8.jpg,car,317.717604,374.597131,370.221784,408.253656
3ffdaa26-b394f6f8.jpg,car,0,371.904608,86.160706,475.566708
3ffdaa26-b394f6f8.jpg,car,475.230143,374.597131,488.692753,388.059741
3ffdaa26-b394f6f8.jpg,car,445.612402,370.558347,475.230144,393.444785
3ffdaa26-b394f6f8.jpg,car,417.340918,371.904608,438.881095,392.098524
3ffdaa26-b394f6f8.jpg,car,490.039016,358.442,553.313284,416.331224
3ffdaa26-b394f6f8.jpg,car,82.121923,323.439211,327.141431,490.375579
4027c10d-41d54e9b.jpg,car,629.52413,295.490919,651.548298,305.768864
4027c10d-41d54e9b.jpg,car,780.6720122698664,297.179452,808.727469,317.94918563611145
4027c10d-41d54e9b.jpg,car,670.709352,295.711176,682.455575,305.989119
4027c10d-41d54e9b.jpg,car,697.8297669975203,289.30691998343866,733.5224365031588,320.1524368401632
4027c10d-41d54e9b.jpg,car,797.568553,270.9599569859239,866.577612,342.402392
4027c10d-41d54e9b.jpg,car,994.51355,267.22657,1279.359455,583.395749
428e99ea-4166e549.jpg,car,494.977602,383.985094,521.909606,402.347824
428e99ea-4166e549.jpg,car,383.57704,385.209275,436.216866,415.813825
428e99ea-4166e549.jpg,car,783.47648,372.559401,817.753576,405.612315
428e99ea-4166e549.jpg,truck,682.277448,341.954851,730.020546,403.163951
428e99ea-4166e549.jpg,truck,539.864263,267.687804,681.869374,456.619887
428e99ea-4166e549.jpg,car,820.610015,335.833942,1055.652959,505.587167
428e99ea-4166e549.jpg,car,721.859344,364.806236,792.861901,422.342792
42e0dd11-74b81997.jpg,car,522.808944,431.722899,571.471352,464.164504
42e0dd11-74b81997.jpg,car,376.821721,413.006588,494.110601,491.615093
42e0dd11-74b81997.jpg,car,677.530445,440.457177,692.503494,454.182472
42e0dd11-74b81997.jpg,car,694.999002,441.704931,711.219804,455.430226
42e0dd11-74b81997.jpg,car,712.467558,441.704931,727.440607,452.934718
42e0dd11-74b81997.jpg,car,350.618886,426.731883,384.308245,441.704931
42e0dd11-74b81997.jpg,car,250.798563,417.997604,311.938511,441.704931
430395d1-931c959e.jpg,truck,700.544045,280.462302,754.544006,295.649792
430395d1-931c959e.jpg,truck,1016.106328,275.399806,1056.6063,290.587295
430395d1-931c959e.jpg,car,614.481604,381.712233,633.044091,393.524723
430395d1-931c959e.jpg,car,624.606597,396.899722,643.169084,417.149708
430395d1-931c959e.jpg,car,644.856583,374.962237,656.669075,390.149727
430395d1-931c959e.jpg,car,644.856583,381.712233,663.419071,395.212223
430395d1-931c959e.jpg,car,654.981576,381.712233,680.294058,410.399713
430395d1-931c959e.jpg,car,693.794049,374.962237,719.106532,388.462228
430395d1-931c959e.jpg,car,670.169065,388.462228,702.231543,400.27472
430395d1-931c959e.jpg,car,675.231562,395.212223,702.231543,415.462209
430395d1-931c959e.jpg,car,724.169028,383.399731,751.16901,408.712214
430395d1-931c959e.jpg,car,752.856509,380.024734,779.85649,403.649717
430395d1-931c959e.jpg,car,800.106476,380.024734,833.856452,396.899722
430395d1-931c959e.jpg,car,840.606448,381.712233,909.5059625212947,422.212205
430395d1-931c959e.jpg,car,369.794272,395.212223,406.919246,413.774711
430395d1-931c959e.jpg,car,562.16914,371.587239,579.044128,386.77473
430395d1-931c959e.jpg,car,501.419181,386.774729,643.169084,501.524649
430395d1-931c959e.jpg,car,688.731553,390.149727,751.16901,428.9622
430395d1-931c959e.jpg,car,744.419014,386.774729,850.731441,454.274683
430395d1-931c959e.jpg,car,1016.106328,376.649736,1235.7751277683135,489.712157
430395d1-931c959e.jpg,car,1021.168824,373.274738,1098.79377,420.524705
43126e0d-495d04a5.jpg,car,0,268.6201022146508,314.556724,575.2640545144804
43126e0d-495d04a5.jpg,car,555.0255536626917,306.238988,588.1431005110733,330.45824
43126e0d-495d04a5.jpg,car,323.461557,301.395137,342.836959,323.999773
43126e0d-495d04a5.jpg,car,354.139276,309.46822,370.285444,323.999772
43126e0d-cce96832.jpg,car,108.890813,260.220545,226.755413,297.394909
43126e0d-cce96832.jpg,car,228.731671,272.466206,285.367908,300.018969
43126e0d-cce96832.jpg,car,277.71436,269.842145,308.328542,288.210655
43126e0d-cce96832.jpg,car,286.898615,279.0264,335.881306,297.394909
43126e0d-cce96832.jpg,car,364.964779,282.087818,406.293924,298.925618
43126e0d-cce96832.jpg,car,400.171087,280.557109,424.662433,298.925618
43126e0d-cce96832.jpg,car,426.19314,283.399854,469.052996,298.706945
43126e0d-cce96832.jpg,car,484.360088,279.354408,494.419035,292.584108
43126e0d-cce96832.jpg,car,503.60329,290.069372,526.563926,300.784335
43126e0d-cce96832.jpg,car,517.379671,277.823699,531.156052,287.007954
43126e0d-cce96832.jpg,car,512.787544,270.170153,525.033217,277.823699
43126e0d-cce96832.jpg,car,526.563926,250.270935,540.340307,265.578023
43126e0d-cce96832.jpg,car,541.871015,259.45519,552.585979,271.700862
43126e0d-cce96832.jpg,car,557.178107,260.985899,569.42378,268.639445
43126e0d-cce96832.jpg,car,555.647398,250.270935,567.893071,259.45519
43126e0d-cce96832.jpg,car,572.485197,259.45519,581.669452,271.700862
43126e0d-cce96832.jpg,car,600.037961,253.332355,610.752925,265.578027
43126e0d-cce96832.jpg,car,598.507252,264.047316,609.222216,276.292989
43126e0d-cce96832.jpg,car,598.507252,273.231573,612.283634,287.007954
43126e0d-cce96832.jpg,car,603.099381,287.007954,616.875762,305.376463
43126e0d-cce96832.jpg,car,607.691507,291.60008,621.467888,311.499299
43126e0d-cce96832.jpg,car,610.752925,291.60008,678.104125,348.236315
43126e0d-cce96832.jpg,car,619.937179,257.924481,635.244271,268.639445
43126e0d-cce96832.jpg,car,626.060016,264.047316,633.713562,277.823697
43126e0d-cce96832.jpg,car,626.060016,273.231573,641.367108,285.477245
43126e0d-cce96832.jpg,car,633.713561,260.985899,644.428524,273.231571
43126e0d-cce96832.jpg,car,649.020652,274.762282,659.735616,290.069373
43126e0d-cce96832.jpg,truck,664.327742,267.108736,682.696252,285.477245
43126e0d-cce96832.jpg,car,667.389162,274.762282,679.634834,283.946536
43126e0d-cce96832.jpg,car,676.573416,285.477243,691.880508,299.253624
43126e0d-cce96832.jpg,car,681.165543,290.069372,696.472635,306.907172
43126e0d-cce96832.jpg,car,704.126179,299.253626,724.025399,316.091427
43126e0d-cce96832.jpg,car,727.086816,290.069372,820.46007,360.48199
43126e0d-cce96832.jpg,car,840.359288,309.96859,880.157725,337.521352
43126e0d-cce96832.jpg,car,898.526232,299.28449744463376,984.245942,348.236317
43126e0d-cce96832.jpg,truck,1054.14832,274.652943,1273.039718,389.820578
432f9e20-83a0d96c.jpg,bus,60.13299,300.21621,151.678738,337.911517
432f9e20-83a0d96c.jpg,car,601.329923,348.232853,625.562621,368.426768
432f9e20-83a0d96c.jpg,car,626.196485,334.141982,698.894581,375.876074
432f9e20-83a0d96c.jpg,car,622.157701,330.1032,643.697878,357.028421
432f9e20-83a0d96c.jpg,car,617.5809199318569,350.297117,744.667454,449.920432
43c7ed5c-b0690325.jpg,truck,677.891829,259.528253,737.7853492333901,311.519481
43c7ed5c-b0690325.jpg,car,650.596455,264.791558,670.066423,282.763834
43c7ed5c-b0690325.jpg,car,617.647279,264.791558,632.624177,279.768456
43c7ed5c-b0690325.jpg,car,443.915262,267.786939,479.859818,283.3390119250426
43c7ed5c-b0690325.jpg,car,562.232756,264.791559,580.205032,278.270767
43c7ed5c-b0690325.jpg,truck,337.579282,248.31697,419.952222,288.754595
43c7ed5c-b0690325.jpg,car,301.035653,278.944728,324.99869,289.428553
43c7ed5c-b0690325.jpg,car,637.641438,262.47014,651.120645,277.447039
43c7ed5c-b0690325.jpg,car,670.590615,268.460899,690.060582,278.944729
43c7ed5c-b0690325.jpg,car,1194.033204,268.460899,1215.000858,277.447039
43c7ed5c-b0690325.jpg,truck,1165.577097,269.958589,1188.042446,277.447038
43c7ed5c-b0690325.jpg,car,1262.926935,289.428555,1279.401525,322.377731
43c7ed5c-b0690325.jpg,truck,211.77334,271.081856,247.717895,284.561065
43c7ed5c-b0690325.jpg,truck,0.599076,275.574926,21.566733,286.058754
44cc16d9-d2e06fd6.jpg,car,217.052485,431.47692,302.720264,465.524373
44cc16d9-d2e06fd6.jpg,car,176.415203,436.968445,222.544009,456.737933
44cc16d9-d2e06fd6.jpg,car,46.815229,444.65658,84.157593,466.622677
44cc16d9-d2e06fd6.jpg,car,608.049019,410.609128,639.89986,445.754884
44cc16d9-d2e06fd6.jpg,car,888.08933,413.841281,938.611354,433.610768
44cc16d9-d2e06fd6.jpg,car,556.401254,403.956536,617.906328,453.380253
44cc16d9-d2e06fd6.jpg,car,673.919875,416.037892,703.574105,440.200598
44cc16d9-d2e06fd6.jpg,car,726.638509,414.939586,756.29274,440.200598
44cc16d9-d2e06fd6.jpg,car,763.980875,391.875184,857.336791,468.756528
44cc16d9-d2e06fd6.jpg,car,709.06563,411.644672,731.031727,433.610767
44cc16d9-d2e06fd6.jpg,car,755.633755,407.471109,771.010023,425.043987
45bafa98-1ee18a2f.jpg,car,587.911756,289.858932,678.044568,354.385832
45bafa98-1ee18a2f.jpg,car,441.445935,294.980114,466.027611,320.586027
45bafa98-1ee18a2f.jpg,car,481.391159,302.14977,496.754707,314.440608
45bafa98-1ee18a2f.jpg,car,113.690252,303.174007,195.629173,344.143467
45bafa98-1ee18a2f.jpg,car,285.761986,308.295189,320.586027,322.634499
45bafa98-1ee18a2f.jpg,car,465.003375,296.004351,476.269976,309.319426
45bafa98-1ee18a2f.jpg,car,331.852629,306.246716,349.264649,318.537555
45bafa98-1ee18a2f.jpg,car,366.67667,300.101297,387.161401,313.416371
46d048a1-8f7f385c.jpg,truck,1.247754,128.518666,18.716311,296.965462
46d048a1-8f7f385c.jpg,car,551.507287,253.294071,722.449591,388.051507
46d048a1-8f7f385c.jpg,car,401.776802,247.0553,441.704931,265.771611
46d048a1-8f7f385c.jpg,car,502.844879,249.550809,529.047714,262.028349
46d048a1-8f7f385c.jpg,car,546.516271,249.550809,585.196646,277.001396
46d048a1-8f7f385c.jpg,car,585.196646,248.303055,628.868038,259.532841
46d048a1-8f7f385c.jpg,car,681.273707,247.0553,697.49451,262.028349
46f76df9-8bf77914.jpg,car,362.802682,368.593148,440.275131,389.358959
46f76df9-8bf77914.jpg,car,151.94983,366.995778,249.389405,397.34581
46f76df9-8bf77914.jpg,car,203.864358,370.989203,298.109193,394.151071
46f76df9-8bf77914.jpg,truck,687.867495,367.794463,730.996487,414.916881
46f76df9-8bf77914.jpg,car,721.412267,402.936605,738.184653,416.514251
46f76df9-8bf77914.jpg,car,737.385968,398.144495,765.339944,416.514251
46f76df9-8bf77914.jpg,truck,544.104187,349.424707,691.860919,474.818259
46f76df9-8bf77914.jpg,truck,811.663677,329.457581,909.103252,425.299786
46f76df9-8bf77914.jpg,truck,897.522319,276.744368,1114.764651,454.052448
46f76df9-8bf77914.jpg,car,1078.823824,385.365534,1165.081809,446.864283
480263a0-5aad7ae9.jpg,car,301.594525,306.42706,394.95044,371.227048
480263a0-5aad7ae9.jpg,car,521.8808942011823,310.0768790670608,551.8315344622033,337.8805583236056
480263a0-5aad7ae9.jpg,car,499.948393,313.016889,538.389064,345.966036
480263a0-5aad7ae9.jpg,car,448.328064,306.42706,478.421611,320.705023
480263a0-5aad7ae9.jpg,car,633.282599,320.705024,644.265648,330.589768
480263a0-5aad7ae9.jpg,car,659.641916,320.705024,679.411403,333.884682
480263a0-5aad7ae9.jpg,car,811.866977,316.311804,862.389001,347.06434
480263a0-5aad7ae9.jpg,car,889.407275,310.82028,987.156409,374.521963
480263a0-5aad7ae9.jpg,car,981.664885,308.623671,1049.759786,365.735523
480263a0-5aad7ae9.jpg,truck,1024.279169,304.230452,1154.977448,377.816876
480263a0-5aad7ae9.jpg,car,1124.005238,307.525365,1257.998432,382.210098
480263a0-5aad7ae9.jpg,car,276.41955016686586,311.72281311651153,308.623671,337.179596
480263a0-5aad7ae9.jpg,car,165.404721,300.09714858002525,233.48209610776584,341.572817
480263a0-5aad7ae9.jpg,car,407.031795,313.016889,438.882636,330.589767
480263a0-5aad7ae9.jpg,car,445.472466,311.918584,513.567367,362.440608
480263a0-5aad7ae9.jpg,car,551.349048,316.311804,622.738867,377.816877
480263a0-5aad7ae9.jpg,car,723.782913,319.606719,752.33884,336.9117529455651
480263a0-5aad7ae9.jpg,car,698.521901,315.213498,713.898171,327.294853
480263a0-5aad7ae9.jpg,car,684.243937,316.311804,710.603254,337.179596
480263a0-5aad7ae9.jpg,car,757.391083,318.98885345181543,787.987528091554,339.376206
480263a0-5aad7ae9.jpg,car,1.976934,305.328757,150.248094,380.013487
480263a0-5aad7ae9.jpg,car,1153.659434,304.230452,1276.66958,410.766025
480263a0-5aad7ae9.jpg,truck,558.1287694194667,269.09537648272857,619.504663,315.026385
480263a0-5aad7ae9.jpg,car,841.298364,318.710361,876.563686,347.363435
488480d6-b94cf415.jpg,car,685.859154,388.414693,701.057047,412.73132
488480d6-b94cf415.jpg,car,618.988431,389.934482,634.186323,418.810476
488480d6-b94cf415.jpg,car,625.067587,391.454271,684.339364,435.528156
488480d6-b94cf415.jpg,car,682.819575,377.776168,798.323552,464.404151
488480d6-b94cf415.jpg,truck,821.12039,368.657433,947.262892,453.765627
488480d6-b94cf415.jpg,car,454.851199,341.6979156761216,625.067587,519.116562
488480d6-b94cf415.jpg,car,404.698156,385.375114,459.410566,435.528156
488480d6-b94cf415.jpg,car,283.115024,356.49912,413.816891,461.364575
488480d6-b94cf415.jpg,car,6.079157,336.524748,306.997413,514.340082
488480d6-b94cf415.jpg,car,0,360.841377,33.43536,439.870415
488480d6-b94cf415.jpg,truck,1067.195962,311.252823,1276.926866,507.734801
48ed707e-5062e4c3.jpg,car,184.667598,253.294071,422.98862,439.209424
48ed707e-5062e4c3.jpg,car,633.859054,293.920487,800.288748,404.785232
48ed707e-5062e4c3.jpg,car,451.686963,316.929527,511.579159,359.353165
48ed707e-5062e4c3.jpg,car,547.8908006843208,280.1985088944731,621.381513,365.591937
48ed707e-5062e4c3.jpg,car,408.015573,319.425035,440.457178,350.618886
48ed707e-5062e4c3.jpg,car,441.704931,319.425035,465.412258,346.875624
48ed707e-5062e4c3.jpg,car,530.295467,320.672789,545.268517,343.132362
48ed707e-5062e4c3.jpg,car,616.390497,315.681773,631.363546,341.884608
48ed707e-5062e4c3.jpg,car,636.354562,309.443003,652.575365,338.141346
4a289ff2-7da7feb6.jpg,car,127.450153,423.810144,182.729738,445.307759
4a289ff2-7da7feb6.jpg,car,0,425.34569,32.246424,476.018643
4a289ff2-7da7feb6.jpg,car,658.748377,434.558952,686.388169,457.59211
4a289ff2-7da7feb6.jpg,truck,511.336154,417.667969,540.51149,433.023409
4a289ff2-7da7feb6.jpg,car,449.914392,423.121954,482.160815,443.772215
4a289ff2-7da7feb6.jpg,car,391.563721,393.6476404081207,458.56077587042495,446.843304
4a289ff2-7da7feb6.jpg,car,397.705896,428.416777,434.558952,445.30776
4a289ff2-7da7feb6.jpg,car,164.303208,350.104033,405.383617,465.269834
4a289ff2-7da7feb6.jpg,car,571.222369,420.739057,585.042266,429.952323
4a289ff2-7da7feb6.jpg,car,555.866929,419.203512,571.222369,429.952319
4a289ff2-7da7feb6.jpg,car,549.724754,428.416777,580.435634,452.985484
4a289ff2-7da7feb6.jpg,car,471.41201,428.416777,542.047035,474.483097
4a289ff2-7da7feb6.jpg,car,849.770044,399.24144,1204.480708,606.539882
4a289ff2-7da7feb6.jpg,car,1251.243831,479.135502,1279.722366,520.54942
4a289ff2-7da7feb6.jpg,car,751.5632572600031,434.73945182251276,772.1091629671992,449.0322557927361
4a289ff2-7da7feb6.jpg,car,589.8759123468517,429.379650333679,622.9280215279931,457.9652582741257
4a31f3e3-ac7ed780.jpg,car,18.301606,401.795847,53.561584,412.373841
4a31f3e3-ac7ed780.jpg,car,558.954598,428.828497,575.409255,437.055824
4a31f3e3-ac7ed780.jpg,car,598.915905,413.549171,628.29922,439.406489
4b2e1dde-65b54419.jpg,car,656.992518,345.423596,674.18435,356.003187
4b2e1dde-65b54419.jpg,car,675.506799,348.068494,688.731286,358.648082
4b2e1dde-65b54419.jpg,car,598.804775,349.390942,614.674159,365.260327
4b2e1dde-65b54419.jpg,car,682.119043,352.03584,695.34353,363.937878
4b2e1dde-65b54419.jpg,car,715.18026,345.423596,748.241479,363.937878
4b2e1dde-65b54419.jpg,car,690.053734,359.970531,736.33944,394.354197
4b2e1dde-65b54419.jpg,car,577.645595,349.390942,589.547633,358.648084
4b2e1dde-65b54419.jpg,car,576.323146,348.068494,604.09457,374.517466
4b2e1dde-65b54419.jpg,car,491.950916,341.456249,510.465198,350.713391
4b2e1dde-65b54419.jpg,car,461.13695612387164,340.0959743059501,476.081532,352.10664493183305
4b2e1dde-65b54419.jpg,car,469.469288,341.85299,493.273365,357.722374
4b2e1dde-65b54419.jpg,car,429.795826,344.497885,457.56725,357.722372
4b2e1dde-65b54419.jpg,car,416.57134,333.918297,446.987659,351.110131
4b2e1dde-65b54419.jpg,car,322.677483,331.273399,358.383595,356.399925
4b2e1dde-65b54419.jpg,car,342.514213,332.595848,384.832572,357.722374
4b2e1dde-65b54419.jpg,car,253.910151,340.530541,272.424433,353.755027
4b2e1dde-65b54419.jpg,car,264.919038089976,339.654667455012,319.7513483836819,359.7077158744194
4b2e1dde-65b54419.jpg,car,156.048947,328.628501,195.722408,353.755027
4b2e1dde-65b54419.jpg,car,174.563229,323.338708,257.877497,356.399925
4b2e1dde-65b54419.jpg,car,116.375486,328.628501,170.595882,353.755027
4b2e1dde-65b54419.jpg,car,661.885575,357.722374,688.334549,378.881553
4b2e1dde-65b54419.jpg,car,482.032551,348.465232,524.350909,380.204
4b2e1dde-65b54419.jpg,car,351.11013,336.563194,443.681536,400.040731
4b2e1dde-65b54419.jpg,car,514.432544,335.901971,580.55498,391.444816
4b2e1dde-65b54419.jpg,car,607.003953,349.126457,654.612105,392.767265
4b2e1dde-65b54419.jpg,car,726.024336,357.061148,813.30595,417.893789
4b2e1dde-65b54419.jpg,car,0,314.74279,196.163216,478.726429
4d4a590b-4332c5ab.jpg,truck,0,286.515511,28.20619,344.412428
4d4a590b-4332c5ab.jpg,truck,603.018652,348.26447404762024,652.5669176251108,408.24749
4d4a590b-4332c5ab.jpg,truck,326.597991,353.319646,378.853666,381.525835
4d4a590b-4332c5ab.jpg,car,0,342.927891,72.742281,372.618618
4d4a590b-4332c5ab.jpg,car,293.938193,371.134082,322.144383,380.0413
4d4a590b-4332c5ab.jpg,car,501.773279,380.0413,519.587716,388.948518
4d4a590b-4332c5ab.jpg,car,452.783581,376.8305072086329,478.020698,385.979446
4d4a590b-4332c5ab.jpg,car,590.8438816879228,388.05287737903075,604.503211,400.824807
4d4a590b-4332c5ab.jpg,car,63.835062,355.3595919249598,316.7769034462294,466.144407
4d4a590b-4332c5ab.jpg,truck,647.257839,326.597991,743.7527,433.484607
4d4a590b-4332c5ab.jpg,car,1.484535,377.072227,16.3299,433.484607
5069db50-52f5af30.jpg,car,705.944379,363.173697,727.979636,385.208954
5069db50-52f5af30.jpg,car,726.347395,365.622059,739.405326,381.944473
5069db50-52f5af30.jpg,car,695.33481,364.80594,718.186188,408.060334
5069db50-52f5af30.jpg,car,739.405326,363.989817,777.762998,390.105679
5069db50-52f5af30.jpg,car,509.259297,301.420574,710.024981,511.163586
5069db50-52f5af30.jpg,car,764.977139,362.629624,854.750413,421.390312
50866f46-30d1f303.jpg,car,119.419933,354.344389,153.67975,393.498468
50866f46-30d1f303.jpg,car,364.132909,358.259798,385.667648,382.731095
50866f46-30d1f303.jpg,car,535.431993,361.441066,543.262808,368.293029
50866f46-30d1f303.jpg,car,521.075492,360.462214,530.537733,368.293029
50866f46-30d1f303.jpg,car,504.108731,362.419917,513.89725,372.208436
50866f46-30d1f303.jpg,car,634.296034,341.864027,680.302074,357.525657
50866f46-30d1f303.jpg,car,618.634404,354.589103,648.978812,373.187292
50866f46-30d1f303.jpg,car,633.317183,355.567954,733.16008,428.002995
50866f46-30d1f303.jpg,car,564.014479,362.370987,573.802998,368.244098
50866f46-30d1f303.jpg,car,551.289404,361.392136,562.056776,368.244098
50866f46-30d1f303.jpg,car,515.071884,361.392136,524.860403,368.244098
50866f46-30d1f303.jpg,car,483.748623,358.455579,508.21992,377.053766
50866f46-30d1f303.jpg,car,442.832596,356.497876,469.261597,376.074913
50866f46-30d1f303.jpg,car,372.355258,358.455579,427.170963,391.736544
50866f46-30d1f303.jpg,car,283.279735,351.603615,335.158886,383.905728
50866f46-30d1f303.jpg,car,135.081562,353.561321,231.987898,402.503916
50866f46-30d1f303.jpg,car,521.075492,368.048316,740.33832,547.0528109028961
50866f46-30d1f303.jpg,car,0,362.083438,52.422943,596.1158432708688
50b115d6-4b08a666.jpg,bus,0,200.07787424813898,365.877719,507.547400248139
50b115d6-4b08a666.jpg,car,1066.775989,411.477803,1278.367921,682.579965
50b115d6-4b08a666.jpg,bus,775.837083,317.804294,877.224884,375.110441
50b115d6-4b08a666.jpg,car,384.612417,363.30629,511.347164,447.06143
50b115d6-4b08a666.jpg,car,548.816572,354.34242949000657,580.9429098654622,385.347118
50b115d6-4b08a666.jpg,car,554.326779,361.102209,600.612518,397.469572
50b115d6-4b08a666.jpg,car,602.816596,360.000169,635.877838,387.551198
50b115d6-4b08a666.jpg,car,730.286065,345.409427008617,754.2431580044199,362.20425
50b115d6-4b08a666.jpg,car,741.306477,363.30629,767.755467,390.857323
50b115d6-4b08a666.jpg,car,763.347303,353.387918,848.9329843071495,423.12654859670636
50b115d6-4b08a666.jpg,car,887.510647,360.000169,966.857624,405.18386
50b115d6-4b08a666.jpg,car,956.93925,372.20843445278575,1025.8064334386631,427.224686
50b115d6-4b08a666.jpg,car,991.102531,354.489962,1207.102629,470.204298
50b115d6-4b08a666.jpg,car,1171.837305,361.102209,1279.2059553349875,438.31265281506865
50b115d6-4b08a666.jpg,car,504.734921,358.714446,540.744398699209,387.39453867114804
50b115d6-4b08a666.jpg,car,617.694155,347.694034,764.26565,478.836951
50b115d6-4b08a666.jpg,car,810.551383,369.73486,975.85758,470.020619
50b115d6-4b08a666.jpg,car,1007.940428475884,362.3821317232572,1032.9528354237748,376.6749356934805
50b115d6-4b08a666.jpg,car,986.5012225205489,362.3821317232572,1008.833728724023,373.99503494906367
50b115d6-4b08a666.jpg,car,963.2754160689361,358.8089307307014,990.0744235131049,373.99503494906367
50b2e757-6c7d0f63.jpg,car,863.599421,330.866213,924.108029,372.063562
50b2e757-6c7d0f63.jpg,car,763.180882,321.854294,830.126575,364.33906
50b2e757-6c7d0f63.jpg,car,1229.790732,356.12902998628454,1280,475.6611852406948
50d0fd05-8db58ebd.jpg,car,687.2456393939981,325.349886,732.613799,365.0620324676741
50d0fd05-8db58ebd.jpg,car,752.863792,318.599887,841.963761,379.349866
50d0fd05-8db58ebd.jpg,car,900.013741,307.799891,1098.463671,419.849853
50d0fd05-8db58ebd.jpg,car,358.66393,325.349886,389.713918,342.899881
50d0fd05-8db58ebd.jpg,car,187.21399,323.999887,253.363966,356.399875
50d0fd05-8db58ebd.jpg,car,414.013912,283.499901,697.9652423716656,504.4168711773515
50d0fd05-8db58ebd.jpg,car,673.8461356719138,327.5434220458379,690.8188403865539,345.409427008617
510671e9-603795e0.jpg,car,401.776802,485.625871,422.988618,508.085443
510671e9-603795e0.jpg,car,250.798563,496.855656,304.9131331905242,509.7766726661852
510671e9-603795e0.jpg,car,534.4912969622363,474.0446627406269,550.259532,498.103409
510671e9-603795e0.jpg,car,545.2108999399038,475.8312632369049,555.0372026694324,498.1637694403788
510671e9-603795e0.jpg,car,546.516271,466.909558,597.674185,511.828705
510671e9-603795e0.jpg,car,413.006587,478.139347,465.412258,516.819724
510671e9-603795e0.jpg,car,482.6798825701768,480.634856,505.90568902178967,502.63027068107357
514a6d58-0790e0cd.jpg,car,474.519816,425.537126,503.603288,443.905634
514a6d58-0790e0cd.jpg,car,237.259907,410.230036,255.78161954288151,422.2332483485674
514a6d58-0790e0cd.jpg,car,205.115016,410.230036,226.544946,425.537128
514a6d58-0790e0cd.jpg,truck,96.434671,399.515071,159.193745,445.436344
5150bb50-300d52ce.jpg,car,687.04372,409.079466,701.029343,421.316885
5150bb50-300d52ce.jpg,car,585.647954,407.331263,601.4888155726582,419.55334760415053
5150bb50-300d52ce.jpg,car,548.935694,412.575872,563.0769049026829,426.6997495892622
5150bb50-300d52ce.jpg,car,456.280943,410.82767,494.741406,437.74999
5150bb50-300d52ce.jpg,car,433.554306,409.079466,456.280943,424.813291
5150bb50-300d52ce.jpg,car,365.374395,409.079466,414.789063711616,425.8064493411232
5150bb50-300d52ce.jpg,bus,284.3672274833282,390.96773966370387,340.6451431160825,421.316887
5150bb50-300d52ce.jpg,car,297.194485,403.834859,370.619005,445.791728
5150bb50-300d52ce.jpg,car,498.237812,419.568683,554.180302,459.777349
5150bb50-300d52ce.jpg,car,559.424911,410.82767,592.640765,440.547119
5150bb50-300d52ce.jpg,car,867.108613,419.568683,902.072669,444.043524
5150bb50-300d52ce.jpg,car,1071.648347,434.603238,1134.7890637116159,465.11166025923734
5150bb50-300d52ce.jpg,car,79.368409,394.044921,215.728232,458.728427
5150bb50-300d52ce.jpg,car,726.596783,399.339469,755.1364582525589,427.5930498374011
5150bb50-300d52ce.jpg,car,714.359362,409.828688,730.093187,422.066107
5150bb50-300d52ce.jpg,car,932.9032076322115,441.88585380762447,997.2208254982165,479.4044642294607
5150bb50-300d52ce.jpg,car,1036.028687,427.310716,1076.7245475825837,452.60545678529195
5150bb50-300d52ce.jpg,car,1126.935234,439.548135,1279.028881,502.483437
5150bb50-300d52ce.jpg,car,0,409.727044874622,47.64266172650434,424.0198488448453
5150bb50-300d52ce.jpg,car,238.848186,409.828688,279.90072624263337,422.2332483485674
5150bb50-300d52ce.jpg,car,622.9280215279931,413.3002458671778,643.4739272351892,430.272950581818
5150bb50-300d52ce.jpg,car,644.3672274833282,409.727044874622,658.6600314535515,422.2332483485674
5150bb50-300d52ce.jpg,car,668.48633418308,405.26054363392717,680.0992374088864,418.66004735601155
5150bb50-300d52ce.jpg,car,770.3225624709212,420.44664785228946,793.5483689225341,436.5260523187907
5150bb50-300d52ce.jpg,car,830.1736790962314,419.55334760415053,844.4664830664547,432.95285132623485
5150bb50-300d52ce.jpg,car,844.4664830664547,419.55334760415053,858.7592870366781,432.95285132623485
52799e9e-8c8673f3.jpg,car,517.828987,384.393149,527.622442,392.962423
52799e9e-8c8673f3.jpg,car,566.796268,384.393149,585.158998,402.755878
52799e9e-8c8673f3.jpg,car,419.894428,386.841513,430.912065,392.962423
52799e9e-8c8673f3.jpg,car,386.841513,385.617329,407.652607,392.962421
52799e9e-8c8673f3.jpg,car,303.597135,383.168967,340.322596,395.410787
52799e9e-8c8673f3.jpg,car,285.234406,386.841513,304.821318,395.410787
52799e9e-8c8673f3.jpg,car,445.1259423146018,374.905737,489.672801,410.7267195700421
52799e9e-8c8673f3.jpg,car,577.813905,383.475012,612.091001,410.407016
52799e9e-8c8673f3.jpg,car,523.949898,384.699194,547.209356,404.286106
52799e9e-8c8673f3.jpg,car,494.569529,383.475012,512.932258,399.389378
52799e9e-8c8673f3.jpg,car,0,322.265913,144.453476,555.77863
52bda346-fd8ac6e7.jpg,car,411.758834,326.911559,526.552207,419.245359
52bda346-fd8ac6e7.jpg,car,581.453383,345.378317,637.738031,392.2425139645283
52bda346-fd8ac6e7.jpg,car,629.367139,349.121581,645.587943,370.3334
52bda346-fd8ac6e7.jpg,car,564.3681870273147,354.562861540972,584.3322530273147,377.022433540972
52bda346-fd8ac6e7.jpg,car,522.5105575409721,352.6333610546293,573.6684725409721,390.0659840546293
52bda346-fd8ac6e7.jpg,car,885.655842,345.378319,939.309267,361.599123
52bda346-fd8ac6e7.jpg,car,987.971674,334.148531,1035.386328,361.599121
52bda346-fd8ac6e7.jpg,car,1020.413278,335.396287,1085.296488,366.590138
52bda346-fd8ac6e7.jpg,car,1075.314457,327.909763,1099.021784,346.626073
52bda346-fd8ac6e7.jpg,car,1163.904993,286.733879,1278.698366,409.013775
52bda346-fd8ac6e7.jpg,car,869.43504,340.387304,909.363169,355.360354
534418ba-ee05398f.jpg,car,536.6278881980386,356.63338,571.662331,383.5629680486911
534418ba-ee05398f.jpg,car,655.792260656613,353.7881450340409,676.4287882827433,369.919734
534418ba-ee05398f.jpg,car,689.141558,354.185908,703.127182,366.423327
534418ba-ee05398f.jpg,car,729.350223,348.941299,743.335845,359.430516
534418ba-ee05398f.jpg,bus,797.53016,338.45207,823.753203,362.926909
534418ba-ee05398f.jpg,car,808.019377,345.444881,835.990623,368.171516
534418ba-ee05398f.jpg,bus,830.746014,334.76088345237815,851.724449,350.68949
534418ba-ee05398f.jpg,car,835.990623,345.444881,853.472652,362.926909
534418ba-ee05398f.jpg,car,853.472652,341.948473,883.1921,368.171516
534418ba-ee05398f.jpg,car,880.9718502856174,347.1574414626424,893.681317,362.926909
534418ba-ee05398f.jpg,car,897.177724,348.941287,907.666941,362.926909
534418ba-ee05398f.jpg,car,895.429519,348.941287,946.127401,382.157142
534418ba-ee05398f.jpg,car,935.170734205079,346.91719092921306,963.609431,369.919722
534418ba-ee05398f.jpg,car,963.2791888143536,346.4847531659934,984.587862,366.423316
534418ba-ee05398f.jpg,car,975.846851,347.193083,1026.544732,378.660734
534418ba-ee05398f.jpg,car,1030.390748,343.8901265866758,1059.712810012326,369.919722
534418ba-ee05398f.jpg,car,1102.067062,341.948473,1154.355355736534,377.76100882086644
534418ba-ee05398f.jpg,car,1035.635359,341.948473,1112.556284,385.653543
534418ba-ee05398f.jpg,car,1173.74338,341.948473,1271.36077269123,387.6954310151331
534418ba-ee05398f.jpg,car,745.433682,347.193083,804.87258,397.890964
54360b72-e00a3f70.jpg,car,306.24967519163886,313.762817,368.034702,350.48514747546426
54360b72-e00a3f70.jpg,car,561.513244,329.118257,576.868684,342.938152
54360b72-e00a3f70.jpg,car,575.6556821592654,327.69744485356506,596.1007230350663,343.6701330377844
54360b72-e00a3f70.jpg,car,613.3512262740231,330.8919824904089,640.1853424235117,353.253745948316
54360b72-e00a3f70.jpg,car,490.89395060121456,319.904993,570.72651,390.540018
554d7cd5-a32486dd.jpg,car,562.513566,414.917228,570.589095,421.524478
554d7cd5-a32486dd.jpg,car,522.870064,411.613604,549.299064,432.169494
554d7cd5-a32486dd.jpg,car,578.1147089215685,414.4702809254904,587.4359242862495,422.0462584137193
559fed19-7893646f.jpg,truck,0,286.983431,348.984967,455.281961
559fed19-7893646f.jpg,car,1266.470352,374.326213,1278.947893,416.74985
559fed19-7893646f.jpg,car,1205.330405,371.830706,1237.77201,391.79477
559fed19-7893646f.jpg,car,988.221202,370.58295,1015.671791,388.051507
559fed19-7893646f.jpg,car,1021.91056,369.335197,1063.086443,386.803754
559fed19-7893646f.jpg,car,1070.572968,371.830706,1122.978637,393.042523
559fed19-7893646f.jpg,car,662.557397,366.83969,688.760232,383.060491
559fed19-7893646f.jpg,car,607.656219,366.83969,636.354562,388.051507
559fed19-7893646f.jpg,car,632.611299,366.83969,661.309642,375.573968
559fed19-7893646f.jpg,car,615.142743,373.078459,665.052904,393.042523
559fed19-7893646f.jpg,truck,783.589539,328.159314,989.468957,396.785787
559fed19-7893646f.jpg,car,789.828309,346.875624,959.52286,462.916751
559fed19-7893646f.jpg,car,566.480334,383.060491,796.067079,549.011779
57165857-e4d4a47f.jpg,car,1230.727363,442.709525,1279.19276,514.06136
57165857-e4d4a47f.jpg,car,1018.018119,398.282911,1195.724575,489.828661
57165857-e4d4a47f.jpg,car,900.893411,396.93665,987.054117,435.97822
5795bfe7-a599384a.jpg,car,352.687258,381.937228,401.624724,420.749702
5795bfe7-a599384a.jpg,car,470.812176,393.74972,489.374664,412.312208
5795bfe7-a599384a.jpg,car,455.624686,390.374723,475.874672,420.749701
5795bfe7-a599384a.jpg,car,575.437105,408.93721,594.3424135875465,430.272950581818
5795bfe7-a599384a.jpg,car,563.624614,402.187214,580.499602,430.874695
5795bfe7-a599384a.jpg,car,600.749587,415.687205,627.749568,430.874695
5795bfe7-a599384a.jpg,car,715.499508,400.499715,813.374441,474.749664
5795bfe7-a599384a.jpg,car,651.374553,386.999725,705.374515,412.312208
5795bfe7-a599384a.jpg,car,81.23197,368.212243,108.231952,390.149728
5795bfe7-a599384a.jpg,car,33.982003,361.462246,76.169473,386.774729
5795bfe7-a599384a.jpg,car,410.294244,385.087231,465.981706,430.6497
5795bfe7-a599384a.jpg,car,471.044202,380.024734,573.981632,469.462172
5795bfe7-a599384a.jpg,car,617.856601,405.337216,722.481529,471.149671
5795bfe7-a599384a.jpg,car,828.793956,349.649755,1009.356333,493.087156
5795bfe7-a599384a.jpg,car,98.106958,326.024771,364.731774,506.587147
5795bfe7-a599384a.jpg,car,0,361.462246,25.544509,386.774729
5795bfe7-a599384a.jpg,car,1014.418828,422.212206,1279.356146,584.212093
57ac74e2-e86131f1.jpg,car,195.981891,439.087193,249.981854,481.274664
57ac74e2-e86131f1.jpg,car,138.606931,442.462191,201.044388,484.649663
57ac74e2-e86131f1.jpg,car,352.919284,428.9622,390.044257,455.962181
57ac74e2-e86131f1.jpg,car,459.231711,423.899704,482.856694,440.774693
57ac74e2-e86131f1.jpg,car,428.856731,423.899704,460.919209,444.149691
57ac74e2-e86131f1.jpg,car,395.106756,425.587201,435.606727,454.274683
57ac74e2-e86131f1.jpg,car,536.856657,413.77471,565.544137,437.399693
57ac74e2-e86131f1.jpg,car,622.919098,408.712214,653.294077,434.024699
57ac74e2-e86131f1.jpg,car,595.919117,413.77471,631.356593,445.837188
57ac74e2-e86131f1.jpg,car,727.544026,412.087213,754.2431580044199,432.95285132623485
57ac74e2-e86131f1.jpg,car,758.7096592451147,400.27472,774.793994,425.587201
57ac74e2-e86131f1.jpg,car,769.731496,401.962219,795.043981,427.274701
57ac74e2-e86131f1.jpg,car,791.668981,405.337216,830.481454,434.024698
57ac74e2-e86131f1.jpg,car,658.356573,412.087213,693.794048,442.462191
57ac74e2-e86131f1.jpg,car,541.919154,417.149708,612.794105,469.462171
57ac74e2-e86131f1.jpg,car,476.106699,420.524706,523.356665,455.962181
57ac74e2-e86131f1.jpg,car,314.106809,428.9622,361.356779,462.712176
57ac74e2-e86131f1.jpg,car,27.232007,447.524688,141.98193,501.524651
57ac74e2-e86131f1.jpg,car,1100.48127,407.94044437834407,1136.5756642078939,439.087193
57b495f2-6da6b1e5.jpg,car,759.6029594932537,365.95533271581303,789.828308,390.547015
57b495f2-6da6b1e5.jpg,car,732.431623,361.848672,747.404673,378.069476
57b495f2-6da6b1e5.jpg,car,33.689359,331.902574,112.297865,353.114393
57b495f2-6da6b1e5.jpg,car,204.631663,341.884608,286.98343,358.10541
57b495f2-6da6b1e5.jpg,car,294.469953,348.123378,356.857655,361.848672
57b495f2-6da6b1e5.jpg,car,408.015572,351.86664,451.686962,363.096426
57b495f2-6da6b1e5.jpg,car,459.173487,355.609903,495.358356,365.591935
57b495f2-6da6b1e5.jpg,car,506.588141,351.86664,541.525254,365.591934
57b495f2-6da6b1e5.jpg,car,541.525254,360.600918,560.241564,366.839689
57b495f2-6da6b1e5.jpg,car,583.948892,358.10541,615.142744,371.830705
585443c8-2621a6b1.jpg,car,276.431105,347.125171,354.362149,394.188763
585443c8-2621a6b1.jpg,car,375.573967,339.638647,452.934714,397.035329
585443c8-2621a6b1.jpg,car,497.853863,347.125171,567.728089,402.026353
585443c8-2621a6b1.jpg,car,586.4444,344.629663,630.115796,380.81453
585443c8-2621a6b1.jpg,car,651.32761,347.125171,694.999002,380.814534
585443c8-2621a6b1.jpg,car,446.695947,347.125171,464.1645,367.089236
585443c8-2621a6b1.jpg,car,484.128569,352.116187,507.6922895180676,368.6352334602299
585443c8-2621a6b1.jpg,car,571.471352,347.125171,591.435416,368.6352334602299
585443c8-2621a6b1.jpg,car,560.241565,352.116187,572.719106,362.098219
585443c8-2621a6b1.jpg,car,626.372529,337.143139,658.6600314535515,366.848632963952
585443c8-2621a6b1.jpg,car,691.25574,350.868433,707.476538,369.584744
585443c8-2621a6b1.jpg,car,551.507287,338.390893,570.223598,352.55582899372865
585443c8-2621a6b1.jpg,car,1149.181473,354.27091,1278.369116,445.084017
585443c8-2621a6b1.jpg,car,1003.19425,342.134155,1080.555001,362.098219
585443c8-2621a6b1.jpg,car,937.3697088729064,337.143139,1000.698742,364.593727
585443c8-2621a6b1.jpg,car,371.830705,345.877417,389.299261,362.098219
5877b384-2545daf4.jpg,car,0.151527,354.857301,77.294419,412.16345
5877b384-2545daf4.jpg,car,291.090432,361.469551,330.763918,397.836914
5877b384-2545daf4.jpg,car,381.457822,359.265467,431.049681,382.408336
5877b384-2545daf4.jpg,car,449.784382,369.183838,496.070117,385.714459
5877b384-2545daf4.jpg,car,414.51906,380.204252,474.029292,433.102234
5877b384-2545daf4.jpg,car,588.641587,402.245078,626.501222520549,415.98014661159465
5877b384-2545daf4.jpg,car,485.049704,362.571592,587.539546,434.204278
5877b384-2545daf4.jpg,car,606.274247,405.551203,658.07019,456.245102
5877b384-2545daf4.jpg,car,655.866108,403.34712,700.6451431160825,444.5657545520413
5877b384-2545daf4.jpg,car,990.666263,448.530813,1049.074451,471.67368
5877b384-2545daf4.jpg,car,742.706967,412.163449,779.074331,433.102235
5877b384-2545daf4.jpg,car,769.155958,411.061408,820.951899,437.510401
5877b384-2545daf4.jpg,car,784.804944,417.23284,848.72334,446.987955
5877b384-2545daf4.jpg,car,459.702755,401.804258,636.029364,534.049218
5877b384-2545daf4.jpg,car,317.539426,369.845061,429.947638,454.702244
5877b384-2545daf4.jpg,car,843.213129,426.049172,920.356021,460.212455
5877b384-2545daf4.jpg,car,917.931537,439.714483,1011.605048,486.000219
5877b384-2545daf4.jpg,car,178.682221,339.428727,223.865913,363.673636
5877b384-2545daf4.jpg,car,198.518963,342.734848,234.886327,363.673633
587bb1bf-1aa00fe5.jpg,car,435.23986,394.199862,443.339856,406.349858
587bb1bf-1aa00fe5.jpg,car,544.589823,391.499863,572.939812,415.799852
587bb1bf-1aa00fe5.jpg,car,551.339819,398.249861,579.689809,422.549851
587bb1bf-1aa00fe5.jpg,car,709.559759,398.249861,763.55974,458.999838
587bb1bf-1aa00fe5.jpg,car,447.119839,391.499863,467.369832,409.049857
587bb1bf-1aa00fe5.jpg,car,575.5831083766284,345.409427008617,661.499768,444.149844
587bb1bf-1aa00fe5.jpg,car,533.5979967140973,379.3548364378974,558.899804,396.899861
587bb1bf-1aa00fe5.jpg,truck,557.549805,382.049866,579.149796,399.59986
587bb1bf-1aa00fe5.jpg,car,490.049828,396.899861,553.499807,449.549843
587bb1bf-1aa00fe5.jpg,car,621.2698,392.849863,729.269761,479.249833
587bb1bf-1aa00fe5.jpg,car,804.599719,398.249861,986.849655,518.399818
587bb1bf-1aa00fe5.jpg,car,1048.139667,431.999849,1278.989585,560.249803
587bb1bf-1aa00fe5.jpg,bus,401.219855,375.299869,437.669844,409.049858
587bb1bf-1aa00fe5.jpg,truck,0,277.60300673697265,297.7667312054125,490.1240672071282
5995c288-2d152172.jpg,truck,95.495554,294.447299,308.776301,481.505003
5995c288-2d152172.jpg,car,0,401.087672,57.035092,498.987031
5995c288-2d152172.jpg,car,341.992155,387.10205,424.157689,448.289149
5995c288-2d152172.jpg,car,455.62534,376.612832,506.323222,416.821497
5995c288-2d152172.jpg,car,431.150501,374.86463,453.877138,395.843063
5995c288-2d152172.jpg,car,418.913081,366.123615,434.646907,380.10924
5995c288-2d152172.jpg,car,404.927458,348.641587,414.53191429994416,360.9223567028754
5995c288-2d152172.jpg,car,362.9171904061176,352.7919231251766,376.69830182841287,362.7239572967579
5995c288-2d152172.jpg,car,347.236764,351.31382020216904,358.6822958895885,362.62721
5995c288-2d152172.jpg,truck,340.243953,366.123615,362.97059,378.361035
5995c288-2d152172.jpg,car,385.697227,357.9196890464047,399.5185760175905,367.871819
5995c288-2d152172.jpg,car,380.90203654747194,374.13409439134665,410.92871311217925,396.3538350492301
5995c288-2d152172.jpg,car,315.769113,376.612832,329.754735,390.598455
5995c288-2d152172.jpg,car,326.258329,378.361035,350.733169,401.087672
5995c288-2d152172.jpg,truck,516.81244,360.879006,644.431248,462.274773
5995c288-2d152172.jpg,car,307.636945729586,389.7479662049945,323.2508175432338,415.5709080506428
5995c288-2d152172.jpg,car,344.87002466982307,377.73729557911156,364.08709767123577,392.7506338614652
5995c288-2d152172.jpg,car,317.24548223029234,375.9356949852291,332.85935404394013,391.5495667988769
59cde7c7-344bffb1.jpg,car,918.083856,319.00793,934.558444,330.989449
59cde7c7-344bffb1.jpg,car,844.697055,329.491759,859.673953,338.477898
59cde7c7-344bffb1.jpg,car,855.180883,329.491759,865.664711,342.970967
59cde7c7-344bffb1.jpg,car,814.743259,335.482518,835.710916,351.957106
59cde7c7-344bffb1.jpg,car,792.277911,338.477898,805.75712,350.459415
59cde7c7-344bffb1.jpg,car,715.895731,342.970967,732.370319,351.957105
59cde7c7-344bffb1.jpg,car,702.416523,347.464037,714.39804,356.450176
59cde7c7-344bffb1.jpg,car,708.407282,351.957106,732.370319,372.87495423794945
59cde7c7-344bffb1.jpg,car,687.439624,347.464037,699.421144,357.947865
59cde7c7-344bffb1.jpg,car,670.965036,350.459416,682.946555,359.445555
59cde7c7-344bffb1.jpg,car,673.960416,353.454796,688.544054593566,364.1155271104782
59cde7c7-344bffb1.jpg,car,651.495069,347.464037,666.471967,362.440936
59cde7c7-344bffb1.jpg,car,649.997379,350.459416,663.476586,365.436315
59cde7c7-344bffb1.jpg,car,639.51355,350.459416,657.485828,365.436315
59cde7c7-344bffb1.jpg,car,638.015861,353.454796,654.490448,368.431695
59cde7c7-344bffb1.jpg,car,605.066685,339.975588,638.015861,365.436314
59cde7c7-344bffb1.jpg,car,570.619819,345.966347,584.099026,357.947865
59cde7c7-344bffb1.jpg,car,581.103648,347.464037,596.080547,357.947865
59cde7c7-344bffb1.jpg,car,581.103648,345.966347,642.50893,395.390111
59cde7c7-344bffb1.jpg,car,494.237638,344.468657,519.698365,362.440935
59cde7c7-344bffb1.jpg,car,353.454796,339.975588,380.413213,362.440935
59cde7c7-344bffb1.jpg,car,308.524102,338.477898,362.440935,365.436314
59cde7c7-344bffb1.jpg,car,792.277911,340.974047,903.106958,429.337746
59cde7c7-344bffb1.jpg,car,0.936033,325.640548,27.89445,354.096655
59cde7c7-344bffb1.jpg,car,0.936033,327.138238,120.751218,364.580484
59cde7c7-344bffb1.jpg,car,1246.077925,453.800013,1279.027101,608.062064
5a8f9b5d-1fdfd2d4.jpg,car,450.835261,429.771978,476.354236,451.645387
5a8f9b5d-1fdfd2d4.jpg,car,521.316245,428.556789,556.556734,456.621747318749
5a8f9b5d-1fdfd2d4.jpg,car,467.7434637575239,425.0601098250831,518.885868,467.893760709344
5a8f9b5d-1fdfd2d4.jpg,car,415.594767,427.3416,454.480828,454.075769
5a8f9b5d-1fdfd2d4.jpg,truck,350.5145244953362,416.7939666719801,397.366926,447.999818
5a8f9b5d-1fdfd2d4.jpg,car,351.189731,435.847926,391.290981,466.227661
5a8f9b5d-1fdfd2d4.jpg,car,182.278407,433.417548,223.594845,455.290957
5a8f9b5d-1fdfd2d4.jpg,car,117.873369,438.278302,226.025225,491.746636
5a8f9b5d-1fdfd2d4.jpg,car,2.430378,421.265654,94.784771,445.56944
5a8f9b5d-1fdfd2d4.jpg,car,1.215188,438.278302,136.101213,537.923831
5a8f9b5d-1fdfd2d4.jpg,car,216.303708,433.417548,379.139086,525.771941
5a8f9b5d-1fdfd2d4.jpg,car,605.16431,433.417548,622.176963,445.56944
5a8f9b5d-1fdfd2d4.jpg,car,619.746585,432.60742,671.999729,476.354235
5a8f9b5d-1fdfd2d4.jpg,car,675.645295,420.455525,716.961734,459.341585
5a8f9b5d-1fdfd2d4.jpg,car,726.68325,434.632736,755.847796,457.721335
5a8f9b5d-1fdfd2d4.jpg,truck,746.126281,432.202356,787.442721,465.012469
5a8f9b5d-1fdfd2d4.jpg,car,794.733855,433.417544,822.683211,454.075764
5a8f9b5d-1fdfd2d4.jpg,car,826.328778,427.341596,871.290784,460.151709
5a8f9b5d-1fdfd2d4.jpg,truck,891.138892,404.253001,1011.442641,465.012469
5a8f9b5d-1fdfd2d4.jpg,car,1070.98692,440.70868,1175.493204,502.683337
5a8f9b5d-1fdfd2d4.jpg,car,878.986996,435.847926,1156.050174,587.7466
5ae83f9c-da990b49.jpg,car,563.939848,390.106004,581.078396,404.796188
5ae83f9c-da990b49.jpg,car,535.9283473465339,391.9069373396134,546.8013,405.663624110515
5ae83f9c-da990b49.jpg,car,474.574562,388.881822,485.592199,397.451097
5ae83f9c-da990b49.jpg,car,346.035452,397.451096,361.949818,410.917098
5ae83f9c-da990b49.jpg,car,394.186605,391.738241,416.221882,406.428425
5ae83f9c-da990b49.jpg,car,424.791155,394.186605,439.481339,405.204243
5ae83f9c-da990b49.jpg,car,541.1316612498819,386.5398613865517,568.3685354324963,409.72017983984057
5ae83f9c-da990b49.jpg,car,770.010479,385.61733,818.977759,421.118609
5ae83f9c-da990b49.jpg,truck,579.44616,379.088366,613.723256,412.14128
5ae83f9c-da990b49.jpg,truck,356.236961,384.801222,381.944784,409.284862
5ae83f9c-da990b49.jpg,truck,455.395705,381.128676,474.982617,399.491406
5ae83f9c-da990b49.jpg,truck,495.793711,386.433458,508.035531,398.675278
5ae83f9c-da990b49.jpg,car,1017.703307,356.645026,1225.814247,465.597224
5b2b4881-67a6cb87.jpg,car,947.045318,301.956478,1103.014575,383.060491
5b2b4881-67a6cb87.jpg,bus,753.3393009024406,243.312038,865.941306,355.609902
5b2b4881-67a6cb87.jpg,car,641.345578,285.735676,782.341785,404.3333159500575
5b2b4881-67a6cb87.jpg,car,0,230.834498,97.09274787651812,333.150329
5b2b4881-67a6cb87.jpg,car,227.091236,259.532841,321.920543,318.177281
5b2b4881-67a6cb87.jpg,car,267.019365,267.019365,451.686963,345.62787
5b2b4881-67a6cb87.jpg,bus,366.839689,230.834498,465.412258,318.177281
5b2b4881-67a6cb87.jpg,car,461.668996,278.249152,495.358355,316.929527
5b2b4881-67a6cb87.jpg,car,486.624077,266.3360344565334,563.2572183346402,319.425035
5b2b4881-67a6cb87.jpg,car,557.746057,293.2222,590.187662,316.929527
5b2b4881-67a6cb87.jpg,car,580.20563,286.98343,607.656219,313.186265
5b2b4881-67a6cb87.jpg,car,603.912957,293.2222,622.629266,310.690757
5b2b4881-67a6cb87.jpg,car,538.56182,210.157424,572.251179,228.873735
5b2b4881-67a6cb87.jpg,car,578.489949,212.652932,605.940538,232.616997
5b2b4881-67a6cb87.jpg,car,620.913586,216.396194,648.364172,232.616997
5b2b4881-67a6cb87.jpg,car,668.32824,216.396194,698.274337,237.0846802178594
5b2b4881-67a6cb87.jpg,car,713.247386,226.378227,734.459203,240.103521
5b2b4881-67a6cb87.jpg,truck,514.1370197074328,249.22675178862974,583.1260627231735,295.0354763510815
5b2fd56a-37759b05.jpg,truck,388.356759,379.78660524643107,427.3332971215038,405.337216
5b2fd56a-37759b05.jpg,car,604.356611,393.524724,622.919097,405.337216
5b2fd56a-37759b05.jpg,car,638.106587,396.899722,656.669075,407.024715
5b2fd56a-37759b05.jpg,car,449.106717,385.15342847632877,468.25532424947374,405.337216
5b2fd56a-37759b05.jpg,car,460.919209,389.84939880248925,483.01408813169246,408.712215
5b2fd56a-37759b05.jpg,car,489.60669,389.84939880248925,517.2275862222903,410.399713
5b2fd56a-37759b05.jpg,car,540.231655,391.837225,563.85664,408.712213
5b2fd56a-37759b05.jpg,car,779.85649,401.962219,793.356482,413.77471
5b2fd56a-37759b05.jpg,car,953.5801421557096,400.8066594847294,997.543841,427.274701
5b2fd56a-37759b05.jpg,car,1274.2478301420972,416.5344370976141,1280,466.17755197416784
5b2fd56a-37759b05.jpg,bus,0,187.649866,395.106755,494.77465599999994
5b4b0b07-2fb56b82.jpg,car,454.761009,318.537554,542.845349,389.209874
5b4b0b07-2fb56b82.jpg,car,655.511365,331.852629,693.408115,360.531251
5b4b0b07-2fb56b82.jpg,car,742.571468,340.046521,858.310194,413.79155
5b4b0b07-2fb56b82.jpg,car,856.6791683088237,345.349487815187,957.661136,398.428002
5b4b0b07-2fb56b82.jpg,car,1104.126956,352.337359,1279.271398,600.202594
5b4b0b07-2fb56b82.jpg,car,603.275303,331.852629,627.856979,350.288887
5b4b0b07-2fb56b82.jpg,car,572.548208,331.852629,589.960228,347.216177
5b4b0b07-2fb56b82.jpg,car,532.602984,327.755683,571.523972,362.579723
5b4b0b07-2fb56b82.jpg,car,640.147818,331.852629,658.584073,351.313122
5b4b0b07-2fb56b82.jpg,car,688.286933,335.949574,711.844373,355.410067
5b4b0b07-2fb56b82.jpg,car,10.242366,317.513319,86.035867,339.022284
5b4b0b07-2fb56b82.jpg,car,129.053799,320.586028,193.5807,339.022284
5b4b0b07-2fb56b82.jpg,truck,199.726119,300.101298,292.931641,337.998048
5b4b0b07-2fb56b82.jpg,bus,711.844373,289.858933,818.364971,373.846327
5b4b0b07-2fb56b82.jpg,car,337.998048,326.731446,368.725144,336.973811
5b4b0b07-2fb56b82.jpg,car,375.894798,326.731446,398.428002,335.949576
5b4b0b07-2fb56b82.jpg,car,440.421699,322.634499,453.736772,332.876865
5b4b0b07-2fb56b82.jpg,car,309.684028,326.047169,331.181644,336.795977
5bc44a50-c371c4d0.jpg,car,609.048482,310.986298,621.9103756407848,321.71545479219185
5bc44a50-c371c4d0.jpg,car,619.049799837087,313.25868549075574,628.5975805623527,326.95984376563763
5bc44a50-c371c4d0.jpg,car,624.7709514444824,316.47106581874607,642.8879315345679,334.1112832748819
5bc44a50-c371c4d0.jpg,car,637.1667799271725,322.19221742614144,651.9464215796106,337.4486217125292
5bc44a50-c371c4d0.jpg,car,707.325537,323.102647,726.173191,345.989085
5bc44a50-c371c4d0.jpg,car,572.5538657962346,312.4916213917351,616.5964708574835,348.4211149943328
5bc44a50-c371c4d0.jpg,car,650.2079326147523,289.446121,711.0562685546355,353.6366866463228
5bc44a50-c371c4d0.jpg,car,745.828611,316.371342,808.4780154821295,359.451695
5bc44a50-c371c4d0.jpg,car,841.413143,312.759327,946.421505,385.030653
5bc44a50-c371c4d0.jpg,car,25.57896,275.983511,74.044356,302.908732
5bc44a50-c371c4d0.jpg,car,0,265.213424,12.116349,296.177426
5bc44a50-c371c4d0.jpg,car,1046.583356,356.220676,1123.320234,371.029549
5c4004b7-bf3b7941.jpg,car,172.124882,310.499786,231.187341,350.99976
5c4004b7-bf3b7941.jpg,car,422.212217,305.437289,444.149703,332.43727
5c4004b7-bf3b7941.jpg,car,449.212201,308.812288,471.149684,334.124768
5c4004b7-bf3b7941.jpg,car,317.587288,307.124788,356.399762,335.812268
5c4004b7-bf3b7941.jpg,car,367.8091691618161,303.74979,434.024709,342.6659642386451
5c4004b7-bf3b7941.jpg,car,510.974655,302.062292,537.974634,327.374776
5c4004b7-bf3b7941.jpg,car,571.724614,305.437289,598.724595,322.312278
5c4004b7-bf3b7941.jpg,car,630.787071,303.74979,649.349559,317.249782
5c4004b7-bf3b7941.jpg,car,537.974634,307.124788,563.287118,323.999776
5c4004b7-bf3b7941.jpg,car,551.474626,303.74979,575.099608,322.312276
5c4004b7-bf3b7941.jpg,car,66.809087367283,307.124788,190.687368,372.11943286293115
5c4004b7-bf3b7941.jpg,car,275.062311,310.499786,353.44162349143267,346.9762279397601
5c4004b7-bf3b7941.jpg,car,803.249448,296.999798,823.499434,313.874786
5c4004b7-bf3b7941.jpg,car,749.9858839940157,301.0000817945331,778.0025980512634,321.8330230165891
5c4004b7-bf3b7941.jpg,car,888.6326997132159,293.81630895934137,1071.8189070106048,398.6993923531405
5c4004b7-bf3b7941.jpg,car,1258.062514,416.812213,1280,526.499638
5c534f5f-a76c7f4b.jpg,car,712.172084,381.26112,728.327218,389.338685
5c534f5f-a76c7f4b.jpg,car,697.363213,382.60738,712.172084,392.031207
5c534f5f-a76c7f4b.jpg,car,678.515559,383.953641,696.016952,394.723729
5c534f5f-a76c7f4b.jpg,car,654.28286,383.953641,679.861819,398.762513
5c534f5f-a76c7f4b.jpg,car,638.127729,390.684947,654.282861,402.801296
5c534f5f-a76c7f4b.jpg,car,626.011379,393.377468,643.512772,404.147556
5c534f5f-a76c7f4b.jpg,car,595.5526867451458,389.338685,630.050162,411.1528942409048
5c534f5f-a76c7f4b.jpg,car,527.734321,393.377468,584.277286,425.687733
5c534f5f-a76c7f4b.jpg,truck,478.26659963997486,396.8179280391617,531.773107,429.726518
5c534f5f-a76c7f4b.jpg,car,429.457268,402.801296,477.922665,435.11156
5c534f5f-a76c7f4b.jpg,car,223.479331,418.956427,328.487691,474.15313
5c534f5f-a76c7f4b.jpg,car,0,443.189147,156.166279,531.773106
5c534f5f-a76c7f4b.jpg,car,780.023633,373.183553,797.525027,390.684948
5c534f5f-a76c7f4b.jpg,car,785.408675,379.914857,798.871286,394.723729
5c534f5f-a76c7f4b.jpg,car,793.486241,377.222335,832.527811,405.493818
5c534f5f-a76c7f4b.jpg,car,758.483456,373.183553,774.638588,396.069992
5c534f5f-a76c7f4b.jpg,car,722.6126144424143,374.6638893637405,773.292328,418.956427
5c534f5f-a76c7f4b.jpg,car,870.223121,370.491033,902.533386,398.762513
5c534f5f-a76c7f4b.jpg,car,883.685734,366.452248,903.1028707098162,382.4829618374186
5c534f5f-a76c7f4b.jpg,car,939.5918755869806,357.72256567077136,1026.9048515430522,415.0624304777438
5c534f5f-a76c7f4b.jpg,car,1072.162316,358.374682,1095.048753,379.22501497338607
5c534f5f-a76c7f4b.jpg,car,1093.702493,351.643377,1132.929129,377.491596
5c534f5f-a76c7f4b.jpg,car,822.9573778546161,376.145336,881.178316,418.9719667145829
5c5dc708-35460444.jpg,car,161.33438,305.363925,265.962121,335.713955
5c5dc708-35460444.jpg,car,260.371325,311.5217763322529,333.86198339990455,330.921847
5c5dc708-35460444.jpg,car,534.054083,322.3678527670107,577.6365144603449,357.810898
5c5dc708-35460444.jpg,car,492.522462,327.460867,526.865919,337.045091
5c5dc708-35460444.jpg,car,652.259471,339.441143,665.643424491761,359.32103045976
5c5dc708-35460444.jpg,car,672.492808,336.512641,702.044156,360.473195
5c5dc708-35460444.jpg,car,571.059807,310.156035,656.4051300685737,375.36648919476954
5c5dc708-35460444.jpg,car,0.274548,355.681081,45.000909,555.3501615924662
5da6c6b6-76c54605.jpg,car,0,383.060491,164.703533,466.660012
5da6c6b6-76c54605.jpg,car,262.028349,399.281293,333.150328,439.209425
5da6c6b6-76c54605.jpg,car,349.371131,406.767818,393.042523,432.970653
5da6c6b6-76c54605.jpg,car,427.979637,399.281293,465.412261,426.731883
5da6c6b6-76c54605.jpg,car,501.597125,381.812737,581.453386,446.695946
5da6c6b6-76c54605.jpg,car,581.1894358478502,391.794769,628.2200586113304,425.1022965313727
5da6c6b6-76c54605.jpg,car,697.49451,354.362148,878.418844,490.367339
5da6c6b6-76c54605.jpg,car,401.776802,409.263326,431.722901,427.979637
5dc5141c-5890b5b1.jpg,car,667.078972,292.662976,678.342009,303.926013
5dc5141c-5890b5b1.jpg,car,649.058112,292.662976,670.457883,306.178622
5dc5141c-5890b5b1.jpg,car,625.405735,289.284065,649.058112,311.81014
5dc5141c-5890b5b1.jpg,car,613.016394,287.031458,626.53204,303.926013
5dc5141c-5890b5b1.jpg,car,561.206423,296.041887,581.479891,316.315355
5dc5141c-5890b5b1.jpg,car,573.595765,290.410369,623.153127,333.20991
5dc5141c-5890b5b1.jpg,car,419.292158,284.77885,511.649061,353.483376
5dc5141c-5890b5b1.jpg,car,319.05113,288.157761,367.482189,318.567961
5dd831da-bd00cf03.jpg,car,403.139079,359.651772,418.418402,370.229766
5dd831da-bd00cf03.jpg,car,391.385752,357.888774,402.257578,369.054432
5dd831da-bd00cf03.jpg,car,265.625165,359.651772,282.079821,372.580431
5dd831da-bd00cf03.jpg,car,280.904489,357.301108,307.937139,371.405099
5dd831da-bd00cf03.jpg,car,691.977063,353.77511,736.639701,379.632426
5dd831da-bd00cf03.jpg,car,124.08154,356.629492,149.938857,376.610145
5dd831da-bd00cf03.jpg,car,49.363968,343.197116,123.409922,381.983093
5dd831da-bd00cf03.jpg,car,145.741241,352.599778,192.754544,380.80776
5dd831da-bd00cf03.jpg,car,190.403879,364.353102,209.2092,376.106429
5dd831da-bd00cf03.jpg,car,329.093125,356.713441,344.372449,370.817433
5dd831da-bd00cf03.jpg,car,533.600995,357.888774,546.529654,369.642098
5dd831da-bd00cf03.jpg,car,342.315618,355.538109,369.348266,371.992765
5dd831da-bd00cf03.jpg,car,290.600983,360.239439,318.808965,371.992765
5dd831da-bd00cf03.jpg,car,377.575593,360.239439,390.504252,369.642098
5dd831da-bd00cf03.jpg,car,513.228571,354.1075177938714,536.735223,376.88999
5dd831da-bd00cf03.jpg,car,453.65727491936144,340.6720558606711,508.527241,390.993981
5dd831da-bd00cf03.jpg,car,634.091931,347.506675,704.611887,398.437747
5dfb063f-7bd23d5c.jpg,car,589.169122,353.024752,638.9355710238335,369.39302480319236
5dfb063f-7bd23d5c.jpg,car,523.356666,356.399749,577.356629,373.52661907044455
5dfb063f-7bd23d5c.jpg,car,489.60669,356.399749,534.4146874090289,377.6602133376967
5dfb063f-7bd23d5c.jpg,car,418.731738,361.63033080050184,493.0787447365074,380.61278067144826
5dfb063f-7bd23d5c.jpg,car,709.0993042057037,348.63681086700126,735.98152,379.43175373794764
5dfb063f-7bd23d5c.jpg,car,919.9126118355637,341.6925765466362,935.106383,354.712251
5dfb063f-7bd23d5c.jpg,car,938.481381,338.7400092128846,958.886500641084,351.337253
5dfb063f-7bd23d5c.jpg,car,1009.356333,337.837263,1068.418793,374.962236
5dfb063f-7bd23d5c.jpg,car,727.544026,344.587258,780.5514336824909,385.927401872201
5dfb063f-7bd23d5c.jpg,car,807.7150531530051,335.7337571984248,870.981426,385.08723
5dfb063f-7bd23d5c.jpg,truck,976.6019046435932,316.89101094312326,1024.543823,361.77003441614664
5dfb063f-7bd23d5c.jpg,car,0,386.774729,72.794477,491.399657
5e0b701e-d443d8c2.jpg,car,1.247754,328.159312,17.468557,379.317229
5e0b701e-d443d8c2.jpg,car,53.653424,321.920543,165.951288,368.087443
5e0b701e-d443d8c2.jpg,car,308.195249,338.141346,376.821721,369.21083179796153
5e0b701e-d443d8c2.jpg,car,1.247754,259.532841,56.148932,273.258134
5e0b701e-d443d8c2.jpg,car,74.865242,264.523857,123.527648,275.753644
5e0b701e-d443d8c2.jpg,truck,172.190058,253.294071,249.55081,281.992414
5e0b701e-d443d8c2.jpg,car,300.708723,277.001397,331.902574,291.974446
5e0b701e-d443d8c2.jpg,car,272.01038,280.74466,286.98343,286.983431
5e0b701e-d443d8c2.jpg,truck,421.740867,283.240168,437.96167,294.469954
5e0b701e-d443d8c2.jpg,truck,578.957876,296.965462,602.665203,309.443003
5e0b701e-d443d8c2.jpg,truck,521.56119,295.717708,531.543223,301.956479
5e0b701e-d443d8c2.jpg,truck,394.290278,285.559525,416.749848,293.2222
5e0b701e-d443d8c2.jpg,car,137.252945,321.50408,183.419844,341.884607
5e0b701e-d443d8c2.jpg,car,361.848672,335.645837,398.8742072125,360.3499898280305
5e0b701e-d443d8c2.jpg,bus,316.929528,314.0009702930066,365.591936,341.884607
5e0b701e-d443d8c2.jpg,car,448.910507100134,331.902575,471.651028,344.19522219842145
5e0b701e-d443d8c2.jpg,car,474.146535,331.902575,494.1106,343.132363
5e0b701e-d443d8c2.jpg,car,522.808944,338.141346,546.516272,354.362147
5e0b701e-d443d8c2.jpg,truck,534.03873,326.911558,559.652354,338.477898
5e0b701e-d443d8c2.jpg,truck,587.692154,331.902575,613.894989,356.9107927852033
5e0b701e-d443d8c2.jpg,truck,635.106808,329.407068,661.309643,349.371132
5e0b701e-d443d8c2.jpg,car,637.2840330284888,343.132361,777.350769,449.480162178912
5e0b701e-d443d8c2.jpg,car,758.634457,353.114394,811.040128,401.776802
5e0b701e-d443d8c2.jpg,car,805.1295647740093,357.9280539540826,826.4917233598028,378.7815897164048
5e0b701e-d443d8c2.jpg,car,743.661408,345.627871,761.129965,351.866641
5e0b701e-d443d8c2.jpg,car,827.7695538234713,343.36287135305747,947.5539418234712,421.9713733530575
5e0b701e-d443d8c2.jpg,car,974.495908,260.780594,1277.70014,631.363545
5e0b701e-d443d8c2.jpg,truck,947.045319,277.001397,1126.721903,406.767818
5e0b701e-d443d8c2.jpg,car,935.815533,348.123378,958.275106,366.839689
5e0b701e-d443d8c2.jpg,truck,829.756438,330.4624214866338,892.1040675875972,368.087443
5e0b701e-d443d8c2.jpg,truck,781.094031,331.98828995704764,815.8106440669061,358.94529960102517
5e0b701e-d443d8c2.jpg,car,520.712418,336.980208,546.173145,352.33318737396183
5e26f49d-0bc53c7e.jpg,car,570.223598,304.75843217921044,601.2558365576721,325.913353
5e26f49d-9271bf00.jpg,car,0,301.956478,30.607005,362.137251
5e26f49d-9271bf00.jpg,car,401.776801,291.974446,432.970653,314.43402
5e26f49d-9271bf00.jpg,car,435.466161,294.469953,447.943702,311.938511
5e26f49d-9271bf00.jpg,car,550.259532,293.2222,578.957875,313.186264
5e26f49d-9271bf00.jpg,car,517.817927,291.974446,532.790975,306.947495
5e26f49d-9271bf00.jpg,car,340.636854,288.231184,390.547015,311.938511
5e26f49d-9271bf00.jpg,car,582.701137,280.744659,596.426431,290.726691
5e26f49d-9271bf00.jpg,car,580.20563,273.258135,591.435417,281.992415
5e26f49d-9271bf00.jpg,car,182.172089,296.965462,411.758833,415.502097
5e26f49d-9271bf00.jpg,truck,447.943702,278.249152,514.074667,333.150329
5e26f49d-9271bf00.jpg,car,573.966859,286.98343,656.318625,355.609904
5e26f49d-9271bf00.jpg,car,646.336594,293.2222,665.052905,305.69974
5e625ec3-7b4fc682.jpg,car,765.074478,402.909729,777.616415,415.451668
5e625ec3-7b4fc682.jpg,car,769.777704,407.612955,783.887383,424.858118
5e625ec3-7b4fc682.jpg,car,804.268031,406.045214,826.216422,417.019409
5e625ec3-7b4fc682.jpg,car,691.390597,406.045214,711.771243,415.451667
5e625ec3-7b4fc682.jpg,car,653.764785,407.612955,678.848661,413.883924
5e625ec3-7b4fc682.jpg,car,622.409943,404.477472,641.222849,417.019409
5e625ec3-7b4fc682.jpg,car,561.1584327086882,406.045214,598.893812,420.154892
5e625ec3-7b4fc682.jpg,car,193.18568994889267,409.180698,340.216358,448.374251
5e625ec3-7b4fc682.jpg,truck,1.584057,401.341987,90.15332197614991,454.64522
5e625ec3-7b4fc682.jpg,car,732.151892,401.341987,757.235766,426.425861
5e625ec3-7b4fc682.jpg,car,785.455127,407.612955,812.106743,429.561346
5e625ec3-7b4fc682.jpg,car,830.919648,402.909729,849.732554,420.154892
5e625ec3-7b4fc682.jpg,car,857.571263,407.612955,881.087395,420.154892
5e625ec3-7b4fc682.jpg,car,879.519655,404.477472,890.49385,418.587151
5e625ec3-7b4fc682.jpg,car,1058.242258,410.74844,1102.139037,429.561346
5e625ec3-7b4fc682.jpg,car,1119.3842,402.909729,1230.693892,451.509736
5f9387ff-330136ae.jpg,car,672.299765,290.924898,687.149758,316.574889
5f9387ff-330136ae.jpg,car,645.299774,288.224899,674.999764,320.624888
5f9387ff-330136ae.jpg,car,523.799817,278.774901,546.749809,316.574889
5f9387ff-330136ae.jpg,car,433.349848,289.574899,475.199834,305.774893
5f9387ff-330136ae.jpg,car,46.085605,287.819899,139.235572,308.069892
5f9387ff-330136ae.jpg,car,831.78533,302.669894,850.685323,317.519889
5f9387ff-330136ae.jpg,car,735.935363,293.219897,758.885355,309.419892
5f9387ff-330136ae.jpg,car,846.635325,278.369903,907.385303,325.619885
5f9387ff-330136ae.jpg,car,680.585383,289.169899,729.185365,329.669883
5f9387ff-330136ae.jpg,truck,645.485395,267.569902,694.085378,297.269892
5f9387ff-330136ae.jpg,truck,464.585457,267.569902,537.485432,299.96989
5f9387ff-330136ae.jpg,truck,532.085435,208.169923,645.485395,333.719879
5f9387ff-330136ae.jpg,bus,276.935524,277.019899,353.885496,304.01989
5f9387ff-330136ae.jpg,car,0,283.769897,48.785603,306.719889
5f9387ff-330136ae.jpg,truck,699.485376,277.019899,731.885365,294.569893
5fa17a25-88b8e6b9.jpg,car,334.356796,310.837281,361.356778,324.337272
5fa17a25-88b8e6b9.jpg,car,172.356908,295.649792,226.35687,315.899777
5fa17a25-88b8e6b9.jpg,car,454.169214,319.274775,472.731701,336.149764
5fa17a25-88b8e6b9.jpg,car,530.106662,315.899778,550.356648,332.774767
5fa17a25-88b8e6b9.jpg,car,550.356648,307.462284,568.919135,327.71227
5fa17a25-88b8e6b9.jpg,car,572.294133,304.087286,606.044109,336.149765
5fa17a25-88b8e6b9.jpg,car,471.044202,312.52478,531.794161,363.149745
5fa17a25-88b8e6b9.jpg,car,403.544249,309.149782,462.606708,353.024752
5fa422e1-2d8dd765.jpg,truck,91.433881,256.454189,304.505027,402.528737
5fa422e1-2d8dd765.jpg,bus,882.762544,268.535542,1052.999801,392.643992
5fa422e1-2d8dd765.jpg,car,300.111807,334.433835,356.125356,368.481285
5fa422e1-2d8dd765.jpg,car,419.827039,331.13892,462.660929,362.989763
5fa422e1-2d8dd765.jpg,car,496.70838,328.94231,520.871089,348.711798
5fa422e1-2d8dd765.jpg,car,617.521917,332.237225,631.79988,338.827054
5fa422e1-2d8dd765.jpg,car,604.342258,331.13892,617.521917,338.827054
5fa422e1-2d8dd765.jpg,car,598.850734,331.13892,605.440562,339.925359
5fa422e1-2d8dd765.jpg,car,588.96599,331.13892,597.752429,343.220274
5fa422e1-2d8dd765.jpg,car,635.094795,327.844006,647.176147,338.827053
5fa422e1-2d8dd765.jpg,car,640.586319,336.630445,663.650721,360.793152
5fa422e1-2d8dd765.jpg,car,545.033795,328.94231,595.555819,375.071115
5fa422e1-2d8dd765.jpg,car,739.98291,314.664347,934.382874,445.362627
5fa422e1-2d8dd765.jpg,car,684.518514,333.33553,718.565965,359.694847
5fa422e1-2d8dd765.jpg,car,581.277856,337.728749,650.471063,390.447386
5fa422e1-2d8dd765.jpg,car,667.549724,327.734185,680.729382,343.110452
5fb2a702-f56a339c.jpg,truck,1074.489567,374.252981,1279.469115,502.530505
5fb2a702-f56a339c.jpg,car,1024.897742,297.550957,1087.052832,313.420342
5fb2a702-f56a339c.jpg,car,906.935302,313.420342,941.318969,321.355034
5fb2a702-f56a339c.jpg,car,672.597416,323.999932,689.789249,331.934624
5fb2a702-f56a339c.jpg,car,635.568854,325.32238,655.405584,331.934624
5fb2a702-f56a339c.jpg,car,580.026008,378.220327,595.895392,390.122366
5fb2a702-f56a339c.jpg,car,520.515816,379.542778,537.707649,390.122367
5fb2a702-f56a339c.jpg,car,533.740303,371.608084,560.189277,395.412161
5fb2a702-f56a339c.jpg,car,363.673392,336.430961,374.252981,344.365653
5fb2a702-f56a339c.jpg,car,316.065239,352.300345,331.934624,364.202385
5fb2a702-f56a339c.jpg,car,402.024404,335.108512,419.216239,344.365653
5fb2a702-f56a339c.jpg,car,336.166455,343.836662,346.746045,351.771355
5fb2a702-f56a339c.jpg,car,366.582776,351.771355,382.45216,362.350944
5fb2a702-f56a339c.jpg,car,341.191763,348.332999,354.416252,358.912589
5fb2a702-f56a339c.jpg,car,362.350944,358.912589,379.542778,370.814627
5fb2a702-f56a339c.jpg,car,342.514214,366.847281,368.963188,386.684012
5fb2a702-f56a339c.jpg,car,305.48565,373.459523,338.546868,393.296254
5fb2a702-f56a339c.jpg,car,222.700364,373.430204,263.696273,397.2636
5fb2a702-f56a339c.jpg,car,140.708544,370.814627,216.088119,397.263602
6011831b-0992e205.jpg,car,214.898055,414.918555,281.020533,451.285919
6011831b-0992e205.jpg,car,235.83684,420.428761,297.551152,447.979794
6011831b-0992e205.jpg,car,287.632781,421.530802,315.183815,445.775709
6011831b-0992e205.jpg,car,316.285856,419.326718,362.571591,445.775709
6011831b-0992e205.jpg,car,365.877715,418.224677,426.489986,465.612453
6011831b-0992e205.jpg,car,531.183913,424.836924,538.898202,434.755295
6011831b-0992e205.jpg,car,590.694143,421.530802,602.816598,436.959379
6011831b-0992e205.jpg,car,579.673729,424.836924,588.49006,431.449173
6011831b-0992e205.jpg,car,559.836985,424.836924,568.653316,431.449173
6011831b-0992e205.jpg,car,763.714629,416.020596,801.184032,454.592041
6011831b-0992e205.jpg,car,136.2162162162162,421.6216216216216,197.1891891891892,459.2432432432432
6011831b-0992e205.jpg,car,543.306366,425.938967,555.428822,432.551215
6011831b-0992e205.jpg,car,570.857399,424.836924,580.77577,433.653254
6011831b-0992e205.jpg,car,600.612514,415.1351351351351,642.1621621621621,451.285917
6011831b-0992e205.jpg,car,692.081944,419.326718,775.837083,476.632867
6011831b-0992e205.jpg,bus,425.5135135135135,368.4324324324324,531.8918918918919,476.10810810810807
60137cc0-428b8f5b.jpg,car,840.25162,337.750735,857.010245,354.509359
60137cc0-428b8f5b.jpg,car,795.132247,340.328985,800.288747,353.220235
60137cc0-428b8f5b.jpg,car,777.0845,337.750735,795.132249,360.954984
60137cc0-428b8f5b.jpg,car,878.925371,336.46161,908.575242,363.533234
60137cc0-428b8f5b.jpg,car,904.70787,339.03986,953.694616,371.267983
60137cc0-428b8f5b.jpg,car,795.132247,332.594235,844.118995,373.846233
60137cc0-428b8f5b.jpg,car,670.087129,332.594235,686.845755,350.641984
60137cc0-428b8f5b.jpg,car,632.702505,333.88336,675.243629,364.822359
60137cc0-428b8f5b.jpg,car,532.150761,325.6216216216216,626.5945945945946,389.18918918918916
60137cc0-428b8f5b.jpg,car,666.2115817027027,324.90034748648645,793.9459459459459,432
60137cc0-428b8f5b.jpg,car,1202.5945945945946,329.5135135135135,1279.135135135135,419.02702702702703
60137cc0-428b8f5b.jpg,car,315.57777,323.57036,340.071144,336.461609
60137cc0-428b8f5b.jpg,car,233.073773,319.702986,258.856272,332.594235
60137cc0-428b8f5b.jpg,car,129.943777,313.257361,193.110902,332.594234
604b5b3e-3c2e6b6b.jpg,car,600.583697,307.02485,670.362072,352.319584
604b5b3e-3c2e6b6b.jpg,car,834.402497,322.939216,855.213591,342.526128
604b5b3e-3c2e6b6b.jpg,car,817.263949,322.939216,828.281587,336.405218
604b5b3e-3c2e6b6b.jpg,car,714.677475,312.411243,834.647311,411.569985
604b5b3e-3c2e6b6b.jpg,car,846.889094,323.428881,881.16619,352.809249
604b5b3e-3c2e6b6b.jpg,car,946.047836,329.549791,1021.94712,379.741253
604b5b3e-3c2e6b6b.jpg,car,0.816118,0,592.096025,418.670245
604b5b3e-3c2e6b6b.jpg,bus,1043.003065,298.700408,1192.35327,370.927146
604b5b3e-3c2e6b6b.jpg,truck,1242.952795,275.032887,1279.678255,381.536721
604b5b3e-3c2e6b6b.jpg,car,1235.607703,444.378067,1279.678255,673.300101
6092f5a2-424550ba.jpg,car,755.633755,361.342304,766.616806,370.128743
6092f5a2-424550ba.jpg,car,738.060878,362.44061,752.33884,373.423661
6092f5a2-424550ba.jpg,car,710.237176,363.172817,735.498187,386.23722
6092f5a2-424550ba.jpg,car,669.965975,358.321964,682.047328,364.911793
6092f5a2-424550ba.jpg,car,633.721915,358.321964,650.196489,372.599929
6092f5a2-424550ba.jpg,car,647.999876,362.715185,663.376144,376.993149
6092f5a2-424550ba.jpg,car,618.345644,356.125356,635.918522,368.206708
6092f5a2-424550ba.jpg,car,604.067682,353.928745,618.345644,362.715185
6092f5a2-424550ba.jpg,car,582.101584,353.928745,601.871071,372.599929
6092f5a2-424550ba.jpg,car,598.576158,358.321964,637.016828,387.976197
6092f5a2-424550ba.jpg,car,659.715151,361.342304,698.155822,393.193147
6092f5a2-424550ba.jpg,car,508.515158,349.260953,528.284644,358.047392
6092f5a2-424550ba.jpg,car,477.762621,348.162645,500.827024,359.145695
6092f5a2-424550ba.jpg,car,464.582962,351.45756,481.057535,360.244001
6092f5a2-424550ba.jpg,car,434.928731,347.064339,462.386354,363.538914
6092f5a2-424550ba.jpg,car,382.210097,342.67112,419.552464,356.949085
6092f5a2-424550ba.jpg,car,388.799926,350.359255,417.355853,360.243996
6092f5a2-424550ba.jpg,car,355.85078,343.769426,381.111791,360.244003
6092f5a2-424550ba.jpg,car,311.918585,339.376207,336.081291,356.949085
6092f5a2-424550ba.jpg,car,320.705022,342.67112,359.145692,361.342304
6092f5a2-424550ba.jpg,car,267.986389,342.67112,291.050791,362.440608
6092f5a2-424550ba.jpg,car,105.437267,341.572818,163.647427,367.932134
6092f5a2-424550ba.jpg,car,16.474573,347.6756756756757,97.749134,369.030437
6092f5a2-424550ba.jpg,car,164.745732,344.867731,297.640623,415.159242
60ba25dd-6c0df417.jpg,car,616.138976,344.90327,622.409945,357.445207
60ba25dd-6c0df417.jpg,car,565.971226,348.038755,575.377674,360.580692
60ba25dd-6c0df417.jpg,car,550.293804,354.309722,567.538966,366.851662
60ba25dd-6c0df417.jpg,truck,544.022836,338.632302,556.564773,360.580692
60ba25dd-6c0df417.jpg,car,518.938962,344.90327,529.913155,360.580692
60ba25dd-6c0df417.jpg,car,531.480899,348.038755,544.022839,363.716176
60ba25dd-6c0df417.jpg,truck,500.126057,343.335529,520.506704,363.716177
60ba25dd-6c0df417.jpg,truck,575.377678,343.335529,598.921941,369.335197
60ba25dd-6c0df417.jpg,car,653.764785,351.174239,677.280917,365.283918
60ba25dd-6c0df417.jpg,truck,620.8422,346.471012,656.900271,384.096824
60ba25dd-6c0df417.jpg,car,515.803477,360.580692,558.132515,398.206503
60ba25dd-6c0df417.jpg,car,451.526051,377.825855,517.371218,424.858119
60ba25dd-6c0df417.jpg,car,660.035754,368.419403,736.8648648648648,432
60ba25dd-6c0df417.jpg,truck,401.358303,329.225848,426.442177,359.012949
60ba25dd-6c0df417.jpg,car,253.99054,352.741981,290.048609,368.4194
60ba25dd-6c0df417.jpg,car,296.31958,326.090365,308.861517,341.767784
60c678e7-4813ae0f.jpg,car,604.356611,319.274775,638.106587,368.212242
60c678e7-4813ae0f.jpg,car,771.418996,332.774766,828.793956,378.337236
60c678e7-4813ae0f.jpg,truck,626.294096,219.712344,773.106495,400.27472
614ecada-16b0f8b6.jpg,car,580.620011,348.961726,664.309928,423.794495
614ecada-16b0f8b6.jpg,car,62.419336,359.445556,122.326929,389.39935
614ecada-16b0f8b6.jpg,car,203.202179,359.445556,240.644424,383.408592
614ecada-16b0f8b6.jpg,car,158.271484,359.445556,194.216039,380.413214
614ecada-16b0f8b6.jpg,car,290.068187,362.440935,314.031224,378.915523
614ecada-16b0f8b6.jpg,car,339.491951,365.436313,355.966539,378.915522
614ecada-16b0f8b6.jpg,car,397.901854,360.943245,418.869511,377.417833
614ecada-16b0f8b6.jpg,car,658.499881,348.961726,679.467541,365.436313
614ecada-16b0f8b6.jpg,car,0,363.938625,42.949369,407.371631
614ecada-16b0f8b6.jpg,car,275.091289,360.943245,291.565879,378.915522
614ecada-16b0f8b6.jpg,car,386.403972,363.439402,399.883177,375.420921
614ecada-16b0f8b6.jpg,car,330.989449,363.439402,341.473277,376.918609
614ecada-16b0f8b6.jpg,car,428.938363,360.943245,446.910641,371.427074
614ecada-16b0f8b6.jpg,car,574.278798,352.490517,592.995109,369.959072
61e4ad87-53ceb455.jpg,car,628.976305,303.06136,660.935506,341.632802
61e4ad87-53ceb455.jpg,truck,506.649722,231.428676,633.384469,374.694048
61e4ad87-53ceb455.jpg,truck,649.915091,228.122551,762.323312,363.673634
61e4ad87-53ceb455.jpg,car,766.469732,305.265443,833.75546,354.386636
61e4ad87-53ceb455.jpg,car,874.469779,277.714408,1251.429128,484.549958
6240d7b3-b51b5788.jpg,car,0.997946,308.365384,286.410567,487.995705
6240d7b3-b51b5788.jpg,car,242.500932,340.299663,286.410567,392.192866
6240d7b3-b51b5788.jpg,car,290.402352,350.279126,346.287341,384.209297
6240d7b3-b51b5788.jpg,car,283.416728,326.328416,342.295555,361.256534
6240d7b3-b51b5788.jpg,car,395.186707,356.266804,406.164114,375.227782
6240d7b3-b51b5788.jpg,car,408.606745,284.512304,516.936145,400.9059534126091
6240d7b3-b51b5788.jpg,car,515.938199,322.336631,649.662993,433.108661
62aefb36-b685117f.jpg,car,127.270913,381.812737,300.708724,470.403272
62aefb36-b685117f.jpg,car,616.390497,396.785786,646.2619284961592,424.2303351623203
62aefb36-b685117f.jpg,car,758.634457,389.299261,827.260931,437.961668
62aefb36-b685117f.jpg,car,691.25574,400.529048,708.6629676428076,414.0720264640287
62aefb36-b685117f.jpg,car,568.975843,406.767819,586.444401,419.245359
62aefb36-b685117f.jpg,car,650.079856,403.024556,668.796167,417.997604
634c1785-3bb9a8a2.jpg,car,554.554447,341.791611,569.244631,352.80925
634c1785-3bb9a8a2.jpg,car,537.415899,343.015793,560.675357,361.378522
634c1785-3bb9a8a2.jpg,car,517.828987,346.688338,544.76099,367.499432
634c1785-3bb9a8a2.jpg,car,590.055725,340.567429,603.521727,356.481794
634c1785-3bb9a8a2.jpg,car,601.073363,344.239976,615.763547,362.602705
634c1785-3bb9a8a2.jpg,car,634.126276,347.912521,646.368096,360.154341
634c1785-3bb9a8a2.jpg,car,642.695551,347.912521,667.17919,367.499434
634c1785-3bb9a8a2.jpg,truck,286.458588,316.818306,452.947341,430.667231
634c1785-3bb9a8a2.jpg,car,478.655163,338.853582,523.949898,378.027407
634c1785-3bb9a8a2.jpg,car,569.244631,348.647038,592.504089,367.009767
634c1785-3bb9a8a2.jpg,car,610.866818,346.198674,634.126276,368.23395
634c1785-3bb9a8a2.jpg,car,667.179191,348.647038,697.783742,373.130677
634c1785-3bb9a8a2.jpg,car,959.758689,354.767948,1013.622698,386.59668
634c1785-3bb9a8a2.jpg,car,874.065949,338.853582,896.101225,351.095402
634c1785-aeb1652f.jpg,car,490.878221,336.795977,520.053557,347.544784
634c1785-aeb1652f.jpg,car,447.882988,326.047169,481.664958,341.402609
634c1785-aeb1652f.jpg,car,407.958844,329.118257,457.096254,341.402609
634c1785-aeb1652f.jpg,car,599.901844,346.009241,622.935005,365.971313
634c1785-aeb1652f.jpg,car,655.181431,346.009241,673.607959,359.829137
634c1785-aeb1652f.jpg,car,713.532101,352.151417,739.636349,370.577945
634c1785-aeb1652f.jpg,car,622.935005,344.473697,658.252519,376.720121
634c1785-aeb1652f.jpg,car,669.001327,347.544784,728.887542,393.611105
634c1785-aeb1652f.jpg,car,804.129198,353.686961,903.3730834752981,410.502089
634c1785-aeb1652f.jpg,car,549.228893,341.402609,613.721741,402.824369
634c1785-aeb1652f.jpg,car,1019.105358,359.38671209540036,1131.200072,412.037632
63f73472-028615f1.jpg,car,0,384.207981,131.64098,456.151308
63f73472-028615f1.jpg,car,804.846866,412.066893,821.684665,421.251148
63f73472-028615f1.jpg,car,750.047452,407.2231686541738,786.784469,422.781856
63f73472-028615f1.jpg,car,701.06476,407.474766,725.556107,425.843275
63f73472-028615f1.jpg,car,665.4173764906303,403.5434412265758,705.656889,430.435402
63f73472-028615f1.jpg,car,626.060016,399.821208,649.020652,421.251136
63f73472-028615f1.jpg,car,514.318253,378.39128,630.652144,445.742481
63f73472-028615f1.jpg,car,368.90089,387.575536,450.028471,436.558227
63f73472-028615f1.jpg,car,407.168618,396.759789,494.419035,442.681063
63f73472-028615f1.jpg,car,922.711465,415.128299,939.549265,430.43539
63f73472-028615f1.jpg,car,886.28056,414.822162,913.833323,433.190671
63f73472-028615f1.jpg,car,841.889997,404.107199,874.034888,433.190671
63f73472-028615f1.jpg,car,933.732542,402.576491,964.346724,431.659963
63f73472-028615f1.jpg,truck,962.5099,290.834726,1184.462718,477.581234
6485ad0a-245d1600.jpg,car,307.356815,407.024714,334.356796,420.524705
6485ad0a-245d1600.jpg,car,248.294355,405.337216,273.606838,427.274701
6485ad0a-245d1600.jpg,car,37.357002,413.77471,89.669465,427.2747
6485ad0a-245d1600.jpg,car,104.856954,410.399713,153.794419,427.274701
6485ad0a-245d1600.jpg,car,160.544416,412.087211,207.794382,428.962199
6485ad0a-245d1600.jpg,car,435.606728,401.962219,459.231711,428.962199
6485ad0a-245d1600.jpg,car,519.981669,395.212223,570.606634,434.024698
6485ad0a-245d1600.jpg,car,379.919265,403.649717,403.54425,425.587202
6485ad0a-245d1600.jpg,car,344.481788,407.024714,374.856767,428.962199
6485ad0a-245d1600.jpg,car,396.794253,403.5434412265758,450.794216,449.212185
6485ad0a-245d1600.jpg,car,472.731701,401.962219,513.231674,432.337197
6485ad0a-245d1600.jpg,car,538.18104,400.27472,638.106586,472.23168654173764
6485ad0a-245d1600.jpg,truck,707.1209540034072,189.337365,1140.981243,496.46215399999994
65edc5a1-f309fed7.jpg,car,420.245098,346.775673,448.898171,363.306292
65edc5a1-f309fed7.jpg,car,542.571683,347.877712,560.204343,363.306292
65edc5a1-f309fed7.jpg,car,564.612511,342.367506,589.959459,354.48996
65edc5a1-f309fed7.jpg,car,585.551295,348.979754,610.898245,368.816498
65edc5a1-f309fed7.jpg,car,648.735008,345.673629,666.367669,352.285877
65edc5a1-f309fed7.jpg,car,611.265602,345.673629,641.020717,351.183837
65edc5a1-f309fed7.jpg,car,604.653355,348.979754,637.714594,401.877738
65edc5a1-f309fed7.jpg,car,502.530838,341.265465,555.428821,391.959364
65edc5a1-f309fed7.jpg,car,0,303.428721,325.6216216216216,591.5675675675675
65edc5a1-f309fed7.jpg,car,330.612393,351.551177,423.183864,406.054054054054
65edc5a1-f309fed7.jpg,car,429.061429,347.143013,527.143107,417.673658
65edc5a1-f309fed7.jpg,car,558.36762,346.040971,591.42886,372.489963
65edc5a1-f309fed7.jpg,car,612.367644,353.755262,734.694229,450.734897
65edc5a1-f309fed7.jpg,car,735.796271,355.959344,837.184072,420.979782
65edc5a1-f309fed7.jpg,car,703.837073,351.183837,730.286065,380.938952
661381d9-1114a810.jpg,car,477.926574,335.032988,497.301975,347.949922
661381d9-1114a810.jpg,car,469.85349,339.876836,489.228892,349.564538
661381d9-1114a810.jpg,car,655.534423,341.18918918918916,688.8648648648648,373.78379
661381d9-1114a810.jpg,car,494.072742,335.032988,511.833527,352.793771
661381d9-1114a810.jpg,car,345.527996,333.418369,382.664183,360.866854
661381d9-1114a810.jpg,car,175.993233,307.584501,326.152595,389.929957
661381d9-1114a810.jpg,car,823.9445582972972,322.7787108918919,993.7297297297297,430.7027027027027
661381d9-1114a810.jpg,car,609.517844,338.26222,662.800199,377.013023
661381d9-1114a810.jpg,car,521.0592581891891,332.1210717027027,603.2432432432432,396.97297297297297
661381d9-1114a810.jpg,car,448.86486486486484,336,470.9189189189189,354.16216216216213
664cb246-f84cfaf4.jpg,car,372.930533,388.799918,388.799918,400.701956
664cb246-f84cfaf4.jpg,car,66.122435,411.281546,170.595882,460.212149
675cf8fa-4b1ce8b9.jpg,car,512.944361,333.31404,627.1951017805221,435.2841219194735
675cf8fa-4b1ce8b9.jpg,car,839.4751684552609,353.03112218656446,942.7846635137323,415.9746555996729
675cf8fa-4b1ce8b9.jpg,car,630.9475511074141,339.32863198894916,702.7801525079184,400.97601378788937
675cf8fa-4b1ce8b9.jpg,car,695.2752538541343,361.30726376074523,718.8620781945984,396.1514360818853
675cf8fa-4b1ce8b9.jpg,car,715.6456930572624,361.8433279503012,751.0259295679585,390.79079418632534
675cf8fa-4b1ce8b9.jpg,car,35.926064,358.262695,93.806945,370.23805
675cf8fa-4b1ce8b9.jpg,car,98.796677,350.279126,152.685774,364.250373
675cf8fa-4b1ce8b9.jpg,car,1167.1920435082927,361.5703111585532,1280,457.0247860864827
67faeadf-eb09a636.jpg,car,242.362276,232.157545,260.220544,241.3418
67faeadf-eb09a636.jpg,car,263.281962,230.626837,278.589055,241.341801
67faeadf-eb09a636.jpg,car,301.54969,242.87251,315.2223401491828,252.056763
67faeadf-eb09a636.jpg,car,413.291453,248.995344,433.190671,267.363853
67faeadf-eb09a636.jpg,car,417.88358,267.363855,443.905634,291.8552
67faeadf-eb09a636.jpg,car,350.53238,261.241017,370.431599,281.140235
67faeadf-eb09a636.jpg,car,363.24790443783945,259.33804715874595,419.414288,305.631581
67faeadf-eb09a636.jpg,car,191.338637,259.710309,264.812673,312.6027639152561
67faeadf-eb09a636.jpg,car,236.239439,257.159126,370.941838,345.940253
67faeadf-eb09a636.jpg,car,413.291453,214.809512,688.819088,447.477294
67faeadf-eb09a636.jpg,car,0,225.524476,211.3124828700893,444.45476768956803
691be377-5dbc29ee.jpg,car,772.227994,454.943014,785.658047,465.015553
691be377-5dbc29ee.jpg,car,726.901569,453.264258,742.010379,465.015553
691be377-5dbc29ee.jpg,car,630.0677449646448,449.8301508939345,650.2128239646448,468.2964688939345
691be377-5dbc29ee.jpg,car,654.715039,449.906745,674.860115,463.336798
691be377-5dbc29ee.jpg,car,797.409343,456.621771,817.554418,473.409336
691be377-5dbc29ee.jpg,car,755.44043,449.906745,775.585508,465.015555
691be377-5dbc29ee.jpg,car,538.880839,439.834206,587.564778,478.445606
691be377-5dbc29ee.jpg,car,48.683939,417.590681,263.564772,519.994828
691be377-5dbc29ee.jpg,car,445.290165,444.450785,546.015555,504.886021
691be377-5dbc29ee.jpg,car,582.948199,442.77203,641.704679,489.777212
691be377-5dbc29ee.jpg,car,669.0222398585794,452.76797389393454,711.0394452685307,481.7594095537143
691be377-5dbc29ee.jpg,car,737.393798,452.844569,760.896389,471.310889
691be377-5dbc29ee.jpg,car,809.580327,451.165812,849.870484,481.383433
691be377-5dbc29ee.jpg,car,848.191727,454.523324,886.80313,481.38343
691be377-5dbc29ee.jpg,car,961.507793,434.378248,1174.709869,567.000013
691be377-5dbc29ee.jpg,car,352.772502,439.988324,385.843519,460.118509
692f1303-05178963.jpg,car,539.539077,297.943704,560.51751,313.67753
692f1303-05178963.jpg,car,508.071426,299.691907,543.035482,315.425734
692f1303-05178963.jpg,car,464.366355,299.691907,506.323223,318.922142
692f1303-05178963.jpg,car,441.639719,299.691907,474.855573,318.922142
692f1303-05178963.jpg,car,406.675661,303.188313,443.387921,322.418544
692f1303-05178963.jpg,car,303.531693,292.699096,411.920269,331.159558
692f1303-05178963.jpg,car,226.610767,299.691907,301.78349,336.404167
692f1303-05178963.jpg,car,133.956017,280.461676,245.840999,345.145181
692f1303-05178963.jpg,car,0,261.231445,151.438045,355.634398
692f1303-05178963.jpg,car,663.661479,296.195501,684.639913,310.181124
692f1303-05178963.jpg,car,684.639913,292.699096,702.121942,306.684719
692f1303-05178963.jpg,car,700.373739,296.195501,714.359362,308.432918
692f1303-05178963.jpg,car,714.359362,299.691907,731.84139,310.181127
692f1303-05178963.jpg,car,730.093188,296.195501,758.064433,317.173934
692f1303-05178963.jpg,car,558.769308,292.699096,600.726177,339.900573
692f1303-05178963.jpg,car,590.23696,282.9198693156663,671.0247434384698,357.382601
692f1303-05178963.jpg,car,858.804649,293.698078,881.531283,307.683704
692f9b08-bdbbd729.jpg,car,340.890768,371.601647,372.325353,382.350455
692f9b08-bdbbd729.jpg,car,225.72497,357.781754,287.14673,383.886003
692f9b08-bdbbd729.jpg,car,135.127872,363.923929,196.549632,388.492635
692f9b08-bdbbd729.jpg,car,529.76268,371.601647,542.047034,380.814913
692f9b08-bdbbd729.jpg,car,565.080193,368.6110660976747,582.5814224830164,382.17434139024203
692f9b08-bdbbd729.jpg,car,598.862162,370.066104,618.824235,385.421544
692f9b08-bdbbd729.jpg,car,539.590176,371.227048,564.158881,390.028176
692f9b08-bdbbd729.jpg,car,485.846124,369.57987147571527,530.376901,403.84807
692f9b08-bdbbd729.jpg,car,607.154114,370.066104,645.542713,397.705896
692f9b08-bdbbd729.jpg,car,734.604266,371.24669916242965,792.954939,403.848073
692f9b08-bdbbd729.jpg,car,940.367137,365.459471,1086.24382,437.630039
692f9b08-bdbbd729.jpg,car,439.321951,373.423658,448.10839,378.915182
692f9b08-bdbbd729.jpg,car,397.586365,373.423658,407.471109,380.013487
692f9b08-bdbbd729.jpg,car,544.759219,365.735524,560.135487,372.325353
69bfbe31-5ee2a642.jpg,car,413.482367,342.48648648648646,698.894987,597.222302
69bfbe31-5ee2a642.jpg,car,257.3039455135135,387.653595,306.16216216216213,419.02702702702703
69bfbe31-5ee2a642.jpg,car,372.641333,383.374155,403.502904,410.606357
69bfbe31-5ee2a642.jpg,car,653.987407,387.653595,717.855965,435.555012
69bfbe31-5ee2a642.jpg,car,665.962763,376.676186,722.845697,412.60225
69bfbe31-5ee2a642.jpg,car,794.697824,376.676186,853.576652,407.612519
69bfbe31-5ee2a642.jpg,car,778.730687,375.678241,801.68345,394.639218
69bfbe31-5ee2a642.jpg,car,858.566382,375.678241,907.465747,404.618681
69bfbe31-5ee2a642.jpg,car,1171.921498,375.678241,1236.788003,396.63511
69bfbe31-5ee2a642.jpg,car,735.818998,379.670025,788.710151,417.591982
69bfbe31-5ee2a642.jpg,truck,193.2972972972973,372.684401,255.806861,417.7297297297297
69bfbe31-5ee2a642.jpg,car,94.627876,393.757347,122.267668,407.577243
69bfbe31-5ee2a642.jpg,truck,983.97658,353.175121,1059.218236,399.241441
69cf7667-68f59649.jpg,car,0,483.97483,101.249963,697.274754
69cf7667-68f59649.jpg,car,205.199929,465.074835,263.249907,497.474827
69cf7667-68f59649.jpg,car,265.949906,461.024839,307.799892,486.674828
69cf7667-68f59649.jpg,car,307.799892,456.974841,322.649886,481.274834
69cf7667-68f59649.jpg,car,340.199882,451.574842,375.29987,471.824834
69cf7667-68f59649.jpg,car,441.449846,448.874843,464.399837,466.424839
69cf7667-68f59649.jpg,car,518.399819,429.97485,531.899815,452.924843
69cf7667-68f59649.jpg,car,475.199834,425.924851,485.99983,434.024848
69cf7667-68f59649.jpg,car,473.849834,435.374848,485.999831,446.174844
69cf7667-68f59649.jpg,car,434.699848,434.024848,446.849844,447.524844
69cf7667-68f59649.jpg,car,484.64983,443.474846,496.799827,456.974841
69cf7667-68f59649.jpg,car,402.299858,443.474846,450.899841,479.924833
69cf7667-68f59649.jpg,car,492.749827,435.374848,521.099818,463.724838
69cf7667-68f59649.jpg,truck,0,315.22489,166.049942,529.874815
69cf7667-68f59649.jpg,truck,445.499845,423.224852,477.899835,462.374836
69cf7667-68f59649.jpg,car,1095.119633,381.536724,1125.431324,399.59986
69cf7667-68f59649.jpg,car,1071.567315,386.025394,1093.769633,400.94986
69cf7667-68f59649.jpg,car,1242.269582,380.699869,1279.135135135135,398.249863
69cf7667-68f59649.jpg,car,1147.769615,398.24986,1172.069606,406.34986
69cf7667-68f59649.jpg,car,1166.669609,388.881816,1193.985515,404.999858
69cf7667-68f59649.jpg,car,1111.319627,398.24986,1139.669618,409.049856
69cf7667-68f59649.jpg,car,382.469432,451.373394,406.953072,467.28776
69cf7667-68f59649.jpg,car,1193.985515,387.657634,1231.935157,404.796182
69cf7667-68f59649.jpg,car,1253.970433,366.84654,1273.557345,379.088359
69cf7667-68f59649.jpg,car,1135.224779,380.312542,1164.605147,396.226908
69cf7667-7eb40860.jpg,car,89.365284,449.274796,133.435837,467.637527
69cf7667-7eb40860.jpg,car,175.058026,438.257158,206.886759,461.516616
69cf7667-7eb40860.jpg,car,347.259625,410.100971,418.262182,472.534254
69cf7667-7eb40860.jpg,car,464.781094,406.428426,514.97256,450.498975
69cf7667-7eb40860.jpg,car,650.26323,403.980061,696.151495,437.032974
69cf7667-7eb40860.jpg,bus,778.802337,376.84287,845.8378378378378,419.689244
69cf7667-7eb40860.jpg,truck,813.4054054054054,350.689888,1061.588382,424.2162162162162
6a44fb9a-05a3dd18.jpg,car,0,351.86664,122.279896,475.394291
6a44fb9a-05a3dd18.jpg,car,52.40567,363.096426,163.45578,429.227392
6a44fb9a-05a3dd18.jpg,car,555.250549,361.848672,631.363547,420.493112
6a44fb9a-05a3dd18.jpg,car,425.484129,368.087443,471.651027,399.281294
6a44fb9a-05a3dd18.jpg,car,484.128569,369.335197,521.56119,400.529048
6a44fb9a-05a3dd18.jpg,bus,102.315832,329.407067,240.816529,388.051507
6a44fb9a-05a3dd18.jpg,truck,239.568776,350.618886,301.956479,383.060492
6a44fb9a-05a3dd18.jpg,car,521.56119,370.582951,541.525255,393.042522
6a44fb9a-05a3dd18.jpg,car,461.668996,366.839689,486.624078,386.803752
6a44fb9a-05a3dd18.jpg,car,702.485526,374.326213,736.174885,386.803753
6a44fb9a-05a3dd18.jpg,car,660.061889,370.582951,681.273706,383.060492
6a44fb9a-05a3dd18.jpg,car,623.877021,365.591935,638.850071,379.317229
6a44fb9a-05a3dd18.jpg,car,321.920543,371.830705,336.893592,383.060492
6a44fb9a-05a3dd18.jpg,car,338.141346,371.830705,359.353163,383.060492
6a44fb9a-05a3dd18.jpg,car,361.848672,371.830705,384.308246,381.812737
6a44fb9a-05a3dd18.jpg,car,383.060491,371.830705,398.03354,381.812737
6a44fb9a-05a3dd18.jpg,car,404.27231,369.335197,421.740865,381.812737
6a44fb9a-05a3dd18.jpg,car,305.69974,370.582951,323.168297,385.556
6a44fb9a-05a3dd18.jpg,car,541.525255,368.087443,561.489318,381.812737
6a44fb9a-05a3dd18.jpg,car,501.597125,359.353164,515.32242,370.582951
6a793e80-4f5e207f.jpg,car,231.876329,348.402163,282.415632,376.610146
6a793e80-4f5e207f.jpg,car,141.375721,351.928161,182.512362,375.434813
6a793e80-4f5e207f.jpg,car,67.329767,343.700834,150.778381,389.538805
6a793e80-4f5e207f.jpg,car,353.4393,360.15549,388.699278,380.136144
6a793e80-4f5e207f.jpg,car,479.19989,367.207484,502.70654,376.610144
6a793e80-4f5e207f.jpg,car,727.195065,371.908815,740.123724,384.837473
6a793e80-4f5e207f.jpg,car,736.597726,361.330822,763.630375,386.012807
6a793e80-4f5e207f.jpg,car,750.701717,363.681486,787.137027,387.188138
6a793e80-4f5e207f.jpg,car,267.640023,342.525499,353.439302,387.188138
6a793e80-4f5e207f.jpg,car,0,340.376322,73.032225,394.44162
6a793e80-4f5e207f.jpg,car,839.775136,322.04113,1124.205622,506.568345
6a793e80-4f5e207f.jpg,truck,540.065325,304.411141,614.111278,392.561084
6a793e80-4f5e207f.jpg,car,598.636061,336.53691,696.188665,418.810191
6a793e80-4f5e207f.jpg,car,439.78378378378375,369.7297297297297,459.2432432432432,381.40540540540536
6a82c0d6-b31f6b90.jpg,car,342.466328,326.238346,359.253893,336.310885
6a82c0d6-b31f6b90.jpg,car,325.678763,327.917103,342.466328,341.347155
6a82c0d6-b31f6b90.jpg,car,376.041459,319.52332,412.974103,349.740938
6a82c0d6-b31f6b90.jpg,car,302.7131601521249,329.54455389288137,328.168584983099,349.496103084726
6a82c0d6-b31f6b90.jpg,car,369.326433,328.476691,409.35075066025973,361.87982327276745
6a82c0d6-b31f6b90.jpg,truck,284.82556432495386,307.52905133636324,319.91277152440466,351.56005644939955
6a82c0d6-b31f6b90.jpg,truck,417.60656411895405,294.901561,459.979285,347.4321497200524
6a82c0d6-b31f6b90.jpg,car,70.507773,322.880833,209.844563,408.64864864864865
6a82c0d6-b31f6b90.jpg,car,90.652852,322.880833,110.79793,337.989642
6a82c0d6-b31f6b90.jpg,car,1090.072579,172.54054054054052,1279.135135135135,720
6a82c0d6-b31f6b90.jpg,truck,406.59881284069496,303.4011446070161,421.04648639341,343.30424299070523
6a8d218d-14e4fa28.jpg,car,147.234977,351.86664,510.331403,537.781993
6a8d218d-14e4fa28.jpg,car,670.043921,368.087443,756.13895,429.40540540540536
6a8d218d-14e4fa28.jpg,car,771.8918918918919,365.591935,818.5945945945946,400.86486486486484
6a8d218d-14e4fa28.jpg,car,831.004192,364.34418,875.923339,396.785786
6a8d218d-14e4fa28.jpg,car,995.707726,351.86664,1137.7297297297296,435.8918918918919
6a8d218d-14e4fa28.jpg,truck,585.196646,293.2222,676.282691,404.27231
6a8d218d-14e4fa28.jpg,truck,681.273707,329.407067,704.981034,363.096427
6a8d218d-14e4fa28.jpg,car,552.755041,356.857656,586.4444,383.060491
6a8d218d-14e4fa28.jpg,car,787.332801,358.10541,812.287883,370.582951
6a8d218d-14e4fa28.jpg,car,742.413655,350.618886,754.891196,365.591936
6a8d218d-14e4fa28.jpg,truck,766.120982,336.893592,793.571571,365.591935
6a8d218d-14e4fa28.jpg,truck,706.228788,341.884608,737.422639,365.591936
6a8d218d-14e4fa28.jpg,truck,714.963066,330.654821,731.183869,341.884608
6a8d218d-14e4fa28.jpg,car,555.250549,341.884608,575.214614,353.114395
6a8d218d-14e4fa28.jpg,car,757.386704,340.636854,768.61649,355.609903
6a8d218d-14e4fa28.jpg,car,749.90018,336.893592,761.129967,348.123378
6a8d218d-14e4fa28.jpg,car,446.081963,360.258588,489.991597,394.18876
6a8d218d-14e4fa28.jpg,truck,446.081963,322.336631,489.991597,346.287341
6a8d218d-14e4fa28.jpg,car,499.97106,339.301717,517.934092,349.281179
6ad110c3-789e7724.jpg,car,392.534163,375.620268,458.432455,418.454158
6ad110c3-789e7724.jpg,car,258.540968,385.505012,305.768076,417.355853
6ad110c3-789e7724.jpg,car,1115.877754,339.595873,1162.006559,364.856883
6ad110c3-789e7724.jpg,car,1169.694694,339.595873,1204.840449,354.972138
6ad110c3-789e7724.jpg,car,219.001992,390.117897,259.639273,417.575524
6ad110c3-789e7724.jpg,car,198.134199,392.314507,225.591822,416.477213
6ad110c3-789e7724.jpg,car,170.676578,398.904336,195.937587,416.477215
6ad110c3-789e7724.jpg,car,159.693529,398.904336,176.168102,415.378909
6ad110c3-789e7724.jpg,car,116.859639,406.592471,134.432517,418.673821
6ad110c3-789e7724.jpg,car,61.944395,406.592471,81.713886,417.57552
6ad110c3-789e7724.jpg,car,79.517273,409.887385,94.893539,419.772129
6ad110c3-789e7724.jpg,car,107.633878,407.471109,120.813539,418.454158
6ad110c3-789e7724.jpg,car,92.25761,408.569415,106.535572,419.552464
6ad110c3-789e7724.jpg,car,180.122,283.362658,241.62707,304.230453
6b15392a-3a1699fd.jpg,car,624.000117,331.54645,632.907337,344.907277
6b15392a-3a1699fd.jpg,car,635.876409,331.54645,644.783627,343.422742
6b15392a-3a1699fd.jpg,car,641.814555,333.030987,652.206309,346.391812
6b15392a-3a1699fd.jpg,car,615.092899,330.061914,624.000117,346.391812
6b15392a-3a1699fd.jpg,car,646.268164,334.515523,664.0826,347.87635
6b15392a-3a1699fd.jpg,car,669.525883,325.855723,688.824855,346.639232
6b15392a-3a1699fd.jpg,car,697.732074,333.278405,717.031044,343.67016
6b15392a-3a1699fd.jpg,car,751.175382,315.216539,777.897035,338.969122
6b15392a-3a1699fd.jpg,car,933.06062,307.067061,996.895682,335.273251
6b15392a-3a1699fd.jpg,car,1007.287438,289.2972972972973,1109.720443,336.75779
6b784eee-0a5a2c89.jpg,car,398.481752,364.837244,415.35674,376.649737
6b784eee-0a5a2c89.jpg,car,381.606764,364.837244,398.481752,380.024734
6b784eee-0a5a2c89.jpg,car,364.731775,368.212242,381.606764,383.39973
6b784eee-0a5a2c89.jpg,truck,332.669297,354.71225,364.731774,388.824531516184
6b784eee-0a5a2c89.jpg,car,324.231803,369.89974,347.856787,393.524723
6b784eee-0a5a2c89.jpg,car,305.669316,368.212242,327.606802,393.524724
6b784eee-0a5a2c89.jpg,car,293.856824,369.89974,315.794309,395.212223
6b784eee-0a5a2c89.jpg,car,572.294133,356.39975,584.106626,374.962238
6b784eee-0a5a2c89.jpg,car,582.419126,358.087249,599.294113,378.337235
6b784eee-0a5a2c89.jpg,car,597.606616,347.962255,626.294097,376.649735
6b784eee-0a5a2c89.jpg,car,606.044111,354.71225,629.669093,378.337234
6b784eee-0a5a2c89.jpg,car,617.856601,356.39975,634.731589,380.024734
6b784eee-0a5a2c89.jpg,car,624.606597,356.39975,648.231581,385.08723
6b784eee-0a5a2c89.jpg,car,638.106587,351.337253,678.606559,388.462228
6b784eee-0a5a2c89.jpg,car,751.16901,349.649755,833.856452,413.774709
6b784eee-0a5a2c89.jpg,car,808.9267461669506,350.8006814310051,933.418884,432.337198
6b784eee-0a5a2c89.jpg,car,454.169214,361.462245,467.669205,374.962237
6b784eee-0a5a2c89.jpg,car,474.4192,361.462245,496.356685,371.587238
6b784eee-0a5a2c89.jpg,car,418.731738,361.462245,449.106717,383.39973
6b784eee-0a5a2c89.jpg,car,251.669353,369.89974,302.294318,401.962218
6b784eee-0a5a2c89.jpg,car,673.544063,339.524762,737.66902,398.587221
6b784eee-0a5a2c89.jpg,car,908.106402,332.774765,1167.981224,467.774672
6b784eee-0a5a2c89.jpg,truck,525.044166,346.274757,553.731646,374.962237
6b784eee-0a5a2c89.jpg,car,513.231673,358.087249,528.419163,373.274738
6b784eee-0a5a2c89.jpg,car,1262.481158,410.399713,1279.356146,491.399657
6bb5a881-15e5c2c4.jpg,car,531.250332,424.295066,550.055653,446.626385
6bb5a881-15e5c2c4.jpg,car,404.314413,420.394321,453.84066,460.730376
6bb5a881-15e5c2c4.jpg,car,346.723114,421.944402,413.717074,467.782373
6bb5a881-15e5c2c4.jpg,car,504.889298,421.608594,543.675275,453.342575
6bb5a881-15e5c2c4.jpg,car,212.493613,415.284184,349.465552,497.557465
6bd41587-d65ba5b4.jpg,car,0,320.672789,22.459573,371.830706
6bd41587-d65ba5b4.jpg,car,122.279896,298.213216,195.897386,345.62787
6bd41587-d65ba5b4.jpg,car,160.960272,275.753643,349.371131,340.636854
6bd41587-d65ba5b4.jpg,car,336.893592,283.240168,376.82172,311.938511
6bd41587-d65ba5b4.jpg,truck,365.591935,258.285087,390.547016,309.443004
6bd41587-d65ba5b4.jpg,truck,385.556,245.807547,450.43921,304.451987
6bd41587-d65ba5b4.jpg,truck,472.898782,252.046317,521.56119,286.98343
6bd41587-d65ba5b4.jpg,car,416.74985,269.514873,482.880815,304.451985
6bd41587-d65ba5b4.jpg,car,1150.429227,142.24396,1277.700141,222.100219
6bd41587-d65ba5b4.jpg,car,520.313437,267.019365,545.268517,279.496906
6bd41587-d65ba5b4.jpg,car,537.781992,268.26712,562.737073,279.496906
6bd41587-d65ba5b4.jpg,car,555.250549,264.523857,570.223599,277.001396
6bd41587-d65ba5b4.jpg,car,653.823118,254.541824,670.04392,281.992413
6bd41587-d65ba5b4.jpg,car,811.040128,238.321022,849.720502,253.294071
6bd41587-d65ba5b4.jpg,car,864.693552,242.064284,895.887403,252.046317
6bd41587-d65ba5b4.jpg,car,900.878419,229.586744,947.045318,245.807547
6bd41587-d65ba5b4.jpg,car,1070.57297,217.109203,1119.235376,232.082253
6bd41587-d65ba5b4.jpg,car,572.719106,265.771611,585.196646,275.753643
6bd41587-d65ba5b4.jpg,car,581.453384,264.523857,593.930924,279.496906
6bd41587-d65ba5b4.jpg,car,661.309643,254.541824,707.476542,293.222199
6bd41587-d65ba5b4.jpg,car,583.948893,258.285087,665.052906,326.91156
6bd41587-d65ba5b4.jpg,car,721.201837,237.073267,823.517667,316.4565587734242
6d0d7bef-fb11b6e1.jpg,car,221.54038675421174,360.531251,283.713512,379.16295884264247
6d0d7bef-fb11b6e1.jpg,car,315.464844,361.555488,353.09938393038226,372.95734576829483
6d0d7bef-fb11b6e1.jpg,car,364.628197,350.288887,384.74801060955537,361.16668092703424
6d0d7bef-fb11b6e1.jpg,car,399.6414819879898,353.361595,421.985443,364.89004877164285
6d0d7bef-fb11b6e1.jpg,truck,455.785246,347.51433216346936,487.1406263362919,362.579725
6d0d7bef-fb11b6e1.jpg,car,433.1517925894672,356.434306,451.6883,365.5106100790776
6d0d7bef-fb11b6e1.jpg,car,605.0472747488976,359.9255583121647,622.422991357071,374.8190296905991
6d0d7bef-fb11b6e1.jpg,car,639.7987079652445,363.6489261567733,655.9333019585484,376.06015230546865
6d0d7bef-fb11b6e1.jpg,car,670.206212029548,368.61341661625147,685.0996834079825,379.16295884264247
6d57736c-a35808b9.jpg,car,781.311963,532.912138,905.174368,603.78709
6d57736c-a35808b9.jpg,car,629.3153945419341,528.3656108700123,676.0857071605767,564.9483306410299
6d57736c-a35808b9.jpg,car,559.3914618150525,527.4394660656828,597.3633987925643,561.2437514237116
6d57736c-a35808b9.jpg,car,494.774655,532.912138,548.2777241630978,576.5251406951493
6d57736c-a35808b9.jpg,car,596.02461,536.287136,611.2555708575077,553.3715205869104
6d57736c-a35808b9.jpg,car,547.8146517609331,534.599638,563.624613,554.29766539124
6d8a6d94-00a7ad92.jpg,car,412.01893609274305,309.5770694685911,451.4196540251092,339.40904161738257
6d8a6d94-00a7ad92.jpg,car,354.066651,315.20574345892913,390.0671075304248,344.642824
6d8a6d94-00a7ad92.jpg,car,298.869948,321.756386,359.451696,356.759173
6d8a6d94-00a7ad92.jpg,car,698.978722,296.177426,783.793167,360.797956
6d8a6d94-00a7ad92.jpg,truck,783.793167,290.792382,841.682392,319.674582
6d8a6d94-00a7ad92.jpg,car,855.145001,308.293776,896.879094,323.102648
6d8a6d94-00a7ad92.jpg,car,903.610399,310.986298,938.613184,325.79517
6d8a6d94-00a7ad92.jpg,car,502.424612,274.63725,709.748811,457.728751
6d8a6d94-00a7ad92.jpg,car,1043.890834,311.52430899808894,1088.317449,332.526474
6d8a6d94-00a7ad92.jpg,car,1087.6950449763783,310.7700128503938,1136.782845,333.872735
6d8a6d94-00a7ad92.jpg,bus,984.3564727421455,259.4778748071249,1208.134681,332.526474
6d8a6d94-00a7ad92.jpg,car,1183.0692060000001,315.77937714769513,1280,432.9040861476951
6eeed3fa-87a1b0c9.jpg,car,735.142396,353.319645,748.503224,369.649546
6eeed3fa-87a1b0c9.jpg,car,741.080541,353.319645,776.70941,383.01037
6eeed3fa-87a1b0c9.jpg,car,684.668163,356.288719,705.451672,378.556762
6eeed3fa-87a1b0c9.jpg,car,663.884652,351.835111,684.668161,371.134083
6eeed3fa-87a1b0c9.jpg,car,690.606307,354.804184,744.049614,397.855736
6eeed3fa-87a1b0c9.jpg,car,631.224852,353.319645,663.884654,383.01037
6eeed3fa-87a1b0c9.jpg,car,559.967108,339.958818,640.13207,414.185635
6eeed3fa-87a1b0c9.jpg,car,518.400091,351.835111,561.451645,388.94852
6eeed3fa-87a1b0c9.jpg,car,461.987713,359.257792,484.255758,369.649546
6eeed3fa-87a1b0c9.jpg,car,451.59596,353.319645,472.379467,369.649546
6eeed3fa-87a1b0c9.jpg,car,286.43794859459456,350.8989144864865,450.16216216216213,448.86486486486484
6eeed3fa-87a1b0c9.jpg,car,173.690749,359.257792,213.77323,377.072227
6eeed3fa-87a1b0c9.jpg,car,92.6029691081081,354.2424638918919,173.83783783783784,385.2972972972973
6eeed3fa-87a1b0c9.jpg,truck,773.443427,317.195925,1019.876457,467.02702702702703
701992bd-8a457895.jpg,car,0.665298,371.141204,162.997992,460.652301
701992bd-8a457895.jpg,car,325.995985,375.228031,402.505247,430.447758
701992bd-8a457895.jpg,car,560.180855,381.88101,566.168537,388.533989
701992bd-8a457895.jpg,car,576.148005,380.550414,583.466282,388.533989
701992bd-8a457895.jpg,car,555.523769,381.88101,561.511451,389.864585
701992bd-8a457895.jpg,car,548.87079,381.215712,556.854365,390.529883
701992bd-8a457895.jpg,car,544.213704,379.219817,550.201385,391.860478
701992bd-8a457895.jpg,car,533.568938,380.550414,547.540194,395.18697
701992bd-8a457895.jpg,car,413.815311,379.219817,423.129481,389.864585
701992bd-8a457895.jpg,car,393.856373,379.219817,413.815311,396.517564
701992bd-8a457895.jpg,car,464.377953,379.219817,475.02272,387.86869
701992bd-8a457895.jpg,car,440.427228,377.223926,457.724975,394.521672
701992bd-8a457895.jpg,car,306.702345,377.889223,342.628432,410.488822
701992bd-8a457895.jpg,car,263.457979,377.889223,308.698238,403.170545
701992bd-8a457895.jpg,car,418.472395,378.55452,445.74961,401.839948
701992bd-8a457895.jpg,car,474.357422,377.889223,489.659274,393.856373
701992bd-8a457895.jpg,car,502.299935,374.562733,534.899533,403.835841
7171644d-4e74752e.jpg,car,413.291453,337.368296,427.067835,346.552551
7171644d-4e74752e.jpg,car,584.730871,336.755999,596.976544,347.470963
7171644d-4e74752e.jpg,car,566.362362,333.694581,586.26158,352.06309
7171644d-4e74752e.jpg,car,468.39698,330.633163,492.888327,355.124508
7171644d-4e74752e.jpg,car,401.04578,336.755999,416.352871,347.470963
7171644d-4e74752e.jpg,car,382.677271,333.694581,401.04578,342.878835
7171644d-4e74752e.jpg,car,378.085144,339.817417,399.515071,352.06309
7171644d-4e74752e.jpg,car,364.308762,338.286708,379.615854,349.001672
7171644d-4e74752e.jpg,car,345.940253,339.817417,365.839472,350.53238
7171644d-4e74752e.jpg,car,315.326072,339.817417,347.470962,350.53238
7171644d-4e74752e.jpg,car,280.119762,336.755999,316.85678,352.063091
7171644d-4e74752e.jpg,car,231.137072,330.633163,273.996926,355.124508
7171644d-4e74752e.jpg,car,198.992181,341.348126,252.566999,356.655218
7171644d-4e74752e.jpg,car,180.623672,339.817417,214.299273,356.655217
7171644d-4e74752e.jpg,car,114.80318,338.286708,166.847289,359.716635
7171644d-4e74752e.jpg,car,38.267727,342.878835,116.333891,364.308762
7171644d-4e74752e.jpg,car,647.489943,335.22529,664.327743,344.409544
7171644d-4e74752e.jpg,car,594.527401,327.571743,641.979382,367.370181
7171644d-4e74752e.jpg,car,420.944999,327.571743,472.989106,370.431599
7171644d-4e74752e.jpg,car,474.519817,310.733944,581.669453,408.699327
7171644d-ee92c71e.jpg,car,213.007668,346.443506,244.836401,370.927146
7171644d-ee92c71e.jpg,car,151.798568,345.219324,221.576942,375.823873
7171644d-ee92c71e.jpg,car,250.95731,346.443506,287.68277,369.702964
7171644d-ee92c71e.jpg,car,276.665132,347.667688,320.735684,367.2546
7171644d-ee92c71e.jpg,car,350.116052,342.77096,379.49642,361.13369
7171644d-ee92c71e.jpg,car,377.048056,343.995142,401.531697,359.909508
7171644d-ee92c71e.jpg,car,439.481339,336.65005,465.189162,352.564416
7171644d-ee92c71e.jpg,car,463.964979,339.098414,481.103527,351.340235
7171644d-ee92c71e.jpg,car,482.327709,337.874232,503.138802,350.116052
7171644d-ee92c71e.jpg,car,593.728271,335.425868,608.418455,348.89187
7171644d-ee92c71e.jpg,car,680.645193,331.753322,691.662831,343.995142
7171644d-ee92c71e.jpg,car,670.851737,331.753322,681.869375,342.770959
7171644d-ee92c71e.jpg,car,659.834099,331.753322,670.851737,343.995142
7171644d-ee92c71e.jpg,car,648.816461,331.753322,659.834098,347.667688
7171644d-ee92c71e.jpg,car,634.126277,334.201686,648.816461,350.116052
7171644d-ee92c71e.jpg,car,511.708077,321.959866,588.831543,389.289876
7171644d-ee92c71e.jpg,car,607.194273,331.753322,639.023006,359.909507
7171644d-ee92c71e.jpg,car,827.547033,292.579498,985.466511,370.927146
7171644d-ee92c71e.jpg,car,826.32287,307.094805,1186.232378,487.049559
72f22fa5-8af4615c.jpg,car,0,399.1995,127.702911,474.6848381601363
72f22fa5-8af4615c.jpg,car,300.136778,406.887635,338.577447,431.050342
72f22fa5-8af4615c.jpg,car,336.380839,394.806281,417.655399,424.460513
72f22fa5-8af4615c.jpg,car,764.719741,387.118147,816.340069,420.067294
72f22fa5-8af4615c.jpg,car,659.282473,370.643574,728.475679,427.755425
72f22fa5-8af4615c.jpg,car,558.238425,361.839863713799,646.102815,446.42661
72f22fa5-8af4615c.jpg,truck,686.2691652470187,339.76149914821127,761.129966,414.254342
72fd00fe-aeadfc89.jpg,car,501.597125,466.660012,611.399481,560.241566
72fd00fe-aeadfc89.jpg,car,446.695947,490.367339,472.898782,507.835895
72fd00fe-aeadfc89.jpg,car,416.749851,491.615093,435.466162,504.092633
72fd00fe-aeadfc89.jpg,car,642.593333,491.615093,666.30066,506.588141
72fd00fe-aeadfc89.jpg,car,611.399481,491.615093,630.115792,506.588141
72fd00fe-aeadfc89.jpg,car,474.146535,486.624077,487.87183,501.597125
72fd00fe-aeadfc89.jpg,car,499.101618,485.376323,511.579158,511.579158
72fd00fe-aeadfc89.jpg,car,1214.064683,497.853862,1236.524255,509.083649
72fd00fe-aeadfc89.jpg,car,1150.429228,496.606108,1170.393293,507.835895
72fd00fe-aeadfc89.jpg,car,1011.92853,495.358355,1035.635855,510.331403
72fd00fe-aeadfc89.jpg,car,985.725693,495.358355,1010.680774,506.588141
72fd00fe-aeadfc89.jpg,car,1035.635855,492.862847,1055.59992,505.340387
72fd00fe-aeadfc89.jpg,car,1058.095428,491.615093,1070.572968,506.588141
72fd00fe-aeadfc89.jpg,car,1075.563985,492.862847,1104.262328,506.588141
72fd00fe-aeadfc89.jpg,car,1105.510082,494.110601,1117.987622,507.835895
72fd00fe-aeadfc89.jpg,car,1130.465162,495.358355,1150.429226,506.588141
72fd00fe-aeadfc89.jpg,car,1174.136554,492.862847,1190.357358,507.835895
72fd00fe-aeadfc89.jpg,car,1190.357356,491.615093,1212.816929,506.588141
730c67a5-563e9b1f.jpg,car,703.556967,335.172211,801.06161,439.11413969335604
73aff960-d46366ec.jpg,car,521.669168,226.462339,543.606652,246.712325
73aff960-d46366ec.jpg,car,496.356685,223.087342,525.3429057648818,254.75812436994755
73aff960-d46366ec.jpg,car,113.294447,201.149857,150.419423,219.712344
73aff960-d46366ec.jpg,truck,320.61743908682774,205.74654132482738,371.481772,235.86824340464082
73aff960-d46366ec.jpg,truck,235.86824340464082,192.472570916774,296.1116475642677,239.95254199173417
73aff960-d46366ec.jpg,car,369.794272,223.087342,430.89350093834815,261.9056468973609
73aff960-d46366ec.jpg,car,435.606727,224.77484,509.0057114165084,274.6690799820276
73aff960-d46366ec.jpg,truck,559.5489064317886,175.837374,614.1764000341622,258.524817
73aff960-d46366ec.jpg,bus,446.2096206399482,198.08848147402736,496.356685,226.462339
73aff960-d46366ec.jpg,bus,619.544101,223.087342,646.544083,233.330006
73d338d6-edf0b3db.jpg,car,531.196247,443.316185,544.675455,455.297703
73d338d6-edf0b3db.jpg,car,508.47103316128755,439.5660800693374,534.6073946789238,457.78233203617475
73d338d6-edf0b3db.jpg,bus,570.136182,416.357769,604.3043587259539,458.293083
75ad1fff-77299093.jpg,car,526.195732,344.473697,552.299981,372.11349
75ad1fff-77299093.jpg,car,563.048789,338.331522,581.475317,350.615873
75ad1fff-77299093.jpg,car,527.731277,336.795977,556.906613,349.080328
75ad1fff-77299093.jpg,car,478.593869,333.724889,512.375837,342.938154
75ad1fff-77299093.jpg,car,438.669725,338.331522,467.845061,350.615873
75ad1fff-77299093.jpg,car,391.067861,329.118257,438.669725,347.544785
75ad1fff-77299093.jpg,car,325.039468,329.118257,377.247966,342.938152
75ad1fff-77299093.jpg,car,291.2575,316.833905,328.110556,338.331522
75ad1fff-77299093.jpg,car,263.617708,324.511625,309.684028,338.33152
75ad1fff-77299093.jpg,car,123.883204,316.833905,148.451908,332.189346
75ad1fff-77299093.jpg,car,0,301.478465,122.347659,350.615873
75ad1fff-77299093.jpg,car,94.707868,319.904992,309.684028,413.573176
75ad1fff-77299093.jpg,car,555.371068,350.615873,598.3663,382.862298
75ad1fff-77299093.jpg,car,678.214591,353.686961,698.176662,370.577945
75ad1fff-77299093.jpg,car,698.176662,352.151417,715.067646,367.506857
75ad1fff-77299093.jpg,car,667.465782,350.615873,678.214591,367.506857
75ad1fff-77299093.jpg,car,754.99179,359.829137,771.882774,375.184577
75ad1fff-77299093.jpg,car,784.167126,359.829137,801.05811,372.113488
75ad1fff-77299093.jpg,car,782.631582,364.435769,801.05811,375.184577
75ad1fff-77299093.jpg,car,443.276357,339.867065,538.480086,408.966545
75ad1fff-77299093.jpg,car,586.081949,335.260433,678.214591,418.17981
75ad1fff-77299093.jpg,truck,589.153037,326.047168,613.72174,352.151417
75ad1fff-77299093.jpg,car,696.641118,352.151417,759.598422,408.966545
75ad1fff-77299093.jpg,car,810.271373,352.151417,976.110127,455.032866
75f5f52c-6b67e736.jpg,car,693.751247,424.236375,712.467557,444.200439
75f5f52c-6b67e736.jpg,car,718.70633,424.236375,751.147935,450.439209
75f5f52c-6b67e736.jpg,car,598.921941,416.74985,672.539429,481.63306
75f5f52c-6b67e736.jpg,car,539.0800681431006,416.74985,596.426433,456.67798
75f5f52c-6b67e736.jpg,car,1065.043794,413.006588,1145.438211,480.26217
777005a8-14c739ad.jpg,car,813.306487,301.959319,850.775891,329.926749
777005a8-14c739ad.jpg,car,750.490133,299.755238,775.837084,333.232872
777005a8-14c739ad.jpg,car,913.592247,295.347071,945.551445,337.22464
777005a8-14c739ad.jpg,car,623.755382,290.938905,786.857494,420.979781
777005a8-14c739ad.jpg,truck,933.428991,288.07361,1019.388215,347.559412
777005a8-14c739ad.jpg,car,778.041166,292.481774,815.510569,335.436956
777005a8-14c739ad.jpg,car,564.245151,302.400146,611.632928,322.236889
7771e03b-832e52c0.jpg,car,153.02275,335.017814,200.765848,374.191639
7771e03b-832e52c0.jpg,car,466.005288,347.259634,501.506566,387.657639
7771e03b-832e52c0.jpg,car,0,314.614774,182.403118,416.221882
7771e03b-832e52c0.jpg,car,446.418376,357.461144,489.264747,390.514059
7771e03b-832e52c0.jpg,truck,412.14128,338.69036,442.74583,375.41582
7771e03b-832e52c0.jpg,truck,199.133612,205.662576,404.796188,431.320138
7771e03b-a8f9d50c.jpg,bus,431.871752,323.999786,504.042322,373.137194
7771e03b-a8f9d50c.jpg,car,568.535168,350.871806,586.961697,366.227245
7771e03b-a8f9d50c.jpg,car,548.573097,355.478436,568.535168,369.298333
7771e03b-a8f9d50c.jpg,car,527.07548,353.942893,550.356648,371.587239
7771e03b-a8f9d50c.jpg,car,368.914447,350.871806,408.838591,366.227245
7771e03b-a8f9d50c.jpg,car,318.241495,347.800717,361.236727,373.904965
7771e03b-a8f9d50c.jpg,car,241.464295,347.800717,313.634862,381.582685
7771e03b-a8f9d50c.jpg,car,181.57808,346.265174,247.606472,381.582685
7771e03b-a8f9d50c.jpg,car,77.161085,357.013981,115.549686,370.833878
7771e03b-a8f9d50c.jpg,car,21.881502,352.407349,55.663471,369.298333
7771e03b-a8f9d50c.jpg,car,599.246047,356.246209,622.279207,368.530561
7771e03b-a8f9d50c.jpg,car,642.24128,353.17512,665.27444,382.350456
7771e03b-a8f9d50c.jpg,car,649.919,353.17512,677.558792,391.563721
7771e03b-a8f9d50c.jpg,car,660.667807,347.032945,726.6962,406.91916
7771e03b-a8f9d50c.jpg,car,688.307601,351.639577,775.833609,419.203514
7771e03b-a8f9d50c.jpg,car,741.171894,343.961857,939.25707,462.198745
7797fea2-c37f9856.jpg,car,978.337993,395.843064,1046.517903,408.080484
7797fea2-c37f9856.jpg,car,826.244344,399.339468,868.201212,418.569701
7797fea2-c37f9856.jpg,car,789.532084,390.598455,838.481764,406.332281
7797fea2-c37f9856.jpg,car,716.107565,390.598455,751.071621,415.073295
7797fea2-c37f9856.jpg,car,751.071622,388.850252,765.057244,404.584077
7797fea2-c37f9856.jpg,car,705.22503,388.800313,720.958855,406.28234
7797fea2-c37f9856.jpg,car,406.282342,390.548515,427.260776,399.289529
7797fea2-c37f9856.jpg,car,399.289531,385.303907,408.030545,399.289531
7797fea2-c37f9856.jpg,car,383.555705,383.555704,401.037733,399.289529
7797fea2-c37f9856.jpg,car,245.44768,392.296718,276.915331,401.037733
7797fea2-c37f9856.jpg,car,198.246202,390.548515,226.217448,409.778747
7797fea2-c37f9856.jpg,car,276.915331,392.296718,296.145563,399.289531
7797fea2-c37f9856.jpg,car,490.196079,381.807501,504.181701,395.793124
7797fea2-c37f9856.jpg,car,511.174512,383.555704,525.160136,395.793124
7797fea2-c37f9856.jpg,car,292.649157,385.303907,325.865011,409.778747
7797fea2-c37f9856.jpg,car,329.361416,390.548515,366.073675,409.778747
7797fea2-c37f9856.jpg,car,322.368605,383.555704,336.354229,395.793124
7797fea2-c37f9856.jpg,bus,630.052306,382.856424,652.778943,398.59025
7797fea2-c37f9856.jpg,car,581.102627,377.611815,596.836452,391.597439
7797fea2-c37f9856.jpg,car,563.620598,381.108221,577.606221,391.597437
77bdbeb0-edb0613f.jpg,car,561.513244,289.194113,573.797596,299.94292
77bdbeb0-edb0613f.jpg,car,530.802365,286.123025,550.356648,308.13729
77bdbeb0-edb0613f.jpg,car,473.987237,287.3661753220078,493.377827688664,313.6200210700791
77bdbeb0-edb0613f.jpg,car,442.303992342664,290.5756619720079,480.692594342664,319.7509989720079
77bdbeb0-edb0613f.jpg,car,576.868686,289.194113,589.153038,298.407377
77bdbeb0-edb0613f.jpg,car,579.044128,296.71783897200794,619.7852331423404,328.20549093011863
77bdbeb0-edb0613f.jpg,car,618.328374,289.194113,632.14827,303.01401
77dca577-16a39ea0.jpg,car,401.816668,353.686961,420.243196,372.113488
77dca577-16a39ea0.jpg,car,383.39014,350.615873,395.674491,369.042401
77dca577-16a39ea0.jpg,car,563.04879,361.364681,573.797598,373.649033
77dca577-16a39ea0.jpg,car,573.797597,365.971313,589.153036,376.720121
77dca577-16a39ea0.jpg,car,587.617493,364.435769,601.437389,378.255665
77dca577-16a39ea0.jpg,car,599.901845,353.686961,629.077181,384.39784
77dca577-16a39ea0.jpg,car,619.863917,353.686961,659.788063,390.540016
77f810c4-43a39c1f.jpg,car,441.713025,411.265969,533.746182,475.850641
77f810c4-43a39c1f.jpg,car,74.884491,398.164514,228.662904,463.160575
77f810c4-43a39c1f.jpg,car,348.757229,411.081447,400.424966,436.915316
77f810c4-43a39c1f.jpg,car,245.421754,409.466831,356.830313,448.217634
77f810c4-43a39c1f.jpg,car,431.102686,415.925298,460.16579,432.071467
77f810c4-43a39c1f.jpg,car,568.345116,414.310681,595.7936,441.759167
77f810c4-43a39c1f.jpg,car,524.750461,412.696065,571.574348,449.832251
77f810c4-43a39c1f.jpg,car,682.982908,417.539916,733.03603,456.290718
77f810c4-43a39c1f.jpg,car,670.065973,423.998382,687.826758,441.759167
77f810c4-43a39c1f.jpg,car,645.84672,419.154532,673.295208,446.603016
77f810c4-43a39c1f.jpg,car,721.087874,406.883433,821.194116,484.38504
77f810c4-43a39c1f.jpg,car,588.689295,414.956518,654.888584,465.009639
77f810c4-43a39c1f.jpg,car,904.992718,370.554556,1277.9692,657.956347
77f810c4-43a39c1f.jpg,car,0,353.139763,70.351159,469.392172
7814206e-8e991d51.jpg,car,643.208713,382.691217,654.887085,390.776243
7814206e-8e991d51.jpg,car,592.901886,386.284562,610.868611,394.369589
7814206e-8e991d51.jpg,car,583.918525,388.979572,594.698559,397.064598
7814206e-8e991d51.jpg,car,570.443482,388.081236,585.715198,398.861272
7814206e-8e991d51.jpg,car,720.465626,371.911183,744.720705,392.572914
7814206e-8e991d51.jpg,car,666.565453,374.606193,687.227185,403.35295
7814206e-8e991d51.jpg,car,549.242741,390.776242,570.80281,404.251283
7814206e-8e991d51.jpg,car,510.614286,389.877908,547.446069,408.742966
7814206e-8e991d51.jpg,car,744.181724,373.707854,784.606852,400.65794
7814206e-8e991d51.jpg,car,681.298187,372.809517,728.01167,412.336312
7814206e-ea2508d0.jpg,car,414.254342,386.803753,554.002795,477.889798
7814206e-ea2508d0.jpg,car,666.300659,369.335197,691.25574,396.785786
7814206e-ea2508d0.jpg,car,242.064284,400.529048,299.46097,429.227391
7814206e-ea2508d0.jpg,car,395.538032,396.785786,425.484129,413.006588
79e177bc-4d5d3acc.jpg,car,657.385736,287.988816,669.627555,299.006454
79e177bc-4d5d3acc.jpg,car,676.972646,289.212998,685.54192,299.006454
79e177bc-4d5d3acc.jpg,car,692.887013,295.333908,707.577198,305.127363
79e177bc-4d5d3acc.jpg,car,697.783741,300.230636,713.698108,311.248273
79e177bc-4d5d3acc.jpg,car,701.456287,306.351545,718.594835,322.265912
79e177bc-4d5d3acc.jpg,car,705.128832,310.024093,724.715745,327.162641
79e177bc-4d5d3acc.jpg,car,707.577196,316.145002,735.733382,335.731915
79e177bc-4d5d3acc.jpg,car,723.491563,323.490094,752.871931,344.301188
79e177bc-4d5d3acc.jpg,car,746.751021,321.04173,783.47648,355.318825
79e177bc-4d5d3acc.jpg,car,767.562115,323.490094,796.942483,381.026647
79e177bc-4d5d3acc.jpg,car,670.851737,300.230636,687.990285,308.799909
79e177bc-4d5d3acc.jpg,car,670.851737,306.351545,686.766104,314.920819
79e177bc-4d5d3acc.jpg,car,664.730827,313.696639,691.662831,323.490094
79e177bc-4d5d3acc.jpg,car,667.179191,321.04173,700.232105,332.059367
79e177bc-4d5d3acc.jpg,car,648.816461,303.903181,662.282463,311.248273
79e177bc-4d5d3acc.jpg,car,641.8183494003831,307.94314743957773,658.4889558783151,324.61375391750977
79e177bc-4d5d3acc.jpg,car,631.677914,318.593366,654.937372,341.74743279760656
79e177bc-4d5d3acc.jpg,car,615.763547,323.490094,642.2814218025479,348.2304464279135
79e177bc-4d5d3acc.jpg,car,594.1218919774109,324.61375391750977,624.6846705202863,354.25038765605564
79e177bc-4d5d3acc.jpg,car,550.881902,330.835185,604.74591,372.457374
79e177bc-4d5d3acc.jpg,car,653.713188,331.753323,714.922288,377.048057
79e177bc-4d5d3acc.jpg,car,490.896983,339.098414,583.934815,401.531697
79e177bc-4d5d3acc.jpg,car,771.234661,318.28732,891.8774465693635,425.10046518726676
79e177bc-4d5d3acc.jpg,car,1084.1308809999998,355.012781,1280,619.436095
79e177bc-4d5d3acc.jpg,car,210.119865,328.017546,294.482205,363.2936548082669
79e177bc-4d5d3acc.jpg,car,624.2215981181215,289.88332375515137,635.3353357700762,300.5339890049413
79e177bc-4d5d3acc.jpg,car,613.1078604661668,296.3663373854583,625.1477429224511,307.94314743957773
7aa4ff0f-9d28d8a4.jpg,car,704.812023,457.87469,719.999515,466.312185
7aa4ff0f-9d28d8a4.jpg,car,917.1896123885853,442.4602122009887,1058.061773,494.999665
7aa4ff0f-9d28d8a4.jpg,car,817.874445,456.187191,843.186928,469.0561658615016
7ad1174c-373265eb.jpg,car,0,214.460417,112.708426,593.983062
7ad1174c-373265eb.jpg,car,150.754829,404.472766,175.002109,421.691827
7ad1174c-373265eb.jpg,car,149.7006,409.041073,175.002109,420.637598
7ad1174c-373265eb.jpg,car,132.832926,407.986844,151.809055,416.420679
7ad1174c-373265eb.jpg,car,112.802564,409.041073,142.320992,423.800287
7ad1174c-373265eb.jpg,car,111.748334,419.583368,127.561779,439.613727
7ad1174c-373265eb.jpg,car,234.038964,413.25799,303.618116,453.318714
7ad1174c-373265eb.jpg,car,228.767816,417.47491,299.401199,452.264486
7ad1174c-373265eb.jpg,car,566.8827543416595,415.71401985055036,584.043182,431.179895
7ad1174c-373265eb.jpg,car,537.657079,414.312221,558.741671,437.50527
7ad1174c-373265eb.jpg,car,1199.010472,422.746056,1228.528901,445.939107
7ad1174c-373265eb.jpg,car,1134.702469,422.746056,1217.986603,442.776417
7ad1174c-373265eb.jpg,car,1124.160172,430.125664,1226.420441,472.294849
7ad1174c-373265eb.jpg,car,939.669999,422.746056,973.405345,439.61373
7ad1174c-373265eb.jpg,car,1037.713349,422.746056,1072.502924,438.559501
7ad1174c-373265eb.jpg,car,334.190773,398.498778,454.372941,476.511766
7ad1174c-373265eb.jpg,car,475.457536,403.769924,540.819768,451.210256
7ad1174c-373265eb.jpg,car,574.7018268153377,412.730877,620.150542,446.9903097452626
7ad1174c-373265eb.jpg,bus,975.425908,413.785106,1055.547355,435.923926
7ad1174c-373265eb.jpg,car,134.22741079814008,416.571298,285.3961452892493,467.18958030226423
7b268b98-e0ec16c3.jpg,car,406.390262102405,249.35025777197427,423.2762840734191,262.85907534878555
7b268b98-e0ec16c3.jpg,car,391.06786,249.269969,403.352212,258.483234
7b268b98-e0ec16c3.jpg,car,382.7498313429854,252.72746216617708,404.13879250626985,268.4877493391235
7b268b98-e0ec16c3.jpg,car,343.3491134106192,254.4160643632785,373.74395295844454,274.11642332946155
7b268b98-e0ec16c3.jpg,car,282.044236,250.805513,305.07413027632066,265.1105449449207
7b268b98-e0ec16c3.jpg,car,144.0940541526533,247.66165557487287,176.74036329661382,270.73921893525875
7b268b98-e0ec16c3.jpg,truck,0,227.9254111971014,108.63340801352378,301.13405848308406
7b268b98-e0ec16c3.jpg,car,460.167341,252.341057,475.52278,264.625409
7b268b98-e0ec16c3.jpg,car,469.380605,258.483233,484.736044,273.838672
7b268b98-e0ec16c3.jpg,car,515.446925,256.947689,526.195733,269.23204
7b268b98-e0ec16c3.jpg,car,523.124645,258.483233,561.513246,286.123025
7b268b98-e0ec16c3.jpg,car,472.451693,258.483233,524.660189,298.407377
7b268b98-e0ec16c3.jpg,car,609.115109,260.018777,629.077181,270.17635153622496
7b268b98-e0ec16c3.jpg,car,627.541637,258.483233,650.6747132830751,269.0506167381574
7b268b98-e0ec16c3.jpg,car,667.5607352540892,253.8531969642447,825.626815,349.080329
7b268b98-e0ec16c3.jpg,car,328.71456103574036,250.47599257004188,341.6605112135178,261.1704731516841
7c5a2048-332896ea.jpg,car,428.85673,295.649792,447.419218,307.462282
7c5a2048-332896ea.jpg,car,324.231803,297.33729,374.856768,317.587278
7c5a2048-332896ea.jpg,car,192.606894,298.5422140638304,266.856843,327.71227
7c5a2048-332896ea.jpg,car,460.919209,288.899797,489.60669,319.274775
7c5a2048-332896ea.jpg,car,489.0094218877107,297.33729,525.1343929958911,325.8063432020797
7c5d50c5-7292de37.jpg,car,488.412452,354.210377,500.288742,366.086667
7c5d50c5-7292de37.jpg,car,497.31967,354.210377,512.165033,363.117596
7c5d50c5-7292de37.jpg,car,469.11348,354.210377,483.958844,369.05574
7c5d50c5-7292de37.jpg,car,449.814507,346.787695,473.567089,373.509349
7c5d50c5-7292de37.jpg,car,350.350573,346.787695,368.165009,358.663986
7c5d50c5-7292de37.jpg,car,368.165009,349.756768,418.639244,382.416567
7c5d50c5-7292de37.jpg,truck,493.162962,318.581506,551.059879,380.932032
7c5d50c5-7292de37.jpg,car,551.653708,354.804183,642.210423,418.639245
7c5d50c5-7292de37.jpg,car,413.59183,345.896964,464.066065,385.979445
7c5d50c5-7292de37.jpg,car,0,293.9676366755972,316.041283,605.056797
7c5d50c5-7292de37.jpg,car,1067.381619,350.350573,1113.402246,374.103155
7d1fe115-936a2f47.jpg,car,336.893592,366.83969,470.403274,439.209424
7d1fe115-936a2f47.jpg,car,536.534238,361.848672,572.719106,391.794769
7d1fe115-936a2f47.jpg,car,603.912956,364.344179,641.345578,396.785785
7d1fe115-936a2f47.jpg,car,671.291675,363.051642,715.546448,391.794769
7d1fe115-936a2f47.jpg,car,647.584348,364.344179,665.052905,380.564983
7d1fe115-936a2f47.jpg,car,524.056698,366.83969,541.525255,386.803754
7d1fe115-936a2f47.jpg,car,596.426432,368.087443,610.151727,378.069474
7d1fe115-936a2f47.jpg,car,471.651028,368.087443,492.862846,379.317229
7dc2914d-a20a969a.jpg,car,520.793236,345.411237,532.915689,355.329607
7dc2914d-a20a969a.jpg,car,505.102264,350.081794,516.122678,357.796083
7dc2914d-a20a969a.jpg,car,489.673684,347.877713,500.694099,360.000166
7dc2914d-a20a969a.jpg,car,556.898206,342.367506,577.836991,371.020578
7dc2914d-a20a969a.jpg,car,657.183963,348.979754,667.102336,362.20425
7dc2914d-a20a969a.jpg,car,602.081898,346.775673,612.00027,355.592003
7dc2914d-a20a969a.jpg,car,638.449261,345.673629,656.08192,362.20425
7dc2914d-a20a969a.jpg,car,384.909451,349.368618,427.889062,374.715569
7dc2914d-a20a969a.jpg,car,173.317519,350.470661,265.888991,404.470683
7dc2914d-a20a969a.jpg,car,818.011685,332.838,863.19538,369.205364
7dc2914d-a20a969a.jpg,car,935.930109,330.633918,1017.481166,386.838024
7dc2914d-a20a969a.jpg,car,757.399417,343.858412,802.58311,371.409444
7dc2914d-a20a969a.jpg,car,831.236184,330.633918,938.134191,396.756397
7dc2914d-a20a969a.jpg,truck,663.725904,321.817588,703.399391,365.89924
7dc2914d-a20a969a.jpg,car,565.644227,344.960455,608.623839,380.225776
7dc2914d-a20a969a.jpg,car,1.399075,310.797173,118.215456,425.409468
7dc2914d-a20a969a.jpg,car,610.827922,344.960455,637.276913,363.695155
7dc2914d-a20a969a.jpg,car,982.986209,311.284047,1279.011234,639.045996592845
7e4ab78b-4a62c63e.jpg,car,621.057636,319.00793,639.029914,330.989449
7e4ab78b-4a62c63e.jpg,car,598.592288,316.012551,621.057636,332.487139
7e4ab78b-4a62c63e.jpg,car,541.680075,313.017171,570.136181,332.487139
7e4ab78b-4a62c63e.jpg,car,329.008122,316.214339,430.851029,383.408592
7e590c49-93f03732.jpg,car,186.899313,240.910785,231.4667,262.181584
7e590c49-93f03732.jpg,truck,236.531176,220.652882,268.943822,231.794729
7e590c49-93f03732.jpg,car,352.001225,250.026842,370.233338,264.207374
7e590c49-93f03732.jpg,car,370.233338,252.052632,382.388081,264.207375
7e590c49-93f03732.jpg,car,510.012871,249.013947,529.257879,272.310532
7e590c49-93f03732.jpg,car,554.58026,248.001051,577.876849,269.27185
7e590c49-93f03732.jpg,car,298.317781,246.988156,318.575684,256.10421
7e590c49-93f03732.jpg,car,477.600226,256.104213,524.3611584327087,290.6984667802385
7e590c49-93f03732.jpg,car,532.9471890971039,255.12776831345826,564.70921,283.452381
7e590c49-93f03732.jpg,car,417.64906303236796,251.039736,470.50996,293.581332
7e590c49-93f03732.jpg,car,399.607299,248.001051,420.878098,267.246059
7e590c49-93f03732.jpg,car,972.998031,239.18228279386713,1182.667332,343.4412265758092
7ed57d0a-d7bcc13d.jpg,car,0,428.624707,89.669463,636.187064
7ed57d0a-d7bcc13d.jpg,car,215.999851,401.62471,283.499805,440.437182
7ed57d0a-d7bcc13d.jpg,car,366.187248,428.624692,389.812233,441.787201
7ed57d0a-d7bcc13d.jpg,car,440.437197,428.287212,455.624687,438.412205
7ed57d0a-d7bcc13d.jpg,car,480.937168,424.912214,509.62465,446.849699
7ed57d0a-d7bcc13d.jpg,car,465.74968,426.599712,482.624668,440.099703
7ed57d0a-d7bcc13d.jpg,car,523.12464,433.349708,538.312128,446.849699
7ed57d0a-d7bcc13d.jpg,car,534.937132,421.537216,546.749624,440.099703
7ed57d0a-d7bcc13d.jpg,car,543.374626,431.662208,566.999611,448.537197
7ed57d0a-d7bcc13d.jpg,car,455.624687,423.224714,465.74968,436.724704
7ed57d0a-d7bcc13d.jpg,truck,460.687183,398.249725,487.687164,415.124715
7ed57d0a-d7bcc13d.jpg,car,429.40540540540536,421.6216216216216,442.37837837837833,434.5945945945946
7f0ef682-c93899df.jpg,car,549.868371,299.383868,585.794435,327.326363
7f0ef682-c93899df.jpg,car,642.677371,291.400298,716.525391,351.277073
7f0ef682-c93899df.jpg,car,338.30377,299.383868,383.211351,331.318147
7f0ef682-c93899df.jpg,car,542.882747,296.390028,555.856048,319.342793
7f0ef682-c93899df.jpg,car,583.61539,297.387977,606.751306,320.340738
7f0ef682-c93899df.jpg,car,491.98749,298.385922,507.954629,313.355114
7f0ef682-c93899df.jpg,car,508.952576,297.387977,521.925876,309.363331
7f0ef682-c93899df.jpg,car,1024.890775,334.7027027027027,1279.135135135135,715.527444
7f4ac354-777de900.jpg,car,285.648919,354.746863,374.252982,385.163184
7f4ac354-777de900.jpg,car,461.865208,346.812171,505.506015,373.261145
7f4ac354-777de900.jpg,car,587.497834,342.844825,600.722321,360.036658
7f4ac354-777de900.jpg,car,718.618615,341.191764,730.520653,351.771354
7f4ac354-777de900.jpg,truck,602.507635,309.452996,658.050481,384.832571
7f4ac354-777de900.jpg,truck,773.632489,298.873406,911.167154,411.281545
7f4ac354-777de900.jpg,truck,1.763258,238.040766,102.269359,395.412161
7f9bdf0d-c0e0061f.jpg,car,68.881909,284.71189,145.417363,335.225289
7f9bdf0d-c0e0061f.jpg,car,659.735616,304.611108,705.656887,330.633163
7f9bdf0d-c0e0061f.jpg,car,522.584096,316.85678,556.259698,338.286708
7f9bdf0d-c0e0061f.jpg,car,397.065952,304.611108,465.947858,338.28671
7f9bdf0d-c0e0061f.jpg,car,342.878835,309.203234,422.47571,338.286707
7f9bdf0d-c0e0061f.jpg,car,328.490167,309.203234,359.104352,321.448906
7f9bdf0d-c0e0061f.jpg,car,303.998821,309.203234,333.082296,321.448906
7f9bdf0d-c0e0061f.jpg,truck,128.273423,284.71189,284.405749,335.225289
7f9bdf0d-c0e0061f.jpg,truck,442.987224,312.264653,530.237642,370.4316
7f9bdf0d-c0e0061f.jpg,car,603.711677,316.85678,641.979403,344.409544
7f9bdf0d-c0e0061f.jpg,car,739.026375,322.979616,777.081081081081,354.16216216216213
7f9bdf0d-c0e0061f.jpg,car,758.925593,293.896145,797.193322,315.326072
7f9bdf0d-c0e0061f.jpg,truck,714.535029,293.896145,754.333465,319.918198
7f9bdf0d-c0e0061f.jpg,car,677.79801,310.733942,716.065741,335.225289
7f9bdf0d-c0e0061f.jpg,truck,245.219604,315.326072,364.614912,384.207981
7f9bdf0d-c0e0061f.jpg,car,0,323.285753,102.767977,415.128299
7fd14da9-a855494b.jpg,car,425.479627,368.626746,440.151339,379.63053
7fd14da9-a855494b.jpg,car,445.65323,366.792782,460.324942,381.464494
7fd14da9-a855494b.jpg,car,522.679715,377.796566,552.023137,405.306024
7fd14da9-a855494b.jpg,car,445.65323,377.796566,535.517462,449.321158
7fd14da9-a855494b.jpg,car,575.864668,383.298457,636.385477,425.479627
7fd14da9-a855494b.jpg,car,721.2139521646803,364.434831,1062.231719905899,571.672753
801bff84-a72998c7.jpg,car,570.068308,419.697998,582.942478,429.997335
801bff84-a72998c7.jpg,car,555.906718,420.985415,570.068308,437.721838
801bff84-a72998c7.jpg,car,539.170294,424.847666,558.481551,442.871507
801bff84-a72998c7.jpg,car,505.697448,435.147005,545.7228693846025,460.895348
8073de38-f7eab6ec.jpg,car,616.0638518258409,357.2523951602455,695.9870649240376,418.832575744102
8073de38-f7eab6ec.jpg,car,560.5869195805062,354.5075332959423,603.0556256093324,386.88992164292233
8073de38-f7eab6ec.jpg,car,688.0338863158898,367.0005768727215,710.7716978810765,383.01037
8073de38-f7eab6ec.jpg,car,504.5207405854129,366.3365716404653,513.6922568425831,370.7039603343558
8073de38-f7eab6ec.jpg,car,461.690798,362.40592181596384,480.50010276901503,371.14069920374493
8073de38-f7eab6ec.jpg,car,446.8712098260579,365.02635503229817,460.206259,372.45091581191207
8073de38-f7eab6ec.jpg,car,0,355.79759406690783,82.59356417192154,388.0607050715647
8073de38-f7eab6ec.jpg,car,103.88721743499507,356.44285628700095,175.175286,384.866043
8073de38-f7eab6ec.jpg,truck,163.89660390365682,352.57128296644214,250.88664,383.54386953091273
8073de38-f7eab6ec.jpg,car,271.01013243911757,357.73338072718724,314.24270118535776,378.28263477990686
8073de38-f7eab6ec.jpg,car,311.6616523049852,359.0239051673735,343.2795010895489,377.443359
8073de38-f7eab6ec.jpg,car,356.18474549141166,359.66916738746664,382.64049651523027,375.15546066970194
8073de38-f7eab6ec.jpg,truck,379.41418541476463,335.7944652440206,436.19726078296065,374.474288
8073de38-f7eab6ec.jpg,car,432.000071,361.9691829465748,440.7568656546112,371.577438073134
8073de38-f7eab6ec.jpg,car,604.6482020854133,364.06299215242825,622.1665433223042,376.8036039610761
8082ea05-1a7bcd47.jpg,car,488.692754,362.35596077238273,508.886668,383.011264
8082ea05-1a7bcd47.jpg,car,529.3691166091636,362.35596077238273,546.6633783733,381.29729508548456
8082ea05-1a7bcd47.jpg,car,570.814676,364.0030333213481,591.1343371953651,385.414976457898
8082ea05-1a7bcd47.jpg,car,498.8982744533041,364.8265695958308,538.4280156284731,396.94448430065563
8082ea05-1a7bcd47.jpg,car,602.6638450381228,366.856129,660.3113842519109,407.243959
8082ea05-1a7bcd47.jpg,car,955.1373705167133,372.23839606617497,1161.8449754118678,459.5332411613399
8082ea05-1a7bcd47.jpg,car,94.8713763071724,351.1558686960348,203.57816453888722,412.09755300775373
8082ea05-1a7bcd47.jpg,car,543.3692332753692,363.17949704686544,573.8400754312287,392.435091
80ecebc0-ca9605f4.jpg,car,774.5469564433549,376.16206175785203,805.0355963427556,394.914155
80ecebc0-ca9605f4.jpg,truck,634.2992129061115,346.251747,725.7651326043137,426.108006
80ecebc0-ca9605f4.jpg,car,534.974546,380.22721374443876,547.1694563607568,387.42763
80ecebc0-ca9605f4.jpg,car,515.010481,378.693352,529.983531,387.6799923865145
81ec3b39-1951f79e.jpg,car,776.792614,379.64561,794.294006,398.493267
81ec3b39-1951f79e.jpg,car,736.404783,376.953087,751.213655,390.415697
81ec3b39-1951f79e.jpg,car,434.393567,369.773034,481.512703,400.737041
81ec3b39-1951f79e.jpg,car,678.964326,376.504342,723.390941,411.50713
81ec3b39-1951f79e.jpg,car,744.482349,379.196863,781.280164,408.814606
81ec3b39-1951f79e.jpg,car,774.100092,377.401856,857.568276,444.714908
81ec3b39-1951f79e.jpg,car,1085.983923,308.293775,1278.499251,515.617971
81ec3b39-1951f79e.jpg,car,725.634696,379.64561,739.097305,391.761961
81ec3b39-1951f79e.jpg,car,923.086339,363.490477,944.626517,370.221783
81ec3b39-1951f79e.jpg,car,900.199902,365.285497,923.086339,374.260566
82b14c0c-79b99258.jpg,car,999.972028,332.595593,1078.641156,385.041677
82b14c0c-79b99258.jpg,car,669.561692,333.469693,685.295518,345.707112
82b14c0c-79b99258.jpg,car,688.791922,342.210708,720.259574,366.685549
82b14c0c-79b99258.jpg,car,483.10874478423625,344.3165947599048,536.7887866112358,378.4977716929396
82b14c0c-79b99258.jpg,car,346.144164,316.86538561048184,459.9254009928515,401.5719738429869
82b14c0c-79b99258.jpg,car,0,347.455316,92.5497908466259,462.836704
82b5fc3b-90cadd1b.jpg,car,0,437.46246649197064,110.130035,516.718122
82b5fc3b-90cadd1b.jpg,car,106.23617940826675,438.738476,172.733412,495.1100057057588
82b5fc3b-90cadd1b.jpg,car,173.831718,439.836782,236.35491077653145,481.9334253140358
82b5fc3b-90cadd1b.jpg,car,215.567303,428.853733,254.4727088151506,466.78036289002085
82b5fc3b-90cadd1b.jpg,car,281.64940587307933,427.755427,301.235082,456.311354
82b5fc3b-90cadd1b.jpg,car,295.649522539285,425.558819,322.002683322731,453.93319198162436
82b5fc3b-90cadd1b.jpg,car,459.390983,412.379159,489.045215,427.755427
82b5fc3b-90cadd1b.jpg,car,539.567243,404.691026,570.319779,421.165599
82b5fc3b-90cadd1b.jpg,car,572.516386,400.297805,602.170618,442.033392
82b5fc3b-90cadd1b.jpg,car,588.990962,394.80628,639.512986,444.229999
82b5fc3b-90cadd1b.jpg,car,609.858753,402.5445334803712,654.889251,447.524915
82b5fc3b-90cadd1b.jpg,car,630.726546,400.297805,688.936705,455.213048
82b5fc3b-90cadd1b.jpg,car,665.872302,397.002891,751.540082,465.097792
82b5fc3b-90cadd1b.jpg,car,710.902802,390.413061,848.190912,482.670671
82b5fc3b-90cadd1b.jpg,car,792.177363,373.938487,1075.540022,521.111343
82b5fc3b-90cadd1b.jpg,car,992.068852,368.446964,1277.628119,619.958781
82b5fc3b-90cadd1b.jpg,car,500.028266,411.280854,541.763851,433.246952
82f03471-8e304dd5.jpg,car,184.63379,310.953993,218.4104881482491,328.704622
82f03471-8e304dd5.jpg,car,210.341596,306.669358,245.230762,326.256258
82f03471-8e304dd5.jpg,car,173.9194627847169,317.90860867322806,247.067033,359.87173486837776
82f03471-8e304dd5.jpg,car,118.528002,306.669358,159.7632274417748,349.515701
82f03471-8e304dd5.jpg,car,53.034304,313.35839017013956,146.11257193250924,370.326783
82f03471-8e304dd5.jpg,car,0,322.583716,46.301307,373.387238
82f03471-8e304dd5.jpg,car,654.2203047773943,302.5389693862047,664.424376,313.390401
82f03471-8e304dd5.jpg,car,658.915559,303.596952,685.235455,321.34758
82f03471-8e304dd5.jpg,car,672.993643,307.881585,710.405637044239,340.322387
82f03471-8e304dd5.jpg,car,720.0807004005845,298.5041092895534,763.085732,335.49699236749296
82f03471-8e304dd5.jpg,car,588.75596384563,301.34971839394586,604.350206,320.939518
82f03471-8e304dd5.jpg,car,621.4804373376535,319.134758335263,694.327526,369.294679
82f03471-8e304dd5.jpg,car,598.7155862127677,302.7725215892512,625.773377,327.67157750709515
82f03471-8e304dd5.jpg,car,508.0830243000848,317.00055082852316,587.7600032371854,379.700215
82f03471-8e304dd5.jpg,car,688.0676230786503,327.9561365178872,937.0581822570896,480.9074800132142
82f03471-8e304dd5.jpg,car,948.345165,318.491154,1104.948959303123,391.9822803066287
82f03471-8e304dd5.jpg,car,691.127632635779,300.5166500514987,723.9903218247517,310.62824672502876
836fa13a-d6058a12.jpg,car,1.247754,416.74985,93.581553,465.412258
836fa13a-d6058a12.jpg,car,247.055299,436.713915,309.443004,466.660011
836fa13a-d6058a12.jpg,car,380.564983,441.20450388145633,416.74985,461.668997
836fa13a-d6058a12.jpg,car,568.975843,444.200439,618.886006,482.880817
836fa13a-d6058a12.jpg,car,647.584349,446.695946,681.273707,475.394289
836fa13a-d6058a12.jpg,car,482.3980357416293,445.448193,500.349371,459.173488
836fa13a-d6058a12.jpg,car,237.1338658842279,432.970653,278.249152,461.668995
836fa13a-d6058a12.jpg,car,348.123378,441.704931,382.8018120702536,459.173488
836fa13a-d6058a12.jpg,car,437.0038385580771,443.9146052058475,458.0071238221088,460.421242
836fa13a-d6058a12.jpg,car,415.502097,442.5595545436519,436.713915,460.1752131521946
836fa13a-d6058a12.jpg,car,455.430226,445.9471811991409,471.5576304440646,461.5302638143902
836fa13a-d6058a12.jpg,car,552.8606701757999,449.3348078546299,560.241564,455.430228
836fa13a-d6058a12.jpg,car,636.8738112319264,452.04490917902103,653.1344191782734,466.9504664631725
836fa13a-d6058a12.jpg,car,612.647235,449.191455,623.877022,461.668995
836fa13a-d6058a12.jpg,car,621.381513,451.686962,633.859053,461.668995
836fa13a-d6058a12.jpg,car,680.912957753283,454.7550105034122,691.0758377197499,462.88531447658573
836fa13a-d6058a12.jpg,car,476.977833092847,445.2696558680431,485.7856623971183,454.7550105034122
836fa13a-d6058a12.jpg,car,507.4664729922477,449.3348078546299,517.6293529587147,454.7550105034122
836fa13a-d6058a12.jpg,car,514.2417263032256,448.6572825235321,527.1147075940837,458.820162489999
836fa13a-d6058a12.jpg,car,525.0821316007904,449.3348078546299,532.5349102428661,457.4651118278034
836fa13a-d6058a12.jpg,car,537.9551128916485,449.3348078546299,548.7955181892131,456.1100611656078
836fa13a-d6058a12.jpg,car,560.9909741489735,451.36738384792324,568.4437527910492,456.7875864967056
84fb3f59-7d5d1fa4.jpg,car,544.687281,317.275757,601.540162,372.294674
84fb3f59-7d5d1fa4.jpg,car,590.536379,319.109722,608.876018,350.287108
84fb3f59-7d5d1fa4.jpg,car,491.502328,319.109722,533.683498,330.113505
84fb3f59-7d5d1fa4.jpg,car,452.989087,319.109722,484.166473,342.951251
84fb3f59-7d5d1fa4.jpg,car,350.287108,323.388974,441.985304,393.079603
84fb3f59-7d5d1fa4.jpg,car,456.657013,328.890865,568.528812,402.249423
84fb3f59-7d5d1fa4.jpg,car,586.868452,314.219156,737.253492,449.932486
84fb3f59-7d5d1fa4.jpg,car,720.747817,328.890865,739.9754474773041,361.902217
84fb3f59-7d5d1fa4.jpg,bus,0,19.649607,388.014363,636.123482
8542b4da-7795bcfd.jpg,car,1048.168805,430.649699,1127.48125,457.649681
8542b4da-7795bcfd.jpg,car,668.481567,422.212205,681.981557,434.024695
8542b4da-7795bcfd.jpg,car,681.981557,423.46729494206494,698.7573440056501,434.3626798534709
8542b4da-7795bcfd.jpg,car,562.16914,405.337216,602.669112,437.399694
85f3f250-1fef85ac.jpg,car,317.3879,384.612418,340.530767,406.653243
85f3f250-1fef85ac.jpg,car,454.041019,388.194052,465.061433,401.418547
85f3f250-1fef85ac.jpg,car,465.061433,385.989969,476.081848,394.806297
85f3f250-1fef85ac.jpg,car,473.877765,382.683845,497.020633,392.602216
85f3f250-1fef85ac.jpg,car,470.57164,388.194052,497.02063,402.520589
85f3f250-1fef85ac.jpg,car,495.918589,384.887929,517.959417,399.214464
85f3f250-1fef85ac.jpg,car,546.61249,373.867515,577.469648,392.602217
85f3f250-1fef85ac.jpg,car,576.367607,376.071597,591.796184,388.194052
85f3f250-1fef85ac.jpg,car,592.898224,372.765473,619.347218,385.989969
85f3f250-1fef85ac.jpg,car,548.816573,383.785887,579.67373,408.030794
85f3f250-1fef85ac.jpg,car,577.469647,384.887929,613.837012,414.643041
85f3f250-1fef85ac.jpg,car,696.490109,378.367527,715.224811,398.204271
85f3f250-1fef85ac.jpg,car,706.408479,382.775692,747.184007,414.734893
85f3f250-1fef85ac.jpg,car,740.571762,366.245074,817.714653,435.673675
85f3f250-1fef85ac.jpg,car,590.694144,372.9853427744209,722.939101,482.473706
85f3f250-1fef85ac.jpg,car,510.245127,382.187947,555.428821,415.249187
85f3f250-1fef85ac.jpg,bus,390.122625,356.840996,452.938979,403.126734
85f3f250-1fef85ac.jpg,car,332.816477,365.657327,446.326732,438.392055
85f3f250-1fef85ac.jpg,car,189.551106,382.187947,267.796039,413.045107
85f3f250-1fef85ac.jpg,car,0,375.796088,232.530716,683.265612
87ca2979-d5158824.jpg,car,725.634696,383.4465218387267,763.6193477170635,430.803531
87ca2979-d5158824.jpg,car,543.9722344721465,387.3858319840838,558.2242868656418,397.27142307398776
87ca2979-d5158824.jpg,car,511.1207271839672,382.338133,541.196933,404.9257515222599
87ca2979-d5158824.jpg,car,484.0361803670042,386.67312214561093,510.232929,405.22457
87ca2979-d5158824.jpg,car,96.63968445489866,380.991871,242.326985,489.64916336915644
87ca2979-d5158824.jpg,car,223.49529486313708,365.4926085015188,432.6720992597004,522.0378298563662
87ca2979-d5158824.jpg,car,431.072777,389.338687,475.499391,421.648951
87ca2979-d5158824.jpg,car,482.8585913749623,389.0283001296947,538.773679,428.380254
87ca2979-d5158824.jpg,car,540.6343208837332,338.5020530955107,749.8111252802964,541.870064
87ca2979-d5158824.jpg,car,0,462.152189,66.543757,719.288044
87ca2979-d5158824.jpg,car,1211.3406870000001,402.91996977030044,1280,625.0530377703005
87ca2979-d5158824.jpg,car,67.378718,390.858954,94.829307,404.584248
87ca2979-d5158824.jpg,car,1075.020983647588,360.8839124387448,1098.5727634884256,372.0710078631426
87ca2979-d5158824.jpg,car,1040.93881,359.665103,1070.3106276794208,365.00547391089134
87ca2979-d5158824.jpg,car,1000.2440826529296,367.151627,1053.416351,386.202075767645
87ca2979-d5158824.jpg,car,946.6637835150246,375.885905,996.019665,392.0900207278543
87ca2979-d5158824.jpg,car,789.5263055419847,382.124676,798.874526,390.5120557909779
889b7dda-77f16103.jpg,car,514.9205861015058,334.31359112857336,530.907395,351.27707
889b7dda-77f16103.jpg,car,522.4728506638206,338.269539232643,535.7792215593278,353.272959
889b7dda-77f16103.jpg,car,533.2618000385561,336.307878,547.2874342257122,355.53185823221975
889b7dda-77f16103.jpg,car,541.1736962466955,338.98880252429205,558.4360152462722,353.3740683572727
889b7dda-77f16103.jpg,car,551.6030139756064,339.7080658159411,561.843728,355.268855
889b7dda-77f16103.jpg,car,484.2080567181965,330.21378158610446,516.936145,349.7217575832981
889b7dda-77f16103.jpg,car,473.02651,337.305825,517.2941681340519,373.3695790850462
889b7dda-77f16103.jpg,car,441.092231,343.293502,484.00392,400.176436
889b7dda-77f16103.jpg,truck,468.3842643019178,314.74962081565025,499.67221748865063,346.03757400238305
889b7dda-77f16103.jpg,truck,443.088125,326.25783348203475,461.1916313854275,339.2045727317173
889b7dda-77f16103.jpg,car,0,0,465.315116,610.3798738273875
889b7dda-77f16103.jpg,car,483.278149,349.748968,742.744168,564.765346
889b7dda-77f16103.jpg,car,464.0686845520236,332.37157146105153,469.10352759356687,341.00273096083987
889b7dda-77f16103.jpg,car,459.7531048021295,331.29267652357794,465.5072111353217,337.7660461484192
889b7dda-77f16103.jpg,car,558.0763836004477,338.269539232643,605.5477608492836,353.0144367114481
88dbf01a-d8b35dee.jpg,car,464.164504,326.1859027628351,472.62791333261237,332.152122
88dbf01a-d8b35dee.jpg,car,439.209423,322.17009,454.182471,332.152122
88dbf01a-d8b35dee.jpg,car,413.57639269819225,326.68938487197204,425.80386865622575,334.2416494342869
88dbf01a-d8b35dee.jpg,car,378.069475,325.97012158032305,397.7526002819136,334.64763
88dbf01a-d8b35dee.jpg,car,330.5014825127293,323.45270005955143,356.75459265791886,336.39943930923397
88dbf01a-d8b35dee.jpg,car,599.6498150278658,327.76827980944563,610.4387644026012,338.9168608300056
88dbf01a-d8b35dee.jpg,car,608.6406061734787,326.68938487197204,618.7102922565651,341.7939139966017
88dbf01a-d8b35dee.jpg,car,576.2737580492724,322.7334367679024,588.1416023614813,335.6801760175849
88dbf01a-d8b35dee.jpg,car,652.575363,328.40886,667.548412,338.390893
88dbf01a-d8b35dee.jpg,car,682.7247252133287,326.32975322614755,703.5833606711507,343.23244057989973
88dbf01a-d8b35dee.jpg,car,621.381513,318.4178570180082,651.0771403807714,347.5480203297939
88dbf01a-d8b35dee.jpg,car,694.4125771538604,310.66512387893596,812.1273179191039,402.026349
88dbf01a-d8b35dee.jpg,car,613.3158175691974,328.84717474691917,623.3855036522838,344.6709671631978
897223bc-6938f1ab.jpg,car,427.169233,256.837318,486.231692,290.587295
897223bc-6938f1ab.jpg,car,609.3027137180932,284.24704745832327,630.19284000931,299.3073710636191
897223bc-6938f1ab.jpg,car,378.23053992193746,259.95620293365266,430.54423,293.962291
897223bc-6938f1ab.jpg,truck,0,108.6021582851162,378.7163568124309,369.4139241095066
897223bc-6938f1ab.jpg,car,557.8061233257915,265.274812,613.6750657325339,310.48115954496757
897223bc-6938f1ab.jpg,car,778.168991,243.337328,896.29391,319.9325056497505
897223bc-6938f1ab.jpg,car,642.7799274684164,289.811858439159,651.5246314972978,296.61329490606676
89b7454d-880eacbd.jpg,car,504.794179,385.08723,523.356666,395.212223
89b7454d-880eacbd.jpg,car,440.669223,382.22011410828924,468.6180160916342,395.212223
89b7454d-880eacbd.jpg,car,466.7299499510555,385.24101993321517,481.07925261945365,394.3037374079929
89b7454d-880eacbd.jpg,car,355.71166088502775,379.1992082833633,398.481753,398.587221
89b7454d-880eacbd.jpg,car,588.4724639146433,390.30104640903903,595.6471152488424,397.85331097135384
89b7454d-880eacbd.jpg,car,576.3888406149396,388.7905934965761,588.4724639146433,399.36376388381683
89b7454d-880eacbd.jpg,car,615.6606163389766,388.03536704034457,630.0099190073747,400.1189903400483
89b7454d-880eacbd.jpg,car,598.2904078456526,390.30104640903903,613.3949369702822,401.62944325251124
89b7454d-880eacbd.jpg,car,596.0247284769581,384.25923475918717,606.5978988641989,393.6995654620807
89e85e71-7dd0a7b6.jpg,car,465.670895,451.6858437829378,484.59483661322463,465.670904
89e85e71-7dd0a7b6.jpg,car,447.72090488772255,456.0472765676746,459.6157215733684,464.77014213714824
8a4fbffe-47866ce9.jpg,car,213.07978337311184,330.7596425090118,278.973148,356.758049
8a4fbffe-47866ce9.jpg,truck,56.319267,289.194113,209.873668,353.686962
8a4fbffe-47866ce9.jpg,car,0,333.7502359598625,87.47485843738276,361.36468
8a4fbffe-47866ce9.jpg,car,564.7655453828878,332.87505357018847,587.4223390698323,350.1373725697652
8a4fbffe-47866ce9.jpg,car,540.3105934668208,331.4365269868904,560.4499656329937,347.26031940316904
8a4fbffe-47866ce9.jpg,car,519.451958008999,329.99800040359236,543.187646633417,350.8566358614142
8a4fbffe-47866ce9.jpg,car,649.6386137974733,335.3924750909601,666.9009327970501,343.66400294492394
8a4fbffe-47866ce9.jpg,bus,675.1724606510139,312.0164181123666,707.8989404210448,345.10252952822196
8a4fbffe-47866ce9.jpg,car,663.6642479846295,332.87505357018847,689.19809483817,352.2951624447123
8a4fbffe-47866ce9.jpg,car,693.8733062338887,328.5594738202943,720.4860480249029,348.36106570835096
8a4fbffe-47866ce9.jpg,car,725.1612594206215,324.2438940704001,762.2033189405466,355.89147890295743
8a4fbffe-47866ce9.jpg,car,897.797382,326.047169,939.25707,356.758049
8a4fbffe-47866ce9.jpg,car,988.39448,322.976081,1011.427639,359.46933507389497
8a4fbffe-47866ce9.jpg,car,822.7122651739508,326.57280711453734,913.152822,378.255665
8a4fbffe-47866ce9.jpg,car,579.5104428616929,323.5246307787511,658.2697732972617,387.468929
8a4fbffe-47866ce9.jpg,truck,992.8532730000001,0,1280,488.814833
8a4fbffe-47866ce9.jpg,truck,254.404444,143.28462456334984,532.3202615486556,426.082388
8a4fbffe-47866ce9.jpg,truck,530.2409073837345,319.5686826746814,555.0554909456259,336.8310016742581
8a76c101-8bcefc32.jpg,car,8.717403,455.032866,157.665172,501.099186
8a76c101-8bcefc32.jpg,car,414.2956559898413,510.10153521756155,438.3909762600838,523.4079061130686
8a76c101-8bcefc32.jpg,car,471.83671932176367,512.7627962265587,498.4494611127778,522.1132190179961
8a76c101-8bcefc32.jpg,car,494.13388136288364,512.7627962265587,523.2640446746693,524.6306405387678
8a76c101-8bcefc32.jpg,car,642.6617510884083,504.49129032276863,662.85915,521.061258
8a76c101-8bcefc32.jpg,car,653.645887,498.028097,739.7622954610274,588.2854637998806
8a76c101-8bcefc32.jpg,bus,695.0960626097616,466.94573771861974,796.451479,562.520946
8a76c101-8bcefc32.jpg,car,786.5863620875876,422.63913651317847,961.7269736041264,592.025641696525
8a76c101-8bcefc32.jpg,car,503.1246725084965,493.8462023864324,675.0285992126147,638.4181240078875
8a76c101-8bcefc32.jpg,truck,0,402.8792245761934,236.37991642616421,499.7562395049492
8b7ef6c4-6bbcf25f.jpg,car,585.794123,307.462285,596.7990296602906,324.5787354859983
8b7ef6c4-6bbcf25f.jpg,car,541.642809041852,310.989521710441,551.6348779944677,320.58190790495206
8b7ef6c4-6bbcf25f.jpg,car,521.6586711366207,308.5914251618133,537.6459814608058,322.98000445357985
8b7ef6c4-6bbcf25f.jpg,car,559.2288503984556,306.1933286131855,590.85662,332.774765
8b7ef6c4-6bbcf25f.jpg,car,421.71998789022416,301.983779130705,480.3823774173037,348.9136907523686
8b7ef6c4-6bbcf25f.jpg,car,551.2351952363631,312.58825274285954,556.4310710917233,318.1838113563243
8bac644e-e0437ead.jpg,car,0.232026,285.187304,72.794476,317.249782
8bac644e-e0437ead.jpg,car,145.1753948127743,293.624798,165.606913,311.4854997904818
8bac644e-e0437ead.jpg,car,165.606913,295.312297,217.919376,322.312278
8bac644e-e0437ead.jpg,truck,220.11832069835165,302.062292,267.73211578164097,327.27190339877325
8bac644e-e0437ead.jpg,car,280.356833,303.74979,312.41931,320.624779
8bac644e-e0437ead.jpg,car,314.10681,303.74979,341.106793,322.312278
8bac644e-e0437ead.jpg,car,374.856768,307.124789,400.16925,320.62478
8bac644e-e0437ead.jpg,car,410.294244,308.812288,440.669223,332.43727
8bac644e-e0437ead.jpg,car,444.04422,310.499787,462.606708,327.374774
8bac644e-e0437ead.jpg,car,469.356704,310.499787,487.919192,327.374774
8bac644e-e0437ead.jpg,car,511.2329556959599,327.374775,543.606652,354.0069116679449
8bac644e-e0437ead.jpg,car,551.8447220905302,324.1315892627438,575.669131,349.31226
8bac644e-e0437ead.jpg,car,636.4631817654429,324.35919530065013,675.4112696503252,359.39635970174527
8bac644e-e0437ead.jpg,car,619.544101,329.062274,643.169084,359.437253
8bac644e-e0437ead.jpg,car,557.106643,324.85301817073145,633.6623702899553,391.1388897572715
8bac644e-e0437ead.jpg,car,320.856806,314.4985004288081,445.73172,396.562227
8bac644e-e0437ead.jpg,car,688.3370751258127,334.06172867898977,843.171553373809,434.62080582516256
8bac644e-e0437ead.jpg,car,486.624077,311.938511,501.597125,325.663805
8c94c649-8ba62efa.jpg,car,355.966539,372.924763,385.920334,383.408591
8c94c649-8ba62efa.jpg,car,321.519674,377.417834,346.9804,383.408592
8c94c649-8ba62efa.jpg,car,275.091289,371.427073,317.026602,383.408591
8c94c649-8ba62efa.jpg,car,186.72759,374.422454,227.165214,386.403973
8c94c649-8ba62efa.jpg,car,508.730901,377.417834,535.689317,387.901663
8c94c649-8ba62efa.jpg,car,1.014054,377.417834,17.488641,395.390112
8c94c649-8ba62efa.jpg,car,538.684696,360.03289869893365,583.61539,392.39473
8c94c649-8ba62efa.jpg,car,648.016055,351.957105,708.5204276332291,399.88318
8c94c649-8ba62efa.jpg,car,766.333549,308.524103,1038.913094,479.26074
8c94c649-8ba62efa.jpg,car,381.427266,372.924763,405.390302,384.906281
8c9bbaa9-34934b66.jpg,car,536.89507,348.63726,551.864263,361.256534
8c9bbaa9-34934b66.jpg,car,510.948467,344.291448,533.901231,368.242158
8c9bbaa9-34934b66.jpg,car,551.864263,308.365384,625.712283,376.225727
8c9bbaa9-34934b66.jpg,car,369.240104,302.377708,485.999813,398.180546
