img1,img2,method,n_keypoints_img1,n_keypoints_img2,n_good_matches,n_inliers,inlier_ratio,match_ratio,avg_match_distance,detect_time_sec,match_time_sec,visualization_path,augmentation,level,snr_db
00e9be89-00000015.jpg,00e9be89-00000100.jpg,orb,2000,2000,7,5,0.7143,0.0035,46.4286,0.0248,0.0041,C:\Users\alonk\GitHub\Project_digital_image_processing__Amit_Alon\outputs\task2_feature_matching\degraded_visualizations\motion_blur\level_1\match_00e9be89-00000015__00e9be89-00000100.png,motion_blur,1,28.500270340002434
00e9be89-00000100.jpg,00e9be89-00000105.jpg,orb,2000,2000,1044,1031,0.9875,0.522,22.7107,0.0209,0.004,,motion_blur,1,31.909704887531092
00e9be89-00000105.jpg,00e9be89-00000110.jpg,orb,2000,2000,1046,1001,0.957,0.523,20.8298,0.021,0.0036,,motion_blur,1,31.39963567829991
00e9be89-00000110.jpg,00e9be89-00000115.jpg,orb,2000,2000,1069,1010,0.9448,0.5345,20.9242,0.0203,0.0039,,motion_blur,1,31.685449679503932
00e9be89-00000115.jpg,00e9be89-00000120.jpg,orb,2000,2000,1238,1229,0.9927,0.619,17.6987,0.0208,0.0036,,motion_blur,1,31.89835869122799
00e9be89-00000120.jpg,00e9be89-00000125.jpg,orb,2000,2000,731,574,0.7852,0.3655,28.2326,0.0205,0.0037,,motion_blur,1,31.94256211276148
00e9be89-00000125.jpg,00e9be89-00000130.jpg,orb,2000,2000,862,679,0.7877,0.431,22.5,0.02,0.0039,,motion_blur,1,31.503852366384237
00e9be89-00000130.jpg,00e9be89-00000135.jpg,orb,2000,2000,988,978,0.9899,0.494,21.3866,0.0198,0.0036,,motion_blur,1,31.751033108431116
00e9be89-00000135.jpg,00e9be89-00000140.jpg,orb,2000,2000,1041,1029,0.9885,0.5205,21.3814,0.0199,0.0037,,motion_blur,1,31.742406352557715
00e9be89-00000140.jpg,00e9be89-00000145.jpg,orb,2000,2000,248,171,0.6895,0.124,32.5645,0.0197,0.0035,,motion_blur,1,32.56340538488532
00e9be89-00000145.jpg,00e9be89-00000150.jpg,orb,2000,2000,16,7,0.4375,0.008,43.25,0.0212,0.0036,,motion_blur,1,30.423770755153477
00e9be89-00000150.jpg,00e9be89-00000160.jpg,orb,2000,2000,7,4,0.5714,0.0035,45.7143,0.0226,0.0045,,motion_blur,1,28.889182270074144
00e9be89-00000160.jpg,00e9be89-00000165.jpg,orb,2000,2000,13,6,0.4615,0.0065,40.3846,0.0191,0.0035,,motion_blur,1,29.805778936286927
00e9be89-00000165.jpg,00e9be89-00000175.jpg,orb,2000,2000,10,4,0.4,0.005,42.9,0.0176,0.0038,,motion_blur,1,29.443987862747164
00e9be89-00000175.jpg,00e9be89-00000190.jpg,orb,2000,2000,9,5,0.5556,0.0045,41.1111,0.0172,0.0035,,motion_blur,1,30.09824056278988
00e9be89-00000190.jpg,00e9be89-00001000.jpg,orb,2000,2000,8,4,0.5,0.004,46.25,0.0151,0.0036,,motion_blur,1,34.69895344530296
00e9be89-00001000.jpg,00e9be89-00001005.jpg,orb,2000,2000,20,6,0.3,0.01,43.5,0.0137,0.0038,,motion_blur,1,42.079731963714394
00e9be89-00001005.jpg,00e9be89-00001010.jpg,orb,2000,2000,16,5,0.3125,0.008,43.75,0.0137,0.0036,,motion_blur,1,42.51431718873459
00e9be89-00001010.jpg,00e9be89-00001015.jpg,orb,2000,1990,23,11,0.4783,0.0116,40.3913,0.0139,0.0036,,motion_blur,1,40.950290889811484
00e9be89-00001015.jpg,00e9be89-00001020.jpg,orb,1990,2000,31,8,0.2581,0.0156,39.1613,0.0132,0.0039,,motion_blur,1,39.28227669531405
00e9be89-00001020.jpg,00e9be89-00001025.jpg,orb,2000,2000,14,6,0.4286,0.007,40.4286,0.0135,0.0037,,motion_blur,1,38.511767133259056
00e9be89-00001025.jpg,00e9be89-00001030.jpg,orb,2000,2000,43,16,0.3721,0.0215,40.8372,0.013,0.0036,,motion_blur,1,39.49309725252152
00e9be89-00001030.jpg,00e9be89-00001035.jpg,orb,2000,2000,84,48,0.5714,0.042,35.5238,0.0151,0.0038,,motion_blur,1,39.22526365104428
00e9be89-00001035.jpg,00e9be89-00001040.jpg,orb,2000,2000,120,81,0.675,0.06,35.2583,0.0135,0.0038,,motion_blur,1,40.763582190573665
00e9be89-00001040.jpg,00e9be89-00001045.jpg,orb,2000,2000,203,107,0.5271,0.1015,35.5567,0.0131,0.0041,,motion_blur,1,40.78286279083716
00e9be89-00001045.jpg,00e9be89-00001050.jpg,orb,2000,2000,68,26,0.3824,0.034,38.5147,0.0128,0.0036,,motion_blur,1,41.01892248524446
00e9be89-00001050.jpg,00e9be89-00001055.jpg,orb,2000,2000,92,33,0.3587,0.046,37.0761,0.0128,0.0038,,motion_blur,1,40.15190461639723
00e9be89-00001055.jpg,00e9be89-00001060.jpg,orb,2000,2000,130,59,0.4538,0.065,36.2846,0.0138,0.0054,,motion_blur,1,39.64636289465671
00e9be89-00001060.jpg,00e9be89-00001065.jpg,orb,2000,2000,66,39,0.5909,0.033,37.0152,0.0142,0.0039,,motion_blur,1,39.18874172669818
00e9be89-00001065.jpg,00e9be89-00001070.jpg,orb,2000,2000,111,78,0.7027,0.0555,33.7477,0.0153,0.0037,,motion_blur,1,38.12674662425515
00e9be89-00001070.jpg,00e9be89-00001075.jpg,orb,2000,2000,76,40,0.5263,0.038,37.3421,0.0157,0.0036,,motion_blur,1,37.112561092676586
00e9be89-00001075.jpg,00e9be89-00001080.jpg,orb,2000,2000,40,23,0.575,0.02,37.175,0.0151,0.004,,motion_blur,1,38.08308296750312
00e9be89-00001080.jpg,00e9be89-00001090.jpg,orb,2000,2000,40,23,0.575,0.02,37.825,0.0139,0.0037,,motion_blur,1,40.44090229355234
00e9be89-00001090.jpg,00e9be89-00001095.jpg,orb,2000,2000,73,50,0.6849,0.0365,34.9041,0.014,0.0036,,motion_blur,1,39.32340219163535
00e9be89-00001095.jpg,00e9be89-00001100.jpg,orb,2000,2000,65,36,0.5538,0.0325,36.5692,0.0145,0.0045,,motion_blur,1,38.78196363143853
00e9be89-00001100.jpg,00e9be89-00001105.jpg,orb,2000,2000,28,15,0.5357,0.014,39.9286,0.0147,0.0036,,motion_blur,1,38.215381870152704
00e9be89-00001105.jpg,00e9be89-00001115.jpg,orb,2000,2000,20,8,0.4,0.01,43.45,0.0146,0.0034,,motion_blur,1,36.52620923962273
00e9be89-00001115.jpg,00e9be89-00001125.jpg,orb,2000,2000,29,8,0.2759,0.0145,43.6552,0.0148,0.0036,,motion_blur,1,34.84147724357527
00e9be89-00001125.jpg,00e9be89-00001130.jpg,orb,2000,2000,41,20,0.4878,0.0205,34.3171,0.0155,0.0036,,motion_blur,1,35.029108181610965
00e9be89-00001130.jpg,00e9be89-00001135.jpg,orb,2000,2000,75,38,0.5067,0.0375,36.2933,0.0154,0.0039,,motion_blur,1,37.48711417439348
00e9be89-00001135.jpg,00e9be89-00001140.jpg,orb,2000,2000,76,56,0.7368,0.038,33.9079,0.0147,0.0035,,motion_blur,1,37.30829569237886
00e9be89-00001140.jpg,00e9be89-00001150.jpg,orb,2000,2000,65,39,0.6,0.0325,33.9077,0.0146,0.0035,,motion_blur,1,35.94780509172962
00e9be89-00001150.jpg,00e9be89-00001155.jpg,orb,2000,2000,103,67,0.6505,0.0515,34.1359,0.0147,0.0036,,motion_blur,1,37.634781729105555
00e9be89-00001155.jpg,00e9be89-00001160.jpg,orb,2000,2000,101,57,0.5644,0.0505,31.5347,0.0142,0.0036,,motion_blur,1,38.24528271432659
00e9be89-00001160.jpg,00e9be89-00001165.jpg,orb,2000,2000,25,16,0.64,0.0125,36.84,0.0138,0.0036,,motion_blur,1,38.23340171594944
00e9be89-00001165.jpg,00e9be89-00001170.jpg,orb,2000,2000,64,37,0.5781,0.032,37.625,0.0142,0.0037,,motion_blur,1,37.667915104409005
00e9be89-00001170.jpg,00e9be89-00001175.jpg,orb,2000,2000,37,20,0.5405,0.0185,36.4595,0.0146,0.0036,,motion_blur,1,37.40856406411894
00e9be89-00001175.jpg,00e9be89-00001180.jpg,orb,2000,2000,93,55,0.5914,0.0465,38.1828,0.0146,0.0037,,motion_blur,1,37.20908622582529
00e9be89-00001180.jpg,00e9be89-00001185.jpg,orb,2000,2000,44,21,0.4773,0.022,38.6818,0.0149,0.0044,,motion_blur,1,36.188056118592414
00e9be89-00001185.jpg,00e9be89-00001190.jpg,orb,2000,2000,21,8,0.381,0.0105,41.619,0.0152,0.0038,,motion_blur,1,35.235162298507845
00e9be89-00001190.jpg,00e9be89-00001195.jpg,orb,2000,2000,18,9,0.5,0.009,41.2778,0.0155,0.0039,,motion_blur,1,33.50160792462832
00e9be89-00001195.jpg,00e9be89-00001200.jpg,orb,2000,1989,28,9,0.3214,0.0141,39.1071,0.014,0.0036,,motion_blur,1,36.14840030362143
00e9be89-00001200.jpg,00e9be89-00001205.jpg,orb,1989,1851,37,15,0.4054,0.02,37.7027,0.0126,0.0035,,motion_blur,1,42.925055882022846
00e9be89-00001205.jpg,00e9be89-00001210.jpg,orb,1851,2000,19,5,0.2632,0.0103,41.2105,0.0126,0.0034,,motion_blur,1,43.59796196178517
00e9be89-00001210.jpg,00e9be89-00001215.jpg,orb,2000,2000,38,17,0.4474,0.019,38.5,0.013,0.0039,,motion_blur,1,40.903548049426846
00e9be89-00001215.jpg,00e9be89-00001220.jpg,orb,2000,2000,14,6,0.4286,0.007,43.4286,0.0144,0.0038,,motion_blur,1,36.02140625025132
00e9be89-00001220.jpg,00e9be89-00001225.jpg,orb,2000,2000,24,7,0.2917,0.012,45.4167,0.0152,0.0036,,motion_blur,1,34.79686142413934
00e9be89-00001225.jpg,00e9be89-00001230.jpg,orb,2000,2000,19,6,0.3158,0.0095,41.5789,0.0145,0.0041,,motion_blur,1,37.856053693227906
00e9be89-00001230.jpg,00e9be89-00001240.jpg,orb,2000,1658,50,32,0.64,0.0302,35.74,0.0134,0.0034,,motion_blur,1,40.37542318133893
00e9be89-00001240.jpg,00e9be89-00001245.jpg,orb,1658,2000,25,13,0.52,0.0151,38.68,0.0134,0.0034,,motion_blur,1,38.56611417533655
00e9be89-00001245.jpg,00e9be89-00001250.jpg,orb,2000,2000,25,9,0.36,0.0125,44.6,0.0139,0.0037,,motion_blur,1,36.33051992587045
00e9be89-00001250.jpg,00e9be89-00001255.jpg,orb,2000,2000,38,20,0.5263,0.019,34.6053,0.0145,0.0045,,motion_blur,1,37.527812347020074
00e9be89-00001255.jpg,00e9be89-00001260.jpg,orb,2000,2000,40,30,0.75,0.02,35.225,0.0159,0.0044,,motion_blur,1,36.032222680220656
00e9be89-00001260.jpg,00e9be89-00001265.jpg,orb,2000,2000,35,25,0.7143,0.0175,35.1143,0.0159,0.0053,,motion_blur,1,34.22407903596272
00e9be89-00001265.jpg,00e9be89-00001270.jpg,orb,2000,2000,9,4,0.4444,0.0045,46.5556,0.0152,0.0113,,motion_blur,1,32.139818545220194
00e9be89-00001270.jpg,00e9be89-00001275.jpg,orb,2000,2000,14,7,0.5,0.007,40.4286,0.0164,0.0036,,motion_blur,1,31.50153195966538
00e9be89-00001275.jpg,00e9be89-00001280.jpg,orb,2000,2000,9,5,0.5556,0.0045,48.5556,0.0183,0.0044,,motion_blur,1,30.009832679735606
00e9be89-00001280.jpg,00e9be89-00001285.jpg,orb,2000,2000,13,5,0.3846,0.0065,38.4615,0.0179,0.0037,,motion_blur,1,29.267411284708043
00e9be89-00001285.jpg,00e9be89-00001290.jpg,orb,2000,2000,11,5,0.4545,0.0055,41.9091,0.0161,0.0041,,motion_blur,1,31.750605489554268
00e9be89-00001290.jpg,00e9be89-00001295.jpg,orb,2000,2000,18,8,0.4444,0.009,43.1111,0.0147,0.0038,,motion_blur,1,32.68779229307218
00e9be89-00001295.jpg,00e9be89-00001305.jpg,orb,2000,2000,16,5,0.3125,0.008,42.875,0.0165,0.0035,,motion_blur,1,31.012815011601383
00e9be89-00001305.jpg,00e9be89-00001310.jpg,orb,2000,2000,12,5,0.4167,0.006,45.1667,0.0203,0.004,,motion_blur,1,28.283076718926505
00e9be89-00001310.jpg,00e9be89-00001315.jpg,orb,2000,2000,5,0,0.0,0.0025,40.0,0.018,0.004,,motion_blur,1,30.59256996761973
00e9be89-00001315.jpg,00e9be89-00001325.jpg,orb,2000,2000,30,10,0.3333,0.015,34.3667,0.0145,0.0037,,motion_blur,1,34.21334674746742
00e9be89-00001325.jpg,00e9be89-00001330.jpg,orb,2000,2000,26,10,0.3846,0.013,32.5,0.0137,0.0038,,motion_blur,1,33.58190581882269
00e9be89-00001330.jpg,00e9be89-00001335.jpg,orb,2000,2000,8,4,0.5,0.004,38.75,0.0139,0.0042,,motion_blur,1,34.32954682260505
00e9be89-00001335.jpg,00e9be89-00001340.jpg,orb,2000,2000,25,9,0.36,0.0125,37.24,0.0144,0.004,,motion_blur,1,35.24597604194824
00e9be89-00001340.jpg,00e9be89-00001345.jpg,orb,2000,2000,15,7,0.4667,0.0075,42.9333,0.0145,0.0036,,motion_blur,1,36.481667904495495
00e9be89-00001345.jpg,00e9be89-00001350.jpg,orb,2000,2000,23,9,0.3913,0.0115,41.7826,0.0139,0.0036,,motion_blur,1,37.13139017807544
00e9be89-00001350.jpg,00e9be89-00001355.jpg,orb,2000,2000,20,11,0.55,0.01,36.8,0.0143,0.0037,,motion_blur,1,36.41729153077991
00e9be89-00001355.jpg,00e9be89-00001360.jpg,orb,2000,2000,24,9,0.375,0.012,41.0833,0.0145,0.0035,,motion_blur,1,35.62563939887167
00e9be89-00001360.jpg,00e9be89-00001365.jpg,orb,2000,2000,30,9,0.3,0.015,40.5,0.0141,0.0036,,motion_blur,1,35.523783595481774
00e9be89-00001365.jpg,00e9be89-00001370.jpg,orb,2000,2000,45,25,0.5556,0.0225,33.8889,0.0147,0.0036,,motion_blur,1,35.07020857923193
00e9be89-00001370.jpg,00e9be89-00001375.jpg,orb,2000,2000,268,116,0.4328,0.134,33.2649,0.0143,0.0038,,motion_blur,1,38.502110551643
00e9be89-00001375.jpg,00e9be89-00001380.jpg,orb,2000,2000,351,133,0.3789,0.1755,31.2593,0.014,0.0036,,motion_blur,1,42.98573882266587
00e9be89-00001380.jpg,00e9be89-00001385.jpg,orb,2000,2000,297,161,0.5421,0.1485,29.7576,0.0141,0.0037,,motion_blur,1,43.199339396078074
00e9be89-00001385.jpg,00e9be89-00001390.jpg,orb,2000,2000,79,44,0.557,0.0395,32.1646,0.0142,0.004,,motion_blur,1,42.69272429722118
00e9be89-00001390.jpg,00e9be89-00001395.jpg,orb,2000,2000,86,52,0.6047,0.043,30.3837,0.0148,0.0039,,motion_blur,1,42.49171362660795
00e9be89-00001395.jpg,00e9be89-00001400.jpg,orb,2000,2000,141,58,0.4113,0.0705,30.8369,0.0143,0.0035,,motion_blur,1,42.711779635115846
00e9be89-00001400.jpg,00e9be89-00001405.jpg,orb,2000,2000,141,63,0.4468,0.0705,30.0638,0.0141,0.0035,,motion_blur,1,42.32548008277557
00e9be89-00001405.jpg,00e9be89-00001410.jpg,orb,2000,2000,139,71,0.5108,0.0695,30.4029,0.0147,0.0047,,motion_blur,1,42.05118984379238
00e9be89-00001410.jpg,00e9be89-00001415.jpg,orb,2000,2000,220,63,0.2864,0.11,30.2864,0.0154,0.0035,,motion_blur,1,41.9257849278178
00e9be89-00001415.jpg,00e9be89-00001420.jpg,orb,2000,2000,125,39,0.312,0.0625,30.888,0.0152,0.0036,,motion_blur,1,41.59064973086653
00e9be89-00001420.jpg,00e9be89-00001425.jpg,orb,2000,2000,115,48,0.4174,0.0575,28.4435,0.0144,0.0036,,motion_blur,1,41.47346776090015
00e9be89-00001425.jpg,00e9be89-00001430.jpg,orb,2000,2000,171,80,0.4678,0.0855,30.8538,0.0146,0.0039,,motion_blur,1,41.58116101541104
00e9be89-00001430.jpg,00e9be89-00001440.jpg,orb,2000,2000,26,7,0.2692,0.013,39.8846,0.0142,0.0035,,motion_blur,1,40.659848963322034
00e9be89-00001440.jpg,00e9be89-00001445.jpg,orb,2000,2000,103,48,0.466,0.0515,30.7087,0.0166,0.0038,,motion_blur,1,38.82153174680859
00e9be89-00001445.jpg,00e9be89-00001450.jpg,orb,2000,2000,39,11,0.2821,0.0195,37.6154,0.0151,0.0042,,motion_blur,1,39.12479799577923
00e9be89-00001450.jpg,00e9be89-00001455.jpg,orb,2000,2000,79,48,0.6076,0.0395,34.7215,0.014,0.0038,,motion_blur,1,41.727762462058664
00e9be89-00001455.jpg,00e9be89-00001460.jpg,orb,2000,2000,180,120,0.6667,0.09,33.4222,0.0128,0.0037,,motion_blur,1,43.3087866620526
00e9be89-00001460.jpg,00e9be89-00001465.jpg,orb,2000,2000,205,174,0.8488,0.1025,29.1268,0.0128,0.0037,,motion_blur,1,42.90602457953567
00e9be89-00001465.jpg,00e9be89-00001470.jpg,orb,2000,2000,19,7,0.3684,0.0095,38.5789,0.0134,0.0036,,motion_blur,1,42.30499878223403
00e9be89-00001470.jpg,00e9be89-00001475.jpg,orb,2000,2000,125,59,0.472,0.0625,32.312,0.0141,0.0045,,motion_blur,1,42.55648064491652
00e9be89-00001475.jpg,00e9be89-00001480.jpg,orb,2000,2000,41,14,0.3415,0.0205,34.9024,0.0149,0.0039,,motion_blur,1,42.37562976677491
00e9be89-00001480.jpg,00e9be89-00001485.jpg,orb,2000,2000,41,20,0.4878,0.0205,36.6098,0.0143,0.0035,,motion_blur,1,42.8779998236965
00e9be89-00001485.jpg,00e9be89-00001490.jpg,orb,2000,2000,82,30,0.3659,0.041,33.7561,0.0148,0.0039,,motion_blur,1,44.253009738526
00e9be89-00001490.jpg,00e9be89-00001495.jpg,orb,2000,2000,607,501,0.8254,0.3035,19.5255,0.0148,0.004,,motion_blur,1,44.606939776642015
00e9be89-00001495.jpg,00e9be89-00001500.jpg,orb,2000,2000,814,794,0.9754,0.407,15.7985,0.0137,0.0038,,motion_blur,1,44.538958785400176
00e9be89-00001500.jpg,00e9be89-00001505.jpg,orb,2000,2000,401,270,0.6733,0.2005,24.7955,0.0145,0.004,,motion_blur,1,44.03305742525532
00e9be89-00001505.jpg,00e9be89-00001510.jpg,orb,2000,2000,50,24,0.48,0.025,33.6,0.0152,0.004,,motion_blur,1,43.73524721282967
00e9be89-00001510.jpg,00e9be89-00001515.jpg,orb,2000,2000,70,26,0.3714,0.035,35.7571,0.0147,0.004,,motion_blur,1,43.57524437058562
00e9be89-00001515.jpg,00e9be89-00001520.jpg,orb,2000,2000,30,10,0.3333,0.015,36.1,0.0149,0.0042,,motion_blur,1,39.036757743101056
00e9be89-00001520.jpg,00e9be89-00001525.jpg,orb,2000,2000,86,35,0.407,0.043,33.9767,0.0155,0.0042,,motion_blur,1,33.48369707198165
00e9be89-00001525.jpg,00e9be89-00001535.jpg,orb,2000,2000,22,8,0.3636,0.011,42.1364,0.0155,0.0036,,motion_blur,1,33.51308829953989
00e9be89-00001535.jpg,00e9be89-00001540.jpg,orb,2000,2000,19,9,0.4737,0.0095,43.7368,0.0153,0.004,,motion_blur,1,33.44330120892088
00e9be89-00001540.jpg,00e9be89-00001545.jpg,orb,2000,2000,28,11,0.3929,0.014,37.25,0.0165,0.0039,,motion_blur,1,32.376120062699286
00e9be89-00001545.jpg,00e9be89-00001550.jpg,orb,2000,2000,288,186,0.6458,0.144,27.1701,0.0152,0.0037,,motion_blur,1,32.91222272753387
00e9be89-00001550.jpg,00e9be89-00001555.jpg,orb,2000,2000,335,327,0.9761,0.1675,20.9463,0.0161,0.004,,motion_blur,1,32.779985404125604
00e9be89-00001555.jpg,00e9be89-00001560.jpg,orb,2000,2000,311,287,0.9228,0.1555,21.5916,0.0163,0.0035,,motion_blur,1,33.04062714166904
00e9be89-00001560.jpg,00e9be89-00001565.jpg,orb,2000,2000,472,419,0.8877,0.236,21.4788,0.0146,0.0038,,motion_blur,1,33.74542114186783
00e9be89-00001565.jpg,00e9be89-00001570.jpg,orb,2000,2000,68,38,0.5588,0.034,32.3676,0.0148,0.0038,,motion_blur,1,33.93319921850386
00e9be89-00001570.jpg,00e9be89-00001575.jpg,orb,2000,2000,69,30,0.4348,0.0345,35.4348,0.0158,0.0037,,motion_blur,1,33.37386607599256
00e9be89-00001575.jpg,00e9be89-00001580.jpg,orb,2000,2000,110,72,0.6545,0.055,30.9818,0.0167,0.004,,motion_blur,1,32.70145202270912
00e9be89-00001580.jpg,00e9be89-00001585.jpg,orb,2000,2000,55,24,0.4364,0.0275,36.3455,0.0161,0.0037,,motion_blur,1,31.79491496486708
00e9be89-00001585.jpg,00e9be89-00001590.jpg,orb,2000,2000,19,6,0.3158,0.0095,42.7895,0.0155,0.0041,,motion_blur,1,31.76680068790791
00e9be89-00001590.jpg,00e9be89-00001595.jpg,orb,2000,2000,19,5,0.2632,0.0095,41.8421,0.0146,0.0036,,motion_blur,1,32.35486232389124
00e9be89-00001595.jpg,00e9be89-00001600.jpg,orb,2000,2000,29,11,0.3793,0.0145,40.5862,0.015,0.0038,,motion_blur,1,32.61059357759649
00e9be89-00001600.jpg,00e9be89-00001605.jpg,orb,2000,2000,156,94,0.6026,0.078,31.5962,0.0172,0.0037,,motion_blur,1,32.42303865732562
00e9be89-00001605.jpg,00e9be89-00001610.jpg,orb,2000,2000,31,16,0.5161,0.0155,40.8065,0.0167,0.0041,,motion_blur,1,32.41771469917968
00e9be89-00001610.jpg,00e9be89-00001620.jpg,orb,2000,2000,15,5,0.3333,0.0075,46.8,0.0158,0.0037,,motion_blur,1,32.988037107789
00e9be89-00001620.jpg,00e9be89-00001625.jpg,orb,2000,2000,60,26,0.4333,0.03,37.0833,0.0165,0.0041,,motion_blur,1,33.04885508533934
00e9be89-00001625.jpg,00e9be89-00001630.jpg,orb,2000,2000,67,26,0.3881,0.0335,37.1343,0.0162,0.0037,,motion_blur,1,33.29964340628911
00e9be89-00001630.jpg,00e9be89-00001635.jpg,orb,2000,2000,35,8,0.2286,0.0175,42.3714,0.0154,0.0044,,motion_blur,1,31.399189313443937
00e9be89-00001635.jpg,00e9be89-00001640.jpg,orb,2000,2000,22,7,0.3182,0.011,43.0909,0.0155,0.0043,,motion_blur,1,31.81916938396641
00e9be89-00001640.jpg,00e9be89-00001645.jpg,orb,2000,2000,11,5,0.4545,0.0055,42.5455,0.0144,0.0048,,motion_blur,1,33.319120884927756
00e9be89-00001645.jpg,00e9be89-00001650.jpg,orb,2000,2000,37,8,0.2162,0.0185,34.1081,0.0149,0.0117,,motion_blur,1,31.7896985764632
00e9be89-00001650.jpg,00e9be89-00001655.jpg,orb,2000,2000,13,6,0.4615,0.0065,39.3846,0.0156,0.0035,,motion_blur,1,31.68515727279045
00e9be89-00001655.jpg,00e9be89-00001665.jpg,orb,2000,2000,10,5,0.5,0.005,46.3,0.0169,0.0035,,motion_blur,1,31.990009740577303
00e9be89-00001665.jpg,00e9be89-00001670.jpg,orb,2000,2000,24,8,0.3333,0.012,39.75,0.0171,0.0041,,motion_blur,1,32.43774234270265
00e9be89-00001670.jpg,00e9be89-00001675.jpg,orb,2000,2000,33,10,0.303,0.0165,39.1212,0.0164,0.0035,,motion_blur,1,32.85554298489875
00e9be89-00001675.jpg,00e9be89-00001680.jpg,orb,2000,2000,24,14,0.5833,0.012,37.0417,0.0158,0.0036,,motion_blur,1,32.42882039925669
00e9be89-00001680.jpg,00e9be89-00001685.jpg,orb,2000,2000,17,5,0.2941,0.0085,37.5882,0.0179,0.004,,motion_blur,1,31.221617151363613
00e9be89-00001685.jpg,00e9be89-00001690.jpg,orb,2000,2000,23,6,0.2609,0.0115,40.0,0.018,0.0036,,motion_blur,1,32.45865287489903
00e9be89-00001690.jpg,00e9be89-00001695.jpg,orb,2000,2000,17,7,0.4118,0.0085,40.2941,0.0161,0.0036,,motion_blur,1,35.83494744969292
00e9be89-00001695.jpg,00e9be89-00001705.jpg,orb,2000,2000,23,9,0.3913,0.0115,38.3478,0.0138,0.0035,,motion_blur,1,36.99095152426966
00e9be89-00001705.jpg,00e9be89-00001710.jpg,orb,2000,2000,123,88,0.7154,0.0615,30.5041,0.0134,0.0039,,motion_blur,1,37.3827699318554
00e9be89-00001710.jpg,00e9be89-00001715.jpg,orb,2000,2000,35,17,0.4857,0.0175,39.5714,0.0141,0.0036,,motion_blur,1,36.89666627825671
00e9be89-00001715.jpg,00e9be89-00001720.jpg,orb,2000,1990,63,41,0.6508,0.0317,33.2381,0.0136,0.0036,,motion_blur,1,37.73251475087379
00e9be89-00001720.jpg,00e9be89-00001725.jpg,orb,1990,2000,70,52,0.7429,0.0352,31.2571,0.0134,0.0041,,motion_blur,1,38.68851634586542
00e9be89-00001725.jpg,00e9be89-00001730.jpg,orb,2000,2000,80,61,0.7625,0.04,31.35,0.014,0.0039,,motion_blur,1,37.8575471542844
00e9be89-00001730.jpg,00e9be89-00001740.jpg,orb,2000,2000,24,7,0.2917,0.012,36.5833,0.0131,0.0035,,motion_blur,1,37.26739108063607
00e9be89-00001740.jpg,00e9be89-00001745.jpg,orb,2000,2000,11,5,0.4545,0.0055,38.0,0.017,0.004,,motion_blur,1,33.01667752930278
00e9be89-00001745.jpg,00e9be89-00001750.jpg,orb,2000,2000,11,5,0.4545,0.0055,44.1818,0.0164,0.004,,motion_blur,1,31.63226070673722
00e9be89-00001750.jpg,00e9be89-00001755.jpg,orb,2000,2000,59,38,0.6441,0.0295,34.5085,0.015,0.0044,,motion_blur,1,34.967446628895374
00e9be89-00001755.jpg,00e9be89-00001760.jpg,orb,2000,2000,28,15,0.5357,0.014,36.3571,0.0146,0.0035,,motion_blur,1,34.011232024563405
00e9be89-00001760.jpg,00e9be89-00001765.jpg,orb,2000,2000,20,10,0.5,0.01,37.65,0.0153,0.0035,,motion_blur,1,32.23337829906355
00e9be89-00001765.jpg,00e9be89-00001770.jpg,orb,2000,2000,31,13,0.4194,0.0155,31.7742,0.0158,0.004,,motion_blur,1,32.5544037025266
00e9be89-00001770.jpg,00e9be89-00001775.jpg,orb,2000,2000,54,29,0.537,0.027,34.1296,0.015,0.0036,,motion_blur,1,32.701598925202894
00e9be89-00001775.jpg,00e9be89-00001780.jpg,orb,2000,2000,41,28,0.6829,0.0205,32.6341,0.0157,0.0046,,motion_blur,1,32.55029111119911
00e9be89-00001780.jpg,00e9be89-00001785.jpg,orb,2000,2000,38,24,0.6316,0.019,36.0526,0.0156,0.004,,motion_blur,1,33.69758762859739
00e9be89-00001785.jpg,00e9be89-00001795.jpg,orb,2000,2000,28,16,0.5714,0.014,35.8929,0.0142,0.0036,,motion_blur,1,35.14073606457234
00e9be89-00001795.jpg,00e9be89-00001800.jpg,orb,2000,2000,922,799,0.8666,0.461,20.359,0.0145,0.0036,,motion_blur,1,35.478073719013125
00e9be89-00001800.jpg,00e9be89-00001810.jpg,orb,2000,2000,287,106,0.3693,0.1435,30.6132,0.0153,0.0036,,motion_blur,1,35.437392287440545
00e9be89-00001810.jpg,00e9be89-00001815.jpg,orb,2000,2000,208,60,0.2885,0.104,30.9712,0.0145,0.0036,,motion_blur,1,35.010799359187445
00e9be89-00001815.jpg,00e9be89-00001820.jpg,orb,2000,2000,54,18,0.3333,0.027,36.7222,0.0151,0.0038,,motion_blur,1,35.125249168075655
00e9be89-00001820.jpg,00e9be89-00001825.jpg,orb,2000,2000,71,23,0.3239,0.0355,35.3239,0.0155,0.0036,,motion_blur,1,35.00393980065833
00e9be89-00001825.jpg,00e9be89-00001830.jpg,orb,2000,2000,40,15,0.375,0.02,37.8,0.0162,0.0038,,motion_blur,1,33.70191094668637
00e9be89-00001830.jpg,00e9be89-00001840.jpg,orb,2000,2000,30,7,0.2333,0.015,41.1,0.0166,0.0035,,motion_blur,1,32.35831233547505
00e9be89-00001840.jpg,00e9be89-00001845.jpg,orb,2000,2000,1193,1179,0.9883,0.5965,16.6957,0.0169,0.0036,,motion_blur,1,31.785413984759522
00e9be89-00001845.jpg,00e9be89-00001865.jpg,orb,2000,2000,1014,998,0.9842,0.507,19.1351,0.0165,0.0037,,motion_blur,1,31.72355488466546
00e9be89-00001865.jpg,00e9be89-00001870.jpg,orb,2000,2000,1070,1048,0.9794,0.535,19.5393,0.0164,0.0039,,motion_blur,1,31.856494549589115
00e9be89-00001870.jpg,00e9be89-00001875.jpg,orb,2000,2000,1092,1079,0.9881,0.546,15.8297,0.0172,0.0039,,motion_blur,1,31.880099650249473
00e9be89-00001875.jpg,00e9be89-00001885.jpg,orb,2000,2000,1060,1045,0.9858,0.53,17.5481,0.0159,0.0036,,motion_blur,1,31.841846352316317
00e9be89-00001885.jpg,00e9be89-00001890.jpg,orb,2000,2000,1157,1138,0.9836,0.5785,16.9265,0.0171,0.0037,,motion_blur,1,31.755609675106165
00e9be89-00001890.jpg,00e9be89-00001895.jpg,orb,2000,2000,1101,1088,0.9882,0.5505,15.8392,0.0166,0.0037,,motion_blur,1,31.728412769230385
00e9be89-00001895.jpg,00e9be89-00001900.jpg,orb,2000,2000,1126,1107,0.9831,0.563,17.23,0.0161,0.0035,,motion_blur,1,31.77838164795011
00e9be89-00001900.jpg,00e9be89-00001905.jpg,orb,2000,2000,341,196,0.5748,0.1705,27.6158,0.0161,0.0037,,motion_blur,1,32.0698024300244
00e9be89-00001905.jpg,00e9be89-00001915.jpg,orb,2000,2000,49,19,0.3878,0.0245,34.5102,0.0157,0.0037,,motion_blur,1,33.29792831712489
00e9be89-00000015.jpg,00e9be89-00000100.jpg,orb,1500,780,13,4,0.3077,0.0167,42.4615,0.0119,0.0016,C:\Users\alonk\GitHub\Project_digital_image_processing__Amit_Alon\outputs\task2_feature_matching\degraded_visualizations\motion_blur\level_2\match_00e9be89-00000015__00e9be89-00000100.png,motion_blur,2,16.496924919666622
00e9be89-00000100.jpg,00e9be89-00000105.jpg,orb,780,813,450,429,0.9533,0.5769,18.1067,0.0103,0.001,,motion_blur,2,19.408178142469833
00e9be89-00000105.jpg,00e9be89-00000110.jpg,orb,813,854,467,443,0.9486,0.5744,17.8094,0.0094,0.001,,motion_blur,2,19.120367795333017
00e9be89-00000110.jpg,00e9be89-00000115.jpg,orb,854,817,460,434,0.9435,0.563,19.0565,0.0098,0.0011,,motion_blur,2,19.136791992931894
00e9be89-00000115.jpg,00e9be89-00000120.jpg,orb,817,792,472,453,0.9597,0.596,15.9597,0.0108,0.0011,,motion_blur,2,19.190569423157623
00e9be89-00000120.jpg,00e9be89-00000125.jpg,orb,792,906,313,250,0.7987,0.3952,25.0256,0.0099,0.0011,,motion_blur,2,18.879008682759494
00e9be89-00000125.jpg,00e9be89-00000130.jpg,orb,906,818,361,335,0.928,0.4413,19.0886,0.01,0.0011,,motion_blur,2,18.715860635943233
00e9be89-00000130.jpg,00e9be89-00000135.jpg,orb,818,675,385,368,0.9558,0.5704,18.1273,0.0097,0.0009,,motion_blur,2,19.18547603893966
00e9be89-00000135.jpg,00e9be89-00000140.jpg,orb,675,709,409,376,0.9193,0.6059,18.044,0.0096,0.0009,,motion_blur,2,19.341285805097797
00e9be89-00000140.jpg,00e9be89-00000145.jpg,orb,709,657,116,90,0.7759,0.1766,33.1379,0.0093,0.0008,,motion_blur,2,19.472972532953438
00e9be89-00000145.jpg,00e9be89-00000150.jpg,orb,657,1176,7,4,0.5714,0.0107,42.8571,0.0102,0.0011,,motion_blur,2,17.27407500683671
00e9be89-00000150.jpg,00e9be89-00000160.jpg,orb,1176,1278,20,6,0.3,0.017,36.25,0.0112,0.002,,motion_blur,2,15.88346809246121
00e9be89-00000160.jpg,00e9be89-00000165.jpg,orb,1278,977,20,7,0.35,0.0205,35.55,0.0118,0.0017,,motion_blur,2,17.384427710787065
00e9be89-00000165.jpg,00e9be89-00000175.jpg,orb,977,676,20,6,0.3,0.0296,40.55,0.0098,0.0011,,motion_blur,2,19.007449056729037
00e9be89-00000175.jpg,00e9be89-00000190.jpg,orb,676,735,16,9,0.5625,0.0237,36.5,0.0095,0.0009,,motion_blur,2,19.892006020861192
00e9be89-00000190.jpg,00e9be89-00001000.jpg,orb,735,408,7,4,0.5714,0.0172,48.5714,0.009,0.0007,,motion_blur,2,22.337905326748118
00e9be89-00001000.jpg,00e9be89-00001005.jpg,orb,408,255,9,4,0.4444,0.0353,47.8889,0.0085,0.0004,,motion_blur,2,25.831864948925997
00e9be89-00001005.jpg,00e9be89-00001010.jpg,orb,255,190,3,0,0.0,0.0158,45.6667,0.0081,0.0003,,motion_blur,2,26.713378752929778
00e9be89-00001010.jpg,00e9be89-00001015.jpg,orb,190,286,8,6,0.75,0.0421,39.125,0.0086,0.0003,,motion_blur,2,27.519877880304175
00e9be89-00001015.jpg,00e9be89-00001020.jpg,orb,286,599,8,5,0.625,0.028,35.875,0.0086,0.0004,,motion_blur,2,26.18241550378733
00e9be89-00001020.jpg,00e9be89-00001025.jpg,orb,599,478,10,6,0.6,0.0209,44.5,0.0087,0.0006,,motion_blur,2,25.314481698683498
00e9be89-00001025.jpg,00e9be89-00001030.jpg,orb,478,375,26,10,0.3846,0.0693,45.1154,0.0089,0.0005,,motion_blur,2,26.563025077980544
00e9be89-00001030.jpg,00e9be89-00001035.jpg,orb,375,360,24,11,0.4583,0.0667,41.4167,0.009,0.0004,,motion_blur,2,26.918077759106822
00e9be89-00001035.jpg,00e9be89-00001040.jpg,orb,360,216,40,26,0.65,0.1852,35.175,0.0082,0.0004,,motion_blur,2,27.828540759609375
00e9be89-00001040.jpg,00e9be89-00001045.jpg,orb,216,251,43,29,0.6744,0.1991,34.814,0.0079,0.0003,,motion_blur,2,28.05920562896805
00e9be89-00001045.jpg,00e9be89-00001050.jpg,orb,251,281,18,11,0.6111,0.0717,34.1667,0.0078,0.0003,,motion_blur,2,27.982309127694602
00e9be89-00001050.jpg,00e9be89-00001055.jpg,orb,281,317,26,12,0.4615,0.0925,36.6538,0.0082,0.0003,,motion_blur,2,27.562202947099927
00e9be89-00001055.jpg,00e9be89-00001060.jpg,orb,317,286,37,21,0.5676,0.1294,35.6757,0.0084,0.0004,,motion_blur,2,26.966896527062808
00e9be89-00001060.jpg,00e9be89-00001065.jpg,orb,286,524,30,16,0.5333,0.1049,34.5333,0.0089,0.0004,,motion_blur,2,26.042816782044227
00e9be89-00001065.jpg,00e9be89-00001070.jpg,orb,524,648,62,40,0.6452,0.1183,34.0645,0.0125,0.0006,,motion_blur,2,24.74225430474592
00e9be89-00001070.jpg,00e9be89-00001075.jpg,orb,648,786,38,20,0.5263,0.0586,38.6053,0.0093,0.0009,,motion_blur,2,23.29927592422211
00e9be89-00001075.jpg,00e9be89-00001080.jpg,orb,786,416,33,13,0.3939,0.0793,42.4545,0.0089,0.0007,,motion_blur,2,24.42872535594686
00e9be89-00001080.jpg,00e9be89-00001090.jpg,orb,416,591,24,13,0.5417,0.0577,36.0833,0.0089,0.0005,,motion_blur,2,26.49913602479034
00e9be89-00001090.jpg,00e9be89-00001095.jpg,orb,591,347,27,15,0.5556,0.0778,37.3333,0.0089,0.0005,,motion_blur,2,26.424033435273124
00e9be89-00001095.jpg,00e9be89-00001100.jpg,orb,347,488,23,13,0.5652,0.0663,35.3043,0.0087,0.0006,,motion_blur,2,26.06077335435359
00e9be89-00001100.jpg,00e9be89-00001105.jpg,orb,488,505,18,9,0.5,0.0369,43.2222,0.0087,0.0006,,motion_blur,2,24.518437838496872
00e9be89-00001105.jpg,00e9be89-00001115.jpg,orb,505,496,15,6,0.4,0.0302,43.4667,0.0093,0.0005,,motion_blur,2,23.97397254727452
00e9be89-00001115.jpg,00e9be89-00001125.jpg,orb,496,646,18,7,0.3889,0.0363,42.7778,0.0096,0.0006,,motion_blur,2,23.521038633796387
00e9be89-00001125.jpg,00e9be89-00001130.jpg,orb,646,829,28,14,0.5,0.0433,29.9286,0.0095,0.0008,,motion_blur,2,22.257226442217828
00e9be89-00001130.jpg,00e9be89-00001135.jpg,orb,829,610,28,17,0.6071,0.0459,36.0714,0.0102,0.0009,,motion_blur,2,23.44381292510714
00e9be89-00001135.jpg,00e9be89-00001140.jpg,orb,610,645,35,21,0.6,0.0574,35.0,0.0091,0.0008,,motion_blur,2,24.67385109758409
00e9be89-00001140.jpg,00e9be89-00001150.jpg,orb,645,784,28,14,0.5,0.0434,32.75,0.0093,0.0009,,motion_blur,2,24.740934433836223
00e9be89-00001150.jpg,00e9be89-00001155.jpg,orb,784,520,56,33,0.5893,0.1077,34.125,0.0098,0.0008,,motion_blur,2,25.81586334703441
00e9be89-00001155.jpg,00e9be89-00001160.jpg,orb,520,552,51,19,0.3725,0.0981,33.8235,0.0099,0.0006,,motion_blur,2,26.047924005396155
00e9be89-00001160.jpg,00e9be89-00001165.jpg,orb,552,543,21,8,0.381,0.0387,43.381,0.0102,0.0006,,motion_blur,2,26.02258277162978
00e9be89-00001165.jpg,00e9be89-00001170.jpg,orb,543,585,21,10,0.4762,0.0387,36.4286,0.0089,0.0006,,motion_blur,2,25.812982076755954
00e9be89-00001170.jpg,00e9be89-00001175.jpg,orb,585,679,27,14,0.5185,0.0462,34.8889,0.0097,0.0007,,motion_blur,2,25.657021713132863
00e9be89-00001175.jpg,00e9be89-00001180.jpg,orb,679,815,37,23,0.6216,0.0545,38.1622,0.0096,0.001,,motion_blur,2,25.555714863392765
00e9be89-00001180.jpg,00e9be89-00001185.jpg,orb,815,785,28,12,0.4286,0.0357,39.1071,0.0096,0.0009,,motion_blur,2,24.90805059455677
00e9be89-00001185.jpg,00e9be89-00001190.jpg,orb,785,783,16,7,0.4375,0.0204,36.9375,0.0099,0.001,,motion_blur,2,24.40426843379388
00e9be89-00001190.jpg,00e9be89-00001195.jpg,orb,783,704,14,5,0.3571,0.0199,43.5714,0.0097,0.0009,,motion_blur,2,21.155420790076448
00e9be89-00001195.jpg,00e9be89-00001200.jpg,orb,704,466,13,7,0.5385,0.0279,42.2308,0.0096,0.0007,,motion_blur,2,22.892487281105034
00e9be89-00001200.jpg,00e9be89-00001205.jpg,orb,466,177,19,10,0.5263,0.1073,37.0526,0.0086,0.0004,,motion_blur,2,28.791520572561858
00e9be89-00001205.jpg,00e9be89-00001210.jpg,orb,177,442,4,4,1.0,0.0226,41.5,0.0086,0.0004,,motion_blur,2,28.59603558452588
00e9be89-00001210.jpg,00e9be89-00001215.jpg,orb,442,413,8,4,0.5,0.0194,46.75,0.0087,0.0004,,motion_blur,2,27.473019855708195
00e9be89-00001215.jpg,00e9be89-00001220.jpg,orb,413,1154,2,0,0.0,0.0048,46.0,0.0095,0.0008,,motion_blur,2,24.024920760810442
00e9be89-00001220.jpg,00e9be89-00001225.jpg,orb,1154,533,21,8,0.381,0.0394,46.8571,0.0099,0.0011,,motion_blur,2,23.362786977134874
00e9be89-00001225.jpg,00e9be89-00001230.jpg,orb,533,580,8,4,0.5,0.015,44.25,0.0099,0.0007,,motion_blur,2,26.036393687479965
00e9be89-00001230.jpg,00e9be89-00001240.jpg,orb,580,208,29,12,0.4138,0.1394,44.5517,0.0087,0.0004,,motion_blur,2,27.923770514340173
00e9be89-00001240.jpg,00e9be89-00001245.jpg,orb,208,1290,30,18,0.6,0.1442,30.4,0.0097,0.0005,,motion_blur,2,25.865027381207064
00e9be89-00001245.jpg,00e9be89-00001250.jpg,orb,1290,344,29,11,0.3793,0.0843,44.6552,0.0098,0.001,,motion_blur,2,24.15272720214375
00e9be89-00001250.jpg,00e9be89-00001255.jpg,orb,344,582,20,11,0.55,0.0581,37.05,0.0091,0.0005,,motion_blur,2,25.534004371921927
00e9be89-00001255.jpg,00e9be89-00001260.jpg,orb,582,787,26,14,0.5385,0.0447,35.9231,0.0098,0.0009,,motion_blur,2,24.18953936429501
00e9be89-00001260.jpg,00e9be89-00001265.jpg,orb,787,521,26,18,0.6923,0.0499,34.8462,0.0097,0.0008,,motion_blur,2,23.192892118859255
00e9be89-00001265.jpg,00e9be89-00001270.jpg,orb,521,555,5,0,0.0,0.0096,48.8,0.01,0.0006,,motion_blur,2,20.855983015267093
00e9be89-00001270.jpg,00e9be89-00001275.jpg,orb,555,623,19,7,0.3684,0.0342,37.1053,0.0107,0.0007,,motion_blur,2,19.8755388899159
00e9be89-00001275.jpg,00e9be89-00001280.jpg,orb,623,910,13,5,0.3846,0.0209,45.9231,0.0103,0.0009,,motion_blur,2,19.32473639511999
00e9be89-00001280.jpg,00e9be89-00001285.jpg,orb,910,231,37,16,0.4324,0.1602,39.4595,0.0095,0.0006,,motion_blur,2,18.661770816223346
00e9be89-00001285.jpg,00e9be89-00001290.jpg,orb,231,381,5,4,0.8,0.0216,39.8,0.0087,0.0004,,motion_blur,2,20.57791130525537
00e9be89-00001290.jpg,00e9be89-00001295.jpg,orb,381,290,4,4,1.0,0.0138,45.0,0.009,0.0004,,motion_blur,2,21.718138164841747
00e9be89-00001295.jpg,00e9be89-00001305.jpg,orb,290,948,5,4,0.8,0.0172,38.4,0.0105,0.0007,,motion_blur,2,19.87216980695013
00e9be89-00001305.jpg,00e9be89-00001310.jpg,orb,948,1191,18,5,0.2778,0.019,40.6111,0.011,0.0016,,motion_blur,2,17.405306501809747
00e9be89-00001310.jpg,00e9be89-00001315.jpg,orb,1191,1011,19,6,0.3158,0.0188,41.8947,0.0116,0.0016,,motion_blur,2,16.996174071568873
00e9be89-00001315.jpg,00e9be89-00001325.jpg,orb,1011,496,44,10,0.2273,0.0887,32.5909,0.0103,0.001,,motion_blur,2,17.69907939228603
00e9be89-00001325.jpg,00e9be89-00001330.jpg,orb,496,546,9,6,0.6667,0.0181,31.7778,0.0093,0.0006,,motion_blur,2,17.868211743458076
00e9be89-00001330.jpg,00e9be89-00001335.jpg,orb,546,355,12,8,0.6667,0.0338,38.6667,0.0093,0.0005,,motion_blur,2,20.878037436460986
00e9be89-00001335.jpg,00e9be89-00001340.jpg,orb,355,351,12,6,0.5,0.0342,43.9167,0.0088,0.0004,,motion_blur,2,23.32661428923055
00e9be89-00001340.jpg,00e9be89-00001345.jpg,orb,351,277,9,5,0.5556,0.0325,41.5556,0.0085,0.0004,,motion_blur,2,23.749229346882355
00e9be89-00001345.jpg,00e9be89-00001350.jpg,orb,277,230,1,0,0.0,0.0043,52.0,0.0084,0.0003,,motion_blur,2,24.186582609094472
00e9be89-00001350.jpg,00e9be89-00001355.jpg,orb,230,389,10,5,0.5,0.0435,45.4,0.0083,0.0003,,motion_blur,2,24.265820418938816
00e9be89-00001355.jpg,00e9be89-00001360.jpg,orb,389,478,11,4,0.3636,0.0283,48.3636,0.009,0.0005,,motion_blur,2,24.054216260265726
00e9be89-00001360.jpg,00e9be89-00001365.jpg,orb,478,360,12,7,0.5833,0.0333,46.9167,0.0087,0.0004,,motion_blur,2,23.195576837687447
00e9be89-00001365.jpg,00e9be89-00001370.jpg,orb,360,516,4,4,1.0,0.0111,33.5,0.0086,0.0004,,motion_blur,2,22.840456947406224
00e9be89-00001370.jpg,00e9be89-00001375.jpg,orb,516,296,87,42,0.4828,0.2939,32.5402,0.0088,0.0005,,motion_blur,2,24.02956219577826
00e9be89-00001375.jpg,00e9be89-00001380.jpg,orb,296,298,63,29,0.4603,0.2128,26.8413,0.0088,0.0003,,motion_blur,2,25.486718307275503
00e9be89-00001380.jpg,00e9be89-00001385.jpg,orb,298,326,53,24,0.4528,0.1779,30.7925,0.009,0.0005,,motion_blur,2,25.59874786394259
00e9be89-00001385.jpg,00e9be89-00001390.jpg,orb,326,473,12,8,0.6667,0.0368,31.6667,0.0086,0.0004,,motion_blur,2,24.369806529591045
00e9be89-00001390.jpg,00e9be89-00001395.jpg,orb,473,460,25,11,0.44,0.0543,30.88,0.009,0.0005,,motion_blur,2,23.199508619892626
00e9be89-00001395.jpg,00e9be89-00001400.jpg,orb,460,583,40,19,0.475,0.087,32.375,0.0089,0.0006,,motion_blur,2,23.352368527414587
00e9be89-00001400.jpg,00e9be89-00001405.jpg,orb,583,603,46,21,0.4565,0.0789,30.9565,0.0098,0.0007,,motion_blur,2,23.34906685175678
00e9be89-00001405.jpg,00e9be89-00001410.jpg,orb,603,663,55,22,0.4,0.0912,33.6364,0.009,0.0008,,motion_blur,2,23.250438225553477
00e9be89-00001410.jpg,00e9be89-00001415.jpg,orb,663,586,89,35,0.3933,0.1519,31.4607,0.0094,0.0007,,motion_blur,2,22.93687205378079
00e9be89-00001415.jpg,00e9be89-00001420.jpg,orb,586,859,39,14,0.359,0.0666,30.5641,0.0094,0.0008,,motion_blur,2,22.41706911762883
00e9be89-00001420.jpg,00e9be89-00001425.jpg,orb,859,749,55,26,0.4727,0.0734,31.8727,0.0099,0.0012,,motion_blur,2,22.577292672067827
00e9be89-00001425.jpg,00e9be89-00001430.jpg,orb,749,635,54,15,0.2778,0.085,35.2593,0.0096,0.0008,,motion_blur,2,23.076323368176386
00e9be89-00001430.jpg,00e9be89-00001440.jpg,orb,635,767,9,5,0.5556,0.0142,41.3333,0.0101,0.0009,,motion_blur,2,22.660765183504417
00e9be89-00001440.jpg,00e9be89-00001445.jpg,orb,767,806,41,24,0.5854,0.0535,30.4146,0.01,0.0009,,motion_blur,2,21.18547068719804
00e9be89-00001445.jpg,00e9be89-00001450.jpg,orb,806,680,27,10,0.3704,0.0397,34.4444,0.0097,0.0008,,motion_blur,2,20.877682286026953
00e9be89-00001450.jpg,00e9be89-00001455.jpg,orb,680,303,42,22,0.5238,0.1386,38.7381,0.0086,0.0005,,motion_blur,2,23.245112732723122
00e9be89-00001455.jpg,00e9be89-00001460.jpg,orb,303,395,40,22,0.55,0.132,40.65,0.0087,0.0006,,motion_blur,2,25.060022600017483
00e9be89-00001460.jpg,00e9be89-00001465.jpg,orb,395,399,54,39,0.7222,0.1367,31.4074,0.0086,0.0004,,motion_blur,2,24.487321197361638
00e9be89-00001465.jpg,00e9be89-00001470.jpg,orb,399,747,5,4,0.8,0.0125,45.4,0.0091,0.0006,,motion_blur,2,24.030333703905306
00e9be89-00001470.jpg,00e9be89-00001475.jpg,orb,747,559,28,9,0.3214,0.0501,40.7143,0.0099,0.0008,,motion_blur,2,24.4608611580982
00e9be89-00001475.jpg,00e9be89-00001480.jpg,orb,559,524,8,5,0.625,0.0153,28.125,0.0091,0.0007,,motion_blur,2,24.088275162640137
00e9be89-00001480.jpg,00e9be89-00001485.jpg,orb,524,547,16,6,0.375,0.0305,44.375,0.0091,0.0006,,motion_blur,2,25.06955077343195
00e9be89-00001485.jpg,00e9be89-00001490.jpg,orb,547,484,25,11,0.44,0.0517,39.52,0.0092,0.0005,,motion_blur,2,26.631700775787216
00e9be89-00001490.jpg,00e9be89-00001495.jpg,orb,484,477,133,120,0.9023,0.2788,18.6917,0.0089,0.0006,,motion_blur,2,26.57256528093087
00e9be89-00001495.jpg,00e9be89-00001500.jpg,orb,477,502,192,177,0.9219,0.4025,15.0885,0.0091,0.0005,,motion_blur,2,26.39350849345576
00e9be89-00001500.jpg,00e9be89-00001505.jpg,orb,502,544,82,42,0.5122,0.1633,26.4756,0.0091,0.0006,,motion_blur,2,26.064210011752472
00e9be89-00001505.jpg,00e9be89-00001510.jpg,orb,544,565,18,8,0.4444,0.0331,37.3333,0.0087,0.0006,,motion_blur,2,25.82984788597478
00e9be89-00001510.jpg,00e9be89-00001515.jpg,orb,565,589,23,8,0.3478,0.0407,42.087,0.009,0.0007,,motion_blur,2,25.380944128686195
00e9be89-00001515.jpg,00e9be89-00001520.jpg,orb,589,611,20,7,0.35,0.034,41.9,0.009,0.0006,,motion_blur,2,23.85571561117049
00e9be89-00001520.jpg,00e9be89-00001525.jpg,orb,611,1148,26,14,0.5385,0.0426,31.0,0.0105,0.0011,,motion_blur,2,21.194779311478673
00e9be89-00001525.jpg,00e9be89-00001535.jpg,orb,1148,678,26,7,0.2692,0.0383,44.1538,0.01,0.0013,,motion_blur,2,20.950650221275673
00e9be89-00001535.jpg,00e9be89-00001540.jpg,orb,678,550,19,6,0.3158,0.0345,39.3158,0.0094,0.0007,,motion_blur,2,21.03471751090604
00e9be89-00001540.jpg,00e9be89-00001545.jpg,orb,550,608,13,4,0.3077,0.0236,34.3077,0.0093,0.0007,,motion_blur,2,20.210080778314545
00e9be89-00001545.jpg,00e9be89-00001550.jpg,orb,608,365,94,58,0.617,0.2575,27.1383,0.0091,0.0006,,motion_blur,2,20.756986669118014
00e9be89-00001550.jpg,00e9be89-00001555.jpg,orb,365,573,79,71,0.8987,0.2164,15.5316,0.0094,0.0005,,motion_blur,2,20.673716475337244
00e9be89-00001555.jpg,00e9be89-00001560.jpg,orb,573,305,82,57,0.6951,0.2689,21.6585,0.0087,0.0005,,motion_blur,2,20.989685383340046
00e9be89-00001560.jpg,00e9be89-00001565.jpg,orb,305,352,58,48,0.8276,0.1902,21.9138,0.0088,0.0004,,motion_blur,2,21.50181554939806
00e9be89-00001565.jpg,00e9be89-00001570.jpg,orb,352,745,24,13,0.5417,0.0682,30.125,0.0092,0.0005,,motion_blur,2,21.651095636796924
00e9be89-00001570.jpg,00e9be89-00001575.jpg,orb,745,844,27,10,0.3704,0.0362,35.8148,0.01,0.0011,,motion_blur,2,21.117049933005962
00e9be89-00001575.jpg,00e9be89-00001580.jpg,orb,844,866,68,33,0.4853,0.0806,31.0882,0.0099,0.001,,motion_blur,2,20.294595059240343
00e9be89-00001580.jpg,00e9be89-00001585.jpg,orb,866,944,45,16,0.3556,0.052,29.7333,0.0102,0.001,,motion_blur,2,19.403405127127936
00e9be89-00001585.jpg,00e9be89-00001590.jpg,orb,944,499,21,7,0.3333,0.0421,38.3333,0.0096,0.0008,,motion_blur,2,19.56665972967253
00e9be89-00001590.jpg,00e9be89-00001595.jpg,orb,499,533,6,0,0.0,0.012,36.0,0.0093,0.0006,,motion_blur,2,20.27776485874934
00e9be89-00001595.jpg,00e9be89-00001600.jpg,orb,533,690,9,4,0.4444,0.0169,42.2222,0.0095,0.0006,,motion_blur,2,19.958358622085235
00e9be89-00001600.jpg,00e9be89-00001605.jpg,orb,690,668,61,36,0.5902,0.0913,32.459,0.0096,0.0009,,motion_blur,2,19.593452627056983
00e9be89-00001605.jpg,00e9be89-00001610.jpg,orb,668,659,9,5,0.5556,0.0137,34.6667,0.0097,0.0008,,motion_blur,2,20.19147141664922
00e9be89-00001610.jpg,00e9be89-00001620.jpg,orb,659,626,12,5,0.4167,0.0192,42.75,0.0099,0.0007,,motion_blur,2,20.70961528605587
00e9be89-00001620.jpg,00e9be89-00001625.jpg,orb,626,670,19,7,0.3684,0.0304,33.2632,0.0097,0.0008,,motion_blur,2,21.09137213027229
00e9be89-00001625.jpg,00e9be89-00001630.jpg,orb,670,657,31,10,0.3226,0.0472,35.3226,0.0092,0.0008,,motion_blur,2,21.880843818489218
00e9be89-00001630.jpg,00e9be89-00001635.jpg,orb,657,1037,17,7,0.4118,0.0259,36.8235,0.0103,0.001,,motion_blur,2,20.90163929745671
00e9be89-00001635.jpg,00e9be89-00001640.jpg,orb,1037,799,14,5,0.3571,0.0175,43.4286,0.0101,0.0012,,motion_blur,2,19.09146752637607
00e9be89-00001640.jpg,00e9be89-00001645.jpg,orb,799,1070,14,5,0.3571,0.0175,35.1429,0.0101,0.0012,,motion_blur,2,17.194427752377017
00e9be89-00001645.jpg,00e9be89-00001650.jpg,orb,1070,1247,28,7,0.25,0.0262,29.8571,0.0106,0.0016,,motion_blur,2,16.503955455733895
00e9be89-00001650.jpg,00e9be89-00001655.jpg,orb,1247,1309,27,7,0.2593,0.0217,35.6296,0.0108,0.0019,,motion_blur,2,16.992898743875095
00e9be89-00001655.jpg,00e9be89-00001665.jpg,orb,1309,900,23,5,0.2174,0.0256,43.2174,0.0103,0.0016,,motion_blur,2,18.938037634559365
00e9be89-00001665.jpg,00e9be89-00001670.jpg,orb,900,657,20,7,0.35,0.0304,36.95,0.0103,0.001,,motion_blur,2,21.916994816686785
00e9be89-00001670.jpg,00e9be89-00001675.jpg,orb,657,766,14,5,0.3571,0.0213,35.2857,0.0095,0.0007,,motion_blur,2,21.706444143754887
00e9be89-00001675.jpg,00e9be89-00001680.jpg,orb,766,781,11,5,0.4545,0.0144,36.0,0.0099,0.001,,motion_blur,2,20.310822714072053
00e9be89-00001680.jpg,00e9be89-00001685.jpg,orb,781,1394,12,4,0.3333,0.0154,37.25,0.0114,0.0013,,motion_blur,2,19.27708906594694
00e9be89-00001685.jpg,00e9be89-00001690.jpg,orb,1394,1206,21,7,0.3333,0.0174,35.5714,0.0112,0.0021,,motion_blur,2,20.48321732982191
00e9be89-00001690.jpg,00e9be89-00001695.jpg,orb,1206,487,19,5,0.2632,0.039,40.3684,0.01,0.0009,,motion_blur,2,23.59336497992873
00e9be89-00001695.jpg,00e9be89-00001705.jpg,orb,487,457,10,4,0.4,0.0219,44.1,0.009,0.0006,,motion_blur,2,24.109917594253645
00e9be89-00001705.jpg,00e9be89-00001710.jpg,orb,457,432,29,18,0.6207,0.0671,36.3103,0.0085,0.0005,,motion_blur,2,24.159113477844098
00e9be89-00001710.jpg,00e9be89-00001715.jpg,orb,432,542,23,11,0.4783,0.0532,36.0435,0.009,0.0005,,motion_blur,2,24.086447029022967
00e9be89-00001715.jpg,00e9be89-00001720.jpg,orb,542,349,29,18,0.6207,0.0831,36.7931,0.0085,0.0005,,motion_blur,2,24.37297783471771
00e9be89-00001720.jpg,00e9be89-00001725.jpg,orb,349,429,23,17,0.7391,0.0659,32.1739,0.0088,0.0004,,motion_blur,2,25.254251363189987
00e9be89-00001725.jpg,00e9be89-00001730.jpg,orb,429,422,30,14,0.4667,0.0711,35.6,0.0092,0.0005,,motion_blur,2,24.863767794051768
00e9be89-00001730.jpg,00e9be89-00001740.jpg,orb,422,584,10,5,0.5,0.0237,37.6,0.0092,0.0006,,motion_blur,2,23.99087203187326
00e9be89-00001740.jpg,00e9be89-00001745.jpg,orb,584,1179,3,0,0.0,0.0051,36.0,0.0101,0.001,,motion_blur,2,20.361003604080363
00e9be89-00001745.jpg,00e9be89-00001750.jpg,orb,1179,346,18,9,0.5,0.052,43.4444,0.01,0.0009,,motion_blur,2,19.63130896097752
00e9be89-00001750.jpg,00e9be89-00001755.jpg,orb,346,555,21,12,0.5714,0.0607,40.4762,0.0086,0.0005,,motion_blur,2,23.06523071002498
00e9be89-00001755.jpg,00e9be89-00001760.jpg,orb,555,628,22,14,0.6364,0.0396,38.5455,0.0088,0.0006,,motion_blur,2,23.371338147485027
00e9be89-00001760.jpg,00e9be89-00001765.jpg,orb,628,259,22,12,0.5455,0.0849,39.6364,0.0084,0.0005,,motion_blur,2,22.565818467979827
00e9be89-00001765.jpg,00e9be89-00001770.jpg,orb,259,390,8,7,0.875,0.0309,39.75,0.0085,0.0004,,motion_blur,2,22.47108303846575
00e9be89-00001770.jpg,00e9be89-00001775.jpg,orb,390,502,17,10,0.5882,0.0436,33.8235,0.009,0.0005,,motion_blur,2,22.448455378048237
00e9be89-00001775.jpg,00e9be89-00001780.jpg,orb,502,773,16,7,0.4375,0.0319,39.6875,0.0091,0.0007,,motion_blur,2,22.142849691900068
00e9be89-00001780.jpg,00e9be89-00001785.jpg,orb,773,634,15,8,0.5333,0.0237,39.4667,0.0097,0.0009,,motion_blur,2,22.600199560526
00e9be89-00001785.jpg,00e9be89-00001795.jpg,orb,634,345,26,12,0.4615,0.0754,41.2692,0.0088,0.0005,,motion_blur,2,23.575224370849327
00e9be89-00001795.jpg,00e9be89-00001800.jpg,orb,345,388,148,139,0.9392,0.429,18.1284,0.0086,0.0004,,motion_blur,2,24.133638015644813
00e9be89-00001800.jpg,00e9be89-00001810.jpg,orb,388,332,47,25,0.5319,0.1416,31.4043,0.0084,0.0004,,motion_blur,2,24.197248426607416
00e9be89-00001810.jpg,00e9be89-00001815.jpg,orb,332,609,24,13,0.5417,0.0723,35.0417,0.0086,0.0005,,motion_blur,2,23.56296521327891
00e9be89-00001815.jpg,00e9be89-00001820.jpg,orb,609,536,16,8,0.5,0.0299,37.625,0.0089,0.0006,,motion_blur,2,24.016026178950703
00e9be89-00001820.jpg,00e9be89-00001825.jpg,orb,536,624,21,9,0.4286,0.0392,37.4286,0.0091,0.0007,,motion_blur,2,24.297213796429844
00e9be89-00001825.jpg,00e9be89-00001830.jpg,orb,624,769,30,12,0.4,0.0481,39.2,0.0091,0.0008,,motion_blur,2,22.778301070309467
00e9be89-00001830.jpg,00e9be89-00001840.jpg,orb,769,608,6,4,0.6667,0.0099,48.6667,0.0095,0.0008,,motion_blur,2,21.408232864578657
00e9be89-00001840.jpg,00e9be89-00001845.jpg,orb,608,712,341,330,0.9677,0.5609,14.61,0.0104,0.0008,,motion_blur,2,20.891148211519777
00e9be89-00001845.jpg,00e9be89-00001865.jpg,orb,712,677,335,299,0.8925,0.4948,19.4806,0.0096,0.0008,,motion_blur,2,20.7293225816952
00e9be89-00001865.jpg,00e9be89-00001870.jpg,orb,677,729,329,316,0.9605,0.486,17.4954,0.0096,0.0008,,motion_blur,2,20.767727792986236
00e9be89-00001870.jpg,00e9be89-00001875.jpg,orb,729,683,339,319,0.941,0.4963,15.5103,0.0099,0.001,,motion_blur,2,20.878394119985124
00e9be89-00001875.jpg,00e9be89-00001885.jpg,orb,683,656,309,292,0.945,0.471,16.1036,0.0094,0.0008,,motion_blur,2,20.898682316934824
00e9be89-00001885.jpg,00e9be89-00001890.jpg,orb,656,672,376,354,0.9415,0.5732,15.1569,0.01,0.0007,,motion_blur,2,20.82460070943975
00e9be89-00001890.jpg,00e9be89-00001895.jpg,orb,672,570,313,294,0.9393,0.5491,13.0831,0.0094,0.0007,,motion_blur,2,20.79048213690087
00e9be89-00001895.jpg,00e9be89-00001900.jpg,orb,570,619,311,298,0.9582,0.5456,15.4984,0.0094,0.0007,,motion_blur,2,20.870020089940155
00e9be89-00001900.jpg,00e9be89-00001905.jpg,orb,619,579,106,49,0.4623,0.1831,27.0377,0.009,0.0007,,motion_blur,2,21.449672447780628
00e9be89-00001905.jpg,00e9be89-00001915.jpg,orb,579,384,16,8,0.5,0.0417,46.625,0.0091,0.0006,,motion_blur,2,22.61951774669992
00e9be89-00000015.jpg,00e9be89-00000100.jpg,orb,2000,2000,8,4,0.5,0.004,46.375,0.0235,0.0042,C:\Users\alonk\GitHub\Project_digital_image_processing__Amit_Alon\outputs\task2_feature_matching\degraded_visualizations\low_light\level_1\match_00e9be89-00000015__00e9be89-00000100.png,low_light,1,9.991005710944403
00e9be89-00000100.jpg,00e9be89-00000105.jpg,orb,2000,2000,984,867,0.8811,0.492,22.622,0.019,0.0041,,low_light,1,10.53953146917794
00e9be89-00000105.jpg,00e9be89-00000110.jpg,orb,2000,2000,1061,1043,0.983,0.5305,20.6918,0.0195,0.0046,,low_light,1,10.528303262528656
00e9be89-00000110.jpg,00e9be89-00000115.jpg,orb,2000,2000,1086,1073,0.988,0.543,20.7983,0.0202,0.0044,,low_light,1,10.531819383400904
00e9be89-00000115.jpg,00e9be89-00000120.jpg,orb,2000,2000,1215,1207,0.9934,0.6075,17.5761,0.0248,0.0041,,low_light,1,10.54307318414077
00e9be89-00000120.jpg,00e9be89-00000125.jpg,orb,2000,2000,704,654,0.929,0.352,27.419,0.0198,0.0039,,low_light,1,10.292084984662882
00e9be89-00000125.jpg,00e9be89-00000130.jpg,orb,2000,2000,809,686,0.848,0.4045,21.8307,0.0206,0.0037,,low_light,1,10.12769094298687
00e9be89-00000130.jpg,00e9be89-00000135.jpg,orb,2000,2000,965,957,0.9917,0.4825,21.5606,0.0197,0.004,,low_light,1,10.346433400534215
00e9be89-00000135.jpg,00e9be89-00000140.jpg,orb,2000,2000,1049,1026,0.9781,0.5245,21.0705,0.0219,0.0042,,low_light,1,10.488603772061403
00e9be89-00000140.jpg,00e9be89-00000145.jpg,orb,2000,2000,266,195,0.7331,0.133,33.4211,0.0187,0.0036,,low_light,1,10.50284128471687
00e9be89-00000145.jpg,00e9be89-00000150.jpg,orb,2000,2000,14,5,0.3571,0.007,43.0714,0.02,0.004,,low_light,1,9.95160967210456
00e9be89-00000150.jpg,00e9be89-00000160.jpg,orb,2000,2000,2,0,0.0,0.001,41.0,0.02,0.0043,,low_light,1,9.67856532838984
00e9be89-00000160.jpg,00e9be89-00000165.jpg,orb,2000,2000,10,4,0.4,0.005,41.9,0.0176,0.0038,,low_light,1,10.095674671941456
00e9be89-00000165.jpg,00e9be89-00000175.jpg,orb,2000,2000,9,5,0.5556,0.0045,38.5556,0.0169,0.0039,,low_light,1,10.164620786406658
00e9be89-00000175.jpg,00e9be89-00000190.jpg,orb,2000,2000,6,4,0.6667,0.003,39.0,0.0164,0.0039,,low_light,1,9.862419041600834
00e9be89-00000190.jpg,00e9be89-00001000.jpg,orb,2000,1999,7,4,0.5714,0.0035,42.7143,0.0142,0.0041,,low_light,1,10.098237227599267
00e9be89-00001000.jpg,00e9be89-00001005.jpg,orb,1999,2000,25,9,0.36,0.0125,37.96,0.0136,0.0042,,low_light,1,10.564790964613408
00e9be89-00001005.jpg,00e9be89-00001010.jpg,orb,2000,1997,13,5,0.3846,0.0065,44.2308,0.0131,0.0047,,low_light,1,10.808932940883198
00e9be89-00001010.jpg,00e9be89-00001015.jpg,orb,1997,1968,20,7,0.35,0.0102,41.95,0.0129,0.0043,,low_light,1,11.055504968816843
00e9be89-00001015.jpg,00e9be89-00001020.jpg,orb,1968,2000,21,7,0.3333,0.0107,40.9524,0.0131,0.0044,,low_light,1,10.988068625482466
00e9be89-00001020.jpg,00e9be89-00001025.jpg,orb,2000,2000,15,5,0.3333,0.0075,40.4667,0.0136,0.0041,,low_light,1,11.003527299178977
00e9be89-00001025.jpg,00e9be89-00001030.jpg,orb,2000,1995,25,10,0.4,0.0125,38.8,0.0133,0.0043,,low_light,1,11.044417466991604
00e9be89-00001030.jpg,00e9be89-00001035.jpg,orb,1995,1995,67,38,0.5672,0.0336,36.4179,0.013,0.004,,low_light,1,11.040032834662757
00e9be89-00001035.jpg,00e9be89-00001040.jpg,orb,1995,1962,115,75,0.6522,0.0586,36.4261,0.0134,0.0039,,low_light,1,11.079722958120371
00e9be89-00001040.jpg,00e9be89-00001045.jpg,orb,1962,1980,183,95,0.5191,0.0933,35.8634,0.0126,0.0039,,low_light,1,11.08327030789611
00e9be89-00001045.jpg,00e9be89-00001050.jpg,orb,1980,1989,77,29,0.3766,0.0389,39.0,0.013,0.0039,,low_light,1,11.089345972671882
00e9be89-00001050.jpg,00e9be89-00001055.jpg,orb,1989,1994,99,32,0.3232,0.0498,37.5859,0.013,0.004,,low_light,1,11.077862656116784
00e9be89-00001055.jpg,00e9be89-00001060.jpg,orb,1994,2000,137,60,0.438,0.0687,36.781,0.0129,0.0041,,low_light,1,11.121482010329368
00e9be89-00001060.jpg,00e9be89-00001065.jpg,orb,2000,2000,70,51,0.7286,0.035,36.4429,0.0141,0.0055,,low_light,1,11.250462092200276
00e9be89-00001065.jpg,00e9be89-00001070.jpg,orb,2000,2000,122,96,0.7869,0.061,35.6557,0.0146,0.0114,,low_light,1,11.258459284771117
00e9be89-00001070.jpg,00e9be89-00001075.jpg,orb,2000,2000,62,40,0.6452,0.031,37.4839,0.0158,0.0037,,low_light,1,10.965011572229393
00e9be89-00001075.jpg,00e9be89-00001080.jpg,orb,2000,2000,39,19,0.4872,0.0195,39.359,0.0152,0.0039,,low_light,1,11.005874204238314
00e9be89-00001080.jpg,00e9be89-00001090.jpg,orb,2000,2000,46,24,0.5217,0.023,36.8696,0.0149,0.0041,,low_light,1,11.398943974391651
00e9be89-00001090.jpg,00e9be89-00001095.jpg,orb,2000,2000,66,50,0.7576,0.033,31.5303,0.0145,0.0043,,low_light,1,11.496100340405118
00e9be89-00001095.jpg,00e9be89-00001100.jpg,orb,2000,2000,75,38,0.5067,0.0375,36.0,0.0147,0.0037,,low_light,1,11.394244669577198
00e9be89-00001100.jpg,00e9be89-00001105.jpg,orb,2000,2000,16,8,0.5,0.008,43.3125,0.0155,0.0042,,low_light,1,11.204209708659292
00e9be89-00001105.jpg,00e9be89-00001115.jpg,orb,2000,2000,24,10,0.4167,0.012,40.9583,0.0145,0.0037,,low_light,1,10.612865355111694
00e9be89-00001115.jpg,00e9be89-00001125.jpg,orb,2000,2000,17,6,0.3529,0.0085,41.6471,0.0143,0.0037,,low_light,1,10.705030767613042
00e9be89-00001125.jpg,00e9be89-00001130.jpg,orb,2000,2000,45,24,0.5333,0.0225,35.6222,0.0164,0.0044,,low_light,1,11.03966243911998
00e9be89-00001130.jpg,00e9be89-00001135.jpg,orb,2000,2000,50,33,0.66,0.025,34.48,0.0187,0.0039,,low_light,1,11.156852643479358
00e9be89-00001135.jpg,00e9be89-00001140.jpg,orb,2000,2000,63,46,0.7302,0.0315,34.5714,0.0144,0.0039,,low_light,1,11.483076225119763
00e9be89-00001140.jpg,00e9be89-00001150.jpg,orb,2000,2000,47,28,0.5957,0.0235,33.1489,0.0145,0.0041,,low_light,1,11.5255603175478
00e9be89-00001150.jpg,00e9be89-00001155.jpg,orb,2000,2000,90,61,0.6778,0.045,34.6,0.0145,0.004,,low_light,1,11.61227896593272
00e9be89-00001155.jpg,00e9be89-00001160.jpg,orb,2000,2000,78,42,0.5385,0.039,33.0128,0.0144,0.0042,,low_light,1,11.634503461380882
00e9be89-00001160.jpg,00e9be89-00001165.jpg,orb,2000,2000,22,10,0.4545,0.011,39.9091,0.0143,0.004,,low_light,1,11.684137398650442
00e9be89-00001165.jpg,00e9be89-00001170.jpg,orb,2000,2000,55,35,0.6364,0.0275,37.7455,0.0145,0.0039,,low_light,1,11.672247232426402
00e9be89-00001170.jpg,00e9be89-00001175.jpg,orb,2000,2000,46,30,0.6522,0.023,38.6304,0.015,0.004,,low_light,1,11.659200306524049
00e9be89-00001175.jpg,00e9be89-00001180.jpg,orb,2000,2000,88,49,0.5568,0.044,39.8409,0.0146,0.0042,,low_light,1,11.696969920253093
00e9be89-00001180.jpg,00e9be89-00001185.jpg,orb,2000,2000,39,20,0.5128,0.0195,41.5897,0.0151,0.0035,,low_light,1,11.610301682770006
00e9be89-00001185.jpg,00e9be89-00001190.jpg,orb,2000,2000,16,5,0.3125,0.008,43.8125,0.0151,0.0043,,low_light,1,11.460484876817073
00e9be89-00001190.jpg,00e9be89-00001195.jpg,orb,2000,2000,13,7,0.5385,0.0065,40.8462,0.015,0.0039,,low_light,1,10.394156889950196
00e9be89-00001195.jpg,00e9be89-00001200.jpg,orb,2000,1967,16,8,0.5,0.0081,37.875,0.0144,0.0038,,low_light,1,10.587745856596426
00e9be89-00001200.jpg,00e9be89-00001205.jpg,orb,1967,1735,27,9,0.3333,0.0156,41.8519,0.0134,0.0035,,low_light,1,11.734699386701326
00e9be89-00001205.jpg,00e9be89-00001210.jpg,orb,1735,2000,14,6,0.4286,0.0081,41.9286,0.0131,0.0039,,low_light,1,11.67984538372384
00e9be89-00001210.jpg,00e9be89-00001215.jpg,orb,2000,1996,54,27,0.5,0.0271,40.7407,0.0148,0.0041,,low_light,1,11.502302905568627
00e9be89-00001215.jpg,00e9be89-00001220.jpg,orb,1996,2000,16,7,0.4375,0.008,43.875,0.0144,0.0036,,low_light,1,11.104311997721226
00e9be89-00001220.jpg,00e9be89-00001225.jpg,orb,2000,2000,17,6,0.3529,0.0085,42.8824,0.0151,0.0042,,low_light,1,11.14160068670456
00e9be89-00001225.jpg,00e9be89-00001230.jpg,orb,2000,2000,9,6,0.6667,0.0045,40.2222,0.0145,0.004,,low_light,1,11.47072445316311
00e9be89-00001230.jpg,00e9be89-00001240.jpg,orb,2000,1742,69,43,0.6232,0.0396,37.3188,0.0128,0.004,,low_light,1,11.505333755848286
00e9be89-00001240.jpg,00e9be89-00001245.jpg,orb,1742,2000,23,11,0.4783,0.0132,40.8261,0.013,0.0036,,low_light,1,11.31889598189564
00e9be89-00001245.jpg,00e9be89-00001250.jpg,orb,2000,1993,13,5,0.3846,0.0065,45.8462,0.0145,0.0038,,low_light,1,11.471417067127257
00e9be89-00001250.jpg,00e9be89-00001255.jpg,orb,1993,2000,51,23,0.451,0.0256,36.098,0.0149,0.0039,,low_light,1,11.770370374835075
00e9be89-00001255.jpg,00e9be89-00001260.jpg,orb,2000,2000,38,32,0.8421,0.019,33.3421,0.0156,0.0044,,low_light,1,11.78985478216746
00e9be89-00001260.jpg,00e9be89-00001265.jpg,orb,2000,2000,46,27,0.587,0.023,36.0435,0.015,0.0041,,low_light,1,11.475621317596769
00e9be89-00001265.jpg,00e9be89-00001270.jpg,orb,2000,2000,9,5,0.5556,0.0045,45.7778,0.015,0.0042,,low_light,1,10.802541672650115
00e9be89-00001270.jpg,00e9be89-00001275.jpg,orb,2000,2000,18,7,0.3889,0.009,41.3333,0.0168,0.0038,,low_light,1,10.689047342245335
00e9be89-00001275.jpg,00e9be89-00001280.jpg,orb,2000,2000,12,4,0.3333,0.006,44.8333,0.0173,0.004,,low_light,1,10.162614393706946
00e9be89-00001280.jpg,00e9be89-00001285.jpg,orb,2000,2000,15,5,0.3333,0.0075,38.0667,0.016,0.004,,low_light,1,8.951244346260193
00e9be89-00001285.jpg,00e9be89-00001290.jpg,orb,2000,2000,8,4,0.5,0.004,45.625,0.0153,0.004,,low_light,1,9.287994843594532
00e9be89-00001290.jpg,00e9be89-00001295.jpg,orb,2000,1986,6,4,0.6667,0.003,41.5,0.0152,0.0042,,low_light,1,9.403783798302602
00e9be89-00001295.jpg,00e9be89-00001305.jpg,orb,1986,2000,15,5,0.3333,0.0076,40.6667,0.0163,0.004,,low_light,1,9.059694478684676
00e9be89-00001305.jpg,00e9be89-00001310.jpg,orb,2000,2000,9,5,0.5556,0.0045,46.4444,0.0198,0.0042,,low_light,1,9.104915613470354
00e9be89-00001310.jpg,00e9be89-00001315.jpg,orb,2000,2000,3,0,0.0,0.0015,45.3333,0.0179,0.0039,,low_light,1,8.435546844984664
00e9be89-00001315.jpg,00e9be89-00001325.jpg,orb,2000,2000,50,15,0.3,0.025,33.58,0.0549,0.0315,,low_light,1,8.119087927622521
00e9be89-00001325.jpg,00e9be89-00001330.jpg,orb,2000,2000,37,12,0.3243,0.0185,32.8919,0.0259,0.0089,,low_light,1,9.043594290824709
00e9be89-00001330.jpg,00e9be89-00001335.jpg,orb,2000,2000,16,6,0.375,0.008,37.4375,0.0252,0.0088,,low_light,1,9.849930380757687
00e9be89-00001335.jpg,00e9be89-00001340.jpg,orb,2000,2000,19,6,0.3158,0.0095,39.3158,0.0268,0.0088,,low_light,1,10.243257885013225
00e9be89-00001340.jpg,00e9be89-00001345.jpg,orb,2000,2000,14,6,0.4286,0.007,42.5,0.0277,0.0091,,low_light,1,10.492416985312282
00e9be89-00001345.jpg,00e9be89-00001350.jpg,orb,2000,2000,12,8,0.6667,0.006,43.1667,0.0758,0.0279,,low_light,1,10.27325561451943
00e9be89-00001350.jpg,00e9be89-00001355.jpg,orb,2000,2000,15,9,0.6,0.0075,37.4667,0.0853,0.0274,,low_light,1,10.399666743242463
00e9be89-00001355.jpg,00e9be89-00001360.jpg,orb,2000,1972,25,11,0.44,0.0127,43.64,0.086,0.0291,,low_light,1,10.388977273911992
00e9be89-00001360.jpg,00e9be89-00001365.jpg,orb,1972,2000,26,10,0.3846,0.0132,36.5769,0.0283,0.0093,,low_light,1,10.229732725268951
00e9be89-00001365.jpg,00e9be89-00001370.jpg,orb,2000,2000,40,20,0.5,0.02,32.625,0.0286,0.0089,,low_light,1,10.387333394556851
00e9be89-00001370.jpg,00e9be89-00001375.jpg,orb,2000,2000,318,137,0.4308,0.159,31.3082,0.0281,0.0085,,low_light,1,10.324005537259065
00e9be89-00001375.jpg,00e9be89-00001380.jpg,orb,2000,2000,358,162,0.4525,0.179,29.9134,0.0263,0.0086,,low_light,1,10.27706511476213
00e9be89-00001380.jpg,00e9be89-00001385.jpg,orb,2000,2000,274,129,0.4708,0.137,28.8285,0.0276,0.0083,,low_light,1,10.414788882314994
00e9be89-00001385.jpg,00e9be89-00001390.jpg,orb,2000,2000,82,51,0.622,0.041,29.6463,0.0266,0.0082,,low_light,1,10.154059726536563
00e9be89-00001390.jpg,00e9be89-00001395.jpg,orb,2000,2000,117,70,0.5983,0.0585,29.6496,0.0267,0.0083,,low_light,1,9.939347046665922
00e9be89-00001395.jpg,00e9be89-00001400.jpg,orb,2000,2000,165,82,0.497,0.0825,30.2909,0.0891,0.0281,,low_light,1,10.103173762286833
00e9be89-00001400.jpg,00e9be89-00001405.jpg,orb,2000,2000,151,71,0.4702,0.0755,29.6556,0.0884,0.0277,,low_light,1,10.216602078894194
00e9be89-00001405.jpg,00e9be89-00001410.jpg,orb,2000,2000,132,64,0.4848,0.066,31.5152,0.0899,0.0277,,low_light,1,10.308369346150034
00e9be89-00001410.jpg,00e9be89-00001415.jpg,orb,2000,2000,237,75,0.3165,0.1185,30.6582,0.0903,0.0282,,low_light,1,10.318523286131438
00e9be89-00001415.jpg,00e9be89-00001420.jpg,orb,2000,2000,135,50,0.3704,0.0675,32.4074,0.0913,0.027,,low_light,1,10.15847586190851
00e9be89-00001420.jpg,00e9be89-00001425.jpg,orb,2000,2000,121,60,0.4959,0.0605,30.5537,0.0898,0.0271,,low_light,1,9.977831018399687
00e9be89-00001425.jpg,00e9be89-00001430.jpg,orb,2000,2000,159,75,0.4717,0.0795,30.3333,0.0899,0.0278,,low_light,1,9.82444562609028
00e9be89-00001430.jpg,00e9be89-00001440.jpg,orb,2000,2000,29,11,0.3793,0.0145,41.2759,0.0906,0.0289,,low_light,1,10.050306989013924
00e9be89-00001440.jpg,00e9be89-00001445.jpg,orb,2000,2000,102,47,0.4608,0.051,32.0588,0.0939,0.0283,,low_light,1,10.161622878420605
00e9be89-00001445.jpg,00e9be89-00001450.jpg,orb,2000,2000,38,16,0.4211,0.019,36.8158,0.0929,0.0272,,low_light,1,9.810082569370344
00e9be89-00001450.jpg,00e9be89-00001455.jpg,orb,2000,2000,96,64,0.6667,0.048,34.2292,0.0855,0.0286,,low_light,1,10.085760810144224
00e9be89-00001455.jpg,00e9be89-00001460.jpg,orb,2000,2000,196,116,0.5918,0.098,31.8673,0.0823,0.028,,low_light,1,10.632453230963769
00e9be89-00001460.jpg,00e9be89-00001465.jpg,orb,2000,2000,221,185,0.8371,0.1105,29.0407,0.0809,0.0297,,low_light,1,10.60050825393515
00e9be89-00001465.jpg,00e9be89-00001470.jpg,orb,2000,2000,26,8,0.3077,0.013,35.9231,0.0878,0.0301,,low_light,1,10.715981287720322
00e9be89-00001470.jpg,00e9be89-00001475.jpg,orb,2000,2000,128,71,0.5547,0.064,31.2422,0.0882,0.0333,,low_light,1,10.872444778382437
00e9be89-00001475.jpg,00e9be89-00001480.jpg,orb,2000,2000,39,17,0.4359,0.0195,33.1282,0.0862,0.0554,,low_light,1,10.71682328028726
00e9be89-00001480.jpg,00e9be89-00001485.jpg,orb,2000,2000,58,25,0.431,0.029,36.2931,0.0871,0.0272,,low_light,1,11.125586988492518
00e9be89-00001485.jpg,00e9be89-00001490.jpg,orb,2000,2000,63,28,0.4444,0.0315,28.127,0.086,0.028,,low_light,1,11.759503987407358
00e9be89-00001490.jpg,00e9be89-00001495.jpg,orb,2000,2000,650,630,0.9692,0.325,19.2308,0.0844,0.0277,,low_light,1,11.849478362827973
00e9be89-00001495.jpg,00e9be89-00001500.jpg,orb,2000,2000,833,818,0.982,0.4165,15.9496,0.0851,0.0275,,low_light,1,11.856981711995996
00e9be89-00001500.jpg,00e9be89-00001505.jpg,orb,2000,2000,423,293,0.6927,0.2115,24.0686,0.0854,0.0293,,low_light,1,11.86625497387731
00e9be89-00001505.jpg,00e9be89-00001510.jpg,orb,2000,2000,60,29,0.4833,0.03,36.45,0.0864,0.0277,,low_light,1,11.80349682622566
00e9be89-00001510.jpg,00e9be89-00001515.jpg,orb,2000,2000,60,24,0.4,0.03,36.2667,0.0892,0.027,,low_light,1,11.564480528002608
00e9be89-00001515.jpg,00e9be89-00001520.jpg,orb,2000,2000,24,8,0.3333,0.012,38.4583,0.0885,0.0272,,low_light,1,11.21001622011331
00e9be89-00001520.jpg,00e9be89-00001525.jpg,orb,2000,2000,95,50,0.5263,0.0475,32.6421,0.0943,0.0281,,low_light,1,11.192657136880388
00e9be89-00001525.jpg,00e9be89-00001535.jpg,orb,2000,2000,15,6,0.4,0.0075,41.3333,0.096,0.0278,,low_light,1,11.267205391419104
00e9be89-00001535.jpg,00e9be89-00001540.jpg,orb,2000,2000,23,9,0.3913,0.0115,40.7391,0.0928,0.0276,,low_light,1,10.471680935871408
00e9be89-00001540.jpg,00e9be89-00001545.jpg,orb,2000,2000,22,14,0.6364,0.011,33.1818,0.0942,0.0274,,low_light,1,10.042786566186445
00e9be89-00001545.jpg,00e9be89-00001550.jpg,orb,2000,1998,303,182,0.6007,0.1517,28.2871,0.0933,0.029,,low_light,1,10.32481604966189
00e9be89-00001550.jpg,00e9be89-00001555.jpg,orb,1998,2000,357,343,0.9608,0.1787,21.7199,0.0923,0.0277,,low_light,1,10.328047352115767
00e9be89-00001555.jpg,00e9be89-00001560.jpg,orb,2000,1984,334,269,0.8054,0.1683,21.509,0.0924,0.0291,,low_light,1,10.330704771479713
00e9be89-00001560.jpg,00e9be89-00001565.jpg,orb,1984,1973,514,451,0.8774,0.2605,22.4961,0.0901,0.0275,,low_light,1,10.355844421049376
00e9be89-00001565.jpg,00e9be89-00001570.jpg,orb,1973,2000,52,29,0.5577,0.0264,30.0962,0.0914,0.0273,,low_light,1,10.451475855319824
00e9be89-00001570.jpg,00e9be89-00001575.jpg,orb,2000,2000,81,28,0.3457,0.0405,35.7654,0.0934,0.0297,,low_light,1,10.540099903790022
00e9be89-00001575.jpg,00e9be89-00001580.jpg,orb,2000,2000,98,56,0.5714,0.049,31.3367,0.0955,0.0276,,low_light,1,10.503073469335028
00e9be89-00001580.jpg,00e9be89-00001585.jpg,orb,2000,2000,42,16,0.381,0.021,37.9048,0.0967,0.0275,,low_light,1,10.11737312309176
00e9be89-00001585.jpg,00e9be89-00001590.jpg,orb,2000,1991,25,8,0.32,0.0126,38.2,0.0932,0.0271,,low_light,1,9.45368935865961
00e9be89-00001590.jpg,00e9be89-00001595.jpg,orb,1991,2000,24,7,0.2917,0.0121,41.75,0.09,0.0277,,low_light,1,8.842803361587016
00e9be89-00001595.jpg,00e9be89-00001600.jpg,orb,2000,2000,30,15,0.5,0.015,39.5667,0.092,0.0275,,low_light,1,9.058372165337515
00e9be89-00001600.jpg,00e9be89-00001605.jpg,orb,2000,2000,117,62,0.5299,0.0585,31.5556,0.0933,0.0274,,low_light,1,9.499510587297012
00e9be89-00001605.jpg,00e9be89-00001610.jpg,orb,2000,2000,23,8,0.3478,0.0115,39.5652,0.0924,0.0275,,low_light,1,9.724295596397322
00e9be89-00001610.jpg,00e9be89-00001620.jpg,orb,2000,2000,15,5,0.3333,0.0075,44.4667,0.0925,0.0278,,low_light,1,9.823110283103407
00e9be89-00001620.jpg,00e9be89-00001625.jpg,orb,2000,2000,42,20,0.4762,0.021,35.2143,0.094,0.0276,,low_light,1,9.847769998103024
00e9be89-00001625.jpg,00e9be89-00001630.jpg,orb,2000,2000,51,15,0.2941,0.0255,37.0784,0.095,0.028,,low_light,1,10.11506411824501
00e9be89-00001630.jpg,00e9be89-00001635.jpg,orb,2000,2000,18,7,0.3889,0.009,47.3889,0.0941,0.0274,,low_light,1,10.422811928793337
00e9be89-00001635.jpg,00e9be89-00001640.jpg,orb,2000,2000,21,7,0.3333,0.0105,44.8571,0.0935,0.0274,,low_light,1,9.567800060756205
00e9be89-00001640.jpg,00e9be89-00001645.jpg,orb,2000,2000,12,4,0.3333,0.006,40.4167,0.0885,0.0288,,low_light,1,8.546962368157489
00e9be89-00001645.jpg,00e9be89-00001650.jpg,orb,2000,2000,17,6,0.3529,0.0085,30.7647,0.0886,0.0273,,low_light,1,8.891380781698457
00e9be89-00001650.jpg,00e9be89-00001655.jpg,orb,2000,2000,16,5,0.3125,0.008,35.375,0.0966,0.0276,,low_light,1,8.961093480880873
00e9be89-00001655.jpg,00e9be89-00001665.jpg,orb,2000,2000,8,4,0.5,0.004,43.125,0.1017,0.0276,,low_light,1,9.790116804102063
00e9be89-00001665.jpg,00e9be89-00001670.jpg,orb,2000,2000,19,9,0.4737,0.0095,42.3684,0.0958,0.0272,,low_light,1,10.794399961492122
00e9be89-00001670.jpg,00e9be89-00001675.jpg,orb,2000,2000,22,9,0.4091,0.011,37.5455,0.094,0.0273,,low_light,1,10.55532803629228
00e9be89-00001675.jpg,00e9be89-00001680.jpg,orb,2000,2000,15,5,0.3333,0.0075,37.5333,0.0969,0.0278,,low_light,1,10.327124915227031
00e9be89-00001680.jpg,00e9be89-00001685.jpg,orb,2000,2000,17,5,0.2941,0.0085,40.4706,0.1019,0.028,,low_light,1,10.68914371709359
00e9be89-00001685.jpg,00e9be89-00001690.jpg,orb,2000,2000,14,4,0.2857,0.007,36.7857,0.1028,0.028,,low_light,1,11.546319722152202
00e9be89-00001690.jpg,00e9be89-00001695.jpg,orb,2000,2000,21,7,0.3333,0.0105,40.9048,0.0969,0.0274,,low_light,1,12.00160316598783
00e9be89-00001695.jpg,00e9be89-00001705.jpg,orb,2000,1998,16,10,0.625,0.008,36.9375,0.089,0.0262,,low_light,1,11.640915120983273
00e9be89-00001705.jpg,00e9be89-00001710.jpg,orb,1998,1993,102,84,0.8235,0.0512,31.7157,0.0815,0.0282,,low_light,1,11.224578654667702
00e9be89-00001710.jpg,00e9be89-00001715.jpg,orb,1993,2000,46,21,0.4565,0.0231,39.087,0.0871,0.0276,,low_light,1,11.048677437658217
00e9be89-00001715.jpg,00e9be89-00001720.jpg,orb,2000,1979,43,26,0.6047,0.0217,34.7907,0.0851,0.0281,,low_light,1,11.086436996526073
00e9be89-00001720.jpg,00e9be89-00001725.jpg,orb,1979,1995,67,50,0.7463,0.0339,34.5821,0.0829,0.0269,,low_light,1,11.185632405070933
00e9be89-00001725.jpg,00e9be89-00001730.jpg,orb,1995,1990,75,57,0.76,0.0377,33.9467,0.0851,0.0276,,low_light,1,11.152240961790552
00e9be89-00001730.jpg,00e9be89-00001740.jpg,orb,1990,2000,14,6,0.4286,0.007,38.4286,0.0859,0.0275,,low_light,1,11.161769711500714
00e9be89-00001740.jpg,00e9be89-00001745.jpg,orb,2000,2000,12,5,0.4167,0.006,42.5833,0.0959,0.0274,,low_light,1,10.718717253494601
00e9be89-00001745.jpg,00e9be89-00001750.jpg,orb,2000,2000,16,5,0.3125,0.008,42.625,0.0996,0.0295,,low_light,1,10.362544265533831
00e9be89-00001750.jpg,00e9be89-00001755.jpg,orb,2000,2000,56,36,0.6429,0.028,35.7857,0.0902,0.028,,low_light,1,10.740126792995486
00e9be89-00001755.jpg,00e9be89-00001760.jpg,orb,2000,2000,25,14,0.56,0.0125,37.04,0.0935,0.0277,,low_light,1,10.965302341730235
00e9be89-00001760.jpg,00e9be89-00001765.jpg,orb,2000,2000,17,9,0.5294,0.0085,38.8235,0.0941,0.0281,,low_light,1,10.475582291561492
00e9be89-00001765.jpg,00e9be89-00001770.jpg,orb,2000,2000,33,15,0.4545,0.0165,34.6364,0.0968,0.0274,,low_light,1,10.03137923559671
00e9be89-00001770.jpg,00e9be89-00001775.jpg,orb,2000,2000,52,34,0.6538,0.026,36.25,0.094,0.0271,,low_light,1,10.068142161537924
00e9be89-00001775.jpg,00e9be89-00001780.jpg,orb,2000,2000,34,20,0.5882,0.017,37.3529,0.0969,0.0277,,low_light,1,10.455930453838064
00e9be89-00001780.jpg,00e9be89-00001785.jpg,orb,2000,2000,58,39,0.6724,0.029,35.5172,0.0964,0.0278,,low_light,1,10.558831577783145
00e9be89-00001785.jpg,00e9be89-00001795.jpg,orb,2000,2000,51,31,0.6078,0.0255,35.7255,0.0921,0.0274,,low_light,1,10.0367830096334
00e9be89-00001795.jpg,00e9be89-00001800.jpg,orb,2000,2000,911,890,0.9769,0.4555,19.9341,0.0878,0.0275,,low_light,1,10.188873585934829
00e9be89-00001800.jpg,00e9be89-00001810.jpg,orb,2000,2000,244,112,0.459,0.122,30.3975,0.0909,0.0276,,low_light,1,10.550283205547537
00e9be89-00001810.jpg,00e9be89-00001815.jpg,orb,2000,2000,181,104,0.5746,0.0905,29.5746,0.0912,0.0278,,low_light,1,10.506365920138336
00e9be89-00001815.jpg,00e9be89-00001820.jpg,orb,2000,2000,61,31,0.5082,0.0305,36.6557,0.0909,0.0278,,low_light,1,10.541770241410836
00e9be89-00001820.jpg,00e9be89-00001825.jpg,orb,2000,2000,71,24,0.338,0.0355,36.4366,0.0924,0.0266,,low_light,1,10.451585072122098
00e9be89-00001825.jpg,00e9be89-00001830.jpg,orb,2000,2000,39,19,0.4872,0.0195,38.1026,0.0985,0.0272,,low_light,1,10.329460634862242
00e9be89-00001830.jpg,00e9be89-00001840.jpg,orb,2000,2000,20,7,0.35,0.01,38.4,0.1013,0.0278,,low_light,1,10.156370794694073
00e9be89-00001840.jpg,00e9be89-00001845.jpg,orb,2000,2000,1165,1146,0.9837,0.5825,17.2618,0.1017,0.0283,,low_light,1,10.012145696654294
00e9be89-00001845.jpg,00e9be89-00001865.jpg,orb,2000,2000,961,946,0.9844,0.4805,19.6025,0.1033,0.0287,,low_light,1,9.986690985199884
00e9be89-00001865.jpg,00e9be89-00001870.jpg,orb,2000,2000,993,984,0.9909,0.4965,20.1501,0.1003,0.0272,,low_light,1,10.066440293407911
00e9be89-00001870.jpg,00e9be89-00001875.jpg,orb,2000,2000,1050,1038,0.9886,0.525,16.6333,0.1013,0.0305,,low_light,1,10.087023108131344
00e9be89-00001875.jpg,00e9be89-00001885.jpg,orb,2000,2000,1029,1011,0.9825,0.5145,18.9281,0.1013,0.0292,,low_light,1,9.979292480175644
00e9be89-00001885.jpg,00e9be89-00001890.jpg,orb,2000,2000,1105,1094,0.99,0.5525,17.0606,0.0999,0.033,,low_light,1,9.951406766169674
00e9be89-00001890.jpg,00e9be89-00001895.jpg,orb,2000,2000,1079,1020,0.9453,0.5395,16.7627,0.1011,0.0552,,low_light,1,9.979389995946935
00e9be89-00001895.jpg,00e9be89-00001900.jpg,orb,2000,2000,1091,1073,0.9835,0.5455,17.7754,0.1014,0.0274,,low_light,1,10.010301516124471
00e9be89-00001900.jpg,00e9be89-00001905.jpg,orb,2000,2000,345,199,0.5768,0.1725,28.7333,0.1029,0.028,,low_light,1,10.041943409006773
00e9be89-00001905.jpg,00e9be89-00001915.jpg,orb,2000,2000,28,13,0.4643,0.014,32.5714,0.0911,0.0284,,low_light,1,10.103819838505864
00e9be89-00000015.jpg,00e9be89-00000100.jpg,orb,2000,2000,6,4,0.6667,0.003,47.5,0.1481,0.0269,C:\Users\alonk\GitHub\Project_digital_image_processing__Amit_Alon\outputs\task2_feature_matching\degraded_visualizations\rain\level_1\match_00e9be89-00000015__00e9be89-00000100.png,rain,1,21.565003881793125
00e9be89-00000100.jpg,00e9be89-00000105.jpg,orb,2000,2000,1008,996,0.9881,0.504,23.1935,0.1259,0.0274,,rain,1,22.831248011386904
00e9be89-00000105.jpg,00e9be89-00000110.jpg,orb,2000,2000,1060,955,0.9009,0.53,20.9849,0.1279,0.0272,,rain,1,22.83203209083463
00e9be89-00000110.jpg,00e9be89-00000115.jpg,orb,2000,2000,1039,1019,0.9808,0.5195,21.6766,0.1276,0.0285,,rain,1,22.830118026636505
00e9be89-00000115.jpg,00e9be89-00000120.jpg,orb,2000,2000,1235,1217,0.9854,0.6175,17.8251,0.1279,0.0291,,rain,1,22.832026488000082
00e9be89-00000120.jpg,00e9be89-00000125.jpg,orb,2000,2000,609,500,0.821,0.3045,29.6059,0.1297,0.0271,,rain,1,22.79974779290613
00e9be89-00000125.jpg,00e9be89-00000130.jpg,orb,2000,2000,849,755,0.8893,0.4245,22.6137,0.1266,0.0292,,rain,1,22.793782338827157
00e9be89-00000130.jpg,00e9be89-00000135.jpg,orb,2000,2000,975,962,0.9867,0.4875,22.2862,0.1267,0.0275,,rain,1,22.8357592153087
00e9be89-00000135.jpg,00e9be89-00000140.jpg,orb,2000,2000,1020,971,0.952,0.51,22.3088,0.1268,0.0268,,rain,1,22.859018308410405
00e9be89-00000140.jpg,00e9be89-00000145.jpg,orb,2000,2000,185,137,0.7405,0.0925,35.4432,0.1272,0.0284,,rain,1,22.8518320822868
00e9be89-00000145.jpg,00e9be89-00000150.jpg,orb,2000,2000,17,5,0.2941,0.0085,40.3529,0.1335,0.0271,,rain,1,22.388713551233984
00e9be89-00000150.jpg,00e9be89-00000160.jpg,orb,2000,2000,10,6,0.6,0.005,43.5,0.1357,0.0269,,rain,1,21.77093451273101
00e9be89-00000160.jpg,00e9be89-00000165.jpg,orb,2000,2000,14,5,0.3571,0.007,43.9286,0.119,0.0269,,rain,1,21.52144339442332
00e9be89-00000165.jpg,00e9be89-00000175.jpg,orb,2000,2000,10,4,0.4,0.005,41.2,0.112,0.0274,,rain,1,21.928186823342667
00e9be89-00000175.jpg,00e9be89-00000190.jpg,orb,2000,2000,8,4,0.5,0.004,41.5,0.1115,0.0275,,rain,1,22.33864489504556
00e9be89-00000190.jpg,00e9be89-00001000.jpg,orb,2000,2000,2,0,0.0,0.001,42.5,0.0941,0.0272,,rain,1,22.29737728953271
00e9be89-00001000.jpg,00e9be89-00001005.jpg,orb,2000,2000,7,5,0.7143,0.0035,39.5714,0.0842,0.0276,,rain,1,22.471562706530115
00e9be89-00001005.jpg,00e9be89-00001010.jpg,orb,2000,1999,8,5,0.625,0.004,36.25,0.0842,0.0275,,rain,1,22.60998557469712
00e9be89-00001010.jpg,00e9be89-00001015.jpg,orb,1999,1976,18,7,0.3889,0.0091,43.0556,0.0841,0.0271,,rain,1,22.673019070159
00e9be89-00001015.jpg,00e9be89-00001020.jpg,orb,1976,2000,26,8,0.3077,0.0132,41.5,0.0841,0.0271,,rain,1,22.646289547353447
00e9be89-00001020.jpg,00e9be89-00001025.jpg,orb,2000,2000,15,6,0.4,0.0075,41.0667,0.0797,0.0265,,rain,1,22.543315993800107
00e9be89-00001025.jpg,00e9be89-00001030.jpg,orb,2000,2000,26,11,0.4231,0.013,42.8846,0.0865,0.0276,,rain,1,22.563389832419315
00e9be89-00001030.jpg,00e9be89-00001035.jpg,orb,2000,2000,57,28,0.4912,0.0285,36.8596,0.0862,0.0276,,rain,1,22.577949389396004
00e9be89-00001035.jpg,00e9be89-00001040.jpg,orb,2000,1984,92,60,0.6522,0.0464,37.0652,0.0831,0.0295,,rain,1,22.58331762760805
00e9be89-00001040.jpg,00e9be89-00001045.jpg,orb,1984,2000,162,86,0.5309,0.0817,35.6728,0.0854,0.0288,,rain,1,22.599776043283
00e9be89-00001045.jpg,00e9be89-00001050.jpg,orb,2000,2000,49,18,0.3673,0.0245,39.2449,0.0845,0.0276,,rain,1,22.575307607806494
00e9be89-00001050.jpg,00e9be89-00001055.jpg,orb,2000,2000,76,25,0.3289,0.038,40.25,0.0851,0.0276,,rain,1,22.54924617643683
00e9be89-00001055.jpg,00e9be89-00001060.jpg,orb,2000,2000,93,44,0.4731,0.0465,39.3226,0.0858,0.0274,,rain,1,22.566163012071677
00e9be89-00001060.jpg,00e9be89-00001065.jpg,orb,2000,2000,59,42,0.7119,0.0295,37.5424,0.088,0.0276,,rain,1,22.507900727362752
00e9be89-00001065.jpg,00e9be89-00001070.jpg,orb,2000,2000,116,87,0.75,0.058,36.6207,0.0964,0.028,,rain,1,22.452885043980864
00e9be89-00001070.jpg,00e9be89-00001075.jpg,orb,2000,2000,68,44,0.6471,0.034,38.5,0.1001,0.0273,,rain,1,22.460104570629376
00e9be89-00001075.jpg,00e9be89-00001080.jpg,orb,2000,2000,35,19,0.5429,0.0175,39.0,0.0957,0.0272,,rain,1,22.46962214475805
00e9be89-00001080.jpg,00e9be89-00001090.jpg,orb,2000,2000,25,16,0.64,0.0125,41.0,0.0881,0.0276,,rain,1,22.607478489658423
00e9be89-00001090.jpg,00e9be89-00001095.jpg,orb,2000,2000,52,36,0.6923,0.026,34.0962,0.0907,0.0299,,rain,1,22.74451067616383
00e9be89-00001095.jpg,00e9be89-00001100.jpg,orb,2000,2000,59,35,0.5932,0.0295,38.3051,0.0946,0.0273,,rain,1,22.807861719231024
00e9be89-00001100.jpg,00e9be89-00001105.jpg,orb,2000,2000,33,10,0.303,0.0165,42.8182,0.0944,0.0297,,rain,1,22.830146058371295
00e9be89-00001105.jpg,00e9be89-00001115.jpg,orb,2000,2000,17,8,0.4706,0.0085,44.8235,0.0922,0.0274,,rain,1,22.975152189945494
00e9be89-00001115.jpg,00e9be89-00001125.jpg,orb,2000,2000,21,6,0.2857,0.0105,48.7143,0.0958,0.0283,,rain,1,22.958132718557064
00e9be89-00001125.jpg,00e9be89-00001130.jpg,orb,2000,2000,36,24,0.6667,0.018,36.0556,0.0982,0.0277,,rain,1,22.84134759224494
00e9be89-00001130.jpg,00e9be89-00001135.jpg,orb,2000,2000,53,40,0.7547,0.0265,35.434,0.0961,0.0276,,rain,1,22.864217768439136
00e9be89-00001135.jpg,00e9be89-00001140.jpg,orb,2000,2000,67,51,0.7612,0.0335,32.8507,0.0914,0.0273,,rain,1,22.82887063092143
00e9be89-00001140.jpg,00e9be89-00001150.jpg,orb,2000,2000,55,34,0.6182,0.0275,36.5818,0.0906,0.0273,,rain,1,22.866064097880482
00e9be89-00001150.jpg,00e9be89-00001155.jpg,orb,2000,2000,84,56,0.6667,0.042,35.0595,0.0901,0.0276,,rain,1,22.910315655838556
00e9be89-00001155.jpg,00e9be89-00001160.jpg,orb,2000,2000,75,44,0.5867,0.0375,37.2133,0.0879,0.0277,,rain,1,22.919718841729708
00e9be89-00001160.jpg,00e9be89-00001165.jpg,orb,2000,2000,22,10,0.4545,0.011,39.0909,0.0889,0.0269,,rain,1,22.903199046515326
00e9be89-00001165.jpg,00e9be89-00001170.jpg,orb,2000,2000,46,25,0.5435,0.023,37.8043,0.0905,0.0275,,rain,1,22.875614356183704
00e9be89-00001170.jpg,00e9be89-00001175.jpg,orb,2000,2000,23,12,0.5217,0.0115,38.7391,0.0906,0.031,,rain,1,22.910855897826465
00e9be89-00001175.jpg,00e9be89-00001180.jpg,orb,2000,2000,54,34,0.6296,0.027,36.9815,0.0923,0.0277,,rain,1,22.949311428685625
00e9be89-00001180.jpg,00e9be89-00001185.jpg,orb,2000,2000,26,13,0.5,0.013,41.5,0.0931,0.029,,rain,1,22.958145078167554
00e9be89-00001185.jpg,00e9be89-00001190.jpg,orb,2000,2000,16,6,0.375,0.008,41.8125,0.0955,0.0286,,rain,1,22.946383843828993
00e9be89-00001190.jpg,00e9be89-00001195.jpg,orb,2000,2000,19,6,0.3158,0.0095,42.7368,0.0961,0.0275,,rain,1,22.581413359397054
00e9be89-00001195.jpg,00e9be89-00001200.jpg,orb,2000,1985,19,8,0.4211,0.0096,43.0526,0.091,0.0279,,rain,1,22.62132075803305
00e9be89-00001200.jpg,00e9be89-00001205.jpg,orb,1985,1963,26,8,0.3077,0.0132,41.8077,0.0828,0.027,,rain,1,23.003239822829723
00e9be89-00001205.jpg,00e9be89-00001210.jpg,orb,1963,2000,28,8,0.2857,0.0143,43.4643,0.0832,0.0272,,rain,1,23.017861341504243
00e9be89-00001210.jpg,00e9be89-00001215.jpg,orb,2000,2000,45,22,0.4889,0.0225,41.2889,0.0862,0.0271,,rain,1,23.062225085624505
00e9be89-00001215.jpg,00e9be89-00001220.jpg,orb,2000,2000,14,5,0.3571,0.007,44.6429,0.0938,0.0278,,rain,1,22.842377218144435
00e9be89-00001220.jpg,00e9be89-00001225.jpg,orb,2000,2000,12,5,0.4167,0.006,42.5833,0.0897,0.0255,,rain,1,22.846725097690936
00e9be89-00001225.jpg,00e9be89-00001230.jpg,orb,2000,2000,14,8,0.5714,0.007,39.5,0.0906,0.0271,,rain,1,23.049625093196475
00e9be89-00001230.jpg,00e9be89-00001240.jpg,orb,2000,1750,45,31,0.6889,0.0257,39.7333,0.0843,0.0245,,rain,1,22.982818819832715
00e9be89-00001240.jpg,00e9be89-00001245.jpg,orb,1750,2000,23,11,0.4783,0.0131,40.5652,0.0847,0.0241,,rain,1,22.637660274516794
00e9be89-00001245.jpg,00e9be89-00001250.jpg,orb,2000,2000,14,6,0.4286,0.007,45.9286,0.0899,0.0274,,rain,1,22.668402911424888
00e9be89-00001250.jpg,00e9be89-00001255.jpg,orb,2000,2000,42,20,0.4762,0.021,37.381,0.0913,0.0272,,rain,1,23.022751772928633
00e9be89-00001255.jpg,00e9be89-00001260.jpg,orb,2000,2000,25,19,0.76,0.0125,38.48,0.0965,0.0285,,rain,1,22.99504249114601
00e9be89-00001260.jpg,00e9be89-00001265.jpg,orb,2000,2000,33,24,0.7273,0.0165,40.7273,0.0997,0.0277,,rain,1,22.879011775400333
00e9be89-00001265.jpg,00e9be89-00001270.jpg,orb,2000,2000,11,4,0.3636,0.0055,48.4545,0.099,0.029,,rain,1,22.64066883311847
00e9be89-00001270.jpg,00e9be89-00001275.jpg,orb,2000,2000,15,8,0.5333,0.0075,39.5333,0.1022,0.0282,,rain,1,22.403292755810856
00e9be89-00001275.jpg,00e9be89-00001280.jpg,orb,2000,2000,13,5,0.3846,0.0065,46.8462,0.1136,0.0294,,rain,1,22.39984023395838
00e9be89-00001280.jpg,00e9be89-00001285.jpg,orb,2000,2000,11,4,0.3636,0.0055,39.7273,0.1017,0.0292,,rain,1,22.248546857024945
00e9be89-00001285.jpg,00e9be89-00001290.jpg,orb,2000,2000,9,6,0.6667,0.0045,43.0,0.0981,0.0329,,rain,1,22.28211629339443
00e9be89-00001290.jpg,00e9be89-00001295.jpg,orb,2000,2000,11,4,0.3636,0.0055,45.8182,0.0937,0.0276,,rain,1,22.838751427907415
00e9be89-00001295.jpg,00e9be89-00001305.jpg,orb,2000,2000,12,5,0.4167,0.006,43.25,0.1049,0.0509,,rain,1,23.018845957604213
00e9be89-00001305.jpg,00e9be89-00001310.jpg,orb,2000,2000,8,4,0.5,0.004,44.5,0.122,0.0275,,rain,1,22.736867848507078
00e9be89-00001310.jpg,00e9be89-00001315.jpg,orb,2000,2000,8,4,0.5,0.004,47.375,0.1088,0.0286,,rain,1,22.116188773839056
00e9be89-00001315.jpg,00e9be89-00001325.jpg,orb,2000,2000,29,11,0.3793,0.0145,36.6207,0.0918,0.0287,,rain,1,21.71726539697648
00e9be89-00001325.jpg,00e9be89-00001330.jpg,orb,2000,2000,20,7,0.35,0.01,36.45,0.0858,0.0282,,rain,1,20.909158283489663
00e9be89-00001330.jpg,00e9be89-00001335.jpg,orb,2000,2000,6,0,0.0,0.003,37.0,0.0861,0.0283,,rain,1,20.93582080951508
00e9be89-00001335.jpg,00e9be89-00001340.jpg,orb,2000,2000,19,9,0.4737,0.0095,39.1053,0.0914,0.0283,,rain,1,22.47550380746519
00e9be89-00001340.jpg,00e9be89-00001345.jpg,orb,2000,2000,14,7,0.5,0.007,42.7857,0.0945,0.0284,,rain,1,23.06759335810529
00e9be89-00001345.jpg,00e9be89-00001350.jpg,orb,2000,2000,8,5,0.625,0.004,45.5,0.0921,0.0272,,rain,1,23.037353215832702
00e9be89-00001350.jpg,00e9be89-00001355.jpg,orb,2000,2000,15,7,0.4667,0.0075,44.2,0.0901,0.0276,,rain,1,22.981033063228644
00e9be89-00001355.jpg,00e9be89-00001360.jpg,orb,2000,2000,15,4,0.2667,0.0075,45.1333,0.0923,0.0285,,rain,1,22.725677836165666
00e9be89-00001360.jpg,00e9be89-00001365.jpg,orb,2000,2000,12,5,0.4167,0.006,46.25,0.0935,0.0264,,rain,1,22.608854287688516
00e9be89-00001365.jpg,00e9be89-00001370.jpg,orb,2000,2000,31,15,0.4839,0.0155,37.6129,0.0958,0.0315,,rain,1,22.570528515376598
00e9be89-00001370.jpg,00e9be89-00001375.jpg,orb,2000,2000,156,79,0.5064,0.078,37.141,0.0951,0.0314,,rain,1,22.6437749315053
00e9be89-00001375.jpg,00e9be89-00001380.jpg,orb,2000,2000,211,97,0.4597,0.1055,34.7062,0.0905,0.0277,,rain,1,22.62451632342817
00e9be89-00001380.jpg,00e9be89-00001385.jpg,orb,2000,2000,201,100,0.4975,0.1005,35.6368,0.0899,0.028,,rain,1,22.466400020861045
00e9be89-00001385.jpg,00e9be89-00001390.jpg,orb,2000,2000,41,23,0.561,0.0205,36.7805,0.0899,0.0274,,rain,1,22.541725901089222
00e9be89-00001390.jpg,00e9be89-00001395.jpg,orb,2000,2000,60,35,0.5833,0.03,35.65,0.0915,0.0273,,rain,1,22.54869438321204
00e9be89-00001395.jpg,00e9be89-00001400.jpg,orb,2000,2000,114,47,0.4123,0.057,34.2281,0.092,0.0272,,rain,1,22.47186126085726
00e9be89-00001400.jpg,00e9be89-00001405.jpg,orb,2000,2000,96,41,0.4271,0.048,33.7083,0.0905,0.0275,,rain,1,22.391183379840214
00e9be89-00001405.jpg,00e9be89-00001410.jpg,orb,2000,2000,87,38,0.4368,0.0435,33.7931,0.092,0.0276,,rain,1,22.322072505516672
00e9be89-00001410.jpg,00e9be89-00001415.jpg,orb,2000,2000,192,54,0.2812,0.096,34.3073,0.0935,0.0276,,rain,1,22.273746153907183
00e9be89-00001415.jpg,00e9be89-00001420.jpg,orb,2000,2000,101,35,0.3465,0.0505,35.5149,0.0925,0.0298,,rain,1,22.207020429322718
00e9be89-00001420.jpg,00e9be89-00001425.jpg,orb,2000,2000,66,32,0.4848,0.033,31.8333,0.0901,0.029,,rain,1,22.09883474294494
00e9be89-00001425.jpg,00e9be89-00001430.jpg,orb,2000,2000,96,41,0.4271,0.048,34.6875,0.0931,0.029,,rain,1,21.99157067318734
00e9be89-00001430.jpg,00e9be89-00001440.jpg,orb,2000,2000,28,11,0.3929,0.014,36.6071,0.0943,0.033,,rain,1,21.782137423653893
00e9be89-00001440.jpg,00e9be89-00001445.jpg,orb,2000,2000,66,27,0.4091,0.033,34.6667,0.0959,0.0313,,rain,1,20.639805002207176
00e9be89-00001445.jpg,00e9be89-00001450.jpg,orb,2000,2000,35,17,0.4857,0.0175,40.0286,0.1039,0.0326,,rain,1,21.336761995009653
00e9be89-00001450.jpg,00e9be89-00001455.jpg,orb,2000,2000,68,47,0.6912,0.034,37.2206,0.0885,0.0277,,rain,1,22.783519933826312
00e9be89-00001455.jpg,00e9be89-00001460.jpg,orb,2000,2000,112,54,0.4821,0.056,35.5179,0.0824,0.0276,,rain,1,22.484136866008157
00e9be89-00001460.jpg,00e9be89-00001465.jpg,orb,2000,2000,145,119,0.8207,0.0725,31.069,0.084,0.0271,,rain,1,22.388921358361536
00e9be89-00001465.jpg,00e9be89-00001470.jpg,orb,2000,2001,24,7,0.2917,0.012,38.9583,0.0867,0.0278,,rain,1,22.39512498914528
00e9be89-00001470.jpg,00e9be89-00001475.jpg,orb,2001,2000,66,24,0.3636,0.033,37.697,0.0902,0.028,,rain,1,22.44226117326243
00e9be89-00001475.jpg,00e9be89-00001480.jpg,orb,2000,2000,24,8,0.3333,0.012,36.875,0.0895,0.0275,,rain,1,22.50807031698302
00e9be89-00001480.jpg,00e9be89-00001485.jpg,orb,2000,2000,27,11,0.4074,0.0135,38.7778,0.0897,0.0276,,rain,1,22.67050235129929
00e9be89-00001485.jpg,00e9be89-00001490.jpg,orb,2000,2000,44,19,0.4318,0.022,34.5,0.0861,0.0277,,rain,1,22.82189634881731
00e9be89-00001490.jpg,00e9be89-00001495.jpg,orb,2000,2000,608,585,0.9622,0.304,19.7368,0.0877,0.0281,,rain,1,22.83384769457652
00e9be89-00001495.jpg,00e9be89-00001500.jpg,orb,2000,2000,785,771,0.9822,0.3925,15.1299,0.0863,0.028,,rain,1,22.834672714729898
00e9be89-00001500.jpg,00e9be89-00001505.jpg,orb,2000,2000,319,220,0.6897,0.1595,26.9279,0.0885,0.0291,,rain,1,22.845648204307828
00e9be89-00001505.jpg,00e9be89-00001510.jpg,orb,2000,2000,45,19,0.4222,0.0225,36.7778,0.0887,0.0273,,rain,1,22.864862970117095
00e9be89-00001510.jpg,00e9be89-00001515.jpg,orb,2000,2000,57,19,0.3333,0.0285,40.3333,0.0907,0.0275,,rain,1,22.88492905992184
00e9be89-00001515.jpg,00e9be89-00001520.jpg,orb,2000,2000,20,8,0.4,0.01,39.85,0.0919,0.0276,,rain,1,22.851943793011117
00e9be89-00001520.jpg,00e9be89-00001525.jpg,orb,2000,2000,74,40,0.5405,0.037,36.9054,0.0973,0.0283,,rain,1,22.81740617073588
00e9be89-00001525.jpg,00e9be89-00001535.jpg,orb,2000,2000,20,5,0.25,0.01,41.3,0.0978,0.0273,,rain,1,22.768948642788835
00e9be89-00001535.jpg,00e9be89-00001540.jpg,orb,2000,2000,19,8,0.4211,0.0095,43.4737,0.0975,0.028,,rain,1,22.447558617924187
00e9be89-00001540.jpg,00e9be89-00001545.jpg,orb,2000,2000,35,12,0.3429,0.0175,41.6286,0.0983,0.0282,,rain,1,22.368183160012748
00e9be89-00001545.jpg,00e9be89-00001550.jpg,orb,2000,2000,203,134,0.6601,0.1015,32.7291,0.0972,0.0271,,rain,1,22.554784385220415
00e9be89-00001550.jpg,00e9be89-00001555.jpg,orb,2000,2000,365,352,0.9644,0.1825,21.2356,0.0946,0.0274,,rain,1,22.55433738616592
00e9be89-00001555.jpg,00e9be89-00001560.jpg,orb,2000,2000,283,269,0.9505,0.1415,24.9717,0.096,0.0286,,rain,1,22.562442230880393
00e9be89-00001560.jpg,00e9be89-00001565.jpg,orb,2000,2000,489,439,0.8978,0.2445,22.4949,0.0941,0.0273,,rain,1,22.58607953780712
00e9be89-00001565.jpg,00e9be89-00001570.jpg,orb,2000,2000,69,34,0.4928,0.0345,34.5652,0.0952,0.0277,,rain,1,22.704994762490013
00e9be89-00001570.jpg,00e9be89-00001575.jpg,orb,2000,2000,61,26,0.4262,0.0305,37.4426,0.0976,0.0281,,rain,1,22.701567852481663
00e9be89-00001575.jpg,00e9be89-00001580.jpg,orb,2000,2000,104,69,0.6635,0.052,33.9327,0.099,0.0274,,rain,1,22.59394953973669
00e9be89-00001580.jpg,00e9be89-00001585.jpg,orb,2000,2000,56,24,0.4286,0.028,38.7857,0.1009,0.0301,,rain,1,22.30554977062709
00e9be89-00001585.jpg,00e9be89-00001590.jpg,orb,2000,2000,10,4,0.4,0.005,40.9,0.097,0.0281,,rain,1,22.16754498664242
00e9be89-00001590.jpg,00e9be89-00001595.jpg,orb,2000,2000,19,8,0.4211,0.0095,39.3684,0.093,0.0311,,rain,1,22.295483349191755
00e9be89-00001595.jpg,00e9be89-00001600.jpg,orb,2000,2000,24,10,0.4167,0.012,42.75,0.095,0.0267,,rain,1,22.23153838677663
00e9be89-00001600.jpg,00e9be89-00001605.jpg,orb,2000,2000,114,68,0.5965,0.057,34.1579,0.098,0.0278,,rain,1,22.062695198990937
00e9be89-00001605.jpg,00e9be89-00001610.jpg,orb,2000,2000,23,11,0.4783,0.0115,42.3043,0.0987,0.0275,,rain,1,22.04995513967038
00e9be89-00001610.jpg,00e9be89-00001620.jpg,orb,2000,2000,14,6,0.4286,0.007,43.8571,0.0976,0.0276,,rain,1,22.2962741279637
00e9be89-00001620.jpg,00e9be89-00001625.jpg,orb,2000,2000,36,19,0.5278,0.018,36.9722,0.0957,0.0276,,rain,1,22.287554660157202
00e9be89-00001625.jpg,00e9be89-00001630.jpg,orb,2000,2000,54,21,0.3889,0.027,37.8889,0.096,0.0281,,rain,1,22.20450893948402
00e9be89-00001630.jpg,00e9be89-00001635.jpg,orb,2000,2000,21,8,0.381,0.0105,45.0476,0.0968,0.027,,rain,1,22.51058252174231
00e9be89-00001635.jpg,00e9be89-00001640.jpg,orb,2000,2000,17,5,0.2941,0.0085,45.2941,0.0958,0.0292,,rain,1,22.305919628368805
00e9be89-00001640.jpg,00e9be89-00001645.jpg,orb,2000,2000,13,5,0.3846,0.0065,41.6154,0.0907,0.0276,,rain,1,20.826144803724297
00e9be89-00001645.jpg,00e9be89-00001650.jpg,orb,2000,2000,25,7,0.28,0.0125,37.16,0.0915,0.0273,,rain,1,20.310169061736204
00e9be89-00001650.jpg,00e9be89-00001655.jpg,orb,2000,2000,14,4,0.2857,0.007,41.4286,0.0954,0.0273,,rain,1,21.161979770305276
00e9be89-00001655.jpg,00e9be89-00001665.jpg,orb,2000,2000,7,4,0.5714,0.0035,45.0,0.1054,0.0271,,rain,1,21.966673536746313
00e9be89-00001665.jpg,00e9be89-00001670.jpg,orb,2000,2000,20,10,0.5,0.01,45.0,0.1002,0.0291,,rain,1,22.540378785119
00e9be89-00001670.jpg,00e9be89-00001675.jpg,orb,2000,2000,31,11,0.3548,0.0155,41.3548,0.0964,0.0294,,rain,1,22.47461848752173
00e9be89-00001675.jpg,00e9be89-00001680.jpg,orb,2000,2000,20,11,0.55,0.01,40.1,0.1015,0.033,,rain,1,22.348942864019797
00e9be89-00001680.jpg,00e9be89-00001685.jpg,orb,2000,2000,15,8,0.5333,0.0075,43.5333,0.11,0.028,,rain,1,22.216559717439647
00e9be89-00001685.jpg,00e9be89-00001690.jpg,orb,2000,2000,14,5,0.3571,0.007,39.4286,0.1122,0.0552,,rain,1,22.400881158713524
00e9be89-00001690.jpg,00e9be89-00001695.jpg,orb,2000,2000,17,6,0.3529,0.0085,42.2941,0.0994,0.0272,,rain,1,22.83269952690813
00e9be89-00001695.jpg,00e9be89-00001705.jpg,orb,2000,2000,15,5,0.3333,0.0075,42.4,0.0895,0.0274,,rain,1,22.811869083997863
00e9be89-00001705.jpg,00e9be89-00001710.jpg,orb,2000,2000,84,65,0.7738,0.042,32.4643,0.0863,0.0275,,rain,1,22.706931402706857
00e9be89-00001710.jpg,00e9be89-00001715.jpg,orb,2000,2000,31,17,0.5484,0.0155,39.2258,0.0857,0.0277,,rain,1,22.67821923039878
00e9be89-00001715.jpg,00e9be89-00001720.jpg,orb,2000,1990,39,25,0.641,0.0196,37.6667,0.0877,0.0273,,rain,1,22.636537110800866
00e9be89-00001720.jpg,00e9be89-00001725.jpg,orb,1990,2000,66,50,0.7576,0.0332,33.6515,0.0868,0.0296,,rain,1,22.635856192985273
00e9be89-00001725.jpg,00e9be89-00001730.jpg,orb,2000,2000,76,61,0.8026,0.038,31.8553,0.0856,0.0275,,rain,1,22.69313874658898
00e9be89-00001730.jpg,00e9be89-00001740.jpg,orb,2000,2000,17,6,0.3529,0.0085,40.1765,0.0867,0.029,,rain,1,22.765880107378067
00e9be89-00001740.jpg,00e9be89-00001745.jpg,orb,2000,2000,10,5,0.5,0.005,41.0,0.1011,0.0285,,rain,1,22.0636344963894
00e9be89-00001745.jpg,00e9be89-00001750.jpg,orb,2000,2000,7,4,0.5714,0.0035,42.8571,0.1051,0.0277,,rain,1,21.87924098157736
00e9be89-00001750.jpg,00e9be89-00001755.jpg,orb,2000,2000,36,19,0.5278,0.018,39.4167,0.0926,0.0275,,rain,1,22.49636639717513
00e9be89-00001755.jpg,00e9be89-00001760.jpg,orb,2000,2000,24,10,0.4167,0.012,41.375,0.0945,0.0291,,rain,1,22.563489226356772
00e9be89-00001760.jpg,00e9be89-00001765.jpg,orb,2000,2000,10,6,0.6,0.005,43.7,0.0979,0.0268,,rain,1,22.29098893102808
00e9be89-00001765.jpg,00e9be89-00001770.jpg,orb,2000,2000,17,6,0.3529,0.0085,44.7647,0.0953,0.0279,,rain,1,21.943230212904403
00e9be89-00001770.jpg,00e9be89-00001775.jpg,orb,2000,2000,30,22,0.7333,0.015,35.3667,0.0982,0.0276,,rain,1,21.958433779097945
00e9be89-00001775.jpg,00e9be89-00001780.jpg,orb,2000,2000,26,20,0.7692,0.013,36.4615,0.0983,0.0279,,rain,1,22.15507559789001
00e9be89-00001780.jpg,00e9be89-00001785.jpg,orb,2000,2000,30,16,0.5333,0.015,38.5,0.0987,0.028,,rain,1,22.336377320518096
00e9be89-00001785.jpg,00e9be89-00001795.jpg,orb,2000,2000,21,10,0.4762,0.0105,40.8571,0.0932,0.0276,,rain,1,22.637565482147274
00e9be89-00001795.jpg,00e9be89-00001800.jpg,orb,2000,2000,938,918,0.9787,0.469,20.6077,0.0939,0.0353,,rain,1,22.762919169240597
00e9be89-00001800.jpg,00e9be89-00001810.jpg,orb,2000,2000,185,72,0.3892,0.0925,32.5622,0.0909,0.0276,,rain,1,22.614590714352545
00e9be89-00001810.jpg,00e9be89-00001815.jpg,orb,2000,2000,140,57,0.4071,0.07,32.7214,0.0912,0.0272,,rain,1,22.590344299589496
00e9be89-00001815.jpg,00e9be89-00001820.jpg,orb,2000,2000,23,9,0.3913,0.0115,37.8261,0.0923,0.0287,,rain,1,22.602348336481747
00e9be89-00001820.jpg,00e9be89-00001825.jpg,orb,2000,2000,46,15,0.3261,0.023,39.3478,0.0938,0.0283,,rain,1,22.724190847737354
00e9be89-00001825.jpg,00e9be89-00001830.jpg,orb,2000,2000,34,12,0.3529,0.017,42.2059,0.0989,0.0278,,rain,1,22.76785856981856
00e9be89-00001830.jpg,00e9be89-00001840.jpg,orb,2000,2000,19,7,0.3684,0.0095,42.0526,0.1039,0.0284,,rain,1,22.433341045141386
00e9be89-00001840.jpg,00e9be89-00001845.jpg,orb,2000,2000,1181,1173,0.9932,0.5905,17.1609,0.1036,0.0281,,rain,1,22.17751331789104
00e9be89-00001845.jpg,00e9be89-00001865.jpg,orb,2000,2000,1014,1002,0.9882,0.507,19.1302,0.0728,0.0083,,rain,1,22.1590490409292
00e9be89-00001865.jpg,00e9be89-00001870.jpg,orb,2000,2000,1077,935,0.8682,0.5385,20.2219,0.0327,0.0083,,rain,1,22.134594128255365
00e9be89-00001870.jpg,00e9be89-00001875.jpg,orb,2000,2000,1101,1097,0.9964,0.5505,16.1826,0.0317,0.0083,,rain,1,22.143374983091697
00e9be89-00001875.jpg,00e9be89-00001885.jpg,orb,2000,2000,1091,1084,0.9936,0.5455,18.4794,0.0317,0.0086,,rain,1,22.16256151537378
00e9be89-00001885.jpg,00e9be89-00001890.jpg,orb,2000,2000,1176,1168,0.9932,0.588,17.7109,0.0322,0.0086,,rain,1,22.154599478984025
00e9be89-00001890.jpg,00e9be89-00001895.jpg,orb,2000,2000,1153,1142,0.9905,0.5765,16.6904,0.0321,0.0086,,rain,1,22.164705019469004
00e9be89-00001895.jpg,00e9be89-00001900.jpg,orb,2000,2000,1161,1072,0.9233,0.5805,17.7666,0.0318,0.0087,,rain,1,22.186063103695247
00e9be89-00001900.jpg,00e9be89-00001905.jpg,orb,2000,2000,263,162,0.616,0.1315,30.5285,0.0305,0.0084,,rain,1,22.31957638370303
00e9be89-00001905.jpg,00e9be89-00001915.jpg,orb,2000,2000,30,13,0.4333,0.015,38.2667,0.0454,0.0274,,rain,1,22.501624958098276
00e9be89-00000015.jpg,00e9be89-00000100.jpg,orb,2000,2000,2,0,0.0,0.001,47.5,0.1388,0.0281,C:\Users\alonk\GitHub\Project_digital_image_processing__Amit_Alon\outputs\task2_feature_matching\degraded_visualizations\rain\level_2\match_00e9be89-00000015__00e9be89-00000100.png,rain,2,4.95698813158565
00e9be89-00000100.jpg,00e9be89-00000105.jpg,orb,2000,2000,949,941,0.9916,0.4745,24.4795,0.1238,0.0278,,rain,2,6.460907401638126
00e9be89-00000105.jpg,00e9be89-00000110.jpg,orb,2000,2000,966,953,0.9865,0.483,22.589,0.1228,0.0258,,rain,2,6.437474399384568
00e9be89-00000110.jpg,00e9be89-00000115.jpg,orb,2000,2000,961,951,0.9896,0.4805,22.6816,0.1241,0.0278,,rain,2,6.452187796823866
00e9be89-00000115.jpg,00e9be89-00000120.jpg,orb,2000,2000,1122,1116,0.9947,0.561,20.1586,0.1251,0.0278,,rain,2,6.476783692846862
00e9be89-00000120.jpg,00e9be89-00000125.jpg,orb,2000,2000,285,247,0.8667,0.1425,35.9228,0.1242,0.0285,,rain,2,5.8447635823181985
00e9be89-00000125.jpg,00e9be89-00000130.jpg,orb,2000,2000,779,770,0.9884,0.3895,25.5353,0.1237,0.0278,,rain,2,5.479634443061987
00e9be89-00000130.jpg,00e9be89-00000135.jpg,orb,2000,2000,862,806,0.935,0.431,24.4884,0.1227,0.0281,,rain,2,6.0623477508376045
00e9be89-00000135.jpg,00e9be89-00000140.jpg,orb,2000,2000,858,838,0.9767,0.429,24.1573,0.1236,0.0285,,rain,2,6.4084905856229355
00e9be89-00000140.jpg,00e9be89-00000145.jpg,orb,2000,2000,70,48,0.6857,0.035,38.1714,0.1216,0.0282,,rain,2,6.4412964686332685
00e9be89-00000145.jpg,00e9be89-00000150.jpg,orb,2000,2000,7,4,0.5714,0.0035,45.5714,0.1223,0.0265,,rain,2,4.750253768821836
00e9be89-00000150.jpg,00e9be89-00000160.jpg,orb,2000,2000,2,0,0.0,0.001,46.5,0.1324,0.0282,,rain,2,3.267866650310768
00e9be89-00000160.jpg,00e9be89-00000165.jpg,orb,2000,2000,10,5,0.5,0.005,47.7,0.1209,0.0303,,rain,2,2.9193163248973
00e9be89-00000165.jpg,00e9be89-00000175.jpg,orb,2000,2000,8,5,0.625,0.004,42.75,0.1129,0.028,,rain,2,3.642319425877985
00e9be89-00000175.jpg,00e9be89-00000190.jpg,orb,2000,2000,11,5,0.4545,0.0055,37.7273,0.1134,0.0284,,rain,2,4.315816631301713
00e9be89-00000190.jpg,00e9be89-00001000.jpg,orb,2000,1998,8,4,0.5,0.004,48.5,0.0992,0.029,,rain,2,5.191526135314346
00e9be89-00001000.jpg,00e9be89-00001005.jpg,orb,1998,2000,18,6,0.3333,0.009,39.9444,0.0822,0.029,,rain,2,7.2984453594247665
00e9be89-00001005.jpg,00e9be89-00001010.jpg,orb,2000,1987,13,5,0.3846,0.0065,40.6154,0.0862,0.0273,,rain,2,8.124253290904743
00e9be89-00001010.jpg,00e9be89-00001015.jpg,orb,1987,1946,20,7,0.35,0.0103,39.4,0.0857,0.0284,,rain,2,8.6018122901338
00e9be89-00001015.jpg,00e9be89-00001020.jpg,orb,1946,2000,17,7,0.4118,0.0087,40.5882,0.0843,0.0271,,rain,2,8.58294371565017
00e9be89-00001020.jpg,00e9be89-00001025.jpg,orb,2000,2000,22,5,0.2273,0.011,42.2273,0.0858,0.0274,,rain,2,8.340765607547805
00e9be89-00001025.jpg,00e9be89-00001030.jpg,orb,2000,2000,19,8,0.4211,0.0095,37.5789,0.0849,0.0289,,rain,2,8.316939909415689
00e9be89-00001030.jpg,00e9be89-00001035.jpg,orb,2000,2000,76,54,0.7105,0.038,34.0658,0.0855,0.0277,,rain,2,8.271626472796756
00e9be89-00001035.jpg,00e9be89-00001040.jpg,orb,2000,1982,59,36,0.6102,0.0298,34.0847,0.0854,0.027,,rain,2,8.362040695731736
00e9be89-00001040.jpg,00e9be89-00001045.jpg,orb,1982,2000,130,63,0.4846,0.0656,36.0385,0.0843,0.0277,,rain,2,8.419655007587854
00e9be89-00001045.jpg,00e9be89-00001050.jpg,orb,2000,2000,32,10,0.3125,0.016,37.6562,0.0843,0.0277,,rain,2,8.387145426645382
00e9be89-00001050.jpg,00e9be89-00001055.jpg,orb,2000,2000,50,12,0.24,0.025,38.48,0.0852,0.0279,,rain,2,8.311100001186478
00e9be89-00001055.jpg,00e9be89-00001060.jpg,orb,2000,2000,27,14,0.5185,0.0135,39.1481,0.0875,0.0283,,rain,2,8.338847064498076
00e9be89-00001060.jpg,00e9be89-00001065.jpg,orb,2000,2000,28,14,0.5,0.014,40.6071,0.0909,0.0272,,rain,2,8.195711030784125
00e9be89-00001065.jpg,00e9be89-00001070.jpg,orb,2000,2000,48,30,0.625,0.024,36.9375,0.0949,0.0275,,rain,2,7.9801689022962075
00e9be89-00001070.jpg,00e9be89-00001075.jpg,orb,2000,2000,27,13,0.4815,0.0135,44.8889,0.0994,0.0282,,rain,2,7.397003123732921
00e9be89-00001075.jpg,00e9be89-00001080.jpg,orb,2000,2000,15,5,0.3333,0.0075,45.6667,0.0965,0.0285,,rain,2,7.514690394095059
00e9be89-00001080.jpg,00e9be89-00001090.jpg,orb,2000,2000,26,11,0.4231,0.013,40.9231,0.0879,0.0277,,rain,2,8.713525820422497
00e9be89-00001090.jpg,00e9be89-00001095.jpg,orb,2000,2000,21,6,0.2857,0.0105,41.4286,0.0904,0.03,,rain,2,9.23560477094476
00e9be89-00001095.jpg,00e9be89-00001100.jpg,orb,2000,2000,27,14,0.5185,0.0135,42.3704,0.0917,0.0295,,rain,2,9.19952294571705
00e9be89-00001100.jpg,00e9be89-00001105.jpg,orb,2000,2000,14,6,0.4286,0.007,45.5,0.0924,0.0332,,rain,2,8.753289537459613
00e9be89-00001105.jpg,00e9be89-00001115.jpg,orb,2000,2000,11,6,0.5455,0.0055,43.9091,0.0924,0.0293,,rain,2,7.861461388408783
00e9be89-00001115.jpg,00e9be89-00001125.jpg,orb,2000,2000,17,5,0.2941,0.0085,45.8235,0.0946,0.0552,,rain,2,8.061071610209218
00e9be89-00001125.jpg,00e9be89-00001130.jpg,orb,2000,2000,30,9,0.3,0.015,40.4667,0.0976,0.0279,,rain,2,8.36590530031773
00e9be89-00001130.jpg,00e9be89-00001135.jpg,orb,2000,2000,27,14,0.5185,0.0135,37.5556,0.0947,0.0273,,rain,2,8.754041844446013
00e9be89-00001135.jpg,00e9be89-00001140.jpg,orb,2000,2000,64,45,0.7031,0.032,34.1719,0.0913,0.0273,,rain,2,9.446623635876179
00e9be89-00001140.jpg,00e9be89-00001150.jpg,orb,2000,2000,27,13,0.4815,0.0135,35.7778,0.092,0.0294,,rain,2,9.67963048159002
00e9be89-00001150.jpg,00e9be89-00001155.jpg,orb,2000,2000,28,15,0.5357,0.014,37.0357,0.0898,0.0306,,rain,2,10.00894918614317
00e9be89-00001155.jpg,00e9be89-00001160.jpg,orb,2000,2000,37,18,0.4865,0.0185,39.3784,0.0871,0.0278,,rain,2,9.984184165969431
00e9be89-00001160.jpg,00e9be89-00001165.jpg,orb,2000,2000,7,4,0.5714,0.0035,41.1429,0.0882,0.0274,,rain,2,10.122384565809607
00e9be89-00001165.jpg,00e9be89-00001170.jpg,orb,2000,2000,15,8,0.5333,0.0075,39.6,0.0905,0.028,,rain,2,9.984949708936192
00e9be89-00001170.jpg,00e9be89-00001175.jpg,orb,2000,2000,30,12,0.4,0.015,39.4667,0.0902,0.0288,,rain,2,10.080941194389254
00e9be89-00001175.jpg,00e9be89-00001180.jpg,orb,2000,2000,37,20,0.5405,0.0185,39.2973,0.0897,0.0291,,rain,2,10.38244465886226
00e9be89-00001180.jpg,00e9be89-00001185.jpg,orb,2000,2000,18,5,0.2778,0.009,41.1111,0.0908,0.0275,,rain,2,10.092518426037174
00e9be89-00001185.jpg,00e9be89-00001190.jpg,orb,2000,2000,10,6,0.6,0.005,45.0,0.0929,0.027,,rain,2,9.380856069736392
00e9be89-00001190.jpg,00e9be89-00001195.jpg,orb,2000,2000,14,5,0.3571,0.007,41.2143,0.0961,0.0285,,rain,2,6.293103027390156
00e9be89-00001195.jpg,00e9be89-00001200.jpg,orb,2000,1977,4,4,1.0,0.002,45.0,0.0928,0.0298,,rain,2,7.160541949308014
00e9be89-00001200.jpg,00e9be89-00001205.jpg,orb,1977,1982,17,7,0.4118,0.0086,39.2941,0.082,0.0271,,rain,2,10.625799014354435
00e9be89-00001205.jpg,00e9be89-00001210.jpg,orb,1982,2000,12,5,0.4167,0.0061,42.0833,0.081,0.0265,,rain,2,10.616940386980014
00e9be89-00001210.jpg,00e9be89-00001215.jpg,orb,2000,1984,20,8,0.4,0.0101,40.25,0.0825,0.0278,,rain,2,10.268940091131459
00e9be89-00001215.jpg,00e9be89-00001220.jpg,orb,1984,2000,11,4,0.3636,0.0055,45.5455,0.0927,0.0272,,rain,2,9.028009952474862
00e9be89-00001220.jpg,00e9be89-00001225.jpg,orb,2000,2000,17,6,0.3529,0.0085,45.8824,0.0922,0.0282,,rain,2,9.248070466758433
00e9be89-00001225.jpg,00e9be89-00001230.jpg,orb,2000,2000,8,5,0.625,0.004,46.0,0.0867,0.0285,,rain,2,10.316678122403545
00e9be89-00001230.jpg,00e9be89-00001240.jpg,orb,2000,1639,29,15,0.5172,0.0177,39.4828,0.0815,0.0228,,rain,2,10.337237756589136
00e9be89-00001240.jpg,00e9be89-00001245.jpg,orb,1639,2000,40,13,0.325,0.0244,38.5,0.0833,0.0231,,rain,2,9.743643269515644
00e9be89-00001245.jpg,00e9be89-00001250.jpg,orb,2000,2000,35,10,0.2857,0.0175,40.0,0.0897,0.0281,,rain,2,10.109739838992219
00e9be89-00001250.jpg,00e9be89-00001255.jpg,orb,2000,2000,25,12,0.48,0.0125,38.12,0.0891,0.0277,,rain,2,11.050797257154386
00e9be89-00001255.jpg,00e9be89-00001260.jpg,orb,2000,2000,13,6,0.4615,0.0065,37.4615,0.0954,0.031,,rain,2,10.56784168897151
00e9be89-00001260.jpg,00e9be89-00001265.jpg,orb,2000,2000,15,8,0.5333,0.0075,41.0667,0.0992,0.0279,,rain,2,8.398761986837972
00e9be89-00001265.jpg,00e9be89-00001270.jpg,orb,2000,2000,15,6,0.4,0.0075,46.6667,0.1008,0.0277,,rain,2,5.4223243900530775
00e9be89-00001270.jpg,00e9be89-00001275.jpg,orb,2000,2000,9,4,0.4444,0.0045,39.3333,0.1052,0.0286,,rain,2,5.303032823367085
00e9be89-00001275.jpg,00e9be89-00001280.jpg,orb,2000,2000,11,5,0.4545,0.0055,49.4545,0.1104,0.0301,,rain,2,4.874689091045337
00e9be89-00001280.jpg,00e9be89-00001285.jpg,orb,2000,2000,8,5,0.625,0.004,40.75,0.1102,0.0286,,rain,2,2.1559983788515207
00e9be89-00001285.jpg,00e9be89-00001290.jpg,orb,2000,2000,5,4,0.8,0.0025,46.8,0.1012,0.0268,,rain,2,3.224349551213073
00e9be89-00001290.jpg,00e9be89-00001295.jpg,orb,2000,2000,15,6,0.4,0.0075,42.0667,0.1,0.0271,,rain,2,4.376324311916115
00e9be89-00001295.jpg,00e9be89-00001305.jpg,orb,2000,2000,10,5,0.5,0.005,47.8,0.1065,0.0291,,rain,2,3.8951893291066093
00e9be89-00001305.jpg,00e9be89-00001310.jpg,orb,2000,2000,6,4,0.6667,0.003,45.6667,0.096,0.0299,,rain,2,4.031574733208926
00e9be89-00001310.jpg,00e9be89-00001315.jpg,orb,2000,2000,9,5,0.5556,0.0045,44.8889,0.1102,0.0277,,rain,2,1.9978160655005195
00e9be89-00001315.jpg,00e9be89-00001325.jpg,orb,2000,2000,6,4,0.6667,0.003,41.0,0.098,0.0272,,rain,2,0.5714960838831418
00e9be89-00001325.jpg,00e9be89-00001330.jpg,orb,2000,2000,20,9,0.45,0.01,32.3,0.096,0.0277,,rain,2,0.3049650236898467
00e9be89-00001330.jpg,00e9be89-00001335.jpg,orb,2000,2000,18,6,0.3333,0.009,41.4444,0.09,0.0277,,rain,2,2.911847562477346
00e9be89-00001335.jpg,00e9be89-00001340.jpg,orb,2000,2000,12,6,0.5,0.006,42.0,0.0918,0.0284,,rain,2,6.747792206568382
00e9be89-00001340.jpg,00e9be89-00001345.jpg,orb,2000,2000,16,6,0.375,0.008,41.5625,0.0977,0.0274,,rain,2,7.129702239850497
00e9be89-00001345.jpg,00e9be89-00001350.jpg,orb,2000,2000,18,6,0.3333,0.009,46.1667,0.0942,0.0273,,rain,2,6.4480980995942225
00e9be89-00001350.jpg,00e9be89-00001355.jpg,orb,2000,2000,23,9,0.3913,0.0115,42.5217,0.0935,0.0277,,rain,2,6.8037715880845315
00e9be89-00001355.jpg,00e9be89-00001360.jpg,orb,2000,2000,13,6,0.4615,0.0065,40.5385,0.0933,0.0272,,rain,2,6.615327281571709
00e9be89-00001360.jpg,00e9be89-00001365.jpg,orb,2000,2000,14,4,0.2857,0.007,43.2857,0.0937,0.0269,,rain,2,6.245891191689934
00e9be89-00001365.jpg,00e9be89-00001370.jpg,orb,2000,2000,8,4,0.5,0.004,38.625,0.0983,0.0269,,rain,2,6.736002492350526
00e9be89-00001370.jpg,00e9be89-00001375.jpg,orb,2000,2000,45,16,0.3556,0.0225,36.7556,0.0942,0.0272,,rain,2,6.710823096204569
00e9be89-00001375.jpg,00e9be89-00001380.jpg,orb,2000,2000,80,33,0.4125,0.04,39.1625,0.0931,0.0278,,rain,2,6.755797796784859
00e9be89-00001380.jpg,00e9be89-00001385.jpg,orb,2000,2000,74,30,0.4054,0.037,39.1351,0.0917,0.0275,,rain,2,6.883931211201009
00e9be89-00001385.jpg,00e9be89-00001390.jpg,orb,2000,2000,18,5,0.2778,0.009,30.1111,0.089,0.029,,rain,2,6.404107855344622
00e9be89-00001390.jpg,00e9be89-00001395.jpg,orb,2000,2000,40,10,0.25,0.02,31.875,0.093,0.0276,,rain,2,6.109177553215471
00e9be89-00001395.jpg,00e9be89-00001400.jpg,orb,2000,2000,55,12,0.2182,0.0275,31.7455,0.0922,0.0273,,rain,2,6.494303843049506
00e9be89-00001400.jpg,00e9be89-00001405.jpg,orb,2000,2000,45,15,0.3333,0.0225,32.4,0.0931,0.0278,,rain,2,6.624610810070753
00e9be89-00001405.jpg,00e9be89-00001410.jpg,orb,2000,2000,58,22,0.3793,0.029,32.6207,0.0918,0.0276,,rain,2,6.790858347705044
00e9be89-00001410.jpg,00e9be89-00001415.jpg,orb,2000,2000,104,24,0.2308,0.052,30.9423,0.0924,0.0281,,rain,2,6.770634579746106
00e9be89-00001415.jpg,00e9be89-00001420.jpg,orb,2000,2000,71,25,0.3521,0.0355,30.7606,0.0941,0.0277,,rain,2,6.257600696795631
00e9be89-00001420.jpg,00e9be89-00001425.jpg,orb,2000,2000,34,10,0.2941,0.017,31.5294,0.0927,0.0275,,rain,2,5.868065988889442
00e9be89-00001425.jpg,00e9be89-00001430.jpg,orb,2000,2000,60,19,0.3167,0.03,36.75,0.0926,0.0313,,rain,2,5.746032666480417
00e9be89-00001430.jpg,00e9be89-00001440.jpg,orb,2000,2000,24,5,0.2083,0.012,40.5,0.0915,0.0273,,rain,2,6.170524190896533
00e9be89-00001440.jpg,00e9be89-00001445.jpg,orb,2000,2000,51,13,0.2549,0.0255,33.8824,0.0951,0.0277,,rain,2,5.746008900250394
00e9be89-00001445.jpg,00e9be89-00001450.jpg,orb,2000,2000,24,16,0.6667,0.012,36.75,0.0971,0.0282,,rain,2,4.807756952340661
00e9be89-00001450.jpg,00e9be89-00001455.jpg,orb,2000,2000,43,21,0.4884,0.0215,33.6279,0.0896,0.0277,,rain,2,4.870379276754638
00e9be89-00001455.jpg,00e9be89-00001460.jpg,orb,2000,2000,48,24,0.5,0.024,39.6458,0.0891,0.0273,,rain,2,5.277388603217087
00e9be89-00001460.jpg,00e9be89-00001465.jpg,orb,2000,2000,105,82,0.781,0.0525,34.381,0.0896,0.0277,,rain,2,5.431620506909309
00e9be89-00001465.jpg,00e9be89-00001470.jpg,orb,2000,2000,15,4,0.2667,0.0075,42.2667,0.0908,0.0298,,rain,2,6.447863716573227
00e9be89-00001470.jpg,00e9be89-00001475.jpg,orb,2000,2000,52,17,0.3269,0.026,34.5192,0.0889,0.0276,,rain,2,7.433331302547401
00e9be89-00001475.jpg,00e9be89-00001480.jpg,orb,2000,2000,29,9,0.3103,0.0145,39.9655,0.0907,0.0275,,rain,2,6.984845791570139
00e9be89-00001480.jpg,00e9be89-00001485.jpg,orb,2000,2000,22,6,0.2727,0.011,40.8636,0.0917,0.0276,,rain,2,8.049719349877357
00e9be89-00001485.jpg,00e9be89-00001490.jpg,orb,2000,2000,22,8,0.3636,0.011,40.2273,0.0858,0.0275,,rain,2,9.710421139712148
00e9be89-00001490.jpg,00e9be89-00001495.jpg,orb,2000,2000,540,529,0.9796,0.27,20.0315,0.0868,0.0276,,rain,2,9.815324473820361
00e9be89-00001495.jpg,00e9be89-00001500.jpg,orb,2000,2000,759,751,0.9895,0.3795,15.8393,0.0867,0.0299,,rain,2,9.822343897828096
00e9be89-00001500.jpg,00e9be89-00001505.jpg,orb,2000,2000,212,175,0.8255,0.106,31.3019,0.0868,0.0302,,rain,2,9.900702756095182
00e9be89-00001505.jpg,00e9be89-00001510.jpg,orb,2000,2000,30,9,0.3,0.015,40.9667,0.0894,0.0333,,rain,2,9.787563347786119
00e9be89-00001510.jpg,00e9be89-00001515.jpg,orb,2000,2000,19,6,0.3158,0.0095,44.0,0.0908,0.0286,,rain,2,8.963767253973742
00e9be89-00001515.jpg,00e9be89-00001520.jpg,orb,2000,2000,11,6,0.5455,0.0055,43.7273,0.092,0.0574,,rain,2,7.510792483113926
00e9be89-00001520.jpg,00e9be89-00001525.jpg,orb,2000,2000,52,25,0.4808,0.026,39.1731,0.097,0.028,,rain,2,7.240921740952037
00e9be89-00001525.jpg,00e9be89-00001535.jpg,orb,2000,2000,25,6,0.24,0.0125,42.56,0.1002,0.0276,,rain,2,7.38272566249923
00e9be89-00001535.jpg,00e9be89-00001540.jpg,orb,2000,2000,9,5,0.5556,0.0045,43.7778,0.1022,0.0274,,rain,2,5.73620778800607
00e9be89-00001540.jpg,00e9be89-00001545.jpg,orb,2000,2000,18,6,0.3333,0.009,44.7778,0.106,0.0269,,rain,2,4.637694794143146
00e9be89-00001545.jpg,00e9be89-00001550.jpg,orb,2000,2000,86,45,0.5233,0.043,38.2791,0.1034,0.0281,,rain,2,4.877081455524608
00e9be89-00001550.jpg,00e9be89-00001555.jpg,orb,2000,2000,380,367,0.9658,0.19,20.9368,0.1002,0.0279,,rain,2,4.881976613075025
00e9be89-00001555.jpg,00e9be89-00001560.jpg,orb,2000,2000,230,179,0.7783,0.115,26.6261,0.0981,0.0289,,rain,2,4.899933143434312
00e9be89-00001560.jpg,00e9be89-00001565.jpg,orb,2000,2000,399,380,0.9524,0.1995,20.9298,0.1003,0.0282,,rain,2,4.955156927058283
00e9be89-00001565.jpg,00e9be89-00001570.jpg,orb,2000,2000,32,17,0.5312,0.016,37.75,0.098,0.0293,,rain,2,5.389531646355158
00e9be89-00001570.jpg,00e9be89-00001575.jpg,orb,2000,2000,37,16,0.4324,0.0185,40.0541,0.0967,0.0282,,rain,2,5.739467075644726
00e9be89-00001575.jpg,00e9be89-00001580.jpg,orb,2000,2000,92,56,0.6087,0.046,34.0543,0.1011,0.0276,,rain,2,5.586741456602263
00e9be89-00001580.jpg,00e9be89-00001585.jpg,orb,2000,2000,51,14,0.2745,0.0255,38.9412,0.1029,0.0274,,rain,2,4.873302240773803
00e9be89-00001585.jpg,00e9be89-00001590.jpg,orb,2000,2000,20,8,0.4,0.01,42.65,0.1022,0.0278,,rain,2,3.598679867412252
00e9be89-00001590.jpg,00e9be89-00001595.jpg,orb,2000,2000,6,4,0.6667,0.003,46.1667,0.0985,0.0278,,rain,2,2.654774758580017
00e9be89-00001595.jpg,00e9be89-00001600.jpg,orb,2000,2000,24,10,0.4167,0.012,41.5,0.0987,0.0272,,rain,2,3.281548332731754
00e9be89-00001600.jpg,00e9be89-00001605.jpg,orb,2000,2000,88,56,0.6364,0.044,39.875,0.0991,0.0276,,rain,2,3.988229616070516
00e9be89-00001605.jpg,00e9be89-00001610.jpg,orb,2000,2000,23,13,0.5652,0.0115,43.2174,0.1001,0.0277,,rain,2,4.563877837702767
00e9be89-00001610.jpg,00e9be89-00001620.jpg,orb,2000,2000,11,5,0.4545,0.0055,42.9091,0.102,0.0276,,rain,2,4.922196198587496
00e9be89-00001620.jpg,00e9be89-00001625.jpg,orb,2000,2000,14,4,0.2857,0.007,39.5714,0.0994,0.0285,,rain,2,5.595267112546827
00e9be89-00001625.jpg,00e9be89-00001630.jpg,orb,2000,2000,65,11,0.1692,0.0325,33.7077,0.0929,0.0273,,rain,2,6.795435102084227
00e9be89-00001630.jpg,00e9be89-00001635.jpg,orb,2000,2000,28,6,0.2143,0.014,41.3571,0.0959,0.0274,,rain,2,6.826724712223125
00e9be89-00001635.jpg,00e9be89-00001640.jpg,orb,2000,2000,11,6,0.5455,0.0055,45.4545,0.0974,0.0299,,rain,2,3.844010817209789
00e9be89-00001640.jpg,00e9be89-00001645.jpg,orb,2000,2000,9,4,0.4444,0.0045,47.3333,0.0976,0.0276,,rain,2,-0.1016447190746011
00e9be89-00001645.jpg,00e9be89-00001650.jpg,orb,2000,2000,12,5,0.4167,0.006,42.0,0.0978,0.028,,rain,2,-0.1999557474889242
00e9be89-00001650.jpg,00e9be89-00001655.jpg,orb,2000,2000,8,4,0.5,0.004,45.5,0.0991,0.0274,,rain,2,0.9222088295244539
00e9be89-00001655.jpg,00e9be89-00001665.jpg,orb,2000,2000,8,5,0.625,0.004,44.25,0.103,0.0274,,rain,2,3.9107666395037803
00e9be89-00001665.jpg,00e9be89-00001670.jpg,orb,2000,2000,12,6,0.5,0.006,43.0,0.0988,0.0273,,rain,2,6.833770392644854
00e9be89-00001670.jpg,00e9be89-00001675.jpg,orb,2000,2000,15,5,0.3333,0.0075,43.6,0.0995,0.0271,,rain,2,6.098400092801424
00e9be89-00001675.jpg,00e9be89-00001680.jpg,orb,2000,2000,20,9,0.45,0.01,38.65,0.1014,0.0274,,rain,2,5.46509046860429
00e9be89-00001680.jpg,00e9be89-00001685.jpg,orb,2000,2000,23,6,0.2609,0.0115,38.8696,0.1111,0.0276,,rain,2,5.797409647514079
00e9be89-00001685.jpg,00e9be89-00001690.jpg,orb,2000,2000,13,5,0.3846,0.0065,42.3077,0.1073,0.0273,,rain,2,7.673325222680559
00e9be89-00001690.jpg,00e9be89-00001695.jpg,orb,2000,2000,20,5,0.25,0.01,40.95,0.0969,0.0274,,rain,2,10.011038615403837
00e9be89-00001695.jpg,00e9be89-00001705.jpg,orb,2000,2000,23,8,0.3478,0.0115,39.3913,0.0908,0.0276,,rain,2,9.003836766432276
00e9be89-00001705.jpg,00e9be89-00001710.jpg,orb,2000,2000,58,42,0.7241,0.029,37.8966,0.0867,0.0273,,rain,2,7.312762569985236
00e9be89-00001710.jpg,00e9be89-00001715.jpg,orb,2000,2000,37,16,0.4324,0.0185,41.2703,0.0879,0.0274,,rain,2,7.132139301291101
00e9be89-00001715.jpg,00e9be89-00001720.jpg,orb,2000,1990,28,18,0.6429,0.0141,37.0714,0.0895,0.027,,rain,2,7.289396401466167
00e9be89-00001720.jpg,00e9be89-00001725.jpg,orb,1990,2000,63,44,0.6984,0.0317,31.5079,0.0884,0.0288,,rain,2,7.358018125525853
00e9be89-00001725.jpg,00e9be89-00001730.jpg,orb,2000,2000,56,38,0.6786,0.028,29.8214,0.0896,0.0316,,rain,2,7.3211228656520895
00e9be89-00001730.jpg,00e9be89-00001740.jpg,orb,2000,2000,30,18,0.6,0.015,36.4333,0.0892,0.0274,,rain,2,7.414258529858841
00e9be89-00001740.jpg,00e9be89-00001745.jpg,orb,2000,2000,5,4,0.8,0.0025,45.8,0.0991,0.0289,,rain,2,5.394507739441535
00e9be89-00001745.jpg,00e9be89-00001750.jpg,orb,2000,2000,12,4,0.3333,0.006,44.0833,0.1071,0.0277,,rain,2,4.902704200791817
00e9be89-00001750.jpg,00e9be89-00001755.jpg,orb,2000,2000,13,6,0.4615,0.0065,38.3846,0.0921,0.0271,,rain,2,7.3145459164882976
00e9be89-00001755.jpg,00e9be89-00001760.jpg,orb,2000,2000,15,5,0.3333,0.0075,43.3333,0.0937,0.0279,,rain,2,8.16359019448588
00e9be89-00001760.jpg,00e9be89-00001765.jpg,orb,2000,2000,12,5,0.4167,0.006,39.9167,0.0985,0.0301,,rain,2,7.136622515731263
00e9be89-00001765.jpg,00e9be89-00001770.jpg,orb,2000,2000,27,11,0.4074,0.0135,32.5556,0.0987,0.0277,,rain,2,6.107698864551587
00e9be89-00001770.jpg,00e9be89-00001775.jpg,orb,2000,2000,19,11,0.5789,0.0095,33.1579,0.0969,0.0295,,rain,2,6.311996867040531
00e9be89-00001775.jpg,00e9be89-00001780.jpg,orb,2000,2000,19,5,0.2632,0.0095,42.7368,0.0954,0.0276,,rain,2,7.147713675057485
00e9be89-00001780.jpg,00e9be89-00001785.jpg,orb,2000,2000,16,8,0.5,0.008,43.9375,0.0959,0.0278,,rain,2,7.580413579405201
00e9be89-00001785.jpg,00e9be89-00001795.jpg,orb,2000,2000,9,4,0.4444,0.0045,44.3333,0.0901,0.0273,,rain,2,6.946788120119072
00e9be89-00001795.jpg,00e9be89-00001800.jpg,orb,2000,2000,834,776,0.9305,0.417,24.7026,0.0892,0.0279,,rain,2,7.123509865921205
00e9be89-00001800.jpg,00e9be89-00001810.jpg,orb,2000,2000,66,26,0.3939,0.033,36.4545,0.0898,0.0295,,rain,2,7.632504085794492
00e9be89-00001810.jpg,00e9be89-00001815.jpg,orb,2000,2000,55,20,0.3636,0.0275,37.4727,0.0896,0.0288,,rain,2,7.554866143158936
00e9be89-00001815.jpg,00e9be89-00001820.jpg,orb,2000,2000,19,6,0.3158,0.0095,41.9474,0.0917,0.0281,,rain,2,7.708109386369793
00e9be89-00001820.jpg,00e9be89-00001825.jpg,orb,2000,2000,25,13,0.52,0.0125,40.04,0.0881,0.0276,,rain,2,7.628798198150193
00e9be89-00001825.jpg,00e9be89-00001830.jpg,orb,2000,2000,39,14,0.359,0.0195,39.0513,0.0989,0.0278,,rain,2,7.176195457700841
00e9be89-00001830.jpg,00e9be89-00001840.jpg,orb,2000,2000,16,5,0.3125,0.008,44.375,0.1016,0.028,,rain,2,6.402231920773968
00e9be89-00001840.jpg,00e9be89-00001845.jpg,orb,2000,2000,1216,1205,0.991,0.608,17.051,0.1022,0.0279,,rain,2,5.943217108455455
00e9be89-00001845.jpg,00e9be89-00001865.jpg,orb,2000,2000,1010,997,0.9871,0.505,19.705,0.1044,0.0277,,rain,2,5.8641956212249475
00e9be89-00001865.jpg,00e9be89-00001870.jpg,orb,2000,2000,1077,1069,0.9926,0.5385,20.2145,0.1004,0.0266,,rain,2,5.944488148025466
00e9be89-00001870.jpg,00e9be89-00001875.jpg,orb,2000,2000,1161,1151,0.9914,0.5805,16.7433,0.1005,0.0275,,rain,2,6.000679495502167
00e9be89-00001875.jpg,00e9be89-00001885.jpg,orb,2000,2000,1193,1185,0.9933,0.5965,18.948,0.104,0.0277,,rain,2,5.870542360710027
00e9be89-00001885.jpg,00e9be89-00001890.jpg,orb,2000,2000,1237,1229,0.9935,0.6185,18.3929,0.1027,0.0284,,rain,2,5.815220123255175
00e9be89-00001890.jpg,00e9be89-00001895.jpg,orb,2000,2000,1229,1220,0.9927,0.6145,17.2408,0.1038,0.0272,,rain,2,5.884511424904639
00e9be89-00001895.jpg,00e9be89-00001900.jpg,orb,2000,2000,1214,1201,0.9893,0.607,18.701,0.1041,0.0277,,rain,2,5.970377111064236
00e9be89-00001900.jpg,00e9be89-00001905.jpg,orb,2000,2000,233,153,0.6567,0.1165,31.8155,0.1031,0.0274,,rain,2,6.101342094852569
00e9be89-00001905.jpg,00e9be89-00001915.jpg,orb,2000,2000,23,7,0.3043,0.0115,41.3913,0.0981,0.0293,,rain,2,6.5307706204057965
