img1,img2,method,n_keypoints_img1,n_keypoints_img2,n_good_matches,n_inliers,inlier_ratio,match_ratio,avg_match_distance,detect_time_sec,match_time_sec,visualization_path,augmentation,level,snr_db,match_ratio_vs_baseline
00e9be89-00000015.jpg,00e9be89-00000100.jpg,orb,2000,2000,7,5,0.7143,0.0035,46.4286,0.059,0.0526,C:\Users\amit\Project_digital_image_processing__Amit_Alon\outputs\visualizations\task2\degraded_visualizations\motion_blur\level_1\match_00e9be89-00000015__00e9be89-00000100.png,motion_blur,1,28.500270340002437,0.0035
00e9be89-00000100.jpg,00e9be89-00000105.jpg,orb,2000,2000,1044,1032,0.9885,0.522,22.7107,0.0541,0.0541,,motion_blur,1,31.90970488753109,0.522
00e9be89-00000105.jpg,00e9be89-00000110.jpg,orb,2000,2000,1046,1034,0.9885,0.523,20.8298,0.0499,0.0464,,motion_blur,1,31.39963567829991,0.523
00e9be89-00000110.jpg,00e9be89-00000115.jpg,orb,2000,2000,1069,1058,0.9897,0.5345,20.9242,0.0721,0.0309,,motion_blur,1,31.68544967950393,0.5345
00e9be89-00000115.jpg,00e9be89-00000120.jpg,orb,2000,2000,1238,1231,0.9943,0.619,17.6987,0.0384,0.0196,,motion_blur,1,31.89835869122799,0.619
00e9be89-00000120.jpg,00e9be89-00000125.jpg,orb,2000,2000,731,715,0.9781,0.3655,28.2326,0.0301,0.0571,,motion_blur,1,31.94256211276148,0.3655
00e9be89-00000125.jpg,00e9be89-00000130.jpg,orb,2000,2000,862,853,0.9896,0.431,22.5,0.0356,0.0483,,motion_blur,1,31.50385236638424,0.431
00e9be89-00000130.jpg,00e9be89-00000135.jpg,orb,2000,2000,988,982,0.9939,0.494,21.3866,0.0719,0.0543,,motion_blur,1,31.75103310843112,0.494
00e9be89-00000135.jpg,00e9be89-00000140.jpg,orb,2000,2000,1041,1029,0.9885,0.5205,21.3814,0.0687,0.0544,,motion_blur,1,31.742406352557715,0.5205
00e9be89-00000140.jpg,00e9be89-00000145.jpg,orb,2000,2000,248,174,0.7016,0.124,32.5645,0.0452,0.0449,,motion_blur,1,32.56340538488532,0.124
00e9be89-00000145.jpg,00e9be89-00000150.jpg,orb,2000,2000,16,5,0.3125,0.008,43.25,0.042,0.0501,,motion_blur,1,30.42377075515348,0.008
00e9be89-00000150.jpg,00e9be89-00000160.jpg,orb,2000,2000,7,4,0.5714,0.0035,45.7143,0.0751,0.0433,,motion_blur,1,28.889182270074144,0.0035
00e9be89-00000160.jpg,00e9be89-00000165.jpg,orb,2000,2000,13,6,0.4615,0.0065,40.3846,0.0691,0.0436,,motion_blur,1,29.805778936286927,0.0065
00e9be89-00000165.jpg,00e9be89-00000175.jpg,orb,2000,2000,10,4,0.4,0.005,42.9,0.0386,0.0406,,motion_blur,1,29.443987862747164,0.005
00e9be89-00000175.jpg,00e9be89-00000190.jpg,orb,2000,2000,9,5,0.5556,0.0045,41.1111,0.065,0.0505,,motion_blur,1,30.09824056278988,0.0045
00e9be89-00000190.jpg,00e9be89-00001000.jpg,orb,2000,2000,8,4,0.5,0.004,46.25,0.0559,0.0557,,motion_blur,1,34.69895344530296,0.004
00e9be89-00001000.jpg,00e9be89-00001005.jpg,orb,2000,2000,20,6,0.3,0.01,43.5,0.0294,0.0207,,motion_blur,1,42.0797319637144,0.01
00e9be89-00001005.jpg,00e9be89-00001010.jpg,orb,2000,2000,16,5,0.3125,0.008,43.75,0.0337,0.0523,,motion_blur,1,42.51431718873459,0.008
00e9be89-00001010.jpg,00e9be89-00001015.jpg,orb,2000,1990,23,11,0.4783,0.0116,40.3913,0.0667,0.0424,,motion_blur,1,40.95029088981149,0.011546184738955823
00e9be89-00001015.jpg,00e9be89-00001020.jpg,orb,1990,2000,31,8,0.2581,0.0156,39.1613,0.0353,0.0494,,motion_blur,1,39.28227669531405,0.015562248995983935
00e9be89-00001020.jpg,00e9be89-00001025.jpg,orb,2000,2000,14,6,0.4286,0.007,40.4286,0.058,0.0386,,motion_blur,1,38.511767133259056,0.007
00e9be89-00001025.jpg,00e9be89-00001030.jpg,orb,2000,2000,43,16,0.3721,0.0215,40.8372,0.0283,0.05,,motion_blur,1,39.49309725252152,0.0215
00e9be89-00001030.jpg,00e9be89-00001035.jpg,orb,2000,2000,84,50,0.5952,0.042,35.5238,0.0239,0.0576,,motion_blur,1,39.22526365104428,0.042
00e9be89-00001035.jpg,00e9be89-00001040.jpg,orb,2000,2000,120,97,0.8083,0.06,35.2583,0.0595,0.0479,,motion_blur,1,40.76358219057367,0.06
00e9be89-00001040.jpg,00e9be89-00001045.jpg,orb,2000,2000,203,108,0.532,0.1015,35.5567,0.0594,0.0461,,motion_blur,1,40.78286279083716,0.1015
00e9be89-00001045.jpg,00e9be89-00001050.jpg,orb,2000,2000,68,28,0.4118,0.034,38.5147,0.0546,0.0556,,motion_blur,1,41.01892248524446,0.034
00e9be89-00001050.jpg,00e9be89-00001055.jpg,orb,2000,2000,92,34,0.3696,0.046,37.0761,0.0716,0.0551,,motion_blur,1,40.15190461639723,0.046
00e9be89-00001055.jpg,00e9be89-00001060.jpg,orb,2000,2000,130,65,0.5,0.065,36.2846,0.0609,0.0535,,motion_blur,1,39.64636289465671,0.065
00e9be89-00001060.jpg,00e9be89-00001065.jpg,orb,2000,2000,66,41,0.6212,0.033,37.0152,0.065,0.0575,,motion_blur,1,39.18874172669818,0.033
00e9be89-00001065.jpg,00e9be89-00001070.jpg,orb,2000,2000,111,80,0.7207,0.0555,33.7477,0.0421,0.0199,,motion_blur,1,38.12674662425515,0.0555
00e9be89-00001070.jpg,00e9be89-00001075.jpg,orb,2000,2000,76,41,0.5395,0.038,37.3421,0.0696,0.0509,,motion_blur,1,37.112561092676586,0.038
00e9be89-00001075.jpg,00e9be89-00001080.jpg,orb,2000,2000,40,23,0.575,0.02,37.175,0.0318,0.0476,,motion_blur,1,38.08308296750312,0.02
00e9be89-00001080.jpg,00e9be89-00001090.jpg,orb,2000,2000,40,24,0.6,0.02,37.825,0.0549,0.0505,,motion_blur,1,40.44090229355234,0.02
00e9be89-00001090.jpg,00e9be89-00001095.jpg,orb,2000,2000,73,53,0.726,0.0365,34.9041,0.0253,0.05,,motion_blur,1,39.32340219163535,0.0365
00e9be89-00001095.jpg,00e9be89-00001100.jpg,orb,2000,2000,65,39,0.6,0.0325,36.5692,0.0587,0.0601,,motion_blur,1,38.78196363143853,0.0325
00e9be89-00001100.jpg,00e9be89-00001105.jpg,orb,2000,2000,28,15,0.5357,0.014,39.9286,0.0257,0.0526,,motion_blur,1,38.215381870152704,0.014
00e9be89-00001105.jpg,00e9be89-00001115.jpg,orb,2000,2000,20,8,0.4,0.01,43.45,0.0387,0.0485,,motion_blur,1,36.52620923962273,0.01
00e9be89-00001115.jpg,00e9be89-00001125.jpg,orb,2000,2000,29,8,0.2759,0.0145,43.6552,0.0312,0.0216,,motion_blur,1,34.84147724357527,0.0145
00e9be89-00001125.jpg,00e9be89-00001130.jpg,orb,2000,2000,41,21,0.5122,0.0205,34.3171,0.0608,0.0481,,motion_blur,1,35.029108181610965,0.0205
00e9be89-00001130.jpg,00e9be89-00001135.jpg,orb,2000,2000,75,41,0.5467,0.0375,36.2933,0.0307,0.046,,motion_blur,1,37.48711417439348,0.0375
00e9be89-00001135.jpg,00e9be89-00001140.jpg,orb,2000,2000,76,60,0.7895,0.038,33.9079,0.0569,0.0539,,motion_blur,1,37.30829569237886,0.038
00e9be89-00001140.jpg,00e9be89-00001150.jpg,orb,2000,2000,65,41,0.6308,0.0325,33.9077,0.0284,0.0244,,motion_blur,1,35.94780509172962,0.0325
00e9be89-00001150.jpg,00e9be89-00001155.jpg,orb,2000,2000,103,75,0.7282,0.0515,34.1359,0.0295,0.0239,,motion_blur,1,37.63478172910556,0.0515
00e9be89-00001155.jpg,00e9be89-00001160.jpg,orb,2000,2000,101,61,0.604,0.0505,31.5347,0.0586,0.0499,,motion_blur,1,38.24528271432659,0.0505
00e9be89-00001160.jpg,00e9be89-00001165.jpg,orb,2000,2000,25,16,0.64,0.0125,36.84,0.028,0.0507,,motion_blur,1,38.23340171594944,0.0125
00e9be89-00001165.jpg,00e9be89-00001170.jpg,orb,2000,2000,64,41,0.6406,0.032,37.625,0.0305,0.0449,,motion_blur,1,37.667915104409005,0.032
00e9be89-00001170.jpg,00e9be89-00001175.jpg,orb,2000,2000,37,20,0.5405,0.0185,36.4595,0.041,0.0534,,motion_blur,1,37.40856406411894,0.0185
00e9be89-00001175.jpg,00e9be89-00001180.jpg,orb,2000,2000,93,57,0.6129,0.0465,38.1828,0.0605,0.0581,,motion_blur,1,37.20908622582529,0.0465
00e9be89-00001180.jpg,00e9be89-00001185.jpg,orb,2000,2000,44,21,0.4773,0.022,38.6818,0.0689,0.0429,,motion_blur,1,36.188056118592414,0.022
00e9be89-00001185.jpg,00e9be89-00001190.jpg,orb,2000,2000,21,8,0.381,0.0105,41.619,0.0354,0.0503,,motion_blur,1,35.235162298507845,0.0105
00e9be89-00001190.jpg,00e9be89-00001195.jpg,orb,2000,2000,18,9,0.5,0.009,41.2778,0.0385,0.0507,,motion_blur,1,33.50160792462832,0.009
00e9be89-00001195.jpg,00e9be89-00001200.jpg,orb,2000,1989,28,4,0.1429,0.0141,39.1071,0.0502,0.0278,,motion_blur,1,36.14840030362143,0.014091595369904378
00e9be89-00001200.jpg,00e9be89-00001205.jpg,orb,1989,1851,37,17,0.4595,0.02,37.7027,0.02,0.0497,,motion_blur,1,42.925055882022846,0.018621036738802214
00e9be89-00001205.jpg,00e9be89-00001210.jpg,orb,1851,2000,19,5,0.2632,0.0103,41.2105,0.0364,0.0404,,motion_blur,1,43.59796196178517,0.009519038076152305
00e9be89-00001210.jpg,00e9be89-00001215.jpg,orb,2000,2000,38,20,0.5263,0.019,38.5,0.0625,0.0219,,motion_blur,1,40.903548049426846,0.019
00e9be89-00001215.jpg,00e9be89-00001220.jpg,orb,2000,2000,14,6,0.4286,0.007,43.4286,0.0958,0.0264,,motion_blur,1,36.02140625025132,0.007
00e9be89-00001220.jpg,00e9be89-00001225.jpg,orb,2000,2000,24,7,0.2917,0.012,45.4167,0.0722,0.045,,motion_blur,1,34.79686142413934,0.012
00e9be89-00001225.jpg,00e9be89-00001230.jpg,orb,2000,2000,19,6,0.3158,0.0095,41.5789,0.0788,0.0503,,motion_blur,1,37.85605369322791,0.0095
00e9be89-00001230.jpg,00e9be89-00001240.jpg,orb,2000,1658,50,34,0.68,0.0302,35.74,0.0698,0.019,,motion_blur,1,40.37542318133893,0.02748763056624519
00e9be89-00001240.jpg,00e9be89-00001245.jpg,orb,1658,2000,25,14,0.56,0.0151,38.68,0.0918,0.0203,,motion_blur,1,38.56611417533655,0.013743815283122594
00e9be89-00001245.jpg,00e9be89-00001250.jpg,orb,2000,2000,25,9,0.36,0.0125,44.6,0.0592,0.0463,,motion_blur,1,36.33051992587045,0.0125
00e9be89-00001250.jpg,00e9be89-00001255.jpg,orb,2000,2000,38,20,0.5263,0.019,34.6053,0.0911,0.0325,,motion_blur,1,37.52781234702008,0.019
00e9be89-00001255.jpg,00e9be89-00001260.jpg,orb,2000,2000,40,30,0.75,0.02,35.225,0.1023,0.0282,,motion_blur,1,36.032222680220656,0.02
00e9be89-00001260.jpg,00e9be89-00001265.jpg,orb,2000,2000,35,26,0.7429,0.0175,35.1143,0.0791,0.0499,,motion_blur,1,34.22407903596272,0.0175
00e9be89-00001265.jpg,00e9be89-00001270.jpg,orb,2000,2000,9,4,0.4444,0.0045,46.5556,0.1035,0.0434,,motion_blur,1,32.139818545220194,0.0045
00e9be89-00001270.jpg,00e9be89-00001275.jpg,orb,2000,2000,14,7,0.5,0.007,40.4286,0.0732,0.0438,,motion_blur,1,31.50153195966538,0.007
00e9be89-00001275.jpg,00e9be89-00001280.jpg,orb,2000,2000,9,4,0.4444,0.0045,48.5556,0.1103,0.0182,,motion_blur,1,30.00983267973561,0.0045
00e9be89-00001280.jpg,00e9be89-00001285.jpg,orb,2000,2000,13,5,0.3846,0.0065,38.4615,0.0602,0.0455,,motion_blur,1,29.267411284708043,0.0065
00e9be89-00001285.jpg,00e9be89-00001290.jpg,orb,2000,2000,11,5,0.4545,0.0055,41.9091,0.0943,0.0265,,motion_blur,1,31.750605489554268,0.0055
00e9be89-00001290.jpg,00e9be89-00001295.jpg,orb,2000,2000,18,8,0.4444,0.009,43.1111,0.0722,0.0512,,motion_blur,1,32.68779229307218,0.009
00e9be89-00001295.jpg,00e9be89-00001305.jpg,orb,2000,2000,16,5,0.3125,0.008,42.875,0.0853,0.0227,,motion_blur,1,31.012815011601383,0.008
00e9be89-00001305.jpg,00e9be89-00001310.jpg,orb,2000,2000,12,5,0.4167,0.006,45.1667,0.0945,0.0471,,motion_blur,1,28.283076718926505,0.006
00e9be89-00001310.jpg,00e9be89-00001315.jpg,orb,2000,2000,5,0,0.0,0.0025,40.0,0.0857,0.0457,,motion_blur,1,30.59256996761973,0.0025
00e9be89-00001315.jpg,00e9be89-00001325.jpg,orb,2000,2000,30,10,0.3333,0.015,34.3667,0.0995,0.0212,,motion_blur,1,34.21334674746742,0.015
00e9be89-00001325.jpg,00e9be89-00001330.jpg,orb,2000,2000,26,10,0.3846,0.013,32.5,0.0774,0.0478,,motion_blur,1,33.58190581882269,0.013
00e9be89-00001330.jpg,00e9be89-00001335.jpg,orb,2000,2000,8,4,0.5,0.004,38.75,0.0506,0.042,,motion_blur,1,34.32954682260505,0.004
00e9be89-00001335.jpg,00e9be89-00001340.jpg,orb,2000,2000,25,9,0.36,0.0125,37.24,0.0944,0.0368,,motion_blur,1,35.24597604194824,0.0125
00e9be89-00001340.jpg,00e9be89-00001345.jpg,orb,2000,2000,15,7,0.4667,0.0075,42.9333,0.0728,0.0235,,motion_blur,1,36.481667904495495,0.0075
00e9be89-00001345.jpg,00e9be89-00001350.jpg,orb,2000,2000,23,9,0.3913,0.0115,41.7826,0.0807,0.0206,,motion_blur,1,37.13139017807544,0.0115
00e9be89-00001350.jpg,00e9be89-00001355.jpg,orb,2000,2000,20,11,0.55,0.01,36.8,0.0728,0.044,,motion_blur,1,36.41729153077991,0.01
00e9be89-00001355.jpg,00e9be89-00001360.jpg,orb,2000,2000,24,9,0.375,0.012,41.0833,0.0716,0.0408,,motion_blur,1,35.62563939887167,0.012
00e9be89-00001360.jpg,00e9be89-00001365.jpg,orb,2000,2000,30,9,0.3,0.015,40.5,0.1021,0.048,,motion_blur,1,35.523783595481774,0.015
00e9be89-00001365.jpg,00e9be89-00001370.jpg,orb,2000,2000,45,25,0.5556,0.0225,33.8889,0.0735,0.0424,,motion_blur,1,35.07020857923193,0.0225
00e9be89-00001370.jpg,00e9be89-00001375.jpg,orb,2000,2000,268,126,0.4701,0.134,33.2649,0.0688,0.0318,,motion_blur,1,38.502110551643,0.134
00e9be89-00001375.jpg,00e9be89-00001380.jpg,orb,2000,2000,351,144,0.4103,0.1755,31.2593,0.066,0.0235,,motion_blur,1,42.98573882266587,0.1755
00e9be89-00001380.jpg,00e9be89-00001385.jpg,orb,2000,2000,297,168,0.5657,0.1485,29.7576,0.073,0.023,,motion_blur,1,43.19933939607808,0.1485
00e9be89-00001385.jpg,00e9be89-00001390.jpg,orb,2000,2000,79,48,0.6076,0.0395,32.1646,0.0734,0.0219,,motion_blur,1,42.69272429722118,0.0395
00e9be89-00001390.jpg,00e9be89-00001395.jpg,orb,2000,2000,86,54,0.6279,0.043,30.3837,0.0805,0.0264,,motion_blur,1,42.49171362660795,0.043
00e9be89-00001395.jpg,00e9be89-00001400.jpg,orb,2000,2000,141,62,0.4397,0.0705,30.8369,0.0815,0.0487,,motion_blur,1,42.711779635115846,0.0705
00e9be89-00001400.jpg,00e9be89-00001405.jpg,orb,2000,2000,141,65,0.461,0.0705,30.0638,0.0742,0.0486,,motion_blur,1,42.32548008277557,0.0705
00e9be89-00001405.jpg,00e9be89-00001410.jpg,orb,2000,2000,139,73,0.5252,0.0695,30.4029,0.0581,0.0236,,motion_blur,1,42.05118984379238,0.0695
00e9be89-00001410.jpg,00e9be89-00001415.jpg,orb,2000,2000,220,64,0.2909,0.11,30.2864,0.0862,0.0207,,motion_blur,1,41.9257849278178,0.11
00e9be89-00001415.jpg,00e9be89-00001420.jpg,orb,2000,2000,125,41,0.328,0.0625,30.888,0.0796,0.028,,motion_blur,1,41.59064973086653,0.0625
00e9be89-00001420.jpg,00e9be89-00001425.jpg,orb,2000,2000,115,49,0.4261,0.0575,28.4435,0.0754,0.0478,,motion_blur,1,41.47346776090015,0.0575
00e9be89-00001425.jpg,00e9be89-00001430.jpg,orb,2000,2000,171,83,0.4854,0.0855,30.8538,0.0826,0.045,,motion_blur,1,41.58116101541104,0.0855
00e9be89-00001430.jpg,00e9be89-00001440.jpg,orb,2000,2000,26,7,0.2692,0.013,39.8846,0.0733,0.0433,,motion_blur,1,40.659848963322034,0.013
00e9be89-00001440.jpg,00e9be89-00001445.jpg,orb,2000,2000,103,49,0.4757,0.0515,30.7087,0.0727,0.0451,,motion_blur,1,38.82153174680859,0.0515
00e9be89-00001445.jpg,00e9be89-00001450.jpg,orb,2000,2000,39,11,0.2821,0.0195,37.6154,0.0983,0.0287,,motion_blur,1,39.12479799577923,0.0195
00e9be89-00001450.jpg,00e9be89-00001455.jpg,orb,2000,2000,79,53,0.6709,0.0395,34.7215,0.0775,0.0463,,motion_blur,1,41.72776246205866,0.0395
00e9be89-00001455.jpg,00e9be89-00001460.jpg,orb,2000,2000,180,122,0.6778,0.09,33.4222,0.0695,0.0218,,motion_blur,1,43.3087866620526,0.09
00e9be89-00001460.jpg,00e9be89-00001465.jpg,orb,2000,2000,205,181,0.8829,0.1025,29.1268,0.0759,0.0509,,motion_blur,1,42.90602457953567,0.1025
00e9be89-00001465.jpg,00e9be89-00001470.jpg,orb,2000,2000,19,7,0.3684,0.0095,38.5789,0.0739,0.049,,motion_blur,1,42.30499878223403,0.0095
00e9be89-00001470.jpg,00e9be89-00001475.jpg,orb,2000,2000,125,61,0.488,0.0625,32.312,0.0743,0.0322,,motion_blur,1,42.55648064491652,0.0625
00e9be89-00001475.jpg,00e9be89-00001480.jpg,orb,2000,2000,41,15,0.3659,0.0205,34.9024,0.0815,0.0282,,motion_blur,1,42.37562976677491,0.0205
00e9be89-00001480.jpg,00e9be89-00001485.jpg,orb,2000,2000,41,20,0.4878,0.0205,36.6098,0.079,0.0286,,motion_blur,1,42.8779998236965,0.0205
00e9be89-00001485.jpg,00e9be89-00001490.jpg,orb,2000,2000,82,31,0.378,0.041,33.7561,0.075,0.0444,,motion_blur,1,44.253009738526,0.041
00e9be89-00001490.jpg,00e9be89-00001495.jpg,orb,2000,2000,607,591,0.9736,0.3035,19.5255,0.0761,0.0239,,motion_blur,1,44.606939776642015,0.3035
00e9be89-00001495.jpg,00e9be89-00001500.jpg,orb,2000,2000,814,794,0.9754,0.407,15.7985,0.0719,0.0522,,motion_blur,1,44.538958785400176,0.407
00e9be89-00001500.jpg,00e9be89-00001505.jpg,orb,2000,2000,401,290,0.7232,0.2005,24.7955,0.067,0.0487,,motion_blur,1,44.03305742525532,0.2005
00e9be89-00001505.jpg,00e9be89-00001510.jpg,orb,2000,2000,50,24,0.48,0.025,33.6,0.0872,0.0248,,motion_blur,1,43.73524721282967,0.025
00e9be89-00001510.jpg,00e9be89-00001515.jpg,orb,2000,2000,70,27,0.3857,0.035,35.7571,0.0749,0.0486,,motion_blur,1,43.57524437058562,0.035
00e9be89-00001515.jpg,00e9be89-00001520.jpg,orb,2000,2000,30,10,0.3333,0.015,36.1,0.037,0.046,,motion_blur,1,39.036757743101056,0.015
00e9be89-00001520.jpg,00e9be89-00001525.jpg,orb,2000,2000,86,37,0.4302,0.043,33.9767,0.1057,0.039,,motion_blur,1,33.48369707198165,0.043
00e9be89-00001525.jpg,00e9be89-00001535.jpg,orb,2000,2000,22,8,0.3636,0.011,42.1364,0.105,0.0298,,motion_blur,1,33.51308829953989,0.011
00e9be89-00001535.jpg,00e9be89-00001540.jpg,orb,2000,2000,19,9,0.4737,0.0095,43.7368,0.1086,0.04,,motion_blur,1,33.44330120892088,0.0095
00e9be89-00001540.jpg,00e9be89-00001545.jpg,orb,2000,2000,28,11,0.3929,0.014,37.25,0.1059,0.0259,,motion_blur,1,32.376120062699286,0.014
00e9be89-00001545.jpg,00e9be89-00001550.jpg,orb,2000,2000,288,196,0.6806,0.144,27.1701,0.1171,0.0492,,motion_blur,1,32.91222272753387,0.144
00e9be89-00001550.jpg,00e9be89-00001555.jpg,orb,2000,2000,335,326,0.9731,0.1675,20.9463,0.1032,0.0492,,motion_blur,1,32.779985404125604,0.1675
00e9be89-00001555.jpg,00e9be89-00001560.jpg,orb,2000,2000,311,297,0.955,0.1555,21.5916,0.0773,0.0265,,motion_blur,1,33.04062714166904,0.1555
00e9be89-00001560.jpg,00e9be89-00001565.jpg,orb,2000,2000,472,421,0.8919,0.236,21.4788,0.0594,0.0225,,motion_blur,1,33.74542114186783,0.236
00e9be89-00001565.jpg,00e9be89-00001570.jpg,orb,2000,2000,68,39,0.5735,0.034,32.3676,0.073,0.0241,,motion_blur,1,33.93319921850386,0.034
00e9be89-00001570.jpg,00e9be89-00001575.jpg,orb,2000,2000,69,31,0.4493,0.0345,35.4348,0.0489,0.0509,,motion_blur,1,33.37386607599256,0.0345
00e9be89-00001575.jpg,00e9be89-00001580.jpg,orb,2000,2000,110,77,0.7,0.055,30.9818,0.0754,0.0204,,motion_blur,1,32.70145202270912,0.055
00e9be89-00001580.jpg,00e9be89-00001585.jpg,orb,2000,2000,55,25,0.4545,0.0275,36.3455,0.0964,0.0336,,motion_blur,1,31.79491496486708,0.0275
00e9be89-00001585.jpg,00e9be89-00001590.jpg,orb,2000,2000,19,6,0.3158,0.0095,42.7895,0.0801,0.0521,,motion_blur,1,31.76680068790791,0.0095
00e9be89-00001590.jpg,00e9be89-00001595.jpg,orb,2000,2000,19,5,0.2632,0.0095,41.8421,0.0726,0.0457,,motion_blur,1,32.35486232389124,0.0095
00e9be89-00001595.jpg,00e9be89-00001600.jpg,orb,2000,2000,29,12,0.4138,0.0145,40.5862,0.081,0.0463,,motion_blur,1,32.61059357759649,0.0145
00e9be89-00001600.jpg,00e9be89-00001605.jpg,orb,2000,2000,156,96,0.6154,0.078,31.5962,0.0765,0.0477,,motion_blur,1,32.42303865732562,0.078
00e9be89-00001605.jpg,00e9be89-00001610.jpg,orb,2000,2000,31,16,0.5161,0.0155,40.8065,0.1012,0.0786,,motion_blur,1,32.41771469917968,0.0155
00e9be89-00001610.jpg,00e9be89-00001620.jpg,orb,2000,2000,15,5,0.3333,0.0075,46.8,0.1197,0.1119,,motion_blur,1,32.988037107789,0.0075
00e9be89-00001620.jpg,00e9be89-00001625.jpg,orb,2000,2000,60,26,0.4333,0.03,37.0833,0.1043,0.033,,motion_blur,1,33.04885508533934,0.03
00e9be89-00001625.jpg,00e9be89-00001630.jpg,orb,2000,2000,67,26,0.3881,0.0335,37.1343,0.1084,0.0221,,motion_blur,1,33.29964340628911,0.0335
00e9be89-00001630.jpg,00e9be89-00001635.jpg,orb,2000,2000,35,8,0.2286,0.0175,42.3714,0.0892,0.0467,,motion_blur,1,31.399189313443937,0.0175
00e9be89-00001635.jpg,00e9be89-00001640.jpg,orb,2000,2000,22,7,0.3182,0.011,43.0909,0.06,0.0216,,motion_blur,1,31.81916938396641,0.011
00e9be89-00001640.jpg,00e9be89-00001645.jpg,orb,2000,2000,11,5,0.4545,0.0055,42.5455,0.0771,0.0436,,motion_blur,1,33.31912088492776,0.0055
00e9be89-00001645.jpg,00e9be89-00001650.jpg,orb,2000,2000,37,8,0.2162,0.0185,34.1081,0.0621,0.0419,,motion_blur,1,31.7896985764632,0.0185
00e9be89-00001650.jpg,00e9be89-00001655.jpg,orb,2000,2000,13,4,0.3077,0.0065,39.3846,0.081,0.0201,,motion_blur,1,31.68515727279045,0.0065
00e9be89-00001655.jpg,00e9be89-00001665.jpg,orb,2000,2000,10,5,0.5,0.005,46.3,0.1125,0.0217,,motion_blur,1,31.990009740577303,0.005
00e9be89-00001665.jpg,00e9be89-00001670.jpg,orb,2000,2000,24,8,0.3333,0.012,39.75,0.0905,0.0303,,motion_blur,1,32.43774234270265,0.012
00e9be89-00001670.jpg,00e9be89-00001675.jpg,orb,2000,2000,33,9,0.2727,0.0165,39.1212,0.0993,0.0356,,motion_blur,1,32.85554298489875,0.0165
00e9be89-00001675.jpg,00e9be89-00001680.jpg,orb,2000,2000,24,14,0.5833,0.012,37.0417,0.0592,0.0559,,motion_blur,1,32.42882039925669,0.012
00e9be89-00001680.jpg,00e9be89-00001685.jpg,orb,2000,2000,17,5,0.2941,0.0085,37.5882,0.0428,0.0593,,motion_blur,1,31.221617151363613,0.0085
00e9be89-00001685.jpg,00e9be89-00001690.jpg,orb,2000,2000,23,6,0.2609,0.0115,40.0,0.0731,0.0568,,motion_blur,1,32.45865287489903,0.0115
00e9be89-00001690.jpg,00e9be89-00001695.jpg,orb,2000,2000,17,7,0.4118,0.0085,40.2941,0.0578,0.0443,,motion_blur,1,35.83494744969292,0.0085
00e9be89-00001695.jpg,00e9be89-00001705.jpg,orb,2000,2000,23,9,0.3913,0.0115,38.3478,0.083,0.058,,motion_blur,1,36.99095152426966,0.0115
00e9be89-00001705.jpg,00e9be89-00001710.jpg,orb,2000,2000,123,90,0.7317,0.0615,30.5041,0.0794,0.0279,,motion_blur,1,37.3827699318554,0.0615
00e9be89-00001710.jpg,00e9be89-00001715.jpg,orb,2000,2000,35,19,0.5429,0.0175,39.5714,0.1047,0.0561,,motion_blur,1,36.89666627825671,0.0175
00e9be89-00001715.jpg,00e9be89-00001720.jpg,orb,2000,1990,63,44,0.6984,0.0317,33.2381,0.0973,0.0272,,motion_blur,1,37.73251475087379,0.03156312625250501
00e9be89-00001720.jpg,00e9be89-00001725.jpg,orb,1990,2000,70,56,0.8,0.0352,31.2571,0.0823,0.0366,,motion_blur,1,38.68851634586542,0.03507014028056112
00e9be89-00001725.jpg,00e9be89-00001730.jpg,orb,2000,2000,80,61,0.7625,0.04,31.35,0.0726,0.0307,,motion_blur,1,37.8575471542844,0.04
00e9be89-00001730.jpg,00e9be89-00001740.jpg,orb,2000,2000,24,7,0.2917,0.012,36.5833,0.1154,0.0251,,motion_blur,1,37.26739108063607,0.012
00e9be89-00001740.jpg,00e9be89-00001745.jpg,orb,2000,2000,11,2,0.1818,0.0055,38.0,0.1016,0.0543,,motion_blur,1,33.01667752930278,0.0055
00e9be89-00001745.jpg,00e9be89-00001750.jpg,orb,2000,2000,11,4,0.3636,0.0055,44.1818,0.0923,0.0293,,motion_blur,1,31.63226070673722,0.0055
00e9be89-00001750.jpg,00e9be89-00001755.jpg,orb,2000,2000,59,43,0.7288,0.0295,34.5085,0.1352,0.0376,,motion_blur,1,34.967446628895374,0.0295
00e9be89-00001755.jpg,00e9be89-00001760.jpg,orb,2000,2000,28,15,0.5357,0.014,36.3571,0.1949,0.0544,,motion_blur,1,34.011232024563405,0.014
00e9be89-00001760.jpg,00e9be89-00001765.jpg,orb,2000,2000,20,10,0.5,0.01,37.65,0.1165,0.0366,,motion_blur,1,32.23337829906355,0.01
00e9be89-00001765.jpg,00e9be89-00001770.jpg,orb,2000,2000,31,12,0.3871,0.0155,31.7742,0.0788,0.0267,,motion_blur,1,32.5544037025266,0.0155
00e9be89-00001770.jpg,00e9be89-00001775.jpg,orb,2000,2000,54,31,0.5741,0.027,34.1296,0.1746,0.0277,,motion_blur,1,32.701598925202894,0.027
00e9be89-00001775.jpg,00e9be89-00001780.jpg,orb,2000,2000,41,28,0.6829,0.0205,32.6341,0.1204,0.0471,,motion_blur,1,32.55029111119911,0.0205
00e9be89-00001780.jpg,00e9be89-00001785.jpg,orb,2000,2000,38,26,0.6842,0.019,36.0526,0.168,0.041,,motion_blur,1,33.69758762859739,0.019
00e9be89-00001785.jpg,00e9be89-00001795.jpg,orb,2000,2000,28,17,0.6071,0.014,35.8929,0.1065,0.0497,,motion_blur,1,35.14073606457234,0.014
00e9be89-00001795.jpg,00e9be89-00001800.jpg,orb,2000,2000,922,897,0.9729,0.461,20.359,0.093,0.053,,motion_blur,1,35.478073719013125,0.461
00e9be89-00001800.jpg,00e9be89-00001810.jpg,orb,2000,2000,287,114,0.3972,0.1435,30.6132,0.1188,0.0304,,motion_blur,1,35.437392287440545,0.1435
00e9be89-00001810.jpg,00e9be89-00001815.jpg,orb,2000,2000,208,61,0.2933,0.104,30.9712,0.0981,0.023,,motion_blur,1,35.010799359187445,0.104
00e9be89-00001815.jpg,00e9be89-00001820.jpg,orb,2000,2000,54,19,0.3519,0.027,36.7222,0.0859,0.0464,,motion_blur,1,35.125249168075655,0.027
00e9be89-00001820.jpg,00e9be89-00001825.jpg,orb,2000,2000,71,22,0.3099,0.0355,35.3239,0.0696,0.0245,,motion_blur,1,35.00393980065833,0.0355
00e9be89-00001825.jpg,00e9be89-00001830.jpg,orb,2000,2000,40,15,0.375,0.02,37.8,0.1032,0.0448,,motion_blur,1,33.70191094668637,0.02
00e9be89-00001830.jpg,00e9be89-00001840.jpg,orb,2000,2000,30,7,0.2333,0.015,41.1,0.0526,0.0225,,motion_blur,1,32.35831233547505,0.015
00e9be89-00001840.jpg,00e9be89-00001845.jpg,orb,2000,2000,1193,1179,0.9883,0.5965,16.6957,0.0799,0.0528,,motion_blur,1,31.78541398475952,0.5965
00e9be89-00001845.jpg,00e9be89-00001865.jpg,orb,2000,2000,1014,1001,0.9872,0.507,19.1351,0.1061,0.0315,,motion_blur,1,31.72355488466546,0.507
00e9be89-00001865.jpg,00e9be89-00001870.jpg,orb,2000,2000,1070,1050,0.9813,0.535,19.5393,0.0575,0.0208,,motion_blur,1,31.856494549589115,0.535
00e9be89-00001870.jpg,00e9be89-00001875.jpg,orb,2000,2000,1092,1079,0.9881,0.546,15.8297,0.0553,0.0474,,motion_blur,1,31.880099650249477,0.546
00e9be89-00001875.jpg,00e9be89-00001885.jpg,orb,2000,2000,1060,1047,0.9877,0.53,17.5481,0.1518,0.0594,,motion_blur,1,31.84184635231632,0.53
00e9be89-00001885.jpg,00e9be89-00001890.jpg,orb,2000,2000,1157,1138,0.9836,0.5785,16.9265,0.1032,0.0271,,motion_blur,1,31.755609675106165,0.5785
00e9be89-00001890.jpg,00e9be89-00001895.jpg,orb,2000,2000,1101,1090,0.99,0.5505,15.8392,0.0826,0.0306,,motion_blur,1,31.728412769230385,0.5505
00e9be89-00001895.jpg,00e9be89-00001900.jpg,orb,2000,2000,1126,1107,0.9831,0.563,17.23,0.0873,0.0333,,motion_blur,1,31.77838164795011,0.563
00e9be89-00001900.jpg,00e9be89-00001905.jpg,orb,2000,2000,341,207,0.607,0.1705,27.6158,0.0764,0.0327,,motion_blur,1,32.0698024300244,0.1705
00e9be89-00001905.jpg,00e9be89-00001915.jpg,orb,2000,2000,49,19,0.3878,0.0245,34.5102,0.0695,0.0318,,motion_blur,1,33.29792831712489,0.0245
00e9be89-00000015.jpg,00e9be89-00000100.jpg,orb,2000,2000,5,5,1.0,0.0025,40.4,0.0963,0.0383,C:\Users\amit\Project_digital_image_processing__Amit_Alon\outputs\visualizations\task2\degraded_visualizations\motion_blur\level_2\match_00e9be89-00000015__00e9be89-00000100.png,motion_blur,2,23.89675292257029,0.0025
00e9be89-00000100.jpg,00e9be89-00000105.jpg,orb,2000,2000,1019,1006,0.9872,0.5095,22.2885,0.1202,0.0345,,motion_blur,2,27.267119268352065,0.5095
00e9be89-00000105.jpg,00e9be89-00000110.jpg,orb,2000,2000,1055,1041,0.9867,0.5275,20.0199,0.0847,0.0336,,motion_blur,2,26.74770149065137,0.5275
00e9be89-00000110.jpg,00e9be89-00000115.jpg,orb,2000,2000,1094,1087,0.9936,0.547,20.5887,0.0848,0.0386,,motion_blur,2,26.882946244134573,0.547
00e9be89-00000115.jpg,00e9be89-00000120.jpg,orb,2000,2000,1264,1262,0.9984,0.632,17.6226,0.0897,0.0338,,motion_blur,2,26.982335491237585,0.632
00e9be89-00000120.jpg,00e9be89-00000125.jpg,orb,2000,2000,754,744,0.9867,0.377,27.2984,0.0829,0.0303,,motion_blur,2,27.054998447976843,0.377
00e9be89-00000125.jpg,00e9be89-00000130.jpg,orb,2000,2000,849,840,0.9894,0.4245,21.4452,0.0793,0.0316,,motion_blur,2,26.837667241401057,0.4245
00e9be89-00000130.jpg,00e9be89-00000135.jpg,orb,2000,2000,1000,992,0.992,0.5,21.227,0.081,0.0349,,motion_blur,2,27.093125499202475,0.5
00e9be89-00000135.jpg,00e9be89-00000140.jpg,orb,2000,2000,1086,1072,0.9871,0.543,21.3932,0.086,0.032,,motion_blur,2,27.10107873820973,0.543
00e9be89-00000140.jpg,00e9be89-00000145.jpg,orb,2000,2000,266,211,0.7932,0.133,32.4474,0.0816,0.0321,,motion_blur,2,27.69547611417782,0.133
00e9be89-00000145.jpg,00e9be89-00000150.jpg,orb,2000,2000,18,5,0.2778,0.009,45.2222,0.0852,0.0299,,motion_blur,2,25.532264268418505,0.009
00e9be89-00000150.jpg,00e9be89-00000160.jpg,orb,2000,2000,10,4,0.4,0.005,42.3,0.0842,0.0313,,motion_blur,2,24.00033417406632,0.005
00e9be89-00000160.jpg,00e9be89-00000165.jpg,orb,2000,2000,9,5,0.5556,0.0045,41.2222,0.081,0.0342,,motion_blur,2,25.113354408654843,0.0045
00e9be89-00000165.jpg,00e9be89-00000175.jpg,orb,2000,2000,10,4,0.4,0.005,39.1,0.0982,0.0426,,motion_blur,2,25.63988746043437,0.005
00e9be89-00000175.jpg,00e9be89-00000190.jpg,orb,2000,2000,7,4,0.5714,0.0035,45.5714,0.1058,0.0367,,motion_blur,2,26.444131884836125,0.0035
00e9be89-00000190.jpg,00e9be89-00001000.jpg,orb,2000,2000,8,4,0.5,0.004,44.875,0.0851,0.0388,,motion_blur,2,30.4099143481085,0.004
00e9be89-00001000.jpg,00e9be89-00001005.jpg,orb,2000,1888,16,4,0.25,0.0085,44.375,0.0597,0.0364,,motion_blur,2,36.91501050576832,0.008
00e9be89-00001005.jpg,00e9be89-00001010.jpg,orb,1888,2000,16,5,0.3125,0.0085,38.1875,0.0657,0.0332,,motion_blur,2,37.33407268959289,0.008
00e9be89-00001010.jpg,00e9be89-00001015.jpg,orb,2000,1984,22,9,0.4091,0.0111,40.2273,0.0591,0.0307,,motion_blur,2,36.31687619591323,0.01104417670682731
00e9be89-00001015.jpg,00e9be89-00001020.jpg,orb,1984,2000,27,9,0.3333,0.0136,42.5926,0.0546,0.0324,,motion_blur,2,34.73997570720205,0.01355421686746988
00e9be89-00001020.jpg,00e9be89-00001025.jpg,orb,2000,2000,25,11,0.44,0.0125,36.88,0.0577,0.042,,motion_blur,2,33.8539098843866,0.0125
00e9be89-00001025.jpg,00e9be89-00001030.jpg,orb,2000,2000,45,19,0.4222,0.0225,38.5556,0.0586,0.0321,,motion_blur,2,35.02399276659866,0.0225
00e9be89-00001030.jpg,00e9be89-00001035.jpg,orb,2000,2000,76,42,0.5526,0.038,35.1316,0.0713,0.0325,,motion_blur,2,34.97266493061558,0.038
00e9be89-00001035.jpg,00e9be89-00001040.jpg,orb,2000,1989,110,80,0.7273,0.0553,34.7273,0.0606,0.0308,,motion_blur,2,36.21641782493941,0.055
00e9be89-00001040.jpg,00e9be89-00001045.jpg,orb,1989,2000,197,98,0.4975,0.099,33.9898,0.0709,0.0502,,motion_blur,2,36.25393047543031,0.0985
00e9be89-00001045.jpg,00e9be89-00001050.jpg,orb,2000,2000,72,28,0.3889,0.036,36.9167,0.0609,0.0426,,motion_blur,2,36.41153476601156,0.036
00e9be89-00001050.jpg,00e9be89-00001055.jpg,orb,2000,2000,92,39,0.4239,0.046,35.1957,0.1216,0.0499,,motion_blur,2,35.71639796107979,0.046
00e9be89-00001055.jpg,00e9be89-00001060.jpg,orb,2000,2000,131,67,0.5115,0.0655,35.3053,0.0763,0.0331,,motion_blur,2,35.127120494729766,0.0655
00e9be89-00001060.jpg,00e9be89-00001065.jpg,orb,2000,2000,68,49,0.7206,0.034,36.0147,0.0827,0.0382,,motion_blur,2,34.54814458531928,0.034
00e9be89-00001065.jpg,00e9be89-00001070.jpg,orb,2000,2000,120,99,0.825,0.06,35.0167,0.0736,0.0374,,motion_blur,2,33.36859744832557,0.06
00e9be89-00001070.jpg,00e9be89-00001075.jpg,orb,2000,2000,80,50,0.625,0.04,35.975,0.0775,0.0294,,motion_blur,2,32.040902106729035,0.04
00e9be89-00001075.jpg,00e9be89-00001080.jpg,orb,2000,2000,52,36,0.6923,0.026,34.4808,0.0758,0.0342,,motion_blur,2,33.24207345351638,0.026
00e9be89-00001080.jpg,00e9be89-00001090.jpg,orb,2000,2000,42,24,0.5714,0.021,37.3095,0.074,0.0407,,motion_blur,2,35.55972183498294,0.021
00e9be89-00001090.jpg,00e9be89-00001095.jpg,orb,2000,2000,76,50,0.6579,0.038,32.5132,0.0828,0.0459,,motion_blur,2,34.4158865288207,0.038
00e9be89-00001095.jpg,00e9be89-00001100.jpg,orb,2000,2000,78,52,0.6667,0.039,36.7821,0.0717,0.0328,,motion_blur,2,33.752938085490115,0.039
00e9be89-00001100.jpg,00e9be89-00001105.jpg,orb,2000,2000,27,13,0.4815,0.0135,36.5926,0.0871,0.0364,,motion_blur,2,33.16495104765111,0.0135
00e9be89-00001105.jpg,00e9be89-00001115.jpg,orb,2000,2000,14,7,0.5,0.007,45.2857,0.0717,0.0331,,motion_blur,2,32.06337974360188,0.007
00e9be89-00001115.jpg,00e9be89-00001125.jpg,orb,2000,2000,25,8,0.32,0.0125,43.28,0.0928,0.0389,,motion_blur,2,30.742581407416083,0.0125
00e9be89-00001125.jpg,00e9be89-00001130.jpg,orb,2000,2000,51,26,0.5098,0.0255,35.3137,0.0706,0.0364,,motion_blur,2,30.67352436061371,0.0255
00e9be89-00001130.jpg,00e9be89-00001135.jpg,orb,2000,2000,67,46,0.6866,0.0335,34.5672,0.0661,0.0281,,motion_blur,2,32.738980348555856,0.0335
00e9be89-00001135.jpg,00e9be89-00001140.jpg,orb,2000,2000,91,65,0.7143,0.0455,34.8791,0.0651,0.0318,,motion_blur,2,32.84917340514294,0.0455
00e9be89-00001140.jpg,00e9be89-00001150.jpg,orb,2000,2000,71,43,0.6056,0.0355,34.0141,0.0631,0.0369,,motion_blur,2,31.9220162327414,0.0355
00e9be89-00001150.jpg,00e9be89-00001155.jpg,orb,2000,2000,109,77,0.7064,0.0545,33.5505,0.0583,0.0325,,motion_blur,2,33.306328498441104,0.0545
00e9be89-00001155.jpg,00e9be89-00001160.jpg,orb,2000,2000,106,69,0.6509,0.053,31.1981,0.0581,0.0299,,motion_blur,2,33.929920182721695,0.053
00e9be89-00001160.jpg,00e9be89-00001165.jpg,orb,2000,2000,32,19,0.5938,0.016,35.75,0.0738,0.0392,,motion_blur,2,34.04918177604928,0.016
00e9be89-00001165.jpg,00e9be89-00001170.jpg,orb,2000,2000,66,39,0.5909,0.033,35.5606,0.0812,0.0365,,motion_blur,2,33.509816702253644,0.033
00e9be89-00001170.jpg,00e9be89-00001175.jpg,orb,2000,2000,45,31,0.6889,0.0225,37.8222,0.0739,0.0346,,motion_blur,2,33.22361989940619,0.0225
00e9be89-00001175.jpg,00e9be89-00001180.jpg,orb,2000,2000,93,52,0.5591,0.0465,37.1183,0.0969,0.0479,,motion_blur,2,33.06023073886485,0.0465
00e9be89-00001180.jpg,00e9be89-00001185.jpg,orb,2000,2000,40,27,0.675,0.02,38.375,0.0898,0.0621,,motion_blur,2,32.182400112663444,0.02
00e9be89-00001185.jpg,00e9be89-00001190.jpg,orb,2000,2000,19,8,0.4211,0.0095,38.8947,0.0692,0.0326,,motion_blur,2,31.3238745823769,0.0095
00e9be89-00001190.jpg,00e9be89-00001195.jpg,orb,2000,2000,15,7,0.4667,0.0075,43.0667,0.0768,0.0375,,motion_blur,2,29.324160005587977,0.0075
00e9be89-00001195.jpg,00e9be89-00001200.jpg,orb,2000,1984,26,9,0.3462,0.0131,37.9231,0.0631,0.0301,,motion_blur,2,31.86866958174633,0.013085052843482638
00e9be89-00001200.jpg,00e9be89-00001205.jpg,orb,1984,1570,28,12,0.4286,0.0178,37.25,0.0501,0.0255,,motion_blur,2,38.5331765217951,0.014091595369904378
00e9be89-00001205.jpg,00e9be89-00001210.jpg,orb,1570,2000,19,6,0.3158,0.0121,37.7895,0.054,0.0227,,motion_blur,2,38.73770275033174,0.009519038076152305
00e9be89-00001210.jpg,00e9be89-00001215.jpg,orb,2000,2000,30,19,0.6333,0.015,38.0667,0.056,0.0298,,motion_blur,2,36.140846463216526,0.015
00e9be89-00001215.jpg,00e9be89-00001220.jpg,orb,2000,2000,21,6,0.2857,0.0105,42.4762,0.0663,0.0354,,motion_blur,2,31.51629208660585,0.0105
00e9be89-00001220.jpg,00e9be89-00001225.jpg,orb,2000,2000,20,6,0.3,0.01,45.7,0.0652,0.032,,motion_blur,2,30.529758011416792,0.01
00e9be89-00001225.jpg,00e9be89-00001230.jpg,orb,2000,2000,20,5,0.25,0.01,38.55,0.0583,0.0309,,motion_blur,2,33.7354011456639,0.01
00e9be89-00001230.jpg,00e9be89-00001240.jpg,orb,2000,1405,51,38,0.7451,0.0363,34.8431,0.0871,0.0254,,motion_blur,2,36.394188578424775,0.028037383177570093
00e9be89-00001240.jpg,00e9be89-00001245.jpg,orb,1405,2000,36,20,0.5556,0.0256,36.1389,0.1335,0.0311,,motion_blur,2,34.45488383998195,0.019791094007696537
00e9be89-00001245.jpg,00e9be89-00001250.jpg,orb,2000,2000,27,11,0.4074,0.0135,40.1852,0.0639,0.0323,,motion_blur,2,32.122314690673775,0.0135
00e9be89-00001250.jpg,00e9be89-00001255.jpg,orb,2000,2000,38,19,0.5,0.019,36.3947,0.0592,0.0302,,motion_blur,2,33.31831368272604,0.019
00e9be89-00001255.jpg,00e9be89-00001260.jpg,orb,2000,2000,37,27,0.7297,0.0185,34.7297,0.0823,0.0488,,motion_blur,2,31.796634931306684,0.0185
00e9be89-00001260.jpg,00e9be89-00001265.jpg,orb,2000,2000,38,32,0.8421,0.019,33.8158,0.0693,0.0335,,motion_blur,2,30.235711011000014,0.019
00e9be89-00001265.jpg,00e9be89-00001270.jpg,orb,2000,2000,8,4,0.5,0.004,42.75,0.0764,0.0336,,motion_blur,2,28.067970789165173,0.004
00e9be89-00001270.jpg,00e9be89-00001275.jpg,orb,2000,2000,12,6,0.5,0.006,39.75,0.0793,0.0347,,motion_blur,2,27.161456100574817,0.006
00e9be89-00001275.jpg,00e9be89-00001280.jpg,orb,2000,2000,13,6,0.4615,0.0065,44.2308,0.0771,0.0313,,motion_blur,2,25.85041704103449,0.0065
00e9be89-00001280.jpg,00e9be89-00001285.jpg,orb,2000,2000,21,6,0.2857,0.0105,39.6667,0.0764,0.0312,,motion_blur,2,25.379002296463486,0.0105
00e9be89-00001285.jpg,00e9be89-00001290.jpg,orb,2000,2000,14,4,0.2857,0.007,40.5,0.0682,0.0284,,motion_blur,2,27.55881883207398,0.007
00e9be89-00001290.jpg,00e9be89-00001295.jpg,orb,2000,2000,18,6,0.3333,0.009,41.9444,0.0625,0.0298,,motion_blur,2,28.508651421049187,0.009
00e9be89-00001295.jpg,00e9be89-00001305.jpg,orb,2000,2000,15,5,0.3333,0.0075,42.5333,0.0687,0.0289,,motion_blur,2,27.065319728102796,0.0075
00e9be89-00001305.jpg,00e9be89-00001310.jpg,orb,2000,2000,11,4,0.3636,0.0055,44.0909,0.0783,0.0275,,motion_blur,2,24.535190491339,0.0055
00e9be89-00001310.jpg,00e9be89-00001315.jpg,orb,2000,2000,10,4,0.4,0.005,44.8,0.0753,0.0307,,motion_blur,2,26.15667133047644,0.005
00e9be89-00001315.jpg,00e9be89-00001325.jpg,orb,2000,2000,38,12,0.3158,0.019,33.2368,0.0648,0.0277,,motion_blur,2,29.0230456666888,0.019
00e9be89-00001325.jpg,00e9be89-00001330.jpg,orb,2000,2000,36,10,0.2778,0.018,32.7222,0.0624,0.0294,,motion_blur,2,28.58360250293766,0.018
00e9be89-00001330.jpg,00e9be89-00001335.jpg,orb,2000,2000,12,3,0.25,0.006,41.1667,0.0559,0.0264,,motion_blur,2,29.93677658418039,0.006
00e9be89-00001335.jpg,00e9be89-00001340.jpg,orb,2000,2000,28,8,0.2857,0.014,39.7857,0.0678,0.0319,,motion_blur,2,31.13415977189986,0.014
00e9be89-00001340.jpg,00e9be89-00001345.jpg,orb,2000,2000,17,6,0.3529,0.0085,38.2353,0.0603,0.0297,,motion_blur,2,32.13936826127022,0.0085
00e9be89-00001345.jpg,00e9be89-00001350.jpg,orb,2000,2000,22,9,0.4091,0.011,39.3182,0.0679,0.0317,,motion_blur,2,32.8447301456478,0.011
00e9be89-00001350.jpg,00e9be89-00001355.jpg,orb,2000,2000,14,7,0.5,0.007,34.2857,0.0642,0.0287,,motion_blur,2,32.22852691385909,0.007
00e9be89-00001355.jpg,00e9be89-00001360.jpg,orb,2000,2000,23,8,0.3478,0.0115,40.4783,0.0609,0.0266,,motion_blur,2,31.77147912104261,0.0115
00e9be89-00001360.jpg,00e9be89-00001365.jpg,orb,2000,2000,27,9,0.3333,0.0135,37.2593,0.0624,0.0289,,motion_blur,2,31.552209830877416,0.0135
00e9be89-00001365.jpg,00e9be89-00001370.jpg,orb,2000,2000,51,28,0.549,0.0255,33.7647,0.0614,0.0292,,motion_blur,2,30.961813102283543,0.0255
00e9be89-00001370.jpg,00e9be89-00001375.jpg,orb,2000,1969,249,109,0.4378,0.1265,30.6386,0.0629,0.0287,,motion_blur,2,33.93967360996823,0.1245
00e9be89-00001375.jpg,00e9be89-00001380.jpg,orb,1969,1935,333,154,0.4625,0.1721,29.5706,0.0564,0.0272,,motion_blur,2,37.77488046084687,0.1665
00e9be89-00001380.jpg,00e9be89-00001385.jpg,orb,1935,1977,303,155,0.5116,0.1566,29.9241,0.0595,0.0295,,motion_blur,2,37.8587648519749,0.1515
00e9be89-00001385.jpg,00e9be89-00001390.jpg,orb,1977,1970,72,47,0.6528,0.0365,28.8333,0.0608,0.0287,,motion_blur,2,36.98678214049107,0.036
00e9be89-00001390.jpg,00e9be89-00001395.jpg,orb,1970,2000,109,70,0.6422,0.0553,30.1376,0.0631,0.0291,,motion_blur,2,36.5895317859019,0.0545
00e9be89-00001395.jpg,00e9be89-00001400.jpg,orb,2000,2000,151,74,0.4901,0.0755,29.6755,0.0633,0.0266,,motion_blur,2,36.90412450575374,0.0755
00e9be89-00001400.jpg,00e9be89-00001405.jpg,orb,2000,2000,167,68,0.4072,0.0835,29.8323,0.0597,0.0286,,motion_blur,2,36.60470034048444,0.0835
00e9be89-00001405.jpg,00e9be89-00001410.jpg,orb,2000,2000,141,60,0.4255,0.0705,27.844,0.0681,0.0298,,motion_blur,2,36.29786456602764,0.0705
00e9be89-00001410.jpg,00e9be89-00001415.jpg,orb,2000,2000,205,60,0.2927,0.1025,30.2293,0.0596,0.0289,,motion_blur,2,36.15804901970336,0.1025
00e9be89-00001415.jpg,00e9be89-00001420.jpg,orb,2000,2000,112,36,0.3214,0.056,30.8125,0.0725,0.0317,,motion_blur,2,35.87560946943366,0.056
00e9be89-00001420.jpg,00e9be89-00001425.jpg,orb,2000,2000,106,48,0.4528,0.053,27.6887,0.0683,0.0336,,motion_blur,2,35.7687261229065,0.053
00e9be89-00001425.jpg,00e9be89-00001430.jpg,orb,2000,2000,161,76,0.472,0.0805,29.7019,0.0646,0.0275,,motion_blur,2,35.864886816989255,0.0805
00e9be89-00001430.jpg,00e9be89-00001440.jpg,orb,2000,2000,36,9,0.25,0.018,38.5556,0.0651,0.0288,,motion_blur,2,34.81681258366184,0.018
00e9be89-00001440.jpg,00e9be89-00001445.jpg,orb,2000,2000,99,52,0.5253,0.0495,28.9899,0.0628,0.0287,,motion_blur,2,32.861204070886664,0.0495
00e9be89-00001445.jpg,00e9be89-00001450.jpg,orb,2000,2000,36,12,0.3333,0.018,38.1111,0.0639,0.0315,,motion_blur,2,33.23853285541158,0.018
00e9be89-00001450.jpg,00e9be89-00001455.jpg,orb,2000,1905,96,63,0.6562,0.0504,35.1562,0.0584,0.0261,,motion_blur,2,36.06231690539562,0.048
00e9be89-00001455.jpg,00e9be89-00001460.jpg,orb,1905,1936,168,112,0.6667,0.0882,31.9702,0.0527,0.0302,,motion_blur,2,37.69731361079121,0.084
00e9be89-00001460.jpg,00e9be89-00001465.jpg,orb,1936,1944,213,175,0.8216,0.11,29.1455,0.0539,0.028,,motion_blur,2,37.17746765106861,0.1065
00e9be89-00001465.jpg,00e9be89-00001470.jpg,orb,1944,2000,26,8,0.3077,0.0134,36.4231,0.0573,0.0272,,motion_blur,2,36.49921107601213,0.013
00e9be89-00001470.jpg,00e9be89-00001475.jpg,orb,2000,2000,128,67,0.5234,0.064,31.9297,0.059,0.0302,,motion_blur,2,36.752323139797696,0.064
00e9be89-00001475.jpg,00e9be89-00001480.jpg,orb,2000,2000,44,19,0.4318,0.022,34.9091,0.0592,0.0312,,motion_blur,2,36.64043627975925,0.022
00e9be89-00001480.jpg,00e9be89-00001485.jpg,orb,2000,2000,53,22,0.4151,0.0265,37.0189,0.0586,0.0279,,motion_blur,2,37.26930109655504,0.0265
00e9be89-00001485.jpg,00e9be89-00001490.jpg,orb,2000,2000,84,37,0.4405,0.042,30.7619,0.0615,0.0293,,motion_blur,2,38.62213786239573,0.042
00e9be89-00001490.jpg,00e9be89-00001495.jpg,orb,2000,2000,562,546,0.9715,0.281,18.71,0.0558,0.0269,,motion_blur,2,38.85525153594055,0.281
00e9be89-00001495.jpg,00e9be89-00001500.jpg,orb,2000,2000,788,770,0.9772,0.394,15.8617,0.0562,0.0291,,motion_blur,2,38.77907336408434,0.394
00e9be89-00001500.jpg,00e9be89-00001505.jpg,orb,2000,2000,396,283,0.7146,0.198,24.2348,0.0688,0.039,,motion_blur,2,38.280326505932365,0.198
00e9be89-00001505.jpg,00e9be89-00001510.jpg,orb,2000,2000,56,27,0.4821,0.028,34.1071,0.0666,0.0314,,motion_blur,2,37.98331333551727,0.028
00e9be89-00001510.jpg,00e9be89-00001515.jpg,orb,2000,2000,67,27,0.403,0.0335,35.9104,0.0648,0.0304,,motion_blur,2,37.87806230175029,0.0335
00e9be89-00001515.jpg,00e9be89-00001520.jpg,orb,2000,2000,39,12,0.3077,0.0195,39.9231,0.0635,0.0284,,motion_blur,2,34.29926254199903,0.0195
00e9be89-00001520.jpg,00e9be89-00001525.jpg,orb,2000,2000,77,40,0.5195,0.0385,31.7922,0.0644,0.03,,motion_blur,2,29.52223984021054,0.0385
00e9be89-00001525.jpg,00e9be89-00001535.jpg,orb,2000,2000,25,10,0.4,0.0125,37.68,0.0681,0.0294,,motion_blur,2,29.316395968428186,0.0125
00e9be89-00001535.jpg,00e9be89-00001540.jpg,orb,2000,2000,21,8,0.381,0.0105,40.7619,0.06,0.0303,,motion_blur,2,29.23218613360745,0.0105
00e9be89-00001540.jpg,00e9be89-00001545.jpg,orb,2000,2000,18,9,0.5,0.009,37.3889,0.0644,0.0264,,motion_blur,2,28.177050250949407,0.009
00e9be89-00001545.jpg,00e9be89-00001550.jpg,orb,2000,2000,292,204,0.6986,0.146,25.8767,0.0681,0.0283,,motion_blur,2,28.63041191832096,0.146
00e9be89-00001550.jpg,00e9be89-00001555.jpg,orb,2000,2000,343,328,0.9563,0.1715,20.0845,0.0685,0.029,,motion_blur,2,28.54717004000053,0.1715
00e9be89-00001555.jpg,00e9be89-00001560.jpg,orb,2000,2000,302,284,0.9404,0.151,21.3675,0.0667,0.0282,,motion_blur,2,28.894965175793885,0.151
00e9be89-00001560.jpg,00e9be89-00001565.jpg,orb,2000,2000,472,419,0.8877,0.236,21.7161,0.0656,0.0284,,motion_blur,2,29.559242072221668,0.236
00e9be89-00001565.jpg,00e9be89-00001570.jpg,orb,2000,2000,62,33,0.5323,0.031,31.4516,0.0666,0.0282,,motion_blur,2,29.76538813797447,0.031
00e9be89-00001570.jpg,00e9be89-00001575.jpg,orb,2000,2000,64,29,0.4531,0.032,34.9844,0.0692,0.0352,,motion_blur,2,29.214710850941948,0.032
00e9be89-00001575.jpg,00e9be89-00001580.jpg,orb,2000,2000,113,66,0.5841,0.0565,30.8319,0.0667,0.0292,,motion_blur,2,28.439127902311792,0.0565
00e9be89-00001580.jpg,00e9be89-00001585.jpg,orb,2000,2000,43,21,0.4884,0.0215,34.7674,0.0766,0.0342,,motion_blur,2,27.49852040846148,0.0215
00e9be89-00001585.jpg,00e9be89-00001590.jpg,orb,2000,2000,17,7,0.4118,0.0085,36.7647,0.0738,0.0306,,motion_blur,2,27.64164113433121,0.0085
00e9be89-00001590.jpg,00e9be89-00001595.jpg,orb,2000,2000,22,6,0.2727,0.011,39.0455,0.0703,0.0396,,motion_blur,2,28.367080265002294,0.011
00e9be89-00001595.jpg,00e9be89-00001600.jpg,orb,2000,2000,37,12,0.3243,0.0185,39.9189,0.0669,0.031,,motion_blur,2,28.32386232684675,0.0185
00e9be89-00001600.jpg,00e9be89-00001605.jpg,orb,2000,2000,172,108,0.6279,0.086,30.9884,0.0702,0.0295,,motion_blur,2,28.036200146302463,0.086
00e9be89-00001605.jpg,00e9be89-00001610.jpg,orb,2000,2000,25,12,0.48,0.0125,41.64,0.0678,0.0291,,motion_blur,2,28.273592652031983,0.0125
00e9be89-00001610.jpg,00e9be89-00001620.jpg,orb,2000,2000,13,5,0.3846,0.0065,42.3846,0.067,0.0307,,motion_blur,2,28.779152679458765,0.0065
00e9be89-00001620.jpg,00e9be89-00001625.jpg,orb,2000,2000,54,26,0.4815,0.027,34.7407,0.0636,0.0294,,motion_blur,2,28.948721852335915,0.027
00e9be89-00001625.jpg,00e9be89-00001630.jpg,orb,2000,2000,58,20,0.3448,0.029,35.6034,0.0588,0.0277,,motion_blur,2,29.630805746830625,0.029
00e9be89-00001630.jpg,00e9be89-00001635.jpg,orb,2000,2000,27,7,0.2593,0.0135,40.4074,0.0644,0.0305,,motion_blur,2,27.86463568146157,0.0135
00e9be89-00001635.jpg,00e9be89-00001640.jpg,orb,2000,2000,18,5,0.2778,0.009,43.6111,0.0629,0.0267,,motion_blur,2,27.563557007418236,0.009
00e9be89-00001640.jpg,00e9be89-00001645.jpg,orb,2000,2000,7,4,0.5714,0.0035,42.4286,0.061,0.0307,,motion_blur,2,28.363458489855237,0.0035
00e9be89-00001645.jpg,00e9be89-00001650.jpg,orb,2000,2000,29,10,0.3448,0.0145,35.1379,0.0621,0.0312,,motion_blur,2,27.01396873029479,0.0145
00e9be89-00001650.jpg,00e9be89-00001655.jpg,orb,2000,2000,25,5,0.2,0.0125,38.0,0.0672,0.0338,,motion_blur,2,26.672106370518463,0.0125
00e9be89-00001655.jpg,00e9be89-00001665.jpg,orb,2000,2000,12,4,0.3333,0.006,41.4167,0.0668,0.0271,,motion_blur,2,27.20953276519848,0.006
00e9be89-00001665.jpg,00e9be89-00001670.jpg,orb,2000,2000,23,8,0.3478,0.0115,39.6957,0.07,0.0366,,motion_blur,2,28.516838077061152,0.0115
00e9be89-00001670.jpg,00e9be89-00001675.jpg,orb,2000,2000,20,6,0.3,0.01,38.1,0.0747,0.036,,motion_blur,2,28.78150449424116,0.01
00e9be89-00001675.jpg,00e9be89-00001680.jpg,orb,2000,2000,34,15,0.4412,0.017,36.4412,0.0735,0.0307,,motion_blur,2,28.19517525026828,0.017
00e9be89-00001680.jpg,00e9be89-00001685.jpg,orb,2000,2000,20,8,0.4,0.01,37.95,0.0767,0.029,,motion_blur,2,27.13628845925709,0.01
00e9be89-00001685.jpg,00e9be89-00001690.jpg,orb,2000,2000,18,6,0.3333,0.009,38.2222,0.0727,0.0276,,motion_blur,2,28.32690198384315,0.009
00e9be89-00001690.jpg,00e9be89-00001695.jpg,orb,2000,2000,17,8,0.4706,0.0085,37.6471,0.0644,0.0286,,motion_blur,2,31.78824152362025,0.0085
00e9be89-00001695.jpg,00e9be89-00001705.jpg,orb,2000,2000,27,10,0.3704,0.0135,36.7407,0.0584,0.0263,,motion_blur,2,32.79023152088231,0.0135
00e9be89-00001705.jpg,00e9be89-00001710.jpg,orb,2000,2000,128,96,0.75,0.064,31.0938,0.0566,0.0303,,motion_blur,2,33.046153025966944,0.064
00e9be89-00001710.jpg,00e9be89-00001715.jpg,orb,2000,2000,41,21,0.5122,0.0205,38.2195,0.0559,0.0301,,motion_blur,2,32.58799278071763,0.0205
00e9be89-00001715.jpg,00e9be89-00001720.jpg,orb,2000,1985,62,44,0.7097,0.0312,33.9194,0.0568,0.0301,,motion_blur,2,33.22031742815867,0.031062124248496994
00e9be89-00001720.jpg,00e9be89-00001725.jpg,orb,1985,2000,75,58,0.7733,0.0378,32.2667,0.0598,0.0275,,motion_blur,2,34.1501044151306,0.037575150300601205
00e9be89-00001725.jpg,00e9be89-00001730.jpg,orb,2000,2000,76,63,0.8289,0.038,30.8553,0.0559,0.0278,,motion_blur,2,33.53964278934378,0.038
00e9be89-00001730.jpg,00e9be89-00001740.jpg,orb,2000,2000,29,9,0.3103,0.0145,37.2414,0.0555,0.0287,,motion_blur,2,33.02536252058202,0.0145
00e9be89-00001740.jpg,00e9be89-00001745.jpg,orb,2000,2000,9,5,0.5556,0.0045,42.0,0.0644,0.0332,,motion_blur,2,28.698760290396677,0.0045
00e9be89-00001745.jpg,00e9be89-00001750.jpg,orb,2000,2000,13,5,0.3846,0.0065,43.9231,0.0694,0.0366,,motion_blur,2,27.455196464744212,0.0065
00e9be89-00001750.jpg,00e9be89-00001755.jpg,orb,2000,2000,63,43,0.6825,0.0315,33.7619,0.0563,0.032,,motion_blur,2,30.89934775487705,0.0315
00e9be89-00001755.jpg,00e9be89-00001760.jpg,orb,2000,2000,34,16,0.4706,0.017,38.4118,0.0781,0.0362,,motion_blur,2,30.17982176886813,0.017
00e9be89-00001760.jpg,00e9be89-00001765.jpg,orb,2000,2000,13,9,0.6923,0.0065,33.0,0.062,0.0324,,motion_blur,2,28.6245773295621,0.0065
00e9be89-00001765.jpg,00e9be89-00001770.jpg,orb,2000,2000,37,20,0.5405,0.0185,31.8378,0.0658,0.0284,,motion_blur,2,28.778716899912094,0.0185
00e9be89-00001770.jpg,00e9be89-00001775.jpg,orb,2000,2000,64,34,0.5312,0.032,34.5312,0.062,0.0295,,motion_blur,2,28.904481671511352,0.032
00e9be89-00001775.jpg,00e9be89-00001780.jpg,orb,2000,2000,42,30,0.7143,0.021,30.9286,0.0654,0.0277,,motion_blur,2,28.79292182826748,0.021
00e9be89-00001780.jpg,00e9be89-00001785.jpg,orb,2000,2000,49,27,0.551,0.0245,34.3469,0.0659,0.0277,,motion_blur,2,29.75771988894392,0.0245
00e9be89-00001785.jpg,00e9be89-00001795.jpg,orb,2000,2000,44,25,0.5682,0.022,34.8182,0.0631,0.0293,,motion_blur,2,31.11063035976309,0.022
00e9be89-00001795.jpg,00e9be89-00001800.jpg,orb,2000,2000,902,873,0.9678,0.451,19.9024,0.0606,0.0327,,motion_blur,2,31.532600046467277,0.451
00e9be89-00001800.jpg,00e9be89-00001810.jpg,orb,2000,2000,280,105,0.375,0.14,30.1607,0.0587,0.0291,,motion_blur,2,31.56909061155352,0.14
00e9be89-00001810.jpg,00e9be89-00001815.jpg,orb,2000,2000,202,62,0.3069,0.101,30.7772,0.0629,0.0292,,motion_blur,2,31.08647370172465,0.101
00e9be89-00001815.jpg,00e9be89-00001820.jpg,orb,2000,2000,51,17,0.3333,0.0255,35.5686,0.0616,0.0299,,motion_blur,2,31.22758176830048,0.0255
00e9be89-00001820.jpg,00e9be89-00001825.jpg,orb,2000,2000,85,28,0.3294,0.0425,36.4471,0.059,0.0288,,motion_blur,2,31.170866444381645,0.0425
00e9be89-00001825.jpg,00e9be89-00001830.jpg,orb,2000,2000,39,15,0.3846,0.0195,36.5128,0.068,0.0272,,motion_blur,2,29.66373367378805,0.0195
00e9be89-00001830.jpg,00e9be89-00001840.jpg,orb,2000,2000,22,6,0.2727,0.011,41.7273,0.0678,0.0321,,motion_blur,2,28.31272886766304,0.011
00e9be89-00001840.jpg,00e9be89-00001845.jpg,orb,2000,2000,1183,1167,0.9865,0.5915,16.6264,0.0677,0.0306,,motion_blur,2,27.84640509258468,0.5915
00e9be89-00001845.jpg,00e9be89-00001865.jpg,orb,2000,2000,975,961,0.9856,0.4875,18.5979,0.0694,0.0294,,motion_blur,2,27.74676473051042,0.4875
00e9be89-00001865.jpg,00e9be89-00001870.jpg,orb,2000,2000,1012,998,0.9862,0.506,18.7075,0.077,0.0292,,motion_blur,2,27.8895860224396,0.506
00e9be89-00001870.jpg,00e9be89-00001875.jpg,orb,2000,2000,1044,1026,0.9828,0.522,16.2797,0.0747,0.0307,,motion_blur,2,27.956060868294905,0.522
00e9be89-00001875.jpg,00e9be89-00001885.jpg,orb,2000,2000,1020,1010,0.9902,0.51,18.0186,0.0716,0.0317,,motion_blur,2,27.91163624728729,0.51
00e9be89-00001885.jpg,00e9be89-00001890.jpg,orb,2000,2000,1111,1098,0.9883,0.5555,16.0846,0.0761,0.03,,motion_blur,2,27.81667401252367,0.5555
00e9be89-00001890.jpg,00e9be89-00001895.jpg,orb,2000,2000,1102,1088,0.9873,0.551,15.7976,0.0728,0.0309,,motion_blur,2,27.796447588551786,0.551
00e9be89-00001895.jpg,00e9be89-00001900.jpg,orb,2000,2000,1122,1104,0.984,0.561,16.8155,0.0689,0.029,,motion_blur,2,27.875668417863043,0.561
00e9be89-00001900.jpg,00e9be89-00001905.jpg,orb,2000,2000,348,219,0.6293,0.174,27.3218,0.0731,0.0287,,motion_blur,2,28.237581440266688,0.174
00e9be89-00001905.jpg,00e9be89-00001915.jpg,orb,2000,2000,34,9,0.2647,0.017,34.6765,0.0625,0.0282,,motion_blur,2,29.475928875315493,0.017
00e9be89-00000015.jpg,00e9be89-00000100.jpg,orb,2000,2000,11,4,0.3636,0.0055,42.3636,0.0807,0.0274,C:\Users\amit\Project_digital_image_processing__Amit_Alon\outputs\visualizations\task2\degraded_visualizations\motion_blur\level_3\match_00e9be89-00000015__00e9be89-00000100.png,motion_blur,3,20.389295888232216,0.0055
00e9be89-00000100.jpg,00e9be89-00000105.jpg,orb,2000,2000,986,974,0.9878,0.493,20.8824,0.0732,0.0267,,motion_blur,3,23.71123736938996,0.493
00e9be89-00000105.jpg,00e9be89-00000110.jpg,orb,2000,2000,1052,1038,0.9867,0.526,19.4068,0.0705,0.0266,,motion_blur,3,23.27196758417016,0.526
00e9be89-00000110.jpg,00e9be89-00000115.jpg,orb,2000,2000,1045,1035,0.9904,0.5225,19.1225,0.0687,0.0287,,motion_blur,3,23.34617857126125,0.5225
00e9be89-00000115.jpg,00e9be89-00000120.jpg,orb,2000,2000,1219,1212,0.9943,0.6095,16.7383,0.0697,0.0267,,motion_blur,3,23.4008219974838,0.6095
00e9be89-00000120.jpg,00e9be89-00000125.jpg,orb,2000,2000,700,674,0.9629,0.35,26.18,0.0709,0.0255,,motion_blur,3,23.31618615299788,0.35
00e9be89-00000125.jpg,00e9be89-00000130.jpg,orb,2000,2000,830,816,0.9831,0.415,20.5904,0.0736,0.0315,,motion_blur,3,23.163689719365166,0.415
00e9be89-00000130.jpg,00e9be89-00000135.jpg,orb,2000,2000,944,934,0.9894,0.472,20.1684,0.0769,0.0318,,motion_blur,3,23.492248123592,0.472
00e9be89-00000135.jpg,00e9be89-00000140.jpg,orb,2000,2000,994,980,0.9859,0.497,20.2223,0.0761,0.0321,,motion_blur,3,23.563283501498823,0.497
00e9be89-00000140.jpg,00e9be89-00000145.jpg,orb,2000,2000,257,207,0.8054,0.1285,31.249,0.0724,0.0315,,motion_blur,3,23.909554580681416,0.1285
00e9be89-00000145.jpg,00e9be89-00000150.jpg,orb,2000,2000,32,3,0.0938,0.016,39.5625,0.0715,0.0263,,motion_blur,3,21.71488297518198,0.016
00e9be89-00000150.jpg,00e9be89-00000160.jpg,orb,2000,2000,15,4,0.2667,0.0075,38.3333,0.0765,0.0333,,motion_blur,3,20.187869203194,0.0075
00e9be89-00000160.jpg,00e9be89-00000165.jpg,orb,2000,2000,20,5,0.25,0.01,45.3,0.0662,0.029,,motion_blur,3,21.490667300092525,0.01
00e9be89-00000165.jpg,00e9be89-00000175.jpg,orb,2000,2000,19,6,0.3158,0.0095,38.5263,0.0667,0.0332,,motion_blur,3,22.71822206500872,0.0095
00e9be89-00000175.jpg,00e9be89-00000190.jpg,orb,2000,2000,20,5,0.25,0.01,37.6,0.0615,0.0298,,motion_blur,3,23.591593460528625,0.01
00e9be89-00000190.jpg,00e9be89-00001000.jpg,orb,2000,1731,8,4,0.5,0.0046,41.5,0.0591,0.024,,motion_blur,3,26.82190283130989,0.004
00e9be89-00001000.jpg,00e9be89-00001005.jpg,orb,1731,1420,17,5,0.2941,0.012,38.3529,0.0501,0.0182,,motion_blur,3,31.885231268471905,0.0085
00e9be89-00001005.jpg,00e9be89-00001010.jpg,orb,1420,1757,11,4,0.3636,0.0077,39.6364,0.0519,0.0181,,motion_blur,3,32.48340258043608,0.0055
00e9be89-00001010.jpg,00e9be89-00001015.jpg,orb,1757,1697,31,13,0.4194,0.0183,38.6129,0.0507,0.0226,,motion_blur,3,32.41844116879368,0.015562248995983935
00e9be89-00001015.jpg,00e9be89-00001020.jpg,orb,1697,2000,33,10,0.303,0.0194,41.6061,0.0466,0.0275,,motion_blur,3,30.90979432504801,0.016566265060240965
00e9be89-00001020.jpg,00e9be89-00001025.jpg,orb,2000,1886,15,5,0.3333,0.008,39.4667,0.0562,0.0356,,motion_blur,3,29.97878038531075,0.0075
00e9be89-00001025.jpg,00e9be89-00001030.jpg,orb,1886,1786,39,14,0.359,0.0218,37.2564,0.0556,0.0263,,motion_blur,3,31.32086387990244,0.0195
00e9be89-00001030.jpg,00e9be89-00001035.jpg,orb,1786,1914,79,45,0.5696,0.0442,34.8101,0.0546,0.0287,,motion_blur,3,31.493884092471557,0.0395
00e9be89-00001035.jpg,00e9be89-00001040.jpg,orb,1914,1471,134,98,0.7313,0.0911,35.2388,0.0531,0.0242,,motion_blur,3,32.528340783100525,0.067
00e9be89-00001040.jpg,00e9be89-00001045.jpg,orb,1471,1671,189,97,0.5132,0.1285,33.0106,0.0535,0.0197,,motion_blur,3,32.701994975069056,0.0945
00e9be89-00001045.jpg,00e9be89-00001050.jpg,orb,1671,1607,59,18,0.3051,0.0367,35.9831,0.0493,0.0224,,motion_blur,3,32.69736142160808,0.0295
00e9be89-00001050.jpg,00e9be89-00001055.jpg,orb,1607,1940,92,30,0.3261,0.0572,35.4348,0.051,0.0242,,motion_blur,3,31.99511944617113,0.046
00e9be89-00001055.jpg,00e9be89-00001060.jpg,orb,1940,1870,118,63,0.5339,0.0631,35.3898,0.0508,0.0263,,motion_blur,3,31.267361473084534,0.059
00e9be89-00001060.jpg,00e9be89-00001065.jpg,orb,1870,2000,62,48,0.7742,0.0332,34.7581,0.0515,0.0243,,motion_blur,3,30.668973515411,0.031
00e9be89-00001065.jpg,00e9be89-00001070.jpg,orb,2000,2000,122,106,0.8689,0.061,32.7131,0.0606,0.0292,,motion_blur,3,29.44701413910724,0.061
00e9be89-00001070.jpg,00e9be89-00001075.jpg,orb,2000,2000,73,45,0.6164,0.0365,35.9589,0.0599,0.0297,,motion_blur,3,27.892551806285795,0.0365
00e9be89-00001075.jpg,00e9be89-00001080.jpg,orb,2000,1799,58,30,0.5172,0.0322,37.6897,0.0584,0.0278,,motion_blur,3,29.24981302158277,0.029
00e9be89-00001080.jpg,00e9be89-00001090.jpg,orb,1799,1983,49,22,0.449,0.0272,35.8776,0.0559,0.0263,,motion_blur,3,31.47224453689685,0.0245
00e9be89-00001090.jpg,00e9be89-00001095.jpg,orb,1983,1947,68,33,0.4853,0.0349,32.7647,0.0561,0.0288,,motion_blur,3,30.77890846218896,0.034
00e9be89-00001095.jpg,00e9be89-00001100.jpg,orb,1947,2000,71,31,0.4366,0.0365,35.1268,0.052,0.0292,,motion_blur,3,30.009497099457175,0.0355
00e9be89-00001100.jpg,00e9be89-00001105.jpg,orb,2000,1794,36,12,0.3333,0.0201,37.7222,0.0593,0.0276,,motion_blur,3,28.941853814053587,0.018
00e9be89-00001105.jpg,00e9be89-00001115.jpg,orb,1794,2000,30,6,0.2,0.0167,38.3,0.0564,0.0283,,motion_blur,3,28.33485787990113,0.015
00e9be89-00001115.jpg,00e9be89-00001125.jpg,orb,2000,2000,19,6,0.3158,0.0095,41.8947,0.0647,0.0359,,motion_blur,3,27.46836870683157,0.0095
00e9be89-00001125.jpg,00e9be89-00001130.jpg,orb,2000,2000,40,20,0.5,0.02,37.225,0.0643,0.0315,,motion_blur,3,27.022214210356506,0.02
00e9be89-00001130.jpg,00e9be89-00001135.jpg,orb,2000,2000,66,49,0.7424,0.033,33.2727,0.0671,0.0302,,motion_blur,3,28.67319913791009,0.033
00e9be89-00001135.jpg,00e9be89-00001140.jpg,orb,2000,2000,78,56,0.7179,0.039,31.9872,0.0597,0.0334,,motion_blur,3,29.19003998143233,0.039
00e9be89-00001140.jpg,00e9be89-00001150.jpg,orb,2000,2000,58,36,0.6207,0.029,34.1379,0.058,0.0275,,motion_blur,3,28.757204068772047,0.029
00e9be89-00001150.jpg,00e9be89-00001155.jpg,orb,2000,2000,98,66,0.6735,0.049,33.398,0.055,0.0357,,motion_blur,3,29.96691043992992,0.049
00e9be89-00001155.jpg,00e9be89-00001160.jpg,orb,2000,2000,108,72,0.6667,0.054,29.9815,0.0577,0.0295,,motion_blur,3,30.469897629596105,0.054
00e9be89-00001160.jpg,00e9be89-00001165.jpg,orb,2000,2000,36,18,0.5,0.018,35.1667,0.0561,0.0271,,motion_blur,3,30.571460718658724,0.018
00e9be89-00001165.jpg,00e9be89-00001170.jpg,orb,2000,2000,66,34,0.5152,0.033,34.9091,0.0605,0.0264,,motion_blur,3,30.129599784127983,0.033
00e9be89-00001170.jpg,00e9be89-00001175.jpg,orb,2000,2000,47,32,0.6809,0.0235,35.7021,0.0599,0.0336,,motion_blur,3,29.869150758345555,0.0235
00e9be89-00001175.jpg,00e9be89-00001180.jpg,orb,2000,2000,107,60,0.5607,0.0535,35.5981,0.0622,0.0277,,motion_blur,3,29.74171658277653,0.0535
00e9be89-00001180.jpg,00e9be89-00001185.jpg,orb,2000,2000,51,22,0.4314,0.0255,36.8431,0.0597,0.0301,,motion_blur,3,29.00765925414958,0.0255
00e9be89-00001185.jpg,00e9be89-00001190.jpg,orb,2000,2000,26,9,0.3462,0.013,39.0,0.0594,0.0299,,motion_blur,3,28.307071299687934,0.013
00e9be89-00001190.jpg,00e9be89-00001195.jpg,orb,2000,2000,17,6,0.3529,0.0085,39.8824,0.062,0.0318,,motion_blur,3,25.73158887361822,0.0085
00e9be89-00001195.jpg,00e9be89-00001200.jpg,orb,2000,1924,32,10,0.3125,0.0166,34.875,0.0563,0.0275,,motion_blur,3,27.99005785712469,0.01610468042274786
00e9be89-00001200.jpg,00e9be89-00001205.jpg,orb,1924,941,39,12,0.3077,0.0414,40.2051,0.0469,0.013,,motion_blur,3,34.42063541898747,0.019627579265223957
00e9be89-00001205.jpg,00e9be89-00001210.jpg,orb,941,1846,21,7,0.3333,0.0223,39.4286,0.0546,0.0138,,motion_blur,3,34.38361571960563,0.010521042084168337
00e9be89-00001210.jpg,00e9be89-00001215.jpg,orb,1846,1765,31,10,0.3226,0.0176,37.6452,0.0534,0.0241,,motion_blur,3,32.31671307661366,0.0155
00e9be89-00001215.jpg,00e9be89-00001220.jpg,orb,1765,2000,20,7,0.35,0.0113,41.5,0.0643,0.0249,,motion_blur,3,27.948595993392832,0.01
00e9be89-00001220.jpg,00e9be89-00001225.jpg,orb,2000,2000,26,7,0.2692,0.013,42.6538,0.0661,0.0318,,motion_blur,3,27.19605042496738,0.013
00e9be89-00001225.jpg,00e9be89-00001230.jpg,orb,2000,2000,28,7,0.25,0.014,40.3214,0.0603,0.034,,motion_blur,3,30.37832843462506,0.014
00e9be89-00001230.jpg,00e9be89-00001240.jpg,orb,2000,886,48,29,0.6042,0.0542,35.7708,0.0527,0.014,,motion_blur,3,32.83066571760476,0.026388125343595383
00e9be89-00001240.jpg,00e9be89-00001245.jpg,orb,886,2000,43,30,0.6977,0.0485,33.186,0.0557,0.0153,,motion_blur,3,30.60375913865418,0.023639362286970864
00e9be89-00001245.jpg,00e9be89-00001250.jpg,orb,2000,1996,35,16,0.4571,0.0175,40.3143,0.0602,0.0287,,motion_blur,3,28.375143295694244,0.0175
00e9be89-00001250.jpg,00e9be89-00001255.jpg,orb,1996,2000,61,25,0.4098,0.0306,37.3934,0.0568,0.0307,,motion_blur,3,29.882449682946834,0.0305
00e9be89-00001255.jpg,00e9be89-00001260.jpg,orb,2000,2000,48,37,0.7708,0.024,32.1458,0.0598,0.0356,,motion_blur,3,28.491277786518857,0.024
00e9be89-00001260.jpg,00e9be89-00001265.jpg,orb,2000,2000,39,31,0.7949,0.0195,33.2821,0.0605,0.0282,,motion_blur,3,27.20530840125384,0.0195
00e9be89-00001265.jpg,00e9be89-00001270.jpg,orb,2000,2000,15,5,0.3333,0.0075,40.6667,0.0589,0.0301,,motion_blur,3,24.959379161200395,0.0075
00e9be89-00001270.jpg,00e9be89-00001275.jpg,orb,2000,2000,20,6,0.3,0.01,39.65,0.0628,0.0277,,motion_blur,3,23.760223917079102,0.01
00e9be89-00001275.jpg,00e9be89-00001280.jpg,orb,2000,2000,10,4,0.4,0.005,37.3,0.0611,0.0261,,motion_blur,3,22.66365447195648,0.005
00e9be89-00001280.jpg,00e9be89-00001285.jpg,orb,2000,2000,12,5,0.4167,0.006,35.6667,0.063,0.0261,,motion_blur,3,22.371702504514232,0.006
00e9be89-00001285.jpg,00e9be89-00001290.jpg,orb,2000,2000,17,7,0.4118,0.0085,38.9412,0.0669,0.0305,,motion_blur,3,24.353371817015173,0.0085
00e9be89-00001290.jpg,00e9be89-00001295.jpg,orb,2000,1954,18,5,0.2778,0.0092,42.0,0.0574,0.0302,,motion_blur,3,25.62267740748306,0.009
00e9be89-00001295.jpg,00e9be89-00001305.jpg,orb,1954,2000,12,5,0.4167,0.0061,37.5833,0.0722,0.0375,,motion_blur,3,24.184447053324003,0.006
00e9be89-00001305.jpg,00e9be89-00001310.jpg,orb,2000,2000,17,5,0.2941,0.0085,43.2353,0.0717,0.0318,,motion_blur,3,21.386491148471517,0.0085
00e9be89-00001310.jpg,00e9be89-00001315.jpg,orb,2000,2000,8,4,0.5,0.004,40.75,0.0736,0.0304,,motion_blur,3,22.04619269020665,0.004
00e9be89-00001315.jpg,00e9be89-00001325.jpg,orb,2000,1904,37,10,0.2703,0.0194,32.973,0.0607,0.0324,,motion_blur,3,24.09737923081039,0.0185
00e9be89-00001325.jpg,00e9be89-00001330.jpg,orb,1904,1711,35,9,0.2571,0.0205,33.4857,0.0641,0.0242,,motion_blur,3,23.980045303604623,0.0175
00e9be89-00001330.jpg,00e9be89-00001335.jpg,orb,1711,1804,27,7,0.2593,0.0158,35.4444,0.052,0.0267,,motion_blur,3,26.018193132751183,0.0135
00e9be89-00001335.jpg,00e9be89-00001340.jpg,orb,1804,2000,32,6,0.1875,0.0177,38.3125,0.0573,0.0281,,motion_blur,3,27.76707942370977,0.016
00e9be89-00001340.jpg,00e9be89-00001345.jpg,orb,2000,1835,27,5,0.1852,0.0147,37.3704,0.0598,0.0317,,motion_blur,3,28.50324915330976,0.0135
00e9be89-00001345.jpg,00e9be89-00001350.jpg,orb,1835,1673,24,14,0.5833,0.0143,40.1667,0.0557,0.0261,,motion_blur,3,29.061142880383464,0.012
00e9be89-00001350.jpg,00e9be89-00001355.jpg,orb,1673,2000,18,7,0.3889,0.0108,41.8333,0.0604,0.0327,,motion_blur,3,28.822303049326024,0.009
00e9be89-00001355.jpg,00e9be89-00001360.jpg,orb,2000,1901,28,8,0.2857,0.0147,40.0714,0.0624,0.0268,,motion_blur,3,28.67657100104666,0.014
00e9be89-00001360.jpg,00e9be89-00001365.jpg,orb,1901,1916,27,7,0.2593,0.0142,40.0741,0.0675,0.0281,,motion_blur,3,28.129874339845205,0.0135
00e9be89-00001365.jpg,00e9be89-00001370.jpg,orb,1916,2000,45,21,0.4667,0.0235,36.3778,0.0662,0.0323,,motion_blur,3,27.509653298579718,0.0225
00e9be89-00001370.jpg,00e9be89-00001375.jpg,orb,2000,1537,227,113,0.4978,0.1477,29.7357,0.0645,0.0246,,motion_blur,3,29.50664065757034,0.1135
00e9be89-00001375.jpg,00e9be89-00001380.jpg,orb,1537,1483,281,120,0.427,0.1895,29.9751,0.0756,0.0344,,motion_blur,3,32.1262862344244,0.1405
00e9be89-00001380.jpg,00e9be89-00001385.jpg,orb,1483,1491,234,109,0.4658,0.1578,29.5897,0.0593,0.0354,,motion_blur,3,32.20949732440015,0.117
00e9be89-00001385.jpg,00e9be89-00001390.jpg,orb,1491,1620,54,37,0.6852,0.0362,27.7037,0.0586,0.0209,,motion_blur,3,31.07281377558633,0.027
00e9be89-00001390.jpg,00e9be89-00001395.jpg,orb,1620,1669,98,57,0.5816,0.0605,30.8571,0.0859,0.0286,,motion_blur,3,30.386370098672646,0.049
00e9be89-00001395.jpg,00e9be89-00001400.jpg,orb,1669,1765,135,59,0.437,0.0809,28.4889,0.0594,0.0224,,motion_blur,3,30.73820989434567,0.0675
00e9be89-00001400.jpg,00e9be89-00001405.jpg,orb,1765,1765,134,48,0.3582,0.0759,29.5746,0.0764,0.0274,,motion_blur,3,30.57351719238598,0.067
00e9be89-00001405.jpg,00e9be89-00001410.jpg,orb,1765,1810,150,79,0.5267,0.085,28.3067,0.0593,0.0266,,motion_blur,3,30.26355947733872,0.075
00e9be89-00001410.jpg,00e9be89-00001415.jpg,orb,1810,1772,216,76,0.3519,0.1219,30.5787,0.0616,0.0255,,motion_blur,3,30.01938954510157,0.108
00e9be89-00001415.jpg,00e9be89-00001420.jpg,orb,1772,1925,120,46,0.3833,0.0677,29.1833,0.0629,0.0257,,motion_blur,3,29.7448090797704,0.06
00e9be89-00001420.jpg,00e9be89-00001425.jpg,orb,1925,1883,128,48,0.375,0.068,30.3984,0.0655,0.0262,,motion_blur,3,29.773641001174447,0.064
00e9be89-00001425.jpg,00e9be89-00001430.jpg,orb,1883,1814,153,75,0.4902,0.0843,30.6667,0.0618,0.0257,,motion_blur,3,30.01765600478452,0.0765
00e9be89-00001430.jpg,00e9be89-00001440.jpg,orb,1814,1970,25,6,0.24,0.0138,40.84,0.0693,0.0316,,motion_blur,3,29.00520331019664,0.0125
00e9be89-00001440.jpg,00e9be89-00001445.jpg,orb,1970,2000,118,66,0.5593,0.0599,29.6102,0.0687,0.0285,,motion_blur,3,27.0132749406138,0.059
00e9be89-00001445.jpg,00e9be89-00001450.jpg,orb,2000,1841,48,17,0.3542,0.0261,34.4583,0.0647,0.0288,,motion_blur,3,27.288457651518996,0.024
00e9be89-00001450.jpg,00e9be89-00001455.jpg,orb,1841,1437,82,43,0.5244,0.0571,35.3659,0.0559,0.0239,,motion_blur,3,30.1198075870051,0.041
00e9be89-00001455.jpg,00e9be89-00001460.jpg,orb,1437,1594,120,82,0.6833,0.0835,31.475,0.0478,0.0205,,motion_blur,3,31.802730179089476,0.06
00e9be89-00001460.jpg,00e9be89-00001465.jpg,orb,1594,1617,147,121,0.8231,0.0922,27.5102,0.0514,0.02,,motion_blur,3,31.2425063762863,0.0735
00e9be89-00001465.jpg,00e9be89-00001470.jpg,orb,1617,1872,31,8,0.2581,0.0192,37.0323,0.054,0.0203,,motion_blur,3,30.61119039649818,0.0155
00e9be89-00001470.jpg,00e9be89-00001475.jpg,orb,1872,1845,109,51,0.4679,0.0591,32.7798,0.0572,0.0278,,motion_blur,3,30.88805541228625,0.0545
00e9be89-00001475.jpg,00e9be89-00001480.jpg,orb,1845,1758,48,11,0.2292,0.0273,37.25,0.0588,0.0246,,motion_blur,3,30.6586762455206,0.024
00e9be89-00001480.jpg,00e9be89-00001485.jpg,orb,1758,1793,35,15,0.4286,0.0199,35.6857,0.0538,0.0216,,motion_blur,3,31.511049805203555,0.0175
00e9be89-00001485.jpg,00e9be89-00001490.jpg,orb,1793,1704,75,30,0.4,0.044,30.5067,0.054,0.0256,,motion_blur,3,32.93249901505143,0.0375
00e9be89-00001490.jpg,00e9be89-00001495.jpg,orb,1704,1659,498,477,0.9578,0.3002,19.257,0.0501,0.0251,,motion_blur,3,32.93713910171259,0.249
00e9be89-00001495.jpg,00e9be89-00001500.jpg,orb,1659,1693,672,658,0.9792,0.4051,15.7009,0.052,0.0224,,motion_blur,3,32.83127490317752,0.336
00e9be89-00001500.jpg,00e9be89-00001505.jpg,orb,1693,1813,316,248,0.7848,0.1867,22.7595,0.0562,0.026,,motion_blur,3,32.44880366616778,0.158
00e9be89-00001505.jpg,00e9be89-00001510.jpg,orb,1813,1872,45,21,0.4667,0.0248,33.9778,0.05,0.0263,,motion_blur,3,32.203036745077725,0.0225
00e9be89-00001510.jpg,00e9be89-00001515.jpg,orb,1872,1907,67,30,0.4478,0.0358,37.2687,0.0545,0.0282,,motion_blur,3,31.932348906997404,0.0335
00e9be89-00001515.jpg,00e9be89-00001520.jpg,orb,1907,2000,33,9,0.2727,0.0173,36.9394,0.0763,0.0304,,motion_blur,3,29.60692529789273,0.0165
00e9be89-00001520.jpg,00e9be89-00001525.jpg,orb,2000,2000,87,51,0.5862,0.0435,31.6322,0.0664,0.0287,,motion_blur,3,26.090875510895543,0.0435
00e9be89-00001525.jpg,00e9be89-00001535.jpg,orb,2000,2000,43,9,0.2093,0.0215,37.9767,0.0645,0.0379,,motion_blur,3,25.758810683613603,0.0215
00e9be89-00001535.jpg,00e9be89-00001540.jpg,orb,2000,2000,11,5,0.4545,0.0055,39.7273,0.0727,0.0594,,motion_blur,3,25.67627279948073,0.0055
00e9be89-00001540.jpg,00e9be89-00001545.jpg,orb,2000,2000,22,8,0.3636,0.011,33.7273,0.0747,0.0352,,motion_blur,3,24.697775348168104,0.011
00e9be89-00001545.jpg,00e9be89-00001550.jpg,orb,2000,1977,291,176,0.6048,0.1472,26.3814,0.0712,0.036,,motion_blur,3,25.14815596398242,0.1455
00e9be89-00001550.jpg,00e9be89-00001555.jpg,orb,1977,2000,351,337,0.9601,0.1775,17.9829,0.0707,0.0341,,motion_blur,3,25.08366788815252,0.1755
00e9be89-00001555.jpg,00e9be89-00001560.jpg,orb,2000,1778,325,300,0.9231,0.1828,21.8646,0.0681,0.0279,,motion_blur,3,25.45970032603937,0.1625
00e9be89-00001560.jpg,00e9be89-00001565.jpg,orb,1778,1805,374,325,0.869,0.2103,21.8476,0.0581,0.0282,,motion_blur,3,26.08442510147487,0.187
00e9be89-00001565.jpg,00e9be89-00001570.jpg,orb,1805,2000,64,34,0.5312,0.0355,30.2812,0.06,0.0287,,motion_blur,3,26.27986228073599,0.032
00e9be89-00001570.jpg,00e9be89-00001575.jpg,orb,2000,2000,68,27,0.3971,0.034,35.0588,0.0606,0.0299,,motion_blur,3,25.727608902677883,0.034
00e9be89-00001575.jpg,00e9be89-00001580.jpg,orb,2000,2000,117,75,0.641,0.0585,30.453,0.0738,0.0382,,motion_blur,3,24.887034223545378,0.0585
00e9be89-00001580.jpg,00e9be89-00001585.jpg,orb,2000,2000,79,26,0.3291,0.0395,32.481,0.0714,0.0305,,motion_blur,3,23.876360768555333,0.0395
00e9be89-00001585.jpg,00e9be89-00001590.jpg,orb,2000,1932,36,13,0.3611,0.0186,34.7778,0.0732,0.0325,,motion_blur,3,24.11415616914941,0.018
00e9be89-00001590.jpg,00e9be89-00001595.jpg,orb,1932,2000,25,7,0.28,0.0129,42.8,0.0686,0.0351,,motion_blur,3,24.95346170297517,0.0125
00e9be89-00001595.jpg,00e9be89-00001600.jpg,orb,2000,2000,20,9,0.45,0.01,39.05,0.0782,0.0325,,motion_blur,3,24.680527265720123,0.01
00e9be89-00001600.jpg,00e9be89-00001605.jpg,orb,2000,2000,174,115,0.6609,0.087,31.0632,0.0666,0.0314,,motion_blur,3,24.343003546555103,0.087
00e9be89-00001605.jpg,00e9be89-00001610.jpg,orb,2000,2000,43,16,0.3721,0.0215,39.186,0.0641,0.0312,,motion_blur,3,24.85444913187308,0.0215
00e9be89-00001610.jpg,00e9be89-00001620.jpg,orb,2000,1995,21,5,0.2381,0.0105,40.9048,0.0648,0.0311,,motion_blur,3,25.330049288066245,0.0105
00e9be89-00001620.jpg,00e9be89-00001625.jpg,orb,1995,2000,55,34,0.6182,0.0276,32.5636,0.0645,0.0312,,motion_blur,3,25.56730177399516,0.0275
00e9be89-00001625.jpg,00e9be89-00001630.jpg,orb,2000,2000,58,20,0.3448,0.029,31.2759,0.0646,0.0304,,motion_blur,3,26.555390668660777,0.029
00e9be89-00001630.jpg,00e9be89-00001635.jpg,orb,2000,2000,35,3,0.0857,0.0175,39.7429,0.0667,0.0297,,motion_blur,3,25.11432965179841,0.0175
00e9be89-00001635.jpg,00e9be89-00001640.jpg,orb,2000,2000,23,4,0.1739,0.0115,38.5217,0.0644,0.03,,motion_blur,3,23.99843745376772,0.0115
00e9be89-00001640.jpg,00e9be89-00001645.jpg,orb,2000,2000,21,7,0.3333,0.0105,36.619,0.0813,0.0324,,motion_blur,3,23.70197603366389,0.0105
00e9be89-00001645.jpg,00e9be89-00001650.jpg,orb,2000,2000,42,7,0.1667,0.021,31.6429,0.062,0.0296,,motion_blur,3,22.653098408449583,0.021
00e9be89-00001650.jpg,00e9be89-00001655.jpg,orb,2000,2000,23,5,0.2174,0.0115,36.4783,0.0624,0.0283,,motion_blur,3,22.357084852466823,0.0115
00e9be89-00001655.jpg,00e9be89-00001665.jpg,orb,2000,2000,11,4,0.3636,0.0055,41.0,0.0666,0.0267,,motion_blur,3,23.405094334055697,0.0055
00e9be89-00001665.jpg,00e9be89-00001670.jpg,orb,2000,2000,18,7,0.3889,0.009,39.1667,0.0678,0.0333,,motion_blur,3,25.73394592247996,0.009
00e9be89-00001670.jpg,00e9be89-00001675.jpg,orb,2000,2000,34,10,0.2941,0.017,42.2059,0.0648,0.0323,,motion_blur,3,25.74757323077525,0.017
00e9be89-00001675.jpg,00e9be89-00001680.jpg,orb,2000,2000,32,17,0.5312,0.016,32.625,0.0674,0.0317,,motion_blur,3,24.79454756935233,0.016
00e9be89-00001680.jpg,00e9be89-00001685.jpg,orb,2000,2000,24,8,0.3333,0.012,32.5417,0.0699,0.0317,,motion_blur,3,23.74486888783241,0.012
00e9be89-00001685.jpg,00e9be89-00001690.jpg,orb,2000,2000,17,6,0.3529,0.0085,35.5294,0.0629,0.0299,,motion_blur,3,24.874043684306308,0.0085
00e9be89-00001690.jpg,00e9be89-00001695.jpg,orb,2000,2000,12,4,0.3333,0.006,42.25,0.06,0.0322,,motion_blur,3,28.37962421554075,0.006
00e9be89-00001695.jpg,00e9be89-00001705.jpg,orb,2000,1920,35,11,0.3143,0.0182,36.5429,0.055,0.0283,,motion_blur,3,29.248286031125303,0.0175
00e9be89-00001705.jpg,00e9be89-00001710.jpg,orb,1920,1836,111,84,0.7568,0.0605,32.991,0.0547,0.034,,motion_blur,3,29.33073947740695,0.0555
00e9be89-00001710.jpg,00e9be89-00001715.jpg,orb,1836,2000,48,24,0.5,0.0261,37.0,0.0501,0.0246,,motion_blur,3,29.001178163213574,0.024
00e9be89-00001715.jpg,00e9be89-00001720.jpg,orb,2000,1788,67,42,0.6269,0.0375,34.7761,0.0494,0.0282,,motion_blur,3,29.43169759244901,0.03356713426853707
00e9be89-00001720.jpg,00e9be89-00001725.jpg,orb,1788,1945,62,51,0.8226,0.0347,32.9032,0.0542,0.0272,,motion_blur,3,30.22847854377873,0.031062124248496994
00e9be89-00001725.jpg,00e9be89-00001730.jpg,orb,1945,1758,67,47,0.7015,0.0381,32.9254,0.0562,0.027,,motion_blur,3,29.821451026537083,0.0335
00e9be89-00001730.jpg,00e9be89-00001740.jpg,orb,1758,2000,22,7,0.3182,0.0125,35.5455,0.0587,0.0263,,motion_blur,3,29.29782902151467,0.011
00e9be89-00001740.jpg,00e9be89-00001745.jpg,orb,2000,2000,20,4,0.2,0.01,37.65,0.058,0.0309,,motion_blur,3,25.064074492493297,0.01
00e9be89-00001745.jpg,00e9be89-00001750.jpg,orb,2000,1993,17,5,0.2941,0.0085,41.1765,0.0639,0.0342,,motion_blur,3,23.927480607738083,0.0085
00e9be89-00001750.jpg,00e9be89-00001755.jpg,orb,1993,2000,72,50,0.6944,0.0361,32.3333,0.0551,0.0264,,motion_blur,3,27.428706856127167,0.036
00e9be89-00001755.jpg,00e9be89-00001760.jpg,orb,2000,2000,41,17,0.4146,0.0205,36.5366,0.0739,0.0382,,motion_blur,3,27.097638818372864,0.0205
00e9be89-00001760.jpg,00e9be89-00001765.jpg,orb,2000,2000,21,11,0.5238,0.0105,34.2381,0.0612,0.0366,,motion_blur,3,25.88103611619001,0.0105
00e9be89-00001765.jpg,00e9be89-00001770.jpg,orb,2000,2000,38,15,0.3947,0.019,35.6579,0.0607,0.0292,,motion_blur,3,25.987685348118926,0.019
00e9be89-00001770.jpg,00e9be89-00001775.jpg,orb,2000,2000,65,36,0.5538,0.0325,34.9231,0.0616,0.0323,,motion_blur,3,26.040225499051367,0.0325
00e9be89-00001775.jpg,00e9be89-00001780.jpg,orb,2000,2000,53,32,0.6038,0.0265,30.7547,0.0587,0.0332,,motion_blur,3,25.90925651851525,0.0265
00e9be89-00001780.jpg,00e9be89-00001785.jpg,orb,2000,2000,53,28,0.5283,0.0265,34.9623,0.0624,0.0337,,motion_blur,3,26.60889435646806,0.0265
00e9be89-00001785.jpg,00e9be89-00001795.jpg,orb,2000,1966,48,23,0.4792,0.0244,35.5625,0.0558,0.0294,,motion_blur,3,27.631083234060156,0.024
00e9be89-00001795.jpg,00e9be89-00001800.jpg,orb,1966,2000,877,842,0.9601,0.4461,19.9692,0.0569,0.0291,,motion_blur,3,28.031437106841505,0.4385
00e9be89-00001800.jpg,00e9be89-00001810.jpg,orb,2000,2000,298,106,0.3557,0.149,28.943,0.0546,0.0303,,motion_blur,3,28.128422845492423,0.149
00e9be89-00001810.jpg,00e9be89-00001815.jpg,orb,2000,2000,173,58,0.3353,0.0865,29.2832,0.0578,0.0258,,motion_blur,3,27.67428120664289,0.0865
00e9be89-00001815.jpg,00e9be89-00001820.jpg,orb,2000,2000,57,18,0.3158,0.0285,33.386,0.0551,0.0321,,motion_blur,3,28.048544078007115,0.0285
00e9be89-00001820.jpg,00e9be89-00001825.jpg,orb,2000,2000,74,26,0.3514,0.037,34.4324,0.0575,0.0331,,motion_blur,3,28.180365352772263,0.037
00e9be89-00001825.jpg,00e9be89-00001830.jpg,orb,2000,2000,34,13,0.3824,0.017,39.7059,0.0597,0.0267,,motion_blur,3,26.558055972401583,0.017
00e9be89-00001830.jpg,00e9be89-00001840.jpg,orb,2000,2000,22,5,0.2273,0.011,40.5909,0.0667,0.0288,,motion_blur,3,25.220907193799757,0.011
00e9be89-00001840.jpg,00e9be89-00001845.jpg,orb,2000,2000,1111,1099,0.9892,0.5555,16.1629,0.0688,0.0302,,motion_blur,3,24.837593893614347,0.5555
00e9be89-00001845.jpg,00e9be89-00001865.jpg,orb,2000,2000,908,898,0.989,0.454,17.978,0.0863,0.034,,motion_blur,3,24.702360966816244,0.454
00e9be89-00001865.jpg,00e9be89-00001870.jpg,orb,2000,2000,948,936,0.9873,0.474,18.3608,0.0715,0.0401,,motion_blur,3,24.819936308441772,0.474
00e9be89-00001870.jpg,00e9be89-00001875.jpg,orb,2000,2000,998,987,0.989,0.499,15.5351,0.0684,0.0335,,motion_blur,3,24.922530114545665,0.499
00e9be89-00001875.jpg,00e9be89-00001885.jpg,orb,2000,2000,1005,996,0.991,0.5025,17.8129,0.0609,0.0317,,motion_blur,3,24.886210143403066,0.5025
00e9be89-00001885.jpg,00e9be89-00001890.jpg,orb,2000,2000,1011,999,0.9881,0.5055,15.8506,0.063,0.0311,,motion_blur,3,24.77912685608524,0.5055
00e9be89-00001890.jpg,00e9be89-00001895.jpg,orb,2000,2000,1040,1027,0.9875,0.52,15.7337,0.0634,0.0298,,motion_blur,3,24.77511265384593,0.52
00e9be89-00001895.jpg,00e9be89-00001900.jpg,orb,2000,2000,1042,1031,0.9894,0.521,16.2495,0.0642,0.0302,,motion_blur,3,24.87345071881142,0.521
00e9be89-00001900.jpg,00e9be89-00001905.jpg,orb,2000,2000,345,231,0.6696,0.1725,27.0986,0.0634,0.0302,,motion_blur,3,25.316357585956283,0.1725
00e9be89-00001905.jpg,00e9be89-00001915.jpg,orb,2000,2000,30,8,0.2667,0.015,35.0667,0.0614,0.0379,,motion_blur,3,26.433273063718808,0.015
00e9be89-00000015.jpg,00e9be89-00000100.jpg,orb,2000,2000,12,4,0.3333,0.006,40.5833,0.0777,0.0284,C:\Users\amit\Project_digital_image_processing__Amit_Alon\outputs\visualizations\task2\degraded_visualizations\motion_blur\level_4\match_00e9be89-00000015__00e9be89-00000100.png,motion_blur,4,19.455598180446213,0.006
00e9be89-00000100.jpg,00e9be89-00000105.jpg,orb,2000,2000,950,934,0.9832,0.475,20.7042,0.062,0.034,,motion_blur,4,22.746539561619343,0.475
00e9be89-00000105.jpg,00e9be89-00000110.jpg,orb,2000,2000,1031,1016,0.9855,0.5155,19.7081,0.0679,0.0341,,motion_blur,4,22.339560918087606,0.5155
00e9be89-00000110.jpg,00e9be89-00000115.jpg,orb,2000,2000,1022,1005,0.9834,0.511,19.6301,0.0652,0.0383,,motion_blur,4,22.402045072324267,0.511
00e9be89-00000115.jpg,00e9be89-00000120.jpg,orb,2000,2000,1200,1189,0.9908,0.6,16.8583,0.0619,0.0314,,motion_blur,4,22.451118235902413,0.6
00e9be89-00000120.jpg,00e9be89-00000125.jpg,orb,2000,2000,681,638,0.9369,0.3405,25.9912,0.0802,0.0421,,motion_blur,4,22.30716220521901,0.3405
00e9be89-00000125.jpg,00e9be89-00000130.jpg,orb,2000,2000,795,780,0.9811,0.3975,21.0755,0.0664,0.0282,,motion_blur,4,22.15582774756529,0.3975
00e9be89-00000130.jpg,00e9be89-00000135.jpg,orb,2000,2000,938,929,0.9904,0.469,19.9424,0.0753,0.0349,,motion_blur,4,22.515679995615105,0.469
00e9be89-00000135.jpg,00e9be89-00000140.jpg,orb,2000,2000,946,931,0.9841,0.473,19.9524,0.0735,0.0263,,motion_blur,4,22.604805577283727,0.473
00e9be89-00000140.jpg,00e9be89-00000145.jpg,orb,2000,2000,242,192,0.7934,0.121,31.1364,0.0667,0.0313,,motion_blur,4,22.89334322962281,0.121
00e9be89-00000145.jpg,00e9be89-00000150.jpg,orb,2000,2000,17,5,0.2941,0.0085,39.4706,0.0644,0.0313,,motion_blur,4,20.69595321326458,0.0085
00e9be89-00000150.jpg,00e9be89-00000160.jpg,orb,2000,2000,16,2,0.125,0.008,38.625,0.0806,0.0418,,motion_blur,4,19.185199048672388,0.008
00e9be89-00000160.jpg,00e9be89-00000165.jpg,orb,2000,2000,18,5,0.2778,0.009,36.6667,0.0665,0.0275,,motion_blur,4,20.54117738133882,0.009
00e9be89-00000165.jpg,00e9be89-00000175.jpg,orb,2000,2000,21,6,0.2857,0.0105,34.4286,0.0633,0.0262,,motion_blur,4,21.89619038675391,0.0105
00e9be89-00000175.jpg,00e9be89-00000190.jpg,orb,2000,2000,19,5,0.2632,0.0095,39.5263,0.0639,0.0315,,motion_blur,4,22.77888155451513,0.0095
00e9be89-00000190.jpg,00e9be89-00001000.jpg,orb,2000,1434,13,1,0.0769,0.0091,41.7692,0.0596,0.0224,,motion_blur,4,25.81536374630121,0.0065
00e9be89-00001000.jpg,00e9be89-00001005.jpg,orb,1434,1193,16,5,0.3125,0.0134,41.875,0.0516,0.0156,,motion_blur,4,30.45673599007708,0.008
00e9be89-00001005.jpg,00e9be89-00001010.jpg,orb,1193,1356,13,5,0.3846,0.0109,42.2308,0.0498,0.0125,,motion_blur,4,31.11942150957438,0.0065
00e9be89-00001010.jpg,00e9be89-00001015.jpg,orb,1356,1377,33,9,0.2727,0.0243,37.8182,0.0479,0.0152,,motion_blur,4,31.31103005455313,0.016566265060240965
00e9be89-00001015.jpg,00e9be89-00001020.jpg,orb,1377,1907,27,7,0.2593,0.0196,37.9259,0.053,0.0221,,motion_blur,4,29.84420543935274,0.01355421686746988
00e9be89-00001020.jpg,00e9be89-00001025.jpg,orb,1907,1704,30,5,0.1667,0.0176,39.3,0.0665,0.0292,,motion_blur,4,28.94571583897778,0.015
00e9be89-00001025.jpg,00e9be89-00001030.jpg,orb,1704,1466,41,15,0.3659,0.028,37.3659,0.0532,0.0198,,motion_blur,4,30.301288702524417,0.0205
00e9be89-00001030.jpg,00e9be89-00001035.jpg,orb,1466,1609,86,46,0.5349,0.0587,34.5116,0.0524,0.0187,,motion_blur,4,30.508699145625368,0.043
00e9be89-00001035.jpg,00e9be89-00001040.jpg,orb,1609,1123,128,98,0.7656,0.114,34.3203,0.0527,0.0137,,motion_blur,4,31.51216694541089,0.064
00e9be89-00001040.jpg,00e9be89-00001045.jpg,orb,1123,1269,160,87,0.5437,0.1425,34.5875,0.0525,0.01,,motion_blur,4,31.72915718712298,0.08
00e9be89-00001045.jpg,00e9be89-00001050.jpg,orb,1269,1222,54,16,0.2963,0.0442,37.3889,0.0486,0.0122,,motion_blur,4,31.687295395806355,0.027
00e9be89-00001050.jpg,00e9be89-00001055.jpg,orb,1222,1611,81,36,0.4444,0.0663,34.321,0.0553,0.0163,,motion_blur,4,31.003602698910854,0.0405
00e9be89-00001055.jpg,00e9be89-00001060.jpg,orb,1611,1516,97,54,0.5567,0.064,33.6392,0.0502,0.022,,motion_blur,4,30.226734742751532,0.0485
00e9be89-00001060.jpg,00e9be89-00001065.jpg,orb,1516,1929,67,50,0.7463,0.0442,34.8209,0.0531,0.0216,,motion_blur,4,29.59140241207836,0.0335
00e9be89-00001065.jpg,00e9be89-00001070.jpg,orb,1929,1830,142,120,0.8451,0.0776,34.0141,0.0544,0.0228,,motion_blur,4,28.378208171636167,0.071
00e9be89-00001070.jpg,00e9be89-00001075.jpg,orb,1830,2000,70,42,0.6,0.0383,36.1857,0.0587,0.0282,,motion_blur,4,26.795276415639115,0.035
00e9be89-00001075.jpg,00e9be89-00001080.jpg,orb,2000,1570,58,27,0.4655,0.0369,35.6897,0.0536,0.023,,motion_blur,4,28.1453360676406,0.029
00e9be89-00001080.jpg,00e9be89-00001090.jpg,orb,1570,1791,38,22,0.5789,0.0242,37.5789,0.0491,0.0218,,motion_blur,4,30.328582563294084,0.019
00e9be89-00001090.jpg,00e9be89-00001095.jpg,orb,1791,1708,48,33,0.6875,0.0281,30.9583,0.0499,0.0243,,motion_blur,4,29.79586957882418,0.024
00e9be89-00001095.jpg,00e9be89-00001100.jpg,orb,1708,1911,61,30,0.4918,0.0357,33.6885,0.0542,0.0245,,motion_blur,4,29.09922172075364,0.0305
00e9be89-00001100.jpg,00e9be89-00001105.jpg,orb,1911,1591,32,8,0.25,0.0201,40.3438,0.0539,0.0224,,motion_blur,4,27.896294671878543,0.016
00e9be89-00001105.jpg,00e9be89-00001115.jpg,orb,1591,1992,29,7,0.2414,0.0182,39.2069,0.0582,0.032,,motion_blur,4,27.317586629623385,0.0145
00e9be89-00001115.jpg,00e9be89-00001125.jpg,orb,1992,2000,11,5,0.4545,0.0055,41.6364,0.0666,0.0333,,motion_blur,4,26.568976573981708,0.0055
00e9be89-00001125.jpg,00e9be89-00001130.jpg,orb,2000,2000,40,23,0.575,0.02,34.625,0.0663,0.0355,,motion_blur,4,25.97005223677951,0.02
00e9be89-00001130.jpg,00e9be89-00001135.jpg,orb,2000,1901,66,44,0.6667,0.0347,33.5455,0.0648,0.0299,,motion_blur,4,27.498688561529477,0.033
00e9be89-00001135.jpg,00e9be89-00001140.jpg,orb,1901,2000,87,60,0.6897,0.0458,32.4138,0.0566,0.0255,,motion_blur,4,28.17568998268471,0.0435
00e9be89-00001140.jpg,00e9be89-00001150.jpg,orb,2000,2000,62,35,0.5645,0.031,31.9677,0.0573,0.0279,,motion_blur,4,27.867570852739355,0.031
00e9be89-00001150.jpg,00e9be89-00001155.jpg,orb,2000,1932,104,59,0.5673,0.0538,34.0192,0.0565,0.0268,,motion_blur,4,29.040992051467104,0.052
00e9be89-00001155.jpg,00e9be89-00001160.jpg,orb,1932,1947,107,58,0.5421,0.0554,31.9065,0.053,0.0297,,motion_blur,4,29.49436331978947,0.0535
00e9be89-00001160.jpg,00e9be89-00001165.jpg,orb,1947,1969,30,15,0.5,0.0154,34.2,0.05,0.0281,,motion_blur,4,29.57230973478162,0.015
00e9be89-00001165.jpg,00e9be89-00001170.jpg,orb,1969,2000,57,23,0.4035,0.0289,34.5263,0.0592,0.0263,,motion_blur,4,29.18185365848267,0.0285
00e9be89-00001170.jpg,00e9be89-00001175.jpg,orb,2000,2000,46,27,0.587,0.023,34.1304,0.0547,0.0279,,motion_blur,4,28.932203822754943,0.023
00e9be89-00001175.jpg,00e9be89-00001180.jpg,orb,2000,2000,76,47,0.6184,0.038,34.5921,0.0581,0.0319,,motion_blur,4,28.802517364232525,0.038
00e9be89-00001180.jpg,00e9be89-00001185.jpg,orb,2000,2000,55,30,0.5455,0.0275,36.5455,0.0593,0.0275,,motion_blur,4,28.104737621933623,0.0275
00e9be89-00001185.jpg,00e9be89-00001190.jpg,orb,2000,2000,26,10,0.3846,0.013,36.5,0.0578,0.0298,,motion_blur,4,27.453543977007808,0.013
00e9be89-00001190.jpg,00e9be89-00001195.jpg,orb,2000,2000,15,7,0.4667,0.0075,39.6667,0.0583,0.0298,,motion_blur,4,24.633435286304536,0.0075
00e9be89-00001195.jpg,00e9be89-00001200.jpg,orb,2000,1653,17,6,0.3529,0.0103,38.1765,0.0589,0.0255,,motion_blur,4,26.79688152672723,0.008555611474584801
00e9be89-00001200.jpg,00e9be89-00001205.jpg,orb,1653,734,35,12,0.3429,0.0477,40.4571,0.0625,0.0139,,motion_blur,4,33.18742682866339,0.017614494212380472
00e9be89-00001205.jpg,00e9be89-00001210.jpg,orb,734,1630,17,5,0.2941,0.0232,35.8824,0.0463,0.008,,motion_blur,4,33.11015790953243,0.008517034068136272
00e9be89-00001210.jpg,00e9be89-00001215.jpg,orb,1630,1532,26,13,0.5,0.017,40.8077,0.0522,0.0203,,motion_blur,4,31.270431434371424,0.013
00e9be89-00001215.jpg,00e9be89-00001220.jpg,orb,1532,2000,12,7,0.5833,0.0078,39.0833,0.058,0.023,,motion_blur,4,27.01367151063318,0.006
00e9be89-00001220.jpg,00e9be89-00001225.jpg,orb,2000,1975,37,10,0.2703,0.0187,39.0,0.0639,0.028,,motion_blur,4,26.301996523268983,0.0185
00e9be89-00001225.jpg,00e9be89-00001230.jpg,orb,1975,2000,26,8,0.3077,0.0132,40.4615,0.0541,0.0334,,motion_blur,4,29.42588331637937,0.013
00e9be89-00001230.jpg,00e9be89-00001240.jpg,orb,2000,675,69,34,0.4928,0.1022,36.0725,0.0469,0.0115,,motion_blur,4,31.766972931041146,0.03793293018141836
00e9be89-00001240.jpg,00e9be89-00001245.jpg,orb,675,2000,45,29,0.6444,0.0667,33.5778,0.048,0.0089,,motion_blur,4,29.47160784505817,0.02473886750962067
00e9be89-00001245.jpg,00e9be89-00001250.jpg,orb,2000,1934,38,15,0.3947,0.0196,36.8158,0.0535,0.0251,,motion_blur,4,27.30657675939881,0.019
00e9be89-00001250.jpg,00e9be89-00001255.jpg,orb,1934,2000,54,22,0.4074,0.0279,36.5926,0.0529,0.0305,,motion_blur,4,28.887697780489795,0.027
00e9be89-00001255.jpg,00e9be89-00001260.jpg,orb,2000,2000,48,35,0.7292,0.024,33.3542,0.0605,0.031,,motion_blur,4,27.52972108766476,0.024
00e9be89-00001260.jpg,00e9be89-00001265.jpg,orb,2000,2000,39,23,0.5897,0.0195,35.4615,0.058,0.0287,,motion_blur,4,26.351874786453,0.0195
00e9be89-00001265.jpg,00e9be89-00001270.jpg,orb,2000,2000,16,4,0.25,0.008,41.3125,0.056,0.0292,,motion_blur,4,24.11125757192476,0.008
00e9be89-00001270.jpg,00e9be89-00001275.jpg,orb,2000,2000,24,7,0.2917,0.012,40.7917,0.0617,0.0291,,motion_blur,4,22.91776134379814,0.012
00e9be89-00001275.jpg,00e9be89-00001280.jpg,orb,2000,2000,9,4,0.4444,0.0045,40.1111,0.0613,0.0262,,motion_blur,4,21.89795667798532,0.0045
00e9be89-00001280.jpg,00e9be89-00001285.jpg,orb,2000,1851,14,4,0.2857,0.0076,41.7857,0.0618,0.0261,,motion_blur,4,21.53478558265681,0.007
00e9be89-00001285.jpg,00e9be89-00001290.jpg,orb,1851,2000,25,6,0.24,0.0135,36.76,0.058,0.0259,,motion_blur,4,23.507852002932736,0.0125
00e9be89-00001290.jpg,00e9be89-00001295.jpg,orb,2000,1506,18,6,0.3333,0.012,37.8889,0.0556,0.0224,,motion_blur,4,24.79951917501796,0.009
00e9be89-00001295.jpg,00e9be89-00001305.jpg,orb,1506,2000,20,6,0.3,0.0133,37.0,0.058,0.0221,,motion_blur,4,23.282184737115635,0.01
00e9be89-00001305.jpg,00e9be89-00001310.jpg,orb,2000,2000,23,6,0.2609,0.0115,41.0435,0.0667,0.0304,,motion_blur,4,20.444167667279658,0.0115
00e9be89-00001310.jpg,00e9be89-00001315.jpg,orb,2000,1956,10,4,0.4,0.0051,43.9,0.0581,0.0299,,motion_blur,4,20.805496631134588,0.005
00e9be89-00001315.jpg,00e9be89-00001325.jpg,orb,1956,1669,51,9,0.1765,0.0306,30.6667,0.0563,0.0247,,motion_blur,4,22.62396920213717,0.0255
00e9be89-00001325.jpg,00e9be89-00001330.jpg,orb,1669,1511,32,8,0.25,0.0212,33.7812,0.0525,0.0177,,motion_blur,4,22.64898693055348,0.016
00e9be89-00001330.jpg,00e9be89-00001335.jpg,orb,1511,1521,15,4,0.2667,0.0099,39.1333,0.0537,0.0169,,motion_blur,4,24.898024273008478,0.0075
00e9be89-00001335.jpg,00e9be89-00001340.jpg,orb,1521,1840,35,8,0.2286,0.023,36.4,0.0578,0.0216,,motion_blur,4,26.788506596910917,0.0175
00e9be89-00001340.jpg,00e9be89-00001345.jpg,orb,1840,1512,25,1,0.04,0.0165,38.24,0.0558,0.0195,,motion_blur,4,27.46829751829613,0.0125
00e9be89-00001345.jpg,00e9be89-00001350.jpg,orb,1512,1326,16,3,0.1875,0.0121,45.875,0.0479,0.016,,motion_blur,4,27.979241629440608,0.008
00e9be89-00001350.jpg,00e9be89-00001355.jpg,orb,1326,1835,14,5,0.3571,0.0106,40.0,0.052,0.0183,,motion_blur,4,27.82391667831692,0.007
00e9be89-00001355.jpg,00e9be89-00001360.jpg,orb,1835,1553,18,6,0.3333,0.0116,43.2222,0.055,0.0221,,motion_blur,4,27.727672498568914,0.009
00e9be89-00001360.jpg,00e9be89-00001365.jpg,orb,1553,1720,30,7,0.2333,0.0193,38.5333,0.0599,0.0233,,motion_blur,4,27.1011534961119,0.015
00e9be89-00001365.jpg,00e9be89-00001370.jpg,orb,1720,1949,40,13,0.325,0.0233,34.025,0.0594,0.026,,motion_blur,4,26.485967119682627,0.02
00e9be89-00001370.jpg,00e9be89-00001375.jpg,orb,1949,1319,225,102,0.4533,0.1706,30.3778,0.058,0.0207,,motion_blur,4,28.225205678512943,0.1125
00e9be89-00001375.jpg,00e9be89-00001380.jpg,orb,1319,1229,258,116,0.4496,0.2099,29.0078,0.0505,0.0132,,motion_blur,4,30.534257639539767,0.129
00e9be89-00001380.jpg,00e9be89-00001385.jpg,orb,1229,1271,190,86,0.4526,0.1546,30.2947,0.0501,0.01,,motion_blur,4,30.639491222288772,0.095
00e9be89-00001385.jpg,00e9be89-00001390.jpg,orb,1271,1391,51,25,0.4902,0.0401,29.6078,0.0516,0.0143,,motion_blur,4,29.44182490352717,0.0255
00e9be89-00001390.jpg,00e9be89-00001395.jpg,orb,1391,1465,85,46,0.5412,0.0611,30.4706,0.0468,0.0158,,motion_blur,4,28.63930129783243,0.0425
00e9be89-00001395.jpg,00e9be89-00001400.jpg,orb,1465,1593,119,52,0.437,0.0812,30.3529,0.0501,0.0181,,motion_blur,4,28.98075189542625,0.0595
00e9be89-00001400.jpg,00e9be89-00001405.jpg,orb,1593,1594,116,47,0.4052,0.0728,28.0862,0.0529,0.0197,,motion_blur,4,28.86399628004103,0.058
00e9be89-00001405.jpg,00e9be89-00001410.jpg,orb,1594,1663,108,58,0.537,0.0678,30.1852,0.0541,0.0186,,motion_blur,4,28.57057722753144,0.054
00e9be89-00001410.jpg,00e9be89-00001415.jpg,orb,1663,1638,185,69,0.373,0.1129,29.4324,0.0553,0.0195,,motion_blur,4,28.2867435856471,0.0925
00e9be89-00001415.jpg,00e9be89-00001420.jpg,orb,1638,1793,121,44,0.3636,0.0739,28.6446,0.0547,0.0198,,motion_blur,4,27.98346138878813,0.0605
00e9be89-00001420.jpg,00e9be89-00001425.jpg,orb,1793,1698,98,45,0.4592,0.0577,29.949,0.054,0.0219,,motion_blur,4,28.0590821549168,0.049
00e9be89-00001425.jpg,00e9be89-00001430.jpg,orb,1698,1690,129,59,0.4574,0.0763,30.8605,0.0497,0.0212,,motion_blur,4,28.38326339411856,0.0645
00e9be89-00001430.jpg,00e9be89-00001440.jpg,orb,1690,1818,26,6,0.2308,0.0154,38.5769,0.0556,0.0202,,motion_blur,4,27.461808883993733,0.013
00e9be89-00001440.jpg,00e9be89-00001445.jpg,orb,1818,1875,107,64,0.5981,0.0589,29.2523,0.0574,0.0235,,motion_blur,4,25.473253649358803,0.0535
00e9be89-00001445.jpg,00e9be89-00001450.jpg,orb,1875,1681,67,25,0.3731,0.0399,35.0,0.0599,0.0267,,motion_blur,4,25.64620684485156,0.0335
00e9be89-00001450.jpg,00e9be89-00001455.jpg,orb,1681,1181,78,53,0.6795,0.066,34.1667,0.0515,0.0178,,motion_blur,4,28.451173446111817,0.039
00e9be89-00001455.jpg,00e9be89-00001460.jpg,orb,1181,1376,115,70,0.6087,0.0974,33.3043,0.05,0.0163,,motion_blur,4,30.149922127270443,0.0575
00e9be89-00001460.jpg,00e9be89-00001465.jpg,orb,1376,1405,137,113,0.8248,0.0996,29.3723,0.05,0.0142,,motion_blur,4,29.584262316310436,0.0685
00e9be89-00001465.jpg,00e9be89-00001470.jpg,orb,1405,1717,20,6,0.3,0.0142,38.3,0.0509,0.0219,,motion_blur,4,28.99920543917877,0.01
00e9be89-00001470.jpg,00e9be89-00001475.jpg,orb,1717,1675,87,35,0.4023,0.0519,31.7011,0.0518,0.0217,,motion_blur,4,29.30184927500963,0.0435
00e9be89-00001475.jpg,00e9be89-00001480.jpg,orb,1675,1548,35,8,0.2286,0.0226,37.5143,0.05,0.02,,motion_blur,4,29.007909892777256,0.0175
00e9be89-00001480.jpg,00e9be89-00001485.jpg,orb,1548,1552,43,11,0.2558,0.0278,37.6512,0.0521,0.0172,,motion_blur,4,29.935951991534672,0.0215
00e9be89-00001485.jpg,00e9be89-00001490.jpg,orb,1552,1501,63,22,0.3492,0.042,33.7302,0.05,0.0183,,motion_blur,4,31.40227747114123,0.0315
00e9be89-00001490.jpg,00e9be89-00001495.jpg,orb,1501,1437,418,407,0.9737,0.2909,17.677,0.0481,0.017,,motion_blur,4,31.34106615409184,0.209
00e9be89-00001495.jpg,00e9be89-00001500.jpg,orb,1437,1514,576,570,0.9896,0.4008,14.6285,0.0499,0.0167,,motion_blur,4,31.22039416580835,0.288
00e9be89-00001500.jpg,00e9be89-00001505.jpg,orb,1514,1597,285,180,0.6316,0.1882,24.2737,0.052,0.0163,,motion_blur,4,30.866145056640008,0.1425
00e9be89-00001505.jpg,00e9be89-00001510.jpg,orb,1597,1653,31,15,0.4839,0.0194,35.8065,0.053,0.0208,,motion_blur,4,30.646861707937724,0.0155
00e9be89-00001510.jpg,00e9be89-00001515.jpg,orb,1653,1761,59,29,0.4915,0.0357,34.0,0.0542,0.0223,,motion_blur,4,30.297019426924532,0.0295
00e9be89-00001515.jpg,00e9be89-00001520.jpg,orb,1761,1952,33,9,0.2727,0.0187,37.8788,0.0522,0.0252,,motion_blur,4,28.23607881579371,0.0165
00e9be89-00001520.jpg,00e9be89-00001525.jpg,orb,1952,2000,70,38,0.5429,0.0359,31.0857,0.0596,0.0305,,motion_blur,4,25.053642586987085,0.035
00e9be89-00001525.jpg,00e9be89-00001535.jpg,orb,2000,2000,40,9,0.225,0.02,39.725,0.0743,0.0336,,motion_blur,4,24.71869256348499,0.02
00e9be89-00001535.jpg,00e9be89-00001540.jpg,orb,2000,1899,23,3,0.1304,0.0121,39.8696,0.0655,0.0343,,motion_blur,4,24.65140006421461,0.0115
00e9be89-00001540.jpg,00e9be89-00001545.jpg,orb,1899,1923,37,10,0.2703,0.0195,36.027,0.0597,0.0295,,motion_blur,4,23.717771990332643,0.0185
00e9be89-00001545.jpg,00e9be89-00001550.jpg,orb,1923,1682,257,158,0.6148,0.1528,26.9533,0.0567,0.024,,motion_blur,4,24.17199776048902,0.1285
00e9be89-00001550.jpg,00e9be89-00001555.jpg,orb,1682,1884,305,285,0.9344,0.1813,18.6885,0.0551,0.0243,,motion_blur,4,24.10322735147764,0.1525
00e9be89-00001555.jpg,00e9be89-00001560.jpg,orb,1884,1323,275,244,0.8873,0.2079,21.6982,0.0532,0.0194,,motion_blur,4,24.473395612811835,0.1375
00e9be89-00001560.jpg,00e9be89-00001565.jpg,orb,1323,1533,294,262,0.8912,0.2222,21.3333,0.0536,0.0165,,motion_blur,4,25.074195511486312,0.147
00e9be89-00001565.jpg,00e9be89-00001570.jpg,orb,1533,2000,65,44,0.6769,0.0424,28.6615,0.0562,0.0235,,motion_blur,4,25.26344076084881,0.0325
00e9be89-00001570.jpg,00e9be89-00001575.jpg,orb,2000,2000,48,22,0.4583,0.024,35.9167,0.0559,0.0308,,motion_blur,4,24.710315941037624,0.024
00e9be89-00001575.jpg,00e9be89-00001580.jpg,orb,2000,2000,113,69,0.6106,0.0565,31.531,0.0602,0.0273,,motion_blur,4,23.873093537459354,0.0565
00e9be89-00001580.jpg,00e9be89-00001585.jpg,orb,2000,2000,67,23,0.3433,0.0335,32.5672,0.062,0.0285,,motion_blur,4,22.888508542196767,0.0335
00e9be89-00001585.jpg,00e9be89-00001590.jpg,orb,2000,1676,40,13,0.325,0.0239,38.325,0.0561,0.0272,,motion_blur,4,23.11518409233008,0.02
00e9be89-00001590.jpg,00e9be89-00001595.jpg,orb,1676,1995,29,7,0.2414,0.0173,41.2414,0.057,0.0235,,motion_blur,4,23.942658733000545,0.0145
00e9be89-00001595.jpg,00e9be89-00001600.jpg,orb,1995,2000,25,10,0.4,0.0125,39.16,0.0602,0.0336,,motion_blur,4,23.63820690770283,0.0125
00e9be89-00001600.jpg,00e9be89-00001605.jpg,orb,2000,2000,171,117,0.6842,0.0855,30.7135,0.0706,0.0332,,motion_blur,4,23.286242706661803,0.0855
00e9be89-00001605.jpg,00e9be89-00001610.jpg,orb,2000,2000,32,9,0.2812,0.016,39.9375,0.0671,0.0291,,motion_blur,4,23.836422528469605,0.016
00e9be89-00001610.jpg,00e9be89-00001620.jpg,orb,2000,1855,16,5,0.3125,0.0086,40.3125,0.0608,0.0285,,motion_blur,4,24.307590059669497,0.008
00e9be89-00001620.jpg,00e9be89-00001625.jpg,orb,1855,2000,45,27,0.6,0.0243,31.7333,0.0603,0.0275,,motion_blur,4,24.5704978778791,0.0225
00e9be89-00001625.jpg,00e9be89-00001630.jpg,orb,2000,2000,65,20,0.3077,0.0325,34.0923,0.0585,0.0354,,motion_blur,4,25.57639332232882,0.0325
00e9be89-00001630.jpg,00e9be89-00001635.jpg,orb,2000,2000,32,7,0.2188,0.016,39.1562,0.0565,0.0272,,motion_blur,4,24.28083881428782,0.016
00e9be89-00001635.jpg,00e9be89-00001640.jpg,orb,2000,1916,28,8,0.2857,0.0146,39.9643,0.0567,0.0308,,motion_blur,4,22.9598875493078,0.014
00e9be89-00001640.jpg,00e9be89-00001645.jpg,orb,1916,2000,29,5,0.1724,0.0151,40.6552,0.058,0.0291,,motion_blur,4,22.26212362663798,0.0145
00e9be89-00001645.jpg,00e9be89-00001650.jpg,orb,2000,2000,37,10,0.2703,0.0185,30.6216,0.0566,0.0321,,motion_blur,4,21.309774551291017,0.0185
00e9be89-00001650.jpg,00e9be89-00001655.jpg,orb,2000,2000,21,6,0.2857,0.0105,36.0,0.058,0.0303,,motion_blur,4,21.1363517382246,0.0105
00e9be89-00001655.jpg,00e9be89-00001665.jpg,orb,2000,2000,17,5,0.2941,0.0085,40.1176,0.0644,0.0306,,motion_blur,4,22.3519818416411,0.0085
00e9be89-00001665.jpg,00e9be89-00001670.jpg,orb,2000,2000,41,8,0.1951,0.0205,38.6098,0.0561,0.0299,,motion_blur,4,24.90481191073748,0.0205
00e9be89-00001670.jpg,00e9be89-00001675.jpg,orb,2000,2000,43,12,0.2791,0.0215,39.1395,0.054,0.0295,,motion_blur,4,24.88438658419482,0.0215
00e9be89-00001675.jpg,00e9be89-00001680.jpg,orb,2000,2000,33,15,0.4545,0.0165,30.9091,0.0599,0.0292,,motion_blur,4,23.836406062557423,0.0165
00e9be89-00001680.jpg,00e9be89-00001685.jpg,orb,2000,2000,18,6,0.3333,0.009,34.2778,0.0733,0.0345,,motion_blur,4,22.772287784737845,0.009
00e9be89-00001685.jpg,00e9be89-00001690.jpg,orb,2000,2000,20,5,0.25,0.01,35.1,0.0731,0.0315,,motion_blur,4,23.88406693015643,0.01
00e9be89-00001690.jpg,00e9be89-00001695.jpg,orb,2000,1933,26,8,0.3077,0.0135,37.1538,0.0688,0.0314,,motion_blur,4,27.355147793538045,0.013
00e9be89-00001695.jpg,00e9be89-00001705.jpg,orb,1933,1666,30,9,0.3,0.018,35.6333,0.0478,0.0228,,motion_blur,4,28.172529080334755,0.015
00e9be89-00001705.jpg,00e9be89-00001710.jpg,orb,1666,1522,99,66,0.6667,0.065,33.8384,0.0501,0.0185,,motion_blur,4,28.230061033284613,0.0495
00e9be89-00001710.jpg,00e9be89-00001715.jpg,orb,1522,1824,33,20,0.6061,0.0217,36.1818,0.0493,0.0246,,motion_blur,4,27.956549875573337,0.0165
00e9be89-00001715.jpg,00e9be89-00001720.jpg,orb,1824,1452,59,36,0.6102,0.0406,32.8475,0.0493,0.0218,,motion_blur,4,28.32809689577191,0.029559118236472944
00e9be89-00001720.jpg,00e9be89-00001725.jpg,orb,1452,1646,60,46,0.7667,0.0413,32.5833,0.0488,0.0191,,motion_blur,4,29.12607645221894,0.03006012024048096
00e9be89-00001725.jpg,00e9be89-00001730.jpg,orb,1646,1480,51,38,0.7451,0.0345,30.6078,0.048,0.0187,,motion_blur,4,28.74737571132679,0.0255
00e9be89-00001730.jpg,00e9be89-00001740.jpg,orb,1480,1925,30,10,0.3333,0.0203,35.6667,0.0525,0.0211,,motion_blur,4,28.16118075201724,0.015
00e9be89-00001740.jpg,00e9be89-00001745.jpg,orb,1925,2000,9,4,0.4444,0.0047,42.7778,0.0577,0.0272,,motion_blur,4,24.00546660392924,0.0045
00e9be89-00001745.jpg,00e9be89-00001750.jpg,orb,2000,1670,21,6,0.2857,0.0126,39.1429,0.0651,0.0224,,motion_blur,4,22.933888657511737,0.0105
00e9be89-00001750.jpg,00e9be89-00001755.jpg,orb,1670,1992,75,43,0.5733,0.0449,33.5467,0.0502,0.0275,,motion_blur,4,26.433813187196627,0.0375
00e9be89-00001755.jpg,00e9be89-00001760.jpg,orb,1992,2000,36,15,0.4167,0.0181,36.2778,0.0505,0.0269,,motion_blur,4,26.22481506309699,0.018
00e9be89-00001760.jpg,00e9be89-00001765.jpg,orb,2000,1663,26,15,0.5769,0.0156,32.0,0.0507,0.028,,motion_blur,4,25.13571905067268,0.013
00e9be89-00001765.jpg,00e9be89-00001770.jpg,orb,1663,1991,34,15,0.4412,0.0204,35.4412,0.054,0.0236,,motion_blur,4,25.225753572328685,0.017
00e9be89-00001770.jpg,00e9be89-00001775.jpg,orb,1991,2000,50,30,0.6,0.0251,32.84,0.0625,0.0322,,motion_blur,4,25.244505809646792,0.025
00e9be89-00001775.jpg,00e9be89-00001780.jpg,orb,2000,2000,45,28,0.6222,0.0225,30.4667,0.0652,0.0303,,motion_blur,4,25.08014571063816,0.0225
00e9be89-00001780.jpg,00e9be89-00001785.jpg,orb,2000,2000,60,34,0.5667,0.03,35.2167,0.0613,0.0327,,motion_blur,4,25.71179759658232,0.03
00e9be89-00001785.jpg,00e9be89-00001795.jpg,orb,2000,1716,42,22,0.5238,0.0245,33.7857,0.0562,0.0262,,motion_blur,4,26.67548606285236,0.021
00e9be89-00001795.jpg,00e9be89-00001800.jpg,orb,1716,1792,741,720,0.9717,0.4318,19.8691,0.0547,0.0227,,motion_blur,4,27.08344638678922,0.3705
00e9be89-00001800.jpg,00e9be89-00001810.jpg,orb,1792,1803,231,93,0.4026,0.1289,29.4719,0.0558,0.0262,,motion_blur,4,27.16242842984851,0.1155
00e9be89-00001810.jpg,00e9be89-00001815.jpg,orb,1803,1950,155,57,0.3677,0.086,30.9484,0.0548,0.0285,,motion_blur,4,26.678275590712943,0.0775
00e9be89-00001815.jpg,00e9be89-00001820.jpg,orb,1950,1912,62,17,0.2742,0.0324,36.9194,0.0499,0.0279,,motion_blur,4,27.141204737410263,0.031
00e9be89-00001820.jpg,00e9be89-00001825.jpg,orb,1912,2000,71,24,0.338,0.0371,34.6197,0.0536,0.0261,,motion_blur,4,27.33372276238205,0.0355
00e9be89-00001825.jpg,00e9be89-00001830.jpg,orb,2000,2000,46,18,0.3913,0.023,36.0652,0.0559,0.0304,,motion_blur,4,25.712679475379005,0.023
00e9be89-00001830.jpg,00e9be89-00001840.jpg,orb,2000,2000,23,5,0.2174,0.0115,36.6957,0.0567,0.0295,,motion_blur,4,24.351692197841885,0.0115
00e9be89-00001840.jpg,00e9be89-00001845.jpg,orb,2000,2000,1073,1054,0.9823,0.5365,15.4408,0.0613,0.0265,,motion_blur,4,23.917730427160848,0.5365
00e9be89-00001845.jpg,00e9be89-00001865.jpg,orb,2000,2000,936,922,0.985,0.468,18.8365,0.0645,0.0259,,motion_blur,4,23.779573093908297,0.468
00e9be89-00001865.jpg,00e9be89-00001870.jpg,orb,2000,2000,928,915,0.986,0.464,18.4332,0.0619,0.0287,,motion_blur,4,23.887641765417715,0.464
00e9be89-00001870.jpg,00e9be89-00001875.jpg,orb,2000,2000,988,968,0.9798,0.494,14.6791,0.0608,0.0299,,motion_blur,4,23.99026593789392,0.494
00e9be89-00001875.jpg,00e9be89-00001885.jpg,orb,2000,2000,998,981,0.983,0.499,17.6002,0.0638,0.0274,,motion_blur,4,23.95662877695336,0.499
00e9be89-00001885.jpg,00e9be89-00001890.jpg,orb,2000,2000,1035,1023,0.9884,0.5175,16.1536,0.069,0.0308,,motion_blur,4,23.85616913604803,0.5175
00e9be89-00001890.jpg,00e9be89-00001895.jpg,orb,2000,2000,973,955,0.9815,0.4865,14.7996,0.0638,0.0319,,motion_blur,4,23.85647297749753,0.4865
00e9be89-00001895.jpg,00e9be89-00001900.jpg,orb,2000,2000,1045,1027,0.9828,0.5225,16.4632,0.0735,0.0332,,motion_blur,4,23.9492238720174,0.5225
00e9be89-00001900.jpg,00e9be89-00001905.jpg,orb,2000,2000,347,203,0.585,0.1735,26.9337,0.0644,0.0333,,motion_blur,4,24.443061217684075,0.1735
00e9be89-00001905.jpg,00e9be89-00001915.jpg,orb,2000,1912,39,7,0.1795,0.0204,37.0,0.0625,0.0299,,motion_blur,4,25.5888658573205,0.0195
00e9be89-00000015.jpg,00e9be89-00000100.jpg,orb,2000,1688,12,4,0.3333,0.0071,44.6667,0.0647,0.0254,C:\Users\amit\Project_digital_image_processing__Amit_Alon\outputs\visualizations\task2\degraded_visualizations\motion_blur\level_5\match_00e9be89-00000015__00e9be89-00000100.png,motion_blur,5,18.183033737701567,0.006
00e9be89-00000100.jpg,00e9be89-00000105.jpg,orb,1688,1801,825,806,0.977,0.4887,20.1358,0.0578,0.0254,,motion_blur,5,21.390357985872125,0.4125
00e9be89-00000105.jpg,00e9be89-00000110.jpg,orb,1801,1858,889,867,0.9753,0.4936,19.2992,0.0604,0.0235,,motion_blur,5,21.03537506776675,0.4445
00e9be89-00000110.jpg,00e9be89-00000115.jpg,orb,1858,1805,919,899,0.9782,0.5091,19.5669,0.059,0.0274,,motion_blur,5,21.078085421850773,0.4595
00e9be89-00000115.jpg,00e9be89-00000120.jpg,orb,1805,1810,1027,1013,0.9864,0.569,16.7332,0.0601,0.0264,,motion_blur,5,21.124873590608964,0.5135
00e9be89-00000120.jpg,00e9be89-00000125.jpg,orb,1810,1832,625,599,0.9584,0.3453,25.9632,0.0621,0.0221,,motion_blur,5,20.897616175078653,0.3125
00e9be89-00000125.jpg,00e9be89-00000130.jpg,orb,1832,1799,719,706,0.9819,0.3997,20.4423,0.0627,0.0223,,motion_blur,5,20.747084160292918,0.3595
00e9be89-00000130.jpg,00e9be89-00000135.jpg,orb,1799,1670,774,760,0.9819,0.4635,19.5142,0.0581,0.0223,,motion_blur,5,21.1601951876807,0.387
00e9be89-00000135.jpg,00e9be89-00000140.jpg,orb,1670,1737,840,813,0.9679,0.503,19.9333,0.0584,0.0199,,motion_blur,5,21.272199321218608,0.42
00e9be89-00000140.jpg,00e9be89-00000145.jpg,orb,1737,1573,214,142,0.6636,0.136,29.9439,0.0572,0.0223,,motion_blur,5,21.48399756568384,0.107
00e9be89-00000145.jpg,00e9be89-00000150.jpg,orb,1573,2000,16,5,0.3125,0.0102,38.25,0.0609,0.0218,,motion_blur,5,19.283267357287823,0.008
00e9be89-00000150.jpg,00e9be89-00000160.jpg,orb,2000,2000,24,7,0.2917,0.012,33.4167,0.0629,0.0287,,motion_blur,5,17.811416253955432,0.012
00e9be89-00000160.jpg,00e9be89-00000165.jpg,orb,2000,2000,14,5,0.3571,0.007,37.0714,0.0591,0.029,,motion_blur,5,19.24559155623032,0.007
00e9be89-00000165.jpg,00e9be89-00000175.jpg,orb,2000,1726,19,6,0.3158,0.011,34.3684,0.055,0.0285,,motion_blur,5,20.740974165136656,0.0095
00e9be89-00000175.jpg,00e9be89-00000190.jpg,orb,1726,1898,19,4,0.2105,0.011,41.2632,0.0585,0.0248,,motion_blur,5,21.625513205834924,0.0095
00e9be89-00000190.jpg,00e9be89-00001000.jpg,orb,1898,1012,25,9,0.36,0.0247,38.6,0.0525,0.0145,,motion_blur,5,24.387950503850497,0.0125
00e9be89-00001000.jpg,00e9be89-00001005.jpg,orb,1012,784,20,6,0.3,0.0255,41.75,0.0444,0.0058,,motion_blur,5,28.501318240978343,0.01
00e9be89-00001005.jpg,00e9be89-00001010.jpg,orb,784,761,15,1,0.0667,0.0197,45.8,0.0432,0.004,,motion_blur,5,29.26032558959639,0.0075
00e9be89-00001010.jpg,00e9be89-00001015.jpg,orb,761,857,20,7,0.35,0.0263,36.9,0.0462,0.006,,motion_blur,5,29.750409144487445,0.010040160642570281
00e9be89-00001015.jpg,00e9be89-00001020.jpg,orb,857,1445,29,9,0.3103,0.0338,36.6552,0.0448,0.0091,,motion_blur,5,28.36296472907728,0.014558232931726908
00e9be89-00001020.jpg,00e9be89-00001025.jpg,orb,1445,1177,19,7,0.3684,0.0161,39.6316,0.0511,0.0157,,motion_blur,5,27.489257759688726,0.0095
00e9be89-00001025.jpg,00e9be89-00001030.jpg,orb,1177,1022,30,12,0.4,0.0294,41.5667,0.0452,0.0121,,motion_blur,5,28.832908959334272,0.015
00e9be89-00001030.jpg,00e9be89-00001035.jpg,orb,1022,1007,66,31,0.4697,0.0655,36.4848,0.0439,0.0075,,motion_blur,5,29.0929257897528,0.033
00e9be89-00001035.jpg,00e9be89-00001040.jpg,orb,1007,655,90,63,0.7,0.1374,34.6333,0.0374,0.0067,,motion_blur,5,30.050117016766908,0.045
00e9be89-00001040.jpg,00e9be89-00001045.jpg,orb,655,722,110,59,0.5364,0.1679,33.1727,0.041,0.0045,,motion_blur,5,30.276629390579156,0.055
00e9be89-00001045.jpg,00e9be89-00001050.jpg,orb,722,775,48,20,0.4167,0.0665,38.75,0.0405,0.004,,motion_blur,5,30.207680056929146,0.024
00e9be89-00001050.jpg,00e9be89-00001055.jpg,orb,775,932,43,22,0.5116,0.0555,36.0233,0.0434,0.006,,motion_blur,5,29.62971939552936,0.0215
00e9be89-00001055.jpg,00e9be89-00001060.jpg,orb,932,912,72,37,0.5139,0.0789,35.8889,0.0408,0.0072,,motion_blur,5,28.832376317789496,0.036
00e9be89-00001060.jpg,00e9be89-00001065.jpg,orb,912,1430,62,45,0.7258,0.068,35.9032,0.0445,0.0098,,motion_blur,5,28.09049147105485,0.031
00e9be89-00001065.jpg,00e9be89-00001070.jpg,orb,1430,1443,127,109,0.8583,0.0888,34.0236,0.05,0.0161,,motion_blur,5,26.883067052090603,0.0635
00e9be89-00001070.jpg,00e9be89-00001075.jpg,orb,1443,1747,64,34,0.5312,0.0444,34.625,0.0519,0.0175,,motion_blur,5,25.32325584200817,0.032
00e9be89-00001075.jpg,00e9be89-00001080.jpg,orb,1747,1014,56,18,0.3214,0.0552,37.0179,0.0506,0.0118,,motion_blur,5,26.60959532986857,0.028
00e9be89-00001080.jpg,00e9be89-00001090.jpg,orb,1014,1347,32,18,0.5625,0.0316,35.0312,0.0439,0.0103,,motion_blur,5,28.761385237334597,0.016
00e9be89-00001090.jpg,00e9be89-00001095.jpg,orb,1347,1146,65,41,0.6308,0.0567,33.6769,0.0445,0.0118,,motion_blur,5,28.400913676093484,0.0325
00e9be89-00001095.jpg,00e9be89-00001100.jpg,orb,1146,1451,53,27,0.5094,0.0462,33.1887,0.0501,0.0136,,motion_blur,5,27.924723667655662,0.0265
00e9be89-00001100.jpg,00e9be89-00001105.jpg,orb,1451,1147,31,11,0.3548,0.027,40.0968,0.0493,0.0153,,motion_blur,5,26.588302604626897,0.0155
00e9be89-00001105.jpg,00e9be89-00001115.jpg,orb,1147,1378,15,4,0.2667,0.0131,42.4,0.048,0.0124,,motion_blur,5,25.91695483882649,0.0075
00e9be89-00001115.jpg,00e9be89-00001125.jpg,orb,1378,1753,18,6,0.3333,0.0131,43.1111,0.0487,0.0183,,motion_blur,5,25.294949711108096,0.009
00e9be89-00001125.jpg,00e9be89-00001130.jpg,orb,1753,1793,41,25,0.6098,0.0234,33.3902,0.0527,0.0238,,motion_blur,5,24.413477421334623,0.0205
00e9be89-00001130.jpg,00e9be89-00001135.jpg,orb,1793,1493,57,31,0.5439,0.0382,33.6316,0.052,0.0192,,motion_blur,5,25.805501450875195,0.0285
00e9be89-00001135.jpg,00e9be89-00001140.jpg,orb,1493,1782,63,42,0.6667,0.0422,31.0317,0.0515,0.0183,,motion_blur,5,26.766900834919674,0.0315
00e9be89-00001140.jpg,00e9be89-00001150.jpg,orb,1782,1672,65,34,0.5231,0.0389,35.2,0.0527,0.0207,,motion_blur,5,26.62905095004084,0.0325
00e9be89-00001150.jpg,00e9be89-00001155.jpg,orb,1672,1472,84,60,0.7143,0.0571,33.4524,0.0526,0.0169,,motion_blur,5,27.731425975718665,0.042
00e9be89-00001155.jpg,00e9be89-00001160.jpg,orb,1472,1542,104,60,0.5769,0.0707,32.6346,0.0476,0.0162,,motion_blur,5,28.101819116649573,0.052
00e9be89-00001160.jpg,00e9be89-00001165.jpg,orb,1542,1463,26,11,0.4231,0.0178,39.8846,0.0497,0.0162,,motion_blur,5,28.143243028233982,0.013
00e9be89-00001165.jpg,00e9be89-00001170.jpg,orb,1463,1744,48,20,0.4167,0.0328,33.8333,0.05,0.0183,,motion_blur,5,27.836047181412617,0.024
00e9be89-00001170.jpg,00e9be89-00001175.jpg,orb,1744,1637,56,25,0.4464,0.0342,33.7857,0.0504,0.0182,,motion_blur,5,27.607511452412226,0.028
00e9be89-00001175.jpg,00e9be89-00001180.jpg,orb,1637,1746,75,48,0.64,0.0458,33.1467,0.0561,0.0222,,motion_blur,5,27.47455355390104,0.0375
00e9be89-00001180.jpg,00e9be89-00001185.jpg,orb,1746,1682,44,20,0.4545,0.0262,38.6136,0.0542,0.0258,,motion_blur,5,26.845094072801253,0.022
00e9be89-00001185.jpg,00e9be89-00001190.jpg,orb,1682,1787,36,16,0.4444,0.0214,38.5,0.0529,0.0218,,motion_blur,5,26.255027713907687,0.018
00e9be89-00001190.jpg,00e9be89-00001195.jpg,orb,1787,1692,26,7,0.2692,0.0154,39.7692,0.0542,0.0215,,motion_blur,5,23.13550115538189,0.013
00e9be89-00001195.jpg,00e9be89-00001200.jpg,orb,1692,1174,26,0,0.0,0.0221,35.3462,0.052,0.0143,,motion_blur,5,25.14676790855921,0.013085052843482638
00e9be89-00001200.jpg,00e9be89-00001205.jpg,orb,1174,443,32,11,0.3438,0.0722,40.1562,0.0461,0.004,,motion_blur,5,31.41098156699245,0.01610468042274786
00e9be89-00001205.jpg,00e9be89-00001210.jpg,orb,443,1116,9,4,0.4444,0.0203,39.8889,0.0402,0.006,,motion_blur,5,31.27674272876865,0.0045090180360721445
00e9be89-00001210.jpg,00e9be89-00001215.jpg,orb,1116,1026,26,9,0.3462,0.0253,41.7692,0.0441,0.0142,,motion_blur,5,29.758693409954223,0.013
00e9be89-00001215.jpg,00e9be89-00001220.jpg,orb,1026,2000,17,6,0.3529,0.0166,41.4118,0.049,0.0135,,motion_blur,5,25.742250546611334,0.0085
00e9be89-00001220.jpg,00e9be89-00001225.jpg,orb,2000,1481,45,11,0.2444,0.0304,42.0222,0.0538,0.0219,,motion_blur,5,25.0723856196172,0.0225
00e9be89-00001225.jpg,00e9be89-00001230.jpg,orb,1481,1597,23,6,0.2609,0.0155,38.5217,0.0451,0.0173,,motion_blur,5,28.07591470347398,0.0115
00e9be89-00001230.jpg,00e9be89-00001240.jpg,orb,1597,478,44,26,0.5909,0.0921,37.6136,0.0388,0.007,,motion_blur,5,30.23659053783708,0.024189114898295765
00e9be89-00001240.jpg,00e9be89-00001245.jpg,orb,478,2000,34,19,0.5588,0.0711,30.9118,0.0546,0.01,,motion_blur,5,27.97347050751932,0.018691588785046728
00e9be89-00001245.jpg,00e9be89-00001250.jpg,orb,2000,1206,48,10,0.2083,0.0398,40.9167,0.055,0.0189,,motion_blur,5,25.943269992299317,0.024
00e9be89-00001250.jpg,00e9be89-00001255.jpg,orb,1206,1906,49,17,0.3469,0.0406,36.0408,0.0498,0.0177,,motion_blur,5,27.49112777369632,0.0245
00e9be89-00001255.jpg,00e9be89-00001260.jpg,orb,1906,1976,41,27,0.6585,0.0215,31.7805,0.0602,0.0278,,motion_blur,5,26.149640928985757,0.0205
00e9be89-00001260.jpg,00e9be89-00001265.jpg,orb,1976,1586,44,19,0.4318,0.0277,36.4545,0.0545,0.023,,motion_blur,5,25.113118868461765,0.022
00e9be89-00001265.jpg,00e9be89-00001270.jpg,orb,1586,1650,12,4,0.3333,0.0076,43.3333,0.0547,0.0203,,motion_blur,5,22.85718709522255,0.006
00e9be89-00001270.jpg,00e9be89-00001275.jpg,orb,1650,2000,19,6,0.3158,0.0115,36.1579,0.0581,0.027,,motion_blur,5,21.730150180910396,0.0095
00e9be89-00001275.jpg,00e9be89-00001280.jpg,orb,2000,1960,27,2,0.0741,0.0138,37.0,0.0567,0.0298,,motion_blur,5,20.878849260131084,0.0135
00e9be89-00001280.jpg,00e9be89-00001285.jpg,orb,1960,949,17,5,0.2941,0.0179,39.8235,0.0458,0.0162,,motion_blur,5,20.367580787782423,0.0085
00e9be89-00001285.jpg,00e9be89-00001290.jpg,orb,949,1545,8,5,0.625,0.0084,35.875,0.048,0.01,,motion_blur,5,22.32641287849922,0.004
00e9be89-00001290.jpg,00e9be89-00001295.jpg,orb,1545,894,21,5,0.2381,0.0235,42.9524,0.05,0.0095,,motion_blur,5,23.58245153272174,0.0105
00e9be89-00001295.jpg,00e9be89-00001305.jpg,orb,894,1929,8,4,0.5,0.0089,42.25,0.0604,0.0181,,motion_blur,5,21.925560150077487,0.004
00e9be89-00001305.jpg,00e9be89-00001310.jpg,orb,1929,2000,21,5,0.2381,0.0109,36.6667,0.0667,0.0332,,motion_blur,5,19.12433974243058,0.0105
00e9be89-00001310.jpg,00e9be89-00001315.jpg,orb,2000,1742,21,5,0.2381,0.0121,37.3333,0.0685,0.0279,,motion_blur,5,19.115549769445508,0.0105
00e9be89-00001315.jpg,00e9be89-00001325.jpg,orb,1742,1213,48,11,0.2292,0.0396,32.5,0.0598,0.0182,,motion_blur,5,20.5490147183298,0.024
00e9be89-00001325.jpg,00e9be89-00001330.jpg,orb,1213,1126,34,8,0.2353,0.0302,33.3824,0.053,0.0104,,motion_blur,5,20.739111311471376,0.017
00e9be89-00001330.jpg,00e9be89-00001335.jpg,orb,1126,1080,11,4,0.3636,0.0102,36.8182,0.0488,0.0105,,motion_blur,5,23.32075182473303,0.0055
00e9be89-00001335.jpg,00e9be89-00001340.jpg,orb,1080,1231,19,5,0.2632,0.0176,39.7368,0.0448,0.009,,motion_blur,5,25.397783035604597,0.0095
00e9be89-00001340.jpg,00e9be89-00001345.jpg,orb,1231,970,21,6,0.2857,0.0216,40.7619,0.0473,0.0103,,motion_blur,5,25.98896337795557,0.0105
00e9be89-00001345.jpg,00e9be89-00001350.jpg,orb,970,766,5,0,0.0,0.0065,45.2,0.0433,0.0075,,motion_blur,5,26.46654724235181,0.0025
00e9be89-00001350.jpg,00e9be89-00001355.jpg,orb,766,1245,14,6,0.4286,0.0183,41.9286,0.044,0.0085,,motion_blur,5,26.393953197422963,0.007
00e9be89-00001355.jpg,00e9be89-00001360.jpg,orb,1245,1083,20,7,0.35,0.0185,43.6,0.0504,0.0111,,motion_blur,5,26.285410831748067,0.01
00e9be89-00001360.jpg,00e9be89-00001365.jpg,orb,1083,1057,27,7,0.2593,0.0255,40.5926,0.0512,0.01,,motion_blur,5,25.549176442656155,0.0135
00e9be89-00001365.jpg,00e9be89-00001370.jpg,orb,1057,1542,19,8,0.4211,0.018,32.7368,0.0528,0.0142,,motion_blur,5,24.995174854850404,0.0095
00e9be89-00001370.jpg,00e9be89-00001375.jpg,orb,1542,949,197,85,0.4315,0.2076,31.5228,0.0455,0.0135,,motion_blur,5,26.46959828234761,0.0985
00e9be89-00001375.jpg,00e9be89-00001380.jpg,orb,949,882,201,79,0.393,0.2279,29.9204,0.0433,0.006,,motion_blur,5,28.39441362479473,0.1005
00e9be89-00001380.jpg,00e9be89-00001385.jpg,orb,882,923,125,49,0.392,0.1417,30.536,0.0435,0.0065,,motion_blur,5,28.526424474728785,0.0625
00e9be89-00001385.jpg,00e9be89-00001390.jpg,orb,923,1023,30,19,0.6333,0.0325,26.4667,0.0449,0.0055,,motion_blur,5,27.27745889783082,0.015
00e9be89-00001390.jpg,00e9be89-00001395.jpg,orb,1023,1071,55,32,0.5818,0.0538,31.2727,0.0439,0.0083,,motion_blur,5,26.298202460798564,0.0275
00e9be89-00001395.jpg,00e9be89-00001400.jpg,orb,1071,1217,109,41,0.3761,0.1018,29.3394,0.048,0.01,,motion_blur,5,26.593428926812955,0.0545
00e9be89-00001400.jpg,00e9be89-00001405.jpg,orb,1217,1262,88,34,0.3864,0.0723,31.1364,0.0501,0.012,,motion_blur,5,26.54171808845072,0.044
00e9be89-00001405.jpg,00e9be89-00001410.jpg,orb,1262,1269,99,49,0.4949,0.0784,29.697,0.0478,0.0117,,motion_blur,5,26.31091762320947,0.0495
00e9be89-00001410.jpg,00e9be89-00001415.jpg,orb,1269,1267,151,57,0.3775,0.1192,30.4967,0.0541,0.0126,,motion_blur,5,25.983259005056013,0.0755
00e9be89-00001415.jpg,00e9be89-00001420.jpg,orb,1267,1462,92,34,0.3696,0.0726,31.163,0.0555,0.0131,,motion_blur,5,25.60010970685584,0.046
00e9be89-00001420.jpg,00e9be89-00001425.jpg,orb,1462,1384,86,34,0.3953,0.0621,29.7791,0.0561,0.0162,,motion_blur,5,25.72998391284465,0.043
00e9be89-00001425.jpg,00e9be89-00001430.jpg,orb,1384,1331,117,51,0.4359,0.0879,31.0342,0.0567,0.0145,,motion_blur,5,26.155490474215064,0.0585
00e9be89-00001430.jpg,00e9be89-00001440.jpg,orb,1331,1458,21,7,0.3333,0.0158,39.2381,0.0567,0.0166,,motion_blur,5,25.44722995574871,0.0105
00e9be89-00001440.jpg,00e9be89-00001445.jpg,orb,1458,1605,111,77,0.6937,0.0761,26.1802,0.0603,0.0183,,motion_blur,5,23.55933949601355,0.0555
00e9be89-00001445.jpg,00e9be89-00001450.jpg,orb,1605,1365,60,19,0.3167,0.044,36.5,0.0551,0.0166,,motion_blur,5,23.52631848494688,0.03
00e9be89-00001450.jpg,00e9be89-00001455.jpg,orb,1365,823,77,42,0.5455,0.0936,35.8571,0.0453,0.0086,,motion_blur,5,26.231538871557056,0.0385
00e9be89-00001455.jpg,00e9be89-00001460.jpg,orb,823,947,86,48,0.5581,0.1045,33.8953,0.0487,0.007,,motion_blur,5,27.955535559713056,0.043
00e9be89-00001460.jpg,00e9be89-00001465.jpg,orb,947,1019,97,81,0.8351,0.1024,29.9691,0.0422,0.0081,,motion_blur,5,27.37146971129809,0.0485
00e9be89-00001465.jpg,00e9be89-00001470.jpg,orb,1019,1373,20,6,0.3,0.0196,39.0,0.0479,0.0102,,motion_blur,5,26.867764447065557,0.01
00e9be89-00001470.jpg,00e9be89-00001475.jpg,orb,1373,1245,55,22,0.4,0.0442,35.1273,0.0479,0.0146,,motion_blur,5,27.22539264655743,0.0275
00e9be89-00001475.jpg,00e9be89-00001480.jpg,orb,1245,1228,29,12,0.4138,0.0236,32.8276,0.0469,0.0115,,motion_blur,5,26.8535538892691,0.0145
00e9be89-00001480.jpg,00e9be89-00001485.jpg,orb,1228,1170,21,5,0.2381,0.0179,37.2857,0.0456,0.0116,,motion_blur,5,27.836528935537,0.0105
00e9be89-00001485.jpg,00e9be89-00001490.jpg,orb,1170,1124,38,14,0.3684,0.0338,34.3158,0.045,0.0099,,motion_blur,5,29.370529069517996,0.019
00e9be89-00001490.jpg,00e9be89-00001495.jpg,orb,1124,1066,310,289,0.9323,0.2908,17.3774,0.0498,0.01,,motion_blur,5,29.29556750232571,0.155
00e9be89-00001495.jpg,00e9be89-00001500.jpg,orb,1066,1166,439,432,0.9841,0.4118,14.9522,0.0468,0.0101,,motion_blur,5,29.152825148198385,0.2195
00e9be89-00001500.jpg,00e9be89-00001505.jpg,orb,1166,1193,204,154,0.7549,0.175,23.3382,0.051,0.01,,motion_blur,5,28.80886665993642,0.102
00e9be89-00001505.jpg,00e9be89-00001510.jpg,orb,1193,1257,31,16,0.5161,0.026,34.9032,0.0478,0.0136,,motion_blur,5,28.60807342004762,0.0155
00e9be89-00001510.jpg,00e9be89-00001515.jpg,orb,1257,1406,52,19,0.3654,0.0414,36.0962,0.0479,0.0149,,motion_blur,5,28.168751626345724,0.026
00e9be89-00001515.jpg,00e9be89-00001520.jpg,orb,1406,1469,22,8,0.3636,0.0156,34.6364,0.0468,0.0157,,motion_blur,5,26.369324202543325,0.011
00e9be89-00001520.jpg,00e9be89-00001525.jpg,orb,1469,1935,54,25,0.463,0.0368,32.7407,0.0528,0.0199,,motion_blur,5,23.541273730228475,0.027
00e9be89-00001525.jpg,00e9be89-00001535.jpg,orb,1935,1744,53,5,0.0943,0.0304,38.4717,0.0568,0.0267,,motion_blur,5,23.23046275447193,0.0265
00e9be89-00001535.jpg,00e9be89-00001540.jpg,orb,1744,1446,13,5,0.3846,0.009,41.0,0.048,0.0196,,motion_blur,5,23.199988027611766,0.0065
00e9be89-00001540.jpg,00e9be89-00001545.jpg,orb,1446,1443,25,6,0.24,0.0173,35.92,0.0501,0.015,,motion_blur,5,22.332307598619828,0.0125
00e9be89-00001545.jpg,00e9be89-00001550.jpg,orb,1443,1030,227,140,0.6167,0.2204,27.3833,0.0463,0.0117,,motion_blur,5,22.814849452037198,0.1135
00e9be89-00001550.jpg,00e9be89-00001555.jpg,orb,1030,1409,214,200,0.9346,0.2078,17.4252,0.05,0.0104,,motion_blur,5,22.742019818888657,0.107
00e9be89-00001555.jpg,00e9be89-00001560.jpg,orb,1409,867,216,202,0.9352,0.2491,20.2778,0.0457,0.0101,,motion_blur,5,23.09105722262521,0.108
00e9be89-00001560.jpg,00e9be89-00001565.jpg,orb,867,1018,232,207,0.8922,0.2676,20.0819,0.0486,0.0091,,motion_blur,5,23.64850431944656,0.116
00e9be89-00001565.jpg,00e9be89-00001570.jpg,orb,1018,1710,68,35,0.5147,0.0668,28.4853,0.0542,0.0184,,motion_blur,5,23.827043407445267,0.034
00e9be89-00001570.jpg,00e9be89-00001575.jpg,orb,1710,1751,58,20,0.3448,0.0339,36.8448,0.0554,0.0221,,motion_blur,5,23.26188544405764,0.029
00e9be89-00001575.jpg,00e9be89-00001580.jpg,orb,1751,1731,82,42,0.5122,0.0474,29.2317,0.0541,0.0202,,motion_blur,5,22.41630962469535,0.041
00e9be89-00001580.jpg,00e9be89-00001585.jpg,orb,1731,1878,60,26,0.4333,0.0347,31.3167,0.0544,0.0247,,motion_blur,5,21.51199811734023,0.03
00e9be89-00001585.jpg,00e9be89-00001590.jpg,orb,1878,1146,55,17,0.3091,0.048,36.2,0.0519,0.0164,,motion_blur,5,21.72134440790657,0.0275
00e9be89-00001590.jpg,00e9be89-00001595.jpg,orb,1146,1501,12,4,0.3333,0.0105,39.5,0.0483,0.0132,,motion_blur,5,22.496103643294767,0.006
00e9be89-00001595.jpg,00e9be89-00001600.jpg,orb,1501,1688,22,8,0.3636,0.0147,37.8182,0.0497,0.0192,,motion_blur,5,22.174906917378923,0.011
00e9be89-00001600.jpg,00e9be89-00001605.jpg,orb,1688,1711,148,106,0.7162,0.0877,30.2905,0.0521,0.0215,,motion_blur,5,21.799291906945854,0.074
00e9be89-00001605.jpg,00e9be89-00001610.jpg,orb,1711,1727,17,6,0.3529,0.0099,39.4706,0.0507,0.023,,motion_blur,5,22.371443249910747,0.0085
00e9be89-00001610.jpg,00e9be89-00001620.jpg,orb,1727,1467,21,5,0.2381,0.0143,39.3333,0.0531,0.0176,,motion_blur,5,22.84543678450038,0.0105
00e9be89-00001620.jpg,00e9be89-00001625.jpg,orb,1467,1717,52,23,0.4423,0.0354,36.4231,0.0525,0.0217,,motion_blur,5,23.164812385710604,0.026
00e9be89-00001625.jpg,00e9be89-00001630.jpg,orb,1717,1628,66,13,0.197,0.0405,36.0152,0.056,0.0222,,motion_blur,5,24.12682552711733,0.033
00e9be89-00001630.jpg,00e9be89-00001635.jpg,orb,1628,2000,32,8,0.25,0.0197,33.5938,0.0607,0.0262,,motion_blur,5,23.021074325348984,0.016
00e9be89-00001635.jpg,00e9be89-00001640.jpg,orb,2000,1579,27,8,0.2963,0.0171,41.1481,0.0474,0.0224,,motion_blur,5,21.451683657013117,0.0135
00e9be89-00001640.jpg,00e9be89-00001645.jpg,orb,1579,1737,20,6,0.3,0.0127,35.05,0.0502,0.0207,,motion_blur,5,20.170442377812297,0.01
00e9be89-00001645.jpg,00e9be89-00001650.jpg,orb,1737,1948,33,4,0.1212,0.019,31.4848,0.0522,0.0244,,motion_blur,5,19.357156569021438,0.0165
00e9be89-00001650.jpg,00e9be89-00001655.jpg,orb,1948,2000,27,6,0.2222,0.0139,36.4444,0.0606,0.0264,,motion_blur,5,19.44178261337848,0.0135
00e9be89-00001655.jpg,00e9be89-00001665.jpg,orb,2000,1930,21,5,0.2381,0.0109,41.3333,0.0619,0.0254,,motion_blur,5,20.905666077996568,0.0105
00e9be89-00001665.jpg,00e9be89-00001670.jpg,orb,1930,1591,27,11,0.4074,0.017,38.1111,0.0516,0.0212,,motion_blur,5,23.698971046323067,0.0135
00e9be89-00001670.jpg,00e9be89-00001675.jpg,orb,1591,1743,29,6,0.2069,0.0182,35.6552,0.0536,0.0192,,motion_blur,5,23.61986549953476,0.0145
00e9be89-00001675.jpg,00e9be89-00001680.jpg,orb,1743,1746,25,14,0.56,0.0143,32.16,0.0523,0.0232,,motion_blur,5,22.412183132501244,0.0125
00e9be89-00001680.jpg,00e9be89-00001685.jpg,orb,1746,2000,21,6,0.2857,0.012,33.8571,0.0622,0.0287,,motion_blur,5,21.3776691272378,0.0105
00e9be89-00001685.jpg,00e9be89-00001690.jpg,orb,2000,2000,22,6,0.2727,0.011,33.6364,0.0623,0.0281,,motion_blur,5,22.513482490616436,0.011
00e9be89-00001690.jpg,00e9be89-00001695.jpg,orb,2000,1421,32,1,0.0312,0.0225,32.9375,0.0552,0.0231,,motion_blur,5,25.86504584211793,0.016
00e9be89-00001695.jpg,00e9be89-00001705.jpg,orb,1421,1149,30,10,0.3333,0.0261,39.6333,0.0498,0.0104,,motion_blur,5,26.576758042279828,0.015
00e9be89-00001705.jpg,00e9be89-00001710.jpg,orb,1149,1040,70,45,0.6429,0.0673,33.3714,0.0473,0.01,,motion_blur,5,26.60667979046277,0.035
00e9be89-00001710.jpg,00e9be89-00001715.jpg,orb,1040,1324,44,25,0.5682,0.0423,36.3636,0.045,0.0131,,motion_blur,5,26.40917852285197,0.022
00e9be89-00001715.jpg,00e9be89-00001720.jpg,orb,1324,1017,54,33,0.6111,0.0531,32.7037,0.0459,0.0111,,motion_blur,5,26.72079259211512,0.027054108216432865
00e9be89-00001720.jpg,00e9be89-00001725.jpg,orb,1017,1080,55,41,0.7455,0.0541,35.9818,0.0437,0.008,,motion_blur,5,27.578138369739086,0.02755511022044088
00e9be89-00001725.jpg,00e9be89-00001730.jpg,orb,1080,1004,59,42,0.7119,0.0588,33.6271,0.047,0.0091,,motion_blur,5,27.225008279837684,0.0295
00e9be89-00001730.jpg,00e9be89-00001740.jpg,orb,1004,1349,19,8,0.4211,0.0189,34.2105,0.0454,0.0092,,motion_blur,5,26.498973464166404,0.0095
00e9be89-00001740.jpg,00e9be89-00001745.jpg,orb,1349,2000,17,6,0.3529,0.0126,36.8824,0.054,0.0202,,motion_blur,5,22.51478179978701,0.0085
00e9be89-00001745.jpg,00e9be89-00001750.jpg,orb,2000,1053,23,5,0.2174,0.0218,39.3478,0.0517,0.0169,,motion_blur,5,21.59299645398664,0.0115
00e9be89-00001750.jpg,00e9be89-00001755.jpg,orb,1053,1495,53,32,0.6038,0.0503,35.3019,0.0457,0.0108,,motion_blur,5,25.07002912110866,0.0265
00e9be89-00001755.jpg,00e9be89-00001760.jpg,orb,1495,1787,36,17,0.4722,0.0241,35.0833,0.0534,0.0218,,motion_blur,5,25.037421189255596,0.018
00e9be89-00001760.jpg,00e9be89-00001765.jpg,orb,1787,904,29,17,0.5862,0.0321,35.6552,0.0484,0.0126,,motion_blur,5,24.09531737287105,0.0145
00e9be89-00001765.jpg,00e9be89-00001770.jpg,orb,904,1387,25,13,0.52,0.0277,34.6,0.0449,0.0132,,motion_blur,5,24.11606885518333,0.0125
00e9be89-00001770.jpg,00e9be89-00001775.jpg,orb,1387,1555,57,26,0.4561,0.0411,33.5965,0.0469,0.0175,,motion_blur,5,24.096985347728573,0.0285
00e9be89-00001775.jpg,00e9be89-00001780.jpg,orb,1555,1801,36,19,0.5278,0.0232,33.8611,0.0518,0.0204,,motion_blur,5,23.90339031212801,0.018
00e9be89-00001780.jpg,00e9be89-00001785.jpg,orb,1801,1705,48,22,0.4583,0.0282,36.25,0.0542,0.0242,,motion_blur,5,24.457371410920647,0.024
00e9be89-00001785.jpg,00e9be89-00001795.jpg,orb,1705,1129,33,17,0.5152,0.0292,33.9394,0.0456,0.0155,,motion_blur,5,25.385436084025777,0.0165
00e9be89-00001795.jpg,00e9be89-00001800.jpg,orb,1129,1250,487,473,0.9713,0.4314,18.6283,0.0444,0.012,,motion_blur,5,25.85649424431553,0.2435
00e9be89-00001800.jpg,00e9be89-00001810.jpg,orb,1250,1190,161,70,0.4348,0.1353,29.4472,0.0474,0.0096,,motion_blur,5,25.89475403209706,0.0805
00e9be89-00001810.jpg,00e9be89-00001815.jpg,orb,1190,1526,88,40,0.4545,0.0739,29.9886,0.045,0.013,,motion_blur,5,25.357147441966028,0.044
00e9be89-00001815.jpg,00e9be89-00001820.jpg,orb,1526,1376,38,16,0.4211,0.0276,35.7368,0.0499,0.0142,,motion_blur,5,25.873865602547056,0.019
00e9be89-00001820.jpg,00e9be89-00001825.jpg,orb,1376,1591,53,14,0.2642,0.0385,35.283,0.0482,0.0152,,motion_blur,5,26.12602226104964,0.0265
00e9be89-00001825.jpg,00e9be89-00001830.jpg,orb,1591,1821,36,19,0.5278,0.0226,34.7222,0.0529,0.0203,,motion_blur,5,24.53212882239685,0.018
00e9be89-00001830.jpg,00e9be89-00001840.jpg,orb,1821,1563,33,7,0.2121,0.0211,38.0,0.0623,0.0204,,motion_blur,5,23.09662422315134,0.0165
00e9be89-00001840.jpg,00e9be89-00001845.jpg,orb,1563,1648,830,813,0.9795,0.531,15.1819,0.054,0.0218,,motion_blur,5,22.58969520801419,0.415
00e9be89-00001845.jpg,00e9be89-00001865.jpg,orb,1648,1632,704,681,0.9673,0.4314,18.4858,0.0507,0.0202,,motion_blur,5,22.45238591401289,0.352
00e9be89-00001865.jpg,00e9be89-00001870.jpg,orb,1632,1699,743,726,0.9771,0.4553,17.8466,0.0554,0.0203,,motion_blur,5,22.5404124485008,0.3715
00e9be89-00001870.jpg,00e9be89-00001875.jpg,orb,1699,1646,773,761,0.9845,0.4696,14.903,0.0524,0.022,,motion_blur,5,22.640288216951763,0.3865
00e9be89-00001875.jpg,00e9be89-00001885.jpg,orb,1646,1618,768,750,0.9766,0.4747,16.7982,0.0522,0.0189,,motion_blur,5,22.61404153376997,0.384
00e9be89-00001885.jpg,00e9be89-00001890.jpg,orb,1618,1655,835,817,0.9784,0.5161,15.6982,0.05,0.0211,,motion_blur,5,22.528482261723127,0.4175
00e9be89-00001890.jpg,00e9be89-00001895.jpg,orb,1655,1571,846,827,0.9775,0.5385,15.026,0.0541,0.0187,,motion_blur,5,22.523096837027857,0.423
00e9be89-00001895.jpg,00e9be89-00001900.jpg,orb,1571,1629,845,827,0.9787,0.5379,15.8083,0.053,0.0201,,motion_blur,5,22.60247604979173,0.4225
00e9be89-00001900.jpg,00e9be89-00001905.jpg,orb,1629,1476,275,157,0.5709,0.1863,27.7236,0.0558,0.017,,motion_blur,5,23.17868658685249,0.1375
00e9be89-00001905.jpg,00e9be89-00001915.jpg,orb,1476,1261,35,10,0.2857,0.0278,36.1429,0.0516,0.0143,,motion_blur,5,24.374585971677675,0.0175
00e9be89-00000015.jpg,00e9be89-00000100.jpg,orb,2000,1466,16,4,0.25,0.0109,41.75,0.0569,0.0218,C:\Users\amit\Project_digital_image_processing__Amit_Alon\outputs\visualizations\task2\degraded_visualizations\motion_blur\level_6\match_00e9be89-00000015__00e9be89-00000100.png,motion_blur,6,17.72212464133097,0.008
00e9be89-00000100.jpg,00e9be89-00000105.jpg,orb,1466,1568,767,741,0.9661,0.5232,20.3207,0.0557,0.0192,,motion_blur,6,20.875984777422964,0.3835
00e9be89-00000105.jpg,00e9be89-00000110.jpg,orb,1568,1608,803,783,0.9751,0.5121,19.2628,0.0606,0.0203,,motion_blur,6,20.54053714822393,0.4015
00e9be89-00000110.jpg,00e9be89-00000115.jpg,orb,1608,1572,824,806,0.9782,0.5242,19.6978,0.0508,0.0179,,motion_blur,6,20.57622981344848,0.412
00e9be89-00000115.jpg,00e9be89-00000120.jpg,orb,1572,1555,901,886,0.9834,0.5794,16.9867,0.0561,0.0183,,motion_blur,6,20.625177989221797,0.4505
00e9be89-00000120.jpg,00e9be89-00000125.jpg,orb,1555,1568,536,519,0.9683,0.3447,25.7034,0.0527,0.0209,,motion_blur,6,20.37104298018096,0.268
00e9be89-00000125.jpg,00e9be89-00000130.jpg,orb,1568,1546,649,636,0.98,0.4198,20.0092,0.0536,0.0186,,motion_blur,6,20.219479196978853,0.3245
00e9be89-00000130.jpg,00e9be89-00000135.jpg,orb,1546,1389,687,671,0.9767,0.4946,18.8224,0.0548,0.0166,,motion_blur,6,20.65145127191269,0.3435
00e9be89-00000135.jpg,00e9be89-00000140.jpg,orb,1389,1468,740,718,0.9703,0.5328,19.4703,0.0498,0.0166,,motion_blur,6,20.77143467493271,0.37
00e9be89-00000140.jpg,00e9be89-00000145.jpg,orb,1468,1302,202,147,0.7277,0.1551,30.4505,0.0522,0.0141,,motion_blur,6,20.95589761016864,0.101
00e9be89-00000145.jpg,00e9be89-00000150.jpg,orb,1302,1985,12,5,0.4167,0.0092,37.3333,0.0548,0.0197,,motion_blur,6,18.753521147232085,0.006
00e9be89-00000150.jpg,00e9be89-00000160.jpg,orb,1985,1974,22,6,0.2727,0.0111,38.1364,0.0601,0.0307,,motion_blur,6,17.30282065349419,0.011
00e9be89-00000160.jpg,00e9be89-00000165.jpg,orb,1974,1845,20,5,0.25,0.0108,37.45,0.0571,0.026,,motion_blur,6,18.76298428070438,0.01
00e9be89-00000165.jpg,00e9be89-00000175.jpg,orb,1845,1464,20,5,0.25,0.0137,36.95,0.0575,0.0198,,motion_blur,6,20.301845925555018,0.01
00e9be89-00000175.jpg,00e9be89-00000190.jpg,orb,1464,1633,13,6,0.4615,0.0089,37.3846,0.0533,0.0202,,motion_blur,6,21.185198836435436,0.0065
00e9be89-00000190.jpg,00e9be89-00001000.jpg,orb,1633,853,16,6,0.375,0.0188,43.875,0.047,0.0111,,motion_blur,6,23.84990462723283,0.008
00e9be89-00001000.jpg,00e9be89-00001005.jpg,orb,853,617,18,7,0.3889,0.0292,45.8333,0.0407,0.004,,motion_blur,6,27.790129346016148,0.009
00e9be89-00001005.jpg,00e9be89-00001010.jpg,orb,617,554,5,0,0.0,0.009,38.8,0.0366,0.004,,motion_blur,6,28.580323804073306,0.0025
00e9be89-00001010.jpg,00e9be89-00001015.jpg,orb,554,702,21,8,0.381,0.0379,39.0476,0.0373,0.002,,motion_blur,6,29.160531729445783,0.010542168674698794
00e9be89-00001015.jpg,00e9be89-00001020.jpg,orb,702,1214,27,8,0.2963,0.0385,37.0741,0.0436,0.0078,,motion_blur,6,27.800133539170044,0.01355421686746988
00e9be89-00001020.jpg,00e9be89-00001025.jpg,orb,1214,972,24,9,0.375,0.0247,39.0417,0.0427,0.0098,,motion_blur,6,26.92381498892542,0.012
00e9be89-00001025.jpg,00e9be89-00001030.jpg,orb,972,805,25,12,0.48,0.0311,43.68,0.0387,0.0062,,motion_blur,6,28.2542934286601,0.0125
00e9be89-00001030.jpg,00e9be89-00001035.jpg,orb,805,834,42,22,0.5238,0.0522,37.0,0.0425,0.004,,motion_blur,6,28.54476336165976,0.021
00e9be89-00001035.jpg,00e9be89-00001040.jpg,orb,834,514,65,38,0.5846,0.1265,35.9692,0.0416,0.003,,motion_blur,6,29.481475237251345,0.0325
00e9be89-00001040.jpg,00e9be89-00001045.jpg,orb,514,599,84,47,0.5595,0.1634,33.5952,0.0418,0.0031,,motion_blur,6,29.70634618607358,0.042
00e9be89-00001045.jpg,00e9be89-00001050.jpg,orb,599,642,33,13,0.3939,0.0551,38.1212,0.0406,0.0022,,motion_blur,6,29.63189485909369,0.0165
00e9be89-00001050.jpg,00e9be89-00001055.jpg,orb,642,772,47,19,0.4043,0.0732,37.4043,0.041,0.0044,,motion_blur,6,29.10520989609791,0.0235
00e9be89-00001055.jpg,00e9be89-00001060.jpg,orb,772,708,60,38,0.6333,0.0847,36.5,0.0455,0.0072,,motion_blur,6,28.33713855211648,0.03
00e9be89-00001060.jpg,00e9be89-00001065.jpg,orb,708,1178,48,31,0.6458,0.0678,36.2917,0.0455,0.0066,,motion_blur,6,27.54286537587073,0.024
00e9be89-00001065.jpg,00e9be89-00001070.jpg,orb,1178,1263,122,93,0.7623,0.1036,33.5246,0.0511,0.0121,,motion_blur,6,26.325823553864502,0.061
00e9be89-00001070.jpg,00e9be89-00001075.jpg,orb,1263,1543,49,27,0.551,0.0388,37.2653,0.0514,0.013,,motion_blur,6,24.790127496146688,0.0245
00e9be89-00001075.jpg,00e9be89-00001080.jpg,orb,1543,812,55,21,0.3818,0.0677,37.9818,0.0464,0.01,,motion_blur,6,26.037942651495428,0.0275
00e9be89-00001080.jpg,00e9be89-00001090.jpg,orb,812,1127,24,19,0.7917,0.0296,36.4583,0.0434,0.0076,,motion_blur,6,28.17548960733453,0.012
00e9be89-00001090.jpg,00e9be89-00001095.jpg,orb,1127,921,41,29,0.7073,0.0445,31.6829,0.0441,0.0088,,motion_blur,6,27.893935238527398,0.0205
00e9be89-00001095.jpg,00e9be89-00001100.jpg,orb,921,1205,39,18,0.4615,0.0423,34.6154,0.0427,0.0092,,motion_blur,6,27.48655480701015,0.0195
00e9be89-00001100.jpg,00e9be89-00001105.jpg,orb,1205,982,28,10,0.3571,0.0285,41.75,0.0407,0.0106,,motion_blur,6,26.09276418600628,0.014
00e9be89-00001105.jpg,00e9be89-00001115.jpg,orb,982,1144,21,6,0.2857,0.0214,40.619,0.0448,0.0102,,motion_blur,6,25.41610734455495,0.0105
00e9be89-00001115.jpg,00e9be89-00001125.jpg,orb,1144,1501,18,7,0.3889,0.0157,37.2222,0.05,0.0126,,motion_blur,6,24.830727943911462,0.009
00e9be89-00001125.jpg,00e9be89-00001130.jpg,orb,1501,1554,34,18,0.5294,0.0227,38.2941,0.0497,0.0181,,motion_blur,6,23.823430699780687,0.017
00e9be89-00001130.jpg,00e9be89-00001135.jpg,orb,1554,1267,49,36,0.7347,0.0387,30.0204,0.046,0.0131,,motion_blur,6,25.166879386707897,0.0245
00e9be89-00001135.jpg,00e9be89-00001140.jpg,orb,1267,1414,61,39,0.6393,0.0481,33.9672,0.056,0.0152,,motion_blur,6,26.225576613338585,0.0305
00e9be89-00001140.jpg,00e9be89-00001150.jpg,orb,1414,1429,69,35,0.5072,0.0488,32.9855,0.0515,0.0161,,motion_blur,6,26.14829542661061,0.0345
00e9be89-00001150.jpg,00e9be89-00001155.jpg,orb,1429,1242,78,43,0.5513,0.0628,33.8846,0.0476,0.0182,,motion_blur,6,27.236873699663438,0.039
00e9be89-00001155.jpg,00e9be89-00001160.jpg,orb,1242,1259,99,51,0.5152,0.0797,32.2727,0.0447,0.0149,,motion_blur,6,27.57186373247891,0.0495
00e9be89-00001160.jpg,00e9be89-00001165.jpg,orb,1259,1231,19,5,0.2632,0.0154,39.8947,0.0439,0.0137,,motion_blur,6,27.596771338760227,0.0095
00e9be89-00001165.jpg,00e9be89-00001170.jpg,orb,1231,1468,46,15,0.3261,0.0374,37.6304,0.047,0.0133,,motion_blur,6,27.31975874282847,0.023
00e9be89-00001170.jpg,00e9be89-00001175.jpg,orb,1468,1386,48,26,0.5417,0.0346,34.3333,0.0448,0.0137,,motion_blur,6,27.101445993430644,0.024
00e9be89-00001175.jpg,00e9be89-00001180.jpg,orb,1386,1524,70,45,0.6429,0.0505,32.0857,0.0458,0.0165,,motion_blur,6,26.97966688274844,0.035
00e9be89-00001180.jpg,00e9be89-00001185.jpg,orb,1524,1458,44,21,0.4773,0.0302,37.8864,0.048,0.0172,,motion_blur,6,26.363666164417708,0.022
00e9be89-00001185.jpg,00e9be89-00001190.jpg,orb,1458,1547,40,11,0.275,0.0274,39.225,0.0476,0.0181,,motion_blur,6,25.789061419011947,0.02
00e9be89-00001190.jpg,00e9be89-00001195.jpg,orb,1547,1490,19,7,0.3684,0.0128,38.8421,0.0522,0.0181,,motion_blur,6,22.59698801335232,0.0095
00e9be89-00001195.jpg,00e9be89-00001200.jpg,orb,1490,971,29,11,0.3793,0.0299,37.8966,0.0442,0.0128,,motion_blur,6,24.54160661315418,0.01459486663311525
00e9be89-00001200.jpg,00e9be89-00001205.jpg,orb,971,355,25,13,0.52,0.0704,36.76,0.0383,0.004,,motion_blur,6,30.729426140916136,0.012581781580271767
00e9be89-00001205.jpg,00e9be89-00001210.jpg,orb,355,920,7,5,0.7143,0.0197,39.4286,0.0382,0.002,,motion_blur,6,30.573924748496164,0.0035070140280561123
00e9be89-00001210.jpg,00e9be89-00001215.jpg,orb,920,854,24,10,0.4167,0.0281,38.2083,0.048,0.0103,,motion_blur,6,29.1677388238779,0.012
00e9be89-00001215.jpg,00e9be89-00001220.jpg,orb,854,2000,17,4,0.2353,0.0199,41.1765,0.0538,0.0168,,motion_blur,6,25.281227348086823,0.0085
00e9be89-00001220.jpg,00e9be89-00001225.jpg,orb,2000,1231,51,9,0.1765,0.0414,43.1569,0.0551,0.02,,motion_blur,6,24.62376991289533,0.0255
00e9be89-00001225.jpg,00e9be89-00001230.jpg,orb,1231,1326,24,7,0.2917,0.0195,40.125,0.0459,0.0141,,motion_blur,6,27.55538972138669,0.012
00e9be89-00001230.jpg,00e9be89-00001240.jpg,orb,1326,433,44,24,0.5455,0.1016,39.2273,0.0398,0.006,,motion_blur,6,29.634612196029305,0.024189114898295765
00e9be89-00001240.jpg,00e9be89-00001245.jpg,orb,433,1919,44,25,0.5682,0.1016,32.25,0.0456,0.0065,,motion_blur,6,27.424716420582577,0.024189114898295765
00e9be89-00001245.jpg,00e9be89-00001250.jpg,orb,1919,937,51,10,0.1961,0.0544,43.2745,0.0501,0.0142,,motion_blur,6,25.472741037795338,0.0255
00e9be89-00001250.jpg,00e9be89-00001255.jpg,orb,937,1650,49,17,0.3469,0.0523,34.0612,0.0459,0.0103,,motion_blur,6,26.9702826910465,0.0245
00e9be89-00001255.jpg,00e9be89-00001260.jpg,orb,1650,1790,41,22,0.5366,0.0248,35.5854,0.05,0.0209,,motion_blur,6,25.63205247339199,0.0205
00e9be89-00001260.jpg,00e9be89-00001265.jpg,orb,1790,1346,46,26,0.5652,0.0342,37.3478,0.0513,0.0173,,motion_blur,6,24.63075342517483,0.023
00e9be89-00001265.jpg,00e9be89-00001270.jpg,orb,1346,1324,19,6,0.3158,0.0144,44.3684,0.048,0.0142,,motion_blur,6,22.359874422570293,0.0095
00e9be89-00001270.jpg,00e9be89-00001275.jpg,orb,1324,1817,28,6,0.2143,0.0211,36.6786,0.052,0.0162,,motion_blur,6,21.266517195521335,0.014
00e9be89-00001275.jpg,00e9be89-00001280.jpg,orb,1817,1720,26,5,0.1923,0.0151,35.4231,0.0594,0.0253,,motion_blur,6,20.490877793131048,0.013
00e9be89-00001280.jpg,00e9be89-00001285.jpg,orb,1720,689,29,4,0.1379,0.0421,38.4138,0.0508,0.0112,,motion_blur,6,19.93217644620584,0.0145
00e9be89-00001285.jpg,00e9be89-00001290.jpg,orb,689,1176,11,5,0.4545,0.016,41.6364,0.0442,0.006,,motion_blur,6,21.880659881638557,0.0055
00e9be89-00001290.jpg,00e9be89-00001295.jpg,orb,1176,688,23,7,0.3043,0.0334,40.4783,0.0429,0.008,,motion_blur,6,23.118397930753428,0.0115
00e9be89-00001295.jpg,00e9be89-00001305.jpg,orb,688,1704,7,0,0.0,0.0102,43.7143,0.0479,0.0081,,motion_blur,6,21.404612587670243,0.0035
00e9be89-00001305.jpg,00e9be89-00001310.jpg,orb,1704,1952,22,5,0.2273,0.0129,40.4091,0.0601,0.0255,,motion_blur,6,18.646636587178715,0.011
00e9be89-00001310.jpg,00e9be89-00001315.jpg,orb,1952,1585,22,5,0.2273,0.0139,40.9091,0.0518,0.0242,,motion_blur,6,18.528036139267183,0.011
00e9be89-00001315.jpg,00e9be89-00001325.jpg,orb,1585,1028,42,6,0.1429,0.0409,31.4048,0.0506,0.0118,,motion_blur,6,19.791302216995888,0.021
00e9be89-00001325.jpg,00e9be89-00001330.jpg,orb,1028,960,17,6,0.3529,0.0177,29.7647,0.0441,0.0092,,motion_blur,6,20.00728549901424,0.0085
00e9be89-00001330.jpg,00e9be89-00001335.jpg,orb,960,867,13,5,0.3846,0.015,37.6154,0.0449,0.0078,,motion_blur,6,22.714253789521912,0.0065
00e9be89-00001335.jpg,00e9be89-00001340.jpg,orb,867,960,14,5,0.3571,0.0161,35.2143,0.0418,0.008,,motion_blur,6,24.86863834576714,0.007
00e9be89-00001340.jpg,00e9be89-00001345.jpg,orb,960,771,19,5,0.2632,0.0246,43.4211,0.0462,0.006,,motion_blur,6,25.41959305878744,0.0095
00e9be89-00001345.jpg,00e9be89-00001350.jpg,orb,771,578,8,5,0.625,0.0138,45.5,0.0432,0.004,,motion_blur,6,25.89707692087582,0.004
00e9be89-00001350.jpg,00e9be89-00001355.jpg,orb,578,992,14,4,0.2857,0.0242,34.5,0.0425,0.004,,motion_blur,6,25.85586885681021,0.007
00e9be89-00001355.jpg,00e9be89-00001360.jpg,orb,992,951,13,5,0.3846,0.0137,41.0769,0.0429,0.0091,,motion_blur,6,25.715785906229137,0.0065
00e9be89-00001360.jpg,00e9be89-00001365.jpg,orb,951,845,23,9,0.3913,0.0272,37.0,0.0422,0.008,,motion_blur,6,24.93693491640584,0.0115
00e9be89-00001365.jpg,00e9be89-00001370.jpg,orb,845,1315,15,8,0.5333,0.0178,34.9333,0.0418,0.01,,motion_blur,6,24.4268444124547,0.0075
00e9be89-00001370.jpg,00e9be89-00001375.jpg,orb,1315,796,182,77,0.4231,0.2286,31.8736,0.0459,0.009,,motion_blur,6,25.82603332061825,0.091
00e9be89-00001375.jpg,00e9be89-00001380.jpg,orb,796,657,137,62,0.4526,0.2085,28.6934,0.0409,0.004,,motion_blur,6,27.616516304877354,0.0685
00e9be89-00001380.jpg,00e9be89-00001385.jpg,orb,657,738,93,45,0.4839,0.1416,30.957,0.0364,0.004,,motion_blur,6,27.75074407490423,0.0465
00e9be89-00001385.jpg,00e9be89-00001390.jpg,orb,738,859,29,15,0.5172,0.0393,32.7586,0.0439,0.006,,motion_blur,6,26.49932377207954,0.0145
00e9be89-00001390.jpg,00e9be89-00001395.jpg,orb,859,912,49,26,0.5306,0.057,29.7551,0.0444,0.0071,,motion_blur,6,25.459405171522224,0.0245
00e9be89-00001395.jpg,00e9be89-00001400.jpg,orb,912,1070,84,36,0.4286,0.0921,30.0476,0.0445,0.0075,,motion_blur,6,25.7243252877553,0.042
00e9be89-00001400.jpg,00e9be89-00001405.jpg,orb,1070,1118,76,34,0.4474,0.071,30.5658,0.0461,0.0084,,motion_blur,6,25.69092173564316,0.038
00e9be89-00001405.jpg,00e9be89-00001410.jpg,orb,1118,1125,84,37,0.4405,0.0751,31.0238,0.0469,0.0101,,motion_blur,6,25.49532352480837,0.042
00e9be89-00001410.jpg,00e9be89-00001415.jpg,orb,1125,1097,137,51,0.3723,0.1249,30.5328,0.049,0.0116,,motion_blur,6,25.15966459798448,0.0685
00e9be89-00001415.jpg,00e9be89-00001420.jpg,orb,1097,1338,64,24,0.375,0.0583,30.9688,0.0508,0.0114,,motion_blur,6,24.739771778062803,0.032
00e9be89-00001420.jpg,00e9be89-00001425.jpg,orb,1338,1225,74,32,0.4324,0.0604,31.3243,0.0517,0.0148,,motion_blur,6,24.88734167253505,0.037
00e9be89-00001425.jpg,00e9be89-00001430.jpg,orb,1225,1203,92,35,0.3804,0.0765,31.0217,0.0484,0.01,,motion_blur,6,25.335738016049923,0.046
00e9be89-00001430.jpg,00e9be89-00001440.jpg,orb,1203,1299,24,0,0.0,0.02,37.7917,0.0454,0.0122,,motion_blur,6,24.713771069615277,0.012
00e9be89-00001440.jpg,00e9be89-00001445.jpg,orb,1299,1402,84,52,0.619,0.0647,27.869,0.0491,0.0155,,motion_blur,6,22.917549043898,0.042
00e9be89-00001445.jpg,00e9be89-00001450.jpg,orb,1402,1176,62,21,0.3387,0.0527,33.8065,0.0458,0.0119,,motion_blur,6,22.803973954146716,0.031
00e9be89-00001450.jpg,00e9be89-00001455.jpg,orb,1176,664,60,42,0.7,0.0904,36.0667,0.0461,0.006,,motion_blur,6,25.434683517147203,0.03
00e9be89-00001455.jpg,00e9be89-00001460.jpg,orb,664,789,68,37,0.5441,0.1024,34.8971,0.0418,0.004,,motion_blur,6,27.174976270079533,0.034
00e9be89-00001460.jpg,00e9be89-00001465.jpg,orb,789,846,88,70,0.7955,0.1115,30.1932,0.0396,0.005,,motion_blur,6,26.584645474376742,0.044
00e9be89-00001465.jpg,00e9be89-00001470.jpg,orb,846,1215,15,6,0.4,0.0177,34.9333,0.0422,0.0096,,motion_blur,6,26.10347316004929,0.0075
00e9be89-00001470.jpg,00e9be89-00001475.jpg,orb,1215,1070,55,23,0.4182,0.0514,35.9636,0.0428,0.0103,,motion_blur,6,26.48057282198293,0.0275
00e9be89-00001475.jpg,00e9be89-00001480.jpg,orb,1070,1071,14,5,0.3571,0.0131,36.0,0.0418,0.0093,,motion_blur,6,26.09511890349917,0.007
00e9be89-00001480.jpg,00e9be89-00001485.jpg,orb,1071,1017,25,9,0.36,0.0246,36.0,0.0463,0.0103,,motion_blur,6,27.08562052543865,0.0125
00e9be89-00001485.jpg,00e9be89-00001490.jpg,orb,1017,954,33,13,0.3939,0.0346,34.697,0.0477,0.0067,,motion_blur,6,28.637673972749774,0.0165
00e9be89-00001490.jpg,00e9be89-00001495.jpg,orb,954,884,277,258,0.9314,0.3133,18.2888,0.0472,0.0058,,motion_blur,6,28.573869556947,0.1385
00e9be89-00001495.jpg,00e9be89-00001500.jpg,orb,884,956,358,335,0.9358,0.405,15.3855,0.0409,0.009,,motion_blur,6,28.420612261186907,0.179
00e9be89-00001500.jpg,00e9be89-00001505.jpg,orb,956,1021,160,111,0.6937,0.1674,23.3938,0.0393,0.0083,,motion_blur,6,28.07609930339392,0.08
00e9be89-00001505.jpg,00e9be89-00001510.jpg,orb,1021,1077,31,11,0.3548,0.0304,37.871,0.0428,0.01,,motion_blur,6,27.873481206963355,0.0155
00e9be89-00001510.jpg,00e9be89-00001515.jpg,orb,1077,1229,41,16,0.3902,0.0381,37.5854,0.0442,0.0097,,motion_blur,6,27.417039572359165,0.0205
00e9be89-00001515.jpg,00e9be89-00001520.jpg,orb,1229,1253,22,7,0.3182,0.0179,39.1364,0.0472,0.0118,,motion_blur,6,25.69414292240385,0.011
00e9be89-00001520.jpg,00e9be89-00001525.jpg,orb,1253,1780,39,26,0.6667,0.0311,29.3846,0.0472,0.017,,motion_blur,6,22.94315313276216,0.0195
00e9be89-00001525.jpg,00e9be89-00001535.jpg,orb,1780,1526,29,6,0.2069,0.019,41.069,0.051,0.0201,,motion_blur,6,22.647045839842157,0.0145
00e9be89-00001535.jpg,00e9be89-00001540.jpg,orb,1526,1190,25,5,0.2,0.021,40.16,0.0455,0.0145,,motion_blur,6,22.64671723777145,0.0125
00e9be89-00001540.jpg,00e9be89-00001545.jpg,orb,1190,1216,12,5,0.4167,0.0101,36.5,0.0481,0.0102,,motion_blur,6,21.797569779140428,0.006
00e9be89-00001545.jpg,00e9be89-00001550.jpg,orb,1216,822,195,122,0.6256,0.2372,26.2513,0.0483,0.0065,,motion_blur,6,22.295588827245552,0.0975
00e9be89-00001550.jpg,00e9be89-00001555.jpg,orb,822,1188,170,161,0.9471,0.2068,16.3,0.0461,0.0075,,motion_blur,6,22.22045524327296,0.085
00e9be89-00001555.jpg,00e9be89-00001560.jpg,orb,1188,683,172,154,0.8953,0.2518,20.8953,0.0544,0.007,,motion_blur,6,22.56017829822297,0.086
00e9be89-00001560.jpg,00e9be89-00001565.jpg,orb,683,791,164,154,0.939,0.2401,20.878,0.0461,0.004,,motion_blur,6,23.103139683370937,0.082
00e9be89-00001565.jpg,00e9be89-00001570.jpg,orb,791,1450,44,29,0.6591,0.0556,26.2273,0.0489,0.0084,,motion_blur,6,23.27402018437642,0.022
00e9be89-00001570.jpg,00e9be89-00001575.jpg,orb,1450,1537,48,15,0.3125,0.0331,36.0208,0.0515,0.0153,,motion_blur,6,22.71579934401716,0.024
00e9be89-00001575.jpg,00e9be89-00001580.jpg,orb,1537,1501,88,55,0.625,0.0586,29.5114,0.0524,0.0176,,motion_blur,6,21.86984093810834,0.044
00e9be89-00001580.jpg,00e9be89-00001585.jpg,orb,1501,1673,59,20,0.339,0.0393,31.1864,0.0498,0.0181,,motion_blur,6,20.97983089578836,0.0295
00e9be89-00001585.jpg,00e9be89-00001590.jpg,orb,1673,937,46,14,0.3043,0.0491,34.4565,0.051,0.0129,,motion_blur,6,21.1824168335781,0.023
00e9be89-00001590.jpg,00e9be89-00001595.jpg,orb,937,1271,15,5,0.3333,0.016,36.1333,0.0464,0.0097,,motion_blur,6,21.936140305945976,0.0075
00e9be89-00001595.jpg,00e9be89-00001600.jpg,orb,1271,1439,17,6,0.3529,0.0134,36.5882,0.05,0.0144,,motion_blur,6,21.61415717576197,0.0085
00e9be89-00001600.jpg,00e9be89-00001605.jpg,orb,1439,1492,119,80,0.6723,0.0827,30.3193,0.0502,0.0166,,motion_blur,6,21.23628508256798,0.0595
00e9be89-00001605.jpg,00e9be89-00001610.jpg,orb,1492,1502,16,4,0.25,0.0107,37.875,0.0499,0.0171,,motion_blur,6,21.81117761238064,0.008
00e9be89-00001610.jpg,00e9be89-00001620.jpg,orb,1502,1266,15,5,0.3333,0.0118,45.4,0.0535,0.0143,,motion_blur,6,22.2974111297005,0.0075
00e9be89-00001620.jpg,00e9be89-00001625.jpg,orb,1266,1454,49,16,0.3265,0.0387,37.3878,0.0526,0.0147,,motion_blur,6,22.63664274679306,0.0245
00e9be89-00001625.jpg,00e9be89-00001630.jpg,orb,1454,1368,53,15,0.283,0.0387,31.434,0.0593,0.0183,,motion_blur,6,23.555680814612053,0.0265
00e9be89-00001630.jpg,00e9be89-00001635.jpg,orb,1368,1918,23,1,0.0435,0.0168,34.6087,0.0608,0.0237,,motion_blur,6,22.49743672954576,0.0115
00e9be89-00001635.jpg,00e9be89-00001640.jpg,orb,1918,1381,57,10,0.1754,0.0413,39.2807,0.0578,0.0199,,motion_blur,6,20.85392167240037,0.0285
00e9be89-00001640.jpg,00e9be89-00001645.jpg,orb,1381,1572,23,7,0.3043,0.0167,35.6087,0.0486,0.0159,,motion_blur,6,19.384295445652256,0.0115
00e9be89-00001645.jpg,00e9be89-00001650.jpg,orb,1572,1831,29,7,0.2414,0.0184,31.6897,0.0522,0.0203,,motion_blur,6,18.619221795823336,0.0145
00e9be89-00001650.jpg,00e9be89-00001655.jpg,orb,1831,1939,33,8,0.2424,0.018,35.2424,0.056,0.0266,,motion_blur,6,18.81399095026002,0.0165
00e9be89-00001655.jpg,00e9be89-00001665.jpg,orb,1939,1709,21,5,0.2381,0.0123,39.9048,0.0565,0.0244,,motion_blur,6,20.38009933074905,0.0105
00e9be89-00001665.jpg,00e9be89-00001670.jpg,orb,1709,1360,29,8,0.2759,0.0213,39.4483,0.0526,0.0161,,motion_blur,6,23.23494523246366,0.0145
00e9be89-00001670.jpg,00e9be89-00001675.jpg,orb,1360,1532,30,13,0.4333,0.0221,34.1333,0.05,0.0157,,motion_blur,6,23.12896218211504,0.015
00e9be89-00001675.jpg,00e9be89-00001680.jpg,orb,1532,1533,35,16,0.4571,0.0228,31.0571,0.0507,0.0178,,motion_blur,6,21.86129341013554,0.0175
00e9be89-00001680.jpg,00e9be89-00001685.jpg,orb,1533,2000,14,5,0.3571,0.0091,33.0714,0.0601,0.0233,,motion_blur,6,20.83982415313322,0.007
00e9be89-00001685.jpg,00e9be89-00001690.jpg,orb,2000,1945,28,3,0.1071,0.0144,36.25,0.0569,0.0295,,motion_blur,6,21.99535317852732,0.014
00e9be89-00001690.jpg,00e9be89-00001695.jpg,orb,1945,1190,44,4,0.0909,0.037,38.2045,0.053,0.0152,,motion_blur,6,25.28719979672303,0.022
00e9be89-00001695.jpg,00e9be89-00001705.jpg,orb,1190,922,22,10,0.4545,0.0239,39.3636,0.0427,0.0087,,motion_blur,6,25.95024660568589,0.011
00e9be89-00001705.jpg,00e9be89-00001710.jpg,orb,922,934,78,42,0.5385,0.0846,35.0385,0.0424,0.0077,,motion_blur,6,25.974037829739068,0.039
00e9be89-00001710.jpg,00e9be89-00001715.jpg,orb,934,1132,27,11,0.4074,0.0289,39.037,0.0459,0.0084,,motion_blur,6,25.808897795049187,0.0135
00e9be89-00001715.jpg,00e9be89-00001720.jpg,orb,1132,795,57,34,0.5965,0.0717,35.0877,0.0427,0.0071,,motion_blur,6,26.109381953240764,0.028557114228456915
00e9be89-00001720.jpg,00e9be89-00001725.jpg,orb,795,897,43,37,0.8605,0.0541,35.1395,0.0461,0.006,,motion_blur,6,26.980183146540668,0.02154308617234469
00e9be89-00001725.jpg,00e9be89-00001730.jpg,orb,897,858,43,23,0.5349,0.0501,31.4651,0.0431,0.0069,,motion_blur,6,26.628298155952663,0.0215
00e9be89-00001730.jpg,00e9be89-00001740.jpg,orb,858,1119,19,6,0.3158,0.0221,34.6842,0.04,0.006,,motion_blur,6,25.858217772081463,0.0095
00e9be89-00001740.jpg,00e9be89-00001745.jpg,orb,1119,1948,15,5,0.3333,0.0134,36.2,0.0482,0.0164,,motion_blur,6,21.95558539647818,0.0075
00e9be89-00001745.jpg,00e9be89-00001750.jpg,orb,1948,805,36,4,0.1111,0.0447,40.2222,0.0521,0.0125,,motion_blur,6,21.094725934134463,0.018
00e9be89-00001750.jpg,00e9be89-00001755.jpg,orb,805,1257,49,29,0.5918,0.0609,35.551,0.0414,0.0106,,motion_blur,6,24.55759007536126,0.0245
00e9be89-00001755.jpg,00e9be89-00001760.jpg,orb,1257,1504,39,19,0.4872,0.031,36.3333,0.056,0.0151,,motion_blur,6,24.60308152571736,0.0195
00e9be89-00001760.jpg,00e9be89-00001765.jpg,orb,1504,714,23,16,0.6957,0.0322,36.3478,0.0514,0.0116,,motion_blur,6,23.706210092906844,0.0115
00e9be89-00001765.jpg,00e9be89-00001770.jpg,orb,714,1061,26,11,0.4231,0.0364,36.4231,0.0419,0.008,,motion_blur,6,23.689288678558796,0.013
00e9be89-00001770.jpg,00e9be89-00001775.jpg,orb,1061,1265,30,19,0.6333,0.0283,35.4667,0.0445,0.0096,,motion_blur,6,23.657893033799823,0.015
00e9be89-00001775.jpg,00e9be89-00001780.jpg,orb,1265,1578,42,18,0.4286,0.0332,34.1429,0.0483,0.0138,,motion_blur,6,23.449488055121748,0.021
00e9be89-00001780.jpg,00e9be89-00001785.jpg,orb,1578,1421,48,24,0.5,0.0338,39.7083,0.0499,0.0184,,motion_blur,6,23.981249590159912,0.024
00e9be89-00001785.jpg,00e9be89-00001795.jpg,orb,1421,831,44,14,0.3182,0.0529,37.25,0.0475,0.0108,,motion_blur,6,24.914278042031,0.022
00e9be89-00001795.jpg,00e9be89-00001800.jpg,orb,831,1059,391,380,0.9719,0.4705,17.6675,0.0419,0.006,,motion_blur,6,25.41771608095496,0.1955
00e9be89-00001800.jpg,00e9be89-00001810.jpg,orb,1059,937,136,61,0.4485,0.1451,30.2353,0.0438,0.008,,motion_blur,6,25.449970282321186,0.068
00e9be89-00001810.jpg,00e9be89-00001815.jpg,orb,937,1309,79,36,0.4557,0.0843,29.481,0.0442,0.0099,,motion_blur,6,24.885774749334665,0.0395
00e9be89-00001815.jpg,00e9be89-00001820.jpg,orb,1309,1129,32,14,0.4375,0.0283,36.5312,0.0489,0.0112,,motion_blur,6,25.392083346593616,0.016
00e9be89-00001820.jpg,00e9be89-00001825.jpg,orb,1129,1352,51,16,0.3137,0.0452,36.2353,0.0478,0.0124,,motion_blur,6,25.654847832323757,0.0255
00e9be89-00001825.jpg,00e9be89-00001830.jpg,orb,1352,1544,43,18,0.4186,0.0318,35.6047,0.0499,0.0142,,motion_blur,6,24.078077305058947,0.0215
00e9be89-00001830.jpg,00e9be89-00001840.jpg,orb,1544,1323,17,5,0.2941,0.0128,39.0,0.0458,0.0148,,motion_blur,6,22.644547770688,0.0085
00e9be89-00001840.jpg,00e9be89-00001845.jpg,orb,1323,1397,684,668,0.9766,0.517,15.7442,0.05,0.0164,,motion_blur,6,22.13525821888317,0.342
00e9be89-00001845.jpg,00e9be89-00001865.jpg,orb,1397,1397,614,593,0.9658,0.4395,17.6238,0.0539,0.0206,,motion_blur,6,21.995114458665,0.307
00e9be89-00001865.jpg,00e9be89-00001870.jpg,orb,1397,1437,670,655,0.9776,0.4796,17.8851,0.0501,0.0165,,motion_blur,6,22.07328347374507,0.335
00e9be89-00001870.jpg,00e9be89-00001875.jpg,orb,1437,1419,663,652,0.9834,0.4672,15.2278,0.0551,0.0142,,motion_blur,6,22.17395982311291,0.3315
00e9be89-00001875.jpg,00e9be89-00001885.jpg,orb,1419,1386,632,613,0.9699,0.456,16.8687,0.0523,0.0141,,motion_blur,6,22.156053396593897,0.316
00e9be89-00001885.jpg,00e9be89-00001890.jpg,orb,1386,1432,756,733,0.9696,0.5455,15.5212,0.0499,0.0171,,motion_blur,6,22.07715949885032,0.378
00e9be89-00001890.jpg,00e9be89-00001895.jpg,orb,1432,1288,698,682,0.9771,0.5419,15.1117,0.0465,0.0137,,motion_blur,6,22.065312327853498,0.349
00e9be89-00001895.jpg,00e9be89-00001900.jpg,orb,1288,1400,665,654,0.9835,0.5163,14.9038,0.0499,0.0143,,motion_blur,6,22.140073375723468,0.3325
00e9be89-00001900.jpg,00e9be89-00001905.jpg,orb,1400,1187,232,133,0.5733,0.1955,28.3491,0.0472,0.0129,,motion_blur,6,22.736266445994893,0.116
00e9be89-00001905.jpg,00e9be89-00001915.jpg,orb,1187,1033,29,8,0.2759,0.0281,39.1034,0.0446,0.009,,motion_blur,6,23.925250555369907,0.0145
00e9be89-00000015.jpg,00e9be89-00000100.jpg,orb,2000,1259,23,5,0.2174,0.0183,43.1304,0.0557,0.0184,C:\Users\amit\Project_digital_image_processing__Amit_Alon\outputs\visualizations\task2\degraded_visualizations\motion_blur\level_7\match_00e9be89-00000015__00e9be89-00000100.png,motion_blur,7,17.33805547862615,0.0115
00e9be89-00000100.jpg,00e9be89-00000105.jpg,orb,1259,1328,671,653,0.9732,0.533,19.6274,0.0501,0.0113,,motion_blur,7,20.43370141661745,0.3355
00e9be89-00000105.jpg,00e9be89-00000110.jpg,orb,1328,1344,689,661,0.9594,0.5188,18.479,0.0542,0.0147,,motion_blur,7,20.114242653810884,0.3445
00e9be89-00000110.jpg,00e9be89-00000115.jpg,orb,1344,1368,674,656,0.9733,0.5015,18.5757,0.0521,0.0163,,motion_blur,7,20.14476490047588,0.337
00e9be89-00000115.jpg,00e9be89-00000120.jpg,orb,1368,1328,759,748,0.9855,0.5715,15.8103,0.0501,0.0143,,motion_blur,7,20.19569164856827,0.3795
00e9be89-00000120.jpg,00e9be89-00000125.jpg,orb,1328,1367,488,461,0.9447,0.3675,25.2766,0.0481,0.0141,,motion_blur,7,19.921259217037445,0.244
00e9be89-00000125.jpg,00e9be89-00000130.jpg,orb,1367,1302,557,543,0.9749,0.4278,20.3357,0.048,0.0134,,motion_blur,7,19.76724698590747,0.2785
00e9be89-00000130.jpg,00e9be89-00000135.jpg,orb,1302,1140,618,605,0.979,0.5421,19.1375,0.0449,0.009,,motion_blur,7,20.21311131843879,0.309
00e9be89-00000135.jpg,00e9be89-00000140.jpg,orb,1140,1224,653,633,0.9694,0.5728,19.5008,0.0477,0.0121,,motion_blur,7,20.341781471161,0.3265
00e9be89-00000140.jpg,00e9be89-00000145.jpg,orb,1224,1118,168,126,0.75,0.1503,29.9286,0.0447,0.0127,,motion_blur,7,20.504702746811656,0.084
00e9be89-00000145.jpg,00e9be89-00000150.jpg,orb,1118,1800,15,5,0.3333,0.0134,39.0667,0.052,0.0153,,motion_blur,7,18.301585413696746,0.0075
00e9be89-00000150.jpg,00e9be89-00000160.jpg,orb,1800,1791,24,6,0.25,0.0134,38.125,0.058,0.0247,,motion_blur,7,16.871433759975936,0.012
00e9be89-00000160.jpg,00e9be89-00000165.jpg,orb,1791,1597,20,5,0.25,0.0125,36.4,0.0542,0.0221,,motion_blur,7,18.3485529928016,0.01
00e9be89-00000165.jpg,00e9be89-00000175.jpg,orb,1597,1173,18,6,0.3333,0.0153,34.0556,0.0474,0.0141,,motion_blur,7,19.92086181382728,0.009
00e9be89-00000175.jpg,00e9be89-00000190.jpg,orb,1173,1380,16,6,0.375,0.0136,36.5,0.0521,0.0133,,motion_blur,7,20.805568134023893,0.008
00e9be89-00000190.jpg,00e9be89-00001000.jpg,orb,1380,715,18,7,0.3889,0.0252,40.5556,0.0487,0.0112,,motion_blur,7,23.391341190334103,0.009
00e9be89-00001000.jpg,00e9be89-00001005.jpg,orb,715,472,7,4,0.5714,0.0148,37.4286,0.0405,0.002,,motion_blur,7,27.19261941927254,0.0035
00e9be89-00001005.jpg,00e9be89-00001010.jpg,orb,472,409,13,1,0.0769,0.0318,42.5385,0.0381,0.002,,motion_blur,7,28.009757712746364,0.0065
00e9be89-00001010.jpg,00e9be89-00001015.jpg,orb,409,539,19,7,0.3684,0.0465,39.2105,0.0383,0.0015,,motion_blur,7,28.65937536070456,0.009538152610441768
00e9be89-00001015.jpg,00e9be89-00001020.jpg,orb,539,968,30,10,0.3333,0.0557,38.2333,0.0382,0.0036,,motion_blur,7,27.314287360198044,0.015060240963855422
00e9be89-00001020.jpg,00e9be89-00001025.jpg,orb,968,825,19,7,0.3684,0.023,39.3158,0.044,0.006,,motion_blur,7,26.43587804091267,0.0095
00e9be89-00001025.jpg,00e9be89-00001030.jpg,orb,825,658,17,6,0.3529,0.0258,44.1176,0.0415,0.004,,motion_blur,7,27.750778603057768,0.0085
00e9be89-00001030.jpg,00e9be89-00001035.jpg,orb,658,671,46,22,0.4783,0.0699,36.7174,0.0388,0.004,,motion_blur,7,28.06667697693115,0.023
00e9be89-00001035.jpg,00e9be89-00001040.jpg,orb,671,413,80,56,0.7,0.1937,35.925,0.0346,0.004,,motion_blur,7,28.98771691716106,0.04
00e9be89-00001040.jpg,00e9be89-00001045.jpg,orb,413,453,84,50,0.5952,0.2034,32.8333,0.0389,0.002,,motion_blur,7,29.21548085108156,0.042
00e9be89-00001045.jpg,00e9be89-00001050.jpg,orb,453,514,23,11,0.4783,0.0508,36.5217,0.0395,0.002,,motion_blur,7,29.138443498135928,0.0115
00e9be89-00001050.jpg,00e9be89-00001055.jpg,orb,514,653,34,14,0.4118,0.0661,36.4118,0.039,0.0027,,motion_blur,7,28.64927478664626,0.017
00e9be89-00001055.jpg,00e9be89-00001060.jpg,orb,653,576,64,42,0.6562,0.1111,36.7969,0.0401,0.0037,,motion_blur,7,27.92359446917193,0.032
00e9be89-00001060.jpg,00e9be89-00001065.jpg,orb,576,918,44,31,0.7045,0.0764,37.7273,0.0447,0.005,,motion_blur,7,27.08551237221166,0.022
00e9be89-00001065.jpg,00e9be89-00001070.jpg,orb,918,1106,103,88,0.8544,0.1122,34.5146,0.0453,0.01,,motion_blur,7,25.85150514842745,0.0515
00e9be89-00001070.jpg,00e9be89-00001075.jpg,orb,1106,1343,49,24,0.4898,0.0443,37.9184,0.0473,0.0104,,motion_blur,7,24.34060703762119,0.0245
00e9be89-00001075.jpg,00e9be89-00001080.jpg,orb,1343,685,47,16,0.3404,0.0686,36.3191,0.0448,0.0096,,motion_blur,7,25.55199625782523,0.0235
00e9be89-00001080.jpg,00e9be89-00001090.jpg,orb,685,984,28,18,0.6429,0.0409,35.6429,0.0403,0.006,,motion_blur,7,27.6753082408417,0.014
00e9be89-00001090.jpg,00e9be89-00001095.jpg,orb,984,745,30,18,0.6,0.0403,35.6333,0.0416,0.006,,motion_blur,7,27.46773134788243,0.015
00e9be89-00001095.jpg,00e9be89-00001100.jpg,orb,745,991,42,23,0.5476,0.0564,36.619,0.0398,0.0055,,motion_blur,7,27.08696776169964,0.021
00e9be89-00001100.jpg,00e9be89-00001105.jpg,orb,991,801,26,10,0.3846,0.0325,43.3077,0.0443,0.0076,,motion_blur,7,25.639986300048548,0.013
00e9be89-00001105.jpg,00e9be89-00001115.jpg,orb,801,919,28,11,0.3929,0.035,38.3214,0.0416,0.006,,motion_blur,7,24.990868205502935,0.014
00e9be89-00001115.jpg,00e9be89-00001125.jpg,orb,919,1253,20,8,0.4,0.0218,38.8,0.046,0.0075,,motion_blur,7,24.43735562486588,0.01
00e9be89-00001125.jpg,00e9be89-00001130.jpg,orb,1253,1353,47,21,0.4468,0.0375,37.2979,0.0486,0.0115,,motion_blur,7,23.333144548129592,0.0235
00e9be89-00001130.jpg,00e9be89-00001135.jpg,orb,1353,1045,52,29,0.5577,0.0498,35.6923,0.0467,0.0098,,motion_blur,7,24.632313985174875,0.026
00e9be89-00001135.jpg,00e9be89-00001140.jpg,orb,1045,1193,55,35,0.6364,0.0526,34.5455,0.0471,0.01,,motion_blur,7,25.756858305849768,0.0275
00e9be89-00001140.jpg,00e9be89-00001150.jpg,orb,1193,1281,52,32,0.6154,0.0436,33.7885,0.0497,0.0126,,motion_blur,7,25.72686025223872,0.026
00e9be89-00001150.jpg,00e9be89-00001155.jpg,orb,1281,977,74,43,0.5811,0.0757,33.7432,0.0504,0.0135,,motion_blur,7,26.81169837107684,0.037
00e9be89-00001155.jpg,00e9be89-00001160.jpg,orb,977,1045,73,38,0.5205,0.0747,32.2329,0.045,0.0065,,motion_blur,7,27.117261170083644,0.0365
00e9be89-00001160.jpg,00e9be89-00001165.jpg,orb,1045,1030,19,5,0.2632,0.0184,39.3684,0.0403,0.0098,,motion_blur,7,27.12606017007968,0.0095
00e9be89-00001165.jpg,00e9be89-00001170.jpg,orb,1030,1224,39,16,0.4103,0.0379,34.0,0.0435,0.0103,,motion_blur,7,26.87256357735827,0.0195
00e9be89-00001170.jpg,00e9be89-00001175.jpg,orb,1224,1142,41,20,0.4878,0.0359,36.3415,0.0428,0.0111,,motion_blur,7,26.666853412171587,0.0205
00e9be89-00001175.jpg,00e9be89-00001180.jpg,orb,1142,1300,55,37,0.6727,0.0482,34.1091,0.0451,0.0124,,motion_blur,7,26.55242277123672,0.0275
00e9be89-00001180.jpg,00e9be89-00001185.jpg,orb,1300,1264,43,20,0.4651,0.034,37.0233,0.0463,0.0141,,motion_blur,7,25.9363512248094,0.0215
00e9be89-00001185.jpg,00e9be89-00001190.jpg,orb,1264,1297,28,12,0.4286,0.0222,38.6786,0.0481,0.0103,,motion_blur,7,25.38112831414876,0.014
00e9be89-00001190.jpg,00e9be89-00001195.jpg,orb,1297,1264,23,5,0.2174,0.0182,38.913,0.044,0.0132,,motion_blur,7,22.150312107308032,0.0115
00e9be89-00001195.jpg,00e9be89-00001200.jpg,orb,1264,810,29,9,0.3103,0.0358,37.3448,0.0459,0.008,,motion_blur,7,24.033433290526737,0.01459486663311525
00e9be89-00001200.jpg,00e9be89-00001205.jpg,orb,810,295,34,10,0.2941,0.1153,40.2059,0.0391,0.004,,motion_blur,7,30.14669153709984,0.017111222949169603
00e9be89-00001205.jpg,00e9be89-00001210.jpg,orb,295,783,8,4,0.5,0.0271,36.375,0.0453,0.002,,motion_blur,7,29.974753875249935,0.004008016032064128
00e9be89-00001210.jpg,00e9be89-00001215.jpg,orb,783,731,24,8,0.3333,0.0328,38.6667,0.0394,0.0093,,motion_blur,7,28.657968998402524,0.012
00e9be89-00001215.jpg,00e9be89-00001220.jpg,orb,731,1853,12,5,0.4167,0.0164,37.5,0.0539,0.0091,,motion_blur,7,24.89766703815419,0.006
00e9be89-00001220.jpg,00e9be89-00001225.jpg,orb,1853,943,57,11,0.193,0.0604,43.1404,0.0482,0.0141,,motion_blur,7,24.245369227504277,0.0285
00e9be89-00001225.jpg,00e9be89-00001230.jpg,orb,943,1041,12,4,0.3333,0.0127,40.4167,0.0402,0.0079,,motion_blur,7,27.105655022864813,0.006
00e9be89-00001230.jpg,00e9be89-00001240.jpg,orb,1041,379,48,26,0.5417,0.1266,40.4792,0.0372,0.004,,motion_blur,7,29.121918650763316,0.026388125343595383
00e9be89-00001240.jpg,00e9be89-00001245.jpg,orb,379,1801,32,15,0.4688,0.0844,33.7188,0.0462,0.0035,,motion_blur,7,26.959313508672626,0.017592083562396922
00e9be89-00001245.jpg,00e9be89-00001250.jpg,orb,1801,723,41,11,0.2683,0.0567,42.7317,0.046,0.012,,motion_blur,7,25.07821688644864,0.0205
00e9be89-00001250.jpg,00e9be89-00001255.jpg,orb,723,1333,23,10,0.4348,0.0318,36.0,0.0459,0.008,,motion_blur,7,26.532038158944005,0.0115
00e9be89-00001255.jpg,00e9be89-00001260.jpg,orb,1333,1539,52,21,0.4038,0.039,36.5,0.046,0.0161,,motion_blur,7,25.19568951486649,0.026
00e9be89-00001260.jpg,00e9be89-00001265.jpg,orb,1539,1061,48,30,0.625,0.0452,36.1458,0.048,0.011,,motion_blur,7,24.21091485102784,0.024
00e9be89-00001265.jpg,00e9be89-00001270.jpg,orb,1061,1062,14,2,0.1429,0.0132,46.0,0.0418,0.0082,,motion_blur,7,21.92135998526262,0.007
00e9be89-00001270.jpg,00e9be89-00001275.jpg,orb,1062,1472,10,5,0.5,0.0094,33.3,0.0479,0.0112,,motion_blur,7,20.858497814573184,0.005
00e9be89-00001275.jpg,00e9be89-00001280.jpg,orb,1472,1474,25,5,0.2,0.017,38.88,0.0528,0.0196,,motion_blur,7,20.1492779078964,0.0125
00e9be89-00001280.jpg,00e9be89-00001285.jpg,orb,1474,534,23,6,0.2609,0.0431,40.8261,0.0466,0.008,,motion_blur,7,19.55736512370403,0.0115
00e9be89-00001285.jpg,00e9be89-00001290.jpg,orb,534,874,10,5,0.5,0.0187,39.9,0.0405,0.004,,motion_blur,7,21.490768575873744,0.005
00e9be89-00001290.jpg,00e9be89-00001295.jpg,orb,874,568,19,4,0.2105,0.0335,43.4737,0.0428,0.004,,motion_blur,7,22.701826497883623,0.0095
00e9be89-00001295.jpg,00e9be89-00001305.jpg,orb,568,1461,10,5,0.5,0.0176,39.5,0.0461,0.0084,,motion_blur,7,20.947975792812887,0.005
00e9be89-00001305.jpg,00e9be89-00001310.jpg,orb,1461,1748,14,4,0.2857,0.0096,42.8571,0.0535,0.0184,,motion_blur,7,18.25409630281784,0.007
00e9be89-00001310.jpg,00e9be89-00001315.jpg,orb,1748,1391,20,6,0.3,0.0144,40.95,0.054,0.0183,,motion_blur,7,18.04924658168519,0.01
00e9be89-00001315.jpg,00e9be89-00001325.jpg,orb,1391,872,37,6,0.1622,0.0424,28.9189,0.0466,0.0085,,motion_blur,7,19.15709061372492,0.0185
00e9be89-00001325.jpg,00e9be89-00001330.jpg,orb,872,846,28,8,0.2857,0.0331,34.7857,0.0418,0.006,,motion_blur,7,19.37506391493077,0.014
00e9be89-00001330.jpg,00e9be89-00001335.jpg,orb,846,701,17,5,0.2941,0.0243,33.7059,0.0394,0.006,,motion_blur,7,22.18006481993139,0.0085
00e9be89-00001335.jpg,00e9be89-00001340.jpg,orb,701,734,17,6,0.3529,0.0243,36.4706,0.0419,0.004,,motion_blur,7,24.408678901518016,0.0085
00e9be89-00001340.jpg,00e9be89-00001345.jpg,orb,734,599,12,5,0.4167,0.02,40.4167,0.0365,0.004,,motion_blur,7,24.92328175705585,0.006
00e9be89-00001345.jpg,00e9be89-00001350.jpg,orb,599,491,6,4,0.6667,0.0122,50.5,0.0416,0.0045,,motion_blur,7,25.39836381853506,0.003
00e9be89-00001350.jpg,00e9be89-00001355.jpg,orb,491,792,8,5,0.625,0.0163,44.875,0.0399,0.004,,motion_blur,7,25.386867645090344,0.004
00e9be89-00001355.jpg,00e9be89-00001360.jpg,orb,792,802,11,4,0.3636,0.0139,42.5455,0.0464,0.0047,,motion_blur,7,25.220070049600736,0.0055
00e9be89-00001360.jpg,00e9be89-00001365.jpg,orb,802,711,11,2,0.1818,0.0155,39.7273,0.0416,0.0043,,motion_blur,7,24.411114361292935,0.0055
00e9be89-00001365.jpg,00e9be89-00001370.jpg,orb,711,1103,11,5,0.4545,0.0155,38.1818,0.044,0.006,,motion_blur,7,23.942863855702495,0.0055
00e9be89-00001370.jpg,00e9be89-00001375.jpg,orb,1103,647,126,54,0.4286,0.1947,30.246,0.0439,0.0055,,motion_blur,7,25.281750463225976,0.063
00e9be89-00001375.jpg,00e9be89-00001380.jpg,orb,647,536,126,50,0.3968,0.2351,29.6032,0.039,0.0045,,motion_blur,7,26.96347150730342,0.063
00e9be89-00001380.jpg,00e9be89-00001385.jpg,orb,536,598,88,41,0.4659,0.1642,30.3864,0.0399,0.002,,motion_blur,7,27.094539765116178,0.044
00e9be89-00001385.jpg,00e9be89-00001390.jpg,orb,598,753,26,13,0.5,0.0435,31.1538,0.041,0.002,,motion_blur,7,25.847140066889427,0.013
00e9be89-00001390.jpg,00e9be89-00001395.jpg,orb,753,808,39,18,0.4615,0.0518,30.6667,0.0365,0.006,,motion_blur,7,24.759969127214976,0.0195
00e9be89-00001395.jpg,00e9be89-00001400.jpg,orb,808,901,74,34,0.4595,0.0916,29.2703,0.0425,0.006,,motion_blur,7,24.99387901586479,0.037
00e9be89-00001400.jpg,00e9be89-00001405.jpg,orb,901,1007,59,22,0.3729,0.0655,29.5424,0.0432,0.0081,,motion_blur,7,24.97290660789414,0.0295
00e9be89-00001405.jpg,00e9be89-00001410.jpg,orb,1007,1004,85,37,0.4353,0.0847,30.7765,0.0534,0.006,,motion_blur,7,24.80841263873394,0.0425
00e9be89-00001410.jpg,00e9be89-00001415.jpg,orb,1004,957,121,45,0.3719,0.1264,31.2397,0.0466,0.0081,,motion_blur,7,24.471845127661524,0.0605
00e9be89-00001415.jpg,00e9be89-00001420.jpg,orb,957,1195,61,27,0.4426,0.0637,32.2131,0.0483,0.01,,motion_blur,7,24.02105698755262,0.0305
00e9be89-00001420.jpg,00e9be89-00001425.jpg,orb,1195,1113,86,33,0.3837,0.0773,29.6047,0.0476,0.0127,,motion_blur,7,24.180533742843096,0.043
00e9be89-00001425.jpg,00e9be89-00001430.jpg,orb,1113,1045,85,30,0.3529,0.0813,31.9176,0.0449,0.0078,,motion_blur,7,24.642814953868,0.0425
00e9be89-00001430.jpg,00e9be89-00001440.jpg,orb,1045,1123,16,4,0.25,0.0153,41.5625,0.0456,0.0075,,motion_blur,7,24.089548600767205,0.008
00e9be89-00001440.jpg,00e9be89-00001445.jpg,orb,1123,1201,66,50,0.7576,0.0588,26.6364,0.0477,0.0098,,motion_blur,7,22.39208908158662,0.033
00e9be89-00001445.jpg,00e9be89-00001450.jpg,orb,1201,1040,48,11,0.2292,0.0462,36.5208,0.0462,0.008,,motion_blur,7,22.21402300346697,0.024
00e9be89-00001450.jpg,00e9be89-00001455.jpg,orb,1040,550,64,38,0.5938,0.1164,34.8438,0.0413,0.0062,,motion_blur,7,24.76644137605473,0.032
00e9be89-00001455.jpg,00e9be89-00001460.jpg,orb,550,638,50,33,0.66,0.0909,34.72,0.0397,0.0038,,motion_blur,7,26.526183411797906,0.025
00e9be89-00001460.jpg,00e9be89-00001465.jpg,orb,638,714,72,57,0.7917,0.1129,31.0556,0.0422,0.0031,,motion_blur,7,25.933787597376764,0.036
00e9be89-00001465.jpg,00e9be89-00001470.jpg,orb,714,1080,17,6,0.3529,0.0238,38.6471,0.0453,0.006,,motion_blur,7,25.46349056683755,0.0085
00e9be89-00001470.jpg,00e9be89-00001475.jpg,orb,1080,902,42,18,0.4286,0.0466,37.1905,0.0462,0.0098,,motion_blur,7,25.855626402595377,0.021
00e9be89-00001475.jpg,00e9be89-00001480.jpg,orb,902,929,13,6,0.4615,0.0144,37.5385,0.0531,0.0084,,motion_blur,7,25.4685227689008,0.0065
00e9be89-00001480.jpg,00e9be89-00001485.jpg,orb,929,881,27,11,0.4074,0.0306,40.6667,0.0471,0.0058,,motion_blur,7,26.463296653695654,0.0135
00e9be89-00001485.jpg,00e9be89-00001490.jpg,orb,881,786,30,7,0.2333,0.0382,39.3,0.047,0.008,,motion_blur,7,28.024507079684888,0.015
00e9be89-00001490.jpg,00e9be89-00001495.jpg,orb,786,731,237,215,0.9072,0.3242,18.0464,0.0437,0.004,,motion_blur,7,27.966445759589497,0.1185
00e9be89-00001495.jpg,00e9be89-00001500.jpg,orb,731,817,315,299,0.9492,0.4309,15.6794,0.0449,0.006,,motion_blur,7,27.80374556249646,0.1575
00e9be89-00001500.jpg,00e9be89-00001505.jpg,orb,817,913,142,98,0.6901,0.1738,23.5493,0.0436,0.005,,motion_blur,7,27.461822923467345,0.071
00e9be89-00001505.jpg,00e9be89-00001510.jpg,orb,913,918,35,10,0.2857,0.0383,39.1429,0.0449,0.0084,,motion_blur,7,27.25329951634613,0.0175
00e9be89-00001510.jpg,00e9be89-00001515.jpg,orb,918,1037,40,13,0.325,0.0436,38.025,0.044,0.0079,,motion_blur,7,26.790476903307862,0.02
00e9be89-00001515.jpg,00e9be89-00001520.jpg,orb,1037,1027,16,7,0.4375,0.0156,41.3125,0.0441,0.008,,motion_blur,7,25.13092776221549,0.008
00e9be89-00001520.jpg,00e9be89-00001525.jpg,orb,1027,1582,36,21,0.5833,0.0351,27.1111,0.0467,0.0123,,motion_blur,7,22.423375275138064,0.018
00e9be89-00001525.jpg,00e9be89-00001535.jpg,orb,1582,1289,31,7,0.2258,0.024,39.6452,0.0494,0.016,,motion_blur,7,22.140057829498005,0.0155
00e9be89-00001535.jpg,00e9be89-00001540.jpg,orb,1289,1003,16,3,0.1875,0.016,43.4375,0.0426,0.0109,,motion_blur,7,22.16740489720513,0.008
00e9be89-00001540.jpg,00e9be89-00001545.jpg,orb,1003,1047,8,4,0.5,0.008,39.875,0.0492,0.0124,,motion_blur,7,21.328281091635063,0.004
00e9be89-00001545.jpg,00e9be89-00001550.jpg,orb,1047,654,168,102,0.6071,0.2569,27.0833,0.0473,0.006,,motion_blur,7,21.84078965605046,0.084
00e9be89-00001550.jpg,00e9be89-00001555.jpg,orb,654,978,147,135,0.9184,0.2248,16.932,0.043,0.0077,,motion_blur,7,21.7626211877022,0.0735
00e9be89-00001555.jpg,00e9be89-00001560.jpg,orb,978,567,151,133,0.8808,0.2663,21.8146,0.0411,0.006,,motion_blur,7,22.09450450620441,0.0755
00e9be89-00001560.jpg,00e9be89-00001565.jpg,orb,567,664,126,107,0.8492,0.2222,21.7143,0.0441,0.002,,motion_blur,7,22.62938326420161,0.063
00e9be89-00001565.jpg,00e9be89-00001570.jpg,orb,664,1238,44,23,0.5227,0.0663,29.7045,0.0423,0.0081,,motion_blur,7,22.79332695094349,0.022
00e9be89-00001570.jpg,00e9be89-00001575.jpg,orb,1238,1321,36,17,0.4722,0.0291,34.4444,0.0479,0.0145,,motion_blur,7,22.244546599769254,0.018
00e9be89-00001575.jpg,00e9be89-00001580.jpg,orb,1321,1357,90,48,0.5333,0.0681,30.5222,0.0486,0.0119,,motion_blur,7,21.404000255834436,0.045
00e9be89-00001580.jpg,00e9be89-00001585.jpg,orb,1357,1464,73,23,0.3151,0.0538,32.3699,0.0521,0.0143,,motion_blur,7,20.514983285388013,0.0365
00e9be89-00001585.jpg,00e9be89-00001590.jpg,orb,1464,834,41,17,0.4146,0.0492,36.6098,0.0414,0.0106,,motion_blur,7,20.70807228852449,0.0205
00e9be89-00001590.jpg,00e9be89-00001595.jpg,orb,834,1062,21,6,0.2857,0.0252,38.1905,0.0429,0.0072,,motion_blur,7,21.44771643807687,0.0105
00e9be89-00001595.jpg,00e9be89-00001600.jpg,orb,1062,1235,20,6,0.3,0.0188,39.9,0.0458,0.01,,motion_blur,7,21.125948800019813,0.01
00e9be89-00001600.jpg,00e9be89-00001605.jpg,orb,1235,1206,120,64,0.5333,0.0995,31.075,0.0432,0.01,,motion_blur,7,20.748448141165063,0.06
00e9be89-00001605.jpg,00e9be89-00001610.jpg,orb,1206,1234,16,5,0.3125,0.0133,42.3125,0.053,0.0144,,motion_blur,7,21.327260752851632,0.008
00e9be89-00001610.jpg,00e9be89-00001620.jpg,orb,1234,1083,19,5,0.2632,0.0175,41.3158,0.0476,0.0123,,motion_blur,7,21.828726252172217,0.0095
00e9be89-00001620.jpg,00e9be89-00001625.jpg,orb,1083,1196,26,10,0.3846,0.024,36.1923,0.048,0.0116,,motion_blur,7,22.182220289285176,0.013
00e9be89-00001625.jpg,00e9be89-00001630.jpg,orb,1196,1153,41,10,0.2439,0.0356,36.4878,0.0419,0.0105,,motion_blur,7,23.05618571615654,0.0205
00e9be89-00001630.jpg,00e9be89-00001635.jpg,orb,1153,1729,19,6,0.3158,0.0165,36.5263,0.0464,0.0141,,motion_blur,7,22.03157308210962,0.0095
00e9be89-00001635.jpg,00e9be89-00001640.jpg,orb,1729,1253,44,7,0.1591,0.0351,38.0682,0.0498,0.0161,,motion_blur,7,20.33559412134202,0.022
00e9be89-00001640.jpg,00e9be89-00001645.jpg,orb,1253,1483,23,6,0.2609,0.0184,33.6087,0.044,0.013,,motion_blur,7,18.71877659660758,0.0115
00e9be89-00001645.jpg,00e9be89-00001650.jpg,orb,1483,1695,39,4,0.1026,0.0263,29.7436,0.0518,0.0188,,motion_blur,7,17.98712923408364,0.0195
00e9be89-00001650.jpg,00e9be89-00001655.jpg,orb,1695,1786,25,7,0.28,0.0147,35.6,0.0484,0.025,,motion_blur,7,18.276002713785417,0.0125
00e9be89-00001655.jpg,00e9be89-00001665.jpg,orb,1786,1510,18,5,0.2778,0.0119,43.4444,0.0513,0.0193,,motion_blur,7,19.94059781133463,0.009
00e9be89-00001665.jpg,00e9be89-00001670.jpg,orb,1510,1127,24,8,0.3333,0.0213,42.0833,0.0484,0.0158,,motion_blur,7,22.838707730547547,0.012
00e9be89-00001670.jpg,00e9be89-00001675.jpg,orb,1127,1263,32,0,0.0,0.0284,33.9375,0.0481,0.013,,motion_blur,7,22.70657314337349,0.016
00e9be89-00001675.jpg,00e9be89-00001680.jpg,orb,1263,1290,22,10,0.4545,0.0174,32.0909,0.0479,0.012,,motion_blur,7,21.39239835939865,0.011
00e9be89-00001680.jpg,00e9be89-00001685.jpg,orb,1290,1932,13,4,0.3077,0.0101,32.1538,0.05,0.0194,,motion_blur,7,20.374605035895577,0.0065
00e9be89-00001685.jpg,00e9be89-00001690.jpg,orb,1932,1815,23,6,0.2609,0.0127,32.087,0.0558,0.0259,,motion_blur,7,21.54615645432871,0.0115
00e9be89-00001690.jpg,00e9be89-00001695.jpg,orb,1815,949,44,10,0.2273,0.0464,39.8409,0.0465,0.0137,,motion_blur,7,24.78427197747038,0.022
00e9be89-00001695.jpg,00e9be89-00001705.jpg,orb,949,804,18,8,0.4444,0.0224,39.3889,0.0452,0.008,,motion_blur,7,25.405248926483555,0.009
00e9be89-00001705.jpg,00e9be89-00001710.jpg,orb,804,788,61,43,0.7049,0.0774,35.7705,0.0398,0.0072,,motion_blur,7,25.429297026748703,0.0305
00e9be89-00001710.jpg,00e9be89-00001715.jpg,orb,788,963,23,11,0.4783,0.0292,37.3043,0.0394,0.008,,motion_blur,7,25.29075996305321,0.0115
00e9be89-00001715.jpg,00e9be89-00001720.jpg,orb,963,646,61,43,0.7049,0.0944,35.082,0.0423,0.006,,motion_blur,7,25.58422805947279,0.030561122244488977
00e9be89-00001720.jpg,00e9be89-00001725.jpg,orb,646,746,41,30,0.7317,0.0635,36.0488,0.0389,0.0055,,motion_blur,7,26.46455804065141,0.020541082164328657
00e9be89-00001725.jpg,00e9be89-00001730.jpg,orb,746,751,38,27,0.7105,0.0509,30.4474,0.041,0.004,,motion_blur,7,26.10887379550873,0.019
00e9be89-00001730.jpg,00e9be89-00001740.jpg,orb,751,957,17,7,0.4118,0.0226,32.8235,0.0421,0.0079,,motion_blur,7,25.30394082174317,0.0085
00e9be89-00001740.jpg,00e9be89-00001745.jpg,orb,957,1760,11,5,0.4545,0.0115,42.4545,0.059,0.012,,motion_blur,7,21.47765386602433,0.0055
00e9be89-00001745.jpg,00e9be89-00001750.jpg,orb,1760,643,27,8,0.2963,0.042,41.5926,0.0498,0.0097,,motion_blur,7,20.664386585235995,0.0135
00e9be89-00001750.jpg,00e9be89-00001755.jpg,orb,643,1028,37,20,0.5405,0.0575,35.7027,0.0411,0.006,,motion_blur,7,24.11646383707002,0.0185
00e9be89-00001755.jpg,00e9be89-00001760.jpg,orb,1028,1240,33,20,0.6061,0.0321,35.5455,0.0452,0.0104,,motion_blur,7,24.233378268376708,0.0165
00e9be89-00001760.jpg,00e9be89-00001765.jpg,orb,1240,529,30,17,0.5667,0.0567,37.2667,0.044,0.006,,motion_blur,7,23.36914280504772,0.015
00e9be89-00001765.jpg,00e9be89-00001770.jpg,orb,529,822,13,9,0.6923,0.0246,38.7692,0.0411,0.004,,motion_blur,7,23.323831557026068,0.0065
00e9be89-00001770.jpg,00e9be89-00001775.jpg,orb,822,1027,35,20,0.5714,0.0426,34.2857,0.0418,0.0062,,motion_blur,7,23.28631338883052,0.0175
00e9be89-00001775.jpg,00e9be89-00001780.jpg,orb,1027,1359,29,13,0.4483,0.0282,33.9655,0.044,0.0125,,motion_blur,7,23.05684014324145,0.0145
00e9be89-00001780.jpg,00e9be89-00001785.jpg,orb,1359,1178,35,16,0.4571,0.0297,37.3143,0.0443,0.013,,motion_blur,7,23.569463332865396,0.0175
00e9be89-00001785.jpg,00e9be89-00001795.jpg,orb,1178,654,46,19,0.413,0.0703,37.8261,0.0457,0.006,,motion_blur,7,24.51298097094551,0.023
00e9be89-00001795.jpg,00e9be89-00001800.jpg,orb,654,830,286,273,0.9545,0.4373,17.9545,0.0437,0.0032,,motion_blur,7,25.04175060527639,0.143
00e9be89-00001800.jpg,00e9be89-00001810.jpg,orb,830,711,110,43,0.3909,0.1547,33.1182,0.0422,0.0058,,motion_blur,7,25.07622092592628,0.055
00e9be89-00001810.jpg,00e9be89-00001815.jpg,orb,711,1117,56,33,0.5893,0.0788,31.1964,0.0418,0.004,,motion_blur,7,24.48565215887788,0.028
00e9be89-00001815.jpg,00e9be89-00001820.jpg,orb,1117,954,26,10,0.3846,0.0273,39.5385,0.0503,0.0105,,motion_blur,7,24.978431364455396,0.013
00e9be89-00001820.jpg,00e9be89-00001825.jpg,orb,954,1107,38,12,0.3158,0.0398,37.0789,0.0457,0.008,,motion_blur,7,25.251654525028734,0.019
00e9be89-00001825.jpg,00e9be89-00001830.jpg,orb,1107,1323,31,10,0.3226,0.028,37.0968,0.0454,0.0123,,motion_blur,7,23.688867931109456,0.0155
00e9be89-00001830.jpg,00e9be89-00001840.jpg,orb,1323,1059,30,7,0.2333,0.0283,37.8333,0.0423,0.0099,,motion_blur,7,22.26866350655244,0.015
00e9be89-00001840.jpg,00e9be89-00001845.jpg,orb,1059,1166,583,564,0.9674,0.5505,15.6175,0.048,0.0098,,motion_blur,7,21.763273155710635,0.2915
00e9be89-00001845.jpg,00e9be89-00001865.jpg,orb,1166,1206,518,497,0.9595,0.4443,17.4942,0.044,0.01,,motion_blur,7,21.61794713472107,0.259
00e9be89-00001865.jpg,00e9be89-00001870.jpg,orb,1206,1219,557,540,0.9695,0.4619,17.6212,0.0452,0.0124,,motion_blur,7,21.686512413988783,0.2785
00e9be89-00001870.jpg,00e9be89-00001875.jpg,orb,1219,1184,523,513,0.9809,0.4417,14.8489,0.0468,0.0111,,motion_blur,7,21.78913878586567,0.2615
00e9be89-00001875.jpg,00e9be89-00001885.jpg,orb,1184,1140,548,532,0.9708,0.4807,17.4088,0.0493,0.0096,,motion_blur,7,21.7793914144288,0.274
00e9be89-00001885.jpg,00e9be89-00001890.jpg,orb,1140,1155,600,581,0.9683,0.5263,15.3217,0.0459,0.0102,,motion_blur,7,21.70454413094653,0.3
00e9be89-00001890.jpg,00e9be89-00001895.jpg,orb,1155,1088,537,519,0.9665,0.4936,14.8045,0.0478,0.008,,motion_blur,7,21.68696264268965,0.2685
00e9be89-00001895.jpg,00e9be89-00001900.jpg,orb,1088,1150,568,550,0.9683,0.5221,15.7887,0.0439,0.0077,,motion_blur,7,21.760233567082288,0.284
00e9be89-00001900.jpg,00e9be89-00001905.jpg,orb,1150,1000,209,119,0.5694,0.209,27.8325,0.0452,0.0109,,motion_blur,7,22.36439948721364,0.1045
00e9be89-00001905.jpg,00e9be89-00001915.jpg,orb,1000,861,29,9,0.3103,0.0337,35.8966,0.0411,0.008,,motion_blur,7,23.54087422953498,0.0145
00e9be89-00000015.jpg,00e9be89-00000100.jpg,orb,1752,917,17,5,0.2941,0.0185,41.8824,0.0545,0.0119,C:\Users\amit\Project_digital_image_processing__Amit_Alon\outputs\visualizations\task2\degraded_visualizations\motion_blur\level_8\match_00e9be89-00000015__00e9be89-00000100.png,motion_blur,8,16.736571102432386,0.0085
00e9be89-00000100.jpg,00e9be89-00000105.jpg,orb,917,932,493,479,0.9716,0.5376,19.2211,0.0436,0.0072,,motion_blur,8,19.70828626535724,0.2465
00e9be89-00000105.jpg,00e9be89-00000110.jpg,orb,932,1003,498,485,0.9739,0.5343,17.4398,0.0464,0.0078,,motion_blur,8,19.41215566322057,0.249
00e9be89-00000110.jpg,00e9be89-00000115.jpg,orb,1003,983,534,514,0.9625,0.5432,18.2154,0.0444,0.0064,,motion_blur,8,19.43346375235736,0.267
00e9be89-00000115.jpg,00e9be89-00000120.jpg,orb,983,954,569,553,0.9719,0.5964,16.5641,0.0432,0.0075,,motion_blur,8,19.486543487762148,0.2845
00e9be89-00000120.jpg,00e9be89-00000125.jpg,orb,954,1038,372,352,0.9462,0.3899,24.75,0.0388,0.0062,,motion_blur,8,19.18519872051739,0.186
00e9be89-00000125.jpg,00e9be89-00000130.jpg,orb,1038,970,442,412,0.9321,0.4557,19.6833,0.0446,0.0104,,motion_blur,8,19.02491855423278,0.221
00e9be89-00000130.jpg,00e9be89-00000135.jpg,orb,970,820,469,461,0.9829,0.572,17.6652,0.0417,0.0072,,motion_blur,8,19.488264132566044,0.2345
00e9be89-00000135.jpg,00e9be89-00000140.jpg,orb,820,842,489,470,0.9611,0.5963,18.1166,0.0425,0.005,,motion_blur,8,19.635943337467506,0.2445
00e9be89-00000140.jpg,00e9be89-00000145.jpg,orb,842,781,130,95,0.7308,0.1665,32.6,0.0442,0.004,,motion_blur,8,19.773477974609957,0.065
00e9be89-00000145.jpg,00e9be89-00000150.jpg,orb,781,1421,11,5,0.4545,0.0141,38.9091,0.0453,0.0092,,motion_blur,8,17.57278851935127,0.0055
00e9be89-00000150.jpg,00e9be89-00000160.jpg,orb,1421,1412,19,5,0.2632,0.0135,38.5789,0.0477,0.0129,,motion_blur,8,16.173477966202128,0.0095
00e9be89-00000160.jpg,00e9be89-00000165.jpg,orb,1412,1176,20,4,0.2,0.017,36.05,0.0496,0.0139,,motion_blur,8,17.66826813644232,0.01
00e9be89-00000165.jpg,00e9be89-00000175.jpg,orb,1176,817,18,5,0.2778,0.022,39.9444,0.0468,0.0068,,motion_blur,8,19.28091640842701,0.009
00e9be89-00000175.jpg,00e9be89-00000190.jpg,orb,817,896,4,4,1.0,0.0049,34.0,0.0402,0.006,,motion_blur,8,20.16792754990341,0.002
00e9be89-00000190.jpg,00e9be89-00001000.jpg,orb,896,497,9,4,0.4444,0.0181,42.6667,0.0416,0.004,,motion_blur,8,22.646795177826405,0.0045
00e9be89-00001000.jpg,00e9be89-00001005.jpg,orb,497,310,4,4,1.0,0.0129,55.25,0.0337,0.002,,motion_blur,8,26.229601657996817,0.002
00e9be89-00001005.jpg,00e9be89-00001010.jpg,orb,310,229,5,4,0.8,0.0218,46.8,0.0381,0.0,,motion_blur,8,27.092083271898687,0.0025
00e9be89-00001010.jpg,00e9be89-00001015.jpg,orb,229,332,15,8,0.5333,0.0655,40.8667,0.0355,0.002,,motion_blur,8,27.85133320047806,0.007530120481927711
00e9be89-00001015.jpg,00e9be89-00001020.jpg,orb,332,673,16,7,0.4375,0.0482,36.5,0.0383,0.002,,motion_blur,8,26.514779447449293,0.008032128514056224
00e9be89-00001020.jpg,00e9be89-00001025.jpg,orb,673,570,20,7,0.35,0.0351,42.25,0.0352,0.004,,motion_blur,8,25.64118263760168,0.01
00e9be89-00001025.jpg,00e9be89-00001030.jpg,orb,570,430,25,8,0.32,0.0581,44.4,0.0353,0.004,,motion_blur,8,26.915122921575907,0.0125
00e9be89-00001030.jpg,00e9be89-00001035.jpg,orb,430,469,25,11,0.44,0.0581,42.0,0.0378,0.0021,,motion_blur,8,27.261416196631597,0.0125
00e9be89-00001035.jpg,00e9be89-00001040.jpg,orb,469,285,55,29,0.5273,0.193,37.4182,0.0371,0.0,,motion_blur,8,28.17084017322562,0.0275
00e9be89-00001040.jpg,00e9be89-00001045.jpg,orb,285,318,67,38,0.5672,0.2351,35.2239,0.0364,0.0,,motion_blur,8,28.399830351164766,0.0335
00e9be89-00001045.jpg,00e9be89-00001050.jpg,orb,318,337,28,20,0.7143,0.0881,37.1071,0.0399,0.0,,motion_blur,8,28.32572488497869,0.014
00e9be89-00001050.jpg,00e9be89-00001055.jpg,orb,337,386,19,16,0.8421,0.0564,38.8947,0.0386,0.002,,motion_blur,8,27.887423985912505,0.0095
00e9be89-00001055.jpg,00e9be89-00001060.jpg,orb,386,344,51,29,0.5686,0.1483,36.0196,0.0393,0.0,,motion_blur,8,27.248942383524778,0.0255
00e9be89-00001060.jpg,00e9be89-00001065.jpg,orb,344,600,34,25,0.7353,0.0988,36.2353,0.0389,0.002,,motion_blur,8,26.349392822930824,0.017
00e9be89-00001065.jpg,00e9be89-00001070.jpg,orb,600,780,74,54,0.7297,0.1233,34.2297,0.0402,0.004,,motion_blur,8,25.071079901569245,0.037
00e9be89-00001070.jpg,00e9be89-00001075.jpg,orb,780,973,39,18,0.4615,0.05,37.0256,0.0481,0.004,,motion_blur,8,23.608318051013647,0.0195
00e9be89-00001075.jpg,00e9be89-00001080.jpg,orb,973,489,40,16,0.4,0.0818,39.775,0.0401,0.004,,motion_blur,8,24.75951643435478,0.02
00e9be89-00001080.jpg,00e9be89-00001090.jpg,orb,489,698,18,12,0.6667,0.0368,38.8333,0.0397,0.002,,motion_blur,8,26.84850835478168,0.009
00e9be89-00001090.jpg,00e9be89-00001095.jpg,orb,698,449,32,22,0.6875,0.0713,38.4688,0.0381,0.0021,,motion_blur,8,26.736479028652774,0.016
00e9be89-00001095.jpg,00e9be89-00001100.jpg,orb,449,613,35,19,0.5429,0.078,36.6286,0.0364,0.002,,motion_blur,8,26.36523159939886,0.0175
00e9be89-00001100.jpg,00e9be89-00001105.jpg,orb,613,553,23,7,0.3043,0.0416,41.5217,0.0361,0.002,,motion_blur,8,24.85120589882422,0.0115
00e9be89-00001105.jpg,00e9be89-00001115.jpg,orb,553,587,11,5,0.4545,0.0199,46.1818,0.0402,0.002,,motion_blur,8,24.27618567964403,0.0055
00e9be89-00001115.jpg,00e9be89-00001125.jpg,orb,587,847,11,4,0.3636,0.0187,40.3636,0.0388,0.0037,,motion_blur,8,23.78738773117339,0.0055
00e9be89-00001125.jpg,00e9be89-00001130.jpg,orb,847,1034,25,17,0.68,0.0295,34.28,0.0521,0.0127,,motion_blur,8,22.565900639094306,0.0125
00e9be89-00001130.jpg,00e9be89-00001135.jpg,orb,1034,736,50,31,0.62,0.0679,34.2,0.0522,0.007,,motion_blur,8,23.789243612685944,0.025
00e9be89-00001135.jpg,00e9be89-00001140.jpg,orb,736,783,37,24,0.6486,0.0503,34.7297,0.0441,0.0065,,motion_blur,8,24.990539590402264,0.0185
00e9be89-00001140.jpg,00e9be89-00001150.jpg,orb,783,932,29,19,0.6552,0.037,32.4828,0.0429,0.007,,motion_blur,8,25.02856571133266,0.0145
00e9be89-00001150.jpg,00e9be89-00001155.jpg,orb,932,701,50,24,0.48,0.0713,34.2,0.0442,0.0055,,motion_blur,8,26.10789188714157,0.025
00e9be89-00001155.jpg,00e9be89-00001160.jpg,orb,701,691,74,30,0.4054,0.1071,33.7973,0.0385,0.004,,motion_blur,8,26.36255750728791,0.037
00e9be89-00001160.jpg,00e9be89-00001165.jpg,orb,691,661,17,2,0.1176,0.0257,43.0,0.0392,0.0037,,motion_blur,8,26.347259151564668,0.0085
00e9be89-00001165.jpg,00e9be89-00001170.jpg,orb,661,726,36,15,0.4167,0.0545,40.0,0.0369,0.0044,,motion_blur,8,26.128012961730185,0.018
00e9be89-00001170.jpg,00e9be89-00001175.jpg,orb,726,816,16,12,0.75,0.022,33.25,0.0413,0.0065,,motion_blur,8,25.956380341056207,0.008
00e9be89-00001175.jpg,00e9be89-00001180.jpg,orb,816,920,31,18,0.5806,0.038,35.7097,0.0424,0.0058,,motion_blur,8,25.85150818000437,0.0155
00e9be89-00001180.jpg,00e9be89-00001185.jpg,orb,920,908,35,13,0.3714,0.0385,37.6857,0.0434,0.0065,,motion_blur,8,25.21537271900256,0.0175
00e9be89-00001185.jpg,00e9be89-00001190.jpg,orb,908,945,24,9,0.375,0.0264,36.75,0.0411,0.0079,,motion_blur,8,24.696564380197355,0.012
00e9be89-00001190.jpg,00e9be89-00001195.jpg,orb,945,852,14,5,0.3571,0.0164,43.0714,0.0396,0.0055,,motion_blur,8,21.444688632377776,0.007
00e9be89-00001195.jpg,00e9be89-00001200.jpg,orb,852,564,22,5,0.2273,0.039,44.5455,0.0404,0.0042,,motion_blur,8,23.22310337171397,0.011071967790639155
00e9be89-00001200.jpg,00e9be89-00001205.jpg,orb,564,213,34,14,0.4118,0.1596,39.1765,0.0363,0.002,,motion_blur,8,29.189790695521182,0.017111222949169603
00e9be89-00001205.jpg,00e9be89-00001210.jpg,orb,213,528,4,4,1.0,0.0188,41.25,0.0407,0.0022,,motion_blur,8,28.99834700423475,0.002004008016032064
00e9be89-00001210.jpg,00e9be89-00001215.jpg,orb,528,497,12,6,0.5,0.0241,44.9167,0.0422,0.002,,motion_blur,8,27.822349810960144,0.006
00e9be89-00001215.jpg,00e9be89-00001220.jpg,orb,497,1365,7,4,0.5714,0.0141,44.5714,0.0427,0.007,,motion_blur,8,24.281413720737437,0.0035
00e9be89-00001220.jpg,00e9be89-00001225.jpg,orb,1365,681,34,7,0.2059,0.0499,41.7059,0.0429,0.0103,,motion_blur,8,23.621509929886823,0.017
00e9be89-00001225.jpg,00e9be89-00001230.jpg,orb,681,716,6,4,0.6667,0.0088,45.0,0.0409,0.007,,motion_blur,8,26.355286110494088,0.003
00e9be89-00001230.jpg,00e9be89-00001240.jpg,orb,716,260,37,19,0.5135,0.1423,35.6486,0.0375,0.002,,motion_blur,8,28.27934536258829,0.02034084661902144
00e9be89-00001240.jpg,00e9be89-00001245.jpg,orb,260,1482,24,10,0.4167,0.0923,34.125,0.0432,0.0019,,motion_blur,8,26.19182303348649,0.013194062671797692
00e9be89-00001245.jpg,00e9be89-00001250.jpg,orb,1482,439,42,12,0.2857,0.0957,43.3571,0.0437,0.0068,,motion_blur,8,24.428563238268403,0.021
00e9be89-00001250.jpg,00e9be89-00001255.jpg,orb,439,805,28,17,0.6071,0.0638,35.6786,0.0377,0.003,,motion_blur,8,25.823734528360724,0.014
00e9be89-00001255.jpg,00e9be89-00001260.jpg,orb,805,1047,36,18,0.5,0.0447,34.9444,0.043,0.0084,,motion_blur,8,24.483606010496917,0.018
00e9be89-00001260.jpg,00e9be89-00001265.jpg,orb,1047,661,21,13,0.619,0.0318,32.7619,0.0439,0.007,,motion_blur,8,23.49707568849869,0.0105
00e9be89-00001265.jpg,00e9be89-00001270.jpg,orb,661,672,6,4,0.6667,0.0091,46.0,0.0411,0.004,,motion_blur,8,21.17728630322906,0.003
00e9be89-00001270.jpg,00e9be89-00001275.jpg,orb,672,797,11,4,0.3636,0.0164,36.0,0.0428,0.0058,,motion_blur,8,20.16968218704908,0.0055
00e9be89-00001275.jpg,00e9be89-00001280.jpg,orb,797,1070,13,4,0.3077,0.0163,40.8462,0.0467,0.0088,,motion_blur,8,19.570378444803406,0.0065
00e9be89-00001280.jpg,00e9be89-00001285.jpg,orb,1070,293,30,6,0.2,0.1024,38.1333,0.0411,0.002,,motion_blur,8,18.93033886342147,0.015
00e9be89-00001285.jpg,00e9be89-00001290.jpg,orb,293,470,17,11,0.6471,0.058,39.2353,0.0397,0.0,,motion_blur,8,20.845391933714595,0.0085
00e9be89-00001290.jpg,00e9be89-00001295.jpg,orb,470,365,12,6,0.5,0.0329,41.9167,0.0396,0.002,,motion_blur,8,22.00591141689806,0.006
00e9be89-00001295.jpg,00e9be89-00001305.jpg,orb,365,1083,4,4,1.0,0.011,42.25,0.0415,0.004,,motion_blur,8,20.19028426212473,0.002
00e9be89-00001305.jpg,00e9be89-00001310.jpg,orb,1083,1400,14,5,0.3571,0.0129,36.1429,0.0481,0.0104,,motion_blur,8,17.647222240018774,0.007
00e9be89-00001310.jpg,00e9be89-00001315.jpg,orb,1400,1107,21,6,0.2857,0.019,42.0476,0.0487,0.012,,motion_blur,8,17.301023866085423,0.0105
00e9be89-00001315.jpg,00e9be89-00001325.jpg,orb,1107,605,51,12,0.2353,0.0843,32.098,0.0419,0.0055,,motion_blur,8,18.13054433316728,0.0255
00e9be89-00001325.jpg,00e9be89-00001330.jpg,orb,605,624,13,6,0.4615,0.0215,32.3846,0.0354,0.0037,,motion_blur,8,18.319789493263325,0.0065
00e9be89-00001330.jpg,00e9be89-00001335.jpg,orb,624,424,6,4,0.6667,0.0142,39.6667,0.0394,0.002,,motion_blur,8,21.27055951224567,0.003
00e9be89-00001335.jpg,00e9be89-00001340.jpg,orb,424,456,6,4,0.6667,0.0142,38.8333,0.0342,0.0019,,motion_blur,8,23.649450234950383,0.003
00e9be89-00001340.jpg,00e9be89-00001345.jpg,orb,456,374,10,5,0.5,0.0267,41.2,0.0338,0.0032,,motion_blur,8,24.101460405883145,0.005
00e9be89-00001345.jpg,00e9be89-00001350.jpg,orb,374,288,2,0,0.0,0.0069,34.5,0.0367,0.0,,motion_blur,8,24.550362236012298,0.001
00e9be89-00001350.jpg,00e9be89-00001355.jpg,orb,288,496,6,4,0.6667,0.0208,46.8333,0.0347,0.0022,,motion_blur,8,24.596945169035944,0.003
00e9be89-00001355.jpg,00e9be89-00001360.jpg,orb,496,540,10,5,0.5,0.0202,46.2,0.0387,0.0041,,motion_blur,8,24.396828262840074,0.005
00e9be89-00001360.jpg,00e9be89-00001365.jpg,orb,540,398,14,5,0.3571,0.0352,46.3571,0.0381,0.0021,,motion_blur,8,23.55189571353073,0.007
00e9be89-00001365.jpg,00e9be89-00001370.jpg,orb,398,687,9,6,0.6667,0.0226,38.5556,0.0377,0.002,,motion_blur,8,23.16301845837689,0.0045
00e9be89-00001370.jpg,00e9be89-00001375.jpg,orb,687,376,102,44,0.4314,0.2713,31.4216,0.0415,0.0026,,motion_blur,8,24.398191409786325,0.051
00e9be89-00001375.jpg,00e9be89-00001380.jpg,orb,376,366,68,33,0.4853,0.1858,27.6618,0.0356,0.0015,,motion_blur,8,25.91543176390152,0.034
00e9be89-00001380.jpg,00e9be89-00001385.jpg,orb,366,388,54,18,0.3333,0.1475,30.5556,0.038,0.0015,,motion_blur,8,26.03449332841828,0.027
00e9be89-00001385.jpg,00e9be89-00001390.jpg,orb,388,521,17,8,0.4706,0.0438,33.3529,0.038,0.002,,motion_blur,8,24.80101034970732,0.0085
00e9be89-00001390.jpg,00e9be89-00001395.jpg,orb,521,541,31,13,0.4194,0.0595,29.871,0.0347,0.002,,motion_blur,8,23.65084862382156,0.0155
00e9be89-00001395.jpg,00e9be89-00001400.jpg,orb,541,660,50,23,0.46,0.0924,31.48,0.0381,0.002,,motion_blur,8,23.82712172632014,0.025
00e9be89-00001400.jpg,00e9be89-00001405.jpg,orb,660,687,50,22,0.44,0.0758,32.02,0.0429,0.0038,,motion_blur,8,23.82023113716739,0.025
00e9be89-00001405.jpg,00e9be89-00001410.jpg,orb,687,764,60,24,0.4,0.0873,32.05,0.0392,0.006,,motion_blur,8,23.703952970914827,0.03
00e9be89-00001410.jpg,00e9be89-00001415.jpg,orb,764,734,85,30,0.3529,0.1158,28.5647,0.0405,0.004,,motion_blur,8,23.37915068989552,0.0425
00e9be89-00001415.jpg,00e9be89-00001420.jpg,orb,734,918,56,21,0.375,0.0763,32.2143,0.0433,0.0064,,motion_blur,8,22.87932533078944,0.028
00e9be89-00001420.jpg,00e9be89-00001425.jpg,orb,918,881,62,29,0.4677,0.0704,31.7581,0.0472,0.0063,,motion_blur,8,23.045568859503486,0.031
00e9be89-00001425.jpg,00e9be89-00001430.jpg,orb,881,765,65,16,0.2462,0.085,36.9385,0.043,0.006,,motion_blur,8,23.53158106846025,0.0325
00e9be89-00001430.jpg,00e9be89-00001440.jpg,orb,765,883,13,6,0.4615,0.017,40.2308,0.0419,0.0064,,motion_blur,8,23.0775022249615,0.0065
00e9be89-00001440.jpg,00e9be89-00001445.jpg,orb,883,926,56,37,0.6607,0.0634,32.125,0.0446,0.0078,,motion_blur,8,21.546001406806496,0.028
00e9be89-00001445.jpg,00e9be89-00001450.jpg,orb,926,789,24,9,0.375,0.0304,35.4167,0.0446,0.006,,motion_blur,8,21.27333937811328,0.012
00e9be89-00001450.jpg,00e9be89-00001455.jpg,orb,789,379,52,25,0.4808,0.1372,37.9423,0.041,0.0021,,motion_blur,8,23.689870771183173,0.026
00e9be89-00001455.jpg,00e9be89-00001460.jpg,orb,379,443,41,25,0.6098,0.1082,40.6829,0.0361,0.001,,motion_blur,8,25.48977309024229,0.0205
00e9be89-00001460.jpg,00e9be89-00001465.jpg,orb,443,496,57,40,0.7018,0.1287,34.1228,0.0334,0.002,,motion_blur,8,24.90784599996291,0.0285
00e9be89-00001465.jpg,00e9be89-00001470.jpg,orb,496,854,13,6,0.4615,0.0262,39.7692,0.0386,0.0056,,motion_blur,8,24.44465061429493,0.0065
00e9be89-00001470.jpg,00e9be89-00001475.jpg,orb,854,651,32,19,0.5938,0.0492,36.0625,0.0414,0.0058,,motion_blur,8,24.86166815878174,0.016
00e9be89-00001475.jpg,00e9be89-00001480.jpg,orb,651,576,11,6,0.5455,0.0191,40.2727,0.0404,0.0035,,motion_blur,8,24.483645595607005,0.0055
00e9be89-00001480.jpg,00e9be89-00001485.jpg,orb,576,618,11,3,0.2727,0.0191,45.0,0.0375,0.0035,,motion_blur,8,25.474891216838124,0.0055
00e9be89-00001485.jpg,00e9be89-00001490.jpg,orb,618,564,22,9,0.4091,0.039,41.5455,0.0366,0.0032,,motion_blur,8,27.038702574769232,0.011
00e9be89-00001490.jpg,00e9be89-00001495.jpg,orb,564,504,143,131,0.9161,0.2837,18.021,0.0417,0.002,,motion_blur,8,26.9795717701091,0.0715
00e9be89-00001495.jpg,00e9be89-00001500.jpg,orb,504,570,205,197,0.961,0.4067,14.1659,0.0381,0.002,,motion_blur,8,26.803866654529276,0.1025
00e9be89-00001500.jpg,00e9be89-00001505.jpg,orb,570,651,100,63,0.63,0.1754,23.72,0.0378,0.002,,motion_blur,8,26.470231615961826,0.05
00e9be89-00001505.jpg,00e9be89-00001510.jpg,orb,651,677,22,9,0.4091,0.0338,39.4545,0.0384,0.0037,,motion_blur,8,26.245254682765797,0.011
00e9be89-00001510.jpg,00e9be89-00001515.jpg,orb,677,735,31,16,0.5161,0.0458,38.6452,0.0381,0.0053,,motion_blur,8,25.78961264834417,0.0155
00e9be89-00001515.jpg,00e9be89-00001520.jpg,orb,735,742,12,6,0.5,0.0163,39.4167,0.0417,0.0055,,motion_blur,8,24.227032241419398,0.006
00e9be89-00001520.jpg,00e9be89-00001525.jpg,orb,742,1332,33,20,0.6061,0.0445,29.5455,0.0456,0.0072,,motion_blur,8,21.556176156353796,0.0165
00e9be89-00001525.jpg,00e9be89-00001535.jpg,orb,1332,840,28,8,0.2857,0.0333,40.5714,0.0437,0.0108,,motion_blur,8,21.30054051316076,0.014
00e9be89-00001535.jpg,00e9be89-00001540.jpg,orb,840,683,12,5,0.4167,0.0176,40.5,0.037,0.0052,,motion_blur,8,21.371491803631777,0.006
00e9be89-00001540.jpg,00e9be89-00001545.jpg,orb,683,755,12,8,0.6667,0.0176,37.0833,0.04,0.0032,,motion_blur,8,20.54388729888333,0.006
00e9be89-00001545.jpg,00e9be89-00001550.jpg,orb,755,454,138,79,0.5725,0.304,27.2319,0.0419,0.0033,,motion_blur,8,21.0818128508764,0.069
00e9be89-00001550.jpg,00e9be89-00001555.jpg,orb,454,704,91,83,0.9121,0.2004,15.2088,0.0401,0.002,,motion_blur,8,20.99889283755428,0.0455
00e9be89-00001555.jpg,00e9be89-00001560.jpg,orb,704,392,95,85,0.8947,0.2423,18.4105,0.0385,0.0042,,motion_blur,8,21.31901666609986,0.0475
00e9be89-00001560.jpg,00e9be89-00001565.jpg,orb,392,424,105,83,0.7905,0.2679,21.8476,0.0396,0.002,,motion_blur,8,21.84077965820237,0.0525
00e9be89-00001565.jpg,00e9be89-00001570.jpg,orb,424,857,27,18,0.6667,0.0637,28.0,0.0421,0.0038,,motion_blur,8,21.993370083293048,0.0135
00e9be89-00001570.jpg,00e9be89-00001575.jpg,orb,857,985,34,13,0.3824,0.0397,35.9412,0.047,0.0096,,motion_blur,8,21.455600907221974,0.017
00e9be89-00001575.jpg,00e9be89-00001580.jpg,orb,985,1008,73,50,0.6849,0.0741,29.5068,0.0473,0.0113,,motion_blur,8,20.62917371635405,0.0365
00e9be89-00001580.jpg,00e9be89-00001585.jpg,orb,1008,1092,54,18,0.3333,0.0536,32.6667,0.0466,0.0075,,motion_blur,8,19.73543269335744,0.027
00e9be89-00001585.jpg,00e9be89-00001590.jpg,orb,1092,591,28,10,0.3571,0.0474,36.0357,0.0393,0.0042,,motion_blur,8,19.90820521505792,0.014
00e9be89-00001590.jpg,00e9be89-00001595.jpg,orb,591,695,12,4,0.3333,0.0203,33.9167,0.0386,0.002,,motion_blur,8,20.63018469971498,0.006
00e9be89-00001595.jpg,00e9be89-00001600.jpg,orb,695,826,15,5,0.3333,0.0216,39.8667,0.0423,0.004,,motion_blur,8,20.30841147784409,0.0075
00e9be89-00001600.jpg,00e9be89-00001605.jpg,orb,826,819,75,39,0.52,0.0916,31.4667,0.0439,0.0062,,motion_blur,8,19.937509458705176,0.0375
00e9be89-00001605.jpg,00e9be89-00001610.jpg,orb,819,803,7,5,0.7143,0.0087,35.1429,0.0426,0.006,,motion_blur,8,20.527760386240804,0.0035
00e9be89-00001610.jpg,00e9be89-00001620.jpg,orb,803,767,8,4,0.5,0.0104,44.5,0.0413,0.0053,,motion_blur,8,21.04496829109454,0.004
00e9be89-00001620.jpg,00e9be89-00001625.jpg,orb,767,836,24,11,0.4583,0.0313,33.7083,0.0402,0.004,,motion_blur,8,21.42070701794794,0.012
00e9be89-00001625.jpg,00e9be89-00001630.jpg,orb,836,784,38,9,0.2368,0.0485,34.0263,0.0406,0.006,,motion_blur,8,22.226360241565864,0.019
00e9be89-00001630.jpg,00e9be89-00001635.jpg,orb,784,1239,29,7,0.2414,0.037,37.8276,0.0405,0.0058,,motion_blur,8,21.23875786653544,0.0145
00e9be89-00001635.jpg,00e9be89-00001640.jpg,orb,1239,951,21,6,0.2857,0.0221,44.2857,0.0451,0.0138,,motion_blur,8,19.466209875397222,0.0105
00e9be89-00001640.jpg,00e9be89-00001645.jpg,orb,951,1187,19,5,0.2632,0.02,35.9474,0.0474,0.0086,,motion_blur,8,17.64098500476019,0.0095
00e9be89-00001645.jpg,00e9be89-00001650.jpg,orb,1187,1393,31,7,0.2258,0.0261,31.6129,0.0444,0.0145,,motion_blur,8,16.944144611120976,0.0155
00e9be89-00001650.jpg,00e9be89-00001655.jpg,orb,1393,1454,26,5,0.1923,0.0187,34.4615,0.0501,0.0168,,motion_blur,8,17.377487974244982,0.013
00e9be89-00001655.jpg,00e9be89-00001665.jpg,orb,1454,1081,12,3,0.25,0.0111,43.4167,0.0489,0.0139,,motion_blur,8,19.23334627259017,0.006
00e9be89-00001665.jpg,00e9be89-00001670.jpg,orb,1081,766,19,7,0.3684,0.0248,36.1053,0.0425,0.0084,,motion_blur,8,22.191467348771504,0.0095
00e9be89-00001670.jpg,00e9be89-00001675.jpg,orb,766,919,17,5,0.2941,0.0222,34.7059,0.0418,0.006,,motion_blur,8,22.007568206465898,0.0085
00e9be89-00001675.jpg,00e9be89-00001680.jpg,orb,919,899,20,10,0.5,0.0222,33.5,0.0432,0.006,,motion_blur,8,20.63111571041796,0.01
00e9be89-00001680.jpg,00e9be89-00001685.jpg,orb,899,1573,13,5,0.3846,0.0145,31.7692,0.048,0.01,,motion_blur,8,19.602601629400603,0.0065
00e9be89-00001685.jpg,00e9be89-00001690.jpg,orb,1573,1401,25,6,0.24,0.0178,35.32,0.0504,0.0171,,motion_blur,8,20.79865652338425,0.0125
00e9be89-00001690.jpg,00e9be89-00001695.jpg,orb,1401,611,24,6,0.25,0.0393,37.6667,0.0405,0.0082,,motion_blur,8,23.94646807116765,0.012
00e9be89-00001695.jpg,00e9be89-00001705.jpg,orb,611,523,20,8,0.4,0.0382,43.95,0.042,0.0041,,motion_blur,8,24.4954465807814,0.01
00e9be89-00001705.jpg,00e9be89-00001710.jpg,orb,523,533,42,27,0.6429,0.0803,33.6905,0.0398,0.004,,motion_blur,8,24.533828790585083,0.021
00e9be89-00001710.jpg,00e9be89-00001715.jpg,orb,533,699,28,13,0.4643,0.0525,38.5357,0.0401,0.004,,motion_blur,8,24.439003458862555,0.014
00e9be89-00001715.jpg,00e9be89-00001720.jpg,orb,699,430,46,21,0.4565,0.107,36.2609,0.0366,0.004,,motion_blur,8,24.72623214448341,0.023046092184368736
00e9be89-00001720.jpg,00e9be89-00001725.jpg,orb,430,501,31,25,0.8065,0.0721,35.0968,0.0379,0.0022,,motion_blur,8,25.613360281475277,0.015531062124248497
00e9be89-00001725.jpg,00e9be89-00001730.jpg,orb,501,521,36,24,0.6667,0.0719,33.4444,0.0382,0.0029,,motion_blur,8,25.237595580476253,0.018
00e9be89-00001730.jpg,00e9be89-00001740.jpg,orb,521,723,15,5,0.3333,0.0288,35.3333,0.0395,0.004,,motion_blur,8,24.381522937937767,0.0075
00e9be89-00001740.jpg,00e9be89-00001745.jpg,orb,723,1337,12,5,0.4167,0.0166,39.9167,0.0445,0.0083,,motion_blur,8,20.69214981567759,0.006
00e9be89-00001745.jpg,00e9be89-00001750.jpg,orb,1337,431,15,5,0.3333,0.0348,46.6,0.0384,0.006,,motion_blur,8,19.943021052095453,0.0075
00e9be89-00001750.jpg,00e9be89-00001755.jpg,orb,431,669,35,16,0.4571,0.0812,39.0857,0.0359,0.003,,motion_blur,8,23.381384680306063,0.0175
00e9be89-00001755.jpg,00e9be89-00001760.jpg,orb,669,748,22,16,0.7273,0.0329,36.3182,0.04,0.0052,,motion_blur,8,23.624718323079826,0.011
00e9be89-00001760.jpg,00e9be89-00001765.jpg,orb,748,321,17,9,0.5294,0.053,41.8824,0.0383,0.002,,motion_blur,8,22.80302199236476,0.0085
00e9be89-00001765.jpg,00e9be89-00001770.jpg,orb,321,492,11,7,0.6364,0.0343,35.6364,0.0378,0.002,,motion_blur,8,22.724437026234348,0.0055
00e9be89-00001770.jpg,00e9be89-00001775.jpg,orb,492,619,22,15,0.6818,0.0447,36.0,0.0384,0.0031,,motion_blur,8,22.69221592539124,0.011
00e9be89-00001775.jpg,00e9be89-00001780.jpg,orb,619,967,19,9,0.4737,0.0307,39.0,0.0452,0.0062,,motion_blur,8,22.41214398770133,0.0095
00e9be89-00001780.jpg,00e9be89-00001785.jpg,orb,967,799,27,9,0.3333,0.0338,39.2593,0.0464,0.006,,motion_blur,8,22.888176965466503,0.0135
00e9be89-00001785.jpg,00e9be89-00001795.jpg,orb,799,388,22,8,0.3636,0.0567,43.4091,0.0399,0.002,,motion_blur,8,23.851871145682477,0.011
00e9be89-00001795.jpg,00e9be89-00001800.jpg,orb,388,479,158,151,0.9557,0.4072,18.1709,0.0351,0.002,,motion_blur,8,24.405987707187062,0.079
00e9be89-00001800.jpg,00e9be89-00001810.jpg,orb,479,431,59,30,0.5085,0.1369,33.0,0.0332,0.002,,motion_blur,8,24.45922892818061,0.0295
00e9be89-00001810.jpg,00e9be89-00001815.jpg,orb,431,758,34,20,0.5882,0.0789,32.7647,0.0406,0.0015,,motion_blur,8,23.833867051999768,0.017
00e9be89-00001815.jpg,00e9be89-00001820.jpg,orb,758,601,21,8,0.381,0.0349,40.9524,0.0405,0.004,,motion_blur,8,24.298809988950204,0.0105
00e9be89-00001820.jpg,00e9be89-00001825.jpg,orb,601,765,32,11,0.3438,0.0532,38.6875,0.0389,0.0065,,motion_blur,8,24.58155886523514,0.016
00e9be89-00001825.jpg,00e9be89-00001830.jpg,orb,765,911,22,9,0.4091,0.0288,35.5909,0.0404,0.006,,motion_blur,8,23.05061711385641,0.011
00e9be89-00001830.jpg,00e9be89-00001840.jpg,orb,911,753,16,3,0.1875,0.0212,45.5,0.039,0.007,,motion_blur,8,21.664046605217848,0.008
00e9be89-00001840.jpg,00e9be89-00001845.jpg,orb,753,831,418,403,0.9641,0.5551,15.3445,0.0437,0.004,,motion_blur,8,21.152694244861895,0.209
00e9be89-00001845.jpg,00e9be89-00001865.jpg,orb,831,851,364,354,0.9725,0.438,17.1291,0.0432,0.0068,,motion_blur,8,20.995821315288744,0.182
00e9be89-00001865.jpg,00e9be89-00001870.jpg,orb,851,858,410,393,0.9585,0.4818,18.461,0.0413,0.0066,,motion_blur,8,21.043659569042106,0.205
00e9be89-00001870.jpg,00e9be89-00001875.jpg,orb,858,778,399,382,0.9574,0.5129,15.2632,0.0408,0.0056,,motion_blur,8,21.15158658040473,0.1995
00e9be89-00001875.jpg,00e9be89-00001885.jpg,orb,778,782,347,341,0.9827,0.446,16.3401,0.0458,0.006,,motion_blur,8,21.16157886716008,0.1735
00e9be89-00001885.jpg,00e9be89-00001890.jpg,orb,782,806,442,426,0.9638,0.5652,15.0452,0.0465,0.004,,motion_blur,8,21.088891034787324,0.221
00e9be89-00001890.jpg,00e9be89-00001895.jpg,orb,806,724,398,383,0.9623,0.5497,14.9322,0.048,0.004,,motion_blur,8,21.06007550544708,0.199
00e9be89-00001895.jpg,00e9be89-00001900.jpg,orb,724,789,385,366,0.9506,0.5318,15.4416,0.0395,0.0048,,motion_blur,8,21.13674512656824,0.1925
00e9be89-00001900.jpg,00e9be89-00001905.jpg,orb,789,725,147,81,0.551,0.2028,28.5374,0.0409,0.0051,,motion_blur,8,21.725661156772816,0.0735
00e9be89-00001905.jpg,00e9be89-00001915.jpg,orb,725,504,11,5,0.4545,0.0218,47.1818,0.0407,0.004,,motion_blur,8,22.88826740219929,0.0055
00e9be89-00000015.jpg,00e9be89-00000100.jpg,orb,1500,780,13,4,0.3077,0.0167,42.4615,0.0492,0.0098,C:\Users\amit\Project_digital_image_processing__Amit_Alon\outputs\visualizations\task2\degraded_visualizations\motion_blur\level_9\match_00e9be89-00000015__00e9be89-00000100.png,motion_blur,9,16.496924919666622,0.0065
00e9be89-00000100.jpg,00e9be89-00000105.jpg,orb,780,813,450,432,0.96,0.5769,18.1067,0.0421,0.0069,,motion_blur,9,19.408178142469836,0.225
00e9be89-00000105.jpg,00e9be89-00000110.jpg,orb,813,854,467,448,0.9593,0.5744,17.8094,0.0417,0.0065,,motion_blur,9,19.120367795333017,0.2335
00e9be89-00000110.jpg,00e9be89-00000115.jpg,orb,854,817,460,443,0.963,0.563,19.0565,0.0433,0.0065,,motion_blur,9,19.136791992931894,0.23
00e9be89-00000115.jpg,00e9be89-00000120.jpg,orb,817,792,472,456,0.9661,0.596,15.9597,0.0453,0.0067,,motion_blur,9,19.190569423157623,0.236
00e9be89-00000120.jpg,00e9be89-00000125.jpg,orb,792,906,313,289,0.9233,0.3952,25.0256,0.0412,0.006,,motion_blur,9,18.87900868275949,0.1565
00e9be89-00000125.jpg,00e9be89-00000130.jpg,orb,906,818,361,337,0.9335,0.4413,19.0886,0.0446,0.0058,,motion_blur,9,18.715860635943237,0.1805
00e9be89-00000130.jpg,00e9be89-00000135.jpg,orb,818,675,385,368,0.9558,0.5704,18.1273,0.045,0.0057,,motion_blur,9,19.18547603893966,0.1925
00e9be89-00000135.jpg,00e9be89-00000140.jpg,orb,675,709,409,386,0.9438,0.6059,18.044,0.0448,0.0055,,motion_blur,9,19.3412858050978,0.2045
00e9be89-00000140.jpg,00e9be89-00000145.jpg,orb,709,657,116,92,0.7931,0.1766,33.1379,0.0384,0.0075,,motion_blur,9,19.47297253295344,0.058
00e9be89-00000145.jpg,00e9be89-00000150.jpg,orb,657,1176,7,4,0.5714,0.0107,42.8571,0.0451,0.0068,,motion_blur,9,17.27407500683671,0.0035
00e9be89-00000150.jpg,00e9be89-00000160.jpg,orb,1176,1278,20,6,0.3,0.017,36.25,0.0515,0.0121,,motion_blur,9,15.88346809246121,0.01
00e9be89-00000160.jpg,00e9be89-00000165.jpg,orb,1278,977,20,6,0.3,0.0205,35.55,0.0465,0.0108,,motion_blur,9,17.384427710787065,0.01
00e9be89-00000165.jpg,00e9be89-00000175.jpg,orb,977,676,20,6,0.3,0.0296,40.55,0.0432,0.0035,,motion_blur,9,19.00744905672904,0.01
00e9be89-00000175.jpg,00e9be89-00000190.jpg,orb,676,735,16,9,0.5625,0.0237,36.5,0.0404,0.0041,,motion_blur,9,19.892006020861192,0.008
00e9be89-00000190.jpg,00e9be89-00001000.jpg,orb,735,408,7,4,0.5714,0.0172,48.5714,0.0385,0.002,,motion_blur,9,22.33790532674812,0.0035
00e9be89-00001000.jpg,00e9be89-00001005.jpg,orb,408,255,9,4,0.4444,0.0353,47.8889,0.0375,0.0,,motion_blur,9,25.831864948926,0.0045
00e9be89-00001005.jpg,00e9be89-00001010.jpg,orb,255,190,3,0,0.0,0.0158,45.6667,0.0337,0.002,,motion_blur,9,26.713378752929778,0.0015
00e9be89-00001010.jpg,00e9be89-00001015.jpg,orb,190,286,8,4,0.5,0.0421,39.125,0.0347,0.0,,motion_blur,9,27.519877880304172,0.004016064257028112
00e9be89-00001015.jpg,00e9be89-00001020.jpg,orb,286,599,8,5,0.625,0.028,35.875,0.0344,0.002,,motion_blur,9,26.18241550378733,0.004016064257028112
00e9be89-00001020.jpg,00e9be89-00001025.jpg,orb,599,478,10,6,0.6,0.0209,44.5,0.04,0.002,,motion_blur,9,25.314481698683498,0.005
00e9be89-00001025.jpg,00e9be89-00001030.jpg,orb,478,375,26,9,0.3462,0.0693,45.1154,0.0396,0.002,,motion_blur,9,26.563025077980544,0.013
00e9be89-00001030.jpg,00e9be89-00001035.jpg,orb,375,360,24,11,0.4583,0.0667,41.4167,0.0378,0.0,,motion_blur,9,26.918077759106826,0.012
00e9be89-00001035.jpg,00e9be89-00001040.jpg,orb,360,216,40,27,0.675,0.1852,35.175,0.0383,0.0,,motion_blur,9,27.82854075960937,0.02
00e9be89-00001040.jpg,00e9be89-00001045.jpg,orb,216,251,43,30,0.6977,0.1991,34.814,0.0353,0.0,,motion_blur,9,28.05920562896805,0.0215
00e9be89-00001045.jpg,00e9be89-00001050.jpg,orb,251,281,18,11,0.6111,0.0717,34.1667,0.0327,0.0,,motion_blur,9,27.9823091276946,0.009
00e9be89-00001050.jpg,00e9be89-00001055.jpg,orb,281,317,26,12,0.4615,0.0925,36.6538,0.0333,0.0015,,motion_blur,9,27.562202947099927,0.013
00e9be89-00001055.jpg,00e9be89-00001060.jpg,orb,317,286,37,23,0.6216,0.1294,35.6757,0.0357,0.002,,motion_blur,9,26.966896527062808,0.0185
00e9be89-00001060.jpg,00e9be89-00001065.jpg,orb,286,524,30,16,0.5333,0.1049,34.5333,0.037,0.002,,motion_blur,9,26.042816782044227,0.015
00e9be89-00001065.jpg,00e9be89-00001070.jpg,orb,524,648,62,42,0.6774,0.1183,34.0645,0.0378,0.004,,motion_blur,9,24.74225430474592,0.031
00e9be89-00001070.jpg,00e9be89-00001075.jpg,orb,648,786,38,20,0.5263,0.0586,38.6053,0.0383,0.004,,motion_blur,9,23.29927592422211,0.019
00e9be89-00001075.jpg,00e9be89-00001080.jpg,orb,786,416,33,13,0.3939,0.0793,42.4545,0.0386,0.004,,motion_blur,9,24.42872535594686,0.0165
00e9be89-00001080.jpg,00e9be89-00001090.jpg,orb,416,591,24,13,0.5417,0.0577,36.0833,0.0343,0.002,,motion_blur,9,26.49913602479034,0.012
00e9be89-00001090.jpg,00e9be89-00001095.jpg,orb,591,347,27,16,0.5926,0.0778,37.3333,0.0357,0.002,,motion_blur,9,26.424033435273124,0.0135
00e9be89-00001095.jpg,00e9be89-00001100.jpg,orb,347,488,23,14,0.6087,0.0663,35.3043,0.0347,0.002,,motion_blur,9,26.06077335435359,0.0115
00e9be89-00001100.jpg,00e9be89-00001105.jpg,orb,488,505,18,9,0.5,0.0369,43.2222,0.0441,0.002,,motion_blur,9,24.518437838496872,0.009
00e9be89-00001105.jpg,00e9be89-00001115.jpg,orb,505,496,15,2,0.1333,0.0302,43.4667,0.04,0.0028,,motion_blur,9,23.97397254727452,0.0075
00e9be89-00001115.jpg,00e9be89-00001125.jpg,orb,496,646,18,0,0.0,0.0363,42.7778,0.0397,0.002,,motion_blur,9,23.521038633796387,0.009
00e9be89-00001125.jpg,00e9be89-00001130.jpg,orb,646,829,28,15,0.5357,0.0433,29.9286,0.0402,0.004,,motion_blur,9,22.257226442217828,0.014
00e9be89-00001130.jpg,00e9be89-00001135.jpg,orb,829,610,28,19,0.6786,0.0459,36.0714,0.0388,0.004,,motion_blur,9,23.44381292510714,0.014
00e9be89-00001135.jpg,00e9be89-00001140.jpg,orb,610,645,35,22,0.6286,0.0574,35.0,0.0379,0.004,,motion_blur,9,24.67385109758409,0.0175
00e9be89-00001140.jpg,00e9be89-00001150.jpg,orb,645,784,28,15,0.5357,0.0434,32.75,0.0399,0.005,,motion_blur,9,24.740934433836223,0.014
00e9be89-00001150.jpg,00e9be89-00001155.jpg,orb,784,520,56,34,0.6071,0.1077,34.125,0.0397,0.0035,,motion_blur,9,25.81586334703441,0.028
00e9be89-00001155.jpg,00e9be89-00001160.jpg,orb,520,552,51,19,0.3725,0.0981,33.8235,0.034,0.0021,,motion_blur,9,26.047924005396155,0.0255
00e9be89-00001160.jpg,00e9be89-00001165.jpg,orb,552,543,21,8,0.381,0.0387,43.381,0.0371,0.002,,motion_blur,9,26.02258277162978,0.0105
00e9be89-00001165.jpg,00e9be89-00001170.jpg,orb,543,585,21,10,0.4762,0.0387,36.4286,0.0412,0.002,,motion_blur,9,25.812982076755954,0.0105
00e9be89-00001170.jpg,00e9be89-00001175.jpg,orb,585,679,27,15,0.5556,0.0462,34.8889,0.0404,0.0044,,motion_blur,9,25.657021713132863,0.0135
00e9be89-00001175.jpg,00e9be89-00001180.jpg,orb,679,815,37,24,0.6486,0.0545,38.1622,0.0425,0.0055,,motion_blur,9,25.555714863392765,0.0185
00e9be89-00001180.jpg,00e9be89-00001185.jpg,orb,815,785,28,12,0.4286,0.0357,39.1071,0.0432,0.004,,motion_blur,9,24.90805059455677,0.014
00e9be89-00001185.jpg,00e9be89-00001190.jpg,orb,785,783,16,7,0.4375,0.0204,36.9375,0.0486,0.0055,,motion_blur,9,24.40426843379388,0.008
00e9be89-00001190.jpg,00e9be89-00001195.jpg,orb,783,704,14,3,0.2143,0.0199,43.5714,0.044,0.006,,motion_blur,9,21.155420790076448,0.007
00e9be89-00001195.jpg,00e9be89-00001200.jpg,orb,704,466,13,7,0.5385,0.0279,42.2308,0.0409,0.002,,motion_blur,9,22.892487281105037,0.006542526421741319
00e9be89-00001200.jpg,00e9be89-00001205.jpg,orb,466,177,19,10,0.5263,0.1073,37.0526,0.0337,0.0,,motion_blur,9,28.791520572561858,0.009562154001006542
00e9be89-00001205.jpg,00e9be89-00001210.jpg,orb,177,442,4,4,1.0,0.0226,41.5,0.0357,0.0011,,motion_blur,9,28.59603558452588,0.002004008016032064
00e9be89-00001210.jpg,00e9be89-00001215.jpg,orb,442,413,8,4,0.5,0.0194,46.75,0.0361,0.002,,motion_blur,9,27.473019855708195,0.004
00e9be89-00001215.jpg,00e9be89-00001220.jpg,orb,413,1154,2,0,0.0,0.0048,46.0,0.044,0.004,,motion_blur,9,24.02492076081044,0.001
00e9be89-00001220.jpg,00e9be89-00001225.jpg,orb,1154,533,21,2,0.0952,0.0394,46.8571,0.0407,0.0073,,motion_blur,9,23.362786977134878,0.0105
00e9be89-00001225.jpg,00e9be89-00001230.jpg,orb,533,580,8,4,0.5,0.015,44.25,0.0412,0.002,,motion_blur,9,26.036393687479965,0.004
00e9be89-00001230.jpg,00e9be89-00001240.jpg,orb,580,208,29,12,0.4138,0.1394,44.5517,0.0363,0.0039,,motion_blur,9,27.923770514340173,0.01594282572842221
00e9be89-00001240.jpg,00e9be89-00001245.jpg,orb,208,1290,30,19,0.6333,0.1442,30.4,0.0381,0.002,,motion_blur,9,25.865027381207064,0.016492578339747113
00e9be89-00001245.jpg,00e9be89-00001250.jpg,orb,1290,344,29,11,0.3793,0.0843,44.6552,0.0383,0.0062,,motion_blur,9,24.15272720214375,0.0145
00e9be89-00001250.jpg,00e9be89-00001255.jpg,orb,344,582,20,11,0.55,0.0581,37.05,0.0378,0.0017,,motion_blur,9,25.534004371921927,0.01
00e9be89-00001255.jpg,00e9be89-00001260.jpg,orb,582,787,26,15,0.5769,0.0447,35.9231,0.0376,0.0049,,motion_blur,9,24.18953936429501,0.013
00e9be89-00001260.jpg,00e9be89-00001265.jpg,orb,787,521,26,19,0.7308,0.0499,34.8462,0.0442,0.004,,motion_blur,9,23.192892118859252,0.013
00e9be89-00001265.jpg,00e9be89-00001270.jpg,orb,521,555,5,0,0.0,0.0096,48.8,0.0382,0.0041,,motion_blur,9,20.855983015267093,0.0025
00e9be89-00001270.jpg,00e9be89-00001275.jpg,orb,555,623,19,7,0.3684,0.0342,37.1053,0.0398,0.004,,motion_blur,9,19.8755388899159,0.0095
00e9be89-00001275.jpg,00e9be89-00001280.jpg,orb,623,910,13,5,0.3846,0.0209,45.9231,0.0399,0.0042,,motion_blur,9,19.32473639511999,0.0065
00e9be89-00001280.jpg,00e9be89-00001285.jpg,orb,910,231,37,16,0.4324,0.1602,39.4595,0.0379,0.004,,motion_blur,9,18.661770816223346,0.0185
00e9be89-00001285.jpg,00e9be89-00001290.jpg,orb,231,381,5,4,0.8,0.0216,39.8,0.0365,0.002,,motion_blur,9,20.57791130525537,0.0025
00e9be89-00001290.jpg,00e9be89-00001295.jpg,orb,381,290,4,4,1.0,0.0138,45.0,0.0361,0.002,,motion_blur,9,21.718138164841747,0.002
00e9be89-00001295.jpg,00e9be89-00001305.jpg,orb,290,948,5,4,0.8,0.0172,38.4,0.0377,0.002,,motion_blur,9,19.87216980695013,0.0025
00e9be89-00001305.jpg,00e9be89-00001310.jpg,orb,948,1191,18,5,0.2778,0.019,40.6111,0.0448,0.0082,,motion_blur,9,17.405306501809747,0.009
00e9be89-00001310.jpg,00e9be89-00001315.jpg,orb,1191,1011,19,5,0.2632,0.0188,41.8947,0.0493,0.0084,,motion_blur,9,16.996174071568873,0.0095
00e9be89-00001315.jpg,00e9be89-00001325.jpg,orb,1011,496,44,10,0.2273,0.0887,32.5909,0.0425,0.004,,motion_blur,9,17.69907939228603,0.022
00e9be89-00001325.jpg,00e9be89-00001330.jpg,orb,496,546,9,6,0.6667,0.0181,31.7778,0.0382,0.002,,motion_blur,9,17.868211743458076,0.0045
00e9be89-00001330.jpg,00e9be89-00001335.jpg,orb,546,355,12,5,0.4167,0.0338,38.6667,0.0376,0.002,,motion_blur,9,20.878037436460986,0.006
00e9be89-00001335.jpg,00e9be89-00001340.jpg,orb,355,351,12,6,0.5,0.0342,43.9167,0.0442,0.0,,motion_blur,9,23.32661428923055,0.006
00e9be89-00001340.jpg,00e9be89-00001345.jpg,orb,351,277,9,5,0.5556,0.0325,41.5556,0.0382,0.0014,,motion_blur,9,23.749229346882355,0.0045
00e9be89-00001345.jpg,00e9be89-00001350.jpg,orb,277,230,1,0,0.0,0.0043,52.0,0.0366,0.0017,,motion_blur,9,24.186582609094472,0.0005
00e9be89-00001350.jpg,00e9be89-00001355.jpg,orb,230,389,10,5,0.5,0.0435,45.4,0.0362,0.0021,,motion_blur,9,24.265820418938816,0.005
00e9be89-00001355.jpg,00e9be89-00001360.jpg,orb,389,478,11,4,0.3636,0.0283,48.3636,0.0379,0.002,,motion_blur,9,24.05421626026573,0.0055
00e9be89-00001360.jpg,00e9be89-00001365.jpg,orb,478,360,12,7,0.5833,0.0333,46.9167,0.035,0.0021,,motion_blur,9,23.195576837687447,0.006
00e9be89-00001365.jpg,00e9be89-00001370.jpg,orb,360,516,4,4,1.0,0.0111,33.5,0.0353,0.002,,motion_blur,9,22.840456947406224,0.002
00e9be89-00001370.jpg,00e9be89-00001375.jpg,orb,516,296,87,47,0.5402,0.2939,32.5402,0.0396,0.0027,,motion_blur,9,24.02956219577826,0.0435
00e9be89-00001375.jpg,00e9be89-00001380.jpg,orb,296,298,63,28,0.4444,0.2128,26.8413,0.0374,0.0,,motion_blur,9,25.486718307275503,0.0315
00e9be89-00001380.jpg,00e9be89-00001385.jpg,orb,298,326,53,25,0.4717,0.1779,30.7925,0.0375,0.002,,motion_blur,9,25.59874786394259,0.0265
00e9be89-00001385.jpg,00e9be89-00001390.jpg,orb,326,473,12,8,0.6667,0.0368,31.6667,0.0362,0.002,,motion_blur,9,24.369806529591045,0.006
00e9be89-00001390.jpg,00e9be89-00001395.jpg,orb,473,460,25,11,0.44,0.0543,30.88,0.0365,0.002,,motion_blur,9,23.199508619892622,0.0125
00e9be89-00001395.jpg,00e9be89-00001400.jpg,orb,460,583,40,19,0.475,0.087,32.375,0.0376,0.002,,motion_blur,9,23.352368527414587,0.02
00e9be89-00001400.jpg,00e9be89-00001405.jpg,orb,583,603,46,21,0.4565,0.0789,30.9565,0.0408,0.0041,,motion_blur,9,23.34906685175678,0.023
00e9be89-00001405.jpg,00e9be89-00001410.jpg,orb,603,663,55,24,0.4364,0.0912,33.6364,0.0404,0.0067,,motion_blur,9,23.25043822555348,0.0275
00e9be89-00001410.jpg,00e9be89-00001415.jpg,orb,663,586,89,38,0.427,0.1519,31.4607,0.0423,0.0035,,motion_blur,9,22.93687205378079,0.0445
00e9be89-00001415.jpg,00e9be89-00001420.jpg,orb,586,859,39,14,0.359,0.0666,30.5641,0.0438,0.0031,,motion_blur,9,22.41706911762883,0.0195
00e9be89-00001420.jpg,00e9be89-00001425.jpg,orb,859,749,55,26,0.4727,0.0734,31.8727,0.039,0.0069,,motion_blur,9,22.577292672067827,0.0275
00e9be89-00001425.jpg,00e9be89-00001430.jpg,orb,749,635,54,15,0.2778,0.085,35.2593,0.0402,0.0038,,motion_blur,9,23.076323368176386,0.027
00e9be89-00001430.jpg,00e9be89-00001440.jpg,orb,635,767,9,5,0.5556,0.0142,41.3333,0.0378,0.006,,motion_blur,9,22.660765183504417,0.0045
00e9be89-00001440.jpg,00e9be89-00001445.jpg,orb,767,806,41,27,0.6585,0.0535,30.4146,0.0431,0.004,,motion_blur,9,21.18547068719804,0.0205
00e9be89-00001445.jpg,00e9be89-00001450.jpg,orb,806,680,27,11,0.4074,0.0397,34.4444,0.0416,0.0052,,motion_blur,9,20.877682286026957,0.0135
00e9be89-00001450.jpg,00e9be89-00001455.jpg,orb,680,303,42,22,0.5238,0.1386,38.7381,0.0362,0.0021,,motion_blur,9,23.24511273272312,0.021
00e9be89-00001455.jpg,00e9be89-00001460.jpg,orb,303,395,40,23,0.575,0.132,40.65,0.036,0.0,,motion_blur,9,25.060022600017483,0.02
00e9be89-00001460.jpg,00e9be89-00001465.jpg,orb,395,399,54,40,0.7407,0.1367,31.4074,0.0341,0.0018,,motion_blur,9,24.48732119736164,0.027
00e9be89-00001465.jpg,00e9be89-00001470.jpg,orb,399,747,5,4,0.8,0.0125,45.4,0.0389,0.0017,,motion_blur,9,24.030333703905303,0.0025
00e9be89-00001470.jpg,00e9be89-00001475.jpg,orb,747,559,28,9,0.3214,0.0501,40.7143,0.04,0.0043,,motion_blur,9,24.4608611580982,0.014
00e9be89-00001475.jpg,00e9be89-00001480.jpg,orb,559,524,8,5,0.625,0.0153,28.125,0.0409,0.002,,motion_blur,9,24.088275162640137,0.004
00e9be89-00001480.jpg,00e9be89-00001485.jpg,orb,524,547,16,6,0.375,0.0305,44.375,0.0491,0.002,,motion_blur,9,25.06955077343195,0.008
00e9be89-00001485.jpg,00e9be89-00001490.jpg,orb,547,484,25,11,0.44,0.0517,39.52,0.0399,0.002,,motion_blur,9,26.631700775787216,0.0125
00e9be89-00001490.jpg,00e9be89-00001495.jpg,orb,484,477,133,121,0.9098,0.2788,18.6917,0.0405,0.0022,,motion_blur,9,26.57256528093087,0.0665
00e9be89-00001495.jpg,00e9be89-00001500.jpg,orb,477,502,192,178,0.9271,0.4025,15.0885,0.0376,0.002,,motion_blur,9,26.39350849345576,0.096
00e9be89-00001500.jpg,00e9be89-00001505.jpg,orb,502,544,82,45,0.5488,0.1633,26.4756,0.0392,0.0021,,motion_blur,9,26.064210011752472,0.041
00e9be89-00001505.jpg,00e9be89-00001510.jpg,orb,544,565,18,8,0.4444,0.0331,37.3333,0.0394,0.0017,,motion_blur,9,25.82984788597478,0.009
00e9be89-00001510.jpg,00e9be89-00001515.jpg,orb,565,589,23,4,0.1739,0.0407,42.087,0.0399,0.0039,,motion_blur,9,25.380944128686195,0.0115
00e9be89-00001515.jpg,00e9be89-00001520.jpg,orb,589,611,20,7,0.35,0.034,41.9,0.0398,0.0041,,motion_blur,9,23.85571561117049,0.01
00e9be89-00001520.jpg,00e9be89-00001525.jpg,orb,611,1148,26,15,0.5769,0.0426,31.0,0.0445,0.006,,motion_blur,9,21.194779311478676,0.013
00e9be89-00001525.jpg,00e9be89-00001535.jpg,orb,1148,678,26,7,0.2692,0.0383,44.1538,0.0439,0.006,,motion_blur,9,20.950650221275676,0.013
00e9be89-00001535.jpg,00e9be89-00001540.jpg,orb,678,550,19,4,0.2105,0.0345,39.3158,0.038,0.004,,motion_blur,9,21.03471751090604,0.0095
00e9be89-00001540.jpg,00e9be89-00001545.jpg,orb,550,608,13,4,0.3077,0.0236,34.3077,0.0381,0.002,,motion_blur,9,20.210080778314545,0.0065
00e9be89-00001545.jpg,00e9be89-00001550.jpg,orb,608,365,94,58,0.617,0.2575,27.1383,0.0374,0.002,,motion_blur,9,20.75698666911801,0.047
00e9be89-00001550.jpg,00e9be89-00001555.jpg,orb,365,573,79,71,0.8987,0.2164,15.5316,0.0371,0.002,,motion_blur,9,20.673716475337244,0.0395
00e9be89-00001555.jpg,00e9be89-00001560.jpg,orb,573,305,82,56,0.6829,0.2689,21.6585,0.0437,0.002,,motion_blur,9,20.98968538334005,0.041
00e9be89-00001560.jpg,00e9be89-00001565.jpg,orb,305,352,58,48,0.8276,0.1902,21.9138,0.0441,0.002,,motion_blur,9,21.50181554939806,0.029
00e9be89-00001565.jpg,00e9be89-00001570.jpg,orb,352,745,24,14,0.5833,0.0682,30.125,0.0401,0.004,,motion_blur,9,21.651095636796924,0.012
00e9be89-00001570.jpg,00e9be89-00001575.jpg,orb,745,844,27,10,0.3704,0.0362,35.8148,0.0421,0.006,,motion_blur,9,21.11704993300596,0.0135
00e9be89-00001575.jpg,00e9be89-00001580.jpg,orb,844,866,68,36,0.5294,0.0806,31.0882,0.04,0.004,,motion_blur,9,20.294595059240343,0.034
00e9be89-00001580.jpg,00e9be89-00001585.jpg,orb,866,944,45,15,0.3333,0.052,29.7333,0.045,0.0071,,motion_blur,9,19.403405127127936,0.0225
00e9be89-00001585.jpg,00e9be89-00001590.jpg,orb,944,499,21,7,0.3333,0.0421,38.3333,0.0416,0.0047,,motion_blur,9,19.56665972967253,0.0105
00e9be89-00001590.jpg,00e9be89-00001595.jpg,orb,499,533,6,0,0.0,0.012,36.0,0.0384,0.0038,,motion_blur,9,20.27776485874934,0.003
00e9be89-00001595.jpg,00e9be89-00001600.jpg,orb,533,690,9,4,0.4444,0.0169,42.2222,0.0479,0.004,,motion_blur,9,19.958358622085235,0.0045
00e9be89-00001600.jpg,00e9be89-00001605.jpg,orb,690,668,61,35,0.5738,0.0913,32.459,0.0394,0.0068,,motion_blur,9,19.593452627056983,0.0305
00e9be89-00001605.jpg,00e9be89-00001610.jpg,orb,668,659,9,5,0.5556,0.0137,34.6667,0.0399,0.002,,motion_blur,9,20.19147141664922,0.0045
00e9be89-00001610.jpg,00e9be89-00001620.jpg,orb,659,626,12,5,0.4167,0.0192,42.75,0.0403,0.004,,motion_blur,9,20.70961528605587,0.006
00e9be89-00001620.jpg,00e9be89-00001625.jpg,orb,626,670,19,7,0.3684,0.0304,33.2632,0.0424,0.0075,,motion_blur,9,21.09137213027229,0.0095
00e9be89-00001625.jpg,00e9be89-00001630.jpg,orb,670,657,31,11,0.3548,0.0472,35.3226,0.0432,0.0074,,motion_blur,9,21.880843818489215,0.0155
00e9be89-00001630.jpg,00e9be89-00001635.jpg,orb,657,1037,17,7,0.4118,0.0259,36.8235,0.0465,0.0071,,motion_blur,9,20.90163929745671,0.0085
00e9be89-00001635.jpg,00e9be89-00001640.jpg,orb,1037,799,14,5,0.3571,0.0175,43.4286,0.0523,0.0075,,motion_blur,9,19.09146752637607,0.007
00e9be89-00001640.jpg,00e9be89-00001645.jpg,orb,799,1070,14,5,0.3571,0.0175,35.1429,0.0466,0.0076,,motion_blur,9,17.194427752377017,0.007
00e9be89-00001645.jpg,00e9be89-00001650.jpg,orb,1070,1247,28,7,0.25,0.0262,29.8571,0.0738,0.0131,,motion_blur,9,16.503955455733895,0.014
00e9be89-00001650.jpg,00e9be89-00001655.jpg,orb,1247,1309,27,7,0.2593,0.0217,35.6296,0.0497,0.0143,,motion_blur,9,16.992898743875095,0.0135
00e9be89-00001655.jpg,00e9be89-00001665.jpg,orb,1309,900,23,5,0.2174,0.0256,43.2174,0.0541,0.0103,,motion_blur,9,18.938037634559365,0.0115
00e9be89-00001665.jpg,00e9be89-00001670.jpg,orb,900,657,20,7,0.35,0.0304,36.95,0.0521,0.004,,motion_blur,9,21.916994816686785,0.01
00e9be89-00001670.jpg,00e9be89-00001675.jpg,orb,657,766,14,5,0.3571,0.0213,35.2857,0.045,0.0052,,motion_blur,9,21.706444143754887,0.007
00e9be89-00001675.jpg,00e9be89-00001680.jpg,orb,766,781,11,5,0.4545,0.0144,36.0,0.0449,0.0075,,motion_blur,9,20.310822714072053,0.0055
00e9be89-00001680.jpg,00e9be89-00001685.jpg,orb,781,1394,12,4,0.3333,0.0154,37.25,0.1049,0.0199,,motion_blur,9,19.27708906594694,0.006
00e9be89-00001685.jpg,00e9be89-00001690.jpg,orb,1394,1206,21,7,0.3333,0.0174,35.5714,0.0533,0.0154,,motion_blur,9,20.48321732982191,0.0105
00e9be89-00001690.jpg,00e9be89-00001695.jpg,orb,1206,487,19,3,0.1579,0.039,40.3684,0.0435,0.006,,motion_blur,9,23.59336497992873,0.0095
00e9be89-00001695.jpg,00e9be89-00001705.jpg,orb,487,457,10,4,0.4,0.0219,44.1,0.05,0.0049,,motion_blur,9,24.109917594253645,0.005
00e9be89-00001705.jpg,00e9be89-00001710.jpg,orb,457,432,29,21,0.7241,0.0671,36.3103,0.043,0.002,,motion_blur,9,24.159113477844095,0.0145
00e9be89-00001710.jpg,00e9be89-00001715.jpg,orb,432,542,23,11,0.4783,0.0532,36.0435,0.0445,0.0041,,motion_blur,9,24.086447029022967,0.0115
00e9be89-00001715.jpg,00e9be89-00001720.jpg,orb,542,349,29,20,0.6897,0.0831,36.7931,0.0475,0.002,,motion_blur,9,24.37297783471771,0.014529058116232466
00e9be89-00001720.jpg,00e9be89-00001725.jpg,orb,349,429,23,17,0.7391,0.0659,32.1739,0.043,0.0024,,motion_blur,9,25.254251363189987,0.011523046092184368
00e9be89-00001725.jpg,00e9be89-00001730.jpg,orb,429,422,30,14,0.4667,0.0711,35.6,0.0497,0.003,,motion_blur,9,24.863767794051768,0.015
00e9be89-00001730.jpg,00e9be89-00001740.jpg,orb,422,584,10,5,0.5,0.0237,37.6,0.0543,0.002,,motion_blur,9,23.99087203187326,0.005
00e9be89-00001740.jpg,00e9be89-00001745.jpg,orb,584,1179,3,0,0.0,0.0051,36.0,0.0556,0.0082,,motion_blur,9,20.361003604080363,0.0015
00e9be89-00001745.jpg,00e9be89-00001750.jpg,orb,1179,346,18,9,0.5,0.052,43.4444,0.0671,0.0058,,motion_blur,9,19.63130896097752,0.009
00e9be89-00001750.jpg,00e9be89-00001755.jpg,orb,346,555,21,12,0.5714,0.0607,40.4762,0.0497,0.0035,,motion_blur,9,23.06523071002498,0.0105
00e9be89-00001755.jpg,00e9be89-00001760.jpg,orb,555,628,22,14,0.6364,0.0396,38.5455,0.04,0.004,,motion_blur,9,23.371338147485027,0.011
00e9be89-00001760.jpg,00e9be89-00001765.jpg,orb,628,259,22,12,0.5455,0.0849,39.6364,0.0378,0.002,,motion_blur,9,22.565818467979827,0.011
00e9be89-00001765.jpg,00e9be89-00001770.jpg,orb,259,390,8,7,0.875,0.0309,39.75,0.0338,0.0022,,motion_blur,9,22.47108303846575,0.004
00e9be89-00001770.jpg,00e9be89-00001775.jpg,orb,390,502,17,10,0.5882,0.0436,33.8235,0.0486,0.0071,,motion_blur,9,22.44845537804824,0.0085
00e9be89-00001775.jpg,00e9be89-00001780.jpg,orb,502,773,16,7,0.4375,0.0319,39.6875,0.0416,0.004,,motion_blur,9,22.142849691900068,0.008
00e9be89-00001780.jpg,00e9be89-00001785.jpg,orb,773,634,15,8,0.5333,0.0237,39.4667,0.0401,0.005,,motion_blur,9,22.600199560526,0.0075
00e9be89-00001785.jpg,00e9be89-00001795.jpg,orb,634,345,26,11,0.4231,0.0754,41.2692,0.0465,0.002,,motion_blur,9,23.575224370849327,0.013
00e9be89-00001795.jpg,00e9be89-00001800.jpg,orb,345,388,148,140,0.9459,0.429,18.1284,0.0322,0.002,,motion_blur,9,24.133638015644813,0.074
00e9be89-00001800.jpg,00e9be89-00001810.jpg,orb,388,332,47,25,0.5319,0.1416,31.4043,0.04,0.002,,motion_blur,9,24.197248426607416,0.0235
00e9be89-00001810.jpg,00e9be89-00001815.jpg,orb,332,609,24,13,0.5417,0.0723,35.0417,0.0375,0.003,,motion_blur,9,23.56296521327891,0.012
00e9be89-00001815.jpg,00e9be89-00001820.jpg,orb,609,536,16,8,0.5,0.0299,37.625,0.0363,0.0037,,motion_blur,9,24.016026178950703,0.008
00e9be89-00001820.jpg,00e9be89-00001825.jpg,orb,536,624,21,9,0.4286,0.0392,37.4286,0.0518,0.0064,,motion_blur,9,24.297213796429844,0.0105
00e9be89-00001825.jpg,00e9be89-00001830.jpg,orb,624,769,30,12,0.4,0.0481,39.2,0.0456,0.0081,,motion_blur,9,22.778301070309467,0.015
00e9be89-00001830.jpg,00e9be89-00001840.jpg,orb,769,608,6,4,0.6667,0.0099,48.6667,0.0577,0.0059,,motion_blur,9,21.408232864578657,0.003
00e9be89-00001840.jpg,00e9be89-00001845.jpg,orb,608,712,341,330,0.9677,0.5609,14.61,0.056,0.006,,motion_blur,9,20.891148211519777,0.1705
00e9be89-00001845.jpg,00e9be89-00001865.jpg,orb,712,677,335,315,0.9403,0.4948,19.4806,0.0518,0.0075,,motion_blur,9,20.7293225816952,0.1675
00e9be89-00001865.jpg,00e9be89-00001870.jpg,orb,677,729,329,316,0.9605,0.486,17.4954,0.0497,0.0067,,motion_blur,9,20.76772779298624,0.1645
00e9be89-00001870.jpg,00e9be89-00001875.jpg,orb,729,683,339,318,0.9381,0.4963,15.5103,0.0475,0.004,,motion_blur,9,20.878394119985124,0.1695
00e9be89-00001875.jpg,00e9be89-00001885.jpg,orb,683,656,309,298,0.9644,0.471,16.1036,0.0435,0.003,,motion_blur,9,20.898682316934824,0.1545
00e9be89-00001885.jpg,00e9be89-00001890.jpg,orb,656,672,376,361,0.9601,0.5732,15.1569,0.0444,0.003,,motion_blur,9,20.82460070943975,0.188
00e9be89-00001890.jpg,00e9be89-00001895.jpg,orb,672,570,313,295,0.9425,0.5491,13.0831,0.0414,0.004,,motion_blur,9,20.79048213690087,0.1565
00e9be89-00001895.jpg,00e9be89-00001900.jpg,orb,570,619,311,301,0.9678,0.5456,15.4984,0.0433,0.0022,,motion_blur,9,20.870020089940155,0.1555
00e9be89-00001900.jpg,00e9be89-00001905.jpg,orb,619,579,106,56,0.5283,0.1831,27.0377,0.0424,0.004,,motion_blur,9,21.449672447780628,0.053
00e9be89-00001905.jpg,00e9be89-00001915.jpg,orb,579,384,16,8,0.5,0.0417,46.625,0.0385,0.002,,motion_blur,9,22.61951774669992,0.008
00e9be89-00000015.jpg,00e9be89-00000100.jpg,orb,2000,2000,8,4,0.5,0.004,46.375,0.1246,0.0337,C:\Users\amit\Project_digital_image_processing__Amit_Alon\outputs\visualizations\task2\degraded_visualizations\low_light\level_1\match_00e9be89-00000015__00e9be89-00000100.png,low_light,1,9.991005710944403,0.004
00e9be89-00000100.jpg,00e9be89-00000105.jpg,orb,2000,2000,984,972,0.9878,0.492,22.622,0.0833,0.0337,,low_light,1,10.53953146917794,0.492
00e9be89-00000105.jpg,00e9be89-00000110.jpg,orb,2000,2000,1061,1048,0.9877,0.5305,20.6918,0.0902,0.0321,,low_light,1,10.528303262528656,0.5305
00e9be89-00000110.jpg,00e9be89-00000115.jpg,orb,2000,2000,1086,1081,0.9954,0.543,20.7983,0.0925,0.0365,,low_light,1,10.531819383400904,0.543
00e9be89-00000115.jpg,00e9be89-00000120.jpg,orb,2000,2000,1215,1208,0.9942,0.6075,17.5761,0.0789,0.0321,,low_light,1,10.54307318414077,0.6075
00e9be89-00000120.jpg,00e9be89-00000125.jpg,orb,2000,2000,704,686,0.9744,0.352,27.419,0.0876,0.029,,low_light,1,10.292084984662882,0.352
00e9be89-00000125.jpg,00e9be89-00000130.jpg,orb,2000,2000,809,796,0.9839,0.4045,21.8307,0.1029,0.0322,,low_light,1,10.12769094298687,0.4045
00e9be89-00000130.jpg,00e9be89-00000135.jpg,orb,2000,2000,965,958,0.9927,0.4825,21.5606,0.101,0.0358,,low_light,1,10.346433400534217,0.4825
00e9be89-00000135.jpg,00e9be89-00000140.jpg,orb,2000,2000,1049,1033,0.9847,0.5245,21.0705,0.1,0.0342,,low_light,1,10.488603772061404,0.5245
00e9be89-00000140.jpg,00e9be89-00000145.jpg,orb,2000,2000,266,204,0.7669,0.133,33.4211,0.1243,0.036,,low_light,1,10.50284128471687,0.133
00e9be89-00000145.jpg,00e9be89-00000150.jpg,orb,2000,2000,14,5,0.3571,0.007,43.0714,0.0938,0.0313,,low_light,1,9.95160967210456,0.007
00e9be89-00000150.jpg,00e9be89-00000160.jpg,orb,2000,2000,2,0,0.0,0.001,41.0,0.0965,0.0371,,low_light,1,9.67856532838984,0.001
00e9be89-00000160.jpg,00e9be89-00000165.jpg,orb,2000,2000,10,4,0.4,0.005,41.9,0.0832,0.0335,,low_light,1,10.095674671941456,0.005
00e9be89-00000165.jpg,00e9be89-00000175.jpg,orb,2000,2000,9,5,0.5556,0.0045,38.5556,0.0815,0.0355,,low_light,1,10.164620786406658,0.0045
00e9be89-00000175.jpg,00e9be89-00000190.jpg,orb,2000,2000,6,4,0.6667,0.003,39.0,0.0921,0.0346,,low_light,1,9.862419041600834,0.003
00e9be89-00000190.jpg,00e9be89-00001000.jpg,orb,2000,1999,7,4,0.5714,0.0035,42.7143,0.0823,0.0341,,low_light,1,10.098237227599268,0.0035
00e9be89-00001000.jpg,00e9be89-00001005.jpg,orb,1999,2000,25,9,0.36,0.0125,37.96,0.0671,0.0354,,low_light,1,10.564790964613408,0.0125
00e9be89-00001005.jpg,00e9be89-00001010.jpg,orb,2000,1997,13,5,0.3846,0.0065,44.2308,0.0575,0.0305,,low_light,1,10.808932940883198,0.0065
00e9be89-00001010.jpg,00e9be89-00001015.jpg,orb,1997,1968,20,7,0.35,0.0102,41.95,0.0623,0.034,,low_light,1,11.055504968816845,0.010040160642570281
00e9be89-00001015.jpg,00e9be89-00001020.jpg,orb,1968,2000,21,7,0.3333,0.0107,40.9524,0.0583,0.0316,,low_light,1,10.988068625482466,0.010542168674698794
00e9be89-00001020.jpg,00e9be89-00001025.jpg,orb,2000,2000,15,5,0.3333,0.0075,40.4667,0.0585,0.0284,,low_light,1,11.003527299178977,0.0075
00e9be89-00001025.jpg,00e9be89-00001030.jpg,orb,2000,1995,25,10,0.4,0.0125,38.8,0.0598,0.0336,,low_light,1,11.044417466991604,0.0125
00e9be89-00001030.jpg,00e9be89-00001035.jpg,orb,1995,1995,67,37,0.5522,0.0336,36.4179,0.0674,0.0366,,low_light,1,11.040032834662757,0.0335
00e9be89-00001035.jpg,00e9be89-00001040.jpg,orb,1995,1962,115,81,0.7043,0.0586,36.4261,0.0622,0.0352,,low_light,1,11.079722958120373,0.0575
00e9be89-00001040.jpg,00e9be89-00001045.jpg,orb,1962,1980,183,103,0.5628,0.0933,35.8634,0.0581,0.0303,,low_light,1,11.08327030789611,0.0915
00e9be89-00001045.jpg,00e9be89-00001050.jpg,orb,1980,1989,77,31,0.4026,0.0389,39.0,0.0693,0.0301,,low_light,1,11.089345972671882,0.0385
00e9be89-00001050.jpg,00e9be89-00001055.jpg,orb,1989,1994,99,33,0.3333,0.0498,37.5859,0.0561,0.0316,,low_light,1,11.077862656116784,0.0495
00e9be89-00001055.jpg,00e9be89-00001060.jpg,orb,1994,2000,137,67,0.4891,0.0687,36.781,0.0567,0.0319,,low_light,1,11.121482010329368,0.0685
00e9be89-00001060.jpg,00e9be89-00001065.jpg,orb,2000,2000,70,51,0.7286,0.035,36.4429,0.0607,0.0313,,low_light,1,11.250462092200276,0.035
00e9be89-00001065.jpg,00e9be89-00001070.jpg,orb,2000,2000,122,100,0.8197,0.061,35.6557,0.0664,0.0331,,low_light,1,11.258459284771115,0.061
00e9be89-00001070.jpg,00e9be89-00001075.jpg,orb,2000,2000,62,40,0.6452,0.031,37.4839,0.0727,0.0336,,low_light,1,10.965011572229391,0.031
00e9be89-00001075.jpg,00e9be89-00001080.jpg,orb,2000,2000,39,19,0.4872,0.0195,39.359,0.0629,0.0323,,low_light,1,11.005874204238314,0.0195
00e9be89-00001080.jpg,00e9be89-00001090.jpg,orb,2000,2000,46,25,0.5435,0.023,36.8696,0.0641,0.0323,,low_light,1,11.398943974391653,0.023
00e9be89-00001090.jpg,00e9be89-00001095.jpg,orb,2000,2000,66,53,0.803,0.033,31.5303,0.0685,0.0404,,low_light,1,11.496100340405118,0.033
00e9be89-00001095.jpg,00e9be89-00001100.jpg,orb,2000,2000,75,39,0.52,0.0375,36.0,0.0646,0.0398,,low_light,1,11.394244669577198,0.0375
00e9be89-00001100.jpg,00e9be89-00001105.jpg,orb,2000,2000,16,8,0.5,0.008,43.3125,0.0649,0.0317,,low_light,1,11.204209708659292,0.008
00e9be89-00001105.jpg,00e9be89-00001115.jpg,orb,2000,2000,24,10,0.4167,0.012,40.9583,0.0716,0.0403,,low_light,1,10.612865355111694,0.012
00e9be89-00001115.jpg,00e9be89-00001125.jpg,orb,2000,2000,17,6,0.3529,0.0085,41.6471,0.0664,0.0316,,low_light,1,10.705030767613042,0.0085
00e9be89-00001125.jpg,00e9be89-00001130.jpg,orb,2000,2000,45,26,0.5778,0.0225,35.6222,0.0768,0.0355,,low_light,1,11.03966243911998,0.0225
00e9be89-00001130.jpg,00e9be89-00001135.jpg,orb,2000,2000,50,35,0.7,0.025,34.48,0.0713,0.0323,,low_light,1,11.156852643479358,0.025
00e9be89-00001135.jpg,00e9be89-00001140.jpg,orb,2000,2000,63,46,0.7302,0.0315,34.5714,0.0787,0.039,,low_light,1,11.483076225119763,0.0315
00e9be89-00001140.jpg,00e9be89-00001150.jpg,orb,2000,2000,47,28,0.5957,0.0235,33.1489,0.104,0.0482,,low_light,1,11.5255603175478,0.0235
00e9be89-00001150.jpg,00e9be89-00001155.jpg,orb,2000,2000,90,62,0.6889,0.045,34.6,0.113,0.0747,,low_light,1,11.61227896593272,0.045
00e9be89-00001155.jpg,00e9be89-00001160.jpg,orb,2000,2000,78,43,0.5513,0.039,33.0128,0.0973,0.0408,,low_light,1,11.634503461380882,0.039
00e9be89-00001160.jpg,00e9be89-00001165.jpg,orb,2000,2000,22,10,0.4545,0.011,39.9091,0.0669,0.033,,low_light,1,11.684137398650442,0.011
00e9be89-00001165.jpg,00e9be89-00001170.jpg,orb,2000,2000,55,36,0.6545,0.0275,37.7455,0.0659,0.0389,,low_light,1,11.672247232426402,0.0275
00e9be89-00001170.jpg,00e9be89-00001175.jpg,orb,2000,2000,46,31,0.6739,0.023,38.6304,0.0713,0.0286,,low_light,1,11.659200306524047,0.023
00e9be89-00001175.jpg,00e9be89-00001180.jpg,orb,2000,2000,88,57,0.6477,0.044,39.8409,0.1,0.0354,,low_light,1,11.696969920253093,0.044
00e9be89-00001180.jpg,00e9be89-00001185.jpg,orb,2000,2000,39,22,0.5641,0.0195,41.5897,0.265,0.058,,low_light,1,11.610301682770006,0.0195
00e9be89-00001185.jpg,00e9be89-00001190.jpg,orb,2000,2000,16,5,0.3125,0.008,43.8125,0.0825,0.05,,low_light,1,11.460484876817072,0.008
00e9be89-00001190.jpg,00e9be89-00001195.jpg,orb,2000,2000,13,7,0.5385,0.0065,40.8462,0.0724,0.0362,,low_light,1,10.394156889950196,0.0065
00e9be89-00001195.jpg,00e9be89-00001200.jpg,orb,2000,1967,16,8,0.5,0.0081,37.875,0.0681,0.0376,,low_light,1,10.587745856596426,0.00805234021137393
00e9be89-00001200.jpg,00e9be89-00001205.jpg,orb,1967,1735,27,9,0.3333,0.0156,41.8519,0.0587,0.0328,,low_light,1,11.734699386701326,0.013588324106693507
00e9be89-00001205.jpg,00e9be89-00001210.jpg,orb,1735,2000,14,6,0.4286,0.0081,41.9286,0.0618,0.0313,,low_light,1,11.67984538372384,0.0070140280561122245
00e9be89-00001210.jpg,00e9be89-00001215.jpg,orb,2000,1996,54,28,0.5185,0.0271,40.7407,0.0644,0.0512,,low_light,1,11.502302905568628,0.027
00e9be89-00001215.jpg,00e9be89-00001220.jpg,orb,1996,2000,16,7,0.4375,0.008,43.875,0.0728,0.0321,,low_light,1,11.104311997721226,0.008
00e9be89-00001220.jpg,00e9be89-00001225.jpg,orb,2000,2000,17,1,0.0588,0.0085,42.8824,0.0717,0.0318,,low_light,1,11.14160068670456,0.0085
00e9be89-00001225.jpg,00e9be89-00001230.jpg,orb,2000,2000,9,6,0.6667,0.0045,40.2222,0.0623,0.0334,,low_light,1,11.47072445316311,0.0045
00e9be89-00001230.jpg,00e9be89-00001240.jpg,orb,2000,1742,69,44,0.6377,0.0396,37.3188,0.0594,0.0286,,low_light,1,11.505333755848286,0.03793293018141836
00e9be89-00001240.jpg,00e9be89-00001245.jpg,orb,1742,2000,23,11,0.4783,0.0132,40.8261,0.0562,0.0288,,low_light,1,11.31889598189564,0.012644310060472787
00e9be89-00001245.jpg,00e9be89-00001250.jpg,orb,2000,1993,13,0,0.0,0.0065,45.8462,0.0582,0.0311,,low_light,1,11.471417067127256,0.0065
00e9be89-00001250.jpg,00e9be89-00001255.jpg,orb,1993,2000,51,23,0.451,0.0256,36.098,0.0595,0.0319,,low_light,1,11.770370374835077,0.0255
00e9be89-00001255.jpg,00e9be89-00001260.jpg,orb,2000,2000,38,32,0.8421,0.019,33.3421,0.0629,0.0264,,low_light,1,11.78985478216746,0.019
00e9be89-00001260.jpg,00e9be89-00001265.jpg,orb,2000,2000,46,32,0.6957,0.023,36.0435,0.0638,0.0317,,low_light,1,11.475621317596769,0.023
00e9be89-00001265.jpg,00e9be89-00001270.jpg,orb,2000,2000,9,5,0.5556,0.0045,45.7778,0.0637,0.0303,,low_light,1,10.802541672650117,0.0045
00e9be89-00001270.jpg,00e9be89-00001275.jpg,orb,2000,2000,18,7,0.3889,0.009,41.3333,0.0707,0.0422,,low_light,1,10.689047342245336,0.009
00e9be89-00001275.jpg,00e9be89-00001280.jpg,orb,2000,2000,12,4,0.3333,0.006,44.8333,0.0707,0.0271,,low_light,1,10.162614393706946,0.006
00e9be89-00001280.jpg,00e9be89-00001285.jpg,orb,2000,2000,15,5,0.3333,0.0075,38.0667,0.0668,0.0342,,low_light,1,8.951244346260193,0.0075
00e9be89-00001285.jpg,00e9be89-00001290.jpg,orb,2000,2000,8,4,0.5,0.004,45.625,0.0621,0.0322,,low_light,1,9.287994843594532,0.004
00e9be89-00001290.jpg,00e9be89-00001295.jpg,orb,2000,1986,6,4,0.6667,0.003,41.5,0.0541,0.039,,low_light,1,9.403783798302602,0.003
00e9be89-00001295.jpg,00e9be89-00001305.jpg,orb,1986,2000,15,5,0.3333,0.0076,40.6667,0.0659,0.0313,,low_light,1,9.059694478684676,0.0075
00e9be89-00001305.jpg,00e9be89-00001310.jpg,orb,2000,2000,9,5,0.5556,0.0045,46.4444,0.0814,0.0265,,low_light,1,9.104915613470354,0.0045
00e9be89-00001310.jpg,00e9be89-00001315.jpg,orb,2000,2000,3,0,0.0,0.0015,45.3333,0.0656,0.0293,,low_light,1,8.435546844984664,0.0015
00e9be89-00001315.jpg,00e9be89-00001325.jpg,orb,2000,2000,50,15,0.3,0.025,33.58,0.084,0.0364,,low_light,1,8.119087927622521,0.025
00e9be89-00001325.jpg,00e9be89-00001330.jpg,orb,2000,2000,37,12,0.3243,0.0185,32.8919,0.0618,0.0306,,low_light,1,9.043594290824707,0.0185
00e9be89-00001330.jpg,00e9be89-00001335.jpg,orb,2000,2000,16,4,0.25,0.008,37.4375,0.0579,0.0332,,low_light,1,9.849930380757687,0.008
00e9be89-00001335.jpg,00e9be89-00001340.jpg,orb,2000,2000,19,6,0.3158,0.0095,39.3158,0.0609,0.0305,,low_light,1,10.243257885013223,0.0095
00e9be89-00001340.jpg,00e9be89-00001345.jpg,orb,2000,2000,14,6,0.4286,0.007,42.5,0.0628,0.0272,,low_light,1,10.492416985312282,0.007
00e9be89-00001345.jpg,00e9be89-00001350.jpg,orb,2000,2000,12,8,0.6667,0.006,43.1667,0.054,0.0309,,low_light,1,10.27325561451943,0.006
00e9be89-00001350.jpg,00e9be89-00001355.jpg,orb,2000,2000,15,9,0.6,0.0075,37.4667,0.0592,0.0275,,low_light,1,10.399666743242465,0.0075
00e9be89-00001355.jpg,00e9be89-00001360.jpg,orb,2000,1972,25,9,0.36,0.0127,43.64,0.0603,0.0265,,low_light,1,10.388977273911992,0.0125
00e9be89-00001360.jpg,00e9be89-00001365.jpg,orb,1972,2000,26,10,0.3846,0.0132,36.5769,0.0607,0.0303,,low_light,1,10.229732725268953,0.013
00e9be89-00001365.jpg,00e9be89-00001370.jpg,orb,2000,2000,40,20,0.5,0.02,32.625,0.1119,0.0452,,low_light,1,10.387333394556851,0.02
00e9be89-00001370.jpg,00e9be89-00001375.jpg,orb,2000,2000,318,157,0.4937,0.159,31.3082,0.0625,0.0349,,low_light,1,10.324005537259064,0.159
00e9be89-00001375.jpg,00e9be89-00001380.jpg,orb,2000,2000,358,166,0.4637,0.179,29.9134,0.0595,0.0332,,low_light,1,10.27706511476213,0.179
00e9be89-00001380.jpg,00e9be89-00001385.jpg,orb,2000,2000,274,137,0.5,0.137,28.8285,0.0576,0.0344,,low_light,1,10.414788882314994,0.137
00e9be89-00001385.jpg,00e9be89-00001390.jpg,orb,2000,2000,82,53,0.6463,0.041,29.6463,0.0573,0.029,,low_light,1,10.154059726536564,0.041
00e9be89-00001390.jpg,00e9be89-00001395.jpg,orb,2000,2000,117,74,0.6325,0.0585,29.6496,0.0601,0.0312,,low_light,1,9.939347046665922,0.0585
00e9be89-00001395.jpg,00e9be89-00001400.jpg,orb,2000,2000,165,84,0.5091,0.0825,30.2909,0.0609,0.0284,,low_light,1,10.103173762286833,0.0825
00e9be89-00001400.jpg,00e9be89-00001405.jpg,orb,2000,2000,151,74,0.4901,0.0755,29.6556,0.0605,0.0292,,low_light,1,10.216602078894194,0.0755
00e9be89-00001405.jpg,00e9be89-00001410.jpg,orb,2000,2000,132,72,0.5455,0.066,31.5152,0.0567,0.0324,,low_light,1,10.308369346150034,0.066
00e9be89-00001410.jpg,00e9be89-00001415.jpg,orb,2000,2000,237,78,0.3291,0.1185,30.6582,0.0634,0.0285,,low_light,1,10.318523286131438,0.1185
00e9be89-00001415.jpg,00e9be89-00001420.jpg,orb,2000,2000,135,51,0.3778,0.0675,32.4074,0.0621,0.0328,,low_light,1,10.15847586190851,0.0675
00e9be89-00001420.jpg,00e9be89-00001425.jpg,orb,2000,2000,121,61,0.5041,0.0605,30.5537,0.0658,0.0294,,low_light,1,9.977831018399687,0.0605
00e9be89-00001425.jpg,00e9be89-00001430.jpg,orb,2000,2000,159,76,0.478,0.0795,30.3333,0.0749,0.0322,,low_light,1,9.82444562609028,0.0795
00e9be89-00001430.jpg,00e9be89-00001440.jpg,orb,2000,2000,29,11,0.3793,0.0145,41.2759,0.058,0.0324,,low_light,1,10.050306989013924,0.0145
00e9be89-00001440.jpg,00e9be89-00001445.jpg,orb,2000,2000,102,50,0.4902,0.051,32.0588,0.0602,0.0321,,low_light,1,10.161622878420603,0.051
00e9be89-00001445.jpg,00e9be89-00001450.jpg,orb,2000,2000,38,16,0.4211,0.019,36.8158,0.0612,0.029,,low_light,1,9.810082569370344,0.019
00e9be89-00001450.jpg,00e9be89-00001455.jpg,orb,2000,2000,96,69,0.7188,0.048,34.2292,0.0645,0.0293,,low_light,1,10.085760810144224,0.048
00e9be89-00001455.jpg,00e9be89-00001460.jpg,orb,2000,2000,196,132,0.6735,0.098,31.8673,0.0558,0.0281,,low_light,1,10.632453230963767,0.098
00e9be89-00001460.jpg,00e9be89-00001465.jpg,orb,2000,2000,221,197,0.8914,0.1105,29.0407,0.0557,0.0287,,low_light,1,10.60050825393515,0.1105
00e9be89-00001465.jpg,00e9be89-00001470.jpg,orb,2000,2000,26,8,0.3077,0.013,35.9231,0.0598,0.0302,,low_light,1,10.715981287720322,0.013
00e9be89-00001470.jpg,00e9be89-00001475.jpg,orb,2000,2000,128,75,0.5859,0.064,31.2422,0.068,0.0352,,low_light,1,10.872444778382436,0.064
00e9be89-00001475.jpg,00e9be89-00001480.jpg,orb,2000,2000,39,17,0.4359,0.0195,33.1282,0.0579,0.0282,,low_light,1,10.71682328028726,0.0195
00e9be89-00001480.jpg,00e9be89-00001485.jpg,orb,2000,2000,58,26,0.4483,0.029,36.2931,0.0586,0.0299,,low_light,1,11.125586988492518,0.029
00e9be89-00001485.jpg,00e9be89-00001490.jpg,orb,2000,2000,63,28,0.4444,0.0315,28.127,0.0586,0.0304,,low_light,1,11.759503987407358,0.0315
00e9be89-00001490.jpg,00e9be89-00001495.jpg,orb,2000,2000,650,630,0.9692,0.325,19.2308,0.0568,0.0292,,low_light,1,11.849478362827972,0.325
00e9be89-00001495.jpg,00e9be89-00001500.jpg,orb,2000,2000,833,820,0.9844,0.4165,15.9496,0.0578,0.0317,,low_light,1,11.856981711995996,0.4165
00e9be89-00001500.jpg,00e9be89-00001505.jpg,orb,2000,2000,423,316,0.747,0.2115,24.0686,0.0537,0.0325,,low_light,1,11.86625497387731,0.2115
00e9be89-00001505.jpg,00e9be89-00001510.jpg,orb,2000,2000,60,31,0.5167,0.03,36.45,0.0625,0.0262,,low_light,1,11.80349682622566,0.03
00e9be89-00001510.jpg,00e9be89-00001515.jpg,orb,2000,2000,60,25,0.4167,0.03,36.2667,0.0554,0.0324,,low_light,1,11.564480528002608,0.03
00e9be89-00001515.jpg,00e9be89-00001520.jpg,orb,2000,2000,24,8,0.3333,0.012,38.4583,0.0594,0.0383,,low_light,1,11.21001622011331,0.012
00e9be89-00001520.jpg,00e9be89-00001525.jpg,orb,2000,2000,95,54,0.5684,0.0475,32.6421,0.0648,0.026,,low_light,1,11.192657136880388,0.0475
00e9be89-00001525.jpg,00e9be89-00001535.jpg,orb,2000,2000,15,5,0.3333,0.0075,41.3333,0.0621,0.0336,,low_light,1,11.267205391419104,0.0075
00e9be89-00001535.jpg,00e9be89-00001540.jpg,orb,2000,2000,23,9,0.3913,0.0115,40.7391,0.0775,0.0359,,low_light,1,10.471680935871408,0.0115
00e9be89-00001540.jpg,00e9be89-00001545.jpg,orb,2000,2000,22,14,0.6364,0.011,33.1818,0.0657,0.0303,,low_light,1,10.042786566186445,0.011
00e9be89-00001545.jpg,00e9be89-00001550.jpg,orb,2000,1998,303,223,0.736,0.1517,28.2871,0.067,0.03,,low_light,1,10.32481604966189,0.1515
00e9be89-00001550.jpg,00e9be89-00001555.jpg,orb,1998,2000,357,344,0.9636,0.1787,21.7199,0.0625,0.028,,low_light,1,10.328047352115767,0.1785
00e9be89-00001555.jpg,00e9be89-00001560.jpg,orb,2000,1984,334,296,0.8862,0.1683,21.509,0.0613,0.0299,,low_light,1,10.330704771479711,0.167
00e9be89-00001560.jpg,00e9be89-00001565.jpg,orb,1984,1973,514,456,0.8872,0.2605,22.4961,0.0628,0.0306,,low_light,1,10.355844421049376,0.257
00e9be89-00001565.jpg,00e9be89-00001570.jpg,orb,1973,2000,52,29,0.5577,0.0264,30.0962,0.0714,0.0337,,low_light,1,10.451475855319824,0.026
00e9be89-00001570.jpg,00e9be89-00001575.jpg,orb,2000,2000,81,28,0.3457,0.0405,35.7654,0.0667,0.0283,,low_light,1,10.540099903790022,0.0405
00e9be89-00001575.jpg,00e9be89-00001580.jpg,orb,2000,2000,98,68,0.6939,0.049,31.3367,0.0691,0.0308,,low_light,1,10.503073469335028,0.049
00e9be89-00001580.jpg,00e9be89-00001585.jpg,orb,2000,2000,42,19,0.4524,0.021,37.9048,0.0658,0.0306,,low_light,1,10.11737312309176,0.021
00e9be89-00001585.jpg,00e9be89-00001590.jpg,orb,2000,1991,25,8,0.32,0.0126,38.2,0.0641,0.0266,,low_light,1,9.45368935865961,0.0125
00e9be89-00001590.jpg,00e9be89-00001595.jpg,orb,1991,2000,24,7,0.2917,0.0121,41.75,0.0652,0.0318,,low_light,1,8.842803361587016,0.012
00e9be89-00001595.jpg,00e9be89-00001600.jpg,orb,2000,2000,30,15,0.5,0.015,39.5667,0.0602,0.0265,,low_light,1,9.058372165337516,0.015
00e9be89-00001600.jpg,00e9be89-00001605.jpg,orb,2000,2000,117,63,0.5385,0.0585,31.5556,0.0644,0.0283,,low_light,1,9.499510587297012,0.0585
00e9be89-00001605.jpg,00e9be89-00001610.jpg,orb,2000,2000,23,8,0.3478,0.0115,39.5652,0.0724,0.0348,,low_light,1,9.724295596397322,0.0115
00e9be89-00001610.jpg,00e9be89-00001620.jpg,orb,2000,2000,15,1,0.0667,0.0075,44.4667,0.0722,0.0299,,low_light,1,9.823110283103407,0.0075
00e9be89-00001620.jpg,00e9be89-00001625.jpg,orb,2000,2000,42,23,0.5476,0.021,35.2143,0.0675,0.0277,,low_light,1,9.847769998103024,0.021
00e9be89-00001625.jpg,00e9be89-00001630.jpg,orb,2000,2000,51,15,0.2941,0.0255,37.0784,0.0734,0.033,,low_light,1,10.11506411824501,0.0255
00e9be89-00001630.jpg,00e9be89-00001635.jpg,orb,2000,2000,18,7,0.3889,0.009,47.3889,0.0678,0.0342,,low_light,1,10.422811928793337,0.009
00e9be89-00001635.jpg,00e9be89-00001640.jpg,orb,2000,2000,21,7,0.3333,0.0105,44.8571,0.0637,0.0324,,low_light,1,9.567800060756204,0.0105
00e9be89-00001640.jpg,00e9be89-00001645.jpg,orb,2000,2000,12,4,0.3333,0.006,40.4167,0.0629,0.0264,,low_light,1,8.546962368157489,0.006
00e9be89-00001645.jpg,00e9be89-00001650.jpg,orb,2000,2000,17,6,0.3529,0.0085,30.7647,0.0563,0.0293,,low_light,1,8.891380781698457,0.0085
00e9be89-00001650.jpg,00e9be89-00001655.jpg,orb,2000,2000,16,5,0.3125,0.008,35.375,0.0683,0.0302,,low_light,1,8.961093480880873,0.008
00e9be89-00001655.jpg,00e9be89-00001665.jpg,orb,2000,2000,8,4,0.5,0.004,43.125,0.0872,0.0358,,low_light,1,9.790116804102064,0.004
00e9be89-00001665.jpg,00e9be89-00001670.jpg,orb,2000,2000,19,9,0.4737,0.0095,42.3684,0.0764,0.0325,,low_light,1,10.794399961492122,0.0095
00e9be89-00001670.jpg,00e9be89-00001675.jpg,orb,2000,2000,22,9,0.4091,0.011,37.5455,0.0604,0.0346,,low_light,1,10.55532803629228,0.011
00e9be89-00001675.jpg,00e9be89-00001680.jpg,orb,2000,2000,15,5,0.3333,0.0075,37.5333,0.0675,0.03,,low_light,1,10.327124915227031,0.0075
00e9be89-00001680.jpg,00e9be89-00001685.jpg,orb,2000,2000,17,5,0.2941,0.0085,40.4706,0.0685,0.0307,,low_light,1,10.68914371709359,0.0085
00e9be89-00001685.jpg,00e9be89-00001690.jpg,orb,2000,2000,14,4,0.2857,0.007,36.7857,0.0724,0.0279,,low_light,1,11.546319722152202,0.007
00e9be89-00001690.jpg,00e9be89-00001695.jpg,orb,2000,2000,21,7,0.3333,0.0105,40.9048,0.0638,0.0258,,low_light,1,12.00160316598783,0.0105
00e9be89-00001695.jpg,00e9be89-00001705.jpg,orb,2000,1998,16,10,0.625,0.008,36.9375,0.0597,0.0281,,low_light,1,11.640915120983273,0.008
00e9be89-00001705.jpg,00e9be89-00001710.jpg,orb,1998,1993,102,85,0.8333,0.0512,31.7157,0.0563,0.034,,low_light,1,11.224578654667702,0.051
00e9be89-00001710.jpg,00e9be89-00001715.jpg,orb,1993,2000,46,22,0.4783,0.0231,39.087,0.0645,0.0362,,low_light,1,11.048677437658217,0.023
00e9be89-00001715.jpg,00e9be89-00001720.jpg,orb,2000,1979,43,26,0.6047,0.0217,34.7907,0.0605,0.0304,,low_light,1,11.086436996526071,0.02154308617234469
00e9be89-00001720.jpg,00e9be89-00001725.jpg,orb,1979,1995,67,50,0.7463,0.0339,34.5821,0.0532,0.0284,,low_light,1,11.185632405070931,0.03356713426853707
00e9be89-00001725.jpg,00e9be89-00001730.jpg,orb,1995,1990,75,57,0.76,0.0377,33.9467,0.056,0.0275,,low_light,1,11.152240961790552,0.0375
00e9be89-00001730.jpg,00e9be89-00001740.jpg,orb,1990,2000,14,6,0.4286,0.007,38.4286,0.0569,0.0267,,low_light,1,11.161769711500714,0.007
00e9be89-00001740.jpg,00e9be89-00001745.jpg,orb,2000,2000,12,5,0.4167,0.006,42.5833,0.0665,0.0303,,low_light,1,10.7187172534946,0.006
00e9be89-00001745.jpg,00e9be89-00001750.jpg,orb,2000,2000,16,5,0.3125,0.008,42.625,0.0709,0.0302,,low_light,1,10.362544265533831,0.008
00e9be89-00001750.jpg,00e9be89-00001755.jpg,orb,2000,2000,56,39,0.6964,0.028,35.7857,0.0564,0.0295,,low_light,1,10.740126792995486,0.028
00e9be89-00001755.jpg,00e9be89-00001760.jpg,orb,2000,2000,25,14,0.56,0.0125,37.04,0.0619,0.0314,,low_light,1,10.965302341730236,0.0125
00e9be89-00001760.jpg,00e9be89-00001765.jpg,orb,2000,2000,17,9,0.5294,0.0085,38.8235,0.0618,0.026,,low_light,1,10.475582291561492,0.0085
00e9be89-00001765.jpg,00e9be89-00001770.jpg,orb,2000,2000,33,16,0.4848,0.0165,34.6364,0.0667,0.0332,,low_light,1,10.03137923559671,0.0165
00e9be89-00001770.jpg,00e9be89-00001775.jpg,orb,2000,2000,52,36,0.6923,0.026,36.25,0.0633,0.03,,low_light,1,10.068142161537924,0.026
00e9be89-00001775.jpg,00e9be89-00001780.jpg,orb,2000,2000,34,21,0.6176,0.017,37.3529,0.0602,0.0315,,low_light,1,10.455930453838064,0.017
00e9be89-00001780.jpg,00e9be89-00001785.jpg,orb,2000,2000,58,42,0.7241,0.029,35.5172,0.065,0.0266,,low_light,1,10.558831577783144,0.029
00e9be89-00001785.jpg,00e9be89-00001795.jpg,orb,2000,2000,51,31,0.6078,0.0255,35.7255,0.05,0.0278,,low_light,1,10.0367830096334,0.0255
00e9be89-00001795.jpg,00e9be89-00001800.jpg,orb,2000,2000,911,896,0.9835,0.4555,19.9341,0.0571,0.0272,,low_light,1,10.188873585934829,0.4555
00e9be89-00001800.jpg,00e9be89-00001810.jpg,orb,2000,2000,244,115,0.4713,0.122,30.3975,0.0605,0.0293,,low_light,1,10.550283205547537,0.122
00e9be89-00001810.jpg,00e9be89-00001815.jpg,orb,2000,2000,181,105,0.5801,0.0905,29.5746,0.0626,0.0272,,low_light,1,10.506365920138336,0.0905
00e9be89-00001815.jpg,00e9be89-00001820.jpg,orb,2000,2000,61,30,0.4918,0.0305,36.6557,0.0558,0.0264,,low_light,1,10.541770241410836,0.0305
00e9be89-00001820.jpg,00e9be89-00001825.jpg,orb,2000,2000,71,26,0.3662,0.0355,36.4366,0.0526,0.0322,,low_light,1,10.451585072122098,0.0355
00e9be89-00001825.jpg,00e9be89-00001830.jpg,orb,2000,2000,39,20,0.5128,0.0195,38.1026,0.0692,0.0327,,low_light,1,10.329460634862242,0.0195
00e9be89-00001830.jpg,00e9be89-00001840.jpg,orb,2000,2000,20,7,0.35,0.01,38.4,0.0673,0.031,,low_light,1,10.156370794694071,0.01
00e9be89-00001840.jpg,00e9be89-00001845.jpg,orb,2000,2000,1165,1146,0.9837,0.5825,17.2618,0.0683,0.0273,,low_light,1,10.012145696654294,0.5825
00e9be89-00001845.jpg,00e9be89-00001865.jpg,orb,2000,2000,961,947,0.9854,0.4805,19.6025,0.0646,0.026,,low_light,1,9.986690985199884,0.4805
00e9be89-00001865.jpg,00e9be89-00001870.jpg,orb,2000,2000,993,984,0.9909,0.4965,20.1501,0.0667,0.0292,,low_light,1,10.066440293407911,0.4965
00e9be89-00001870.jpg,00e9be89-00001875.jpg,orb,2000,2000,1050,1038,0.9886,0.525,16.6333,0.0651,0.0287,,low_light,1,10.087023108131344,0.525
00e9be89-00001875.jpg,00e9be89-00001885.jpg,orb,2000,2000,1029,1011,0.9825,0.5145,18.9281,0.0642,0.0268,,low_light,1,9.979292480175644,0.5145
00e9be89-00001885.jpg,00e9be89-00001890.jpg,orb,2000,2000,1105,1093,0.9891,0.5525,17.0606,0.0624,0.029,,low_light,1,9.951406766169674,0.5525
00e9be89-00001890.jpg,00e9be89-00001895.jpg,orb,2000,2000,1079,1064,0.9861,0.5395,16.7627,0.0629,0.0301,,low_light,1,9.979389995946937,0.5395
00e9be89-00001895.jpg,00e9be89-00001900.jpg,orb,2000,2000,1091,1073,0.9835,0.5455,17.7754,0.0668,0.0353,,low_light,1,10.010301516124471,0.5455
00e9be89-00001900.jpg,00e9be89-00001905.jpg,orb,2000,2000,345,205,0.5942,0.1725,28.7333,0.0673,0.0321,,low_light,1,10.041943409006771,0.1725
00e9be89-00001905.jpg,00e9be89-00001915.jpg,orb,2000,2000,28,13,0.4643,0.014,32.5714,0.0636,0.0293,,low_light,1,10.103819838505864,0.014
00e9be89-00000015.jpg,00e9be89-00000100.jpg,orb,2000,2000,8,4,0.5,0.004,44.625,0.0773,0.0307,C:\Users\amit\Project_digital_image_processing__Amit_Alon\outputs\visualizations\task2\degraded_visualizations\low_light\level_2\match_00e9be89-00000015__00e9be89-00000100.png,low_light,2,7.509548267178919,0.004
00e9be89-00000100.jpg,00e9be89-00000105.jpg,orb,2000,2000,1002,995,0.993,0.501,22.8433,0.0707,0.0264,,low_light,2,7.855458670626554,0.501
00e9be89-00000105.jpg,00e9be89-00000110.jpg,orb,2000,2000,1071,1058,0.9879,0.5355,20.6928,0.0638,0.0286,,low_light,2,7.848972390001773,0.5355
00e9be89-00000110.jpg,00e9be89-00000115.jpg,orb,2000,2000,1077,1064,0.9879,0.5385,21.1606,0.0694,0.028,,low_light,2,7.850901541664976,0.5385
00e9be89-00000115.jpg,00e9be89-00000120.jpg,orb,2000,2000,1199,1190,0.9925,0.5995,17.5571,0.0625,0.0259,,low_light,2,7.857153644309414,0.5995
00e9be89-00000120.jpg,00e9be89-00000125.jpg,orb,2000,2000,685,674,0.9839,0.3425,27.4117,0.0764,0.0315,,low_light,2,7.712471621455733,0.3425
00e9be89-00000125.jpg,00e9be89-00000130.jpg,orb,2000,2000,807,800,0.9913,0.4035,21.777,0.0755,0.0388,,low_light,2,7.613152398419573,0.4035
00e9be89-00000130.jpg,00e9be89-00000135.jpg,orb,2000,2000,934,928,0.9936,0.467,21.3062,0.0779,0.0315,,low_light,2,7.736870131691941,0.467
00e9be89-00000135.jpg,00e9be89-00000140.jpg,orb,2000,2000,1037,1027,0.9904,0.5185,21.0858,0.064,0.0273,,low_light,2,7.820808490704053,0.5185
00e9be89-00000140.jpg,00e9be89-00000145.jpg,orb,2000,2000,248,205,0.8266,0.124,33.5,0.0685,0.0263,,low_light,2,7.833020858330293,0.124
00e9be89-00000145.jpg,00e9be89-00000150.jpg,orb,2000,2000,9,4,0.4444,0.0045,42.6667,0.0687,0.0267,,low_light,2,7.510405823859656,0.0045
00e9be89-00000150.jpg,00e9be89-00000160.jpg,orb,2000,2000,3,0,0.0,0.0015,40.0,0.0729,0.0304,,low_light,2,7.348998354498447,0.0015
00e9be89-00000160.jpg,00e9be89-00000165.jpg,orb,2000,2000,14,3,0.2143,0.007,44.4286,0.0653,0.0281,,low_light,2,7.61518694019289,0.007
00e9be89-00000165.jpg,00e9be89-00000175.jpg,orb,2000,2000,3,0,0.0,0.0015,40.0,0.0603,0.0264,,low_light,2,7.668322625066623,0.0015
00e9be89-00000175.jpg,00e9be89-00000190.jpg,orb,2000,2000,8,4,0.5,0.004,42.0,0.0595,0.0282,,low_light,2,7.4736021656255165,0.004
00e9be89-00000190.jpg,00e9be89-00001000.jpg,orb,2000,1986,5,4,0.8,0.0025,38.4,0.0538,0.0295,,low_light,2,7.596372276830179,0.0025
00e9be89-00001000.jpg,00e9be89-00001005.jpg,orb,1986,1886,22,6,0.2727,0.0117,37.2727,0.056,0.0279,,low_light,2,7.833738326513153,0.011
00e9be89-00001005.jpg,00e9be89-00001010.jpg,orb,1886,1966,12,5,0.4167,0.0064,45.3333,0.052,0.0284,,low_light,2,7.9633400511103165,0.006
00e9be89-00001010.jpg,00e9be89-00001015.jpg,orb,1966,1901,14,5,0.3571,0.0074,41.3571,0.0499,0.026,,low_light,2,8.119748743464505,0.007028112449799197
00e9be89-00001015.jpg,00e9be89-00001020.jpg,orb,1901,2000,19,8,0.4211,0.01,41.8421,0.0543,0.0269,,low_light,2,8.075085000582819,0.009538152610441768
00e9be89-00001020.jpg,00e9be89-00001025.jpg,orb,2000,1991,21,7,0.3333,0.0105,40.4286,0.0534,0.0295,,low_light,2,8.091517025057602,0.0105
00e9be89-00001025.jpg,00e9be89-00001030.jpg,orb,1991,1963,34,12,0.3529,0.0173,38.6471,0.0525,0.0263,,low_light,2,8.120655406535587,0.017
00e9be89-00001030.jpg,00e9be89-00001035.jpg,orb,1963,1960,65,35,0.5385,0.0332,36.7231,0.0521,0.0243,,low_light,2,8.120243717236471,0.0325
00e9be89-00001035.jpg,00e9be89-00001040.jpg,orb,1960,1878,117,80,0.6838,0.0623,36.5556,0.0516,0.0271,,low_light,2,8.1466767035893,0.0585
00e9be89-00001040.jpg,00e9be89-00001045.jpg,orb,1878,1904,190,101,0.5316,0.1012,36.5316,0.048,0.0243,,low_light,2,8.148601685006334,0.095
00e9be89-00001045.jpg,00e9be89-00001050.jpg,orb,1904,1952,71,26,0.3662,0.0373,38.662,0.0462,0.0254,,low_light,2,8.153168567179666,0.0355
00e9be89-00001050.jpg,00e9be89-00001055.jpg,orb,1952,1962,98,31,0.3163,0.0502,38.4796,0.0521,0.0273,,low_light,2,8.147358877404788,0.049
00e9be89-00001055.jpg,00e9be89-00001060.jpg,orb,1962,1976,138,64,0.4638,0.0703,37.2246,0.0475,0.0302,,low_light,2,8.174464187154648,0.069
00e9be89-00001060.jpg,00e9be89-00001065.jpg,orb,1976,2000,82,69,0.8415,0.0415,37.4878,0.056,0.0254,,low_light,2,8.263681613742826,0.041
00e9be89-00001065.jpg,00e9be89-00001070.jpg,orb,2000,2000,135,109,0.8074,0.0675,35.7111,0.0547,0.0277,,low_light,2,8.276850394210069,0.0675
00e9be89-00001070.jpg,00e9be89-00001075.jpg,orb,2000,2000,61,36,0.5902,0.0305,37.1311,0.0566,0.0286,,low_light,2,8.094832038199506,0.0305
00e9be89-00001075.jpg,00e9be89-00001080.jpg,orb,2000,1993,32,17,0.5312,0.0161,38.625,0.0588,0.0254,,low_light,2,8.115304591176908,0.016
00e9be89-00001080.jpg,00e9be89-00001090.jpg,orb,1993,2000,37,21,0.5676,0.0186,37.1351,0.0532,0.0273,,low_light,2,8.342141537385144,0.0185
00e9be89-00001090.jpg,00e9be89-00001095.jpg,orb,2000,2000,74,51,0.6892,0.037,32.5676,0.056,0.0291,,low_light,2,8.392218240889033,0.037
00e9be89-00001095.jpg,00e9be89-00001100.jpg,orb,2000,2000,72,41,0.5694,0.036,37.3194,0.0501,0.0282,,low_light,2,8.330984846854847,0.036
00e9be89-00001100.jpg,00e9be89-00001105.jpg,orb,2000,2000,19,8,0.4211,0.0095,41.8421,0.0538,0.0264,,low_light,2,8.219632292679247,0.0095
00e9be89-00001105.jpg,00e9be89-00001115.jpg,orb,2000,2000,27,12,0.4444,0.0135,39.1852,0.0654,0.0366,,low_light,2,7.841375786366089,0.0135
00e9be89-00001115.jpg,00e9be89-00001125.jpg,orb,2000,2000,19,6,0.3158,0.0095,43.2632,0.0547,0.031,,low_light,2,7.894482070366544,0.0095
00e9be89-00001125.jpg,00e9be89-00001130.jpg,orb,2000,2000,49,27,0.551,0.0245,36.1837,0.0639,0.0298,,low_light,2,8.119537071597573,0.0245
00e9be89-00001130.jpg,00e9be89-00001135.jpg,orb,2000,2000,51,35,0.6863,0.0255,36.1176,0.0619,0.0265,,low_light,2,8.186131022324362,0.0255
00e9be89-00001135.jpg,00e9be89-00001140.jpg,orb,2000,2000,58,42,0.7241,0.029,34.8621,0.056,0.0313,,low_light,2,8.380181721962208,0.029
00e9be89-00001140.jpg,00e9be89-00001150.jpg,orb,2000,2000,41,28,0.6829,0.0205,32.3902,0.0546,0.0279,,low_light,2,8.401539193907777,0.0205
00e9be89-00001150.jpg,00e9be89-00001155.jpg,orb,2000,2000,90,63,0.7,0.045,33.9222,0.0562,0.0281,,low_light,2,8.44713928570824,0.045
00e9be89-00001155.jpg,00e9be89-00001160.jpg,orb,2000,2000,76,29,0.3816,0.038,32.6053,0.0535,0.0307,,low_light,2,8.45923580090172,0.038
00e9be89-00001160.jpg,00e9be89-00001165.jpg,orb,2000,2000,26,10,0.3846,0.013,42.5,0.05,0.0266,,low_light,2,8.481898679042018,0.013
00e9be89-00001165.jpg,00e9be89-00001170.jpg,orb,2000,2000,68,44,0.6471,0.034,38.8529,0.0548,0.0325,,low_light,2,8.475950432772539,0.034
00e9be89-00001170.jpg,00e9be89-00001175.jpg,orb,2000,2000,46,32,0.6957,0.023,38.4783,0.0552,0.0324,,low_light,2,8.471280032576754,0.023
00e9be89-00001175.jpg,00e9be89-00001180.jpg,orb,2000,2000,87,54,0.6207,0.0435,38.3103,0.0535,0.0315,,low_light,2,8.491549198750967,0.0435
00e9be89-00001180.jpg,00e9be89-00001185.jpg,orb,2000,2000,38,21,0.5526,0.019,41.3684,0.0645,0.032,,low_light,2,8.441286263893202,0.019
00e9be89-00001185.jpg,00e9be89-00001190.jpg,orb,2000,2000,17,6,0.3529,0.0085,43.7647,0.0609,0.0287,,low_light,2,8.358400260006473,0.0085
00e9be89-00001190.jpg,00e9be89-00001195.jpg,orb,2000,2000,13,2,0.1538,0.0065,44.3077,0.0629,0.029,,low_light,2,7.730317111583162,0.0065
00e9be89-00001195.jpg,00e9be89-00001200.jpg,orb,2000,1942,11,4,0.3636,0.0057,42.7273,0.06,0.0302,,low_light,2,7.833979855567374,0.0055359838953195776
00e9be89-00001200.jpg,00e9be89-00001205.jpg,orb,1942,1322,29,10,0.3448,0.0219,41.9655,0.0538,0.0189,,low_light,2,8.50565486849903,0.01459486663311525
00e9be89-00001205.jpg,00e9be89-00001210.jpg,orb,1322,1997,17,6,0.3529,0.0129,42.8824,0.05,0.0183,,low_light,2,8.4751473595031,0.008517034068136272
00e9be89-00001210.jpg,00e9be89-00001215.jpg,orb,1997,1955,43,26,0.6047,0.022,40.7442,0.05,0.0319,,low_light,2,8.36550689549207,0.0215
00e9be89-00001215.jpg,00e9be89-00001220.jpg,orb,1955,2000,12,8,0.6667,0.0061,44.8333,0.0683,0.0295,,low_light,2,8.134918847910889,0.006
00e9be89-00001220.jpg,00e9be89-00001225.jpg,orb,2000,1992,24,5,0.2083,0.012,46.0,0.0636,0.0304,,low_light,2,8.152017389374503,0.012
00e9be89-00001225.jpg,00e9be89-00001230.jpg,orb,1992,2000,11,3,0.2727,0.0055,44.4545,0.0562,0.0336,,low_light,2,8.339869334719339,0.0055
00e9be89-00001230.jpg,00e9be89-00001240.jpg,orb,2000,1480,80,50,0.625,0.0541,38.6125,0.0501,0.0231,,low_light,2,8.362665966832767,0.0439802089059923
00e9be89-00001240.jpg,00e9be89-00001245.jpg,orb,1480,2000,20,10,0.5,0.0135,39.25,0.0543,0.0203,,low_light,2,8.249485491970297,0.010995052226498075
00e9be89-00001245.jpg,00e9be89-00001250.jpg,orb,2000,1966,16,7,0.4375,0.0081,45.4375,0.0592,0.0304,,low_light,2,8.339831200975762,0.008
00e9be89-00001250.jpg,00e9be89-00001255.jpg,orb,1966,2000,44,22,0.5,0.0224,35.3864,0.0627,0.0279,,low_light,2,8.51438513522892,0.022
00e9be89-00001255.jpg,00e9be89-00001260.jpg,orb,2000,2000,40,28,0.7,0.02,34.075,0.0597,0.0269,,low_light,2,8.535922162546367,0.02
00e9be89-00001260.jpg,00e9be89-00001265.jpg,orb,2000,2000,44,34,0.7727,0.022,34.75,0.0633,0.0297,,low_light,2,8.393145233109395,0.022
00e9be89-00001265.jpg,00e9be89-00001270.jpg,orb,2000,1979,10,4,0.4,0.0051,45.2,0.0563,0.0284,,low_light,2,8.028772139885142,0.005
00e9be89-00001270.jpg,00e9be89-00001275.jpg,orb,1979,2000,13,5,0.3846,0.0066,41.8462,0.0638,0.0315,,low_light,2,7.961211420076388,0.0065
00e9be89-00001275.jpg,00e9be89-00001280.jpg,orb,2000,2000,11,4,0.3636,0.0055,45.5455,0.0689,0.0289,,low_light,2,7.634061289392,0.0055
00e9be89-00001280.jpg,00e9be89-00001285.jpg,orb,2000,1981,13,6,0.4615,0.0066,40.6154,0.0603,0.0276,,low_light,2,6.866954389211204,0.0065
00e9be89-00001285.jpg,00e9be89-00001290.jpg,orb,1981,2000,12,5,0.4167,0.0061,42.0,0.057,0.0265,,low_light,2,7.084967952745776,0.006
00e9be89-00001290.jpg,00e9be89-00001295.jpg,orb,2000,1933,12,4,0.3333,0.0062,42.0833,0.0542,0.0244,,low_light,2,7.1578903296657215,0.006
00e9be89-00001295.jpg,00e9be89-00001305.jpg,orb,1933,2000,15,6,0.4,0.0078,40.4,0.0625,0.0249,,low_light,2,6.925629563124692,0.0075
00e9be89-00001305.jpg,00e9be89-00001310.jpg,orb,2000,2000,8,4,0.5,0.004,45.0,0.0707,0.0333,,low_light,2,6.945817426141685,0.004
00e9be89-00001310.jpg,00e9be89-00001315.jpg,orb,2000,2000,6,0,0.0,0.003,39.3333,0.0633,0.0281,,low_light,2,6.506224346623592,0.003
00e9be89-00001315.jpg,00e9be89-00001325.jpg,orb,2000,2000,47,16,0.3404,0.0235,31.1064,0.0559,0.0305,,low_light,2,6.328783741562893,0.0235
00e9be89-00001325.jpg,00e9be89-00001330.jpg,orb,2000,1985,38,12,0.3158,0.0191,34.5526,0.0622,0.0314,,low_light,2,7.013461412348674,0.019
00e9be89-00001330.jpg,00e9be89-00001335.jpg,orb,1985,1972,17,5,0.2941,0.0086,37.7647,0.0541,0.033,,low_light,2,7.486857592187618,0.0085
00e9be89-00001335.jpg,00e9be89-00001340.jpg,orb,1972,2000,13,6,0.4615,0.0066,41.3077,0.0532,0.0318,,low_light,2,7.635261645738546,0.0065
00e9be89-00001340.jpg,00e9be89-00001345.jpg,orb,2000,2000,12,6,0.5,0.006,40.5,0.0563,0.0277,,low_light,2,7.81529842580044,0.006
00e9be89-00001345.jpg,00e9be89-00001350.jpg,orb,2000,1966,10,7,0.7,0.0051,41.1,0.056,0.0287,,low_light,2,7.69938473425209,0.005
00e9be89-00001350.jpg,00e9be89-00001355.jpg,orb,1966,1997,14,0,0.0,0.0071,36.7857,0.0499,0.0316,,low_light,2,7.767257114243444,0.007
00e9be89-00001355.jpg,00e9be89-00001360.jpg,orb,1997,1914,23,9,0.3913,0.012,43.6957,0.0539,0.0299,,low_light,2,7.741808118725276,0.0115
00e9be89-00001360.jpg,00e9be89-00001365.jpg,orb,1914,1991,26,11,0.4231,0.0136,36.8077,0.0584,0.0304,,low_light,2,7.643296512787542,0.013
00e9be89-00001365.jpg,00e9be89-00001370.jpg,orb,1991,2000,44,25,0.5682,0.0221,32.7273,0.0586,0.0261,,low_light,2,7.747000254834521,0.022
00e9be89-00001370.jpg,00e9be89-00001375.jpg,orb,2000,2000,305,161,0.5279,0.1525,31.7213,0.0544,0.0283,,low_light,2,7.703603693548982,0.1525
00e9be89-00001375.jpg,00e9be89-00001380.jpg,orb,2000,1961,356,152,0.427,0.1815,29.8399,0.0558,0.0314,,low_light,2,7.670543365366547,0.178
00e9be89-00001380.jpg,00e9be89-00001385.jpg,orb,1961,1996,260,128,0.4923,0.1326,29.6731,0.0606,0.032,,low_light,2,7.763655444830459,0.13
00e9be89-00001385.jpg,00e9be89-00001390.jpg,orb,1996,2000,84,61,0.7262,0.0421,30.2024,0.0555,0.0295,,low_light,2,7.602225738406474,0.042
00e9be89-00001390.jpg,00e9be89-00001395.jpg,orb,2000,2000,124,75,0.6048,0.062,30.0968,0.0603,0.033,,low_light,2,7.464570823516941,0.062
00e9be89-00001395.jpg,00e9be89-00001400.jpg,orb,2000,2000,174,75,0.431,0.087,30.1494,0.0576,0.028,,low_light,2,7.564625783576206,0.087
00e9be89-00001400.jpg,00e9be89-00001405.jpg,orb,2000,2000,146,66,0.4521,0.073,31.0342,0.0556,0.0323,,low_light,2,7.638492543172033,0.073
00e9be89-00001405.jpg,00e9be89-00001410.jpg,orb,2000,2000,140,72,0.5143,0.07,31.7571,0.0605,0.0301,,low_light,2,7.691632907138933,0.07
00e9be89-00001410.jpg,00e9be89-00001415.jpg,orb,2000,2000,232,79,0.3405,0.116,30.2974,0.0601,0.0307,,low_light,2,7.694843501004279,0.116
00e9be89-00001415.jpg,00e9be89-00001420.jpg,orb,2000,2000,127,50,0.3937,0.0635,31.8583,0.0526,0.0321,,low_light,2,7.601884468170284,0.0635
00e9be89-00001420.jpg,00e9be89-00001425.jpg,orb,2000,2000,125,74,0.592,0.0625,29.192,0.0607,0.0303,,low_light,2,7.48591011692322,0.0625
00e9be89-00001425.jpg,00e9be89-00001430.jpg,orb,2000,2000,156,71,0.4551,0.078,31.0321,0.0998,0.0362,,low_light,2,7.37754083495626,0.078
00e9be89-00001430.jpg,00e9be89-00001440.jpg,orb,2000,2000,29,11,0.3793,0.0145,40.1379,0.0583,0.0321,,low_light,2,7.517052898771472,0.0145
00e9be89-00001440.jpg,00e9be89-00001445.jpg,orb,2000,2000,96,50,0.5208,0.048,31.4479,0.0721,0.0566,,low_light,2,7.599891011561565,0.048
00e9be89-00001445.jpg,00e9be89-00001450.jpg,orb,2000,2000,46,18,0.3913,0.023,37.6957,0.0718,0.0422,,low_light,2,7.390490158189801,0.023
00e9be89-00001450.jpg,00e9be89-00001455.jpg,orb,2000,1922,91,60,0.6593,0.0473,34.5604,0.0565,0.0306,,low_light,2,7.587223392080844,0.0455
00e9be89-00001455.jpg,00e9be89-00001460.jpg,orb,1922,1939,201,118,0.5871,0.1046,32.7214,0.0537,0.0301,,low_light,2,7.941684863160567,0.1005
00e9be89-00001460.jpg,00e9be89-00001465.jpg,orb,1939,1926,225,191,0.8489,0.1168,29.0711,0.0523,0.0261,,low_light,2,7.906813846860709,0.1125
00e9be89-00001465.jpg,00e9be89-00001470.jpg,orb,1926,2000,19,6,0.3158,0.0099,38.6842,0.0569,0.0293,,low_light,2,7.951265240998211,0.0095
00e9be89-00001470.jpg,00e9be89-00001475.jpg,orb,2000,2000,123,72,0.5854,0.0615,31.8293,0.058,0.0341,,low_light,2,8.031472820851198,0.0615
00e9be89-00001475.jpg,00e9be89-00001480.jpg,orb,2000,2000,34,13,0.3824,0.017,33.4412,0.1119,0.0528,,low_light,2,7.949829143373808,0.017
00e9be89-00001480.jpg,00e9be89-00001485.jpg,orb,2000,2000,46,17,0.3696,0.023,37.2174,0.0657,0.0365,,low_light,2,8.184769061916288,0.023
00e9be89-00001485.jpg,00e9be89-00001490.jpg,orb,2000,2000,66,25,0.3788,0.033,27.4091,0.0585,0.0362,,low_light,2,8.550453256159596,0.033
00e9be89-00001490.jpg,00e9be89-00001495.jpg,orb,2000,2000,631,612,0.9699,0.3155,19.3518,0.0502,0.0317,,low_light,2,8.604991778394597,0.3155
00e9be89-00001495.jpg,00e9be89-00001500.jpg,orb,2000,2000,813,802,0.9865,0.4065,16.0172,0.0524,0.0261,,low_light,2,8.609091443862951,0.4065
00e9be89-00001500.jpg,00e9be89-00001505.jpg,orb,2000,2000,429,317,0.7389,0.2145,24.5012,0.0543,0.0301,,low_light,2,8.611912023157268,0.2145
00e9be89-00001505.jpg,00e9be89-00001510.jpg,orb,2000,2000,54,29,0.537,0.027,36.1667,0.0466,0.029,,low_light,2,8.575096857916359,0.027
00e9be89-00001510.jpg,00e9be89-00001515.jpg,orb,2000,2000,69,30,0.4348,0.0345,36.029,0.058,0.03,,low_light,2,8.454811983959129,0.0345
00e9be89-00001515.jpg,00e9be89-00001520.jpg,orb,2000,1984,26,10,0.3846,0.0131,39.0385,0.0555,0.0347,,low_light,2,8.277887516793296,0.013
00e9be89-00001520.jpg,00e9be89-00001525.jpg,orb,1984,2000,87,47,0.5402,0.0439,32.4713,0.0818,0.0497,,low_light,2,8.272264443336674,0.0435
00e9be89-00001525.jpg,00e9be89-00001535.jpg,orb,2000,2000,20,8,0.4,0.01,38.4,0.0647,0.0464,,low_light,2,8.315017539849123,0.01
00e9be89-00001535.jpg,00e9be89-00001540.jpg,orb,2000,2000,26,7,0.2692,0.013,40.3846,0.0578,0.0333,,low_light,2,7.8493416467936,0.013
00e9be89-00001540.jpg,00e9be89-00001545.jpg,orb,2000,1999,31,15,0.4839,0.0155,34.7742,0.0686,0.0388,,low_light,2,7.599649827006159,0.0155
00e9be89-00001545.jpg,00e9be89-00001550.jpg,orb,1999,1957,305,229,0.7508,0.1559,28.7869,0.0705,0.0279,,low_light,2,7.771668952422209,0.1525
00e9be89-00001550.jpg,00e9be89-00001555.jpg,orb,1957,1998,385,370,0.961,0.1967,22.0234,0.0577,0.0281,,low_light,2,7.7744530588027665,0.1925
00e9be89-00001555.jpg,00e9be89-00001560.jpg,orb,1998,1950,332,305,0.9187,0.1703,21.8133,0.0598,0.0342,,low_light,2,7.77520175248505,0.166
00e9be89-00001560.jpg,00e9be89-00001565.jpg,orb,1950,1940,482,431,0.8942,0.2485,21.7344,0.0598,0.0462,,low_light,2,7.790137392368372,0.241
00e9be89-00001565.jpg,00e9be89-00001570.jpg,orb,1940,2000,62,40,0.6452,0.032,30.4355,0.0621,0.0404,,low_light,2,7.843415546907817,0.031
00e9be89-00001570.jpg,00e9be89-00001575.jpg,orb,2000,2000,81,36,0.4444,0.0405,35.2099,0.0563,0.0276,,low_light,2,7.889548485763435,0.0405
00e9be89-00001575.jpg,00e9be89-00001580.jpg,orb,2000,2000,111,70,0.6306,0.0555,32.5946,0.0643,0.0321,,low_light,2,7.864386868087538,0.0555
00e9be89-00001580.jpg,00e9be89-00001585.jpg,orb,2000,2000,43,17,0.3953,0.0215,36.907,0.0578,0.0301,,low_light,2,7.622404710111463,0.0215
00e9be89-00001585.jpg,00e9be89-00001590.jpg,orb,2000,1939,27,7,0.2593,0.0139,40.6667,0.0537,0.0272,,low_light,2,7.193813561250243,0.0135
00e9be89-00001590.jpg,00e9be89-00001595.jpg,orb,1939,2000,16,6,0.375,0.0083,38.3125,0.0563,0.0276,,low_light,2,6.800271778962852,0.008
00e9be89-00001595.jpg,00e9be89-00001600.jpg,orb,2000,2000,34,15,0.4412,0.017,38.8824,0.0541,0.0261,,low_light,2,6.9323988815992905,0.017
00e9be89-00001600.jpg,00e9be89-00001605.jpg,orb,2000,1986,131,71,0.542,0.066,31.687,0.0536,0.0321,,low_light,2,7.206561818292181,0.0655
00e9be89-00001605.jpg,00e9be89-00001610.jpg,orb,1986,2000,33,8,0.2424,0.0166,41.303,0.0482,0.0296,,low_light,2,7.347734926100529,0.0165
00e9be89-00001610.jpg,00e9be89-00001620.jpg,orb,2000,2000,14,4,0.2857,0.007,45.5714,0.0618,0.0382,,low_light,2,7.4123941343375215,0.007
00e9be89-00001620.jpg,00e9be89-00001625.jpg,orb,2000,2000,47,21,0.4468,0.0235,36.1277,0.0599,0.0321,,low_light,2,7.404558682878923,0.0235
00e9be89-00001625.jpg,00e9be89-00001630.jpg,orb,2000,2000,51,17,0.3333,0.0255,35.8627,0.0543,0.0281,,low_light,2,7.543899105203544,0.0255
00e9be89-00001630.jpg,00e9be89-00001635.jpg,orb,2000,2000,21,7,0.3333,0.0105,46.1905,0.0618,0.0307,,low_light,2,7.746366956752132,0.0105
00e9be89-00001635.jpg,00e9be89-00001640.jpg,orb,2000,2000,10,4,0.4,0.005,42.5,0.0557,0.0301,,low_light,2,7.239858152565581,0.005
00e9be89-00001640.jpg,00e9be89-00001645.jpg,orb,2000,2000,10,4,0.4,0.005,40.5,0.0518,0.0261,,low_light,2,6.661123776574733,0.005
00e9be89-00001645.jpg,00e9be89-00001650.jpg,orb,2000,2000,25,7,0.28,0.0125,30.96,0.0583,0.0269,,low_light,2,6.926651907323214,0.0125
00e9be89-00001650.jpg,00e9be89-00001655.jpg,orb,2000,2000,16,5,0.3125,0.008,39.5,0.054,0.0278,,low_light,2,6.944627869911462,0.008
00e9be89-00001655.jpg,00e9be89-00001665.jpg,orb,2000,2000,11,4,0.3636,0.0055,45.9091,0.0603,0.0316,,low_light,2,7.395542862223301,0.0055
00e9be89-00001665.jpg,00e9be89-00001670.jpg,orb,2000,2000,18,8,0.4444,0.009,39.6667,0.0563,0.0296,,low_light,2,7.98904698543508,0.009
00e9be89-00001670.jpg,00e9be89-00001675.jpg,orb,2000,2000,23,7,0.3043,0.0115,41.2609,0.0684,0.0382,,low_light,2,7.852269350148377,0.0115
00e9be89-00001675.jpg,00e9be89-00001680.jpg,orb,2000,2000,21,5,0.2381,0.0105,38.8571,0.0517,0.0301,,low_light,2,7.711562700744214,0.0105
00e9be89-00001680.jpg,00e9be89-00001685.jpg,orb,2000,2000,20,6,0.3,0.01,38.45,0.0603,0.0341,,low_light,2,7.932179225203636,0.01
00e9be89-00001685.jpg,00e9be89-00001690.jpg,orb,2000,2000,18,5,0.2778,0.009,35.6667,0.0582,0.0276,,low_light,2,8.435953260912768,0.009
00e9be89-00001690.jpg,00e9be89-00001695.jpg,orb,2000,2000,23,8,0.3478,0.0115,39.913,0.0667,0.1274,,low_light,2,8.67366574203088,0.0115
00e9be89-00001695.jpg,00e9be89-00001705.jpg,orb,2000,1971,15,6,0.4,0.0076,41.4667,0.0632,0.0302,,low_light,2,8.472057644252011,0.0075
00e9be89-00001705.jpg,00e9be89-00001710.jpg,orb,1971,1957,98,70,0.7143,0.0501,31.9898,0.0646,0.0598,,low_light,2,8.251472013765284,0.049
00e9be89-00001710.jpg,00e9be89-00001715.jpg,orb,1957,2000,49,25,0.5102,0.025,36.9184,0.0542,0.0281,,low_light,2,8.153562356752932,0.0245
00e9be89-00001715.jpg,00e9be89-00001720.jpg,orb,2000,1933,46,28,0.6087,0.0238,36.3696,0.09,0.0522,,low_light,2,8.176474338291257,0.023046092184368736
00e9be89-00001720.jpg,00e9be89-00001725.jpg,orb,1933,1975,60,47,0.7833,0.031,34.5833,0.062,0.0402,,low_light,2,8.234101999003018,0.03006012024048096
00e9be89-00001725.jpg,00e9be89-00001730.jpg,orb,1975,1933,64,50,0.7812,0.0331,34.0469,0.0536,0.0342,,low_light,2,8.216326352035319,0.032
00e9be89-00001730.jpg,00e9be89-00001740.jpg,orb,1933,1996,18,6,0.3333,0.0093,37.7778,0.0563,0.0605,,low_light,2,8.226064965476464,0.009
00e9be89-00001740.jpg,00e9be89-00001745.jpg,orb,1996,2000,15,5,0.3333,0.0075,40.9333,0.0697,0.0453,,low_light,2,8.042035951476706,0.0075
00e9be89-00001745.jpg,00e9be89-00001750.jpg,orb,2000,1970,11,4,0.3636,0.0056,42.1818,0.1143,0.0649,,low_light,2,7.815722089844534,0.0055
00e9be89-00001750.jpg,00e9be89-00001755.jpg,orb,1970,2000,50,30,0.6,0.0254,35.48,0.065,0.0416,,low_light,2,7.942264947246721,0.025
00e9be89-00001755.jpg,00e9be89-00001760.jpg,orb,2000,2000,21,13,0.619,0.0105,38.0,0.1197,0.106,,low_light,2,8.070785918666097,0.0105
00e9be89-00001760.jpg,00e9be89-00001765.jpg,orb,2000,1975,13,4,0.3077,0.0066,40.0,0.0694,0.0426,,low_light,2,7.772114340925468,0.0065
00e9be89-00001765.jpg,00e9be89-00001770.jpg,orb,1975,1996,27,13,0.4815,0.0137,36.4815,0.0644,0.0355,,low_light,2,7.500157966237736,0.0135
00e9be89-00001770.jpg,00e9be89-00001775.jpg,orb,1996,2000,48,36,0.75,0.024,35.3125,0.0584,0.0377,,low_light,2,7.519403986338615,0.024
00e9be89-00001775.jpg,00e9be89-00001780.jpg,orb,2000,2000,35,27,0.7714,0.0175,34.1429,0.0709,0.0424,,low_light,2,7.764978396893536,0.0175
00e9be89-00001780.jpg,00e9be89-00001785.jpg,orb,2000,2000,68,43,0.6324,0.034,36.7647,0.0625,0.0405,,low_light,2,7.824119254915551,0.034
00e9be89-00001785.jpg,00e9be89-00001795.jpg,orb,2000,2000,52,28,0.5385,0.026,35.6923,0.071,0.0412,,low_light,2,7.478903651799387,0.026
00e9be89-00001795.jpg,00e9be89-00001800.jpg,orb,2000,2000,928,913,0.9838,0.464,20.2931,0.0546,0.0359,,low_light,2,7.580381270619426,0.464
00e9be89-00001800.jpg,00e9be89-00001810.jpg,orb,2000,2000,252,120,0.4762,0.126,31.1667,0.0783,0.0336,,low_light,2,7.819734643360135,0.126
00e9be89-00001810.jpg,00e9be89-00001815.jpg,orb,2000,2000,183,100,0.5464,0.0915,30.1803,0.0611,0.0406,,low_light,2,7.791767889387062,0.0915
00e9be89-00001815.jpg,00e9be89-00001820.jpg,orb,2000,2000,52,22,0.4231,0.026,35.9038,0.0645,0.061,,low_light,2,7.81204721505242,0.026
00e9be89-00001820.jpg,00e9be89-00001825.jpg,orb,2000,2000,75,26,0.3467,0.0375,37.0933,0.0766,0.054,,low_light,2,7.75608118861365,0.0375
00e9be89-00001825.jpg,00e9be89-00001830.jpg,orb,2000,2000,37,19,0.5135,0.0185,38.4324,0.0686,0.046,,low_light,2,7.688677123378014,0.0185
00e9be89-00001830.jpg,00e9be89-00001840.jpg,orb,2000,2000,34,8,0.2353,0.017,38.5294,0.067,0.0358,,low_light,2,7.594437339761466,0.017
00e9be89-00001840.jpg,00e9be89-00001845.jpg,orb,2000,2000,1179,1158,0.9822,0.5895,17.6336,0.075,0.0348,,low_light,2,7.510490449082065,0.5895
00e9be89-00001845.jpg,00e9be89-00001865.jpg,orb,2000,2000,981,964,0.9827,0.4905,19.8644,0.0729,0.0426,,low_light,2,7.495778003738815,0.4905
00e9be89-00001865.jpg,00e9be89-00001870.jpg,orb,2000,2000,988,977,0.9889,0.494,20.2814,0.088,0.0354,,low_light,2,7.54841492674044,0.494
00e9be89-00001870.jpg,00e9be89-00001875.jpg,orb,2000,2000,1031,1020,0.9893,0.5155,16.6615,0.0838,0.0362,,low_light,2,7.5608710939860035,0.5155
00e9be89-00001875.jpg,00e9be89-00001885.jpg,orb,2000,2000,1021,1010,0.9892,0.5105,18.5818,0.0733,0.0354,,low_light,2,7.49120169508563,0.5105
00e9be89-00001885.jpg,00e9be89-00001890.jpg,orb,2000,2000,1102,1091,0.99,0.551,17.657,0.0674,0.0398,,low_light,2,7.47423862604902,0.551
00e9be89-00001890.jpg,00e9be89-00001895.jpg,orb,2000,2000,1065,1048,0.984,0.5325,16.5042,0.0755,0.0348,,low_light,2,7.490975649894919,0.5325
00e9be89-00001895.jpg,00e9be89-00001900.jpg,orb,2000,2000,1082,1066,0.9852,0.541,17.9713,0.0788,0.0508,,low_light,2,7.50881222074872,0.541
00e9be89-00001900.jpg,00e9be89-00001905.jpg,orb,2000,2000,326,154,0.4724,0.163,28.8098,0.0661,0.0466,,low_light,2,7.528192581657679,0.163
00e9be89-00001905.jpg,00e9be89-00001915.jpg,orb,2000,2000,37,13,0.3514,0.0185,34.2162,0.0734,0.0606,,low_light,2,7.558481881608074,0.0185
00e9be89-00000015.jpg,00e9be89-00000100.jpg,orb,2000,2000,7,4,0.5714,0.0035,47.0,0.1143,0.0499,C:\Users\amit\Project_digital_image_processing__Amit_Alon\outputs\visualizations\task2\degraded_visualizations\low_light\level_3\match_00e9be89-00000015__00e9be89-00000100.png,low_light,3,5.606252806882879,0.0035
00e9be89-00000100.jpg,00e9be89-00000105.jpg,orb,2000,2000,977,969,0.9918,0.4885,22.9365,0.0748,0.0521,,low_light,3,5.83121433426977,0.4885
00e9be89-00000105.jpg,00e9be89-00000110.jpg,orb,2000,2000,1060,1045,0.9858,0.53,20.7292,0.098,0.0588,,low_light,3,5.826910892545461,0.53
00e9be89-00000110.jpg,00e9be89-00000115.jpg,orb,2000,2000,1069,1062,0.9935,0.5345,21.217,0.0815,0.0347,,low_light,3,5.828013907197766,0.5345
00e9be89-00000115.jpg,00e9be89-00000120.jpg,orb,2000,2000,1193,1189,0.9966,0.5965,17.7091,0.0874,0.0323,,low_light,3,5.831907949261588,0.5965
00e9be89-00000120.jpg,00e9be89-00000125.jpg,orb,2000,2000,667,658,0.9865,0.3335,27.3673,0.0732,0.0384,,low_light,3,5.742079547650223,0.3335
00e9be89-00000125.jpg,00e9be89-00000130.jpg,orb,2000,2000,808,804,0.995,0.404,22.0173,0.064,0.0407,,low_light,3,5.678838738263066,0.404
00e9be89-00000130.jpg,00e9be89-00000135.jpg,orb,2000,2000,930,925,0.9946,0.465,21.2527,0.0756,0.034,,low_light,3,5.754848119513647,0.465
00e9be89-00000135.jpg,00e9be89-00000140.jpg,orb,2000,2000,1030,1014,0.9845,0.515,21.1612,0.069,0.0346,,low_light,3,5.807620534517324,0.515
00e9be89-00000140.jpg,00e9be89-00000145.jpg,orb,2000,2000,260,188,0.7231,0.13,33.8308,0.0761,0.0284,,low_light,3,5.815632133065597,0.13
00e9be89-00000145.jpg,00e9be89-00000150.jpg,orb,2000,2000,9,5,0.5556,0.0045,41.3333,0.0715,0.0312,,low_light,3,5.613777708077335,0.0045
00e9be89-00000150.jpg,00e9be89-00000160.jpg,orb,2000,2000,7,4,0.5714,0.0035,44.0,0.0739,0.0325,,low_light,3,5.514378904303209,0.0035
00e9be89-00000160.jpg,00e9be89-00000165.jpg,orb,2000,2000,14,4,0.2857,0.007,42.9286,0.0663,0.0364,,low_light,3,5.690273249827591,0.007
00e9be89-00000165.jpg,00e9be89-00000175.jpg,orb,2000,2000,5,0,0.0,0.0025,42.6,0.0621,0.0364,,low_light,3,5.727279305183421,0.0025
00e9be89-00000175.jpg,00e9be89-00000190.jpg,orb,2000,2000,11,4,0.3636,0.0055,41.6364,0.0744,0.0527,,low_light,3,5.597667828575474,0.0055
00e9be89-00000190.jpg,00e9be89-00001000.jpg,orb,2000,1944,12,4,0.3333,0.0062,44.6667,0.0627,0.0405,,low_light,3,5.666483156741833,0.006
00e9be89-00001000.jpg,00e9be89-00001005.jpg,orb,1944,1374,22,7,0.3182,0.016,37.4545,0.0518,0.027,,low_light,3,5.80232084431414,0.011
00e9be89-00001005.jpg,00e9be89-00001010.jpg,orb,1374,1860,8,4,0.5,0.0058,39.25,0.3299,0.0221,,low_light,3,5.879088407347412,0.004
00e9be89-00001010.jpg,00e9be89-00001015.jpg,orb,1860,1738,16,6,0.375,0.0092,41.1875,0.0456,0.0241,,low_light,3,5.9789132567924606,0.008032128514056224
00e9be89-00001015.jpg,00e9be89-00001020.jpg,orb,1738,1978,22,7,0.3182,0.0127,44.0909,0.0563,0.0261,,low_light,3,5.94933782628374,0.01104417670682731
00e9be89-00001020.jpg,00e9be89-00001025.jpg,orb,1978,1945,22,8,0.3636,0.0113,40.2727,0.0545,0.0349,,low_light,3,5.963766455745237,0.011
00e9be89-00001025.jpg,00e9be89-00001030.jpg,orb,1945,1856,36,12,0.3333,0.0194,41.5278,0.0554,0.0242,,low_light,3,5.984462275483116,0.018
00e9be89-00001030.jpg,00e9be89-00001035.jpg,orb,1856,1859,73,33,0.4521,0.0393,37.9041,0.0683,0.0296,,low_light,3,5.984734157793909,0.0365
00e9be89-00001035.jpg,00e9be89-00001040.jpg,orb,1859,1669,115,82,0.713,0.0689,36.3478,0.0545,0.0302,,low_light,3,6.001901122137152,0.0575
00e9be89-00001040.jpg,00e9be89-00001045.jpg,orb,1669,1744,169,83,0.4911,0.1013,35.7988,0.0501,0.0287,,low_light,3,6.002547274958616,0.0845
00e9be89-00001045.jpg,00e9be89-00001050.jpg,orb,1744,1807,72,32,0.4444,0.0413,40.0,0.0564,0.0278,,low_light,3,6.005363793979537,0.036
00e9be89-00001050.jpg,00e9be89-00001055.jpg,orb,1807,1864,90,31,0.3444,0.0498,37.7444,0.0551,0.0271,,low_light,3,6.002291887906575,0.045
00e9be89-00001055.jpg,00e9be89-00001060.jpg,orb,1864,1902,136,72,0.5294,0.073,37.6324,0.0469,0.0261,,low_light,3,6.020045281634979,0.068
00e9be89-00001060.jpg,00e9be89-00001065.jpg,orb,1902,2000,67,56,0.8358,0.0352,37.1045,0.0526,0.0281,,low_light,3,6.081878191488189,0.0335
00e9be89-00001065.jpg,00e9be89-00001070.jpg,orb,2000,2000,123,103,0.8374,0.0615,35.3902,0.0422,0.0363,,low_light,3,6.094038952845747,0.0615
00e9be89-00001070.jpg,00e9be89-00001075.jpg,orb,2000,2000,62,33,0.5323,0.031,36.7903,0.057,0.0347,,low_light,3,5.975794944949375,0.031
00e9be89-00001075.jpg,00e9be89-00001080.jpg,orb,2000,1933,30,15,0.5,0.0155,37.4333,0.0566,0.0341,,low_light,3,5.987123460010614,0.015
00e9be89-00001080.jpg,00e9be89-00001090.jpg,orb,1933,2000,33,17,0.5152,0.0171,39.9394,0.0577,0.0438,,low_light,3,6.127065045853971,0.0165
00e9be89-00001090.jpg,00e9be89-00001095.jpg,orb,2000,1956,70,52,0.7429,0.0358,34.3143,0.1091,0.0408,,low_light,3,6.155117380169825,0.035
00e9be89-00001095.jpg,00e9be89-00001100.jpg,orb,1956,2000,70,34,0.4857,0.0358,38.7714,0.0529,0.0281,,low_light,3,6.116899570258564,0.035
00e9be89-00001100.jpg,00e9be89-00001105.jpg,orb,2000,1977,31,12,0.3871,0.0157,43.4839,0.0575,0.0262,,low_light,3,6.047334781722201,0.0155
00e9be89-00001105.jpg,00e9be89-00001115.jpg,orb,1977,1980,22,8,0.3636,0.0111,41.9545,0.0482,0.0321,,low_light,3,5.798701455195938,0.011
00e9be89-00001115.jpg,00e9be89-00001125.jpg,orb,1980,2000,16,8,0.5,0.0081,46.375,0.0505,0.0288,,low_light,3,5.832465002584946,0.008
00e9be89-00001125.jpg,00e9be89-00001130.jpg,orb,2000,2000,45,23,0.5111,0.0225,35.8444,0.0562,0.0285,,low_light,3,5.984465576515729,0.0225
00e9be89-00001130.jpg,00e9be89-00001135.jpg,orb,2000,1994,50,35,0.7,0.0251,35.42,0.0482,0.0321,,low_light,3,6.025178887422019,0.025
00e9be89-00001135.jpg,00e9be89-00001140.jpg,orb,1994,2000,57,37,0.6491,0.0286,34.9649,0.0482,0.0281,,low_light,3,6.146652600560247,0.0285
00e9be89-00001140.jpg,00e9be89-00001150.jpg,orb,2000,2000,46,29,0.6304,0.023,35.5652,0.0692,0.0483,,low_light,3,6.158584957333814,0.023
00e9be89-00001150.jpg,00e9be89-00001155.jpg,orb,2000,1995,84,62,0.7381,0.0421,34.2619,0.0575,0.0382,,low_light,3,6.186243833097003,0.042
00e9be89-00001155.jpg,00e9be89-00001160.jpg,orb,1995,1984,75,40,0.5333,0.0378,32.0133,0.0701,0.0284,,low_light,3,6.193982351513975,0.0375
00e9be89-00001160.jpg,00e9be89-00001165.jpg,orb,1984,1999,23,2,0.087,0.0116,40.5652,0.0561,0.0383,,low_light,3,6.207587203628934,0.0115
00e9be89-00001165.jpg,00e9be89-00001170.jpg,orb,1999,1997,58,35,0.6034,0.029,39.2069,0.046,0.0281,,low_light,3,6.204404119425301,0.029
00e9be89-00001170.jpg,00e9be89-00001175.jpg,orb,1997,2000,44,33,0.75,0.022,37.5227,0.0616,0.0362,,low_light,3,6.2012929009462425,0.022
00e9be89-00001175.jpg,00e9be89-00001180.jpg,orb,2000,2000,86,58,0.6744,0.043,38.6744,0.056,0.0321,,low_light,3,6.21307045585987,0.043
00e9be89-00001180.jpg,00e9be89-00001185.jpg,orb,2000,2000,40,25,0.625,0.02,40.525,0.0502,0.0314,,low_light,3,6.181778558982769,0.02
00e9be89-00001185.jpg,00e9be89-00001190.jpg,orb,2000,2000,13,6,0.4615,0.0065,43.7692,0.0543,0.0373,,low_light,3,6.132444165988751,0.0065
00e9be89-00001190.jpg,00e9be89-00001195.jpg,orb,2000,1989,15,7,0.4667,0.0075,43.3333,0.0612,0.0324,,low_light,3,5.7368786216550784,0.0075
00e9be89-00001195.jpg,00e9be89-00001200.jpg,orb,1989,1859,19,5,0.2632,0.0102,39.9474,0.0805,0.0359,,low_light,3,5.798912014728895,0.009562154001006542
00e9be89-00001200.jpg,00e9be89-00001205.jpg,orb,1859,898,23,8,0.3478,0.0256,41.6087,0.0509,0.0158,,low_light,3,6.221273033516244,0.011575239053850024
00e9be89-00001205.jpg,00e9be89-00001210.jpg,orb,898,1951,12,4,0.3333,0.0134,44.6667,0.0464,0.012,,low_light,3,6.202109332954683,0.006012024048096192
00e9be89-00001210.jpg,00e9be89-00001215.jpg,orb,1951,1843,44,25,0.5682,0.0239,41.6136,0.0532,0.0348,,low_light,3,6.133004961537598,0.022
00e9be89-00001215.jpg,00e9be89-00001220.jpg,orb,1843,2000,10,5,0.5,0.0054,42.5,0.0593,0.0261,,low_light,3,5.988050301864957,0.005
00e9be89-00001220.jpg,00e9be89-00001225.jpg,orb,2000,1947,26,7,0.2692,0.0134,45.7308,0.0543,0.0296,,low_light,3,5.997198383818434,0.013
00e9be89-00001225.jpg,00e9be89-00001230.jpg,orb,1947,1999,12,4,0.3333,0.0062,40.0833,0.0522,0.0276,,low_light,3,6.114939801858531,0.006
00e9be89-00001230.jpg,00e9be89-00001240.jpg,orb,1999,1160,74,50,0.6757,0.0638,37.7703,0.0422,0.0201,,low_light,3,6.128968303310636,0.04068169323804288
00e9be89-00001240.jpg,00e9be89-00001245.jpg,orb,1160,2000,18,11,0.6111,0.0155,37.8889,0.0568,0.0178,,low_light,3,6.056372091738038,0.009895547003848268
00e9be89-00001245.jpg,00e9be89-00001250.jpg,orb,2000,1891,17,7,0.4118,0.009,46.5294,0.0603,0.0357,,low_light,3,6.112555858728278,0.0085
00e9be89-00001250.jpg,00e9be89-00001255.jpg,orb,1891,2000,49,27,0.551,0.0259,35.9796,0.0773,0.0402,,low_light,3,6.221931999132796,0.0245
00e9be89-00001255.jpg,00e9be89-00001260.jpg,orb,2000,2000,35,30,0.8571,0.0175,33.3143,0.0522,0.0296,,low_light,3,6.238183015210565,0.0175
00e9be89-00001260.jpg,00e9be89-00001265.jpg,orb,2000,1988,41,29,0.7073,0.0206,33.8537,0.0577,0.0301,,low_light,3,6.16321469942888,0.0205
00e9be89-00001265.jpg,00e9be89-00001270.jpg,orb,1988,1935,16,5,0.3125,0.0083,45.8125,0.0522,0.0281,,low_light,3,5.946180063187374,0.008
00e9be89-00001270.jpg,00e9be89-00001275.jpg,orb,1935,2000,16,6,0.375,0.0083,38.9375,0.0578,0.0282,,low_light,3,5.901991191733651,0.008
00e9be89-00001275.jpg,00e9be89-00001280.jpg,orb,2000,2000,11,4,0.3636,0.0055,42.1818,0.0587,0.0301,,low_light,3,5.689962584078964,0.0055
00e9be89-00001280.jpg,00e9be89-00001285.jpg,orb,2000,1858,14,5,0.3571,0.0075,43.3571,0.0576,0.032,,low_light,3,5.187966966360145,0.007
00e9be89-00001285.jpg,00e9be89-00001290.jpg,orb,1858,1989,10,4,0.4,0.0054,42.9,0.0511,0.0241,,low_light,3,5.331628600256428,0.005
00e9be89-00001290.jpg,00e9be89-00001295.jpg,orb,1989,1788,13,4,0.3077,0.0073,43.6154,0.0638,0.0387,,low_light,3,5.377590070785933,0.0065
00e9be89-00001295.jpg,00e9be89-00001305.jpg,orb,1788,2000,10,5,0.5,0.0056,40.9,0.08,0.0322,,low_light,3,5.219425511654064,0.005
00e9be89-00001305.jpg,00e9be89-00001310.jpg,orb,2000,2000,13,5,0.3846,0.0065,46.3077,0.0707,0.0306,,low_light,3,5.230948046413001,0.0065
00e9be89-00001310.jpg,00e9be89-00001315.jpg,orb,2000,2000,4,4,1.0,0.002,41.75,0.063,0.0303,,low_light,3,4.937947202933574,0.002
00e9be89-00001315.jpg,00e9be89-00001325.jpg,orb,2000,1989,57,15,0.2632,0.0287,29.4737,0.0594,0.0328,,low_light,3,4.832919809409216,0.0285
00e9be89-00001325.jpg,00e9be89-00001330.jpg,orb,1989,1854,39,14,0.359,0.021,31.6154,0.0437,0.0327,,low_light,3,5.322183281423233,0.0195
00e9be89-00001330.jpg,00e9be89-00001335.jpg,orb,1854,1873,9,4,0.4444,0.0049,38.4444,0.0509,0.0272,,low_light,3,5.616983694747091,0.0045
00e9be89-00001335.jpg,00e9be89-00001340.jpg,orb,1873,1974,13,6,0.4615,0.0069,36.6154,0.0442,0.0256,,low_light,3,5.673457898086596,0.0065
00e9be89-00001340.jpg,00e9be89-00001345.jpg,orb,1974,1988,19,6,0.3158,0.0096,42.1579,0.0562,0.0297,,low_light,3,5.798013940123745,0.0095
00e9be89-00001345.jpg,00e9be89-00001350.jpg,orb,1988,1888,17,7,0.4118,0.009,44.2353,0.0511,0.0292,,low_light,3,5.72741662958284,0.0085
00e9be89-00001350.jpg,00e9be89-00001355.jpg,orb,1888,1949,13,6,0.4615,0.0069,39.6923,0.0584,0.0326,,low_light,3,5.76857502803197,0.0065
00e9be89-00001355.jpg,00e9be89-00001360.jpg,orb,1949,1727,23,6,0.2609,0.0133,41.5652,0.0584,0.0316,,low_light,3,5.746531756863646,0.0115
00e9be89-00001360.jpg,00e9be89-00001365.jpg,orb,1727,1926,21,9,0.4286,0.0122,36.5714,0.0525,0.0241,,low_light,3,5.682012460701392,0.0105
00e9be89-00001365.jpg,00e9be89-00001370.jpg,orb,1926,1984,52,28,0.5385,0.027,34.5962,0.0627,0.0276,,low_light,3,5.752642701288376,0.026
00e9be89-00001370.jpg,00e9be89-00001375.jpg,orb,1984,1752,280,134,0.4786,0.1598,31.9571,0.0644,0.0304,,low_light,3,5.723825365189345,0.14
00e9be89-00001375.jpg,00e9be89-00001380.jpg,orb,1752,1678,318,138,0.434,0.1895,30.2013,0.0452,0.0221,,low_light,3,5.701088011337725,0.159
00e9be89-00001380.jpg,00e9be89-00001385.jpg,orb,1678,1703,242,111,0.4587,0.1442,30.1116,0.0462,0.0201,,low_light,3,5.764273533047066,0.121
00e9be89-00001385.jpg,00e9be89-00001390.jpg,orb,1703,1865,68,42,0.6176,0.0399,28.6618,0.0517,0.0221,,low_light,3,5.661343547350789,0.034
00e9be89-00001390.jpg,00e9be89-00001395.jpg,orb,1865,1902,119,78,0.6555,0.0638,30.4958,0.0563,0.0316,,low_light,3,5.570435694637668,0.0595
00e9be89-00001395.jpg,00e9be89-00001400.jpg,orb,1902,1968,170,77,0.4529,0.0894,31.4294,0.0563,0.0301,,low_light,3,5.63296026033656,0.085
00e9be89-00001400.jpg,00e9be89-00001405.jpg,orb,1968,2000,159,80,0.5031,0.0808,30.0692,0.0558,0.0362,,low_light,3,5.682811095385878,0.0795
00e9be89-00001405.jpg,00e9be89-00001410.jpg,orb,2000,2000,152,75,0.4934,0.076,31.2566,0.0549,0.0301,,low_light,3,5.716804200893039,0.076
00e9be89-00001410.jpg,00e9be89-00001415.jpg,orb,2000,1947,250,69,0.276,0.1284,31.404,0.0542,0.0523,,low_light,3,5.718177522714447,0.125
00e9be89-00001415.jpg,00e9be89-00001420.jpg,orb,1947,2000,128,57,0.4453,0.0657,30.9609,0.0462,0.0281,,low_light,3,5.660312748464364,0.064
00e9be89-00001420.jpg,00e9be89-00001425.jpg,orb,2000,2000,138,70,0.5072,0.069,30.2899,0.0561,0.0281,,low_light,3,5.581661559725193,0.069
00e9be89-00001425.jpg,00e9be89-00001430.jpg,orb,2000,2000,172,77,0.4477,0.086,31.1279,0.0537,0.0304,,low_light,3,5.50599819096502,0.086
00e9be89-00001430.jpg,00e9be89-00001440.jpg,orb,2000,2000,32,10,0.3125,0.016,39.375,0.0563,0.0281,,low_light,3,5.598546823275557,0.016
00e9be89-00001440.jpg,00e9be89-00001445.jpg,orb,2000,2000,103,51,0.4951,0.0515,31.9126,0.0599,0.0343,,low_light,3,5.657770973703853,0.0515
00e9be89-00001445.jpg,00e9be89-00001450.jpg,orb,2000,2000,41,15,0.3659,0.0205,38.439,0.0551,0.0339,,low_light,3,5.52364825083599,0.0205
00e9be89-00001450.jpg,00e9be89-00001455.jpg,orb,2000,1553,90,66,0.7333,0.058,35.1111,0.0568,0.0281,,low_light,3,5.657631127618704,0.045
00e9be89-00001455.jpg,00e9be89-00001460.jpg,orb,1553,1628,161,100,0.6211,0.1037,33.9317,0.0457,0.0201,,low_light,3,5.89187988191358,0.0805
00e9be89-00001460.jpg,00e9be89-00001465.jpg,orb,1628,1584,191,166,0.8691,0.1206,28.6806,0.0459,0.0241,,low_light,3,5.8658373581785614,0.0955
00e9be89-00001465.jpg,00e9be89-00001470.jpg,orb,1584,1970,23,6,0.2609,0.0145,37.0435,0.0482,0.0236,,low_light,3,5.887633942461489,0.0115
00e9be89-00001470.jpg,00e9be89-00001475.jpg,orb,1970,1958,125,79,0.632,0.0638,31.448,0.0543,0.0276,,low_light,3,5.935204795828973,0.0625
00e9be89-00001475.jpg,00e9be89-00001480.jpg,orb,1958,1847,39,16,0.4103,0.0211,35.7436,0.0462,0.0241,,low_light,3,5.886580275698647,0.0195
00e9be89-00001480.jpg,00e9be89-00001485.jpg,orb,1847,1985,45,16,0.3556,0.0244,34.5111,0.0514,0.0281,,low_light,3,6.031890200604755,0.0225
00e9be89-00001485.jpg,00e9be89-00001490.jpg,orb,1985,1923,65,28,0.4308,0.0338,27.8615,0.0582,0.0338,,low_light,3,6.259052967413192,0.0325
00e9be89-00001490.jpg,00e9be89-00001495.jpg,orb,1923,1889,624,605,0.9696,0.3303,19.5881,0.0571,0.0341,,low_light,3,6.292734815589641,0.312
00e9be89-00001495.jpg,00e9be89-00001500.jpg,orb,1889,1939,787,776,0.986,0.4166,15.756,0.0603,0.0343,,low_light,3,6.295257388860819,0.3935
00e9be89-00001500.jpg,00e9be89-00001505.jpg,orb,1939,2000,433,318,0.7344,0.2233,24.5681,0.0523,0.0382,,low_light,3,6.296597017832236,0.2165
00e9be89-00001505.jpg,00e9be89-00001510.jpg,orb,2000,1999,55,26,0.4727,0.0275,35.2909,0.0518,0.036,,low_light,3,6.274425916882235,0.0275
00e9be89-00001510.jpg,00e9be89-00001515.jpg,orb,1999,2000,66,25,0.3788,0.033,35.197,0.0464,0.0277,,low_light,3,6.206289586382741,0.033
00e9be89-00001515.jpg,00e9be89-00001520.jpg,orb,2000,1955,28,8,0.2857,0.0143,37.3214,0.0502,0.0281,,low_light,3,6.1039966821492335,0.014
00e9be89-00001520.jpg,00e9be89-00001525.jpg,orb,1955,2000,80,41,0.5125,0.0409,32.15,0.0605,0.0281,,low_light,3,6.101982050903538,0.04
00e9be89-00001525.jpg,00e9be89-00001535.jpg,orb,2000,2000,20,7,0.35,0.01,40.4,0.0628,0.0321,,low_light,3,6.129307506840997,0.01
00e9be89-00001535.jpg,00e9be89-00001540.jpg,orb,2000,1987,24,6,0.25,0.0121,41.5833,0.0497,0.0301,,low_light,3,5.835577095113283,0.012
00e9be89-00001540.jpg,00e9be89-00001545.jpg,orb,1987,1975,37,17,0.4595,0.0187,35.5135,0.0627,0.0323,,low_light,3,5.6794769328243255,0.0185
00e9be89-00001545.jpg,00e9be89-00001550.jpg,orb,1975,1887,293,195,0.6655,0.1553,28.529,0.0518,0.0321,,low_light,3,5.790603820969396,0.1465
00e9be89-00001550.jpg,00e9be89-00001555.jpg,orb,1887,1966,375,365,0.9733,0.1987,21.3787,0.0542,0.0362,,low_light,3,5.791588199561371,0.1875
00e9be89-00001555.jpg,00e9be89-00001560.jpg,orb,1966,1777,336,319,0.9494,0.1891,21.9524,0.0607,0.0384,,low_light,3,5.792297828714052,0.168
00e9be89-00001560.jpg,00e9be89-00001565.jpg,orb,1777,1839,433,383,0.8845,0.2437,22.8314,0.0526,0.0303,,low_light,3,5.802350274443008,0.2165
00e9be89-00001565.jpg,00e9be89-00001570.jpg,orb,1839,1996,72,39,0.5417,0.0392,31.5833,0.0522,0.0261,,low_light,3,5.834706905269694,0.036
00e9be89-00001570.jpg,00e9be89-00001575.jpg,orb,1996,2000,69,27,0.3913,0.0346,34.5942,0.0537,0.0302,,low_light,3,5.863056354033224,0.0345
00e9be89-00001575.jpg,00e9be89-00001580.jpg,orb,2000,2000,111,76,0.6847,0.0555,31.5045,0.0647,0.0334,,low_light,3,5.847442395348768,0.0555
00e9be89-00001580.jpg,00e9be89-00001585.jpg,orb,2000,2000,57,25,0.4386,0.0285,37.193,0.0497,0.0301,,low_light,3,5.690254338693227,0.0285
00e9be89-00001585.jpg,00e9be89-00001590.jpg,orb,2000,1840,23,7,0.3043,0.0125,40.6957,0.0518,0.0281,,low_light,3,5.4071932670590135,0.0115
00e9be89-00001590.jpg,00e9be89-00001595.jpg,orb,1840,1993,16,5,0.3125,0.0087,39.8125,0.0563,0.0341,,low_light,3,5.146053973785202,0.008
00e9be89-00001595.jpg,00e9be89-00001600.jpg,orb,1993,1978,33,18,0.5455,0.0167,39.0909,0.0713,0.0384,,low_light,3,5.229217505469269,0.0165
00e9be89-00001600.jpg,00e9be89-00001605.jpg,orb,1978,1951,123,72,0.5854,0.063,31.7154,0.0754,0.0442,,low_light,3,5.405867318485679,0.0615
00e9be89-00001605.jpg,00e9be89-00001610.jpg,orb,1951,1970,36,10,0.2778,0.0185,40.7778,0.0522,0.0342,,low_light,3,5.4998038515551,0.018
00e9be89-00001610.jpg,00e9be89-00001620.jpg,orb,1970,2000,10,4,0.4,0.0051,44.8,0.0611,0.0421,,low_light,3,5.546858226225062,0.005
00e9be89-00001620.jpg,00e9be89-00001625.jpg,orb,2000,2000,40,20,0.5,0.02,35.15,0.0643,0.0321,,low_light,3,5.531701453257437,0.02
00e9be89-00001625.jpg,00e9be89-00001630.jpg,orb,2000,1977,57,19,0.3333,0.0288,37.4737,0.0482,0.0316,,low_light,3,5.610008868026679,0.0285
00e9be89-00001630.jpg,00e9be89-00001635.jpg,orb,1977,2000,20,1,0.05,0.0101,46.05,0.0558,0.0321,,low_light,3,5.746173196012969,0.01
00e9be89-00001635.jpg,00e9be89-00001640.jpg,orb,2000,2000,14,5,0.3571,0.007,42.8571,0.0517,0.0301,,low_light,3,5.430102800323224,0.007
00e9be89-00001640.jpg,00e9be89-00001645.jpg,orb,2000,2000,15,5,0.3333,0.0075,41.0667,0.0523,0.0281,,low_light,3,5.079631251767777,0.0075
00e9be89-00001645.jpg,00e9be89-00001650.jpg,orb,2000,2000,23,7,0.3043,0.0115,32.2609,0.0522,0.0261,,low_light,3,5.271024172807534,0.0115
00e9be89-00001650.jpg,00e9be89-00001655.jpg,orb,2000,2000,16,4,0.25,0.008,38.3125,0.0623,0.0321,,low_light,3,5.26844422778353,0.008
00e9be89-00001655.jpg,00e9be89-00001665.jpg,orb,2000,2000,10,4,0.4,0.005,44.2,0.0598,0.0281,,low_light,3,5.534990169230934,0.005
00e9be89-00001665.jpg,00e9be89-00001670.jpg,orb,2000,2000,19,7,0.3684,0.0095,41.4737,0.06,0.0329,,low_light,3,5.911020114185276,0.0095
00e9be89-00001670.jpg,00e9be89-00001675.jpg,orb,2000,2000,25,9,0.36,0.0125,39.36,0.0563,0.0266,,low_light,3,5.82599134947047,0.0125
00e9be89-00001675.jpg,00e9be89-00001680.jpg,orb,2000,2000,20,6,0.3,0.01,37.9,0.0618,0.0254,,low_light,3,5.735076662197051,0.01
00e9be89-00001680.jpg,00e9be89-00001685.jpg,orb,2000,2000,16,6,0.375,0.008,40.625,0.0683,0.0378,,low_light,3,5.875706149917638,0.008
00e9be89-00001685.jpg,00e9be89-00001690.jpg,orb,2000,2000,17,6,0.3529,0.0085,37.8235,0.0563,0.0443,,low_light,3,6.19284783083522,0.0085
00e9be89-00001690.jpg,00e9be89-00001695.jpg,orb,2000,1987,24,7,0.2917,0.0121,40.4167,0.0603,0.0306,,low_light,3,6.332725845375595,0.012
00e9be89-00001695.jpg,00e9be89-00001705.jpg,orb,1987,1865,16,5,0.3125,0.0086,44.5,0.0561,0.0283,,low_light,3,6.207266105137428,0.008
00e9be89-00001705.jpg,00e9be89-00001710.jpg,orb,1865,1856,105,76,0.7238,0.0566,32.8762,0.0497,0.0272,,low_light,3,6.075463598452936,0.0525
00e9be89-00001710.jpg,00e9be89-00001715.jpg,orb,1856,1990,50,18,0.36,0.0269,38.18,0.0522,0.0457,,low_light,3,6.016051053041214,0.025
00e9be89-00001715.jpg,00e9be89-00001720.jpg,orb,1990,1856,44,27,0.6136,0.0237,37.0,0.0542,0.0341,,low_light,3,6.031393249619944,0.022044088176352707
00e9be89-00001720.jpg,00e9be89-00001725.jpg,orb,1856,1912,54,41,0.7593,0.0291,33.4444,0.0558,0.0301,,low_light,3,6.068215061490475,0.027054108216432865
00e9be89-00001725.jpg,00e9be89-00001730.jpg,orb,1912,1826,58,42,0.7241,0.0318,33.3103,0.0537,0.0223,,low_light,3,6.058311847081069,0.029
00e9be89-00001730.jpg,00e9be89-00001740.jpg,orb,1826,1969,15,5,0.3333,0.0082,34.8,0.0482,0.0236,,low_light,3,6.06609882146266,0.0075
00e9be89-00001740.jpg,00e9be89-00001745.jpg,orb,1969,2000,11,4,0.3636,0.0056,38.9091,0.0658,0.0341,,low_light,3,5.980042259864188,0.0055
00e9be89-00001745.jpg,00e9be89-00001750.jpg,orb,2000,1876,19,6,0.3158,0.0101,42.5789,0.0596,0.0321,,low_light,3,5.830917186543958,0.0095
00e9be89-00001750.jpg,00e9be89-00001755.jpg,orb,1876,1988,51,28,0.549,0.0272,34.7843,0.0558,0.0261,,low_light,3,5.873747360430401,0.0255
00e9be89-00001755.jpg,00e9be89-00001760.jpg,orb,1988,2000,26,14,0.5385,0.0131,37.6538,0.0658,0.0321,,low_light,3,5.953304970811558,0.013
00e9be89-00001760.jpg,00e9be89-00001765.jpg,orb,2000,1885,15,9,0.6,0.008,40.3333,0.0565,0.0321,,low_light,3,5.762664813446451,0.0075
00e9be89-00001765.jpg,00e9be89-00001770.jpg,orb,1885,1972,34,17,0.5,0.018,37.9412,0.0517,0.0251,,low_light,3,5.588482721992785,0.017
00e9be89-00001770.jpg,00e9be89-00001775.jpg,orb,1972,1988,50,28,0.56,0.0254,37.0,0.0502,0.0281,,low_light,3,5.599595417891433,0.025
00e9be89-00001775.jpg,00e9be89-00001780.jpg,orb,1988,2000,38,22,0.5789,0.0191,38.3684,0.0537,0.0281,,low_light,3,5.759459911487386,0.019
00e9be89-00001780.jpg,00e9be89-00001785.jpg,orb,2000,2000,53,35,0.6604,0.0265,36.3585,0.0497,0.0261,,low_light,3,5.794762669977263,0.0265
00e9be89-00001785.jpg,00e9be89-00001795.jpg,orb,2000,1975,42,27,0.6429,0.0213,34.4048,0.0493,0.0323,,low_light,3,5.561946700903815,0.021
00e9be89-00001795.jpg,00e9be89-00001800.jpg,orb,1975,2000,913,899,0.9847,0.4623,20.2267,0.0593,0.0281,,low_light,3,5.629861388224104,0.4565
00e9be89-00001800.jpg,00e9be89-00001810.jpg,orb,2000,2000,263,131,0.4981,0.1315,30.6122,0.0462,0.0281,,low_light,3,5.791632731585304,0.1315
00e9be89-00001810.jpg,00e9be89-00001815.jpg,orb,2000,2000,192,101,0.526,0.096,30.8281,0.0522,0.0284,,low_light,3,5.772886752013735,0.096
00e9be89-00001815.jpg,00e9be89-00001820.jpg,orb,2000,2000,58,32,0.5517,0.029,35.431,0.0534,0.0342,,low_light,3,5.786213866462651,0.029
00e9be89-00001820.jpg,00e9be89-00001825.jpg,orb,2000,2000,78,25,0.3205,0.039,38.0641,0.0517,0.0301,,low_light,3,5.749962927981949,0.039
00e9be89-00001825.jpg,00e9be89-00001830.jpg,orb,2000,2000,34,16,0.4706,0.017,35.5588,0.0618,0.0261,,low_light,3,5.708911446947217,0.017
00e9be89-00001830.jpg,00e9be89-00001840.jpg,orb,2000,2000,30,9,0.3,0.015,38.3667,0.0598,0.0281,,low_light,3,5.652984363686317,0.015
00e9be89-00001840.jpg,00e9be89-00001845.jpg,orb,2000,2000,1162,1142,0.9828,0.581,17.4854,0.0578,0.0283,,low_light,3,5.600295083088476,0.581
00e9be89-00001845.jpg,00e9be89-00001865.jpg,orb,2000,2000,979,961,0.9816,0.4895,20.2022,0.0562,0.0281,,low_light,3,5.591197611723078,0.4895
00e9be89-00001865.jpg,00e9be89-00001870.jpg,orb,2000,2000,983,969,0.9858,0.4915,20.4334,0.058,0.0261,,low_light,3,5.62624757389101,0.4915
00e9be89-00001870.jpg,00e9be89-00001875.jpg,orb,2000,2000,1037,1027,0.9904,0.5185,16.623,0.0598,0.0281,,low_light,3,5.633954060306101,0.5185
00e9be89-00001875.jpg,00e9be89-00001885.jpg,orb,2000,2000,1018,1008,0.9902,0.509,18.8124,0.0517,0.0301,,low_light,3,5.587651910178189,0.509
00e9be89-00001885.jpg,00e9be89-00001890.jpg,orb,2000,2000,1120,1108,0.9893,0.56,18.0607,0.0598,0.0261,,low_light,3,5.576770996850585,0.56
00e9be89-00001890.jpg,00e9be89-00001895.jpg,orb,2000,2000,1051,1040,0.9895,0.5255,16.5661,0.0663,0.0377,,low_light,3,5.58753671669184,0.5255
00e9be89-00001895.jpg,00e9be89-00001900.jpg,orb,2000,2000,1089,1074,0.9862,0.5445,17.8659,0.0623,0.032,,low_light,3,5.598863808546115,0.5445
00e9be89-00001900.jpg,00e9be89-00001905.jpg,orb,2000,2000,323,170,0.5263,0.1615,28.9567,0.0566,0.0281,,low_light,3,5.611318452103266,0.1615
00e9be89-00001905.jpg,00e9be89-00001915.jpg,orb,2000,1998,37,11,0.2973,0.0185,35.5405,0.0558,0.0261,,low_light,3,5.6294075300326005,0.0185
00e9be89-00000015.jpg,00e9be89-00000100.jpg,orb,2000,2000,9,4,0.4444,0.0045,45.4444,0.0902,0.0276,C:\Users\amit\Project_digital_image_processing__Amit_Alon\outputs\visualizations\task2\degraded_visualizations\low_light\level_4\match_00e9be89-00000015__00e9be89-00000100.png,low_light,4,4.12560076639195,0.0045
00e9be89-00000100.jpg,00e9be89-00000105.jpg,orb,2000,2000,976,971,0.9949,0.488,23.2162,0.0524,0.0281,,low_light,4,4.275419210681996,0.488
00e9be89-00000105.jpg,00e9be89-00000110.jpg,orb,2000,2000,1045,1034,0.9895,0.5225,20.5273,0.0583,0.0276,,low_light,4,4.27262226278766,0.5225
00e9be89-00000110.jpg,00e9be89-00000115.jpg,orb,2000,2000,1065,1059,0.9944,0.5325,21.4864,0.0626,0.032,,low_light,4,4.273464645226246,0.5325
00e9be89-00000115.jpg,00e9be89-00000120.jpg,orb,2000,2000,1210,1199,0.9909,0.605,18.1777,0.0633,0.0354,,low_light,4,4.275942575377303,0.605
00e9be89-00000120.jpg,00e9be89-00000125.jpg,orb,2000,2000,711,698,0.9817,0.3555,28.0478,0.0766,0.0414,,low_light,4,4.218415843881633,0.3555
00e9be89-00000125.jpg,00e9be89-00000130.jpg,orb,2000,2000,771,766,0.9935,0.3855,22.0752,0.0756,0.0324,,low_light,4,4.177801024220115,0.3855
00e9be89-00000130.jpg,00e9be89-00000135.jpg,orb,2000,2000,943,937,0.9936,0.4715,21.859,0.057,0.0303,,low_light,4,4.226469451224081,0.4715
00e9be89-00000135.jpg,00e9be89-00000140.jpg,orb,2000,2000,988,970,0.9818,0.494,21.2439,0.0691,0.0379,,low_light,4,4.260498937953788,0.494
00e9be89-00000140.jpg,00e9be89-00000145.jpg,orb,2000,2000,254,208,0.8189,0.127,33.8976,0.0725,0.0383,,low_light,4,4.266304376179681,0.127
00e9be89-00000145.jpg,00e9be89-00000150.jpg,orb,2000,2000,16,5,0.3125,0.008,43.0,0.0734,0.0365,,low_light,4,4.134552602615836,0.008
00e9be89-00000150.jpg,00e9be89-00000160.jpg,orb,2000,2000,7,4,0.5714,0.0035,43.5714,0.0794,0.0302,,low_light,4,4.069226528060959,0.0035
00e9be89-00000160.jpg,00e9be89-00000165.jpg,orb,2000,2000,13,4,0.3077,0.0065,43.9231,0.0681,0.0322,,low_light,4,4.1853324740458335,0.0065
00e9be89-00000165.jpg,00e9be89-00000175.jpg,orb,2000,1979,2,0,0.0,0.001,40.5,0.0784,0.0322,,low_light,4,4.2117307106476485,0.001
00e9be89-00000175.jpg,00e9be89-00000190.jpg,orb,1979,1981,9,4,0.4444,0.0045,42.1111,0.0764,0.0399,,low_light,4,4.126127276766342,0.0045
00e9be89-00000190.jpg,00e9be89-00001000.jpg,orb,1981,1602,15,5,0.3333,0.0094,44.1333,0.0701,0.0322,,low_light,4,4.165577744770033,0.0075
00e9be89-00001000.jpg,00e9be89-00001005.jpg,orb,1602,877,11,5,0.4545,0.0125,42.8182,0.0467,0.0152,,low_light,4,4.247361246762608,0.0055
00e9be89-00001005.jpg,00e9be89-00001010.jpg,orb,877,1469,7,4,0.5714,0.008,45.5714,0.045,0.0098,,low_light,4,4.296431719769552,0.0035
00e9be89-00001010.jpg,00e9be89-00001015.jpg,orb,1469,1461,23,6,0.2609,0.0157,42.2174,0.0467,0.0209,,low_light,4,4.36462679798378,0.011546184738955823
00e9be89-00001015.jpg,00e9be89-00001020.jpg,orb,1461,1827,13,5,0.3846,0.0089,41.5385,0.0502,0.0181,,low_light,4,4.345828365446247,0.006526104417670682
00e9be89-00001020.jpg,00e9be89-00001025.jpg,orb,1827,1728,27,10,0.3704,0.0156,39.5926,0.0437,0.0221,,low_light,4,4.354869851984688,0.0135
00e9be89-00001025.jpg,00e9be89-00001030.jpg,orb,1728,1565,36,14,0.3889,0.023,39.4167,0.0462,0.0176,,low_light,4,4.368555784355687,0.018
00e9be89-00001030.jpg,00e9be89-00001035.jpg,orb,1565,1580,69,35,0.5072,0.0441,38.6087,0.0546,0.0201,,low_light,4,4.369142793423096,0.0345
00e9be89-00001035.jpg,00e9be89-00001040.jpg,orb,1580,1140,102,60,0.5882,0.0895,37.8824,0.0511,0.0141,,low_light,4,4.380482670600186,0.051
00e9be89-00001040.jpg,00e9be89-00001045.jpg,orb,1140,1335,143,83,0.5804,0.1254,36.9091,0.0486,0.0123,,low_light,4,4.381270253920393,0.0715
00e9be89-00001045.jpg,00e9be89-00001050.jpg,orb,1335,1299,43,16,0.3721,0.0331,41.2791,0.0507,0.0161,,low_light,4,4.383439381893965,0.0215
00e9be89-00001050.jpg,00e9be89-00001055.jpg,orb,1299,1645,62,25,0.4032,0.0477,35.4032,0.0458,0.02,,low_light,4,4.381600065052403,0.031
00e9be89-00001055.jpg,00e9be89-00001060.jpg,orb,1645,1576,111,62,0.5586,0.0704,37.0631,0.0666,0.0309,,low_light,4,4.392405048607632,0.0555
00e9be89-00001060.jpg,00e9be89-00001065.jpg,orb,1576,1957,53,47,0.8868,0.0336,36.7925,0.064,0.0363,,low_light,4,4.432653209046061,0.0265
00e9be89-00001065.jpg,00e9be89-00001070.jpg,orb,1957,1997,118,84,0.7119,0.0603,35.1864,0.0608,0.032,,low_light,4,4.441068567664463,0.059
00e9be89-00001070.jpg,00e9be89-00001075.jpg,orb,1997,2000,74,44,0.5946,0.0371,38.0676,0.0629,0.0313,,low_light,4,4.364562909718171,0.037
00e9be89-00001075.jpg,00e9be89-00001080.jpg,orb,2000,1655,35,19,0.5429,0.0211,39.2571,0.0831,0.0682,,low_light,4,4.371589361134552,0.0175
00e9be89-00001080.jpg,00e9be89-00001090.jpg,orb,1655,1928,42,25,0.5952,0.0254,38.2381,0.0763,0.0416,,low_light,4,4.460283183780335,0.021
00e9be89-00001090.jpg,00e9be89-00001095.jpg,orb,1928,1760,82,58,0.7073,0.0466,34.0244,0.0549,0.0261,,low_light,4,4.477098936888543,0.041
00e9be89-00001095.jpg,00e9be89-00001100.jpg,orb,1760,1974,68,38,0.5588,0.0386,36.6912,0.0587,0.029,,low_light,4,4.452089343941499,0.034
00e9be89-00001100.jpg,00e9be89-00001105.jpg,orb,1974,1534,24,11,0.4583,0.0156,39.6667,0.0568,0.0265,,low_light,4,4.40704778163415,0.012
00e9be89-00001105.jpg,00e9be89-00001115.jpg,orb,1534,1782,22,7,0.3182,0.0143,42.2727,0.0442,0.0181,,low_light,4,4.242929333552745,0.011
00e9be89-00001115.jpg,00e9be89-00001125.jpg,orb,1782,1985,16,5,0.3125,0.009,46.1875,0.0518,0.0301,,low_light,4,4.264192845447678,0.008
00e9be89-00001125.jpg,00e9be89-00001130.jpg,orb,1985,2000,44,27,0.6136,0.0222,35.2045,0.0686,0.0459,,low_light,4,4.365163284589688,0.022
00e9be89-00001130.jpg,00e9be89-00001135.jpg,orb,2000,1926,52,36,0.6923,0.027,36.6538,0.0688,0.0323,,low_light,4,4.391925499333681,0.026
00e9be89-00001135.jpg,00e9be89-00001140.jpg,orb,1926,1969,47,38,0.8085,0.0244,34.8298,0.0643,0.0877,,low_light,4,4.470978267392437,0.0235
00e9be89-00001140.jpg,00e9be89-00001150.jpg,orb,1969,1966,49,31,0.6327,0.0249,35.1837,0.0526,0.0336,,low_light,4,4.47853717055581,0.0245
00e9be89-00001150.jpg,00e9be89-00001155.jpg,orb,1966,1955,90,71,0.7889,0.046,33.7,0.0603,0.0301,,low_light,4,4.496121638385628,0.045
00e9be89-00001155.jpg,00e9be89-00001160.jpg,orb,1955,1927,77,48,0.6234,0.04,31.3896,0.0538,0.0281,,low_light,4,4.50060844231058,0.0385
00e9be89-00001160.jpg,00e9be89-00001165.jpg,orb,1927,1938,32,14,0.4375,0.0166,38.625,0.0548,0.0301,,low_light,4,4.508867823124428,0.016
00e9be89-00001165.jpg,00e9be89-00001170.jpg,orb,1938,1940,47,28,0.5957,0.0243,39.4894,0.0558,0.0321,,low_light,4,4.50726010540836,0.0235
00e9be89-00001170.jpg,00e9be89-00001175.jpg,orb,1940,1969,48,27,0.5625,0.0247,37.0833,0.0537,0.0303,,low_light,4,4.505343459021695,0.024
00e9be89-00001175.jpg,00e9be89-00001180.jpg,orb,1969,1978,72,48,0.6667,0.0366,37.9722,0.0482,0.0341,,low_light,4,4.512415308279444,0.036
00e9be89-00001180.jpg,00e9be89-00001185.jpg,orb,1978,1991,47,25,0.5319,0.0238,41.9362,0.0543,0.0341,,low_light,4,4.491751980669079,0.0235
00e9be89-00001185.jpg,00e9be89-00001190.jpg,orb,1991,1984,17,8,0.4706,0.0086,43.1765,0.0543,0.0281,,low_light,4,4.459431017157612,0.0085
00e9be89-00001190.jpg,00e9be89-00001195.jpg,orb,1984,1916,17,9,0.5294,0.0089,42.0588,0.0522,0.0324,,low_light,4,4.203032492484042,0.0085
00e9be89-00001195.jpg,00e9be89-00001200.jpg,orb,1916,1649,14,6,0.4286,0.0085,39.9286,0.0533,0.0241,,low_light,4,4.243218812351032,0.007045797684952189
00e9be89-00001200.jpg,00e9be89-00001205.jpg,orb,1649,554,23,8,0.3478,0.0415,42.3043,0.0422,0.008,,low_light,4,4.516915136924776,0.011575239053850024
00e9be89-00001205.jpg,00e9be89-00001210.jpg,orb,554,1718,6,4,0.6667,0.0108,42.0,0.0434,0.006,,low_light,4,4.505074661960444,0.003006012024048096
00e9be89-00001210.jpg,00e9be89-00001215.jpg,orb,1718,1517,54,22,0.4074,0.0356,41.7037,0.0422,0.0201,,low_light,4,4.461513144887973,0.027
00e9be89-00001215.jpg,00e9be89-00001220.jpg,orb,1517,2000,14,6,0.4286,0.0092,44.4286,0.0502,0.0196,,low_light,4,4.369145380407378,0.007
00e9be89-00001220.jpg,00e9be89-00001225.jpg,orb,2000,1777,14,2,0.1429,0.0079,45.0,0.0482,0.0276,,low_light,4,4.374360084638813,0.007
00e9be89-00001225.jpg,00e9be89-00001230.jpg,orb,1777,1934,11,4,0.3636,0.0062,40.0,0.0422,0.0261,,low_light,4,4.44926219964538,0.0055
00e9be89-00001230.jpg,00e9be89-00001240.jpg,orb,1934,829,81,55,0.679,0.0977,39.0123,0.0402,0.012,,low_light,4,4.458638941883076,0.04452996151731721
00e9be89-00001240.jpg,00e9be89-00001245.jpg,orb,829,2000,17,11,0.6471,0.0205,36.3529,0.0403,0.01,,low_light,4,4.412346617293082,0.009345794392523364
00e9be89-00001245.jpg,00e9be89-00001250.jpg,orb,2000,1742,17,6,0.3529,0.0098,45.8235,0.0518,0.0241,,low_light,4,4.448926772371579,0.0085
00e9be89-00001250.jpg,00e9be89-00001255.jpg,orb,1742,1980,47,25,0.5319,0.027,36.9362,0.0542,0.0296,,low_light,4,4.5191958636440095,0.0235
00e9be89-00001255.jpg,00e9be89-00001260.jpg,orb,1980,1996,36,30,0.8333,0.0182,34.2222,0.0583,0.0261,,low_light,4,4.529448412493051,0.018
00e9be89-00001260.jpg,00e9be89-00001265.jpg,orb,1996,1931,30,23,0.7667,0.0155,34.5333,0.0482,0.0276,,low_light,4,4.484385292971947,0.015
00e9be89-00001265.jpg,00e9be89-00001270.jpg,orb,1931,1817,10,4,0.4,0.0055,46.7,0.0502,0.0276,,low_light,4,4.347064608580448,0.005
00e9be89-00001270.jpg,00e9be89-00001275.jpg,orb,1817,1973,17,7,0.4118,0.0094,38.9412,0.0563,0.0256,,low_light,4,4.317996051017271,0.0085
00e9be89-00001275.jpg,00e9be89-00001280.jpg,orb,1973,1992,11,4,0.3636,0.0056,42.1818,0.0542,0.0276,,low_light,4,4.180759687560192,0.0055
00e9be89-00001280.jpg,00e9be89-00001285.jpg,orb,1992,1571,7,5,0.7143,0.0045,39.4286,0.0558,0.0221,,low_light,4,3.847599343137781,0.0035
00e9be89-00001285.jpg,00e9be89-00001290.jpg,orb,1571,1922,9,4,0.4444,0.0057,44.0,0.0419,0.0221,,low_light,4,3.9437987914701127,0.0045
00e9be89-00001290.jpg,00e9be89-00001295.jpg,orb,1922,1503,8,4,0.5,0.0053,42.25,0.0502,0.0196,,low_light,4,3.9755133181179514,0.004
00e9be89-00001295.jpg,00e9be89-00001305.jpg,orb,1503,2000,14,5,0.3571,0.0093,43.8571,0.0563,0.0201,,low_light,4,3.867724183999584,0.007
00e9be89-00001305.jpg,00e9be89-00001310.jpg,orb,2000,2000,10,4,0.4,0.005,41.7,0.0638,0.0341,,low_light,4,3.872423778110117,0.005
00e9be89-00001310.jpg,00e9be89-00001315.jpg,orb,2000,1995,4,4,1.0,0.002,43.75,0.0626,0.0301,,low_light,4,3.673616049493301,0.002
00e9be89-00001315.jpg,00e9be89-00001325.jpg,orb,1995,1499,49,17,0.3469,0.0327,31.6531,0.0502,0.0241,,low_light,4,3.609779828227476,0.0245
00e9be89-00001325.jpg,00e9be89-00001330.jpg,orb,1499,1445,20,9,0.45,0.0138,29.85,0.0397,0.0141,,low_light,4,3.9489581181979183,0.01
00e9be89-00001330.jpg,00e9be89-00001335.jpg,orb,1445,1574,9,5,0.5556,0.0062,39.8889,0.0457,0.0161,,low_light,4,4.136517513868229,0.0045
00e9be89-00001335.jpg,00e9be89-00001340.jpg,orb,1574,1896,10,5,0.5,0.0064,36.6,0.0516,0.0221,,low_light,4,4.162843284602944,0.005
00e9be89-00001340.jpg,00e9be89-00001345.jpg,orb,1896,1809,12,5,0.4167,0.0066,43.8333,0.0423,0.0241,,low_light,4,4.25245220887202,0.006
00e9be89-00001345.jpg,00e9be89-00001350.jpg,orb,1809,1597,20,7,0.35,0.0125,43.55,0.0422,0.0276,,low_light,4,4.207919261471913,0.01
00e9be89-00001350.jpg,00e9be89-00001355.jpg,orb,1597,1780,10,6,0.6,0.0063,39.6,0.0442,0.0236,,low_light,4,4.233738398681035,0.005
00e9be89-00001355.jpg,00e9be89-00001360.jpg,orb,1780,1298,26,7,0.2692,0.02,45.4231,0.0402,0.0161,,low_light,4,4.217163399239858,0.013
00e9be89-00001360.jpg,00e9be89-00001365.jpg,orb,1298,1722,16,6,0.375,0.0123,39.9375,0.0503,0.0198,,low_light,4,4.172640209593575,0.008
00e9be89-00001365.jpg,00e9be89-00001370.jpg,orb,1722,1914,40,19,0.475,0.0232,35.7,0.0482,0.0276,,low_light,4,4.219152779336128,0.02
00e9be89-00001370.jpg,00e9be89-00001375.jpg,orb,1914,1183,282,136,0.4823,0.2384,34.6596,0.0502,0.0196,,low_light,4,4.200305923529659,0.141
00e9be89-00001375.jpg,00e9be89-00001380.jpg,orb,1183,1107,267,122,0.4569,0.2412,32.427,0.0422,0.01,,low_light,4,4.184525622935478,0.1335
00e9be89-00001380.jpg,00e9be89-00001385.jpg,orb,1107,1177,177,98,0.5537,0.1599,33.3616,0.0401,0.01,,low_light,4,4.227208401414268,0.0885
00e9be89-00001385.jpg,00e9be89-00001390.jpg,orb,1177,1405,46,28,0.6087,0.0391,28.4783,0.0422,0.0116,,low_light,4,4.158206354444153,0.023
00e9be89-00001390.jpg,00e9be89-00001395.jpg,orb,1405,1411,96,60,0.625,0.0683,32.4479,0.0419,0.0141,,low_light,4,4.096778505506807,0.048
00e9be89-00001395.jpg,00e9be89-00001400.jpg,orb,1411,1668,127,60,0.4724,0.09,30.7795,0.0437,0.0181,,low_light,4,4.138102214962481,0.0635
00e9be89-00001400.jpg,00e9be89-00001405.jpg,orb,1668,1729,140,66,0.4714,0.0839,31.4643,0.0477,0.0181,,low_light,4,4.172222087407917,0.07
00e9be89-00001405.jpg,00e9be89-00001410.jpg,orb,1729,1826,136,64,0.4706,0.0787,32.0809,0.0497,0.0221,,low_light,4,4.195072539911704,0.068
00e9be89-00001410.jpg,00e9be89-00001415.jpg,orb,1826,1661,220,66,0.3,0.1325,30.8273,0.0545,0.0261,,low_light,4,4.195146451554198,0.11
00e9be89-00001415.jpg,00e9be89-00001420.jpg,orb,1661,1898,109,39,0.3578,0.0656,32.5046,0.0497,0.0241,,low_light,4,4.157119560741041,0.0545
00e9be89-00001420.jpg,00e9be89-00001425.jpg,orb,1898,1808,122,62,0.5082,0.0675,30.1721,0.0482,0.0296,,low_light,4,4.104940466881748,0.061
00e9be89-00001425.jpg,00e9be89-00001430.jpg,orb,1808,1669,162,86,0.5309,0.0971,30.8704,0.0462,0.0221,,low_light,4,4.053860024908509,0.081
00e9be89-00001430.jpg,00e9be89-00001440.jpg,orb,1669,2000,24,10,0.4167,0.0144,38.9167,0.0442,0.0241,,low_light,4,4.115280105543608,0.012
00e9be89-00001440.jpg,00e9be89-00001445.jpg,orb,2000,2000,121,60,0.4959,0.0605,31.0826,0.0538,0.0321,,low_light,4,4.15679410548933,0.0605
00e9be89-00001445.jpg,00e9be89-00001450.jpg,orb,2000,1742,52,20,0.3846,0.0299,35.5769,0.0462,0.0241,,low_light,4,4.068277903232426,0.026
00e9be89-00001450.jpg,00e9be89-00001455.jpg,orb,1742,1041,75,51,0.68,0.072,34.4533,0.0441,0.0122,,low_light,4,4.158585617481378,0.0375
00e9be89-00001455.jpg,00e9be89-00001460.jpg,orb,1041,1134,130,77,0.5923,0.1249,35.7769,0.0422,0.008,,low_light,4,4.315298888345016,0.065
00e9be89-00001460.jpg,00e9be89-00001465.jpg,orb,1134,1091,114,106,0.9298,0.1045,29.2018,0.0397,0.01,,low_light,4,4.296009887656618,0.057
00e9be89-00001465.jpg,00e9be89-00001470.jpg,orb,1091,1679,9,4,0.4444,0.0082,35.4444,0.0361,0.0141,,low_light,4,4.307008933898787,0.0045
00e9be89-00001470.jpg,00e9be89-00001475.jpg,orb,1679,1589,117,65,0.5556,0.0736,33.3077,0.0543,0.0201,,low_light,4,4.335215848918182,0.0585
00e9be89-00001475.jpg,00e9be89-00001480.jpg,orb,1589,1286,25,11,0.44,0.0194,34.64,0.044,0.0161,,low_light,4,4.3036502319921945,0.0125
00e9be89-00001480.jpg,00e9be89-00001485.jpg,orb,1286,1546,43,18,0.4186,0.0334,36.3488,0.0679,0.0141,,low_light,4,4.397507832427598,0.0215
00e9be89-00001485.jpg,00e9be89-00001490.jpg,orb,1546,1458,51,18,0.3529,0.035,29.9412,0.0422,0.0156,,low_light,4,4.544855527002181,0.0255
00e9be89-00001490.jpg,00e9be89-00001495.jpg,orb,1458,1341,476,465,0.9769,0.355,20.8256,0.0422,0.0141,,low_light,4,4.567184271006424,0.238
00e9be89-00001495.jpg,00e9be89-00001500.jpg,orb,1341,1474,575,565,0.9826,0.4288,16.5843,0.0437,0.0141,,low_light,4,4.568792539434247,0.2875
00e9be89-00001500.jpg,00e9be89-00001505.jpg,orb,1474,1626,321,241,0.7508,0.2178,24.9346,0.0402,0.0161,,low_light,4,4.569492757539272,0.1605
00e9be89-00001505.jpg,00e9be89-00001510.jpg,orb,1626,1860,48,25,0.5208,0.0295,36.3333,0.0502,0.0201,,low_light,4,4.554402697567543,0.024
00e9be89-00001510.jpg,00e9be89-00001515.jpg,orb,1860,1789,64,31,0.4844,0.0358,36.6875,0.0522,0.0236,,low_light,4,4.512718495118342,0.032
00e9be89-00001515.jpg,00e9be89-00001520.jpg,orb,1789,1826,18,6,0.3333,0.0101,39.5,0.0442,0.0241,,low_light,4,4.450968988405728,0.009
00e9be89-00001520.jpg,00e9be89-00001525.jpg,orb,1826,1998,87,44,0.5057,0.0476,32.4713,0.0583,0.0417,,low_light,4,4.450375100313107,0.0435
00e9be89-00001525.jpg,00e9be89-00001535.jpg,orb,1998,1968,26,11,0.4231,0.0132,41.3846,0.0526,0.0321,,low_light,4,4.467035295269249,0.013
00e9be89-00001535.jpg,00e9be89-00001540.jpg,orb,1968,1914,24,7,0.2917,0.0125,43.0417,0.0502,0.0276,,low_light,4,4.27970998025132,0.012
00e9be89-00001540.jpg,00e9be89-00001545.jpg,orb,1914,1851,23,15,0.6522,0.0124,37.7826,0.0497,0.0241,,low_light,4,4.180356755867077,0.0115
00e9be89-00001545.jpg,00e9be89-00001550.jpg,orb,1851,1603,252,185,0.7341,0.1572,27.5516,0.0502,0.0201,,low_light,4,4.250989883387767,0.126
00e9be89-00001550.jpg,00e9be89-00001555.jpg,orb,1603,1843,343,333,0.9708,0.214,21.6939,0.0523,0.0201,,low_light,4,4.251838801621096,0.1715
00e9be89-00001555.jpg,00e9be89-00001560.jpg,orb,1843,1430,307,293,0.9544,0.2147,23.1173,0.0442,0.0201,,low_light,4,4.252141343712447,0.1535
00e9be89-00001560.jpg,00e9be89-00001565.jpg,orb,1430,1536,331,298,0.9003,0.2315,22.4502,0.0457,0.0181,,low_light,4,4.258372212664443,0.1655
00e9be89-00001565.jpg,00e9be89-00001570.jpg,orb,1536,1934,58,39,0.6724,0.0378,29.7241,0.0523,0.0216,,low_light,4,4.277671856919597,0.029
00e9be89-00001570.jpg,00e9be89-00001575.jpg,orb,1934,1985,73,26,0.3562,0.0377,36.2055,0.0462,0.0261,,low_light,4,4.294859146086193,0.0365
00e9be89-00001575.jpg,00e9be89-00001580.jpg,orb,1985,1992,116,71,0.6121,0.0584,32.6638,0.0542,0.0281,,low_light,4,4.284700782553765,0.058
00e9be89-00001580.jpg,00e9be89-00001585.jpg,orb,1992,2000,58,28,0.4828,0.0291,36.9655,0.0598,0.0341,,low_light,4,4.181141179927625,0.029
00e9be89-00001585.jpg,00e9be89-00001590.jpg,orb,2000,1550,29,9,0.3103,0.0187,35.3103,0.0583,0.0261,,low_light,4,3.991570139133562,0.0145
00e9be89-00001590.jpg,00e9be89-00001595.jpg,orb,1550,1909,21,7,0.3333,0.0135,37.8095,0.0526,0.0221,,low_light,4,3.8188081185800593,0.0105
00e9be89-00001595.jpg,00e9be89-00001600.jpg,orb,1909,1933,29,13,0.4483,0.0152,40.5862,0.0603,0.0276,,low_light,4,3.875965766294556,0.0145
00e9be89-00001600.jpg,00e9be89-00001605.jpg,orb,1933,1856,145,82,0.5655,0.0781,31.7448,0.0457,0.0281,,low_light,4,3.99304346349491,0.0725
00e9be89-00001605.jpg,00e9be89-00001610.jpg,orb,1856,1914,31,10,0.3226,0.0167,40.5484,0.0523,0.0296,,low_light,4,4.055185400422747,0.0155
00e9be89-00001610.jpg,00e9be89-00001620.jpg,orb,1914,1945,6,4,0.6667,0.0031,40.5,0.054,0.0281,,low_light,4,4.084585729762733,0.003
00e9be89-00001620.jpg,00e9be89-00001625.jpg,orb,1945,1976,41,25,0.6098,0.0211,34.8293,0.0441,0.0256,,low_light,4,4.071341981927551,0.0205
00e9be89-00001625.jpg,00e9be89-00001630.jpg,orb,1976,1894,53,17,0.3208,0.028,37.0566,0.0522,0.0281,,low_light,4,4.119935543515688,0.0265
00e9be89-00001630.jpg,00e9be89-00001635.jpg,orb,1894,2000,27,9,0.3333,0.0143,44.4444,0.0522,0.0281,,low_light,4,4.213719491400696,0.0135
00e9be89-00001635.jpg,00e9be89-00001640.jpg,orb,2000,1931,9,4,0.4444,0.0047,42.6667,0.0542,0.0316,,low_light,4,4.009022515651414,0.0045
00e9be89-00001640.jpg,00e9be89-00001645.jpg,orb,1931,2000,19,5,0.2632,0.0098,40.6842,0.0558,0.0301,,low_light,4,3.784930770487624,0.0095
00e9be89-00001645.jpg,00e9be89-00001650.jpg,orb,2000,2000,29,8,0.2759,0.0145,31.5517,0.0482,0.0276,,low_light,4,3.919611504156666,0.0145
00e9be89-00001650.jpg,00e9be89-00001655.jpg,orb,2000,2000,15,6,0.4,0.0075,40.6667,0.0538,0.0261,,low_light,4,3.913742017118828,0.0075
00e9be89-00001655.jpg,00e9be89-00001665.jpg,orb,2000,2000,8,4,0.5,0.004,45.625,0.0509,0.035,,low_light,4,4.079108929587244,0.004
00e9be89-00001665.jpg,00e9be89-00001670.jpg,orb,2000,1949,21,9,0.4286,0.0108,42.1905,0.0522,0.0236,,low_light,4,4.320722929646575,0.0105
00e9be89-00001670.jpg,00e9be89-00001675.jpg,orb,1949,1969,20,6,0.3,0.0103,39.0,0.0543,0.0276,,low_light,4,4.265490276308962,0.01
00e9be89-00001675.jpg,00e9be89-00001680.jpg,orb,1969,1980,27,9,0.3333,0.0137,38.037,0.0482,0.0256,,low_light,4,4.205957954919484,0.0135
00e9be89-00001680.jpg,00e9be89-00001685.jpg,orb,1980,2000,17,4,0.2353,0.0086,40.1765,0.0537,0.0281,,low_light,4,4.298530548865481,0.0085
00e9be89-00001685.jpg,00e9be89-00001690.jpg,orb,2000,2000,14,5,0.3571,0.007,38.3571,0.0631,0.0342,,low_light,4,4.503356044789635,0.007
00e9be89-00001690.jpg,00e9be89-00001695.jpg,orb,2000,1909,23,7,0.3043,0.012,40.8696,0.0523,0.0321,,low_light,4,4.590309070221112,0.0115
00e9be89-00001695.jpg,00e9be89-00001705.jpg,orb,1909,1585,14,7,0.5,0.0088,39.9286,0.0442,0.0221,,low_light,4,4.510438669842899,0.007
00e9be89-00001705.jpg,00e9be89-00001710.jpg,orb,1585,1577,81,56,0.6914,0.0514,33.963,0.0477,0.0181,,low_light,4,4.42792050129417,0.0405
00e9be89-00001710.jpg,00e9be89-00001715.jpg,orb,1577,1874,46,21,0.4565,0.0292,36.6739,0.0399,0.0221,,low_light,4,4.390138806751401,0.023
00e9be89-00001715.jpg,00e9be89-00001720.jpg,orb,1874,1614,46,28,0.6087,0.0285,36.1522,0.0482,0.0221,,low_light,4,4.400636898327679,0.023046092184368736
00e9be89-00001720.jpg,00e9be89-00001725.jpg,orb,1614,1732,48,37,0.7708,0.0297,34.5625,0.0417,0.0221,,low_light,4,4.425467146363898,0.02404809619238477
00e9be89-00001725.jpg,00e9be89-00001730.jpg,orb,1732,1526,58,45,0.7759,0.038,34.7241,0.0402,0.0201,,low_light,4,4.419456274677712,0.029
00e9be89-00001730.jpg,00e9be89-00001740.jpg,orb,1526,1846,15,7,0.4667,0.0098,39.6667,0.0497,0.0181,,low_light,4,4.424489975471918,0.0075
00e9be89-00001740.jpg,00e9be89-00001745.jpg,orb,1846,2000,10,5,0.5,0.0054,41.6,0.0597,0.0241,,low_light,4,4.379631748466427,0.005
00e9be89-00001745.jpg,00e9be89-00001750.jpg,orb,2000,1613,12,5,0.4167,0.0074,42.0833,0.0497,0.0241,,low_light,4,4.28009748991731,0.006
00e9be89-00001750.jpg,00e9be89-00001755.jpg,orb,1613,1866,45,31,0.6889,0.0279,33.4222,0.0502,0.0261,,low_light,4,4.293958682514578,0.0225
00e9be89-00001755.jpg,00e9be89-00001760.jpg,orb,1866,1959,22,14,0.6364,0.0118,40.1364,0.0578,0.0261,,low_light,4,4.345565436642055,0.011
00e9be89-00001760.jpg,00e9be89-00001765.jpg,orb,1959,1640,21,13,0.619,0.0128,35.0476,0.0543,0.0256,,low_light,4,4.220922072606981,0.0105
00e9be89-00001765.jpg,00e9be89-00001770.jpg,orb,1640,1837,26,12,0.4615,0.0159,39.4231,0.0482,0.0256,,low_light,4,4.106755570470693,0.013
00e9be89-00001770.jpg,00e9be89-00001775.jpg,orb,1837,1924,50,34,0.68,0.0272,33.68,0.0522,0.0236,,low_light,4,4.113813985259549,0.025
00e9be89-00001775.jpg,00e9be89-00001780.jpg,orb,1924,1997,36,22,0.6111,0.0187,36.7222,0.0482,0.0261,,low_light,4,4.220709105335427,0.018
00e9be89-00001780.jpg,00e9be89-00001785.jpg,orb,1997,1962,56,44,0.7857,0.0285,34.25,0.0517,0.0301,,low_light,4,4.24405032635476,0.028
00e9be89-00001785.jpg,00e9be89-00001795.jpg,orb,1962,1799,42,30,0.7143,0.0233,33.2143,0.0436,0.0261,,low_light,4,4.087375828011097,0.021
00e9be89-00001795.jpg,00e9be89-00001800.jpg,orb,1799,1952,821,813,0.9903,0.4564,21.3544,0.0482,0.0261,,low_light,4,4.132028546214167,0.4105
00e9be89-00001800.jpg,00e9be89-00001810.jpg,orb,1952,1883,265,121,0.4566,0.1407,30.8981,0.0422,0.0261,,low_light,4,4.240062906791993,0.1325
00e9be89-00001810.jpg,00e9be89-00001815.jpg,orb,1883,1994,172,84,0.4884,0.0913,29.7384,0.0605,0.0377,,low_light,4,4.227341974788363,0.086
00e9be89-00001815.jpg,00e9be89-00001820.jpg,orb,1994,1914,59,32,0.5424,0.0308,36.7288,0.0581,0.0282,,low_light,4,4.236300974589396,0.0295
00e9be89-00001820.jpg,00e9be89-00001825.jpg,orb,1914,1984,72,23,0.3194,0.0376,36.9028,0.0462,0.0281,,low_light,4,4.212639172507107,0.036
00e9be89-00001825.jpg,00e9be89-00001830.jpg,orb,1984,2000,35,16,0.4571,0.0176,37.6857,0.0522,0.0261,,low_light,4,4.186884001272818,0.0175
00e9be89-00001830.jpg,00e9be89-00001840.jpg,orb,2000,1984,27,8,0.2963,0.0136,38.7037,0.0583,0.0287,,low_light,4,4.15141193683779,0.0135
00e9be89-00001840.jpg,00e9be89-00001845.jpg,orb,1984,1994,1154,1133,0.9818,0.5817,17.779,0.0542,0.0276,,low_light,4,4.11710606902934,0.577
00e9be89-00001845.jpg,00e9be89-00001865.jpg,orb,1994,2000,980,964,0.9837,0.4915,20.5592,0.0541,0.0261,,low_light,4,4.111100000400531,0.49
00e9be89-00001865.jpg,00e9be89-00001870.jpg,orb,2000,1996,977,968,0.9908,0.4895,20.6991,0.0494,0.0281,,low_light,4,4.135431860293465,0.4885
00e9be89-00001870.jpg,00e9be89-00001875.jpg,orb,1996,1995,1064,1052,0.9887,0.5333,17.828,0.0543,0.0261,,low_light,4,4.140646838329527,0.532
00e9be89-00001875.jpg,00e9be89-00001885.jpg,orb,1995,1997,995,985,0.9899,0.4987,19.5437,0.0578,0.0261,,low_light,4,4.108580168038725,0.4975
00e9be89-00001885.jpg,00e9be89-00001890.jpg,orb,1997,1979,1090,1078,0.989,0.5508,18.3422,0.0598,0.0321,,low_light,4,4.101496699387894,0.545
00e9be89-00001890.jpg,00e9be89-00001895.jpg,orb,1979,1981,1096,1082,0.9872,0.5538,17.7436,0.0601,0.0301,,low_light,4,4.1085255923740736,0.548
00e9be89-00001895.jpg,00e9be89-00001900.jpg,orb,1981,1990,1086,1069,0.9843,0.5482,18.2937,0.0537,0.0281,,low_light,4,4.115687405863524,0.543
00e9be89-00001900.jpg,00e9be89-00001905.jpg,orb,1990,1980,343,194,0.5656,0.1732,29.0554,0.0577,0.0261,,low_light,4,4.12392666605566,0.1715
00e9be89-00001905.jpg,00e9be89-00001915.jpg,orb,1980,1944,39,13,0.3333,0.0201,36.0256,0.0537,0.0281,,low_light,4,4.133901095161956,0.0195
00e9be89-00000015.jpg,00e9be89-00000100.jpg,orb,2000,1946,2,0,0.0,0.001,44.5,0.0623,0.0316,C:\Users\amit\Project_digital_image_processing__Amit_Alon\outputs\visualizations\task2\degraded_visualizations\low_light\level_5\match_00e9be89-00000015__00e9be89-00000100.png,low_light,5,2.9486149351313253,0.001
00e9be89-00000100.jpg,00e9be89-00000105.jpg,orb,1946,1985,935,928,0.9925,0.4805,23.3861,0.0478,0.0281,,low_light,5,3.04825818754706,0.4675
00e9be89-00000105.jpg,00e9be89-00000110.jpg,orb,1985,2000,1040,1029,0.9894,0.5239,21.1,0.0502,0.0276,,low_light,5,3.0466335140710985,0.52
00e9be89-00000110.jpg,00e9be89-00000115.jpg,orb,2000,1990,1058,1050,0.9924,0.5317,21.4319,0.0482,0.0276,,low_light,5,3.0471704804008004,0.529
00e9be89-00000115.jpg,00e9be89-00000120.jpg,orb,1990,1977,1189,1179,0.9916,0.6014,19.1152,0.0538,0.0301,,low_light,5,3.0487270873441696,0.5945
00e9be89-00000120.jpg,00e9be89-00000125.jpg,orb,1977,1991,665,656,0.9865,0.3364,28.1053,0.0618,0.0321,,low_light,5,3.011622639182581,0.3325
00e9be89-00000125.jpg,00e9be89-00000130.jpg,orb,1991,1992,795,786,0.9887,0.3993,23.1145,0.0502,0.0276,,low_light,5,2.984552467274232,0.3975
00e9be89-00000130.jpg,00e9be89-00000135.jpg,orb,1992,1951,874,867,0.992,0.448,22.6773,0.0522,0.0301,,low_light,5,3.0156992801936866,0.437
00e9be89-00000135.jpg,00e9be89-00000140.jpg,orb,1951,1953,939,928,0.9883,0.4813,22.1033,0.0502,0.0281,,low_light,5,3.0381946420401893,0.4695
00e9be89-00000140.jpg,00e9be89-00000145.jpg,orb,1953,1932,246,194,0.7886,0.1273,34.4919,0.0497,0.0281,,low_light,5,3.0420615316157944,0.123
00e9be89-00000145.jpg,00e9be89-00000150.jpg,orb,1932,1996,10,4,0.4,0.0052,42.6,0.0517,0.0321,,low_light,5,2.957082156276055,0.005
00e9be89-00000150.jpg,00e9be89-00000160.jpg,orb,1996,2000,5,4,0.8,0.0025,43.6,0.0482,0.0276,,low_light,5,2.915832961238796,0.0025
00e9be89-00000160.jpg,00e9be89-00000165.jpg,orb,2000,1972,12,4,0.3333,0.0061,42.4167,0.0538,0.0281,,low_light,5,2.994982973418012,0.006
00e9be89-00000165.jpg,00e9be89-00000175.jpg,orb,1972,1816,4,4,1.0,0.0022,42.25,0.0457,0.0261,,low_light,5,3.0108803498516017,0.002
00e9be89-00000175.jpg,00e9be89-00000190.jpg,orb,1816,1846,9,4,0.4444,0.005,44.2222,0.0578,0.0281,,low_light,5,2.9509707448505957,0.0045
00e9be89-00000190.jpg,00e9be89-00001000.jpg,orb,1846,1002,15,5,0.3333,0.015,45.4667,0.0442,0.0181,,low_light,5,2.979763032368384,0.0075
00e9be89-00001000.jpg,00e9be89-00001005.jpg,orb,1002,429,7,4,0.5714,0.0163,42.4286,0.0382,0.004,,low_light,5,3.0320688440374197,0.0035
00e9be89-00001005.jpg,00e9be89-00001010.jpg,orb,429,747,4,4,1.0,0.0093,37.25,0.0341,0.0015,,low_light,5,3.063145112297496,0.002
00e9be89-00001010.jpg,00e9be89-00001015.jpg,orb,747,968,15,7,0.4667,0.0201,40.6667,0.0429,0.006,,low_light,5,3.1093231353109383,0.007530120481927711
00e9be89-00001015.jpg,00e9be89-00001020.jpg,orb,968,1329,10,6,0.6,0.0103,37.6,0.0432,0.011,,low_light,5,3.0958725091131,0.0050200803212851405
00e9be89-00001020.jpg,00e9be89-00001025.jpg,orb,1329,1130,16,6,0.375,0.0142,44.875,0.0434,0.0136,,low_light,5,3.103264443245184,0.008
00e9be89-00001025.jpg,00e9be89-00001030.jpg,orb,1130,1000,19,8,0.4211,0.019,43.0,0.0361,0.008,,low_light,5,3.1129983962385355,0.0095
00e9be89-00001030.jpg,00e9be89-00001035.jpg,orb,1000,1031,41,24,0.5854,0.041,38.6341,0.0417,0.008,,low_light,5,3.113722934654989,0.0205
00e9be89-00001035.jpg,00e9be89-00001040.jpg,orb,1031,680,67,50,0.7463,0.0985,37.8507,0.0382,0.008,,low_light,5,3.1219001412960514,0.0335
00e9be89-00001040.jpg,00e9be89-00001045.jpg,orb,680,807,99,59,0.596,0.1456,37.3737,0.0337,0.004,,low_light,5,3.122134519645532,0.0495
00e9be89-00001045.jpg,00e9be89-00001050.jpg,orb,807,749,39,18,0.4615,0.0521,41.6667,0.0428,0.005,,low_light,5,3.12360781657357,0.0195
00e9be89-00001050.jpg,00e9be89-00001055.jpg,orb,749,1190,33,15,0.4545,0.0441,37.8182,0.0539,0.0201,,low_light,5,3.122494953133087,0.0165
00e9be89-00001055.jpg,00e9be89-00001060.jpg,orb,1190,1033,87,37,0.4253,0.0842,41.3908,0.0422,0.0121,,low_light,5,3.1299074221833365,0.0435
00e9be89-00001060.jpg,00e9be89-00001065.jpg,orb,1033,1648,41,30,0.7317,0.0397,36.3171,0.0603,0.0261,,low_light,5,3.157848396040203,0.0205
00e9be89-00001065.jpg,00e9be89-00001070.jpg,orb,1648,1539,100,80,0.8,0.065,35.74,0.0663,0.0322,,low_light,5,3.164621441181711,0.05
00e9be89-00001070.jpg,00e9be89-00001075.jpg,orb,1539,1907,58,42,0.7241,0.0377,36.2414,0.076,0.0342,,low_light,5,3.113600618745364,0.029
00e9be89-00001075.jpg,00e9be89-00001080.jpg,orb,1907,1043,40,21,0.525,0.0384,37.55,0.0658,0.0221,,low_light,5,3.1183035249970468,0.02
00e9be89-00001080.jpg,00e9be89-00001090.jpg,orb,1043,1279,30,19,0.6333,0.0288,38.1,0.0542,0.0161,,low_light,5,3.177406302271088,0.015
00e9be89-00001090.jpg,00e9be89-00001095.jpg,orb,1279,1054,56,34,0.6071,0.0531,35.7143,0.0684,0.0156,,low_light,5,3.188017906714512,0.028
00e9be89-00001095.jpg,00e9be89-00001100.jpg,orb,1054,1639,34,27,0.7941,0.0323,33.9118,0.0543,0.0141,,low_light,5,3.171000507955908,0.017
00e9be89-00001100.jpg,00e9be89-00001105.jpg,orb,1639,925,23,12,0.5217,0.0249,44.3043,0.0487,0.0185,,low_light,5,3.1410596275576683,0.0115
00e9be89-00001105.jpg,00e9be89-00001115.jpg,orb,925,1297,16,7,0.4375,0.0173,45.75,0.0583,0.0161,,low_light,5,3.027407931062604,0.008
00e9be89-00001115.jpg,00e9be89-00001125.jpg,orb,1297,1743,11,5,0.4545,0.0085,47.3636,0.0827,0.0241,,low_light,5,3.0411331317023915,0.0055
00e9be89-00001125.jpg,00e9be89-00001130.jpg,orb,1743,1768,42,25,0.5952,0.0241,37.7619,0.0739,0.0362,,low_light,5,3.1119130556400174,0.021
00e9be89-00001130.jpg,00e9be89-00001135.jpg,orb,1768,1443,50,32,0.64,0.0347,34.12,0.0445,0.0344,,low_light,5,3.1294131860231325,0.025
00e9be89-00001135.jpg,00e9be89-00001140.jpg,orb,1443,1751,56,37,0.6607,0.0388,33.3929,0.0724,0.0297,,low_light,5,3.182240323821182,0.028
00e9be89-00001140.jpg,00e9be89-00001150.jpg,orb,1751,1737,55,31,0.5636,0.0317,35.6727,0.0784,0.0377,,low_light,5,3.186681558548666,0.0275
00e9be89-00001150.jpg,00e9be89-00001155.jpg,orb,1737,1671,87,55,0.6322,0.0521,34.9195,0.0772,0.0251,,low_light,5,3.198003727413168,0.0435
00e9be89-00001155.jpg,00e9be89-00001160.jpg,orb,1671,1524,84,53,0.631,0.0551,31.1071,0.0542,0.0328,,low_light,5,3.201091634633697,0.042
00e9be89-00001160.jpg,00e9be89-00001165.jpg,orb,1524,1573,35,19,0.5429,0.023,37.8286,0.0637,0.0342,,low_light,5,3.205814600357536,0.0175
00e9be89-00001165.jpg,00e9be89-00001170.jpg,orb,1573,1707,46,26,0.5652,0.0292,38.4565,0.0564,0.0357,,low_light,5,3.2047225864148827,0.023
00e9be89-00001170.jpg,00e9be89-00001175.jpg,orb,1707,1699,37,21,0.5676,0.0218,37.7838,0.0719,0.0342,,low_light,5,3.204024637163875,0.0185
00e9be89-00001175.jpg,00e9be89-00001180.jpg,orb,1699,1799,72,43,0.5972,0.0424,35.7639,0.0489,0.0423,,low_light,5,3.209099797395451,0.036
00e9be89-00001180.jpg,00e9be89-00001185.jpg,orb,1799,1786,52,27,0.5192,0.0291,41.5192,0.0787,0.0358,,low_light,5,3.195219909559144,0.026
00e9be89-00001185.jpg,00e9be89-00001190.jpg,orb,1786,1875,11,5,0.4545,0.0062,45.2727,0.0558,0.0281,,low_light,5,3.173739223415916,0.0055
00e9be89-00001190.jpg,00e9be89-00001195.jpg,orb,1875,1666,14,5,0.3571,0.0084,44.4286,0.0422,0.0263,,low_light,5,3.0035233010666453,0.007
00e9be89-00001195.jpg,00e9be89-00001200.jpg,orb,1666,1124,16,8,0.5,0.0142,40.125,0.0437,0.0282,,low_light,5,3.0294990423951305,0.00805234021137393
00e9be89-00001200.jpg,00e9be89-00001205.jpg,orb,1124,288,21,8,0.381,0.0729,47.3333,0.0558,0.004,,low_light,5,3.2110930980317955,0.010568696527428284
00e9be89-00001205.jpg,00e9be89-00001210.jpg,orb,288,1096,3,0,0.0,0.0104,39.6667,0.0578,0.004,,low_light,5,3.203102646448464,0.001503006012024048
00e9be89-00001210.jpg,00e9be89-00001215.jpg,orb,1096,931,35,12,0.3429,0.0376,40.9143,0.0541,0.0121,,low_light,5,3.173028151098783,0.0175
00e9be89-00001215.jpg,00e9be89-00001220.jpg,orb,931,2000,8,6,0.75,0.0086,41.75,0.0764,0.0221,,low_light,5,3.11108854101557,0.004
00e9be89-00001220.jpg,00e9be89-00001225.jpg,orb,2000,1380,28,7,0.25,0.0203,46.0357,0.0744,0.0365,,low_light,5,3.1142175955731526,0.014
00e9be89-00001225.jpg,00e9be89-00001230.jpg,orb,1380,1630,10,4,0.4,0.0072,42.1,0.0482,0.0204,,low_light,5,3.164046095534045,0.005
00e9be89-00001230.jpg,00e9be89-00001240.jpg,orb,1630,500,68,52,0.7647,0.136,38.1912,0.0397,0.0141,,low_light,5,3.170351121723164,0.037383177570093455
00e9be89-00001240.jpg,00e9be89-00001245.jpg,orb,500,1998,19,12,0.6316,0.038,38.3684,0.0726,0.0122,,low_light,5,3.1384195616555277,0.010445299615173173
00e9be89-00001245.jpg,00e9be89-00001250.jpg,orb,1998,1309,24,6,0.25,0.0183,49.4583,0.0744,0.0377,,low_light,5,3.162905280667525,0.012
00e9be89-00001250.jpg,00e9be89-00001255.jpg,orb,1309,1779,53,29,0.5472,0.0405,38.6038,0.0638,0.0261,,low_light,5,3.210124886585118,0.0265
00e9be89-00001255.jpg,00e9be89-00001260.jpg,orb,1779,1822,27,23,0.8519,0.0152,33.1481,0.0804,0.0362,,low_light,5,3.218187055755004,0.0135
00e9be89-00001260.jpg,00e9be89-00001265.jpg,orb,1822,1676,35,26,0.7429,0.0209,33.8571,0.0784,0.0337,,low_light,5,3.192712091618477,0.0175
00e9be89-00001265.jpg,00e9be89-00001270.jpg,orb,1676,1470,13,5,0.3846,0.0088,48.2308,0.0744,0.0283,,low_light,5,3.1051928527584574,0.0065
00e9be89-00001270.jpg,00e9be89-00001275.jpg,orb,1470,1870,12,6,0.5,0.0082,40.4167,0.0482,0.0231,,low_light,5,3.0853856449519093,0.006
00e9be89-00001275.jpg,00e9be89-00001280.jpg,orb,1870,1908,9,0,0.0,0.0048,48.0,0.0576,0.0242,,low_light,5,2.990170736553389,0.0045
00e9be89-00001280.jpg,00e9be89-00001285.jpg,orb,1908,1002,11,4,0.3636,0.011,42.4545,0.0724,0.0241,,low_light,5,2.765937073935828,0.0055
00e9be89-00001285.jpg,00e9be89-00001290.jpg,orb,1002,1737,3,0,0.0,0.003,43.0,0.0638,0.0181,,low_light,5,2.8304281400029625,0.0015
00e9be89-00001290.jpg,00e9be89-00001295.jpg,orb,1737,1011,9,5,0.5556,0.0089,43.3333,0.0643,0.0201,,low_light,5,2.8501923239107896,0.0045
00e9be89-00001295.jpg,00e9be89-00001305.jpg,orb,1011,1980,8,4,0.5,0.0079,47.375,0.0805,0.0261,,low_light,5,2.778151207765218,0.004
00e9be89-00001305.jpg,00e9be89-00001310.jpg,orb,1980,2000,8,4,0.5,0.004,44.125,0.0885,0.0477,,low_light,5,2.782057423389829,0.004
00e9be89-00001310.jpg,00e9be89-00001315.jpg,orb,2000,1594,5,4,0.8,0.0031,39.2,0.083,0.0442,,low_light,5,2.6483462157908866,0.0025
00e9be89-00001315.jpg,00e9be89-00001325.jpg,orb,1594,968,37,11,0.2973,0.0382,34.8378,0.0463,0.0161,,low_light,5,2.606580817248516,0.0185
00e9be89-00001325.jpg,00e9be89-00001330.jpg,orb,968,1055,19,6,0.3158,0.0196,31.3158,0.0666,0.0101,,low_light,5,2.836737513271932,0.0095
00e9be89-00001330.jpg,00e9be89-00001335.jpg,orb,1055,984,9,4,0.4444,0.0091,42.5556,0.0498,0.0141,,low_light,5,2.959694905641622,0.0045
00e9be89-00001335.jpg,00e9be89-00001340.jpg,orb,984,1557,13,8,0.6154,0.0132,38.5385,0.0623,0.0181,,low_light,5,2.972988526739692,0.0065
00e9be89-00001340.jpg,00e9be89-00001345.jpg,orb,1557,1144,11,7,0.6364,0.0096,40.6364,0.0679,0.0221,,low_light,5,3.0334228427102774,0.0055
00e9be89-00001345.jpg,00e9be89-00001350.jpg,orb,1144,940,12,5,0.4167,0.0128,47.3333,0.0369,0.0223,,low_light,5,3.0053497349804124,0.006
00e9be89-00001350.jpg,00e9be89-00001355.jpg,orb,940,1298,13,6,0.4615,0.0138,43.6923,0.0685,0.0143,,low_light,5,3.022157770253439,0.0065
00e9be89-00001355.jpg,00e9be89-00001360.jpg,orb,1298,801,13,6,0.4615,0.0162,45.6154,0.0447,0.0151,,low_light,5,3.009178603485314,0.0065
00e9be89-00001360.jpg,00e9be89-00001365.jpg,orb,801,1080,15,6,0.4,0.0187,41.7333,0.0353,0.0098,,low_light,5,2.9804156986315444,0.0075
00e9be89-00001365.jpg,00e9be89-00001370.jpg,orb,1080,1622,25,17,0.68,0.0231,34.12,0.0686,0.0201,,low_light,5,3.012791874908228,0.0125
00e9be89-00001370.jpg,00e9be89-00001375.jpg,orb,1622,626,181,115,0.6354,0.2891,36.2099,0.0583,0.0136,,low_light,5,2.999743222862968,0.0905
00e9be89-00001375.jpg,00e9be89-00001380.jpg,orb,626,611,143,70,0.4895,0.234,33.3706,0.0485,0.006,,low_light,5,2.989595613020679,0.0715
00e9be89-00001380.jpg,00e9be89-00001385.jpg,orb,611,659,99,52,0.5253,0.162,33.4141,0.0522,0.006,,low_light,5,3.0184827373788004,0.0495
00e9be89-00001385.jpg,00e9be89-00001390.jpg,orb,659,820,23,17,0.7391,0.0349,31.5217,0.0579,0.006,,low_light,5,2.972853706384333,0.0115
00e9be89-00001390.jpg,00e9be89-00001395.jpg,orb,820,782,49,24,0.4898,0.0627,35.5918,0.0457,0.0081,,low_light,5,2.932021348070005,0.0245
00e9be89-00001395.jpg,00e9be89-00001400.jpg,orb,782,1054,82,40,0.4878,0.1049,32.7195,0.0425,0.0098,,low_light,5,2.959478580472513,0.041
00e9be89-00001400.jpg,00e9be89-00001405.jpg,orb,1054,1050,89,44,0.4944,0.0848,33.5843,0.0452,0.0131,,low_light,5,2.98183732031322,0.0445
00e9be89-00001405.jpg,00e9be89-00001410.jpg,orb,1050,1121,74,47,0.6351,0.0705,32.8784,0.0644,0.0156,,low_light,5,2.995780981278924,0.037
00e9be89-00001410.jpg,00e9be89-00001415.jpg,orb,1121,1027,149,54,0.3624,0.1451,32.3624,0.0623,0.0141,,low_light,5,2.9955223738701884,0.0745
00e9be89-00001415.jpg,00e9be89-00001420.jpg,orb,1027,1332,93,32,0.3441,0.0906,33.4086,0.0706,0.0181,,low_light,5,2.970754893803594,0.0465
00e9be89-00001420.jpg,00e9be89-00001425.jpg,orb,1332,1156,81,36,0.4444,0.0701,31.7654,0.069,0.0154,,low_light,5,2.935018194249404,0.0405
00e9be89-00001425.jpg,00e9be89-00001430.jpg,orb,1156,962,89,40,0.4494,0.0925,32.0337,0.0558,0.0141,,low_light,5,2.8990258318283715,0.0445
00e9be89-00001430.jpg,00e9be89-00001440.jpg,orb,962,1743,22,8,0.3636,0.0229,39.1364,0.0515,0.0284,,low_light,5,2.940079504259108,0.011
00e9be89-00001440.jpg,00e9be89-00001445.jpg,orb,1743,1728,112,59,0.5268,0.0648,31.875,0.0457,0.0281,,low_light,5,2.969287653981649,0.056
00e9be89-00001445.jpg,00e9be89-00001450.jpg,orb,1728,993,47,20,0.4255,0.0473,37.2128,0.0704,0.0202,,low_light,5,2.912062660697302,0.0235
00e9be89-00001450.jpg,00e9be89-00001455.jpg,orb,993,523,62,39,0.629,0.1185,37.4677,0.0522,0.008,,low_light,5,2.9773602898964047,0.031
00e9be89-00001455.jpg,00e9be89-00001460.jpg,orb,523,606,64,37,0.5781,0.1224,36.4375,0.0644,0.004,,low_light,5,3.0842489019260926,0.032
00e9be89-00001460.jpg,00e9be89-00001465.jpg,orb,606,649,78,65,0.8333,0.1287,32.5769,0.0563,0.004,,low_light,5,3.069447852301576,0.039
00e9be89-00001465.jpg,00e9be89-00001470.jpg,orb,649,1080,10,4,0.4,0.0154,39.0,0.0619,0.008,,low_light,5,3.074372773116385,0.005
00e9be89-00001470.jpg,00e9be89-00001475.jpg,orb,1080,970,86,41,0.4767,0.0887,33.4419,0.058,0.0161,,low_light,5,3.091773684361822,0.043
00e9be89-00001475.jpg,00e9be89-00001480.jpg,orb,970,701,16,10,0.625,0.0228,36.875,0.0589,0.008,,low_light,5,3.0722082995880893,0.008
00e9be89-00001480.jpg,00e9be89-00001485.jpg,orb,701,787,27,12,0.4444,0.0385,39.7037,0.0417,0.004,,low_light,5,3.135333807276681,0.0135
00e9be89-00001485.jpg,00e9be89-00001490.jpg,orb,787,791,29,14,0.4828,0.0368,34.2414,0.0438,0.0055,,low_light,5,3.2333697475893084,0.0145
00e9be89-00001490.jpg,00e9be89-00001495.jpg,orb,791,714,236,228,0.9661,0.3305,21.7966,0.0603,0.006,,low_light,5,3.2485630241502683,0.118
00e9be89-00001495.jpg,00e9be89-00001500.jpg,orb,714,796,307,303,0.987,0.43,16.9153,0.0586,0.008,,low_light,5,3.24975675912948,0.1535
00e9be89-00001500.jpg,00e9be89-00001505.jpg,orb,796,889,168,131,0.7798,0.2111,27.1012,0.0473,0.0075,,low_light,5,3.24977432088067,0.084
00e9be89-00001505.jpg,00e9be89-00001510.jpg,orb,889,1033,36,14,0.3889,0.0405,40.1111,0.0529,0.0182,,low_light,5,3.2400148525204324,0.018
00e9be89-00001510.jpg,00e9be89-00001515.jpg,orb,1033,1031,46,21,0.4565,0.0446,38.7826,0.0666,0.0151,,low_light,5,3.212112314612348,0.023
00e9be89-00001515.jpg,00e9be89-00001520.jpg,orb,1031,1292,19,8,0.4211,0.0184,36.7368,0.0643,0.0161,,low_light,5,3.172802293113555,0.0095
00e9be89-00001520.jpg,00e9be89-00001525.jpg,orb,1292,1926,63,32,0.5079,0.0488,32.3175,0.0509,0.0211,,low_light,5,3.174188140301691,0.0315
00e9be89-00001525.jpg,00e9be89-00001535.jpg,orb,1926,1768,22,9,0.4091,0.0124,40.2727,0.0471,0.0416,,low_light,5,3.1853662530622677,0.011
00e9be89-00001535.jpg,00e9be89-00001540.jpg,orb,1768,1411,17,7,0.4118,0.012,40.9412,0.0784,0.0276,,low_light,5,3.059235442155733,0.0085
00e9be89-00001540.jpg,00e9be89-00001545.jpg,orb,1411,1396,20,9,0.45,0.0143,38.55,0.0699,0.0221,,low_light,5,2.994478702253041,0.01
00e9be89-00001545.jpg,00e9be89-00001550.jpg,orb,1396,1043,193,140,0.7254,0.185,27.9378,0.0623,0.0181,,low_light,5,3.0447110787754608,0.0965
00e9be89-00001550.jpg,00e9be89-00001555.jpg,orb,1043,1349,259,249,0.9614,0.2483,22.4942,0.0558,0.0161,,low_light,5,3.0452714078915166,0.1295
00e9be89-00001555.jpg,00e9be89-00001560.jpg,orb,1349,832,223,208,0.9327,0.268,24.722,0.0664,0.0156,,low_light,5,3.04544713614628,0.1115
00e9be89-00001560.jpg,00e9be89-00001565.jpg,orb,832,935,206,156,0.7573,0.2476,24.7767,0.0519,0.01,,low_light,5,3.049927961182664,0.103
00e9be89-00001565.jpg,00e9be89-00001570.jpg,orb,935,1667,34,20,0.5882,0.0364,31.2941,0.0522,0.0134,,low_light,5,3.0626566980721783,0.017
00e9be89-00001570.jpg,00e9be89-00001575.jpg,orb,1667,1814,70,31,0.4429,0.042,37.2857,0.0477,0.0222,,low_light,5,3.0730110900855565,0.035
00e9be89-00001575.jpg,00e9be89-00001580.jpg,orb,1814,1719,106,71,0.6698,0.0617,31.6509,0.0786,0.0342,,low_light,5,3.065847003482877,0.053
00e9be89-00001580.jpg,00e9be89-00001585.jpg,orb,1719,1938,60,31,0.5167,0.0349,35.5167,0.071,0.0395,,low_light,5,2.996108223076659,0.03
00e9be89-00001585.jpg,00e9be89-00001590.jpg,orb,1938,1083,33,13,0.3939,0.0305,35.6667,0.0804,0.0261,,low_light,5,2.867545017196539,0.0165
00e9be89-00001590.jpg,00e9be89-00001595.jpg,orb,1083,1569,10,5,0.5,0.0092,38.2,0.0603,0.0201,,low_light,5,2.7503268373466776,0.005
00e9be89-00001595.jpg,00e9be89-00001600.jpg,orb,1569,1730,36,16,0.4444,0.0229,37.5833,0.0699,0.0342,,low_light,5,2.7864261871291527,0.018
00e9be89-00001600.jpg,00e9be89-00001605.jpg,orb,1730,1601,140,82,0.5857,0.0874,31.6929,0.061,0.0342,,low_light,5,2.8630134026801803,0.07
00e9be89-00001605.jpg,00e9be89-00001610.jpg,orb,1601,1657,23,8,0.3478,0.0144,40.1739,0.0518,0.0202,,low_light,5,2.903958661350472,0.0115
00e9be89-00001610.jpg,00e9be89-00001620.jpg,orb,1657,1511,20,7,0.35,0.0132,43.25,0.0549,0.0302,,low_light,5,2.923898551733996,0.01
00e9be89-00001620.jpg,00e9be89-00001625.jpg,orb,1511,1774,34,22,0.6471,0.0225,35.9118,0.0668,0.0322,,low_light,5,2.9127310299887665,0.017
00e9be89-00001625.jpg,00e9be89-00001630.jpg,orb,1774,1545,54,18,0.3333,0.035,39.4815,0.0677,0.0332,,low_light,5,2.9420631304247173,0.027
00e9be89-00001630.jpg,00e9be89-00001635.jpg,orb,1545,1994,23,7,0.3043,0.0149,43.7826,0.0719,0.0322,,low_light,5,3.0055184548482283,0.0115
00e9be89-00001635.jpg,00e9be89-00001640.jpg,orb,1994,1298,22,6,0.2727,0.0169,44.0909,0.0442,0.0181,,low_light,5,2.873064403722358,0.011
00e9be89-00001640.jpg,00e9be89-00001645.jpg,orb,1298,1885,7,4,0.5714,0.0054,40.4286,0.0458,0.0199,,low_light,5,2.7279949851042224,0.0035
00e9be89-00001645.jpg,00e9be89-00001650.jpg,orb,1885,1998,24,7,0.2917,0.0127,32.4167,0.0523,0.0301,,low_light,5,2.8192657161033394,0.012
00e9be89-00001650.jpg,00e9be89-00001655.jpg,orb,1998,1997,16,3,0.1875,0.008,38.4375,0.056,0.0324,,low_light,5,2.8139437264619893,0.008
00e9be89-00001655.jpg,00e9be89-00001665.jpg,orb,1997,1907,15,6,0.4,0.0079,43.6,0.0665,0.0342,,low_light,5,2.9221849358517167,0.0075
00e9be89-00001665.jpg,00e9be89-00001670.jpg,orb,1907,1707,19,7,0.3684,0.0111,43.7368,0.069,0.0382,,low_light,5,3.0829653689782885,0.0095
00e9be89-00001670.jpg,00e9be89-00001675.jpg,orb,1707,1821,33,10,0.303,0.0193,38.7273,0.0717,0.0393,,low_light,5,3.046904974933787,0.0165
00e9be89-00001675.jpg,00e9be89-00001680.jpg,orb,1821,1787,25,9,0.36,0.014,37.8,0.0762,0.0362,,low_light,5,3.006576256730707,0.0125
00e9be89-00001680.jpg,00e9be89-00001685.jpg,orb,1787,2000,17,6,0.3529,0.0095,42.3529,0.0764,0.0397,,low_light,5,3.068611815225597,0.0085
00e9be89-00001685.jpg,00e9be89-00001690.jpg,orb,2000,1965,19,5,0.2632,0.0097,36.7895,0.086,0.0431,,low_light,5,3.2066668013787747,0.0095
00e9be89-00001690.jpg,00e9be89-00001695.jpg,orb,1965,1479,21,7,0.3333,0.0142,41.9524,0.0545,0.0231,,low_light,5,3.262747213870556,0.0105
00e9be89-00001695.jpg,00e9be89-00001705.jpg,orb,1479,1078,13,4,0.3077,0.0121,46.2308,0.0548,0.0172,,low_light,5,3.209335371488756,0.0065
00e9be89-00001705.jpg,00e9be89-00001710.jpg,orb,1078,1026,52,35,0.6731,0.0507,34.9423,0.0644,0.0121,,low_light,5,3.156139831857296,0.026
00e9be89-00001710.jpg,00e9be89-00001715.jpg,orb,1026,1534,27,17,0.6296,0.0263,38.2222,0.0663,0.0181,,low_light,5,3.131293805016917,0.0135
00e9be89-00001715.jpg,00e9be89-00001720.jpg,orb,1534,1008,42,26,0.619,0.0417,37.5714,0.0664,0.0209,,low_light,5,3.1374837334649763,0.021042084168336674
00e9be89-00001720.jpg,00e9be89-00001725.jpg,orb,1008,1215,36,23,0.6389,0.0357,33.1667,0.0598,0.0141,,low_light,5,3.152916901340351,0.018036072144288578
00e9be89-00001725.jpg,00e9be89-00001730.jpg,orb,1215,1016,36,25,0.6944,0.0354,35.3333,0.0518,0.0161,,low_light,5,3.148786805294561,0.018
00e9be89-00001730.jpg,00e9be89-00001740.jpg,orb,1016,1428,12,5,0.4167,0.0118,39.75,0.0694,0.0161,,low_light,5,3.152470280584045,0.006
00e9be89-00001740.jpg,00e9be89-00001745.jpg,orb,1428,1984,5,0,0.0,0.0035,41.0,0.0538,0.0246,,low_light,5,3.124820768477703,0.0025
00e9be89-00001745.jpg,00e9be89-00001750.jpg,orb,1984,1098,12,4,0.3333,0.0109,44.9167,0.0524,0.0181,,low_light,5,3.057820492502161,0.006
00e9be89-00001750.jpg,00e9be89-00001755.jpg,orb,1098,1542,28,20,0.7143,0.0255,35.3214,0.0618,0.0201,,low_light,5,3.0637000068866462,0.014
00e9be89-00001755.jpg,00e9be89-00001760.jpg,orb,1542,1709,19,10,0.5263,0.0123,39.5263,0.0668,0.0302,,low_light,5,3.0975697672864464,0.0095
00e9be89-00001760.jpg,00e9be89-00001765.jpg,orb,1709,1203,29,19,0.6552,0.0241,35.6897,0.0639,0.0241,,low_light,5,3.0126851803741816,0.0145
00e9be89-00001765.jpg,00e9be89-00001770.jpg,orb,1203,1466,25,15,0.6,0.0208,37.72,0.0643,0.0201,,low_light,5,2.9346730295420187,0.0125
00e9be89-00001770.jpg,00e9be89-00001775.jpg,orb,1466,1602,46,32,0.6957,0.0314,36.1087,0.0538,0.0261,,low_light,5,2.938735570305184,0.023
00e9be89-00001775.jpg,00e9be89-00001780.jpg,orb,1602,1839,32,24,0.75,0.02,36.1562,0.114,0.0302,,low_light,5,3.0112112004478178,0.016
00e9be89-00001780.jpg,00e9be89-00001785.jpg,orb,1839,1732,58,43,0.7414,0.0335,34.9655,0.0535,0.0287,,low_light,5,3.025848250735538,0.029
00e9be89-00001785.jpg,00e9be89-00001795.jpg,orb,1732,1077,27,18,0.6667,0.0251,37.5556,0.0531,0.0222,,low_light,5,2.918297762046725,0.0135
00e9be89-00001795.jpg,00e9be89-00001800.jpg,orb,1077,1370,494,489,0.9899,0.4587,23.1316,0.0564,0.0173,,low_light,5,2.950573773306173,0.247
00e9be89-00001800.jpg,00e9be89-00001810.jpg,orb,1370,1234,166,90,0.5422,0.1345,31.4458,0.0626,0.0153,,low_light,5,3.025711988739069,0.083
00e9be89-00001810.jpg,00e9be89-00001815.jpg,orb,1234,1634,124,68,0.5484,0.1005,30.5645,0.1206,0.022,,low_light,5,3.017360804139836,0.062
00e9be89-00001815.jpg,00e9be89-00001820.jpg,orb,1634,1566,42,18,0.4286,0.0268,35.7857,0.1135,0.2121,,low_light,5,3.0227852238268187,0.021
00e9be89-00001820.jpg,00e9be89-00001825.jpg,orb,1566,1772,69,24,0.3478,0.0441,36.0,0.0611,0.0254,,low_light,5,3.0065456377461257,0.0345
00e9be89-00001825.jpg,00e9be89-00001830.jpg,orb,1772,1926,40,14,0.35,0.0226,37.475,0.0672,0.0553,,low_light,5,2.990225880838336,0.02
00e9be89-00001830.jpg,00e9be89-00001840.jpg,orb,1926,1772,15,7,0.4667,0.0085,41.2,0.0698,0.0384,,low_light,5,2.9680727790211434,0.0075
00e9be89-00001840.jpg,00e9be89-00001845.jpg,orb,1772,1808,1017,1010,0.9931,0.5739,18.2655,0.0665,0.0428,,low_light,5,2.9456602696338168,0.5085
00e9be89-00001845.jpg,00e9be89-00001865.jpg,orb,1808,1827,870,861,0.9897,0.4812,20.3816,0.0717,0.0351,,low_light,5,2.94171940160003,0.435
00e9be89-00001865.jpg,00e9be89-00001870.jpg,orb,1827,1816,887,878,0.9899,0.4884,21.4961,0.0647,0.0306,,low_light,5,2.957943232093581,0.4435
00e9be89-00001870.jpg,00e9be89-00001875.jpg,orb,1816,1826,955,948,0.9927,0.5259,18.8335,0.0659,0.0302,,low_light,5,2.961273416885676,0.4775
00e9be89-00001875.jpg,00e9be89-00001885.jpg,orb,1826,1817,918,911,0.9924,0.5052,20.3442,0.0726,0.0315,,low_light,5,2.9400741256538687,0.459
00e9be89-00001885.jpg,00e9be89-00001890.jpg,orb,1817,1791,967,956,0.9886,0.5399,19.1737,0.0645,0.0326,,low_light,5,2.935442771490808,0.4835
00e9be89-00001890.jpg,00e9be89-00001895.jpg,orb,1791,1762,912,902,0.989,0.5176,19.0066,0.0818,0.0579,,low_light,5,2.939995962988712,0.456
00e9be89-00001895.jpg,00e9be89-00001900.jpg,orb,1762,1802,939,924,0.984,0.5329,19.7806,0.0655,0.0337,,low_light,5,2.9446437724775345,0.4695
00e9be89-00001900.jpg,00e9be89-00001905.jpg,orb,1802,1735,321,179,0.5576,0.185,30.3396,0.0604,0.0326,,low_light,5,2.9501635839226044,0.1605
00e9be89-00001905.jpg,00e9be89-00001915.jpg,orb,1735,1597,26,8,0.3077,0.0163,34.8077,0.068,0.0274,,low_light,5,2.956767411355802,0.013
00e9be89-00000015.jpg,00e9be89-00000100.jpg,orb,1964,878,9,4,0.4444,0.0103,43.5556,0.0597,0.0168,C:\Users\amit\Project_digital_image_processing__Amit_Alon\outputs\visualizations\task2\degraded_visualizations\low_light\level_6\match_00e9be89-00000015__00e9be89-00000100.png,low_light,6,1.982349815423792,0.0045
00e9be89-00000100.jpg,00e9be89-00000105.jpg,orb,878,994,428,424,0.9907,0.4875,24.271,0.0554,0.0097,,low_light,6,2.0455510659176057,0.214
00e9be89-00000105.jpg,00e9be89-00000110.jpg,orb,994,1103,504,501,0.994,0.507,21.3671,0.0607,0.0104,,low_light,6,2.0444379922065803,0.252
00e9be89-00000110.jpg,00e9be89-00000115.jpg,orb,1103,996,517,515,0.9961,0.5191,23.0426,0.0609,0.0131,,low_light,6,2.044644039130123,0.2585
00e9be89-00000115.jpg,00e9be89-00000120.jpg,orb,996,994,581,580,0.9983,0.5845,19.4836,0.0584,0.0104,,low_light,6,2.0456425190485104,0.2905
00e9be89-00000120.jpg,00e9be89-00000125.jpg,orb,994,1065,306,305,0.9967,0.3078,30.0098,0.0441,0.008,,low_light,6,2.022007383278265,0.153
00e9be89-00000125.jpg,00e9be89-00000130.jpg,orb,1065,1006,348,339,0.9741,0.3459,24.4569,0.0429,0.0101,,low_light,6,2.004649437511452,0.174
00e9be89-00000130.jpg,00e9be89-00000135.jpg,orb,1006,792,377,372,0.9867,0.476,23.3342,0.0459,0.006,,low_light,6,2.024370406510042,0.1885
00e9be89-00000135.jpg,00e9be89-00000140.jpg,orb,792,885,425,423,0.9953,0.5366,22.8235,0.0443,0.006,,low_light,6,2.0386403570790144,0.2125
00e9be89-00000140.jpg,00e9be89-00000145.jpg,orb,885,597,113,95,0.8407,0.1893,36.3009,0.0353,0.0055,,low_light,6,2.0416863189975403,0.0565
00e9be89-00000145.jpg,00e9be89-00000150.jpg,orb,597,1686,2,0,0.0,0.0034,45.5,0.0472,0.0102,,low_light,6,1.988157194519016,0.001
00e9be89-00000150.jpg,00e9be89-00000160.jpg,orb,1686,1805,9,5,0.5556,0.0053,40.4444,0.0499,0.0261,,low_light,6,1.9609856031276447,0.0045
00e9be89-00000160.jpg,00e9be89-00000165.jpg,orb,1805,1492,10,6,0.6,0.0067,44.0,0.0521,0.0195,,low_light,6,2.0098295183747235,0.005
00e9be89-00000165.jpg,00e9be89-00000175.jpg,orb,1492,943,11,4,0.3636,0.0117,45.0,0.0476,0.0197,,low_light,6,2.0218408646221806,0.0055
00e9be89-00000175.jpg,00e9be89-00000190.jpg,orb,943,1162,5,4,0.8,0.0053,43.6,0.0481,0.0092,,low_light,6,1.9856614489495776,0.0025
00e9be89-00000190.jpg,00e9be89-00001000.jpg,orb,1162,469,9,4,0.4444,0.0192,50.3333,0.0841,0.0051,,low_light,6,2.0031865002151403,0.0045
00e9be89-00001000.jpg,00e9be89-00001005.jpg,orb,469,106,2,0,0.0,0.0189,63.5,0.0495,0.002,,low_light,6,2.034901756670924,0.001
00e9be89-00001005.jpg,00e9be89-00001010.jpg,orb,106,187,0,0,0.0,0.0,0.0,0.043,0.0,,low_light,6,2.0544578047914888,0.0
00e9be89-00001010.jpg,00e9be89-00001015.jpg,orb,187,397,7,6,0.8571,0.0374,39.0,0.0415,0.002,,low_light,6,2.0849320103517623,0.0035140562248995983
00e9be89-00001015.jpg,00e9be89-00001020.jpg,orb,397,653,10,5,0.5,0.0252,46.7,0.0442,0.004,,low_light,6,2.075673479122079,0.0050200803212851405
00e9be89-00001020.jpg,00e9be89-00001025.jpg,orb,653,493,8,4,0.5,0.0162,45.25,0.0536,0.005,,low_light,6,2.079923405677365,0.004
00e9be89-00001025.jpg,00e9be89-00001030.jpg,orb,493,440,16,10,0.625,0.0364,41.0625,0.0493,0.002,,low_light,6,2.0862317453333272,0.008
00e9be89-00001030.jpg,00e9be89-00001035.jpg,orb,440,483,28,16,0.5714,0.0636,39.9286,0.0537,0.002,,low_light,6,2.0864481826071586,0.014
00e9be89-00001035.jpg,00e9be89-00001040.jpg,orb,483,260,47,36,0.766,0.1808,38.4468,0.0321,0.002,,low_light,6,2.0915080555172727,0.0235
00e9be89-00001040.jpg,00e9be89-00001045.jpg,orb,260,335,38,28,0.7368,0.1462,41.3421,0.0324,0.002,,low_light,6,2.091741109662943,0.019
00e9be89-00001045.jpg,00e9be89-00001050.jpg,orb,335,281,11,7,0.6364,0.0391,43.7273,0.0546,0.002,,low_light,6,2.092774393395293,0.0055
00e9be89-00001050.jpg,00e9be89-00001055.jpg,orb,281,527,16,9,0.5625,0.0569,39.9375,0.0523,0.002,,low_light,6,2.09193934097092,0.008
00e9be89-00001055.jpg,00e9be89-00001060.jpg,orb,527,468,43,21,0.4884,0.0919,44.093,0.0558,0.002,,low_light,6,2.097112642350697,0.0215
00e9be89-00001060.jpg,00e9be89-00001065.jpg,orb,468,650,20,13,0.65,0.0427,41.4,0.0558,0.004,,low_light,6,2.114255345277752,0.01
00e9be89-00001065.jpg,00e9be89-00001070.jpg,orb,650,542,59,48,0.8136,0.1089,38.1186,0.038,0.0071,,low_light,6,2.118199075488409,0.0295
00e9be89-00001070.jpg,00e9be89-00001075.jpg,orb,542,994,29,21,0.7241,0.0535,37.6552,0.0664,0.006,,low_light,6,2.085872103719854,0.0145
00e9be89-00001075.jpg,00e9be89-00001080.jpg,orb,994,382,31,16,0.5161,0.0812,43.1935,0.0402,0.004,,low_light,6,2.0888021644785857,0.0155
00e9be89-00001080.jpg,00e9be89-00001090.jpg,orb,382,500,9,7,0.7778,0.0236,42.4444,0.0441,0.002,,low_light,6,2.1275724939278637,0.0045
00e9be89-00001090.jpg,00e9be89-00001095.jpg,orb,500,366,20,17,0.85,0.0546,42.15,0.0497,0.004,,low_light,6,2.134849795795436,0.01
00e9be89-00001095.jpg,00e9be89-00001100.jpg,orb,366,633,18,16,0.8889,0.0492,38.4444,0.0509,0.004,,low_light,6,2.124636192490996,0.009
00e9be89-00001100.jpg,00e9be89-00001105.jpg,orb,633,412,7,4,0.5714,0.017,47.8571,0.0558,0.004,,low_light,6,2.105957129268456,0.0035
00e9be89-00001105.jpg,00e9be89-00001115.jpg,orb,412,528,4,4,1.0,0.0097,48.0,0.0563,0.002,,low_light,6,2.03272281571832,0.002
00e9be89-00001115.jpg,00e9be89-00001125.jpg,orb,528,842,6,4,0.6667,0.0114,47.5,0.0504,0.006,,low_light,6,2.0415766366239634,0.003
00e9be89-00001125.jpg,00e9be89-00001130.jpg,orb,842,807,25,17,0.68,0.031,36.24,0.0587,0.0106,,low_light,6,2.0873150035003274,0.0125
00e9be89-00001130.jpg,00e9be89-00001135.jpg,orb,807,660,27,18,0.6667,0.0409,36.4074,0.0445,0.005,,low_light,6,2.098417940078285,0.0135
00e9be89-00001135.jpg,00e9be89-00001140.jpg,orb,660,1018,32,24,0.75,0.0485,33.625,0.0402,0.008,,low_light,6,2.132559577034433,0.016
00e9be89-00001140.jpg,00e9be89-00001150.jpg,orb,1018,940,35,25,0.7143,0.0372,36.7714,0.0609,0.0094,,low_light,6,2.1354518440418047,0.0175
00e9be89-00001150.jpg,00e9be89-00001155.jpg,orb,940,770,54,36,0.6667,0.0701,34.5741,0.0583,0.01,,low_light,6,2.142205571271196,0.027
00e9be89-00001155.jpg,00e9be89-00001160.jpg,orb,770,738,48,26,0.5417,0.065,36.6667,0.0429,0.0089,,low_light,6,2.144340420672865,0.024
00e9be89-00001160.jpg,00e9be89-00001165.jpg,orb,738,685,16,8,0.5,0.0234,43.0,0.0606,0.006,,low_light,6,2.1472589442090824,0.008
00e9be89-00001165.jpg,00e9be89-00001170.jpg,orb,685,922,21,10,0.4762,0.0307,39.619,0.0563,0.008,,low_light,6,2.146312264004973,0.0105
00e9be89-00001170.jpg,00e9be89-00001175.jpg,orb,922,842,30,10,0.3333,0.0356,42.9667,0.0598,0.01,,low_light,6,2.1459680830175163,0.015
00e9be89-00001175.jpg,00e9be89-00001180.jpg,orb,842,1059,43,25,0.5814,0.0511,38.7209,0.0437,0.008,,low_light,6,2.149280018871254,0.0215
00e9be89-00001180.jpg,00e9be89-00001185.jpg,orb,1059,930,27,12,0.4444,0.029,41.6667,0.0349,0.008,,low_light,6,2.140865363798345,0.0135
00e9be89-00001185.jpg,00e9be89-00001190.jpg,orb,930,1212,8,5,0.625,0.0086,45.375,0.0461,0.0141,,low_light,6,2.127545885113691,0.004
00e9be89-00001190.jpg,00e9be89-00001195.jpg,orb,1212,919,9,4,0.4444,0.0098,53.0,0.0659,0.0141,,low_light,6,2.0177816551054235,0.0045
00e9be89-00001195.jpg,00e9be89-00001200.jpg,orb,919,538,14,5,0.3571,0.026,46.4286,0.0504,0.008,,low_light,6,2.03377719034258,0.007045797684952189
00e9be89-00001200.jpg,00e9be89-00001205.jpg,orb,538,105,10,6,0.6,0.0952,49.8,0.0507,0.001,,low_light,6,2.1504386315923893,0.0050327126321087065
00e9be89-00001205.jpg,00e9be89-00001210.jpg,orb,105,550,4,4,1.0,0.0381,45.75,0.0482,0.0,,low_light,6,2.145322455800465,0.002004008016032064
00e9be89-00001210.jpg,00e9be89-00001215.jpg,orb,550,424,24,12,0.5,0.0566,43.2917,0.0538,0.004,,low_light,6,2.124427642164781,0.012
00e9be89-00001215.jpg,00e9be89-00001220.jpg,orb,424,1890,4,4,1.0,0.0094,39.5,0.0714,0.008,,low_light,6,2.0844327913669334,0.002
00e9be89-00001220.jpg,00e9be89-00001225.jpg,orb,1890,660,27,7,0.2593,0.0409,48.4815,0.0472,0.01,,low_light,6,2.086808754563039,0.0135
00e9be89-00001225.jpg,00e9be89-00001230.jpg,orb,660,756,3,0,0.0,0.0045,46.0,0.0402,0.0101,,low_light,6,2.118729369167977,0.0015
00e9be89-00001230.jpg,00e9be89-00001240.jpg,orb,756,192,24,15,0.625,0.125,41.7083,0.0583,0.0027,,low_light,6,2.123150321531573,0.013194062671797692
00e9be89-00001240.jpg,00e9be89-00001245.jpg,orb,192,1881,9,8,0.8889,0.0469,32.5556,0.0628,0.004,,low_light,6,2.1027450802769243,0.004947773501924134
00e9be89-00001245.jpg,00e9be89-00001250.jpg,orb,1881,547,24,8,0.3333,0.0439,49.875,0.0603,0.0095,,low_light,6,2.118712344532433,0.012
00e9be89-00001250.jpg,00e9be89-00001255.jpg,orb,547,1181,31,16,0.5161,0.0567,38.9677,0.0513,0.0083,,low_light,6,2.148878974142641,0.0155
00e9be89-00001255.jpg,00e9be89-00001260.jpg,orb,1181,1063,21,17,0.8095,0.0198,36.4762,0.0664,0.0159,,low_light,6,2.154835637143166,0.0105
00e9be89-00001260.jpg,00e9be89-00001265.jpg,orb,1063,958,13,11,0.8462,0.0136,34.0,0.0566,0.01,,low_light,6,2.1375674323274154,0.0065
00e9be89-00001265.jpg,00e9be89-00001270.jpg,orb,958,715,7,4,0.5714,0.0098,53.1429,0.0424,0.006,,low_light,6,2.0812441341121795,0.0035
00e9be89-00001270.jpg,00e9be89-00001275.jpg,orb,715,1594,6,0,0.0,0.0084,47.6667,0.0623,0.0121,,low_light,6,2.0709527317404075,0.003
00e9be89-00001275.jpg,00e9be89-00001280.jpg,orb,1594,1509,7,5,0.7143,0.0046,45.7143,0.0517,0.0309,,low_light,6,2.010122464784572,0.0035
00e9be89-00001280.jpg,00e9be89-00001285.jpg,orb,1509,293,14,5,0.3571,0.0478,49.9286,0.0639,0.006,,low_light,6,1.8643553314897965,0.007
00e9be89-00001285.jpg,00e9be89-00001290.jpg,orb,293,1118,3,0,0.0,0.0102,50.0,0.0583,0.0055,,low_light,6,1.9057556272351,0.0015
00e9be89-00001290.jpg,00e9be89-00001295.jpg,orb,1118,295,5,0,0.0,0.0169,48.8,0.0497,0.006,,low_light,6,1.9188543398776527,0.0025
00e9be89-00001295.jpg,00e9be89-00001305.jpg,orb,295,1507,1,0,0.0,0.0034,37.0,0.0531,0.0058,,low_light,6,1.8723618601803815,0.0005
00e9be89-00001305.jpg,00e9be89-00001310.jpg,orb,1507,1886,8,4,0.5,0.0053,42.375,0.0545,0.0292,,low_light,6,1.8751631833091,0.004
00e9be89-00001310.jpg,00e9be89-00001315.jpg,orb,1886,1052,11,5,0.4545,0.0105,42.2727,0.0442,0.0193,,low_light,6,1.7878399154206968,0.0055
00e9be89-00001315.jpg,00e9be89-00001325.jpg,orb,1052,590,22,11,0.5,0.0373,38.5455,0.0262,0.0162,,low_light,6,1.7621590429701497,0.011
00e9be89-00001325.jpg,00e9be89-00001330.jpg,orb,590,635,4,4,1.0,0.0068,46.5,0.0578,0.006,,low_light,6,1.9161913419010037,0.002
00e9be89-00001330.jpg,00e9be89-00001335.jpg,orb,635,410,6,5,0.8333,0.0146,41.3333,0.0539,0.004,,low_light,6,1.9945230643466003,0.003
00e9be89-00001335.jpg,00e9be89-00001340.jpg,orb,410,616,14,6,0.4286,0.0341,43.5714,0.0538,0.004,,low_light,6,1.9982013945995667,0.007
00e9be89-00001340.jpg,00e9be89-00001345.jpg,orb,616,432,4,4,1.0,0.0093,45.5,0.0468,0.004,,low_light,6,2.0376234821261834,0.002
00e9be89-00001345.jpg,00e9be89-00001350.jpg,orb,432,355,2,0,0.0,0.0056,54.0,0.0563,0.002,,low_light,6,2.0199970163655827,0.001
00e9be89-00001350.jpg,00e9be89-00001355.jpg,orb,355,574,4,4,1.0,0.0113,39.75,0.0431,0.0011,,low_light,6,2.0302076359740875,0.002
00e9be89-00001355.jpg,00e9be89-00001360.jpg,orb,574,413,10,6,0.6,0.0242,43.2,0.0341,0.002,,low_light,6,2.022075006129273,0.005
00e9be89-00001360.jpg,00e9be89-00001365.jpg,orb,413,487,7,4,0.5714,0.0169,54.2857,0.0578,0.004,,low_light,6,2.0040880295759287,0.0035
00e9be89-00001365.jpg,00e9be89-00001370.jpg,orb,487,794,12,7,0.5833,0.0246,42.9167,0.0537,0.004,,low_light,6,2.0243875292697187,0.006
00e9be89-00001370.jpg,00e9be89-00001375.jpg,orb,794,206,82,46,0.561,0.3981,42.8293,0.0569,0.004,,low_light,6,2.015615167056061,0.041
00e9be89-00001375.jpg,00e9be89-00001380.jpg,orb,206,191,50,32,0.64,0.2618,37.68,0.0406,0.0,,low_light,6,2.0088974232090626,0.025
00e9be89-00001380.jpg,00e9be89-00001385.jpg,orb,191,198,25,22,0.88,0.1309,36.68,0.0538,0.0,,low_light,6,2.027236747934361,0.0125
00e9be89-00001385.jpg,00e9be89-00001390.jpg,orb,198,325,7,4,0.5714,0.0354,40.1429,0.0352,0.002,,low_light,6,1.997821320903403,0.0035
00e9be89-00001390.jpg,00e9be89-00001395.jpg,orb,325,334,18,7,0.3889,0.0554,40.8889,0.0519,0.0011,,low_light,6,1.9717308780274012,0.009
00e9be89-00001395.jpg,00e9be89-00001400.jpg,orb,334,459,36,16,0.4444,0.1078,38.75,0.0384,0.002,,low_light,6,1.9898662326293968,0.018
00e9be89-00001400.jpg,00e9be89-00001405.jpg,orb,459,483,37,21,0.5676,0.0806,34.9459,0.0423,0.002,,low_light,6,2.004009695654564,0.0185
00e9be89-00001405.jpg,00e9be89-00001410.jpg,orb,483,521,25,18,0.72,0.0518,35.36,0.0406,0.004,,low_light,6,2.0127902291652124,0.0125
00e9be89-00001410.jpg,00e9be89-00001415.jpg,orb,521,472,68,37,0.5441,0.1441,34.2794,0.0578,0.004,,low_light,6,2.0131038589962333,0.034
00e9be89-00001415.jpg,00e9be89-00001420.jpg,orb,472,678,54,21,0.3889,0.1144,36.5185,0.0518,0.006,,low_light,6,1.997656612668924,0.027
00e9be89-00001420.jpg,00e9be89-00001425.jpg,orb,678,530,48,24,0.5,0.0906,35.1667,0.0523,0.0076,,low_light,6,1.9744735280134715,0.024
00e9be89-00001425.jpg,00e9be89-00001430.jpg,orb,530,412,39,17,0.4359,0.0947,36.6923,0.054,0.002,,low_light,6,1.95038089974207,0.0195
00e9be89-00001430.jpg,00e9be89-00001440.jpg,orb,412,788,5,4,0.8,0.0121,41.6,0.0482,0.002,,low_light,6,1.976252724810766,0.0025
00e9be89-00001440.jpg,00e9be89-00001445.jpg,orb,788,758,53,23,0.434,0.0699,34.8491,0.0365,0.006,,low_light,6,1.995500132074824,0.0265
00e9be89-00001445.jpg,00e9be89-00001450.jpg,orb,758,335,18,10,0.5556,0.0537,41.7778,0.0558,0.004,,low_light,6,1.9585733799147893,0.009
00e9be89-00001450.jpg,00e9be89-00001455.jpg,orb,335,167,23,20,0.8696,0.1377,34.9565,0.0482,0.002,,low_light,6,1.99994555284053,0.0115
00e9be89-00001455.jpg,00e9be89-00001460.jpg,orb,167,212,35,27,0.7714,0.2096,39.2286,0.0465,0.002,,low_light,6,2.0687662116398355,0.0175
00e9be89-00001460.jpg,00e9be89-00001465.jpg,orb,212,274,33,31,0.9394,0.1557,34.8182,0.0538,0.002,,low_light,6,2.0597058227186062,0.0165
00e9be89-00001465.jpg,00e9be89-00001470.jpg,orb,274,505,10,4,0.4,0.0365,45.0,0.0462,0.004,,low_light,6,2.0629362616940066,0.005
00e9be89-00001470.jpg,00e9be89-00001475.jpg,orb,505,407,29,15,0.5172,0.0713,35.3793,0.0498,0.004,,low_light,6,2.0741433448739466,0.0145
00e9be89-00001475.jpg,00e9be89-00001480.jpg,orb,407,291,8,6,0.75,0.0275,41.5,0.0322,0.0087,,low_light,6,2.061785337334441,0.004
00e9be89-00001480.jpg,00e9be89-00001485.jpg,orb,291,284,10,8,0.8,0.0352,38.8,0.0311,0.002,,low_light,6,2.100966255758902,0.005
00e9be89-00001485.jpg,00e9be89-00001490.jpg,orb,284,268,8,6,0.75,0.0299,35.5,0.0422,0.0,,low_light,6,2.162255960636176,0.004
00e9be89-00001490.jpg,00e9be89-00001495.jpg,orb,268,270,70,67,0.9571,0.2612,27.4714,0.0345,0.0,,low_light,6,2.171919536357015,0.035
00e9be89-00001495.jpg,00e9be89-00001500.jpg,orb,270,297,80,79,0.9875,0.2963,19.2125,0.0543,0.002,,low_light,6,2.1726066969446194,0.04
00e9be89-00001500.jpg,00e9be89-00001505.jpg,orb,297,413,64,49,0.7656,0.2155,27.4375,0.0516,0.0027,,low_light,6,2.172654265729698,0.032
00e9be89-00001505.jpg,00e9be89-00001510.jpg,orb,413,382,12,5,0.4167,0.0314,43.4167,0.0538,0.004,,low_light,6,2.166426358175241,0.006
00e9be89-00001510.jpg,00e9be89-00001515.jpg,orb,382,436,15,8,0.5333,0.0393,44.0667,0.0482,0.002,,low_light,6,2.146865380307172,0.0075
00e9be89-00001515.jpg,00e9be89-00001520.jpg,orb,436,555,13,6,0.4615,0.0298,47.5385,0.0525,0.004,,low_light,6,2.1207187780581567,0.0065
00e9be89-00001520.jpg,00e9be89-00001525.jpg,orb,555,1396,43,25,0.5814,0.0775,33.3488,0.044,0.007,,low_light,6,2.1218078456042644,0.0215
00e9be89-00001525.jpg,00e9be89-00001535.jpg,orb,1396,957,35,13,0.3714,0.0366,38.5143,0.0473,0.0102,,low_light,6,2.128458523901904,0.0175
00e9be89-00001535.jpg,00e9be89-00001540.jpg,orb,957,623,11,6,0.5455,0.0177,43.0,0.0558,0.008,,low_light,6,2.050588090636807,0.0055
00e9be89-00001540.jpg,00e9be89-00001545.jpg,orb,623,649,5,4,0.8,0.008,38.4,0.0489,0.004,,low_light,6,2.01067850317629,0.0025
00e9be89-00001545.jpg,00e9be89-00001550.jpg,orb,649,425,85,50,0.5882,0.2,30.5176,0.0578,0.006,,low_light,6,2.041405483387048,0.0425
00e9be89-00001550.jpg,00e9be89-00001555.jpg,orb,425,639,106,102,0.9623,0.2494,23.3585,0.0578,0.004,,low_light,6,2.041784755042844,0.053
00e9be89-00001555.jpg,00e9be89-00001560.jpg,orb,639,371,108,104,0.963,0.2911,25.9352,0.0543,0.004,,low_light,6,2.0418865035509697,0.054
00e9be89-00001560.jpg,00e9be89-00001565.jpg,orb,371,352,85,72,0.8471,0.2415,26.1882,0.0406,0.0019,,low_light,6,2.0444946010361607,0.0425
00e9be89-00001565.jpg,00e9be89-00001570.jpg,orb,352,944,9,7,0.7778,0.0256,42.5556,0.0493,0.004,,low_light,6,2.0523747237769627,0.0045
00e9be89-00001570.jpg,00e9be89-00001575.jpg,orb,944,1098,33,22,0.6667,0.035,37.8788,0.0417,0.0111,,low_light,6,2.0587422611688817,0.0165
00e9be89-00001575.jpg,00e9be89-00001580.jpg,orb,1098,1027,63,43,0.6825,0.0613,30.9048,0.0624,0.0121,,low_light,6,2.054047889991525,0.0315
00e9be89-00001580.jpg,00e9be89-00001585.jpg,orb,1027,1285,33,12,0.3636,0.0321,35.5758,0.0603,0.0156,,low_light,6,2.009607284181428,0.0165
00e9be89-00001585.jpg,00e9be89-00001590.jpg,orb,1285,545,20,7,0.35,0.0367,41.95,0.0512,0.0105,,low_light,6,1.9280433103021548,0.01
00e9be89-00001590.jpg,00e9be89-00001595.jpg,orb,545,797,8,5,0.625,0.0147,37.875,0.0578,0.006,,low_light,6,1.85326285461336,0.004
00e9be89-00001595.jpg,00e9be89-00001600.jpg,orb,797,940,16,9,0.5625,0.0201,38.0,0.0623,0.01,,low_light,6,1.8765845496815512,0.008
00e9be89-00001600.jpg,00e9be89-00001605.jpg,orb,940,859,56,30,0.5357,0.0652,31.5357,0.0563,0.01,,low_light,6,1.9263455366834208,0.028
00e9be89-00001605.jpg,00e9be89-00001610.jpg,orb,859,978,11,5,0.4545,0.0128,39.2727,0.0495,0.0072,,low_light,6,1.9532957590490996,0.0055
00e9be89-00001610.jpg,00e9be89-00001620.jpg,orb,978,647,10,6,0.6,0.0155,49.3,0.0401,0.0061,,low_light,6,1.9667602134152935,0.005
00e9be89-00001620.jpg,00e9be89-00001625.jpg,orb,647,914,13,8,0.6154,0.0201,40.1538,0.0565,0.008,,low_light,6,1.9598437993852569,0.0065
00e9be89-00001625.jpg,00e9be89-00001630.jpg,orb,914,791,34,11,0.3235,0.043,42.2059,0.0679,0.008,,low_light,6,1.9790283278670568,0.017
00e9be89-00001630.jpg,00e9be89-00001635.jpg,orb,791,1785,9,4,0.4444,0.0114,45.8889,0.0678,0.0161,,low_light,6,2.0186661691803582,0.0045
00e9be89-00001635.jpg,00e9be89-00001640.jpg,orb,1785,745,23,6,0.2609,0.0309,45.5652,0.0704,0.0161,,low_light,6,1.9333476501369693,0.0115
00e9be89-00001640.jpg,00e9be89-00001645.jpg,orb,745,1184,7,4,0.5714,0.0094,38.5714,0.0538,0.01,,low_light,6,1.843532476077608,0.0035
00e9be89-00001645.jpg,00e9be89-00001650.jpg,orb,1184,1553,19,10,0.5263,0.016,33.2105,0.0712,0.0201,,low_light,6,1.905032385045819,0.0095
00e9be89-00001650.jpg,00e9be89-00001655.jpg,orb,1553,1638,23,9,0.3913,0.0148,39.2174,0.0583,0.0201,,low_light,6,1.900518590719268,0.0115
00e9be89-00001655.jpg,00e9be89-00001665.jpg,orb,1638,1289,10,4,0.4,0.0078,45.7,0.0507,0.0236,,low_light,6,1.9659767980013865,0.005
00e9be89-00001665.jpg,00e9be89-00001670.jpg,orb,1289,891,18,6,0.3333,0.0202,43.5,0.0564,0.0181,,low_light,6,2.066475603113955,0.009
00e9be89-00001670.jpg,00e9be89-00001675.jpg,orb,891,1051,14,6,0.4286,0.0157,40.4286,0.0574,0.0118,,low_light,6,2.043215964283222,0.007
00e9be89-00001675.jpg,00e9be89-00001680.jpg,orb,1051,1053,17,11,0.6471,0.0162,37.5882,0.0618,0.0141,,low_light,6,2.017902812537282,0.0085
00e9be89-00001680.jpg,00e9be89-00001685.jpg,orb,1053,1764,12,5,0.4167,0.0114,39.8333,0.0665,0.0221,,low_light,6,2.0574606653622034,0.006
00e9be89-00001685.jpg,00e9be89-00001690.jpg,orb,1764,1498,13,6,0.4615,0.0087,43.0,0.0764,0.0357,,low_light,6,2.143651899163336,0.0065
00e9be89-00001690.jpg,00e9be89-00001695.jpg,orb,1498,614,22,8,0.3636,0.0358,46.5455,0.0598,0.01,,low_light,6,2.180201593850696,0.011
00e9be89-00001695.jpg,00e9be89-00001705.jpg,orb,614,551,8,5,0.625,0.0145,41.25,0.0332,0.004,,low_light,6,2.1478045975627964,0.004
00e9be89-00001705.jpg,00e9be89-00001710.jpg,orb,551,530,38,25,0.6579,0.0717,34.0,0.0384,0.0121,,low_light,6,2.112972187675983,0.019
00e9be89-00001710.jpg,00e9be89-00001715.jpg,orb,530,690,20,12,0.6,0.0377,38.9,0.0606,0.0042,,low_light,6,2.0975834753285936,0.01
00e9be89-00001715.jpg,00e9be89-00001720.jpg,orb,690,396,28,21,0.75,0.0707,36.8214,0.0518,0.004,,low_light,6,2.101437138435929,0.014028056112224449
00e9be89-00001720.jpg,00e9be89-00001725.jpg,orb,396,627,21,15,0.7143,0.053,34.4286,0.0538,0.004,,low_light,6,2.11061176935384,0.010521042084168337
00e9be89-00001725.jpg,00e9be89-00001730.jpg,orb,627,471,27,18,0.6667,0.0573,36.7778,0.0503,0.006,,low_light,6,2.107934645794844,0.0135
00e9be89-00001730.jpg,00e9be89-00001740.jpg,orb,471,679,7,5,0.7143,0.0149,34.2857,0.044,0.004,,low_light,6,2.110458511587796,0.0035
00e9be89-00001740.jpg,00e9be89-00001745.jpg,orb,679,1561,3,0,0.0,0.0044,52.0,0.0686,0.0121,,low_light,6,2.097609052185267,0.0015
00e9be89-00001745.jpg,00e9be89-00001750.jpg,orb,1561,525,18,5,0.2778,0.0343,46.8889,0.0497,0.008,,low_light,6,2.056596200201654,0.009
00e9be89-00001750.jpg,00e9be89-00001755.jpg,orb,525,749,16,13,0.8125,0.0305,33.875,0.0404,0.004,,low_light,6,2.057325912543331,0.008
00e9be89-00001755.jpg,00e9be89-00001760.jpg,orb,749,920,16,9,0.5625,0.0214,38.6875,0.0526,0.0101,,low_light,6,2.07853058343316,0.008
00e9be89-00001760.jpg,00e9be89-00001765.jpg,orb,920,433,14,7,0.5,0.0323,45.0,0.0524,0.008,,low_light,6,2.0239977362500428,0.007
00e9be89-00001765.jpg,00e9be89-00001770.jpg,orb,433,595,11,8,0.7273,0.0254,42.9091,0.0406,0.004,,low_light,6,1.9741108375184573,0.0055
00e9be89-00001770.jpg,00e9be89-00001775.jpg,orb,595,798,22,16,0.7273,0.037,38.8182,0.0608,0.0078,,low_light,6,1.9765489381079735,0.011
00e9be89-00001775.jpg,00e9be89-00001780.jpg,orb,798,1208,17,12,0.7059,0.0213,38.8824,0.0563,0.0136,,low_light,6,2.0225024801588725,0.0085
00e9be89-00001780.jpg,00e9be89-00001785.jpg,orb,1208,990,33,25,0.7576,0.0333,36.0,0.0603,0.0141,,low_light,6,2.032241190682789,0.0165
00e9be89-00001785.jpg,00e9be89-00001795.jpg,orb,990,304,11,5,0.4545,0.0362,47.0909,0.0435,0.0031,,low_light,6,1.963257557740828,0.0055
00e9be89-00001795.jpg,00e9be89-00001800.jpg,orb,304,493,107,107,1.0,0.352,24.3832,0.0333,0.0021,,low_light,6,1.9841267800984523,0.0535
00e9be89-00001800.jpg,00e9be89-00001810.jpg,orb,493,387,45,37,0.8222,0.1163,33.6889,0.0563,0.002,,low_light,6,2.032614130549267,0.0225
00e9be89-00001810.jpg,00e9be89-00001815.jpg,orb,387,687,28,22,0.7857,0.0724,30.2857,0.0583,0.004,,low_light,6,2.0268381308725534,0.014
00e9be89-00001815.jpg,00e9be89-00001820.jpg,orb,687,690,12,6,0.5,0.0175,38.75,0.0573,0.008,,low_light,6,2.030610677754336,0.006
00e9be89-00001820.jpg,00e9be89-00001825.jpg,orb,690,981,22,11,0.5,0.0319,36.8182,0.0543,0.008,,low_light,6,2.0202349332548803,0.011
00e9be89-00001825.jpg,00e9be89-00001830.jpg,orb,981,1494,20,7,0.35,0.0204,37.2,0.0407,0.0123,,low_light,6,2.0095754450132493,0.01
00e9be89-00001830.jpg,00e9be89-00001840.jpg,orb,1494,924,24,9,0.375,0.026,41.75,0.0706,0.0181,,low_light,6,1.995696448640426,0.012
00e9be89-00001840.jpg,00e9be89-00001845.jpg,orb,924,981,550,545,0.9909,0.5952,19.9982,0.0445,0.008,,low_light,6,1.98160151216544,0.275
00e9be89-00001845.jpg,00e9be89-00001865.jpg,orb,981,1086,479,471,0.9833,0.4883,21.666,0.0444,0.0141,,low_light,6,1.9791796753989863,0.2395
00e9be89-00001865.jpg,00e9be89-00001870.jpg,orb,1086,1023,513,501,0.9766,0.5015,23.4464,0.0623,0.0141,,low_light,6,1.9893142036132363,0.2565
00e9be89-00001870.jpg,00e9be89-00001875.jpg,orb,1023,996,517,510,0.9865,0.5191,20.4371,0.0496,0.0131,,low_light,6,1.9913407763830555,0.2585
00e9be89-00001875.jpg,00e9be89-00001885.jpg,orb,996,928,454,445,0.9802,0.4892,20.8062,0.0638,0.01,,low_light,6,1.97803949764563,0.227
00e9be89-00001885.jpg,00e9be89-00001890.jpg,orb,928,1006,514,508,0.9883,0.5539,21.8677,0.0671,0.0111,,low_light,6,1.97512041818706,0.257
00e9be89-00001890.jpg,00e9be89-00001895.jpg,orb,1006,903,475,467,0.9832,0.526,21.6105,0.0583,0.0121,,low_light,6,1.978009483423852,0.2375
00e9be89-00001895.jpg,00e9be89-00001900.jpg,orb,903,1013,482,477,0.9896,0.5338,21.168,0.0585,0.0122,,low_light,6,1.981024178863985,0.241
00e9be89-00001900.jpg,00e9be89-00001905.jpg,orb,1013,895,147,83,0.5646,0.1642,32.8367,0.0453,0.006,,low_light,6,1.9845670965139095,0.0735
00e9be89-00001905.jpg,00e9be89-00001915.jpg,orb,895,573,6,4,0.6667,0.0105,43.6667,0.0417,0.006,,low_light,6,1.9889608308121216,0.003
00e9be89-00000015.jpg,00e9be89-00000100.jpg,orb,1123,104,6,0,0.0,0.0577,57.3333,0.0522,0.004,C:\Users\amit\Project_digital_image_processing__Amit_Alon\outputs\visualizations\task2\degraded_visualizations\low_light\level_7\match_00e9be89-00000015__00e9be89-00000100.png,low_light,7,1.2177806102908666,0.003
00e9be89-00000100.jpg,00e9be89-00000105.jpg,orb,104,131,51,51,1.0,0.4904,24.8235,0.0462,0.0,,low_light,7,1.2558259011652222,0.0255
00e9be89-00000105.jpg,00e9be89-00000110.jpg,orb,131,164,60,59,0.9833,0.458,22.3667,0.0433,0.0,,low_light,7,1.2551824365438076,0.03
00e9be89-00000110.jpg,00e9be89-00000115.jpg,orb,164,127,65,65,1.0,0.5118,22.7692,0.0477,0.0,,low_light,7,1.2554243216853909,0.0325
00e9be89-00000115.jpg,00e9be89-00000120.jpg,orb,127,134,75,75,1.0,0.5906,19.8667,0.0498,0.002,,low_light,7,1.256004205921215,0.0375
00e9be89-00000120.jpg,00e9be89-00000125.jpg,orb,134,182,41,40,0.9756,0.306,33.0,0.0322,0.0,,low_light,7,1.2423330696189516,0.0205
00e9be89-00000125.jpg,00e9be89-00000130.jpg,orb,182,120,32,31,0.9688,0.2667,27.4688,0.0284,0.0,,low_light,7,1.2325439613957685,0.016
00e9be89-00000130.jpg,00e9be89-00000135.jpg,orb,120,73,34,33,0.9706,0.4658,27.0294,0.047,0.0,,low_light,7,1.244428160736387,0.017
00e9be89-00000135.jpg,00e9be89-00000140.jpg,orb,73,99,47,44,0.9362,0.6438,27.6809,0.053,0.0,,low_light,7,1.252959878920862,0.0235
00e9be89-00000140.jpg,00e9be89-00000145.jpg,orb,99,49,16,13,0.8125,0.3265,41.4375,0.0482,0.0,,low_light,7,1.254433649718251,0.008
00e9be89-00000145.jpg,00e9be89-00000150.jpg,orb,49,523,0,0,0.0,0.0,0.0,0.0497,0.0,,low_light,7,1.2209544778528478,0.0
00e9be89-00000150.jpg,00e9be89-00000160.jpg,orb,523,407,0,0,0.0,0.0,0.0,0.055,0.004,,low_light,7,1.204778460177057,0.0
00e9be89-00000160.jpg,00e9be89-00000165.jpg,orb,407,245,4,4,1.0,0.0163,31.5,0.0492,0.002,,low_light,7,1.2352028941702575,0.002
00e9be89-00000165.jpg,00e9be89-00000175.jpg,orb,245,78,6,0,0.0,0.0769,61.5,0.0387,0.0,,low_light,7,1.2415669157443046,0.003
00e9be89-00000175.jpg,00e9be89-00000190.jpg,orb,78,142,1,0,0.0,0.0128,49.0,0.0293,0.0,,low_light,7,1.219272408513537,0.0005
00e9be89-00000190.jpg,00e9be89-00001000.jpg,orb,142,75,2,0,0.0,0.0267,52.5,0.0462,0.0,,low_light,7,1.2295555427418552,0.001
00e9be89-00001000.jpg,00e9be89-00001005.jpg,orb,75,8,1,0,0.0,0.125,79.0,0.0503,0.0,,low_light,7,1.24933928609668,0.0005
00e9be89-00001005.jpg,00e9be89-00001010.jpg,orb,8,28,1,0,0.0,0.125,57.0,0.0465,0.002,,low_light,7,1.2610098860725638,0.0005
00e9be89-00001010.jpg,00e9be89-00001015.jpg,orb,28,74,3,0,0.0,0.1071,47.6667,0.0478,0.0,,low_light,7,1.2785863966746076,0.0015060240963855422
00e9be89-00001015.jpg,00e9be89-00001020.jpg,orb,74,132,4,4,1.0,0.0541,50.5,0.0444,0.0,,low_light,7,1.274061014641896,0.002008032128514056
00e9be89-00001020.jpg,00e9be89-00001025.jpg,orb,132,76,3,0,0.0,0.0395,60.3333,0.0523,0.0,,low_light,7,1.2764156885180928,0.0015
00e9be89-00001025.jpg,00e9be89-00001030.jpg,orb,76,97,7,5,0.7143,0.0921,46.0,0.0442,0.0,,low_light,7,1.2798921408424202,0.0035
00e9be89-00001030.jpg,00e9be89-00001035.jpg,orb,97,94,8,7,0.875,0.0851,39.25,0.0444,0.0,,low_light,7,1.280231630171526,0.004
00e9be89-00001035.jpg,00e9be89-00001040.jpg,orb,94,50,14,9,0.6429,0.28,44.4286,0.0377,0.0,,low_light,7,1.2830111887923257,0.007
00e9be89-00001040.jpg,00e9be89-00001045.jpg,orb,50,68,9,8,0.8889,0.18,51.4444,0.0545,0.0,,low_light,7,1.283068773666411,0.0045
00e9be89-00001045.jpg,00e9be89-00001050.jpg,orb,68,45,2,0,0.0,0.0444,68.0,0.0377,0.002,,low_light,7,1.2836480623429132,0.001
00e9be89-00001050.jpg,00e9be89-00001055.jpg,orb,45,87,2,0,0.0,0.0444,43.0,0.0465,0.0,,low_light,7,1.2832718240375836,0.001
00e9be89-00001055.jpg,00e9be89-00001060.jpg,orb,87,73,5,0,0.0,0.0685,56.0,0.0301,0.0,,low_light,7,1.286081489585413,0.0025
00e9be89-00001060.jpg,00e9be89-00001065.jpg,orb,73,97,6,6,1.0,0.0822,49.0,0.0443,0.0,,low_light,7,1.2971065040027672,0.003
00e9be89-00001065.jpg,00e9be89-00001070.jpg,orb,97,84,19,15,0.7895,0.2262,42.1053,0.0498,0.002,,low_light,7,1.2994810926557032,0.0095
00e9be89-00001070.jpg,00e9be89-00001075.jpg,orb,84,145,14,11,0.7857,0.1667,41.5,0.0301,0.0,,low_light,7,1.2795063036419383,0.007
00e9be89-00001075.jpg,00e9be89-00001080.jpg,orb,145,46,13,8,0.6154,0.2826,52.5385,0.0293,0.0,,low_light,7,1.281287787304625,0.0065
00e9be89-00001080.jpg,00e9be89-00001090.jpg,orb,46,105,1,0,0.0,0.0217,46.0,0.0498,0.0,,low_light,7,1.303221192129466,0.0005
00e9be89-00001090.jpg,00e9be89-00001095.jpg,orb,105,37,5,0,0.0,0.1351,54.0,0.0503,0.0,,low_light,7,1.3069685809227345,0.0025
00e9be89-00001095.jpg,00e9be89-00001100.jpg,orb,37,94,9,8,0.8889,0.2432,45.5556,0.0442,0.0,,low_light,7,1.300611086202711,0.0045
00e9be89-00001100.jpg,00e9be89-00001105.jpg,orb,94,53,5,0,0.0,0.0943,58.4,0.0408,0.0,,low_light,7,1.2892758646867435,0.0025
00e9be89-00001105.jpg,00e9be89-00001115.jpg,orb,53,115,0,0,0.0,0.0,0.0,0.0506,0.002,,low_light,7,1.2456948643596075,0.0
00e9be89-00001115.jpg,00e9be89-00001125.jpg,orb,115,151,2,0,0.0,0.0174,58.0,0.0503,0.0,,low_light,7,1.25076536298962,0.001
00e9be89-00001125.jpg,00e9be89-00001130.jpg,orb,151,104,4,4,1.0,0.0385,34.25,0.0301,0.0,,low_light,7,1.2779934526527996,0.002
00e9be89-00001130.jpg,00e9be89-00001135.jpg,orb,104,138,9,8,0.8889,0.0865,35.3333,0.0276,0.0,,low_light,7,1.2849145940699491,0.0045
00e9be89-00001135.jpg,00e9be89-00001140.jpg,orb,138,174,10,8,0.8,0.0725,39.9,0.0512,0.0,,low_light,7,1.3050957494344393,0.005
00e9be89-00001140.jpg,00e9be89-00001150.jpg,orb,174,145,12,12,1.0,0.0828,43.3333,0.0473,0.0,,low_light,7,1.3066270813136318,0.006
00e9be89-00001150.jpg,00e9be89-00001155.jpg,orb,145,123,15,13,0.8667,0.122,29.6,0.0485,0.002,,low_light,7,1.3109306191748304,0.0075
00e9be89-00001155.jpg,00e9be89-00001160.jpg,orb,123,131,11,10,0.9091,0.0894,38.7273,0.0442,0.0,,low_light,7,1.3118686539571025,0.0055
00e9be89-00001160.jpg,00e9be89-00001165.jpg,orb,131,125,4,4,1.0,0.032,47.75,0.0355,0.0,,low_light,7,1.313814070215126,0.002
00e9be89-00001165.jpg,00e9be89-00001170.jpg,orb,125,129,4,4,1.0,0.032,47.0,0.0485,0.0,,low_light,7,1.3138232334558553,0.002
00e9be89-00001170.jpg,00e9be89-00001175.jpg,orb,129,169,3,0,0.0,0.0233,43.3333,0.0476,0.0,,low_light,7,1.3133832355832125,0.0015
00e9be89-00001175.jpg,00e9be89-00001180.jpg,orb,169,186,6,5,0.8333,0.0355,45.8333,0.0341,0.0,,low_light,7,1.314969481467986,0.003
00e9be89-00001180.jpg,00e9be89-00001185.jpg,orb,186,137,6,4,0.6667,0.0438,53.5,0.0336,0.0,,low_light,7,1.3094689604654035,0.003
00e9be89-00001185.jpg,00e9be89-00001190.jpg,orb,137,165,10,6,0.6,0.073,50.5,0.0483,0.0,,low_light,7,1.3012558635807263,0.005
00e9be89-00001190.jpg,00e9be89-00001195.jpg,orb,165,338,2,0,0.0,0.0121,43.5,0.0351,0.0,,low_light,7,1.236405840761096,0.001
00e9be89-00001195.jpg,00e9be89-00001200.jpg,orb,338,110,6,5,0.8333,0.0545,52.5,0.0543,0.0,,low_light,7,1.2462648118085913,0.003019627579265224
00e9be89-00001200.jpg,00e9be89-00001205.jpg,orb,110,12,4,0,0.0,0.3333,83.25,0.0457,0.0,,low_light,7,1.315280719636425,0.0020130850528434826
00e9be89-00001205.jpg,00e9be89-00001210.jpg,orb,12,115,2,0,0.0,0.1667,54.0,0.0503,0.0,,low_light,7,1.3123224746262905,0.001002004008016032
00e9be89-00001210.jpg,00e9be89-00001215.jpg,orb,115,98,3,0,0.0,0.0306,46.6667,0.0442,0.002,,low_light,7,1.302083139952989,0.0015
00e9be89-00001215.jpg,00e9be89-00001220.jpg,orb,98,1015,2,0,0.0,0.0204,30.5,0.0323,0.002,,low_light,7,1.279486459356195,0.001
00e9be89-00001220.jpg,00e9be89-00001225.jpg,orb,1015,128,17,6,0.3529,0.1328,53.1765,0.0345,0.0011,,low_light,7,1.280564883005877,0.0085
00e9be89-00001225.jpg,00e9be89-00001230.jpg,orb,128,127,2,0,0.0,0.0157,52.5,0.0506,0.0,,low_light,7,1.298943100940296,0.001
00e9be89-00001230.jpg,00e9be89-00001240.jpg,orb,127,22,9,7,0.7778,0.4091,48.4444,0.0478,0.0,,low_light,7,1.3015433449378797,0.004947773501924134
00e9be89-00001240.jpg,00e9be89-00001245.jpg,orb,22,952,6,5,0.8333,0.2727,32.6667,0.0583,0.0,,low_light,7,1.2905940676883387,0.003298515667949423
00e9be89-00001245.jpg,00e9be89-00001250.jpg,orb,952,95,11,7,0.6364,0.1158,53.4545,0.0477,0.002,,low_light,7,1.2991468264280752,0.0055
00e9be89-00001250.jpg,00e9be89-00001255.jpg,orb,95,237,1,0,0.0,0.0105,46.0,0.0322,0.0,,low_light,7,1.3158240303155777,0.0005
00e9be89-00001255.jpg,00e9be89-00001260.jpg,orb,237,193,9,5,0.5556,0.0466,50.3333,0.0538,0.002,,low_light,7,1.3183027465279773,0.0045
00e9be89-00001260.jpg,00e9be89-00001265.jpg,orb,193,129,6,4,0.6667,0.0465,55.1667,0.0422,0.0,,low_light,7,1.3089905291034134,0.003
00e9be89-00001265.jpg,00e9be89-00001270.jpg,orb,129,82,1,0,0.0,0.0122,56.0,0.0342,0.0,,low_light,7,1.2758347421547789,0.0005
00e9be89-00001270.jpg,00e9be89-00001275.jpg,orb,82,671,1,0,0.0,0.0122,36.0,0.0527,0.0,,low_light,7,1.2676798510278426,0.0005
00e9be89-00001275.jpg,00e9be89-00001280.jpg,orb,671,442,10,5,0.5,0.0226,50.8,0.0518,0.004,,low_light,7,1.2317066198989854,0.005
00e9be89-00001280.jpg,00e9be89-00001285.jpg,orb,442,20,5,0,0.0,0.25,58.6,0.0408,0.0,,low_light,7,1.1437953316405558,0.0025
00e9be89-00001285.jpg,00e9be89-00001290.jpg,orb,20,133,0,0,0.0,0.0,0.0,0.031,0.0,,low_light,7,1.1699208602637752,0.0
00e9be89-00001290.jpg,00e9be89-00001295.jpg,orb,133,49,0,0,0.0,0.0,0.0,0.0463,0.0,,low_light,7,1.1797079684175689,0.0
00e9be89-00001295.jpg,00e9be89-00001305.jpg,orb,49,190,1,0,0.0,0.0204,58.0,0.0479,0.0,,low_light,7,1.1508950602950012,0.0005
00e9be89-00001305.jpg,00e9be89-00001310.jpg,orb,190,723,1,0,0.0,0.0053,44.0,0.0502,0.002,,low_light,7,1.1517952901527586,0.0005
00e9be89-00001310.jpg,00e9be89-00001315.jpg,orb,723,573,7,4,0.5714,0.0122,47.0,0.0424,0.0042,,low_light,7,1.096299212858992,0.0035
00e9be89-00001315.jpg,00e9be89-00001325.jpg,orb,573,247,5,5,1.0,0.0202,39.8,0.0393,0.001,,low_light,7,1.0781581048993183,0.0025
00e9be89-00001325.jpg,00e9be89-00001330.jpg,orb,247,228,2,0,0.0,0.0088,45.0,0.0505,0.002,,low_light,7,1.1701778347102498,0.001
00e9be89-00001330.jpg,00e9be89-00001335.jpg,orb,228,86,3,0,0.0,0.0349,40.0,0.0458,0.002,,low_light,7,1.2213770253266456,0.0015
00e9be89-00001335.jpg,00e9be89-00001340.jpg,orb,86,91,2,0,0.0,0.0233,53.5,0.0307,0.0,,low_light,7,1.2282584395621057,0.001
00e9be89-00001340.jpg,00e9be89-00001345.jpg,orb,91,72,5,0,0.0,0.0694,57.0,0.0525,0.0,,low_light,7,1.251230429861642,0.0025
00e9be89-00001345.jpg,00e9be89-00001350.jpg,orb,72,61,0,0,0.0,0.0,0.0,0.0458,0.0,,low_light,7,1.2406491509388793,0.0
00e9be89-00001350.jpg,00e9be89-00001355.jpg,orb,61,163,1,0,0.0,0.0164,45.0,0.0442,0.0,,low_light,7,1.2471845145820586,0.0005
00e9be89-00001355.jpg,00e9be89-00001360.jpg,orb,163,139,5,0,0.0,0.036,47.6,0.0301,0.0,,low_light,7,1.2413224262030322,0.0025
00e9be89-00001360.jpg,00e9be89-00001365.jpg,orb,139,95,5,0,0.0,0.0526,50.0,0.0305,0.0,,low_light,7,1.230081507264445,0.0025
00e9be89-00001365.jpg,00e9be89-00001370.jpg,orb,95,184,4,4,1.0,0.0421,42.5,0.052,0.0,,low_light,7,1.243084122758615,0.002
00e9be89-00001370.jpg,00e9be89-00001375.jpg,orb,184,13,0,0,0.0,0.0,0.0,0.0462,0.0,,low_light,7,1.2381329501855172,0.0
00e9be89-00001385.jpg,00e9be89-00001390.jpg,orb,4,28,1,0,0.0,0.25,72.0,0.0442,0.0,,low_light,7,1.2269299890842662,0.0005
00e9be89-00001390.jpg,00e9be89-00001395.jpg,orb,28,53,3,0,0.0,0.1071,58.6667,0.0445,0.0,,low_light,7,1.2112177076977262,0.0015
00e9be89-00001395.jpg,00e9be89-00001400.jpg,orb,53,61,2,0,0.0,0.0377,47.5,0.037,0.009,,low_light,7,1.2222470347422356,0.001
00e9be89-00001400.jpg,00e9be89-00001405.jpg,orb,61,36,7,0,0.0,0.1944,50.4286,0.0422,0.0,,low_light,7,1.231294962326056,0.0035
00e9be89-00001405.jpg,00e9be89-00001410.jpg,orb,36,84,0,0,0.0,0.0,0.0,0.0271,0.002,,low_light,7,1.2368592512943075,0.0
00e9be89-00001410.jpg,00e9be89-00001415.jpg,orb,84,80,4,4,1.0,0.05,33.75,0.0478,0.0,,low_light,7,1.236472951388615,0.002
00e9be89-00001415.jpg,00e9be89-00001420.jpg,orb,80,166,3,0,0.0,0.0375,50.3333,0.04,0.0,,low_light,7,1.2268827813813106,0.0015
00e9be89-00001420.jpg,00e9be89-00001425.jpg,orb,166,76,12,8,0.6667,0.1579,50.1667,0.0523,0.0,,low_light,7,1.212830508397277,0.006
00e9be89-00001425.jpg,00e9be89-00001430.jpg,orb,76,59,5,0,0.0,0.0847,55.0,0.0503,0.0,,low_light,7,1.1989486209148397,0.0025
00e9be89-00001430.jpg,00e9be89-00001440.jpg,orb,59,97,1,0,0.0,0.0169,61.0,0.0464,0.0,,low_light,7,1.2151906043955352,0.0005
00e9be89-00001440.jpg,00e9be89-00001445.jpg,orb,97,154,1,0,0.0,0.0103,61.0,0.0503,0.0,,low_light,7,1.2265042830631918,0.0005
00e9be89-00001445.jpg,00e9be89-00001450.jpg,orb,154,55,0,0,0.0,0.0,0.0,0.0362,0.0,,low_light,7,1.2032381700656076,0.0
00e9be89-00001450.jpg,00e9be89-00001455.jpg,orb,55,19,8,7,0.875,0.4211,37.5,0.0344,0.0,,low_light,7,1.2272018613706837,0.004
00e9be89-00001455.jpg,00e9be89-00001460.jpg,orb,19,37,8,8,1.0,0.4211,40.375,0.0442,0.0,,low_light,7,1.2691288586795897,0.004
00e9be89-00001460.jpg,00e9be89-00001465.jpg,orb,37,70,8,8,1.0,0.2162,37.875,0.0446,0.0,,low_light,7,1.2641008529359543,0.004
00e9be89-00001465.jpg,00e9be89-00001470.jpg,orb,70,61,5,0,0.0,0.082,59.6,0.0543,0.0007,,low_light,7,1.2658411206536373,0.0025
00e9be89-00001470.jpg,00e9be89-00001475.jpg,orb,61,64,4,4,1.0,0.0656,64.75,0.0476,0.0,,low_light,7,1.272256610832602,0.002
00e9be89-00001475.jpg,00e9be89-00001480.jpg,orb,64,69,4,4,1.0,0.0625,55.0,0.0442,0.0,,low_light,7,1.2640104786735469,0.002
00e9be89-00001480.jpg,00e9be89-00001485.jpg,orb,69,32,7,4,0.5714,0.2188,57.4286,0.0397,0.0073,,low_light,7,1.2874384603357083,0.0035
00e9be89-00001485.jpg,00e9be89-00001490.jpg,orb,32,29,5,4,0.8,0.1724,44.6,0.0352,0.0,,low_light,7,1.3246359519584234,0.0025
00e9be89-00001490.jpg,00e9be89-00001495.jpg,orb,29,29,8,8,1.0,0.2759,36.375,0.0297,0.0,,low_light,7,1.330097662367419,0.004
00e9be89-00001495.jpg,00e9be89-00001500.jpg,orb,29,60,6,6,1.0,0.2069,14.1667,0.0458,0.002,,low_light,7,1.3304909287043163,0.003
00e9be89-00001500.jpg,00e9be89-00001505.jpg,orb,60,65,12,8,0.6667,0.2,34.0,0.0484,0.0,,low_light,7,1.3306021529536336,0.006
00e9be89-00001505.jpg,00e9be89-00001510.jpg,orb,65,55,2,0,0.0,0.0364,55.5,0.0518,0.002,,low_light,7,1.3267580336144862,0.001
00e9be89-00001510.jpg,00e9be89-00001515.jpg,orb,55,106,1,0,0.0,0.0182,36.0,0.0445,0.0,,low_light,7,1.3172552305711682,0.0005
00e9be89-00001515.jpg,00e9be89-00001520.jpg,orb,106,157,2,0,0.0,0.0189,39.5,0.0386,0.0,,low_light,7,1.303479961026422,0.001
00e9be89-00001520.jpg,00e9be89-00001525.jpg,orb,157,230,8,6,0.75,0.051,34.625,0.0523,0.002,,low_light,7,1.303629911681551,0.004
00e9be89-00001525.jpg,00e9be89-00001535.jpg,orb,230,198,9,4,0.4444,0.0455,51.1111,0.0464,0.002,,low_light,7,1.307618003416395,0.0045
00e9be89-00001535.jpg,00e9be89-00001540.jpg,orb,198,137,3,0,0.0,0.0219,46.0,0.0353,0.001,,low_light,7,1.2588817921800255,0.0015
00e9be89-00001540.jpg,00e9be89-00001545.jpg,orb,137,139,3,0,0.0,0.0219,39.0,0.0347,0.0,,low_light,7,1.2337878418356223,0.0015
00e9be89-00001545.jpg,00e9be89-00001550.jpg,orb,139,69,12,9,0.75,0.1739,38.9167,0.0441,0.0,,low_light,7,1.2532396484413837,0.006
00e9be89-00001550.jpg,00e9be89-00001555.jpg,orb,69,145,15,12,0.8,0.2174,24.6667,0.0503,0.0,,low_light,7,1.2532853551803949,0.0075
00e9be89-00001555.jpg,00e9be89-00001560.jpg,orb,145,56,11,10,0.9091,0.1964,27.1818,0.0514,0.0,,low_light,7,1.2532228972172323,0.0055
00e9be89-00001560.jpg,00e9be89-00001565.jpg,orb,56,45,14,12,0.8571,0.3111,26.9286,0.0437,0.0,,low_light,7,1.25496516059828,0.007
00e9be89-00001565.jpg,00e9be89-00001570.jpg,orb,45,272,1,0,0.0,0.0222,61.0,0.052,0.0,,low_light,7,1.2594253882028563,0.0005
00e9be89-00001570.jpg,00e9be89-00001575.jpg,orb,272,284,15,9,0.6,0.0551,43.1333,0.0503,0.002,,low_light,7,1.2633722907540363,0.0075
00e9be89-00001575.jpg,00e9be89-00001580.jpg,orb,284,334,42,34,0.8095,0.1479,32.619,0.0424,0.002,,low_light,7,1.2611301334295506,0.021
00e9be89-00001580.jpg,00e9be89-00001585.jpg,orb,334,351,22,10,0.4545,0.0659,37.4545,0.0306,0.002,,low_light,7,1.2343984692579175,0.011
00e9be89-00001585.jpg,00e9be89-00001590.jpg,orb,351,134,3,0,0.0,0.0224,46.0,0.0522,0.002,,low_light,7,1.1848667095343377,0.0015
00e9be89-00001590.jpg,00e9be89-00001595.jpg,orb,134,216,1,0,0.0,0.0075,55.0,0.0463,0.0,,low_light,7,1.1391751854853864,0.0005
00e9be89-00001595.jpg,00e9be89-00001600.jpg,orb,216,246,4,4,1.0,0.0185,48.5,0.0523,0.002,,low_light,7,1.153376573002604,0.002
00e9be89-00001600.jpg,00e9be89-00001605.jpg,orb,246,212,6,6,1.0,0.0283,36.6667,0.0462,0.002,,low_light,7,1.1835240175026758,0.003
00e9be89-00001605.jpg,00e9be89-00001610.jpg,orb,212,212,1,0,0.0,0.0047,53.0,0.0391,0.0,,low_light,7,1.199817400976056,0.0005
00e9be89-00001610.jpg,00e9be89-00001620.jpg,orb,212,101,6,0,0.0,0.0594,53.1667,0.0538,0.002,,low_light,7,1.2086269357374664,0.003
00e9be89-00001620.jpg,00e9be89-00001625.jpg,orb,101,162,1,0,0.0,0.0099,39.0,0.0374,0.0,,low_light,7,1.2041397866231578,0.0005
00e9be89-00001625.jpg,00e9be89-00001630.jpg,orb,162,137,3,0,0.0,0.0219,41.0,0.0353,0.0,,low_light,7,1.2152237875810683,0.0015
00e9be89-00001630.jpg,00e9be89-00001635.jpg,orb,137,782,0,0,0.0,0.0,0.0,0.0478,0.002,,low_light,7,1.2397666034770705,0.0
00e9be89-00001635.jpg,00e9be89-00001640.jpg,orb,782,273,15,8,0.5333,0.0549,44.8,0.0409,0.004,,low_light,7,1.1861866958078475,0.0075
00e9be89-00001640.jpg,00e9be89-00001645.jpg,orb,273,426,4,4,1.0,0.0147,21.25,0.0543,0.002,,low_light,7,1.1284617035428075,0.002
00e9be89-00001645.jpg,00e9be89-00001650.jpg,orb,426,584,8,0,0.0,0.0188,26.375,0.0565,0.004,,low_light,7,1.1645304311953415,0.004
00e9be89-00001650.jpg,00e9be89-00001655.jpg,orb,584,317,11,5,0.4545,0.0347,39.1818,0.0523,0.002,,low_light,7,1.1630303079305766,0.0055
00e9be89-00001655.jpg,00e9be89-00001665.jpg,orb,317,200,3,0,0.0,0.015,52.3333,0.0459,0.002,,low_light,7,1.2054546983072667,0.0015
00e9be89-00001665.jpg,00e9be89-00001670.jpg,orb,200,125,3,0,0.0,0.024,47.3333,0.0373,0.002,,low_light,7,1.2678934624510598,0.0015
00e9be89-00001670.jpg,00e9be89-00001675.jpg,orb,125,199,1,0,0.0,0.008,14.0,0.0356,0.001,,low_light,7,1.2539076400516662,0.0005
00e9be89-00001675.jpg,00e9be89-00001680.jpg,orb,199,237,8,6,0.75,0.0402,39.0,0.0523,0.002,,low_light,7,1.238383602991452,0.004
00e9be89-00001680.jpg,00e9be89-00001685.jpg,orb,237,362,4,4,1.0,0.0169,39.25,0.0538,0.0,,low_light,7,1.262098505937845,0.002
00e9be89-00001685.jpg,00e9be89-00001690.jpg,orb,362,243,3,0,0.0,0.0123,52.6667,0.0482,0.002,,low_light,7,1.3142023492944226,0.0015
00e9be89-00001690.jpg,00e9be89-00001695.jpg,orb,243,49,7,4,0.5714,0.1429,57.0,0.0409,0.0,,low_light,7,1.335185842499166,0.0035
00e9be89-00001695.jpg,00e9be89-00001705.jpg,orb,49,112,1,0,0.0,0.0204,36.0,0.0466,0.0,,low_light,7,1.315248552700445,0.0005
00e9be89-00001705.jpg,00e9be89-00001710.jpg,orb,112,132,14,13,0.9286,0.125,36.2143,0.0488,0.002,,low_light,7,1.2954141777881325,0.007
00e9be89-00001710.jpg,00e9be89-00001715.jpg,orb,132,93,8,6,0.75,0.086,42.875,0.0348,0.0,,low_light,7,1.286160353186156,0.004
00e9be89-00001715.jpg,00e9be89-00001720.jpg,orb,93,76,8,7,0.875,0.1053,46.5,0.0316,0.0,,low_light,7,1.2887156947469671,0.004008016032064128
00e9be89-00001720.jpg,00e9be89-00001725.jpg,orb,76,121,10,8,0.8,0.1316,35.0,0.0296,0.002,,low_light,7,1.294845761756616,0.00501002004008016
00e9be89-00001725.jpg,00e9be89-00001730.jpg,orb,121,103,7,6,0.8571,0.068,37.1429,0.0462,0.0,,low_light,7,1.293572420912576,0.0035
00e9be89-00001730.jpg,00e9be89-00001740.jpg,orb,103,125,2,0,0.0,0.0194,50.0,0.0351,0.0,,low_light,7,1.2954263425093149,0.001
00e9be89-00001740.jpg,00e9be89-00001745.jpg,orb,125,390,1,0,0.0,0.008,55.0,0.0543,0.0,,low_light,7,1.284543889822987,0.0005
00e9be89-00001745.jpg,00e9be89-00001750.jpg,orb,390,85,6,4,0.6667,0.0706,55.8333,0.0482,0.0,,low_light,7,1.2587973506300758,0.003
00e9be89-00001750.jpg,00e9be89-00001755.jpg,orb,85,154,5,4,0.8,0.0588,38.0,0.0466,0.002,,low_light,7,1.2611149447064902,0.0025
00e9be89-00001755.jpg,00e9be89-00001760.jpg,orb,154,190,7,5,0.7143,0.0455,35.0,0.0424,0.0,,low_light,7,1.273976903228612,0.0035
00e9be89-00001760.jpg,00e9be89-00001765.jpg,orb,190,72,2,0,0.0,0.0278,42.5,0.032,0.0,,low_light,7,1.242093192539332,0.001
00e9be89-00001765.jpg,00e9be89-00001770.jpg,orb,72,80,2,0,0.0,0.0278,28.5,0.0397,0.0,,low_light,7,1.212778890568433,0.001
00e9be89-00001770.jpg,00e9be89-00001775.jpg,orb,80,172,5,0,0.0,0.0625,48.2,0.0522,0.0,,low_light,7,1.2142182055438695,0.0025
00e9be89-00001775.jpg,00e9be89-00001780.jpg,orb,172,209,5,0,0.0,0.0291,47.2,0.0523,0.0,,low_light,7,1.2420298237266367,0.0025
00e9be89-00001780.jpg,00e9be89-00001785.jpg,orb,209,211,8,6,0.75,0.0383,50.375,0.0533,0.0,,low_light,7,1.2477824306935728,0.004
00e9be89-00001785.jpg,00e9be89-00001795.jpg,orb,211,69,5,0,0.0,0.0725,57.0,0.0598,0.0,,low_light,7,1.2062153060576035,0.0025
00e9be89-00001795.jpg,00e9be89-00001800.jpg,orb,69,76,17,16,0.9412,0.2464,36.8824,0.0465,0.0,,low_light,7,1.218425400008627,0.0085
00e9be89-00001800.jpg,00e9be89-00001810.jpg,orb,76,39,4,4,1.0,0.1026,56.25,0.0382,0.0,,low_light,7,1.2474414281581083,0.002
00e9be89-00001810.jpg,00e9be89-00001815.jpg,orb,39,114,4,4,1.0,0.1026,43.0,0.0523,0.0,,low_light,7,1.244271771005769,0.002
00e9be89-00001815.jpg,00e9be89-00001820.jpg,orb,114,129,1,0,0.0,0.0088,53.0,0.0429,0.002,,low_light,7,1.246491912057303,0.0005
00e9be89-00001820.jpg,00e9be89-00001825.jpg,orb,129,157,1,0,0.0,0.0078,53.0,0.0538,0.002,,low_light,7,1.2405189217475168,0.0005
00e9be89-00001825.jpg,00e9be89-00001830.jpg,orb,157,166,1,0,0.0,0.0064,47.0,0.0462,0.0,,low_light,7,1.2338822138875218,0.0005
00e9be89-00001830.jpg,00e9be89-00001840.jpg,orb,166,133,6,0,0.0,0.0451,48.8333,0.0518,0.0,,low_light,7,1.2250560356220932,0.003
00e9be89-00001840.jpg,00e9be89-00001845.jpg,orb,133,140,86,86,1.0,0.6466,24.2326,0.0512,0.0,,low_light,7,1.2166884065503605,0.043
00e9be89-00001845.jpg,00e9be89-00001865.jpg,orb,140,161,58,57,0.9828,0.4143,24.8793,0.0523,0.002,,low_light,7,1.2152409735780911,0.029
00e9be89-00001865.jpg,00e9be89-00001870.jpg,orb,161,143,60,59,0.9833,0.4196,28.1667,0.0463,0.0,,low_light,7,1.221797775948528,0.03
00e9be89-00001870.jpg,00e9be89-00001875.jpg,orb,143,147,52,52,1.0,0.3636,24.6346,0.0503,0.0,,low_light,7,1.2230346829604457,0.026
00e9be89-00001875.jpg,00e9be89-00001885.jpg,orb,147,146,56,55,0.9821,0.3836,25.8036,0.0497,0.0,,low_light,7,1.2143759201379751,0.028
00e9be89-00001885.jpg,00e9be89-00001890.jpg,orb,146,154,71,71,1.0,0.4863,27.0986,0.0503,0.0,,low_light,7,1.2125576338077375,0.0355
00e9be89-00001890.jpg,00e9be89-00001895.jpg,orb,154,123,60,59,0.9833,0.4878,26.4167,0.0375,0.0,,low_light,7,1.2144028038742074,0.03
00e9be89-00001895.jpg,00e9be89-00001900.jpg,orb,123,197,53,51,0.9623,0.4309,27.2642,0.0503,0.0,,low_light,7,1.216134692804034,0.0265
00e9be89-00001900.jpg,00e9be89-00001905.jpg,orb,197,142,18,12,0.6667,0.1268,39.2778,0.0477,0.0,,low_light,7,1.218177794991592,0.009
00e9be89-00001905.jpg,00e9be89-00001915.jpg,orb,142,87,4,4,1.0,0.046,52.0,0.0503,0.002,,low_light,7,1.2206583688457149,0.002
00e9be89-00001310.jpg,00e9be89-00001315.jpg,orb,9,1,0,0,0.0,0.0,0.0,0.0514,0.0,,low_light,8,0.5586998001906693,0.0
00e9be89-00001315.jpg,00e9be89-00001325.jpg,orb,1,2,0,0,0.0,0.0,0.0,0.048,0.0,,low_light,8,0.5502768131293218,0.0
00e9be89-00001355.jpg,00e9be89-00001360.jpg,orb,1,1,0,0,0.0,0.0,0.0,0.0488,0.0,,low_light,8,0.6349546276529792,0.0
00e9be89-00001360.jpg,00e9be89-00001365.jpg,orb,1,1,0,0,0.0,0.0,0.0,0.05,0.0,,low_light,8,0.6294822296457039,0.0
00e9be89-00001650.jpg,00e9be89-00001655.jpg,orb,1,1,0,0,0.0,0.0,0.0,0.0478,0.0,,low_light,8,0.5958504614553042,0.0
00e9be89-00000015.jpg,00e9be89-00000100.jpg,orb,2000,2000,6,4,0.6667,0.003,47.5,0.1047,0.03,C:\Users\amit\Project_digital_image_processing__Amit_Alon\outputs\visualizations\task2\degraded_visualizations\rain\level_1\match_00e9be89-00000015__00e9be89-00000100.png,rain,1,21.565003881793125,0.003
00e9be89-00000100.jpg,00e9be89-00000105.jpg,orb,2000,2000,1008,995,0.9871,0.504,23.1935,0.0908,0.0373,,rain,1,22.831248011386904,0.504
00e9be89-00000105.jpg,00e9be89-00000110.jpg,orb,2000,2000,1060,1053,0.9934,0.53,20.9849,0.0999,0.0401,,rain,1,22.83203209083463,0.53
00e9be89-00000110.jpg,00e9be89-00000115.jpg,orb,2000,2000,1039,1030,0.9913,0.5195,21.6766,0.0848,0.0369,,rain,1,22.830118026636505,0.5195
00e9be89-00000115.jpg,00e9be89-00000120.jpg,orb,2000,2000,1235,1230,0.996,0.6175,17.8251,0.0957,0.0326,,rain,1,22.83202648800008,0.6175
00e9be89-00000120.jpg,00e9be89-00000125.jpg,orb,2000,2000,609,582,0.9557,0.3045,29.6059,0.0883,0.0328,,rain,1,22.79974779290613,0.3045
00e9be89-00000125.jpg,00e9be89-00000130.jpg,orb,2000,2000,849,835,0.9835,0.4245,22.6137,0.0864,0.0337,,rain,1,22.79378233882716,0.4245
00e9be89-00000130.jpg,00e9be89-00000135.jpg,orb,2000,2000,975,968,0.9928,0.4875,22.2862,0.0743,0.0296,,rain,1,22.8357592153087,0.4875
00e9be89-00000135.jpg,00e9be89-00000140.jpg,orb,2000,2000,1020,997,0.9775,0.51,22.3088,0.0823,0.0281,,rain,1,22.859018308410405,0.51
00e9be89-00000140.jpg,00e9be89-00000145.jpg,orb,2000,2000,185,146,0.7892,0.0925,35.4432,0.0886,0.0341,,rain,1,22.8518320822868,0.0925
00e9be89-00000145.jpg,00e9be89-00000150.jpg,orb,2000,2000,17,5,0.2941,0.0085,40.3529,0.0864,0.033,,rain,1,22.388713551233984,0.0085
00e9be89-00000150.jpg,00e9be89-00000160.jpg,orb,2000,2000,10,6,0.6,0.005,43.5,0.1022,0.0372,,rain,1,21.77093451273101,0.005
00e9be89-00000160.jpg,00e9be89-00000165.jpg,orb,2000,2000,14,5,0.3571,0.007,43.9286,0.0774,0.0368,,rain,1,21.52144339442332,0.007
00e9be89-00000165.jpg,00e9be89-00000175.jpg,orb,2000,2000,10,4,0.4,0.005,41.2,0.0623,0.0296,,rain,1,21.928186823342667,0.005
00e9be89-00000175.jpg,00e9be89-00000190.jpg,orb,2000,2000,8,4,0.5,0.004,41.5,0.0627,0.0281,,rain,1,22.33864489504556,0.004
00e9be89-00000190.jpg,00e9be89-00001000.jpg,orb,2000,2000,2,0,0.0,0.001,42.5,0.0615,0.0339,,rain,1,22.29737728953271,0.001
00e9be89-00001000.jpg,00e9be89-00001005.jpg,orb,2000,2000,7,5,0.7143,0.0035,39.5714,0.052,0.0343,,rain,1,22.471562706530115,0.0035
00e9be89-00001005.jpg,00e9be89-00001010.jpg,orb,2000,1999,8,5,0.625,0.004,36.25,0.0515,0.0341,,rain,1,22.60998557469712,0.004
00e9be89-00001010.jpg,00e9be89-00001015.jpg,orb,1999,1976,18,7,0.3889,0.0091,43.0556,0.0509,0.0261,,rain,1,22.673019070159,0.009036144578313253
00e9be89-00001015.jpg,00e9be89-00001020.jpg,orb,1976,2000,26,8,0.3077,0.0132,41.5,0.0483,0.0301,,rain,1,22.646289547353447,0.013052208835341365
00e9be89-00001020.jpg,00e9be89-00001025.jpg,orb,2000,2000,15,6,0.4,0.0075,41.0667,0.0479,0.0282,,rain,1,22.543315993800107,0.0075
00e9be89-00001025.jpg,00e9be89-00001030.jpg,orb,2000,2000,26,12,0.4615,0.013,42.8846,0.0497,0.0301,,rain,1,22.563389832419315,0.013
00e9be89-00001030.jpg,00e9be89-00001035.jpg,orb,2000,2000,57,29,0.5088,0.0285,36.8596,0.0609,0.0362,,rain,1,22.577949389396004,0.0285
00e9be89-00001035.jpg,00e9be89-00001040.jpg,orb,2000,1984,92,72,0.7826,0.0464,37.0652,0.0572,0.0402,,rain,1,22.58331762760805,0.046
00e9be89-00001040.jpg,00e9be89-00001045.jpg,orb,1984,2000,162,94,0.5802,0.0817,35.6728,0.0486,0.0363,,rain,1,22.599776043283,0.081
00e9be89-00001045.jpg,00e9be89-00001050.jpg,orb,2000,2000,49,18,0.3673,0.0245,39.2449,0.0522,0.0276,,rain,1,22.575307607806494,0.0245
00e9be89-00001050.jpg,00e9be89-00001055.jpg,orb,2000,2000,76,26,0.3421,0.038,40.25,0.0522,0.0301,,rain,1,22.54924617643683,0.038
00e9be89-00001055.jpg,00e9be89-00001060.jpg,orb,2000,2000,93,44,0.4731,0.0465,39.3226,0.0522,0.0319,,rain,1,22.56616301207168,0.0465
00e9be89-00001060.jpg,00e9be89-00001065.jpg,orb,2000,2000,59,45,0.7627,0.0295,37.5424,0.0598,0.0341,,rain,1,22.507900727362752,0.0295
00e9be89-00001065.jpg,00e9be89-00001070.jpg,orb,2000,2000,116,98,0.8448,0.058,36.6207,0.0576,0.0311,,rain,1,22.452885043980864,0.058
00e9be89-00001070.jpg,00e9be89-00001075.jpg,orb,2000,2000,68,47,0.6912,0.034,38.5,0.0634,0.0341,,rain,1,22.460104570629376,0.034
00e9be89-00001075.jpg,00e9be89-00001080.jpg,orb,2000,2000,35,19,0.5429,0.0175,39.0,0.0522,0.0301,,rain,1,22.46962214475805,0.0175
00e9be89-00001080.jpg,00e9be89-00001090.jpg,orb,2000,2000,25,17,0.68,0.0125,41.0,0.0502,0.0296,,rain,1,22.607478489658423,0.0125
00e9be89-00001090.jpg,00e9be89-00001095.jpg,orb,2000,2000,52,36,0.6923,0.026,34.0962,0.0685,0.0382,,rain,1,22.74451067616383,0.026
00e9be89-00001095.jpg,00e9be89-00001100.jpg,orb,2000,2000,59,37,0.6271,0.0295,38.3051,0.0679,0.0373,,rain,1,22.807861719231024,0.0295
00e9be89-00001100.jpg,00e9be89-00001105.jpg,orb,2000,2000,33,10,0.303,0.0165,42.8182,0.0544,0.0296,,rain,1,22.83014605837129,0.0165
00e9be89-00001105.jpg,00e9be89-00001115.jpg,orb,2000,2000,17,8,0.4706,0.0085,44.8235,0.0578,0.0392,,rain,1,22.975152189945494,0.0085
00e9be89-00001115.jpg,00e9be89-00001125.jpg,orb,2000,2000,21,6,0.2857,0.0105,48.7143,0.0661,0.0341,,rain,1,22.958132718557064,0.0105
00e9be89-00001125.jpg,00e9be89-00001130.jpg,orb,2000,2000,36,25,0.6944,0.018,36.0556,0.0678,0.0321,,rain,1,22.84134759224494,0.018
00e9be89-00001130.jpg,00e9be89-00001135.jpg,orb,2000,2000,53,41,0.7736,0.0265,35.434,0.0658,0.0341,,rain,1,22.864217768439136,0.0265
00e9be89-00001135.jpg,00e9be89-00001140.jpg,orb,2000,2000,67,56,0.8358,0.0335,32.8507,0.0632,0.0326,,rain,1,22.82887063092143,0.0335
00e9be89-00001140.jpg,00e9be89-00001150.jpg,orb,2000,2000,55,35,0.6364,0.0275,36.5818,0.0565,0.0341,,rain,1,22.86606409788048,0.0275
00e9be89-00001150.jpg,00e9be89-00001155.jpg,orb,2000,2000,84,61,0.7262,0.042,35.0595,0.0618,0.0341,,rain,1,22.91031565583856,0.042
00e9be89-00001155.jpg,00e9be89-00001160.jpg,orb,2000,2000,75,47,0.6267,0.0375,37.2133,0.0692,0.0341,,rain,1,22.919718841729708,0.0375
00e9be89-00001160.jpg,00e9be89-00001165.jpg,orb,2000,2000,22,12,0.5455,0.011,39.0909,0.0668,0.0373,,rain,1,22.90319904651533,0.011
00e9be89-00001165.jpg,00e9be89-00001170.jpg,orb,2000,2000,46,25,0.5435,0.023,37.8043,0.0563,0.0408,,rain,1,22.875614356183704,0.023
00e9be89-00001170.jpg,00e9be89-00001175.jpg,orb,2000,2000,23,13,0.5652,0.0115,38.7391,0.0597,0.0321,,rain,1,22.910855897826465,0.0115
00e9be89-00001175.jpg,00e9be89-00001180.jpg,orb,2000,2000,54,36,0.6667,0.027,36.9815,0.0716,0.0402,,rain,1,22.949311428685625,0.027
00e9be89-00001180.jpg,00e9be89-00001185.jpg,orb,2000,2000,26,13,0.5,0.013,41.5,0.0649,0.0314,,rain,1,22.958145078167554,0.013
00e9be89-00001185.jpg,00e9be89-00001190.jpg,orb,2000,2000,16,6,0.375,0.008,41.8125,0.0617,0.0341,,rain,1,22.946383843828997,0.008
00e9be89-00001190.jpg,00e9be89-00001195.jpg,orb,2000,2000,19,6,0.3158,0.0095,42.7368,0.0597,0.0321,,rain,1,22.58141335939705,0.0095
00e9be89-00001195.jpg,00e9be89-00001200.jpg,orb,2000,1985,19,8,0.4211,0.0096,43.0526,0.0623,0.0322,,rain,1,22.62132075803305,0.009562154001006542
00e9be89-00001200.jpg,00e9be89-00001205.jpg,orb,1985,1963,26,8,0.3077,0.0132,41.8077,0.0504,0.0321,,rain,1,23.003239822829723,0.013085052843482638
00e9be89-00001205.jpg,00e9be89-00001210.jpg,orb,1963,2000,28,8,0.2857,0.0143,43.4643,0.0624,0.0301,,rain,1,23.017861341504243,0.014028056112224449
00e9be89-00001210.jpg,00e9be89-00001215.jpg,orb,2000,2000,45,20,0.4444,0.0225,41.2889,0.0566,0.0403,,rain,1,23.062225085624505,0.0225
00e9be89-00001215.jpg,00e9be89-00001220.jpg,orb,2000,2000,14,5,0.3571,0.007,44.6429,0.0666,0.0397,,rain,1,22.842377218144435,0.007
00e9be89-00001220.jpg,00e9be89-00001225.jpg,orb,2000,2000,12,5,0.4167,0.006,42.5833,0.0645,0.0442,,rain,1,22.846725097690936,0.006
00e9be89-00001225.jpg,00e9be89-00001230.jpg,orb,2000,2000,14,8,0.5714,0.007,39.5,0.0578,0.0301,,rain,1,23.049625093196475,0.007
00e9be89-00001230.jpg,00e9be89-00001240.jpg,orb,2000,1750,45,32,0.7111,0.0257,39.7333,0.0522,0.0261,,rain,1,22.982818819832715,0.02473886750962067
00e9be89-00001240.jpg,00e9be89-00001245.jpg,orb,1750,2000,23,11,0.4783,0.0131,40.5652,0.0481,0.0232,,rain,1,22.637660274516797,0.012644310060472787
00e9be89-00001245.jpg,00e9be89-00001250.jpg,orb,2000,2000,14,6,0.4286,0.007,45.9286,0.0502,0.0301,,rain,1,22.668402911424888,0.007
00e9be89-00001250.jpg,00e9be89-00001255.jpg,orb,2000,2000,42,21,0.5,0.021,37.381,0.0522,0.0296,,rain,1,23.022751772928636,0.021
00e9be89-00001255.jpg,00e9be89-00001260.jpg,orb,2000,2000,25,19,0.76,0.0125,38.48,0.0663,0.0256,,rain,1,22.99504249114601,0.0125
00e9be89-00001260.jpg,00e9be89-00001265.jpg,orb,2000,2000,33,25,0.7576,0.0165,40.7273,0.0567,0.0299,,rain,1,22.879011775400333,0.0165
00e9be89-00001265.jpg,00e9be89-00001270.jpg,orb,2000,2000,11,4,0.3636,0.0055,48.4545,0.0535,0.0291,,rain,1,22.64066883311847,0.0055
00e9be89-00001270.jpg,00e9be89-00001275.jpg,orb,2000,2000,15,8,0.5333,0.0075,39.5333,0.0597,0.0301,,rain,1,22.403292755810856,0.0075
00e9be89-00001275.jpg,00e9be89-00001280.jpg,orb,2000,2000,13,3,0.2308,0.0065,46.8462,0.0846,0.0423,,rain,1,22.39984023395838,0.0065
00e9be89-00001280.jpg,00e9be89-00001285.jpg,orb,2000,2000,11,4,0.3636,0.0055,39.7273,0.0758,0.0342,,rain,1,22.248546857024945,0.0055
00e9be89-00001285.jpg,00e9be89-00001290.jpg,orb,2000,2000,9,6,0.6667,0.0045,43.0,0.0658,0.0263,,rain,1,22.28211629339443,0.0045
00e9be89-00001290.jpg,00e9be89-00001295.jpg,orb,2000,2000,11,4,0.3636,0.0055,45.8182,0.0562,0.0281,,rain,1,22.83875142790741,0.0055
00e9be89-00001295.jpg,00e9be89-00001305.jpg,orb,2000,2000,12,5,0.4167,0.006,43.25,0.0686,0.0281,,rain,1,23.018845957604213,0.006
00e9be89-00001305.jpg,00e9be89-00001310.jpg,orb,2000,2000,8,4,0.5,0.004,44.5,0.0844,0.0278,,rain,1,22.73686784850708,0.004
00e9be89-00001310.jpg,00e9be89-00001315.jpg,orb,2000,2000,8,4,0.5,0.004,47.375,0.0541,0.028,,rain,1,22.116188773839056,0.004
00e9be89-00001315.jpg,00e9be89-00001325.jpg,orb,2000,2000,29,11,0.3793,0.0145,36.6207,0.0518,0.0298,,rain,1,21.71726539697648,0.0145
00e9be89-00001325.jpg,00e9be89-00001330.jpg,orb,2000,2000,20,7,0.35,0.01,36.45,0.0502,0.0288,,rain,1,20.909158283489663,0.01
00e9be89-00001330.jpg,00e9be89-00001335.jpg,orb,2000,2000,6,0,0.0,0.003,37.0,0.0482,0.0281,,rain,1,20.93582080951508,0.003
00e9be89-00001335.jpg,00e9be89-00001340.jpg,orb,2000,2000,19,9,0.4737,0.0095,39.1053,0.0542,0.0296,,rain,1,22.47550380746519,0.0095
00e9be89-00001340.jpg,00e9be89-00001345.jpg,orb,2000,2000,14,7,0.5,0.007,42.7857,0.0715,0.0342,,rain,1,23.06759335810529,0.007
00e9be89-00001345.jpg,00e9be89-00001350.jpg,orb,2000,2000,8,4,0.5,0.004,45.5,0.0705,0.0326,,rain,1,23.037353215832702,0.004
00e9be89-00001350.jpg,00e9be89-00001355.jpg,orb,2000,2000,15,7,0.4667,0.0075,44.2,0.052,0.0264,,rain,1,22.981033063228644,0.0075
00e9be89-00001355.jpg,00e9be89-00001360.jpg,orb,2000,2000,15,4,0.2667,0.0075,45.1333,0.0522,0.0281,,rain,1,22.725677836165666,0.0075
00e9be89-00001360.jpg,00e9be89-00001365.jpg,orb,2000,2000,12,4,0.3333,0.006,46.25,0.0502,0.0296,,rain,1,22.60885428768852,0.006
00e9be89-00001365.jpg,00e9be89-00001370.jpg,orb,2000,2000,31,16,0.5161,0.0155,37.6129,0.0539,0.0301,,rain,1,22.5705285153766,0.0155
00e9be89-00001370.jpg,00e9be89-00001375.jpg,orb,2000,2000,156,86,0.5513,0.078,37.141,0.0542,0.0321,,rain,1,22.6437749315053,0.078
00e9be89-00001375.jpg,00e9be89-00001380.jpg,orb,2000,2000,211,101,0.4787,0.1055,34.7062,0.0562,0.0316,,rain,1,22.62451632342817,0.1055
00e9be89-00001380.jpg,00e9be89-00001385.jpg,orb,2000,2000,201,105,0.5224,0.1005,35.6368,0.0603,0.0283,,rain,1,22.466400020861045,0.1005
00e9be89-00001385.jpg,00e9be89-00001390.jpg,orb,2000,2000,41,23,0.561,0.0205,36.7805,0.0583,0.0321,,rain,1,22.541725901089222,0.0205
00e9be89-00001390.jpg,00e9be89-00001395.jpg,orb,2000,2000,60,35,0.5833,0.03,35.65,0.0485,0.0328,,rain,1,22.54869438321204,0.03
00e9be89-00001395.jpg,00e9be89-00001400.jpg,orb,2000,2000,114,49,0.4298,0.057,34.2281,0.0746,0.0447,,rain,1,22.47186126085726,0.057
00e9be89-00001400.jpg,00e9be89-00001405.jpg,orb,2000,2000,96,41,0.4271,0.048,33.7083,0.0678,0.0342,,rain,1,22.39118337984021,0.048
00e9be89-00001405.jpg,00e9be89-00001410.jpg,orb,2000,2000,87,38,0.4368,0.0435,33.7931,0.06,0.0321,,rain,1,22.322072505516672,0.0435
00e9be89-00001410.jpg,00e9be89-00001415.jpg,orb,2000,2000,192,53,0.276,0.096,34.3073,0.0525,0.0321,,rain,1,22.273746153907183,0.096
00e9be89-00001415.jpg,00e9be89-00001420.jpg,orb,2000,2000,101,36,0.3564,0.0505,35.5149,0.0409,0.0383,,rain,1,22.20702042932272,0.0505
00e9be89-00001420.jpg,00e9be89-00001425.jpg,orb,2000,2000,66,34,0.5152,0.033,31.8333,0.0577,0.0341,,rain,1,22.09883474294494,0.033
00e9be89-00001425.jpg,00e9be89-00001430.jpg,orb,2000,2000,96,41,0.4271,0.048,34.6875,0.0638,0.0381,,rain,1,21.99157067318734,0.048
00e9be89-00001430.jpg,00e9be89-00001440.jpg,orb,2000,2000,28,11,0.3929,0.014,36.6071,0.0643,0.0321,,rain,1,21.782137423653893,0.014
00e9be89-00001440.jpg,00e9be89-00001445.jpg,orb,2000,2000,66,27,0.4091,0.033,34.6667,0.0643,0.0321,,rain,1,20.639805002207176,0.033
00e9be89-00001445.jpg,00e9be89-00001450.jpg,orb,2000,2000,35,18,0.5143,0.0175,40.0286,0.0625,0.0301,,rain,1,21.336761995009653,0.0175
00e9be89-00001450.jpg,00e9be89-00001455.jpg,orb,2000,2000,68,53,0.7794,0.034,37.2206,0.0658,0.0402,,rain,1,22.783519933826312,0.034
00e9be89-00001455.jpg,00e9be89-00001460.jpg,orb,2000,2000,112,58,0.5179,0.056,35.5179,0.0583,0.0358,,rain,1,22.48413686600816,0.056
00e9be89-00001460.jpg,00e9be89-00001465.jpg,orb,2000,2000,145,126,0.869,0.0725,31.069,0.0583,0.0316,,rain,1,22.388921358361536,0.0725
00e9be89-00001465.jpg,00e9be89-00001470.jpg,orb,2000,2001,24,7,0.2917,0.012,38.9583,0.0579,0.0281,,rain,1,22.39512498914528,0.012
00e9be89-00001470.jpg,00e9be89-00001475.jpg,orb,2001,2000,66,25,0.3788,0.033,37.697,0.0604,0.0301,,rain,1,22.44226117326243,0.033
00e9be89-00001475.jpg,00e9be89-00001480.jpg,orb,2000,2000,24,8,0.3333,0.012,36.875,0.0582,0.0324,,rain,1,22.50807031698302,0.012
00e9be89-00001480.jpg,00e9be89-00001485.jpg,orb,2000,2000,27,12,0.4444,0.0135,38.7778,0.0623,0.0316,,rain,1,22.67050235129929,0.0135
00e9be89-00001485.jpg,00e9be89-00001490.jpg,orb,2000,2000,44,19,0.4318,0.022,34.5,0.0663,0.0321,,rain,1,22.82189634881731,0.022
00e9be89-00001490.jpg,00e9be89-00001495.jpg,orb,2000,2000,608,590,0.9704,0.304,19.7368,0.0565,0.0341,,rain,1,22.83384769457652,0.304
00e9be89-00001495.jpg,00e9be89-00001500.jpg,orb,2000,2000,785,771,0.9822,0.3925,15.1299,0.0629,0.0362,,rain,1,22.834672714729894,0.3925
00e9be89-00001500.jpg,00e9be89-00001505.jpg,orb,2000,2000,319,245,0.768,0.1595,26.9279,0.0542,0.0341,,rain,1,22.845648204307828,0.1595
00e9be89-00001505.jpg,00e9be89-00001510.jpg,orb,2000,2000,45,20,0.4444,0.0225,36.7778,0.0718,0.0414,,rain,1,22.86486297011709,0.0225
00e9be89-00001510.jpg,00e9be89-00001515.jpg,orb,2000,2000,57,19,0.3333,0.0285,40.3333,0.0664,0.0386,,rain,1,22.88492905992184,0.0285
00e9be89-00001515.jpg,00e9be89-00001520.jpg,orb,2000,2000,20,8,0.4,0.01,39.85,0.0481,0.0281,,rain,1,22.85194379301112,0.01
00e9be89-00001520.jpg,00e9be89-00001525.jpg,orb,2000,2000,74,43,0.5811,0.037,36.9054,0.0537,0.0301,,rain,1,22.81740617073588,0.037
00e9be89-00001525.jpg,00e9be89-00001535.jpg,orb,2000,2000,20,5,0.25,0.01,41.3,0.0557,0.0301,,rain,1,22.768948642788835,0.01
00e9be89-00001535.jpg,00e9be89-00001540.jpg,orb,2000,2000,19,9,0.4737,0.0095,43.4737,0.0543,0.0296,,rain,1,22.447558617924187,0.0095
00e9be89-00001540.jpg,00e9be89-00001545.jpg,orb,2000,2000,35,12,0.3429,0.0175,41.6286,0.0577,0.0287,,rain,1,22.368183160012748,0.0175
00e9be89-00001545.jpg,00e9be89-00001550.jpg,orb,2000,2000,203,143,0.7044,0.1015,32.7291,0.0658,0.0281,,rain,1,22.55478438522041,0.1015
00e9be89-00001550.jpg,00e9be89-00001555.jpg,orb,2000,2000,365,352,0.9644,0.1825,21.2356,0.0643,0.0361,,rain,1,22.55433738616592,0.1825
00e9be89-00001555.jpg,00e9be89-00001560.jpg,orb,2000,2000,283,274,0.9682,0.1415,24.9717,0.0596,0.0251,,rain,1,22.562442230880396,0.1415
00e9be89-00001560.jpg,00e9be89-00001565.jpg,orb,2000,2000,489,440,0.8998,0.2445,22.4949,0.0517,0.0321,,rain,1,22.58607953780712,0.2445
00e9be89-00001565.jpg,00e9be89-00001570.jpg,orb,2000,2000,69,36,0.5217,0.0345,34.5652,0.071,0.0405,,rain,1,22.704994762490013,0.0345
00e9be89-00001570.jpg,00e9be89-00001575.jpg,orb,2000,2000,61,27,0.4426,0.0305,37.4426,0.0689,0.0321,,rain,1,22.701567852481663,0.0305
00e9be89-00001575.jpg,00e9be89-00001580.jpg,orb,2000,2000,104,70,0.6731,0.052,33.9327,0.0562,0.0277,,rain,1,22.59394953973669,0.052
00e9be89-00001580.jpg,00e9be89-00001585.jpg,orb,2000,2000,56,24,0.4286,0.028,38.7857,0.0654,0.0357,,rain,1,22.30554977062709,0.028
00e9be89-00001585.jpg,00e9be89-00001590.jpg,orb,2000,2000,10,4,0.4,0.005,40.9,0.0583,0.0296,,rain,1,22.16754498664242,0.005
00e9be89-00001590.jpg,00e9be89-00001595.jpg,orb,2000,2000,19,8,0.4211,0.0095,39.3684,0.0552,0.0261,,rain,1,22.295483349191755,0.0095
00e9be89-00001595.jpg,00e9be89-00001600.jpg,orb,2000,2000,24,10,0.4167,0.012,42.75,0.0562,0.0261,,rain,1,22.23153838677663,0.012
00e9be89-00001600.jpg,00e9be89-00001605.jpg,orb,2000,2000,114,72,0.6316,0.057,34.1579,0.0642,0.0308,,rain,1,22.062695198990937,0.057
00e9be89-00001605.jpg,00e9be89-00001610.jpg,orb,2000,2000,23,11,0.4783,0.0115,42.3043,0.0639,0.0278,,rain,1,22.04995513967038,0.0115
00e9be89-00001610.jpg,00e9be89-00001620.jpg,orb,2000,2000,14,6,0.4286,0.007,43.8571,0.0598,0.0272,,rain,1,22.2962741279637,0.007
00e9be89-00001620.jpg,00e9be89-00001625.jpg,orb,2000,2000,36,19,0.5278,0.018,36.9722,0.0443,0.0298,,rain,1,22.2875546601572,0.018
00e9be89-00001625.jpg,00e9be89-00001630.jpg,orb,2000,2000,54,21,0.3889,0.027,37.8889,0.0713,0.0392,,rain,1,22.20450893948402,0.027
00e9be89-00001630.jpg,00e9be89-00001635.jpg,orb,2000,2000,21,7,0.3333,0.0105,45.0476,0.0708,0.0342,,rain,1,22.51058252174231,0.0105
00e9be89-00001635.jpg,00e9be89-00001640.jpg,orb,2000,2000,17,5,0.2941,0.0085,45.2941,0.0578,0.0281,,rain,1,22.305919628368805,0.0085
00e9be89-00001640.jpg,00e9be89-00001645.jpg,orb,2000,2000,13,5,0.3846,0.0065,41.6154,0.0524,0.0241,,rain,1,20.826144803724297,0.0065
00e9be89-00001645.jpg,00e9be89-00001650.jpg,orb,2000,2000,25,7,0.28,0.0125,37.16,0.0517,0.0301,,rain,1,20.310169061736204,0.0125
00e9be89-00001650.jpg,00e9be89-00001655.jpg,orb,2000,2000,14,4,0.2857,0.007,41.4286,0.0591,0.0267,,rain,1,21.16197977030528,0.007
00e9be89-00001655.jpg,00e9be89-00001665.jpg,orb,2000,2000,7,4,0.5714,0.0035,45.0,0.0579,0.0281,,rain,1,21.966673536746317,0.0035
00e9be89-00001665.jpg,00e9be89-00001670.jpg,orb,2000,2000,20,10,0.5,0.01,45.0,0.0648,0.0311,,rain,1,22.540378785119,0.01
00e9be89-00001670.jpg,00e9be89-00001675.jpg,orb,2000,2000,31,11,0.3548,0.0155,41.3548,0.0658,0.0322,,rain,1,22.47461848752173,0.0155
00e9be89-00001675.jpg,00e9be89-00001680.jpg,orb,2000,2000,20,10,0.5,0.01,40.1,0.0678,0.0321,,rain,1,22.3489428640198,0.01
00e9be89-00001680.jpg,00e9be89-00001685.jpg,orb,2000,2000,15,8,0.5333,0.0075,43.5333,0.0799,0.0301,,rain,1,22.216559717439647,0.0075
00e9be89-00001685.jpg,00e9be89-00001690.jpg,orb,2000,2000,14,5,0.3571,0.007,39.4286,0.0817,0.0404,,rain,1,22.400881158713524,0.007
00e9be89-00001690.jpg,00e9be89-00001695.jpg,orb,2000,2000,17,6,0.3529,0.0085,42.2941,0.0739,0.037,,rain,1,22.83269952690813,0.0085
00e9be89-00001695.jpg,00e9be89-00001705.jpg,orb,2000,2000,15,5,0.3333,0.0075,42.4,0.0582,0.0324,,rain,1,22.811869083997863,0.0075
00e9be89-00001705.jpg,00e9be89-00001710.jpg,orb,2000,2000,84,65,0.7738,0.042,32.4643,0.054,0.0321,,rain,1,22.706931402706857,0.042
00e9be89-00001710.jpg,00e9be89-00001715.jpg,orb,2000,2000,31,17,0.5484,0.0155,39.2258,0.0623,0.0457,,rain,1,22.67821923039878,0.0155
00e9be89-00001715.jpg,00e9be89-00001720.jpg,orb,2000,1990,39,25,0.641,0.0196,37.6667,0.0562,0.0316,,rain,1,22.636537110800862,0.019539078156312624
00e9be89-00001720.jpg,00e9be89-00001725.jpg,orb,1990,2000,66,50,0.7576,0.0332,33.6515,0.0563,0.0321,,rain,1,22.635856192985276,0.033066132264529056
00e9be89-00001725.jpg,00e9be89-00001730.jpg,orb,2000,2000,76,61,0.8026,0.038,31.8553,0.0553,0.0322,,rain,1,22.69313874658898,0.038
00e9be89-00001730.jpg,00e9be89-00001740.jpg,orb,2000,2000,17,6,0.3529,0.0085,40.1765,0.0583,0.0336,,rain,1,22.765880107378067,0.0085
00e9be89-00001740.jpg,00e9be89-00001745.jpg,orb,2000,2000,10,3,0.3,0.005,41.0,0.0718,0.0402,,rain,1,22.0636344963894,0.005
00e9be89-00001745.jpg,00e9be89-00001750.jpg,orb,2000,2000,7,4,0.5714,0.0035,42.8571,0.0815,0.0379,,rain,1,21.87924098157736,0.0035
00e9be89-00001750.jpg,00e9be89-00001755.jpg,orb,2000,2000,36,20,0.5556,0.018,39.4167,0.0665,0.0387,,rain,1,22.49636639717513,0.018
00e9be89-00001755.jpg,00e9be89-00001760.jpg,orb,2000,2000,24,10,0.4167,0.012,41.375,0.0602,0.0378,,rain,1,22.56348922635677,0.012
00e9be89-00001760.jpg,00e9be89-00001765.jpg,orb,2000,2000,10,6,0.6,0.005,43.7,0.0653,0.0356,,rain,1,22.29098893102808,0.005
00e9be89-00001765.jpg,00e9be89-00001770.jpg,orb,2000,2000,17,6,0.3529,0.0085,44.7647,0.0683,0.0317,,rain,1,21.943230212904403,0.0085
00e9be89-00001770.jpg,00e9be89-00001775.jpg,orb,2000,2000,30,23,0.7667,0.015,35.3667,0.0719,0.0364,,rain,1,21.958433779097945,0.015
00e9be89-00001775.jpg,00e9be89-00001780.jpg,orb,2000,2000,26,20,0.7692,0.013,36.4615,0.062,0.0342,,rain,1,22.15507559789001,0.013
00e9be89-00001780.jpg,00e9be89-00001785.jpg,orb,2000,2000,30,16,0.5333,0.015,38.5,0.0645,0.0304,,rain,1,22.336377320518096,0.015
00e9be89-00001785.jpg,00e9be89-00001795.jpg,orb,2000,2000,21,10,0.4762,0.0105,40.8571,0.0602,0.0316,,rain,1,22.637565482147277,0.0105
00e9be89-00001795.jpg,00e9be89-00001800.jpg,orb,2000,2000,938,920,0.9808,0.469,20.6077,0.0623,0.0336,,rain,1,22.7629191692406,0.469
00e9be89-00001800.jpg,00e9be89-00001810.jpg,orb,2000,2000,185,73,0.3946,0.0925,32.5622,0.0757,0.054,,rain,1,22.614590714352545,0.0925
00e9be89-00001810.jpg,00e9be89-00001815.jpg,orb,2000,2000,140,61,0.4357,0.07,32.7214,0.0653,0.0325,,rain,1,22.590344299589496,0.07
00e9be89-00001815.jpg,00e9be89-00001820.jpg,orb,2000,2000,23,9,0.3913,0.0115,37.8261,0.0611,0.0281,,rain,1,22.602348336481747,0.0115
00e9be89-00001820.jpg,00e9be89-00001825.jpg,orb,2000,2000,46,15,0.3261,0.023,39.3478,0.0522,0.0321,,rain,1,22.724190847737358,0.023
00e9be89-00001825.jpg,00e9be89-00001830.jpg,orb,2000,2000,34,12,0.3529,0.017,42.2059,0.0559,0.0321,,rain,1,22.76785856981856,0.017
00e9be89-00001830.jpg,00e9be89-00001840.jpg,orb,2000,2000,19,7,0.3684,0.0095,42.0526,0.0578,0.0301,,rain,1,22.433341045141383,0.0095
00e9be89-00001840.jpg,00e9be89-00001845.jpg,orb,2000,2000,1181,1173,0.9932,0.5905,17.1609,0.0617,0.0301,,rain,1,22.17751331789104,0.5905
00e9be89-00001845.jpg,00e9be89-00001865.jpg,orb,2000,2000,1014,1004,0.9901,0.507,19.1302,0.0678,0.0281,,rain,1,22.1590490409292,0.507
00e9be89-00001865.jpg,00e9be89-00001870.jpg,orb,2000,2000,1077,1062,0.9861,0.5385,20.2219,0.0679,0.0261,,rain,1,22.134594128255365,0.5385
00e9be89-00001870.jpg,00e9be89-00001875.jpg,orb,2000,2000,1101,1097,0.9964,0.5505,16.1826,0.0618,0.0296,,rain,1,22.143374983091697,0.5505
00e9be89-00001875.jpg,00e9be89-00001885.jpg,orb,2000,2000,1091,1084,0.9936,0.5455,18.4794,0.0648,0.0281,,rain,1,22.16256151537378,0.5455
00e9be89-00001885.jpg,00e9be89-00001890.jpg,orb,2000,2000,1176,1168,0.9932,0.588,17.7109,0.0689,0.0413,,rain,1,22.154599478984025,0.588
00e9be89-00001890.jpg,00e9be89-00001895.jpg,orb,2000,2000,1153,1143,0.9913,0.5765,16.6904,0.0693,0.0325,,rain,1,22.164705019469004,0.5765
00e9be89-00001895.jpg,00e9be89-00001900.jpg,orb,2000,2000,1161,1153,0.9931,0.5805,17.7666,0.0678,0.0301,,rain,1,22.186063103695247,0.5805
00e9be89-00001900.jpg,00e9be89-00001905.jpg,orb,2000,2000,263,166,0.6312,0.1315,30.5285,0.0623,0.0296,,rain,1,22.31957638370303,0.1315
00e9be89-00001905.jpg,00e9be89-00001915.jpg,orb,2000,2000,30,13,0.4333,0.015,38.2667,0.0579,0.0261,,rain,1,22.50162495809828,0.015
00e9be89-00000015.jpg,00e9be89-00000100.jpg,orb,2000,2000,3,0,0.0,0.0015,42.6667,0.0819,0.0277,C:\Users\amit\Project_digital_image_processing__Amit_Alon\outputs\visualizations\task2\degraded_visualizations\rain\level_2\match_00e9be89-00000015__00e9be89-00000100.png,rain,2,16.53069358103384,0.0015
00e9be89-00000100.jpg,00e9be89-00000105.jpg,orb,2000,2000,1011,1002,0.9911,0.5055,22.7903,0.0703,0.0301,,rain,2,18.556070164211263,0.5055
00e9be89-00000105.jpg,00e9be89-00000110.jpg,orb,2000,2000,1040,1031,0.9913,0.52,20.6346,0.0764,0.0321,,rain,2,18.538103945890743,0.52
00e9be89-00000110.jpg,00e9be89-00000115.jpg,orb,2000,2000,1084,1077,0.9935,0.542,21.5646,0.0743,0.0336,,rain,2,18.54841936063971,0.542
00e9be89-00000115.jpg,00e9be89-00000120.jpg,orb,2000,2000,1252,1245,0.9944,0.626,18.151,0.0738,0.0281,,rain,2,18.566586600742003,0.626
00e9be89-00000120.jpg,00e9be89-00000125.jpg,orb,2000,2000,509,492,0.9666,0.2545,31.7976,0.0968,0.0362,,rain,2,18.00446186290238,0.2545
00e9be89-00000125.jpg,00e9be89-00000130.jpg,orb,2000,2000,884,873,0.9876,0.442,22.7477,0.0919,0.034,,rain,2,17.672210033913622,0.442
00e9be89-00000130.jpg,00e9be89-00000135.jpg,orb,2000,2000,997,982,0.985,0.4985,22.1996,0.0826,0.0281,,rain,2,18.189917341154462,0.4985
00e9be89-00000135.jpg,00e9be89-00000140.jpg,orb,2000,2000,1036,1022,0.9865,0.518,22.1351,0.0786,0.0281,,rain,2,18.508481849626502,0.518
00e9be89-00000140.jpg,00e9be89-00000145.jpg,orb,2000,2000,162,119,0.7346,0.081,38.8951,0.0842,0.0273,,rain,2,18.502707855034167,0.081
00e9be89-00000145.jpg,00e9be89-00000150.jpg,orb,2000,2000,15,8,0.5333,0.0075,41.8667,0.0919,0.0361,,rain,2,16.874167616251512,0.0075
00e9be89-00000150.jpg,00e9be89-00000160.jpg,orb,2000,2000,6,4,0.6667,0.003,42.8333,0.0941,0.0321,,rain,2,15.321377259483093,0.003
00e9be89-00000160.jpg,00e9be89-00000165.jpg,orb,2000,2000,12,5,0.4167,0.006,42.5833,0.0774,0.0421,,rain,2,14.845892726249332,0.006
00e9be89-00000165.jpg,00e9be89-00000175.jpg,orb,2000,2000,6,4,0.6667,0.003,43.3333,0.0885,0.046,,rain,2,15.52534613528289,0.003
00e9be89-00000175.jpg,00e9be89-00000190.jpg,orb,2000,2000,9,4,0.4444,0.0045,47.0,0.0877,0.0421,,rain,2,16.218507841517066,0.0045
00e9be89-00000190.jpg,00e9be89-00001000.jpg,orb,2000,2000,12,4,0.3333,0.006,47.5833,0.0694,0.0361,,rain,2,17.216888165273836,0.006
00e9be89-00001000.jpg,00e9be89-00001005.jpg,orb,2000,2000,7,4,0.5714,0.0035,43.4286,0.0675,0.0587,,rain,2,19.25075336099188,0.0035
00e9be89-00001005.jpg,00e9be89-00001010.jpg,orb,2000,2000,8,2,0.25,0.004,42.125,0.0678,0.0422,,rain,2,20.025701404424492,0.004
00e9be89-00001010.jpg,00e9be89-00001015.jpg,orb,2000,1983,15,7,0.4667,0.0076,43.4,0.0631,0.0452,,rain,2,20.6316561176262,0.007530120481927711
00e9be89-00001015.jpg,00e9be89-00001020.jpg,orb,1983,2000,20,9,0.45,0.0101,40.1,0.0683,0.0397,,rain,2,20.62145018408159,0.010040160642570281
00e9be89-00001020.jpg,00e9be89-00001025.jpg,orb,2000,2000,15,5,0.3333,0.0075,43.6,0.0603,0.0321,,rain,2,20.30244050240534,0.0075
00e9be89-00001025.jpg,00e9be89-00001030.jpg,orb,2000,2000,28,7,0.25,0.014,41.5,0.0644,0.0384,,rain,2,20.330076816878304,0.014
00e9be89-00001030.jpg,00e9be89-00001035.jpg,orb,2000,2000,64,31,0.4844,0.032,39.4375,0.0643,0.0296,,rain,2,20.321482473454207,0.032
00e9be89-00001035.jpg,00e9be89-00001040.jpg,orb,2000,1994,75,54,0.72,0.0376,37.2267,0.0482,0.0341,,rain,2,20.42454471566768,0.0375
00e9be89-00001040.jpg,00e9be89-00001045.jpg,orb,1994,2000,169,93,0.5503,0.0848,38.071,0.0866,0.0382,,rain,2,20.5014366528647,0.0845
00e9be89-00001045.jpg,00e9be89-00001050.jpg,orb,2000,2000,39,17,0.4359,0.0195,40.3077,0.0605,0.0388,,rain,2,20.42967923589641,0.0195
00e9be89-00001050.jpg,00e9be89-00001055.jpg,orb,2000,2000,58,23,0.3966,0.029,40.1379,0.0583,0.0341,,rain,2,20.32412325524164,0.029
00e9be89-00001055.jpg,00e9be89-00001060.jpg,orb,2000,2000,63,33,0.5238,0.0315,41.7302,0.0576,0.0341,,rain,2,20.371927125124387,0.0315
00e9be89-00001060.jpg,00e9be89-00001065.jpg,orb,2000,2000,45,33,0.7333,0.0225,38.8222,0.0674,0.0412,,rain,2,20.14695724329177,0.0225
00e9be89-00001065.jpg,00e9be89-00001070.jpg,orb,2000,2000,80,68,0.85,0.04,37.525,0.0681,0.0363,,rain,2,19.93021366651085,0.04
00e9be89-00001070.jpg,00e9be89-00001075.jpg,orb,2000,2000,45,24,0.5333,0.0225,41.1111,0.0738,0.0333,,rain,2,19.494562657378523,0.0225
00e9be89-00001075.jpg,00e9be89-00001080.jpg,orb,2000,2000,34,21,0.6176,0.017,36.7059,0.0719,0.0321,,rain,2,19.594368000399545,0.017
00e9be89-00001080.jpg,00e9be89-00001090.jpg,orb,2000,2000,32,26,0.8125,0.016,40.4688,0.0575,0.0341,,rain,2,20.77301766428935,0.016
00e9be89-00001090.jpg,00e9be89-00001095.jpg,orb,2000,2000,53,32,0.6038,0.0265,36.8491,0.0522,0.0301,,rain,2,21.410141724270964,0.0265
00e9be89-00001095.jpg,00e9be89-00001100.jpg,orb,2000,2000,46,23,0.5,0.023,40.9783,0.0657,0.0461,,rain,2,21.55853899162741,0.023
00e9be89-00001100.jpg,00e9be89-00001105.jpg,orb,2000,2000,27,13,0.4815,0.0135,39.2963,0.0669,0.033,,rain,2,21.27593965061761,0.0135
00e9be89-00001105.jpg,00e9be89-00001115.jpg,orb,2000,2000,17,2,0.1176,0.0085,41.4118,0.0542,0.0296,,rain,2,20.587746814545948,0.0085
00e9be89-00001115.jpg,00e9be89-00001125.jpg,orb,2000,2000,17,6,0.3529,0.0085,45.2941,0.0582,0.0284,,rain,2,20.68819570405729,0.0085
00e9be89-00001125.jpg,00e9be89-00001130.jpg,orb,2000,2000,34,19,0.5588,0.017,43.4706,0.0644,0.0283,,rain,2,20.849021298264496,0.017
00e9be89-00001130.jpg,00e9be89-00001135.jpg,orb,2000,2000,63,40,0.6349,0.0315,40.3968,0.048,0.0345,,rain,2,21.169272340724586,0.0315
00e9be89-00001135.jpg,00e9be89-00001140.jpg,orb,2000,2000,52,45,0.8654,0.026,35.0962,0.0542,0.0341,,rain,2,21.71722379800781,0.026
00e9be89-00001140.jpg,00e9be89-00001150.jpg,orb,2000,2000,45,26,0.5778,0.0225,38.2222,0.0623,0.0316,,rain,2,21.973691564523843,0.0225
00e9be89-00001150.jpg,00e9be89-00001155.jpg,orb,2000,2000,74,51,0.6892,0.037,37.8919,0.0525,0.0301,,rain,2,22.27652277300168,0.037
00e9be89-00001155.jpg,00e9be89-00001160.jpg,orb,2000,2000,63,32,0.5079,0.0315,38.873,0.0501,0.0281,,rain,2,22.273687203722567,0.0315
00e9be89-00001160.jpg,00e9be89-00001165.jpg,orb,2000,2000,22,13,0.5909,0.011,41.4091,0.0543,0.0281,,rain,2,22.35811415053082,0.011
00e9be89-00001165.jpg,00e9be89-00001170.jpg,orb,2000,2000,34,15,0.4412,0.017,38.6176,0.0658,0.0402,,rain,2,22.182536537538752,0.017
00e9be89-00001170.jpg,00e9be89-00001175.jpg,orb,2000,2000,27,11,0.4074,0.0135,41.6296,0.0674,0.0306,,rain,2,22.373605299550302,0.0135
00e9be89-00001175.jpg,00e9be89-00001180.jpg,orb,2000,2000,57,31,0.5439,0.0285,40.0877,0.0593,0.0321,,rain,2,22.7623537746989,0.0285
00e9be89-00001180.jpg,00e9be89-00001185.jpg,orb,2000,2000,23,10,0.4348,0.0115,43.2609,0.0544,0.0297,,rain,2,22.51427955064408,0.0115
00e9be89-00001185.jpg,00e9be89-00001190.jpg,orb,2000,2000,15,5,0.3333,0.0075,46.9333,0.0594,0.0321,,rain,2,21.851373398671683,0.0075
00e9be89-00001190.jpg,00e9be89-00001195.jpg,orb,2000,2000,8,7,0.875,0.004,43.875,0.0624,0.0321,,rain,2,18.852399998291475,0.004
00e9be89-00001195.jpg,00e9be89-00001200.jpg,orb,2000,1990,11,5,0.4545,0.0055,43.0,0.0562,0.0356,,rain,2,19.61476849175249,0.0055359838953195776
00e9be89-00001200.jpg,00e9be89-00001205.jpg,orb,1990,1989,21,7,0.3333,0.0106,42.7143,0.0522,0.0276,,rain,2,23.046719492447732,0.010568696527428284
00e9be89-00001205.jpg,00e9be89-00001210.jpg,orb,1989,2000,9,4,0.4444,0.0045,44.8889,0.0563,0.0341,,rain,2,23.187956921151155,0.0045090180360721445
00e9be89-00001210.jpg,00e9be89-00001215.jpg,orb,2000,2000,30,16,0.5333,0.015,41.5333,0.0482,0.0281,,rain,2,22.92250861854521,0.015
00e9be89-00001215.jpg,00e9be89-00001220.jpg,orb,2000,2000,6,4,0.6667,0.003,41.1667,0.0571,0.0263,,rain,2,21.51662840309271,0.003
00e9be89-00001220.jpg,00e9be89-00001225.jpg,orb,2000,2000,20,6,0.3,0.01,46.2,0.0645,0.0356,,rain,2,21.807791888037546,0.01
00e9be89-00001225.jpg,00e9be89-00001230.jpg,orb,2000,2000,16,7,0.4375,0.008,44.6875,0.0591,0.0362,,rain,2,23.08850391881868,0.008
00e9be89-00001230.jpg,00e9be89-00001240.jpg,orb,2000,1808,29,17,0.5862,0.016,41.2069,0.0585,0.0281,,rain,2,22.817663725756567,0.01594282572842221
00e9be89-00001240.jpg,00e9be89-00001245.jpg,orb,1808,2000,22,9,0.4091,0.0122,40.8182,0.0603,0.0301,,rain,2,21.72527548992125,0.012094557449147883
00e9be89-00001245.jpg,00e9be89-00001250.jpg,orb,2000,2000,11,6,0.5455,0.0055,47.4545,0.0611,0.0358,,rain,2,22.157559629468587,0.0055
00e9be89-00001250.jpg,00e9be89-00001255.jpg,orb,2000,2000,24,12,0.5,0.012,40.6667,0.0615,0.0362,,rain,2,23.54717075326753,0.012
00e9be89-00001255.jpg,00e9be89-00001260.jpg,orb,2000,2000,21,17,0.8095,0.0105,39.0,0.0658,0.0321,,rain,2,23.218976304761632,0.0105
00e9be89-00001260.jpg,00e9be89-00001265.jpg,orb,2000,2000,18,7,0.3889,0.009,41.8889,0.0738,0.0321,,rain,2,21.055839540656088,0.009
00e9be89-00001265.jpg,00e9be89-00001270.jpg,orb,2000,2000,8,5,0.625,0.004,46.125,0.0663,0.0336,,rain,2,17.948127652773746,0.004
00e9be89-00001270.jpg,00e9be89-00001275.jpg,orb,2000,2000,9,4,0.4444,0.0045,42.2222,0.0638,0.0362,,rain,2,17.645695726260932,0.0045
00e9be89-00001275.jpg,00e9be89-00001280.jpg,orb,2000,2000,14,5,0.3571,0.007,46.7857,0.0822,0.0422,,rain,2,17.25960261462799,0.007
00e9be89-00001280.jpg,00e9be89-00001285.jpg,orb,2000,2000,9,5,0.5556,0.0045,41.6667,0.0857,0.0392,,rain,2,14.585800679243787,0.0045
00e9be89-00001285.jpg,00e9be89-00001290.jpg,orb,2000,2000,10,5,0.5,0.005,42.6,0.0703,0.0316,,rain,2,15.391912311557366,0.005
00e9be89-00001290.jpg,00e9be89-00001295.jpg,orb,2000,2000,15,5,0.3333,0.0075,41.6667,0.0658,0.0337,,rain,2,16.780533843028905,0.0075
00e9be89-00001295.jpg,00e9be89-00001305.jpg,orb,2000,2000,8,5,0.625,0.004,45.5,0.0789,0.0281,,rain,2,16.651705368307425,0.004
00e9be89-00001305.jpg,00e9be89-00001310.jpg,orb,2000,2000,11,4,0.3636,0.0055,48.0909,0.0859,0.0323,,rain,2,16.93395794520859,0.0055
00e9be89-00001310.jpg,00e9be89-00001315.jpg,orb,2000,2000,7,4,0.5714,0.0035,48.5714,0.0778,0.0341,,rain,2,14.913408706619787,0.0035
00e9be89-00001315.jpg,00e9be89-00001325.jpg,orb,2000,2000,24,6,0.25,0.012,36.75,0.072,0.0331,,rain,2,13.280114589484633,0.012
00e9be89-00001325.jpg,00e9be89-00001330.jpg,orb,2000,2000,21,9,0.4286,0.0105,37.7143,0.0645,0.0341,,rain,2,12.632089043784076,0.0105
00e9be89-00001330.jpg,00e9be89-00001335.jpg,orb,2000,2000,6,5,0.8333,0.003,40.8333,0.0578,0.0321,,rain,2,14.296827755985309,0.003
00e9be89-00001335.jpg,00e9be89-00001340.jpg,orb,2000,2000,17,6,0.3529,0.0085,42.4118,0.0733,0.0414,,rain,2,18.061330133926266,0.0085
00e9be89-00001340.jpg,00e9be89-00001345.jpg,orb,2000,2000,8,4,0.5,0.004,43.125,0.0719,0.0382,,rain,2,19.18790102396052,0.004
00e9be89-00001345.jpg,00e9be89-00001350.jpg,orb,2000,2000,18,8,0.4444,0.009,44.7222,0.0642,0.0362,,rain,2,18.69179906708664,0.009
00e9be89-00001350.jpg,00e9be89-00001355.jpg,orb,2000,2000,14,5,0.3571,0.007,45.1429,0.0583,0.0359,,rain,2,18.662633843683608,0.007
00e9be89-00001355.jpg,00e9be89-00001360.jpg,orb,2000,2000,18,6,0.3333,0.009,45.0,0.0602,0.0377,,rain,2,18.276149071173982,0.009
00e9be89-00001360.jpg,00e9be89-00001365.jpg,orb,2000,2000,17,6,0.3529,0.0085,45.3529,0.0638,0.0332,,rain,2,17.923137921668648,0.0085
00e9be89-00001365.jpg,00e9be89-00001370.jpg,orb,2000,2000,30,13,0.4333,0.015,42.0667,0.0544,0.0281,,rain,2,18.207251709501463,0.015
00e9be89-00001370.jpg,00e9be89-00001375.jpg,orb,2000,2000,123,66,0.5366,0.0615,38.4146,0.0581,0.0281,,rain,2,18.24354372572695,0.0615
00e9be89-00001375.jpg,00e9be89-00001380.jpg,orb,2000,2000,170,75,0.4412,0.085,36.1294,0.0583,0.0316,,rain,2,18.258382380487657,0.085
00e9be89-00001380.jpg,00e9be89-00001385.jpg,orb,2000,2000,144,67,0.4653,0.072,37.0,0.0542,0.0284,,rain,2,18.243018378980288,0.072
00e9be89-00001385.jpg,00e9be89-00001390.jpg,orb,2000,2000,26,15,0.5769,0.013,38.1154,0.0673,0.0382,,rain,2,18.059098448007543,0.013
00e9be89-00001390.jpg,00e9be89-00001395.jpg,orb,2000,2000,29,12,0.4138,0.0145,39.2069,0.0609,0.0349,,rain,2,17.937096588061856,0.0145
00e9be89-00001395.jpg,00e9be89-00001400.jpg,orb,2000,2000,81,39,0.4815,0.0405,34.7284,0.0577,0.0301,,rain,2,18.112564839199123,0.0405
00e9be89-00001400.jpg,00e9be89-00001405.jpg,orb,2000,2000,76,33,0.4342,0.038,37.3947,0.0583,0.0341,,rain,2,18.0540023502991,0.038
00e9be89-00001405.jpg,00e9be89-00001410.jpg,orb,2000,2000,95,39,0.4105,0.0475,36.5579,0.0587,0.0302,,rain,2,18.03185076148381,0.0475
00e9be89-00001410.jpg,00e9be89-00001415.jpg,orb,2000,2000,149,54,0.3624,0.0745,35.2416,0.0598,0.0301,,rain,2,17.983707792178777,0.0745
00e9be89-00001415.jpg,00e9be89-00001420.jpg,orb,2000,2000,56,25,0.4464,0.028,35.8036,0.0603,0.0377,,rain,2,17.598571517140392,0.028
00e9be89-00001420.jpg,00e9be89-00001425.jpg,orb,2000,2000,71,28,0.3944,0.0355,35.0423,0.0603,0.0281,,rain,2,17.270574936447417,0.0355
00e9be89-00001425.jpg,00e9be89-00001430.jpg,orb,2000,2000,66,24,0.3636,0.033,38.3788,0.0638,0.0341,,rain,2,17.153861726578,0.033
00e9be89-00001430.jpg,00e9be89-00001440.jpg,orb,2000,2000,20,6,0.3,0.01,42.4,0.0547,0.0299,,rain,2,17.521669492530247,0.01
00e9be89-00001440.jpg,00e9be89-00001445.jpg,orb,2000,2000,62,23,0.371,0.031,34.0161,0.0557,0.0341,,rain,2,16.766558053647834,0.031
00e9be89-00001445.jpg,00e9be89-00001450.jpg,orb,2000,2000,27,7,0.2593,0.0135,40.9259,0.0669,0.0339,,rain,2,16.68857735144641,0.0135
00e9be89-00001450.jpg,00e9be89-00001455.jpg,orb,2000,2000,55,34,0.6182,0.0275,38.4909,0.0532,0.0352,,rain,2,17.669776074607938,0.0275
00e9be89-00001455.jpg,00e9be89-00001460.jpg,orb,2000,2000,92,55,0.5978,0.046,38.1848,0.059,0.0263,,rain,2,17.684416895490603,0.046
00e9be89-00001460.jpg,00e9be89-00001465.jpg,orb,2000,2000,157,127,0.8089,0.0785,32.1083,0.0557,0.0302,,rain,2,17.66660923834285,0.0785
00e9be89-00001465.jpg,00e9be89-00001470.jpg,orb,2000,2000,18,5,0.2778,0.009,42.3889,0.0577,0.0341,,rain,2,18.417860306269983,0.009
00e9be89-00001470.jpg,00e9be89-00001475.jpg,orb,2000,2000,49,20,0.4082,0.0245,37.4082,0.0658,0.0332,,rain,2,19.281066202709773,0.0245
00e9be89-00001475.jpg,00e9be89-00001480.jpg,orb,2000,2000,29,11,0.3793,0.0145,38.8966,0.056,0.0281,,rain,2,19.16251353215952,0.0145
00e9be89-00001480.jpg,00e9be89-00001485.jpg,orb,2000,2000,22,11,0.5,0.011,40.7273,0.0603,0.0341,,rain,2,20.40629701992559,0.011
00e9be89-00001485.jpg,00e9be89-00001490.jpg,orb,2000,2000,41,17,0.4146,0.0205,35.878,0.052,0.0261,,rain,2,22.10230973303078,0.0205
00e9be89-00001490.jpg,00e9be89-00001495.jpg,orb,2000,2000,631,621,0.9842,0.3155,20.0586,0.0537,0.0281,,rain,2,22.250948007378447,0.3155
00e9be89-00001495.jpg,00e9be89-00001500.jpg,orb,2000,2000,804,791,0.9838,0.402,16.2923,0.0728,0.0336,,rain,2,22.24646485714087,0.402
00e9be89-00001500.jpg,00e9be89-00001505.jpg,orb,2000,2000,258,203,0.7868,0.129,28.4109,0.0659,0.0343,,rain,2,22.33687978615652,0.129
00e9be89-00001505.jpg,00e9be89-00001510.jpg,orb,2000,2000,53,20,0.3774,0.0265,40.6981,0.0503,0.0397,,rain,2,22.32492524241148,0.0265
00e9be89-00001510.jpg,00e9be89-00001515.jpg,orb,2000,2000,46,20,0.4348,0.023,38.7826,0.0603,0.0331,,rain,2,21.615704165687514,0.023
00e9be89-00001515.jpg,00e9be89-00001520.jpg,orb,2000,2000,15,6,0.4,0.0075,40.4,0.0706,0.0337,,rain,2,20.304178140280285,0.0075
00e9be89-00001520.jpg,00e9be89-00001525.jpg,orb,2000,2000,35,22,0.6286,0.0175,39.3714,0.0744,0.0356,,rain,2,20.094811549615468,0.0175
00e9be89-00001525.jpg,00e9be89-00001535.jpg,orb,2000,2000,15,6,0.4,0.0075,38.8667,0.0683,0.0341,,rain,2,20.154098578775734,0.0075
00e9be89-00001535.jpg,00e9be89-00001540.jpg,orb,2000,2000,11,5,0.4545,0.0055,42.6364,0.068,0.0321,,rain,2,18.493468722819472,0.0055
00e9be89-00001540.jpg,00e9be89-00001545.jpg,orb,2000,2000,20,6,0.3,0.01,42.1,0.0643,0.0321,,rain,2,17.41856733543033,0.01
00e9be89-00001545.jpg,00e9be89-00001550.jpg,orb,2000,2000,185,123,0.6649,0.0925,34.4811,0.0678,0.0361,,rain,2,17.65887591123091,0.0925
00e9be89-00001550.jpg,00e9be89-00001555.jpg,orb,2000,2000,351,338,0.963,0.1755,20.4957,0.0761,0.0507,,rain,2,17.64813237239357,0.1755
00e9be89-00001555.jpg,00e9be89-00001560.jpg,orb,2000,2000,268,263,0.9813,0.134,26.1269,0.0685,0.0417,,rain,2,17.676186111657028,0.134
00e9be89-00001560.jpg,00e9be89-00001565.jpg,orb,2000,2000,462,426,0.9221,0.231,23.3333,0.0623,0.0321,,rain,2,17.761261425962175,0.231
00e9be89-00001565.jpg,00e9be89-00001570.jpg,orb,2000,2000,28,10,0.3571,0.014,39.4286,0.0658,0.0321,,rain,2,18.296809875594214,0.014
00e9be89-00001570.jpg,00e9be89-00001575.jpg,orb,2000,2000,53,22,0.4151,0.0265,40.6981,0.0664,0.0357,,rain,2,18.55421971683963,0.0265
00e9be89-00001575.jpg,00e9be89-00001580.jpg,orb,2000,2000,85,64,0.7529,0.0425,31.6941,0.0718,0.0354,,rain,2,18.216220270455665,0.0425
00e9be89-00001580.jpg,00e9be89-00001585.jpg,orb,2000,2000,43,15,0.3488,0.0215,40.5814,0.0643,0.0316,,rain,2,17.340756030948555,0.0215
00e9be89-00001585.jpg,00e9be89-00001590.jpg,orb,2000,2000,10,5,0.5,0.005,43.4,0.0623,0.0363,,rain,2,16.039283155641574,0.005
00e9be89-00001590.jpg,00e9be89-00001595.jpg,orb,2000,2000,22,3,0.1364,0.011,41.0,0.0645,0.0384,,rain,2,15.38606804050364,0.011
00e9be89-00001595.jpg,00e9be89-00001600.jpg,orb,2000,2000,11,6,0.5455,0.0055,40.4545,0.0745,0.0364,,rain,2,15.787738926724508,0.0055
00e9be89-00001600.jpg,00e9be89-00001605.jpg,orb,2000,2000,88,55,0.625,0.044,38.0341,0.0746,0.0533,,rain,2,16.040934082686487,0.044
00e9be89-00001605.jpg,00e9be89-00001610.jpg,orb,2000,2000,24,9,0.375,0.012,43.3333,0.0734,0.039,,rain,2,16.41339999569858,0.012
00e9be89-00001610.jpg,00e9be89-00001620.jpg,orb,2000,2000,7,4,0.5714,0.0035,41.4286,0.0698,0.0301,,rain,2,16.8794946040963,0.0035
00e9be89-00001620.jpg,00e9be89-00001625.jpg,orb,2000,2000,28,11,0.3929,0.014,41.2143,0.0698,0.0337,,rain,2,17.29807663088853,0.014
00e9be89-00001625.jpg,00e9be89-00001630.jpg,orb,2000,2000,42,15,0.3571,0.021,41.0952,0.0547,0.0296,,rain,2,18.10138656533251,0.021
00e9be89-00001630.jpg,00e9be89-00001635.jpg,orb,2000,2000,13,5,0.3846,0.0065,44.3077,0.0557,0.0301,,rain,2,18.810339350153583,0.0065
00e9be89-00001635.jpg,00e9be89-00001640.jpg,orb,2000,2000,13,1,0.0769,0.0065,46.6923,0.0577,0.0281,,rain,2,16.415930533724623,0.0065
00e9be89-00001640.jpg,00e9be89-00001645.jpg,orb,2000,2000,11,5,0.4545,0.0055,44.2727,0.0522,0.0321,,rain,2,12.202841947262648,0.0055
00e9be89-00001645.jpg,00e9be89-00001650.jpg,orb,2000,2000,20,5,0.25,0.01,37.1,0.0562,0.0276,,rain,2,11.947295515229062,0.01
00e9be89-00001650.jpg,00e9be89-00001655.jpg,orb,2000,2000,17,3,0.1765,0.0085,42.5882,0.0562,0.0276,,rain,2,13.300057015953096,0.0085
00e9be89-00001655.jpg,00e9be89-00001665.jpg,orb,2000,2000,8,4,0.5,0.004,44.625,0.0638,0.0292,,rain,2,16.10885655978801,0.004
00e9be89-00001665.jpg,00e9be89-00001670.jpg,orb,2000,2000,15,4,0.2667,0.0075,44.2667,0.0729,0.0301,,rain,2,18.932982940433543,0.0075
00e9be89-00001670.jpg,00e9be89-00001675.jpg,orb,2000,2000,16,6,0.375,0.008,41.375,0.0616,0.0326,,rain,2,18.2797086599413,0.008
00e9be89-00001675.jpg,00e9be89-00001680.jpg,orb,2000,2000,22,8,0.3636,0.011,42.3182,0.0656,0.0281,,rain,2,17.54262571451325,0.011
00e9be89-00001680.jpg,00e9be89-00001685.jpg,orb,2000,2000,14,5,0.3571,0.007,39.4286,0.0562,0.0281,,rain,2,17.65920277141623,0.007
00e9be89-00001685.jpg,00e9be89-00001690.jpg,orb,2000,2000,11,5,0.4545,0.0055,37.5455,0.0558,0.0281,,rain,2,19.58817758037398,0.0055
00e9be89-00001690.jpg,00e9be89-00001695.jpg,orb,2000,2000,9,4,0.4444,0.0045,39.3333,0.0622,0.0321,,rain,2,22.495795166510568,0.0045
00e9be89-00001695.jpg,00e9be89-00001705.jpg,orb,2000,2000,8,4,0.5,0.004,46.875,0.0517,0.0301,,rain,2,21.556995162890992,0.004
00e9be89-00001705.jpg,00e9be89-00001710.jpg,orb,2000,2000,59,43,0.7288,0.0295,36.4237,0.0583,0.0301,,rain,2,19.648761196132437,0.0295
00e9be89-00001710.jpg,00e9be89-00001715.jpg,orb,2000,2000,35,18,0.5143,0.0175,41.3714,0.0517,0.0281,,rain,2,19.45811338648668,0.0175
00e9be89-00001715.jpg,00e9be89-00001720.jpg,orb,2000,1993,39,29,0.7436,0.0196,38.4872,0.0621,0.0278,,rain,2,19.507563030558178,0.019539078156312624
00e9be89-00001720.jpg,00e9be89-00001725.jpg,orb,1993,2000,81,60,0.7407,0.0406,35.1111,0.0498,0.0322,,rain,2,19.53585902284034,0.0405811623246493
00e9be89-00001725.jpg,00e9be89-00001730.jpg,orb,2000,1994,53,45,0.8491,0.0266,34.1887,0.0633,0.0438,,rain,2,19.605640586004416,0.0265
00e9be89-00001730.jpg,00e9be89-00001740.jpg,orb,1994,2000,25,9,0.36,0.0125,41.92,0.0646,0.0362,,rain,2,19.79149042798521,0.0125
00e9be89-00001740.jpg,00e9be89-00001745.jpg,orb,2000,2000,10,4,0.4,0.005,44.4,0.0726,0.0336,,rain,2,17.618530966457545,0.005
00e9be89-00001745.jpg,00e9be89-00001750.jpg,orb,2000,2000,11,5,0.4545,0.0055,43.7273,0.0743,0.0341,,rain,2,16.96249780038262,0.0055
00e9be89-00001750.jpg,00e9be89-00001755.jpg,orb,2000,2000,30,20,0.6667,0.015,37.8667,0.0603,0.0281,,rain,2,19.280950936500737,0.015
00e9be89-00001755.jpg,00e9be89-00001760.jpg,orb,2000,2000,18,5,0.2778,0.009,43.0556,0.0564,0.0301,,rain,2,20.0292562300922,0.009
00e9be89-00001760.jpg,00e9be89-00001765.jpg,orb,2000,2000,8,5,0.625,0.004,39.125,0.0497,0.0261,,rain,2,18.72098956505396,0.004
00e9be89-00001765.jpg,00e9be89-00001770.jpg,orb,2000,2000,12,6,0.5,0.006,40.1667,0.0577,0.0301,,rain,2,17.287473479561754,0.006
00e9be89-00001770.jpg,00e9be89-00001775.jpg,orb,2000,2000,35,20,0.5714,0.0175,37.7714,0.0594,0.0281,,rain,2,17.376956663942302,0.0175
00e9be89-00001775.jpg,00e9be89-00001780.jpg,orb,2000,2000,19,9,0.4737,0.0095,41.4211,0.0638,0.0281,,rain,2,18.063192602401443,0.0095
00e9be89-00001780.jpg,00e9be89-00001785.jpg,orb,2000,2000,25,5,0.2,0.0125,41.0,0.0645,0.0281,,rain,2,18.353122150541243,0.0125
00e9be89-00001785.jpg,00e9be89-00001795.jpg,orb,2000,2000,15,5,0.3333,0.0075,43.4667,0.0646,0.0337,,rain,2,18.1317049305705,0.0075
00e9be89-00001795.jpg,00e9be89-00001800.jpg,orb,2000,2000,920,905,0.9837,0.46,21.0098,0.0593,0.0334,,rain,2,18.36653380844922,0.46
00e9be89-00001800.jpg,00e9be89-00001810.jpg,orb,2000,2000,107,52,0.486,0.0535,35.9533,0.0542,0.0301,,rain,2,18.54674694993793,0.0535
00e9be89-00001810.jpg,00e9be89-00001815.jpg,orb,2000,2000,108,49,0.4537,0.054,34.5093,0.0623,0.0281,,rain,2,18.484038189243712,0.054
00e9be89-00001815.jpg,00e9be89-00001820.jpg,orb,2000,2000,23,10,0.4348,0.0115,39.6087,0.0522,0.0261,,rain,2,18.637052367410806,0.0115
00e9be89-00001820.jpg,00e9be89-00001825.jpg,orb,2000,2000,27,9,0.3333,0.0135,39.6296,0.0556,0.0281,,rain,2,18.744362821104605,0.0135
00e9be89-00001825.jpg,00e9be89-00001830.jpg,orb,2000,2000,30,9,0.3,0.015,42.4667,0.0658,0.0261,,rain,2,18.518479679003995,0.015
00e9be89-00001830.jpg,00e9be89-00001840.jpg,orb,2000,2000,17,5,0.2941,0.0085,44.9412,0.069,0.0281,,rain,2,17.773575783180583,0.0085
00e9be89-00001840.jpg,00e9be89-00001845.jpg,orb,2000,2000,1257,1247,0.992,0.6285,16.852,0.0542,0.0336,,rain,2,17.291405016271106,0.6285
00e9be89-00001845.jpg,00e9be89-00001865.jpg,orb,2000,2000,1035,1026,0.9913,0.5175,19.3585,0.0597,0.0281,,rain,2,17.21405183261463,0.5175
00e9be89-00001865.jpg,00e9be89-00001870.jpg,orb,2000,2000,1075,1066,0.9916,0.5375,19.9702,0.0582,0.0296,,rain,2,17.24711924601266,0.5375
00e9be89-00001870.jpg,00e9be89-00001875.jpg,orb,2000,2000,1108,1104,0.9964,0.554,15.5253,0.072,0.0382,,rain,2,17.299588394331067,0.554
00e9be89-00001875.jpg,00e9be89-00001885.jpg,orb,2000,2000,1126,1117,0.992,0.563,18.1643,0.0774,0.0325,,rain,2,17.234795263949717,0.563
00e9be89-00001885.jpg,00e9be89-00001890.jpg,orb,2000,2000,1179,1177,0.9983,0.5895,17.9542,0.0623,0.0281,,rain,2,17.1915238843683,0.5895
00e9be89-00001890.jpg,00e9be89-00001895.jpg,orb,2000,2000,1159,1150,0.9922,0.5795,16.1838,0.0677,0.0271,,rain,2,17.250157938785744,0.5795
00e9be89-00001895.jpg,00e9be89-00001900.jpg,orb,2000,2000,1144,1135,0.9921,0.572,17.4484,0.0686,0.0291,,rain,2,17.327241918791618,0.572
00e9be89-00001900.jpg,00e9be89-00001905.jpg,orb,2000,2000,255,147,0.5765,0.1275,31.9412,0.0657,0.0281,,rain,2,17.49221406069516,0.1275
00e9be89-00001905.jpg,00e9be89-00001915.jpg,orb,2000,2000,24,6,0.25,0.012,43.1667,0.0602,0.0296,,rain,2,17.958268473018506,0.012
00e9be89-00000015.jpg,00e9be89-00000100.jpg,orb,2000,2000,5,0,0.0,0.0025,48.4,0.0863,0.0296,C:\Users\amit\Project_digital_image_processing__Amit_Alon\outputs\visualizations\task2\degraded_visualizations\rain\level_3\match_00e9be89-00000015__00e9be89-00000100.png,rain,3,12.618057027971046,0.0025
00e9be89-00000100.jpg,00e9be89-00000105.jpg,orb,2000,2000,1015,1005,0.9901,0.5075,23.2601,0.0819,0.0281,,rain,3,14.362559837422369,0.5075
00e9be89-00000105.jpg,00e9be89-00000110.jpg,orb,2000,2000,1055,1043,0.9886,0.5275,21.1327,0.0783,0.0281,,rain,3,14.34289652695989,0.5275
00e9be89-00000110.jpg,00e9be89-00000115.jpg,orb,2000,2000,1049,1043,0.9943,0.5245,21.8179,0.086,0.0364,,rain,3,14.354619240754197,0.5245
00e9be89-00000115.jpg,00e9be89-00000120.jpg,orb,2000,2000,1229,1222,0.9943,0.6145,18.0545,0.0706,0.0407,,rain,3,14.375634626565429,0.6145
00e9be89-00000120.jpg,00e9be89-00000125.jpg,orb,2000,2000,486,476,0.9794,0.243,31.5761,0.0806,0.0321,,rain,3,13.812125778483184,0.243
00e9be89-00000125.jpg,00e9be89-00000130.jpg,orb,2000,2000,841,833,0.9905,0.4205,23.478,0.0783,0.0282,,rain,3,13.468518538176044,0.4205
00e9be89-00000130.jpg,00e9be89-00000135.jpg,orb,2000,2000,951,940,0.9884,0.4755,22.796,0.0778,0.0301,,rain,3,13.9818514396847,0.4755
00e9be89-00000135.jpg,00e9be89-00000140.jpg,orb,2000,2000,983,970,0.9868,0.4915,22.3815,0.0783,0.0299,,rain,3,14.301946684272608,0.4915
00e9be89-00000140.jpg,00e9be89-00000145.jpg,orb,2000,2000,143,114,0.7972,0.0715,38.2308,0.0819,0.0272,,rain,3,14.31707603367888,0.0715
00e9be89-00000145.jpg,00e9be89-00000150.jpg,orb,2000,2000,11,4,0.3636,0.0055,45.7273,0.0857,0.0275,,rain,3,12.736721166701043,0.0055
00e9be89-00000150.jpg,00e9be89-00000160.jpg,orb,2000,2000,11,4,0.3636,0.0055,43.8182,0.0859,0.0281,,rain,3,11.257336470201516,0.0055
00e9be89-00000160.jpg,00e9be89-00000165.jpg,orb,2000,2000,15,5,0.3333,0.0075,39.2667,0.0761,0.0281,,rain,3,10.827773578568024,0.0075
00e9be89-00000165.jpg,00e9be89-00000175.jpg,orb,2000,2000,6,4,0.6667,0.003,41.5,0.0777,0.0321,,rain,3,11.548169546233854,0.003
00e9be89-00000175.jpg,00e9be89-00000190.jpg,orb,2000,2000,10,4,0.4,0.005,46.1,0.0708,0.0474,,rain,3,12.25241247126263,0.005
00e9be89-00000190.jpg,00e9be89-00001000.jpg,orb,2000,2000,9,4,0.4444,0.0045,45.8889,0.0648,0.0447,,rain,3,13.140937797659143,0.0045
00e9be89-00001000.jpg,00e9be89-00001005.jpg,orb,2000,2000,8,4,0.5,0.004,45.5,0.0502,0.0301,,rain,3,14.992905501583843,0.004
00e9be89-00001005.jpg,00e9be89-00001010.jpg,orb,2000,2000,13,6,0.4615,0.0065,42.0,0.0577,0.0281,,rain,3,15.71336740541516,0.0065
00e9be89-00001010.jpg,00e9be89-00001015.jpg,orb,2000,1995,15,6,0.4,0.0075,42.8667,0.0538,0.0281,,rain,3,16.280754227139617,0.007530120481927711
00e9be89-00001015.jpg,00e9be89-00001020.jpg,orb,1995,2000,19,3,0.1579,0.0095,41.7895,0.0517,0.0301,,rain,3,16.258075423622113,0.009538152610441768
00e9be89-00001020.jpg,00e9be89-00001025.jpg,orb,2000,2000,9,5,0.5556,0.0045,39.8889,0.0533,0.0272,,rain,3,16.042516359077318,0.0045
00e9be89-00001025.jpg,00e9be89-00001030.jpg,orb,2000,2000,23,8,0.3478,0.0115,42.7391,0.0525,0.0281,,rain,3,16.062452460177752,0.0115
00e9be89-00001030.jpg,00e9be89-00001035.jpg,orb,2000,2000,62,44,0.7097,0.031,37.9839,0.0502,0.0276,,rain,3,16.03645430266038,0.031
00e9be89-00001035.jpg,00e9be89-00001040.jpg,orb,2000,2000,57,41,0.7193,0.0285,41.5088,0.0557,0.0281,,rain,3,16.143823792697468,0.0285
00e9be89-00001040.jpg,00e9be89-00001045.jpg,orb,2000,2000,130,68,0.5231,0.065,37.7615,0.0537,0.0297,,rain,3,16.20804663732083,0.065
00e9be89-00001045.jpg,00e9be89-00001050.jpg,orb,2000,2000,34,12,0.3529,0.017,41.0294,0.0542,0.0321,,rain,3,16.16356438767658,0.017
00e9be89-00001050.jpg,00e9be89-00001055.jpg,orb,2000,2000,51,23,0.451,0.0255,40.7059,0.0609,0.0341,,rain,3,16.08099739449277,0.0255
00e9be89-00001055.jpg,00e9be89-00001060.jpg,orb,2000,2000,53,26,0.4906,0.0265,40.7547,0.0565,0.0301,,rain,3,16.1131451302147,0.0265
00e9be89-00001060.jpg,00e9be89-00001065.jpg,orb,2000,2000,36,24,0.6667,0.018,40.6111,0.0522,0.0296,,rain,3,15.972276906597926,0.018
00e9be89-00001065.jpg,00e9be89-00001070.jpg,orb,2000,2000,72,59,0.8194,0.036,37.6389,0.0577,0.0288,,rain,3,15.803427927496044,0.036
00e9be89-00001070.jpg,00e9be89-00001075.jpg,orb,2000,2000,37,19,0.5135,0.0185,42.6757,0.0683,0.0281,,rain,3,15.301362191444658,0.0185
00e9be89-00001075.jpg,00e9be89-00001080.jpg,orb,2000,2000,26,11,0.4231,0.013,42.7308,0.0562,0.0301,,rain,3,15.400962904159694,0.013
00e9be89-00001080.jpg,00e9be89-00001090.jpg,orb,2000,2000,24,18,0.75,0.012,39.2917,0.0549,0.0278,,rain,3,16.52172267518862,0.012
00e9be89-00001090.jpg,00e9be89-00001095.jpg,orb,2000,2000,45,31,0.6889,0.0225,38.0444,0.0631,0.0303,,rain,3,17.04544597162857,0.0225
00e9be89-00001095.jpg,00e9be89-00001100.jpg,orb,2000,2000,30,13,0.4333,0.015,42.2,0.0582,0.0316,,rain,3,17.08820244347981,0.015
00e9be89-00001100.jpg,00e9be89-00001105.jpg,orb,2000,2000,14,5,0.3571,0.007,39.2857,0.0691,0.0291,,rain,3,16.737992185652296,0.007
00e9be89-00001105.jpg,00e9be89-00001115.jpg,orb,2000,2000,15,5,0.3333,0.0075,44.0667,0.0662,0.0362,,rain,3,15.843645643970358,0.0075
00e9be89-00001115.jpg,00e9be89-00001125.jpg,orb,2000,2000,11,4,0.3636,0.0055,45.7273,0.0664,0.0294,,rain,3,15.971741076709906,0.0055
00e9be89-00001125.jpg,00e9be89-00001130.jpg,orb,2000,2000,32,11,0.3438,0.016,44.3125,0.0602,0.0316,,rain,3,16.312931495064415,0.016
00e9be89-00001130.jpg,00e9be89-00001135.jpg,orb,2000,2000,49,34,0.6939,0.0245,37.4082,0.0597,0.0341,,rain,3,16.652515578898864,0.0245
00e9be89-00001135.jpg,00e9be89-00001140.jpg,orb,2000,2000,61,47,0.7705,0.0305,35.5738,0.0541,0.0322,,rain,3,17.257360586648275,0.0305
00e9be89-00001140.jpg,00e9be89-00001150.jpg,orb,2000,2000,33,18,0.5455,0.0165,43.0,0.0557,0.0312,,rain,3,17.465876006120872,0.0165
00e9be89-00001150.jpg,00e9be89-00001155.jpg,orb,2000,2000,53,34,0.6415,0.0265,39.1132,0.0546,0.0261,,rain,3,17.74653666896147,0.0265
00e9be89-00001155.jpg,00e9be89-00001160.jpg,orb,2000,2000,59,34,0.5763,0.0295,41.2712,0.0585,0.0281,,rain,3,17.722769389395552,0.0295
00e9be89-00001160.jpg,00e9be89-00001165.jpg,orb,2000,2000,11,8,0.7273,0.0055,40.9091,0.0541,0.0261,,rain,3,17.782273579710903,0.0055
00e9be89-00001165.jpg,00e9be89-00001170.jpg,orb,2000,2000,23,10,0.4348,0.0115,40.8261,0.0522,0.0301,,rain,3,17.648821037880396,0.0115
00e9be89-00001170.jpg,00e9be89-00001175.jpg,orb,2000,2000,21,11,0.5238,0.0105,40.6667,0.063,0.0291,,rain,3,17.814053234679932,0.0105
00e9be89-00001175.jpg,00e9be89-00001180.jpg,orb,2000,2000,36,20,0.5556,0.018,41.3333,0.0734,0.0372,,rain,3,18.1282740906123,0.018
00e9be89-00001180.jpg,00e9be89-00001185.jpg,orb,2000,2000,28,11,0.3929,0.014,42.2143,0.0634,0.0341,,rain,3,17.844137880192996,0.014
00e9be89-00001185.jpg,00e9be89-00001190.jpg,orb,2000,2000,8,5,0.625,0.004,44.375,0.059,0.0301,,rain,3,17.202255644620507,0.004
00e9be89-00001190.jpg,00e9be89-00001195.jpg,orb,2000,2000,8,5,0.625,0.004,43.0,0.0584,0.0281,,rain,3,14.372713973754784,0.004
00e9be89-00001195.jpg,00e9be89-00001200.jpg,orb,2000,1993,11,4,0.3636,0.0055,46.9091,0.0537,0.0312,,rain,3,15.091367593169355,0.0055359838953195776
00e9be89-00001200.jpg,00e9be89-00001205.jpg,orb,1993,2000,13,5,0.3846,0.0065,41.6154,0.0565,0.0321,,rain,3,18.288554852675595,0.006542526421741319
00e9be89-00001205.jpg,00e9be89-00001210.jpg,orb,2000,2000,11,5,0.4545,0.0055,44.4545,0.0636,0.0385,,rain,3,18.353623010656733,0.005511022044088177
00e9be89-00001210.jpg,00e9be89-00001215.jpg,orb,2000,2000,45,19,0.4222,0.0225,41.6889,0.0606,0.0382,,rain,3,18.02574578248416,0.0225
00e9be89-00001215.jpg,00e9be89-00001220.jpg,orb,2000,2000,7,4,0.5714,0.0035,41.8571,0.0671,0.0321,,rain,3,16.81580525540211,0.0035
00e9be89-00001220.jpg,00e9be89-00001225.jpg,orb,2000,2000,25,6,0.24,0.0125,44.56,0.0664,0.0321,,rain,3,17.045541298335703,0.0125
00e9be89-00001225.jpg,00e9be89-00001230.jpg,orb,2000,2000,8,4,0.5,0.004,45.25,0.062,0.0466,,rain,3,18.120326546281834,0.004
00e9be89-00001230.jpg,00e9be89-00001240.jpg,orb,2000,1851,35,17,0.4857,0.0189,42.6857,0.059,0.0319,,rain,3,17.99796753765076,0.019241341396371632
00e9be89-00001240.jpg,00e9be89-00001245.jpg,orb,1851,2000,22,7,0.3182,0.0119,43.2273,0.0603,0.0301,,rain,3,17.209000270403152,0.012094557449147883
00e9be89-00001245.jpg,00e9be89-00001250.jpg,orb,2000,2000,12,6,0.5,0.006,48.0,0.067,0.0301,,rain,3,17.57296327858228,0.006
00e9be89-00001250.jpg,00e9be89-00001255.jpg,orb,2000,2000,29,12,0.4138,0.0145,40.8966,0.0406,0.0302,,rain,3,18.60978428507015,0.0145
00e9be89-00001255.jpg,00e9be89-00001260.jpg,orb,2000,2000,24,16,0.6667,0.012,36.9583,0.0557,0.0281,,rain,3,18.330811787281668,0.012
00e9be89-00001260.jpg,00e9be89-00001265.jpg,orb,2000,2000,20,12,0.6,0.01,40.7,0.0582,0.0337,,rain,3,16.444490896218518,0.01
00e9be89-00001265.jpg,00e9be89-00001270.jpg,orb,2000,2000,6,4,0.6667,0.003,44.5,0.0597,0.0321,,rain,3,13.59478153354349,0.003
00e9be89-00001270.jpg,00e9be89-00001275.jpg,orb,2000,2000,7,5,0.7143,0.0035,43.5714,0.0718,0.0302,,rain,3,13.372601564926455,0.0035
00e9be89-00001275.jpg,00e9be89-00001280.jpg,orb,2000,2000,7,4,0.5714,0.0035,42.2857,0.0743,0.0276,,rain,3,12.96091798048178,0.0035
00e9be89-00001280.jpg,00e9be89-00001285.jpg,orb,2000,2000,7,4,0.5714,0.0035,45.8571,0.0663,0.0383,,rain,3,10.317841549556585,0.0035
00e9be89-00001285.jpg,00e9be89-00001290.jpg,orb,2000,2000,9,4,0.4444,0.0045,44.8889,0.067,0.0478,,rain,3,11.29922773880858,0.0045
00e9be89-00001290.jpg,00e9be89-00001295.jpg,orb,2000,2000,10,4,0.4,0.005,42.8,0.0662,0.0362,,rain,3,12.570997666686088,0.005
00e9be89-00001295.jpg,00e9be89-00001305.jpg,orb,2000,2000,7,4,0.5714,0.0035,38.8571,0.0698,0.0315,,rain,3,12.24659321694168,0.0035
00e9be89-00001305.jpg,00e9be89-00001310.jpg,orb,2000,2000,14,4,0.2857,0.007,48.7857,0.0879,0.0321,,rain,3,12.450936266996973,0.007
00e9be89-00001310.jpg,00e9be89-00001315.jpg,orb,2000,2000,8,5,0.625,0.004,43.375,0.0738,0.0321,,rain,3,10.47543075746666,0.004
00e9be89-00001315.jpg,00e9be89-00001325.jpg,orb,2000,2000,19,4,0.2105,0.0095,40.1053,0.0603,0.0361,,rain,3,8.99868450426963,0.0095
00e9be89-00001325.jpg,00e9be89-00001330.jpg,orb,2000,2000,16,5,0.3125,0.008,41.75,0.0535,0.0301,,rain,3,8.549051718308938,0.008
00e9be89-00001330.jpg,00e9be89-00001335.jpg,orb,2000,2000,7,4,0.5714,0.0035,41.0,0.0557,0.0301,,rain,3,10.468982094411928,0.0035
00e9be89-00001335.jpg,00e9be89-00001340.jpg,orb,2000,2000,15,9,0.6,0.0075,39.3333,0.0583,0.0281,,rain,3,14.166160323715667,0.0075
00e9be89-00001340.jpg,00e9be89-00001345.jpg,orb,2000,2000,11,4,0.3636,0.0055,41.8182,0.0581,0.0341,,rain,3,15.050200397352649,0.0055
00e9be89-00001345.jpg,00e9be89-00001350.jpg,orb,2000,2000,8,4,0.5,0.004,46.0,0.072,0.0372,,rain,3,14.51583754925618,0.004
00e9be89-00001350.jpg,00e9be89-00001355.jpg,orb,2000,2000,4,4,1.0,0.002,48.75,0.0602,0.0321,,rain,3,14.640832699576412,0.002
00e9be89-00001355.jpg,00e9be89-00001360.jpg,orb,2000,2000,15,6,0.4,0.0075,41.6667,0.0542,0.0321,,rain,3,14.318455628930968,0.0075
00e9be89-00001360.jpg,00e9be89-00001365.jpg,orb,2000,2000,6,4,0.6667,0.003,43.0,0.0517,0.0282,,rain,3,13.961257949244697,0.003
00e9be89-00001365.jpg,00e9be89-00001370.jpg,orb,2000,2000,31,16,0.5161,0.0155,41.3871,0.0542,0.0301,,rain,3,14.336191679075473,0.0155
00e9be89-00001370.jpg,00e9be89-00001375.jpg,orb,2000,2000,109,53,0.4862,0.0545,37.7798,0.0537,0.0281,,rain,3,14.318940393147509,0.0545
00e9be89-00001375.jpg,00e9be89-00001380.jpg,orb,2000,2000,144,77,0.5347,0.072,38.6528,0.0638,0.0342,,rain,3,14.343331030823103,0.072
00e9be89-00001380.jpg,00e9be89-00001385.jpg,orb,2000,2000,102,49,0.4804,0.051,39.8725,0.0618,0.0341,,rain,3,14.430050103833036,0.051
00e9be89-00001385.jpg,00e9be89-00001390.jpg,orb,2000,2000,36,20,0.5556,0.018,39.5,0.0556,0.0281,,rain,3,14.119409888854562,0.018
00e9be89-00001390.jpg,00e9be89-00001395.jpg,orb,2000,2000,44,25,0.5682,0.022,38.3182,0.0628,0.0379,,rain,3,13.91943048914484,0.022
00e9be89-00001395.jpg,00e9be89-00001400.jpg,orb,2000,2000,64,30,0.4688,0.032,36.8125,0.0406,0.0364,,rain,3,14.174852946192209,0.032
00e9be89-00001400.jpg,00e9be89-00001405.jpg,orb,2000,2000,76,39,0.5132,0.038,34.1316,0.0634,0.0408,,rain,3,14.186081547495256,0.038
00e9be89-00001405.jpg,00e9be89-00001410.jpg,orb,2000,2000,88,37,0.4205,0.044,35.0909,0.0638,0.0343,,rain,3,14.199412513447117,0.044
00e9be89-00001410.jpg,00e9be89-00001415.jpg,orb,2000,2000,121,37,0.3058,0.0605,36.1983,0.0537,0.0281,,rain,3,14.149625280471048,0.0605
00e9be89-00001415.jpg,00e9be89-00001420.jpg,orb,2000,2000,52,21,0.4038,0.026,35.4423,0.0557,0.0301,,rain,3,13.740259177355949,0.026
00e9be89-00001420.jpg,00e9be89-00001425.jpg,orb,2000,2000,40,15,0.375,0.02,34.875,0.0624,0.0301,,rain,3,13.356808175999277,0.02
00e9be89-00001425.jpg,00e9be89-00001430.jpg,orb,2000,2000,48,19,0.3958,0.024,36.2917,0.0638,0.0261,,rain,3,13.186957520423988,0.024
00e9be89-00001430.jpg,00e9be89-00001440.jpg,orb,2000,2000,20,9,0.45,0.01,42.45,0.0598,0.0301,,rain,3,13.602152377143833,0.01
00e9be89-00001440.jpg,00e9be89-00001445.jpg,orb,2000,2000,60,30,0.5,0.03,35.4667,0.0542,0.0301,,rain,3,13.094010176679266,0.03
00e9be89-00001445.jpg,00e9be89-00001450.jpg,orb,2000,2000,33,13,0.3939,0.0165,39.9697,0.0623,0.0281,,rain,3,12.627206187866188,0.0165
00e9be89-00001450.jpg,00e9be89-00001455.jpg,orb,2000,2000,54,38,0.7037,0.027,38.4259,0.0603,0.0321,,rain,3,13.165074834731634,0.027
00e9be89-00001455.jpg,00e9be89-00001460.jpg,orb,2000,2000,75,43,0.5733,0.0375,39.5867,0.0502,0.0281,,rain,3,13.378177450700834,0.0375
00e9be89-00001460.jpg,00e9be89-00001465.jpg,orb,2000,2000,127,111,0.874,0.0635,33.9055,0.0609,0.0347,,rain,3,13.409570174909522,0.0635
00e9be89-00001465.jpg,00e9be89-00001470.jpg,orb,2000,2000,13,5,0.3846,0.0065,38.2308,0.0633,0.0343,,rain,3,14.215872052002528,0.0065
00e9be89-00001470.jpg,00e9be89-00001475.jpg,orb,2000,2000,38,16,0.4211,0.019,37.8947,0.0542,0.0276,,rain,3,15.105687744500612,0.019
00e9be89-00001475.jpg,00e9be89-00001480.jpg,orb,2000,2000,38,12,0.3158,0.019,38.5,0.0709,0.0281,,rain,3,14.898861156861017,0.019
00e9be89-00001480.jpg,00e9be89-00001485.jpg,orb,2000,2000,23,10,0.4348,0.0115,39.4783,0.057,0.0301,,rain,3,16.032988560671313,0.0115
00e9be89-00001485.jpg,00e9be89-00001490.jpg,orb,2000,2000,28,12,0.4286,0.014,34.5357,0.0582,0.0337,,rain,3,17.663015470019907,0.014
00e9be89-00001490.jpg,00e9be89-00001495.jpg,orb,2000,2000,604,590,0.9768,0.302,19.9702,0.0482,0.0299,,rain,3,17.801546452762608,0.302
00e9be89-00001495.jpg,00e9be89-00001500.jpg,orb,2000,2000,810,795,0.9815,0.405,16.3198,0.0542,0.0302,,rain,3,17.802147657010828,0.405
00e9be89-00001500.jpg,00e9be89-00001505.jpg,orb,2000,2000,267,210,0.7865,0.1335,31.7566,0.0563,0.0336,,rain,3,17.87827115654116,0.1335
00e9be89-00001505.jpg,00e9be89-00001510.jpg,orb,2000,2000,23,7,0.3043,0.0115,41.6087,0.0537,0.0281,,rain,3,17.81331894166663,0.0115
00e9be89-00001510.jpg,00e9be89-00001515.jpg,orb,2000,2000,35,19,0.5429,0.0175,38.6857,0.0502,0.0301,,rain,3,17.126098967403237,0.0175
00e9be89-00001515.jpg,00e9be89-00001520.jpg,orb,2000,2000,15,6,0.4,0.0075,44.4667,0.0644,0.0321,,rain,3,15.842110685697657,0.0075
00e9be89-00001520.jpg,00e9be89-00001525.jpg,orb,2000,2000,40,18,0.45,0.02,38.85,0.0635,0.0301,,rain,3,15.61953782087815,0.02
00e9be89-00001525.jpg,00e9be89-00001535.jpg,orb,2000,2000,15,6,0.4,0.0075,38.1333,0.0623,0.0281,,rain,3,15.731220319466034,0.0075
00e9be89-00001535.jpg,00e9be89-00001540.jpg,orb,2000,2000,11,4,0.3636,0.0055,44.7273,0.0557,0.0281,,rain,3,14.151778392406303,0.0055
00e9be89-00001540.jpg,00e9be89-00001545.jpg,orb,2000,2000,22,8,0.3636,0.011,40.4545,0.0557,0.0261,,rain,3,13.072392710759534,0.011
00e9be89-00001545.jpg,00e9be89-00001550.jpg,orb,2000,2000,138,88,0.6377,0.069,35.1449,0.0658,0.0312,,rain,3,13.266841850823411,0.069
00e9be89-00001550.jpg,00e9be89-00001555.jpg,orb,2000,2000,345,338,0.9797,0.1725,19.5217,0.0658,0.0321,,rain,3,13.26608786639913,0.1725
00e9be89-00001555.jpg,00e9be89-00001560.jpg,orb,2000,2000,238,224,0.9412,0.119,27.2983,0.0623,0.0301,,rain,3,13.286409868448136,0.119
00e9be89-00001560.jpg,00e9be89-00001565.jpg,orb,2000,2000,428,386,0.9019,0.214,24.2407,0.0603,0.0284,,rain,3,13.354905392528064,0.214
00e9be89-00001565.jpg,00e9be89-00001570.jpg,orb,2000,2000,29,12,0.4138,0.0145,38.8966,0.0537,0.0297,,rain,3,13.824934490971255,0.0145
00e9be89-00001570.jpg,00e9be89-00001575.jpg,orb,2000,2000,41,20,0.4878,0.0205,39.9512,0.0565,0.0301,,rain,3,14.111680843132945,0.0205
00e9be89-00001575.jpg,00e9be89-00001580.jpg,orb,2000,2000,83,58,0.6988,0.0415,33.2771,0.0682,0.0341,,rain,3,13.868981081792787,0.0415
00e9be89-00001580.jpg,00e9be89-00001585.jpg,orb,2000,2000,41,15,0.3659,0.0205,38.6829,0.0693,0.0326,,rain,3,13.086021694769332,0.0205
00e9be89-00001585.jpg,00e9be89-00001590.jpg,orb,2000,2000,26,6,0.2308,0.013,44.8846,0.0592,0.0296,,rain,3,11.79773381672199,0.013
00e9be89-00001590.jpg,00e9be89-00001595.jpg,orb,2000,2000,18,6,0.3333,0.009,41.4444,0.0537,0.0281,,rain,3,11.034974584806523,0.009
00e9be89-00001595.jpg,00e9be89-00001600.jpg,orb,2000,2000,14,6,0.4286,0.007,43.8571,0.0557,0.0281,,rain,3,11.496176821713302,0.007
00e9be89-00001600.jpg,00e9be89-00001605.jpg,orb,2000,2000,72,42,0.5833,0.036,37.6111,0.0582,0.0296,,rain,3,11.885122259506712,0.036
00e9be89-00001605.jpg,00e9be89-00001610.jpg,orb,2000,2000,26,11,0.4231,0.013,43.9231,0.0577,0.0281,,rain,3,12.36047137795769,0.013
00e9be89-00001610.jpg,00e9be89-00001620.jpg,orb,2000,2000,7,4,0.5714,0.0035,49.0,0.0603,0.0281,,rain,3,12.821895186371991,0.0035
00e9be89-00001620.jpg,00e9be89-00001625.jpg,orb,2000,2000,23,10,0.4348,0.0115,39.2609,0.0658,0.0281,,rain,3,13.26470698160722,0.0115
00e9be89-00001625.jpg,00e9be89-00001630.jpg,orb,2000,2000,43,15,0.3488,0.0215,41.2093,0.0663,0.0282,,rain,3,14.12906664320129,0.0215
00e9be89-00001630.jpg,00e9be89-00001635.jpg,orb,2000,2000,20,7,0.35,0.01,45.9,0.0726,0.0341,,rain,3,14.530475878933633,0.01
00e9be89-00001635.jpg,00e9be89-00001640.jpg,orb,2000,2000,15,3,0.2,0.0075,47.0,0.0649,0.0321,,rain,3,12.002635227296846,0.0075
00e9be89-00001640.jpg,00e9be89-00001645.jpg,orb,2000,2000,10,5,0.5,0.005,36.5,0.0582,0.0276,,rain,3,8.097736367120092,0.005
00e9be89-00001645.jpg,00e9be89-00001650.jpg,orb,2000,2000,18,3,0.1667,0.009,38.1667,0.0646,0.0261,,rain,3,7.95548029753504,0.009
00e9be89-00001650.jpg,00e9be89-00001655.jpg,orb,2000,2000,15,5,0.3333,0.0075,42.1333,0.0505,0.0276,,rain,3,9.18283288949234,0.0075
00e9be89-00001655.jpg,00e9be89-00001665.jpg,orb,2000,2000,6,4,0.6667,0.003,47.1667,0.0597,0.0281,,rain,3,11.938105288008964,0.003
00e9be89-00001665.jpg,00e9be89-00001670.jpg,orb,2000,2000,12,7,0.5833,0.006,46.5,0.0582,0.0281,,rain,3,14.682721874335588,0.006
00e9be89-00001670.jpg,00e9be89-00001675.jpg,orb,2000,2000,22,9,0.4091,0.011,41.6818,0.0618,0.0281,,rain,3,14.013470540834875,0.011
00e9be89-00001675.jpg,00e9be89-00001680.jpg,orb,2000,2000,15,5,0.3333,0.0075,41.5333,0.0602,0.0296,,rain,3,13.322512878900886,0.0075
00e9be89-00001680.jpg,00e9be89-00001685.jpg,orb,2000,2000,15,5,0.3333,0.0075,41.5333,0.0639,0.0301,,rain,3,13.553378360226494,0.0075
00e9be89-00001685.jpg,00e9be89-00001690.jpg,orb,2000,2000,9,4,0.4444,0.0045,43.2222,0.0744,0.0307,,rain,3,15.459737896438073,0.0045
00e9be89-00001690.jpg,00e9be89-00001695.jpg,orb,2000,2000,8,4,0.5,0.004,42.125,0.0774,0.0424,,rain,3,17.925060564589224,0.004
00e9be89-00001695.jpg,00e9be89-00001705.jpg,orb,2000,2000,9,2,0.2222,0.0045,41.8889,0.0691,0.0381,,rain,3,16.94462485482431,0.0045
00e9be89-00001705.jpg,00e9be89-00001710.jpg,orb,2000,2000,43,32,0.7442,0.0215,39.4419,0.0502,0.0276,,rain,3,15.278394328012158,0.0215
00e9be89-00001710.jpg,00e9be89-00001715.jpg,orb,2000,2000,28,16,0.5714,0.014,39.2857,0.0502,0.0281,,rain,3,15.107099047603151,0.014
00e9be89-00001715.jpg,00e9be89-00001720.jpg,orb,2000,2000,36,18,0.5,0.018,39.6667,0.0542,0.0362,,rain,3,15.187056591334368,0.018036072144288578
00e9be89-00001720.jpg,00e9be89-00001725.jpg,orb,2000,2000,38,29,0.7632,0.019,35.2895,0.0613,0.0356,,rain,3,15.219519151327566,0.01903807615230461
00e9be89-00001725.jpg,00e9be89-00001730.jpg,orb,2000,2000,38,31,0.8158,0.019,35.7368,0.0543,0.0281,,rain,3,15.245723914238855,0.019
00e9be89-00001730.jpg,00e9be89-00001740.jpg,orb,2000,2000,17,6,0.3529,0.0085,42.1765,0.0563,0.0301,,rain,3,15.407134238763422,0.0085
00e9be89-00001740.jpg,00e9be89-00001745.jpg,orb,2000,2000,5,0,0.0,0.0025,43.4,0.0683,0.0261,,rain,3,13.478747290630366,0.0025
00e9be89-00001745.jpg,00e9be89-00001750.jpg,orb,2000,2000,9,4,0.4444,0.0045,46.4444,0.0648,0.0281,,rain,3,12.901731768114995,0.0045
00e9be89-00001750.jpg,00e9be89-00001755.jpg,orb,2000,2000,18,9,0.5,0.009,40.0556,0.0542,0.0296,,rain,3,15.049314300212004,0.009
00e9be89-00001755.jpg,00e9be89-00001760.jpg,orb,2000,2000,11,4,0.3636,0.0055,45.8182,0.0692,0.0407,,rain,3,15.7928513368703,0.0055
00e9be89-00001760.jpg,00e9be89-00001765.jpg,orb,2000,2000,5,0,0.0,0.0025,45.4,0.0715,0.0385,,rain,3,14.619842098511343,0.0025
00e9be89-00001765.jpg,00e9be89-00001770.jpg,orb,2000,2000,7,5,0.7143,0.0035,43.0,0.0708,0.0321,,rain,3,13.370296123585714,0.0035
00e9be89-00001770.jpg,00e9be89-00001775.jpg,orb,2000,2000,33,21,0.6364,0.0165,41.7879,0.0678,0.0322,,rain,3,13.48921297222032,0.0165
00e9be89-00001775.jpg,00e9be89-00001780.jpg,orb,2000,2000,15,5,0.3333,0.0075,40.9333,0.0683,0.0338,,rain,3,14.263360688406134,0.0075
00e9be89-00001780.jpg,00e9be89-00001785.jpg,orb,2000,2000,25,6,0.24,0.0125,43.56,0.0645,0.0357,,rain,3,14.573737310347152,0.0125
00e9be89-00001785.jpg,00e9be89-00001795.jpg,orb,2000,2000,16,7,0.4375,0.008,39.75,0.0623,0.0281,,rain,3,14.091503433527064,0.008
00e9be89-00001795.jpg,00e9be89-00001800.jpg,orb,2000,2000,943,934,0.9905,0.4715,22.7444,0.0502,0.0276,,rain,3,14.370685835708972,0.4715
00e9be89-00001800.jpg,00e9be89-00001810.jpg,orb,2000,2000,113,47,0.4159,0.0565,38.9469,0.0537,0.0361,,rain,3,14.767631563263247,0.0565
00e9be89-00001810.jpg,00e9be89-00001815.jpg,orb,2000,2000,92,43,0.4674,0.046,35.2283,0.0818,0.0283,,rain,3,14.69096209298264,0.046
00e9be89-00001815.jpg,00e9be89-00001820.jpg,orb,2000,2000,21,9,0.4286,0.0105,40.6667,0.0542,0.0301,,rain,3,14.843538233923782,0.0105
00e9be89-00001820.jpg,00e9be89-00001825.jpg,orb,2000,2000,25,10,0.4,0.0125,40.36,0.0659,0.0315,,rain,3,14.875878110265637,0.0125
00e9be89-00001825.jpg,00e9be89-00001830.jpg,orb,2000,2000,23,8,0.3478,0.0115,41.3913,0.0623,0.0276,,rain,3,14.59822317098148,0.0115
00e9be89-00001830.jpg,00e9be89-00001840.jpg,orb,2000,2000,8,4,0.5,0.004,48.625,0.0625,0.0281,,rain,3,13.92822380176314,0.004
00e9be89-00001840.jpg,00e9be89-00001845.jpg,orb,2000,2000,1203,1196,0.9942,0.6015,16.8105,0.0725,0.0261,,rain,3,13.488632137275989,0.6015
00e9be89-00001845.jpg,00e9be89-00001865.jpg,orb,2000,2000,1006,997,0.9911,0.503,19.2654,0.0594,0.0279,,rain,3,13.411562443551016,0.503
00e9be89-00001865.jpg,00e9be89-00001870.jpg,orb,2000,2000,1092,1084,0.9927,0.546,19.6996,0.0602,0.0281,,rain,3,13.462607591134404,0.546
00e9be89-00001870.jpg,00e9be89-00001875.jpg,orb,2000,2000,1116,1107,0.9919,0.558,16.2536,0.0582,0.0296,,rain,3,13.516319345244364,0.558
00e9be89-00001875.jpg,00e9be89-00001885.jpg,orb,2000,2000,1080,1075,0.9954,0.54,17.8028,0.0643,0.0321,,rain,3,13.427043278286966,0.54
00e9be89-00001885.jpg,00e9be89-00001890.jpg,orb,2000,2000,1151,1146,0.9957,0.5755,17.3145,0.0698,0.0278,,rain,3,13.37987046577933,0.5755
00e9be89-00001890.jpg,00e9be89-00001895.jpg,orb,2000,2000,1133,1129,0.9965,0.5665,16.6523,0.0678,0.0301,,rain,3,13.442745278011005,0.5665
00e9be89-00001895.jpg,00e9be89-00001900.jpg,orb,2000,2000,1157,1149,0.9931,0.5785,17.7839,0.0678,0.0321,,rain,3,13.52154872512312,0.5785
00e9be89-00001900.jpg,00e9be89-00001905.jpg,orb,2000,2000,202,139,0.6881,0.101,32.5297,0.0707,0.0361,,rain,3,13.664710672807926,0.101
00e9be89-00001905.jpg,00e9be89-00001915.jpg,orb,2000,2000,15,5,0.3333,0.0075,41.0,0.0665,0.0341,,rain,3,14.101126428465674,0.0075
00e9be89-00000015.jpg,00e9be89-00000100.jpg,orb,2000,2000,6,4,0.6667,0.003,50.5,0.0843,0.0294,C:\Users\amit\Project_digital_image_processing__Amit_Alon\outputs\visualizations\task2\degraded_visualizations\rain\level_4\match_00e9be89-00000015__00e9be89-00000100.png,rain,4,10.276681205053734,0.003
00e9be89-00000100.jpg,00e9be89-00000105.jpg,orb,2000,2000,984,977,0.9929,0.492,23.1565,0.0763,0.0308,,rain,4,11.918479568984448,0.492
00e9be89-00000105.jpg,00e9be89-00000110.jpg,orb,2000,2000,1005,997,0.992,0.5025,21.0279,0.0789,0.0303,,rain,4,11.899743696714904,0.5025
00e9be89-00000110.jpg,00e9be89-00000115.jpg,orb,2000,2000,1026,1022,0.9961,0.513,21.7563,0.0738,0.0301,,rain,4,11.910162129153797,0.513
00e9be89-00000115.jpg,00e9be89-00000120.jpg,orb,2000,2000,1202,1196,0.995,0.601,18.0175,0.0838,0.0281,,rain,4,11.92896638346192,0.601
00e9be89-00000120.jpg,00e9be89-00000125.jpg,orb,2000,2000,422,400,0.9479,0.211,33.4336,0.0803,0.0296,,rain,4,11.369260502853937,0.211
00e9be89-00000125.jpg,00e9be89-00000130.jpg,orb,2000,2000,871,853,0.9793,0.4355,23.9805,0.0823,0.0301,,rain,4,11.025345999778498,0.4355
00e9be89-00000130.jpg,00e9be89-00000135.jpg,orb,2000,2000,996,987,0.991,0.498,22.6285,0.0899,0.0362,,rain,4,11.53468305119018,0.498
00e9be89-00000135.jpg,00e9be89-00000140.jpg,orb,2000,2000,1021,1005,0.9843,0.5105,22.6709,0.0899,0.0331,,rain,4,11.855803670571238,0.5105
00e9be89-00000140.jpg,00e9be89-00000145.jpg,orb,2000,2000,130,111,0.8538,0.065,37.7769,0.0763,0.0298,,rain,4,11.8797876679869,0.065
00e9be89-00000145.jpg,00e9be89-00000150.jpg,orb,2000,2000,12,6,0.5,0.006,45.25,0.0844,0.0286,,rain,4,10.30256315630528,0.006
00e9be89-00000150.jpg,00e9be89-00000160.jpg,orb,2000,2000,6,4,0.6667,0.003,46.3333,0.0827,0.0301,,rain,4,8.838291304632033,0.003
00e9be89-00000160.jpg,00e9be89-00000165.jpg,orb,2000,2000,9,4,0.4444,0.0045,40.6667,0.0705,0.0281,,rain,4,8.441023151443598,0.0045
00e9be89-00000165.jpg,00e9be89-00000175.jpg,orb,2000,2000,6,4,0.6667,0.003,46.5,0.0706,0.0301,,rain,4,9.1731878187925,0.003
00e9be89-00000175.jpg,00e9be89-00000190.jpg,orb,2000,2000,7,4,0.5714,0.0035,45.0,0.0768,0.031,,rain,4,9.855826641255517,0.0035
00e9be89-00000190.jpg,00e9be89-00001000.jpg,orb,2000,2000,9,6,0.6667,0.0045,47.3333,0.0486,0.0302,,rain,4,10.71649488100655,0.0045
00e9be89-00001000.jpg,00e9be89-00001005.jpg,orb,2000,2000,12,4,0.3333,0.006,45.1667,0.0497,0.0281,,rain,4,12.5383674372839,0.006
00e9be89-00001005.jpg,00e9be89-00001010.jpg,orb,2000,2000,16,5,0.3125,0.008,44.4375,0.0582,0.0398,,rain,4,13.246699283562714,0.008
00e9be89-00001010.jpg,00e9be89-00001015.jpg,orb,2000,1983,10,5,0.5,0.005,42.0,0.0689,0.0404,,rain,4,13.79713714408322,0.0050200803212851405
00e9be89-00001015.jpg,00e9be89-00001020.jpg,orb,1983,2000,26,10,0.3846,0.0131,39.8846,0.0565,0.0316,,rain,4,13.769941429965575,0.013052208835341365
00e9be89-00001020.jpg,00e9be89-00001025.jpg,orb,2000,2000,15,7,0.4667,0.0075,41.8667,0.0583,0.0266,,rain,4,13.578890907053136,0.0075
00e9be89-00001025.jpg,00e9be89-00001030.jpg,orb,2000,2000,14,6,0.4286,0.007,41.6429,0.0481,0.0261,,rain,4,13.600946241677796,0.007
00e9be89-00001030.jpg,00e9be89-00001035.jpg,orb,2000,2000,49,31,0.6327,0.0245,38.6939,0.0582,0.0297,,rain,4,13.581995953628098,0.0245
00e9be89-00001035.jpg,00e9be89-00001040.jpg,orb,2000,2000,62,43,0.6935,0.031,38.3387,0.0537,0.0301,,rain,4,13.69054513795411,0.031
00e9be89-00001040.jpg,00e9be89-00001045.jpg,orb,2000,2000,114,59,0.5175,0.057,36.2105,0.0549,0.0301,,rain,4,13.750556405112071,0.057
00e9be89-00001045.jpg,00e9be89-00001050.jpg,orb,2000,2000,43,13,0.3023,0.0215,40.9535,0.0562,0.0301,,rain,4,13.71282885465926,0.0215
00e9be89-00001050.jpg,00e9be89-00001055.jpg,orb,2000,2000,43,12,0.2791,0.0215,42.6047,0.0583,0.0281,,rain,4,13.639306950089033,0.0215
00e9be89-00001055.jpg,00e9be89-00001060.jpg,orb,2000,2000,61,33,0.541,0.0305,40.918,0.0608,0.031,,rain,4,13.672811831906593,0.0305
00e9be89-00001060.jpg,00e9be89-00001065.jpg,orb,2000,2000,30,27,0.9,0.015,38.6,0.0598,0.0321,,rain,4,13.548670268564486,0.015
00e9be89-00001065.jpg,00e9be89-00001070.jpg,orb,2000,2000,78,58,0.7436,0.039,37.7821,0.0825,0.0457,,rain,4,13.390012276091678,0.039
00e9be89-00001070.jpg,00e9be89-00001075.jpg,orb,2000,2000,33,17,0.5152,0.0165,40.2727,0.0684,0.0324,,rain,4,12.858834386998003,0.0165
00e9be89-00001075.jpg,00e9be89-00001080.jpg,orb,2000,2000,28,14,0.5,0.014,38.4286,0.0602,0.0356,,rain,4,12.95701208573129,0.014
00e9be89-00001080.jpg,00e9be89-00001090.jpg,orb,2000,2000,14,11,0.7857,0.007,40.3571,0.0517,0.0312,,rain,4,14.082359138909265,0.007
00e9be89-00001090.jpg,00e9be89-00001095.jpg,orb,2000,2000,28,21,0.75,0.014,38.0,0.0583,0.0337,,rain,4,14.574972149465662,0.014
00e9be89-00001095.jpg,00e9be89-00001100.jpg,orb,2000,2000,27,15,0.5556,0.0135,44.4074,0.0623,0.0301,,rain,4,14.574020529716632,0.0135
00e9be89-00001100.jpg,00e9be89-00001105.jpg,orb,2000,2000,16,0,0.0,0.008,46.125,0.0557,0.0292,,rain,4,14.190013721275871,0.008
00e9be89-00001105.jpg,00e9be89-00001115.jpg,orb,2000,2000,15,6,0.4,0.0075,45.4667,0.0562,0.0301,,rain,4,13.22653309061793,0.0075
00e9be89-00001115.jpg,00e9be89-00001125.jpg,orb,2000,2000,9,4,0.4444,0.0045,45.4444,0.0588,0.0278,,rain,4,13.368328851318063,0.0045
00e9be89-00001125.jpg,00e9be89-00001130.jpg,orb,2000,2000,26,18,0.6923,0.013,38.3462,0.0643,0.0276,,rain,4,13.764865930473686,0.013
00e9be89-00001130.jpg,00e9be89-00001135.jpg,orb,2000,2000,39,27,0.6923,0.0195,38.1026,0.0623,0.0301,,rain,4,14.104653591797613,0.0195
00e9be89-00001135.jpg,00e9be89-00001140.jpg,orb,2000,2000,57,43,0.7544,0.0285,35.9474,0.0606,0.0301,,rain,4,14.732811920289148,0.0285
00e9be89-00001140.jpg,00e9be89-00001150.jpg,orb,2000,2000,30,17,0.5667,0.015,38.0,0.0626,0.0346,,rain,4,14.937547447942444,0.015
00e9be89-00001150.jpg,00e9be89-00001155.jpg,orb,2000,2000,48,32,0.6667,0.024,36.625,0.0522,0.0382,,rain,4,15.21390590129458,0.024
00e9be89-00001155.jpg,00e9be89-00001160.jpg,orb,2000,2000,40,25,0.625,0.02,39.175,0.0618,0.0321,,rain,4,15.200446297539552,0.02
00e9be89-00001160.jpg,00e9be89-00001165.jpg,orb,2000,2000,16,5,0.3125,0.008,44.0,0.0566,0.0301,,rain,4,15.259066793792556,0.008
00e9be89-00001165.jpg,00e9be89-00001170.jpg,orb,2000,2000,19,7,0.3684,0.0095,39.5789,0.0517,0.0335,,rain,4,15.122835874558325,0.0095
00e9be89-00001170.jpg,00e9be89-00001175.jpg,orb,2000,2000,24,9,0.375,0.012,40.125,0.0594,0.0302,,rain,4,15.274560411311551,0.012
00e9be89-00001175.jpg,00e9be89-00001180.jpg,orb,2000,2000,47,35,0.7447,0.0235,39.3617,0.0382,0.0281,,rain,4,15.574547612515168,0.0235
00e9be89-00001180.jpg,00e9be89-00001185.jpg,orb,2000,2000,18,9,0.5,0.009,43.7778,0.0618,0.0301,,rain,4,15.292871058199689,0.009
00e9be89-00001185.jpg,00e9be89-00001190.jpg,orb,2000,2000,8,5,0.625,0.004,45.0,0.0678,0.0321,,rain,4,14.641120985511442,0.004
00e9be89-00001190.jpg,00e9be89-00001195.jpg,orb,2000,2000,5,0,0.0,0.0025,43.2,0.0658,0.0321,,rain,4,11.82876174737756,0.0025
00e9be89-00001195.jpg,00e9be89-00001200.jpg,orb,2000,2000,14,5,0.3571,0.007,47.9286,0.0654,0.0321,,rain,4,12.551180521197526,0.007045797684952189
00e9be89-00001200.jpg,00e9be89-00001205.jpg,orb,2000,1987,12,5,0.4167,0.006,42.5,0.0514,0.0321,,rain,4,15.698416260760007,0.006039255158530448
00e9be89-00001205.jpg,00e9be89-00001210.jpg,orb,1987,2000,19,5,0.2632,0.0096,44.0526,0.0463,0.0316,,rain,4,15.73144193331125,0.009519038076152305
00e9be89-00001210.jpg,00e9be89-00001215.jpg,orb,2000,2000,25,12,0.48,0.0125,40.96,0.0502,0.0278,,rain,4,15.389633571436113,0.0125
00e9be89-00001215.jpg,00e9be89-00001220.jpg,orb,2000,2000,13,6,0.4615,0.0065,46.6154,0.0557,0.0341,,rain,4,14.230854775989748,0.0065
00e9be89-00001220.jpg,00e9be89-00001225.jpg,orb,2000,2000,13,4,0.3077,0.0065,47.9231,0.0598,0.0301,,rain,4,14.433731480959484,0.0065
00e9be89-00001225.jpg,00e9be89-00001230.jpg,orb,2000,2000,12,5,0.4167,0.006,41.75,0.0638,0.0284,,rain,4,15.442915627699676,0.006
00e9be89-00001230.jpg,00e9be89-00001240.jpg,orb,2000,1866,18,13,0.7222,0.0096,39.6667,0.0537,0.0361,,rain,4,15.36819753262053,0.009895547003848268
00e9be89-00001240.jpg,00e9be89-00001245.jpg,orb,1866,2000,26,17,0.6538,0.0139,43.1923,0.0578,0.0261,,rain,4,14.661325119482797,0.014293567894447499
00e9be89-00001245.jpg,00e9be89-00001250.jpg,orb,2000,2000,13,5,0.3846,0.0065,47.0769,0.0565,0.0281,,rain,4,15.017750005469454,0.0065
00e9be89-00001250.jpg,00e9be89-00001255.jpg,orb,2000,2000,21,11,0.5238,0.0105,40.7619,0.0583,0.0315,,rain,4,15.973110902193064,0.0105
00e9be89-00001255.jpg,00e9be89-00001260.jpg,orb,2000,2000,28,15,0.5357,0.014,43.25,0.0538,0.0336,,rain,4,15.705585862668308,0.014
00e9be89-00001260.jpg,00e9be89-00001265.jpg,orb,2000,2000,16,10,0.625,0.008,41.5625,0.0646,0.0321,,rain,4,13.87457643646518,0.008
00e9be89-00001265.jpg,00e9be89-00001270.jpg,orb,2000,2000,7,4,0.5714,0.0035,43.2857,0.0638,0.0312,,rain,4,11.087805714656277,0.0035
00e9be89-00001270.jpg,00e9be89-00001275.jpg,orb,2000,2000,10,4,0.4,0.005,44.0,0.0678,0.0301,,rain,4,10.91319965513339,0.005
00e9be89-00001275.jpg,00e9be89-00001280.jpg,orb,2000,2000,13,5,0.3846,0.0065,47.0769,0.0745,0.0301,,rain,4,10.48183279448084,0.0065
00e9be89-00001280.jpg,00e9be89-00001285.jpg,orb,2000,2000,13,5,0.3846,0.0065,38.8462,0.0658,0.0301,,rain,4,7.834672438347203,0.0065
00e9be89-00001285.jpg,00e9be89-00001290.jpg,orb,2000,2000,9,5,0.5556,0.0045,41.5556,0.0603,0.0301,,rain,4,8.865145662290946,0.0045
00e9be89-00001290.jpg,00e9be89-00001295.jpg,orb,2000,2000,16,4,0.25,0.008,45.375,0.0603,0.0336,,rain,4,10.081558674708988,0.008
00e9be89-00001295.jpg,00e9be89-00001305.jpg,orb,2000,2000,4,4,1.0,0.002,47.0,0.0726,0.0281,,rain,4,9.695004606570752,0.002
00e9be89-00001305.jpg,00e9be89-00001310.jpg,orb,2000,2000,11,4,0.3636,0.0055,48.2727,0.0523,0.0341,,rain,4,9.877190905417422,0.0055
00e9be89-00001310.jpg,00e9be89-00001315.jpg,orb,2000,2000,10,4,0.4,0.005,51.5,0.0642,0.0281,,rain,4,7.905852387127163,0.005
00e9be89-00001315.jpg,00e9be89-00001325.jpg,orb,2000,2000,14,5,0.3571,0.007,41.5,0.0685,0.0361,,rain,4,6.475275582450794,0.007
00e9be89-00001325.jpg,00e9be89-00001330.jpg,orb,2000,2000,22,5,0.2273,0.011,37.3182,0.0689,0.0321,,rain,4,6.110954577016023,0.011
00e9be89-00001330.jpg,00e9be89-00001335.jpg,orb,2000,2000,13,4,0.3077,0.0065,43.0769,0.0497,0.0361,,rain,4,8.19277681890881,0.0065
00e9be89-00001335.jpg,00e9be89-00001340.jpg,orb,2000,2000,10,4,0.4,0.005,42.7,0.0517,0.0302,,rain,4,11.859807283152485,0.005
00e9be89-00001340.jpg,00e9be89-00001345.jpg,orb,2000,2000,12,4,0.3333,0.006,45.8333,0.0642,0.0296,,rain,4,12.584248481656829,0.006
00e9be89-00001345.jpg,00e9be89-00001350.jpg,orb,2000,2000,19,7,0.3684,0.0095,46.2105,0.0623,0.0276,,rain,4,12.040678586981684,0.0095
00e9be89-00001350.jpg,00e9be89-00001355.jpg,orb,2000,2000,9,6,0.6667,0.0045,41.0,0.0545,0.0295,,rain,4,12.235460196973673,0.0045
00e9be89-00001355.jpg,00e9be89-00001360.jpg,orb,2000,2000,21,8,0.381,0.0105,42.619,0.0618,0.0301,,rain,4,11.935780542220344,0.0105
00e9be89-00001360.jpg,00e9be89-00001365.jpg,orb,2000,2000,10,4,0.4,0.005,50.4,0.0663,0.0404,,rain,4,11.595843784689094,0.005
00e9be89-00001365.jpg,00e9be89-00001370.jpg,orb,2000,2000,27,11,0.4074,0.0135,41.8519,0.0581,0.0313,,rain,4,12.02441726681699,0.0135
00e9be89-00001370.jpg,00e9be89-00001375.jpg,orb,2000,2000,78,36,0.4615,0.039,39.0897,0.0715,0.039,,rain,4,12.00037199557604,0.039
00e9be89-00001375.jpg,00e9be89-00001380.jpg,orb,2000,2000,119,54,0.4538,0.0595,38.4538,0.0598,0.0413,,rain,4,12.023934483220952,0.0595
00e9be89-00001380.jpg,00e9be89-00001385.jpg,orb,2000,2000,105,56,0.5333,0.0525,37.5905,0.0576,0.0291,,rain,4,12.134997411575789,0.0525
00e9be89-00001385.jpg,00e9be89-00001390.jpg,orb,2000,2000,22,13,0.5909,0.011,38.8636,0.0643,0.0296,,rain,4,11.763838446225902,0.011
00e9be89-00001390.jpg,00e9be89-00001395.jpg,orb,2000,2000,29,14,0.4828,0.0145,38.6552,0.0586,0.0321,,rain,4,11.526163130296084,0.0145
00e9be89-00001395.jpg,00e9be89-00001400.jpg,orb,2000,2000,68,34,0.5,0.034,36.9265,0.0628,0.0272,,rain,4,11.819955762096924,0.034
00e9be89-00001400.jpg,00e9be89-00001405.jpg,orb,2000,2000,60,25,0.4167,0.03,35.4667,0.0463,0.0259,,rain,4,11.866602860058745,0.03
00e9be89-00001405.jpg,00e9be89-00001410.jpg,orb,2000,2000,75,36,0.48,0.0375,36.9333,0.0537,0.0281,,rain,4,11.91718417320432,0.0375
00e9be89-00001410.jpg,00e9be89-00001415.jpg,orb,2000,2000,112,36,0.3214,0.056,35.375,0.0542,0.0297,,rain,4,11.873163000632749,0.056
00e9be89-00001415.jpg,00e9be89-00001420.jpg,orb,2000,2000,63,23,0.3651,0.0315,35.9683,0.0542,0.0336,,rain,4,11.445490517170452,0.0315
00e9be89-00001420.jpg,00e9be89-00001425.jpg,orb,2000,2000,52,23,0.4423,0.026,35.25,0.0542,0.0281,,rain,4,11.04020504601791,0.026
00e9be89-00001425.jpg,00e9be89-00001430.jpg,orb,2000,2000,58,18,0.3103,0.029,37.8448,0.0706,0.0324,,rain,4,10.852416415957444,0.029
00e9be89-00001430.jpg,00e9be89-00001440.jpg,orb,2000,2000,22,8,0.3636,0.011,39.7727,0.0671,0.0382,,rain,4,11.259658027098936,0.011
00e9be89-00001440.jpg,00e9be89-00001445.jpg,orb,2000,2000,46,21,0.4565,0.023,36.5652,0.0663,0.0325,,rain,4,10.820952174788072,0.023
00e9be89-00001445.jpg,00e9be89-00001450.jpg,orb,2000,2000,23,10,0.4348,0.0115,40.0435,0.0683,0.0282,,rain,4,10.203827866853109,0.0115
00e9be89-00001450.jpg,00e9be89-00001455.jpg,orb,2000,2000,46,35,0.7609,0.023,37.4783,0.0705,0.0337,,rain,4,10.58747581665389,0.023
00e9be89-00001455.jpg,00e9be89-00001460.jpg,orb,2000,2000,71,50,0.7042,0.0355,38.5775,0.0609,0.0367,,rain,4,10.898509682354977,0.0355
00e9be89-00001460.jpg,00e9be89-00001465.jpg,orb,2000,2000,124,105,0.8468,0.062,33.1613,0.0567,0.0301,,rain,4,10.951076628967751,0.062
00e9be89-00001465.jpg,00e9be89-00001470.jpg,orb,2000,2000,18,9,0.5,0.009,40.7222,0.0554,0.0341,,rain,4,11.771659622187432,0.009
00e9be89-00001470.jpg,00e9be89-00001475.jpg,orb,2000,2000,38,16,0.4211,0.019,35.0789,0.0542,0.0301,,rain,4,12.663902840022145,0.019
00e9be89-00001475.jpg,00e9be89-00001480.jpg,orb,2000,2000,17,7,0.4118,0.0085,35.8235,0.0621,0.0301,,rain,4,12.416979569693662,0.0085
00e9be89-00001480.jpg,00e9be89-00001485.jpg,orb,2000,2000,34,15,0.4412,0.017,41.9118,0.0686,0.0383,,rain,4,13.520067907738635,0.017
00e9be89-00001485.jpg,00e9be89-00001490.jpg,orb,2000,2000,24,12,0.5,0.012,39.625,0.0625,0.0443,,rain,4,15.134478571014045,0.012
00e9be89-00001490.jpg,00e9be89-00001495.jpg,orb,2000,2000,618,607,0.9822,0.309,19.9466,0.0571,0.0301,,rain,4,15.268997054088842,0.309
00e9be89-00001495.jpg,00e9be89-00001500.jpg,orb,2000,2000,773,764,0.9884,0.3865,15.7167,0.0537,0.0321,,rain,4,15.27030096709376,0.3865
00e9be89-00001500.jpg,00e9be89-00001505.jpg,orb,2000,2000,228,181,0.7939,0.114,31.6667,0.0517,0.0301,,rain,4,15.33489190042572,0.114
00e9be89-00001505.jpg,00e9be89-00001510.jpg,orb,2000,2000,30,12,0.4,0.015,39.9,0.0598,0.0342,,rain,4,15.242864339423996,0.015
00e9be89-00001510.jpg,00e9be89-00001515.jpg,orb,2000,2000,38,19,0.5,0.019,38.9211,0.0578,0.0402,,rain,4,14.526339253732786,0.019
00e9be89-00001515.jpg,00e9be89-00001520.jpg,orb,2000,2000,12,6,0.5,0.006,43.5,0.0542,0.0281,,rain,4,13.252077004196831,0.006
00e9be89-00001520.jpg,00e9be89-00001525.jpg,orb,2000,2000,43,24,0.5581,0.0215,37.5349,0.064,0.0281,,rain,4,13.054280783668734,0.0215
00e9be89-00001525.jpg,00e9be89-00001535.jpg,orb,2000,2000,13,6,0.4615,0.0065,42.6154,0.0559,0.0301,,rain,4,13.176054790513987,0.0065
00e9be89-00001535.jpg,00e9be89-00001540.jpg,orb,2000,2000,9,4,0.4444,0.0045,43.3333,0.0562,0.0296,,rain,4,11.587024634303576,0.0045
00e9be89-00001540.jpg,00e9be89-00001545.jpg,orb,2000,2000,14,6,0.4286,0.007,44.7857,0.0675,0.0442,,rain,4,10.51057222036426,0.007
00e9be89-00001545.jpg,00e9be89-00001550.jpg,orb,2000,2000,129,85,0.6589,0.0645,36.7364,0.0656,0.0353,,rain,4,10.72038391054602,0.0645
00e9be89-00001550.jpg,00e9be89-00001555.jpg,orb,2000,2000,345,340,0.9855,0.1725,20.6783,0.0638,0.0341,,rain,4,10.723656430876872,0.1725
00e9be89-00001555.jpg,00e9be89-00001560.jpg,orb,2000,2000,217,201,0.9263,0.1085,27.9816,0.0644,0.0301,,rain,4,10.743733083646646,0.1085
00e9be89-00001560.jpg,00e9be89-00001565.jpg,orb,2000,2000,414,386,0.9324,0.207,23.3937,0.0649,0.0341,,rain,4,10.80713336176442,0.207
00e9be89-00001565.jpg,00e9be89-00001570.jpg,orb,2000,2000,36,20,0.5556,0.018,39.25,0.0543,0.0321,,rain,4,11.251966685262058,0.018
00e9be89-00001570.jpg,00e9be89-00001575.jpg,orb,2000,2000,46,18,0.3913,0.023,37.9783,0.0562,0.0316,,rain,4,11.54131593979958,0.023
00e9be89-00001575.jpg,00e9be89-00001580.jpg,orb,2000,2000,83,48,0.5783,0.0415,31.7229,0.0561,0.0301,,rain,4,11.322840014613284,0.0415
00e9be89-00001580.jpg,00e9be89-00001585.jpg,orb,2000,2000,52,18,0.3462,0.026,37.9808,0.0683,0.0292,,rain,4,10.571389442160438,0.026
00e9be89-00001585.jpg,00e9be89-00001590.jpg,orb,2000,2000,12,6,0.5,0.006,36.5833,0.0643,0.0316,,rain,4,9.298496537877726,0.006
00e9be89-00001590.jpg,00e9be89-00001595.jpg,orb,2000,2000,19,7,0.3684,0.0095,39.7895,0.0537,0.0281,,rain,4,8.507882477534409,0.0095
00e9be89-00001595.jpg,00e9be89-00001600.jpg,orb,2000,2000,18,7,0.3889,0.009,43.1667,0.0674,0.0321,,rain,4,8.999261984670074,0.009
00e9be89-00001600.jpg,00e9be89-00001605.jpg,orb,2000,2000,93,49,0.5269,0.0465,38.8495,0.0668,0.0353,,rain,4,9.443248926200328,0.0465
00e9be89-00001605.jpg,00e9be89-00001610.jpg,orb,2000,2000,21,6,0.2857,0.0105,44.2381,0.0557,0.0301,,rain,4,9.97680755322946,0.0105
00e9be89-00001610.jpg,00e9be89-00001620.jpg,orb,2000,2000,7,5,0.7143,0.0035,48.4286,0.0558,0.0281,,rain,4,10.429315903812622,0.0035
00e9be89-00001620.jpg,00e9be89-00001625.jpg,orb,2000,2000,25,14,0.56,0.0125,40.56,0.0618,0.0281,,rain,4,10.880036514805454,0.0125
00e9be89-00001625.jpg,00e9be89-00001630.jpg,orb,2000,2000,35,12,0.3429,0.0175,43.8,0.0723,0.0292,,rain,4,11.794680899541516,0.0175
00e9be89-00001630.jpg,00e9be89-00001635.jpg,orb,2000,2000,18,2,0.1111,0.009,44.8889,0.0603,0.0281,,rain,4,12.041709906450478,0.009
00e9be89-00001635.jpg,00e9be89-00001640.jpg,orb,2000,2000,14,2,0.1429,0.007,46.8571,0.0565,0.0283,,rain,4,9.43273270086664,0.007
00e9be89-00001640.jpg,00e9be89-00001645.jpg,orb,2000,2000,9,5,0.5556,0.0045,46.6667,0.0605,0.0341,,rain,4,5.653006513703395,0.0045
00e9be89-00001645.jpg,00e9be89-00001650.jpg,orb,2000,2000,12,5,0.4167,0.006,41.0,0.0557,0.0321,,rain,4,5.548719821263698,0.006
00e9be89-00001650.jpg,00e9be89-00001655.jpg,orb,2000,2000,11,4,0.3636,0.0055,43.9091,0.0688,0.0382,,rain,4,6.721338463274801,0.0055
00e9be89-00001655.jpg,00e9be89-00001665.jpg,orb,2000,2000,9,4,0.4444,0.0045,41.0,0.072,0.0341,,rain,4,9.469416544976635,0.0045
00e9be89-00001665.jpg,00e9be89-00001670.jpg,orb,2000,2000,14,6,0.4286,0.007,44.7143,0.0678,0.0284,,rain,4,12.19628078066457,0.007
00e9be89-00001670.jpg,00e9be89-00001675.jpg,orb,2000,2000,20,6,0.3,0.01,40.55,0.0663,0.0301,,rain,4,11.521387945763584,0.01
00e9be89-00001675.jpg,00e9be89-00001680.jpg,orb,2000,2000,24,13,0.5417,0.012,38.375,0.0683,0.0341,,rain,4,10.858861116400638,0.012
00e9be89-00001680.jpg,00e9be89-00001685.jpg,orb,2000,2000,17,5,0.2941,0.0085,40.1765,0.0639,0.0281,,rain,4,11.136510649058646,0.0085
00e9be89-00001685.jpg,00e9be89-00001690.jpg,orb,2000,2000,8,5,0.625,0.004,39.125,0.0708,0.0267,,rain,4,13.017192590259633,0.004
00e9be89-00001690.jpg,00e9be89-00001695.jpg,orb,2000,2000,18,6,0.3333,0.009,42.1667,0.0643,0.0301,,rain,4,15.367104715007931,0.009
00e9be89-00001695.jpg,00e9be89-00001705.jpg,orb,2000,2000,15,5,0.3333,0.0075,40.2,0.0583,0.0284,,rain,4,14.408156711168562,0.0075
00e9be89-00001705.jpg,00e9be89-00001710.jpg,orb,2000,2000,57,37,0.6491,0.0285,38.3333,0.0522,0.0301,,rain,4,12.794617990834537,0.0285
00e9be89-00001710.jpg,00e9be89-00001715.jpg,orb,2000,2000,33,13,0.3939,0.0165,39.4848,0.0522,0.0341,,rain,4,12.6057764566651,0.0165
00e9be89-00001715.jpg,00e9be89-00001720.jpg,orb,2000,1986,28,14,0.5,0.0141,39.8929,0.0589,0.0362,,rain,4,12.690988263298514,0.014028056112224449
00e9be89-00001720.jpg,00e9be89-00001725.jpg,orb,1986,2000,45,31,0.6889,0.0227,37.5111,0.0593,0.0367,,rain,4,12.735031791709556,0.022545090180360723
00e9be89-00001725.jpg,00e9be89-00001730.jpg,orb,2000,2000,44,39,0.8864,0.022,33.9091,0.0583,0.0321,,rain,4,12.737792342569854,0.022
00e9be89-00001730.jpg,00e9be89-00001740.jpg,orb,2000,2000,16,0,0.0,0.008,39.5625,0.0505,0.0281,,rain,4,12.877778104064715,0.008
00e9be89-00001740.jpg,00e9be89-00001745.jpg,orb,2000,2000,6,0,0.0,0.003,45.8333,0.0703,0.0324,,rain,4,11.020253793124384,0.003
00e9be89-00001745.jpg,00e9be89-00001750.jpg,orb,2000,2000,3,0,0.0,0.0015,49.3333,0.0481,0.0344,,rain,4,10.466557075188732,0.0015
00e9be89-00001750.jpg,00e9be89-00001755.jpg,orb,2000,2000,22,10,0.4545,0.011,42.5,0.0542,0.0301,,rain,4,12.568241852043972,0.011
00e9be89-00001755.jpg,00e9be89-00001760.jpg,orb,2000,2000,17,8,0.4706,0.0085,43.7647,0.0562,0.0276,,rain,4,13.324125065554568,0.0085
00e9be89-00001760.jpg,00e9be89-00001765.jpg,orb,2000,2000,8,4,0.5,0.004,46.5,0.0638,0.0301,,rain,4,12.23099714202863,0.004
00e9be89-00001765.jpg,00e9be89-00001770.jpg,orb,2000,2000,18,6,0.3333,0.009,42.7778,0.0698,0.0304,,rain,4,11.077332359546194,0.009
00e9be89-00001770.jpg,00e9be89-00001775.jpg,orb,2000,2000,21,13,0.619,0.0105,40.8571,0.0583,0.0301,,rain,4,11.210922649897649,0.0105
00e9be89-00001775.jpg,00e9be89-00001780.jpg,orb,2000,2000,12,4,0.3333,0.006,45.3333,0.0755,0.0381,,rain,4,12.029683993664824,0.006
00e9be89-00001780.jpg,00e9be89-00001785.jpg,orb,2000,2000,19,7,0.3684,0.0095,44.2632,0.0563,0.0322,,rain,4,12.358297028623204,0.0095
00e9be89-00001785.jpg,00e9be89-00001795.jpg,orb,2000,2000,8,5,0.625,0.004,48.125,0.0522,0.0302,,rain,4,11.768177101032338,0.004
00e9be89-00001795.jpg,00e9be89-00001800.jpg,orb,2000,2000,875,867,0.9909,0.4375,22.72,0.0517,0.0301,,rain,4,12.067408782389991,0.4375
00e9be89-00001800.jpg,00e9be89-00001810.jpg,orb,2000,2000,112,42,0.375,0.056,38.0714,0.0537,0.0301,,rain,4,12.553897168646516,0.056
00e9be89-00001810.jpg,00e9be89-00001815.jpg,orb,2000,2000,83,35,0.4217,0.0415,35.9398,0.0583,0.0276,,rain,4,12.4683951732476,0.0415
00e9be89-00001815.jpg,00e9be89-00001820.jpg,orb,2000,2000,18,6,0.3333,0.009,43.0556,0.0623,0.0301,,rain,4,12.609815866274314,0.009
00e9be89-00001820.jpg,00e9be89-00001825.jpg,orb,2000,2000,31,13,0.4194,0.0155,42.5484,0.0604,0.0341,,rain,4,12.606861648357578,0.0155
00e9be89-00001825.jpg,00e9be89-00001830.jpg,orb,2000,2000,27,10,0.3704,0.0135,42.7778,0.0603,0.0296,,rain,4,12.290844693378729,0.0135
00e9be89-00001830.jpg,00e9be89-00001840.jpg,orb,2000,2000,14,6,0.4286,0.007,45.8571,0.0602,0.0296,,rain,4,11.6320219129509,0.007
00e9be89-00001840.jpg,00e9be89-00001845.jpg,orb,2000,2000,1214,1206,0.9934,0.607,17.0651,0.0697,0.0282,,rain,4,11.213419335901346,0.607
00e9be89-00001845.jpg,00e9be89-00001865.jpg,orb,2000,2000,996,989,0.993,0.498,18.4719,0.0723,0.0316,,rain,4,11.137729053402056,0.498
00e9be89-00001865.jpg,00e9be89-00001870.jpg,orb,2000,2000,1080,1068,0.9889,0.54,20.0287,0.0696,0.0367,,rain,4,11.200455234868633,0.54
00e9be89-00001870.jpg,00e9be89-00001875.jpg,orb,2000,2000,1142,1132,0.9912,0.571,16.0525,0.0701,0.0281,,rain,4,11.25330710594329,0.571
00e9be89-00001875.jpg,00e9be89-00001885.jpg,orb,2000,2000,1119,1111,0.9929,0.5595,18.1948,0.0478,0.0352,,rain,4,11.15015138493785,0.5595
00e9be89-00001885.jpg,00e9be89-00001890.jpg,orb,2000,2000,1175,1168,0.994,0.5875,17.7983,0.0617,0.0301,,rain,4,11.102293939908469,0.5875
00e9be89-00001890.jpg,00e9be89-00001895.jpg,orb,2000,2000,1185,1177,0.9932,0.5925,16.7561,0.0663,0.0296,,rain,4,11.1655507125804,0.5925
00e9be89-00001895.jpg,00e9be89-00001900.jpg,orb,2000,2000,1173,1162,0.9906,0.5865,18.1654,0.0667,0.0301,,rain,4,11.243860192756916,0.5865
00e9be89-00001900.jpg,00e9be89-00001905.jpg,orb,2000,2000,204,116,0.5686,0.102,32.2696,0.0686,0.0316,,rain,4,11.379473876589191,0.102
00e9be89-00001905.jpg,00e9be89-00001915.jpg,orb,2000,2000,23,5,0.2174,0.0115,42.4348,0.0639,0.0281,,rain,4,11.78378701118536,0.0115
00e9be89-00000015.jpg,00e9be89-00000100.jpg,orb,2000,2000,7,4,0.5714,0.0035,46.0,0.0821,0.0281,C:\Users\amit\Project_digital_image_processing__Amit_Alon\outputs\visualizations\task2\degraded_visualizations\rain\level_5\match_00e9be89-00000015__00e9be89-00000100.png,rain,5,8.588158586942413,0.0035
00e9be89-00000100.jpg,00e9be89-00000105.jpg,orb,2000,2000,967,957,0.9897,0.4835,23.1582,0.0832,0.0323,,rain,5,10.18219240184587,0.4835
00e9be89-00000105.jpg,00e9be89-00000110.jpg,orb,2000,2000,965,946,0.9803,0.4825,21.6611,0.0811,0.0302,,rain,5,10.163499288798803,0.4825
00e9be89-00000110.jpg,00e9be89-00000115.jpg,orb,2000,2000,1031,1015,0.9845,0.5155,21.9922,0.0738,0.0341,,rain,5,10.174255204241412,0.5155
00e9be89-00000115.jpg,00e9be89-00000120.jpg,orb,2000,2000,1214,1208,0.9951,0.607,18.897,0.0723,0.0296,,rain,5,10.19365721980526,0.607
00e9be89-00000120.jpg,00e9be89-00000125.jpg,orb,2000,2000,402,390,0.9701,0.201,33.1194,0.0745,0.0341,,rain,5,9.622829828532955,0.201
00e9be89-00000125.jpg,00e9be89-00000130.jpg,orb,2000,2000,850,841,0.9894,0.425,23.6647,0.0738,0.0281,,rain,5,9.27507856573978,0.425
00e9be89-00000130.jpg,00e9be89-00000135.jpg,orb,2000,2000,930,921,0.9903,0.465,22.886,0.0758,0.0296,,rain,5,9.7963983048225,0.465
00e9be89-00000135.jpg,00e9be89-00000140.jpg,orb,2000,2000,969,957,0.9876,0.4845,23.0341,0.0783,0.0297,,rain,5,10.120745368941456,0.4845
00e9be89-00000140.jpg,00e9be89-00000145.jpg,orb,2000,2000,110,83,0.7545,0.055,38.6364,0.0818,0.0356,,rain,5,10.154275663498828,0.055
00e9be89-00000145.jpg,00e9be89-00000150.jpg,orb,2000,2000,13,2,0.1538,0.0065,46.0,0.0864,0.0382,,rain,5,8.560848323039913,0.0065
00e9be89-00000150.jpg,00e9be89-00000160.jpg,orb,2000,2000,10,4,0.4,0.005,46.9,0.0917,0.0325,,rain,5,7.100111185715589,0.005
00e9be89-00000160.jpg,00e9be89-00000165.jpg,orb,2000,2000,11,5,0.4545,0.0055,40.4545,0.0759,0.0323,,rain,5,6.725974312622117,0.0055
00e9be89-00000165.jpg,00e9be89-00000175.jpg,orb,2000,2000,9,4,0.4444,0.0045,44.7778,0.0638,0.0301,,rain,5,7.45734931873255,0.0045
00e9be89-00000175.jpg,00e9be89-00000190.jpg,orb,2000,2000,7,4,0.5714,0.0035,45.0,0.0675,0.0291,,rain,5,8.129918358385206,0.0035
00e9be89-00000190.jpg,00e9be89-00001000.jpg,orb,2000,2000,14,0,0.0,0.007,48.2857,0.0598,0.0321,,rain,5,8.979191597837637,0.007
00e9be89-00001000.jpg,00e9be89-00001005.jpg,orb,2000,2000,10,4,0.4,0.005,42.9,0.0603,0.0278,,rain,5,10.85136263028824,0.005
00e9be89-00001005.jpg,00e9be89-00001010.jpg,orb,2000,2000,11,4,0.3636,0.0055,44.0909,0.0562,0.0256,,rain,5,11.593342676062214,0.0055
00e9be89-00001010.jpg,00e9be89-00001015.jpg,orb,2000,1989,10,4,0.4,0.005,44.1,0.0537,0.0301,,rain,5,12.12369900366279,0.0050200803212851405
00e9be89-00001015.jpg,00e9be89-00001020.jpg,orb,1989,2000,19,6,0.3158,0.0096,40.2632,0.0552,0.0291,,rain,5,12.08908491872759,0.009538152610441768
00e9be89-00001020.jpg,00e9be89-00001025.jpg,orb,2000,2000,10,5,0.5,0.005,38.8,0.0563,0.0402,,rain,5,11.892397659906514,0.005
00e9be89-00001025.jpg,00e9be89-00001030.jpg,orb,2000,2000,32,17,0.5312,0.016,41.4688,0.0499,0.0321,,rain,5,11.900672235583809,0.016
00e9be89-00001030.jpg,00e9be89-00001035.jpg,orb,2000,2000,37,24,0.6486,0.0185,40.0541,0.0587,0.0342,,rain,5,11.872864406023108,0.0185
00e9be89-00001035.jpg,00e9be89-00001040.jpg,orb,2000,2000,47,33,0.7021,0.0235,39.5319,0.0557,0.0394,,rain,5,11.978469622490168,0.0235
00e9be89-00001040.jpg,00e9be89-00001045.jpg,orb,2000,2000,120,68,0.5667,0.06,36.025,0.0557,0.0321,,rain,5,12.036833764203454,0.06
00e9be89-00001045.jpg,00e9be89-00001050.jpg,orb,2000,2000,35,13,0.3714,0.0175,39.2286,0.0583,0.0317,,rain,5,12.004168019860863,0.0175
00e9be89-00001050.jpg,00e9be89-00001055.jpg,orb,2000,2000,32,14,0.4375,0.016,40.8438,0.0564,0.0317,,rain,5,11.932915252185865,0.016
00e9be89-00001055.jpg,00e9be89-00001060.jpg,orb,2000,2000,40,20,0.5,0.02,43.4,0.0542,0.0343,,rain,5,11.960980281325412,0.02
00e9be89-00001060.jpg,00e9be89-00001065.jpg,orb,2000,2000,28,19,0.6786,0.014,40.6071,0.0598,0.0301,,rain,5,11.814234156159433,0.014
00e9be89-00001065.jpg,00e9be89-00001070.jpg,orb,2000,2000,74,58,0.7838,0.037,38.3243,0.0681,0.0301,,rain,5,11.62863134671048,0.037
00e9be89-00001070.jpg,00e9be89-00001075.jpg,orb,2000,2000,27,12,0.4444,0.0135,42.5556,0.0582,0.0322,,rain,5,11.104424763827833,0.0135
00e9be89-00001075.jpg,00e9be89-00001080.jpg,orb,2000,2000,17,7,0.4118,0.0085,45.0,0.0582,0.0281,,rain,5,11.212721469964295,0.0085
00e9be89-00001080.jpg,00e9be89-00001090.jpg,orb,2000,2000,15,10,0.6667,0.0075,38.4667,0.0603,0.0322,,rain,5,12.34536959837734,0.0075
00e9be89-00001090.jpg,00e9be89-00001095.jpg,orb,2000,2000,35,22,0.6286,0.0175,39.2857,0.0638,0.0392,,rain,5,12.83960439696624,0.0175
00e9be89-00001095.jpg,00e9be89-00001100.jpg,orb,2000,2000,39,17,0.4359,0.0195,43.4615,0.0658,0.0321,,rain,5,12.815987048456254,0.0195
00e9be89-00001100.jpg,00e9be89-00001105.jpg,orb,2000,2000,18,5,0.2778,0.009,44.3333,0.0688,0.0281,,rain,5,12.417163183985146,0.009
00e9be89-00001105.jpg,00e9be89-00001115.jpg,orb,2000,2000,20,10,0.5,0.01,43.25,0.0598,0.0321,,rain,5,11.455405257409389,0.01
00e9be89-00001115.jpg,00e9be89-00001125.jpg,orb,2000,2000,11,3,0.2727,0.0055,49.2727,0.0689,0.0341,,rain,5,11.602807214325315,0.0055
00e9be89-00001125.jpg,00e9be89-00001130.jpg,orb,2000,2000,15,5,0.3333,0.0075,44.2,0.0756,0.0278,,rain,5,11.990072135847909,0.0075
00e9be89-00001130.jpg,00e9be89-00001135.jpg,orb,2000,2000,37,27,0.7297,0.0185,35.9189,0.0719,0.0281,,rain,5,12.354083547589989,0.0185
00e9be89-00001135.jpg,00e9be89-00001140.jpg,orb,2000,2000,44,32,0.7273,0.022,35.9318,0.0678,0.0281,,rain,5,13.004596471468073,0.022
00e9be89-00001140.jpg,00e9be89-00001150.jpg,orb,2000,2000,32,15,0.4688,0.016,41.5,0.0659,0.0341,,rain,5,13.208949747055168,0.016
00e9be89-00001150.jpg,00e9be89-00001155.jpg,orb,2000,2000,41,27,0.6585,0.0205,37.8293,0.0623,0.0321,,rain,5,13.499268337063825,0.0205
00e9be89-00001155.jpg,00e9be89-00001160.jpg,orb,2000,2000,50,33,0.66,0.025,39.0,0.0645,0.0377,,rain,5,13.4867000645739,0.025
00e9be89-00001160.jpg,00e9be89-00001165.jpg,orb,2000,2000,18,8,0.4444,0.009,42.3889,0.0689,0.0291,,rain,5,13.54889457471291,0.009
00e9be89-00001165.jpg,00e9be89-00001170.jpg,orb,2000,2000,27,15,0.5556,0.0135,41.5185,0.0634,0.0347,,rain,5,13.413039274881276,0.0135
00e9be89-00001170.jpg,00e9be89-00001175.jpg,orb,2000,2000,20,10,0.5,0.01,42.8,0.0663,0.0321,,rain,5,13.554544844092185,0.01
00e9be89-00001175.jpg,00e9be89-00001180.jpg,orb,2000,2000,32,16,0.5,0.016,42.0,0.0537,0.0281,,rain,5,13.841306457731442,0.016
00e9be89-00001180.jpg,00e9be89-00001185.jpg,orb,2000,2000,17,7,0.4118,0.0085,44.7059,0.0522,0.0348,,rain,5,13.538430538521697,0.0085
00e9be89-00001185.jpg,00e9be89-00001190.jpg,orb,2000,2000,10,4,0.4,0.005,47.7,0.0542,0.0322,,rain,5,12.864850939991964,0.005
00e9be89-00001190.jpg,00e9be89-00001195.jpg,orb,2000,2000,4,4,1.0,0.002,51.5,0.0577,0.0281,,rain,5,10.030863205618772,0.002
00e9be89-00001195.jpg,00e9be89-00001200.jpg,orb,2000,2000,15,6,0.4,0.0075,42.0,0.0542,0.0276,,rain,5,10.790496604427677,0.00754906894816306
00e9be89-00001200.jpg,00e9be89-00001205.jpg,orb,2000,2000,14,4,0.2857,0.007,41.6429,0.0542,0.0321,,rain,5,13.97301150348954,0.007045797684952189
00e9be89-00001205.jpg,00e9be89-00001210.jpg,orb,2000,2000,11,4,0.3636,0.0055,42.3636,0.0686,0.0342,,rain,5,13.981048083350288,0.005511022044088177
00e9be89-00001210.jpg,00e9be89-00001215.jpg,orb,2000,2000,16,9,0.5625,0.008,40.5625,0.056,0.0342,,rain,5,13.641208996229086,0.008
00e9be89-00001215.jpg,00e9be89-00001220.jpg,orb,2000,2000,10,4,0.4,0.005,44.3,0.0607,0.0276,,rain,5,12.483908031237531,0.005
00e9be89-00001220.jpg,00e9be89-00001225.jpg,orb,2000,2000,15,6,0.4,0.0075,43.4667,0.0661,0.0301,,rain,5,12.679285875056657,0.0075
00e9be89-00001225.jpg,00e9be89-00001230.jpg,orb,2000,2000,11,5,0.4545,0.0055,44.0,0.0537,0.0301,,rain,5,13.682192258221454,0.0055
00e9be89-00001230.jpg,00e9be89-00001240.jpg,orb,2000,1871,21,14,0.6667,0.0112,36.7143,0.0517,0.0277,,rain,5,13.64301100391708,0.01154480483782298
00e9be89-00001240.jpg,00e9be89-00001245.jpg,orb,1871,2000,35,9,0.2571,0.0187,41.5143,0.0497,0.0261,,rain,5,12.988326559093183,0.019241341396371632
00e9be89-00001245.jpg,00e9be89-00001250.jpg,orb,2000,2000,11,5,0.4545,0.0055,43.0,0.0557,0.0281,,rain,5,13.331229903883433,0.0055
00e9be89-00001250.jpg,00e9be89-00001255.jpg,orb,2000,2000,32,13,0.4062,0.016,41.25,0.0603,0.0281,,rain,5,14.2423572633745,0.016
00e9be89-00001255.jpg,00e9be89-00001260.jpg,orb,2000,2000,19,11,0.5789,0.0095,39.7895,0.0625,0.0341,,rain,5,13.933646897165868,0.0095
00e9be89-00001260.jpg,00e9be89-00001265.jpg,orb,2000,2000,19,13,0.6842,0.0095,42.5789,0.0713,0.0402,,rain,5,12.077783061387327,0.0095
00e9be89-00001265.jpg,00e9be89-00001270.jpg,orb,2000,2000,11,4,0.3636,0.0055,46.7273,0.0698,0.0341,,rain,5,9.29949424364207,0.0055
00e9be89-00001270.jpg,00e9be89-00001275.jpg,orb,2000,2000,15,5,0.3333,0.0075,47.1333,0.0637,0.0281,,rain,5,9.138991978640572,0.0075
00e9be89-00001275.jpg,00e9be89-00001280.jpg,orb,2000,2000,13,3,0.2308,0.0065,47.9231,0.0663,0.0284,,rain,5,8.710147911061643,0.0065
00e9be89-00001280.jpg,00e9be89-00001285.jpg,orb,2000,2000,12,5,0.4167,0.006,41.8333,0.064,0.0283,,rain,5,6.065116086162126,0.006
00e9be89-00001285.jpg,00e9be89-00001290.jpg,orb,2000,2000,4,4,1.0,0.002,43.0,0.0597,0.0321,,rain,5,7.1136362433071145,0.002
00e9be89-00001290.jpg,00e9be89-00001295.jpg,orb,2000,2000,17,5,0.2941,0.0085,44.0588,0.0665,0.0321,,rain,5,8.298965126448799,0.0085
00e9be89-00001295.jpg,00e9be89-00001305.jpg,orb,2000,2000,10,4,0.4,0.005,49.0,0.0703,0.0281,,rain,5,7.87482160152225,0.005
00e9be89-00001305.jpg,00e9be89-00001310.jpg,orb,2000,2000,8,4,0.5,0.004,47.25,0.0824,0.0281,,rain,5,8.04790820834419,0.004
00e9be89-00001310.jpg,00e9be89-00001315.jpg,orb,2000,2000,4,4,1.0,0.002,50.5,0.0678,0.0341,,rain,5,6.07497670844589,0.002
00e9be89-00001315.jpg,00e9be89-00001325.jpg,orb,2000,2000,13,4,0.3077,0.0065,42.3077,0.0623,0.0296,,rain,5,4.662241648673565,0.0065
00e9be89-00001325.jpg,00e9be89-00001330.jpg,orb,2000,2000,19,6,0.3158,0.0095,36.5789,0.069,0.0344,,rain,5,4.338650182859954,0.0095
00e9be89-00001330.jpg,00e9be89-00001335.jpg,orb,2000,2000,18,6,0.3333,0.009,42.4444,0.0626,0.0337,,rain,5,6.558110378172153,0.009
00e9be89-00001335.jpg,00e9be89-00001340.jpg,orb,2000,2000,20,5,0.25,0.01,42.95,0.0583,0.0296,,rain,5,10.227571008150395,0.01
00e9be89-00001340.jpg,00e9be89-00001345.jpg,orb,2000,2000,9,4,0.4444,0.0045,47.1111,0.0638,0.0281,,rain,5,10.845299472348136,0.0045
00e9be89-00001345.jpg,00e9be89-00001350.jpg,orb,2000,2000,9,5,0.5556,0.0045,46.6667,0.0565,0.0321,,rain,5,10.277374331514311,0.0045
00e9be89-00001350.jpg,00e9be89-00001355.jpg,orb,2000,2000,7,4,0.5714,0.0035,46.8571,0.0562,0.0341,,rain,5,10.501027393151393,0.0035
00e9be89-00001355.jpg,00e9be89-00001360.jpg,orb,2000,2000,16,3,0.1875,0.008,45.0625,0.0542,0.0384,,rain,5,10.23071123593344,0.008
00e9be89-00001360.jpg,00e9be89-00001365.jpg,orb,2000,2000,5,4,0.8,0.0025,39.0,0.054,0.0342,,rain,5,9.896824309359625,0.0025
00e9be89-00001365.jpg,00e9be89-00001370.jpg,orb,2000,2000,15,8,0.5333,0.0075,41.8,0.0557,0.0321,,rain,5,10.347435415864274,0.0075
00e9be89-00001370.jpg,00e9be89-00001375.jpg,orb,2000,2000,79,47,0.5949,0.0395,39.4557,0.0555,0.0402,,rain,5,10.322454785193784,0.0395
00e9be89-00001375.jpg,00e9be89-00001380.jpg,orb,2000,2000,114,50,0.4386,0.057,39.1316,0.0598,0.0362,,rain,5,10.34917363652261,0.057
00e9be89-00001380.jpg,00e9be89-00001385.jpg,orb,2000,2000,74,35,0.473,0.037,40.0811,0.0669,0.0331,,rain,5,10.47102521664009,0.037
00e9be89-00001385.jpg,00e9be89-00001390.jpg,orb,2000,2000,18,9,0.5,0.009,38.0,0.0623,0.0281,,rain,5,10.06191597340205,0.009
00e9be89-00001390.jpg,00e9be89-00001395.jpg,orb,2000,2000,34,12,0.3529,0.017,36.2647,0.0611,0.0281,,rain,5,9.812887645903976,0.017
00e9be89-00001395.jpg,00e9be89-00001400.jpg,orb,2000,2000,59,20,0.339,0.0295,37.5763,0.0513,0.0271,,rain,5,10.138618864327016,0.0295
00e9be89-00001400.jpg,00e9be89-00001405.jpg,orb,2000,2000,62,19,0.3065,0.031,35.7419,0.0522,0.0284,,rain,5,10.21373449378131,0.031
00e9be89-00001405.jpg,00e9be89-00001410.jpg,orb,2000,2000,63,31,0.4921,0.0315,36.6825,0.0522,0.0287,,rain,5,10.30011027857065,0.0315
00e9be89-00001410.jpg,00e9be89-00001415.jpg,orb,2000,2000,103,30,0.2913,0.0515,36.1165,0.0537,0.0281,,rain,5,10.24675955554643,0.0515
00e9be89-00001415.jpg,00e9be89-00001420.jpg,orb,2000,2000,67,25,0.3731,0.0335,35.9701,0.0559,0.0301,,rain,5,9.794671075373142,0.0335
00e9be89-00001420.jpg,00e9be89-00001425.jpg,orb,2000,2000,45,17,0.3778,0.0225,36.7556,0.0577,0.0282,,rain,5,9.39201386012548,0.0225
00e9be89-00001425.jpg,00e9be89-00001430.jpg,orb,2000,2000,62,29,0.4677,0.031,39.0161,0.0542,0.0296,,rain,5,9.204412953696844,0.031
00e9be89-00001430.jpg,00e9be89-00001440.jpg,orb,2000,2000,18,4,0.2222,0.009,37.8333,0.0677,0.0341,,rain,5,9.61742164421706,0.009
00e9be89-00001440.jpg,00e9be89-00001445.jpg,orb,2000,2000,48,19,0.3958,0.024,34.2917,0.0638,0.0325,,rain,5,9.210116321894546,0.024
00e9be89-00001445.jpg,00e9be89-00001450.jpg,orb,2000,2000,20,9,0.45,0.01,41.25,0.0623,0.0276,,rain,5,8.484164457315176,0.01
00e9be89-00001450.jpg,00e9be89-00001455.jpg,orb,2000,2000,50,31,0.62,0.025,39.06,0.0577,0.0281,,rain,5,8.78429418285914,0.025
00e9be89-00001455.jpg,00e9be89-00001460.jpg,orb,2000,2000,76,41,0.5395,0.038,37.8553,0.06,0.0261,,rain,5,9.15755132705796,0.038
00e9be89-00001460.jpg,00e9be89-00001465.jpg,orb,2000,2000,106,92,0.8679,0.053,34.8396,0.0507,0.0258,,rain,5,9.225509191042727,0.053
00e9be89-00001465.jpg,00e9be89-00001470.jpg,orb,2000,2000,13,4,0.3077,0.0065,40.3077,0.0522,0.0281,,rain,5,10.075622031147546,0.0065
00e9be89-00001470.jpg,00e9be89-00001475.jpg,orb,2000,2000,59,27,0.4576,0.0295,36.339,0.0577,0.0281,,rain,5,10.979649469418206,0.0295
00e9be89-00001475.jpg,00e9be89-00001480.jpg,orb,2000,2000,20,9,0.45,0.01,40.65,0.0602,0.0281,,rain,5,10.679872855768007,0.01
00e9be89-00001480.jpg,00e9be89-00001485.jpg,orb,2000,2000,18,6,0.3333,0.009,44.1667,0.0562,0.0338,,rain,5,11.751555517752726,0.009
00e9be89-00001485.jpg,00e9be89-00001490.jpg,orb,2000,2000,20,6,0.3,0.01,41.7,0.0537,0.0281,,rain,5,13.361149862127457,0.01
00e9be89-00001490.jpg,00e9be89-00001495.jpg,orb,2000,2000,588,579,0.9847,0.294,19.5918,0.0583,0.0331,,rain,5,13.49339885025413,0.294
00e9be89-00001495.jpg,00e9be89-00001500.jpg,orb,2000,2000,787,777,0.9873,0.3935,15.5502,0.06,0.0281,,rain,5,13.499586011106036,0.3935
00e9be89-00001500.jpg,00e9be89-00001505.jpg,orb,2000,2000,249,207,0.8313,0.1245,30.9478,0.0563,0.0281,,rain,5,13.567420262549271,0.1245
00e9be89-00001505.jpg,00e9be89-00001510.jpg,orb,2000,2000,34,12,0.3529,0.017,40.4412,0.0397,0.0281,,rain,5,13.45011491169033,0.017
00e9be89-00001510.jpg,00e9be89-00001515.jpg,orb,2000,2000,34,10,0.2941,0.017,43.6176,0.0517,0.0261,,rain,5,12.698732665465403,0.017
00e9be89-00001515.jpg,00e9be89-00001520.jpg,orb,2000,2000,13,5,0.3846,0.0065,41.3077,0.0523,0.0281,,rain,5,11.41591128628088,0.0065
00e9be89-00001520.jpg,00e9be89-00001525.jpg,orb,2000,2000,56,32,0.5714,0.028,39.4286,0.0562,0.0282,,rain,5,11.2222385194558,0.028
00e9be89-00001525.jpg,00e9be89-00001535.jpg,orb,2000,2000,20,5,0.25,0.01,41.65,0.0578,0.0281,,rain,5,11.350867071754816,0.01
00e9be89-00001535.jpg,00e9be89-00001540.jpg,orb,2000,2000,12,4,0.3333,0.006,40.4167,0.0562,0.0296,,rain,5,9.749887583830766,0.006
00e9be89-00001540.jpg,00e9be89-00001545.jpg,orb,2000,2000,12,4,0.3333,0.006,46.0,0.0577,0.0281,,rain,5,8.673170211810131,0.006
00e9be89-00001545.jpg,00e9be89-00001550.jpg,orb,2000,2000,103,64,0.6214,0.0515,38.0194,0.0723,0.0356,,rain,5,8.894840449177668,0.0515
00e9be89-00001550.jpg,00e9be89-00001555.jpg,orb,2000,2000,349,338,0.9685,0.1745,21.7593,0.0663,0.0305,,rain,5,8.898310559689648,0.1745
00e9be89-00001555.jpg,00e9be89-00001560.jpg,orb,2000,2000,223,204,0.9148,0.1115,29.2332,0.0657,0.0291,,rain,5,8.917344504459871,0.1115
00e9be89-00001560.jpg,00e9be89-00001565.jpg,orb,2000,2000,386,362,0.9378,0.193,23.5415,0.0491,0.0276,,rain,5,8.97875188651462,0.193
00e9be89-00001565.jpg,00e9be89-00001570.jpg,orb,2000,2000,38,16,0.4211,0.019,38.1842,0.0542,0.0296,,rain,5,9.414801242224492,0.019
00e9be89-00001570.jpg,00e9be89-00001575.jpg,orb,2000,2000,46,23,0.5,0.023,39.2174,0.0582,0.0281,,rain,5,9.70826375789473,0.023
00e9be89-00001575.jpg,00e9be89-00001580.jpg,orb,2000,2000,71,52,0.7324,0.0355,32.7746,0.0618,0.0281,,rain,5,9.505104331769276,0.0355
00e9be89-00001580.jpg,00e9be89-00001585.jpg,orb,2000,2000,43,20,0.4651,0.0215,37.814,0.0663,0.0293,,rain,5,8.769053824623839,0.0215
00e9be89-00001585.jpg,00e9be89-00001590.jpg,orb,2000,2000,9,4,0.4444,0.0045,42.4444,0.0577,0.0321,,rain,5,7.500050544881735,0.0045
00e9be89-00001590.jpg,00e9be89-00001595.jpg,orb,2000,2000,12,5,0.4167,0.006,40.4167,0.0605,0.0276,,rain,5,6.675122985861551,0.006
00e9be89-00001595.jpg,00e9be89-00001600.jpg,orb,2000,2000,16,5,0.3125,0.008,45.375,0.0648,0.0281,,rain,5,7.203515620539642,0.008
00e9be89-00001600.jpg,00e9be89-00001605.jpg,orb,2000,2000,72,33,0.4583,0.036,36.8333,0.0747,0.0364,,rain,5,7.711086494173068,0.036
00e9be89-00001605.jpg,00e9be89-00001610.jpg,orb,2000,2000,18,9,0.5,0.009,44.8333,0.0626,0.0341,,rain,5,8.264962434480468,0.009
00e9be89-00001610.jpg,00e9be89-00001620.jpg,orb,2000,2000,6,4,0.6667,0.003,49.6667,0.0607,0.0321,,rain,5,8.700988653437793,0.003
00e9be89-00001620.jpg,00e9be89-00001625.jpg,orb,2000,2000,23,4,0.1739,0.0115,40.9565,0.0703,0.0316,,rain,5,9.19141409121347,0.0115
00e9be89-00001625.jpg,00e9be89-00001630.jpg,orb,2000,2000,50,16,0.32,0.025,40.08,0.0638,0.0281,,rain,5,10.1642434615683,0.025
00e9be89-00001630.jpg,00e9be89-00001635.jpg,orb,2000,2000,14,3,0.2143,0.007,42.2143,0.0635,0.0301,,rain,5,10.328358624291305,0.007
00e9be89-00001635.jpg,00e9be89-00001640.jpg,orb,2000,2000,17,7,0.4118,0.0085,45.9412,0.06,0.0281,,rain,5,7.645950697024505,0.0085
00e9be89-00001640.jpg,00e9be89-00001645.jpg,orb,2000,2000,13,6,0.4615,0.0065,41.6154,0.0623,0.0276,,rain,5,3.891155139728343,0.0065
00e9be89-00001645.jpg,00e9be89-00001650.jpg,orb,2000,2000,17,5,0.2941,0.0085,36.7059,0.0645,0.0337,,rain,5,3.802115643000502,0.0085
00e9be89-00001650.jpg,00e9be89-00001655.jpg,orb,2000,2000,14,3,0.2143,0.007,45.1429,0.0582,0.0336,,rain,5,4.947144372465959,0.007
00e9be89-00001655.jpg,00e9be89-00001665.jpg,orb,2000,2000,6,4,0.6667,0.003,49.0,0.0637,0.0301,,rain,5,7.696865768830689,0.003
00e9be89-00001665.jpg,00e9be89-00001670.jpg,orb,2000,2000,13,9,0.6923,0.0065,42.6923,0.0726,0.0412,,rain,5,10.417930251497566,0.0065
00e9be89-00001670.jpg,00e9be89-00001675.jpg,orb,2000,2000,29,5,0.1724,0.0145,43.3448,0.0699,0.041,,rain,5,9.738625309976166,0.0145
00e9be89-00001675.jpg,00e9be89-00001680.jpg,orb,2000,2000,17,6,0.3529,0.0085,41.0588,0.0627,0.0405,,rain,5,9.096796470245083,0.0085
00e9be89-00001680.jpg,00e9be89-00001685.jpg,orb,2000,2000,13,5,0.3846,0.0065,40.6154,0.0645,0.0312,,rain,5,9.409047512367714,0.0065
00e9be89-00001685.jpg,00e9be89-00001690.jpg,orb,2000,2000,15,5,0.3333,0.0075,40.3333,0.0645,0.0321,,rain,5,11.271042941766156,0.0075
00e9be89-00001690.jpg,00e9be89-00001695.jpg,orb,2000,2000,20,7,0.35,0.01,42.2,0.0598,0.0261,,rain,5,13.567906799308972,0.01
00e9be89-00001695.jpg,00e9be89-00001705.jpg,orb,2000,2000,10,4,0.4,0.005,38.3,0.0517,0.0301,,rain,5,12.62390815375867,0.005
00e9be89-00001705.jpg,00e9be89-00001710.jpg,orb,2000,2000,65,52,0.8,0.0325,35.9846,0.0502,0.0281,,rain,5,11.030860240616986,0.0325
00e9be89-00001710.jpg,00e9be89-00001715.jpg,orb,2000,2000,30,15,0.5,0.015,41.5333,0.0563,0.0281,,rain,5,10.838921036618975,0.015
00e9be89-00001715.jpg,00e9be89-00001720.jpg,orb,2000,1998,29,24,0.8276,0.0145,40.7931,0.0603,0.0344,,rain,5,10.938648887911388,0.014529058116232466
00e9be89-00001720.jpg,00e9be89-00001725.jpg,orb,1998,2000,52,44,0.8462,0.026,36.8077,0.0597,0.0362,,rain,5,10.994702514773527,0.026052104208416832
00e9be89-00001725.jpg,00e9be89-00001730.jpg,orb,2000,2000,65,49,0.7538,0.0325,35.9538,0.0598,0.0363,,rain,5,10.986988288610071,0.0325
00e9be89-00001730.jpg,00e9be89-00001740.jpg,orb,2000,2000,17,6,0.3529,0.0085,43.4706,0.0543,0.0296,,rain,5,11.130588545349855,0.0085
00e9be89-00001740.jpg,00e9be89-00001745.jpg,orb,2000,2000,6,4,0.6667,0.003,43.5,0.0638,0.03,,rain,5,9.274892315017045,0.003
00e9be89-00001745.jpg,00e9be89-00001750.jpg,orb,2000,2000,10,4,0.4,0.005,47.5,0.0698,0.0361,,rain,5,8.724088619810061,0.005
00e9be89-00001750.jpg,00e9be89-00001755.jpg,orb,2000,2000,29,15,0.5172,0.0145,40.7241,0.0638,0.0342,,rain,5,10.859521834573952,0.0145
00e9be89-00001755.jpg,00e9be89-00001760.jpg,orb,2000,2000,18,6,0.3333,0.009,48.3333,0.0678,0.0402,,rain,5,11.635804807417154,0.009
00e9be89-00001760.jpg,00e9be89-00001765.jpg,orb,2000,2000,16,6,0.375,0.008,41.9375,0.0587,0.0281,,rain,5,10.569486266096504,0.008
00e9be89-00001765.jpg,00e9be89-00001770.jpg,orb,2000,2000,7,4,0.5714,0.0035,42.4286,0.0678,0.0281,,rain,5,9.4627588506978,0.0035
00e9be89-00001770.jpg,00e9be89-00001775.jpg,orb,2000,2000,23,11,0.4783,0.0115,38.8261,0.0664,0.0361,,rain,5,9.613892012707714,0.0115
00e9be89-00001775.jpg,00e9be89-00001780.jpg,orb,2000,2000,12,5,0.4167,0.006,43.1667,0.0697,0.0442,,rain,5,10.45342813607231,0.006
00e9be89-00001780.jpg,00e9be89-00001785.jpg,orb,2000,2000,14,5,0.3571,0.007,42.7857,0.0679,0.0425,,rain,5,10.812098152330233,0.007
00e9be89-00001785.jpg,00e9be89-00001795.jpg,orb,2000,2000,13,5,0.3846,0.0065,45.6154,0.0622,0.0336,,rain,5,10.178367123874612,0.0065
00e9be89-00001795.jpg,00e9be89-00001800.jpg,orb,2000,2000,869,854,0.9827,0.4345,23.5167,0.0598,0.0342,,rain,5,10.456418747155372,0.4345
00e9be89-00001800.jpg,00e9be89-00001810.jpg,orb,2000,2000,81,33,0.4074,0.0405,38.3704,0.0582,0.0316,,rain,5,10.973462123791062,0.0405
00e9be89-00001810.jpg,00e9be89-00001815.jpg,orb,2000,2000,78,34,0.4359,0.039,36.2308,0.0603,0.0301,,rain,5,10.89173294444089,0.039
00e9be89-00001815.jpg,00e9be89-00001820.jpg,orb,2000,2000,21,7,0.3333,0.0105,41.8095,0.0618,0.0281,,rain,5,11.025752238778256,0.0105
00e9be89-00001820.jpg,00e9be89-00001825.jpg,orb,2000,2000,29,11,0.3793,0.0145,42.3103,0.0494,0.0241,,rain,5,10.98915471577854,0.0145
00e9be89-00001825.jpg,00e9be89-00001830.jpg,orb,2000,2000,37,14,0.3784,0.0185,42.6486,0.0582,0.0296,,rain,5,10.634996370322687,0.0185
00e9be89-00001830.jpg,00e9be89-00001840.jpg,orb,2000,2000,12,4,0.3333,0.006,45.9167,0.0617,0.0321,,rain,5,9.97086920584708,0.006
00e9be89-00001840.jpg,00e9be89-00001845.jpg,orb,2000,2000,1239,1231,0.9935,0.6195,16.6642,0.0612,0.0306,,rain,5,9.564997374798926,0.6195
00e9be89-00001845.jpg,00e9be89-00001865.jpg,orb,2000,2000,1017,1012,0.9951,0.5085,19.119,0.0765,0.0403,,rain,5,9.488672488121942,0.5085
00e9be89-00001865.jpg,00e9be89-00001870.jpg,orb,2000,2000,1103,1091,0.9891,0.5515,19.68,0.0734,0.0335,,rain,5,9.5552829175112,0.5515
00e9be89-00001870.jpg,00e9be89-00001875.jpg,orb,2000,2000,1152,1146,0.9948,0.576,16.0148,0.0623,0.0317,,rain,5,9.610208484977491,0.576
00e9be89-00001875.jpg,00e9be89-00001885.jpg,orb,2000,2000,1128,1117,0.9902,0.564,18.2137,0.0663,0.0301,,rain,5,9.50090287420409,0.564
00e9be89-00001885.jpg,00e9be89-00001890.jpg,orb,2000,2000,1202,1190,0.99,0.601,17.3261,0.0699,0.0292,,rain,5,9.450998361736836,0.601
00e9be89-00001890.jpg,00e9be89-00001895.jpg,orb,2000,2000,1214,1203,0.9909,0.607,17.056,0.068,0.0362,,rain,5,9.514255579132117,0.607
00e9be89-00001895.jpg,00e9be89-00001900.jpg,orb,2000,2000,1178,1173,0.9958,0.589,18.0509,0.0689,0.0352,,rain,5,9.59256735845266,0.589
00e9be89-00001900.jpg,00e9be89-00001905.jpg,orb,2000,2000,186,122,0.6559,0.093,32.4677,0.0604,0.0323,,rain,5,9.719778071349086,0.093
00e9be89-00001905.jpg,00e9be89-00001915.jpg,orb,2000,2000,33,11,0.3333,0.0165,42.0303,0.0562,0.0281,,rain,5,10.105309212557003,0.0165
00e9be89-00000015.jpg,00e9be89-00000100.jpg,orb,2000,2000,3,0,0.0,0.0015,47.0,0.0843,0.0296,C:\Users\amit\Project_digital_image_processing__Amit_Alon\outputs\visualizations\task2\degraded_visualizations\rain\level_6\match_00e9be89-00000015__00e9be89-00000100.png,rain,6,7.373884886570266,0.0015
00e9be89-00000100.jpg,00e9be89-00000105.jpg,orb,2000,2000,953,947,0.9937,0.4765,23.8468,0.0919,0.0369,,rain,6,8.94970242372591,0.4765
00e9be89-00000105.jpg,00e9be89-00000110.jpg,orb,2000,2000,986,973,0.9868,0.493,21.5223,0.0822,0.0361,,rain,6,8.930942075680049,0.493
00e9be89-00000110.jpg,00e9be89-00000115.jpg,orb,2000,2000,1007,998,0.9911,0.5035,22.3754,0.0865,0.0326,,rain,6,8.941742035248147,0.5035
00e9be89-00000115.jpg,00e9be89-00000120.jpg,orb,2000,2000,1149,1141,0.993,0.5745,19.3003,0.0824,0.0344,,rain,6,8.962603684960094,0.5745
00e9be89-00000120.jpg,00e9be89-00000125.jpg,orb,2000,2000,347,336,0.9683,0.1735,34.1412,0.0852,0.0281,,rain,6,8.37266330307634,0.1735
00e9be89-00000125.jpg,00e9be89-00000130.jpg,orb,2000,2000,854,839,0.9824,0.427,25.0761,0.0892,0.0261,,rain,6,8.010258375692473,0.427
00e9be89-00000130.jpg,00e9be89-00000135.jpg,orb,2000,2000,947,943,0.9958,0.4735,23.5248,0.0637,0.0281,,rain,6,8.549126754013278,0.4735
00e9be89-00000135.jpg,00e9be89-00000140.jpg,orb,2000,2000,954,942,0.9874,0.477,23.2233,0.0798,0.0281,,rain,6,8.88653614380849,0.477
00e9be89-00000140.jpg,00e9be89-00000145.jpg,orb,2000,2000,86,65,0.7558,0.043,39.0698,0.0738,0.0281,,rain,6,8.919602079072874,0.043
00e9be89-00000145.jpg,00e9be89-00000150.jpg,orb,2000,2000,14,5,0.3571,0.007,45.8571,0.0778,0.0276,,rain,6,7.285456741948007,0.007
00e9be89-00000150.jpg,00e9be89-00000160.jpg,orb,2000,2000,15,5,0.3333,0.0075,45.0667,0.0959,0.0341,,rain,6,5.80704565548802,0.0075
00e9be89-00000160.jpg,00e9be89-00000165.jpg,orb,2000,2000,10,5,0.5,0.005,44.9,0.0755,0.0339,,rain,6,5.444878016543468,0.005
00e9be89-00000165.jpg,00e9be89-00000175.jpg,orb,2000,2000,10,5,0.5,0.005,45.2,0.0718,0.0301,,rain,6,6.18702908700662,0.005
00e9be89-00000175.jpg,00e9be89-00000190.jpg,orb,2000,2000,16,6,0.375,0.008,44.9375,0.0698,0.0301,,rain,6,6.860905913142062,0.008
00e9be89-00000190.jpg,00e9be89-00001000.jpg,orb,2000,2000,10,4,0.4,0.005,45.6,0.0577,0.0281,,rain,6,7.687115908343701,0.005
00e9be89-00001000.jpg,00e9be89-00001005.jpg,orb,2000,2000,12,2,0.1667,0.006,45.9167,0.0502,0.0296,,rain,6,9.602611234651944,0.006
00e9be89-00001005.jpg,00e9be89-00001010.jpg,orb,2000,2000,10,4,0.4,0.005,43.5,0.0562,0.0321,,rain,6,10.378172266040917,0.005
00e9be89-00001010.jpg,00e9be89-00001015.jpg,orb,2000,1981,10,5,0.5,0.005,45.1,0.0583,0.0296,,rain,6,10.895030967850309,0.0050200803212851405
00e9be89-00001015.jpg,00e9be89-00001020.jpg,orb,1981,2000,17,8,0.4706,0.0086,38.7059,0.0523,0.0281,,rain,6,10.851529530102642,0.00853413654618474
00e9be89-00001020.jpg,00e9be89-00001025.jpg,orb,2000,2000,14,5,0.3571,0.007,44.1429,0.0502,0.0261,,rain,6,10.630311817496608,0.007
00e9be89-00001025.jpg,00e9be89-00001030.jpg,orb,2000,2000,17,6,0.3529,0.0085,40.4118,0.0578,0.0281,,rain,6,10.62891042416884,0.0085
00e9be89-00001030.jpg,00e9be89-00001035.jpg,orb,2000,2000,41,24,0.5854,0.0205,37.1951,0.0653,0.0322,,rain,6,10.602969366694868,0.0205
00e9be89-00001035.jpg,00e9be89-00001040.jpg,orb,2000,2000,50,36,0.72,0.025,40.04,0.0546,0.0361,,rain,6,10.704853527890323,0.025
00e9be89-00001040.jpg,00e9be89-00001045.jpg,orb,2000,2000,121,53,0.438,0.0605,37.157,0.0482,0.0304,,rain,6,10.763723160950876,0.0605
00e9be89-00001045.jpg,00e9be89-00001050.jpg,orb,2000,2000,30,11,0.3667,0.015,37.3667,0.0497,0.0281,,rain,6,10.733718644311782,0.015
00e9be89-00001050.jpg,00e9be89-00001055.jpg,orb,2000,2000,47,15,0.3191,0.0235,42.9787,0.0542,0.0316,,rain,6,10.665154598865914,0.0235
00e9be89-00001055.jpg,00e9be89-00001060.jpg,orb,2000,2000,56,23,0.4107,0.028,41.8393,0.0522,0.0281,,rain,6,10.69067420933318,0.028
00e9be89-00001060.jpg,00e9be89-00001065.jpg,orb,2000,2000,42,26,0.619,0.021,39.9762,0.0578,0.0281,,rain,6,10.537798144339025,0.021
00e9be89-00001065.jpg,00e9be89-00001070.jpg,orb,2000,2000,82,68,0.8293,0.041,37.4512,0.0646,0.0261,,rain,6,10.344591570372597,0.041
00e9be89-00001070.jpg,00e9be89-00001075.jpg,orb,2000,2000,32,18,0.5625,0.016,44.9688,0.0623,0.0321,,rain,6,9.809032066818242,0.016
00e9be89-00001075.jpg,00e9be89-00001080.jpg,orb,2000,2000,11,6,0.5455,0.0055,40.1818,0.0563,0.0301,,rain,6,9.913455017411962,0.0055
00e9be89-00001080.jpg,00e9be89-00001090.jpg,orb,2000,2000,24,16,0.6667,0.012,38.5417,0.0603,0.0333,,rain,6,11.064242407248786,0.012
00e9be89-00001090.jpg,00e9be89-00001095.jpg,orb,2000,2000,27,17,0.6296,0.0135,37.2593,0.0407,0.0359,,rain,6,11.57629660296761,0.0135
00e9be89-00001095.jpg,00e9be89-00001100.jpg,orb,2000,2000,27,11,0.4074,0.0135,43.1111,0.065,0.0301,,rain,6,11.544413543549377,0.0135
00e9be89-00001100.jpg,00e9be89-00001105.jpg,orb,2000,2000,24,7,0.2917,0.012,43.6667,0.0598,0.0301,,rain,6,11.12046919690964,0.012
00e9be89-00001105.jpg,00e9be89-00001115.jpg,orb,2000,2000,13,5,0.3846,0.0065,45.3077,0.062,0.0362,,rain,6,10.184030077734576,0.0065
00e9be89-00001115.jpg,00e9be89-00001125.jpg,orb,2000,2000,13,5,0.3846,0.0065,48.3077,0.0598,0.0281,,rain,6,10.349024775846258,0.0065
00e9be89-00001125.jpg,00e9be89-00001130.jpg,orb,2000,2000,20,9,0.45,0.01,41.05,0.058,0.0369,,rain,6,10.699897445168482,0.01
00e9be89-00001130.jpg,00e9be89-00001135.jpg,orb,2000,2000,33,21,0.6364,0.0165,39.6667,0.0557,0.0381,,rain,6,11.075615348375656,0.0165
00e9be89-00001135.jpg,00e9be89-00001140.jpg,orb,2000,2000,52,40,0.7692,0.026,35.6923,0.0522,0.0296,,rain,6,11.751079031073395,0.026
00e9be89-00001140.jpg,00e9be89-00001150.jpg,orb,2000,2000,37,15,0.4054,0.0185,41.5946,0.0579,0.0301,,rain,6,11.968662334342364,0.0185
00e9be89-00001150.jpg,00e9be89-00001155.jpg,orb,2000,2000,36,23,0.6389,0.018,38.9722,0.0558,0.0321,,rain,6,12.272059745832363,0.018
00e9be89-00001155.jpg,00e9be89-00001160.jpg,orb,2000,2000,36,17,0.4722,0.018,37.9722,0.0679,0.042,,rain,6,12.2601728520069,0.018
00e9be89-00001160.jpg,00e9be89-00001165.jpg,orb,2000,2000,13,8,0.6154,0.0065,42.3846,0.0584,0.0342,,rain,6,12.33819496828383,0.0065
00e9be89-00001165.jpg,00e9be89-00001170.jpg,orb,2000,2000,23,11,0.4783,0.0115,41.913,0.0586,0.0301,,rain,6,12.193805255007568,0.0115
00e9be89-00001170.jpg,00e9be89-00001175.jpg,orb,2000,2000,26,13,0.5,0.013,42.9231,0.0542,0.0316,,rain,6,12.326094615827792,0.013
00e9be89-00001175.jpg,00e9be89-00001180.jpg,orb,2000,2000,37,23,0.6216,0.0185,41.8649,0.0577,0.0281,,rain,6,12.62068916217567,0.0185
00e9be89-00001180.jpg,00e9be89-00001185.jpg,orb,2000,2000,19,6,0.3158,0.0095,45.6316,0.0542,0.0356,,rain,6,12.313550873647982,0.0095
00e9be89-00001185.jpg,00e9be89-00001190.jpg,orb,2000,2000,11,5,0.4545,0.0055,49.5455,0.0562,0.0296,,rain,6,11.613168573969029,0.0055
00e9be89-00001190.jpg,00e9be89-00001195.jpg,orb,2000,2000,12,5,0.4167,0.006,43.6667,0.0577,0.0292,,rain,6,8.726710228667773,0.006
00e9be89-00001195.jpg,00e9be89-00001200.jpg,orb,2000,1992,15,6,0.4,0.0075,40.6,0.0562,0.0296,,rain,6,9.52631207505157,0.00754906894816306
00e9be89-00001200.jpg,00e9be89-00001205.jpg,orb,1992,2000,13,5,0.3846,0.0065,44.9231,0.0558,0.0301,,rain,6,12.76975299325958,0.006542526421741319
00e9be89-00001205.jpg,00e9be89-00001210.jpg,orb,2000,2000,15,5,0.3333,0.0075,49.0667,0.0482,0.0281,,rain,6,12.770775729841194,0.00751503006012024
00e9be89-00001210.jpg,00e9be89-00001215.jpg,orb,2000,2000,24,10,0.4167,0.012,39.4583,0.0623,0.0341,,rain,6,12.434961523959236,0.012
00e9be89-00001215.jpg,00e9be89-00001220.jpg,orb,2000,2000,14,6,0.4286,0.007,45.3571,0.0609,0.0341,,rain,6,11.263654116807505,0.007
00e9be89-00001220.jpg,00e9be89-00001225.jpg,orb,2000,2000,22,7,0.3182,0.011,46.6364,0.0542,0.0321,,rain,6,11.450318281191382,0.011
00e9be89-00001225.jpg,00e9be89-00001230.jpg,orb,2000,2000,16,5,0.3125,0.008,40.875,0.0522,0.0281,,rain,6,12.451437659336872,0.008
00e9be89-00001230.jpg,00e9be89-00001240.jpg,orb,2000,1808,41,24,0.5854,0.0227,37.4878,0.0485,0.0252,,rain,6,12.432026175869904,0.022539857064321055
00e9be89-00001240.jpg,00e9be89-00001245.jpg,orb,1808,2000,40,21,0.525,0.0221,39.85,0.0578,0.0281,,rain,6,11.803283769436824,0.02199010445299615
00e9be89-00001245.jpg,00e9be89-00001250.jpg,orb,2000,2000,21,6,0.2857,0.0105,46.2857,0.0583,0.0318,,rain,6,12.153616632531614,0.0105
00e9be89-00001250.jpg,00e9be89-00001255.jpg,orb,2000,2000,24,8,0.3333,0.012,43.875,0.0578,0.0321,,rain,6,13.073931147660534,0.012
00e9be89-00001255.jpg,00e9be89-00001260.jpg,orb,2000,2000,12,8,0.6667,0.006,41.1667,0.0542,0.0296,,rain,6,12.742557655580727,0.006
00e9be89-00001260.jpg,00e9be89-00001265.jpg,orb,2000,2000,18,7,0.3889,0.009,43.1667,0.0598,0.0281,,rain,6,10.822801498815243,0.009
00e9be89-00001265.jpg,00e9be89-00001270.jpg,orb,2000,2000,6,4,0.6667,0.003,46.0,0.0658,0.0301,,rain,6,7.989717236274094,0.003
00e9be89-00001270.jpg,00e9be89-00001275.jpg,orb,2000,2000,14,5,0.3571,0.007,45.8571,0.0866,0.0485,,rain,6,7.834197997570882,0.007
00e9be89-00001275.jpg,00e9be89-00001280.jpg,orb,2000,2000,15,5,0.3333,0.0075,46.6,0.0721,0.0362,,rain,6,7.413344798251841,0.0075
00e9be89-00001280.jpg,00e9be89-00001285.jpg,orb,2000,2000,13,6,0.4615,0.0065,43.6154,0.068,0.0281,,rain,6,4.752172816136104,0.0065
00e9be89-00001285.jpg,00e9be89-00001290.jpg,orb,2000,2000,11,5,0.4545,0.0055,40.5455,0.0623,0.0382,,rain,6,5.801073202353404,0.0055
00e9be89-00001290.jpg,00e9be89-00001295.jpg,orb,2000,2000,13,6,0.4615,0.0065,39.0,0.0701,0.0281,,rain,6,6.9748502980073965,0.0065
00e9be89-00001295.jpg,00e9be89-00001305.jpg,orb,2000,2000,5,4,0.8,0.0025,48.2,0.0608,0.0362,,rain,6,6.531686526305854,0.0025
00e9be89-00001305.jpg,00e9be89-00001310.jpg,orb,2000,2000,14,5,0.3571,0.007,47.2143,0.0707,0.0341,,rain,6,6.689303577117027,0.007
00e9be89-00001310.jpg,00e9be89-00001315.jpg,orb,2000,2000,7,4,0.5714,0.0035,48.4286,0.0637,0.0302,,rain,6,4.701202848665449,0.0035
00e9be89-00001315.jpg,00e9be89-00001325.jpg,orb,2000,2000,10,4,0.4,0.005,40.8,0.0597,0.0281,,rain,6,3.2924727289212443,0.005
00e9be89-00001325.jpg,00e9be89-00001330.jpg,orb,2000,2000,23,7,0.3043,0.0115,36.7391,0.0537,0.0301,,rain,6,2.9955004611240312,0.0115
00e9be89-00001330.jpg,00e9be89-00001335.jpg,orb,2000,2000,11,4,0.3636,0.0055,42.9091,0.0542,0.0357,,rain,6,5.332336495214126,0.0055
00e9be89-00001335.jpg,00e9be89-00001340.jpg,orb,2000,2000,10,4,0.4,0.005,46.9,0.0642,0.0382,,rain,6,9.036127112090243,0.005
00e9be89-00001340.jpg,00e9be89-00001345.jpg,orb,2000,2000,12,6,0.5,0.006,44.0833,0.0603,0.0301,,rain,6,9.575260040602071,0.006
00e9be89-00001345.jpg,00e9be89-00001350.jpg,orb,2000,2000,10,4,0.4,0.005,48.6,0.0522,0.0348,,rain,6,8.978888029941519,0.005
00e9be89-00001350.jpg,00e9be89-00001355.jpg,orb,2000,2000,11,5,0.4545,0.0055,46.0,0.0565,0.0261,,rain,6,9.24597180407804,0.0055
00e9be89-00001355.jpg,00e9be89-00001360.jpg,orb,2000,2000,30,9,0.3,0.015,45.6333,0.0682,0.0296,,rain,6,8.995465664024614,0.015
00e9be89-00001360.jpg,00e9be89-00001365.jpg,orb,2000,2000,12,5,0.4167,0.006,42.4167,0.053,0.0281,,rain,6,8.64931792111922,0.006
00e9be89-00001365.jpg,00e9be89-00001370.jpg,orb,2000,2000,25,6,0.24,0.0125,43.96,0.0432,0.0342,,rain,6,9.116551091736694,0.0125
00e9be89-00001370.jpg,00e9be89-00001375.jpg,orb,2000,2000,66,32,0.4848,0.033,40.197,0.0641,0.0308,,rain,6,9.090832681821354,0.033
00e9be89-00001375.jpg,00e9be89-00001380.jpg,orb,2000,2000,111,52,0.4685,0.0555,37.8108,0.0557,0.0281,,rain,6,9.121425518093403,0.0555
00e9be89-00001380.jpg,00e9be89-00001385.jpg,orb,2000,2000,56,20,0.3571,0.028,35.5714,0.0522,0.0335,,rain,6,9.245925273607243,0.028
00e9be89-00001385.jpg,00e9be89-00001390.jpg,orb,2000,2000,23,8,0.3478,0.0115,34.913,0.0682,0.0324,,rain,6,8.814691634300718,0.0115
00e9be89-00001390.jpg,00e9be89-00001395.jpg,orb,2000,2000,29,10,0.3448,0.0145,34.8966,0.0704,0.0352,,rain,6,8.549140845050545,0.0145
00e9be89-00001395.jpg,00e9be89-00001400.jpg,orb,2000,2000,58,19,0.3276,0.029,37.3621,0.0562,0.0273,,rain,6,8.886019093197449,0.029
00e9be89-00001400.jpg,00e9be89-00001405.jpg,orb,2000,2000,60,24,0.4,0.03,36.9667,0.054,0.0261,,rain,6,8.980686603063829,0.03
00e9be89-00001405.jpg,00e9be89-00001410.jpg,orb,2000,2000,73,36,0.4932,0.0365,36.8767,0.0638,0.0263,,rain,6,9.092905202592217,0.0365
00e9be89-00001410.jpg,00e9be89-00001415.jpg,orb,2000,2000,86,22,0.2558,0.043,36.5814,0.0623,0.0383,,rain,6,9.046962897518007,0.043
00e9be89-00001415.jpg,00e9be89-00001420.jpg,orb,2000,2000,53,23,0.434,0.0265,36.566,0.0595,0.0296,,rain,6,8.580300894762805,0.0265
00e9be89-00001420.jpg,00e9be89-00001425.jpg,orb,2000,2000,44,18,0.4091,0.022,36.75,0.0615,0.0261,,rain,6,8.184926307494834,0.022
00e9be89-00001425.jpg,00e9be89-00001430.jpg,orb,2000,2000,71,14,0.1972,0.0355,38.8592,0.0488,0.0281,,rain,6,8.01528639125178,0.0355
00e9be89-00001430.jpg,00e9be89-00001440.jpg,orb,2000,2000,17,6,0.3529,0.0085,43.7647,0.069,0.0281,,rain,6,8.42408980396187,0.0085
00e9be89-00001440.jpg,00e9be89-00001445.jpg,orb,2000,2000,67,23,0.3433,0.0335,35.8209,0.0689,0.0382,,rain,6,8.023213929606896,0.0335
00e9be89-00001445.jpg,00e9be89-00001450.jpg,orb,2000,2000,26,9,0.3462,0.013,40.0385,0.0712,0.0335,,rain,6,7.219176449461303,0.013
00e9be89-00001450.jpg,00e9be89-00001455.jpg,orb,2000,2000,43,30,0.6977,0.0215,38.8372,0.0366,0.0339,,rain,6,7.437419573817742,0.0215
00e9be89-00001455.jpg,00e9be89-00001460.jpg,orb,2000,2000,59,40,0.678,0.0295,36.7119,0.0502,0.0281,,rain,6,7.845086170018966,0.0295
00e9be89-00001460.jpg,00e9be89-00001465.jpg,orb,2000,2000,110,97,0.8818,0.055,33.0455,0.0537,0.0285,,rain,6,7.9432006876793455,0.055
00e9be89-00001465.jpg,00e9be89-00001470.jpg,orb,2000,2000,21,7,0.3333,0.0105,42.2857,0.0642,0.0296,,rain,6,8.821747334747394,0.0105
00e9be89-00001470.jpg,00e9be89-00001475.jpg,orb,2000,2000,51,28,0.549,0.0255,36.8627,0.0564,0.0318,,rain,6,9.727595922750249,0.0255
00e9be89-00001475.jpg,00e9be89-00001480.jpg,orb,2000,2000,28,9,0.3214,0.014,38.25,0.0522,0.0302,,rain,6,9.38714995773378,0.014
00e9be89-00001480.jpg,00e9be89-00001485.jpg,orb,2000,2000,24,8,0.3333,0.012,44.125,0.0573,0.0281,,rain,6,10.4652692196499,0.012
00e9be89-00001485.jpg,00e9be89-00001490.jpg,orb,2000,2000,25,7,0.28,0.0125,40.24,0.0541,0.0344,,rain,6,12.094815500749672,0.0125
00e9be89-00001490.jpg,00e9be89-00001495.jpg,orb,2000,2000,594,585,0.9848,0.297,19.8485,0.0585,0.0281,,rain,6,12.22384403235413,0.297
00e9be89-00001495.jpg,00e9be89-00001500.jpg,orb,2000,2000,802,794,0.99,0.401,15.7107,0.0534,0.0321,,rain,6,12.2287755857437,0.401
00e9be89-00001500.jpg,00e9be89-00001505.jpg,orb,2000,2000,238,200,0.8403,0.119,31.2311,0.0543,0.0322,,rain,6,12.297872378755786,0.119
00e9be89-00001505.jpg,00e9be89-00001510.jpg,orb,2000,2000,29,13,0.4483,0.0145,40.7241,0.0542,0.0296,,rain,6,12.175801692047132,0.0145
00e9be89-00001510.jpg,00e9be89-00001515.jpg,orb,2000,2000,38,14,0.3684,0.019,44.9474,0.0603,0.0281,,rain,6,11.403225420838911,0.019
00e9be89-00001515.jpg,00e9be89-00001520.jpg,orb,2000,2000,9,4,0.4444,0.0045,44.3333,0.0513,0.0271,,rain,6,10.091675684436268,0.0045
00e9be89-00001520.jpg,00e9be89-00001525.jpg,orb,2000,2000,52,28,0.5385,0.026,38.5385,0.0603,0.0283,,rain,6,9.88709747310087,0.026
00e9be89-00001525.jpg,00e9be89-00001535.jpg,orb,2000,2000,29,3,0.1034,0.0145,43.0,0.0625,0.0281,,rain,6,10.014961631030705,0.0145
00e9be89-00001535.jpg,00e9be89-00001540.jpg,orb,2000,2000,12,2,0.1667,0.006,43.25,0.0623,0.0306,,rain,6,8.40134814106328,0.006
00e9be89-00001540.jpg,00e9be89-00001545.jpg,orb,2000,2000,16,6,0.375,0.008,43.375,0.0613,0.0281,,rain,6,7.328449984026932,0.008
00e9be89-00001545.jpg,00e9be89-00001550.jpg,orb,2000,2000,106,71,0.6698,0.053,36.4245,0.0638,0.0292,,rain,6,7.559389609857366,0.053
00e9be89-00001550.jpg,00e9be89-00001555.jpg,orb,2000,2000,368,357,0.9701,0.184,21.6196,0.0683,0.0281,,rain,6,7.562951490968684,0.184
00e9be89-00001555.jpg,00e9be89-00001560.jpg,orb,2000,2000,214,207,0.9673,0.107,27.7196,0.0637,0.0341,,rain,6,7.582792370084506,0.107
00e9be89-00001560.jpg,00e9be89-00001565.jpg,orb,2000,2000,391,367,0.9386,0.1955,22.9949,0.0635,0.0337,,rain,6,7.641704619958253,0.1955
00e9be89-00001565.jpg,00e9be89-00001570.jpg,orb,2000,2000,24,10,0.4167,0.012,40.3333,0.0603,0.0297,,rain,6,8.06727754105593,0.012
00e9be89-00001570.jpg,00e9be89-00001575.jpg,orb,2000,2000,45,14,0.3111,0.0225,40.5111,0.0638,0.0323,,rain,6,8.369387999842175,0.0225
00e9be89-00001575.jpg,00e9be89-00001580.jpg,orb,2000,2000,85,61,0.7176,0.0425,32.5176,0.0557,0.0281,,rain,6,8.17796431606191,0.0425
00e9be89-00001580.jpg,00e9be89-00001585.jpg,orb,2000,2000,37,10,0.2703,0.0185,38.9189,0.0658,0.0281,,rain,6,7.446058586059461,0.0185
00e9be89-00001585.jpg,00e9be89-00001590.jpg,orb,2000,2000,17,5,0.2941,0.0085,42.0588,0.0585,0.0261,,rain,6,6.176335796466272,0.0085
00e9be89-00001590.jpg,00e9be89-00001595.jpg,orb,2000,2000,9,4,0.4444,0.0045,44.2222,0.0637,0.0316,,rain,6,5.322170565154087,0.0045
00e9be89-00001595.jpg,00e9be89-00001600.jpg,orb,2000,2000,20,9,0.45,0.01,42.4,0.0562,0.0261,,rain,6,5.884081987406997,0.01
00e9be89-00001600.jpg,00e9be89-00001605.jpg,orb,2000,2000,72,44,0.6111,0.036,39.4028,0.0582,0.0284,,rain,6,6.452057192446309,0.036
00e9be89-00001605.jpg,00e9be89-00001610.jpg,orb,2000,2000,14,6,0.4286,0.007,41.5714,0.0704,0.0373,,rain,6,7.019205226204502,0.007
00e9be89-00001610.jpg,00e9be89-00001620.jpg,orb,2000,2000,8,4,0.5,0.004,46.375,0.0694,0.0341,,rain,6,7.427505866132368,0.004
00e9be89-00001620.jpg,00e9be89-00001625.jpg,orb,2000,2000,19,10,0.5263,0.0095,36.1579,0.0663,0.0301,,rain,6,7.963785293088832,0.0095
00e9be89-00001625.jpg,00e9be89-00001630.jpg,orb,2000,2000,66,18,0.2727,0.033,37.5909,0.0618,0.0301,,rain,6,9.000956675270142,0.033
00e9be89-00001630.jpg,00e9be89-00001635.jpg,orb,2000,2000,20,5,0.25,0.01,44.1,0.0582,0.0304,,rain,6,9.119096328959415,0.01
00e9be89-00001635.jpg,00e9be89-00001640.jpg,orb,2000,2000,14,4,0.2857,0.007,45.4286,0.0562,0.0276,,rain,6,6.353420038911278,0.007
00e9be89-00001640.jpg,00e9be89-00001645.jpg,orb,2000,2000,11,4,0.3636,0.0055,39.0909,0.0582,0.0304,,rain,6,2.561669418769762,0.0055
00e9be89-00001645.jpg,00e9be89-00001650.jpg,orb,2000,2000,12,4,0.3333,0.006,41.1667,0.0623,0.0281,,rain,6,2.474898120304877,0.006
00e9be89-00001650.jpg,00e9be89-00001655.jpg,orb,2000,2000,10,4,0.4,0.005,48.3,0.0578,0.0301,,rain,6,3.604863055702837,0.005
00e9be89-00001655.jpg,00e9be89-00001665.jpg,orb,2000,2000,7,4,0.5714,0.0035,44.8571,0.0663,0.0276,,rain,6,6.4054486943096265,0.0035
00e9be89-00001665.jpg,00e9be89-00001670.jpg,orb,2000,2000,10,4,0.4,0.005,42.3,0.0627,0.0267,,rain,6,9.157604181144745,0.005
00e9be89-00001670.jpg,00e9be89-00001675.jpg,orb,2000,2000,19,5,0.2632,0.0095,43.1579,0.0683,0.0341,,rain,6,8.46812710962169,0.0095
00e9be89-00001675.jpg,00e9be89-00001680.jpg,orb,2000,2000,12,4,0.3333,0.006,38.6667,0.066,0.0301,,rain,6,7.836221174986047,0.006
00e9be89-00001680.jpg,00e9be89-00001685.jpg,orb,2000,2000,14,4,0.2857,0.007,39.5,0.0637,0.0281,,rain,6,8.166715567461736,0.007
00e9be89-00001685.jpg,00e9be89-00001690.jpg,orb,2000,2000,16,5,0.3125,0.008,42.375,0.0622,0.0287,,rain,6,10.042254160406484,0.008
00e9be89-00001690.jpg,00e9be89-00001695.jpg,orb,2000,2000,19,5,0.2632,0.0095,41.3158,0.0557,0.0301,,rain,6,12.338753611250237,0.0095
00e9be89-00001695.jpg,00e9be89-00001705.jpg,orb,2000,2000,11,4,0.3636,0.0055,40.0909,0.0517,0.0281,,rain,6,11.376189604018425,0.0055
00e9be89-00001705.jpg,00e9be89-00001710.jpg,orb,2000,2000,60,41,0.6833,0.03,38.4333,0.0522,0.0281,,rain,6,9.754476725913046,0.03
00e9be89-00001710.jpg,00e9be89-00001715.jpg,orb,2000,2000,31,18,0.5806,0.0155,39.0,0.0539,0.0291,,rain,6,9.566164933366686,0.0155
00e9be89-00001715.jpg,00e9be89-00001720.jpg,orb,2000,2000,34,25,0.7353,0.017,37.1471,0.0583,0.0292,,rain,6,9.678703025877262,0.017034068136272545
00e9be89-00001720.jpg,00e9be89-00001725.jpg,orb,2000,2000,52,39,0.75,0.026,36.5192,0.0572,0.0279,,rain,6,9.733321517246877,0.026052104208416832
00e9be89-00001725.jpg,00e9be89-00001730.jpg,orb,2000,2000,62,48,0.7742,0.031,35.9839,0.0667,0.0342,,rain,6,9.714394388578931,0.031
00e9be89-00001730.jpg,00e9be89-00001740.jpg,orb,2000,2000,14,6,0.4286,0.007,41.7143,0.0629,0.0294,,rain,6,9.846326214790054,0.007
00e9be89-00001740.jpg,00e9be89-00001745.jpg,orb,2000,2000,6,4,0.6667,0.003,47.1667,0.0663,0.0294,,rain,6,7.963656128186161,0.003
00e9be89-00001745.jpg,00e9be89-00001750.jpg,orb,2000,2000,6,4,0.6667,0.003,47.0,0.0602,0.0296,,rain,6,7.417139374469926,0.003
00e9be89-00001750.jpg,00e9be89-00001755.jpg,orb,2000,2000,36,25,0.6944,0.018,41.5,0.0537,0.0281,,rain,6,9.59261650416133,0.018
00e9be89-00001755.jpg,00e9be89-00001760.jpg,orb,2000,2000,12,5,0.4167,0.006,46.4167,0.0578,0.0321,,rain,6,10.391245915606774,0.006
00e9be89-00001760.jpg,00e9be89-00001765.jpg,orb,2000,2000,11,5,0.4545,0.0055,41.3636,0.0602,0.0276,,rain,6,9.352056583976385,0.0055
00e9be89-00001765.jpg,00e9be89-00001770.jpg,orb,2000,2000,17,10,0.5882,0.0085,35.3529,0.0683,0.0261,,rain,6,8.279748978491481,0.0085
00e9be89-00001770.jpg,00e9be89-00001775.jpg,orb,2000,2000,24,17,0.7083,0.012,28.3333,0.0663,0.0296,,rain,6,8.455941149072999,0.012
00e9be89-00001775.jpg,00e9be89-00001780.jpg,orb,2000,2000,13,3,0.2308,0.0065,46.3077,0.0582,0.0284,,rain,6,9.30701442825974,0.0065
00e9be89-00001780.jpg,00e9be89-00001785.jpg,orb,2000,2000,13,5,0.3846,0.0065,48.9231,0.0643,0.0281,,rain,6,9.693340965556429,0.0065
00e9be89-00001785.jpg,00e9be89-00001795.jpg,orb,2000,2000,8,4,0.5,0.004,44.0,0.0541,0.0316,,rain,6,9.050652588587194,0.004
00e9be89-00001795.jpg,00e9be89-00001800.jpg,orb,2000,2000,850,844,0.9929,0.425,23.2906,0.0603,0.0344,,rain,6,9.293620018328776,0.425
00e9be89-00001800.jpg,00e9be89-00001810.jpg,orb,2000,2000,78,29,0.3718,0.039,38.9615,0.0538,0.0281,,rain,6,9.814928288487152,0.039
00e9be89-00001810.jpg,00e9be89-00001815.jpg,orb,2000,2000,60,31,0.5167,0.03,36.5667,0.0559,0.0281,,rain,6,9.73584053188604,0.03
00e9be89-00001815.jpg,00e9be89-00001820.jpg,orb,2000,2000,16,7,0.4375,0.008,42.9375,0.0598,0.0281,,rain,6,9.864757757060758,0.008
00e9be89-00001820.jpg,00e9be89-00001825.jpg,orb,2000,2000,23,9,0.3913,0.0115,43.2174,0.0562,0.0281,,rain,6,9.810274881968205,0.0115
00e9be89-00001825.jpg,00e9be89-00001830.jpg,orb,2000,2000,22,11,0.5,0.011,38.5455,0.0565,0.0301,,rain,6,9.431114090890802,0.011
00e9be89-00001830.jpg,00e9be89-00001840.jpg,orb,2000,2000,14,5,0.3571,0.007,44.7857,0.0643,0.0293,,rain,6,8.742522434213576,0.007
00e9be89-00001840.jpg,00e9be89-00001845.jpg,orb,2000,2000,1221,1211,0.9918,0.6105,17.1294,0.0668,0.0261,,rain,6,8.324629105569798,0.6105
00e9be89-00001845.jpg,00e9be89-00001865.jpg,orb,2000,2000,1006,1003,0.997,0.503,19.2425,0.0563,0.0265,,rain,6,8.249996009870424,0.503
00e9be89-00001865.jpg,00e9be89-00001870.jpg,orb,2000,2000,1045,1037,0.9923,0.5225,19.8526,0.0582,0.0301,,rain,6,8.322672451231185,0.5225
00e9be89-00001870.jpg,00e9be89-00001875.jpg,orb,2000,2000,1158,1149,0.9922,0.579,17.0613,0.0775,0.0336,,rain,6,8.37604336093452,0.579
00e9be89-00001875.jpg,00e9be89-00001885.jpg,orb,2000,2000,1168,1160,0.9932,0.584,18.8767,0.0724,0.0311,,rain,6,8.259367427345797,0.584
00e9be89-00001885.jpg,00e9be89-00001890.jpg,orb,2000,2000,1213,1205,0.9934,0.6065,17.5334,0.0603,0.0281,,rain,6,8.20976013947148,0.6065
00e9be89-00001890.jpg,00e9be89-00001895.jpg,orb,2000,2000,1181,1178,0.9975,0.5905,17.1931,0.0676,0.0281,,rain,6,8.273499052871063,0.5905
00e9be89-00001895.jpg,00e9be89-00001900.jpg,orb,2000,2000,1168,1163,0.9957,0.584,18.6241,0.0547,0.0299,,rain,6,8.352026922462183,0.584
00e9be89-00001900.jpg,00e9be89-00001905.jpg,orb,2000,2000,219,152,0.6941,0.1095,33.274,0.0618,0.0301,,rain,6,8.482185581216417,0.1095
00e9be89-00001905.jpg,00e9be89-00001915.jpg,orb,2000,2000,16,5,0.3125,0.008,45.75,0.0678,0.0322,,rain,6,8.869870506579698,0.008
00e9be89-00000015.jpg,00e9be89-00000100.jpg,orb,2000,2000,3,0,0.0,0.0015,49.0,0.0823,0.0276,C:\Users\amit\Project_digital_image_processing__Amit_Alon\outputs\visualizations\task2\degraded_visualizations\rain\level_7\match_00e9be89-00000015__00e9be89-00000100.png,rain,7,6.402741217508125,0.0015
00e9be89-00000100.jpg,00e9be89-00000105.jpg,orb,2000,2000,967,961,0.9938,0.4835,24.3733,0.0738,0.0261,,rain,7,7.945829318436166,0.4835
00e9be89-00000105.jpg,00e9be89-00000110.jpg,orb,2000,2000,985,978,0.9929,0.4925,22.0071,0.0788,0.0362,,rain,7,7.925097134998976,0.4925
00e9be89-00000110.jpg,00e9be89-00000115.jpg,orb,2000,2000,1003,995,0.992,0.5015,22.5892,0.0825,0.0327,,rain,7,7.937719432192172,0.5015
00e9be89-00000115.jpg,00e9be89-00000120.jpg,orb,2000,2000,1166,1158,0.9931,0.583,19.3233,0.083,0.0281,,rain,7,7.959312218583177,0.583
00e9be89-00000120.jpg,00e9be89-00000125.jpg,orb,2000,2000,356,344,0.9663,0.178,34.0421,0.0755,0.0275,,rain,7,7.354098516533305,0.178
00e9be89-00000125.jpg,00e9be89-00000130.jpg,orb,2000,2000,835,826,0.9892,0.4175,24.4012,0.0742,0.0301,,rain,7,6.997326737176634,0.4175
00e9be89-00000130.jpg,00e9be89-00000135.jpg,orb,2000,2000,910,905,0.9945,0.455,23.5495,0.0917,0.0356,,rain,7,7.555166759194203,0.455
00e9be89-00000135.jpg,00e9be89-00000140.jpg,orb,2000,2000,982,969,0.9868,0.491,23.4226,0.0826,0.0316,,rain,7,7.893023196594144,0.491
00e9be89-00000140.jpg,00e9be89-00000145.jpg,orb,2000,2000,85,63,0.7412,0.0425,38.1294,0.0763,0.0276,,rain,7,7.926040832833332,0.0425
00e9be89-00000145.jpg,00e9be89-00000150.jpg,orb,2000,2000,10,4,0.4,0.005,46.6,0.0849,0.0301,,rain,7,6.267257211960916,0.005
00e9be89-00000150.jpg,00e9be89-00000160.jpg,orb,2000,2000,8,4,0.5,0.004,45.5,0.0783,0.0296,,rain,7,4.788467688039062,0.004
00e9be89-00000160.jpg,00e9be89-00000165.jpg,orb,2000,2000,14,4,0.2857,0.007,43.6429,0.0678,0.0274,,rain,7,4.439848101730687,0.007
00e9be89-00000165.jpg,00e9be89-00000175.jpg,orb,2000,2000,6,4,0.6667,0.003,41.3333,0.0764,0.0361,,rain,7,5.180512241295393,0.003
00e9be89-00000175.jpg,00e9be89-00000190.jpg,orb,2000,2000,3,0,0.0,0.0015,46.0,0.0778,0.0301,,rain,7,5.858599726818024,0.0015
00e9be89-00000190.jpg,00e9be89-00001000.jpg,orb,2000,2000,8,4,0.5,0.004,41.0,0.0653,0.0281,,rain,7,6.699008964983877,0.004
00e9be89-00001000.jpg,00e9be89-00001005.jpg,orb,2000,2000,6,4,0.6667,0.003,38.6667,0.0522,0.0281,,rain,7,8.672653724060776,0.003
00e9be89-00001005.jpg,00e9be89-00001010.jpg,orb,2000,2000,9,4,0.4444,0.0045,40.5556,0.0567,0.0302,,rain,7,9.458379264622849,0.0045
00e9be89-00001010.jpg,00e9be89-00001015.jpg,orb,2000,1968,19,6,0.3158,0.0097,39.2632,0.0565,0.0316,,rain,7,9.956881899758285,0.009538152610441768
00e9be89-00001015.jpg,00e9be89-00001020.jpg,orb,1968,2000,17,5,0.2941,0.0086,42.4118,0.056,0.0301,,rain,7,9.92558138610465,0.00853413654618474
00e9be89-00001020.jpg,00e9be89-00001025.jpg,orb,2000,2000,14,5,0.3571,0.007,41.6429,0.0598,0.0341,,rain,7,9.69782886963232,0.007
00e9be89-00001025.jpg,00e9be89-00001030.jpg,orb,2000,2000,19,6,0.3158,0.0095,40.5263,0.0578,0.0301,,rain,7,9.684733641205389,0.0095
00e9be89-00001030.jpg,00e9be89-00001035.jpg,orb,2000,2000,54,32,0.5926,0.027,37.3148,0.057,0.0316,,rain,7,9.650605033069624,0.027
00e9be89-00001035.jpg,00e9be89-00001040.jpg,orb,2000,1994,54,29,0.537,0.0271,37.9444,0.0638,0.0301,,rain,7,9.748203314581977,0.027
00e9be89-00001040.jpg,00e9be89-00001045.jpg,orb,1994,2000,100,60,0.6,0.0502,36.33,0.0643,0.0301,,rain,7,9.808707760853586,0.05
00e9be89-00001045.jpg,00e9be89-00001050.jpg,orb,2000,2000,43,13,0.3023,0.0215,41.1163,0.0473,0.0346,,rain,7,9.777564552057402,0.0215
00e9be89-00001050.jpg,00e9be89-00001055.jpg,orb,2000,2000,43,17,0.3953,0.0215,42.814,0.0583,0.0364,,rain,7,9.705940073190607,0.0215
00e9be89-00001055.jpg,00e9be89-00001060.jpg,orb,2000,2000,25,14,0.56,0.0125,41.2,0.0578,0.0391,,rain,7,9.732614487279871,0.0125
00e9be89-00001060.jpg,00e9be89-00001065.jpg,orb,2000,2000,28,19,0.6786,0.014,39.0357,0.0691,0.0374,,rain,7,9.577003120217562,0.014
00e9be89-00001065.jpg,00e9be89-00001070.jpg,orb,2000,2000,60,46,0.7667,0.03,39.2833,0.0642,0.0322,,rain,7,9.371568351286246,0.03
00e9be89-00001070.jpg,00e9be89-00001075.jpg,orb,2000,2000,30,12,0.4,0.015,40.4333,0.0683,0.0261,,rain,7,8.82917526838747,0.015
00e9be89-00001075.jpg,00e9be89-00001080.jpg,orb,2000,2000,12,5,0.4167,0.006,42.6667,0.0548,0.0261,,rain,7,8.94429505333389,0.006
00e9be89-00001080.jpg,00e9be89-00001090.jpg,orb,2000,2000,20,8,0.4,0.01,40.4,0.0502,0.0286,,rain,7,10.107228258102804,0.01
00e9be89-00001090.jpg,00e9be89-00001095.jpg,orb,2000,2000,26,14,0.5385,0.013,41.2308,0.0576,0.0321,,rain,7,10.61656662296796,0.013
00e9be89-00001095.jpg,00e9be89-00001100.jpg,orb,2000,2000,16,7,0.4375,0.008,46.375,0.0657,0.0301,,rain,7,10.582638704475874,0.008
00e9be89-00001100.jpg,00e9be89-00001105.jpg,orb,2000,2000,26,4,0.1538,0.013,45.0,0.0634,0.0314,,rain,7,10.15951026365686,0.013
00e9be89-00001105.jpg,00e9be89-00001115.jpg,orb,2000,2000,10,5,0.5,0.005,44.5,0.0683,0.0362,,rain,7,9.243671787835837,0.005
00e9be89-00001115.jpg,00e9be89-00001125.jpg,orb,2000,2000,8,4,0.5,0.004,51.75,0.0523,0.0301,,rain,7,9.409062276860954,0.004
00e9be89-00001125.jpg,00e9be89-00001130.jpg,orb,2000,2000,28,12,0.4286,0.014,39.6429,0.0577,0.0281,,rain,7,9.737525571388677,0.014
00e9be89-00001130.jpg,00e9be89-00001135.jpg,orb,2000,2000,35,27,0.7714,0.0175,34.8857,0.0542,0.0281,,rain,7,10.125878979101564,0.0175
00e9be89-00001135.jpg,00e9be89-00001140.jpg,orb,2000,2000,55,39,0.7091,0.0275,35.3636,0.0562,0.0281,,rain,7,10.807943120127389,0.0275
00e9be89-00001140.jpg,00e9be89-00001150.jpg,orb,2000,2000,31,18,0.5806,0.0155,38.4839,0.0659,0.0321,,rain,7,11.023064211338342,0.0155
00e9be89-00001150.jpg,00e9be89-00001155.jpg,orb,2000,2000,39,27,0.6923,0.0195,39.0256,0.0527,0.0299,,rain,7,11.332228155141983,0.0195
00e9be89-00001155.jpg,00e9be89-00001160.jpg,orb,2000,2000,37,21,0.5676,0.0185,37.973,0.0677,0.0364,,rain,7,11.31650364846687,0.0185
00e9be89-00001160.jpg,00e9be89-00001165.jpg,orb,2000,2000,19,10,0.5263,0.0095,42.2105,0.0521,0.0403,,rain,7,11.416062742418871,0.0095
00e9be89-00001165.jpg,00e9be89-00001170.jpg,orb,2000,2000,24,11,0.4583,0.012,38.8333,0.0501,0.0281,,rain,7,11.27796405599286,0.012
00e9be89-00001170.jpg,00e9be89-00001175.jpg,orb,2000,2000,18,8,0.4444,0.009,43.1667,0.0522,0.0299,,rain,7,11.39147337934418,0.009
00e9be89-00001175.jpg,00e9be89-00001180.jpg,orb,2000,2000,37,20,0.5405,0.0185,38.4595,0.0557,0.0321,,rain,7,11.683488384000771,0.0185
00e9be89-00001180.jpg,00e9be89-00001185.jpg,orb,2000,2000,25,8,0.32,0.0125,42.64,0.0583,0.0331,,rain,7,11.383055914490928,0.0125
00e9be89-00001185.jpg,00e9be89-00001190.jpg,orb,2000,2000,10,6,0.6,0.005,45.0,0.0603,0.0261,,rain,7,10.69040305903107,0.005
00e9be89-00001190.jpg,00e9be89-00001195.jpg,orb,2000,2000,4,4,1.0,0.002,43.75,0.0562,0.0284,,rain,7,7.7445875591725635,0.002
00e9be89-00001195.jpg,00e9be89-00001200.jpg,orb,2000,1989,13,5,0.3846,0.0065,44.3846,0.0585,0.0286,,rain,7,8.55448281642391,0.006542526421741319
00e9be89-00001200.jpg,00e9be89-00001205.jpg,orb,1989,1997,19,6,0.3158,0.0096,39.0,0.0321,0.0285,,rain,7,11.863877603482198,0.009562154001006542
00e9be89-00001205.jpg,00e9be89-00001210.jpg,orb,1997,2000,9,4,0.4444,0.0045,41.4444,0.0462,0.0276,,rain,7,11.862431957540416,0.0045090180360721445
00e9be89-00001210.jpg,00e9be89-00001215.jpg,orb,2000,2000,17,9,0.5294,0.0085,42.4118,0.0571,0.0387,,rain,7,11.525267128414873,0.0085
00e9be89-00001215.jpg,00e9be89-00001220.jpg,orb,2000,2000,13,5,0.3846,0.0065,45.0,0.0711,0.0352,,rain,7,10.327545464632855,0.0065
00e9be89-00001220.jpg,00e9be89-00001225.jpg,orb,2000,2000,23,6,0.2609,0.0115,42.6957,0.0643,0.0273,,rain,7,10.527708380075415,0.0115
00e9be89-00001225.jpg,00e9be89-00001230.jpg,orb,2000,2000,18,2,0.1111,0.009,43.3333,0.0585,0.0281,,rain,7,11.554613691462752,0.009
00e9be89-00001230.jpg,00e9be89-00001240.jpg,orb,2000,1726,37,25,0.6757,0.0214,38.3243,0.0542,0.0276,,rain,7,11.544265243041757,0.02034084661902144
00e9be89-00001240.jpg,00e9be89-00001245.jpg,orb,1726,2000,43,23,0.5349,0.0249,36.2093,0.0493,0.0241,,rain,7,10.93368514557051,0.023639362286970864
00e9be89-00001245.jpg,00e9be89-00001250.jpg,orb,2000,2000,25,1,0.04,0.0125,43.04,0.0593,0.0331,,rain,7,11.299577345871947,0.0125
00e9be89-00001250.jpg,00e9be89-00001255.jpg,orb,2000,2000,12,4,0.3333,0.006,41.6667,0.0624,0.0324,,rain,7,12.226367838279078,0.006
00e9be89-00001255.jpg,00e9be89-00001260.jpg,orb,2000,2000,14,7,0.5,0.007,40.5,0.0582,0.0266,,rain,7,11.846794866460971,0.007
00e9be89-00001260.jpg,00e9be89-00001265.jpg,orb,2000,2000,24,10,0.4167,0.012,43.9167,0.0562,0.0281,,rain,7,9.847725260693082,0.012
00e9be89-00001265.jpg,00e9be89-00001270.jpg,orb,2000,2000,6,4,0.6667,0.003,49.6667,0.0597,0.0301,,rain,7,6.972323224599686,0.003
00e9be89-00001270.jpg,00e9be89-00001275.jpg,orb,2000,2000,6,4,0.6667,0.003,43.6667,0.0733,0.0385,,rain,7,6.828555246744127,0.003
00e9be89-00001275.jpg,00e9be89-00001280.jpg,orb,2000,2000,12,4,0.3333,0.006,45.0,0.0793,0.0301,,rain,7,6.392045299782955,0.006
00e9be89-00001280.jpg,00e9be89-00001285.jpg,orb,2000,2000,7,4,0.5714,0.0035,43.1429,0.0718,0.0284,,rain,7,3.716271257148966,0.0035
00e9be89-00001285.jpg,00e9be89-00001290.jpg,orb,2000,2000,11,6,0.5455,0.0055,42.5455,0.0598,0.0301,,rain,7,4.781931030381711,0.0055
00e9be89-00001290.jpg,00e9be89-00001295.jpg,orb,2000,2000,14,5,0.3571,0.007,46.2143,0.0641,0.0301,,rain,7,5.942230224344639,0.007
00e9be89-00001295.jpg,00e9be89-00001305.jpg,orb,2000,2000,12,5,0.4167,0.006,44.5,0.0508,0.0273,,rain,7,5.483069645791836,0.006
00e9be89-00001305.jpg,00e9be89-00001310.jpg,orb,2000,2000,8,4,0.5,0.004,47.25,0.0713,0.0246,,rain,7,5.63087983654884,0.004
00e9be89-00001310.jpg,00e9be89-00001315.jpg,orb,2000,2000,4,4,1.0,0.002,46.75,0.0629,0.0301,,rain,7,3.6262995922743215,0.002
00e9be89-00001315.jpg,00e9be89-00001325.jpg,orb,2000,2000,15,5,0.3333,0.0075,42.6667,0.0664,0.0321,,rain,7,2.2177803616797727,0.0075
00e9be89-00001325.jpg,00e9be89-00001330.jpg,orb,2000,2000,13,6,0.4615,0.0065,36.4615,0.0537,0.0281,,rain,7,1.9367499105303765,0.0065
00e9be89-00001330.jpg,00e9be89-00001335.jpg,orb,2000,2000,12,6,0.5,0.006,41.1667,0.0695,0.0407,,rain,7,4.367491727050456,0.006
00e9be89-00001335.jpg,00e9be89-00001340.jpg,orb,2000,2000,8,4,0.5,0.004,43.0,0.0599,0.0343,,rain,7,8.111801499536174,0.004
00e9be89-00001340.jpg,00e9be89-00001345.jpg,orb,2000,2000,9,4,0.4444,0.0045,45.1111,0.0664,0.0281,,rain,7,8.592148875951448,0.0045
00e9be89-00001345.jpg,00e9be89-00001350.jpg,orb,2000,2000,10,6,0.6,0.005,44.8,0.0624,0.0327,,rain,7,7.967829391743916,0.005
00e9be89-00001350.jpg,00e9be89-00001355.jpg,orb,2000,2000,15,5,0.3333,0.0075,45.6,0.0663,0.0316,,rain,7,8.273833432715993,0.0075
00e9be89-00001355.jpg,00e9be89-00001360.jpg,orb,2000,2000,26,8,0.3077,0.013,43.4615,0.07,0.0362,,rain,7,8.047533579960376,0.013
00e9be89-00001360.jpg,00e9be89-00001365.jpg,orb,2000,2000,7,4,0.5714,0.0035,48.4286,0.0692,0.0301,,rain,7,7.679412155357902,0.0035
00e9be89-00001365.jpg,00e9be89-00001370.jpg,orb,2000,2000,25,6,0.24,0.0125,41.88,0.0678,0.0321,,rain,7,8.148562394948028,0.0125
00e9be89-00001370.jpg,00e9be89-00001375.jpg,orb,2000,2000,55,23,0.4182,0.0275,35.9091,0.0683,0.0296,,rain,7,8.128097491240705,0.0275
00e9be89-00001375.jpg,00e9be89-00001380.jpg,orb,2000,2000,103,45,0.4369,0.0515,38.0777,0.0781,0.0405,,rain,7,8.161574932326253,0.0515
00e9be89-00001380.jpg,00e9be89-00001385.jpg,orb,2000,2000,76,24,0.3158,0.038,38.3684,0.0624,0.0321,,rain,7,8.291603063807273,0.038
00e9be89-00001385.jpg,00e9be89-00001390.jpg,orb,2000,2000,24,8,0.3333,0.012,36.9167,0.0679,0.0306,,rain,7,7.844352716513977,0.012
00e9be89-00001390.jpg,00e9be89-00001395.jpg,orb,2000,2000,29,7,0.2414,0.0145,33.6207,0.0678,0.0281,,rain,7,7.568947078968056,0.0145
00e9be89-00001395.jpg,00e9be89-00001400.jpg,orb,2000,2000,64,18,0.2812,0.032,34.4531,0.0655,0.0301,,rain,7,7.926289319536379,0.032
00e9be89-00001400.jpg,00e9be89-00001405.jpg,orb,2000,2000,55,14,0.2545,0.0275,36.2545,0.0603,0.0304,,rain,7,8.04086555149151,0.0275
00e9be89-00001405.jpg,00e9be89-00001410.jpg,orb,2000,2000,70,23,0.3286,0.035,35.7714,0.0542,0.0301,,rain,7,8.178903613939987,0.035
00e9be89-00001410.jpg,00e9be89-00001415.jpg,orb,2000,2000,112,29,0.2589,0.056,34.5893,0.0643,0.0296,,rain,7,8.135954392814554,0.056
00e9be89-00001415.jpg,00e9be89-00001420.jpg,orb,2000,2000,58,21,0.3621,0.029,32.9828,0.0603,0.0316,,rain,7,7.642630277440483,0.029
00e9be89-00001420.jpg,00e9be89-00001425.jpg,orb,2000,2000,42,18,0.4286,0.021,34.8095,0.0542,0.0321,,rain,7,7.245609172456021,0.021
00e9be89-00001425.jpg,00e9be89-00001430.jpg,orb,2000,2000,61,22,0.3607,0.0305,36.918,0.0658,0.0321,,rain,7,7.091387673846334,0.0305
00e9be89-00001430.jpg,00e9be89-00001440.jpg,orb,2000,2000,22,6,0.2727,0.011,40.5909,0.0663,0.0336,,rain,7,7.503688519687912,0.011
00e9be89-00001440.jpg,00e9be89-00001445.jpg,orb,2000,2000,40,17,0.425,0.02,33.375,0.0641,0.0303,,rain,7,7.102510893718286,0.02
00e9be89-00001445.jpg,00e9be89-00001450.jpg,orb,2000,2000,35,11,0.3143,0.0175,41.2571,0.0623,0.0284,,rain,7,6.242104388859241,0.0175
00e9be89-00001450.jpg,00e9be89-00001455.jpg,orb,2000,2000,47,30,0.6383,0.0235,39.617,0.0537,0.0281,,rain,7,6.413675634254371,0.0235
00e9be89-00001455.jpg,00e9be89-00001460.jpg,orb,2000,2000,68,40,0.5882,0.034,38.4118,0.0585,0.0261,,rain,7,6.840964867631676,0.034
00e9be89-00001460.jpg,00e9be89-00001465.jpg,orb,2000,2000,97,69,0.7113,0.0485,34.8969,0.0477,0.0281,,rain,7,6.951748847180547,0.0485
00e9be89-00001465.jpg,00e9be89-00001470.jpg,orb,2000,2000,19,5,0.2632,0.0095,42.8947,0.0545,0.0321,,rain,7,7.872315302246029,0.0095
00e9be89-00001470.jpg,00e9be89-00001475.jpg,orb,2000,2000,45,24,0.5333,0.0225,37.3111,0.0541,0.0348,,rain,7,8.79948996230413,0.0225
00e9be89-00001475.jpg,00e9be89-00001480.jpg,orb,2000,2000,22,10,0.4545,0.011,40.9545,0.0524,0.0296,,rain,7,8.41863140402446,0.011
00e9be89-00001480.jpg,00e9be89-00001485.jpg,orb,2000,2000,16,7,0.4375,0.008,38.125,0.0571,0.0334,,rain,7,9.487191067165462,0.008
00e9be89-00001485.jpg,00e9be89-00001490.jpg,orb,2000,2000,22,8,0.3636,0.011,38.7273,0.0591,0.0313,,rain,7,11.125894364084202,0.011
00e9be89-00001490.jpg,00e9be89-00001495.jpg,orb,2000,2000,572,557,0.9738,0.286,20.715,0.0543,0.0301,,rain,7,11.250685330575704,0.286
00e9be89-00001495.jpg,00e9be89-00001500.jpg,orb,2000,2000,805,795,0.9876,0.4025,16.1727,0.0532,0.0281,,rain,7,11.255503381463502,0.4025
00e9be89-00001500.jpg,00e9be89-00001505.jpg,orb,2000,2000,254,211,0.8307,0.127,30.2087,0.0583,0.0261,,rain,7,11.328169499569892,0.127
00e9be89-00001505.jpg,00e9be89-00001510.jpg,orb,2000,2000,39,12,0.3077,0.0195,42.5641,0.0482,0.0281,,rain,7,11.2054450921101,0.0195
00e9be89-00001510.jpg,00e9be89-00001515.jpg,orb,2000,2000,27,10,0.3704,0.0135,40.2593,0.0517,0.0286,,rain,7,10.409086807370596,0.0135
00e9be89-00001515.jpg,00e9be89-00001520.jpg,orb,2000,2000,12,5,0.4167,0.006,42.5833,0.0557,0.0281,,rain,7,9.052278964334668,0.006
00e9be89-00001520.jpg,00e9be89-00001525.jpg,orb,2000,2000,57,29,0.5088,0.0285,39.2982,0.0581,0.0298,,rain,7,8.830370072113304,0.0285
00e9be89-00001525.jpg,00e9be89-00001535.jpg,orb,2000,2000,23,5,0.2174,0.0115,43.2174,0.0618,0.0281,,rain,7,8.965253731318695,0.0115
00e9be89-00001535.jpg,00e9be89-00001540.jpg,orb,2000,2000,11,5,0.4545,0.0055,46.3636,0.0645,0.0372,,rain,7,7.337536640981547,0.0055
00e9be89-00001540.jpg,00e9be89-00001545.jpg,orb,2000,2000,14,5,0.3571,0.007,41.6429,0.0667,0.0341,,rain,7,6.252903404911624,0.007
00e9be89-00001545.jpg,00e9be89-00001550.jpg,orb,2000,2000,94,68,0.7234,0.047,35.0319,0.0582,0.0341,,rain,7,6.488263827108764,0.047
00e9be89-00001550.jpg,00e9be89-00001555.jpg,orb,2000,2000,382,370,0.9686,0.191,21.8874,0.0622,0.0297,,rain,7,6.492316248826251,0.191
00e9be89-00001555.jpg,00e9be89-00001560.jpg,orb,2000,2000,216,197,0.912,0.108,28.1343,0.0658,0.0281,,rain,7,6.511638520372738,0.108
00e9be89-00001560.jpg,00e9be89-00001565.jpg,orb,2000,2000,399,370,0.9273,0.1995,23.3634,0.0542,0.0329,,rain,7,6.56787429223382,0.1995
00e9be89-00001565.jpg,00e9be89-00001570.jpg,orb,2000,2000,24,12,0.5,0.012,36.5833,0.0643,0.0261,,rain,7,6.991089903368155,0.012
00e9be89-00001570.jpg,00e9be89-00001575.jpg,orb,2000,2000,39,16,0.4103,0.0195,39.2308,0.0575,0.0271,,rain,7,7.312090148038637,0.0195
00e9be89-00001575.jpg,00e9be89-00001580.jpg,orb,2000,2000,62,42,0.6774,0.031,34.4355,0.0562,0.0281,,rain,7,7.142519747588652,0.031
00e9be89-00001580.jpg,00e9be89-00001585.jpg,orb,2000,2000,30,13,0.4333,0.015,39.8,0.0577,0.0281,,rain,7,6.414596828235977,0.015
00e9be89-00001585.jpg,00e9be89-00001590.jpg,orb,2000,2000,13,5,0.3846,0.0065,44.0769,0.0557,0.0301,,rain,7,5.138879480649062,0.0065
00e9be89-00001590.jpg,00e9be89-00001595.jpg,orb,2000,2000,12,4,0.3333,0.006,47.1667,0.0736,0.0342,,rain,7,4.255936740270854,0.006
00e9be89-00001595.jpg,00e9be89-00001600.jpg,orb,2000,2000,30,11,0.3667,0.015,42.8,0.0681,0.0341,,rain,7,4.849329867091546,0.015
00e9be89-00001600.jpg,00e9be89-00001605.jpg,orb,2000,2000,58,33,0.569,0.029,38.6897,0.0638,0.0382,,rain,7,5.4743433756908,0.029
00e9be89-00001605.jpg,00e9be89-00001610.jpg,orb,2000,2000,16,7,0.4375,0.008,46.4375,0.0562,0.0296,,rain,7,6.044987370189652,0.008
00e9be89-00001610.jpg,00e9be89-00001620.jpg,orb,2000,2000,9,4,0.4444,0.0045,47.6667,0.0643,0.0282,,rain,7,6.426412477826719,0.0045
00e9be89-00001620.jpg,00e9be89-00001625.jpg,orb,2000,2000,22,8,0.3636,0.011,40.4545,0.0674,0.0321,,rain,7,7.0007093101580695,0.011
00e9be89-00001625.jpg,00e9be89-00001630.jpg,orb,2000,2000,53,11,0.2075,0.0265,36.434,0.0565,0.0281,,rain,7,8.090935109948273,0.0265
00e9be89-00001630.jpg,00e9be89-00001635.jpg,orb,2000,2000,14,5,0.3571,0.007,41.6429,0.0542,0.0301,,rain,7,8.183301262805362,0.007
00e9be89-00001635.jpg,00e9be89-00001640.jpg,orb,2000,2000,11,5,0.4545,0.0055,44.7273,0.0562,0.0276,,rain,7,5.3457483983363066,0.0055
00e9be89-00001640.jpg,00e9be89-00001645.jpg,orb,2000,2000,11,5,0.4545,0.0055,42.2727,0.0643,0.0301,,rain,7,1.5051416418192551,0.0055
00e9be89-00001645.jpg,00e9be89-00001650.jpg,orb,2000,2000,12,5,0.4167,0.006,44.9167,0.0701,0.0436,,rain,7,1.4205134546921483,0.006
00e9be89-00001650.jpg,00e9be89-00001655.jpg,orb,2000,2000,18,7,0.3889,0.009,43.1667,0.0635,0.0377,,rain,7,2.54663973421662,0.009
00e9be89-00001655.jpg,00e9be89-00001665.jpg,orb,2000,2000,14,5,0.3571,0.007,45.2857,0.0617,0.0281,,rain,7,5.403675291509137,0.007
00e9be89-00001665.jpg,00e9be89-00001670.jpg,orb,2000,2000,14,4,0.2857,0.007,44.4286,0.0617,0.0261,,rain,7,8.199718797232157,0.007
00e9be89-00001670.jpg,00e9be89-00001675.jpg,orb,2000,2000,26,6,0.2308,0.013,42.2692,0.0557,0.0292,,rain,7,7.496991143645328,0.013
00e9be89-00001675.jpg,00e9be89-00001680.jpg,orb,2000,2000,26,9,0.3462,0.013,41.9615,0.0582,0.0281,,rain,7,6.868828222762301,0.013
00e9be89-00001680.jpg,00e9be89-00001685.jpg,orb,2000,2000,12,4,0.3333,0.006,38.75,0.0652,0.0281,,rain,7,7.211330382204221,0.006
00e9be89-00001685.jpg,00e9be89-00001690.jpg,orb,2000,2000,13,1,0.0769,0.0065,40.2308,0.0627,0.0282,,rain,7,9.087188442226802,0.0065
00e9be89-00001690.jpg,00e9be89-00001695.jpg,orb,2000,2000,13,5,0.3846,0.0065,42.3846,0.0571,0.0281,,rain,7,11.384326315769975,0.0065
00e9be89-00001695.jpg,00e9be89-00001705.jpg,orb,2000,2000,14,5,0.3571,0.007,45.0,0.0517,0.0281,,rain,7,10.415813676829952,0.007
00e9be89-00001705.jpg,00e9be89-00001710.jpg,orb,2000,2000,52,34,0.6538,0.026,39.1538,0.0618,0.0395,,rain,7,8.778249879734101,0.026
00e9be89-00001710.jpg,00e9be89-00001715.jpg,orb,2000,2000,28,18,0.6429,0.014,41.6429,0.0588,0.0343,,rain,7,8.594604075218886,0.014
00e9be89-00001715.jpg,00e9be89-00001720.jpg,orb,2000,2000,34,25,0.7353,0.017,35.3529,0.0648,0.0321,,rain,7,8.727694167382495,0.017034068136272545
00e9be89-00001720.jpg,00e9be89-00001725.jpg,orb,2000,2000,46,33,0.7174,0.023,36.4783,0.0557,0.0321,,rain,7,8.791045987623074,0.023046092184368736
00e9be89-00001725.jpg,00e9be89-00001730.jpg,orb,2000,2000,46,35,0.7609,0.023,33.6739,0.0578,0.0321,,rain,7,8.765088922838132,0.023
00e9be89-00001730.jpg,00e9be89-00001740.jpg,orb,2000,2000,19,10,0.5263,0.0095,35.2105,0.0583,0.0296,,rain,7,8.8759447900607,0.0095
00e9be89-00001740.jpg,00e9be89-00001745.jpg,orb,2000,2000,7,4,0.5714,0.0035,45.8571,0.0683,0.0304,,rain,7,6.945756714157776,0.0035
00e9be89-00001745.jpg,00e9be89-00001750.jpg,orb,2000,2000,6,4,0.6667,0.003,53.0,0.0791,0.0281,,rain,7,6.421649625283585,0.003
00e9be89-00001750.jpg,00e9be89-00001755.jpg,orb,2000,2000,25,9,0.36,0.0125,42.36,0.0464,0.0321,,rain,7,8.676480414466745,0.0125
00e9be89-00001755.jpg,00e9be89-00001760.jpg,orb,2000,2000,16,6,0.375,0.008,41.875,0.0562,0.0296,,rain,7,9.48485650020635,0.008
00e9be89-00001760.jpg,00e9be89-00001765.jpg,orb,2000,2000,8,5,0.625,0.004,44.75,0.0572,0.0296,,rain,7,8.445762308443578,0.004
00e9be89-00001765.jpg,00e9be89-00001770.jpg,orb,2000,2000,11,6,0.5455,0.0055,36.0,0.0695,0.0351,,rain,7,7.393780433561768,0.0055
00e9be89-00001770.jpg,00e9be89-00001775.jpg,orb,2000,2000,31,21,0.6774,0.0155,26.3548,0.0689,0.0301,,rain,7,7.575713892168842,0.0155
00e9be89-00001775.jpg,00e9be89-00001780.jpg,orb,2000,2000,11,6,0.5455,0.0055,39.2727,0.0663,0.0301,,rain,7,8.425104866422874,0.0055
00e9be89-00001780.jpg,00e9be89-00001785.jpg,orb,2000,2000,19,7,0.3684,0.0095,46.5263,0.0542,0.0301,,rain,7,8.83193545389355,0.0095
00e9be89-00001785.jpg,00e9be89-00001795.jpg,orb,2000,2000,8,4,0.5,0.004,42.75,0.0598,0.0301,,rain,7,8.185674342151493,0.004
00e9be89-00001795.jpg,00e9be89-00001800.jpg,orb,2000,2000,880,866,0.9841,0.44,24.0659,0.0409,0.0281,,rain,7,8.401856585550528,0.44
00e9be89-00001800.jpg,00e9be89-00001810.jpg,orb,2000,2000,74,28,0.3784,0.037,38.473,0.0562,0.0261,,rain,7,8.920019872974423,0.037
00e9be89-00001810.jpg,00e9be89-00001815.jpg,orb,2000,2000,64,24,0.375,0.032,35.7344,0.0602,0.0296,,rain,7,8.84138352838758,0.032
00e9be89-00001815.jpg,00e9be89-00001820.jpg,orb,2000,2000,14,5,0.3571,0.007,44.2857,0.0603,0.0281,,rain,7,8.969644942248301,0.007
00e9be89-00001820.jpg,00e9be89-00001825.jpg,orb,2000,2000,28,11,0.3929,0.014,42.6786,0.0598,0.0261,,rain,7,8.896886375227187,0.014
00e9be89-00001825.jpg,00e9be89-00001830.jpg,orb,2000,2000,34,18,0.5294,0.017,41.5294,0.0706,0.0382,,rain,7,8.496534780274047,0.017
00e9be89-00001830.jpg,00e9be89-00001840.jpg,orb,2000,2000,14,5,0.3571,0.007,41.7857,0.0686,0.0301,,rain,7,7.792676009826554,0.007
00e9be89-00001840.jpg,00e9be89-00001845.jpg,orb,2000,2000,1218,1209,0.9926,0.609,17.4885,0.0597,0.0281,,rain,7,7.367559386711995,0.609
00e9be89-00001845.jpg,00e9be89-00001865.jpg,orb,2000,2000,985,978,0.9929,0.4925,19.8883,0.0582,0.0296,,rain,7,7.290667882034642,0.4925
00e9be89-00001865.jpg,00e9be89-00001870.jpg,orb,2000,2000,1106,1100,0.9946,0.553,20.1537,0.0658,0.0277,,rain,7,7.366511963997866,0.553
00e9be89-00001870.jpg,00e9be89-00001875.jpg,orb,2000,2000,1209,1195,0.9884,0.6045,16.9222,0.0639,0.0321,,rain,7,7.421561153845245,0.6045
00e9be89-00001875.jpg,00e9be89-00001885.jpg,orb,2000,2000,1155,1149,0.9948,0.5775,18.4996,0.0597,0.0301,,rain,7,7.300000760879778,0.5775
00e9be89-00001885.jpg,00e9be89-00001890.jpg,orb,2000,2000,1203,1187,0.9867,0.6015,18.6135,0.0658,0.0301,,rain,7,7.249168132906763,0.6015
00e9be89-00001890.jpg,00e9be89-00001895.jpg,orb,2000,2000,1176,1173,0.9974,0.588,17.0034,0.0658,0.0301,,rain,7,7.31461200693851,0.588
00e9be89-00001895.jpg,00e9be89-00001900.jpg,orb,2000,2000,1178,1175,0.9975,0.589,18.309,0.0663,0.0296,,rain,7,7.394484624506125,0.589
00e9be89-00001900.jpg,00e9be89-00001905.jpg,orb,2000,2000,205,141,0.6878,0.1025,33.0341,0.0719,0.0281,,rain,7,7.521905706482219,0.1025
00e9be89-00001905.jpg,00e9be89-00001915.jpg,orb,2000,2000,21,6,0.2857,0.0105,41.2857,0.0627,0.0321,,rain,7,7.916211263618528,0.0105
00e9be89-00000015.jpg,00e9be89-00000100.jpg,orb,2000,2000,13,4,0.3077,0.0065,46.1538,0.0952,0.0301,C:\Users\amit\Project_digital_image_processing__Amit_Alon\outputs\visualizations\task2\degraded_visualizations\rain\level_8\match_00e9be89-00000015__00e9be89-00000100.png,rain,8,5.622554911211454,0.0065
00e9be89-00000100.jpg,00e9be89-00000105.jpg,orb,2000,2000,907,895,0.9868,0.4535,24.624,0.0557,0.0341,,rain,8,7.144025887819181,0.4535
00e9be89-00000105.jpg,00e9be89-00000110.jpg,orb,2000,2000,976,967,0.9908,0.488,22.4652,0.0718,0.0301,,rain,8,7.121647069450848,0.488
00e9be89-00000110.jpg,00e9be89-00000115.jpg,orb,2000,2000,1027,1015,0.9883,0.5135,22.4167,0.0718,0.0381,,rain,8,7.135252455823128,0.5135
00e9be89-00000115.jpg,00e9be89-00000120.jpg,orb,2000,2000,1199,1198,0.9992,0.5995,19.3019,0.0739,0.0301,,rain,8,7.158973504350091,0.5995
00e9be89-00000120.jpg,00e9be89-00000125.jpg,orb,2000,2000,324,309,0.9537,0.162,34.3426,0.0738,0.0281,,rain,8,6.538721371174725,0.162
00e9be89-00000125.jpg,00e9be89-00000130.jpg,orb,2000,2000,826,818,0.9903,0.413,25.1913,0.0698,0.0301,,rain,8,6.178566538091204,0.413
00e9be89-00000130.jpg,00e9be89-00000135.jpg,orb,2000,2000,900,888,0.9867,0.45,23.6911,0.0723,0.0281,,rain,8,6.750241624491949,0.45
00e9be89-00000135.jpg,00e9be89-00000140.jpg,orb,2000,2000,917,906,0.988,0.4585,23.7623,0.0837,0.0418,,rain,8,7.090972945558329,0.4585
00e9be89-00000140.jpg,00e9be89-00000145.jpg,orb,2000,2000,87,71,0.8161,0.0435,38.1839,0.088,0.0345,,rain,8,7.1234926555179,0.0435
00e9be89-00000145.jpg,00e9be89-00000150.jpg,orb,2000,2000,12,4,0.3333,0.006,48.5,0.0859,0.0261,,rain,8,5.449483230599732,0.006
00e9be89-00000150.jpg,00e9be89-00000160.jpg,orb,2000,2000,8,4,0.5,0.004,41.25,0.0879,0.0276,,rain,8,3.968396520278482,0.004
00e9be89-00000160.jpg,00e9be89-00000165.jpg,orb,2000,2000,14,4,0.2857,0.007,45.1429,0.0763,0.0276,,rain,8,3.6146842223616495,0.007
00e9be89-00000165.jpg,00e9be89-00000175.jpg,orb,2000,2000,7,4,0.5714,0.0035,39.2857,0.0658,0.0296,,rain,8,4.349428783192527,0.0035
00e9be89-00000175.jpg,00e9be89-00000190.jpg,orb,2000,2000,10,2,0.2,0.005,47.6,0.0683,0.0296,,rain,8,5.0303847484169575,0.005
00e9be89-00000190.jpg,00e9be89-00001000.jpg,orb,2000,2000,11,4,0.3636,0.0055,42.3636,0.0582,0.0316,,rain,8,5.880076468553998,0.0055
00e9be89-00001000.jpg,00e9be89-00001005.jpg,orb,2000,2000,16,6,0.375,0.008,42.375,0.0512,0.0397,,rain,8,7.913550858392659,0.008
00e9be89-00001005.jpg,00e9be89-00001010.jpg,orb,2000,1988,18,6,0.3333,0.0091,39.3333,0.0558,0.0281,,rain,8,8.718753203469873,0.009
00e9be89-00001010.jpg,00e9be89-00001015.jpg,orb,1988,1960,17,7,0.4118,0.0087,40.7059,0.0618,0.0349,,rain,8,9.204787802946583,0.00853413654618474
00e9be89-00001015.jpg,00e9be89-00001020.jpg,orb,1960,2000,26,10,0.3846,0.0133,40.0,0.0628,0.0384,,rain,8,9.180139605845788,0.013052208835341365
00e9be89-00001020.jpg,00e9be89-00001025.jpg,orb,2000,2000,9,4,0.4444,0.0045,40.8889,0.0583,0.0321,,rain,8,8.947821986013885,0.0045
00e9be89-00001025.jpg,00e9be89-00001030.jpg,orb,2000,2000,15,6,0.4,0.0075,43.1333,0.0492,0.0261,,rain,8,8.931203627891456,0.0075
00e9be89-00001030.jpg,00e9be89-00001035.jpg,orb,2000,2000,37,23,0.6216,0.0185,35.0811,0.0477,0.0281,,rain,8,8.893634529202526,0.0185
00e9be89-00001035.jpg,00e9be89-00001040.jpg,orb,2000,2000,53,37,0.6981,0.0265,39.1321,0.0487,0.0281,,rain,8,8.988418784648859,0.0265
00e9be89-00001040.jpg,00e9be89-00001045.jpg,orb,2000,2000,127,67,0.5276,0.0635,36.4961,0.0598,0.0301,,rain,8,9.047280798157008,0.0635
00e9be89-00001045.jpg,00e9be89-00001050.jpg,orb,2000,2000,41,11,0.2683,0.0205,40.4146,0.0578,0.0321,,rain,8,9.015124808924826,0.0205
00e9be89-00001050.jpg,00e9be89-00001055.jpg,orb,2000,2000,41,15,0.3659,0.0205,42.8293,0.0563,0.0302,,rain,8,8.943116814251173,0.0205
00e9be89-00001055.jpg,00e9be89-00001060.jpg,orb,2000,2000,45,20,0.4444,0.0225,40.6444,0.0583,0.0296,,rain,8,8.972627747321718,0.0225
00e9be89-00001060.jpg,00e9be89-00001065.jpg,orb,2000,2000,30,14,0.4667,0.015,41.1,0.0586,0.0311,,rain,8,8.817021755237406,0.015
00e9be89-00001065.jpg,00e9be89-00001070.jpg,orb,2000,2000,75,54,0.72,0.0375,39.3333,0.0662,0.0341,,rain,8,8.60589723035729,0.0375
00e9be89-00001070.jpg,00e9be89-00001075.jpg,orb,2000,2000,22,12,0.5455,0.011,40.1818,0.0621,0.0362,,rain,8,8.04507574885432,0.011
00e9be89-00001075.jpg,00e9be89-00001080.jpg,orb,2000,2000,24,6,0.25,0.012,43.7083,0.0562,0.0296,,rain,8,8.156814481947569,0.012
00e9be89-00001080.jpg,00e9be89-00001090.jpg,orb,2000,2000,17,7,0.4118,0.0085,43.4118,0.0502,0.0281,,rain,8,9.338159295011916,0.0085
00e9be89-00001090.jpg,00e9be89-00001095.jpg,orb,2000,2000,35,17,0.4857,0.0175,39.2571,0.0517,0.0281,,rain,8,9.857361082726324,0.0175
00e9be89-00001095.jpg,00e9be89-00001100.jpg,orb,2000,2000,28,11,0.3929,0.014,41.6429,0.054,0.0281,,rain,8,9.82071175060872,0.014
00e9be89-00001100.jpg,00e9be89-00001105.jpg,orb,2000,2000,23,7,0.3043,0.0115,43.5217,0.0542,0.0299,,rain,8,9.384342260799285,0.0115
00e9be89-00001105.jpg,00e9be89-00001115.jpg,orb,2000,2000,17,7,0.4118,0.0085,45.2941,0.0557,0.0301,,rain,8,8.487575357131876,0.0085
00e9be89-00001115.jpg,00e9be89-00001125.jpg,orb,2000,2000,15,5,0.3333,0.0075,47.7333,0.0537,0.0361,,rain,8,8.66838312830523,0.0075
00e9be89-00001125.jpg,00e9be89-00001130.jpg,orb,2000,2000,29,10,0.3448,0.0145,44.069,0.0577,0.0321,,rain,8,8.971762092005356,0.0145
00e9be89-00001130.jpg,00e9be89-00001135.jpg,orb,2000,2000,34,20,0.5882,0.017,40.9706,0.0721,0.0384,,rain,8,9.364409306302624,0.017
00e9be89-00001135.jpg,00e9be89-00001140.jpg,orb,2000,2000,57,40,0.7018,0.0285,36.4386,0.0624,0.0387,,rain,8,10.053280626115123,0.0285
00e9be89-00001140.jpg,00e9be89-00001150.jpg,orb,2000,2000,30,15,0.5,0.015,40.6667,0.0583,0.0281,,rain,8,10.274830372478595,0.015
00e9be89-00001150.jpg,00e9be89-00001155.jpg,orb,2000,2000,41,28,0.6829,0.0205,37.2927,0.0525,0.0261,,rain,8,10.600139965809422,0.0205
00e9be89-00001155.jpg,00e9be89-00001160.jpg,orb,2000,2000,33,21,0.6364,0.0165,40.9394,0.0583,0.0281,,rain,8,10.581306947905066,0.0165
00e9be89-00001160.jpg,00e9be89-00001165.jpg,orb,2000,2000,19,5,0.2632,0.0095,40.4737,0.0625,0.0276,,rain,8,10.700788998842569,0.0095
00e9be89-00001165.jpg,00e9be89-00001170.jpg,orb,2000,2000,24,9,0.375,0.012,42.5,0.0497,0.0301,,rain,8,10.566325747791833,0.012
00e9be89-00001170.jpg,00e9be89-00001175.jpg,orb,2000,2000,29,13,0.4483,0.0145,43.3793,0.0517,0.0281,,rain,8,10.671361699164953,0.0145
00e9be89-00001175.jpg,00e9be89-00001180.jpg,orb,2000,2000,38,23,0.6053,0.019,40.7105,0.0522,0.0276,,rain,8,10.963109965384016,0.019
00e9be89-00001180.jpg,00e9be89-00001185.jpg,orb,2000,2000,22,8,0.3636,0.011,44.4091,0.0583,0.0281,,rain,8,10.6676244636132,0.011
00e9be89-00001185.jpg,00e9be89-00001190.jpg,orb,2000,2000,9,7,0.7778,0.0045,45.7778,0.0583,0.0256,,rain,8,9.96394056652019,0.0045
00e9be89-00001190.jpg,00e9be89-00001195.jpg,orb,2000,2000,9,5,0.5556,0.0045,45.5556,0.0763,0.0414,,rain,8,6.945419757763494,0.0045
00e9be89-00001195.jpg,00e9be89-00001200.jpg,orb,2000,1991,21,7,0.3333,0.0105,43.8571,0.0665,0.0316,,rain,8,7.793932056581027,0.010568696527428284
00e9be89-00001200.jpg,00e9be89-00001205.jpg,orb,1991,1974,19,5,0.2632,0.0096,43.6842,0.0502,0.0281,,rain,8,11.185881680264904,0.009562154001006542
00e9be89-00001205.jpg,00e9be89-00001210.jpg,orb,1974,2000,14,5,0.3571,0.0071,44.7143,0.0522,0.0281,,rain,8,11.176949309511688,0.0070140280561122245
00e9be89-00001210.jpg,00e9be89-00001215.jpg,orb,2000,1999,23,8,0.3478,0.0115,43.8261,0.0505,0.0296,,rain,8,10.838346007809395,0.0115
00e9be89-00001215.jpg,00e9be89-00001220.jpg,orb,1999,2000,11,6,0.5455,0.0055,42.8182,0.0604,0.0296,,rain,8,9.61069606861138,0.0055
00e9be89-00001220.jpg,00e9be89-00001225.jpg,orb,2000,2000,15,5,0.3333,0.0075,42.6,0.0603,0.0316,,rain,8,9.813765930603392,0.0075
00e9be89-00001225.jpg,00e9be89-00001230.jpg,orb,2000,2000,17,5,0.2941,0.0085,43.8235,0.0563,0.0301,,rain,8,10.868584392441711,0.0085
00e9be89-00001230.jpg,00e9be89-00001240.jpg,orb,2000,1695,24,14,0.5833,0.0142,42.4583,0.0502,0.0221,,rain,8,10.87690474541666,0.013194062671797692
00e9be89-00001240.jpg,00e9be89-00001245.jpg,orb,1695,2000,40,19,0.475,0.0236,38.45,0.0522,0.0241,,rain,8,10.26548372467753,0.02199010445299615
00e9be89-00001245.jpg,00e9be89-00001250.jpg,orb,2000,2000,41,11,0.2683,0.0205,42.7561,0.0598,0.0281,,rain,8,10.63569282434734,0.0205
00e9be89-00001250.jpg,00e9be89-00001255.jpg,orb,2000,2000,17,10,0.5882,0.0085,40.5294,0.0594,0.0336,,rain,8,11.592467662903372,0.0085
00e9be89-00001255.jpg,00e9be89-00001260.jpg,orb,2000,2000,16,8,0.5,0.008,36.625,0.0602,0.0352,,rain,8,11.17132885532239,0.008
00e9be89-00001260.jpg,00e9be89-00001265.jpg,orb,2000,2000,9,4,0.4444,0.0045,40.5556,0.0637,0.0341,,rain,8,9.075141319915922,0.0045
00e9be89-00001265.jpg,00e9be89-00001270.jpg,orb,2000,2000,6,4,0.6667,0.003,47.6667,0.0623,0.0296,,rain,8,6.133029048949552,0.003
00e9be89-00001270.jpg,00e9be89-00001275.jpg,orb,2000,2000,10,4,0.4,0.005,42.9,0.0607,0.0282,,rain,8,6.0011580820696135,0.005
00e9be89-00001275.jpg,00e9be89-00001280.jpg,orb,2000,2000,13,4,0.3077,0.0065,45.8462,0.0638,0.0301,,rain,8,5.577188408319754,0.0065
00e9be89-00001280.jpg,00e9be89-00001285.jpg,orb,2000,2000,6,4,0.6667,0.003,37.6667,0.0622,0.0281,,rain,8,2.879460854526548,0.003
00e9be89-00001285.jpg,00e9be89-00001290.jpg,orb,2000,2000,8,4,0.5,0.004,45.25,0.0562,0.0296,,rain,8,3.939584609680095,0.004
00e9be89-00001290.jpg,00e9be89-00001295.jpg,orb,2000,2000,10,5,0.5,0.005,42.1,0.0618,0.0301,,rain,8,5.095637830475357,0.005
00e9be89-00001295.jpg,00e9be89-00001305.jpg,orb,2000,2000,10,4,0.4,0.005,44.8,0.0692,0.0273,,rain,8,4.628823554621364,0.005
00e9be89-00001305.jpg,00e9be89-00001310.jpg,orb,2000,2000,21,6,0.2857,0.0105,45.7143,0.0863,0.0351,,rain,8,4.770183089124124,0.0105
00e9be89-00001310.jpg,00e9be89-00001315.jpg,orb,2000,2000,7,4,0.5714,0.0035,48.5714,0.0723,0.0324,,rain,8,2.7514511848974257,0.0035
00e9be89-00001315.jpg,00e9be89-00001325.jpg,orb,2000,2000,14,6,0.4286,0.007,41.8571,0.0597,0.0412,,rain,8,1.3344067474696415,0.007
00e9be89-00001325.jpg,00e9be89-00001330.jpg,orb,2000,2000,18,5,0.2778,0.009,38.7778,0.0608,0.0321,,rain,8,1.059268059360447,0.009
00e9be89-00001330.jpg,00e9be89-00001335.jpg,orb,2000,2000,15,7,0.4667,0.0075,40.1333,0.0604,0.0281,,rain,8,3.579279530271985,0.0075
00e9be89-00001335.jpg,00e9be89-00001340.jpg,orb,2000,2000,19,3,0.1579,0.0095,43.2105,0.0645,0.0357,,rain,8,7.366108093127177,0.0095
00e9be89-00001340.jpg,00e9be89-00001345.jpg,orb,2000,2000,20,5,0.25,0.01,43.4,0.0542,0.0336,,rain,8,7.800639915734876,0.01
00e9be89-00001345.jpg,00e9be89-00001350.jpg,orb,2000,2000,10,5,0.5,0.005,46.8,0.0544,0.0281,,rain,8,7.14814969123467,0.005
00e9be89-00001350.jpg,00e9be89-00001355.jpg,orb,2000,2000,7,5,0.7143,0.0035,41.5714,0.0522,0.0296,,rain,8,7.48473561873659,0.0035
00e9be89-00001355.jpg,00e9be89-00001360.jpg,orb,2000,2000,19,8,0.4211,0.0095,41.9474,0.0642,0.0321,,rain,8,7.282591796286468,0.0095
00e9be89-00001360.jpg,00e9be89-00001365.jpg,orb,2000,2000,8,4,0.5,0.004,47.0,0.0672,0.0418,,rain,8,6.906769593349341,0.004
00e9be89-00001365.jpg,00e9be89-00001370.jpg,orb,2000,2000,23,5,0.2174,0.0115,39.3043,0.0691,0.0313,,rain,8,7.3882542993656095,0.0115
00e9be89-00001370.jpg,00e9be89-00001375.jpg,orb,2000,2000,58,27,0.4655,0.029,38.9138,0.0623,0.0296,,rain,8,7.366890173479703,0.029
00e9be89-00001375.jpg,00e9be89-00001380.jpg,orb,2000,2000,102,33,0.3235,0.051,37.7843,0.0643,0.0291,,rain,8,7.404140175015248,0.051
00e9be89-00001380.jpg,00e9be89-00001385.jpg,orb,2000,2000,85,25,0.2941,0.0425,40.1882,0.0598,0.0281,,rain,8,7.528214020324961,0.0425
00e9be89-00001385.jpg,00e9be89-00001390.jpg,orb,2000,2000,30,9,0.3,0.015,33.8,0.0623,0.0271,,rain,8,7.057820250622401,0.015
00e9be89-00001390.jpg,00e9be89-00001395.jpg,orb,2000,2000,31,8,0.2581,0.0155,26.7742,0.0559,0.0281,,rain,8,6.778550200040687,0.0155
00e9be89-00001395.jpg,00e9be89-00001400.jpg,orb,2000,2000,58,19,0.3276,0.029,33.9138,0.0564,0.0281,,rain,8,7.154864267801561,0.029
00e9be89-00001400.jpg,00e9be89-00001405.jpg,orb,2000,2000,58,16,0.2759,0.029,32.3966,0.0557,0.0326,,rain,8,7.277717409719489,0.029
00e9be89-00001405.jpg,00e9be89-00001410.jpg,orb,2000,2000,61,19,0.3115,0.0305,33.918,0.0522,0.0301,,rain,8,7.436066776519899,0.0305
00e9be89-00001410.jpg,00e9be89-00001415.jpg,orb,2000,2000,93,25,0.2688,0.0465,32.5054,0.0623,0.0344,,rain,8,7.402118665002411,0.0465
00e9be89-00001415.jpg,00e9be89-00001420.jpg,orb,2000,2000,79,30,0.3797,0.0395,33.2532,0.0537,0.0301,,rain,8,6.895193359388912,0.0395
00e9be89-00001420.jpg,00e9be89-00001425.jpg,orb,2000,2000,40,11,0.275,0.02,38.15,0.0537,0.0281,,rain,8,6.500797181906438,0.02
00e9be89-00001425.jpg,00e9be89-00001430.jpg,orb,2000,2000,65,27,0.4154,0.0325,40.2462,0.0522,0.03,,rain,8,6.35885613985252,0.0325
00e9be89-00001430.jpg,00e9be89-00001440.jpg,orb,2000,2000,27,10,0.3704,0.0135,38.6296,0.0539,0.0281,,rain,8,6.780643640531141,0.0135
00e9be89-00001440.jpg,00e9be89-00001445.jpg,orb,2000,2000,60,22,0.3667,0.03,31.15,0.0537,0.0281,,rain,8,6.367529613230364,0.03
00e9be89-00001445.jpg,00e9be89-00001450.jpg,orb,2000,2000,23,11,0.4783,0.0115,37.5217,0.0563,0.0296,,rain,8,5.460755806260346,0.0115
00e9be89-00001450.jpg,00e9be89-00001455.jpg,orb,2000,2000,44,31,0.7045,0.022,39.0227,0.0522,0.0296,,rain,8,5.573618692701422,0.022
00e9be89-00001455.jpg,00e9be89-00001460.jpg,orb,2000,2000,52,24,0.4615,0.026,38.3846,0.0544,0.0281,,rain,8,5.991409888900829,0.026
00e9be89-00001460.jpg,00e9be89-00001465.jpg,orb,2000,2000,87,71,0.8161,0.0435,35.9885,0.0587,0.0301,,rain,8,6.12745918209804,0.0435
00e9be89-00001465.jpg,00e9be89-00001470.jpg,orb,2000,2000,20,5,0.25,0.01,41.15,0.0583,0.0332,,rain,8,7.097831824247697,0.01
00e9be89-00001470.jpg,00e9be89-00001475.jpg,orb,2000,2000,45,21,0.4667,0.0225,34.4444,0.0537,0.0304,,rain,8,8.047102046702435,0.0225
00e9be89-00001475.jpg,00e9be89-00001480.jpg,orb,2000,2000,37,12,0.3243,0.0185,39.7297,0.0586,0.0301,,rain,8,7.630604955302958,0.0185
00e9be89-00001480.jpg,00e9be89-00001485.jpg,orb,2000,2000,10,4,0.4,0.005,46.9,0.0517,0.0281,,rain,8,8.701301874780231,0.005
00e9be89-00001485.jpg,00e9be89-00001490.jpg,orb,2000,2000,22,8,0.3636,0.011,41.1818,0.0502,0.0314,,rain,8,10.358717181545304,0.011
00e9be89-00001490.jpg,00e9be89-00001495.jpg,orb,2000,2000,556,541,0.973,0.278,20.9838,0.0542,0.0281,,rain,8,10.483704869473057,0.278
00e9be89-00001495.jpg,00e9be89-00001500.jpg,orb,2000,2000,754,743,0.9854,0.377,16.2135,0.0543,0.0261,,rain,8,10.489607978250625,0.377
00e9be89-00001500.jpg,00e9be89-00001505.jpg,orb,2000,2000,236,204,0.8644,0.118,29.2373,0.0489,0.0276,,rain,8,10.562363279547537,0.118
00e9be89-00001505.jpg,00e9be89-00001510.jpg,orb,2000,2000,35,14,0.4,0.0175,37.9429,0.0497,0.0301,,rain,8,10.43757771860009,0.0175
00e9be89-00001510.jpg,00e9be89-00001515.jpg,orb,2000,2000,9,5,0.5556,0.0045,41.7778,0.0517,0.0281,,rain,8,9.61706742659339,0.0045
00e9be89-00001515.jpg,00e9be89-00001520.jpg,orb,2000,2000,15,5,0.3333,0.0075,45.1333,0.0603,0.0313,,rain,8,8.209821376298853,0.0075
00e9be89-00001520.jpg,00e9be89-00001525.jpg,orb,2000,2000,33,22,0.6667,0.0165,33.2121,0.0659,0.0342,,rain,8,7.968918307528179,0.0165
00e9be89-00001525.jpg,00e9be89-00001535.jpg,orb,2000,2000,20,7,0.35,0.01,46.85,0.0678,0.0321,,rain,8,8.105018716558398,0.01
00e9be89-00001535.jpg,00e9be89-00001540.jpg,orb,2000,2000,14,5,0.3571,0.007,44.8571,0.0643,0.0281,,rain,8,6.467596243840209,0.007
00e9be89-00001540.jpg,00e9be89-00001545.jpg,orb,2000,2000,16,5,0.3125,0.008,46.0625,0.0663,0.0276,,rain,8,5.381606586015634,0.008
00e9be89-00001545.jpg,00e9be89-00001550.jpg,orb,2000,2000,103,63,0.6117,0.0515,36.3883,0.0602,0.0282,,rain,8,5.6249884626028335,0.0515
00e9be89-00001550.jpg,00e9be89-00001555.jpg,orb,2000,2000,358,343,0.9581,0.179,22.0894,0.062,0.036,,rain,8,5.632036192631488,0.179
00e9be89-00001555.jpg,00e9be89-00001560.jpg,orb,2000,2000,206,192,0.932,0.103,29.4709,0.0621,0.0296,,rain,8,5.648535305824614,0.103
00e9be89-00001560.jpg,00e9be89-00001565.jpg,orb,2000,2000,360,335,0.9306,0.18,23.6583,0.0608,0.0301,,rain,8,5.704661565855757,0.18
00e9be89-00001565.jpg,00e9be89-00001570.jpg,orb,2000,2000,29,14,0.4828,0.0145,37.7586,0.0663,0.0302,,rain,8,6.130181670384651,0.0145
00e9be89-00001570.jpg,00e9be89-00001575.jpg,orb,2000,2000,17,8,0.4706,0.0085,39.9412,0.0692,0.0335,,rain,8,6.461032891218133,0.0085
00e9be89-00001575.jpg,00e9be89-00001580.jpg,orb,2000,2000,95,68,0.7158,0.0475,34.4842,0.075,0.0305,,rain,8,6.301137917301272,0.0475
00e9be89-00001580.jpg,00e9be89-00001585.jpg,orb,2000,2000,44,17,0.3864,0.022,37.1818,0.0666,0.0321,,rain,8,5.58432011987383,0.022
00e9be89-00001585.jpg,00e9be89-00001590.jpg,orb,2000,2000,19,3,0.1579,0.0095,45.2632,0.064,0.0301,,rain,8,4.310401197417328,0.0095
00e9be89-00001590.jpg,00e9be89-00001595.jpg,orb,2000,2000,13,5,0.3846,0.0065,42.2308,0.0603,0.0316,,rain,8,3.389260105486979,0.0065
00e9be89-00001595.jpg,00e9be89-00001600.jpg,orb,2000,2000,19,5,0.2632,0.0095,45.9474,0.0658,0.0301,,rain,8,3.99803439465912,0.0095
00e9be89-00001600.jpg,00e9be89-00001605.jpg,orb,2000,2000,80,45,0.5625,0.04,39.2375,0.0722,0.0329,,rain,8,4.6667159087065695,0.04
00e9be89-00001605.jpg,00e9be89-00001610.jpg,orb,2000,2000,14,7,0.5,0.007,41.2857,0.0678,0.0301,,rain,8,5.239384548296145,0.007
00e9be89-00001610.jpg,00e9be89-00001620.jpg,orb,2000,2000,10,8,0.8,0.005,34.6,0.0705,0.0281,,rain,8,5.609082188307957,0.005
00e9be89-00001620.jpg,00e9be89-00001625.jpg,orb,2000,2000,16,5,0.3125,0.008,39.6875,0.0555,0.0281,,rain,8,6.2297658989955,0.008
00e9be89-00001625.jpg,00e9be89-00001630.jpg,orb,2000,2000,48,13,0.2708,0.024,34.9167,0.0643,0.0341,,rain,8,7.383584644604272,0.024
00e9be89-00001630.jpg,00e9be89-00001635.jpg,orb,2000,2000,21,7,0.3333,0.0105,40.0952,0.0599,0.0301,,rain,8,7.463819911853026,0.0105
00e9be89-00001635.jpg,00e9be89-00001640.jpg,orb,2000,2000,13,5,0.3846,0.0065,45.9231,0.0542,0.0281,,rain,8,4.546105432318709,0.0065
00e9be89-00001640.jpg,00e9be89-00001645.jpg,orb,2000,2000,7,4,0.5714,0.0035,43.4286,0.0562,0.0316,,rain,8,0.6393339695518238,0.0035
00e9be89-00001645.jpg,00e9be89-00001650.jpg,orb,2000,2000,18,3,0.1667,0.009,39.2778,0.0582,0.0276,,rain,8,0.548028295487959,0.009
00e9be89-00001650.jpg,00e9be89-00001655.jpg,orb,2000,2000,17,7,0.4118,0.0085,42.8824,0.0575,0.0293,,rain,8,1.66777699849494,0.0085
00e9be89-00001655.jpg,00e9be89-00001665.jpg,orb,2000,2000,11,5,0.4545,0.0055,46.0,0.0599,0.0261,,rain,8,4.594523305071514,0.0055
00e9be89-00001665.jpg,00e9be89-00001670.jpg,orb,2000,2000,8,4,0.5,0.004,45.375,0.0597,0.0301,,rain,8,7.454195731632356,0.004
00e9be89-00001670.jpg,00e9be89-00001675.jpg,orb,2000,2000,27,7,0.2593,0.0135,41.5926,0.0557,0.0301,,rain,8,6.735668277607601,0.0135
00e9be89-00001675.jpg,00e9be89-00001680.jpg,orb,2000,2000,18,7,0.3889,0.009,41.4444,0.0773,0.0367,,rain,8,6.114571596010758,0.009
00e9be89-00001680.jpg,00e9be89-00001685.jpg,orb,2000,2000,16,5,0.3125,0.008,42.3125,0.071,0.0322,,rain,8,6.455250655366749,0.008
00e9be89-00001685.jpg,00e9be89-00001690.jpg,orb,2000,2000,14,4,0.2857,0.007,39.4286,0.0663,0.0281,,rain,8,8.339137827423329,0.007
00e9be89-00001690.jpg,00e9be89-00001695.jpg,orb,2000,2000,12,4,0.3333,0.006,42.8333,0.0557,0.0281,,rain,8,10.653013795851834,0.006
00e9be89-00001695.jpg,00e9be89-00001705.jpg,orb,2000,2000,14,6,0.4286,0.007,45.2857,0.0517,0.0281,,rain,8,9.646560139547953,0.007
00e9be89-00001705.jpg,00e9be89-00001710.jpg,orb,2000,2000,55,34,0.6182,0.0275,37.4727,0.0547,0.0301,,rain,8,7.977622554929263,0.0275
00e9be89-00001710.jpg,00e9be89-00001715.jpg,orb,2000,2000,29,13,0.4483,0.0145,39.7241,0.0624,0.0281,,rain,8,7.799322283740739,0.0145
00e9be89-00001715.jpg,00e9be89-00001720.jpg,orb,2000,1996,43,32,0.7442,0.0215,38.2093,0.0581,0.0321,,rain,8,7.946516347025796,0.02154308617234469
00e9be89-00001720.jpg,00e9be89-00001725.jpg,orb,1996,2000,55,41,0.7455,0.0276,31.7455,0.0482,0.0304,,rain,8,8.010932208724043,0.02755511022044088
00e9be89-00001725.jpg,00e9be89-00001730.jpg,orb,2000,2000,59,47,0.7966,0.0295,33.4915,0.0558,0.0281,,rain,8,7.9788610424014355,0.0295
00e9be89-00001730.jpg,00e9be89-00001740.jpg,orb,2000,2000,12,4,0.3333,0.006,39.5833,0.063,0.0342,,rain,8,8.0783593486685,0.006
00e9be89-00001740.jpg,00e9be89-00001745.jpg,orb,2000,2000,9,4,0.4444,0.0045,45.1111,0.0686,0.0341,,rain,8,6.100000006458382,0.0045
00e9be89-00001745.jpg,00e9be89-00001750.jpg,orb,2000,2000,9,4,0.4444,0.0045,43.4444,0.064,0.0286,,rain,8,5.5951418988520745,0.0045
00e9be89-00001750.jpg,00e9be89-00001755.jpg,orb,2000,2000,14,8,0.5714,0.007,41.0714,0.0618,0.0261,,rain,8,7.926753877968749,0.007
00e9be89-00001755.jpg,00e9be89-00001760.jpg,orb,2000,2000,25,10,0.4,0.0125,42.88,0.0582,0.0261,,rain,8,8.752953590470938,0.0125
00e9be89-00001760.jpg,00e9be89-00001765.jpg,orb,2000,2000,14,7,0.5,0.007,41.1429,0.0638,0.0281,,rain,8,7.722208939630693,0.007
00e9be89-00001765.jpg,00e9be89-00001770.jpg,orb,2000,2000,15,5,0.3333,0.0075,37.3333,0.0687,0.0321,,rain,8,6.689236155670754,0.0075
00e9be89-00001770.jpg,00e9be89-00001775.jpg,orb,2000,2000,25,12,0.48,0.0125,34.88,0.0562,0.0288,,rain,8,6.887158443230712,0.0125
00e9be89-00001775.jpg,00e9be89-00001780.jpg,orb,2000,2000,7,5,0.7143,0.0035,46.7143,0.0543,0.0297,,rain,8,7.732273562059322,0.0035
00e9be89-00001780.jpg,00e9be89-00001785.jpg,orb,2000,2000,15,6,0.4,0.0075,46.4667,0.0557,0.0281,,rain,8,8.155509755076448,0.0075
00e9be89-00001785.jpg,00e9be89-00001795.jpg,orb,2000,2000,12,5,0.4167,0.006,44.8333,0.0523,0.0321,,rain,8,7.510283783701392,0.006
00e9be89-00001795.jpg,00e9be89-00001800.jpg,orb,2000,2000,825,814,0.9867,0.4125,25.2533,0.062,0.0341,,rain,8,7.703326050923958,0.4125
00e9be89-00001800.jpg,00e9be89-00001810.jpg,orb,2000,2000,69,29,0.4203,0.0345,38.5362,0.0643,0.0261,,rain,8,8.21723307204191,0.0345
00e9be89-00001810.jpg,00e9be89-00001815.jpg,orb,2000,2000,55,25,0.4545,0.0275,37.5091,0.0542,0.0281,,rain,8,8.137386989739497,0.0275
00e9be89-00001815.jpg,00e9be89-00001820.jpg,orb,2000,2000,18,6,0.3333,0.009,42.7778,0.0598,0.0281,,rain,8,8.277526320866729,0.009
00e9be89-00001820.jpg,00e9be89-00001825.jpg,orb,2000,2000,32,11,0.3438,0.016,38.5625,0.06,0.0281,,rain,8,8.19943879168228,0.016
00e9be89-00001825.jpg,00e9be89-00001830.jpg,orb,2000,2000,28,12,0.4286,0.014,39.9286,0.0519,0.0241,,rain,8,7.774919628579203,0.014
00e9be89-00001830.jpg,00e9be89-00001840.jpg,orb,2000,2000,11,5,0.4545,0.0055,41.5455,0.0582,0.0296,,rain,8,7.041291593208879,0.0055
00e9be89-00001840.jpg,00e9be89-00001845.jpg,orb,2000,2000,1288,1277,0.9915,0.644,17.3082,0.0602,0.0304,,rain,8,6.59937075151446,0.644
00e9be89-00001845.jpg,00e9be89-00001865.jpg,orb,2000,2000,1050,1043,0.9933,0.525,19.6305,0.0602,0.0301,,rain,8,6.521255657852661,0.525
00e9be89-00001865.jpg,00e9be89-00001870.jpg,orb,2000,2000,1104,1099,0.9955,0.552,20.0933,0.0598,0.0301,,rain,8,6.599600719113968,0.552
00e9be89-00001870.jpg,00e9be89-00001875.jpg,orb,2000,2000,1175,1168,0.994,0.5875,16.9838,0.0891,0.0336,,rain,8,6.655703972162733,0.5875
00e9be89-00001875.jpg,00e9be89-00001885.jpg,orb,2000,2000,1187,1179,0.9933,0.5935,18.6226,0.0775,0.0402,,rain,8,6.529751304102771,0.5935
00e9be89-00001885.jpg,00e9be89-00001890.jpg,orb,2000,2000,1250,1241,0.9928,0.625,17.2984,0.0663,0.0337,,rain,8,6.4761212385184646,0.625
00e9be89-00001890.jpg,00e9be89-00001895.jpg,orb,2000,2000,1262,1257,0.996,0.631,17.393,0.0579,0.0302,,rain,8,6.54376640237583,0.631
00e9be89-00001895.jpg,00e9be89-00001900.jpg,orb,2000,2000,1190,1183,0.9941,0.595,18.4294,0.0683,0.0296,,rain,8,6.626804665990582,0.595
00e9be89-00001900.jpg,00e9be89-00001905.jpg,orb,2000,2000,204,145,0.7108,0.102,32.701,0.074,0.0355,,rain,8,6.7580999425472905,0.102
00e9be89-00001905.jpg,00e9be89-00001915.jpg,orb,2000,2000,14,7,0.5,0.007,40.7143,0.0706,0.0382,,rain,8,7.171704492319005,0.007
00e9be89-00000015.jpg,00e9be89-00000100.jpg,orb,2000,2000,2,0,0.0,0.001,47.5,0.1021,0.0397,C:\Users\amit\Project_digital_image_processing__Amit_Alon\outputs\visualizations\task2\degraded_visualizations\rain\level_9\match_00e9be89-00000015__00e9be89-00000100.png,rain,9,4.95698813158565,0.001
00e9be89-00000100.jpg,00e9be89-00000105.jpg,orb,2000,2000,949,941,0.9916,0.4745,24.4795,0.0913,0.0421,,rain,9,6.460907401638126,0.4745
00e9be89-00000105.jpg,00e9be89-00000110.jpg,orb,2000,2000,966,958,0.9917,0.483,22.589,0.0901,0.0372,,rain,9,6.437474399384568,0.483
00e9be89-00000110.jpg,00e9be89-00000115.jpg,orb,2000,2000,961,955,0.9938,0.4805,22.6816,0.0902,0.0392,,rain,9,6.452187796823866,0.4805
00e9be89-00000115.jpg,00e9be89-00000120.jpg,orb,2000,2000,1122,1116,0.9947,0.561,20.1586,0.0868,0.0357,,rain,9,6.476783692846862,0.561
00e9be89-00000120.jpg,00e9be89-00000125.jpg,orb,2000,2000,285,273,0.9579,0.1425,35.9228,0.0901,0.0402,,rain,9,5.844763582318199,0.1425
00e9be89-00000125.jpg,00e9be89-00000130.jpg,orb,2000,2000,779,775,0.9949,0.3895,25.5353,0.0883,0.0377,,rain,9,5.479634443061987,0.3895
00e9be89-00000130.jpg,00e9be89-00000135.jpg,orb,2000,2000,862,856,0.993,0.431,24.4884,0.0806,0.0362,,rain,9,6.0623477508376045,0.431
00e9be89-00000135.jpg,00e9be89-00000140.jpg,orb,2000,2000,858,849,0.9895,0.429,24.1573,0.0902,0.0372,,rain,9,6.408490585622936,0.429
00e9be89-00000140.jpg,00e9be89-00000145.jpg,orb,2000,2000,70,49,0.7,0.035,38.1714,0.0805,0.0321,,rain,9,6.4412964686332685,0.035
00e9be89-00000145.jpg,00e9be89-00000150.jpg,orb,2000,2000,7,4,0.5714,0.0035,45.5714,0.1031,0.0481,,rain,9,4.750253768821836,0.0035
00e9be89-00000150.jpg,00e9be89-00000160.jpg,orb,2000,2000,2,0,0.0,0.001,46.5,0.0968,0.0392,,rain,9,3.267866650310768,0.001
00e9be89-00000160.jpg,00e9be89-00000165.jpg,orb,2000,2000,10,5,0.5,0.005,47.7,0.0745,0.0362,,rain,9,2.9193163248973,0.005
00e9be89-00000165.jpg,00e9be89-00000175.jpg,orb,2000,2000,8,5,0.625,0.004,42.75,0.0741,0.0377,,rain,9,3.642319425877985,0.004
00e9be89-00000175.jpg,00e9be89-00000190.jpg,orb,2000,2000,11,5,0.4545,0.0055,37.7273,0.0826,0.0344,,rain,9,4.315816631301713,0.0055
00e9be89-00000190.jpg,00e9be89-00001000.jpg,orb,2000,1998,8,4,0.5,0.004,48.5,0.0699,0.0344,,rain,9,5.191526135314346,0.004
00e9be89-00001000.jpg,00e9be89-00001005.jpg,orb,1998,2000,18,6,0.3333,0.009,39.9444,0.0585,0.0342,,rain,9,7.2984453594247665,0.009
00e9be89-00001005.jpg,00e9be89-00001010.jpg,orb,2000,1987,13,5,0.3846,0.0065,40.6154,0.0568,0.0346,,rain,9,8.124253290904743,0.0065
00e9be89-00001010.jpg,00e9be89-00001015.jpg,orb,1987,1946,20,8,0.4,0.0103,39.4,0.051,0.0338,,rain,9,8.6018122901338,0.010040160642570281
00e9be89-00001015.jpg,00e9be89-00001020.jpg,orb,1946,2000,17,7,0.4118,0.0087,40.5882,0.0593,0.0438,,rain,9,8.58294371565017,0.00853413654618474
00e9be89-00001020.jpg,00e9be89-00001025.jpg,orb,2000,2000,22,5,0.2273,0.011,42.2273,0.0653,0.0383,,rain,9,8.340765607547805,0.011
00e9be89-00001025.jpg,00e9be89-00001030.jpg,orb,2000,2000,19,8,0.4211,0.0095,37.5789,0.0603,0.0321,,rain,9,8.316939909415689,0.0095
00e9be89-00001030.jpg,00e9be89-00001035.jpg,orb,2000,2000,76,55,0.7237,0.038,34.0658,0.056,0.0342,,rain,9,8.271626472796756,0.038
00e9be89-00001035.jpg,00e9be89-00001040.jpg,orb,2000,1982,59,41,0.6949,0.0298,34.0847,0.0565,0.0281,,rain,9,8.362040695731736,0.0295
00e9be89-00001040.jpg,00e9be89-00001045.jpg,orb,1982,2000,130,64,0.4923,0.0656,36.0385,0.0568,0.0321,,rain,9,8.419655007587854,0.065
00e9be89-00001045.jpg,00e9be89-00001050.jpg,orb,2000,2000,32,10,0.3125,0.016,37.6562,0.0543,0.0336,,rain,9,8.387145426645382,0.016
00e9be89-00001050.jpg,00e9be89-00001055.jpg,orb,2000,2000,50,10,0.2,0.025,38.48,0.0537,0.0347,,rain,9,8.311100001186478,0.025
00e9be89-00001055.jpg,00e9be89-00001060.jpg,orb,2000,2000,27,17,0.6296,0.0135,39.1481,0.0522,0.0363,,rain,9,8.338847064498076,0.0135
00e9be89-00001060.jpg,00e9be89-00001065.jpg,orb,2000,2000,28,15,0.5357,0.014,40.6071,0.0565,0.0324,,rain,9,8.195711030784125,0.014
00e9be89-00001065.jpg,00e9be89-00001070.jpg,orb,2000,2000,48,32,0.6667,0.024,36.9375,0.0705,0.0375,,rain,9,7.980168902296207,0.024
00e9be89-00001070.jpg,00e9be89-00001075.jpg,orb,2000,2000,27,14,0.5185,0.0135,44.8889,0.069,0.0322,,rain,9,7.397003123732921,0.0135
00e9be89-00001075.jpg,00e9be89-00001080.jpg,orb,2000,2000,15,5,0.3333,0.0075,45.6667,0.0677,0.0341,,rain,9,7.514690394095059,0.0075
00e9be89-00001080.jpg,00e9be89-00001090.jpg,orb,2000,2000,26,11,0.4231,0.013,40.9231,0.0601,0.0304,,rain,9,8.713525820422497,0.013
00e9be89-00001090.jpg,00e9be89-00001095.jpg,orb,2000,2000,21,6,0.2857,0.0105,41.4286,0.0589,0.0361,,rain,9,9.23560477094476,0.0105
00e9be89-00001095.jpg,00e9be89-00001100.jpg,orb,2000,2000,27,14,0.5185,0.0135,42.3704,0.0582,0.0326,,rain,9,9.19952294571705,0.0135
00e9be89-00001100.jpg,00e9be89-00001105.jpg,orb,2000,2000,14,6,0.4286,0.007,45.5,0.0647,0.0342,,rain,9,8.753289537459613,0.007
00e9be89-00001105.jpg,00e9be89-00001115.jpg,orb,2000,2000,11,6,0.5455,0.0055,43.9091,0.0522,0.0276,,rain,9,7.861461388408783,0.0055
00e9be89-00001115.jpg,00e9be89-00001125.jpg,orb,2000,2000,17,2,0.1176,0.0085,45.8235,0.0557,0.0301,,rain,9,8.061071610209218,0.0085
00e9be89-00001125.jpg,00e9be89-00001130.jpg,orb,2000,2000,30,9,0.3,0.015,40.4667,0.0797,0.0436,,rain,9,8.36590530031773,0.015
00e9be89-00001130.jpg,00e9be89-00001135.jpg,orb,2000,2000,27,14,0.5185,0.0135,37.5556,0.0727,0.039,,rain,9,8.754041844446013,0.0135
00e9be89-00001135.jpg,00e9be89-00001140.jpg,orb,2000,2000,64,46,0.7188,0.032,34.1719,0.058,0.0282,,rain,9,9.44662363587618,0.032
00e9be89-00001140.jpg,00e9be89-00001150.jpg,orb,2000,2000,27,13,0.4815,0.0135,35.7778,0.0702,0.0385,,rain,9,9.67963048159002,0.0135
00e9be89-00001150.jpg,00e9be89-00001155.jpg,orb,2000,2000,28,15,0.5357,0.014,37.0357,0.0583,0.0315,,rain,9,10.00894918614317,0.014
00e9be89-00001155.jpg,00e9be89-00001160.jpg,orb,2000,2000,37,20,0.5405,0.0185,39.3784,0.0578,0.0352,,rain,9,9.984184165969433,0.0185
00e9be89-00001160.jpg,00e9be89-00001165.jpg,orb,2000,2000,7,4,0.5714,0.0035,41.1429,0.0658,0.0281,,rain,9,10.122384565809607,0.0035
00e9be89-00001165.jpg,00e9be89-00001170.jpg,orb,2000,2000,15,8,0.5333,0.0075,39.6,0.0598,0.0281,,rain,9,9.984949708936192,0.0075
00e9be89-00001170.jpg,00e9be89-00001175.jpg,orb,2000,2000,30,12,0.4,0.015,39.4667,0.0517,0.0321,,rain,9,10.080941194389254,0.015
00e9be89-00001175.jpg,00e9be89-00001180.jpg,orb,2000,2000,37,20,0.5405,0.0185,39.2973,0.0603,0.0341,,rain,9,10.38244465886226,0.0185
00e9be89-00001180.jpg,00e9be89-00001185.jpg,orb,2000,2000,18,5,0.2778,0.009,41.1111,0.0692,0.0439,,rain,9,10.092518426037174,0.009
00e9be89-00001185.jpg,00e9be89-00001190.jpg,orb,2000,2000,10,6,0.6,0.005,45.0,0.0533,0.0283,,rain,9,9.380856069736392,0.005
00e9be89-00001190.jpg,00e9be89-00001195.jpg,orb,2000,2000,14,5,0.3571,0.007,41.2143,0.0557,0.0281,,rain,9,6.293103027390156,0.007
00e9be89-00001195.jpg,00e9be89-00001200.jpg,orb,2000,1977,4,4,1.0,0.002,45.0,0.0504,0.0301,,rain,9,7.160541949308014,0.0020130850528434826
00e9be89-00001200.jpg,00e9be89-00001205.jpg,orb,1977,1982,17,7,0.4118,0.0086,39.2941,0.0502,0.0291,,rain,9,10.625799014354437,0.008555611474584801
00e9be89-00001205.jpg,00e9be89-00001210.jpg,orb,1982,2000,12,5,0.4167,0.0061,42.0833,0.0497,0.0281,,rain,9,10.616940386980014,0.006012024048096192
00e9be89-00001210.jpg,00e9be89-00001215.jpg,orb,2000,1984,20,8,0.4,0.0101,40.25,0.0543,0.0296,,rain,9,10.26894009113146,0.01
00e9be89-00001215.jpg,00e9be89-00001220.jpg,orb,1984,2000,11,4,0.3636,0.0055,45.5455,0.0603,0.0276,,rain,9,9.028009952474862,0.0055
00e9be89-00001220.jpg,00e9be89-00001225.jpg,orb,2000,2000,17,6,0.3529,0.0085,45.8824,0.0606,0.0291,,rain,9,9.248070466758431,0.0085
00e9be89-00001225.jpg,00e9be89-00001230.jpg,orb,2000,2000,8,3,0.375,0.004,46.0,0.0524,0.0322,,rain,9,10.316678122403545,0.004
00e9be89-00001230.jpg,00e9be89-00001240.jpg,orb,2000,1639,29,15,0.5172,0.0177,39.4828,0.0584,0.0286,,rain,9,10.337237756589136,0.01594282572842221
00e9be89-00001240.jpg,00e9be89-00001245.jpg,orb,1639,2000,40,11,0.275,0.0244,38.5,0.0753,0.0291,,rain,9,9.743643269515644,0.02199010445299615
00e9be89-00001245.jpg,00e9be89-00001250.jpg,orb,2000,2000,35,8,0.2286,0.0175,40.0,0.0727,0.0415,,rain,9,10.10973983899222,0.0175
00e9be89-00001250.jpg,00e9be89-00001255.jpg,orb,2000,2000,25,12,0.48,0.0125,38.12,0.0756,0.0529,,rain,9,11.050797257154386,0.0125
00e9be89-00001255.jpg,00e9be89-00001260.jpg,orb,2000,2000,13,6,0.4615,0.0065,37.4615,0.0706,0.0356,,rain,9,10.56784168897151,0.0065
00e9be89-00001260.jpg,00e9be89-00001265.jpg,orb,2000,2000,15,8,0.5333,0.0075,41.0667,0.0743,0.0382,,rain,9,8.398761986837972,0.0075
00e9be89-00001265.jpg,00e9be89-00001270.jpg,orb,2000,2000,15,6,0.4,0.0075,46.6667,0.0765,0.0325,,rain,9,5.4223243900530775,0.0075
00e9be89-00001270.jpg,00e9be89-00001275.jpg,orb,2000,2000,9,4,0.4444,0.0045,39.3333,0.0705,0.0321,,rain,9,5.303032823367085,0.0045
00e9be89-00001275.jpg,00e9be89-00001280.jpg,orb,2000,2000,11,5,0.4545,0.0055,49.4545,0.0777,0.0353,,rain,9,4.874689091045337,0.0055
00e9be89-00001280.jpg,00e9be89-00001285.jpg,orb,2000,2000,8,5,0.625,0.004,40.75,0.096,0.0527,,rain,9,2.1559983788515207,0.004
00e9be89-00001285.jpg,00e9be89-00001290.jpg,orb,2000,2000,5,4,0.8,0.0025,46.8,0.0743,0.0397,,rain,9,3.224349551213073,0.0025
00e9be89-00001290.jpg,00e9be89-00001295.jpg,orb,2000,2000,15,6,0.4,0.0075,42.0667,0.0685,0.0341,,rain,9,4.376324311916115,0.0075
00e9be89-00001295.jpg,00e9be89-00001305.jpg,orb,2000,2000,10,5,0.5,0.005,47.8,0.0756,0.0347,,rain,9,3.895189329106609,0.005
00e9be89-00001305.jpg,00e9be89-00001310.jpg,orb,2000,2000,6,4,0.6667,0.003,45.6667,0.0746,0.0301,,rain,9,4.031574733208926,0.003
00e9be89-00001310.jpg,00e9be89-00001315.jpg,orb,2000,2000,9,5,0.5556,0.0045,44.8889,0.0678,0.0301,,rain,9,1.9978160655005195,0.0045
00e9be89-00001315.jpg,00e9be89-00001325.jpg,orb,2000,2000,6,4,0.6667,0.003,41.0,0.0683,0.0281,,rain,9,0.5714960838831418,0.003
00e9be89-00001325.jpg,00e9be89-00001330.jpg,orb,2000,2000,20,9,0.45,0.01,32.3,0.0557,0.0281,,rain,9,0.3049650236898467,0.01
00e9be89-00001330.jpg,00e9be89-00001335.jpg,orb,2000,2000,18,6,0.3333,0.009,41.4444,0.0542,0.0281,,rain,9,2.911847562477346,0.009
00e9be89-00001335.jpg,00e9be89-00001340.jpg,orb,2000,2000,12,6,0.5,0.006,42.0,0.0603,0.0281,,rain,9,6.747792206568382,0.006
00e9be89-00001340.jpg,00e9be89-00001345.jpg,orb,2000,2000,16,6,0.375,0.008,41.5625,0.0639,0.032,,rain,9,7.129702239850497,0.008
00e9be89-00001345.jpg,00e9be89-00001350.jpg,orb,2000,2000,18,6,0.3333,0.009,46.1667,0.061,0.0331,,rain,9,6.448098099594223,0.009
00e9be89-00001350.jpg,00e9be89-00001355.jpg,orb,2000,2000,23,7,0.3043,0.0115,42.5217,0.0602,0.0316,,rain,9,6.803771588084532,0.0115
00e9be89-00001355.jpg,00e9be89-00001360.jpg,orb,2000,2000,13,6,0.4615,0.0065,40.5385,0.0621,0.0297,,rain,9,6.615327281571709,0.0065
00e9be89-00001360.jpg,00e9be89-00001365.jpg,orb,2000,2000,14,4,0.2857,0.007,43.2857,0.0619,0.0292,,rain,9,6.245891191689934,0.007
00e9be89-00001365.jpg,00e9be89-00001370.jpg,orb,2000,2000,8,4,0.5,0.004,38.625,0.0548,0.0281,,rain,9,6.736002492350526,0.004
00e9be89-00001370.jpg,00e9be89-00001375.jpg,orb,2000,2000,45,18,0.4,0.0225,36.7556,0.0557,0.0281,,rain,9,6.710823096204569,0.0225
00e9be89-00001375.jpg,00e9be89-00001380.jpg,orb,2000,2000,80,36,0.45,0.04,39.1625,0.0577,0.0321,,rain,9,6.755797796784859,0.04
00e9be89-00001380.jpg,00e9be89-00001385.jpg,orb,2000,2000,74,35,0.473,0.037,39.1351,0.0638,0.0261,,rain,9,6.883931211201009,0.037
00e9be89-00001385.jpg,00e9be89-00001390.jpg,orb,2000,2000,18,5,0.2778,0.009,30.1111,0.0502,0.0281,,rain,9,6.404107855344622,0.009
00e9be89-00001390.jpg,00e9be89-00001395.jpg,orb,2000,2000,40,10,0.25,0.02,31.875,0.0562,0.0281,,rain,9,6.109177553215471,0.02
00e9be89-00001395.jpg,00e9be89-00001400.jpg,orb,2000,2000,55,12,0.2182,0.0275,31.7455,0.0643,0.0296,,rain,9,6.494303843049506,0.0275
00e9be89-00001400.jpg,00e9be89-00001405.jpg,orb,2000,2000,45,16,0.3556,0.0225,32.4,0.0618,0.0301,,rain,9,6.624610810070753,0.0225
00e9be89-00001405.jpg,00e9be89-00001410.jpg,orb,2000,2000,58,21,0.3621,0.029,32.6207,0.0599,0.0281,,rain,9,6.790858347705044,0.029
00e9be89-00001410.jpg,00e9be89-00001415.jpg,orb,2000,2000,104,24,0.2308,0.052,30.9423,0.0557,0.0281,,rain,9,6.770634579746106,0.052
00e9be89-00001415.jpg,00e9be89-00001420.jpg,orb,2000,2000,71,25,0.3521,0.0355,30.7606,0.0537,0.0281,,rain,9,6.257600696795631,0.0355
00e9be89-00001420.jpg,00e9be89-00001425.jpg,orb,2000,2000,34,10,0.2941,0.017,31.5294,0.0517,0.0281,,rain,9,5.868065988889442,0.017
00e9be89-00001425.jpg,00e9be89-00001430.jpg,orb,2000,2000,60,19,0.3167,0.03,36.75,0.0584,0.0336,,rain,9,5.746032666480417,0.03
00e9be89-00001430.jpg,00e9be89-00001440.jpg,orb,2000,2000,24,5,0.2083,0.012,40.5,0.0517,0.0281,,rain,9,6.170524190896533,0.012
00e9be89-00001440.jpg,00e9be89-00001445.jpg,orb,2000,2000,51,14,0.2745,0.0255,33.8824,0.0528,0.0305,,rain,9,5.746008900250394,0.0255
00e9be89-00001445.jpg,00e9be89-00001450.jpg,orb,2000,2000,24,17,0.7083,0.012,36.75,0.0524,0.0366,,rain,9,4.807756952340661,0.012
00e9be89-00001450.jpg,00e9be89-00001455.jpg,orb,2000,2000,43,21,0.4884,0.0215,33.6279,0.0569,0.0339,,rain,9,4.870379276754638,0.0215
00e9be89-00001455.jpg,00e9be89-00001460.jpg,orb,2000,2000,48,26,0.5417,0.024,39.6458,0.0499,0.0302,,rain,9,5.277388603217087,0.024
00e9be89-00001460.jpg,00e9be89-00001465.jpg,orb,2000,2000,105,82,0.781,0.0525,34.381,0.0735,0.0321,,rain,9,5.431620506909309,0.0525
00e9be89-00001465.jpg,00e9be89-00001470.jpg,orb,2000,2000,15,4,0.2667,0.0075,42.2667,0.0585,0.035,,rain,9,6.447863716573227,0.0075
00e9be89-00001470.jpg,00e9be89-00001475.jpg,orb,2000,2000,52,17,0.3269,0.026,34.5192,0.0542,0.0286,,rain,9,7.433331302547401,0.026
00e9be89-00001475.jpg,00e9be89-00001480.jpg,orb,2000,2000,29,9,0.3103,0.0145,39.9655,0.0554,0.035,,rain,9,6.984845791570139,0.0145
00e9be89-00001480.jpg,00e9be89-00001485.jpg,orb,2000,2000,22,6,0.2727,0.011,40.8636,0.057,0.0326,,rain,9,8.049719349877357,0.011
00e9be89-00001485.jpg,00e9be89-00001490.jpg,orb,2000,2000,22,8,0.3636,0.011,40.2273,0.0662,0.0329,,rain,9,9.710421139712148,0.011
00e9be89-00001490.jpg,00e9be89-00001495.jpg,orb,2000,2000,540,530,0.9815,0.27,20.0315,0.0542,0.0301,,rain,9,9.81532447382036,0.27
00e9be89-00001495.jpg,00e9be89-00001500.jpg,orb,2000,2000,759,751,0.9895,0.3795,15.8393,0.071,0.0382,,rain,9,9.822343897828096,0.3795
00e9be89-00001500.jpg,00e9be89-00001505.jpg,orb,2000,2000,212,180,0.8491,0.106,31.3019,0.0576,0.0402,,rain,9,9.900702756095182,0.106
00e9be89-00001505.jpg,00e9be89-00001510.jpg,orb,2000,2000,30,9,0.3,0.015,40.9667,0.0624,0.0325,,rain,9,9.78756334778612,0.015
00e9be89-00001510.jpg,00e9be89-00001515.jpg,orb,2000,2000,19,5,0.2632,0.0095,44.0,0.0602,0.0326,,rain,9,8.963767253973742,0.0095
00e9be89-00001515.jpg,00e9be89-00001520.jpg,orb,2000,2000,11,6,0.5455,0.0055,43.7273,0.0562,0.0308,,rain,9,7.510792483113926,0.0055
00e9be89-00001520.jpg,00e9be89-00001525.jpg,orb,2000,2000,52,25,0.4808,0.026,39.1731,0.0545,0.0301,,rain,9,7.240921740952037,0.026
00e9be89-00001525.jpg,00e9be89-00001535.jpg,orb,2000,2000,25,6,0.24,0.0125,42.56,0.0556,0.0301,,rain,9,7.38272566249923,0.0125
00e9be89-00001535.jpg,00e9be89-00001540.jpg,orb,2000,2000,9,5,0.5556,0.0045,43.7778,0.0562,0.0279,,rain,9,5.73620778800607,0.0045
00e9be89-00001540.jpg,00e9be89-00001545.jpg,orb,2000,2000,18,6,0.3333,0.009,44.7778,0.0583,0.0291,,rain,9,4.637694794143146,0.009
00e9be89-00001545.jpg,00e9be89-00001550.jpg,orb,2000,2000,86,47,0.5465,0.043,38.2791,0.0582,0.0316,,rain,9,4.877081455524608,0.043
00e9be89-00001550.jpg,00e9be89-00001555.jpg,orb,2000,2000,380,367,0.9658,0.19,20.9368,0.072,0.0341,,rain,9,4.881976613075025,0.19
00e9be89-00001555.jpg,00e9be89-00001560.jpg,orb,2000,2000,230,215,0.9348,0.115,26.6261,0.0582,0.0294,,rain,9,4.899933143434312,0.115
00e9be89-00001560.jpg,00e9be89-00001565.jpg,orb,2000,2000,399,383,0.9599,0.1995,20.9298,0.0675,0.0291,,rain,9,4.955156927058283,0.1995
00e9be89-00001565.jpg,00e9be89-00001570.jpg,orb,2000,2000,32,17,0.5312,0.016,37.75,0.0503,0.0261,,rain,9,5.389531646355158,0.016
00e9be89-00001570.jpg,00e9be89-00001575.jpg,orb,2000,2000,37,16,0.4324,0.0185,40.0541,0.0562,0.0281,,rain,9,5.739467075644726,0.0185
00e9be89-00001575.jpg,00e9be89-00001580.jpg,orb,2000,2000,92,63,0.6848,0.046,34.0543,0.066,0.0298,,rain,9,5.586741456602263,0.046
00e9be89-00001580.jpg,00e9be89-00001585.jpg,orb,2000,2000,51,14,0.2745,0.0255,38.9412,0.0683,0.0296,,rain,9,4.873302240773803,0.0255
00e9be89-00001585.jpg,00e9be89-00001590.jpg,orb,2000,2000,20,8,0.4,0.01,42.65,0.0582,0.0281,,rain,9,3.598679867412252,0.01
00e9be89-00001590.jpg,00e9be89-00001595.jpg,orb,2000,2000,6,4,0.6667,0.003,46.1667,0.0542,0.0281,,rain,9,2.654774758580017,0.003
00e9be89-00001595.jpg,00e9be89-00001600.jpg,orb,2000,2000,24,10,0.4167,0.012,41.5,0.0627,0.0272,,rain,9,3.281548332731754,0.012
00e9be89-00001600.jpg,00e9be89-00001605.jpg,orb,2000,2000,88,57,0.6477,0.044,39.875,0.0753,0.0312,,rain,9,3.988229616070516,0.044
00e9be89-00001605.jpg,00e9be89-00001610.jpg,orb,2000,2000,23,13,0.5652,0.0115,43.2174,0.0723,0.0362,,rain,9,4.563877837702767,0.0115
00e9be89-00001610.jpg,00e9be89-00001620.jpg,orb,2000,2000,11,5,0.4545,0.0055,42.9091,0.0664,0.0338,,rain,9,4.922196198587496,0.0055
00e9be89-00001620.jpg,00e9be89-00001625.jpg,orb,2000,2000,14,4,0.2857,0.007,39.5714,0.0528,0.0261,,rain,9,5.595267112546827,0.007
00e9be89-00001625.jpg,00e9be89-00001630.jpg,orb,2000,2000,65,11,0.1692,0.0325,33.7077,0.0466,0.0262,,rain,9,6.795435102084227,0.0325
00e9be89-00001630.jpg,00e9be89-00001635.jpg,orb,2000,2000,28,6,0.2143,0.014,41.3571,0.0537,0.0261,,rain,9,6.826724712223125,0.014
00e9be89-00001635.jpg,00e9be89-00001640.jpg,orb,2000,2000,11,6,0.5455,0.0055,45.4545,0.0602,0.0314,,rain,9,3.844010817209789,0.0055
00e9be89-00001640.jpg,00e9be89-00001645.jpg,orb,2000,2000,9,4,0.4444,0.0045,47.3333,0.0562,0.0325,,rain,9,-0.1016447190746011,0.0045
00e9be89-00001645.jpg,00e9be89-00001650.jpg,orb,2000,2000,12,5,0.4167,0.006,42.0,0.0665,0.0301,,rain,9,-0.1999557474889242,0.006
00e9be89-00001650.jpg,00e9be89-00001655.jpg,orb,2000,2000,8,4,0.5,0.004,45.5,0.0645,0.0321,,rain,9,0.922208829524454,0.004
00e9be89-00001655.jpg,00e9be89-00001665.jpg,orb,2000,2000,8,5,0.625,0.004,44.25,0.0673,0.0336,,rain,9,3.91076663950378,0.004
00e9be89-00001665.jpg,00e9be89-00001670.jpg,orb,2000,2000,12,6,0.5,0.006,43.0,0.0582,0.0301,,rain,9,6.833770392644854,0.006
00e9be89-00001670.jpg,00e9be89-00001675.jpg,orb,2000,2000,15,5,0.3333,0.0075,43.6,0.0557,0.0301,,rain,9,6.098400092801424,0.0075
00e9be89-00001675.jpg,00e9be89-00001680.jpg,orb,2000,2000,20,9,0.45,0.01,38.65,0.0582,0.0281,,rain,9,5.46509046860429,0.01
00e9be89-00001680.jpg,00e9be89-00001685.jpg,orb,2000,2000,23,4,0.1739,0.0115,38.8696,0.0625,0.0281,,rain,9,5.797409647514079,0.0115
00e9be89-00001685.jpg,00e9be89-00001690.jpg,orb,2000,2000,13,5,0.3846,0.0065,42.3077,0.0678,0.0261,,rain,9,7.673325222680559,0.0065
00e9be89-00001690.jpg,00e9be89-00001695.jpg,orb,2000,2000,20,5,0.25,0.01,40.95,0.0579,0.0301,,rain,9,10.011038615403836,0.01
00e9be89-00001695.jpg,00e9be89-00001705.jpg,orb,2000,2000,23,9,0.3913,0.0115,39.3913,0.0577,0.0281,,rain,9,9.003836766432276,0.0115
00e9be89-00001705.jpg,00e9be89-00001710.jpg,orb,2000,2000,58,45,0.7759,0.029,37.8966,0.0517,0.0301,,rain,9,7.312762569985236,0.029
00e9be89-00001710.jpg,00e9be89-00001715.jpg,orb,2000,2000,37,16,0.4324,0.0185,41.2703,0.0582,0.0348,,rain,9,7.132139301291101,0.0185
00e9be89-00001715.jpg,00e9be89-00001720.jpg,orb,2000,1990,28,18,0.6429,0.0141,37.0714,0.0623,0.0318,,rain,9,7.289396401466167,0.014028056112224449
00e9be89-00001720.jpg,00e9be89-00001725.jpg,orb,1990,2000,63,45,0.7143,0.0317,31.5079,0.0522,0.0321,,rain,9,7.358018125525853,0.03156312625250501
00e9be89-00001725.jpg,00e9be89-00001730.jpg,orb,2000,2000,56,38,0.6786,0.028,29.8214,0.0522,0.0304,,rain,9,7.3211228656520895,0.028
00e9be89-00001730.jpg,00e9be89-00001740.jpg,orb,2000,2000,30,18,0.6,0.015,36.4333,0.0631,0.0281,,rain,9,7.414258529858841,0.015
00e9be89-00001740.jpg,00e9be89-00001745.jpg,orb,2000,2000,5,4,0.8,0.0025,45.8,0.0597,0.0281,,rain,9,5.394507739441535,0.0025
00e9be89-00001745.jpg,00e9be89-00001750.jpg,orb,2000,2000,12,4,0.3333,0.006,44.0833,0.0699,0.0301,,rain,9,4.902704200791817,0.006
00e9be89-00001750.jpg,00e9be89-00001755.jpg,orb,2000,2000,13,6,0.4615,0.0065,38.3846,0.0537,0.0281,,rain,9,7.3145459164882976,0.0065
00e9be89-00001755.jpg,00e9be89-00001760.jpg,orb,2000,2000,15,5,0.3333,0.0075,43.3333,0.0587,0.0278,,rain,9,8.16359019448588,0.0075
00e9be89-00001760.jpg,00e9be89-00001765.jpg,orb,2000,2000,12,5,0.4167,0.006,39.9167,0.0603,0.0316,,rain,9,7.136622515731263,0.006
00e9be89-00001765.jpg,00e9be89-00001770.jpg,orb,2000,2000,27,11,0.4074,0.0135,32.5556,0.0643,0.03,,rain,9,6.107698864551587,0.0135
00e9be89-00001770.jpg,00e9be89-00001775.jpg,orb,2000,2000,19,11,0.5789,0.0095,33.1579,0.0664,0.0321,,rain,9,6.311996867040531,0.0095
00e9be89-00001775.jpg,00e9be89-00001780.jpg,orb,2000,2000,19,5,0.2632,0.0095,42.7368,0.0639,0.0301,,rain,9,7.147713675057485,0.0095
00e9be89-00001780.jpg,00e9be89-00001785.jpg,orb,2000,2000,16,8,0.5,0.008,43.9375,0.0565,0.0301,,rain,9,7.580413579405201,0.008
00e9be89-00001785.jpg,00e9be89-00001795.jpg,orb,2000,2000,9,4,0.4444,0.0045,44.3333,0.055,0.0261,,rain,9,6.946788120119072,0.0045
00e9be89-00001795.jpg,00e9be89-00001800.jpg,orb,2000,2000,834,829,0.994,0.417,24.7026,0.0585,0.0301,,rain,9,7.123509865921205,0.417
00e9be89-00001800.jpg,00e9be89-00001810.jpg,orb,2000,2000,66,26,0.3939,0.033,36.4545,0.0524,0.0296,,rain,9,7.632504085794492,0.033
00e9be89-00001810.jpg,00e9be89-00001815.jpg,orb,2000,2000,55,20,0.3636,0.0275,37.4727,0.0499,0.0301,,rain,9,7.554866143158936,0.0275
00e9be89-00001815.jpg,00e9be89-00001820.jpg,orb,2000,2000,19,6,0.3158,0.0095,41.9474,0.0497,0.0341,,rain,9,7.708109386369793,0.0095
00e9be89-00001820.jpg,00e9be89-00001825.jpg,orb,2000,2000,25,13,0.52,0.0125,40.04,0.0524,0.0296,,rain,9,7.628798198150193,0.0125
00e9be89-00001825.jpg,00e9be89-00001830.jpg,orb,2000,2000,39,14,0.359,0.0195,39.0513,0.0537,0.0304,,rain,9,7.176195457700841,0.0195
00e9be89-00001830.jpg,00e9be89-00001840.jpg,orb,2000,2000,16,5,0.3125,0.008,44.375,0.0749,0.0322,,rain,9,6.402231920773968,0.008
00e9be89-00001840.jpg,00e9be89-00001845.jpg,orb,2000,2000,1216,1208,0.9934,0.608,17.051,0.0764,0.0281,,rain,9,5.943217108455455,0.608
00e9be89-00001845.jpg,00e9be89-00001865.jpg,orb,2000,2000,1010,1000,0.9901,0.505,19.705,0.0585,0.0291,,rain,9,5.864195621224948,0.505
00e9be89-00001865.jpg,00e9be89-00001870.jpg,orb,2000,2000,1077,1069,0.9926,0.5385,20.2145,0.0577,0.0301,,rain,9,5.944488148025466,0.5385
00e9be89-00001870.jpg,00e9be89-00001875.jpg,orb,2000,2000,1161,1151,0.9914,0.5805,16.7433,0.0643,0.0296,,rain,9,6.000679495502167,0.5805
00e9be89-00001875.jpg,00e9be89-00001885.jpg,orb,2000,2000,1193,1185,0.9933,0.5965,18.948,0.0459,0.0281,,rain,9,5.870542360710027,0.5965
00e9be89-00001885.jpg,00e9be89-00001890.jpg,orb,2000,2000,1237,1230,0.9943,0.6185,18.3929,0.0577,0.0281,,rain,9,5.815220123255175,0.6185
00e9be89-00001890.jpg,00e9be89-00001895.jpg,orb,2000,2000,1229,1224,0.9959,0.6145,17.2408,0.0597,0.0281,,rain,9,5.884511424904639,0.6145
00e9be89-00001895.jpg,00e9be89-00001900.jpg,orb,2000,2000,1214,1205,0.9926,0.607,18.701,0.0657,0.0357,,rain,9,5.970377111064236,0.607
00e9be89-00001900.jpg,00e9be89-00001905.jpg,orb,2000,2000,233,158,0.6781,0.1165,31.8155,0.0678,0.0281,,rain,9,6.101342094852569,0.1165
00e9be89-00001905.jpg,00e9be89-00001915.jpg,orb,2000,2000,23,7,0.3043,0.0115,41.3913,0.0779,0.0411,,rain,9,6.5307706204057965,0.0115
